0 0 0.078467
0 1 0.078467
0 2 0.078471
0 3 0.078470
0 4 0.078470
0 5 0.078470
0 6 0.078469
0 7 0.078469
0 8 0.078469
0 9 0.078470
0 10 0.078470
0 11 0.078471
0 12 0.078470
0 13 0.078470
0 14 0.078469
0 15 0.078468
0 16 0.078467
0 17 0.078466
0 18 0.078466
0 19 0.078467
0 20 0.078468
0 21 0.078469
0 22 0.078470
0 23 0.078471
0 24 0.078470
0 25 0.078469
0 26 0.078467
0 27 0.078466
0 28 0.078466
0 29 0.078466
0 30 0.078467
0 31 0.078468
0 32 0.078470
0 33 0.078471
0 34 0.078471
0 35 0.078471
0 36 0.078470
0 37 0.078468
0 38 0.078467
0 39 0.078466
0 40 0.078466
0 41 0.078467
0 42 0.078468
0 43 0.078470
0 44 0.078470
0 45 0.078471
0 46 0.078470
0 47 0.078469
0 48 0.078468
0 49 0.078467
0 50 0.078467
0 51 0.078467
0 52 0.078468
0 53 0.078469
0 54 0.078470
0 55 0.078471
0 56 0.078471
0 57 0.078471
0 58 0.078470
0 59 0.078469
0 60 0.078468
0 61 0.078468
0 62 0.078468
0 63 0.078468
0 64 0.078469
0 65 0.078470
0 66 0.078470
0 67 0.078470
0 68 0.078470
0 69 0.078469
0 70 0.078469
0 71 0.078468
0 72 0.078468
0 73 0.078468
0 74 0.078468
0 75 0.078468
0 76 0.078469
0 77 0.078469
0 78 0.078469
0 79 0.078468
0 80 0.078468
0 81 0.078468
0 82 0.078467
0 83 0.078467
0 84 0.078468
0 85 0.078468
0 86 0.078469
0 87 0.078469
0 88 0.078470
0 89 0.078471
0 90 0.078471
0 91 0.078471
0 92 0.078471
0 93 0.078471
0 94 0.078470
0 95 0.078470
0 96 0.078469
0 97 0.078469
0 98 0.078464
0 99 0.078464

1 0 0.078467
1 1 0.078466
1 2 0.078471
1 3 0.078469
1 4 0.078470
1 5 0.078469
1 6 0.078468
1 7 0.078469
1 8 0.078469
1 9 0.078470
1 10 0.078470
1 11 0.078470
1 12 0.078470
1 13 0.078469
1 14 0.078468
1 15 0.078467
1 16 0.078467
1 17 0.078466
1 18 0.078466
1 19 0.078467
1 20 0.078468
1 21 0.078469
1 22 0.078470
1 23 0.078471
1 24 0.078470
1 25 0.078469
1 26 0.078467
1 27 0.078466
1 28 0.078466
1 29 0.078466
1 30 0.078467
1 31 0.078468
1 32 0.078470
1 33 0.078471
1 34 0.078471
1 35 0.078471
1 36 0.078470
1 37 0.078468
1 38 0.078467
1 39 0.078466
1 40 0.078466
1 41 0.078467
1 42 0.078468
1 43 0.078470
1 44 0.078470
1 45 0.078471
1 46 0.078470
1 47 0.078469
1 48 0.078468
1 49 0.078467
1 50 0.078467
1 51 0.078467
1 52 0.078468
1 53 0.078469
1 54 0.078470
1 55 0.078471
1 56 0.078471
1 57 0.078471
1 58 0.078470
1 59 0.078469
1 60 0.078468
1 61 0.078468
1 62 0.078468
1 63 0.078468
1 64 0.078469
1 65 0.078470
1 66 0.078470
1 67 0.078470
1 68 0.078470
1 69 0.078469
1 70 0.078469
1 71 0.078468
1 72 0.078468
1 73 0.078468
1 74 0.078468
1 75 0.078468
1 76 0.078469
1 77 0.078469
1 78 0.078469
1 79 0.078468
1 80 0.078468
1 81 0.078468
1 82 0.078467
1 83 0.078467
1 84 0.078468
1 85 0.078468
1 86 0.078469
1 87 0.078469
1 88 0.078470
1 89 0.078471
1 90 0.078471
1 91 0.078471
1 92 0.078471
1 93 0.078471
1 94 0.078470
1 95 0.078470
1 96 0.078469
1 97 0.078469
1 98 0.078464
1 99 0.078464

2 0 0.078471
2 1 0.078471
2 2 0.078473
2 3 0.078473
2 4 0.078472
2 5 0.078471
2 6 0.078470
2 7 0.078471
2 8 0.078471
2 9 0.078472
2 10 0.078473
2 11 0.078474
2 12 0.078473
2 13 0.078473
2 14 0.078471
2 15 0.078470
2 16 0.078469
2 17 0.078469
2 18 0.078469
2 19 0.078470
2 20 0.078471
2 21 0.078473
2 22 0.078473
2 23 0.078473
2 24 0.078471
2 25 0.078469
2 26 0.078468
2 27 0.078467
2 28 0.078467
2 29 0.078468
2 30 0.078470
2 31 0.078471
2 32 0.078473
2 33 0.078473
2 34 0.078473
2 35 0.078471
2 36 0.078469
2 37 0.078467
2 38 0.078466
2 39 0.078466
2 40 0.078467
2 41 0.078468
2 42 0.078470
2 43 0.078472
2 44 0.078472
2 45 0.078472
2 46 0.078471
2 47 0.078469
2 48 0.078467
2 49 0.078466
2 50 0.078466
2 51 0.078467
2 52 0.078468
2 53 0.078470
2 54 0.078471
2 55 0.078471
2 56 0.078471
2 57 0.078470
2 58 0.078469
2 59 0.078468
2 60 0.078468
2 61 0.078468
2 62 0.078468
2 63 0.078469
2 64 0.078470
2 65 0.078471
2 66 0.078471
2 67 0.078471
2 68 0.078471
2 69 0.078470
2 70 0.078470
2 71 0.078470
2 72 0.078470
2 73 0.078470
2 74 0.078471
2 75 0.078471
2 76 0.078471
2 77 0.078471
2 78 0.078471
2 79 0.078471
2 80 0.078470
2 81 0.078470
2 82 0.078470
2 83 0.078470
2 84 0.078470
2 85 0.078470
2 86 0.078471
2 87 0.078472
2 88 0.078472
2 89 0.078472
2 90 0.078473
2 91 0.078472
2 92 0.078472
2 93 0.078472
2 94 0.078472
2 95 0.078471
2 96 0.078471
2 97 0.078471
2 98 0.078469
2 99 0.078469

3 0 0.078470
3 1 0.078470
3 2 0.078472
3 3 0.078471
3 4 0.078471
3 5 0.078471
3 6 0.078471
3 7 0.078472
3 8 0.078473
3 9 0.078474
3 10 0.078474
3 11 0.078474
3 12 0.078473
3 13 0.078472
3 14 0.078470
3 15 0.078469
3 16 0.078468
3 17 0.078469
3 18 0.078470
3 19 0.078471
3 20 0.078472
3 21 0.078473
3 22 0.078473
3 23 0.078471
3 24 0.078470
3 25 0.078468
3 26 0.078467
3 27 0.078467
3 28 0.078468
3 29 0.078469
3 30 0.078471
3 31 0.078473
3 32 0.078473
3 33 0.078473
3 34 0.078471
3 35 0.078469
3 36 0.078467
3 37 0.078466
3 38 0.078466
3 39 0.078466
3 40 0.078468
3 41 0.078470
3 42 0.078472
3 43 0.078472
3 44 0.078472
3 45 0.078471
3 46 0.078469
3 47 0.078467
3 48 0.078466
3 49 0.078466
3 50 0.078467
3 51 0.078468
3 52 0.078470
3 53 0.078471
3 54 0.078472
3 55 0.078471
3 56 0.078470
3 57 0.078469
3 58 0.078468
3 59 0.078467
3 60 0.078467
3 61 0.078468
3 62 0.078469
3 63 0.078470
3 64 0.078471
3 65 0.078471
3 66 0.078471
3 67 0.078470
3 68 0.078470
3 69 0.078469
3 70 0.078469
3 71 0.078469
3 72 0.078470
3 73 0.078470
3 74 0.078471
3 75 0.078471
3 76 0.078471
3 77 0.078471
3 78 0.078470
3 79 0.078470
3 80 0.078469
3 81 0.078469
3 82 0.078469
3 83 0.078470
3 84 0.078470
3 85 0.078471
3 86 0.078472
3 87 0.078472
3 88 0.078473
3 89 0.078473
3 90 0.078473
3 91 0.078472
3 92 0.078471
3 93 0.078470
3 94 0.078470
3 95 0.078469
3 96 0.078468
3 97 0.078469
3 98 0.078466
3 99 0.078466

4 0 0.078467
4 1 0.078467
4 2 0.078468
4 3 0.078468
4 4 0.078469
4 5 0.078470
4 6 0.078471
4 7 0.078472
4 8 0.078472
4 9 0.078472
4 10 0.078472
4 11 0.078471
4 12 0.078470
4 13 0.078469
4 14 0.078469
4 15 0.078469
4 16 0.078470
4 17 0.078470
4 18 0.078471
4 19 0.078471
4 20 0.078470
4 21 0.078470
4 22 0.078469
4 23 0.078468
4 24 0.078467
4 25 0.078467
4 26 0.078468
4 27 0.078469
4 28 0.078470
4 29 0.078471
4 30 0.078472
4 31 0.078471
4 32 0.078470
4 33 0.078469
4 34 0.078468
4 35 0.078468
4 36 0.078467
4 37 0.078468
4 38 0.078469
4 39 0.078470
4 40 0.078470
4 41 0.078470
4 42 0.078470
4 43 0.078470
4 44 0.078469
4 45 0.078468
4 46 0.078467
4 47 0.078467
4 48 0.078468
4 49 0.078469
4 50 0.078469
4 51 0.078470
4 52 0.078470
4 53 0.078470
4 54 0.078470
4 55 0.078469
4 56 0.078468
4 57 0.078468
4 58 0.078468
4 59 0.078468
4 60 0.078469
4 61 0.078469
4 62 0.078470
4 63 0.078470
4 64 0.078470
4 65 0.078470
4 66 0.078470
4 67 0.078470
4 68 0.078470
4 69 0.078470
4 70 0.078470
4 71 0.078470
4 72 0.078470
4 73 0.078470
4 74 0.078470
4 75 0.078469
4 76 0.078469
4 77 0.078468
4 78 0.078468
4 79 0.078468
4 80 0.078468
4 81 0.078468
4 82 0.078468
4 83 0.078469
4 84 0.078469
4 85 0.078470
4 86 0.078470
4 87 0.078470
4 88 0.078471
4 89 0.078471
4 90 0.078471
4 91 0.078471
4 92 0.078471
4 93 0.078471
4 94 0.078471
4 95 0.078470
4 96 0.078469
4 97 0.078469
4 98 0.078467
4 99 0.078468

5 0 0.078467
5 1 0.078467
5 2 0.078468
5 3 0.078469
5 4 0.078471
5 5 0.078472
5 6 0.078473
5 7 0.078473
5 8 0.078473
5 9 0.078472
5 10 0.078471
5 11 0.078470
5 12 0.078470
5 13 0.078469
5 14 0.078470
5 15 0.078470
5 16 0.078471
5 17 0.078471
5 18 0.078471
5 19 0.078471
5 20 0.078470
5 21 0.078469
5 22 0.078468
5 23 0.078467
5 24 0.078467
5 25 0.078468
5 26 0.078469
5 27 0.078470
5 28 0.078471
5 29 0.078471
5 30 0.078471
5 31 0.078470
5 32 0.078469
5 33 0.078468
5 34 0.078468
5 35 0.078468
5 36 0.078468
5 37 0.078469
5 38 0.078470
5 39 0.078470
5 40 0.078470
5 41 0.078470
5 42 0.078469
5 43 0.078468
5 44 0.078468
5 45 0.078467
5 46 0.078467
5 47 0.078468
5 48 0.078469
5 49 0.078469
5 50 0.078470
5 51 0.078470
5 52 0.078470
5 53 0.078469
5 54 0.078469
5 55 0.078468
5 56 0.078468
5 57 0.078468
5 58 0.078468
5 59 0.078468
5 60 0.078469
5 61 0.078469
5 62 0.078469
5 63 0.078470
5 64 0.078469
5 65 0.078469
5 66 0.078469
5 67 0.078469
5 68 0.078470
5 69 0.078470
5 70 0.078470
5 71 0.078471
5 72 0.078470
5 73 0.078470
5 74 0.078470
5 75 0.078469
5 76 0.078468
5 77 0.078468
5 78 0.078468
5 79 0.078468
5 80 0.078468
5 81 0.078468
5 82 0.078469
5 83 0.078469
5 84 0.078470
5 85 0.078470
5 86 0.078470
5 87 0.078471
5 88 0.078471
5 89 0.078471
5 90 0.078471
5 91 0.078471
5 92 0.078472
5 93 0.078471
5 94 0.078471
5 95 0.078471
5 96 0.078470
5 97 0.078470
5 98 0.078468
5 99 0.078468

6 0 0.078468
6 1 0.078468
6 2 0.078469
6 3 0.078470
6 4 0.078472
6 5 0.078473
6 6 0.078473
6 7 0.078473
6 8 0.078472
6 9 0.078471
6 10 0.078470
6 11 0.078470
6 12 0.078470
6 13 0.078470
6 14 0.078470
6 15 0.078471
6 16 0.078472
6 17 0.078472
6 18 0.078471
6 19 0.078470
6 20 0.078469
6 21 0.078468
6 22 0.078467
6 23 0.078468
6 24 0.078468
6 25 0.078469
6 26 0.078470
6 27 0.078471
6 28 0.078471
6 29 0.078471
6 30 0.078470
6 31 0.078469
6 32 0.078468
6 33 0.078468
6 34 0.078468
6 35 0.078469
6 36 0.078469
6 37 0.078470
6 38 0.078470
6 39 0.078470
6 40 0.078470
6 41 0.078469
6 42 0.078468
6 43 0.078468
6 44 0.078467
6 45 0.078468
6 46 0.078468
6 47 0.078469
6 48 0.078470
6 49 0.078470
6 50 0.078470
6 51 0.078470
6 52 0.078469
6 53 0.078469
6 54 0.078468
6 55 0.078468
6 56 0.078468
6 57 0.078468
6 58 0.078468
6 59 0.078469
6 60 0.078469
6 61 0.078469
6 62 0.078469
6 63 0.078469
6 64 0.078469
6 65 0.078469
6 66 0.078469
6 67 0.078470
6 68 0.078470
6 69 0.078471
6 70 0.078471
6 71 0.078471
6 72 0.078470
6 73 0.078470
6 74 0.078469
6 75 0.078469
6 76 0.078468
6 77 0.078468
6 78 0.078468
6 79 0.078468
6 80 0.078469
6 81 0.078469
6 82 0.078469
6 83 0.078470
6 84 0.078470
6 85 0.078470
6 86 0.078470
6 87 0.078470
6 88 0.078471
6 89 0.078471
6 90 0.078471
6 91 0.078471
6 92 0.078471
6 93 0.078471
6 94 0.078471
6 95 0.078470
6 96 0.078470
6 97 0.078469
6 98 0.078468
6 99 0.078469

7 0 0.078470
7 1 0.078470
7 2 0.078471
7 3 0.078472
7 4 0.078473
7 5 0.078474
7 6 0.078473
7 7 0.078473
7 8 0.078471
7 9 0.078471
7 10 0.078470
7 11 0.078470
7 12 0.078470
7 13 0.078471
7 14 0.078472
7 15 0.078472
7 16 0.078472
7 17 0.078471
7 18 0.078470
7 19 0.078469
7 20 0.078468
7 21 0.078467
7 22 0.078467
7 23 0.078468
7 24 0.078469
7 25 0.078470
7 26 0.078471
7 27 0.078471
7 28 0.078471
7 29 0.078470
7 30 0.078469
7 31 0.078468
7 32 0.078468
7 33 0.078468
7 34 0.078469
7 35 0.078469
7 36 0.078470
7 37 0.078471
7 38 0.078470
7 39 0.078470
7 40 0.078469
7 41 0.078468
7 42 0.078467
7 43 0.078467
7 44 0.078467
7 45 0.078468
7 46 0.078469
7 47 0.078470
7 48 0.078470
7 49 0.078470
7 50 0.078470
7 51 0.078469
7 52 0.078468
7 53 0.078468
7 54 0.078467
7 55 0.078467
7 56 0.078468
7 57 0.078468
7 58 0.078468
7 59 0.078469
7 60 0.078469
7 61 0.078469
7 62 0.078469
7 63 0.078468
7 64 0.078469
7 65 0.078469
7 66 0.078469
7 67 0.078470
7 68 0.078471
7 69 0.078471
7 70 0.078471
7 71 0.078471
7 72 0.078470
7 73 0.078469
7 74 0.078469
7 75 0.078468
7 76 0.078468
7 77 0.078468
7 78 0.078468
7 79 0.078469
7 80 0.078469
7 81 0.078469
7 82 0.078470
7 83 0.078470
7 84 0.078470
7 85 0.078470
7 86 0.078470
7 87 0.078470
7 88 0.078471
7 89 0.078471
7 90 0.078471
7 91 0.078472
7 92 0.078472
7 93 0.078471
7 94 0.078471
7 95 0.078471
7 96 0.078470
7 97 0.078469
7 98 0.078468
7 99 0.078469

8 0 0.078471
8 1 0.078471
8 2 0.078472
8 3 0.078473
8 4 0.078473
8 5 0.078474
8 6 0.078472
8 7 0.078472
8 8 0.078470
8 9 0.078470
8 10 0.078469
8 11 0.078470
8 12 0.078471
8 13 0.078472
8 14 0.078472
8 15 0.078472
8 16 0.078472
8 17 0.078471
8 18 0.078469
8 19 0.078468
8 20 0.078467
8 21 0.078467
8 22 0.078468
8 23 0.078469
8 24 0.078470
8 25 0.078471
8 26 0.078471
8 27 0.078471
8 28 0.078470
8 29 0.078469
8 30 0.078468
8 31 0.078468
8 32 0.078468
8 33 0.078468
8 34 0.078469
8 35 0.078470
8 36 0.078471
8 37 0.078471
8 38 0.078470
8 39 0.078469
8 40 0.078468
8 41 0.078467
8 42 0.078467
8 43 0.078467
8 44 0.078468
8 45 0.078469
8 46 0.078470
8 47 0.078470
8 48 0.078470
8 49 0.078470
8 50 0.078469
8 51 0.078468
8 52 0.078468
8 53 0.078467
8 54 0.078467
8 55 0.078468
8 56 0.078468
8 57 0.078468
8 58 0.078468
8 59 0.078468
8 60 0.078468
8 61 0.078468
8 62 0.078468
8 63 0.078468
8 64 0.078468
8 65 0.078469
8 66 0.078469
8 67 0.078470
8 68 0.078471
8 69 0.078471
8 70 0.078471
8 71 0.078470
8 72 0.078470
8 73 0.078469
8 74 0.078468
8 75 0.078468
8 76 0.078468
8 77 0.078468
8 78 0.078468
8 79 0.078469
8 80 0.078469
8 81 0.078469
8 82 0.078470
8 83 0.078470
8 84 0.078470
8 85 0.078470
8 86 0.078470
8 87 0.078470
8 88 0.078471
8 89 0.078471
8 90 0.078471
8 91 0.078471
8 92 0.078472
8 93 0.078471
8 94 0.078471
8 95 0.078470
8 96 0.078470
8 97 0.078469
8 98 0.078468
8 99 0.078468

9 0 0.078473
9 1 0.078473
9 2 0.078473
9 3 0.078474
9 4 0.078473
9 5 0.078473
9 6 0.078472
9 7 0.078471
9 8 0.078470
9 9 0.078470
9 10 0.078470
9 11 0.078471
9 12 0.078472
9 13 0.078472
9 14 0.078472
9 15 0.078472
9 16 0.078471
9 17 0.078470
9 18 0.078468
9 19 0.078467
9 20 0.078467
9 21 0.078468
9 22 0.078468
9 23 0.078470
9 24 0.078470
9 25 0.078471
9 26 0.078471
9 27 0.078470
9 28 0.078469
9 29 0.078468
9 30 0.078467
9 31 0.078467
9 32 0.078468
9 33 0.078469
9 34 0.078470
9 35 0.078471
9 36 0.078471
9 37 0.078470
9 38 0.078469
9 39 0.078468
9 40 0.078467
9 41 0.078467
9 42 0.078467
9 43 0.078467
9 44 0.078468
9 45 0.078469
9 46 0.078470
9 47 0.078470
9 48 0.078470
9 49 0.078469
9 50 0.078468
9 51 0.078468
9 52 0.078467
9 53 0.078467
9 54 0.078468
9 55 0.078468
9 56 0.078468
9 57 0.078468
9 58 0.078468
9 59 0.078468
9 60 0.078467
9 61 0.078467
9 62 0.078467
9 63 0.078467
9 64 0.078468
9 65 0.078469
9 66 0.078470
9 67 0.078470
9 68 0.078471
9 69 0.078471
9 70 0.078471
9 71 0.078470
9 72 0.078469
9 73 0.078468
9 74 0.078468
9 75 0.078468
9 76 0.078468
9 77 0.078468
9 78 0.078468
9 79 0.078469
9 80 0.078469
9 81 0.078469
9 82 0.078470
9 83 0.078470
9 84 0.078470
9 85 0.078470
9 86 0.078470
9 87 0.078470
9 88 0.078471
9 89 0.078471
9 90 0.078471
9 91 0.078471
9 92 0.078472
9 93 0.078471
9 94 0.078471
9 95 0.078470
9 96 0.078469
9 97 0.078469
9 98 0.078468
9 99 0.078468

10 0 0.078473
10 1 0.078473
10 2 0.078473
10 3 0.078474
10 4 0.078473
10 5 0.078472
10 6 0.078471
10 7 0.078470
10 8 0.078469
10 9 0.078470
10 10 0.078470
10 11 0.078471
10 12 0.078472
10 13 0.078472
10 14 0.078472
10 15 0.078471
10 16 0.078470
10 17 0.078468
10 18 0.078467
10 19 0.078467
10 20 0.078467
10 21 0.078468
10 22 0.078469
10 23 0.078470
10 24 0.078470
10 25 0.078470
10 26 0.078469
10 27 0.078468
10 28 0.078468
10 29 0.078467
10 30 0.078467
10 31 0.078468
10 32 0.078469
10 33 0.078470
10 34 0.078470
10 35 0.078470
10 36 0.078470
10 37 0.078469
10 38 0.078468
10 39 0.078467
10 40 0.078467
10 41 0.078467
10 42 0.078467
10 43 0.078468
10 44 0.078469
10 45 0.078470
10 46 0.078470
10 47 0.078470
10 48 0.078469
10 49 0.078468
10 50 0.078468
10 51 0.078467
10 52 0.078467
10 53 0.078468
10 54 0.078468
10 55 0.078468
10 56 0.078468
10 57 0.078468
10 58 0.078467
10 59 0.078467
10 60 0.078467
10 61 0.078466
10 62 0.078467
10 63 0.078467
10 64 0.078468
10 65 0.078469
10 66 0.078470
10 67 0.078470
10 68 0.078470
10 69 0.078470
10 70 0.078470
10 71 0.078469
10 72 0.078469
10 73 0.078468
10 74 0.078468
10 75 0.078468
10 76 0.078468
10 77 0.078468
10 78 0.078468
10 79 0.078469
10 80 0.078469
10 81 0.078469
10 82 0.078469
10 83 0.078469
10 84 0.078469
10 85 0.078469
10 86 0.078470
10 87 0.078470
10 88 0.078471
10 89 0.078471
10 90 0.078471
10 91 0.078471
10 92 0.078471
10 93 0.078470
10 94 0.078470
10 95 0.078469
10 96 0.078469
10 97 0.078468
10 98 0.078468
10 99 0.078468

11 0 0.078473
11 1 0.078472
11 2 0.078473
11 3 0.078473
11 4 0.078471
11 5 0.078471
11 6 0.078470
11 7 0.078470
11 8 0.078470
11 9 0.078470
11 10 0.078471
11 11 0.078472
11 12 0.078472
11 13 0.078472
11 14 0.078471
11 15 0.078470
11 16 0.078468
11 17 0.078467
11 18 0.078467
11 19 0.078467
11 20 0.078468
11 21 0.078468
11 22 0.078469
11 23 0.078470
11 24 0.078469
11 25 0.078469
11 26 0.078468
11 27 0.078467
11 28 0.078467
11 29 0.078467
11 30 0.078468
11 31 0.078468
11 32 0.078469
11 33 0.078470
11 34 0.078470
11 35 0.078470
11 36 0.078469
11 37 0.078468
11 38 0.078467
11 39 0.078467
11 40 0.078467
11 41 0.078467
11 42 0.078468
11 43 0.078469
11 44 0.078469
11 45 0.078470
11 46 0.078469
11 47 0.078469
11 48 0.078468
11 49 0.078467
11 50 0.078467
11 51 0.078467
11 52 0.078468
11 53 0.078468
11 54 0.078468
11 55 0.078468
11 56 0.078468
11 57 0.078467
11 58 0.078467
11 59 0.078466
11 60 0.078466
11 61 0.078466
11 62 0.078467
11 63 0.078468
11 64 0.078468
11 65 0.078469
11 66 0.078470
11 67 0.078470
11 68 0.078470
11 69 0.078470
11 70 0.078470
11 71 0.078469
11 72 0.078469
11 73 0.078468
11 74 0.078468
11 75 0.078468
11 76 0.078468
11 77 0.078468
11 78 0.078468
11 79 0.078468
11 80 0.078469
11 81 0.078469
11 82 0.078469
11 83 0.078469
11 84 0.078469
11 85 0.078469
11 86 0.078470
11 87 0.078470
11 88 0.078471
11 89 0.078471
11 90 0.078471
11 91 0.078471
11 92 0.078471
11 93 0.078470
11 94 0.078470
11 95 0.078469
11 96 0.078469
11 97 0.078468
11 98 0.078468
11 99 0.078468

12 0 0.078471
12 1 0.078471
12 2 0.078472
12 3 0.078471
12 4 0.078470
12 5 0.078470
12 6 0.078469
12 7 0.078470
12 8 0.078470
12 9 0.078471
12 10 0.078471
12 11 0.078472
12 12 0.078472
12 13 0.078471
12 14 0.078470
12 15 0.078469
12 16 0.078467
12 17 0.078467
12 18 0.078467
12 19 0.078467
12 20 0.078468
12 21 0.078468
12 22 0.078469
12 23 0.078469
12 24 0.078466
12 25 0.078467
12 26 0.078468
12 27 0.078469
12 28 0.078469
12 29 0.078469
12 30 0.078469
12 31 0.078468
12 32 0.078468
12 33 0.078467
12 34 0.078467
12 35 0.078468
12 36 0.078468
12 37 0.078469
12 38 0.078469
12 39 0.078470
12 40 0.078469
12 41 0.078468
12 42 0.078468
12 43 0.078467
12 44 0.078467
12 45 0.078467
12 46 0.078468
12 47 0.078468
12 48 0.078469
12 49 0.078469
12 50 0.078469
12 51 0.078468
12 52 0.078467
12 53 0.078467
12 54 0.078466
12 55 0.078466
12 56 0.078466
12 57 0.078466
12 58 0.078467
12 59 0.078468
12 60 0.078468
12 61 0.078468
12 62 0.078468
12 63 0.078468
12 64 0.078469
12 65 0.078469
12 66 0.078469
12 67 0.078469
12 68 0.078469
12 69 0.078469
12 70 0.078469
12 71 0.078468
12 72 0.078468
12 73 0.078468
12 74 0.078467
12 75 0.078467
12 76 0.078467
12 77 0.078467
12 78 0.078467
12 79 0.078467
12 80 0.078467
12 81 0.078467
12 82 0.078467
12 83 0.078468
12 84 0.078468
12 85 0.078468
12 86 0.078469
12 87 0.078469
12 88 0.078469
12 89 0.078469
12 90 0.078469
12 91 0.078469
12 92 0.078469
12 93 0.078468
12 94 0.078468
12 95 0.078468
12 96 0.078467
12 97 0.078468
12 98 0.078467
12 99 0.078467

13 0 0.078468
13 1 0.078468
13 2 0.078468
13 3 0.078468
13 4 0.078469
13 5 0.078470
13 6 0.078470
13 7 0.078470
13 8 0.078470
13 9 0.078469
13 10 0.078468
13 11 0.078468
13 12 0.078467
13 13 0.078467
13 14 0.078467
13 15 0.078468
13 16 0.078468
13 17 0.078468
13 18 0.078467
13 19 0.078467
13 20 0.078466
13 21 0.078466
13 22 0.078466
13 23 0.078466
13 24 0.078467
13 25 0.078467
13 26 0.078468
13 27 0.078469
13 28 0.078469
13 29 0.078469
13 30 0.078468
13 31 0.078468
13 32 0.078467
13 33 0.078467
13 34 0.078468
13 35 0.078468
13 36 0.078469
13 37 0.078469
13 38 0.078469
13 39 0.078469
13 40 0.078468
13 41 0.078468
13 42 0.078467
13 43 0.078467
13 44 0.078467
13 45 0.078468
13 46 0.078468
13 47 0.078469
13 48 0.078469
13 49 0.078469
13 50 0.078468
13 51 0.078468
13 52 0.078467
13 53 0.078466
13 54 0.078466
13 55 0.078466
13 56 0.078466
13 57 0.078467
13 58 0.078467
13 59 0.078468
13 60 0.078468
13 61 0.078468
13 62 0.078468
13 63 0.078468
13 64 0.078468
13 65 0.078469
13 66 0.078469
13 67 0.078469
13 68 0.078469
13 69 0.078469
13 70 0.078469
13 71 0.078468
13 72 0.078468
13 73 0.078467
13 74 0.078467
13 75 0.078467
13 76 0.078467
13 77 0.078467
13 78 0.078467
13 79 0.078467
13 80 0.078467
13 81 0.078467
13 82 0.078467
13 83 0.078468
13 84 0.078468
13 85 0.078468
13 86 0.078468
13 87 0.078468
13 88 0.078469
13 89 0.078469
13 90 0.078469
13 91 0.078469
13 92 0.078469
13 93 0.078468
13 94 0.078468
13 95 0.078468
13 96 0.078467
13 97 0.078467
13 98 0.078467
13 99 0.078467

14 0 0.078467
14 1 0.078467
14 2 0.078468
14 3 0.078468
14 4 0.078469
14 5 0.078470
14 6 0.078470
14 7 0.078470
14 8 0.078469
14 9 0.078469
14 10 0.078468
14 11 0.078467
14 12 0.078467
14 13 0.078467
14 14 0.078468
14 15 0.078468
14 16 0.078468
14 17 0.078467
14 18 0.078467
14 19 0.078466
14 20 0.078466
14 21 0.078465
14 22 0.078466
14 23 0.078466
14 24 0.078467
14 25 0.078468
14 26 0.078468
14 27 0.078468
14 28 0.078468
14 29 0.078468
14 30 0.078467
14 31 0.078467
14 32 0.078467
14 33 0.078468
14 34 0.078468
14 35 0.078469
14 36 0.078469
14 37 0.078469
14 38 0.078469
14 39 0.078468
14 40 0.078468
14 41 0.078467
14 42 0.078467
14 43 0.078467
14 44 0.078468
14 45 0.078468
14 46 0.078469
14 47 0.078469
14 48 0.078469
14 49 0.078469
14 50 0.078468
14 51 0.078467
14 52 0.078466
14 53 0.078466
14 54 0.078466
14 55 0.078466
14 56 0.078467
14 57 0.078467
14 58 0.078468
14 59 0.078468
14 60 0.078468
14 61 0.078468
14 62 0.078468
14 63 0.078468
14 64 0.078468
14 65 0.078469
14 66 0.078469
14 67 0.078469
14 68 0.078469
14 69 0.078469
14 70 0.078469
14 71 0.078468
14 72 0.078468
14 73 0.078467
14 74 0.078467
14 75 0.078467
14 76 0.078467
14 77 0.078467
14 78 0.078467
14 79 0.078467
14 80 0.078467
14 81 0.078467
14 82 0.078467
14 83 0.078468
14 84 0.078468
14 85 0.078468
14 86 0.078468
14 87 0.078468
14 88 0.078468
14 89 0.078468
14 90 0.078469
14 91 0.078468
14 92 0.078469
14 93 0.078468
14 94 0.078468
14 95 0.078467
14 96 0.078467
14 97 0.078467
14 98 0.078467
14 99 0.078467

15 0 0.078467
15 1 0.078467
15 2 0.078468
15 3 0.078468
15 4 0.078469
15 5 0.078469
15 6 0.078469
15 7 0.078469
15 8 0.078468
15 9 0.078468
15 10 0.078468
15 11 0.078468
15 12 0.078467
15 13 0.078468
15 14 0.078468
15 15 0.078468
15 16 0.078467
15 17 0.078467
15 18 0.078466
15 19 0.078466
15 20 0.078465
15 21 0.078466
15 22 0.078466
15 23 0.078467
15 24 0.078467
15 25 0.078468
15 26 0.078468
15 27 0.078468
15 28 0.078468
15 29 0.078467
15 30 0.078467
15 31 0.078467
15 32 0.078468
15 33 0.078468
15 34 0.078469
15 35 0.078469
15 36 0.078469
15 37 0.078469
15 38 0.078468
15 39 0.078468
15 40 0.078467
15 41 0.078467
15 42 0.078467
15 43 0.078468
15 44 0.078468
15 45 0.078469
15 46 0.078469
15 47 0.078469
15 48 0.078469
15 49 0.078468
15 50 0.078467
15 51 0.078466
15 52 0.078466
15 53 0.078466
15 54 0.078466
15 55 0.078467
15 56 0.078467
15 57 0.078468
15 58 0.078468
15 59 0.078468
15 60 0.078468
15 61 0.078468
15 62 0.078468
15 63 0.078468
15 64 0.078469
15 65 0.078469
15 66 0.078469
15 67 0.078469
15 68 0.078469
15 69 0.078469
15 70 0.078468
15 71 0.078468
15 72 0.078467
15 73 0.078467
15 74 0.078467
15 75 0.078467
15 76 0.078467
15 77 0.078467
15 78 0.078467
15 79 0.078467
15 80 0.078467
15 81 0.078467
15 82 0.078467
15 83 0.078467
15 84 0.078468
15 85 0.078468
15 86 0.078468
15 87 0.078468
15 88 0.078468
15 89 0.078468
15 90 0.078468
15 91 0.078468
15 92 0.078468
15 93 0.078468
15 94 0.078468
15 95 0.078467
15 96 0.078467
15 97 0.078467
15 98 0.078467
15 99 0.078467

16 0 0.078467
16 1 0.078467
16 2 0.078468
16 3 0.078468
16 4 0.078469
16 5 0.078469
16 6 0.078469
16 7 0.078469
16 8 0.078468
16 9 0.078468
16 10 0.078468
16 11 0.078468
16 12 0.078468
16 13 0.078468
16 14 0.078467
16 15 0.078467
16 16 0.078467
16 17 0.078466
16 18 0.078466
16 19 0.078465
16 20 0.078465
16 21 0.078466
16 22 0.078466
16 23 0.078467
16 24 0.078467
16 25 0.078467
16 26 0.078467
16 27 0.078467
16 28 0.078467
16 29 0.078467
16 30 0.078467
16 31 0.078467
16 32 0.078468
16 33 0.078469
16 34 0.078469
16 35 0.078469
16 36 0.078469
16 37 0.078468
16 38 0.078468
16 39 0.078467
16 40 0.078467
16 41 0.078467
16 42 0.078468
16 43 0.078468
16 44 0.078469
16 45 0.078469
16 46 0.078469
16 47 0.078469
16 48 0.078468
16 49 0.078467
16 50 0.078467
16 51 0.078466
16 52 0.078466
16 53 0.078467
16 54 0.078467
16 55 0.078467
16 56 0.078467
16 57 0.078468
16 58 0.078467
16 59 0.078467
16 60 0.078467
16 61 0.078468
16 62 0.078468
16 63 0.078468
16 64 0.078469
16 65 0.078469
16 66 0.078469
16 67 0.078469
16 68 0.078469
16 69 0.078469
16 70 0.078468
16 71 0.078468
16 72 0.078467
16 73 0.078467
16 74 0.078467
16 75 0.078467
16 76 0.078467
16 77 0.078467
16 78 0.078467
16 79 0.078467
16 80 0.078467
16 81 0.078467
16 82 0.078467
16 83 0.078467
16 84 0.078467
16 85 0.078467
16 86 0.078468
16 87 0.078468
16 88 0.078468
16 89 0.078468
16 90 0.078468
16 91 0.078468
16 92 0.078468
16 93 0.078468
16 94 0.078468
16 95 0.078467
16 96 0.078467
16 97 0.078467
16 98 0.078467
16 99 0.078467

17 0 0.078467
17 1 0.078467
17 2 0.078468
17 3 0.078468
17 4 0.078468
17 5 0.078469
17 6 0.078468
17 7 0.078468
17 8 0.078468
17 9 0.078468
17 10 0.078468
17 11 0.078468
17 12 0.078468
17 13 0.078467
17 14 0.078467
17 15 0.078467
17 16 0.078466
17 17 0.078466
17 18 0.078466
17 19 0.078466
17 20 0.078466
17 21 0.078466
17 22 0.078467
17 23 0.078467
17 24 0.078467
17 25 0.078467
17 26 0.078467
17 27 0.078467
17 28 0.078467
17 29 0.078467
17 30 0.078467
17 31 0.078468
17 32 0.078468
17 33 0.078469
17 34 0.078469
17 35 0.078469
17 36 0.078468
17 37 0.078468
17 38 0.078467
17 39 0.078467
17 40 0.078467
17 41 0.078468
17 42 0.078468
17 43 0.078469
17 44 0.078469
17 45 0.078469
17 46 0.078469
17 47 0.078468
17 48 0.078468
17 49 0.078467
17 50 0.078467
17 51 0.078467
17 52 0.078467
17 53 0.078467
17 54 0.078467
17 55 0.078467
17 56 0.078467
17 57 0.078467
17 58 0.078467
17 59 0.078467
17 60 0.078467
17 61 0.078468
17 62 0.078468
17 63 0.078469
17 64 0.078469
17 65 0.078469
17 66 0.078470
17 67 0.078469
17 68 0.078469
17 69 0.078469
17 70 0.078468
17 71 0.078468
17 72 0.078468
17 73 0.078467
17 74 0.078467
17 75 0.078467
17 76 0.078467
17 77 0.078467
17 78 0.078467
17 79 0.078467
17 80 0.078467
17 81 0.078467
17 82 0.078467
17 83 0.078467
17 84 0.078467
17 85 0.078467
17 86 0.078467
17 87 0.078467
17 88 0.078468
17 89 0.078468
17 90 0.078468
17 91 0.078468
17 92 0.078468
17 93 0.078468
17 94 0.078468
17 95 0.078467
17 96 0.078467
17 97 0.078467
17 98 0.078467
17 99 0.078467

18 0 0.078467
18 1 0.078467
18 2 0.078468
18 3 0.078468
18 4 0.078468
18 5 0.078468
18 6 0.078468
18 7 0.078468
18 8 0.078468
18 9 0.078468
18 10 0.078468
18 11 0.078468
18 12 0.078467
18 13 0.078467
18 14 0.078467
18 15 0.078466
18 16 0.078466
18 17 0.078466
18 18 0.078466
18 19 0.078466
18 20 0.078466
18 21 0.078466
18 22 0.078467
18 23 0.078467
18 24 0.078467
18 25 0.078467
18 26 0.078467
18 27 0.078467
18 28 0.078467
18 29 0.078467
18 30 0.078468
18 31 0.078468
18 32 0.078469
18 33 0.078469
18 34 0.078469
18 35 0.078468
18 36 0.078468
18 37 0.078468
18 38 0.078467
18 39 0.078468
18 40 0.078468
18 41 0.078468
18 42 0.078469
18 43 0.078469
18 44 0.078469
18 45 0.078469
18 46 0.078468
18 47 0.078468
18 48 0.078467
18 49 0.078467
18 50 0.078467
18 51 0.078467
18 52 0.078467
18 53 0.078467
18 54 0.078468
18 55 0.078468
18 56 0.078467
18 57 0.078467
18 58 0.078467
18 59 0.078467
18 60 0.078468
18 61 0.078468
18 62 0.078469
18 63 0.078469
18 64 0.078469
18 65 0.078469
18 66 0.078469
18 67 0.078469
18 68 0.078469
18 69 0.078468
18 70 0.078468
18 71 0.078468
18 72 0.078468
18 73 0.078468
18 74 0.078467
18 75 0.078467
18 76 0.078467
18 77 0.078467
18 78 0.078467
18 79 0.078466
18 80 0.078466
18 81 0.078466
18 82 0.078467
18 83 0.078467
18 84 0.078467
18 85 0.078467
18 86 0.078467
18 87 0.078467
18 88 0.078467
18 89 0.078467
18 90 0.078468
18 91 0.078468
18 92 0.078468
18 93 0.078467
18 94 0.078467
18 95 0.078467
18 96 0.078467
18 97 0.078467
18 98 0.078467
18 99 0.078467

19 0 0.078467
19 1 0.078467
19 2 0.078468
19 3 0.078468
19 4 0.078468
19 5 0.078468
19 6 0.078468
19 7 0.078468
19 8 0.078468
19 9 0.078468
19 10 0.078468
19 11 0.078467
19 12 0.078467
19 13 0.078467
19 14 0.078467
19 15 0.078466
19 16 0.078466
19 17 0.078466
19 18 0.078466
19 19 0.078466
19 20 0.078466
19 21 0.078466
19 22 0.078467
19 23 0.078467
19 24 0.078467
19 25 0.078467
19 26 0.078467
19 27 0.078467
19 28 0.078467
19 29 0.078468
19 30 0.078468
19 31 0.078468
19 32 0.078469
19 33 0.078468
19 34 0.078468
19 35 0.078468
19 36 0.078468
19 37 0.078468
19 38 0.078468
19 39 0.078468
19 40 0.078469
19 41 0.078469
19 42 0.078469
19 43 0.078469
19 44 0.078469
19 45 0.078468
19 46 0.078468
19 47 0.078467
19 48 0.078467
19 49 0.078467
19 50 0.078467
19 51 0.078468
19 52 0.078468
19 53 0.078468
19 54 0.078468
19 55 0.078468
19 56 0.078468
19 57 0.078468
19 58 0.078468
19 59 0.078468
19 60 0.078468
19 61 0.078469
19 62 0.078469
19 63 0.078469
19 64 0.078469
19 65 0.078469
19 66 0.078469
19 67 0.078469
19 68 0.078469
19 69 0.078469
19 70 0.078468
19 71 0.078468
19 72 0.078468
19 73 0.078468
19 74 0.078468
19 75 0.078467
19 76 0.078467
19 77 0.078467
19 78 0.078467
19 79 0.078466
19 80 0.078466
19 81 0.078466
19 82 0.078466
19 83 0.078467
19 84 0.078467
19 85 0.078467
19 86 0.078467
19 87 0.078467
19 88 0.078467
19 89 0.078467
19 90 0.078468
19 91 0.078468
19 92 0.078468
19 93 0.078467
19 94 0.078467
19 95 0.078467
19 96 0.078467
19 97 0.078467
19 98 0.078467
19 99 0.078467

20 0 0.078468
20 1 0.078468
20 2 0.078468
20 3 0.078468
20 4 0.078468
20 5 0.078468
20 6 0.078468
20 7 0.078468
20 8 0.078468
20 9 0.078468
20 10 0.078468
20 11 0.078467
20 12 0.078467
20 13 0.078467
20 14 0.078466
20 15 0.078466
20 16 0.078466
20 17 0.078466
20 18 0.078466
20 19 0.078466
20 20 0.078466
20 21 0.078467
20 22 0.078467
20 23 0.078467
20 24 0.078466
20 25 0.078467
20 26 0.078467
20 27 0.078467
20 28 0.078468
20 29 0.078468
20 30 0.078468
20 31 0.078468
20 32 0.078468
20 33 0.078468
20 34 0.078468
20 35 0.078468
20 36 0.078468
20 37 0.078468
20 38 0.078468
20 39 0.078469
20 40 0.078469
20 41 0.078469
20 42 0.078469
20 43 0.078469
20 44 0.078468
20 45 0.078468
20 46 0.078468
20 47 0.078468
20 48 0.078468
20 49 0.078468
20 50 0.078468
20 51 0.078468
20 52 0.078468
20 53 0.078468
20 54 0.078468
20 55 0.078468
20 56 0.078468
20 57 0.078468
20 58 0.078468
20 59 0.078468
20 60 0.078469
20 61 0.078469
20 62 0.078469
20 63 0.078469
20 64 0.078469
20 65 0.078469
20 66 0.078469
20 67 0.078469
20 68 0.078469
20 69 0.078469
20 70 0.078468
20 71 0.078468
20 72 0.078468
20 73 0.078468
20 74 0.078468
20 75 0.078467
20 76 0.078467
20 77 0.078467
20 78 0.078466
20 79 0.078466
20 80 0.078466
20 81 0.078466
20 82 0.078466
20 83 0.078466
20 84 0.078467
20 85 0.078467
20 86 0.078467
20 87 0.078467
20 88 0.078467
20 89 0.078467
20 90 0.078468
20 91 0.078467
20 92 0.078467
20 93 0.078467
20 94 0.078467
20 95 0.078467
20 96 0.078467
20 97 0.078467
20 98 0.078467
20 99 0.078467

21 0 0.078468
21 1 0.078468
21 2 0.078468
21 3 0.078468
21 4 0.078468
21 5 0.078468
21 6 0.078468
21 7 0.078468
21 8 0.078468
21 9 0.078468
21 10 0.078468
21 11 0.078467
21 12 0.078467
21 13 0.078467
21 14 0.078467
21 15 0.078466
21 16 0.078466
21 17 0.078466
21 18 0.078466
21 19 0.078467
21 20 0.078467
21 21 0.078467
21 22 0.078467
21 23 0.078467
21 24 0.078466
21 25 0.078467
21 26 0.078467
21 27 0.078467
21 28 0.078468
21 29 0.078468
21 30 0.078468
21 31 0.078468
21 32 0.078468
21 33 0.078468
21 34 0.078468
21 35 0.078468
21 36 0.078468
21 37 0.078468
21 38 0.078469
21 39 0.078469
21 40 0.078469
21 41 0.078469
21 42 0.078469
21 43 0.078469
21 44 0.078468
21 45 0.078468
21 46 0.078468
21 47 0.078468
21 48 0.078468
21 49 0.078468
21 50 0.078468
21 51 0.078468
21 52 0.078468
21 53 0.078468
21 54 0.078468
21 55 0.078468
21 56 0.078468
21 57 0.078468
21 58 0.078468
21 59 0.078469
21 60 0.078469
21 61 0.078469
21 62 0.078469
21 63 0.078469
21 64 0.078469
21 65 0.078469
21 66 0.078469
21 67 0.078469
21 68 0.078469
21 69 0.078469
21 70 0.078469
21 71 0.078468
21 72 0.078468
21 73 0.078468
21 74 0.078468
21 75 0.078467
21 76 0.078467
21 77 0.078467
21 78 0.078467
21 79 0.078466
21 80 0.078466
21 81 0.078466
21 82 0.078466
21 83 0.078466
21 84 0.078467
21 85 0.078467
21 86 0.078467
21 87 0.078467
21 88 0.078467
21 89 0.078467
21 90 0.078468
21 91 0.078467
21 92 0.078467
21 93 0.078467
21 94 0.078467
21 95 0.078467
21 96 0.078467
21 97 0.078467
21 98 0.078467
21 99 0.078467

22 0 0.078469
22 1 0.078469
22 2 0.078469
22 3 0.078469
22 4 0.078468
22 5 0.078468
22 6 0.078468
22 7 0.078468
22 8 0.078468
22 9 0.078468
22 10 0.078468
22 11 0.078467
22 12 0.078467
22 13 0.078467
22 14 0.078467
22 15 0.078467
22 16 0.078467
22 17 0.078467
22 18 0.078467
22 19 0.078467
22 20 0.078467
22 21 0.078467
22 22 0.078467
22 23 0.078467
22 24 0.078467
22 25 0.078467
22 26 0.078467
22 27 0.078468
22 28 0.078468
22 29 0.078468
22 30 0.078468
22 31 0.078468
22 32 0.078468
22 33 0.078468
22 34 0.078468
22 35 0.078468
22 36 0.078468
22 37 0.078469
22 38 0.078469
22 39 0.078469
22 40 0.078469
22 41 0.078469
22 42 0.078469
22 43 0.078469
22 44 0.078468
22 45 0.078468
22 46 0.078468
22 47 0.078468
22 48 0.078468
22 49 0.078468
22 50 0.078468
22 51 0.078468
22 52 0.078468
22 53 0.078468
22 54 0.078468
22 55 0.078468
22 56 0.078468
22 57 0.078469
22 58 0.078469
22 59 0.078469
22 60 0.078469
22 61 0.078469
22 62 0.078469
22 63 0.078469
22 64 0.078469
22 65 0.078469
22 66 0.078469
22 67 0.078469
22 68 0.078469
22 69 0.078469
22 70 0.078469
22 71 0.078469
22 72 0.078468
22 73 0.078468
22 74 0.078468
22 75 0.078467
22 76 0.078467
22 77 0.078467
22 78 0.078467
22 79 0.078467
22 80 0.078466
22 81 0.078466
22 82 0.078466
22 83 0.078467
22 84 0.078467
22 85 0.078467
22 86 0.078467
22 87 0.078467
22 88 0.078467
22 89 0.078467
22 90 0.078467
22 91 0.078467
22 92 0.078467
22 93 0.078467
22 94 0.078467
22 95 0.078467
22 96 0.078467
22 97 0.078468
22 98 0.078468
22 99 0.078468

23 0 0.078469
23 1 0.078469
23 2 0.078469
23 3 0.078469
23 4 0.078469
23 5 0.078469
23 6 0.078468
23 7 0.078468
23 8 0.078468
23 9 0.078468
23 10 0.078468
23 11 0.078468
23 12 0.078467
23 13 0.078467
23 14 0.078467
23 15 0.078467
23 16 0.078467
23 17 0.078467
23 18 0.078467
23 19 0.078467
23 20 0.078467
23 21 0.078467
23 22 0.078467
23 23 0.078467
23 24 0.078467
23 25 0.078467
23 26 0.078467
23 27 0.078468
23 28 0.078468
23 29 0.078468
23 30 0.078468
23 31 0.078468
23 32 0.078468
23 33 0.078468
23 34 0.078468
23 35 0.078468
23 36 0.078469
23 37 0.078469
23 38 0.078469
23 39 0.078469
23 40 0.078469
23 41 0.078469
23 42 0.078469
23 43 0.078468
23 44 0.078468
23 45 0.078468
23 46 0.078468
23 47 0.078468
23 48 0.078468
23 49 0.078469
23 50 0.078469
23 51 0.078469
23 52 0.078469
23 53 0.078469
23 54 0.078469
23 55 0.078469
23 56 0.078469
23 57 0.078469
23 58 0.078469
23 59 0.078469
23 60 0.078469
23 61 0.078469
23 62 0.078469
23 63 0.078469
23 64 0.078469
23 65 0.078469
23 66 0.078469
23 67 0.078469
23 68 0.078469
23 69 0.078469
23 70 0.078469
23 71 0.078469
23 72 0.078468
23 73 0.078468
23 74 0.078468
23 75 0.078468
23 76 0.078467
23 77 0.078467
23 78 0.078467
23 79 0.078467
23 80 0.078467
23 81 0.078467
23 82 0.078467
23 83 0.078467
23 84 0.078467
23 85 0.078467
23 86 0.078467
23 87 0.078467
23 88 0.078467
23 89 0.078467
23 90 0.078467
23 91 0.078467
23 92 0.078467
23 93 0.078467
23 94 0.078467
23 95 0.078467
23 96 0.078467
23 97 0.078468
23 98 0.078468
23 99 0.078468

24 0 0.078470
24 1 0.078469
24 2 0.078469
24 3 0.078469
24 4 0.078469
24 5 0.078469
24 6 0.078469
24 7 0.078468
24 8 0.078468
24 9 0.078468
24 10 0.078468
24 11 0.078468
24 12 0.078467
24 13 0.078467
24 14 0.078467
24 15 0.078467
24 16 0.078467
24 17 0.078467
24 18 0.078467
24 19 0.078467
24 20 0.078467
24 21 0.078467
24 22 0.078467
24 23 0.078467
24 24 0.078467
24 25 0.078467
24 26 0.078468
24 27 0.078468
24 28 0.078468
24 29 0.078468
24 30 0.078468
24 31 0.078468
24 32 0.078468
24 33 0.078468
24 34 0.078468
24 35 0.078468
24 36 0.078469
24 37 0.078469
24 38 0.078469
24 39 0.078469
24 40 0.078469
24 41 0.078469
24 42 0.078469
24 43 0.078468
24 44 0.078468
24 45 0.078468
24 46 0.078468
24 47 0.078469
24 48 0.078469
24 49 0.078469
24 50 0.078469
24 51 0.078469
24 52 0.078469
24 53 0.078469
24 54 0.078469
24 55 0.078469
24 56 0.078469
24 57 0.078469
24 58 0.078469
24 59 0.078469
24 60 0.078469
24 61 0.078469
24 62 0.078469
24 63 0.078469
24 64 0.078469
24 65 0.078469
24 66 0.078470
24 67 0.078469
24 68 0.078469
24 69 0.078469
24 70 0.078469
24 71 0.078469
24 72 0.078468
24 73 0.078468
24 74 0.078468
24 75 0.078468
24 76 0.078467
24 77 0.078467
24 78 0.078467
24 79 0.078467
24 80 0.078467
24 81 0.078467
24 82 0.078467
24 83 0.078467
24 84 0.078467
24 85 0.078467
24 86 0.078467
24 87 0.078467
24 88 0.078467
24 89 0.078467
24 90 0.078467
24 91 0.078467
24 92 0.078467
24 93 0.078467
24 94 0.078468
24 95 0.078468
24 96 0.078468
24 97 0.078468
24 98 0.078468
24 99 0.078468

25 0 0.078470
25 1 0.078470
25 2 0.078470
25 3 0.078469
25 4 0.078469
25 5 0.078469
25 6 0.078469
25 7 0.078469
25 8 0.078468
25 9 0.078468
25 10 0.078468
25 11 0.078468
25 12 0.078468
25 13 0.078467
25 14 0.078467
25 15 0.078467
25 16 0.078467
25 17 0.078467
25 18 0.078467
25 19 0.078467
25 20 0.078467
25 21 0.078467
25 22 0.078467
25 23 0.078467
25 24 0.078467
25 25 0.078467
25 26 0.078468
25 27 0.078468
25 28 0.078468
25 29 0.078468
25 30 0.078468
25 31 0.078468
25 32 0.078468
25 33 0.078468
25 34 0.078468
25 35 0.078469
25 36 0.078469
25 37 0.078469
25 38 0.078469
25 39 0.078469
25 40 0.078469
25 41 0.078469
25 42 0.078469
25 43 0.078469
25 44 0.078468
25 45 0.078469
25 46 0.078469
25 47 0.078469
25 48 0.078469
25 49 0.078469
25 50 0.078469
25 51 0.078469
25 52 0.078469
25 53 0.078469
25 54 0.078469
25 55 0.078469
25 56 0.078469
25 57 0.078469
25 58 0.078469
25 59 0.078469
25 60 0.078469
25 61 0.078469
25 62 0.078469
25 63 0.078469
25 64 0.078470
25 65 0.078470
25 66 0.078470
25 67 0.078469
25 68 0.078469
25 69 0.078469
25 70 0.078469
25 71 0.078469
25 72 0.078468
25 73 0.078468
25 74 0.078468
25 75 0.078468
25 76 0.078467
25 77 0.078467
25 78 0.078467
25 79 0.078467
25 80 0.078467
25 81 0.078467
25 82 0.078467
25 83 0.078467
25 84 0.078467
25 85 0.078467
25 86 0.078467
25 87 0.078467
25 88 0.078467
25 89 0.078467
25 90 0.078467
25 91 0.078467
25 92 0.078468
25 93 0.078468
25 94 0.078468
25 95 0.078468
25 96 0.078468
25 97 0.078468
25 98 0.078468
25 99 0.078468

26 0 0.078470
26 1 0.078470
26 2 0.078470
26 3 0.078470
26 4 0.078469
26 5 0.078469
26 6 0.078469
26 7 0.078469
26 8 0.078469
26 9 0.078468
26 10 0.078468
26 11 0.078468
26 12 0.078468
26 13 0.078467
26 14 0.078467
26 15 0.078467
26 16 0.078467
26 17 0.078467
26 18 0.078467
26 19 0.078467
26 20 0.078467
26 21 0.078467
26 22 0.078467
26 23 0.078467
26 24 0.078467
26 25 0.078468
26 26 0.078468
26 27 0.078468
26 28 0.078468
26 29 0.078468
26 30 0.078468
26 31 0.078468
26 32 0.078468
26 33 0.078468
26 34 0.078469
26 35 0.078469
26 36 0.078469
26 37 0.078469
26 38 0.078469
26 39 0.078469
26 40 0.078469
26 41 0.078469
26 42 0.078469
26 43 0.078469
26 44 0.078469
26 45 0.078469
26 46 0.078469
26 47 0.078469
26 48 0.078469
26 49 0.078469
26 50 0.078469
26 51 0.078469
26 52 0.078469
26 53 0.078469
26 54 0.078469
26 55 0.078469
26 56 0.078469
26 57 0.078469
26 58 0.078469
26 59 0.078469
26 60 0.078469
26 61 0.078469
26 62 0.078470
26 63 0.078470
26 64 0.078470
26 65 0.078470
26 66 0.078470
26 67 0.078469
26 68 0.078469
26 69 0.078469
26 70 0.078469
26 71 0.078469
26 72 0.078468
26 73 0.078468
26 74 0.078468
26 75 0.078468
26 76 0.078467
26 77 0.078467
26 78 0.078467
26 79 0.078467
26 80 0.078467
26 81 0.078467
26 82 0.078467
26 83 0.078467
26 84 0.078467
26 85 0.078467
26 86 0.078467
26 87 0.078467
26 88 0.078467
26 89 0.078467
26 90 0.078467
26 91 0.078467
26 92 0.078468
26 93 0.078468
26 94 0.078468
26 95 0.078468
26 96 0.078468
26 97 0.078468
26 98 0.078468
26 99 0.078468

27 0 0.078470
27 1 0.078470
27 2 0.078470
27 3 0.078470
27 4 0.078469
27 5 0.078469
27 6 0.078469
27 7 0.078469
27 8 0.078469
27 9 0.078469
27 10 0.078468
27 11 0.078468
27 12 0.078468
27 13 0.078468
27 14 0.078467
27 15 0.078467
27 16 0.078467
27 17 0.078467
27 18 0.078467
27 19 0.078467
27 20 0.078467
27 21 0.078467
27 22 0.078467
27 23 0.078467
27 24 0.078468
27 25 0.078468
27 26 0.078468
27 27 0.078468
27 28 0.078468
27 29 0.078468
27 30 0.078468
27 31 0.078468
27 32 0.078468
27 33 0.078468
27 34 0.078469
27 35 0.078469
27 36 0.078469
27 37 0.078469
27 38 0.078469
27 39 0.078469
27 40 0.078469
27 41 0.078469
27 42 0.078469
27 43 0.078469
27 44 0.078469
27 45 0.078469
27 46 0.078469
27 47 0.078469
27 48 0.078469
27 49 0.078469
27 50 0.078469
27 51 0.078469
27 52 0.078469
27 53 0.078469
27 54 0.078469
27 55 0.078469
27 56 0.078469
27 57 0.078469
27 58 0.078469
27 59 0.078469
27 60 0.078470
27 61 0.078470
27 62 0.078470
27 63 0.078470
27 64 0.078470
27 65 0.078470
27 66 0.078469
27 67 0.078469
27 68 0.078469
27 69 0.078469
27 70 0.078469
27 71 0.078469
27 72 0.078468
27 73 0.078468
27 74 0.078468
27 75 0.078468
27 76 0.078467
27 77 0.078467
27 78 0.078467
27 79 0.078467
27 80 0.078467
27 81 0.078467
27 82 0.078467
27 83 0.078467
27 84 0.078467
27 85 0.078467
27 86 0.078467
27 87 0.078467
27 88 0.078467
27 89 0.078467
27 90 0.078468
27 91 0.078468
27 92 0.078468
27 93 0.078468
27 94 0.078468
27 95 0.078468
27 96 0.078468
27 97 0.078468
27 98 0.078468
27 99 0.078469

28 0 0.078471
28 1 0.078470
28 2 0.078470
28 3 0.078470
28 4 0.078470
28 5 0.078470
28 6 0.078469
28 7 0.078469
28 8 0.078469
28 9 0.078469
28 10 0.078468
28 11 0.078468
28 12 0.078468
28 13 0.078468
28 14 0.078468
28 15 0.078467
28 16 0.078467
28 17 0.078467
28 18 0.078467
28 19 0.078467
28 20 0.078467
28 21 0.078467
28 22 0.078467
28 23 0.078467
28 24 0.078468
28 25 0.078468
28 26 0.078468
28 27 0.078468
28 28 0.078468
28 29 0.078468
28 30 0.078468
28 31 0.078468
28 32 0.078468
28 33 0.078469
28 34 0.078469
28 35 0.078469
28 36 0.078469
28 37 0.078469
28 38 0.078469
28 39 0.078469
28 40 0.078469
28 41 0.078469
28 42 0.078469
28 43 0.078469
28 44 0.078469
28 45 0.078469
28 46 0.078469
28 47 0.078469
28 48 0.078469
28 49 0.078469
28 50 0.078469
28 51 0.078469
28 52 0.078469
28 53 0.078470
28 54 0.078470
28 55 0.078470
28 56 0.078470
28 57 0.078470
28 58 0.078470
28 59 0.078470
28 60 0.078470
28 61 0.078470
28 62 0.078470
28 63 0.078470
28 64 0.078469
28 65 0.078469
28 66 0.078469
28 67 0.078469
28 68 0.078469
28 69 0.078469
28 70 0.078469
28 71 0.078469
28 72 0.078468
28 73 0.078468
28 74 0.078468
28 75 0.078468
28 76 0.078467
28 77 0.078467
28 78 0.078467
28 79 0.078467
28 80 0.078467
28 81 0.078467
28 82 0.078467
28 83 0.078467
28 84 0.078467
28 85 0.078467
28 86 0.078467
28 87 0.078467
28 88 0.078467
28 89 0.078467
28 90 0.078468
28 91 0.078468
28 92 0.078468
28 93 0.078468
28 94 0.078468
28 95 0.078468
28 96 0.078469
28 97 0.078469
28 98 0.078469
28 99 0.078469

29 0 0.078471
29 1 0.078471
29 2 0.078470
29 3 0.078470
29 4 0.078470
29 5 0.078470
29 6 0.078469
29 7 0.078469
29 8 0.078469
29 9 0.078469
29 10 0.078468
29 11 0.078468
29 12 0.078468
29 13 0.078468
29 14 0.078468
29 15 0.078468
29 16 0.078467
29 17 0.078467
29 18 0.078467
29 19 0.078467
29 20 0.078467
29 21 0.078467
29 22 0.078467
29 23 0.078468
29 24 0.078468
29 25 0.078468
29 26 0.078468
29 27 0.078468
29 28 0.078468
29 29 0.078468
29 30 0.078468
29 31 0.078468
29 32 0.078468
29 33 0.078469
29 34 0.078469
29 35 0.078469
29 36 0.078469
29 37 0.078469
29 38 0.078469
29 39 0.078469
29 40 0.078469
29 41 0.078469
29 42 0.078469
29 43 0.078469
29 44 0.078469
29 45 0.078469
29 46 0.078469
29 47 0.078469
29 48 0.078469
29 49 0.078469
29 50 0.078470
29 51 0.078470
29 52 0.078470
29 53 0.078470
29 54 0.078470
29 55 0.078470
29 56 0.078470
29 57 0.078470
29 58 0.078470
29 59 0.078470
29 60 0.078470
29 61 0.078470
29 62 0.078469
29 63 0.078469
29 64 0.078469
29 65 0.078469
29 66 0.078469
29 67 0.078469
29 68 0.078469
29 69 0.078469
29 70 0.078469
29 71 0.078468
29 72 0.078468
29 73 0.078468
29 74 0.078468
29 75 0.078468
29 76 0.078468
29 77 0.078467
29 78 0.078467
29 79 0.078467
29 80 0.078467
29 81 0.078467
29 82 0.078467
29 83 0.078467
29 84 0.078467
29 85 0.078467
29 86 0.078467
29 87 0.078467
29 88 0.078467
29 89 0.078468
29 90 0.078468
29 91 0.078468
29 92 0.078468
29 93 0.078468
29 94 0.078469
29 95 0.078469
29 96 0.078469
29 97 0.078469
29 98 0.078469
29 99 0.078469

30 0 0.078471
30 1 0.078471
30 2 0.078470
30 3 0.078470
30 4 0.078470
30 5 0.078470
30 6 0.078469
30 7 0.078469
30 8 0.078469
30 9 0.078469
30 10 0.078468
30 11 0.078468
30 12 0.078468
30 13 0.078468
30 14 0.078468
30 15 0.078468
30 16 0.078467
30 17 0.078467
30 18 0.078467
30 19 0.078467
30 20 0.078467
30 21 0.078467
30 22 0.078468
30 23 0.078468
30 24 0.078468
30 25 0.078468
30 26 0.078468
30 27 0.078468
30 28 0.078468
30 29 0.078468
30 30 0.078468
30 31 0.078468
30 32 0.078468
30 33 0.078469
30 34 0.078469
30 35 0.078469
30 36 0.078469
30 37 0.078469
30 38 0.078469
30 39 0.078469
30 40 0.078469
30 41 0.078469
30 42 0.078469
30 43 0.078469
30 44 0.078469
30 45 0.078469
30 46 0.078469
30 47 0.078469
30 48 0.078469
30 49 0.078470
30 50 0.078470
30 51 0.078470
30 52 0.078470
30 53 0.078470
30 54 0.078470
30 55 0.078470
30 56 0.078470
30 57 0.078470
30 58 0.078470
30 59 0.078470
30 60 0.078469
30 61 0.078470
30 62 0.078470
30 63 0.078470
30 64 0.078470
30 65 0.078470
30 66 0.078470
30 67 0.078470
30 68 0.078469
30 69 0.078469
30 70 0.078469
30 71 0.078469
30 72 0.078468
30 73 0.078468
30 74 0.078468
30 75 0.078468
30 76 0.078468
30 77 0.078468
30 78 0.078468
30 79 0.078468
30 80 0.078468
30 81 0.078468
30 82 0.078468
30 83 0.078468
30 84 0.078468
30 85 0.078468
30 86 0.078468
30 87 0.078468
30 88 0.078468
30 89 0.078468
30 90 0.078468
30 91 0.078469
30 92 0.078469
30 93 0.078469
30 94 0.078469
30 95 0.078469
30 96 0.078469
30 97 0.078469
30 98 0.078469
30 99 0.078469

31 0 0.078470
31 1 0.078470
31 2 0.078470
31 3 0.078470
31 4 0.078469
31 5 0.078470
31 6 0.078469
31 7 0.078469
31 8 0.078469
31 9 0.078469
31 10 0.078468
31 11 0.078468
31 12 0.078468
31 13 0.078468
31 14 0.078468
31 15 0.078468
31 16 0.078468
31 17 0.078468
31 18 0.078468
31 19 0.078468
31 20 0.078468
31 21 0.078468
31 22 0.078468
31 23 0.078468
31 24 0.078468
31 25 0.078468
31 26 0.078469
31 27 0.078469
31 28 0.078469
31 29 0.078469
31 30 0.078469
31 31 0.078469
31 32 0.078470
31 33 0.078470
31 34 0.078470
31 35 0.078470
31 36 0.078470
31 37 0.078470
31 38 0.078471
31 39 0.078471
31 40 0.078471
31 41 0.078471
31 42 0.078471
31 43 0.078471
31 44 0.078471
31 45 0.078471
31 46 0.078471
31 47 0.078472
31 48 0.078472
31 49 0.078472
31 50 0.078472
31 51 0.078472
31 52 0.078471
31 53 0.078471
31 54 0.078471
31 55 0.078471
31 56 0.078471
31 57 0.078471
31 58 0.078471
31 59 0.078471
31 60 0.078471
31 61 0.078471
31 62 0.078471
31 63 0.078470
31 64 0.078470
31 65 0.078470
31 66 0.078470
31 67 0.078470
31 68 0.078469
31 69 0.078469
31 70 0.078469
31 71 0.078469
31 72 0.078469
31 73 0.078468
31 74 0.078468
31 75 0.078468
31 76 0.078468
31 77 0.078468
31 78 0.078468
31 79 0.078468
31 80 0.078468
31 81 0.078468
31 82 0.078468
31 83 0.078468
31 84 0.078468
31 85 0.078468
31 86 0.078468
31 87 0.078468
31 88 0.078468
31 89 0.078468
31 90 0.078469
31 91 0.078469
31 92 0.078469
31 93 0.078469
31 94 0.078469
31 95 0.078469
31 96 0.078469
31 97 0.078469
31 98 0.078469
31 99 0.078469

32 0 0.078470
32 1 0.078470
32 2 0.078470
32 3 0.078470
32 4 0.078470
32 5 0.078470
32 6 0.078469
32 7 0.078469
32 8 0.078469
32 9 0.078469
32 10 0.078469
32 11 0.078468
32 12 0.078468
32 13 0.078468
32 14 0.078468
32 15 0.078468
32 16 0.078468
32 17 0.078468
32 18 0.078468
32 19 0.078468
32 20 0.078468
32 21 0.078468
32 22 0.078468
32 23 0.078468
32 24 0.078468
32 25 0.078469
32 26 0.078469
32 27 0.078469
32 28 0.078469
32 29 0.078469
32 30 0.078469
32 31 0.078469
32 32 0.078470
32 33 0.078470
32 34 0.078470
32 35 0.078470
32 36 0.078470
32 37 0.078471
32 38 0.078471
32 39 0.078471
32 40 0.078471
32 41 0.078471
32 42 0.078471
32 43 0.078471
32 44 0.078471
32 45 0.078472
32 46 0.078472
32 47 0.078472
32 48 0.078472
32 49 0.078472
32 50 0.078472
32 51 0.078472
32 52 0.078471
32 53 0.078471
32 54 0.078471
32 55 0.078471
32 56 0.078471
32 57 0.078471
32 58 0.078471
32 59 0.078471
32 60 0.078471
32 61 0.078471
32 62 0.078471
32 63 0.078470
32 64 0.078470
32 65 0.078470
32 66 0.078470
32 67 0.078470
32 68 0.078470
32 69 0.078469
32 70 0.078469
32 71 0.078469
32 72 0.078469
32 73 0.078469
32 74 0.078469
32 75 0.078469
32 76 0.078469
32 77 0.078468
32 78 0.078468
32 79 0.078468
32 80 0.078468
32 81 0.078468
32 82 0.078468
32 83 0.078468
32 84 0.078468
32 85 0.078468
32 86 0.078468
32 87 0.078468
32 88 0.078468
32 89 0.078469
32 90 0.078469
32 91 0.078469
32 92 0.078469
32 93 0.078469
32 94 0.078469
32 95 0.078469
32 96 0.078469
32 97 0.078469
32 98 0.078469
32 99 0.078469

33 0 0.078470
33 1 0.078470
33 2 0.078470
33 3 0.078470
33 4 0.078470
33 5 0.078470
33 6 0.078470
33 7 0.078469
33 8 0.078469
33 9 0.078469
33 10 0.078469
33 11 0.078469
33 12 0.078469
33 13 0.078468
33 14 0.078468
33 15 0.078468
33 16 0.078468
33 17 0.078468
33 18 0.078468
33 19 0.078468
33 20 0.078468
33 21 0.078468
33 22 0.078468
33 23 0.078469
33 24 0.078469
33 25 0.078469
33 26 0.078469
33 27 0.078469
33 28 0.078469
33 29 0.078469
33 30 0.078470
33 31 0.078470
33 32 0.078470
33 33 0.078470
33 34 0.078470
33 35 0.078470
33 36 0.078471
33 37 0.078471
33 38 0.078471
33 39 0.078471
33 40 0.078471
33 41 0.078471
33 42 0.078471
33 43 0.078471
33 44 0.078472
33 45 0.078472
33 46 0.078472
33 47 0.078472
33 48 0.078472
33 49 0.078472
33 50 0.078472
33 51 0.078472
33 52 0.078472
33 53 0.078472
33 54 0.078471
33 55 0.078471
33 56 0.078471
33 57 0.078472
33 58 0.078471
33 59 0.078471
33 60 0.078471
33 61 0.078471
33 62 0.078471
33 63 0.078471
33 64 0.078471
33 65 0.078470
33 66 0.078470
33 67 0.078470
33 68 0.078470
33 69 0.078470
33 70 0.078469
33 71 0.078469
33 72 0.078469
33 73 0.078469
33 74 0.078469
33 75 0.078469
33 76 0.078469
33 77 0.078469
33 78 0.078469
33 79 0.078468
33 80 0.078468
33 81 0.078468
33 82 0.078468
33 83 0.078468
33 84 0.078468
33 85 0.078468
33 86 0.078468
33 87 0.078468
33 88 0.078469
33 89 0.078469
33 90 0.078469
33 91 0.078469
33 92 0.078470
33 93 0.078469
33 94 0.078469
33 95 0.078469
33 96 0.078470
33 97 0.078469
33 98 0.078469
33 99 0.078469

34 0 0.078470
34 1 0.078470
34 2 0.078470
34 3 0.078470
34 4 0.078470
34 5 0.078470
34 6 0.078470
34 7 0.078470
34 8 0.078469
34 9 0.078469
34 10 0.078469
34 11 0.078469
34 12 0.078469
34 13 0.078469
34 14 0.078469
34 15 0.078469
34 16 0.078469
34 17 0.078468
34 18 0.078468
34 19 0.078468
34 20 0.078468
34 21 0.078469
34 22 0.078469
34 23 0.078469
34 24 0.078469
34 25 0.078469
34 26 0.078469
34 27 0.078469
34 28 0.078470
34 29 0.078470
34 30 0.078470
34 31 0.078470
34 32 0.078470
34 33 0.078471
34 34 0.078471
34 35 0.078471
34 36 0.078471
34 37 0.078471
34 38 0.078471
34 39 0.078471
34 40 0.078471
34 41 0.078472
34 42 0.078472
34 43 0.078472
34 44 0.078472
34 45 0.078473
34 46 0.078473
34 47 0.078473
34 48 0.078473
34 49 0.078472
34 50 0.078472
34 51 0.078472
34 52 0.078472
34 53 0.078472
34 54 0.078472
34 55 0.078472
34 56 0.078472
34 57 0.078472
34 58 0.078472
34 59 0.078472
34 60 0.078471
34 61 0.078471
34 62 0.078471
34 63 0.078471
34 64 0.078471
34 65 0.078471
34 66 0.078470
34 67 0.078470
34 68 0.078470
34 69 0.078470
34 70 0.078470
34 71 0.078469
34 72 0.078469
34 73 0.078469
34 74 0.078469
34 75 0.078469
34 76 0.078469
34 77 0.078469
34 78 0.078469
34 79 0.078469
34 80 0.078468
34 81 0.078468
34 82 0.078468
34 83 0.078468
34 84 0.078468
34 85 0.078468
34 86 0.078469
34 87 0.078469
34 88 0.078469
34 89 0.078469
34 90 0.078469
34 91 0.078470
34 92 0.078470
34 93 0.078470
34 94 0.078470
34 95 0.078469
34 96 0.078470
34 97 0.078469
34 98 0.078470
34 99 0.078470

35 0 0.078470
35 1 0.078470
35 2 0.078470
35 3 0.078471
35 4 0.078470
35 5 0.078470
35 6 0.078470
35 7 0.078470
35 8 0.078470
35 9 0.078469
35 10 0.078469
35 11 0.078469
35 12 0.078469
35 13 0.078469
35 14 0.078469
35 15 0.078469
35 16 0.078469
35 17 0.078469
35 18 0.078469
35 19 0.078469
35 20 0.078469
35 21 0.078469
35 22 0.078469
35 23 0.078469
35 24 0.078469
35 25 0.078469
35 26 0.078469
35 27 0.078470
35 28 0.078470
35 29 0.078470
35 30 0.078470
35 31 0.078470
35 32 0.078471
35 33 0.078471
35 34 0.078471
35 35 0.078471
35 36 0.078471
35 37 0.078471
35 38 0.078471
35 39 0.078472
35 40 0.078472
35 41 0.078472
35 42 0.078472
35 43 0.078473
35 44 0.078473
35 45 0.078473
35 46 0.078473
35 47 0.078473
35 48 0.078473
35 49 0.078473
35 50 0.078472
35 51 0.078472
35 52 0.078472
35 53 0.078472
35 54 0.078472
35 55 0.078472
35 56 0.078472
35 57 0.078472
35 58 0.078472
35 59 0.078472
35 60 0.078471
35 61 0.078471
35 62 0.078471
35 63 0.078471
35 64 0.078471
35 65 0.078471
35 66 0.078470
35 67 0.078470
35 68 0.078470
35 69 0.078470
35 70 0.078470
35 71 0.078470
35 72 0.078470
35 73 0.078470
35 74 0.078470
35 75 0.078469
35 76 0.078469
35 77 0.078469
35 78 0.078469
35 79 0.078469
35 80 0.078469
35 81 0.078469
35 82 0.078468
35 83 0.078468
35 84 0.078469
35 85 0.078469
35 86 0.078469
35 87 0.078469
35 88 0.078469
35 89 0.078469
35 90 0.078470
35 91 0.078470
35 92 0.078470
35 93 0.078470
35 94 0.078470
35 95 0.078470
35 96 0.078470
35 97 0.078470
35 98 0.078470
35 99 0.078470

36 0 0.078471
36 1 0.078471
36 2 0.078470
36 3 0.078471
36 4 0.078470
36 5 0.078470
36 6 0.078470
36 7 0.078470
36 8 0.078470
36 9 0.078470
36 10 0.078469
36 11 0.078469
36 12 0.078469
36 13 0.078469
36 14 0.078469
36 15 0.078469
36 16 0.078469
36 17 0.078469
36 18 0.078469
36 19 0.078469
36 20 0.078469
36 21 0.078469
36 22 0.078469
36 23 0.078469
36 24 0.078469
36 25 0.078469
36 26 0.078470
36 27 0.078470
36 28 0.078470
36 29 0.078470
36 30 0.078470
36 31 0.078471
36 32 0.078471
36 33 0.078471
36 34 0.078471
36 35 0.078471
36 36 0.078471
36 37 0.078471
36 38 0.078472
36 39 0.078472
36 40 0.078472
36 41 0.078472
36 42 0.078473
36 43 0.078473
36 44 0.078473
36 45 0.078473
36 46 0.078473
36 47 0.078473
36 48 0.078473
36 49 0.078473
36 50 0.078473
36 51 0.078473
36 52 0.078473
36 53 0.078473
36 54 0.078473
36 55 0.078473
36 56 0.078472
36 57 0.078472
36 58 0.078472
36 59 0.078472
36 60 0.078472
36 61 0.078472
36 62 0.078472
36 63 0.078471
36 64 0.078471
36 65 0.078471
36 66 0.078471
36 67 0.078471
36 68 0.078471
36 69 0.078470
36 70 0.078470
36 71 0.078470
36 72 0.078470
36 73 0.078470
36 74 0.078470
36 75 0.078470
36 76 0.078469
36 77 0.078469
36 78 0.078469
36 79 0.078469
36 80 0.078469
36 81 0.078469
36 82 0.078469
36 83 0.078469
36 84 0.078469
36 85 0.078469
36 86 0.078469
36 87 0.078469
36 88 0.078469
36 89 0.078470
36 90 0.078470
36 91 0.078470
36 92 0.078470
36 93 0.078470
36 94 0.078470
36 95 0.078470
36 96 0.078470
36 97 0.078470
36 98 0.078470
36 99 0.078470

37 0 0.078471
37 1 0.078471
37 2 0.078471
37 3 0.078471
37 4 0.078470
37 5 0.078470
37 6 0.078470
37 7 0.078470
37 8 0.078470
37 9 0.078470
37 10 0.078470
37 11 0.078470
37 12 0.078470
37 13 0.078470
37 14 0.078469
37 15 0.078469
37 16 0.078469
37 17 0.078469
37 18 0.078469
37 19 0.078469
37 20 0.078469
37 21 0.078469
37 22 0.078469
37 23 0.078470
37 24 0.078470
37 25 0.078470
37 26 0.078470
37 27 0.078470
37 28 0.078471
37 29 0.078471
37 30 0.078471
37 31 0.078471
37 32 0.078471
37 33 0.078471
37 34 0.078472
37 35 0.078472
37 36 0.078472
37 37 0.078472
37 38 0.078472
37 39 0.078472
37 40 0.078473
37 41 0.078473
37 42 0.078473
37 43 0.078473
37 44 0.078473
37 45 0.078473
37 46 0.078473
37 47 0.078473
37 48 0.078473
37 49 0.078473
37 50 0.078473
37 51 0.078473
37 52 0.078473
37 53 0.078473
37 54 0.078473
37 55 0.078473
37 56 0.078473
37 57 0.078473
37 58 0.078472
37 59 0.078472
37 60 0.078472
37 61 0.078472
37 62 0.078472
37 63 0.078471
37 64 0.078471
37 65 0.078471
37 66 0.078471
37 67 0.078471
37 68 0.078471
37 69 0.078471
37 70 0.078470
37 71 0.078470
37 72 0.078470
37 73 0.078470
37 74 0.078470
37 75 0.078470
37 76 0.078469
37 77 0.078469
37 78 0.078469
37 79 0.078469
37 80 0.078469
37 81 0.078469
37 82 0.078469
37 83 0.078469
37 84 0.078469
37 85 0.078469
37 86 0.078469
37 87 0.078469
37 88 0.078470
37 89 0.078470
37 90 0.078470
37 91 0.078470
37 92 0.078470
37 93 0.078470
37 94 0.078470
37 95 0.078470
37 96 0.078471
37 97 0.078470
37 98 0.078471
37 99 0.078471

38 0 0.078471
38 1 0.078471
38 2 0.078471
38 3 0.078471
38 4 0.078470
38 5 0.078471
38 6 0.078470
38 7 0.078470
38 8 0.078470
38 9 0.078470
38 10 0.078470
38 11 0.078470
38 12 0.078470
38 13 0.078470
38 14 0.078469
38 15 0.078469
38 16 0.078469
38 17 0.078469
38 18 0.078469
38 19 0.078469
38 20 0.078469
38 21 0.078469
38 22 0.078470
38 23 0.078470
38 24 0.078470
38 25 0.078470
38 26 0.078470
38 27 0.078470
38 28 0.078471
38 29 0.078471
38 30 0.078471
38 31 0.078471
38 32 0.078471
38 33 0.078472
38 34 0.078472
38 35 0.078472
38 36 0.078472
38 37 0.078472
38 38 0.078472
38 39 0.078473
38 40 0.078473
38 41 0.078473
38 42 0.078473
38 43 0.078473
38 44 0.078473
38 45 0.078473
38 46 0.078473
38 47 0.078473
38 48 0.078473
38 49 0.078474
38 50 0.078474
38 51 0.078474
38 52 0.078474
38 53 0.078473
38 54 0.078473
38 55 0.078473
38 56 0.078473
38 57 0.078473
38 58 0.078472
38 59 0.078472
38 60 0.078472
38 61 0.078472
38 62 0.078472
38 63 0.078471
38 64 0.078471
38 65 0.078471
38 66 0.078471
38 67 0.078471
38 68 0.078471
38 69 0.078471
38 70 0.078471
38 71 0.078470
38 72 0.078470
38 73 0.078470
38 74 0.078470
38 75 0.078470
38 76 0.078469
38 77 0.078469
38 78 0.078469
38 79 0.078469
38 80 0.078469
38 81 0.078469
38 82 0.078469
38 83 0.078469
38 84 0.078469
38 85 0.078469
38 86 0.078469
38 87 0.078469
38 88 0.078470
38 89 0.078470
38 90 0.078470
38 91 0.078470
38 92 0.078471
38 93 0.078471
38 94 0.078471
38 95 0.078470
38 96 0.078471
38 97 0.078471
38 98 0.078471
38 99 0.078471

39 0 0.078471
39 1 0.078471
39 2 0.078471
39 3 0.078471
39 4 0.078471
39 5 0.078471
39 6 0.078471
39 7 0.078471
39 8 0.078471
39 9 0.078470
39 10 0.078470
39 11 0.078470
39 12 0.078470
39 13 0.078470
39 14 0.078469
39 15 0.078469
39 16 0.078469
39 17 0.078469
39 18 0.078469
39 19 0.078469
39 20 0.078469
39 21 0.078469
39 22 0.078470
39 23 0.078470
39 24 0.078470
39 25 0.078470
39 26 0.078470
39 27 0.078471
39 28 0.078471
39 29 0.078471
39 30 0.078471
39 31 0.078471
39 32 0.078471
39 33 0.078472
39 34 0.078472
39 35 0.078472
39 36 0.078472
39 37 0.078472
39 38 0.078472
39 39 0.078472
39 40 0.078473
39 41 0.078473
39 42 0.078473
39 43 0.078473
39 44 0.078473
39 45 0.078473
39 46 0.078473
39 47 0.078473
39 48 0.078474
39 49 0.078474
39 50 0.078474
39 51 0.078474
39 52 0.078474
39 53 0.078473
39 54 0.078473
39 55 0.078473
39 56 0.078473
39 57 0.078473
39 58 0.078472
39 59 0.078472
39 60 0.078472
39 61 0.078472
39 62 0.078471
39 63 0.078471
39 64 0.078471
39 65 0.078471
39 66 0.078471
39 67 0.078471
39 68 0.078471
39 69 0.078471
39 70 0.078471
39 71 0.078470
39 72 0.078470
39 73 0.078470
39 74 0.078470
39 75 0.078469
39 76 0.078469
39 77 0.078469
39 78 0.078469
39 79 0.078469
39 80 0.078469
39 81 0.078469
39 82 0.078469
39 83 0.078469
39 84 0.078469
39 85 0.078469
39 86 0.078469
39 87 0.078469
39 88 0.078470
39 89 0.078470
39 90 0.078470
39 91 0.078470
39 92 0.078471
39 93 0.078471
39 94 0.078471
39 95 0.078471
39 96 0.078471
39 97 0.078471
39 98 0.078471
39 99 0.078471

40 0 0.078471
40 1 0.078471
40 2 0.078471
40 3 0.078471
40 4 0.078471
40 5 0.078471
40 6 0.078471
40 7 0.078471
40 8 0.078471
40 9 0.078470
40 10 0.078470
40 11 0.078470
40 12 0.078470
40 13 0.078469
40 14 0.078469
40 15 0.078469
40 16 0.078469
40 17 0.078469
40 18 0.078469
40 19 0.078469
40 20 0.078469
40 21 0.078469
40 22 0.078470
40 23 0.078470
40 24 0.078470
40 25 0.078470
40 26 0.078470
40 27 0.078470
40 28 0.078471
40 29 0.078471
40 30 0.078471
40 31 0.078471
40 32 0.078471
40 33 0.078471
40 34 0.078472
40 35 0.078472
40 36 0.078472
40 37 0.078472
40 38 0.078472
40 39 0.078472
40 40 0.078472
40 41 0.078472
40 42 0.078473
40 43 0.078473
40 44 0.078473
40 45 0.078473
40 46 0.078473
40 47 0.078474
40 48 0.078474
40 49 0.078474
40 50 0.078474
40 51 0.078474
40 52 0.078474
40 53 0.078473
40 54 0.078473
40 55 0.078473
40 56 0.078473
40 57 0.078473
40 58 0.078472
40 59 0.078472
40 60 0.078472
40 61 0.078471
40 62 0.078471
40 63 0.078471
40 64 0.078471
40 65 0.078471
40 66 0.078471
40 67 0.078471
40 68 0.078471
40 69 0.078471
40 70 0.078470
40 71 0.078470
40 72 0.078470
40 73 0.078470
40 74 0.078469
40 75 0.078469
40 76 0.078469
40 77 0.078469
40 78 0.078469
40 79 0.078469
40 80 0.078469
40 81 0.078469
40 82 0.078469
40 83 0.078469
40 84 0.078469
40 85 0.078469
40 86 0.078469
40 87 0.078469
40 88 0.078470
40 89 0.078470
40 90 0.078470
40 91 0.078471
40 92 0.078471
40 93 0.078471
40 94 0.078471
40 95 0.078471
40 96 0.078471
40 97 0.078471
40 98 0.078471
40 99 0.078471

41 0 0.078471
41 1 0.078471
41 2 0.078471
41 3 0.078471
41 4 0.078471
41 5 0.078471
41 6 0.078471
41 7 0.078471
41 8 0.078471
41 9 0.078470
41 10 0.078470
41 11 0.078470
41 12 0.078470
41 13 0.078469
41 14 0.078469
41 15 0.078469
41 16 0.078469
41 17 0.078469
41 18 0.078469
41 19 0.078469
41 20 0.078469
41 21 0.078469
41 22 0.078469
41 23 0.078470
41 24 0.078470
41 25 0.078470
41 26 0.078470
41 27 0.078470
41 28 0.078470
41 29 0.078471
41 30 0.078471
41 31 0.078471
41 32 0.078471
41 33 0.078471
41 34 0.078472
41 35 0.078472
41 36 0.078472
41 37 0.078472
41 38 0.078472
41 39 0.078472
41 40 0.078472
41 41 0.078472
41 42 0.078472
41 43 0.078473
41 44 0.078473
41 45 0.078473
41 46 0.078473
41 47 0.078474
41 48 0.078474
41 49 0.078474
41 50 0.078474
41 51 0.078474
41 52 0.078473
41 53 0.078473
41 54 0.078473
41 55 0.078473
41 56 0.078473
41 57 0.078473
41 58 0.078472
41 59 0.078472
41 60 0.078471
41 61 0.078471
41 62 0.078471
41 63 0.078471
41 64 0.078470
41 65 0.078470
41 66 0.078471
41 67 0.078471
41 68 0.078471
41 69 0.078471
41 70 0.078470
41 71 0.078470
41 72 0.078470
41 73 0.078470
41 74 0.078469
41 75 0.078469
41 76 0.078469
41 77 0.078469
41 78 0.078469
41 79 0.078469
41 80 0.078469
41 81 0.078469
41 82 0.078469
41 83 0.078469
41 84 0.078469
41 85 0.078469
41 86 0.078469
41 87 0.078469
41 88 0.078470
41 89 0.078470
41 90 0.078470
41 91 0.078471
41 92 0.078471
41 93 0.078471
41 94 0.078471
41 95 0.078471
41 96 0.078471
41 97 0.078471
41 98 0.078471
41 99 0.078471

42 0 0.078471
42 1 0.078471
42 2 0.078471
42 3 0.078471
42 4 0.078471
42 5 0.078471
42 6 0.078471
42 7 0.078471
42 8 0.078471
42 9 0.078470
42 10 0.078470
42 11 0.078470
42 12 0.078470
42 13 0.078469
42 14 0.078469
42 15 0.078469
42 16 0.078469
42 17 0.078469
42 18 0.078469
42 19 0.078469
42 20 0.078469
42 21 0.078469
42 22 0.078469
42 23 0.078469
42 24 0.078470
42 25 0.078470
42 26 0.078470
42 27 0.078470
42 28 0.078470
42 29 0.078471
42 30 0.078471
42 31 0.078471
42 32 0.078471
42 33 0.078471
42 34 0.078471
42 35 0.078472
42 36 0.078472
42 37 0.078472
42 38 0.078472
42 39 0.078472
42 40 0.078472
42 41 0.078472
42 42 0.078472
42 43 0.078473
42 44 0.078473
42 45 0.078473
42 46 0.078473
42 47 0.078474
42 48 0.078474
42 49 0.078474
42 50 0.078474
42 51 0.078474
42 52 0.078474
42 53 0.078473
42 54 0.078473
42 55 0.078473
42 56 0.078473
42 57 0.078473
42 58 0.078472
42 59 0.078472
42 60 0.078471
42 61 0.078471
42 62 0.078470
42 63 0.078470
42 64 0.078470
42 65 0.078470
42 66 0.078470
42 67 0.078471
42 68 0.078471
42 69 0.078470
42 70 0.078470
42 71 0.078470
42 72 0.078470
42 73 0.078469
42 74 0.078469
42 75 0.078469
42 76 0.078469
42 77 0.078469
42 78 0.078469
42 79 0.078469
42 80 0.078469
42 81 0.078469
42 82 0.078469
42 83 0.078469
42 84 0.078469
42 85 0.078469
42 86 0.078469
42 87 0.078469
42 88 0.078470
42 89 0.078470
42 90 0.078470
42 91 0.078471
42 92 0.078471
42 93 0.078471
42 94 0.078471
42 95 0.078471
42 96 0.078471
42 97 0.078471
42 98 0.078471
42 99 0.078471

43 0 0.078471
43 1 0.078471
43 2 0.078471
43 3 0.078471
43 4 0.078471
43 5 0.078471
43 6 0.078471
43 7 0.078471
43 8 0.078471
43 9 0.078470
43 10 0.078470
43 11 0.078470
43 12 0.078469
43 13 0.078469
43 14 0.078469
43 15 0.078469
43 16 0.078469
43 17 0.078469
43 18 0.078469
43 19 0.078469
43 20 0.078469
43 21 0.078469
43 22 0.078469
43 23 0.078469
43 24 0.078469
43 25 0.078470
43 26 0.078470
43 27 0.078470
43 28 0.078470
43 29 0.078470
43 30 0.078471
43 31 0.078471
43 32 0.078471
43 33 0.078471
43 34 0.078471
43 35 0.078471
43 36 0.078471
43 37 0.078471
43 38 0.078472
43 39 0.078472
43 40 0.078472
43 41 0.078472
43 42 0.078472
43 43 0.078473
43 44 0.078473
43 45 0.078473
43 46 0.078473
43 47 0.078473
43 48 0.078473
43 49 0.078473
43 50 0.078474
43 51 0.078474
43 52 0.078474
43 53 0.078474
43 54 0.078473
43 55 0.078473
43 56 0.078473
43 57 0.078472
43 58 0.078472
43 59 0.078471
43 60 0.078471
43 61 0.078470
43 62 0.078470
43 63 0.078470
43 64 0.078470
43 65 0.078470
43 66 0.078470
43 67 0.078471
43 68 0.078470
43 69 0.078470
43 70 0.078470
43 71 0.078470
43 72 0.078469
43 73 0.078469
43 74 0.078469
43 75 0.078469
43 76 0.078469
43 77 0.078469
43 78 0.078469
43 79 0.078469
43 80 0.078469
43 81 0.078468
43 82 0.078468
43 83 0.078468
43 84 0.078469
43 85 0.078469
43 86 0.078469
43 87 0.078469
43 88 0.078470
43 89 0.078470
43 90 0.078471
43 91 0.078471
43 92 0.078471
43 93 0.078471
43 94 0.078471
43 95 0.078471
43 96 0.078471
43 97 0.078471
43 98 0.078471
43 99 0.078471

44 0 0.078471
44 1 0.078471
44 2 0.078471
44 3 0.078471
44 4 0.078471
44 5 0.078471
44 6 0.078471
44 7 0.078471
44 8 0.078471
44 9 0.078470
44 10 0.078470
44 11 0.078470
44 12 0.078469
44 13 0.078469
44 14 0.078469
44 15 0.078469
44 16 0.078469
44 17 0.078469
44 18 0.078469
44 19 0.078469
44 20 0.078469
44 21 0.078469
44 22 0.078469
44 23 0.078469
44 24 0.078469
44 25 0.078469
44 26 0.078470
44 27 0.078470
44 28 0.078470
44 29 0.078470
44 30 0.078471
44 31 0.078471
44 32 0.078471
44 33 0.078471
44 34 0.078471
44 35 0.078471
44 36 0.078471
44 37 0.078471
44 38 0.078471
44 39 0.078472
44 40 0.078472
44 41 0.078472
44 42 0.078472
44 43 0.078473
44 44 0.078473
44 45 0.078473
44 46 0.078473
44 47 0.078473
44 48 0.078473
44 49 0.078473
44 50 0.078474
44 51 0.078474
44 52 0.078474
44 53 0.078474
44 54 0.078473
44 55 0.078473
44 56 0.078472
44 57 0.078472
44 58 0.078471
44 59 0.078471
44 60 0.078470
44 61 0.078470
44 62 0.078470
44 63 0.078470
44 64 0.078470
44 65 0.078470
44 66 0.078470
44 67 0.078470
44 68 0.078470
44 69 0.078470
44 70 0.078470
44 71 0.078470
44 72 0.078469
44 73 0.078469
44 74 0.078469
44 75 0.078469
44 76 0.078469
44 77 0.078469
44 78 0.078469
44 79 0.078468
44 80 0.078468
44 81 0.078468
44 82 0.078468
44 83 0.078468
44 84 0.078468
44 85 0.078469
44 86 0.078469
44 87 0.078469
44 88 0.078470
44 89 0.078470
44 90 0.078471
44 91 0.078471
44 92 0.078471
44 93 0.078472
44 94 0.078472
44 95 0.078471
44 96 0.078472
44 97 0.078471
44 98 0.078471
44 99 0.078471

45 0 0.078471
45 1 0.078471
45 2 0.078471
45 3 0.078471
45 4 0.078471
45 5 0.078471
45 6 0.078471
45 7 0.078471
45 8 0.078471
45 9 0.078471
45 10 0.078471
45 11 0.078471
45 12 0.078471
45 13 0.078470
45 14 0.078470
45 15 0.078470
45 16 0.078469
45 17 0.078469
45 18 0.078469
45 19 0.078469
45 20 0.078469
45 21 0.078469
45 22 0.078470
45 23 0.078470
45 24 0.078470
45 25 0.078470
45 26 0.078471
45 27 0.078471
45 28 0.078471
45 29 0.078471
45 30 0.078471
45 31 0.078471
45 32 0.078471
45 33 0.078471
45 34 0.078472
45 35 0.078472
45 36 0.078472
45 37 0.078472
45 38 0.078472
45 39 0.078473
45 40 0.078473
45 41 0.078473
45 42 0.078473
45 43 0.078473
45 44 0.078473
45 45 0.078474
45 46 0.078474
45 47 0.078475
45 48 0.078475
45 49 0.078475
45 50 0.078474
45 51 0.078474
45 52 0.078473
45 53 0.078472
45 54 0.078472
45 55 0.078471
45 56 0.078471
45 57 0.078472
45 58 0.078472
45 59 0.078472
45 60 0.078472
45 61 0.078472
45 62 0.078472
45 63 0.078472
45 64 0.078472
45 65 0.078472
45 66 0.078471
45 67 0.078471
45 68 0.078471
45 69 0.078471
45 70 0.078471
45 71 0.078470
45 72 0.078470
45 73 0.078470
45 74 0.078470
45 75 0.078469
45 76 0.078469
45 77 0.078469
45 78 0.078469
45 79 0.078469
45 80 0.078469
45 81 0.078469
45 82 0.078469
45 83 0.078470
45 84 0.078470
45 85 0.078470
45 86 0.078471
45 87 0.078471
45 88 0.078472
45 89 0.078472
45 90 0.078472
45 91 0.078472
45 92 0.078472
45 93 0.078472
45 94 0.078472
45 95 0.078471
45 96 0.078472
45 97 0.078471
45 98 0.078471
45 99 0.078471

46 0 0.078471
46 1 0.078471
46 2 0.078471
46 3 0.078471
46 4 0.078471
46 5 0.078471
46 6 0.078471
46 7 0.078471
46 8 0.078471
46 9 0.078471
46 10 0.078471
46 11 0.078471
46 12 0.078471
46 13 0.078470
46 14 0.078470
46 15 0.078470
46 16 0.078470
46 17 0.078469
46 18 0.078469
46 19 0.078469
46 20 0.078469
46 21 0.078469
46 22 0.078470
46 23 0.078470
46 24 0.078470
46 25 0.078470
46 26 0.078471
46 27 0.078471
46 28 0.078471
46 29 0.078471
46 30 0.078471
46 31 0.078471
46 32 0.078471
46 33 0.078471
46 34 0.078472
46 35 0.078472
46 36 0.078472
46 37 0.078472
46 38 0.078472
46 39 0.078472
46 40 0.078473
46 41 0.078473
46 42 0.078473
46 43 0.078473
46 44 0.078473
46 45 0.078474
46 46 0.078474
46 47 0.078475
46 48 0.078475
46 49 0.078474
46 50 0.078474
46 51 0.078473
46 52 0.078472
46 53 0.078472
46 54 0.078472
46 55 0.078472
46 56 0.078472
46 57 0.078472
46 58 0.078472
46 59 0.078472
46 60 0.078472
46 61 0.078471
46 62 0.078471
46 63 0.078471
46 64 0.078471
46 65 0.078471
46 66 0.078471
46 67 0.078471
46 68 0.078471
46 69 0.078471
46 70 0.078471
46 71 0.078471
46 72 0.078470
46 73 0.078470
46 74 0.078470
46 75 0.078469
46 76 0.078469
46 77 0.078469
46 78 0.078469
46 79 0.078469
46 80 0.078469
46 81 0.078469
46 82 0.078470
46 83 0.078470
46 84 0.078470
46 85 0.078471
46 86 0.078471
46 87 0.078472
46 88 0.078472
46 89 0.078472
46 90 0.078472
46 91 0.078472
46 92 0.078472
46 93 0.078472
46 94 0.078472
46 95 0.078471
46 96 0.078472
46 97 0.078471
46 98 0.078471
46 99 0.078471

47 0 0.078471
47 1 0.078471
47 2 0.078471
47 3 0.078471
47 4 0.078471
47 5 0.078471
47 6 0.078471
47 7 0.078471
47 8 0.078471
47 9 0.078471
47 10 0.078471
47 11 0.078471
47 12 0.078471
47 13 0.078470
47 14 0.078470
47 15 0.078470
47 16 0.078470
47 17 0.078470
47 18 0.078470
47 19 0.078470
47 20 0.078470
47 21 0.078470
47 22 0.078470
47 23 0.078470
47 24 0.078470
47 25 0.078471
47 26 0.078471
47 27 0.078471
47 28 0.078471
47 29 0.078471
47 30 0.078471
47 31 0.078471
47 32 0.078471
47 33 0.078472
47 34 0.078472
47 35 0.078472
47 36 0.078472
47 37 0.078472
47 38 0.078473
47 39 0.078473
47 40 0.078473
47 41 0.078473
47 42 0.078473
47 43 0.078474
47 44 0.078474
47 45 0.078475
47 46 0.078475
47 47 0.078475
47 48 0.078474
47 49 0.078474
47 50 0.078473
47 51 0.078472
47 52 0.078472
47 53 0.078472
47 54 0.078472
47 55 0.078472
47 56 0.078472
47 57 0.078472
47 58 0.078472
47 59 0.078472
47 60 0.078471
47 61 0.078471
47 62 0.078472
47 63 0.078472
47 64 0.078472
47 65 0.078472
47 66 0.078472
47 67 0.078472
47 68 0.078472
47 69 0.078471
47 70 0.078471
47 71 0.078471
47 72 0.078471
47 73 0.078470
47 74 0.078470
47 75 0.078470
47 76 0.078470
47 77 0.078470
47 78 0.078470
47 79 0.078470
47 80 0.078470
47 81 0.078470
47 82 0.078470
47 83 0.078470
47 84 0.078471
47 85 0.078471
47 86 0.078472
47 87 0.078472
47 88 0.078473
47 89 0.078473
47 90 0.078473
47 91 0.078473
47 92 0.078472
47 93 0.078472
47 94 0.078472
47 95 0.078472
47 96 0.078472
47 97 0.078471
47 98 0.078471
47 99 0.078471

48 0 0.078471
48 1 0.078471
48 2 0.078471
48 3 0.078471
48 4 0.078471
48 5 0.078472
48 6 0.078472
48 7 0.078472
48 8 0.078472
48 9 0.078472
48 10 0.078471
48 11 0.078471
48 12 0.078471
48 13 0.078471
48 14 0.078471
48 15 0.078470
48 16 0.078470
48 17 0.078470
48 18 0.078470
48 19 0.078470
48 20 0.078470
48 21 0.078470
48 22 0.078470
48 23 0.078470
48 24 0.078471
48 25 0.078471
48 26 0.078471
48 27 0.078471
48 28 0.078471
48 29 0.078471
48 30 0.078471
48 31 0.078471
48 32 0.078472
48 33 0.078472
48 34 0.078472
48 35 0.078472
48 36 0.078472
48 37 0.078472
48 38 0.078472
48 39 0.078473
48 40 0.078473
48 41 0.078473
48 42 0.078473
48 43 0.078474
48 44 0.078474
48 45 0.078475
48 46 0.078475
48 47 0.078474
48 48 0.078473
48 49 0.078473
48 50 0.078472
48 51 0.078472
48 52 0.078472
48 53 0.078472
48 54 0.078472
48 55 0.078472
48 56 0.078472
48 57 0.078472
48 58 0.078471
48 59 0.078471
48 60 0.078471
48 61 0.078471
48 62 0.078472
48 63 0.078472
48 64 0.078472
48 65 0.078472
48 66 0.078472
48 67 0.078472
48 68 0.078472
48 69 0.078471
48 70 0.078471
48 71 0.078471
48 72 0.078471
48 73 0.078471
48 74 0.078470
48 75 0.078470
48 76 0.078470
48 77 0.078470
48 78 0.078470
48 79 0.078470
48 80 0.078470
48 81 0.078470
48 82 0.078470
48 83 0.078471
48 84 0.078471
48 85 0.078472
48 86 0.078472
48 87 0.078473
48 88 0.078473
48 89 0.078473
48 90 0.078473
48 91 0.078473
48 92 0.078473
48 93 0.078472
48 94 0.078472
48 95 0.078472
48 96 0.078472
48 97 0.078471
48 98 0.078471
48 99 0.078471

49 0 0.078471
49 1 0.078471
49 2 0.078471
49 3 0.078472
49 4 0.078471
49 5 0.078472
49 6 0.078472
49 7 0.078472
49 8 0.078472
49 9 0.078472
49 10 0.078471
49 11 0.078471
49 12 0.078471
49 13 0.078471
49 14 0.078471
49 15 0.078471
49 16 0.078471
49 17 0.078470
49 18 0.078470
49 19 0.078470
49 20 0.078470
49 21 0.078470
49 22 0.078470
49 23 0.078471
49 24 0.078471
49 25 0.078471
49 26 0.078471
49 27 0.078471
49 28 0.078471
49 29 0.078471
49 30 0.078471
49 31 0.078471
49 32 0.078472
49 33 0.078472
49 34 0.078472
49 35 0.078472
49 36 0.078472
49 37 0.078472
49 38 0.078472
49 39 0.078472
49 40 0.078473
49 41 0.078473
49 42 0.078474
49 43 0.078474
49 44 0.078474
49 45 0.078474
49 46 0.078474
49 47 0.078473
49 48 0.078473
49 49 0.078472
49 50 0.078472
49 51 0.078472
49 52 0.078473
49 53 0.078473
49 54 0.078473
49 55 0.078472
49 56 0.078472
49 57 0.078471
49 58 0.078471
49 59 0.078471
49 60 0.078471
49 61 0.078471
49 62 0.078472
49 63 0.078472
49 64 0.078472
49 65 0.078472
49 66 0.078472
49 67 0.078472
49 68 0.078472
49 69 0.078472
49 70 0.078471
49 71 0.078471
49 72 0.078471
49 73 0.078471
49 74 0.078471
49 75 0.078470
49 76 0.078470
49 77 0.078470
49 78 0.078470
49 79 0.078470
49 80 0.078470
49 81 0.078470
49 82 0.078470
49 83 0.078471
49 84 0.078471
49 85 0.078472
49 86 0.078472
49 87 0.078473
49 88 0.078473
49 89 0.078473
49 90 0.078473
49 91 0.078473
49 92 0.078473
49 93 0.078472
49 94 0.078472
49 95 0.078472
49 96 0.078472
49 97 0.078471
49 98 0.078471
49 99 0.078471

50 0 0.078471
50 1 0.078471
50 2 0.078471
50 3 0.078472
50 4 0.078471
50 5 0.078472
50 6 0.078471
50 7 0.078472
50 8 0.078472
50 9 0.078472
50 10 0.078472
50 11 0.078471
50 12 0.078471
50 13 0.078471
50 14 0.078471
50 15 0.078471
50 16 0.078471
50 17 0.078471
50 18 0.078470
50 19 0.078470
50 20 0.078470
50 21 0.078470
50 22 0.078470
50 23 0.078471
50 24 0.078471
50 25 0.078471
50 26 0.078471
50 27 0.078471
50 28 0.078471
50 29 0.078471
50 30 0.078471
50 31 0.078471
50 32 0.078472
50 33 0.078472
50 34 0.078472
50 35 0.078472
50 36 0.078472
50 37 0.078472
50 38 0.078472
50 39 0.078472
50 40 0.078473
50 41 0.078473
50 42 0.078474
50 43 0.078474
50 44 0.078474
50 45 0.078474
50 46 0.078473
50 47 0.078473
50 48 0.078472
50 49 0.078472
50 50 0.078473
50 51 0.078473
50 52 0.078473
50 53 0.078473
50 54 0.078473
50 55 0.078472
50 56 0.078471
50 57 0.078471
50 58 0.078471
50 59 0.078471
50 60 0.078471
50 61 0.078472
50 62 0.078472
50 63 0.078472
50 64 0.078473
50 65 0.078472
50 66 0.078472
50 67 0.078472
50 68 0.078472
50 69 0.078472
50 70 0.078472
50 71 0.078471
50 72 0.078471
50 73 0.078471
50 74 0.078471
50 75 0.078471
50 76 0.078471
50 77 0.078470
50 78 0.078470
50 79 0.078470
50 80 0.078470
50 81 0.078470
50 82 0.078471
50 83 0.078471
50 84 0.078471
50 85 0.078472
50 86 0.078473
50 87 0.078473
50 88 0.078473
50 89 0.078473
50 90 0.078473
50 91 0.078473
50 92 0.078473
50 93 0.078472
50 94 0.078472
50 95 0.078472
50 96 0.078472
50 97 0.078471
50 98 0.078471
50 99 0.078471

51 0 0.078471
51 1 0.078471
51 2 0.078471
51 3 0.078472
51 4 0.078471
51 5 0.078472
51 6 0.078471
51 7 0.078472
51 8 0.078472
51 9 0.078472
51 10 0.078472
51 11 0.078472
51 12 0.078472
51 13 0.078472
51 14 0.078471
51 15 0.078471
51 16 0.078471
51 17 0.078471
51 18 0.078470
51 19 0.078470
51 20 0.078470
51 21 0.078470
51 22 0.078471
51 23 0.078471
51 24 0.078471
51 25 0.078471
51 26 0.078471
51 27 0.078471
51 28 0.078471
51 29 0.078471
51 30 0.078471
51 31 0.078472
51 32 0.078472
51 33 0.078472
51 34 0.078472
51 35 0.078472
51 36 0.078472
51 37 0.078472
51 38 0.078472
51 39 0.078472
51 40 0.078473
51 41 0.078473
51 42 0.078474
51 43 0.078474
51 44 0.078474
51 45 0.078473
51 46 0.078473
51 47 0.078472
51 48 0.078472
51 49 0.078473
51 50 0.078473
51 51 0.078473
51 52 0.078473
51 53 0.078473
51 54 0.078472
51 55 0.078472
51 56 0.078471
51 57 0.078471
51 58 0.078471
51 59 0.078471
51 60 0.078472
51 61 0.078472
51 62 0.078472
51 63 0.078473
51 64 0.078473
51 65 0.078472
51 66 0.078472
51 67 0.078472
51 68 0.078472
51 69 0.078472
51 70 0.078472
51 71 0.078472
51 72 0.078471
51 73 0.078471
51 74 0.078471
51 75 0.078471
51 76 0.078471
51 77 0.078471
51 78 0.078471
51 79 0.078470
51 80 0.078470
51 81 0.078471
51 82 0.078471
51 83 0.078471
51 84 0.078472
51 85 0.078472
51 86 0.078473
51 87 0.078473
51 88 0.078474
51 89 0.078474
51 90 0.078473
51 91 0.078473
51 92 0.078473
51 93 0.078472
51 94 0.078472
51 95 0.078472
51 96 0.078472
51 97 0.078471
51 98 0.078471
51 99 0.078471

52 0 0.078471
52 1 0.078471
52 2 0.078471
52 3 0.078472
52 4 0.078471
52 5 0.078472
52 6 0.078471
52 7 0.078472
52 8 0.078472
52 9 0.078472
52 10 0.078472
52 11 0.078472
52 12 0.078472
52 13 0.078472
52 14 0.078471
52 15 0.078471
52 16 0.078471
52 17 0.078471
52 18 0.078471
52 19 0.078470
52 20 0.078471
52 21 0.078471
52 22 0.078471
52 23 0.078471
52 24 0.078471
52 25 0.078471
52 26 0.078471
52 27 0.078471
52 28 0.078471
52 29 0.078471
52 30 0.078471
52 31 0.078472
52 32 0.078472
52 33 0.078472
52 34 0.078472
52 35 0.078472
52 36 0.078472
52 37 0.078472
52 38 0.078472
52 39 0.078473
52 40 0.078473
52 41 0.078473
52 42 0.078473
52 43 0.078473
52 44 0.078473
52 45 0.078473
52 46 0.078472
52 47 0.078472
52 48 0.078473
52 49 0.078473
52 50 0.078473
52 51 0.078473
52 52 0.078473
52 53 0.078472
52 54 0.078472
52 55 0.078471
52 56 0.078471
52 57 0.078471
52 58 0.078471
52 59 0.078471
52 60 0.078472
52 61 0.078472
52 62 0.078473
52 63 0.078473
52 64 0.078473
52 65 0.078473
52 66 0.078472
52 67 0.078472
52 68 0.078472
52 69 0.078472
52 70 0.078472
52 71 0.078472
52 72 0.078472
52 73 0.078471
52 74 0.078471
52 75 0.078471
52 76 0.078471
52 77 0.078471
52 78 0.078471
52 79 0.078471
52 80 0.078471
52 81 0.078471
52 82 0.078471
52 83 0.078471
52 84 0.078472
52 85 0.078473
52 86 0.078473
52 87 0.078473
52 88 0.078474
52 89 0.078473
52 90 0.078473
52 91 0.078473
52 92 0.078473
52 93 0.078472
52 94 0.078472
52 95 0.078472
52 96 0.078472
52 97 0.078471
52 98 0.078472
52 99 0.078472

53 0 0.078471
53 1 0.078471
53 2 0.078471
53 3 0.078472
53 4 0.078471
53 5 0.078472
53 6 0.078471
53 7 0.078472
53 8 0.078472
53 9 0.078472
53 10 0.078472
53 11 0.078472
53 12 0.078472
53 13 0.078472
53 14 0.078472
53 15 0.078471
53 16 0.078471
53 17 0.078471
53 18 0.078471
53 19 0.078471
53 20 0.078471
53 21 0.078471
53 22 0.078471
53 23 0.078471
53 24 0.078471
53 25 0.078471
53 26 0.078471
53 27 0.078471
53 28 0.078471
53 29 0.078471
53 30 0.078471
53 31 0.078472
53 32 0.078472
53 33 0.078472
53 34 0.078472
53 35 0.078472
53 36 0.078472
53 37 0.078472
53 38 0.078472
53 39 0.078473
53 40 0.078473
53 41 0.078473
53 42 0.078473
53 43 0.078473
53 44 0.078473
53 45 0.078472
53 46 0.078472
53 47 0.078473
53 48 0.078473
53 49 0.078473
53 50 0.078473
53 51 0.078473
53 52 0.078472
53 53 0.078472
53 54 0.078471
53 55 0.078471
53 56 0.078471
53 57 0.078471
53 58 0.078471
53 59 0.078472
53 60 0.078472
53 61 0.078473
53 62 0.078473
53 63 0.078473
53 64 0.078473
53 65 0.078473
53 66 0.078472
53 67 0.078472
53 68 0.078472
53 69 0.078472
53 70 0.078472
53 71 0.078472
53 72 0.078472
53 73 0.078471
53 74 0.078471
53 75 0.078471
53 76 0.078471
53 77 0.078471
53 78 0.078471
53 79 0.078471
53 80 0.078471
53 81 0.078471
53 82 0.078471
53 83 0.078472
53 84 0.078472
53 85 0.078473
53 86 0.078473
53 87 0.078473
53 88 0.078473
53 89 0.078473
53 90 0.078473
53 91 0.078473
53 92 0.078473
53 93 0.078472
53 94 0.078472
53 95 0.078472
53 96 0.078472
53 97 0.078471
53 98 0.078472
53 99 0.078472

54 0 0.078471
54 1 0.078471
54 2 0.078471
54 3 0.078472
54 4 0.078471
54 5 0.078472
54 6 0.078472
54 7 0.078472
54 8 0.078472
54 9 0.078472
54 10 0.078472
54 11 0.078472
54 12 0.078472
54 13 0.078472
54 14 0.078471
54 15 0.078471
54 16 0.078471
54 17 0.078471
54 18 0.078471
54 19 0.078471
54 20 0.078471
54 21 0.078471
54 22 0.078471
54 23 0.078471
54 24 0.078471
54 25 0.078471
54 26 0.078471
54 27 0.078471
54 28 0.078471
54 29 0.078471
54 30 0.078472
54 31 0.078472
54 32 0.078472
54 33 0.078472
54 34 0.078472
54 35 0.078472
54 36 0.078472
54 37 0.078472
54 38 0.078472
54 39 0.078473
54 40 0.078473
54 41 0.078473
54 42 0.078473
54 43 0.078473
54 44 0.078472
54 45 0.078472
54 46 0.078472
54 47 0.078473
54 48 0.078473
54 49 0.078473
54 50 0.078473
54 51 0.078472
54 52 0.078472
54 53 0.078471
54 54 0.078471
54 55 0.078471
54 56 0.078471
54 57 0.078471
54 58 0.078472
54 59 0.078472
54 60 0.078472
54 61 0.078473
54 62 0.078473
54 63 0.078473
54 64 0.078473
54 65 0.078473
54 66 0.078473
54 67 0.078472
54 68 0.078472
54 69 0.078472
54 70 0.078472
54 71 0.078472
54 72 0.078472
54 73 0.078471
54 74 0.078471
54 75 0.078471
54 76 0.078471
54 77 0.078471
54 78 0.078471
54 79 0.078471
54 80 0.078471
54 81 0.078471
54 82 0.078471
54 83 0.078472
54 84 0.078472
54 85 0.078473
54 86 0.078473
54 87 0.078473
54 88 0.078473
54 89 0.078473
54 90 0.078473
54 91 0.078473
54 92 0.078472
54 93 0.078472
54 94 0.078472
54 95 0.078472
54 96 0.078472
54 97 0.078471
54 98 0.078472
54 99 0.078472

55 0 0.078471
55 1 0.078471
55 2 0.078471
55 3 0.078472
55 4 0.078471
55 5 0.078472
55 6 0.078472
55 7 0.078472
55 8 0.078472
55 9 0.078472
55 10 0.078472
55 11 0.078472
55 12 0.078472
55 13 0.078472
55 14 0.078471
55 15 0.078471
55 16 0.078471
55 17 0.078471
55 18 0.078471
55 19 0.078471
55 20 0.078471
55 21 0.078471
55 22 0.078471
55 23 0.078471
55 24 0.078471
55 25 0.078471
55 26 0.078471
55 27 0.078471
55 28 0.078471
55 29 0.078471
55 30 0.078472
55 31 0.078472
55 32 0.078472
55 33 0.078472
55 34 0.078472
55 35 0.078472
55 36 0.078472
55 37 0.078472
55 38 0.078473
55 39 0.078473
55 40 0.078473
55 41 0.078473
55 42 0.078473
55 43 0.078472
55 44 0.078472
55 45 0.078472
55 46 0.078473
55 47 0.078473
55 48 0.078473
55 49 0.078473
55 50 0.078472
55 51 0.078472
55 52 0.078471
55 53 0.078471
55 54 0.078471
55 55 0.078471
55 56 0.078471
55 57 0.078471
55 58 0.078472
55 59 0.078472
55 60 0.078473
55 61 0.078473
55 62 0.078473
55 63 0.078473
55 64 0.078473
55 65 0.078473
55 66 0.078473
55 67 0.078472
55 68 0.078472
55 69 0.078472
55 70 0.078472
55 71 0.078472
55 72 0.078472
55 73 0.078471
55 74 0.078471
55 75 0.078471
55 76 0.078471
55 77 0.078471
55 78 0.078471
55 79 0.078471
55 80 0.078471
55 81 0.078471
55 82 0.078471
55 83 0.078472
55 84 0.078472
55 85 0.078472
55 86 0.078473
55 87 0.078473
55 88 0.078473
55 89 0.078473
55 90 0.078473
55 91 0.078472
55 92 0.078472
55 93 0.078472
55 94 0.078472
55 95 0.078472
55 96 0.078472
55 97 0.078471
55 98 0.078472
55 99 0.078472

56 0 0.078471
56 1 0.078471
56 2 0.078471
56 3 0.078472
56 4 0.078471
56 5 0.078472
56 6 0.078471
56 7 0.078472
56 8 0.078472
56 9 0.078472
56 10 0.078472
56 11 0.078472
56 12 0.078471
56 13 0.078471
56 14 0.078471
56 15 0.078471
56 16 0.078471
56 17 0.078471
56 18 0.078471
56 19 0.078471
56 20 0.078471
56 21 0.078471
56 22 0.078471
56 23 0.078470
56 24 0.078470
56 25 0.078471
56 26 0.078471
56 27 0.078471
56 28 0.078471
56 29 0.078471
56 30 0.078471
56 31 0.078471
56 32 0.078471
56 33 0.078472
56 34 0.078472
56 35 0.078472
56 36 0.078472
56 37 0.078472
56 38 0.078472
56 39 0.078473
56 40 0.078473
56 41 0.078473
56 42 0.078472
56 43 0.078472
56 44 0.078472
56 45 0.078472
56 46 0.078473
56 47 0.078473
56 48 0.078473
56 49 0.078472
56 50 0.078472
56 51 0.078471
56 52 0.078471
56 53 0.078471
56 54 0.078471
56 55 0.078471
56 56 0.078471
56 57 0.078472
56 58 0.078472
56 59 0.078473
56 60 0.078473
56 61 0.078473
56 62 0.078473
56 63 0.078473
56 64 0.078473
56 65 0.078473
56 66 0.078472
56 67 0.078472
56 68 0.078472
56 69 0.078472
56 70 0.078472
56 71 0.078472
56 72 0.078471
56 73 0.078471
56 74 0.078471
56 75 0.078471
56 76 0.078471
56 77 0.078471
56 78 0.078471
56 79 0.078471
56 80 0.078471
56 81 0.078471
56 82 0.078471
56 83 0.078471
56 84 0.078472
56 85 0.078472
56 86 0.078472
56 87 0.078473
56 88 0.078473
56 89 0.078472
56 90 0.078472
56 91 0.078472
56 92 0.078472
56 93 0.078472
56 94 0.078472
56 95 0.078471
56 96 0.078472
56 97 0.078471
56 98 0.078471
56 99 0.078471

57 0 0.078471
57 1 0.078471
57 2 0.078471
57 3 0.078471
57 4 0.078471
57 5 0.078471
57 6 0.078471
57 7 0.078471
57 8 0.078471
57 9 0.078471
57 10 0.078471
57 11 0.078471
57 12 0.078471
57 13 0.078471
57 14 0.078471
57 15 0.078471
57 16 0.078470
57 17 0.078470
57 18 0.078470
57 19 0.078470
57 20 0.078470
57 21 0.078470
57 22 0.078470
57 23 0.078470
57 24 0.078470
57 25 0.078470
57 26 0.078470
57 27 0.078471
57 28 0.078471
57 29 0.078471
57 30 0.078471
57 31 0.078471
57 32 0.078471
57 33 0.078471
57 34 0.078472
57 35 0.078472
57 36 0.078472
57 37 0.078472
57 38 0.078472
57 39 0.078472
57 40 0.078472
57 41 0.078472
57 42 0.078472
57 43 0.078472
57 44 0.078472
57 45 0.078472
57 46 0.078472
57 47 0.078472
57 48 0.078472
57 49 0.078472
57 50 0.078471
57 51 0.078471
57 52 0.078471
57 53 0.078471
57 54 0.078471
57 55 0.078471
57 56 0.078472
57 57 0.078472
57 58 0.078472
57 59 0.078473
57 60 0.078473
57 61 0.078473
57 62 0.078473
57 63 0.078473
57 64 0.078473
57 65 0.078473
57 66 0.078472
57 67 0.078472
57 68 0.078472
57 69 0.078472
57 70 0.078472
57 71 0.078471
57 72 0.078471
57 73 0.078471
57 74 0.078471
57 75 0.078471
57 76 0.078471
57 77 0.078470
57 78 0.078470
57 79 0.078470
57 80 0.078470
57 81 0.078470
57 82 0.078470
57 83 0.078471
57 84 0.078471
57 85 0.078472
57 86 0.078472
57 87 0.078472
57 88 0.078472
57 89 0.078472
57 90 0.078472
57 91 0.078472
57 92 0.078472
57 93 0.078472
57 94 0.078472
57 95 0.078471
57 96 0.078472
57 97 0.078471
57 98 0.078471
57 99 0.078471

58 0 0.078471
58 1 0.078471
58 2 0.078470
58 3 0.078471
58 4 0.078470
58 5 0.078471
58 6 0.078471
58 7 0.078471
58 8 0.078471
58 9 0.078471
58 10 0.078471
58 11 0.078471
58 12 0.078471
58 13 0.078470
58 14 0.078470
58 15 0.078470
58 16 0.078470
58 17 0.078470
58 18 0.078470
58 19 0.078470
58 20 0.078470
58 21 0.078470
58 22 0.078470
58 23 0.078470
58 24 0.078470
58 25 0.078470
58 26 0.078470
58 27 0.078470
58 28 0.078470
58 29 0.078471
58 30 0.078471
58 31 0.078471
58 32 0.078471
58 33 0.078471
58 34 0.078471
58 35 0.078472
58 36 0.078472
58 37 0.078472
58 38 0.078472
58 39 0.078472
58 40 0.078472
58 41 0.078472
58 42 0.078472
58 43 0.078472
58 44 0.078472
58 45 0.078472
58 46 0.078472
58 47 0.078472
58 48 0.078472
58 49 0.078471
58 50 0.078471
58 51 0.078471
58 52 0.078471
58 53 0.078471
58 54 0.078471
58 55 0.078471
58 56 0.078472
58 57 0.078472
58 58 0.078472
58 59 0.078473
58 60 0.078473
58 61 0.078473
58 62 0.078473
58 63 0.078473
58 64 0.078472
58 65 0.078472
58 66 0.078472
58 67 0.078472
58 68 0.078472
58 69 0.078471
58 70 0.078471
58 71 0.078471
58 72 0.078471
58 73 0.078471
58 74 0.078470
58 75 0.078470
58 76 0.078470
58 77 0.078470
58 78 0.078470
58 79 0.078470
58 80 0.078470
58 81 0.078470
58 82 0.078470
58 83 0.078470
58 84 0.078471
58 85 0.078471
58 86 0.078471
58 87 0.078472
58 88 0.078472
58 89 0.078472
58 90 0.078472
58 91 0.078471
58 92 0.078471
58 93 0.078471
58 94 0.078472
58 95 0.078471
58 96 0.078471
58 97 0.078471
58 98 0.078471
58 99 0.078471

59 0 0.078471
59 1 0.078471
59 2 0.078470
59 3 0.078471
59 4 0.078470
59 5 0.078470
59 6 0.078470
59 7 0.078470
59 8 0.078470
59 9 0.078470
59 10 0.078470
59 11 0.078470
59 12 0.078470
59 13 0.078470
59 14 0.078470
59 15 0.078470
59 16 0.078470
59 17 0.078470
59 18 0.078470
59 19 0.078470
59 20 0.078469
59 21 0.078469
59 22 0.078469
59 23 0.078469
59 24 0.078469
59 25 0.078470
59 26 0.078470
59 27 0.078470
59 28 0.078470
59 29 0.078470
59 30 0.078470
59 31 0.078471
59 32 0.078471
59 33 0.078471
59 34 0.078471
59 35 0.078471
59 36 0.078472
59 37 0.078472
59 38 0.078472
59 39 0.078472
59 40 0.078472
59 41 0.078472
59 42 0.078472
59 43 0.078472
59 44 0.078472
59 45 0.078472
59 46 0.078472
59 47 0.078472
59 48 0.078471
59 49 0.078471
59 50 0.078471
59 51 0.078471
59 52 0.078471
59 53 0.078471
59 54 0.078471
59 55 0.078471
59 56 0.078472
59 57 0.078472
59 58 0.078472
59 59 0.078473
59 60 0.078473
59 61 0.078473
59 62 0.078473
59 63 0.078472
59 64 0.078472
59 65 0.078472
59 66 0.078472
59 67 0.078471
59 68 0.078471
59 69 0.078471
59 70 0.078471
59 71 0.078471
59 72 0.078470
59 73 0.078470
59 74 0.078470
59 75 0.078470
59 76 0.078470
59 77 0.078470
59 78 0.078469
59 79 0.078469
59 80 0.078470
59 81 0.078470
59 82 0.078470
59 83 0.078470
59 84 0.078471
59 85 0.078471
59 86 0.078471
59 87 0.078471
59 88 0.078471
59 89 0.078471
59 90 0.078471
59 91 0.078471
59 92 0.078471
59 93 0.078470
59 94 0.078471
59 95 0.078470
59 96 0.078470
59 97 0.078470
59 98 0.078470
59 99 0.078470

60 0 0.078470
60 1 0.078470
60 2 0.078469
60 3 0.078470
60 4 0.078469
60 5 0.078470
60 6 0.078469
60 7 0.078470
60 8 0.078470
60 9 0.078470
60 10 0.078470
60 11 0.078470
60 12 0.078470
60 13 0.078470
60 14 0.078470
60 15 0.078470
60 16 0.078470
60 17 0.078469
60 18 0.078469
60 19 0.078469
60 20 0.078469
60 21 0.078469
60 22 0.078469
60 23 0.078469
60 24 0.078470
60 25 0.078470
60 26 0.078470
60 27 0.078470
60 28 0.078470
60 29 0.078470
60 30 0.078471
60 31 0.078471
60 32 0.078471
60 33 0.078471
60 34 0.078471
60 35 0.078472
60 36 0.078472
60 37 0.078472
60 38 0.078472
60 39 0.078472
60 40 0.078472
60 41 0.078472
60 42 0.078472
60 43 0.078472
60 44 0.078472
60 45 0.078472
60 46 0.078472
60 47 0.078472
60 48 0.078471
60 49 0.078471
60 50 0.078471
60 51 0.078472
60 52 0.078472
60 53 0.078472
60 54 0.078472
60 55 0.078472
60 56 0.078472
60 57 0.078472
60 58 0.078472
60 59 0.078472
60 60 0.078472
60 61 0.078472
60 62 0.078472
60 63 0.078472
60 64 0.078472
60 65 0.078471
60 66 0.078471
60 67 0.078471
60 68 0.078471
60 69 0.078471
60 70 0.078471
60 71 0.078470
60 72 0.078470
60 73 0.078470
60 74 0.078470
60 75 0.078469
60 76 0.078469
60 77 0.078469
60 78 0.078469
60 79 0.078469
60 80 0.078469
60 81 0.078470
60 82 0.078470
60 83 0.078470
60 84 0.078470
60 85 0.078470
60 86 0.078471
60 87 0.078470
60 88 0.078470
60 89 0.078470
60 90 0.078470
60 91 0.078470
60 92 0.078470
60 93 0.078470
60 94 0.078470
60 95 0.078470
60 96 0.078470
60 97 0.078470
60 98 0.078470
60 99 0.078470

61 0 0.078469
61 1 0.078469
61 2 0.078469
61 3 0.078469
61 4 0.078469
61 5 0.078469
61 6 0.078469
61 7 0.078469
61 8 0.078469
61 9 0.078469
61 10 0.078469
61 11 0.078469
61 12 0.078469
61 13 0.078469
61 14 0.078469
61 15 0.078469
61 16 0.078469
61 17 0.078469
61 18 0.078469
61 19 0.078469
61 20 0.078469
61 21 0.078469
61 22 0.078469
61 23 0.078469
61 24 0.078469
61 25 0.078469
61 26 0.078470
61 27 0.078470
61 28 0.078470
61 29 0.078470
61 30 0.078470
61 31 0.078471
61 32 0.078471
61 33 0.078471
61 34 0.078471
61 35 0.078471
61 36 0.078471
61 37 0.078471
61 38 0.078471
61 39 0.078472
61 40 0.078472
61 41 0.078472
61 42 0.078472
61 43 0.078472
61 44 0.078471
61 45 0.078471
61 46 0.078471
61 47 0.078471
61 48 0.078471
61 49 0.078471
61 50 0.078471
61 51 0.078471
61 52 0.078472
61 53 0.078472
61 54 0.078472
61 55 0.078472
61 56 0.078472
61 57 0.078472
61 58 0.078472
61 59 0.078472
61 60 0.078472
61 61 0.078472
61 62 0.078472
61 63 0.078471
61 64 0.078471
61 65 0.078471
61 66 0.078471
61 67 0.078471
61 68 0.078471
61 69 0.078470
61 70 0.078470
61 71 0.078470
61 72 0.078470
61 73 0.078469
61 74 0.078469
61 75 0.078469
61 76 0.078469
61 77 0.078469
61 78 0.078469
61 79 0.078469
61 80 0.078469
61 81 0.078469
61 82 0.078470
61 83 0.078470
61 84 0.078470
61 85 0.078470
61 86 0.078470
61 87 0.078470
61 88 0.078470
61 89 0.078470
61 90 0.078470
61 91 0.078470
61 92 0.078470
61 93 0.078469
61 94 0.078470
61 95 0.078469
61 96 0.078469
61 97 0.078469
61 98 0.078469
61 99 0.078469

62 0 0.078468
62 1 0.078468
62 2 0.078468
62 3 0.078469
62 4 0.078468
62 5 0.078469
62 6 0.078469
62 7 0.078469
62 8 0.078469
62 9 0.078469
62 10 0.078469
62 11 0.078469
62 12 0.078469
62 13 0.078469
62 14 0.078469
62 15 0.078469
62 16 0.078469
62 17 0.078469
62 18 0.078469
62 19 0.078469
62 20 0.078469
62 21 0.078469
62 22 0.078469
62 23 0.078469
62 24 0.078469
62 25 0.078469
62 26 0.078469
62 27 0.078470
62 28 0.078470
62 29 0.078470
62 30 0.078470
62 31 0.078470
62 32 0.078471
62 33 0.078471
62 34 0.078471
62 35 0.078471
62 36 0.078471
62 37 0.078471
62 38 0.078471
62 39 0.078471
62 40 0.078471
62 41 0.078471
62 42 0.078471
62 43 0.078471
62 44 0.078471
62 45 0.078471
62 46 0.078471
62 47 0.078471
62 48 0.078471
62 49 0.078471
62 50 0.078472
62 51 0.078472
62 52 0.078472
62 53 0.078472
62 54 0.078472
62 55 0.078472
62 56 0.078472
62 57 0.078472
62 58 0.078472
62 59 0.078472
62 60 0.078472
62 61 0.078471
62 62 0.078471
62 63 0.078471
62 64 0.078471
62 65 0.078471
62 66 0.078471
62 67 0.078471
62 68 0.078470
62 69 0.078470
62 70 0.078470
62 71 0.078469
62 72 0.078469
62 73 0.078469
62 74 0.078469
62 75 0.078469
62 76 0.078469
62 77 0.078469
62 78 0.078469
62 79 0.078469
62 80 0.078469
62 81 0.078470
62 82 0.078470
62 83 0.078470
62 84 0.078470
62 85 0.078470
62 86 0.078469
62 87 0.078469
62 88 0.078469
62 89 0.078469
62 90 0.078469
62 91 0.078469
62 92 0.078469
62 93 0.078469
62 94 0.078469
62 95 0.078469
62 96 0.078469
62 97 0.078469
62 98 0.078469
62 99 0.078469

63 0 0.078468
63 1 0.078468
63 2 0.078468
63 3 0.078468
63 4 0.078468
63 5 0.078469
63 6 0.078469
63 7 0.078469
63 8 0.078469
63 9 0.078469
63 10 0.078469
63 11 0.078469
63 12 0.078469
63 13 0.078469
63 14 0.078469
63 15 0.078469
63 16 0.078469
63 17 0.078469
63 18 0.078469
63 19 0.078469
63 20 0.078469
63 21 0.078469
63 22 0.078469
63 23 0.078469
63 24 0.078469
63 25 0.078469
63 26 0.078469
63 27 0.078469
63 28 0.078470
63 29 0.078470
63 30 0.078470
63 31 0.078470
63 32 0.078470
63 33 0.078470
63 34 0.078471
63 35 0.078471
63 36 0.078471
63 37 0.078471
63 38 0.078471
63 39 0.078471
63 40 0.078471
63 41 0.078471
63 42 0.078471
63 43 0.078471
63 44 0.078471
63 45 0.078471
63 46 0.078471
63 47 0.078471
63 48 0.078471
63 49 0.078471
63 50 0.078472
63 51 0.078472
63 52 0.078472
63 53 0.078472
63 54 0.078472
63 55 0.078472
63 56 0.078472
63 57 0.078472
63 58 0.078472
63 59 0.078472
63 60 0.078471
63 61 0.078471
63 62 0.078471
63 63 0.078471
63 64 0.078471
63 65 0.078471
63 66 0.078470
63 67 0.078470
63 68 0.078470
63 69 0.078470
63 70 0.078469
63 71 0.078469
63 72 0.078469
63 73 0.078469
63 74 0.078469
63 75 0.078469
63 76 0.078469
63 77 0.078469
63 78 0.078469
63 79 0.078469
63 80 0.078469
63 81 0.078469
63 82 0.078469
63 83 0.078469
63 84 0.078469
63 85 0.078469
63 86 0.078469
63 87 0.078469
63 88 0.078469
63 89 0.078469
63 90 0.078469
63 91 0.078469
63 92 0.078469
63 93 0.078469
63 94 0.078469
63 95 0.078468
63 96 0.078468
63 97 0.078468
63 98 0.078468
63 99 0.078468

64 0 0.078468
64 1 0.078468
64 2 0.078468
64 3 0.078468
64 4 0.078468
64 5 0.078468
64 6 0.078468
64 7 0.078468
64 8 0.078468
64 9 0.078468
64 10 0.078468
64 11 0.078468
64 12 0.078468
64 13 0.078468
64 14 0.078468
64 15 0.078468
64 16 0.078468
64 17 0.078468
64 18 0.078468
64 19 0.078468
64 20 0.078468
64 21 0.078468
64 22 0.078468
64 23 0.078469
64 24 0.078469
64 25 0.078469
64 26 0.078469
64 27 0.078469
64 28 0.078469
64 29 0.078469
64 30 0.078470
64 31 0.078470
64 32 0.078470
64 33 0.078470
64 34 0.078470
64 35 0.078470
64 36 0.078470
64 37 0.078471
64 38 0.078471
64 39 0.078471
64 40 0.078471
64 41 0.078471
64 42 0.078471
64 43 0.078471
64 44 0.078471
64 45 0.078471
64 46 0.078471
64 47 0.078471
64 48 0.078471
64 49 0.078471
64 50 0.078472
64 51 0.078472
64 52 0.078472
64 53 0.078472
64 54 0.078472
64 55 0.078472
64 56 0.078472
64 57 0.078472
64 58 0.078471
64 59 0.078471
64 60 0.078471
64 61 0.078471
64 62 0.078471
64 63 0.078470
64 64 0.078470
64 65 0.078470
64 66 0.078470
64 67 0.078470
64 68 0.078469
64 69 0.078469
64 70 0.078469
64 71 0.078469
64 72 0.078468
64 73 0.078469
64 74 0.078469
64 75 0.078469
64 76 0.078469
64 77 0.078469
64 78 0.078469
64 79 0.078469
64 80 0.078469
64 81 0.078469
64 82 0.078469
64 83 0.078469
64 84 0.078469
64 85 0.078468
64 86 0.078468
64 87 0.078468
64 88 0.078468
64 89 0.078468
64 90 0.078468
64 91 0.078468
64 92 0.078468
64 93 0.078468
64 94 0.078468
64 95 0.078468
64 96 0.078468
64 97 0.078468
64 98 0.078468
64 99 0.078468

65 0 0.078468
65 1 0.078468
65 2 0.078468
65 3 0.078468
65 4 0.078468
65 5 0.078468
65 6 0.078468
65 7 0.078468
65 8 0.078468
65 9 0.078468
65 10 0.078468
65 11 0.078468
65 12 0.078468
65 13 0.078468
65 14 0.078468
65 15 0.078468
65 16 0.078468
65 17 0.078468
65 18 0.078468
65 19 0.078468
65 20 0.078468
65 21 0.078468
65 22 0.078468
65 23 0.078468
65 24 0.078469
65 25 0.078469
65 26 0.078469
65 27 0.078469
65 28 0.078469
65 29 0.078469
65 30 0.078469
65 31 0.078470
65 32 0.078470
65 33 0.078470
65 34 0.078470
65 35 0.078470
65 36 0.078470
65 37 0.078470
65 38 0.078470
65 39 0.078470
65 40 0.078471
65 41 0.078471
65 42 0.078471
65 43 0.078471
65 44 0.078471
65 45 0.078471
65 46 0.078471
65 47 0.078471
65 48 0.078471
65 49 0.078472
65 50 0.078472
65 51 0.078472
65 52 0.078472
65 53 0.078472
65 54 0.078472
65 55 0.078472
65 56 0.078472
65 57 0.078471
65 58 0.078471
65 59 0.078471
65 60 0.078471
65 61 0.078471
65 62 0.078470
65 63 0.078470
65 64 0.078470
65 65 0.078470
65 66 0.078470
65 67 0.078469
65 68 0.078469
65 69 0.078469
65 70 0.078469
65 71 0.078468
65 72 0.078469
65 73 0.078469
65 74 0.078469
65 75 0.078469
65 76 0.078469
65 77 0.078469
65 78 0.078469
65 79 0.078469
65 80 0.078468
65 81 0.078468
65 82 0.078468
65 83 0.078468
65 84 0.078468
65 85 0.078468
65 86 0.078468
65 87 0.078468
65 88 0.078468
65 89 0.078468
65 90 0.078468
65 91 0.078468
65 92 0.078468
65 93 0.078468
65 94 0.078468
65 95 0.078468
65 96 0.078468
65 97 0.078468
65 98 0.078468
65 99 0.078468

66 0 0.078467
66 1 0.078467
66 2 0.078468
66 3 0.078468
66 4 0.078467
66 5 0.078467
66 6 0.078467
66 7 0.078467
66 8 0.078467
66 9 0.078467
66 10 0.078467
66 11 0.078468
66 12 0.078468
66 13 0.078468
66 14 0.078468
66 15 0.078468
66 16 0.078468
66 17 0.078468
66 18 0.078468
66 19 0.078468
66 20 0.078468
66 21 0.078468
66 22 0.078468
66 23 0.078468
66 24 0.078468
66 25 0.078468
66 26 0.078469
66 27 0.078469
66 28 0.078469
66 29 0.078469
66 30 0.078469
66 31 0.078469
66 32 0.078469
66 33 0.078470
66 34 0.078470
66 35 0.078470
66 36 0.078470
66 37 0.078470
66 38 0.078470
66 39 0.078470
66 40 0.078470
66 41 0.078470
66 42 0.078470
66 43 0.078470
66 44 0.078470
66 45 0.078471
66 46 0.078471
66 47 0.078471
66 48 0.078471
66 49 0.078471
66 50 0.078472
66 51 0.078472
66 52 0.078472
66 53 0.078472
66 54 0.078472
66 55 0.078471
66 56 0.078471
66 57 0.078471
66 58 0.078471
66 59 0.078471
66 60 0.078470
66 61 0.078470
66 62 0.078470
66 63 0.078470
66 64 0.078470
66 65 0.078469
66 66 0.078469
66 67 0.078469
66 68 0.078469
66 69 0.078468
66 70 0.078468
66 71 0.078468
66 72 0.078468
66 73 0.078469
66 74 0.078469
66 75 0.078469
66 76 0.078469
66 77 0.078468
66 78 0.078468
66 79 0.078468
66 80 0.078468
66 81 0.078468
66 82 0.078468
66 83 0.078468
66 84 0.078468
66 85 0.078468
66 86 0.078468
66 87 0.078468
66 88 0.078468
66 89 0.078468
66 90 0.078468
66 91 0.078468
66 92 0.078468
66 93 0.078467
66 94 0.078467
66 95 0.078467
66 96 0.078467
66 97 0.078467
66 98 0.078467
66 99 0.078467

67 0 0.078467
67 1 0.078467
67 2 0.078467
67 3 0.078467
67 4 0.078467
67 5 0.078467
67 6 0.078467
67 7 0.078467
67 8 0.078467
67 9 0.078467
67 10 0.078467
67 11 0.078467
67 12 0.078467
67 13 0.078467
67 14 0.078467
67 15 0.078467
67 16 0.078467
67 17 0.078467
67 18 0.078467
67 19 0.078468
67 20 0.078468
67 21 0.078468
67 22 0.078468
67 23 0.078468
67 24 0.078468
67 25 0.078468
67 26 0.078468
67 27 0.078469
67 28 0.078469
67 29 0.078469
67 30 0.078469
67 31 0.078469
67 32 0.078469
67 33 0.078469
67 34 0.078469
67 35 0.078469
67 36 0.078470
67 37 0.078470
67 38 0.078470
67 39 0.078470
67 40 0.078470
67 41 0.078470
67 42 0.078470
67 43 0.078470
67 44 0.078470
67 45 0.078470
67 46 0.078471
67 47 0.078471
67 48 0.078471
67 49 0.078471
67 50 0.078471
67 51 0.078471
67 52 0.078471
67 53 0.078471
67 54 0.078471
67 55 0.078471
67 56 0.078471
67 57 0.078471
67 58 0.078471
67 59 0.078470
67 60 0.078470
67 61 0.078470
67 62 0.078470
67 63 0.078470
67 64 0.078469
67 65 0.078469
67 66 0.078469
67 67 0.078469
67 68 0.078469
67 69 0.078469
67 70 0.078469
67 71 0.078469
67 72 0.078469
67 73 0.078469
67 74 0.078469
67 75 0.078469
67 76 0.078469
67 77 0.078468
67 78 0.078468
67 79 0.078468
67 80 0.078468
67 81 0.078468
67 82 0.078468
67 83 0.078468
67 84 0.078467
67 85 0.078467
67 86 0.078467
67 87 0.078467
67 88 0.078467
67 89 0.078467
67 90 0.078467
67 91 0.078467
67 92 0.078467
67 93 0.078467
67 94 0.078467
67 95 0.078467
67 96 0.078467
67 97 0.078467
67 98 0.078467
67 99 0.078467

68 0 0.078467
68 1 0.078467
68 2 0.078467
68 3 0.078467
68 4 0.078467
68 5 0.078467
68 6 0.078467
68 7 0.078467
68 8 0.078467
68 9 0.078467
68 10 0.078467
68 11 0.078467
68 12 0.078467
68 13 0.078467
68 14 0.078467
68 15 0.078467
68 16 0.078467
68 17 0.078467
68 18 0.078467
68 19 0.078467
68 20 0.078468
68 21 0.078468
68 22 0.078468
68 23 0.078468
68 24 0.078468
68 25 0.078468
68 26 0.078468
68 27 0.078469
68 28 0.078469
68 29 0.078469
68 30 0.078469
68 31 0.078469
68 32 0.078469
68 33 0.078469
68 34 0.078469
68 35 0.078469
68 36 0.078469
68 37 0.078469
68 38 0.078469
68 39 0.078469
68 40 0.078469
68 41 0.078470
68 42 0.078470
68 43 0.078470
68 44 0.078470
68 45 0.078471
68 46 0.078471
68 47 0.078471
68 48 0.078471
68 49 0.078471
68 50 0.078471
68 51 0.078472
68 52 0.078472
68 53 0.078471
68 54 0.078471
68 55 0.078471
68 56 0.078471
68 57 0.078470
68 58 0.078470
68 59 0.078470
68 60 0.078470
68 61 0.078469
68 62 0.078469
68 63 0.078469
68 64 0.078469
68 65 0.078469
68 66 0.078469
68 67 0.078468
68 68 0.078468
68 69 0.078469
68 70 0.078469
68 71 0.078469
68 72 0.078469
68 73 0.078469
68 74 0.078469
68 75 0.078468
68 76 0.078468
68 77 0.078468
68 78 0.078468
68 79 0.078468
68 80 0.078468
68 81 0.078468
68 82 0.078467
68 83 0.078467
68 84 0.078467
68 85 0.078467
68 86 0.078467
68 87 0.078467
68 88 0.078467
68 89 0.078467
68 90 0.078467
68 91 0.078467
68 92 0.078467
68 93 0.078467
68 94 0.078467
68 95 0.078467
68 96 0.078467
68 97 0.078467
68 98 0.078467
68 99 0.078467

69 0 0.078467
69 1 0.078467
69 2 0.078467
69 3 0.078467
69 4 0.078467
69 5 0.078467
69 6 0.078467
69 7 0.078467
69 8 0.078467
69 9 0.078467
69 10 0.078467
69 11 0.078467
69 12 0.078467
69 13 0.078467
69 14 0.078467
69 15 0.078467
69 16 0.078467
69 17 0.078467
69 18 0.078467
69 19 0.078467
69 20 0.078467
69 21 0.078468
69 22 0.078468
69 23 0.078468
69 24 0.078468
69 25 0.078468
69 26 0.078468
69 27 0.078468
69 28 0.078469
69 29 0.078469
69 30 0.078469
69 31 0.078469
69 32 0.078469
69 33 0.078469
69 34 0.078469
69 35 0.078469
69 36 0.078469
69 37 0.078469
69 38 0.078469
69 39 0.078469
69 40 0.078469
69 41 0.078469
69 42 0.078470
69 43 0.078470
69 44 0.078470
69 45 0.078471
69 46 0.078471
69 47 0.078471
69 48 0.078471
69 49 0.078471
69 50 0.078471
69 51 0.078471
69 52 0.078471
69 53 0.078471
69 54 0.078471
69 55 0.078471
69 56 0.078470
69 57 0.078470
69 58 0.078470
69 59 0.078470
69 60 0.078469
69 61 0.078469
69 62 0.078469
69 63 0.078469
69 64 0.078469
69 65 0.078469
69 66 0.078468
69 67 0.078468
69 68 0.078468
69 69 0.078468
69 70 0.078469
69 71 0.078469
69 72 0.078469
69 73 0.078469
69 74 0.078468
69 75 0.078468
69 76 0.078468
69 77 0.078468
69 78 0.078468
69 79 0.078468
69 80 0.078468
69 81 0.078467
69 82 0.078467
69 83 0.078467
69 84 0.078467
69 85 0.078467
69 86 0.078467
69 87 0.078467
69 88 0.078467
69 89 0.078467
69 90 0.078467
69 91 0.078467
69 92 0.078467
69 93 0.078467
69 94 0.078467
69 95 0.078467
69 96 0.078467
69 97 0.078467
69 98 0.078467
69 99 0.078467

70 0 0.078467
70 1 0.078467
70 2 0.078467
70 3 0.078467
70 4 0.078467
70 5 0.078467
70 6 0.078467
70 7 0.078467
70 8 0.078467
70 9 0.078467
70 10 0.078467
70 11 0.078467
70 12 0.078467
70 13 0.078467
70 14 0.078467
70 15 0.078467
70 16 0.078467
70 17 0.078467
70 18 0.078467
70 19 0.078467
70 20 0.078467
70 21 0.078467
70 22 0.078468
70 23 0.078468
70 24 0.078468
70 25 0.078468
70 26 0.078468
70 27 0.078468
70 28 0.078469
70 29 0.078469
70 30 0.078469
70 31 0.078469
70 32 0.078469
70 33 0.078469
70 34 0.078469
70 35 0.078469
70 36 0.078469
70 37 0.078469
70 38 0.078469
70 39 0.078469
70 40 0.078469
70 41 0.078469
70 42 0.078470
70 43 0.078470
70 44 0.078470
70 45 0.078471
70 46 0.078471
70 47 0.078471
70 48 0.078471
70 49 0.078471
70 50 0.078471
70 51 0.078471
70 52 0.078471
70 53 0.078471
70 54 0.078471
70 55 0.078470
70 56 0.078470
70 57 0.078470
70 58 0.078469
70 59 0.078469
70 60 0.078469
70 61 0.078469
70 62 0.078469
70 63 0.078469
70 64 0.078469
70 65 0.078469
70 66 0.078469
70 67 0.078469
70 68 0.078469
70 69 0.078469
70 70 0.078469
70 71 0.078469
70 72 0.078469
70 73 0.078468
70 74 0.078468
70 75 0.078468
70 76 0.078468
70 77 0.078468
70 78 0.078468
70 79 0.078468
70 80 0.078467
70 81 0.078467
70 82 0.078467
70 83 0.078467
70 84 0.078467
70 85 0.078467
70 86 0.078467
70 87 0.078467
70 88 0.078467
70 89 0.078467
70 90 0.078467
70 91 0.078467
70 92 0.078467
70 93 0.078467
70 94 0.078467
70 95 0.078467
70 96 0.078467
70 97 0.078467
70 98 0.078467
70 99 0.078467

71 0 0.078467
71 1 0.078467
71 2 0.078467
71 3 0.078466
71 4 0.078467
71 5 0.078467
71 6 0.078467
71 7 0.078467
71 8 0.078467
71 9 0.078467
71 10 0.078466
71 11 0.078466
71 12 0.078466
71 13 0.078466
71 14 0.078466
71 15 0.078466
71 16 0.078466
71 17 0.078467
71 18 0.078467
71 19 0.078467
71 20 0.078467
71 21 0.078467
71 22 0.078467
71 23 0.078468
71 24 0.078468
71 25 0.078468
71 26 0.078468
71 27 0.078468
71 28 0.078468
71 29 0.078468
71 30 0.078468
71 31 0.078468
71 32 0.078468
71 33 0.078468
71 34 0.078468
71 35 0.078468
71 36 0.078468
71 37 0.078469
71 38 0.078469
71 39 0.078469
71 40 0.078469
71 41 0.078469
71 42 0.078470
71 43 0.078470
71 44 0.078470
71 45 0.078470
71 46 0.078471
71 47 0.078471
71 48 0.078471
71 49 0.078471
71 50 0.078471
71 51 0.078471
71 52 0.078471
71 53 0.078471
71 54 0.078471
71 55 0.078470
71 56 0.078470
71 57 0.078469
71 58 0.078469
71 59 0.078469
71 60 0.078469
71 61 0.078469
71 62 0.078469
71 63 0.078469
71 64 0.078469
71 65 0.078469
71 66 0.078469
71 67 0.078468
71 68 0.078468
71 69 0.078468
71 70 0.078469
71 71 0.078468
71 72 0.078468
71 73 0.078468
71 74 0.078468
71 75 0.078468
71 76 0.078468
71 77 0.078468
71 78 0.078468
71 79 0.078467
71 80 0.078467
71 81 0.078467
71 82 0.078466
71 83 0.078466
71 84 0.078466
71 85 0.078466
71 86 0.078466
71 87 0.078466
71 88 0.078466
71 89 0.078466
71 90 0.078466
71 91 0.078466
71 92 0.078466
71 93 0.078467
71 94 0.078467
71 95 0.078467
71 96 0.078467
71 97 0.078467
71 98 0.078467
71 99 0.078467

72 0 0.078466
72 1 0.078466
72 2 0.078467
72 3 0.078466
72 4 0.078467
72 5 0.078466
72 6 0.078467
72 7 0.078466
72 8 0.078466
72 9 0.078466
72 10 0.078466
72 11 0.078466
72 12 0.078466
72 13 0.078466
72 14 0.078466
72 15 0.078466
72 16 0.078466
72 17 0.078466
72 18 0.078466
72 19 0.078467
72 20 0.078467
72 21 0.078467
72 22 0.078467
72 23 0.078467
72 24 0.078468
72 25 0.078468
72 26 0.078468
72 27 0.078468
72 28 0.078468
72 29 0.078468
72 30 0.078468
72 31 0.078468
72 32 0.078468
72 33 0.078468
72 34 0.078468
72 35 0.078468
72 36 0.078468
72 37 0.078468
72 38 0.078468
72 39 0.078469
72 40 0.078469
72 41 0.078469
72 42 0.078469
72 43 0.078470
72 44 0.078470
72 45 0.078470
72 46 0.078471
72 47 0.078471
72 48 0.078471
72 49 0.078471
72 50 0.078471
72 51 0.078471
72 52 0.078471
72 53 0.078471
72 54 0.078470
72 55 0.078470
72 56 0.078469
72 57 0.078469
72 58 0.078469
72 59 0.078469
72 60 0.078469
72 61 0.078469
72 62 0.078469
72 63 0.078469
72 64 0.078469
72 65 0.078469
72 66 0.078469
72 67 0.078468
72 68 0.078468
72 69 0.078468
72 70 0.078468
72 71 0.078468
72 72 0.078468
72 73 0.078468
72 74 0.078468
72 75 0.078468
72 76 0.078468
72 77 0.078467
72 78 0.078467
72 79 0.078467
72 80 0.078467
72 81 0.078466
72 82 0.078466
72 83 0.078466
72 84 0.078466
72 85 0.078466
72 86 0.078466
72 87 0.078466
72 88 0.078466
72 89 0.078466
72 90 0.078466
72 91 0.078466
72 92 0.078466
72 93 0.078467
72 94 0.078466
72 95 0.078467
72 96 0.078466
72 97 0.078467
72 98 0.078467
72 99 0.078467

73 0 0.078466
73 1 0.078466
73 2 0.078466
73 3 0.078466
73 4 0.078466
73 5 0.078466
73 6 0.078466
73 7 0.078466
73 8 0.078466
73 9 0.078466
73 10 0.078466
73 11 0.078466
73 12 0.078466
73 13 0.078466
73 14 0.078466
73 15 0.078466
73 16 0.078466
73 17 0.078466
73 18 0.078466
73 19 0.078466
73 20 0.078467
73 21 0.078467
73 22 0.078467
73 23 0.078467
73 24 0.078467
73 25 0.078468
73 26 0.078468
73 27 0.078468
73 28 0.078468
73 29 0.078468
73 30 0.078468
73 31 0.078468
73 32 0.078468
73 33 0.078468
73 34 0.078468
73 35 0.078468
73 36 0.078468
73 37 0.078468
73 38 0.078468
73 39 0.078468
73 40 0.078469
73 41 0.078469
73 42 0.078469
73 43 0.078470
73 44 0.078470
73 45 0.078470
73 46 0.078471
73 47 0.078471
73 48 0.078471
73 49 0.078471
73 50 0.078471
73 51 0.078471
73 52 0.078470
73 53 0.078470
73 54 0.078470
73 55 0.078469
73 56 0.078469
73 57 0.078469
73 58 0.078469
73 59 0.078469
73 60 0.078469
73 61 0.078469
73 62 0.078469
73 63 0.078469
73 64 0.078469
73 65 0.078468
73 66 0.078468
73 67 0.078468
73 68 0.078468
73 69 0.078468
73 70 0.078468
73 71 0.078468
73 72 0.078468
73 73 0.078468
73 74 0.078468
73 75 0.078468
73 76 0.078467
73 77 0.078467
73 78 0.078467
73 79 0.078467
73 80 0.078466
73 81 0.078466
73 82 0.078466
73 83 0.078466
73 84 0.078466
73 85 0.078466
73 86 0.078466
73 87 0.078466
73 88 0.078466
73 89 0.078466
73 90 0.078466
73 91 0.078466
73 92 0.078466
73 93 0.078466
73 94 0.078466
73 95 0.078466
73 96 0.078466
73 97 0.078466
73 98 0.078466
73 99 0.078466

74 0 0.078466
74 1 0.078466
74 2 0.078466
74 3 0.078466
74 4 0.078466
74 5 0.078466
74 6 0.078466
74 7 0.078466
74 8 0.078466
74 9 0.078465
74 10 0.078465
74 11 0.078465
74 12 0.078465
74 13 0.078465
74 14 0.078465
74 15 0.078465
74 16 0.078465
74 17 0.078466
74 18 0.078466
74 19 0.078466
74 20 0.078466
74 21 0.078466
74 22 0.078467
74 23 0.078467
74 24 0.078467
74 25 0.078467
74 26 0.078467
74 27 0.078467
74 28 0.078467
74 29 0.078468
74 30 0.078468
74 31 0.078468
74 32 0.078468
74 33 0.078468
74 34 0.078468
74 35 0.078468
74 36 0.078468
74 37 0.078468
74 38 0.078468
74 39 0.078468
74 40 0.078469
74 41 0.078469
74 42 0.078469
74 43 0.078470
74 44 0.078470
74 45 0.078470
74 46 0.078470
74 47 0.078471
74 48 0.078471
74 49 0.078471
74 50 0.078471
74 51 0.078470
74 52 0.078470
74 53 0.078470
74 54 0.078469
74 55 0.078469
74 56 0.078469
74 57 0.078469
74 58 0.078469
74 59 0.078469
74 60 0.078469
74 61 0.078469
74 62 0.078469
74 63 0.078468
74 64 0.078468
74 65 0.078468
74 66 0.078468
74 67 0.078468
74 68 0.078468
74 69 0.078468
74 70 0.078468
74 71 0.078468
74 72 0.078468
74 73 0.078468
74 74 0.078468
74 75 0.078467
74 76 0.078467
74 77 0.078467
74 78 0.078467
74 79 0.078466
74 80 0.078466
74 81 0.078466
74 82 0.078465
74 83 0.078465
74 84 0.078466
74 85 0.078466
74 86 0.078466
74 87 0.078466
74 88 0.078466
74 89 0.078466
74 90 0.078466
74 91 0.078466
74 92 0.078466
74 93 0.078466
74 94 0.078466
74 95 0.078466
74 96 0.078466
74 97 0.078466
74 98 0.078466
74 99 0.078466

75 0 0.078466
75 1 0.078466
75 2 0.078466
75 3 0.078465
75 4 0.078466
75 5 0.078465
75 6 0.078465
75 7 0.078465
75 8 0.078465
75 9 0.078465
75 10 0.078465
75 11 0.078465
75 12 0.078465
75 13 0.078465
75 14 0.078465
75 15 0.078465
75 16 0.078465
75 17 0.078465
75 18 0.078465
75 19 0.078466
75 20 0.078466
75 21 0.078466
75 22 0.078466
75 23 0.078466
75 24 0.078467
75 25 0.078467
75 26 0.078467
75 27 0.078467
75 28 0.078467
75 29 0.078467
75 30 0.078467
75 31 0.078467
75 32 0.078467
75 33 0.078467
75 34 0.078467
75 35 0.078467
75 36 0.078468
75 37 0.078468
75 38 0.078468
75 39 0.078468
75 40 0.078468
75 41 0.078469
75 42 0.078469
75 43 0.078469
75 44 0.078470
75 45 0.078470
75 46 0.078470
75 47 0.078470
75 48 0.078470
75 49 0.078470
75 50 0.078470
75 51 0.078470
75 52 0.078470
75 53 0.078469
75 54 0.078469
75 55 0.078469
75 56 0.078469
75 57 0.078468
75 58 0.078469
75 59 0.078469
75 60 0.078469
75 61 0.078469
75 62 0.078468
75 63 0.078468
75 64 0.078468
75 65 0.078468
75 66 0.078468
75 67 0.078468
75 68 0.078468
75 69 0.078468
75 70 0.078468
75 71 0.078468
75 72 0.078468
75 73 0.078467
75 74 0.078467
75 75 0.078467
75 76 0.078467
75 77 0.078467
75 78 0.078466
75 79 0.078466
75 80 0.078465
75 81 0.078465
75 82 0.078465
75 83 0.078465
75 84 0.078465
75 85 0.078465
75 86 0.078465
75 87 0.078465
75 88 0.078465
75 89 0.078465
75 90 0.078465
75 91 0.078465
75 92 0.078465
75 93 0.078466
75 94 0.078465
75 95 0.078466
75 96 0.078465
75 97 0.078466
75 98 0.078466
75 99 0.078466

76 0 0.078466
76 1 0.078465
76 2 0.078465
76 3 0.078465
76 4 0.078465
76 5 0.078465
76 6 0.078465
76 7 0.078465
76 8 0.078465
76 9 0.078465
76 10 0.078464
76 11 0.078464
76 12 0.078464
76 13 0.078464
76 14 0.078464
76 15 0.078465
76 16 0.078465
76 17 0.078465
76 18 0.078465
76 19 0.078465
76 20 0.078465
76 21 0.078466
76 22 0.078466
76 23 0.078466
76 24 0.078466
76 25 0.078466
76 26 0.078467
76 27 0.078467
76 28 0.078467
76 29 0.078467
76 30 0.078467
76 31 0.078467
76 32 0.078467
76 33 0.078467
76 34 0.078467
76 35 0.078467
76 36 0.078467
76 37 0.078467
76 38 0.078468
76 39 0.078468
76 40 0.078468
76 41 0.078468
76 42 0.078469
76 43 0.078469
76 44 0.078469
76 45 0.078470
76 46 0.078470
76 47 0.078470
76 48 0.078470
76 49 0.078470
76 50 0.078470
76 51 0.078470
76 52 0.078470
76 53 0.078469
76 54 0.078469
76 55 0.078469
76 56 0.078468
76 57 0.078468
76 58 0.078468
76 59 0.078468
76 60 0.078468
76 61 0.078468
76 62 0.078468
76 63 0.078468
76 64 0.078468
76 65 0.078468
76 66 0.078468
76 67 0.078468
76 68 0.078468
76 69 0.078468
76 70 0.078468
76 71 0.078467
76 72 0.078467
76 73 0.078467
76 74 0.078467
76 75 0.078467
76 76 0.078467
76 77 0.078466
76 78 0.078466
76 79 0.078465
76 80 0.078465
76 81 0.078465
76 82 0.078465
76 83 0.078465
76 84 0.078465
76 85 0.078465
76 86 0.078465
76 87 0.078465
76 88 0.078465
76 89 0.078465
76 90 0.078465
76 91 0.078465
76 92 0.078465
76 93 0.078465
76 94 0.078465
76 95 0.078465
76 96 0.078465
76 97 0.078465
76 98 0.078465
76 99 0.078466

77 0 0.078465
77 1 0.078465
77 2 0.078465
77 3 0.078464
77 4 0.078465
77 5 0.078464
77 6 0.078464
77 7 0.078464
77 8 0.078464
77 9 0.078464
77 10 0.078464
77 11 0.078464
77 12 0.078464
77 13 0.078464
77 14 0.078464
77 15 0.078464
77 16 0.078464
77 17 0.078464
77 18 0.078465
77 19 0.078465
77 20 0.078465
77 21 0.078465
77 22 0.078465
77 23 0.078466
77 24 0.078466
77 25 0.078466
77 26 0.078466
77 27 0.078466
77 28 0.078467
77 29 0.078467
77 30 0.078467
77 31 0.078467
77 32 0.078467
77 33 0.078467
77 34 0.078467
77 35 0.078467
77 36 0.078467
77 37 0.078467
77 38 0.078467
77 39 0.078468
77 40 0.078468
77 41 0.078468
77 42 0.078469
77 43 0.078469
77 44 0.078469
77 45 0.078469
77 46 0.078470
77 47 0.078470
77 48 0.078470
77 49 0.078470
77 50 0.078470
77 51 0.078470
77 52 0.078469
77 53 0.078469
77 54 0.078468
77 55 0.078468
77 56 0.078468
77 57 0.078468
77 58 0.078468
77 59 0.078468
77 60 0.078468
77 61 0.078468
77 62 0.078468
77 63 0.078468
77 64 0.078468
77 65 0.078468
77 66 0.078468
77 67 0.078468
77 68 0.078468
77 69 0.078467
77 70 0.078467
77 71 0.078467
77 72 0.078467
77 73 0.078467
77 74 0.078467
77 75 0.078467
77 76 0.078466
77 77 0.078466
77 78 0.078466
77 79 0.078465
77 80 0.078465
77 81 0.078464
77 82 0.078464
77 83 0.078464
77 84 0.078464
77 85 0.078464
77 86 0.078464
77 87 0.078464
77 88 0.078464
77 89 0.078464
77 90 0.078464
77 91 0.078465
77 92 0.078464
77 93 0.078465
77 94 0.078464
77 95 0.078465
77 96 0.078464
77 97 0.078465
77 98 0.078465
77 99 0.078465

78 0 0.078465
78 1 0.078464
78 2 0.078464
78 3 0.078464
78 4 0.078464
78 5 0.078464
78 6 0.078464
78 7 0.078464
78 8 0.078464
78 9 0.078463
78 10 0.078463
78 11 0.078463
78 12 0.078463
78 13 0.078463
78 14 0.078463
78 15 0.078464
78 16 0.078464
78 17 0.078464
78 18 0.078464
78 19 0.078464
78 20 0.078464
78 21 0.078465
78 22 0.078465
78 23 0.078465
78 24 0.078465
78 25 0.078466
78 26 0.078466
78 27 0.078466
78 28 0.078466
78 29 0.078466
78 30 0.078466
78 31 0.078466
78 32 0.078466
78 33 0.078466
78 34 0.078466
78 35 0.078466
78 36 0.078467
78 37 0.078467
78 38 0.078467
78 39 0.078467
78 40 0.078468
78 41 0.078468
78 42 0.078468
78 43 0.078469
78 44 0.078469
78 45 0.078469
78 46 0.078469
78 47 0.078469
78 48 0.078470
78 49 0.078470
78 50 0.078469
78 51 0.078469
78 52 0.078469
78 53 0.078469
78 54 0.078468
78 55 0.078468
78 56 0.078468
78 57 0.078468
78 58 0.078468
78 59 0.078468
78 60 0.078468
78 61 0.078468
78 62 0.078468
78 63 0.078467
78 64 0.078467
78 65 0.078467
78 66 0.078467
78 67 0.078467
78 68 0.078467
78 69 0.078467
78 70 0.078467
78 71 0.078467
78 72 0.078467
78 73 0.078467
78 74 0.078466
78 75 0.078466
78 76 0.078466
78 77 0.078465
78 78 0.078465
78 79 0.078465
78 80 0.078464
78 81 0.078464
78 82 0.078464
78 83 0.078464
78 84 0.078464
78 85 0.078464
78 86 0.078464
78 87 0.078464
78 88 0.078464
78 89 0.078464
78 90 0.078464
78 91 0.078464
78 92 0.078464
78 93 0.078464
78 94 0.078464
78 95 0.078464
78 96 0.078464
78 97 0.078464
78 98 0.078464
78 99 0.078465

79 0 0.078464
79 1 0.078463
79 2 0.078463
79 3 0.078463
79 4 0.078463
79 5 0.078463
79 6 0.078463
79 7 0.078463
79 8 0.078463
79 9 0.078463
79 10 0.078463
79 11 0.078463
79 12 0.078463
79 13 0.078463
79 14 0.078463
79 15 0.078463
79 16 0.078463
79 17 0.078463
79 18 0.078463
79 19 0.078464
79 20 0.078464
79 21 0.078464
79 22 0.078464
79 23 0.078465
79 24 0.078465
79 25 0.078465
79 26 0.078465
79 27 0.078466
79 28 0.078466
79 29 0.078466
79 30 0.078466
79 31 0.078466
79 32 0.078466
79 33 0.078466
79 34 0.078466
79 35 0.078466
79 36 0.078466
79 37 0.078467
79 38 0.078467
79 39 0.078467
79 40 0.078467
79 41 0.078468
79 42 0.078468
79 43 0.078468
79 44 0.078469
79 45 0.078469
79 46 0.078469
79 47 0.078469
79 48 0.078469
79 49 0.078469
79 50 0.078469
79 51 0.078469
79 52 0.078469
79 53 0.078468
79 54 0.078468
79 55 0.078468
79 56 0.078468
79 57 0.078468
79 58 0.078468
79 59 0.078468
79 60 0.078468
79 61 0.078468
79 62 0.078467
79 63 0.078467
79 64 0.078467
79 65 0.078467
79 66 0.078467
79 67 0.078467
79 68 0.078467
79 69 0.078467
79 70 0.078467
79 71 0.078466
79 72 0.078466
79 73 0.078466
79 74 0.078466
79 75 0.078466
79 76 0.078465
79 77 0.078465
79 78 0.078465
79 79 0.078464
79 80 0.078464
79 81 0.078463
79 82 0.078463
79 83 0.078463
79 84 0.078463
79 85 0.078463
79 86 0.078463
79 87 0.078463
79 88 0.078463
79 89 0.078463
79 90 0.078463
79 91 0.078463
79 92 0.078463
79 93 0.078463
79 94 0.078463
79 95 0.078464
79 96 0.078463
79 97 0.078464
79 98 0.078463
79 99 0.078464

80 0 0.078463
80 1 0.078462
80 2 0.078463
80 3 0.078462
80 4 0.078463
80 5 0.078462
80 6 0.078462
80 7 0.078462
80 8 0.078462
80 9 0.078462
80 10 0.078462
80 11 0.078462
80 12 0.078462
80 13 0.078462
80 14 0.078462
80 15 0.078462
80 16 0.078462
80 17 0.078462
80 18 0.078462
80 19 0.078463
80 20 0.078463
80 21 0.078463
80 22 0.078463
80 23 0.078464
80 24 0.078464
80 25 0.078464
80 26 0.078465
80 27 0.078465
80 28 0.078465
80 29 0.078465
80 30 0.078465
80 31 0.078465
80 32 0.078465
80 33 0.078466
80 34 0.078466
80 35 0.078466
80 36 0.078466
80 37 0.078467
80 38 0.078467
80 39 0.078467
80 40 0.078467
80 41 0.078468
80 42 0.078468
80 43 0.078468
80 44 0.078468
80 45 0.078469
80 46 0.078469
80 47 0.078469
80 48 0.078469
80 49 0.078468
80 50 0.078468
80 51 0.078468
80 52 0.078468
80 53 0.078468
80 54 0.078468
80 55 0.078468
80 56 0.078468
80 57 0.078468
80 58 0.078468
80 59 0.078467
80 60 0.078467
80 61 0.078467
80 62 0.078467
80 63 0.078467
80 64 0.078467
80 65 0.078467
80 66 0.078467
80 67 0.078466
80 68 0.078466
80 69 0.078466
80 70 0.078466
80 71 0.078465
80 72 0.078465
80 73 0.078465
80 74 0.078465
80 75 0.078464
80 76 0.078464
80 77 0.078463
80 78 0.078463
80 79 0.078463
80 80 0.078463
80 81 0.078463
80 82 0.078463
80 83 0.078463
80 84 0.078463
80 85 0.078462
80 86 0.078462
80 87 0.078462
80 88 0.078462
80 89 0.078462
80 90 0.078462
80 91 0.078462
80 92 0.078462
80 93 0.078462
80 94 0.078462
80 95 0.078462
80 96 0.078462
80 97 0.078462
80 98 0.078462
80 99 0.078462

81 0 0.078461
81 1 0.078461
81 2 0.078462
81 3 0.078461
81 4 0.078462
81 5 0.078461
81 6 0.078461
81 7 0.078461
81 8 0.078461
81 9 0.078461
81 10 0.078462
81 11 0.078462
81 12 0.078462
81 13 0.078462
81 14 0.078462
81 15 0.078462
81 16 0.078462
81 17 0.078462
81 18 0.078462
81 19 0.078462
81 20 0.078463
81 21 0.078463
81 22 0.078463
81 23 0.078464
81 24 0.078464
81 25 0.078464
81 26 0.078464
81 27 0.078464
81 28 0.078465
81 29 0.078465
81 30 0.078465
81 31 0.078465
81 32 0.078465
81 33 0.078465
81 34 0.078466
81 35 0.078466
81 36 0.078466
81 37 0.078466
81 38 0.078467
81 39 0.078467
81 40 0.078467
81 41 0.078467
81 42 0.078468
81 43 0.078468
81 44 0.078468
81 45 0.078468
81 46 0.078469
81 47 0.078468
81 48 0.078468
81 49 0.078468
81 50 0.078468
81 51 0.078467
81 52 0.078467
81 53 0.078467
81 54 0.078467
81 55 0.078467
81 56 0.078467
81 57 0.078467
81 58 0.078467
81 59 0.078467
81 60 0.078467
81 61 0.078467
81 62 0.078467
81 63 0.078467
81 64 0.078467
81 65 0.078467
81 66 0.078466
81 67 0.078466
81 68 0.078466
81 69 0.078466
81 70 0.078465
81 71 0.078465
81 72 0.078465
81 73 0.078465
81 74 0.078464
81 75 0.078464
81 76 0.078463
81 77 0.078463
81 78 0.078463
81 79 0.078463
81 80 0.078463
81 81 0.078462
81 82 0.078462
81 83 0.078462
81 84 0.078462
81 85 0.078462
81 86 0.078462
81 87 0.078462
81 88 0.078462
81 89 0.078462
81 90 0.078462
81 91 0.078462
81 92 0.078462
81 93 0.078462
81 94 0.078461
81 95 0.078461
81 96 0.078461
81 97 0.078461
81 98 0.078461
81 99 0.078461

82 0 0.078461
82 1 0.078461
82 2 0.078461
82 3 0.078461
82 4 0.078461
82 5 0.078461
82 6 0.078461
82 7 0.078461
82 8 0.078461
82 9 0.078461
82 10 0.078461
82 11 0.078462
82 12 0.078461
82 13 0.078462
82 14 0.078462
82 15 0.078462
82 16 0.078462
82 17 0.078462
82 18 0.078462
82 19 0.078462
82 20 0.078463
82 21 0.078463
82 22 0.078463
82 23 0.078464
82 24 0.078464
82 25 0.078464
82 26 0.078464
82 27 0.078464
82 28 0.078464
82 29 0.078465
82 30 0.078465
82 31 0.078465
82 32 0.078465
82 33 0.078465
82 34 0.078466
82 35 0.078466
82 36 0.078466
82 37 0.078466
82 38 0.078466
82 39 0.078467
82 40 0.078467
82 41 0.078467
82 42 0.078467
82 43 0.078468
82 44 0.078468
82 45 0.078468
82 46 0.078468
82 47 0.078468
82 48 0.078468
82 49 0.078468
82 50 0.078467
82 51 0.078467
82 52 0.078467
82 53 0.078467
82 54 0.078467
82 55 0.078467
82 56 0.078467
82 57 0.078467
82 58 0.078467
82 59 0.078467
82 60 0.078467
82 61 0.078466
82 62 0.078466
82 63 0.078467
82 64 0.078467
82 65 0.078466
82 66 0.078466
82 67 0.078466
82 68 0.078466
82 69 0.078465
82 70 0.078465
82 71 0.078465
82 72 0.078465
82 73 0.078465
82 74 0.078464
82 75 0.078464
82 76 0.078464
82 77 0.078463
82 78 0.078463
82 79 0.078463
82 80 0.078462
82 81 0.078462
82 82 0.078462
82 83 0.078462
82 84 0.078462
82 85 0.078462
82 86 0.078462
82 87 0.078462
82 88 0.078462
82 89 0.078462
82 90 0.078462
82 91 0.078462
82 92 0.078462
82 93 0.078461
82 94 0.078461
82 95 0.078461
82 96 0.078461
82 97 0.078461
82 98 0.078461
82 99 0.078461

83 0 0.078460
83 1 0.078460
83 2 0.078461
83 3 0.078460
83 4 0.078461
83 5 0.078460
83 6 0.078461
83 7 0.078461
83 8 0.078461
83 9 0.078461
83 10 0.078461
83 11 0.078462
83 12 0.078461
83 13 0.078462
83 14 0.078461
83 15 0.078461
83 16 0.078461
83 17 0.078462
83 18 0.078462
83 19 0.078462
83 20 0.078463
83 21 0.078463
83 22 0.078463
83 23 0.078464
83 24 0.078464
83 25 0.078464
83 26 0.078464
83 27 0.078464
83 28 0.078464
83 29 0.078464
83 30 0.078465
83 31 0.078465
83 32 0.078465
83 33 0.078466
83 34 0.078466
83 35 0.078466
83 36 0.078466
83 37 0.078466
83 38 0.078466
83 39 0.078467
83 40 0.078467
83 41 0.078467
83 42 0.078468
83 43 0.078468
83 44 0.078468
83 45 0.078468
83 46 0.078468
83 47 0.078468
83 48 0.078467
83 49 0.078467
83 50 0.078467
83 51 0.078467
83 52 0.078467
83 53 0.078467
83 54 0.078467
83 55 0.078467
83 56 0.078467
83 57 0.078467
83 58 0.078467
83 59 0.078466
83 60 0.078466
83 61 0.078466
83 62 0.078466
83 63 0.078467
83 64 0.078467
83 65 0.078466
83 66 0.078466
83 67 0.078466
83 68 0.078466
83 69 0.078465
83 70 0.078465
83 71 0.078465
83 72 0.078465
83 73 0.078464
83 74 0.078464
83 75 0.078464
83 76 0.078463
83 77 0.078463
83 78 0.078463
83 79 0.078462
83 80 0.078462
83 81 0.078462
83 82 0.078462
83 83 0.078462
83 84 0.078462
83 85 0.078462
83 86 0.078462
83 87 0.078462
83 88 0.078462
83 89 0.078462
83 90 0.078462
83 91 0.078462
83 92 0.078461
83 93 0.078461
83 94 0.078461
83 95 0.078461
83 96 0.078460
83 97 0.078461
83 98 0.078461
83 99 0.078461

84 0 0.078460
84 1 0.078460
84 2 0.078460
84 3 0.078460
84 4 0.078460
84 5 0.078460
84 6 0.078461
84 7 0.078461
84 8 0.078461
84 9 0.078461
84 10 0.078461
84 11 0.078461
84 12 0.078461
84 13 0.078461
84 14 0.078461
84 15 0.078461
84 16 0.078461
84 17 0.078462
84 18 0.078462
84 19 0.078462
84 20 0.078463
84 21 0.078463
84 22 0.078463
84 23 0.078463
84 24 0.078463
84 25 0.078463
84 26 0.078463
84 27 0.078464
84 28 0.078464
84 29 0.078464
84 30 0.078465
84 31 0.078465
84 32 0.078465
84 33 0.078465
84 34 0.078465
84 35 0.078466
84 36 0.078466
84 37 0.078466
84 38 0.078466
84 39 0.078466
84 40 0.078467
84 41 0.078467
84 42 0.078468
84 43 0.078468
84 44 0.078468
84 45 0.078468
84 46 0.078468
84 47 0.078467
84 48 0.078467
84 49 0.078467
84 50 0.078467
84 51 0.078467
84 52 0.078467
84 53 0.078467
84 54 0.078467
84 55 0.078467
84 56 0.078467
84 57 0.078467
84 58 0.078466
84 59 0.078466
84 60 0.078466
84 61 0.078466
84 62 0.078466
84 63 0.078466
84 64 0.078466
84 65 0.078466
84 66 0.078466
84 67 0.078466
84 68 0.078465
84 69 0.078465
84 70 0.078465
84 71 0.078465
84 72 0.078465
84 73 0.078464
84 74 0.078464
84 75 0.078464
84 76 0.078463
84 77 0.078463
84 78 0.078462
84 79 0.078462
84 80 0.078462
84 81 0.078462
84 82 0.078462
84 83 0.078462
84 84 0.078462
84 85 0.078462
84 86 0.078462
84 87 0.078462
84 88 0.078462
84 89 0.078462
84 90 0.078462
84 91 0.078461
84 92 0.078461
84 93 0.078461
84 94 0.078460
84 95 0.078461
84 96 0.078460
84 97 0.078461
84 98 0.078461
84 99 0.078461

85 0 0.078460
85 1 0.078460
85 2 0.078460
85 3 0.078460
85 4 0.078460
85 5 0.078460
85 6 0.078460
85 7 0.078461
85 8 0.078461
85 9 0.078461
85 10 0.078461
85 11 0.078461
85 12 0.078461
85 13 0.078461
85 14 0.078461
85 15 0.078461
85 16 0.078461
85 17 0.078461
85 18 0.078462
85 19 0.078462
85 20 0.078463
85 21 0.078463
85 22 0.078463
85 23 0.078463
85 24 0.078463
85 25 0.078463
85 26 0.078463
85 27 0.078463
85 28 0.078464
85 29 0.078464
85 30 0.078464
85 31 0.078465
85 32 0.078465
85 33 0.078465
85 34 0.078465
85 35 0.078465
85 36 0.078465
85 37 0.078466
85 38 0.078466
85 39 0.078466
85 40 0.078467
85 41 0.078467
85 42 0.078467
85 43 0.078468
85 44 0.078468
85 45 0.078467
85 46 0.078467
85 47 0.078467
85 48 0.078467
85 49 0.078467
85 50 0.078467
85 51 0.078467
85 52 0.078467
85 53 0.078467
85 54 0.078467
85 55 0.078467
85 56 0.078467
85 57 0.078466
85 58 0.078466
85 59 0.078466
85 60 0.078466
85 61 0.078466
85 62 0.078466
85 63 0.078466
85 64 0.078466
85 65 0.078466
85 66 0.078466
85 67 0.078465
85 68 0.078465
85 69 0.078465
85 70 0.078465
85 71 0.078465
85 72 0.078464
85 73 0.078464
85 74 0.078464
85 75 0.078463
85 76 0.078463
85 77 0.078462
85 78 0.078462
85 79 0.078462
85 80 0.078462
85 81 0.078462
85 82 0.078462
85 83 0.078462
85 84 0.078462
85 85 0.078462
85 86 0.078462
85 87 0.078462
85 88 0.078462
85 89 0.078461
85 90 0.078461
85 91 0.078461
85 92 0.078461
85 93 0.078461
85 94 0.078460
85 95 0.078460
85 96 0.078460
85 97 0.078460
85 98 0.078460
85 99 0.078460

86 0 0.078460
86 1 0.078460
86 2 0.078460
86 3 0.078459
86 4 0.078460
86 5 0.078460
86 6 0.078460
86 7 0.078460
86 8 0.078461
86 9 0.078461
86 10 0.078461
86 11 0.078460
86 12 0.078460
86 13 0.078460
86 14 0.078460
86 15 0.078461
86 16 0.078461
86 17 0.078461
86 18 0.078462
86 19 0.078462
86 20 0.078462
86 21 0.078462
86 22 0.078462
86 23 0.078462
86 24 0.078462
86 25 0.078463
86 26 0.078463
86 27 0.078463
86 28 0.078464
86 29 0.078464
86 30 0.078464
86 31 0.078465
86 32 0.078465
86 33 0.078465
86 34 0.078465
86 35 0.078465
86 36 0.078465
86 37 0.078465
86 38 0.078466
86 39 0.078466
86 40 0.078467
86 41 0.078467
86 42 0.078467
86 43 0.078467
86 44 0.078467
86 45 0.078467
86 46 0.078467
86 47 0.078467
86 48 0.078467
86 49 0.078466
86 50 0.078466
86 51 0.078467
86 52 0.078467
86 53 0.078467
86 54 0.078467
86 55 0.078466
86 56 0.078466
86 57 0.078466
86 58 0.078466
86 59 0.078466
86 60 0.078466
86 61 0.078466
86 62 0.078466
86 63 0.078466
86 64 0.078466
86 65 0.078466
86 66 0.078465
86 67 0.078465
86 68 0.078465
86 69 0.078465
86 70 0.078465
86 71 0.078464
86 72 0.078464
86 73 0.078464
86 74 0.078464
86 75 0.078463
86 76 0.078463
86 77 0.078462
86 78 0.078462
86 79 0.078461
86 80 0.078461
86 81 0.078461
86 82 0.078461
86 83 0.078462
86 84 0.078462
86 85 0.078462
86 86 0.078462
86 87 0.078461
86 88 0.078461
86 89 0.078461
86 90 0.078461
86 91 0.078460
86 92 0.078460
86 93 0.078460
86 94 0.078460
86 95 0.078460
86 96 0.078460
86 97 0.078460
86 98 0.078460
86 99 0.078460

87 0 0.078459
87 1 0.078459
87 2 0.078459
87 3 0.078459
87 4 0.078459
87 5 0.078460
87 6 0.078460
87 7 0.078460
87 8 0.078460
87 9 0.078460
87 10 0.078460
87 11 0.078460
87 12 0.078460
87 13 0.078460
87 14 0.078460
87 15 0.078460
87 16 0.078461
87 17 0.078461
87 18 0.078462
87 19 0.078462
87 20 0.078462
87 21 0.078462
87 22 0.078462
87 23 0.078462
87 24 0.078462
87 25 0.078462
87 26 0.078463
87 27 0.078463
87 28 0.078464
87 29 0.078464
87 30 0.078464
87 31 0.078464
87 32 0.078464
87 33 0.078464
87 34 0.078464
87 35 0.078464
87 36 0.078465
87 37 0.078465
87 38 0.078466
87 39 0.078466
87 40 0.078466
87 41 0.078467
87 42 0.078467
87 43 0.078467
87 44 0.078467
87 45 0.078467
87 46 0.078467
87 47 0.078466
87 48 0.078466
87 49 0.078466
87 50 0.078466
87 51 0.078466
87 52 0.078466
87 53 0.078466
87 54 0.078466
87 55 0.078466
87 56 0.078466
87 57 0.078466
87 58 0.078466
87 59 0.078466
87 60 0.078466
87 61 0.078466
87 62 0.078466
87 63 0.078466
87 64 0.078466
87 65 0.078465
87 66 0.078465
87 67 0.078465
87 68 0.078465
87 69 0.078464
87 70 0.078464
87 71 0.078464
87 72 0.078464
87 73 0.078464
87 74 0.078463
87 75 0.078463
87 76 0.078462
87 77 0.078462
87 78 0.078461
87 79 0.078461
87 80 0.078461
87 81 0.078461
87 82 0.078461
87 83 0.078461
87 84 0.078461
87 85 0.078461
87 86 0.078461
87 87 0.078461
87 88 0.078460
87 89 0.078460
87 90 0.078460
87 91 0.078460
87 92 0.078460
87 93 0.078460
87 94 0.078460
87 95 0.078460
87 96 0.078459
87 97 0.078460
87 98 0.078460
87 99 0.078460

88 0 0.078459
88 1 0.078459
88 2 0.078459
88 3 0.078459
88 4 0.078459
88 5 0.078460
88 6 0.078460
88 7 0.078460
88 8 0.078460
88 9 0.078460
88 10 0.078460
88 11 0.078460
88 12 0.078459
88 13 0.078460
88 14 0.078460
88 15 0.078460
88 16 0.078461
88 17 0.078461
88 18 0.078462
88 19 0.078462
88 20 0.078462
88 21 0.078462
88 22 0.078462
88 23 0.078462
88 24 0.078462
88 25 0.078462
88 26 0.078463
88 27 0.078463
88 28 0.078464
88 29 0.078464
88 30 0.078464
88 31 0.078464
88 32 0.078464
88 33 0.078464
88 34 0.078464
88 35 0.078464
88 36 0.078465
88 37 0.078465
88 38 0.078465
88 39 0.078466
88 40 0.078466
88 41 0.078467
88 42 0.078467
88 43 0.078467
88 44 0.078466
88 45 0.078466
88 46 0.078466
88 47 0.078466
88 48 0.078466
88 49 0.078466
88 50 0.078466
88 51 0.078466
88 52 0.078466
88 53 0.078466
88 54 0.078466
88 55 0.078466
88 56 0.078466
88 57 0.078466
88 58 0.078466
88 59 0.078466
88 60 0.078466
88 61 0.078466
88 62 0.078466
88 63 0.078465
88 64 0.078465
88 65 0.078465
88 66 0.078465
88 67 0.078465
88 68 0.078464
88 69 0.078464
88 70 0.078464
88 71 0.078464
88 72 0.078464
88 73 0.078464
88 74 0.078463
88 75 0.078463
88 76 0.078462
88 77 0.078462
88 78 0.078461
88 79 0.078461
88 80 0.078461
88 81 0.078461
88 82 0.078461
88 83 0.078461
88 84 0.078461
88 85 0.078461
88 86 0.078461
88 87 0.078460
88 88 0.078460
88 89 0.078460
88 90 0.078460
88 91 0.078460
88 92 0.078460
88 93 0.078460
88 94 0.078460
88 95 0.078459
88 96 0.078459
88 97 0.078459
88 98 0.078459
88 99 0.078459

89 0 0.078459
89 1 0.078458
89 2 0.078459
89 3 0.078459
89 4 0.078459
89 5 0.078459
89 6 0.078460
89 7 0.078460
89 8 0.078460
89 9 0.078460
89 10 0.078459
89 11 0.078459
89 12 0.078459
89 13 0.078460
89 14 0.078460
89 15 0.078460
89 16 0.078461
89 17 0.078461
89 18 0.078461
89 19 0.078461
89 20 0.078461
89 21 0.078461
89 22 0.078461
89 23 0.078461
89 24 0.078462
89 25 0.078462
89 26 0.078463
89 27 0.078463
89 28 0.078464
89 29 0.078464
89 30 0.078464
89 31 0.078464
89 32 0.078464
89 33 0.078464
89 34 0.078464
89 35 0.078464
89 36 0.078465
89 37 0.078465
89 38 0.078465
89 39 0.078466
89 40 0.078466
89 41 0.078466
89 42 0.078466
89 43 0.078466
89 44 0.078466
89 45 0.078466
89 46 0.078466
89 47 0.078466
89 48 0.078466
89 49 0.078466
89 50 0.078466
89 51 0.078466
89 52 0.078466
89 53 0.078466
89 54 0.078466
89 55 0.078465
89 56 0.078465
89 57 0.078465
89 58 0.078465
89 59 0.078465
89 60 0.078465
89 61 0.078465
89 62 0.078465
89 63 0.078465
89 64 0.078465
89 65 0.078465
89 66 0.078464
89 67 0.078464
89 68 0.078464
89 69 0.078464
89 70 0.078464
89 71 0.078464
89 72 0.078464
89 73 0.078463
89 74 0.078463
89 75 0.078462
89 76 0.078462
89 77 0.078461
89 78 0.078461
89 79 0.078461
89 80 0.078461
89 81 0.078461
89 82 0.078461
89 83 0.078461
89 84 0.078461
89 85 0.078460
89 86 0.078460
89 87 0.078460
89 88 0.078459
89 89 0.078459
89 90 0.078460
89 91 0.078460
89 92 0.078460
89 93 0.078460
89 94 0.078459
89 95 0.078459
89 96 0.078459
89 97 0.078459
89 98 0.078459
89 99 0.078459

90 0 0.078458
90 1 0.078458
90 2 0.078459
90 3 0.078459
90 4 0.078459
90 5 0.078459
90 6 0.078460
90 7 0.078460
90 8 0.078459
90 9 0.078459
90 10 0.078459
90 11 0.078459
90 12 0.078459
90 13 0.078460
90 14 0.078460
90 15 0.078461
90 16 0.078461
90 17 0.078461
90 18 0.078461
90 19 0.078461
90 20 0.078461
90 21 0.078461
90 22 0.078461
90 23 0.078461
90 24 0.078462
90 25 0.078462
90 26 0.078463
90 27 0.078463
90 28 0.078464
90 29 0.078464
90 30 0.078464
90 31 0.078463
90 32 0.078463
90 33 0.078463
90 34 0.078464
90 35 0.078464
90 36 0.078465
90 37 0.078465
90 38 0.078466
90 39 0.078466
90 40 0.078466
90 41 0.078466
90 42 0.078466
90 43 0.078466
90 44 0.078466
90 45 0.078466
90 46 0.078466
90 47 0.078466
90 48 0.078466
90 49 0.078466
90 50 0.078466
90 51 0.078466
90 52 0.078466
90 53 0.078466
90 54 0.078465
90 55 0.078465
90 56 0.078465
90 57 0.078465
90 58 0.078465
90 59 0.078465
90 60 0.078465
90 61 0.078465
90 62 0.078465
90 63 0.078465
90 64 0.078465
90 65 0.078464
90 66 0.078464
90 67 0.078464
90 68 0.078464
90 69 0.078464
90 70 0.078464
90 71 0.078464
90 72 0.078464
90 73 0.078463
90 74 0.078463
90 75 0.078462
90 76 0.078462
90 77 0.078461
90 78 0.078461
90 79 0.078461
90 80 0.078460
90 81 0.078460
90 82 0.078461
90 83 0.078461
90 84 0.078460
90 85 0.078460
90 86 0.078460
90 87 0.078459
90 88 0.078459
90 89 0.078459
90 90 0.078460
90 91 0.078460
90 92 0.078460
90 93 0.078460
90 94 0.078459
90 95 0.078459
90 96 0.078459
90 97 0.078459
90 98 0.078459
90 99 0.078459

91 0 0.078458
91 1 0.078458
91 2 0.078459
91 3 0.078459
91 4 0.078459
91 5 0.078459
91 6 0.078459
91 7 0.078459
91 8 0.078459
91 9 0.078459
91 10 0.078459
91 11 0.078459
91 12 0.078459
91 13 0.078460
91 14 0.078460
91 15 0.078461
91 16 0.078461
91 17 0.078461
91 18 0.078461
91 19 0.078461
91 20 0.078460
91 21 0.078461
91 22 0.078461
91 23 0.078461
91 24 0.078462
91 25 0.078463
91 26 0.078463
91 27 0.078463
91 28 0.078464
91 29 0.078463
91 30 0.078463
91 31 0.078463
91 32 0.078463
91 33 0.078463
91 34 0.078464
91 35 0.078464
91 36 0.078465
91 37 0.078465
91 38 0.078466
91 39 0.078466
91 40 0.078466
91 41 0.078466
91 42 0.078465
91 43 0.078465
91 44 0.078466
91 45 0.078466
91 46 0.078466
91 47 0.078466
91 48 0.078466
91 49 0.078466
91 50 0.078466
91 51 0.078466
91 52 0.078466
91 53 0.078465
91 54 0.078465
91 55 0.078465
91 56 0.078465
91 57 0.078465
91 58 0.078465
91 59 0.078465
91 60 0.078465
91 61 0.078465
91 62 0.078465
91 63 0.078464
91 64 0.078464
91 65 0.078464
91 66 0.078464
91 67 0.078464
91 68 0.078464
91 69 0.078464
91 70 0.078464
91 71 0.078464
91 72 0.078464
91 73 0.078463
91 74 0.078463
91 75 0.078462
91 76 0.078462
91 77 0.078461
91 78 0.078461
91 79 0.078461
91 80 0.078460
91 81 0.078460
91 82 0.078460
91 83 0.078460
91 84 0.078460
91 85 0.078460
91 86 0.078459
91 87 0.078459
91 88 0.078459
91 89 0.078459
91 90 0.078460
91 91 0.078460
91 92 0.078460
91 93 0.078459
91 94 0.078459
91 95 0.078459
91 96 0.078458
91 97 0.078459
91 98 0.078458
91 99 0.078459

92 0 0.078458
92 1 0.078458
92 2 0.078459
92 3 0.078459
92 4 0.078459
92 5 0.078459
92 6 0.078459
92 7 0.078459
92 8 0.078459
92 9 0.078459
92 10 0.078458
92 11 0.078459
92 12 0.078459
92 13 0.078460
92 14 0.078460
92 15 0.078460
92 16 0.078461
92 17 0.078461
92 18 0.078460
92 19 0.078460
92 20 0.078460
92 21 0.078460
92 22 0.078461
92 23 0.078461
92 24 0.078462
92 25 0.078463
92 26 0.078463
92 27 0.078463
92 28 0.078463
92 29 0.078463
92 30 0.078463
92 31 0.078463
92 32 0.078463
92 33 0.078463
92 34 0.078464
92 35 0.078464
92 36 0.078465
92 37 0.078465
92 38 0.078465
92 39 0.078465
92 40 0.078465
92 41 0.078465
92 42 0.078465
92 43 0.078465
92 44 0.078465
92 45 0.078466
92 46 0.078466
92 47 0.078466
92 48 0.078466
92 49 0.078466
92 50 0.078466
92 51 0.078466
92 52 0.078465
92 53 0.078465
92 54 0.078465
92 55 0.078465
92 56 0.078465
92 57 0.078465
92 58 0.078465
92 59 0.078465
92 60 0.078465
92 61 0.078465
92 62 0.078464
92 63 0.078464
92 64 0.078464
92 65 0.078464
92 66 0.078464
92 67 0.078464
92 68 0.078464
92 69 0.078464
92 70 0.078464
92 71 0.078464
92 72 0.078463
92 73 0.078463
92 74 0.078463
92 75 0.078462
92 76 0.078462
92 77 0.078461
92 78 0.078461
92 79 0.078460
92 80 0.078460
92 81 0.078460
92 82 0.078460
92 83 0.078460
92 84 0.078460
92 85 0.078459
92 86 0.078459
92 87 0.078459
92 88 0.078459
92 89 0.078459
92 90 0.078460
92 91 0.078459
92 92 0.078459
92 93 0.078459
92 94 0.078459
92 95 0.078459
92 96 0.078458
92 97 0.078459
92 98 0.078458
92 99 0.078458

93 0 0.078458
93 1 0.078458
93 2 0.078459
93 3 0.078459
93 4 0.078459
93 5 0.078459
93 6 0.078459
93 7 0.078458
93 8 0.078458
93 9 0.078458
93 10 0.078458
93 11 0.078459
93 12 0.078459
93 13 0.078460
93 14 0.078460
93 15 0.078460
93 16 0.078460
93 17 0.078460
93 18 0.078460
93 19 0.078460
93 20 0.078460
93 21 0.078460
93 22 0.078461
93 23 0.078462
93 24 0.078462
93 25 0.078463
93 26 0.078463
93 27 0.078463
93 28 0.078463
93 29 0.078463
93 30 0.078462
93 31 0.078463
93 32 0.078463
93 33 0.078463
93 34 0.078464
93 35 0.078464
93 36 0.078465
93 37 0.078465
93 38 0.078465
93 39 0.078465
93 40 0.078465
93 41 0.078465
93 42 0.078465
93 43 0.078465
93 44 0.078465
93 45 0.078466
93 46 0.078466
93 47 0.078466
93 48 0.078466
93 49 0.078466
93 50 0.078466
93 51 0.078465
93 52 0.078465
93 53 0.078465
93 54 0.078465
93 55 0.078465
93 56 0.078465
93 57 0.078465
93 58 0.078465
93 59 0.078465
93 60 0.078465
93 61 0.078464
93 62 0.078464
93 63 0.078464
93 64 0.078464
93 65 0.078464
93 66 0.078464
93 67 0.078464
93 68 0.078464
93 69 0.078464
93 70 0.078464
93 71 0.078464
93 72 0.078463
93 73 0.078463
93 74 0.078462
93 75 0.078462
93 76 0.078462
93 77 0.078461
93 78 0.078461
93 79 0.078460
93 80 0.078460
93 81 0.078460
93 82 0.078460
93 83 0.078459
93 84 0.078459
93 85 0.078459
93 86 0.078459
93 87 0.078459
93 88 0.078459
93 89 0.078459
93 90 0.078459
93 91 0.078459
93 92 0.078459
93 93 0.078459
93 94 0.078458
93 95 0.078458
93 96 0.078458
93 97 0.078458
93 98 0.078458
93 99 0.078458

94 0 0.078458
94 1 0.078458
94 2 0.078458
94 3 0.078458
94 4 0.078458
94 5 0.078458
94 6 0.078458
94 7 0.078458
94 8 0.078458
94 9 0.078458
94 10 0.078458
94 11 0.078458
94 12 0.078459
94 13 0.078459
94 14 0.078459
94 15 0.078460
94 16 0.078459
94 17 0.078459
94 18 0.078459
94 19 0.078459
94 20 0.078460
94 21 0.078460
94 22 0.078461
94 23 0.078462
94 24 0.078462
94 25 0.078462
94 26 0.078462
94 27 0.078462
94 28 0.078462
94 29 0.078462
94 30 0.078462
94 31 0.078462
94 32 0.078463
94 33 0.078463
94 34 0.078464
94 35 0.078464
94 36 0.078465
94 37 0.078465
94 38 0.078465
94 39 0.078464
94 40 0.078465
94 41 0.078466
94 42 0.078466
94 43 0.078466
94 44 0.078466
94 45 0.078465
94 46 0.078465
94 47 0.078464
94 48 0.078464
94 49 0.078464
94 50 0.078465
94 51 0.078465
94 52 0.078466
94 53 0.078466
94 54 0.078466
94 55 0.078465
94 56 0.078465
94 57 0.078464
94 58 0.078464
94 59 0.078464
94 60 0.078464
94 61 0.078464
94 62 0.078464
94 63 0.078465
94 64 0.078465
94 65 0.078464
94 66 0.078464
94 67 0.078464
94 68 0.078463
94 69 0.078463
94 70 0.078463
94 71 0.078462
94 72 0.078462
94 73 0.078462
94 74 0.078461
94 75 0.078461
94 76 0.078461
94 77 0.078460
94 78 0.078460
94 79 0.078460
94 80 0.078460
94 81 0.078459
94 82 0.078459
94 83 0.078459
94 84 0.078460
94 85 0.078460
94 86 0.078460
94 87 0.078460
94 88 0.078460
94 89 0.078459
94 90 0.078459
94 91 0.078458
94 92 0.078458
94 93 0.078458
94 94 0.078458
94 95 0.078458
94 96 0.078458
94 97 0.078458
94 98 0.078457
94 99 0.078457

95 0 0.078457
95 1 0.078457
95 2 0.078457
95 3 0.078456
95 4 0.078456
95 5 0.078457
95 6 0.078457
95 7 0.078458
95 8 0.078459
95 9 0.078460
95 10 0.078460
95 11 0.078459
95 12 0.078459
95 13 0.078458
95 14 0.078458
95 15 0.078458
95 16 0.078459
95 17 0.078460
95 18 0.078461
95 19 0.078461
95 20 0.078462
95 21 0.078462
95 22 0.078461
95 23 0.078461
95 24 0.078460
95 25 0.078460
95 26 0.078461
95 27 0.078461
95 28 0.078462
95 29 0.078463
95 30 0.078464
95 31 0.078464
95 32 0.078464
95 33 0.078464
95 34 0.078463
95 35 0.078463
95 36 0.078463
95 37 0.078463
95 38 0.078464
95 39 0.078465
95 40 0.078465
95 41 0.078466
95 42 0.078466
95 43 0.078466
95 44 0.078465
95 45 0.078465
95 46 0.078464
95 47 0.078464
95 48 0.078465
95 49 0.078465
95 50 0.078465
95 51 0.078466
95 52 0.078466
95 53 0.078466
95 54 0.078465
95 55 0.078465
95 56 0.078464
95 57 0.078464
95 58 0.078464
95 59 0.078464
95 60 0.078464
95 61 0.078465
95 62 0.078465
95 63 0.078465
95 64 0.078465
95 65 0.078464
95 66 0.078464
95 67 0.078464
95 68 0.078463
95 69 0.078463
95 70 0.078463
95 71 0.078462
95 72 0.078462
95 73 0.078462
95 74 0.078462
95 75 0.078461
95 76 0.078461
95 77 0.078460
95 78 0.078460
95 79 0.078460
95 80 0.078460
95 81 0.078460
95 82 0.078460
95 83 0.078460
95 84 0.078460
95 85 0.078460
95 86 0.078460
95 87 0.078460
95 88 0.078459
95 89 0.078459
95 90 0.078459
95 91 0.078458
95 92 0.078458
95 93 0.078458
95 94 0.078458
95 95 0.078458
95 96 0.078458
95 97 0.078458
95 98 0.078457
95 99 0.078457

96 0 0.078457
96 1 0.078456
96 2 0.078456
96 3 0.078455
96 4 0.078456
96 5 0.078457
96 6 0.078457
96 7 0.078458
96 8 0.078459
96 9 0.078459
96 10 0.078458
96 11 0.078458
96 12 0.078458
96 13 0.078458
96 14 0.078458
96 15 0.078459
96 16 0.078459
96 17 0.078460
96 18 0.078460
96 19 0.078461
96 20 0.078461
96 21 0.078460
96 22 0.078460
96 23 0.078460
96 24 0.078460
96 25 0.078460
96 26 0.078461
96 27 0.078462
96 28 0.078463
96 29 0.078463
96 30 0.078463
96 31 0.078463
96 32 0.078463
96 33 0.078463
96 34 0.078463
96 35 0.078463
96 36 0.078463
96 37 0.078464
96 38 0.078464
96 39 0.078465
96 40 0.078465
96 41 0.078465
96 42 0.078465
96 43 0.078465
96 44 0.078464
96 45 0.078464
96 46 0.078464
96 47 0.078464
96 48 0.078465
96 49 0.078465
96 50 0.078465
96 51 0.078465
96 52 0.078465
96 53 0.078465
96 54 0.078465
96 55 0.078464
96 56 0.078464
96 57 0.078464
96 58 0.078464
96 59 0.078464
96 60 0.078464
96 61 0.078464
96 62 0.078464
96 63 0.078464
96 64 0.078464
96 65 0.078464
96 66 0.078464
96 67 0.078463
96 68 0.078463
96 69 0.078463
96 70 0.078463
96 71 0.078462
96 72 0.078462
96 73 0.078461
96 74 0.078461
96 75 0.078460
96 76 0.078460
96 77 0.078459
96 78 0.078459
96 79 0.078459
96 80 0.078459
96 81 0.078459
96 82 0.078459
96 83 0.078459
96 84 0.078459
96 85 0.078459
96 86 0.078459
96 87 0.078459
96 88 0.078459
96 89 0.078458
96 90 0.078458
96 91 0.078458
96 92 0.078457
96 93 0.078458
96 94 0.078457
96 95 0.078458
96 96 0.078457
96 97 0.078457
96 98 0.078456
96 99 0.078457

97 0 0.078456
97 1 0.078455
97 2 0.078456
97 3 0.078456
97 4 0.078457
97 5 0.078457
97 6 0.078458
97 7 0.078458
97 8 0.078458
97 9 0.078458
97 10 0.078457
97 11 0.078457
97 12 0.078457
97 13 0.078458
97 14 0.078459
97 15 0.078459
97 16 0.078460
97 17 0.078460
97 18 0.078460
97 19 0.078460
97 20 0.078459
97 21 0.078459
97 22 0.078459
97 23 0.078459
97 24 0.078460
97 25 0.078461
97 26 0.078462
97 27 0.078463
97 28 0.078463
97 29 0.078463
97 30 0.078462
97 31 0.078462
97 32 0.078462
97 33 0.078462
97 34 0.078463
97 35 0.078463
97 36 0.078464
97 37 0.078465
97 38 0.078465
97 39 0.078465
97 40 0.078465
97 41 0.078464
97 42 0.078464
97 43 0.078464
97 44 0.078464
97 45 0.078464
97 46 0.078465
97 47 0.078465
97 48 0.078466
97 49 0.078466
97 50 0.078465
97 51 0.078465
97 52 0.078465
97 53 0.078464
97 54 0.078464
97 55 0.078464
97 56 0.078464
97 57 0.078464
97 58 0.078464
97 59 0.078464
97 60 0.078464
97 61 0.078464
97 62 0.078464
97 63 0.078464
97 64 0.078464
97 65 0.078464
97 66 0.078464
97 67 0.078464
97 68 0.078463
97 69 0.078463
97 70 0.078463
97 71 0.078463
97 72 0.078462
97 73 0.078461
97 74 0.078461
97 75 0.078460
97 76 0.078460
97 77 0.078459
97 78 0.078459
97 79 0.078459
97 80 0.078459
97 81 0.078459
97 82 0.078459
97 83 0.078459
97 84 0.078459
97 85 0.078459
97 86 0.078459
97 87 0.078458
97 88 0.078458
97 89 0.078458
97 90 0.078458
97 91 0.078457
97 92 0.078457
97 93 0.078457
97 94 0.078457
97 95 0.078457
97 96 0.078457
97 97 0.078457
97 98 0.078456
97 99 0.078457

98 0 0.078455
98 1 0.078455
98 2 0.078455
98 3 0.078456
98 4 0.078457
98 5 0.078458
98 6 0.078458
98 7 0.078458
98 8 0.078457
98 9 0.078457
98 10 0.078456
98 11 0.078456
98 12 0.078457
98 13 0.078458
98 14 0.078459
98 15 0.078460
98 16 0.078460
98 17 0.078460
98 18 0.078459
98 19 0.078459
98 20 0.078458
98 21 0.078458
98 22 0.078458
98 23 0.078459
98 24 0.078460
98 25 0.078462
98 26 0.078463
98 27 0.078463
98 28 0.078463
98 29 0.078462
98 30 0.078461
98 31 0.078461
98 32 0.078461
98 33 0.078462
98 34 0.078463
98 35 0.078464
98 36 0.078465
98 37 0.078465
98 38 0.078465
98 39 0.078465
98 40 0.078464
98 41 0.078464
98 42 0.078463
98 43 0.078463
98 44 0.078464
98 45 0.078464
98 46 0.078465
98 47 0.078466
98 48 0.078466
98 49 0.078466
98 50 0.078465
98 51 0.078465
98 52 0.078464
98 53 0.078464
98 54 0.078463
98 55 0.078464
98 56 0.078464
98 57 0.078464
98 58 0.078464
98 59 0.078464
98 60 0.078464
98 61 0.078464
98 62 0.078464
98 63 0.078463
98 64 0.078463
98 65 0.078463
98 66 0.078463
98 67 0.078463
98 68 0.078463
98 69 0.078463
98 70 0.078463
98 71 0.078462
98 72 0.078462
98 73 0.078461
98 74 0.078460
98 75 0.078459
98 76 0.078459
98 77 0.078458
98 78 0.078458
98 79 0.078458
98 80 0.078458
98 81 0.078459
98 82 0.078459
98 83 0.078459
98 84 0.078459
98 85 0.078458
98 86 0.078458
98 87 0.078458
98 88 0.078458
98 89 0.078457
98 90 0.078457
98 91 0.078457
98 92 0.078457
98 93 0.078457
98 94 0.078457
98 95 0.078457
98 96 0.078456
98 97 0.078456
98 98 0.078456
98 99 0.078456

99 0 0.078455
99 1 0.078455
99 2 0.078456
99 3 0.078456
99 4 0.078457
99 5 0.078458
99 6 0.078458
99 7 0.078458
99 8 0.078457
99 9 0.078457
99 10 0.078457
99 11 0.078457
99 12 0.078457
99 13 0.078458
99 14 0.078459
99 15 0.078460
99 16 0.078460
99 17 0.078460
99 18 0.078460
99 19 0.078459
99 20 0.078459
99 21 0.078459
99 22 0.078459
99 23 0.078460
99 24 0.078461
99 25 0.078462
99 26 0.078463
99 27 0.078463
99 28 0.078463
99 29 0.078462
99 30 0.078462
99 31 0.078462
99 32 0.078462
99 33 0.078462
99 34 0.078463
99 35 0.078464
99 36 0.078464
99 37 0.078465
99 38 0.078465
99 39 0.078465
99 40 0.078464
99 41 0.078464
99 42 0.078464
99 43 0.078464
99 44 0.078464
99 45 0.078465
99 46 0.078465
99 47 0.078466
99 48 0.078466
99 49 0.078466
99 50 0.078466
99 51 0.078465
99 52 0.078464
99 53 0.078464
99 54 0.078464
99 55 0.078464
99 56 0.078464
99 57 0.078464
99 58 0.078464
99 59 0.078464
99 60 0.078464
99 61 0.078464
99 62 0.078464
99 63 0.078464
99 64 0.078463
99 65 0.078463
99 66 0.078463
99 67 0.078463
99 68 0.078464
99 69 0.078463
99 70 0.078463
99 71 0.078463
99 72 0.078462
99 73 0.078462
99 74 0.078461
99 75 0.078460
99 76 0.078460
99 77 0.078459
99 78 0.078459
99 79 0.078459
99 80 0.078459
99 81 0.078459
99 82 0.078459
99 83 0.078459
99 84 0.078459
99 85 0.078458
99 86 0.078458
99 87 0.078458
99 88 0.078458
99 89 0.078458
99 90 0.078458
99 91 0.078457
99 92 0.078457
99 93 0.078457
99 94 0.078457
99 95 0.078457
99 96 0.078457
99 97 0.078457
99 98 0.078456
99 99 0.078456

