0 0 0.078475
0 1 0.078475
0 2 0.078475
0 3 0.078476
0 4 0.078476
0 5 0.078476
0 6 0.078476
0 7 0.078477
0 8 0.078476
0 9 0.078476
0 10 0.078476
0 11 0.078476
0 12 0.078475
0 13 0.078475
0 14 0.078475
0 15 0.078475
0 16 0.078475
0 17 0.078475
0 18 0.078475
0 19 0.078474
0 20 0.078474
0 21 0.078473
0 22 0.078472
0 23 0.078472
0 24 0.078472
0 25 0.078472
0 26 0.078472
0 27 0.078472
0 28 0.078472
0 29 0.078472
0 30 0.078472
0 31 0.078471
0 32 0.078471
0 33 0.078471
0 34 0.078470
0 35 0.078470
0 36 0.078470
0 37 0.078470
0 38 0.078470
0 39 0.078471
0 40 0.078470
0 41 0.078470
0 42 0.078470
0 43 0.078469
0 44 0.078469
0 45 0.078468
0 46 0.078468
0 47 0.078468
0 48 0.078468
0 49 0.078468
0 50 0.078468
0 51 0.078469
0 52 0.078469
0 53 0.078469
0 54 0.078469
0 55 0.078469
0 56 0.078469
0 57 0.078469
0 58 0.078469
0 59 0.078469
0 60 0.078470
0 61 0.078470
0 62 0.078470
0 63 0.078470
0 64 0.078471
0 65 0.078471
0 66 0.078471
0 67 0.078471
0 68 0.078471
0 69 0.078472
0 70 0.078472
0 71 0.078472
0 72 0.078472
0 73 0.078473
0 74 0.078473
0 75 0.078473
0 76 0.078473
0 77 0.078473
0 78 0.078474
0 79 0.078474
0 80 0.078474
0 81 0.078474
0 82 0.078474
0 83 0.078475
0 84 0.078475
0 85 0.078475
0 86 0.078475
0 87 0.078475
0 88 0.078475
0 89 0.078475
0 90 0.078475
0 91 0.078475
0 92 0.078475
0 93 0.078475
0 94 0.078476
0 95 0.078476
0 96 0.078476
0 97 0.078476
0 98 0.078476
0 99 0.078476

1 0 0.078475
1 1 0.078469
1 2 0.078473
1 3 0.078470
1 4 0.078471
1 5 0.078470
1 6 0.078470
1 7 0.078469
1 8 0.078469
1 9 0.078468
1 10 0.078468
1 11 0.078468
1 12 0.078468
1 13 0.078468
1 14 0.078468
1 15 0.078468
1 16 0.078468
1 17 0.078467
1 18 0.078467
1 19 0.078467
1 20 0.078467
1 21 0.078467
1 22 0.078467
1 23 0.078467
1 24 0.078467
1 25 0.078467
1 26 0.078467
1 27 0.078467
1 28 0.078467
1 29 0.078466
1 30 0.078466
1 31 0.078466
1 32 0.078466
1 33 0.078466
1 34 0.078466
1 35 0.078467
1 36 0.078467
1 37 0.078467
1 38 0.078467
1 39 0.078467
1 40 0.078467
1 41 0.078467
1 42 0.078467
1 43 0.078467
1 44 0.078467
1 45 0.078467
1 46 0.078467
1 47 0.078468
1 48 0.078468
1 49 0.078468
1 50 0.078468
1 51 0.078467
1 52 0.078467
1 53 0.078467
1 54 0.078467
1 55 0.078467
1 56 0.078467
1 57 0.078468
1 58 0.078468
1 59 0.078468
1 60 0.078467
1 61 0.078467
1 62 0.078467
1 63 0.078467
1 64 0.078467
1 65 0.078467
1 66 0.078467
1 67 0.078467
1 68 0.078467
1 69 0.078467
1 70 0.078467
1 71 0.078467
1 72 0.078467
1 73 0.078467
1 74 0.078467
1 75 0.078467
1 76 0.078467
1 77 0.078467
1 78 0.078467
1 79 0.078467
1 80 0.078467
1 81 0.078467
1 82 0.078467
1 83 0.078467
1 84 0.078468
1 85 0.078468
1 86 0.078468
1 87 0.078468
1 88 0.078469
1 89 0.078469
1 90 0.078469
1 91 0.078469
1 92 0.078469
1 93 0.078470
1 94 0.078469
1 95 0.078471
1 96 0.078469
1 97 0.078472
1 98 0.078468
1 99 0.078476

2 0 0.078475
2 1 0.078473
2 2 0.078475
2 3 0.078473
2 4 0.078474
2 5 0.078473
2 6 0.078473
2 7 0.078473
2 8 0.078473
2 9 0.078473
2 10 0.078473
2 11 0.078473
2 12 0.078473
2 13 0.078473
2 14 0.078473
2 15 0.078473
2 16 0.078472
2 17 0.078472
2 18 0.078471
2 19 0.078471
2 20 0.078471
2 21 0.078471
2 22 0.078471
2 23 0.078471
2 24 0.078471
2 25 0.078470
2 26 0.078470
2 27 0.078470
2 28 0.078469
2 29 0.078469
2 30 0.078469
2 31 0.078469
2 32 0.078469
2 33 0.078469
2 34 0.078470
2 35 0.078470
2 36 0.078470
2 37 0.078470
2 38 0.078469
2 39 0.078469
2 40 0.078469
2 41 0.078469
2 42 0.078469
2 43 0.078469
2 44 0.078469
2 45 0.078469
2 46 0.078469
2 47 0.078469
2 48 0.078469
2 49 0.078468
2 50 0.078468
2 51 0.078468
2 52 0.078468
2 53 0.078468
2 54 0.078468
2 55 0.078468
2 56 0.078469
2 57 0.078469
2 58 0.078469
2 59 0.078469
2 60 0.078469
2 61 0.078469
2 62 0.078469
2 63 0.078469
2 64 0.078469
2 65 0.078469
2 66 0.078470
2 67 0.078470
2 68 0.078470
2 69 0.078470
2 70 0.078470
2 71 0.078470
2 72 0.078470
2 73 0.078470
2 74 0.078470
2 75 0.078470
2 76 0.078471
2 77 0.078471
2 78 0.078471
2 79 0.078471
2 80 0.078472
2 81 0.078472
2 82 0.078472
2 83 0.078472
2 84 0.078472
2 85 0.078472
2 86 0.078472
2 87 0.078473
2 88 0.078473
2 89 0.078473
2 90 0.078473
2 91 0.078473
2 92 0.078473
2 93 0.078473
2 94 0.078473
2 95 0.078474
2 96 0.078473
2 97 0.078474
2 98 0.078473
2 99 0.078475

3 0 0.078475
3 1 0.078470
3 2 0.078473
3 3 0.078470
3 4 0.078471
3 5 0.078470
3 6 0.078470
3 7 0.078470
3 8 0.078470
3 9 0.078470
3 10 0.078470
3 11 0.078470
3 12 0.078470
3 13 0.078470
3 14 0.078469
3 15 0.078469
3 16 0.078468
3 17 0.078468
3 18 0.078468
3 19 0.078468
3 20 0.078468
3 21 0.078468
3 22 0.078468
3 23 0.078468
3 24 0.078468
3 25 0.078468
3 26 0.078468
3 27 0.078467
3 28 0.078467
3 29 0.078467
3 30 0.078467
3 31 0.078467
3 32 0.078467
3 33 0.078468
3 34 0.078468
3 35 0.078468
3 36 0.078468
3 37 0.078468
3 38 0.078467
3 39 0.078467
3 40 0.078467
3 41 0.078467
3 42 0.078467
3 43 0.078468
3 44 0.078468
3 45 0.078468
3 46 0.078468
3 47 0.078468
3 48 0.078468
3 49 0.078468
3 50 0.078468
3 51 0.078468
3 52 0.078467
3 53 0.078468
3 54 0.078468
3 55 0.078468
3 56 0.078468
3 57 0.078468
3 58 0.078468
3 59 0.078468
3 60 0.078468
3 61 0.078467
3 62 0.078467
3 63 0.078467
3 64 0.078467
3 65 0.078468
3 66 0.078468
3 67 0.078468
3 68 0.078468
3 69 0.078468
3 70 0.078468
3 71 0.078468
3 72 0.078468
3 73 0.078468
3 74 0.078468
3 75 0.078468
3 76 0.078468
3 77 0.078468
3 78 0.078469
3 79 0.078469
3 80 0.078469
3 81 0.078468
3 82 0.078469
3 83 0.078469
3 84 0.078469
3 85 0.078469
3 86 0.078469
3 87 0.078470
3 88 0.078470
3 89 0.078470
3 90 0.078470
3 91 0.078470
3 92 0.078470
3 93 0.078471
3 94 0.078470
3 95 0.078471
3 96 0.078470
3 97 0.078473
3 98 0.078470
3 99 0.078476

4 0 0.078476
4 1 0.078471
4 2 0.078474
4 3 0.078471
4 4 0.078472
4 5 0.078471
4 6 0.078472
4 7 0.078472
4 8 0.078472
4 9 0.078472
4 10 0.078472
4 11 0.078472
4 12 0.078472
4 13 0.078472
4 14 0.078471
4 15 0.078471
4 16 0.078470
4 17 0.078470
4 18 0.078470
4 19 0.078470
4 20 0.078470
4 21 0.078470
4 22 0.078470
4 23 0.078470
4 24 0.078469
4 25 0.078469
4 26 0.078469
4 27 0.078468
4 28 0.078468
4 29 0.078468
4 30 0.078468
4 31 0.078469
4 32 0.078469
4 33 0.078469
4 34 0.078469
4 35 0.078469
4 36 0.078469
4 37 0.078469
4 38 0.078468
4 39 0.078468
4 40 0.078468
4 41 0.078468
4 42 0.078468
4 43 0.078469
4 44 0.078469
4 45 0.078469
4 46 0.078469
4 47 0.078469
4 48 0.078468
4 49 0.078468
4 50 0.078468
4 51 0.078468
4 52 0.078468
4 53 0.078468
4 54 0.078468
4 55 0.078469
4 56 0.078469
4 57 0.078469
4 58 0.078468
4 59 0.078468
4 60 0.078468
4 61 0.078468
4 62 0.078468
4 63 0.078468
4 64 0.078468
4 65 0.078469
4 66 0.078469
4 67 0.078469
4 68 0.078469
4 69 0.078469
4 70 0.078469
4 71 0.078469
4 72 0.078469
4 73 0.078469
4 74 0.078469
4 75 0.078469
4 76 0.078470
4 77 0.078470
4 78 0.078470
4 79 0.078470
4 80 0.078470
4 81 0.078470
4 82 0.078470
4 83 0.078470
4 84 0.078471
4 85 0.078471
4 86 0.078471
4 87 0.078471
4 88 0.078471
4 89 0.078471
4 90 0.078471
4 91 0.078472
4 92 0.078471
4 93 0.078472
4 94 0.078472
4 95 0.078473
4 96 0.078472
4 97 0.078474
4 98 0.078471
4 99 0.078475

5 0 0.078476
5 1 0.078470
5 2 0.078473
5 3 0.078470
5 4 0.078471
5 5 0.078470
5 6 0.078471
5 7 0.078470
5 8 0.078471
5 9 0.078471
5 10 0.078470
5 11 0.078470
5 12 0.078470
5 13 0.078470
5 14 0.078470
5 15 0.078469
5 16 0.078469
5 17 0.078469
5 18 0.078469
5 19 0.078469
5 20 0.078469
5 21 0.078469
5 22 0.078469
5 23 0.078469
5 24 0.078468
5 25 0.078468
5 26 0.078468
5 27 0.078468
5 28 0.078468
5 29 0.078468
5 30 0.078468
5 31 0.078468
5 32 0.078468
5 33 0.078468
5 34 0.078468
5 35 0.078468
5 36 0.078468
5 37 0.078468
5 38 0.078468
5 39 0.078468
5 40 0.078468
5 41 0.078468
5 42 0.078468
5 43 0.078468
5 44 0.078468
5 45 0.078469
5 46 0.078468
5 47 0.078468
5 48 0.078468
5 49 0.078468
5 50 0.078468
5 51 0.078468
5 52 0.078468
5 53 0.078468
5 54 0.078468
5 55 0.078468
5 56 0.078468
5 57 0.078468
5 58 0.078468
5 59 0.078468
5 60 0.078468
5 61 0.078468
5 62 0.078468
5 63 0.078468
5 64 0.078468
5 65 0.078468
5 66 0.078468
5 67 0.078468
5 68 0.078468
5 69 0.078468
5 70 0.078468
5 71 0.078468
5 72 0.078468
5 73 0.078468
5 74 0.078468
5 75 0.078469
5 76 0.078469
5 77 0.078469
5 78 0.078469
5 79 0.078469
5 80 0.078469
5 81 0.078469
5 82 0.078469
5 83 0.078469
5 84 0.078469
5 85 0.078470
5 86 0.078470
5 87 0.078470
5 88 0.078470
5 89 0.078470
5 90 0.078470
5 91 0.078470
5 92 0.078470
5 93 0.078471
5 94 0.078471
5 95 0.078472
5 96 0.078471
5 97 0.078473
5 98 0.078469
5 99 0.078475

6 0 0.078476
6 1 0.078470
6 2 0.078473
6 3 0.078470
6 4 0.078472
6 5 0.078471
6 6 0.078471
6 7 0.078471
6 8 0.078471
6 9 0.078471
6 10 0.078471
6 11 0.078471
6 12 0.078471
6 13 0.078470
6 14 0.078470
6 15 0.078470
6 16 0.078470
6 17 0.078470
6 18 0.078469
6 19 0.078469
6 20 0.078469
6 21 0.078469
6 22 0.078469
6 23 0.078469
6 24 0.078469
6 25 0.078468
6 26 0.078468
6 27 0.078468
6 28 0.078468
6 29 0.078468
6 30 0.078468
6 31 0.078469
6 32 0.078469
6 33 0.078469
6 34 0.078469
6 35 0.078468
6 36 0.078468
6 37 0.078468
6 38 0.078468
6 39 0.078468
6 40 0.078468
6 41 0.078469
6 42 0.078469
6 43 0.078469
6 44 0.078469
6 45 0.078469
6 46 0.078468
6 47 0.078468
6 48 0.078468
6 49 0.078468
6 50 0.078468
6 51 0.078468
6 52 0.078468
6 53 0.078468
6 54 0.078468
6 55 0.078468
6 56 0.078468
6 57 0.078468
6 58 0.078468
6 59 0.078468
6 60 0.078468
6 61 0.078468
6 62 0.078468
6 63 0.078468
6 64 0.078468
6 65 0.078468
6 66 0.078468
6 67 0.078468
6 68 0.078468
6 69 0.078468
6 70 0.078468
6 71 0.078468
6 72 0.078468
6 73 0.078469
6 74 0.078469
6 75 0.078469
6 76 0.078469
6 77 0.078469
6 78 0.078469
6 79 0.078469
6 80 0.078469
6 81 0.078469
6 82 0.078470
6 83 0.078470
6 84 0.078470
6 85 0.078470
6 86 0.078470
6 87 0.078470
6 88 0.078470
6 89 0.078470
6 90 0.078471
6 91 0.078471
6 92 0.078471
6 93 0.078471
6 94 0.078471
6 95 0.078472
6 96 0.078471
6 97 0.078473
6 98 0.078469
6 99 0.078475

7 0 0.078476
7 1 0.078469
7 2 0.078473
7 3 0.078470
7 4 0.078472
7 5 0.078470
7 6 0.078471
7 7 0.078471
7 8 0.078471
7 9 0.078470
7 10 0.078470
7 11 0.078470
7 12 0.078470
7 13 0.078470
7 14 0.078469
7 15 0.078469
7 16 0.078469
7 17 0.078469
7 18 0.078469
7 19 0.078469
7 20 0.078469
7 21 0.078469
7 22 0.078468
7 23 0.078468
7 24 0.078468
7 25 0.078468
7 26 0.078468
7 27 0.078468
7 28 0.078468
7 29 0.078468
7 30 0.078468
7 31 0.078469
7 32 0.078468
7 33 0.078468
7 34 0.078468
7 35 0.078468
7 36 0.078468
7 37 0.078468
7 38 0.078468
7 39 0.078468
7 40 0.078468
7 41 0.078469
7 42 0.078469
7 43 0.078469
7 44 0.078468
7 45 0.078468
7 46 0.078468
7 47 0.078468
7 48 0.078468
7 49 0.078468
7 50 0.078468
7 51 0.078468
7 52 0.078468
7 53 0.078469
7 54 0.078468
7 55 0.078468
7 56 0.078468
7 57 0.078468
7 58 0.078468
7 59 0.078468
7 60 0.078468
7 61 0.078468
7 62 0.078468
7 63 0.078468
7 64 0.078468
7 65 0.078468
7 66 0.078468
7 67 0.078468
7 68 0.078468
7 69 0.078468
7 70 0.078468
7 71 0.078468
7 72 0.078468
7 73 0.078468
7 74 0.078469
7 75 0.078469
7 76 0.078469
7 77 0.078468
7 78 0.078469
7 79 0.078469
7 80 0.078469
7 81 0.078469
7 82 0.078469
7 83 0.078469
7 84 0.078470
7 85 0.078470
7 86 0.078470
7 87 0.078470
7 88 0.078470
7 89 0.078470
7 90 0.078470
7 91 0.078470
7 92 0.078470
7 93 0.078471
7 94 0.078471
7 95 0.078472
7 96 0.078470
7 97 0.078473
7 98 0.078469
7 99 0.078475

8 0 0.078476
8 1 0.078469
8 2 0.078473
8 3 0.078470
8 4 0.078472
8 5 0.078470
8 6 0.078471
8 7 0.078471
8 8 0.078471
8 9 0.078470
8 10 0.078470
8 11 0.078470
8 12 0.078470
8 13 0.078470
8 14 0.078470
8 15 0.078470
8 16 0.078469
8 17 0.078469
8 18 0.078469
8 19 0.078469
8 20 0.078469
8 21 0.078469
8 22 0.078468
8 23 0.078468
8 24 0.078468
8 25 0.078468
8 26 0.078468
8 27 0.078468
8 28 0.078468
8 29 0.078469
8 30 0.078469
8 31 0.078469
8 32 0.078469
8 33 0.078468
8 34 0.078468
8 35 0.078468
8 36 0.078468
8 37 0.078468
8 38 0.078468
8 39 0.078468
8 40 0.078469
8 41 0.078469
8 42 0.078469
8 43 0.078468
8 44 0.078468
8 45 0.078468
8 46 0.078468
8 47 0.078468
8 48 0.078468
8 49 0.078468
8 50 0.078468
8 51 0.078469
8 52 0.078469
8 53 0.078468
8 54 0.078468
8 55 0.078468
8 56 0.078468
8 57 0.078468
8 58 0.078468
8 59 0.078468
8 60 0.078468
8 61 0.078468
8 62 0.078468
8 63 0.078468
8 64 0.078468
8 65 0.078468
8 66 0.078468
8 67 0.078468
8 68 0.078468
8 69 0.078468
8 70 0.078468
8 71 0.078468
8 72 0.078468
8 73 0.078468
8 74 0.078469
8 75 0.078468
8 76 0.078468
8 77 0.078468
8 78 0.078469
8 79 0.078469
8 80 0.078469
8 81 0.078469
8 82 0.078469
8 83 0.078469
8 84 0.078470
8 85 0.078470
8 86 0.078470
8 87 0.078470
8 88 0.078470
8 89 0.078470
8 90 0.078470
8 91 0.078470
8 92 0.078471
8 93 0.078471
8 94 0.078471
8 95 0.078472
8 96 0.078470
8 97 0.078473
8 98 0.078469
8 99 0.078475

9 0 0.078476
9 1 0.078469
9 2 0.078473
9 3 0.078470
9 4 0.078472
9 5 0.078470
9 6 0.078471
9 7 0.078470
9 8 0.078470
9 9 0.078470
9 10 0.078470
9 11 0.078470
9 12 0.078470
9 13 0.078469
9 14 0.078469
9 15 0.078469
9 16 0.078469
9 17 0.078469
9 18 0.078469
9 19 0.078469
9 20 0.078469
9 21 0.078468
9 22 0.078468
9 23 0.078468
9 24 0.078468
9 25 0.078468
9 26 0.078468
9 27 0.078468
9 28 0.078469
9 29 0.078469
9 30 0.078469
9 31 0.078469
9 32 0.078468
9 33 0.078468
9 34 0.078468
9 35 0.078468
9 36 0.078468
9 37 0.078468
9 38 0.078468
9 39 0.078469
9 40 0.078469
9 41 0.078469
9 42 0.078468
9 43 0.078468
9 44 0.078468
9 45 0.078468
9 46 0.078468
9 47 0.078468
9 48 0.078468
9 49 0.078468
9 50 0.078469
9 51 0.078469
9 52 0.078469
9 53 0.078468
9 54 0.078468
9 55 0.078468
9 56 0.078468
9 57 0.078468
9 58 0.078468
9 59 0.078468
9 60 0.078468
9 61 0.078468
9 62 0.078468
9 63 0.078468
9 64 0.078468
9 65 0.078468
9 66 0.078468
9 67 0.078468
9 68 0.078468
9 69 0.078468
9 70 0.078468
9 71 0.078468
9 72 0.078468
9 73 0.078468
9 74 0.078468
9 75 0.078468
9 76 0.078468
9 77 0.078468
9 78 0.078468
9 79 0.078469
9 80 0.078469
9 81 0.078469
9 82 0.078469
9 83 0.078469
9 84 0.078469
9 85 0.078469
9 86 0.078469
9 87 0.078469
9 88 0.078470
9 89 0.078470
9 90 0.078470
9 91 0.078470
9 92 0.078470
9 93 0.078471
9 94 0.078470
9 95 0.078472
9 96 0.078470
9 97 0.078473
9 98 0.078469
9 99 0.078475

10 0 0.078475
10 1 0.078469
10 2 0.078473
10 3 0.078470
10 4 0.078471
10 5 0.078470
10 6 0.078470
10 7 0.078470
10 8 0.078470
10 9 0.078470
10 10 0.078470
10 11 0.078470
10 12 0.078469
10 13 0.078469
10 14 0.078469
10 15 0.078469
10 16 0.078469
10 17 0.078469
10 18 0.078469
10 19 0.078469
10 20 0.078469
10 21 0.078468
10 22 0.078468
10 23 0.078468
10 24 0.078468
10 25 0.078468
10 26 0.078468
10 27 0.078469
10 28 0.078469
10 29 0.078469
10 30 0.078469
10 31 0.078468
10 32 0.078468
10 33 0.078468
10 34 0.078468
10 35 0.078468
10 36 0.078468
10 37 0.078468
10 38 0.078469
10 39 0.078469
10 40 0.078469
10 41 0.078469
10 42 0.078468
10 43 0.078468
10 44 0.078468
10 45 0.078468
10 46 0.078468
10 47 0.078468
10 48 0.078468
10 49 0.078469
10 50 0.078469
10 51 0.078469
10 52 0.078468
10 53 0.078468
10 54 0.078468
10 55 0.078468
10 56 0.078468
10 57 0.078468
10 58 0.078468
10 59 0.078468
10 60 0.078468
10 61 0.078468
10 62 0.078468
10 63 0.078468
10 64 0.078468
10 65 0.078468
10 66 0.078468
10 67 0.078468
10 68 0.078468
10 69 0.078468
10 70 0.078468
10 71 0.078468
10 72 0.078468
10 73 0.078468
10 74 0.078468
10 75 0.078468
10 76 0.078468
10 77 0.078468
10 78 0.078468
10 79 0.078469
10 80 0.078469
10 81 0.078469
10 82 0.078469
10 83 0.078469
10 84 0.078469
10 85 0.078469
10 86 0.078469
10 87 0.078469
10 88 0.078470
10 89 0.078470
10 90 0.078470
10 91 0.078470
10 92 0.078470
10 93 0.078471
10 94 0.078470
10 95 0.078471
10 96 0.078470
10 97 0.078473
10 98 0.078469
10 99 0.078475

11 0 0.078474
11 1 0.078468
11 2 0.078472
11 3 0.078470
11 4 0.078471
11 5 0.078470
11 6 0.078470
11 7 0.078470
11 8 0.078470
11 9 0.078470
11 10 0.078470
11 11 0.078469
11 12 0.078469
11 13 0.078469
11 14 0.078469
11 15 0.078469
11 16 0.078469
11 17 0.078469
11 18 0.078469
11 19 0.078469
11 20 0.078468
11 21 0.078468
11 22 0.078468
11 23 0.078468
11 24 0.078468
11 25 0.078468
11 26 0.078468
11 27 0.078469
11 28 0.078469
11 29 0.078469
11 30 0.078468
11 31 0.078468
11 32 0.078468
11 33 0.078468
11 34 0.078468
11 35 0.078468
11 36 0.078468
11 37 0.078469
11 38 0.078469
11 39 0.078469
11 40 0.078469
11 41 0.078468
11 42 0.078468
11 43 0.078468
11 44 0.078468
11 45 0.078468
11 46 0.078468
11 47 0.078468
11 48 0.078469
11 49 0.078469
11 50 0.078469
11 51 0.078468
11 52 0.078468
11 53 0.078468
11 54 0.078468
11 55 0.078468
11 56 0.078468
11 57 0.078468
11 58 0.078468
11 59 0.078469
11 60 0.078468
11 61 0.078468
11 62 0.078468
11 63 0.078468
11 64 0.078468
11 65 0.078468
11 66 0.078468
11 67 0.078468
11 68 0.078468
11 69 0.078468
11 70 0.078468
11 71 0.078468
11 72 0.078468
11 73 0.078468
11 74 0.078468
11 75 0.078468
11 76 0.078468
11 77 0.078468
11 78 0.078468
11 79 0.078469
11 80 0.078469
11 81 0.078469
11 82 0.078469
11 83 0.078469
11 84 0.078469
11 85 0.078469
11 86 0.078469
11 87 0.078469
11 88 0.078470
11 89 0.078470
11 90 0.078470
11 91 0.078470
11 92 0.078470
11 93 0.078471
11 94 0.078470
11 95 0.078471
11 96 0.078470
11 97 0.078472
11 98 0.078469
11 99 0.078475

12 0 0.078473
12 1 0.078468
12 2 0.078472
12 3 0.078469
12 4 0.078471
12 5 0.078469
12 6 0.078470
12 7 0.078469
12 8 0.078470
12 9 0.078470
12 10 0.078469
12 11 0.078469
12 12 0.078469
12 13 0.078469
12 14 0.078469
12 15 0.078469
12 16 0.078469
12 17 0.078469
12 18 0.078469
12 19 0.078469
12 20 0.078468
12 21 0.078468
12 22 0.078468
12 23 0.078468
12 24 0.078468
12 25 0.078469
12 26 0.078469
12 27 0.078469
12 28 0.078469
12 29 0.078468
12 30 0.078468
12 31 0.078468
12 32 0.078468
12 33 0.078468
12 34 0.078468
12 35 0.078468
12 36 0.078469
12 37 0.078469
12 38 0.078469
12 39 0.078469
12 40 0.078468
12 41 0.078468
12 42 0.078468
12 43 0.078468
12 44 0.078468
12 45 0.078468
12 46 0.078468
12 47 0.078469
12 48 0.078469
12 49 0.078469
12 50 0.078469
12 51 0.078468
12 52 0.078468
12 53 0.078468
12 54 0.078468
12 55 0.078468
12 56 0.078468
12 57 0.078468
12 58 0.078469
12 59 0.078469
12 60 0.078468
12 61 0.078468
12 62 0.078468
12 63 0.078468
12 64 0.078468
12 65 0.078468
12 66 0.078468
12 67 0.078468
12 68 0.078468
12 69 0.078468
12 70 0.078468
12 71 0.078468
12 72 0.078468
12 73 0.078468
12 74 0.078468
12 75 0.078468
12 76 0.078468
12 77 0.078468
12 78 0.078468
12 79 0.078469
12 80 0.078469
12 81 0.078469
12 82 0.078469
12 83 0.078469
12 84 0.078469
12 85 0.078469
12 86 0.078469
12 87 0.078469
12 88 0.078469
12 89 0.078470
12 90 0.078470
12 91 0.078470
12 92 0.078470
12 93 0.078470
12 94 0.078470
12 95 0.078471
12 96 0.078469
12 97 0.078472
12 98 0.078469
12 99 0.078475

13 0 0.078473
13 1 0.078468
13 2 0.078472
13 3 0.078469
13 4 0.078470
13 5 0.078469
13 6 0.078470
13 7 0.078469
13 8 0.078470
13 9 0.078469
13 10 0.078469
13 11 0.078469
13 12 0.078469
13 13 0.078469
13 14 0.078469
13 15 0.078469
13 16 0.078469
13 17 0.078469
13 18 0.078469
13 19 0.078468
13 20 0.078468
13 21 0.078468
13 22 0.078468
13 23 0.078468
13 24 0.078468
13 25 0.078469
13 26 0.078469
13 27 0.078469
13 28 0.078469
13 29 0.078468
13 30 0.078468
13 31 0.078468
13 32 0.078468
13 33 0.078468
13 34 0.078468
13 35 0.078469
13 36 0.078469
13 37 0.078469
13 38 0.078469
13 39 0.078468
13 40 0.078468
13 41 0.078468
13 42 0.078468
13 43 0.078468
13 44 0.078468
13 45 0.078469
13 46 0.078469
13 47 0.078469
13 48 0.078469
13 49 0.078469
13 50 0.078468
13 51 0.078468
13 52 0.078468
13 53 0.078468
13 54 0.078468
13 55 0.078468
13 56 0.078469
13 57 0.078469
13 58 0.078469
13 59 0.078468
13 60 0.078468
13 61 0.078468
13 62 0.078468
13 63 0.078468
13 64 0.078468
13 65 0.078468
13 66 0.078468
13 67 0.078468
13 68 0.078468
13 69 0.078468
13 70 0.078468
13 71 0.078468
13 72 0.078468
13 73 0.078468
13 74 0.078468
13 75 0.078468
13 76 0.078468
13 77 0.078468
13 78 0.078468
13 79 0.078468
13 80 0.078468
13 81 0.078468
13 82 0.078468
13 83 0.078469
13 84 0.078469
13 85 0.078469
13 86 0.078469
13 87 0.078469
13 88 0.078469
13 89 0.078470
13 90 0.078470
13 91 0.078470
13 92 0.078470
13 93 0.078470
13 94 0.078470
13 95 0.078471
13 96 0.078469
13 97 0.078472
13 98 0.078468
13 99 0.078474

14 0 0.078474
14 1 0.078468
14 2 0.078471
14 3 0.078468
14 4 0.078470
14 5 0.078469
14 6 0.078470
14 7 0.078469
14 8 0.078470
14 9 0.078469
14 10 0.078469
14 11 0.078469
14 12 0.078469
14 13 0.078469
14 14 0.078469
14 15 0.078469
14 16 0.078469
14 17 0.078469
14 18 0.078468
14 19 0.078468
14 20 0.078468
14 21 0.078468
14 22 0.078468
14 23 0.078469
14 24 0.078469
14 25 0.078469
14 26 0.078469
14 27 0.078469
14 28 0.078468
14 29 0.078468
14 30 0.078468
14 31 0.078468
14 32 0.078468
14 33 0.078468
14 34 0.078469
14 35 0.078469
14 36 0.078469
14 37 0.078469
14 38 0.078468
14 39 0.078468
14 40 0.078468
14 41 0.078468
14 42 0.078468
14 43 0.078468
14 44 0.078469
14 45 0.078469
14 46 0.078469
14 47 0.078469
14 48 0.078469
14 49 0.078468
14 50 0.078468
14 51 0.078468
14 52 0.078468
14 53 0.078468
14 54 0.078468
14 55 0.078469
14 56 0.078469
14 57 0.078469
14 58 0.078469
14 59 0.078468
14 60 0.078468
14 61 0.078468
14 62 0.078468
14 63 0.078468
14 64 0.078468
14 65 0.078468
14 66 0.078468
14 67 0.078468
14 68 0.078468
14 69 0.078468
14 70 0.078468
14 71 0.078468
14 72 0.078468
14 73 0.078468
14 74 0.078468
14 75 0.078468
14 76 0.078468
14 77 0.078468
14 78 0.078468
14 79 0.078468
14 80 0.078468
14 81 0.078468
14 82 0.078468
14 83 0.078468
14 84 0.078469
14 85 0.078469
14 86 0.078469
14 87 0.078469
14 88 0.078469
14 89 0.078469
14 90 0.078469
14 91 0.078470
14 92 0.078469
14 93 0.078470
14 94 0.078469
14 95 0.078471
14 96 0.078469
14 97 0.078472
14 98 0.078468
14 99 0.078474

15 0 0.078474
15 1 0.078467
15 2 0.078471
15 3 0.078468
15 4 0.078470
15 5 0.078469
15 6 0.078470
15 7 0.078469
15 8 0.078469
15 9 0.078469
15 10 0.078469
15 11 0.078469
15 12 0.078469
15 13 0.078469
15 14 0.078469
15 15 0.078469
15 16 0.078469
15 17 0.078469
15 18 0.078468
15 19 0.078468
15 20 0.078468
15 21 0.078468
15 22 0.078468
15 23 0.078469
15 24 0.078469
15 25 0.078469
15 26 0.078469
15 27 0.078469
15 28 0.078468
15 29 0.078468
15 30 0.078468
15 31 0.078468
15 32 0.078468
15 33 0.078469
15 34 0.078469
15 35 0.078469
15 36 0.078469
15 37 0.078468
15 38 0.078468
15 39 0.078468
15 40 0.078468
15 41 0.078468
15 42 0.078468
15 43 0.078469
15 44 0.078469
15 45 0.078469
15 46 0.078469
15 47 0.078469
15 48 0.078469
15 49 0.078468
15 50 0.078468
15 51 0.078468
15 52 0.078468
15 53 0.078469
15 54 0.078469
15 55 0.078469
15 56 0.078469
15 57 0.078469
15 58 0.078468
15 59 0.078468
15 60 0.078468
15 61 0.078468
15 62 0.078468
15 63 0.078468
15 64 0.078468
15 65 0.078469
15 66 0.078468
15 67 0.078468
15 68 0.078468
15 69 0.078468
15 70 0.078468
15 71 0.078468
15 72 0.078468
15 73 0.078468
15 74 0.078468
15 75 0.078468
15 76 0.078468
15 77 0.078468
15 78 0.078468
15 79 0.078468
15 80 0.078468
15 81 0.078468
15 82 0.078468
15 83 0.078468
15 84 0.078469
15 85 0.078469
15 86 0.078469
15 87 0.078469
15 88 0.078469
15 89 0.078469
15 90 0.078469
15 91 0.078469
15 92 0.078469
15 93 0.078470
15 94 0.078469
15 95 0.078471
15 96 0.078469
15 97 0.078472
15 98 0.078468
15 99 0.078474

16 0 0.078475
16 1 0.078467
16 2 0.078471
16 3 0.078468
16 4 0.078470
16 5 0.078469
16 6 0.078470
16 7 0.078469
16 8 0.078469
16 9 0.078469
16 10 0.078469
16 11 0.078468
16 12 0.078468
16 13 0.078468
16 14 0.078469
16 15 0.078469
16 16 0.078469
16 17 0.078468
16 18 0.078468
16 19 0.078468
16 20 0.078468
16 21 0.078468
16 22 0.078469
16 23 0.078469
16 24 0.078469
16 25 0.078469
16 26 0.078469
16 27 0.078468
16 28 0.078468
16 29 0.078468
16 30 0.078468
16 31 0.078468
16 32 0.078469
16 33 0.078469
16 34 0.078469
16 35 0.078469
16 36 0.078469
16 37 0.078468
16 38 0.078468
16 39 0.078468
16 40 0.078468
16 41 0.078469
16 42 0.078469
16 43 0.078469
16 44 0.078469
16 45 0.078469
16 46 0.078469
16 47 0.078469
16 48 0.078469
16 49 0.078468
16 50 0.078468
16 51 0.078468
16 52 0.078469
16 53 0.078469
16 54 0.078469
16 55 0.078469
16 56 0.078469
16 57 0.078469
16 58 0.078468
16 59 0.078468
16 60 0.078468
16 61 0.078468
16 62 0.078468
16 63 0.078469
16 64 0.078469
16 65 0.078469
16 66 0.078468
16 67 0.078468
16 68 0.078468
16 69 0.078468
16 70 0.078468
16 71 0.078468
16 72 0.078468
16 73 0.078468
16 74 0.078468
16 75 0.078468
16 76 0.078468
16 77 0.078468
16 78 0.078468
16 79 0.078468
16 80 0.078468
16 81 0.078468
16 82 0.078468
16 83 0.078468
16 84 0.078469
16 85 0.078469
16 86 0.078469
16 87 0.078469
16 88 0.078469
16 89 0.078469
16 90 0.078469
16 91 0.078469
16 92 0.078469
16 93 0.078470
16 94 0.078469
16 95 0.078471
16 96 0.078469
16 97 0.078472
16 98 0.078467
16 99 0.078474

17 0 0.078475
17 1 0.078467
17 2 0.078472
17 3 0.078468
17 4 0.078470
17 5 0.078469
17 6 0.078470
17 7 0.078469
17 8 0.078469
17 9 0.078468
17 10 0.078468
17 11 0.078468
17 12 0.078468
17 13 0.078468
17 14 0.078469
17 15 0.078469
17 16 0.078468
17 17 0.078468
17 18 0.078468
17 19 0.078468
17 20 0.078468
17 21 0.078469
17 22 0.078469
17 23 0.078469
17 24 0.078469
17 25 0.078469
17 26 0.078468
17 27 0.078468
17 28 0.078468
17 29 0.078468
17 30 0.078468
17 31 0.078469
17 32 0.078469
17 33 0.078469
17 34 0.078469
17 35 0.078469
17 36 0.078468
17 37 0.078468
17 38 0.078468
17 39 0.078468
17 40 0.078469
17 41 0.078469
17 42 0.078469
17 43 0.078469
17 44 0.078469
17 45 0.078469
17 46 0.078469
17 47 0.078469
17 48 0.078469
17 49 0.078468
17 50 0.078469
17 51 0.078469
17 52 0.078469
17 53 0.078469
17 54 0.078469
17 55 0.078469
17 56 0.078469
17 57 0.078469
17 58 0.078468
17 59 0.078468
17 60 0.078468
17 61 0.078469
17 62 0.078469
17 63 0.078469
17 64 0.078469
17 65 0.078469
17 66 0.078468
17 67 0.078468
17 68 0.078468
17 69 0.078468
17 70 0.078468
17 71 0.078468
17 72 0.078468
17 73 0.078468
17 74 0.078468
17 75 0.078468
17 76 0.078468
17 77 0.078468
17 78 0.078468
17 79 0.078468
17 80 0.078468
17 81 0.078468
17 82 0.078468
17 83 0.078468
17 84 0.078469
17 85 0.078469
17 86 0.078469
17 87 0.078469
17 88 0.078469
17 89 0.078469
17 90 0.078469
17 91 0.078469
17 92 0.078469
17 93 0.078470
17 94 0.078469
17 95 0.078471
17 96 0.078469
17 97 0.078472
17 98 0.078467
17 99 0.078474

18 0 0.078475
18 1 0.078467
18 2 0.078472
18 3 0.078468
18 4 0.078470
18 5 0.078469
18 6 0.078469
18 7 0.078468
18 8 0.078468
18 9 0.078468
18 10 0.078468
18 11 0.078468
18 12 0.078468
18 13 0.078468
18 14 0.078468
18 15 0.078468
18 16 0.078468
18 17 0.078468
18 18 0.078468
18 19 0.078468
18 20 0.078468
18 21 0.078469
18 22 0.078469
18 23 0.078469
18 24 0.078469
18 25 0.078469
18 26 0.078468
18 27 0.078468
18 28 0.078468
18 29 0.078468
18 30 0.078468
18 31 0.078469
18 32 0.078469
18 33 0.078469
18 34 0.078469
18 35 0.078469
18 36 0.078468
18 37 0.078468
18 38 0.078469
18 39 0.078469
18 40 0.078469
18 41 0.078469
18 42 0.078469
18 43 0.078469
18 44 0.078469
18 45 0.078469
18 46 0.078469
18 47 0.078469
18 48 0.078469
18 49 0.078469
18 50 0.078469
18 51 0.078469
18 52 0.078469
18 53 0.078469
18 54 0.078469
18 55 0.078469
18 56 0.078469
18 57 0.078469
18 58 0.078469
18 59 0.078469
18 60 0.078469
18 61 0.078469
18 62 0.078469
18 63 0.078469
18 64 0.078469
18 65 0.078468
18 66 0.078468
18 67 0.078468
18 68 0.078468
18 69 0.078468
18 70 0.078468
18 71 0.078468
18 72 0.078468
18 73 0.078468
18 74 0.078468
18 75 0.078468
18 76 0.078468
18 77 0.078468
18 78 0.078468
18 79 0.078468
18 80 0.078468
18 81 0.078468
18 82 0.078468
18 83 0.078468
18 84 0.078469
18 85 0.078469
18 86 0.078469
18 87 0.078469
18 88 0.078469
18 89 0.078469
18 90 0.078469
18 91 0.078469
18 92 0.078469
18 93 0.078470
18 94 0.078469
18 95 0.078470
18 96 0.078468
18 97 0.078471
18 98 0.078467
18 99 0.078474

19 0 0.078474
19 1 0.078467
19 2 0.078471
19 3 0.078468
19 4 0.078470
19 5 0.078468
19 6 0.078469
19 7 0.078468
19 8 0.078468
19 9 0.078468
19 10 0.078468
19 11 0.078468
19 12 0.078468
19 13 0.078468
19 14 0.078468
19 15 0.078468
19 16 0.078468
19 17 0.078468
19 18 0.078468
19 19 0.078468
19 20 0.078469
19 21 0.078469
19 22 0.078469
19 23 0.078469
19 24 0.078469
19 25 0.078468
19 26 0.078468
19 27 0.078468
19 28 0.078468
19 29 0.078468
19 30 0.078469
19 31 0.078469
19 32 0.078469
19 33 0.078469
19 34 0.078469
19 35 0.078469
19 36 0.078469
19 37 0.078469
19 38 0.078469
19 39 0.078469
19 40 0.078469
19 41 0.078469
19 42 0.078469
19 43 0.078469
19 44 0.078469
19 45 0.078469
19 46 0.078469
19 47 0.078469
19 48 0.078469
19 49 0.078469
19 50 0.078469
19 51 0.078469
19 52 0.078469
19 53 0.078469
19 54 0.078469
19 55 0.078469
19 56 0.078469
19 57 0.078469
19 58 0.078469
19 59 0.078469
19 60 0.078469
19 61 0.078469
19 62 0.078469
19 63 0.078469
19 64 0.078469
19 65 0.078468
19 66 0.078468
19 67 0.078468
19 68 0.078468
19 69 0.078468
19 70 0.078468
19 71 0.078468
19 72 0.078468
19 73 0.078468
19 74 0.078468
19 75 0.078468
19 76 0.078468
19 77 0.078468
19 78 0.078468
19 79 0.078468
19 80 0.078468
19 81 0.078468
19 82 0.078468
19 83 0.078468
19 84 0.078468
19 85 0.078468
19 86 0.078469
19 87 0.078469
19 88 0.078469
19 89 0.078469
19 90 0.078469
19 91 0.078469
19 92 0.078469
19 93 0.078470
19 94 0.078469
19 95 0.078470
19 96 0.078468
19 97 0.078471
19 98 0.078467
19 99 0.078473

20 0 0.078472
20 1 0.078467
20 2 0.078471
20 3 0.078468
20 4 0.078469
20 5 0.078468
20 6 0.078468
20 7 0.078468
20 8 0.078468
20 9 0.078468
20 10 0.078468
20 11 0.078468
20 12 0.078468
20 13 0.078468
20 14 0.078468
20 15 0.078468
20 16 0.078468
20 17 0.078468
20 18 0.078468
20 19 0.078469
20 20 0.078469
20 21 0.078469
20 22 0.078469
20 23 0.078469
20 24 0.078468
20 25 0.078468
20 26 0.078468
20 27 0.078468
20 28 0.078468
20 29 0.078469
20 30 0.078469
20 31 0.078469
20 32 0.078469
20 33 0.078469
20 34 0.078469
20 35 0.078469
20 36 0.078469
20 37 0.078469
20 38 0.078469
20 39 0.078469
20 40 0.078469
20 41 0.078469
20 42 0.078469
20 43 0.078469
20 44 0.078469
20 45 0.078469
20 46 0.078469
20 47 0.078469
20 48 0.078469
20 49 0.078469
20 50 0.078469
20 51 0.078469
20 52 0.078469
20 53 0.078469
20 54 0.078469
20 55 0.078469
20 56 0.078469
20 57 0.078469
20 58 0.078469
20 59 0.078469
20 60 0.078469
20 61 0.078469
20 62 0.078469
20 63 0.078469
20 64 0.078469
20 65 0.078468
20 66 0.078468
20 67 0.078468
20 68 0.078468
20 69 0.078468
20 70 0.078468
20 71 0.078468
20 72 0.078468
20 73 0.078468
20 74 0.078468
20 75 0.078468
20 76 0.078468
20 77 0.078468
20 78 0.078468
20 79 0.078468
20 80 0.078468
20 81 0.078468
20 82 0.078468
20 83 0.078468
20 84 0.078468
20 85 0.078468
20 86 0.078469
20 87 0.078469
20 88 0.078469
20 89 0.078469
20 90 0.078469
20 91 0.078469
20 92 0.078469
20 93 0.078469
20 94 0.078469
20 95 0.078470
20 96 0.078468
20 97 0.078471
20 98 0.078467
20 99 0.078473

21 0 0.078471
21 1 0.078467
21 2 0.078470
21 3 0.078468
21 4 0.078469
21 5 0.078468
21 6 0.078468
21 7 0.078468
21 8 0.078468
21 9 0.078468
21 10 0.078468
21 11 0.078468
21 12 0.078468
21 13 0.078468
21 14 0.078468
21 15 0.078468
21 16 0.078468
21 17 0.078468
21 18 0.078468
21 19 0.078469
21 20 0.078469
21 21 0.078469
21 22 0.078469
21 23 0.078468
21 24 0.078468
21 25 0.078468
21 26 0.078468
21 27 0.078468
21 28 0.078469
21 29 0.078469
21 30 0.078469
21 31 0.078469
21 32 0.078469
21 33 0.078469
21 34 0.078469
21 35 0.078469
21 36 0.078469
21 37 0.078469
21 38 0.078469
21 39 0.078469
21 40 0.078469
21 41 0.078469
21 42 0.078469
21 43 0.078469
21 44 0.078469
21 45 0.078469
21 46 0.078469
21 47 0.078469
21 48 0.078469
21 49 0.078469
21 50 0.078469
21 51 0.078469
21 52 0.078469
21 53 0.078469
21 54 0.078469
21 55 0.078469
21 56 0.078469
21 57 0.078469
21 58 0.078469
21 59 0.078469
21 60 0.078469
21 61 0.078469
21 62 0.078469
21 63 0.078469
21 64 0.078469
21 65 0.078468
21 66 0.078468
21 67 0.078468
21 68 0.078468
21 69 0.078468
21 70 0.078468
21 71 0.078468
21 72 0.078468
21 73 0.078468
21 74 0.078468
21 75 0.078468
21 76 0.078468
21 77 0.078468
21 78 0.078468
21 79 0.078468
21 80 0.078468
21 81 0.078468
21 82 0.078468
21 83 0.078468
21 84 0.078468
21 85 0.078468
21 86 0.078469
21 87 0.078469
21 88 0.078469
21 89 0.078469
21 90 0.078469
21 91 0.078469
21 92 0.078469
21 93 0.078469
21 94 0.078469
21 95 0.078470
21 96 0.078468
21 97 0.078471
21 98 0.078468
21 99 0.078472

22 0 0.078470
22 1 0.078467
22 2 0.078469
22 3 0.078468
22 4 0.078468
22 5 0.078468
22 6 0.078468
22 7 0.078468
22 8 0.078468
22 9 0.078468
22 10 0.078468
22 11 0.078468
22 12 0.078468
22 13 0.078468
22 14 0.078468
22 15 0.078468
22 16 0.078468
22 17 0.078468
22 18 0.078469
22 19 0.078469
22 20 0.078469
22 21 0.078469
22 22 0.078468
22 23 0.078468
22 24 0.078468
22 25 0.078468
22 26 0.078468
22 27 0.078469
22 28 0.078469
22 29 0.078469
22 30 0.078469
22 31 0.078469
22 32 0.078469
22 33 0.078469
22 34 0.078469
22 35 0.078469
22 36 0.078469
22 37 0.078469
22 38 0.078469
22 39 0.078469
22 40 0.078469
22 41 0.078469
22 42 0.078469
22 43 0.078469
22 44 0.078469
22 45 0.078469
22 46 0.078469
22 47 0.078469
22 48 0.078469
22 49 0.078469
22 50 0.078469
22 51 0.078469
22 52 0.078469
22 53 0.078469
22 54 0.078469
22 55 0.078469
22 56 0.078469
22 57 0.078469
22 58 0.078469
22 59 0.078469
22 60 0.078469
22 61 0.078469
22 62 0.078469
22 63 0.078469
22 64 0.078469
22 65 0.078469
22 66 0.078469
22 67 0.078469
22 68 0.078469
22 69 0.078468
22 70 0.078468
22 71 0.078468
22 72 0.078468
22 73 0.078468
22 74 0.078468
22 75 0.078468
22 76 0.078468
22 77 0.078468
22 78 0.078468
22 79 0.078468
22 80 0.078468
22 81 0.078468
22 82 0.078468
22 83 0.078468
22 84 0.078468
22 85 0.078468
22 86 0.078469
22 87 0.078469
22 88 0.078469
22 89 0.078469
22 90 0.078469
22 91 0.078469
22 92 0.078469
22 93 0.078469
22 94 0.078469
22 95 0.078470
22 96 0.078469
22 97 0.078470
22 98 0.078468
22 99 0.078472

23 0 0.078469
23 1 0.078467
23 2 0.078469
23 3 0.078467
23 4 0.078468
23 5 0.078468
23 6 0.078468
23 7 0.078468
23 8 0.078468
23 9 0.078468
23 10 0.078468
23 11 0.078468
23 12 0.078468
23 13 0.078468
23 14 0.078468
23 15 0.078468
23 16 0.078468
23 17 0.078469
23 18 0.078469
23 19 0.078469
23 20 0.078469
23 21 0.078468
23 22 0.078468
23 23 0.078468
23 24 0.078468
23 25 0.078468
23 26 0.078469
23 27 0.078469
23 28 0.078469
23 29 0.078469
23 30 0.078469
23 31 0.078469
23 32 0.078469
23 33 0.078469
23 34 0.078469
23 35 0.078469
23 36 0.078469
23 37 0.078469
23 38 0.078469
23 39 0.078469
23 40 0.078469
23 41 0.078469
23 42 0.078469
23 43 0.078469
23 44 0.078469
23 45 0.078469
23 46 0.078469
23 47 0.078469
23 48 0.078469
23 49 0.078469
23 50 0.078469
23 51 0.078469
23 52 0.078469
23 53 0.078469
23 54 0.078469
23 55 0.078469
23 56 0.078469
23 57 0.078469
23 58 0.078469
23 59 0.078469
23 60 0.078469
23 61 0.078469
23 62 0.078469
23 63 0.078469
23 64 0.078469
23 65 0.078469
23 66 0.078469
23 67 0.078469
23 68 0.078469
23 69 0.078468
23 70 0.078468
23 71 0.078468
23 72 0.078468
23 73 0.078468
23 74 0.078468
23 75 0.078468
23 76 0.078468
23 77 0.078468
23 78 0.078468
23 79 0.078468
23 80 0.078468
23 81 0.078468
23 82 0.078468
23 83 0.078468
23 84 0.078468
23 85 0.078468
23 86 0.078469
23 87 0.078469
23 88 0.078469
23 89 0.078469
23 90 0.078469
23 91 0.078469
23 92 0.078469
23 93 0.078469
23 94 0.078469
23 95 0.078469
23 96 0.078469
23 97 0.078470
23 98 0.078468
23 99 0.078471

24 0 0.078470
24 1 0.078467
24 2 0.078469
24 3 0.078467
24 4 0.078468
24 5 0.078468
24 6 0.078468
24 7 0.078468
24 8 0.078468
24 9 0.078468
24 10 0.078468
24 11 0.078468
24 12 0.078468
24 13 0.078468
24 14 0.078468
24 15 0.078468
24 16 0.078468
24 17 0.078469
24 18 0.078469
24 19 0.078469
24 20 0.078468
24 21 0.078468
24 22 0.078468
24 23 0.078468
24 24 0.078468
24 25 0.078469
24 26 0.078469
24 27 0.078469
24 28 0.078469
24 29 0.078469
24 30 0.078469
24 31 0.078469
24 32 0.078469
24 33 0.078469
24 34 0.078469
24 35 0.078469
24 36 0.078469
24 37 0.078469
24 38 0.078469
24 39 0.078469
24 40 0.078469
24 41 0.078469
24 42 0.078469
24 43 0.078469
24 44 0.078469
24 45 0.078469
24 46 0.078470
24 47 0.078470
24 48 0.078470
24 49 0.078469
24 50 0.078469
24 51 0.078469
24 52 0.078469
24 53 0.078469
24 54 0.078469
24 55 0.078469
24 56 0.078469
24 57 0.078469
24 58 0.078469
24 59 0.078469
24 60 0.078469
24 61 0.078469
24 62 0.078469
24 63 0.078469
24 64 0.078469
24 65 0.078469
24 66 0.078469
24 67 0.078469
24 68 0.078469
24 69 0.078468
24 70 0.078468
24 71 0.078468
24 72 0.078468
24 73 0.078468
24 74 0.078468
24 75 0.078468
24 76 0.078468
24 77 0.078468
24 78 0.078468
24 79 0.078468
24 80 0.078468
24 81 0.078468
24 82 0.078468
24 83 0.078468
24 84 0.078468
24 85 0.078468
24 86 0.078469
24 87 0.078469
24 88 0.078469
24 89 0.078469
24 90 0.078469
24 91 0.078469
24 92 0.078469
24 93 0.078469
24 94 0.078469
24 95 0.078469
24 96 0.078468
24 97 0.078470
24 98 0.078468
24 99 0.078471

25 0 0.078470
25 1 0.078467
25 2 0.078469
25 3 0.078467
25 4 0.078468
25 5 0.078468
25 6 0.078468
25 7 0.078468
25 8 0.078468
25 9 0.078468
25 10 0.078468
25 11 0.078468
25 12 0.078468
25 13 0.078468
25 14 0.078468
25 15 0.078468
25 16 0.078469
25 17 0.078469
25 18 0.078468
25 19 0.078468
25 20 0.078468
25 21 0.078468
25 22 0.078468
25 23 0.078468
25 24 0.078469
25 25 0.078469
25 26 0.078469
25 27 0.078469
25 28 0.078469
25 29 0.078469
25 30 0.078469
25 31 0.078469
25 32 0.078469
25 33 0.078469
25 34 0.078469
25 35 0.078469
25 36 0.078469
25 37 0.078469
25 38 0.078470
25 39 0.078470
25 40 0.078470
25 41 0.078470
25 42 0.078470
25 43 0.078470
25 44 0.078470
25 45 0.078470
25 46 0.078470
25 47 0.078470
25 48 0.078470
25 49 0.078470
25 50 0.078470
25 51 0.078470
25 52 0.078470
25 53 0.078470
25 54 0.078470
25 55 0.078470
25 56 0.078470
25 57 0.078469
25 58 0.078469
25 59 0.078469
25 60 0.078469
25 61 0.078469
25 62 0.078469
25 63 0.078469
25 64 0.078469
25 65 0.078469
25 66 0.078469
25 67 0.078469
25 68 0.078469
25 69 0.078469
25 70 0.078469
25 71 0.078468
25 72 0.078468
25 73 0.078468
25 74 0.078468
25 75 0.078468
25 76 0.078468
25 77 0.078468
25 78 0.078468
25 79 0.078468
25 80 0.078468
25 81 0.078468
25 82 0.078468
25 83 0.078468
25 84 0.078468
25 85 0.078468
25 86 0.078469
25 87 0.078469
25 88 0.078469
25 89 0.078469
25 90 0.078469
25 91 0.078469
25 92 0.078469
25 93 0.078469
25 94 0.078469
25 95 0.078469
25 96 0.078468
25 97 0.078470
25 98 0.078468
25 99 0.078471

26 0 0.078471
26 1 0.078467
26 2 0.078469
26 3 0.078467
26 4 0.078468
26 5 0.078468
26 6 0.078468
26 7 0.078468
26 8 0.078468
26 9 0.078468
26 10 0.078468
26 11 0.078468
26 12 0.078468
26 13 0.078468
26 14 0.078468
26 15 0.078469
26 16 0.078469
26 17 0.078468
26 18 0.078468
26 19 0.078468
26 20 0.078468
26 21 0.078468
26 22 0.078468
26 23 0.078469
26 24 0.078469
26 25 0.078469
26 26 0.078469
26 27 0.078469
26 28 0.078469
26 29 0.078469
26 30 0.078469
26 31 0.078469
26 32 0.078469
26 33 0.078469
26 34 0.078469
26 35 0.078469
26 36 0.078470
26 37 0.078470
26 38 0.078470
26 39 0.078470
26 40 0.078470
26 41 0.078470
26 42 0.078470
26 43 0.078470
26 44 0.078470
26 45 0.078470
26 46 0.078470
26 47 0.078470
26 48 0.078470
26 49 0.078470
26 50 0.078470
26 51 0.078470
26 52 0.078470
26 53 0.078470
26 54 0.078470
26 55 0.078470
26 56 0.078470
26 57 0.078470
26 58 0.078470
26 59 0.078469
26 60 0.078469
26 61 0.078469
26 62 0.078469
26 63 0.078469
26 64 0.078469
26 65 0.078469
26 66 0.078469
26 67 0.078469
26 68 0.078469
26 69 0.078469
26 70 0.078469
26 71 0.078469
26 72 0.078469
26 73 0.078469
26 74 0.078469
26 75 0.078468
26 76 0.078468
26 77 0.078468
26 78 0.078468
26 79 0.078468
26 80 0.078468
26 81 0.078468
26 82 0.078468
26 83 0.078468
26 84 0.078469
26 85 0.078469
26 86 0.078469
26 87 0.078469
26 88 0.078469
26 89 0.078469
26 90 0.078469
26 91 0.078469
26 92 0.078469
26 93 0.078469
26 94 0.078469
26 95 0.078469
26 96 0.078468
26 97 0.078469
26 98 0.078467
26 99 0.078470

27 0 0.078471
27 1 0.078467
27 2 0.078469
27 3 0.078467
27 4 0.078468
27 5 0.078468
27 6 0.078468
27 7 0.078468
27 8 0.078468
27 9 0.078468
27 10 0.078468
27 11 0.078468
27 12 0.078468
27 13 0.078468
27 14 0.078468
27 15 0.078469
27 16 0.078468
27 17 0.078468
27 18 0.078468
27 19 0.078468
27 20 0.078468
27 21 0.078468
27 22 0.078469
27 23 0.078469
27 24 0.078469
27 25 0.078469
27 26 0.078469
27 27 0.078469
27 28 0.078469
27 29 0.078469
27 30 0.078469
27 31 0.078469
27 32 0.078469
27 33 0.078469
27 34 0.078469
27 35 0.078470
27 36 0.078470
27 37 0.078470
27 38 0.078470
27 39 0.078470
27 40 0.078470
27 41 0.078470
27 42 0.078470
27 43 0.078470
27 44 0.078470
27 45 0.078470
27 46 0.078470
27 47 0.078470
27 48 0.078470
27 49 0.078470
27 50 0.078470
27 51 0.078470
27 52 0.078470
27 53 0.078470
27 54 0.078470
27 55 0.078470
27 56 0.078470
27 57 0.078470
27 58 0.078470
27 59 0.078470
27 60 0.078470
27 61 0.078470
27 62 0.078469
27 63 0.078469
27 64 0.078469
27 65 0.078469
27 66 0.078469
27 67 0.078469
27 68 0.078469
27 69 0.078469
27 70 0.078469
27 71 0.078469
27 72 0.078469
27 73 0.078469
27 74 0.078469
27 75 0.078469
27 76 0.078469
27 77 0.078468
27 78 0.078468
27 79 0.078468
27 80 0.078469
27 81 0.078469
27 82 0.078469
27 83 0.078469
27 84 0.078469
27 85 0.078469
27 86 0.078469
27 87 0.078469
27 88 0.078469
27 89 0.078469
27 90 0.078469
27 91 0.078469
27 92 0.078469
27 93 0.078469
27 94 0.078469
27 95 0.078469
27 96 0.078468
27 97 0.078469
27 98 0.078467
27 99 0.078470

28 0 0.078470
28 1 0.078467
28 2 0.078469
28 3 0.078467
28 4 0.078468
28 5 0.078468
28 6 0.078468
28 7 0.078468
28 8 0.078468
28 9 0.078468
28 10 0.078468
28 11 0.078468
28 12 0.078468
28 13 0.078468
28 14 0.078468
28 15 0.078468
28 16 0.078468
28 17 0.078468
28 18 0.078468
28 19 0.078468
28 20 0.078468
28 21 0.078469
28 22 0.078469
28 23 0.078469
28 24 0.078469
28 25 0.078469
28 26 0.078469
28 27 0.078469
28 28 0.078469
28 29 0.078469
28 30 0.078469
28 31 0.078469
28 32 0.078469
28 33 0.078470
28 34 0.078470
28 35 0.078470
28 36 0.078470
28 37 0.078470
28 38 0.078470
28 39 0.078470
28 40 0.078470
28 41 0.078470
28 42 0.078470
28 43 0.078470
28 44 0.078470
28 45 0.078470
28 46 0.078470
28 47 0.078470
28 48 0.078470
28 49 0.078470
28 50 0.078470
28 51 0.078470
28 52 0.078470
28 53 0.078470
28 54 0.078470
28 55 0.078470
28 56 0.078470
28 57 0.078470
28 58 0.078470
28 59 0.078470
28 60 0.078470
28 61 0.078470
28 62 0.078470
28 63 0.078470
28 64 0.078469
28 65 0.078469
28 66 0.078469
28 67 0.078469
28 68 0.078469
28 69 0.078469
28 70 0.078469
28 71 0.078469
28 72 0.078469
28 73 0.078469
28 74 0.078469
28 75 0.078469
28 76 0.078469
28 77 0.078469
28 78 0.078469
28 79 0.078469
28 80 0.078469
28 81 0.078469
28 82 0.078469
28 83 0.078469
28 84 0.078469
28 85 0.078469
28 86 0.078469
28 87 0.078469
28 88 0.078469
28 89 0.078469
28 90 0.078469
28 91 0.078469
28 92 0.078469
28 93 0.078469
28 94 0.078468
28 95 0.078469
28 96 0.078468
28 97 0.078469
28 98 0.078467
28 99 0.078470

29 0 0.078470
29 1 0.078467
29 2 0.078468
29 3 0.078468
29 4 0.078468
29 5 0.078468
29 6 0.078468
29 7 0.078468
29 8 0.078468
29 9 0.078468
29 10 0.078468
29 11 0.078468
29 12 0.078468
29 13 0.078468
29 14 0.078468
29 15 0.078468
29 16 0.078468
29 17 0.078468
29 18 0.078468
29 19 0.078469
29 20 0.078469
29 21 0.078469
29 22 0.078469
29 23 0.078469
29 24 0.078469
29 25 0.078469
29 26 0.078469
29 27 0.078469
29 28 0.078469
29 29 0.078469
29 30 0.078469
29 31 0.078469
29 32 0.078470
29 33 0.078470
29 34 0.078470
29 35 0.078470
29 36 0.078470
29 37 0.078470
29 38 0.078470
29 39 0.078470
29 40 0.078470
29 41 0.078470
29 42 0.078470
29 43 0.078470
29 44 0.078470
29 45 0.078470
29 46 0.078470
29 47 0.078470
29 48 0.078470
29 49 0.078470
29 50 0.078470
29 51 0.078470
29 52 0.078470
29 53 0.078470
29 54 0.078470
29 55 0.078470
29 56 0.078470
29 57 0.078470
29 58 0.078470
29 59 0.078470
29 60 0.078470
29 61 0.078470
29 62 0.078470
29 63 0.078470
29 64 0.078470
29 65 0.078469
29 66 0.078469
29 67 0.078469
29 68 0.078469
29 69 0.078469
29 70 0.078469
29 71 0.078469
29 72 0.078469
29 73 0.078469
29 74 0.078469
29 75 0.078469
29 76 0.078469
29 77 0.078469
29 78 0.078469
29 79 0.078469
29 80 0.078469
29 81 0.078469
29 82 0.078469
29 83 0.078469
29 84 0.078469
29 85 0.078469
29 86 0.078469
29 87 0.078469
29 88 0.078469
29 89 0.078469
29 90 0.078469
29 91 0.078469
29 92 0.078469
29 93 0.078469
29 94 0.078468
29 95 0.078469
29 96 0.078468
29 97 0.078469
29 98 0.078468
29 99 0.078469

30 0 0.078468
30 1 0.078467
30 2 0.078468
30 3 0.078468
30 4 0.078468
30 5 0.078468
30 6 0.078468
30 7 0.078468
30 8 0.078468
30 9 0.078468
30 10 0.078468
30 11 0.078468
30 12 0.078468
30 13 0.078468
30 14 0.078468
30 15 0.078468
30 16 0.078468
30 17 0.078468
30 18 0.078468
30 19 0.078469
30 20 0.078469
30 21 0.078469
30 22 0.078469
30 23 0.078469
30 24 0.078469
30 25 0.078469
30 26 0.078469
30 27 0.078469
30 28 0.078469
30 29 0.078469
30 30 0.078470
30 31 0.078470
30 32 0.078470
30 33 0.078470
30 34 0.078470
30 35 0.078470
30 36 0.078470
30 37 0.078470
30 38 0.078470
30 39 0.078470
30 40 0.078470
30 41 0.078470
30 42 0.078470
30 43 0.078470
30 44 0.078470
30 45 0.078470
30 46 0.078470
30 47 0.078470
30 48 0.078470
30 49 0.078470
30 50 0.078470
30 51 0.078470
30 52 0.078470
30 53 0.078470
30 54 0.078470
30 55 0.078470
30 56 0.078470
30 57 0.078470
30 58 0.078470
30 59 0.078470
30 60 0.078470
30 61 0.078470
30 62 0.078470
30 63 0.078470
30 64 0.078470
30 65 0.078470
30 66 0.078470
30 67 0.078469
30 68 0.078469
30 69 0.078469
30 70 0.078469
30 71 0.078469
30 72 0.078469
30 73 0.078469
30 74 0.078469
30 75 0.078469
30 76 0.078469
30 77 0.078469
30 78 0.078469
30 79 0.078469
30 80 0.078469
30 81 0.078469
30 82 0.078469
30 83 0.078469
30 84 0.078469
30 85 0.078469
30 86 0.078469
30 87 0.078469
30 88 0.078469
30 89 0.078469
30 90 0.078469
30 91 0.078469
30 92 0.078469
30 93 0.078469
30 94 0.078468
30 95 0.078469
30 96 0.078468
30 97 0.078469
30 98 0.078468
30 99 0.078469

31 0 0.078467
31 1 0.078467
31 2 0.078468
31 3 0.078468
31 4 0.078468
31 5 0.078468
31 6 0.078468
31 7 0.078468
31 8 0.078468
31 9 0.078468
31 10 0.078468
31 11 0.078468
31 12 0.078468
31 13 0.078468
31 14 0.078468
31 15 0.078468
31 16 0.078468
31 17 0.078469
31 18 0.078469
31 19 0.078469
31 20 0.078469
31 21 0.078469
31 22 0.078469
31 23 0.078469
31 24 0.078469
31 25 0.078469
31 26 0.078469
31 27 0.078469
31 28 0.078469
31 29 0.078470
31 30 0.078470
31 31 0.078470
31 32 0.078470
31 33 0.078470
31 34 0.078470
31 35 0.078470
31 36 0.078470
31 37 0.078470
31 38 0.078470
31 39 0.078470
31 40 0.078470
31 41 0.078470
31 42 0.078470
31 43 0.078470
31 44 0.078470
31 45 0.078470
31 46 0.078470
31 47 0.078470
31 48 0.078470
31 49 0.078470
31 50 0.078470
31 51 0.078470
31 52 0.078470
31 53 0.078470
31 54 0.078470
31 55 0.078470
31 56 0.078470
31 57 0.078470
31 58 0.078470
31 59 0.078470
31 60 0.078470
31 61 0.078470
31 62 0.078470
31 63 0.078470
31 64 0.078470
31 65 0.078470
31 66 0.078470
31 67 0.078470
31 68 0.078470
31 69 0.078469
31 70 0.078469
31 71 0.078469
31 72 0.078469
31 73 0.078469
31 74 0.078469
31 75 0.078469
31 76 0.078469
31 77 0.078469
31 78 0.078469
31 79 0.078469
31 80 0.078469
31 81 0.078469
31 82 0.078469
31 83 0.078469
31 84 0.078469
31 85 0.078469
31 86 0.078469
31 87 0.078469
31 88 0.078469
31 89 0.078469
31 90 0.078469
31 91 0.078469
31 92 0.078469
31 93 0.078469
31 94 0.078469
31 95 0.078468
31 96 0.078468
31 97 0.078468
31 98 0.078468
31 99 0.078469

32 0 0.078466
32 1 0.078468
32 2 0.078467
32 3 0.078468
32 4 0.078468
32 5 0.078468
32 6 0.078468
32 7 0.078468
32 8 0.078468
32 9 0.078468
32 10 0.078468
32 11 0.078468
32 12 0.078468
32 13 0.078468
32 14 0.078468
32 15 0.078468
32 16 0.078468
32 17 0.078469
32 18 0.078469
32 19 0.078469
32 20 0.078469
32 21 0.078469
32 22 0.078469
32 23 0.078469
32 24 0.078469
32 25 0.078469
32 26 0.078469
32 27 0.078470
32 28 0.078470
32 29 0.078470
32 30 0.078470
32 31 0.078470
32 32 0.078470
32 33 0.078470
32 34 0.078470
32 35 0.078470
32 36 0.078470
32 37 0.078470
32 38 0.078470
32 39 0.078470
32 40 0.078470
32 41 0.078471
32 42 0.078471
32 43 0.078471
32 44 0.078471
32 45 0.078471
32 46 0.078471
32 47 0.078471
32 48 0.078471
32 49 0.078471
32 50 0.078471
32 51 0.078471
32 52 0.078471
32 53 0.078471
32 54 0.078471
32 55 0.078471
32 56 0.078470
32 57 0.078470
32 58 0.078470
32 59 0.078470
32 60 0.078470
32 61 0.078470
32 62 0.078470
32 63 0.078470
32 64 0.078470
32 65 0.078470
32 66 0.078470
32 67 0.078470
32 68 0.078470
32 69 0.078470
32 70 0.078470
32 71 0.078469
32 72 0.078469
32 73 0.078469
32 74 0.078469
32 75 0.078469
32 76 0.078469
32 77 0.078469
32 78 0.078469
32 79 0.078469
32 80 0.078469
32 81 0.078469
32 82 0.078469
32 83 0.078469
32 84 0.078469
32 85 0.078469
32 86 0.078469
32 87 0.078469
32 88 0.078469
32 89 0.078469
32 90 0.078469
32 91 0.078469
32 92 0.078469
32 93 0.078469
32 94 0.078469
32 95 0.078468
32 96 0.078468
32 97 0.078468
32 98 0.078469
32 99 0.078468

33 0 0.078466
33 1 0.078468
33 2 0.078467
33 3 0.078468
33 4 0.078468
33 5 0.078468
33 6 0.078468
33 7 0.078468
33 8 0.078468
33 9 0.078468
33 10 0.078468
33 11 0.078468
33 12 0.078468
33 13 0.078468
33 14 0.078468
33 15 0.078468
33 16 0.078469
33 17 0.078469
33 18 0.078469
33 19 0.078469
33 20 0.078469
33 21 0.078469
33 22 0.078469
33 23 0.078469
33 24 0.078469
33 25 0.078469
33 26 0.078470
33 27 0.078470
33 28 0.078470
33 29 0.078470
33 30 0.078470
33 31 0.078470
33 32 0.078470
33 33 0.078470
33 34 0.078470
33 35 0.078470
33 36 0.078470
33 37 0.078470
33 38 0.078471
33 39 0.078471
33 40 0.078471
33 41 0.078471
33 42 0.078471
33 43 0.078471
33 44 0.078471
33 45 0.078471
33 46 0.078471
33 47 0.078471
33 48 0.078471
33 49 0.078471
33 50 0.078471
33 51 0.078471
33 52 0.078471
33 53 0.078471
33 54 0.078471
33 55 0.078471
33 56 0.078471
33 57 0.078471
33 58 0.078471
33 59 0.078470
33 60 0.078470
33 61 0.078470
33 62 0.078470
33 63 0.078470
33 64 0.078470
33 65 0.078470
33 66 0.078470
33 67 0.078470
33 68 0.078470
33 69 0.078470
33 70 0.078470
33 71 0.078470
33 72 0.078470
33 73 0.078470
33 74 0.078469
33 75 0.078469
33 76 0.078469
33 77 0.078469
33 78 0.078469
33 79 0.078469
33 80 0.078469
33 81 0.078469
33 82 0.078469
33 83 0.078469
33 84 0.078469
33 85 0.078469
33 86 0.078469
33 87 0.078469
33 88 0.078469
33 89 0.078469
33 90 0.078469
33 91 0.078469
33 92 0.078469
33 93 0.078469
33 94 0.078469
33 95 0.078468
33 96 0.078468
33 97 0.078468
33 98 0.078469
33 99 0.078468

34 0 0.078467
34 1 0.078468
34 2 0.078467
34 3 0.078468
34 4 0.078468
34 5 0.078468
34 6 0.078468
34 7 0.078468
34 8 0.078468
34 9 0.078468
34 10 0.078468
34 11 0.078468
34 12 0.078468
34 13 0.078468
34 14 0.078468
34 15 0.078469
34 16 0.078469
34 17 0.078469
34 18 0.078469
34 19 0.078469
34 20 0.078469
34 21 0.078469
34 22 0.078469
34 23 0.078469
34 24 0.078469
34 25 0.078470
34 26 0.078470
34 27 0.078470
34 28 0.078470
34 29 0.078470
34 30 0.078470
34 31 0.078470
34 32 0.078470
34 33 0.078470
34 34 0.078470
34 35 0.078470
34 36 0.078470
34 37 0.078471
34 38 0.078471
34 39 0.078471
34 40 0.078471
34 41 0.078471
34 42 0.078471
34 43 0.078471
34 44 0.078471
34 45 0.078471
34 46 0.078471
34 47 0.078471
34 48 0.078471
34 49 0.078471
34 50 0.078471
34 51 0.078471
34 52 0.078471
34 53 0.078471
34 54 0.078471
34 55 0.078471
34 56 0.078471
34 57 0.078471
34 58 0.078471
34 59 0.078471
34 60 0.078471
34 61 0.078471
34 62 0.078470
34 63 0.078470
34 64 0.078470
34 65 0.078470
34 66 0.078470
34 67 0.078470
34 68 0.078470
34 69 0.078470
34 70 0.078470
34 71 0.078470
34 72 0.078470
34 73 0.078470
34 74 0.078470
34 75 0.078469
34 76 0.078469
34 77 0.078469
34 78 0.078469
34 79 0.078469
34 80 0.078469
34 81 0.078469
34 82 0.078469
34 83 0.078469
34 84 0.078469
34 85 0.078469
34 86 0.078469
34 87 0.078469
34 88 0.078469
34 89 0.078469
34 90 0.078469
34 91 0.078469
34 92 0.078469
34 93 0.078468
34 94 0.078469
34 95 0.078468
34 96 0.078468
34 97 0.078468
34 98 0.078469
34 99 0.078468

35 0 0.078467
35 1 0.078468
35 2 0.078467
35 3 0.078468
35 4 0.078468
35 5 0.078468
35 6 0.078468
35 7 0.078468
35 8 0.078468
35 9 0.078468
35 10 0.078468
35 11 0.078468
35 12 0.078468
35 13 0.078468
35 14 0.078468
35 15 0.078469
35 16 0.078469
35 17 0.078469
35 18 0.078469
35 19 0.078469
35 20 0.078469
35 21 0.078469
35 22 0.078469
35 23 0.078469
35 24 0.078470
35 25 0.078470
35 26 0.078470
35 27 0.078470
35 28 0.078470
35 29 0.078470
35 30 0.078470
35 31 0.078470
35 32 0.078470
35 33 0.078470
35 34 0.078470
35 35 0.078471
35 36 0.078471
35 37 0.078471
35 38 0.078471
35 39 0.078471
35 40 0.078471
35 41 0.078471
35 42 0.078471
35 43 0.078471
35 44 0.078471
35 45 0.078471
35 46 0.078471
35 47 0.078471
35 48 0.078471
35 49 0.078471
35 50 0.078471
35 51 0.078471
35 52 0.078471
35 53 0.078471
35 54 0.078471
35 55 0.078471
35 56 0.078471
35 57 0.078471
35 58 0.078471
35 59 0.078471
35 60 0.078471
35 61 0.078471
35 62 0.078471
35 63 0.078470
35 64 0.078470
35 65 0.078470
35 66 0.078470
35 67 0.078470
35 68 0.078470
35 69 0.078470
35 70 0.078470
35 71 0.078470
35 72 0.078470
35 73 0.078470
35 74 0.078470
35 75 0.078470
35 76 0.078470
35 77 0.078469
35 78 0.078469
35 79 0.078469
35 80 0.078469
35 81 0.078469
35 82 0.078469
35 83 0.078469
35 84 0.078469
35 85 0.078469
35 86 0.078469
35 87 0.078469
35 88 0.078469
35 89 0.078469
35 90 0.078469
35 91 0.078469
35 92 0.078469
35 93 0.078468
35 94 0.078468
35 95 0.078468
35 96 0.078468
35 97 0.078468
35 98 0.078468
35 99 0.078467

36 0 0.078467
36 1 0.078468
36 2 0.078468
36 3 0.078468
36 4 0.078468
36 5 0.078468
36 6 0.078468
36 7 0.078468
36 8 0.078468
36 9 0.078468
36 10 0.078468
36 11 0.078468
36 12 0.078468
36 13 0.078468
36 14 0.078469
36 15 0.078469
36 16 0.078469
36 17 0.078469
36 18 0.078469
36 19 0.078469
36 20 0.078469
36 21 0.078469
36 22 0.078469
36 23 0.078470
36 24 0.078470
36 25 0.078470
36 26 0.078470
36 27 0.078470
36 28 0.078470
36 29 0.078470
36 30 0.078470
36 31 0.078470
36 32 0.078470
36 33 0.078470
36 34 0.078471
36 35 0.078471
36 36 0.078471
36 37 0.078471
36 38 0.078471
36 39 0.078471
36 40 0.078471
36 41 0.078471
36 42 0.078471
36 43 0.078471
36 44 0.078471
36 45 0.078471
36 46 0.078471
36 47 0.078471
36 48 0.078471
36 49 0.078471
36 50 0.078471
36 51 0.078471
36 52 0.078471
36 53 0.078471
36 54 0.078471
36 55 0.078471
36 56 0.078471
36 57 0.078471
36 58 0.078471
36 59 0.078471
36 60 0.078471
36 61 0.078471
36 62 0.078471
36 63 0.078471
36 64 0.078470
36 65 0.078470
36 66 0.078470
36 67 0.078470
36 68 0.078470
36 69 0.078470
36 70 0.078470
36 71 0.078470
36 72 0.078470
36 73 0.078470
36 74 0.078470
36 75 0.078470
36 76 0.078470
36 77 0.078470
36 78 0.078470
36 79 0.078469
36 80 0.078469
36 81 0.078469
36 82 0.078469
36 83 0.078469
36 84 0.078469
36 85 0.078469
36 86 0.078469
36 87 0.078469
36 88 0.078469
36 89 0.078469
36 90 0.078469
36 91 0.078469
36 92 0.078469
36 93 0.078468
36 94 0.078468
36 95 0.078468
36 96 0.078468
36 97 0.078468
36 98 0.078468
36 99 0.078467

37 0 0.078467
37 1 0.078468
37 2 0.078467
37 3 0.078468
37 4 0.078468
37 5 0.078468
37 6 0.078468
37 7 0.078468
37 8 0.078468
37 9 0.078468
37 10 0.078468
37 11 0.078468
37 12 0.078468
37 13 0.078469
37 14 0.078469
37 15 0.078469
37 16 0.078469
37 17 0.078469
37 18 0.078469
37 19 0.078469
37 20 0.078469
37 21 0.078469
37 22 0.078470
37 23 0.078470
37 24 0.078470
37 25 0.078470
37 26 0.078470
37 27 0.078470
37 28 0.078470
37 29 0.078470
37 30 0.078470
37 31 0.078470
37 32 0.078470
37 33 0.078471
37 34 0.078471
37 35 0.078471
37 36 0.078471
37 37 0.078471
37 38 0.078471
37 39 0.078471
37 40 0.078471
37 41 0.078471
37 42 0.078471
37 43 0.078471
37 44 0.078471
37 45 0.078471
37 46 0.078471
37 47 0.078471
37 48 0.078471
37 49 0.078471
37 50 0.078471
37 51 0.078471
37 52 0.078471
37 53 0.078471
37 54 0.078471
37 55 0.078471
37 56 0.078471
37 57 0.078471
37 58 0.078471
37 59 0.078471
37 60 0.078471
37 61 0.078471
37 62 0.078471
37 63 0.078471
37 64 0.078471
37 65 0.078471
37 66 0.078470
37 67 0.078470
37 68 0.078470
37 69 0.078470
37 70 0.078470
37 71 0.078470
37 72 0.078470
37 73 0.078470
37 74 0.078470
37 75 0.078470
37 76 0.078470
37 77 0.078470
37 78 0.078470
37 79 0.078470
37 80 0.078469
37 81 0.078469
37 82 0.078469
37 83 0.078469
37 84 0.078469
37 85 0.078469
37 86 0.078469
37 87 0.078469
37 88 0.078469
37 89 0.078469
37 90 0.078469
37 91 0.078469
37 92 0.078469
37 93 0.078468
37 94 0.078468
37 95 0.078468
37 96 0.078468
37 97 0.078468
37 98 0.078469
37 99 0.078467

38 0 0.078466
38 1 0.078468
38 2 0.078467
38 3 0.078468
38 4 0.078468
38 5 0.078468
38 6 0.078468
38 7 0.078468
38 8 0.078468
38 9 0.078468
38 10 0.078468
38 11 0.078468
38 12 0.078468
38 13 0.078469
38 14 0.078469
38 15 0.078469
38 16 0.078469
38 17 0.078469
38 18 0.078469
38 19 0.078469
38 20 0.078469
38 21 0.078470
38 22 0.078470
38 23 0.078470
38 24 0.078470
38 25 0.078470
38 26 0.078470
38 27 0.078470
38 28 0.078470
38 29 0.078470
38 30 0.078470
38 31 0.078470
38 32 0.078471
38 33 0.078471
38 34 0.078471
38 35 0.078471
38 36 0.078471
38 37 0.078471
38 38 0.078471
38 39 0.078471
38 40 0.078471
38 41 0.078471
38 42 0.078471
38 43 0.078471
38 44 0.078471
38 45 0.078471
38 46 0.078471
38 47 0.078471
38 48 0.078471
38 49 0.078471
38 50 0.078471
38 51 0.078471
38 52 0.078471
38 53 0.078471
38 54 0.078471
38 55 0.078471
38 56 0.078471
38 57 0.078471
38 58 0.078471
38 59 0.078471
38 60 0.078471
38 61 0.078471
38 62 0.078471
38 63 0.078471
38 64 0.078471
38 65 0.078471
38 66 0.078471
38 67 0.078471
38 68 0.078470
38 69 0.078470
38 70 0.078470
38 71 0.078470
38 72 0.078470
38 73 0.078470
38 74 0.078470
38 75 0.078470
38 76 0.078470
38 77 0.078470
38 78 0.078470
38 79 0.078470
38 80 0.078470
38 81 0.078469
38 82 0.078469
38 83 0.078469
38 84 0.078469
38 85 0.078469
38 86 0.078469
38 87 0.078469
38 88 0.078469
38 89 0.078469
38 90 0.078469
38 91 0.078469
38 92 0.078469
38 93 0.078468
38 94 0.078468
38 95 0.078468
38 96 0.078468
38 97 0.078467
38 98 0.078469
38 99 0.078467

39 0 0.078465
39 1 0.078469
39 2 0.078467
39 3 0.078468
39 4 0.078468
39 5 0.078468
39 6 0.078468
39 7 0.078468
39 8 0.078468
39 9 0.078468
39 10 0.078468
39 11 0.078469
39 12 0.078469
39 13 0.078469
39 14 0.078469
39 15 0.078469
39 16 0.078469
39 17 0.078469
39 18 0.078469
39 19 0.078469
39 20 0.078470
39 21 0.078470
39 22 0.078470
39 23 0.078470
39 24 0.078470
39 25 0.078470
39 26 0.078470
39 27 0.078470
39 28 0.078470
39 29 0.078470
39 30 0.078470
39 31 0.078470
39 32 0.078471
39 33 0.078471
39 34 0.078471
39 35 0.078471
39 36 0.078471
39 37 0.078471
39 38 0.078471
39 39 0.078471
39 40 0.078471
39 41 0.078471
39 42 0.078471
39 43 0.078471
39 44 0.078471
39 45 0.078471
39 46 0.078471
39 47 0.078471
39 48 0.078471
39 49 0.078471
39 50 0.078471
39 51 0.078471
39 52 0.078471
39 53 0.078471
39 54 0.078471
39 55 0.078471
39 56 0.078471
39 57 0.078471
39 58 0.078471
39 59 0.078471
39 60 0.078471
39 61 0.078471
39 62 0.078471
39 63 0.078471
39 64 0.078471
39 65 0.078471
39 66 0.078471
39 67 0.078471
39 68 0.078471
39 69 0.078470
39 70 0.078470
39 71 0.078470
39 72 0.078470
39 73 0.078470
39 74 0.078470
39 75 0.078470
39 76 0.078470
39 77 0.078470
39 78 0.078470
39 79 0.078470
39 80 0.078470
39 81 0.078469
39 82 0.078469
39 83 0.078469
39 84 0.078469
39 85 0.078469
39 86 0.078469
39 87 0.078469
39 88 0.078469
39 89 0.078469
39 90 0.078469
39 91 0.078469
39 92 0.078469
39 93 0.078468
39 94 0.078468
39 95 0.078468
39 96 0.078469
39 97 0.078467
39 98 0.078469
39 99 0.078466

40 0 0.078465
40 1 0.078469
40 2 0.078467
40 3 0.078469
40 4 0.078468
40 5 0.078468
40 6 0.078468
40 7 0.078468
40 8 0.078468
40 9 0.078469
40 10 0.078468
40 11 0.078469
40 12 0.078469
40 13 0.078469
40 14 0.078469
40 15 0.078469
40 16 0.078469
40 17 0.078469
40 18 0.078469
40 19 0.078469
40 20 0.078470
40 21 0.078470
40 22 0.078470
40 23 0.078470
40 24 0.078470
40 25 0.078470
40 26 0.078470
40 27 0.078470
40 28 0.078470
40 29 0.078470
40 30 0.078470
40 31 0.078471
40 32 0.078471
40 33 0.078471
40 34 0.078471
40 35 0.078471
40 36 0.078471
40 37 0.078471
40 38 0.078471
40 39 0.078471
40 40 0.078471
40 41 0.078471
40 42 0.078471
40 43 0.078471
40 44 0.078471
40 45 0.078471
40 46 0.078471
40 47 0.078471
40 48 0.078471
40 49 0.078471
40 50 0.078471
40 51 0.078471
40 52 0.078471
40 53 0.078471
40 54 0.078471
40 55 0.078471
40 56 0.078471
40 57 0.078471
40 58 0.078471
40 59 0.078471
40 60 0.078471
40 61 0.078471
40 62 0.078471
40 63 0.078471
40 64 0.078471
40 65 0.078471
40 66 0.078471
40 67 0.078471
40 68 0.078471
40 69 0.078471
40 70 0.078470
40 71 0.078470
40 72 0.078470
40 73 0.078470
40 74 0.078470
40 75 0.078470
40 76 0.078470
40 77 0.078470
40 78 0.078470
40 79 0.078470
40 80 0.078470
40 81 0.078469
40 82 0.078469
40 83 0.078469
40 84 0.078469
40 85 0.078469
40 86 0.078469
40 87 0.078469
40 88 0.078469
40 89 0.078469
40 90 0.078469
40 91 0.078469
40 92 0.078469
40 93 0.078468
40 94 0.078468
40 95 0.078468
40 96 0.078469
40 97 0.078467
40 98 0.078469
40 99 0.078466

41 0 0.078464
41 1 0.078469
41 2 0.078467
41 3 0.078469
41 4 0.078468
41 5 0.078469
41 6 0.078468
41 7 0.078469
41 8 0.078468
41 9 0.078469
41 10 0.078469
41 11 0.078469
41 12 0.078469
41 13 0.078469
41 14 0.078469
41 15 0.078469
41 16 0.078469
41 17 0.078469
41 18 0.078469
41 19 0.078470
41 20 0.078470
41 21 0.078470
41 22 0.078470
41 23 0.078470
41 24 0.078470
41 25 0.078470
41 26 0.078470
41 27 0.078470
41 28 0.078470
41 29 0.078470
41 30 0.078471
41 31 0.078471
41 32 0.078471
41 33 0.078471
41 34 0.078471
41 35 0.078471
41 36 0.078471
41 37 0.078471
41 38 0.078471
41 39 0.078471
41 40 0.078471
41 41 0.078471
41 42 0.078471
41 43 0.078471
41 44 0.078471
41 45 0.078471
41 46 0.078471
41 47 0.078471
41 48 0.078472
41 49 0.078472
41 50 0.078472
41 51 0.078472
41 52 0.078472
41 53 0.078472
41 54 0.078472
41 55 0.078472
41 56 0.078472
41 57 0.078471
41 58 0.078471
41 59 0.078471
41 60 0.078471
41 61 0.078471
41 62 0.078471
41 63 0.078471
41 64 0.078471
41 65 0.078471
41 66 0.078471
41 67 0.078471
41 68 0.078471
41 69 0.078471
41 70 0.078471
41 71 0.078470
41 72 0.078470
41 73 0.078470
41 74 0.078470
41 75 0.078470
41 76 0.078470
41 77 0.078470
41 78 0.078470
41 79 0.078470
41 80 0.078470
41 81 0.078469
41 82 0.078469
41 83 0.078469
41 84 0.078469
41 85 0.078469
41 86 0.078469
41 87 0.078469
41 88 0.078469
41 89 0.078469
41 90 0.078469
41 91 0.078469
41 92 0.078469
41 93 0.078468
41 94 0.078468
41 95 0.078468
41 96 0.078469
41 97 0.078467
41 98 0.078469
41 99 0.078466

42 0 0.078465
42 1 0.078469
42 2 0.078467
42 3 0.078469
42 4 0.078468
42 5 0.078469
42 6 0.078468
42 7 0.078469
42 8 0.078468
42 9 0.078469
42 10 0.078469
42 11 0.078469
42 12 0.078469
42 13 0.078469
42 14 0.078469
42 15 0.078469
42 16 0.078469
42 17 0.078469
42 18 0.078469
42 19 0.078470
42 20 0.078470
42 21 0.078470
42 22 0.078470
42 23 0.078470
42 24 0.078470
42 25 0.078470
42 26 0.078470
42 27 0.078470
42 28 0.078470
42 29 0.078470
42 30 0.078471
42 31 0.078471
42 32 0.078471
42 33 0.078471
42 34 0.078471
42 35 0.078471
42 36 0.078471
42 37 0.078471
42 38 0.078471
42 39 0.078471
42 40 0.078471
42 41 0.078471
42 42 0.078471
42 43 0.078471
42 44 0.078471
42 45 0.078471
42 46 0.078472
42 47 0.078472
42 48 0.078472
42 49 0.078472
42 50 0.078472
42 51 0.078472
42 52 0.078472
42 53 0.078472
42 54 0.078472
42 55 0.078472
42 56 0.078472
42 57 0.078472
42 58 0.078471
42 59 0.078471
42 60 0.078471
42 61 0.078471
42 62 0.078471
42 63 0.078471
42 64 0.078471
42 65 0.078471
42 66 0.078471
42 67 0.078471
42 68 0.078471
42 69 0.078471
42 70 0.078471
42 71 0.078471
42 72 0.078470
42 73 0.078470
42 74 0.078470
42 75 0.078470
42 76 0.078470
42 77 0.078470
42 78 0.078470
42 79 0.078470
42 80 0.078470
42 81 0.078469
42 82 0.078469
42 83 0.078469
42 84 0.078469
42 85 0.078469
42 86 0.078469
42 87 0.078469
42 88 0.078469
42 89 0.078469
42 90 0.078469
42 91 0.078468
42 92 0.078469
42 93 0.078468
42 94 0.078468
42 95 0.078468
42 96 0.078469
42 97 0.078467
42 98 0.078469
42 99 0.078465

43 0 0.078465
43 1 0.078469
43 2 0.078467
43 3 0.078469
43 4 0.078468
43 5 0.078469
43 6 0.078468
43 7 0.078469
43 8 0.078469
43 9 0.078469
43 10 0.078469
43 11 0.078469
43 12 0.078469
43 13 0.078469
43 14 0.078469
43 15 0.078469
43 16 0.078469
43 17 0.078469
43 18 0.078469
43 19 0.078470
43 20 0.078470
43 21 0.078470
43 22 0.078470
43 23 0.078470
43 24 0.078470
43 25 0.078470
43 26 0.078470
43 27 0.078470
43 28 0.078470
43 29 0.078470
43 30 0.078471
43 31 0.078471
43 32 0.078471
43 33 0.078471
43 34 0.078471
43 35 0.078471
43 36 0.078471
43 37 0.078471
43 38 0.078471
43 39 0.078471
43 40 0.078471
43 41 0.078471
43 42 0.078471
43 43 0.078471
43 44 0.078471
43 45 0.078472
43 46 0.078472
43 47 0.078472
43 48 0.078472
43 49 0.078472
43 50 0.078472
43 51 0.078472
43 52 0.078472
43 53 0.078472
43 54 0.078472
43 55 0.078472
43 56 0.078472
43 57 0.078472
43 58 0.078472
43 59 0.078471
43 60 0.078471
43 61 0.078471
43 62 0.078471
43 63 0.078471
43 64 0.078471
43 65 0.078471
43 66 0.078471
43 67 0.078471
43 68 0.078471
43 69 0.078471
43 70 0.078471
43 71 0.078471
43 72 0.078470
43 73 0.078470
43 74 0.078470
43 75 0.078470
43 76 0.078470
43 77 0.078470
43 78 0.078470
43 79 0.078470
43 80 0.078470
43 81 0.078470
43 82 0.078469
43 83 0.078469
43 84 0.078469
43 85 0.078469
43 86 0.078469
43 87 0.078469
43 88 0.078469
43 89 0.078469
43 90 0.078469
43 91 0.078468
43 92 0.078469
43 93 0.078468
43 94 0.078468
43 95 0.078468
43 96 0.078469
43 97 0.078467
43 98 0.078469
43 99 0.078465

44 0 0.078465
44 1 0.078469
44 2 0.078467
44 3 0.078469
44 4 0.078468
44 5 0.078469
44 6 0.078468
44 7 0.078469
44 8 0.078469
44 9 0.078469
44 10 0.078469
44 11 0.078469
44 12 0.078469
44 13 0.078469
44 14 0.078469
44 15 0.078469
44 16 0.078469
44 17 0.078469
44 18 0.078469
44 19 0.078470
44 20 0.078470
44 21 0.078470
44 22 0.078470
44 23 0.078470
44 24 0.078470
44 25 0.078470
44 26 0.078470
44 27 0.078470
44 28 0.078470
44 29 0.078470
44 30 0.078471
44 31 0.078471
44 32 0.078471
44 33 0.078471
44 34 0.078471
44 35 0.078471
44 36 0.078471
44 37 0.078471
44 38 0.078471
44 39 0.078471
44 40 0.078471
44 41 0.078471
44 42 0.078471
44 43 0.078471
44 44 0.078472
44 45 0.078472
44 46 0.078472
44 47 0.078472
44 48 0.078472
44 49 0.078472
44 50 0.078472
44 51 0.078472
44 52 0.078472
44 53 0.078472
44 54 0.078472
44 55 0.078472
44 56 0.078472
44 57 0.078472
44 58 0.078472
44 59 0.078472
44 60 0.078472
44 61 0.078471
44 62 0.078471
44 63 0.078471
44 64 0.078471
44 65 0.078471
44 66 0.078471
44 67 0.078471
44 68 0.078471
44 69 0.078471
44 70 0.078471
44 71 0.078471
44 72 0.078471
44 73 0.078470
44 74 0.078470
44 75 0.078470
44 76 0.078470
44 77 0.078470
44 78 0.078470
44 79 0.078470
44 80 0.078470
44 81 0.078470
44 82 0.078469
44 83 0.078469
44 84 0.078469
44 85 0.078469
44 86 0.078469
44 87 0.078469
44 88 0.078469
44 89 0.078469
44 90 0.078469
44 91 0.078468
44 92 0.078469
44 93 0.078468
44 94 0.078468
44 95 0.078468
44 96 0.078469
44 97 0.078467
44 98 0.078469
44 99 0.078465

45 0 0.078465
45 1 0.078469
45 2 0.078467
45 3 0.078469
45 4 0.078468
45 5 0.078469
45 6 0.078468
45 7 0.078469
45 8 0.078469
45 9 0.078469
45 10 0.078469
45 11 0.078469
45 12 0.078469
45 13 0.078469
45 14 0.078469
45 15 0.078469
45 16 0.078469
45 17 0.078469
45 18 0.078469
45 19 0.078470
45 20 0.078470
45 21 0.078470
45 22 0.078470
45 23 0.078470
45 24 0.078470
45 25 0.078470
45 26 0.078470
45 27 0.078470
45 28 0.078470
45 29 0.078470
45 30 0.078471
45 31 0.078471
45 32 0.078471
45 33 0.078471
45 34 0.078471
45 35 0.078471
45 36 0.078471
45 37 0.078471
45 38 0.078471
45 39 0.078471
45 40 0.078471
45 41 0.078471
45 42 0.078471
45 43 0.078472
45 44 0.078472
45 45 0.078472
45 46 0.078472
45 47 0.078472
45 48 0.078472
45 49 0.078472
45 50 0.078472
45 51 0.078472
45 52 0.078472
45 53 0.078472
45 54 0.078472
45 55 0.078472
45 56 0.078472
45 57 0.078472
45 58 0.078472
45 59 0.078472
45 60 0.078472
45 61 0.078471
45 62 0.078471
45 63 0.078471
45 64 0.078471
45 65 0.078471
45 66 0.078471
45 67 0.078471
45 68 0.078471
45 69 0.078471
45 70 0.078471
45 71 0.078471
45 72 0.078471
45 73 0.078470
45 74 0.078470
45 75 0.078470
45 76 0.078470
45 77 0.078470
45 78 0.078470
45 79 0.078470
45 80 0.078470
45 81 0.078470
45 82 0.078469
45 83 0.078469
45 84 0.078469
45 85 0.078469
45 86 0.078469
45 87 0.078469
45 88 0.078469
45 89 0.078469
45 90 0.078469
45 91 0.078468
45 92 0.078469
45 93 0.078468
45 94 0.078468
45 95 0.078468
45 96 0.078469
45 97 0.078467
45 98 0.078469
45 99 0.078465

46 0 0.078465
46 1 0.078470
46 2 0.078467
46 3 0.078469
46 4 0.078468
46 5 0.078469
46 6 0.078468
46 7 0.078469
46 8 0.078469
46 9 0.078469
46 10 0.078469
46 11 0.078469
46 12 0.078469
46 13 0.078469
46 14 0.078469
46 15 0.078469
46 16 0.078469
46 17 0.078469
46 18 0.078469
46 19 0.078470
46 20 0.078470
46 21 0.078470
46 22 0.078470
46 23 0.078470
46 24 0.078470
46 25 0.078470
46 26 0.078470
46 27 0.078470
46 28 0.078470
46 29 0.078470
46 30 0.078471
46 31 0.078471
46 32 0.078471
46 33 0.078471
46 34 0.078471
46 35 0.078471
46 36 0.078471
46 37 0.078471
46 38 0.078471
46 39 0.078471
46 40 0.078471
46 41 0.078471
46 42 0.078471
46 43 0.078472
46 44 0.078472
46 45 0.078472
46 46 0.078472
46 47 0.078472
46 48 0.078472
46 49 0.078472
46 50 0.078472
46 51 0.078472
46 52 0.078472
46 53 0.078472
46 54 0.078472
46 55 0.078472
46 56 0.078472
46 57 0.078472
46 58 0.078472
46 59 0.078472
46 60 0.078472
46 61 0.078472
46 62 0.078471
46 63 0.078471
46 64 0.078471
46 65 0.078471
46 66 0.078471
46 67 0.078471
46 68 0.078471
46 69 0.078471
46 70 0.078471
46 71 0.078471
46 72 0.078471
46 73 0.078470
46 74 0.078470
46 75 0.078470
46 76 0.078470
46 77 0.078470
46 78 0.078470
46 79 0.078470
46 80 0.078470
46 81 0.078470
46 82 0.078469
46 83 0.078469
46 84 0.078469
46 85 0.078469
46 86 0.078469
46 87 0.078469
46 88 0.078469
46 89 0.078469
46 90 0.078469
46 91 0.078468
46 92 0.078469
46 93 0.078468
46 94 0.078468
46 95 0.078468
46 96 0.078469
46 97 0.078467
46 98 0.078469
46 99 0.078465

47 0 0.078465
47 1 0.078470
47 2 0.078467
47 3 0.078469
47 4 0.078468
47 5 0.078469
47 6 0.078468
47 7 0.078469
47 8 0.078469
47 9 0.078469
47 10 0.078469
47 11 0.078469
47 12 0.078469
47 13 0.078469
47 14 0.078469
47 15 0.078469
47 16 0.078469
47 17 0.078469
47 18 0.078469
47 19 0.078470
47 20 0.078470
47 21 0.078470
47 22 0.078470
47 23 0.078470
47 24 0.078470
47 25 0.078470
47 26 0.078470
47 27 0.078470
47 28 0.078470
47 29 0.078470
47 30 0.078471
47 31 0.078471
47 32 0.078471
47 33 0.078471
47 34 0.078471
47 35 0.078471
47 36 0.078471
47 37 0.078471
47 38 0.078471
47 39 0.078471
47 40 0.078471
47 41 0.078471
47 42 0.078471
47 43 0.078472
47 44 0.078472
47 45 0.078472
47 46 0.078472
47 47 0.078472
47 48 0.078472
47 49 0.078472
47 50 0.078472
47 51 0.078472
47 52 0.078472
47 53 0.078472
47 54 0.078472
47 55 0.078472
47 56 0.078472
47 57 0.078472
47 58 0.078472
47 59 0.078472
47 60 0.078472
47 61 0.078472
47 62 0.078471
47 63 0.078471
47 64 0.078471
47 65 0.078471
47 66 0.078471
47 67 0.078471
47 68 0.078471
47 69 0.078471
47 70 0.078471
47 71 0.078471
47 72 0.078470
47 73 0.078470
47 74 0.078470
47 75 0.078470
47 76 0.078470
47 77 0.078470
47 78 0.078470
47 79 0.078470
47 80 0.078470
47 81 0.078470
47 82 0.078469
47 83 0.078469
47 84 0.078469
47 85 0.078469
47 86 0.078469
47 87 0.078469
47 88 0.078469
47 89 0.078469
47 90 0.078469
47 91 0.078468
47 92 0.078469
47 93 0.078468
47 94 0.078468
47 95 0.078468
47 96 0.078469
47 97 0.078467
47 98 0.078470
47 99 0.078465

48 0 0.078464
48 1 0.078470
48 2 0.078467
48 3 0.078469
48 4 0.078468
48 5 0.078469
48 6 0.078468
48 7 0.078469
48 8 0.078469
48 9 0.078469
48 10 0.078469
48 11 0.078469
48 12 0.078469
48 13 0.078469
48 14 0.078469
48 15 0.078469
48 16 0.078469
48 17 0.078469
48 18 0.078469
48 19 0.078470
48 20 0.078470
48 21 0.078470
48 22 0.078470
48 23 0.078470
48 24 0.078470
48 25 0.078470
48 26 0.078470
48 27 0.078470
48 28 0.078470
48 29 0.078470
48 30 0.078470
48 31 0.078471
48 32 0.078471
48 33 0.078471
48 34 0.078471
48 35 0.078471
48 36 0.078471
48 37 0.078471
48 38 0.078471
48 39 0.078471
48 40 0.078471
48 41 0.078471
48 42 0.078472
48 43 0.078472
48 44 0.078472
48 45 0.078472
48 46 0.078472
48 47 0.078472
48 48 0.078472
48 49 0.078472
48 50 0.078472
48 51 0.078472
48 52 0.078472
48 53 0.078472
48 54 0.078472
48 55 0.078472
48 56 0.078472
48 57 0.078472
48 58 0.078472
48 59 0.078472
48 60 0.078472
48 61 0.078472
48 62 0.078471
48 63 0.078471
48 64 0.078471
48 65 0.078471
48 66 0.078471
48 67 0.078471
48 68 0.078471
48 69 0.078471
48 70 0.078471
48 71 0.078471
48 72 0.078470
48 73 0.078470
48 74 0.078470
48 75 0.078470
48 76 0.078470
48 77 0.078470
48 78 0.078470
48 79 0.078470
48 80 0.078470
48 81 0.078469
48 82 0.078469
48 83 0.078469
48 84 0.078469
48 85 0.078469
48 86 0.078469
48 87 0.078469
48 88 0.078469
48 89 0.078469
48 90 0.078469
48 91 0.078468
48 92 0.078469
48 93 0.078468
48 94 0.078468
48 95 0.078468
48 96 0.078469
48 97 0.078467
48 98 0.078470
48 99 0.078465

49 0 0.078464
49 1 0.078470
49 2 0.078467
49 3 0.078469
49 4 0.078468
49 5 0.078469
49 6 0.078468
49 7 0.078469
49 8 0.078469
49 9 0.078469
49 10 0.078469
49 11 0.078469
49 12 0.078469
49 13 0.078469
49 14 0.078469
49 15 0.078469
49 16 0.078469
49 17 0.078469
49 18 0.078469
49 19 0.078470
49 20 0.078470
49 21 0.078470
49 22 0.078470
49 23 0.078470
49 24 0.078470
49 25 0.078470
49 26 0.078470
49 27 0.078470
49 28 0.078470
49 29 0.078470
49 30 0.078470
49 31 0.078471
49 32 0.078471
49 33 0.078471
49 34 0.078471
49 35 0.078471
49 36 0.078471
49 37 0.078471
49 38 0.078471
49 39 0.078471
49 40 0.078471
49 41 0.078471
49 42 0.078472
49 43 0.078472
49 44 0.078472
49 45 0.078472
49 46 0.078472
49 47 0.078472
49 48 0.078472
49 49 0.078472
49 50 0.078472
49 51 0.078472
49 52 0.078472
49 53 0.078472
49 54 0.078472
49 55 0.078472
49 56 0.078472
49 57 0.078472
49 58 0.078472
49 59 0.078472
49 60 0.078472
49 61 0.078472
49 62 0.078471
49 63 0.078471
49 64 0.078471
49 65 0.078471
49 66 0.078471
49 67 0.078471
49 68 0.078471
49 69 0.078471
49 70 0.078471
49 71 0.078471
49 72 0.078470
49 73 0.078470
49 74 0.078470
49 75 0.078470
49 76 0.078470
49 77 0.078470
49 78 0.078470
49 79 0.078470
49 80 0.078470
49 81 0.078469
49 82 0.078469
49 83 0.078469
49 84 0.078469
49 85 0.078469
49 86 0.078469
49 87 0.078469
49 88 0.078469
49 89 0.078469
49 90 0.078469
49 91 0.078468
49 92 0.078469
49 93 0.078468
49 94 0.078468
49 95 0.078468
49 96 0.078469
49 97 0.078467
49 98 0.078470
49 99 0.078465

50 0 0.078465
50 1 0.078470
50 2 0.078467
50 3 0.078469
50 4 0.078468
50 5 0.078469
50 6 0.078468
50 7 0.078469
50 8 0.078469
50 9 0.078469
50 10 0.078469
50 11 0.078469
50 12 0.078469
50 13 0.078469
50 14 0.078469
50 15 0.078469
50 16 0.078469
50 17 0.078469
50 18 0.078469
50 19 0.078470
50 20 0.078470
50 21 0.078470
50 22 0.078470
50 23 0.078470
50 24 0.078470
50 25 0.078470
50 26 0.078470
50 27 0.078470
50 28 0.078470
50 29 0.078470
50 30 0.078470
50 31 0.078470
50 32 0.078471
50 33 0.078471
50 34 0.078471
50 35 0.078471
50 36 0.078471
50 37 0.078471
50 38 0.078471
50 39 0.078471
50 40 0.078471
50 41 0.078471
50 42 0.078472
50 43 0.078472
50 44 0.078472
50 45 0.078472
50 46 0.078472
50 47 0.078472
50 48 0.078472
50 49 0.078472
50 50 0.078472
50 51 0.078472
50 52 0.078472
50 53 0.078472
50 54 0.078472
50 55 0.078472
50 56 0.078472
50 57 0.078472
50 58 0.078472
50 59 0.078472
50 60 0.078472
50 61 0.078472
50 62 0.078471
50 63 0.078471
50 64 0.078471
50 65 0.078471
50 66 0.078471
50 67 0.078471
50 68 0.078471
50 69 0.078471
50 70 0.078471
50 71 0.078471
50 72 0.078470
50 73 0.078470
50 74 0.078470
50 75 0.078470
50 76 0.078470
50 77 0.078470
50 78 0.078470
50 79 0.078470
50 80 0.078470
50 81 0.078469
50 82 0.078469
50 83 0.078469
50 84 0.078469
50 85 0.078469
50 86 0.078469
50 87 0.078469
50 88 0.078469
50 89 0.078469
50 90 0.078469
50 91 0.078468
50 92 0.078469
50 93 0.078468
50 94 0.078469
50 95 0.078468
50 96 0.078469
50 97 0.078467
50 98 0.078470
50 99 0.078465

51 0 0.078465
51 1 0.078470
51 2 0.078467
51 3 0.078469
51 4 0.078468
51 5 0.078469
51 6 0.078468
51 7 0.078469
51 8 0.078469
51 9 0.078469
51 10 0.078469
51 11 0.078469
51 12 0.078469
51 13 0.078469
51 14 0.078469
51 15 0.078469
51 16 0.078469
51 17 0.078469
51 18 0.078469
51 19 0.078470
51 20 0.078470
51 21 0.078470
51 22 0.078470
51 23 0.078470
51 24 0.078470
51 25 0.078470
51 26 0.078470
51 27 0.078470
51 28 0.078470
51 29 0.078470
51 30 0.078470
51 31 0.078470
51 32 0.078471
51 33 0.078471
51 34 0.078471
51 35 0.078471
51 36 0.078471
51 37 0.078471
51 38 0.078471
51 39 0.078471
51 40 0.078471
51 41 0.078471
51 42 0.078472
51 43 0.078472
51 44 0.078472
51 45 0.078472
51 46 0.078472
51 47 0.078472
51 48 0.078472
51 49 0.078472
51 50 0.078472
51 51 0.078472
51 52 0.078472
51 53 0.078472
51 54 0.078472
51 55 0.078472
51 56 0.078472
51 57 0.078472
51 58 0.078472
51 59 0.078472
51 60 0.078472
51 61 0.078471
51 62 0.078471
51 63 0.078471
51 64 0.078471
51 65 0.078471
51 66 0.078471
51 67 0.078471
51 68 0.078471
51 69 0.078471
51 70 0.078471
51 71 0.078470
51 72 0.078470
51 73 0.078470
51 74 0.078470
51 75 0.078470
51 76 0.078470
51 77 0.078470
51 78 0.078470
51 79 0.078470
51 80 0.078470
51 81 0.078469
51 82 0.078469
51 83 0.078469
51 84 0.078469
51 85 0.078469
51 86 0.078469
51 87 0.078469
51 88 0.078469
51 89 0.078469
51 90 0.078469
51 91 0.078468
51 92 0.078469
51 93 0.078468
51 94 0.078469
51 95 0.078468
51 96 0.078469
51 97 0.078467
51 98 0.078470
51 99 0.078465

52 0 0.078465
52 1 0.078470
52 2 0.078467
52 3 0.078469
52 4 0.078468
52 5 0.078469
52 6 0.078468
52 7 0.078469
52 8 0.078469
52 9 0.078469
52 10 0.078469
52 11 0.078469
52 12 0.078469
52 13 0.078469
52 14 0.078469
52 15 0.078469
52 16 0.078469
52 17 0.078469
52 18 0.078469
52 19 0.078470
52 20 0.078470
52 21 0.078470
52 22 0.078470
52 23 0.078470
52 24 0.078470
52 25 0.078470
52 26 0.078470
52 27 0.078470
52 28 0.078470
52 29 0.078470
52 30 0.078470
52 31 0.078470
52 32 0.078471
52 33 0.078471
52 34 0.078471
52 35 0.078471
52 36 0.078471
52 37 0.078471
52 38 0.078471
52 39 0.078471
52 40 0.078471
52 41 0.078471
52 42 0.078472
52 43 0.078472
52 44 0.078472
52 45 0.078472
52 46 0.078472
52 47 0.078472
52 48 0.078472
52 49 0.078472
52 50 0.078472
52 51 0.078472
52 52 0.078472
52 53 0.078472
52 54 0.078472
52 55 0.078472
52 56 0.078472
52 57 0.078472
52 58 0.078472
52 59 0.078472
52 60 0.078472
52 61 0.078471
52 62 0.078471
52 63 0.078471
52 64 0.078471
52 65 0.078471
52 66 0.078471
52 67 0.078471
52 68 0.078471
52 69 0.078471
52 70 0.078471
52 71 0.078470
52 72 0.078470
52 73 0.078470
52 74 0.078470
52 75 0.078470
52 76 0.078470
52 77 0.078470
52 78 0.078470
52 79 0.078470
52 80 0.078469
52 81 0.078469
52 82 0.078469
52 83 0.078469
52 84 0.078469
52 85 0.078469
52 86 0.078469
52 87 0.078469
52 88 0.078469
52 89 0.078469
52 90 0.078469
52 91 0.078468
52 92 0.078469
52 93 0.078468
52 94 0.078469
52 95 0.078468
52 96 0.078469
52 97 0.078467
52 98 0.078470
52 99 0.078465

53 0 0.078465
53 1 0.078470
53 2 0.078467
53 3 0.078469
53 4 0.078468
53 5 0.078469
53 6 0.078468
53 7 0.078469
53 8 0.078468
53 9 0.078469
53 10 0.078469
53 11 0.078469
53 12 0.078469
53 13 0.078469
53 14 0.078469
53 15 0.078469
53 16 0.078469
53 17 0.078469
53 18 0.078469
53 19 0.078470
53 20 0.078470
53 21 0.078470
53 22 0.078470
53 23 0.078470
53 24 0.078470
53 25 0.078470
53 26 0.078470
53 27 0.078470
53 28 0.078470
53 29 0.078470
53 30 0.078470
53 31 0.078470
53 32 0.078471
53 33 0.078471
53 34 0.078471
53 35 0.078471
53 36 0.078471
53 37 0.078471
53 38 0.078471
53 39 0.078471
53 40 0.078471
53 41 0.078471
53 42 0.078472
53 43 0.078472
53 44 0.078472
53 45 0.078472
53 46 0.078472
53 47 0.078472
53 48 0.078472
53 49 0.078472
53 50 0.078472
53 51 0.078472
53 52 0.078472
53 53 0.078472
53 54 0.078472
53 55 0.078472
53 56 0.078472
53 57 0.078472
53 58 0.078472
53 59 0.078472
53 60 0.078471
53 61 0.078471
53 62 0.078471
53 63 0.078471
53 64 0.078471
53 65 0.078471
53 66 0.078471
53 67 0.078471
53 68 0.078471
53 69 0.078471
53 70 0.078471
53 71 0.078470
53 72 0.078470
53 73 0.078470
53 74 0.078470
53 75 0.078470
53 76 0.078470
53 77 0.078470
53 78 0.078470
53 79 0.078470
53 80 0.078469
53 81 0.078469
53 82 0.078469
53 83 0.078469
53 84 0.078469
53 85 0.078469
53 86 0.078469
53 87 0.078469
53 88 0.078469
53 89 0.078469
53 90 0.078469
53 91 0.078468
53 92 0.078469
53 93 0.078468
53 94 0.078469
53 95 0.078468
53 96 0.078469
53 97 0.078467
53 98 0.078470
53 99 0.078465

54 0 0.078466
54 1 0.078470
54 2 0.078467
54 3 0.078469
54 4 0.078468
54 5 0.078469
54 6 0.078468
54 7 0.078469
54 8 0.078468
54 9 0.078469
54 10 0.078469
54 11 0.078469
54 12 0.078469
54 13 0.078469
54 14 0.078469
54 15 0.078469
54 16 0.078469
54 17 0.078469
54 18 0.078469
54 19 0.078469
54 20 0.078470
54 21 0.078470
54 22 0.078470
54 23 0.078470
54 24 0.078470
54 25 0.078470
54 26 0.078470
54 27 0.078470
54 28 0.078470
54 29 0.078470
54 30 0.078470
54 31 0.078470
54 32 0.078470
54 33 0.078471
54 34 0.078471
54 35 0.078471
54 36 0.078471
54 37 0.078471
54 38 0.078471
54 39 0.078471
54 40 0.078471
54 41 0.078471
54 42 0.078472
54 43 0.078472
54 44 0.078472
54 45 0.078472
54 46 0.078472
54 47 0.078472
54 48 0.078472
54 49 0.078472
54 50 0.078472
54 51 0.078472
54 52 0.078472
54 53 0.078472
54 54 0.078472
54 55 0.078472
54 56 0.078472
54 57 0.078472
54 58 0.078472
54 59 0.078471
54 60 0.078471
54 61 0.078471
54 62 0.078471
54 63 0.078471
54 64 0.078471
54 65 0.078471
54 66 0.078471
54 67 0.078471
54 68 0.078471
54 69 0.078471
54 70 0.078470
54 71 0.078470
54 72 0.078470
54 73 0.078470
54 74 0.078470
54 75 0.078470
54 76 0.078470
54 77 0.078470
54 78 0.078470
54 79 0.078470
54 80 0.078469
54 81 0.078469
54 82 0.078469
54 83 0.078469
54 84 0.078469
54 85 0.078469
54 86 0.078469
54 87 0.078469
54 88 0.078469
54 89 0.078469
54 90 0.078469
54 91 0.078468
54 92 0.078469
54 93 0.078468
54 94 0.078469
54 95 0.078468
54 96 0.078469
54 97 0.078467
54 98 0.078470
54 99 0.078465

55 0 0.078466
55 1 0.078470
55 2 0.078467
55 3 0.078469
55 4 0.078468
55 5 0.078469
55 6 0.078468
55 7 0.078469
55 8 0.078468
55 9 0.078469
55 10 0.078469
55 11 0.078469
55 12 0.078469
55 13 0.078469
55 14 0.078469
55 15 0.078469
55 16 0.078469
55 17 0.078469
55 18 0.078469
55 19 0.078469
55 20 0.078470
55 21 0.078470
55 22 0.078470
55 23 0.078470
55 24 0.078470
55 25 0.078470
55 26 0.078470
55 27 0.078470
55 28 0.078470
55 29 0.078470
55 30 0.078470
55 31 0.078470
55 32 0.078470
55 33 0.078471
55 34 0.078471
55 35 0.078471
55 36 0.078471
55 37 0.078471
55 38 0.078471
55 39 0.078471
55 40 0.078471
55 41 0.078471
55 42 0.078471
55 43 0.078472
55 44 0.078472
55 45 0.078472
55 46 0.078472
55 47 0.078472
55 48 0.078472
55 49 0.078472
55 50 0.078472
55 51 0.078472
55 52 0.078472
55 53 0.078472
55 54 0.078472
55 55 0.078472
55 56 0.078472
55 57 0.078472
55 58 0.078471
55 59 0.078471
55 60 0.078471
55 61 0.078471
55 62 0.078471
55 63 0.078471
55 64 0.078471
55 65 0.078471
55 66 0.078471
55 67 0.078471
55 68 0.078471
55 69 0.078471
55 70 0.078470
55 71 0.078470
55 72 0.078470
55 73 0.078470
55 74 0.078470
55 75 0.078470
55 76 0.078470
55 77 0.078470
55 78 0.078470
55 79 0.078469
55 80 0.078469
55 81 0.078469
55 82 0.078469
55 83 0.078469
55 84 0.078469
55 85 0.078469
55 86 0.078469
55 87 0.078469
55 88 0.078469
55 89 0.078469
55 90 0.078469
55 91 0.078468
55 92 0.078469
55 93 0.078468
55 94 0.078469
55 95 0.078468
55 96 0.078469
55 97 0.078467
55 98 0.078470
55 99 0.078465

56 0 0.078466
56 1 0.078470
56 2 0.078467
56 3 0.078469
56 4 0.078468
56 5 0.078468
56 6 0.078468
56 7 0.078468
56 8 0.078468
56 9 0.078469
56 10 0.078469
56 11 0.078469
56 12 0.078469
56 13 0.078469
56 14 0.078469
56 15 0.078469
56 16 0.078469
56 17 0.078469
56 18 0.078469
56 19 0.078469
56 20 0.078470
56 21 0.078470
56 22 0.078470
56 23 0.078470
56 24 0.078470
56 25 0.078470
56 26 0.078470
56 27 0.078470
56 28 0.078470
56 29 0.078470
56 30 0.078470
56 31 0.078470
56 32 0.078470
56 33 0.078471
56 34 0.078471
56 35 0.078471
56 36 0.078471
56 37 0.078471
56 38 0.078471
56 39 0.078471
56 40 0.078471
56 41 0.078471
56 42 0.078471
56 43 0.078471
56 44 0.078471
56 45 0.078472
56 46 0.078472
56 47 0.078472
56 48 0.078472
56 49 0.078472
56 50 0.078472
56 51 0.078472
56 52 0.078472
56 53 0.078472
56 54 0.078472
56 55 0.078472
56 56 0.078471
56 57 0.078471
56 58 0.078471
56 59 0.078471
56 60 0.078471
56 61 0.078471
56 62 0.078471
56 63 0.078471
56 64 0.078471
56 65 0.078471
56 66 0.078471
56 67 0.078471
56 68 0.078471
56 69 0.078470
56 70 0.078470
56 71 0.078470
56 72 0.078470
56 73 0.078470
56 74 0.078470
56 75 0.078470
56 76 0.078470
56 77 0.078470
56 78 0.078470
56 79 0.078469
56 80 0.078469
56 81 0.078469
56 82 0.078469
56 83 0.078469
56 84 0.078469
56 85 0.078469
56 86 0.078469
56 87 0.078469
56 88 0.078469
56 89 0.078469
56 90 0.078469
56 91 0.078468
56 92 0.078469
56 93 0.078468
56 94 0.078469
56 95 0.078468
56 96 0.078469
56 97 0.078467
56 98 0.078470
56 99 0.078466

57 0 0.078466
57 1 0.078469
57 2 0.078467
57 3 0.078469
57 4 0.078468
57 5 0.078468
57 6 0.078468
57 7 0.078468
57 8 0.078468
57 9 0.078468
57 10 0.078469
57 11 0.078469
57 12 0.078469
57 13 0.078469
57 14 0.078469
57 15 0.078469
57 16 0.078469
57 17 0.078469
57 18 0.078469
57 19 0.078469
57 20 0.078469
57 21 0.078470
57 22 0.078470
57 23 0.078470
57 24 0.078470
57 25 0.078470
57 26 0.078470
57 27 0.078470
57 28 0.078470
57 29 0.078470
57 30 0.078470
57 31 0.078470
57 32 0.078470
57 33 0.078470
57 34 0.078471
57 35 0.078471
57 36 0.078471
57 37 0.078471
57 38 0.078471
57 39 0.078471
57 40 0.078471
57 41 0.078471
57 42 0.078471
57 43 0.078471
57 44 0.078471
57 45 0.078471
57 46 0.078471
57 47 0.078472
57 48 0.078472
57 49 0.078472
57 50 0.078472
57 51 0.078472
57 52 0.078472
57 53 0.078472
57 54 0.078471
57 55 0.078471
57 56 0.078471
57 57 0.078471
57 58 0.078471
57 59 0.078471
57 60 0.078471
57 61 0.078471
57 62 0.078471
57 63 0.078471
57 64 0.078471
57 65 0.078471
57 66 0.078471
57 67 0.078471
57 68 0.078470
57 69 0.078470
57 70 0.078470
57 71 0.078470
57 72 0.078470
57 73 0.078470
57 74 0.078470
57 75 0.078470
57 76 0.078470
57 77 0.078470
57 78 0.078470
57 79 0.078469
57 80 0.078469
57 81 0.078469
57 82 0.078469
57 83 0.078469
57 84 0.078469
57 85 0.078469
57 86 0.078469
57 87 0.078469
57 88 0.078469
57 89 0.078469
57 90 0.078469
57 91 0.078468
57 92 0.078469
57 93 0.078468
57 94 0.078469
57 95 0.078468
57 96 0.078469
57 97 0.078467
57 98 0.078470
57 99 0.078466

58 0 0.078466
58 1 0.078469
58 2 0.078467
58 3 0.078469
58 4 0.078468
58 5 0.078468
58 6 0.078468
58 7 0.078468
58 8 0.078468
58 9 0.078468
58 10 0.078468
58 11 0.078469
58 12 0.078469
58 13 0.078469
58 14 0.078469
58 15 0.078469
58 16 0.078469
58 17 0.078469
58 18 0.078469
58 19 0.078469
58 20 0.078469
58 21 0.078470
58 22 0.078470
58 23 0.078470
58 24 0.078470
58 25 0.078470
58 26 0.078470
58 27 0.078470
58 28 0.078470
58 29 0.078470
58 30 0.078470
58 31 0.078470
58 32 0.078470
58 33 0.078470
58 34 0.078471
58 35 0.078471
58 36 0.078471
58 37 0.078471
58 38 0.078471
58 39 0.078471
58 40 0.078471
58 41 0.078471
58 42 0.078471
58 43 0.078471
58 44 0.078471
58 45 0.078471
58 46 0.078471
58 47 0.078471
58 48 0.078471
58 49 0.078471
58 50 0.078471
58 51 0.078471
58 52 0.078471
58 53 0.078471
58 54 0.078471
58 55 0.078471
58 56 0.078471
58 57 0.078471
58 58 0.078471
58 59 0.078471
58 60 0.078471
58 61 0.078471
58 62 0.078471
58 63 0.078471
58 64 0.078471
58 65 0.078471
58 66 0.078471
58 67 0.078470
58 68 0.078470
58 69 0.078470
58 70 0.078470
58 71 0.078470
58 72 0.078470
58 73 0.078470
58 74 0.078470
58 75 0.078470
58 76 0.078470
58 77 0.078470
58 78 0.078469
58 79 0.078469
58 80 0.078469
58 81 0.078469
58 82 0.078469
58 83 0.078469
58 84 0.078469
58 85 0.078469
58 86 0.078469
58 87 0.078469
58 88 0.078469
58 89 0.078469
58 90 0.078469
58 91 0.078469
58 92 0.078469
58 93 0.078468
58 94 0.078469
58 95 0.078468
58 96 0.078469
58 97 0.078467
58 98 0.078469
58 99 0.078466

59 0 0.078466
59 1 0.078469
59 2 0.078467
59 3 0.078469
59 4 0.078468
59 5 0.078468
59 6 0.078468
59 7 0.078468
59 8 0.078468
59 9 0.078468
59 10 0.078468
59 11 0.078469
59 12 0.078469
59 13 0.078469
59 14 0.078469
59 15 0.078469
59 16 0.078469
59 17 0.078469
59 18 0.078469
59 19 0.078469
59 20 0.078469
59 21 0.078469
59 22 0.078470
59 23 0.078470
59 24 0.078470
59 25 0.078470
59 26 0.078470
59 27 0.078470
59 28 0.078470
59 29 0.078470
59 30 0.078470
59 31 0.078470
59 32 0.078470
59 33 0.078470
59 34 0.078470
59 35 0.078471
59 36 0.078471
59 37 0.078471
59 38 0.078471
59 39 0.078471
59 40 0.078471
59 41 0.078471
59 42 0.078471
59 43 0.078471
59 44 0.078471
59 45 0.078471
59 46 0.078471
59 47 0.078471
59 48 0.078471
59 49 0.078471
59 50 0.078471
59 51 0.078471
59 52 0.078471
59 53 0.078471
59 54 0.078471
59 55 0.078471
59 56 0.078471
59 57 0.078471
59 58 0.078471
59 59 0.078471
59 60 0.078471
59 61 0.078471
59 62 0.078471
59 63 0.078471
59 64 0.078471
59 65 0.078471
59 66 0.078471
59 67 0.078470
59 68 0.078470
59 69 0.078470
59 70 0.078470
59 71 0.078470
59 72 0.078470
59 73 0.078470
59 74 0.078470
59 75 0.078470
59 76 0.078470
59 77 0.078470
59 78 0.078469
59 79 0.078469
59 80 0.078469
59 81 0.078469
59 82 0.078469
59 83 0.078469
59 84 0.078469
59 85 0.078469
59 86 0.078469
59 87 0.078469
59 88 0.078469
59 89 0.078469
59 90 0.078469
59 91 0.078469
59 92 0.078469
59 93 0.078468
59 94 0.078469
59 95 0.078468
59 96 0.078469
59 97 0.078467
59 98 0.078469
59 99 0.078466

60 0 0.078466
60 1 0.078469
60 2 0.078467
60 3 0.078468
60 4 0.078468
60 5 0.078468
60 6 0.078468
60 7 0.078468
60 8 0.078468
60 9 0.078468
60 10 0.078468
60 11 0.078469
60 12 0.078469
60 13 0.078469
60 14 0.078469
60 15 0.078469
60 16 0.078469
60 17 0.078469
60 18 0.078469
60 19 0.078469
60 20 0.078469
60 21 0.078469
60 22 0.078469
60 23 0.078470
60 24 0.078470
60 25 0.078470
60 26 0.078470
60 27 0.078470
60 28 0.078470
60 29 0.078470
60 30 0.078470
60 31 0.078470
60 32 0.078470
60 33 0.078470
60 34 0.078470
60 35 0.078470
60 36 0.078471
60 37 0.078471
60 38 0.078471
60 39 0.078471
60 40 0.078471
60 41 0.078471
60 42 0.078471
60 43 0.078471
60 44 0.078471
60 45 0.078471
60 46 0.078471
60 47 0.078471
60 48 0.078471
60 49 0.078471
60 50 0.078471
60 51 0.078471
60 52 0.078471
60 53 0.078471
60 54 0.078471
60 55 0.078471
60 56 0.078471
60 57 0.078471
60 58 0.078471
60 59 0.078471
60 60 0.078471
60 61 0.078471
60 62 0.078471
60 63 0.078471
60 64 0.078471
60 65 0.078470
60 66 0.078470
60 67 0.078470
60 68 0.078470
60 69 0.078470
60 70 0.078470
60 71 0.078470
60 72 0.078470
60 73 0.078470
60 74 0.078470
60 75 0.078470
60 76 0.078470
60 77 0.078469
60 78 0.078469
60 79 0.078469
60 80 0.078469
60 81 0.078469
60 82 0.078469
60 83 0.078469
60 84 0.078469
60 85 0.078469
60 86 0.078469
60 87 0.078469
60 88 0.078469
60 89 0.078469
60 90 0.078469
60 91 0.078469
60 92 0.078469
60 93 0.078468
60 94 0.078469
60 95 0.078468
60 96 0.078469
60 97 0.078468
60 98 0.078469
60 99 0.078466

61 0 0.078467
61 1 0.078469
61 2 0.078467
61 3 0.078468
61 4 0.078468
61 5 0.078468
61 6 0.078468
61 7 0.078468
61 8 0.078468
61 9 0.078468
61 10 0.078468
61 11 0.078469
61 12 0.078469
61 13 0.078469
61 14 0.078469
61 15 0.078469
61 16 0.078469
61 17 0.078469
61 18 0.078469
61 19 0.078469
61 20 0.078469
61 21 0.078469
61 22 0.078469
61 23 0.078469
61 24 0.078469
61 25 0.078470
61 26 0.078470
61 27 0.078470
61 28 0.078470
61 29 0.078470
61 30 0.078470
61 31 0.078470
61 32 0.078470
61 33 0.078470
61 34 0.078470
61 35 0.078470
61 36 0.078470
61 37 0.078471
61 38 0.078471
61 39 0.078471
61 40 0.078471
61 41 0.078471
61 42 0.078471
61 43 0.078471
61 44 0.078471
61 45 0.078471
61 46 0.078471
61 47 0.078471
61 48 0.078471
61 49 0.078471
61 50 0.078471
61 51 0.078471
61 52 0.078471
61 53 0.078471
61 54 0.078471
61 55 0.078471
61 56 0.078471
61 57 0.078471
61 58 0.078471
61 59 0.078471
61 60 0.078471
61 61 0.078471
61 62 0.078471
61 63 0.078471
61 64 0.078470
61 65 0.078470
61 66 0.078470
61 67 0.078470
61 68 0.078470
61 69 0.078470
61 70 0.078470
61 71 0.078470
61 72 0.078470
61 73 0.078470
61 74 0.078470
61 75 0.078470
61 76 0.078470
61 77 0.078469
61 78 0.078469
61 79 0.078469
61 80 0.078469
61 81 0.078469
61 82 0.078469
61 83 0.078469
61 84 0.078469
61 85 0.078469
61 86 0.078469
61 87 0.078469
61 88 0.078469
61 89 0.078469
61 90 0.078469
61 91 0.078469
61 92 0.078469
61 93 0.078468
61 94 0.078469
61 95 0.078468
61 96 0.078469
61 97 0.078468
61 98 0.078469
61 99 0.078467

62 0 0.078467
62 1 0.078469
62 2 0.078468
62 3 0.078468
62 4 0.078468
62 5 0.078468
62 6 0.078468
62 7 0.078468
62 8 0.078468
62 9 0.078468
62 10 0.078468
62 11 0.078468
62 12 0.078469
62 13 0.078469
62 14 0.078469
62 15 0.078469
62 16 0.078469
62 17 0.078469
62 18 0.078469
62 19 0.078469
62 20 0.078469
62 21 0.078469
62 22 0.078469
62 23 0.078469
62 24 0.078469
62 25 0.078469
62 26 0.078470
62 27 0.078470
62 28 0.078470
62 29 0.078470
62 30 0.078470
62 31 0.078470
62 32 0.078470
62 33 0.078470
62 34 0.078470
62 35 0.078470
62 36 0.078470
62 37 0.078470
62 38 0.078470
62 39 0.078471
62 40 0.078471
62 41 0.078471
62 42 0.078471
62 43 0.078471
62 44 0.078471
62 45 0.078471
62 46 0.078471
62 47 0.078471
62 48 0.078471
62 49 0.078471
62 50 0.078471
62 51 0.078471
62 52 0.078471
62 53 0.078471
62 54 0.078471
62 55 0.078471
62 56 0.078471
62 57 0.078471
62 58 0.078471
62 59 0.078471
62 60 0.078471
62 61 0.078471
62 62 0.078470
62 63 0.078470
62 64 0.078470
62 65 0.078470
62 66 0.078470
62 67 0.078470
62 68 0.078470
62 69 0.078470
62 70 0.078470
62 71 0.078470
62 72 0.078470
62 73 0.078470
62 74 0.078470
62 75 0.078470
62 76 0.078469
62 77 0.078469
62 78 0.078469
62 79 0.078469
62 80 0.078469
62 81 0.078469
62 82 0.078469
62 83 0.078469
62 84 0.078469
62 85 0.078469
62 86 0.078469
62 87 0.078469
62 88 0.078469
62 89 0.078469
62 90 0.078469
62 91 0.078469
62 92 0.078469
62 93 0.078469
62 94 0.078469
62 95 0.078468
62 96 0.078469
62 97 0.078468
62 98 0.078469
62 99 0.078467

63 0 0.078468
63 1 0.078469
63 2 0.078468
63 3 0.078468
63 4 0.078468
63 5 0.078468
63 6 0.078468
63 7 0.078468
63 8 0.078468
63 9 0.078468
63 10 0.078468
63 11 0.078468
63 12 0.078469
63 13 0.078469
63 14 0.078469
63 15 0.078469
63 16 0.078469
63 17 0.078469
63 18 0.078469
63 19 0.078469
63 20 0.078469
63 21 0.078469
63 22 0.078469
63 23 0.078469
63 24 0.078469
63 25 0.078469
63 26 0.078469
63 27 0.078469
63 28 0.078470
63 29 0.078470
63 30 0.078470
63 31 0.078470
63 32 0.078470
63 33 0.078470
63 34 0.078470
63 35 0.078470
63 36 0.078470
63 37 0.078470
63 38 0.078470
63 39 0.078470
63 40 0.078470
63 41 0.078471
63 42 0.078471
63 43 0.078471
63 44 0.078471
63 45 0.078471
63 46 0.078471
63 47 0.078471
63 48 0.078471
63 49 0.078471
63 50 0.078471
63 51 0.078471
63 52 0.078471
63 53 0.078471
63 54 0.078471
63 55 0.078471
63 56 0.078471
63 57 0.078471
63 58 0.078471
63 59 0.078470
63 60 0.078470
63 61 0.078470
63 62 0.078470
63 63 0.078470
63 64 0.078470
63 65 0.078470
63 66 0.078470
63 67 0.078470
63 68 0.078470
63 69 0.078470
63 70 0.078470
63 71 0.078470
63 72 0.078470
63 73 0.078470
63 74 0.078470
63 75 0.078469
63 76 0.078469
63 77 0.078469
63 78 0.078469
63 79 0.078469
63 80 0.078469
63 81 0.078469
63 82 0.078469
63 83 0.078469
63 84 0.078469
63 85 0.078469
63 86 0.078469
63 87 0.078469
63 88 0.078469
63 89 0.078469
63 90 0.078469
63 91 0.078469
63 92 0.078469
63 93 0.078469
63 94 0.078469
63 95 0.078468
63 96 0.078469
63 97 0.078468
63 98 0.078469
63 99 0.078468

64 0 0.078468
64 1 0.078468
64 2 0.078468
64 3 0.078468
64 4 0.078468
64 5 0.078468
64 6 0.078468
64 7 0.078468
64 8 0.078468
64 9 0.078468
64 10 0.078468
64 11 0.078468
64 12 0.078468
64 13 0.078469
64 14 0.078469
64 15 0.078469
64 16 0.078469
64 17 0.078469
64 18 0.078469
64 19 0.078469
64 20 0.078469
64 21 0.078469
64 22 0.078469
64 23 0.078469
64 24 0.078469
64 25 0.078469
64 26 0.078469
64 27 0.078469
64 28 0.078469
64 29 0.078470
64 30 0.078470
64 31 0.078470
64 32 0.078470
64 33 0.078470
64 34 0.078470
64 35 0.078470
64 36 0.078470
64 37 0.078470
64 38 0.078470
64 39 0.078470
64 40 0.078470
64 41 0.078470
64 42 0.078470
64 43 0.078470
64 44 0.078471
64 45 0.078471
64 46 0.078471
64 47 0.078471
64 48 0.078471
64 49 0.078471
64 50 0.078471
64 51 0.078471
64 52 0.078471
64 53 0.078471
64 54 0.078471
64 55 0.078471
64 56 0.078470
64 57 0.078470
64 58 0.078470
64 59 0.078470
64 60 0.078470
64 61 0.078470
64 62 0.078470
64 63 0.078470
64 64 0.078470
64 65 0.078470
64 66 0.078470
64 67 0.078470
64 68 0.078470
64 69 0.078470
64 70 0.078470
64 71 0.078470
64 72 0.078470
64 73 0.078470
64 74 0.078469
64 75 0.078469
64 76 0.078469
64 77 0.078469
64 78 0.078469
64 79 0.078469
64 80 0.078469
64 81 0.078469
64 82 0.078469
64 83 0.078469
64 84 0.078469
64 85 0.078469
64 86 0.078469
64 87 0.078469
64 88 0.078469
64 89 0.078469
64 90 0.078469
64 91 0.078469
64 92 0.078469
64 93 0.078469
64 94 0.078469
64 95 0.078469
64 96 0.078469
64 97 0.078468
64 98 0.078469
64 99 0.078468

65 0 0.078468
65 1 0.078468
65 2 0.078468
65 3 0.078468
65 4 0.078468
65 5 0.078468
65 6 0.078468
65 7 0.078468
65 8 0.078468
65 9 0.078468
65 10 0.078468
65 11 0.078468
65 12 0.078468
65 13 0.078469
65 14 0.078469
65 15 0.078469
65 16 0.078469
65 17 0.078469
65 18 0.078469
65 19 0.078469
65 20 0.078469
65 21 0.078469
65 22 0.078469
65 23 0.078469
65 24 0.078469
65 25 0.078469
65 26 0.078469
65 27 0.078469
65 28 0.078469
65 29 0.078469
65 30 0.078470
65 31 0.078470
65 32 0.078470
65 33 0.078470
65 34 0.078470
65 35 0.078470
65 36 0.078470
65 37 0.078470
65 38 0.078470
65 39 0.078470
65 40 0.078470
65 41 0.078470
65 42 0.078470
65 43 0.078470
65 44 0.078470
65 45 0.078470
65 46 0.078470
65 47 0.078470
65 48 0.078470
65 49 0.078470
65 50 0.078470
65 51 0.078470
65 52 0.078470
65 53 0.078470
65 54 0.078470
65 55 0.078470
65 56 0.078470
65 57 0.078470
65 58 0.078470
65 59 0.078470
65 60 0.078470
65 61 0.078470
65 62 0.078470
65 63 0.078470
65 64 0.078470
65 65 0.078470
65 66 0.078470
65 67 0.078470
65 68 0.078470
65 69 0.078470
65 70 0.078470
65 71 0.078470
65 72 0.078469
65 73 0.078469
65 74 0.078469
65 75 0.078469
65 76 0.078469
65 77 0.078469
65 78 0.078469
65 79 0.078469
65 80 0.078469
65 81 0.078469
65 82 0.078469
65 83 0.078469
65 84 0.078469
65 85 0.078469
65 86 0.078469
65 87 0.078469
65 88 0.078469
65 89 0.078469
65 90 0.078469
65 91 0.078469
65 92 0.078469
65 93 0.078469
65 94 0.078469
65 95 0.078469
65 96 0.078469
65 97 0.078469
65 98 0.078469
65 99 0.078469

66 0 0.078469
66 1 0.078468
66 2 0.078468
66 3 0.078468
66 4 0.078468
66 5 0.078468
66 6 0.078468
66 7 0.078468
66 8 0.078468
66 9 0.078468
66 10 0.078468
66 11 0.078468
66 12 0.078468
66 13 0.078468
66 14 0.078469
66 15 0.078469
66 16 0.078469
66 17 0.078469
66 18 0.078469
66 19 0.078469
66 20 0.078469
66 21 0.078469
66 22 0.078469
66 23 0.078469
66 24 0.078469
66 25 0.078469
66 26 0.078469
66 27 0.078469
66 28 0.078469
66 29 0.078469
66 30 0.078469
66 31 0.078469
66 32 0.078470
66 33 0.078470
66 34 0.078470
66 35 0.078470
66 36 0.078470
66 37 0.078470
66 38 0.078470
66 39 0.078470
66 40 0.078470
66 41 0.078470
66 42 0.078470
66 43 0.078470
66 44 0.078470
66 45 0.078470
66 46 0.078470
66 47 0.078470
66 48 0.078470
66 49 0.078470
66 50 0.078470
66 51 0.078470
66 52 0.078470
66 53 0.078470
66 54 0.078470
66 55 0.078470
66 56 0.078470
66 57 0.078470
66 58 0.078470
66 59 0.078470
66 60 0.078470
66 61 0.078470
66 62 0.078470
66 63 0.078470
66 64 0.078470
66 65 0.078470
66 66 0.078470
66 67 0.078470
66 68 0.078470
66 69 0.078470
66 70 0.078470
66 71 0.078469
66 72 0.078469
66 73 0.078469
66 74 0.078469
66 75 0.078469
66 76 0.078469
66 77 0.078469
66 78 0.078469
66 79 0.078469
66 80 0.078469
66 81 0.078469
66 82 0.078469
66 83 0.078469
66 84 0.078469
66 85 0.078469
66 86 0.078469
66 87 0.078469
66 88 0.078469
66 89 0.078469
66 90 0.078469
66 91 0.078469
66 92 0.078469
66 93 0.078469
66 94 0.078469
66 95 0.078469
66 96 0.078469
66 97 0.078469
66 98 0.078468
66 99 0.078469

67 0 0.078469
67 1 0.078468
67 2 0.078468
67 3 0.078468
67 4 0.078468
67 5 0.078468
67 6 0.078468
67 7 0.078468
67 8 0.078468
67 9 0.078468
67 10 0.078468
67 11 0.078468
67 12 0.078468
67 13 0.078468
67 14 0.078469
67 15 0.078469
67 16 0.078469
67 17 0.078469
67 18 0.078469
67 19 0.078469
67 20 0.078469
67 21 0.078469
67 22 0.078469
67 23 0.078469
67 24 0.078469
67 25 0.078469
67 26 0.078469
67 27 0.078469
67 28 0.078469
67 29 0.078469
67 30 0.078469
67 31 0.078469
67 32 0.078469
67 33 0.078470
67 34 0.078470
67 35 0.078470
67 36 0.078470
67 37 0.078470
67 38 0.078470
67 39 0.078470
67 40 0.078470
67 41 0.078470
67 42 0.078470
67 43 0.078470
67 44 0.078470
67 45 0.078470
67 46 0.078470
67 47 0.078470
67 48 0.078470
67 49 0.078470
67 50 0.078470
67 51 0.078470
67 52 0.078470
67 53 0.078470
67 54 0.078470
67 55 0.078470
67 56 0.078470
67 57 0.078470
67 58 0.078470
67 59 0.078470
67 60 0.078470
67 61 0.078470
67 62 0.078470
67 63 0.078470
67 64 0.078470
67 65 0.078470
67 66 0.078470
67 67 0.078470
67 68 0.078470
67 69 0.078469
67 70 0.078469
67 71 0.078469
67 72 0.078469
67 73 0.078469
67 74 0.078469
67 75 0.078469
67 76 0.078469
67 77 0.078469
67 78 0.078469
67 79 0.078469
67 80 0.078469
67 81 0.078469
67 82 0.078469
67 83 0.078469
67 84 0.078469
67 85 0.078469
67 86 0.078469
67 87 0.078469
67 88 0.078469
67 89 0.078469
67 90 0.078469
67 91 0.078469
67 92 0.078469
67 93 0.078469
67 94 0.078469
67 95 0.078469
67 96 0.078469
67 97 0.078469
67 98 0.078468
67 99 0.078469

68 0 0.078469
68 1 0.078468
68 2 0.078469
68 3 0.078468
68 4 0.078468
68 5 0.078468
68 6 0.078468
68 7 0.078468
68 8 0.078468
68 9 0.078468
68 10 0.078468
68 11 0.078468
68 12 0.078468
68 13 0.078468
68 14 0.078468
68 15 0.078469
68 16 0.078469
68 17 0.078469
68 18 0.078469
68 19 0.078469
68 20 0.078469
68 21 0.078469
68 22 0.078469
68 23 0.078469
68 24 0.078469
68 25 0.078469
68 26 0.078469
68 27 0.078469
68 28 0.078469
68 29 0.078469
68 30 0.078469
68 31 0.078469
68 32 0.078469
68 33 0.078469
68 34 0.078469
68 35 0.078470
68 36 0.078470
68 37 0.078470
68 38 0.078470
68 39 0.078470
68 40 0.078470
68 41 0.078470
68 42 0.078470
68 43 0.078470
68 44 0.078470
68 45 0.078470
68 46 0.078470
68 47 0.078470
68 48 0.078470
68 49 0.078470
68 50 0.078470
68 51 0.078470
68 52 0.078470
68 53 0.078470
68 54 0.078470
68 55 0.078470
68 56 0.078470
68 57 0.078470
68 58 0.078470
68 59 0.078470
68 60 0.078470
68 61 0.078470
68 62 0.078470
68 63 0.078470
68 64 0.078470
68 65 0.078470
68 66 0.078470
68 67 0.078470
68 68 0.078469
68 69 0.078469
68 70 0.078469
68 71 0.078469
68 72 0.078469
68 73 0.078469
68 74 0.078469
68 75 0.078469
68 76 0.078469
68 77 0.078469
68 78 0.078469
68 79 0.078469
68 80 0.078469
68 81 0.078469
68 82 0.078469
68 83 0.078469
68 84 0.078469
68 85 0.078469
68 86 0.078469
68 87 0.078469
68 88 0.078469
68 89 0.078469
68 90 0.078469
68 91 0.078469
68 92 0.078469
68 93 0.078469
68 94 0.078469
68 95 0.078469
68 96 0.078469
68 97 0.078469
68 98 0.078468
68 99 0.078470

69 0 0.078470
69 1 0.078468
69 2 0.078469
69 3 0.078468
69 4 0.078468
69 5 0.078468
69 6 0.078468
69 7 0.078468
69 8 0.078468
69 9 0.078468
69 10 0.078468
69 11 0.078468
69 12 0.078468
69 13 0.078468
69 14 0.078468
69 15 0.078468
69 16 0.078468
69 17 0.078469
69 18 0.078469
69 19 0.078469
69 20 0.078469
69 21 0.078469
69 22 0.078469
69 23 0.078469
69 24 0.078469
69 25 0.078469
69 26 0.078469
69 27 0.078469
69 28 0.078469
69 29 0.078469
69 30 0.078469
69 31 0.078469
69 32 0.078469
69 33 0.078469
69 34 0.078469
69 35 0.078469
69 36 0.078470
69 37 0.078470
69 38 0.078470
69 39 0.078470
69 40 0.078470
69 41 0.078470
69 42 0.078470
69 43 0.078470
69 44 0.078470
69 45 0.078470
69 46 0.078470
69 47 0.078470
69 48 0.078470
69 49 0.078470
69 50 0.078470
69 51 0.078470
69 52 0.078470
69 53 0.078470
69 54 0.078470
69 55 0.078470
69 56 0.078470
69 57 0.078470
69 58 0.078470
69 59 0.078470
69 60 0.078470
69 61 0.078470
69 62 0.078470
69 63 0.078470
69 64 0.078470
69 65 0.078470
69 66 0.078469
69 67 0.078469
69 68 0.078469
69 69 0.078469
69 70 0.078469
69 71 0.078469
69 72 0.078469
69 73 0.078469
69 74 0.078469
69 75 0.078469
69 76 0.078469
69 77 0.078469
69 78 0.078469
69 79 0.078469
69 80 0.078469
69 81 0.078469
69 82 0.078469
69 83 0.078469
69 84 0.078469
69 85 0.078469
69 86 0.078469
69 87 0.078469
69 88 0.078469
69 89 0.078469
69 90 0.078469
69 91 0.078469
69 92 0.078469
69 93 0.078469
69 94 0.078469
69 95 0.078469
69 96 0.078469
69 97 0.078469
69 98 0.078468
69 99 0.078470

70 0 0.078470
70 1 0.078468
70 2 0.078469
70 3 0.078468
70 4 0.078468
70 5 0.078468
70 6 0.078468
70 7 0.078468
70 8 0.078468
70 9 0.078468
70 10 0.078468
70 11 0.078468
70 12 0.078468
70 13 0.078468
70 14 0.078468
70 15 0.078468
70 16 0.078468
70 17 0.078468
70 18 0.078468
70 19 0.078468
70 20 0.078468
70 21 0.078468
70 22 0.078469
70 23 0.078469
70 24 0.078469
70 25 0.078469
70 26 0.078469
70 27 0.078469
70 28 0.078469
70 29 0.078469
70 30 0.078469
70 31 0.078469
70 32 0.078469
70 33 0.078469
70 34 0.078469
70 35 0.078469
70 36 0.078469
70 37 0.078469
70 38 0.078470
70 39 0.078470
70 40 0.078470
70 41 0.078470
70 42 0.078470
70 43 0.078470
70 44 0.078470
70 45 0.078470
70 46 0.078470
70 47 0.078470
70 48 0.078470
70 49 0.078470
70 50 0.078470
70 51 0.078470
70 52 0.078470
70 53 0.078470
70 54 0.078470
70 55 0.078470
70 56 0.078470
70 57 0.078470
70 58 0.078470
70 59 0.078470
70 60 0.078470
70 61 0.078470
70 62 0.078470
70 63 0.078470
70 64 0.078469
70 65 0.078469
70 66 0.078469
70 67 0.078469
70 68 0.078469
70 69 0.078469
70 70 0.078469
70 71 0.078469
70 72 0.078469
70 73 0.078469
70 74 0.078469
70 75 0.078469
70 76 0.078469
70 77 0.078469
70 78 0.078469
70 79 0.078469
70 80 0.078469
70 81 0.078469
70 82 0.078469
70 83 0.078469
70 84 0.078469
70 85 0.078469
70 86 0.078469
70 87 0.078469
70 88 0.078469
70 89 0.078469
70 90 0.078469
70 91 0.078469
70 92 0.078469
70 93 0.078469
70 94 0.078469
70 95 0.078469
70 96 0.078469
70 97 0.078470
70 98 0.078468
70 99 0.078471

71 0 0.078470
71 1 0.078468
71 2 0.078469
71 3 0.078468
71 4 0.078469
71 5 0.078468
71 6 0.078468
71 7 0.078468
71 8 0.078468
71 9 0.078468
71 10 0.078468
71 11 0.078468
71 12 0.078468
71 13 0.078468
71 14 0.078468
71 15 0.078468
71 16 0.078468
71 17 0.078468
71 18 0.078468
71 19 0.078468
71 20 0.078468
71 21 0.078468
71 22 0.078468
71 23 0.078468
71 24 0.078468
71 25 0.078469
71 26 0.078469
71 27 0.078469
71 28 0.078469
71 29 0.078469
71 30 0.078469
71 31 0.078469
71 32 0.078469
71 33 0.078469
71 34 0.078469
71 35 0.078469
71 36 0.078469
71 37 0.078469
71 38 0.078469
71 39 0.078469
71 40 0.078470
71 41 0.078470
71 42 0.078470
71 43 0.078470
71 44 0.078470
71 45 0.078470
71 46 0.078470
71 47 0.078470
71 48 0.078470
71 49 0.078470
71 50 0.078470
71 51 0.078470
71 52 0.078470
71 53 0.078470
71 54 0.078470
71 55 0.078470
71 56 0.078470
71 57 0.078470
71 58 0.078470
71 59 0.078470
71 60 0.078470
71 61 0.078469
71 62 0.078469
71 63 0.078469
71 64 0.078469
71 65 0.078469
71 66 0.078469
71 67 0.078469
71 68 0.078469
71 69 0.078469
71 70 0.078469
71 71 0.078469
71 72 0.078469
71 73 0.078469
71 74 0.078469
71 75 0.078469
71 76 0.078469
71 77 0.078469
71 78 0.078469
71 79 0.078469
71 80 0.078469
71 81 0.078469
71 82 0.078469
71 83 0.078469
71 84 0.078469
71 85 0.078469
71 86 0.078469
71 87 0.078469
71 88 0.078469
71 89 0.078469
71 90 0.078469
71 91 0.078469
71 92 0.078469
71 93 0.078469
71 94 0.078469
71 95 0.078469
71 96 0.078469
71 97 0.078470
71 98 0.078468
71 99 0.078471

72 0 0.078471
72 1 0.078467
72 2 0.078469
72 3 0.078468
72 4 0.078469
72 5 0.078468
72 6 0.078468
72 7 0.078468
72 8 0.078468
72 9 0.078468
72 10 0.078468
72 11 0.078468
72 12 0.078468
72 13 0.078468
72 14 0.078468
72 15 0.078468
72 16 0.078468
72 17 0.078468
72 18 0.078468
72 19 0.078468
72 20 0.078468
72 21 0.078468
72 22 0.078468
72 23 0.078468
72 24 0.078468
72 25 0.078468
72 26 0.078468
72 27 0.078469
72 28 0.078469
72 29 0.078469
72 30 0.078469
72 31 0.078469
72 32 0.078469
72 33 0.078469
72 34 0.078469
72 35 0.078469
72 36 0.078469
72 37 0.078469
72 38 0.078469
72 39 0.078469
72 40 0.078469
72 41 0.078469
72 42 0.078470
72 43 0.078470
72 44 0.078470
72 45 0.078470
72 46 0.078470
72 47 0.078470
72 48 0.078470
72 49 0.078470
72 50 0.078470
72 51 0.078470
72 52 0.078470
72 53 0.078470
72 54 0.078470
72 55 0.078469
72 56 0.078469
72 57 0.078469
72 58 0.078469
72 59 0.078469
72 60 0.078469
72 61 0.078469
72 62 0.078469
72 63 0.078469
72 64 0.078469
72 65 0.078469
72 66 0.078469
72 67 0.078469
72 68 0.078469
72 69 0.078469
72 70 0.078469
72 71 0.078469
72 72 0.078469
72 73 0.078469
72 74 0.078469
72 75 0.078469
72 76 0.078469
72 77 0.078469
72 78 0.078469
72 79 0.078469
72 80 0.078469
72 81 0.078469
72 82 0.078469
72 83 0.078469
72 84 0.078469
72 85 0.078469
72 86 0.078469
72 87 0.078469
72 88 0.078469
72 89 0.078469
72 90 0.078469
72 91 0.078469
72 92 0.078469
72 93 0.078469
72 94 0.078469
72 95 0.078469
72 96 0.078469
72 97 0.078470
72 98 0.078468
72 99 0.078471

73 0 0.078471
73 1 0.078467
73 2 0.078470
73 3 0.078468
73 4 0.078469
73 5 0.078468
73 6 0.078469
73 7 0.078468
73 8 0.078468
73 9 0.078468
73 10 0.078468
73 11 0.078468
73 12 0.078468
73 13 0.078468
73 14 0.078468
73 15 0.078468
73 16 0.078468
73 17 0.078468
73 18 0.078468
73 19 0.078468
73 20 0.078468
73 21 0.078468
73 22 0.078468
73 23 0.078468
73 24 0.078468
73 25 0.078468
73 26 0.078468
73 27 0.078468
73 28 0.078469
73 29 0.078469
73 30 0.078469
73 31 0.078469
73 32 0.078469
73 33 0.078469
73 34 0.078469
73 35 0.078469
73 36 0.078469
73 37 0.078469
73 38 0.078469
73 39 0.078469
73 40 0.078469
73 41 0.078469
73 42 0.078469
73 43 0.078469
73 44 0.078469
73 45 0.078469
73 46 0.078469
73 47 0.078469
73 48 0.078469
73 49 0.078469
73 50 0.078469
73 51 0.078469
73 52 0.078469
73 53 0.078469
73 54 0.078469
73 55 0.078469
73 56 0.078469
73 57 0.078469
73 58 0.078469
73 59 0.078469
73 60 0.078469
73 61 0.078469
73 62 0.078469
73 63 0.078469
73 64 0.078469
73 65 0.078469
73 66 0.078469
73 67 0.078469
73 68 0.078469
73 69 0.078469
73 70 0.078469
73 71 0.078469
73 72 0.078469
73 73 0.078469
73 74 0.078469
73 75 0.078469
73 76 0.078469
73 77 0.078469
73 78 0.078469
73 79 0.078469
73 80 0.078469
73 81 0.078469
73 82 0.078469
73 83 0.078469
73 84 0.078469
73 85 0.078469
73 86 0.078469
73 87 0.078469
73 88 0.078469
73 89 0.078469
73 90 0.078469
73 91 0.078469
73 92 0.078469
73 93 0.078469
73 94 0.078469
73 95 0.078470
73 96 0.078469
73 97 0.078470
73 98 0.078468
73 99 0.078471

74 0 0.078471
74 1 0.078467
74 2 0.078470
74 3 0.078468
74 4 0.078469
74 5 0.078468
74 6 0.078469
74 7 0.078468
74 8 0.078469
74 9 0.078468
74 10 0.078468
74 11 0.078468
74 12 0.078468
74 13 0.078468
74 14 0.078468
74 15 0.078468
74 16 0.078468
74 17 0.078468
74 18 0.078468
74 19 0.078468
74 20 0.078468
74 21 0.078468
74 22 0.078468
74 23 0.078468
74 24 0.078468
74 25 0.078468
74 26 0.078468
74 27 0.078468
74 28 0.078469
74 29 0.078469
74 30 0.078469
74 31 0.078469
74 32 0.078469
74 33 0.078469
74 34 0.078469
74 35 0.078469
74 36 0.078469
74 37 0.078469
74 38 0.078469
74 39 0.078469
74 40 0.078469
74 41 0.078469
74 42 0.078469
74 43 0.078469
74 44 0.078469
74 45 0.078469
74 46 0.078469
74 47 0.078469
74 48 0.078469
74 49 0.078469
74 50 0.078469
74 51 0.078469
74 52 0.078469
74 53 0.078469
74 54 0.078469
74 55 0.078469
74 56 0.078469
74 57 0.078469
74 58 0.078469
74 59 0.078469
74 60 0.078469
74 61 0.078469
74 62 0.078469
74 63 0.078469
74 64 0.078469
74 65 0.078469
74 66 0.078469
74 67 0.078469
74 68 0.078469
74 69 0.078469
74 70 0.078469
74 71 0.078469
74 72 0.078469
74 73 0.078469
74 74 0.078469
74 75 0.078469
74 76 0.078469
74 77 0.078469
74 78 0.078469
74 79 0.078469
74 80 0.078469
74 81 0.078469
74 82 0.078469
74 83 0.078469
74 84 0.078469
74 85 0.078469
74 86 0.078469
74 87 0.078469
74 88 0.078469
74 89 0.078469
74 90 0.078469
74 91 0.078469
74 92 0.078469
74 93 0.078469
74 94 0.078469
74 95 0.078470
74 96 0.078469
74 97 0.078470
74 98 0.078468
74 99 0.078472

75 0 0.078472
75 1 0.078467
75 2 0.078470
75 3 0.078468
75 4 0.078469
75 5 0.078468
75 6 0.078469
75 7 0.078469
75 8 0.078469
75 9 0.078468
75 10 0.078468
75 11 0.078468
75 12 0.078468
75 13 0.078468
75 14 0.078468
75 15 0.078468
75 16 0.078468
75 17 0.078468
75 18 0.078468
75 19 0.078468
75 20 0.078468
75 21 0.078468
75 22 0.078468
75 23 0.078468
75 24 0.078468
75 25 0.078468
75 26 0.078468
75 27 0.078468
75 28 0.078469
75 29 0.078469
75 30 0.078469
75 31 0.078469
75 32 0.078469
75 33 0.078469
75 34 0.078469
75 35 0.078469
75 36 0.078469
75 37 0.078469
75 38 0.078469
75 39 0.078469
75 40 0.078469
75 41 0.078469
75 42 0.078469
75 43 0.078469
75 44 0.078469
75 45 0.078469
75 46 0.078469
75 47 0.078469
75 48 0.078469
75 49 0.078469
75 50 0.078469
75 51 0.078469
75 52 0.078469
75 53 0.078469
75 54 0.078469
75 55 0.078469
75 56 0.078469
75 57 0.078469
75 58 0.078469
75 59 0.078469
75 60 0.078469
75 61 0.078469
75 62 0.078469
75 63 0.078469
75 64 0.078469
75 65 0.078469
75 66 0.078469
75 67 0.078469
75 68 0.078469
75 69 0.078469
75 70 0.078469
75 71 0.078469
75 72 0.078469
75 73 0.078469
75 74 0.078469
75 75 0.078469
75 76 0.078469
75 77 0.078469
75 78 0.078469
75 79 0.078469
75 80 0.078469
75 81 0.078469
75 82 0.078469
75 83 0.078469
75 84 0.078469
75 85 0.078469
75 86 0.078469
75 87 0.078469
75 88 0.078469
75 89 0.078469
75 90 0.078469
75 91 0.078469
75 92 0.078469
75 93 0.078469
75 94 0.078469
75 95 0.078470
75 96 0.078469
75 97 0.078471
75 98 0.078468
75 99 0.078472

76 0 0.078472
76 1 0.078468
76 2 0.078470
76 3 0.078468
76 4 0.078469
76 5 0.078469
76 6 0.078469
76 7 0.078469
76 8 0.078469
76 9 0.078468
76 10 0.078468
76 11 0.078468
76 12 0.078468
76 13 0.078468
76 14 0.078468
76 15 0.078468
76 16 0.078468
76 17 0.078468
76 18 0.078468
76 19 0.078468
76 20 0.078468
76 21 0.078468
76 22 0.078468
76 23 0.078468
76 24 0.078468
76 25 0.078468
76 26 0.078468
76 27 0.078469
76 28 0.078469
76 29 0.078469
76 30 0.078469
76 31 0.078469
76 32 0.078469
76 33 0.078469
76 34 0.078469
76 35 0.078469
76 36 0.078469
76 37 0.078469
76 38 0.078469
76 39 0.078469
76 40 0.078469
76 41 0.078469
76 42 0.078469
76 43 0.078469
76 44 0.078469
76 45 0.078469
76 46 0.078469
76 47 0.078469
76 48 0.078469
76 49 0.078469
76 50 0.078469
76 51 0.078469
76 52 0.078469
76 53 0.078469
76 54 0.078469
76 55 0.078469
76 56 0.078469
76 57 0.078469
76 58 0.078469
76 59 0.078469
76 60 0.078469
76 61 0.078469
76 62 0.078469
76 63 0.078469
76 64 0.078469
76 65 0.078469
76 66 0.078469
76 67 0.078469
76 68 0.078469
76 69 0.078469
76 70 0.078469
76 71 0.078469
76 72 0.078469
76 73 0.078469
76 74 0.078469
76 75 0.078469
76 76 0.078469
76 77 0.078469
76 78 0.078469
76 79 0.078469
76 80 0.078469
76 81 0.078469
76 82 0.078469
76 83 0.078469
76 84 0.078469
76 85 0.078469
76 86 0.078469
76 87 0.078469
76 88 0.078469
76 89 0.078469
76 90 0.078469
76 91 0.078469
76 92 0.078469
76 93 0.078470
76 94 0.078469
76 95 0.078470
76 96 0.078469
76 97 0.078471
76 98 0.078468
76 99 0.078472

77 0 0.078472
77 1 0.078468
77 2 0.078470
77 3 0.078468
77 4 0.078470
77 5 0.078469
77 6 0.078469
77 7 0.078469
77 8 0.078469
77 9 0.078469
77 10 0.078469
77 11 0.078468
77 12 0.078468
77 13 0.078468
77 14 0.078468
77 15 0.078468
77 16 0.078468
77 17 0.078468
77 18 0.078468
77 19 0.078468
77 20 0.078468
77 21 0.078468
77 22 0.078468
77 23 0.078468
77 24 0.078468
77 25 0.078468
77 26 0.078468
77 27 0.078469
77 28 0.078469
77 29 0.078469
77 30 0.078469
77 31 0.078469
77 32 0.078469
77 33 0.078469
77 34 0.078469
77 35 0.078469
77 36 0.078469
77 37 0.078469
77 38 0.078469
77 39 0.078469
77 40 0.078469
77 41 0.078469
77 42 0.078469
77 43 0.078469
77 44 0.078469
77 45 0.078469
77 46 0.078469
77 47 0.078469
77 48 0.078469
77 49 0.078469
77 50 0.078469
77 51 0.078469
77 52 0.078469
77 53 0.078469
77 54 0.078469
77 55 0.078469
77 56 0.078469
77 57 0.078469
77 58 0.078469
77 59 0.078469
77 60 0.078469
77 61 0.078469
77 62 0.078469
77 63 0.078469
77 64 0.078469
77 65 0.078469
77 66 0.078469
77 67 0.078469
77 68 0.078469
77 69 0.078469
77 70 0.078469
77 71 0.078469
77 72 0.078469
77 73 0.078469
77 74 0.078469
77 75 0.078469
77 76 0.078469
77 77 0.078469
77 78 0.078469
77 79 0.078469
77 80 0.078469
77 81 0.078469
77 82 0.078469
77 83 0.078469
77 84 0.078469
77 85 0.078469
77 86 0.078469
77 87 0.078469
77 88 0.078469
77 89 0.078469
77 90 0.078469
77 91 0.078469
77 92 0.078469
77 93 0.078470
77 94 0.078469
77 95 0.078470
77 96 0.078469
77 97 0.078471
77 98 0.078468
77 99 0.078473

78 0 0.078472
78 1 0.078468
78 2 0.078471
78 3 0.078469
78 4 0.078470
78 5 0.078469
78 6 0.078469
78 7 0.078469
78 8 0.078469
78 9 0.078469
78 10 0.078469
78 11 0.078469
78 12 0.078469
78 13 0.078469
78 14 0.078469
78 15 0.078468
78 16 0.078468
78 17 0.078468
78 18 0.078468
78 19 0.078468
78 20 0.078468
78 21 0.078468
78 22 0.078468
78 23 0.078468
78 24 0.078468
78 25 0.078468
78 26 0.078469
78 27 0.078469
78 28 0.078469
78 29 0.078469
78 30 0.078469
78 31 0.078469
78 32 0.078469
78 33 0.078469
78 34 0.078469
78 35 0.078469
78 36 0.078469
78 37 0.078469
78 38 0.078469
78 39 0.078469
78 40 0.078469
78 41 0.078469
78 42 0.078469
78 43 0.078469
78 44 0.078469
78 45 0.078469
78 46 0.078469
78 47 0.078469
78 48 0.078469
78 49 0.078469
78 50 0.078469
78 51 0.078469
78 52 0.078469
78 53 0.078469
78 54 0.078469
78 55 0.078469
78 56 0.078469
78 57 0.078469
78 58 0.078469
78 59 0.078469
78 60 0.078469
78 61 0.078469
78 62 0.078469
78 63 0.078469
78 64 0.078469
78 65 0.078469
78 66 0.078469
78 67 0.078469
78 68 0.078469
78 69 0.078469
78 70 0.078469
78 71 0.078469
78 72 0.078469
78 73 0.078469
78 74 0.078469
78 75 0.078469
78 76 0.078469
78 77 0.078469
78 78 0.078469
78 79 0.078469
78 80 0.078469
78 81 0.078469
78 82 0.078469
78 83 0.078469
78 84 0.078469
78 85 0.078469
78 86 0.078469
78 87 0.078469
78 88 0.078469
78 89 0.078469
78 90 0.078469
78 91 0.078470
78 92 0.078470
78 93 0.078470
78 94 0.078469
78 95 0.078470
78 96 0.078469
78 97 0.078471
78 98 0.078468
78 99 0.078473

79 0 0.078473
79 1 0.078468
79 2 0.078471
79 3 0.078469
79 4 0.078470
79 5 0.078469
79 6 0.078469
79 7 0.078469
79 8 0.078469
79 9 0.078469
79 10 0.078469
79 11 0.078469
79 12 0.078469
79 13 0.078469
79 14 0.078469
79 15 0.078468
79 16 0.078468
79 17 0.078468
79 18 0.078468
79 19 0.078468
79 20 0.078468
79 21 0.078468
79 22 0.078468
79 23 0.078468
79 24 0.078468
79 25 0.078469
79 26 0.078469
79 27 0.078469
79 28 0.078469
79 29 0.078469
79 30 0.078469
79 31 0.078469
79 32 0.078469
79 33 0.078469
79 34 0.078469
79 35 0.078469
79 36 0.078469
79 37 0.078469
79 38 0.078469
79 39 0.078469
79 40 0.078469
79 41 0.078469
79 42 0.078469
79 43 0.078469
79 44 0.078469
79 45 0.078469
79 46 0.078469
79 47 0.078469
79 48 0.078469
79 49 0.078469
79 50 0.078469
79 51 0.078469
79 52 0.078469
79 53 0.078469
79 54 0.078469
79 55 0.078469
79 56 0.078469
79 57 0.078469
79 58 0.078469
79 59 0.078469
79 60 0.078469
79 61 0.078469
79 62 0.078469
79 63 0.078469
79 64 0.078469
79 65 0.078469
79 66 0.078469
79 67 0.078469
79 68 0.078469
79 69 0.078469
79 70 0.078469
79 71 0.078469
79 72 0.078469
79 73 0.078469
79 74 0.078469
79 75 0.078469
79 76 0.078469
79 77 0.078469
79 78 0.078469
79 79 0.078469
79 80 0.078469
79 81 0.078469
79 82 0.078469
79 83 0.078469
79 84 0.078469
79 85 0.078469
79 86 0.078469
79 87 0.078469
79 88 0.078469
79 89 0.078469
79 90 0.078470
79 91 0.078470
79 92 0.078470
79 93 0.078470
79 94 0.078470
79 95 0.078470
79 96 0.078469
79 97 0.078471
79 98 0.078468
79 99 0.078473

80 0 0.078473
80 1 0.078468
80 2 0.078471
80 3 0.078469
80 4 0.078470
80 5 0.078469
80 6 0.078469
80 7 0.078469
80 8 0.078469
80 9 0.078469
80 10 0.078469
80 11 0.078469
80 12 0.078469
80 13 0.078469
80 14 0.078469
80 15 0.078469
80 16 0.078468
80 17 0.078468
80 18 0.078468
80 19 0.078468
80 20 0.078468
80 21 0.078468
80 22 0.078468
80 23 0.078469
80 24 0.078469
80 25 0.078469
80 26 0.078469
80 27 0.078469
80 28 0.078469
80 29 0.078469
80 30 0.078469
80 31 0.078469
80 32 0.078469
80 33 0.078469
80 34 0.078469
80 35 0.078469
80 36 0.078469
80 37 0.078469
80 38 0.078469
80 39 0.078469
80 40 0.078469
80 41 0.078469
80 42 0.078469
80 43 0.078469
80 44 0.078469
80 45 0.078469
80 46 0.078469
80 47 0.078469
80 48 0.078469
80 49 0.078469
80 50 0.078469
80 51 0.078469
80 52 0.078469
80 53 0.078469
80 54 0.078469
80 55 0.078469
80 56 0.078469
80 57 0.078469
80 58 0.078469
80 59 0.078469
80 60 0.078469
80 61 0.078469
80 62 0.078469
80 63 0.078469
80 64 0.078469
80 65 0.078469
80 66 0.078469
80 67 0.078469
80 68 0.078469
80 69 0.078469
80 70 0.078469
80 71 0.078469
80 72 0.078469
80 73 0.078469
80 74 0.078469
80 75 0.078469
80 76 0.078469
80 77 0.078469
80 78 0.078469
80 79 0.078469
80 80 0.078469
80 81 0.078469
80 82 0.078469
80 83 0.078469
80 84 0.078469
80 85 0.078469
80 86 0.078469
80 87 0.078469
80 88 0.078469
80 89 0.078470
80 90 0.078470
80 91 0.078470
80 92 0.078470
80 93 0.078470
80 94 0.078470
80 95 0.078471
80 96 0.078469
80 97 0.078472
80 98 0.078468
80 99 0.078474

81 0 0.078473
81 1 0.078468
81 2 0.078471
81 3 0.078469
81 4 0.078470
81 5 0.078469
81 6 0.078469
81 7 0.078469
81 8 0.078469
81 9 0.078469
81 10 0.078469
81 11 0.078469
81 12 0.078469
81 13 0.078469
81 14 0.078469
81 15 0.078469
81 16 0.078468
81 17 0.078468
81 18 0.078468
81 19 0.078468
81 20 0.078468
81 21 0.078469
81 22 0.078469
81 23 0.078469
81 24 0.078469
81 25 0.078469
81 26 0.078469
81 27 0.078469
81 28 0.078469
81 29 0.078469
81 30 0.078469
81 31 0.078469
81 32 0.078469
81 33 0.078469
81 34 0.078469
81 35 0.078469
81 36 0.078469
81 37 0.078469
81 38 0.078469
81 39 0.078469
81 40 0.078469
81 41 0.078469
81 42 0.078469
81 43 0.078469
81 44 0.078469
81 45 0.078469
81 46 0.078469
81 47 0.078469
81 48 0.078469
81 49 0.078469
81 50 0.078469
81 51 0.078469
81 52 0.078469
81 53 0.078469
81 54 0.078469
81 55 0.078469
81 56 0.078469
81 57 0.078469
81 58 0.078469
81 59 0.078469
81 60 0.078469
81 61 0.078469
81 62 0.078469
81 63 0.078469
81 64 0.078469
81 65 0.078469
81 66 0.078469
81 67 0.078469
81 68 0.078469
81 69 0.078469
81 70 0.078469
81 71 0.078469
81 72 0.078469
81 73 0.078469
81 74 0.078469
81 75 0.078469
81 76 0.078469
81 77 0.078469
81 78 0.078469
81 79 0.078469
81 80 0.078469
81 81 0.078469
81 82 0.078469
81 83 0.078469
81 84 0.078469
81 85 0.078469
81 86 0.078469
81 87 0.078469
81 88 0.078470
81 89 0.078470
81 90 0.078470
81 91 0.078470
81 92 0.078470
81 93 0.078470
81 94 0.078470
81 95 0.078471
81 96 0.078469
81 97 0.078472
81 98 0.078469
81 99 0.078474

82 0 0.078474
82 1 0.078468
82 2 0.078471
82 3 0.078469
82 4 0.078470
82 5 0.078469
82 6 0.078470
82 7 0.078469
82 8 0.078469
82 9 0.078469
82 10 0.078469
82 11 0.078469
82 12 0.078469
82 13 0.078469
82 14 0.078469
82 15 0.078469
82 16 0.078469
82 17 0.078469
82 18 0.078469
82 19 0.078469
82 20 0.078469
82 21 0.078469
82 22 0.078469
82 23 0.078469
82 24 0.078469
82 25 0.078469
82 26 0.078469
82 27 0.078469
82 28 0.078469
82 29 0.078469
82 30 0.078469
82 31 0.078469
82 32 0.078469
82 33 0.078469
82 34 0.078469
82 35 0.078469
82 36 0.078469
82 37 0.078469
82 38 0.078469
82 39 0.078469
82 40 0.078469
82 41 0.078469
82 42 0.078469
82 43 0.078469
82 44 0.078469
82 45 0.078469
82 46 0.078469
82 47 0.078469
82 48 0.078469
82 49 0.078469
82 50 0.078469
82 51 0.078469
82 52 0.078469
82 53 0.078469
82 54 0.078469
82 55 0.078469
82 56 0.078469
82 57 0.078469
82 58 0.078469
82 59 0.078469
82 60 0.078469
82 61 0.078469
82 62 0.078469
82 63 0.078469
82 64 0.078469
82 65 0.078469
82 66 0.078469
82 67 0.078469
82 68 0.078469
82 69 0.078469
82 70 0.078469
82 71 0.078469
82 72 0.078469
82 73 0.078469
82 74 0.078469
82 75 0.078469
82 76 0.078469
82 77 0.078469
82 78 0.078469
82 79 0.078469
82 80 0.078469
82 81 0.078469
82 82 0.078469
82 83 0.078469
82 84 0.078469
82 85 0.078469
82 86 0.078469
82 87 0.078470
82 88 0.078470
82 89 0.078470
82 90 0.078470
82 91 0.078470
82 92 0.078470
82 93 0.078470
82 94 0.078470
82 95 0.078471
82 96 0.078470
82 97 0.078472
82 98 0.078469
82 99 0.078474

83 0 0.078474
83 1 0.078468
83 2 0.078471
83 3 0.078469
83 4 0.078470
83 5 0.078469
83 6 0.078470
83 7 0.078469
83 8 0.078470
83 9 0.078469
83 10 0.078469
83 11 0.078469
83 12 0.078469
83 13 0.078469
83 14 0.078469
83 15 0.078469
83 16 0.078469
83 17 0.078469
83 18 0.078469
83 19 0.078469
83 20 0.078469
83 21 0.078469
83 22 0.078469
83 23 0.078469
83 24 0.078469
83 25 0.078469
83 26 0.078469
83 27 0.078469
83 28 0.078469
83 29 0.078469
83 30 0.078469
83 31 0.078469
83 32 0.078469
83 33 0.078469
83 34 0.078469
83 35 0.078469
83 36 0.078469
83 37 0.078469
83 38 0.078469
83 39 0.078469
83 40 0.078469
83 41 0.078469
83 42 0.078469
83 43 0.078469
83 44 0.078469
83 45 0.078469
83 46 0.078469
83 47 0.078469
83 48 0.078469
83 49 0.078469
83 50 0.078469
83 51 0.078469
83 52 0.078469
83 53 0.078469
83 54 0.078469
83 55 0.078469
83 56 0.078469
83 57 0.078469
83 58 0.078469
83 59 0.078469
83 60 0.078469
83 61 0.078469
83 62 0.078469
83 63 0.078469
83 64 0.078469
83 65 0.078469
83 66 0.078469
83 67 0.078469
83 68 0.078469
83 69 0.078469
83 70 0.078469
83 71 0.078469
83 72 0.078469
83 73 0.078469
83 74 0.078469
83 75 0.078469
83 76 0.078469
83 77 0.078469
83 78 0.078469
83 79 0.078469
83 80 0.078469
83 81 0.078469
83 82 0.078469
83 83 0.078469
83 84 0.078469
83 85 0.078469
83 86 0.078470
83 87 0.078470
83 88 0.078470
83 89 0.078470
83 90 0.078470
83 91 0.078470
83 92 0.078470
83 93 0.078470
83 94 0.078470
83 95 0.078471
83 96 0.078470
83 97 0.078472
83 98 0.078469
83 99 0.078474

84 0 0.078474
84 1 0.078468
84 2 0.078472
84 3 0.078469
84 4 0.078470
84 5 0.078470
84 6 0.078470
84 7 0.078470
84 8 0.078470
84 9 0.078469
84 10 0.078469
84 11 0.078469
84 12 0.078469
84 13 0.078469
84 14 0.078469
84 15 0.078469
84 16 0.078469
84 17 0.078469
84 18 0.078469
84 19 0.078469
84 20 0.078469
84 21 0.078469
84 22 0.078469
84 23 0.078469
84 24 0.078469
84 25 0.078469
84 26 0.078469
84 27 0.078469
84 28 0.078469
84 29 0.078469
84 30 0.078469
84 31 0.078469
84 32 0.078469
84 33 0.078469
84 34 0.078469
84 35 0.078469
84 36 0.078469
84 37 0.078469
84 38 0.078469
84 39 0.078469
84 40 0.078469
84 41 0.078469
84 42 0.078469
84 43 0.078469
84 44 0.078469
84 45 0.078469
84 46 0.078469
84 47 0.078469
84 48 0.078469
84 49 0.078469
84 50 0.078469
84 51 0.078469
84 52 0.078469
84 53 0.078469
84 54 0.078469
84 55 0.078469
84 56 0.078469
84 57 0.078469
84 58 0.078469
84 59 0.078469
84 60 0.078469
84 61 0.078469
84 62 0.078469
84 63 0.078469
84 64 0.078469
84 65 0.078469
84 66 0.078469
84 67 0.078469
84 68 0.078469
84 69 0.078469
84 70 0.078469
84 71 0.078469
84 72 0.078469
84 73 0.078469
84 74 0.078469
84 75 0.078469
84 76 0.078469
84 77 0.078469
84 78 0.078469
84 79 0.078469
84 80 0.078469
84 81 0.078469
84 82 0.078469
84 83 0.078469
84 84 0.078469
84 85 0.078470
84 86 0.078470
84 87 0.078470
84 88 0.078470
84 89 0.078470
84 90 0.078470
84 91 0.078470
84 92 0.078470
84 93 0.078471
84 94 0.078470
84 95 0.078471
84 96 0.078470
84 97 0.078472
84 98 0.078469
84 99 0.078474

85 0 0.078474
85 1 0.078468
85 2 0.078472
85 3 0.078469
85 4 0.078471
85 5 0.078470
85 6 0.078470
85 7 0.078470
85 8 0.078470
85 9 0.078469
85 10 0.078469
85 11 0.078469
85 12 0.078469
85 13 0.078469
85 14 0.078469
85 15 0.078469
85 16 0.078469
85 17 0.078469
85 18 0.078469
85 19 0.078469
85 20 0.078469
85 21 0.078469
85 22 0.078469
85 23 0.078469
85 24 0.078469
85 25 0.078469
85 26 0.078469
85 27 0.078469
85 28 0.078469
85 29 0.078469
85 30 0.078469
85 31 0.078469
85 32 0.078469
85 33 0.078469
85 34 0.078469
85 35 0.078469
85 36 0.078469
85 37 0.078469
85 38 0.078469
85 39 0.078469
85 40 0.078469
85 41 0.078469
85 42 0.078469
85 43 0.078469
85 44 0.078469
85 45 0.078469
85 46 0.078469
85 47 0.078469
85 48 0.078469
85 49 0.078469
85 50 0.078469
85 51 0.078469
85 52 0.078469
85 53 0.078469
85 54 0.078469
85 55 0.078469
85 56 0.078469
85 57 0.078469
85 58 0.078469
85 59 0.078469
85 60 0.078469
85 61 0.078469
85 62 0.078469
85 63 0.078469
85 64 0.078469
85 65 0.078469
85 66 0.078469
85 67 0.078469
85 68 0.078469
85 69 0.078469
85 70 0.078469
85 71 0.078469
85 72 0.078469
85 73 0.078469
85 74 0.078469
85 75 0.078469
85 76 0.078469
85 77 0.078469
85 78 0.078469
85 79 0.078469
85 80 0.078469
85 81 0.078469
85 82 0.078469
85 83 0.078469
85 84 0.078470
85 85 0.078470
85 86 0.078470
85 87 0.078470
85 88 0.078470
85 89 0.078470
85 90 0.078470
85 91 0.078470
85 92 0.078470
85 93 0.078471
85 94 0.078470
85 95 0.078471
85 96 0.078470
85 97 0.078472
85 98 0.078469
85 99 0.078475

86 0 0.078474
86 1 0.078468
86 2 0.078472
86 3 0.078470
86 4 0.078471
86 5 0.078470
86 6 0.078470
86 7 0.078470
86 8 0.078470
86 9 0.078470
86 10 0.078469
86 11 0.078469
86 12 0.078469
86 13 0.078469
86 14 0.078469
86 15 0.078469
86 16 0.078469
86 17 0.078469
86 18 0.078469
86 19 0.078469
86 20 0.078469
86 21 0.078469
86 22 0.078469
86 23 0.078469
86 24 0.078469
86 25 0.078469
86 26 0.078469
86 27 0.078469
86 28 0.078469
86 29 0.078469
86 30 0.078469
86 31 0.078469
86 32 0.078469
86 33 0.078469
86 34 0.078469
86 35 0.078469
86 36 0.078469
86 37 0.078469
86 38 0.078469
86 39 0.078469
86 40 0.078469
86 41 0.078469
86 42 0.078469
86 43 0.078469
86 44 0.078469
86 45 0.078469
86 46 0.078469
86 47 0.078469
86 48 0.078469
86 49 0.078469
86 50 0.078469
86 51 0.078469
86 52 0.078469
86 53 0.078469
86 54 0.078469
86 55 0.078469
86 56 0.078469
86 57 0.078469
86 58 0.078469
86 59 0.078469
86 60 0.078469
86 61 0.078469
86 62 0.078469
86 63 0.078469
86 64 0.078469
86 65 0.078469
86 66 0.078469
86 67 0.078469
86 68 0.078469
86 69 0.078469
86 70 0.078469
86 71 0.078469
86 72 0.078469
86 73 0.078469
86 74 0.078469
86 75 0.078469
86 76 0.078469
86 77 0.078469
86 78 0.078469
86 79 0.078469
86 80 0.078469
86 81 0.078469
86 82 0.078469
86 83 0.078470
86 84 0.078470
86 85 0.078470
86 86 0.078470
86 87 0.078470
86 88 0.078470
86 89 0.078470
86 90 0.078470
86 91 0.078470
86 92 0.078470
86 93 0.078471
86 94 0.078470
86 95 0.078471
86 96 0.078470
86 97 0.078473
86 98 0.078469
86 99 0.078475

87 0 0.078474
87 1 0.078469
87 2 0.078472
87 3 0.078470
87 4 0.078471
87 5 0.078470
87 6 0.078470
87 7 0.078470
87 8 0.078470
87 9 0.078470
87 10 0.078469
87 11 0.078469
87 12 0.078469
87 13 0.078469
87 14 0.078469
87 15 0.078469
87 16 0.078469
87 17 0.078469
87 18 0.078469
87 19 0.078469
87 20 0.078469
87 21 0.078469
87 22 0.078469
87 23 0.078469
87 24 0.078469
87 25 0.078469
87 26 0.078469
87 27 0.078469
87 28 0.078469
87 29 0.078469
87 30 0.078469
87 31 0.078469
87 32 0.078469
87 33 0.078469
87 34 0.078469
87 35 0.078469
87 36 0.078469
87 37 0.078469
87 38 0.078469
87 39 0.078469
87 40 0.078469
87 41 0.078469
87 42 0.078469
87 43 0.078469
87 44 0.078469
87 45 0.078469
87 46 0.078469
87 47 0.078469
87 48 0.078469
87 49 0.078469
87 50 0.078469
87 51 0.078469
87 52 0.078469
87 53 0.078469
87 54 0.078469
87 55 0.078469
87 56 0.078469
87 57 0.078469
87 58 0.078469
87 59 0.078469
87 60 0.078469
87 61 0.078469
87 62 0.078469
87 63 0.078469
87 64 0.078469
87 65 0.078469
87 66 0.078469
87 67 0.078469
87 68 0.078469
87 69 0.078469
87 70 0.078469
87 71 0.078469
87 72 0.078469
87 73 0.078469
87 74 0.078469
87 75 0.078469
87 76 0.078469
87 77 0.078469
87 78 0.078469
87 79 0.078469
87 80 0.078469
87 81 0.078469
87 82 0.078470
87 83 0.078470
87 84 0.078470
87 85 0.078470
87 86 0.078470
87 87 0.078470
87 88 0.078470
87 89 0.078470
87 90 0.078470
87 91 0.078471
87 92 0.078471
87 93 0.078471
87 94 0.078471
87 95 0.078472
87 96 0.078470
87 97 0.078473
87 98 0.078469
87 99 0.078475

88 0 0.078474
88 1 0.078469
88 2 0.078472
88 3 0.078470
88 4 0.078471
88 5 0.078470
88 6 0.078470
88 7 0.078470
88 8 0.078470
88 9 0.078470
88 10 0.078470
88 11 0.078470
88 12 0.078470
88 13 0.078470
88 14 0.078469
88 15 0.078469
88 16 0.078469
88 17 0.078469
88 18 0.078469
88 19 0.078469
88 20 0.078469
88 21 0.078469
88 22 0.078469
88 23 0.078469
88 24 0.078469
88 25 0.078469
88 26 0.078469
88 27 0.078469
88 28 0.078469
88 29 0.078469
88 30 0.078469
88 31 0.078469
88 32 0.078469
88 33 0.078469
88 34 0.078469
88 35 0.078469
88 36 0.078469
88 37 0.078469
88 38 0.078469
88 39 0.078469
88 40 0.078469
88 41 0.078469
88 42 0.078469
88 43 0.078469
88 44 0.078469
88 45 0.078469
88 46 0.078469
88 47 0.078469
88 48 0.078469
88 49 0.078469
88 50 0.078469
88 51 0.078469
88 52 0.078469
88 53 0.078469
88 54 0.078469
88 55 0.078469
88 56 0.078469
88 57 0.078469
88 58 0.078469
88 59 0.078469
88 60 0.078469
88 61 0.078469
88 62 0.078469
88 63 0.078469
88 64 0.078469
88 65 0.078469
88 66 0.078469
88 67 0.078469
88 68 0.078469
88 69 0.078469
88 70 0.078469
88 71 0.078469
88 72 0.078469
88 73 0.078469
88 74 0.078469
88 75 0.078469
88 76 0.078469
88 77 0.078469
88 78 0.078469
88 79 0.078469
88 80 0.078470
88 81 0.078470
88 82 0.078470
88 83 0.078470
88 84 0.078470
88 85 0.078470
88 86 0.078470
88 87 0.078470
88 88 0.078470
88 89 0.078470
88 90 0.078470
88 91 0.078471
88 92 0.078471
88 93 0.078471
88 94 0.078471
88 95 0.078472
88 96 0.078470
88 97 0.078473
88 98 0.078470
88 99 0.078475

89 0 0.078475
89 1 0.078469
89 2 0.078473
89 3 0.078470
89 4 0.078471
89 5 0.078470
89 6 0.078471
89 7 0.078470
89 8 0.078470
89 9 0.078470
89 10 0.078470
89 11 0.078470
89 12 0.078470
89 13 0.078470
89 14 0.078470
89 15 0.078470
89 16 0.078469
89 17 0.078469
89 18 0.078469
89 19 0.078469
89 20 0.078469
89 21 0.078469
89 22 0.078469
89 23 0.078469
89 24 0.078469
89 25 0.078469
89 26 0.078469
89 27 0.078469
89 28 0.078469
89 29 0.078469
89 30 0.078469
89 31 0.078469
89 32 0.078469
89 33 0.078469
89 34 0.078469
89 35 0.078469
89 36 0.078469
89 37 0.078469
89 38 0.078469
89 39 0.078469
89 40 0.078469
89 41 0.078469
89 42 0.078469
89 43 0.078469
89 44 0.078469
89 45 0.078469
89 46 0.078469
89 47 0.078469
89 48 0.078469
89 49 0.078469
89 50 0.078469
89 51 0.078469
89 52 0.078469
89 53 0.078469
89 54 0.078469
89 55 0.078469
89 56 0.078469
89 57 0.078469
89 58 0.078469
89 59 0.078469
89 60 0.078469
89 61 0.078469
89 62 0.078469
89 63 0.078469
89 64 0.078469
89 65 0.078469
89 66 0.078469
89 67 0.078469
89 68 0.078469
89 69 0.078469
89 70 0.078469
89 71 0.078469
89 72 0.078469
89 73 0.078469
89 74 0.078469
89 75 0.078469
89 76 0.078469
89 77 0.078469
89 78 0.078469
89 79 0.078470
89 80 0.078470
89 81 0.078470
89 82 0.078470
89 83 0.078470
89 84 0.078470
89 85 0.078470
89 86 0.078470
89 87 0.078470
89 88 0.078470
89 89 0.078470
89 90 0.078471
89 91 0.078471
89 92 0.078471
89 93 0.078471
89 94 0.078471
89 95 0.078472
89 96 0.078471
89 97 0.078473
89 98 0.078470
89 99 0.078475

90 0 0.078475
90 1 0.078469
90 2 0.078473
90 3 0.078470
90 4 0.078471
90 5 0.078470
90 6 0.078471
90 7 0.078470
90 8 0.078470
90 9 0.078470
90 10 0.078470
90 11 0.078470
90 12 0.078470
90 13 0.078470
90 14 0.078470
90 15 0.078470
90 16 0.078469
90 17 0.078469
90 18 0.078469
90 19 0.078469
90 20 0.078469
90 21 0.078469
90 22 0.078469
90 23 0.078469
90 24 0.078469
90 25 0.078469
90 26 0.078469
90 27 0.078469
90 28 0.078469
90 29 0.078469
90 30 0.078469
90 31 0.078469
90 32 0.078469
90 33 0.078469
90 34 0.078469
90 35 0.078469
90 36 0.078469
90 37 0.078469
90 38 0.078469
90 39 0.078469
90 40 0.078469
90 41 0.078469
90 42 0.078469
90 43 0.078469
90 44 0.078469
90 45 0.078469
90 46 0.078469
90 47 0.078469
90 48 0.078469
90 49 0.078469
90 50 0.078469
90 51 0.078469
90 52 0.078469
90 53 0.078469
90 54 0.078469
90 55 0.078469
90 56 0.078469
90 57 0.078469
90 58 0.078469
90 59 0.078469
90 60 0.078469
90 61 0.078469
90 62 0.078469
90 63 0.078469
90 64 0.078469
90 65 0.078469
90 66 0.078469
90 67 0.078469
90 68 0.078469
90 69 0.078469
90 70 0.078469
90 71 0.078469
90 72 0.078469
90 73 0.078469
90 74 0.078469
90 75 0.078469
90 76 0.078469
90 77 0.078469
90 78 0.078470
90 79 0.078470
90 80 0.078470
90 81 0.078470
90 82 0.078470
90 83 0.078470
90 84 0.078470
90 85 0.078470
90 86 0.078470
90 87 0.078470
90 88 0.078470
90 89 0.078471
90 90 0.078471
90 91 0.078471
90 92 0.078471
90 93 0.078471
90 94 0.078471
90 95 0.078472
90 96 0.078471
90 97 0.078473
90 98 0.078470
90 99 0.078475

91 0 0.078475
91 1 0.078470
91 2 0.078473
91 3 0.078470
91 4 0.078472
91 5 0.078471
91 6 0.078471
91 7 0.078470
91 8 0.078470
91 9 0.078470
91 10 0.078470
91 11 0.078470
91 12 0.078470
91 13 0.078470
91 14 0.078470
91 15 0.078470
91 16 0.078470
91 17 0.078469
91 18 0.078469
91 19 0.078469
91 20 0.078469
91 21 0.078470
91 22 0.078470
91 23 0.078470
91 24 0.078470
91 25 0.078469
91 26 0.078469
91 27 0.078469
91 28 0.078469
91 29 0.078469
91 30 0.078469
91 31 0.078469
91 32 0.078470
91 33 0.078470
91 34 0.078470
91 35 0.078470
91 36 0.078470
91 37 0.078470
91 38 0.078469
91 39 0.078469
91 40 0.078469
91 41 0.078469
91 42 0.078469
91 43 0.078469
91 44 0.078469
91 45 0.078469
91 46 0.078469
91 47 0.078469
91 48 0.078469
91 49 0.078469
91 50 0.078469
91 51 0.078469
91 52 0.078469
91 53 0.078469
91 54 0.078469
91 55 0.078469
91 56 0.078469
91 57 0.078469
91 58 0.078469
91 59 0.078469
91 60 0.078469
91 61 0.078469
91 62 0.078469
91 63 0.078469
91 64 0.078469
91 65 0.078469
91 66 0.078469
91 67 0.078469
91 68 0.078469
91 69 0.078469
91 70 0.078469
91 71 0.078469
91 72 0.078469
91 73 0.078469
91 74 0.078469
91 75 0.078469
91 76 0.078470
91 77 0.078470
91 78 0.078470
91 79 0.078470
91 80 0.078470
91 81 0.078470
91 82 0.078470
91 83 0.078470
91 84 0.078470
91 85 0.078470
91 86 0.078470
91 87 0.078471
91 88 0.078471
91 89 0.078471
91 90 0.078471
91 91 0.078471
91 92 0.078471
91 93 0.078471
91 94 0.078471
91 95 0.078472
91 96 0.078471
91 97 0.078473
91 98 0.078470
91 99 0.078476

92 0 0.078475
92 1 0.078470
92 2 0.078473
92 3 0.078470
92 4 0.078471
92 5 0.078471
92 6 0.078471
92 7 0.078470
92 8 0.078471
92 9 0.078470
92 10 0.078470
92 11 0.078470
92 12 0.078470
92 13 0.078470
92 14 0.078470
92 15 0.078470
92 16 0.078469
92 17 0.078469
92 18 0.078469
92 19 0.078469
92 20 0.078470
92 21 0.078470
92 22 0.078470
92 23 0.078470
92 24 0.078469
92 25 0.078469
92 26 0.078469
92 27 0.078469
92 28 0.078469
92 29 0.078469
92 30 0.078469
92 31 0.078469
92 32 0.078469
92 33 0.078470
92 34 0.078470
92 35 0.078469
92 36 0.078469
92 37 0.078469
92 38 0.078469
92 39 0.078469
92 40 0.078469
92 41 0.078469
92 42 0.078469
92 43 0.078469
92 44 0.078470
92 45 0.078470
92 46 0.078470
92 47 0.078469
92 48 0.078469
92 49 0.078469
92 50 0.078469
92 51 0.078469
92 52 0.078469
92 53 0.078469
92 54 0.078469
92 55 0.078469
92 56 0.078469
92 57 0.078469
92 58 0.078469
92 59 0.078469
92 60 0.078469
92 61 0.078469
92 62 0.078469
92 63 0.078469
92 64 0.078469
92 65 0.078469
92 66 0.078469
92 67 0.078469
92 68 0.078469
92 69 0.078469
92 70 0.078469
92 71 0.078469
92 72 0.078469
92 73 0.078469
92 74 0.078469
92 75 0.078469
92 76 0.078470
92 77 0.078470
92 78 0.078470
92 79 0.078470
92 80 0.078470
92 81 0.078470
92 82 0.078470
92 83 0.078470
92 84 0.078470
92 85 0.078470
92 86 0.078470
92 87 0.078471
92 88 0.078471
92 89 0.078471
92 90 0.078471
92 91 0.078471
92 92 0.078471
92 93 0.078471
92 94 0.078471
92 95 0.078472
92 96 0.078471
92 97 0.078473
92 98 0.078470
92 99 0.078476

93 0 0.078475
93 1 0.078470
93 2 0.078473
93 3 0.078471
93 4 0.078472
93 5 0.078471
93 6 0.078471
93 7 0.078471
93 8 0.078471
93 9 0.078471
93 10 0.078471
93 11 0.078471
93 12 0.078471
93 13 0.078470
93 14 0.078470
93 15 0.078470
93 16 0.078470
93 17 0.078470
93 18 0.078470
93 19 0.078470
93 20 0.078470
93 21 0.078470
93 22 0.078470
93 23 0.078470
93 24 0.078470
93 25 0.078470
93 26 0.078470
93 27 0.078470
93 28 0.078470
93 29 0.078470
93 30 0.078470
93 31 0.078470
93 32 0.078470
93 33 0.078470
93 34 0.078470
93 35 0.078470
93 36 0.078470
93 37 0.078470
93 38 0.078470
93 39 0.078470
93 40 0.078470
93 41 0.078470
93 42 0.078470
93 43 0.078470
93 44 0.078470
93 45 0.078470
93 46 0.078470
93 47 0.078470
93 48 0.078469
93 49 0.078469
93 50 0.078469
93 51 0.078469
93 52 0.078470
93 53 0.078470
93 54 0.078470
93 55 0.078470
93 56 0.078470
93 57 0.078470
93 58 0.078470
93 59 0.078470
93 60 0.078470
93 61 0.078470
93 62 0.078470
93 63 0.078470
93 64 0.078470
93 65 0.078470
93 66 0.078470
93 67 0.078470
93 68 0.078470
93 69 0.078470
93 70 0.078470
93 71 0.078470
93 72 0.078470
93 73 0.078470
93 74 0.078470
93 75 0.078470
93 76 0.078470
93 77 0.078470
93 78 0.078470
93 79 0.078470
93 80 0.078470
93 81 0.078470
93 82 0.078470
93 83 0.078470
93 84 0.078471
93 85 0.078471
93 86 0.078471
93 87 0.078471
93 88 0.078471
93 89 0.078471
93 90 0.078471
93 91 0.078471
93 92 0.078471
93 93 0.078472
93 94 0.078472
93 95 0.078473
93 96 0.078471
93 97 0.078474
93 98 0.078471
93 99 0.078476

94 0 0.078475
94 1 0.078470
94 2 0.078473
94 3 0.078470
94 4 0.078472
94 5 0.078471
94 6 0.078471
94 7 0.078471
94 8 0.078471
94 9 0.078470
94 10 0.078470
94 11 0.078470
94 12 0.078470
94 13 0.078470
94 14 0.078470
94 15 0.078470
94 16 0.078469
94 17 0.078470
94 18 0.078470
94 19 0.078470
94 20 0.078470
94 21 0.078470
94 22 0.078470
94 23 0.078469
94 24 0.078469
94 25 0.078469
94 26 0.078469
94 27 0.078469
94 28 0.078469
94 29 0.078469
94 30 0.078469
94 31 0.078470
94 32 0.078469
94 33 0.078469
94 34 0.078469
94 35 0.078469
94 36 0.078469
94 37 0.078469
94 38 0.078469
94 39 0.078469
94 40 0.078469
94 41 0.078469
94 42 0.078470
94 43 0.078470
94 44 0.078470
94 45 0.078470
94 46 0.078470
94 47 0.078470
94 48 0.078469
94 49 0.078470
94 50 0.078470
94 51 0.078470
94 52 0.078470
94 53 0.078470
94 54 0.078470
94 55 0.078470
94 56 0.078470
94 57 0.078470
94 58 0.078469
94 59 0.078469
94 60 0.078469
94 61 0.078469
94 62 0.078469
94 63 0.078469
94 64 0.078469
94 65 0.078469
94 66 0.078469
94 67 0.078469
94 68 0.078469
94 69 0.078469
94 70 0.078469
94 71 0.078469
94 72 0.078469
94 73 0.078469
94 74 0.078470
94 75 0.078470
94 76 0.078470
94 77 0.078470
94 78 0.078470
94 79 0.078470
94 80 0.078470
94 81 0.078470
94 82 0.078470
94 83 0.078470
94 84 0.078470
94 85 0.078470
94 86 0.078470
94 87 0.078471
94 88 0.078471
94 89 0.078471
94 90 0.078471
94 91 0.078471
94 92 0.078471
94 93 0.078472
94 94 0.078471
94 95 0.078472
94 96 0.078471
94 97 0.078474
94 98 0.078470
94 99 0.078476

95 0 0.078475
95 1 0.078471
95 2 0.078473
95 3 0.078472
95 4 0.078473
95 5 0.078472
95 6 0.078472
95 7 0.078472
95 8 0.078472
95 9 0.078472
95 10 0.078472
95 11 0.078471
95 12 0.078471
95 13 0.078471
95 14 0.078471
95 15 0.078471
95 16 0.078471
95 17 0.078471
95 18 0.078471
95 19 0.078471
95 20 0.078471
95 21 0.078471
95 22 0.078470
95 23 0.078470
95 24 0.078470
95 25 0.078470
95 26 0.078470
95 27 0.078470
95 28 0.078470
95 29 0.078470
95 30 0.078470
95 31 0.078470
95 32 0.078470
95 33 0.078470
95 34 0.078470
95 35 0.078470
95 36 0.078470
95 37 0.078470
95 38 0.078470
95 39 0.078470
95 40 0.078470
95 41 0.078470
95 42 0.078470
95 43 0.078470
95 44 0.078470
95 45 0.078470
95 46 0.078470
95 47 0.078470
95 48 0.078470
95 49 0.078470
95 50 0.078470
95 51 0.078470
95 52 0.078470
95 53 0.078470
95 54 0.078470
95 55 0.078470
95 56 0.078470
95 57 0.078470
95 58 0.078470
95 59 0.078470
95 60 0.078470
95 61 0.078470
95 62 0.078470
95 63 0.078470
95 64 0.078470
95 65 0.078470
95 66 0.078470
95 67 0.078470
95 68 0.078470
95 69 0.078470
95 70 0.078470
95 71 0.078470
95 72 0.078470
95 73 0.078470
95 74 0.078470
95 75 0.078471
95 76 0.078471
95 77 0.078471
95 78 0.078471
95 79 0.078471
95 80 0.078471
95 81 0.078471
95 82 0.078471
95 83 0.078471
95 84 0.078471
95 85 0.078471
95 86 0.078472
95 87 0.078472
95 88 0.078472
95 89 0.078472
95 90 0.078472
95 91 0.078472
95 92 0.078472
95 93 0.078473
95 94 0.078472
95 95 0.078473
95 96 0.078472
95 97 0.078474
95 98 0.078471
95 99 0.078476

96 0 0.078476
96 1 0.078469
96 2 0.078473
96 3 0.078470
96 4 0.078471
96 5 0.078471
96 6 0.078471
96 7 0.078470
96 8 0.078470
96 9 0.078470
96 10 0.078470
96 11 0.078469
96 12 0.078469
96 13 0.078469
96 14 0.078469
96 15 0.078469
96 16 0.078469
96 17 0.078469
96 18 0.078469
96 19 0.078469
96 20 0.078469
96 21 0.078469
96 22 0.078469
96 23 0.078469
96 24 0.078469
96 25 0.078469
96 26 0.078469
96 27 0.078469
96 28 0.078469
96 29 0.078469
96 30 0.078469
96 31 0.078469
96 32 0.078469
96 33 0.078469
96 34 0.078469
96 35 0.078469
96 36 0.078469
96 37 0.078469
96 38 0.078469
96 39 0.078469
96 40 0.078469
96 41 0.078469
96 42 0.078469
96 43 0.078469
96 44 0.078469
96 45 0.078469
96 46 0.078470
96 47 0.078470
96 48 0.078470
96 49 0.078470
96 50 0.078470
96 51 0.078470
96 52 0.078470
96 53 0.078470
96 54 0.078470
96 55 0.078470
96 56 0.078470
96 57 0.078470
96 58 0.078470
96 59 0.078469
96 60 0.078469
96 61 0.078469
96 62 0.078469
96 63 0.078469
96 64 0.078469
96 65 0.078469
96 66 0.078469
96 67 0.078469
96 68 0.078469
96 69 0.078469
96 70 0.078469
96 71 0.078469
96 72 0.078469
96 73 0.078469
96 74 0.078469
96 75 0.078469
96 76 0.078469
96 77 0.078469
96 78 0.078469
96 79 0.078469
96 80 0.078469
96 81 0.078469
96 82 0.078470
96 83 0.078470
96 84 0.078470
96 85 0.078470
96 86 0.078470
96 87 0.078470
96 88 0.078470
96 89 0.078470
96 90 0.078471
96 91 0.078471
96 92 0.078471
96 93 0.078471
96 94 0.078471
96 95 0.078472
96 96 0.078471
96 97 0.078473
96 98 0.078470
96 99 0.078476

97 0 0.078475
97 1 0.078472
97 2 0.078474
97 3 0.078473
97 4 0.078474
97 5 0.078473
97 6 0.078473
97 7 0.078473
97 8 0.078473
97 9 0.078473
97 10 0.078473
97 11 0.078473
97 12 0.078473
97 13 0.078473
97 14 0.078473
97 15 0.078473
97 16 0.078473
97 17 0.078473
97 18 0.078472
97 19 0.078472
97 20 0.078472
97 21 0.078472
97 22 0.078472
97 23 0.078471
97 24 0.078471
97 25 0.078471
97 26 0.078471
97 27 0.078471
97 28 0.078471
97 29 0.078471
97 30 0.078471
97 31 0.078471
97 32 0.078471
97 33 0.078471
97 34 0.078471
97 35 0.078471
97 36 0.078471
97 37 0.078471
97 38 0.078471
97 39 0.078471
97 40 0.078471
97 41 0.078471
97 42 0.078471
97 43 0.078471
97 44 0.078470
97 45 0.078470
97 46 0.078470
97 47 0.078470
97 48 0.078470
97 49 0.078470
97 50 0.078470
97 51 0.078470
97 52 0.078470
97 53 0.078470
97 54 0.078470
97 55 0.078470
97 56 0.078470
97 57 0.078470
97 58 0.078470
97 59 0.078471
97 60 0.078471
97 61 0.078471
97 62 0.078471
97 63 0.078471
97 64 0.078471
97 65 0.078471
97 66 0.078471
97 67 0.078471
97 68 0.078471
97 69 0.078471
97 70 0.078471
97 71 0.078471
97 72 0.078472
97 73 0.078472
97 74 0.078472
97 75 0.078472
97 76 0.078472
97 77 0.078472
97 78 0.078472
97 79 0.078472
97 80 0.078472
97 81 0.078472
97 82 0.078473
97 83 0.078473
97 84 0.078473
97 85 0.078473
97 86 0.078473
97 87 0.078473
97 88 0.078473
97 89 0.078473
97 90 0.078473
97 91 0.078474
97 92 0.078474
97 93 0.078474
97 94 0.078474
97 95 0.078474
97 96 0.078473
97 97 0.078475
97 98 0.078473
97 99 0.078476

98 0 0.078476
98 1 0.078468
98 2 0.078473
98 3 0.078470
98 4 0.078471
98 5 0.078469
98 6 0.078469
98 7 0.078469
98 8 0.078469
98 9 0.078468
98 10 0.078468
98 11 0.078468
98 12 0.078468
98 13 0.078468
98 14 0.078468
98 15 0.078468
98 16 0.078468
98 17 0.078468
98 18 0.078468
98 19 0.078468
98 20 0.078468
98 21 0.078468
98 22 0.078468
98 23 0.078468
98 24 0.078468
98 25 0.078468
98 26 0.078468
98 27 0.078468
98 28 0.078468
98 29 0.078468
98 30 0.078468
98 31 0.078468
98 32 0.078468
98 33 0.078468
98 34 0.078468
98 35 0.078468
98 36 0.078468
98 37 0.078469
98 38 0.078469
98 39 0.078469
98 40 0.078469
98 41 0.078469
98 42 0.078469
98 43 0.078469
98 44 0.078469
98 45 0.078469
98 46 0.078470
98 47 0.078470
98 48 0.078470
98 49 0.078470
98 50 0.078470
98 51 0.078470
98 52 0.078470
98 53 0.078470
98 54 0.078469
98 55 0.078469
98 56 0.078469
98 57 0.078469
98 58 0.078469
98 59 0.078469
98 60 0.078469
98 61 0.078469
98 62 0.078469
98 63 0.078469
98 64 0.078469
98 65 0.078468
98 66 0.078468
98 67 0.078468
98 68 0.078468
98 69 0.078468
98 70 0.078468
98 71 0.078468
98 72 0.078468
98 73 0.078468
98 74 0.078468
98 75 0.078468
98 76 0.078468
98 77 0.078468
98 78 0.078468
98 79 0.078468
98 80 0.078468
98 81 0.078468
98 82 0.078468
98 83 0.078468
98 84 0.078468
98 85 0.078469
98 86 0.078469
98 87 0.078469
98 88 0.078469
98 89 0.078469
98 90 0.078470
98 91 0.078470
98 92 0.078470
98 93 0.078470
98 94 0.078470
98 95 0.078471
98 96 0.078470
98 97 0.078473
98 98 0.078469
98 99 0.078476

99 0 0.078476
99 1 0.078476
99 2 0.078475
99 3 0.078475
99 4 0.078475
99 5 0.078476
99 6 0.078476
99 7 0.078476
99 8 0.078476
99 9 0.078476
99 10 0.078476
99 11 0.078476
99 12 0.078476
99 13 0.078475
99 14 0.078475
99 15 0.078475
99 16 0.078475
99 17 0.078475
99 18 0.078475
99 19 0.078475
99 20 0.078474
99 21 0.078474
99 22 0.078474
99 23 0.078474
99 24 0.078473
99 25 0.078473
99 26 0.078473
99 27 0.078473
99 28 0.078473
99 29 0.078473
99 30 0.078473
99 31 0.078473
99 32 0.078473
99 33 0.078473
99 34 0.078473
99 35 0.078473
99 36 0.078473
99 37 0.078473
99 38 0.078472
99 39 0.078472
99 40 0.078472
99 41 0.078472
99 42 0.078472
99 43 0.078472
99 44 0.078471
99 45 0.078471
99 46 0.078471
99 47 0.078471
99 48 0.078471
99 49 0.078471
99 50 0.078471
99 51 0.078471
99 52 0.078471
99 53 0.078471
99 54 0.078471
99 55 0.078471
99 56 0.078471
99 57 0.078471
99 58 0.078471
99 59 0.078471
99 60 0.078472
99 61 0.078472
99 62 0.078472
99 63 0.078472
99 64 0.078472
99 65 0.078473
99 66 0.078473
99 67 0.078473
99 68 0.078473
99 69 0.078473
99 70 0.078473
99 71 0.078473
99 72 0.078474
99 73 0.078474
99 74 0.078474
99 75 0.078474
99 76 0.078474
99 77 0.078474
99 78 0.078475
99 79 0.078475
99 80 0.078475
99 81 0.078475
99 82 0.078475
99 83 0.078475
99 84 0.078475
99 85 0.078475
99 86 0.078476
99 87 0.078476
99 88 0.078476
99 89 0.078476
99 90 0.078476
99 91 0.078476
99 92 0.078476
99 93 0.078476
99 94 0.078476
99 95 0.078476
99 96 0.078476
99 97 0.078476
99 98 0.078476
99 99 0.078476

