0 0 0.078479
0 1 0.078479
0 2 0.078479
0 3 0.078479
0 4 0.078479
0 5 0.078479
0 6 0.078479
0 7 0.078479
0 8 0.078479
0 9 0.078479
0 10 0.078479
0 11 0.078478
0 12 0.078478
0 13 0.078478
0 14 0.078479
0 15 0.078479
0 16 0.078479
0 17 0.078479
0 18 0.078479
0 19 0.078479
0 20 0.078479
0 21 0.078480
0 22 0.078480
0 23 0.078480
0 24 0.078480
0 25 0.078480
0 26 0.078479
0 27 0.078479
0 28 0.078479
0 29 0.078479
0 30 0.078478
0 31 0.078478
0 32 0.078478
0 33 0.078478
0 34 0.078477
0 35 0.078477
0 36 0.078477
0 37 0.078477
0 38 0.078476
0 39 0.078476
0 40 0.078476
0 41 0.078476
0 42 0.078476
0 43 0.078476
0 44 0.078476
0 45 0.078476
0 46 0.078476
0 47 0.078475
0 48 0.078475
0 49 0.078475
0 50 0.078475
0 51 0.078475
0 52 0.078475
0 53 0.078475
0 54 0.078475
0 55 0.078474
0 56 0.078474
0 57 0.078474
0 58 0.078474
0 59 0.078474
0 60 0.078474
0 61 0.078474
0 62 0.078474
0 63 0.078474
0 64 0.078475
0 65 0.078475
0 66 0.078475
0 67 0.078475
0 68 0.078475
0 69 0.078475
0 70 0.078475
0 71 0.078475
0 72 0.078475
0 73 0.078475
0 74 0.078475
0 75 0.078475
0 76 0.078475
0 77 0.078475
0 78 0.078475
0 79 0.078474
0 80 0.078474
0 81 0.078474
0 82 0.078474
0 83 0.078474
0 84 0.078474
0 85 0.078475
0 86 0.078475
0 87 0.078475
0 88 0.078476
0 89 0.078476
0 90 0.078477
0 91 0.078477
0 92 0.078477
0 93 0.078478
0 94 0.078478
0 95 0.078478
0 96 0.078478
0 97 0.078478
0 98 0.078478
0 99 0.078478

1 0 0.078479
1 1 0.078480
1 2 0.078479
1 3 0.078480
1 4 0.078480
1 5 0.078479
1 6 0.078480
1 7 0.078479
1 8 0.078479
1 9 0.078479
1 10 0.078479
1 11 0.078479
1 12 0.078479
1 13 0.078479
1 14 0.078479
1 15 0.078479
1 16 0.078480
1 17 0.078480
1 18 0.078480
1 19 0.078480
1 20 0.078480
1 21 0.078480
1 22 0.078480
1 23 0.078480
1 24 0.078480
1 25 0.078480
1 26 0.078480
1 27 0.078480
1 28 0.078480
1 29 0.078479
1 30 0.078479
1 31 0.078479
1 32 0.078479
1 33 0.078478
1 34 0.078478
1 35 0.078478
1 36 0.078478
1 37 0.078477
1 38 0.078477
1 39 0.078477
1 40 0.078477
1 41 0.078477
1 42 0.078476
1 43 0.078476
1 44 0.078476
1 45 0.078476
1 46 0.078476
1 47 0.078476
1 48 0.078476
1 49 0.078476
1 50 0.078475
1 51 0.078475
1 52 0.078475
1 53 0.078475
1 54 0.078475
1 55 0.078475
1 56 0.078475
1 57 0.078475
1 58 0.078475
1 59 0.078475
1 60 0.078475
1 61 0.078475
1 62 0.078475
1 63 0.078475
1 64 0.078475
1 65 0.078475
1 66 0.078476
1 67 0.078476
1 68 0.078476
1 69 0.078476
1 70 0.078476
1 71 0.078476
1 72 0.078476
1 73 0.078476
1 74 0.078475
1 75 0.078475
1 76 0.078475
1 77 0.078475
1 78 0.078475
1 79 0.078475
1 80 0.078475
1 81 0.078475
1 82 0.078475
1 83 0.078475
1 84 0.078475
1 85 0.078476
1 86 0.078476
1 87 0.078476
1 88 0.078477
1 89 0.078477
1 90 0.078477
1 91 0.078478
1 92 0.078478
1 93 0.078478
1 94 0.078478
1 95 0.078478
1 96 0.078478
1 97 0.078478
1 98 0.078479
1 99 0.078478

2 0 0.078478
2 1 0.078479
2 2 0.078479
2 3 0.078479
2 4 0.078479
2 5 0.078479
2 6 0.078479
2 7 0.078479
2 8 0.078479
2 9 0.078479
2 10 0.078479
2 11 0.078479
2 12 0.078479
2 13 0.078479
2 14 0.078479
2 15 0.078479
2 16 0.078479
2 17 0.078479
2 18 0.078480
2 19 0.078480
2 20 0.078480
2 21 0.078480
2 22 0.078480
2 23 0.078480
2 24 0.078480
2 25 0.078480
2 26 0.078480
2 27 0.078480
2 28 0.078480
2 29 0.078479
2 30 0.078479
2 31 0.078479
2 32 0.078479
2 33 0.078479
2 34 0.078478
2 35 0.078478
2 36 0.078478
2 37 0.078478
2 38 0.078477
2 39 0.078477
2 40 0.078477
2 41 0.078477
2 42 0.078477
2 43 0.078476
2 44 0.078476
2 45 0.078476
2 46 0.078476
2 47 0.078476
2 48 0.078476
2 49 0.078476
2 50 0.078476
2 51 0.078475
2 52 0.078475
2 53 0.078475
2 54 0.078475
2 55 0.078475
2 56 0.078475
2 57 0.078475
2 58 0.078475
2 59 0.078475
2 60 0.078475
2 61 0.078475
2 62 0.078475
2 63 0.078475
2 64 0.078475
2 65 0.078475
2 66 0.078476
2 67 0.078476
2 68 0.078476
2 69 0.078476
2 70 0.078475
2 71 0.078475
2 72 0.078475
2 73 0.078475
2 74 0.078475
2 75 0.078475
2 76 0.078475
2 77 0.078475
2 78 0.078475
2 79 0.078475
2 80 0.078475
2 81 0.078475
2 82 0.078475
2 83 0.078475
2 84 0.078475
2 85 0.078475
2 86 0.078476
2 87 0.078476
2 88 0.078476
2 89 0.078477
2 90 0.078477
2 91 0.078477
2 92 0.078477
2 93 0.078478
2 94 0.078478
2 95 0.078478
2 96 0.078478
2 97 0.078478
2 98 0.078478
2 99 0.078477

3 0 0.078479
3 1 0.078479
3 2 0.078479
3 3 0.078479
3 4 0.078479
3 5 0.078479
3 6 0.078479
3 7 0.078479
3 8 0.078479
3 9 0.078479
3 10 0.078479
3 11 0.078479
3 12 0.078479
3 13 0.078479
3 14 0.078479
3 15 0.078479
3 16 0.078479
3 17 0.078480
3 18 0.078480
3 19 0.078480
3 20 0.078480
3 21 0.078480
3 22 0.078480
3 23 0.078480
3 24 0.078480
3 25 0.078480
3 26 0.078480
3 27 0.078480
3 28 0.078480
3 29 0.078480
3 30 0.078479
3 31 0.078479
3 32 0.078479
3 33 0.078479
3 34 0.078478
3 35 0.078478
3 36 0.078478
3 37 0.078478
3 38 0.078477
3 39 0.078477
3 40 0.078477
3 41 0.078477
3 42 0.078477
3 43 0.078477
3 44 0.078476
3 45 0.078476
3 46 0.078476
3 47 0.078476
3 48 0.078476
3 49 0.078476
3 50 0.078476
3 51 0.078475
3 52 0.078475
3 53 0.078475
3 54 0.078475
3 55 0.078475
3 56 0.078475
3 57 0.078475
3 58 0.078475
3 59 0.078475
3 60 0.078475
3 61 0.078475
3 62 0.078475
3 63 0.078475
3 64 0.078475
3 65 0.078475
3 66 0.078475
3 67 0.078476
3 68 0.078475
3 69 0.078475
3 70 0.078475
3 71 0.078475
3 72 0.078475
3 73 0.078475
3 74 0.078475
3 75 0.078475
3 76 0.078475
3 77 0.078475
3 78 0.078475
3 79 0.078475
3 80 0.078475
3 81 0.078475
3 82 0.078475
3 83 0.078475
3 84 0.078475
3 85 0.078476
3 86 0.078476
3 87 0.078476
3 88 0.078477
3 89 0.078477
3 90 0.078477
3 91 0.078478
3 92 0.078478
3 93 0.078478
3 94 0.078478
3 95 0.078478
3 96 0.078478
3 97 0.078478
3 98 0.078478
3 99 0.078477

4 0 0.078478
4 1 0.078479
4 2 0.078479
4 3 0.078479
4 4 0.078479
4 5 0.078479
4 6 0.078479
4 7 0.078479
4 8 0.078479
4 9 0.078479
4 10 0.078479
4 11 0.078479
4 12 0.078479
4 13 0.078480
4 14 0.078480
4 15 0.078480
4 16 0.078480
4 17 0.078480
4 18 0.078480
4 19 0.078480
4 20 0.078480
4 21 0.078480
4 22 0.078480
4 23 0.078480
4 24 0.078480
4 25 0.078480
4 26 0.078480
4 27 0.078480
4 28 0.078480
4 29 0.078479
4 30 0.078479
4 31 0.078479
4 32 0.078479
4 33 0.078479
4 34 0.078478
4 35 0.078478
4 36 0.078478
4 37 0.078478
4 38 0.078477
4 39 0.078477
4 40 0.078477
4 41 0.078477
4 42 0.078476
4 43 0.078476
4 44 0.078476
4 45 0.078476
4 46 0.078476
4 47 0.078476
4 48 0.078476
4 49 0.078475
4 50 0.078475
4 51 0.078475
4 52 0.078475
4 53 0.078475
4 54 0.078475
4 55 0.078475
4 56 0.078475
4 57 0.078475
4 58 0.078475
4 59 0.078475
4 60 0.078475
4 61 0.078475
4 62 0.078475
4 63 0.078475
4 64 0.078475
4 65 0.078475
4 66 0.078475
4 67 0.078475
4 68 0.078475
4 69 0.078475
4 70 0.078475
4 71 0.078475
4 72 0.078475
4 73 0.078475
4 74 0.078474
4 75 0.078474
4 76 0.078474
4 77 0.078474
4 78 0.078474
4 79 0.078474
4 80 0.078474
4 81 0.078475
4 82 0.078475
4 83 0.078475
4 84 0.078475
4 85 0.078476
4 86 0.078476
4 87 0.078476
4 88 0.078476
4 89 0.078477
4 90 0.078477
4 91 0.078477
4 92 0.078477
4 93 0.078477
4 94 0.078477
4 95 0.078477
4 96 0.078478
4 97 0.078478
4 98 0.078478
4 99 0.078477

5 0 0.078478
5 1 0.078479
5 2 0.078479
5 3 0.078479
5 4 0.078479
5 5 0.078479
5 6 0.078479
5 7 0.078479
5 8 0.078479
5 9 0.078479
5 10 0.078479
5 11 0.078479
5 12 0.078479
5 13 0.078479
5 14 0.078479
5 15 0.078479
5 16 0.078479
5 17 0.078479
5 18 0.078479
5 19 0.078480
5 20 0.078480
5 21 0.078480
5 22 0.078480
5 23 0.078480
5 24 0.078480
5 25 0.078480
5 26 0.078480
5 27 0.078479
5 28 0.078479
5 29 0.078479
5 30 0.078479
5 31 0.078479
5 32 0.078479
5 33 0.078478
5 34 0.078478
5 35 0.078478
5 36 0.078478
5 37 0.078477
5 38 0.078477
5 39 0.078477
5 40 0.078477
5 41 0.078476
5 42 0.078476
5 43 0.078476
5 44 0.078476
5 45 0.078476
5 46 0.078476
5 47 0.078475
5 48 0.078475
5 49 0.078475
5 50 0.078475
5 51 0.078475
5 52 0.078475
5 53 0.078475
5 54 0.078475
5 55 0.078474
5 56 0.078474
5 57 0.078474
5 58 0.078474
5 59 0.078474
5 60 0.078474
5 61 0.078475
5 62 0.078475
5 63 0.078475
5 64 0.078475
5 65 0.078475
5 66 0.078475
5 67 0.078475
5 68 0.078475
5 69 0.078475
5 70 0.078475
5 71 0.078474
5 72 0.078474
5 73 0.078474
5 74 0.078474
5 75 0.078474
5 76 0.078474
5 77 0.078474
5 78 0.078474
5 79 0.078474
5 80 0.078474
5 81 0.078474
5 82 0.078475
5 83 0.078475
5 84 0.078475
5 85 0.078475
5 86 0.078476
5 87 0.078476
5 88 0.078476
5 89 0.078477
5 90 0.078477
5 91 0.078477
5 92 0.078477
5 93 0.078477
5 94 0.078477
5 95 0.078477
5 96 0.078477
5 97 0.078477
5 98 0.078478
5 99 0.078477

6 0 0.078478
6 1 0.078479
6 2 0.078479
6 3 0.078479
6 4 0.078479
6 5 0.078479
6 6 0.078479
6 7 0.078479
6 8 0.078479
6 9 0.078479
6 10 0.078479
6 11 0.078479
6 12 0.078479
6 13 0.078479
6 14 0.078479
6 15 0.078479
6 16 0.078479
6 17 0.078479
6 18 0.078479
6 19 0.078479
6 20 0.078479
6 21 0.078479
6 22 0.078479
6 23 0.078479
6 24 0.078479
6 25 0.078479
6 26 0.078479
6 27 0.078479
6 28 0.078479
6 29 0.078479
6 30 0.078479
6 31 0.078479
6 32 0.078478
6 33 0.078478
6 34 0.078478
6 35 0.078478
6 36 0.078477
6 37 0.078477
6 38 0.078477
6 39 0.078477
6 40 0.078476
6 41 0.078476
6 42 0.078476
6 43 0.078476
6 44 0.078475
6 45 0.078475
6 46 0.078475
6 47 0.078475
6 48 0.078475
6 49 0.078475
6 50 0.078475
6 51 0.078474
6 52 0.078474
6 53 0.078474
6 54 0.078474
6 55 0.078474
6 56 0.078474
6 57 0.078474
6 58 0.078474
6 59 0.078474
6 60 0.078474
6 61 0.078474
6 62 0.078474
6 63 0.078474
6 64 0.078474
6 65 0.078474
6 66 0.078474
6 67 0.078474
6 68 0.078474
6 69 0.078474
6 70 0.078474
6 71 0.078474
6 72 0.078474
6 73 0.078474
6 74 0.078474
6 75 0.078474
6 76 0.078474
6 77 0.078474
6 78 0.078474
6 79 0.078474
6 80 0.078474
6 81 0.078474
6 82 0.078474
6 83 0.078475
6 84 0.078475
6 85 0.078475
6 86 0.078475
6 87 0.078476
6 88 0.078476
6 89 0.078476
6 90 0.078476
6 91 0.078477
6 92 0.078476
6 93 0.078477
6 94 0.078476
6 95 0.078477
6 96 0.078477
6 97 0.078477
6 98 0.078477
6 99 0.078476

7 0 0.078478
7 1 0.078478
7 2 0.078478
7 3 0.078478
7 4 0.078478
7 5 0.078478
7 6 0.078479
7 7 0.078478
7 8 0.078479
7 9 0.078479
7 10 0.078479
7 11 0.078479
7 12 0.078479
7 13 0.078479
7 14 0.078479
7 15 0.078479
7 16 0.078479
7 17 0.078479
7 18 0.078479
7 19 0.078479
7 20 0.078479
7 21 0.078479
7 22 0.078479
7 23 0.078479
7 24 0.078479
7 25 0.078479
7 26 0.078479
7 27 0.078479
7 28 0.078479
7 29 0.078479
7 30 0.078478
7 31 0.078478
7 32 0.078478
7 33 0.078478
7 34 0.078477
7 35 0.078477
7 36 0.078477
7 37 0.078477
7 38 0.078476
7 39 0.078476
7 40 0.078476
7 41 0.078476
7 42 0.078475
7 43 0.078475
7 44 0.078475
7 45 0.078475
7 46 0.078475
7 47 0.078474
7 48 0.078474
7 49 0.078474
7 50 0.078474
7 51 0.078474
7 52 0.078474
7 53 0.078474
7 54 0.078474
7 55 0.078474
7 56 0.078473
7 57 0.078473
7 58 0.078473
7 59 0.078474
7 60 0.078474
7 61 0.078474
7 62 0.078474
7 63 0.078474
7 64 0.078474
7 65 0.078474
7 66 0.078474
7 67 0.078474
7 68 0.078474
7 69 0.078474
7 70 0.078474
7 71 0.078474
7 72 0.078473
7 73 0.078473
7 74 0.078473
7 75 0.078473
7 76 0.078473
7 77 0.078473
7 78 0.078473
7 79 0.078473
7 80 0.078474
7 81 0.078474
7 82 0.078474
7 83 0.078474
7 84 0.078475
7 85 0.078475
7 86 0.078475
7 87 0.078475
7 88 0.078476
7 89 0.078476
7 90 0.078476
7 91 0.078476
7 92 0.078476
7 93 0.078476
7 94 0.078476
7 95 0.078476
7 96 0.078476
7 97 0.078476
7 98 0.078477
7 99 0.078476

8 0 0.078477
8 1 0.078478
8 2 0.078478
8 3 0.078478
8 4 0.078478
8 5 0.078478
8 6 0.078478
8 7 0.078478
8 8 0.078479
8 9 0.078479
8 10 0.078479
8 11 0.078479
8 12 0.078479
8 13 0.078479
8 14 0.078479
8 15 0.078479
8 16 0.078479
8 17 0.078479
8 18 0.078479
8 19 0.078479
8 20 0.078479
8 21 0.078479
8 22 0.078479
8 23 0.078479
8 24 0.078479
8 25 0.078479
8 26 0.078479
8 27 0.078479
8 28 0.078478
8 29 0.078478
8 30 0.078478
8 31 0.078478
8 32 0.078478
8 33 0.078477
8 34 0.078477
8 35 0.078477
8 36 0.078476
8 37 0.078476
8 38 0.078476
8 39 0.078476
8 40 0.078475
8 41 0.078475
8 42 0.078475
8 43 0.078475
8 44 0.078474
8 45 0.078474
8 46 0.078474
8 47 0.078474
8 48 0.078474
8 49 0.078474
8 50 0.078473
8 51 0.078473
8 52 0.078473
8 53 0.078473
8 54 0.078473
8 55 0.078473
8 56 0.078473
8 57 0.078473
8 58 0.078473
8 59 0.078473
8 60 0.078473
8 61 0.078473
8 62 0.078473
8 63 0.078473
8 64 0.078473
8 65 0.078473
8 66 0.078473
8 67 0.078473
8 68 0.078473
8 69 0.078473
8 70 0.078473
8 71 0.078473
8 72 0.078473
8 73 0.078473
8 74 0.078473
8 75 0.078473
8 76 0.078473
8 77 0.078473
8 78 0.078473
8 79 0.078473
8 80 0.078473
8 81 0.078474
8 82 0.078474
8 83 0.078474
8 84 0.078474
8 85 0.078474
8 86 0.078475
8 87 0.078475
8 88 0.078475
8 89 0.078475
8 90 0.078476
8 91 0.078476
8 92 0.078476
8 93 0.078476
8 94 0.078476
8 95 0.078476
8 96 0.078476
8 97 0.078476
8 98 0.078476
8 99 0.078475

9 0 0.078477
9 1 0.078478
9 2 0.078478
9 3 0.078478
9 4 0.078478
9 5 0.078478
9 6 0.078478
9 7 0.078478
9 8 0.078478
9 9 0.078478
9 10 0.078478
9 11 0.078478
9 12 0.078478
9 13 0.078479
9 14 0.078479
9 15 0.078479
9 16 0.078479
9 17 0.078479
9 18 0.078479
9 19 0.078479
9 20 0.078478
9 21 0.078478
9 22 0.078478
9 23 0.078478
9 24 0.078478
9 25 0.078478
9 26 0.078478
9 27 0.078478
9 28 0.078478
9 29 0.078478
9 30 0.078477
9 31 0.078477
9 32 0.078477
9 33 0.078477
9 34 0.078476
9 35 0.078476
9 36 0.078476
9 37 0.078475
9 38 0.078475
9 39 0.078475
9 40 0.078475
9 41 0.078474
9 42 0.078474
9 43 0.078474
9 44 0.078474
9 45 0.078473
9 46 0.078473
9 47 0.078473
9 48 0.078473
9 49 0.078473
9 50 0.078473
9 51 0.078473
9 52 0.078472
9 53 0.078472
9 54 0.078472
9 55 0.078472
9 56 0.078472
9 57 0.078472
9 58 0.078472
9 59 0.078472
9 60 0.078472
9 61 0.078472
9 62 0.078472
9 63 0.078473
9 64 0.078473
9 65 0.078473
9 66 0.078473
9 67 0.078473
9 68 0.078473
9 69 0.078473
9 70 0.078472
9 71 0.078472
9 72 0.078472
9 73 0.078472
9 74 0.078472
9 75 0.078472
9 76 0.078472
9 77 0.078472
9 78 0.078472
9 79 0.078473
9 80 0.078473
9 81 0.078473
9 82 0.078473
9 83 0.078474
9 84 0.078474
9 85 0.078474
9 86 0.078474
9 87 0.078475
9 88 0.078475
9 89 0.078475
9 90 0.078475
9 91 0.078475
9 92 0.078475
9 93 0.078475
9 94 0.078475
9 95 0.078475
9 96 0.078476
9 97 0.078476
9 98 0.078476
9 99 0.078475

10 0 0.078477
10 1 0.078477
10 2 0.078477
10 3 0.078477
10 4 0.078478
10 5 0.078478
10 6 0.078478
10 7 0.078478
10 8 0.078478
10 9 0.078478
10 10 0.078478
10 11 0.078478
10 12 0.078478
10 13 0.078478
10 14 0.078478
10 15 0.078478
10 16 0.078478
10 17 0.078478
10 18 0.078478
10 19 0.078478
10 20 0.078478
10 21 0.078478
10 22 0.078478
10 23 0.078478
10 24 0.078478
10 25 0.078478
10 26 0.078478
10 27 0.078477
10 28 0.078477
10 29 0.078477
10 30 0.078477
10 31 0.078477
10 32 0.078476
10 33 0.078476
10 34 0.078476
10 35 0.078475
10 36 0.078475
10 37 0.078475
10 38 0.078474
10 39 0.078474
10 40 0.078474
10 41 0.078473
10 42 0.078473
10 43 0.078473
10 44 0.078473
10 45 0.078473
10 46 0.078472
10 47 0.078472
10 48 0.078472
10 49 0.078472
10 50 0.078472
10 51 0.078472
10 52 0.078472
10 53 0.078471
10 54 0.078471
10 55 0.078471
10 56 0.078471
10 57 0.078471
10 58 0.078471
10 59 0.078471
10 60 0.078472
10 61 0.078472
10 62 0.078472
10 63 0.078472
10 64 0.078472
10 65 0.078472
10 66 0.078472
10 67 0.078472
10 68 0.078472
10 69 0.078472
10 70 0.078472
10 71 0.078472
10 72 0.078472
10 73 0.078472
10 74 0.078472
10 75 0.078472
10 76 0.078472
10 77 0.078472
10 78 0.078472
10 79 0.078472
10 80 0.078472
10 81 0.078473
10 82 0.078473
10 83 0.078473
10 84 0.078473
10 85 0.078474
10 86 0.078474
10 87 0.078474
10 88 0.078474
10 89 0.078475
10 90 0.078475
10 91 0.078475
10 92 0.078475
10 93 0.078475
10 94 0.078475
10 95 0.078475
10 96 0.078475
10 97 0.078475
10 98 0.078475
10 99 0.078474

11 0 0.078476
11 1 0.078477
11 2 0.078477
11 3 0.078477
11 4 0.078477
11 5 0.078477
11 6 0.078478
11 7 0.078477
11 8 0.078478
11 9 0.078478
11 10 0.078478
11 11 0.078478
11 12 0.078478
11 13 0.078478
11 14 0.078478
11 15 0.078478
11 16 0.078478
11 17 0.078478
11 18 0.078478
11 19 0.078478
11 20 0.078478
11 21 0.078477
11 22 0.078477
11 23 0.078477
11 24 0.078477
11 25 0.078477
11 26 0.078477
11 27 0.078477
11 28 0.078476
11 29 0.078476
11 30 0.078476
11 31 0.078476
11 32 0.078475
11 33 0.078475
11 34 0.078475
11 35 0.078474
11 36 0.078474
11 37 0.078474
11 38 0.078473
11 39 0.078473
11 40 0.078473
11 41 0.078472
11 42 0.078472
11 43 0.078472
11 44 0.078472
11 45 0.078471
11 46 0.078471
11 47 0.078471
11 48 0.078471
11 49 0.078470
11 50 0.078470
11 51 0.078470
11 52 0.078470
11 53 0.078470
11 54 0.078470
11 55 0.078470
11 56 0.078470
11 57 0.078470
11 58 0.078470
11 59 0.078470
11 60 0.078471
11 61 0.078471
11 62 0.078471
11 63 0.078471
11 64 0.078471
11 65 0.078471
11 66 0.078471
11 67 0.078471
11 68 0.078471
11 69 0.078471
11 70 0.078471
11 71 0.078471
11 72 0.078471
11 73 0.078471
11 74 0.078472
11 75 0.078472
11 76 0.078472
11 77 0.078472
11 78 0.078472
11 79 0.078473
11 80 0.078473
11 81 0.078473
11 82 0.078473
11 83 0.078473
11 84 0.078474
11 85 0.078474
11 86 0.078474
11 87 0.078475
11 88 0.078475
11 89 0.078475
11 90 0.078475
11 91 0.078475
11 92 0.078475
11 93 0.078475
11 94 0.078475
11 95 0.078475
11 96 0.078475
11 97 0.078475
11 98 0.078476
11 99 0.078476

12 0 0.078478
12 1 0.078478
12 2 0.078478
12 3 0.078478
12 4 0.078478
12 5 0.078478
12 6 0.078478
12 7 0.078478
12 8 0.078479
12 9 0.078479
12 10 0.078479
12 11 0.078479
12 12 0.078479
12 13 0.078479
12 14 0.078478
12 15 0.078478
12 16 0.078478
12 17 0.078478
12 18 0.078478
12 19 0.078478
12 20 0.078477
12 21 0.078477
12 22 0.078477
12 23 0.078477
12 24 0.078477
12 25 0.078476
12 26 0.078476
12 27 0.078476
12 28 0.078476
12 29 0.078476
12 30 0.078475
12 31 0.078475
12 32 0.078475
12 33 0.078474
12 34 0.078474
12 35 0.078474
12 36 0.078473
12 37 0.078473
12 38 0.078472
12 39 0.078472
12 40 0.078472
12 41 0.078472
12 42 0.078471
12 43 0.078471
12 44 0.078471
12 45 0.078470
12 46 0.078470
12 47 0.078470
12 48 0.078470
12 49 0.078470
12 50 0.078469
12 51 0.078469
12 52 0.078469
12 53 0.078469
12 54 0.078469
12 55 0.078469
12 56 0.078469
12 57 0.078469
12 58 0.078470
12 59 0.078470
12 60 0.078470
12 61 0.078470
12 62 0.078470
12 63 0.078470
12 64 0.078470
12 65 0.078470
12 66 0.078470
12 67 0.078470
12 68 0.078470
12 69 0.078470
12 70 0.078471
12 71 0.078471
12 72 0.078471
12 73 0.078471
12 74 0.078471
12 75 0.078471
12 76 0.078471
12 77 0.078472
12 78 0.078472
12 79 0.078472
12 80 0.078472
12 81 0.078473
12 82 0.078473
12 83 0.078473
12 84 0.078473
12 85 0.078474
12 86 0.078474
12 87 0.078474
12 88 0.078474
12 89 0.078475
12 90 0.078475
12 91 0.078475
12 92 0.078475
12 93 0.078475
12 94 0.078475
12 95 0.078475
12 96 0.078475
12 97 0.078475
12 98 0.078476
12 99 0.078476

13 0 0.078478
13 1 0.078478
13 2 0.078478
13 3 0.078478
13 4 0.078478
13 5 0.078478
13 6 0.078478
13 7 0.078478
13 8 0.078479
13 9 0.078478
13 10 0.078479
13 11 0.078478
13 12 0.078478
13 13 0.078478
13 14 0.078478
13 15 0.078478
13 16 0.078478
13 17 0.078478
13 18 0.078477
13 19 0.078477
13 20 0.078477
13 21 0.078477
13 22 0.078476
13 23 0.078476
13 24 0.078476
13 25 0.078476
13 26 0.078475
13 27 0.078475
13 28 0.078475
13 29 0.078475
13 30 0.078475
13 31 0.078474
13 32 0.078474
13 33 0.078473
13 34 0.078473
13 35 0.078473
13 36 0.078472
13 37 0.078472
13 38 0.078472
13 39 0.078471
13 40 0.078471
13 41 0.078471
13 42 0.078470
13 43 0.078470
13 44 0.078470
13 45 0.078469
13 46 0.078469
13 47 0.078469
13 48 0.078469
13 49 0.078469
13 50 0.078468
13 51 0.078468
13 52 0.078468
13 53 0.078468
13 54 0.078468
13 55 0.078468
13 56 0.078468
13 57 0.078469
13 58 0.078469
13 59 0.078469
13 60 0.078469
13 61 0.078469
13 62 0.078469
13 63 0.078469
13 64 0.078469
13 65 0.078470
13 66 0.078470
13 67 0.078470
13 68 0.078470
13 69 0.078470
13 70 0.078470
13 71 0.078470
13 72 0.078470
13 73 0.078471
13 74 0.078471
13 75 0.078471
13 76 0.078471
13 77 0.078472
13 78 0.078472
13 79 0.078472
13 80 0.078473
13 81 0.078473
13 82 0.078473
13 83 0.078473
13 84 0.078474
13 85 0.078474
13 86 0.078474
13 87 0.078475
13 88 0.078475
13 89 0.078475
13 90 0.078475
13 91 0.078475
13 92 0.078475
13 93 0.078475
13 94 0.078476
13 95 0.078476
13 96 0.078476
13 97 0.078476
13 98 0.078477
13 99 0.078475

14 0 0.078478
14 1 0.078479
14 2 0.078479
14 3 0.078479
14 4 0.078479
14 5 0.078479
14 6 0.078479
14 7 0.078479
14 8 0.078479
14 9 0.078479
14 10 0.078479
14 11 0.078479
14 12 0.078479
14 13 0.078479
14 14 0.078478
14 15 0.078478
14 16 0.078478
14 17 0.078477
14 18 0.078477
14 19 0.078476
14 20 0.078476
14 21 0.078476
14 22 0.078475
14 23 0.078475
14 24 0.078475
14 25 0.078475
14 26 0.078475
14 27 0.078474
14 28 0.078474
14 29 0.078474
14 30 0.078473
14 31 0.078473
14 32 0.078473
14 33 0.078472
14 34 0.078472
14 35 0.078472
14 36 0.078471
14 37 0.078471
14 38 0.078470
14 39 0.078470
14 40 0.078470
14 41 0.078470
14 42 0.078469
14 43 0.078469
14 44 0.078469
14 45 0.078468
14 46 0.078468
14 47 0.078468
14 48 0.078468
14 49 0.078467
14 50 0.078467
14 51 0.078467
14 52 0.078467
14 53 0.078467
14 54 0.078467
14 55 0.078467
14 56 0.078468
14 57 0.078468
14 58 0.078468
14 59 0.078468
14 60 0.078468
14 61 0.078468
14 62 0.078468
14 63 0.078469
14 64 0.078469
14 65 0.078469
14 66 0.078469
14 67 0.078469
14 68 0.078469
14 69 0.078469
14 70 0.078469
14 71 0.078469
14 72 0.078470
14 73 0.078470
14 74 0.078470
14 75 0.078470
14 76 0.078471
14 77 0.078471
14 78 0.078471
14 79 0.078471
14 80 0.078472
14 81 0.078472
14 82 0.078472
14 83 0.078473
14 84 0.078473
14 85 0.078473
14 86 0.078474
14 87 0.078474
14 88 0.078474
14 89 0.078475
14 90 0.078475
14 91 0.078475
14 92 0.078475
14 93 0.078475
14 94 0.078475
14 95 0.078476
14 96 0.078476
14 97 0.078476
14 98 0.078476
14 99 0.078475

15 0 0.078478
15 1 0.078479
15 2 0.078479
15 3 0.078479
15 4 0.078479
15 5 0.078479
15 6 0.078479
15 7 0.078479
15 8 0.078479
15 9 0.078479
15 10 0.078479
15 11 0.078479
15 12 0.078478
15 13 0.078478
15 14 0.078478
15 15 0.078477
15 16 0.078477
15 17 0.078476
15 18 0.078476
15 19 0.078476
15 20 0.078475
15 21 0.078475
15 22 0.078474
15 23 0.078474
15 24 0.078474
15 25 0.078474
15 26 0.078474
15 27 0.078473
15 28 0.078473
15 29 0.078473
15 30 0.078472
15 31 0.078472
15 32 0.078472
15 33 0.078471
15 34 0.078471
15 35 0.078471
15 36 0.078470
15 37 0.078470
15 38 0.078470
15 39 0.078469
15 40 0.078469
15 41 0.078469
15 42 0.078468
15 43 0.078468
15 44 0.078468
15 45 0.078467
15 46 0.078467
15 47 0.078467
15 48 0.078467
15 49 0.078466
15 50 0.078466
15 51 0.078466
15 52 0.078466
15 53 0.078466
15 54 0.078466
15 55 0.078467
15 56 0.078467
15 57 0.078467
15 58 0.078467
15 59 0.078467
15 60 0.078467
15 61 0.078467
15 62 0.078467
15 63 0.078468
15 64 0.078468
15 65 0.078468
15 66 0.078468
15 67 0.078468
15 68 0.078468
15 69 0.078468
15 70 0.078469
15 71 0.078469
15 72 0.078469
15 73 0.078469
15 74 0.078469
15 75 0.078470
15 76 0.078470
15 77 0.078470
15 78 0.078470
15 79 0.078470
15 80 0.078471
15 81 0.078471
15 82 0.078472
15 83 0.078472
15 84 0.078472
15 85 0.078473
15 86 0.078473
15 87 0.078474
15 88 0.078474
15 89 0.078474
15 90 0.078474
15 91 0.078475
15 92 0.078475
15 93 0.078475
15 94 0.078475
15 95 0.078476
15 96 0.078476
15 97 0.078476
15 98 0.078476
15 99 0.078475

16 0 0.078478
16 1 0.078479
16 2 0.078479
16 3 0.078479
16 4 0.078479
16 5 0.078479
16 6 0.078479
16 7 0.078479
16 8 0.078479
16 9 0.078478
16 10 0.078478
16 11 0.078478
16 12 0.078478
16 13 0.078477
16 14 0.078477
16 15 0.078476
16 16 0.078476
16 17 0.078476
16 18 0.078475
16 19 0.078475
16 20 0.078474
16 21 0.078474
16 22 0.078473
16 23 0.078473
16 24 0.078473
16 25 0.078473
16 26 0.078473
16 27 0.078472
16 28 0.078472
16 29 0.078472
16 30 0.078471
16 31 0.078471
16 32 0.078471
16 33 0.078470
16 34 0.078470
16 35 0.078470
16 36 0.078469
16 37 0.078469
16 38 0.078469
16 39 0.078468
16 40 0.078468
16 41 0.078468
16 42 0.078468
16 43 0.078467
16 44 0.078467
16 45 0.078467
16 46 0.078466
16 47 0.078466
16 48 0.078466
16 49 0.078466
16 50 0.078465
16 51 0.078465
16 52 0.078465
16 53 0.078465
16 54 0.078465
16 55 0.078466
16 56 0.078466
16 57 0.078466
16 58 0.078466
16 59 0.078466
16 60 0.078466
16 61 0.078466
16 62 0.078467
16 63 0.078467
16 64 0.078467
16 65 0.078467
16 66 0.078467
16 67 0.078467
16 68 0.078467
16 69 0.078468
16 70 0.078468
16 71 0.078468
16 72 0.078468
16 73 0.078468
16 74 0.078468
16 75 0.078469
16 76 0.078469
16 77 0.078469
16 78 0.078469
16 79 0.078470
16 80 0.078470
16 81 0.078471
16 82 0.078471
16 83 0.078472
16 84 0.078472
16 85 0.078472
16 86 0.078473
16 87 0.078473
16 88 0.078474
16 89 0.078474
16 90 0.078474
16 91 0.078475
16 92 0.078475
16 93 0.078475
16 94 0.078475
16 95 0.078476
16 96 0.078476
16 97 0.078476
16 98 0.078476
16 99 0.078475

17 0 0.078478
17 1 0.078479
17 2 0.078479
17 3 0.078479
17 4 0.078479
17 5 0.078479
17 6 0.078479
17 7 0.078479
17 8 0.078479
17 9 0.078478
17 10 0.078478
17 11 0.078478
17 12 0.078477
17 13 0.078477
17 14 0.078476
17 15 0.078476
17 16 0.078475
17 17 0.078475
17 18 0.078474
17 19 0.078474
17 20 0.078473
17 21 0.078473
17 22 0.078473
17 23 0.078472
17 24 0.078472
17 25 0.078472
17 26 0.078472
17 27 0.078471
17 28 0.078471
17 29 0.078471
17 30 0.078470
17 31 0.078470
17 32 0.078470
17 33 0.078469
17 34 0.078469
17 35 0.078469
17 36 0.078468
17 37 0.078468
17 38 0.078468
17 39 0.078468
17 40 0.078467
17 41 0.078467
17 42 0.078467
17 43 0.078466
17 44 0.078466
17 45 0.078466
17 46 0.078465
17 47 0.078465
17 48 0.078465
17 49 0.078465
17 50 0.078465
17 51 0.078465
17 52 0.078465
17 53 0.078465
17 54 0.078465
17 55 0.078465
17 56 0.078465
17 57 0.078465
17 58 0.078465
17 59 0.078465
17 60 0.078465
17 61 0.078465
17 62 0.078466
17 63 0.078466
17 64 0.078466
17 65 0.078466
17 66 0.078466
17 67 0.078466
17 68 0.078467
17 69 0.078467
17 70 0.078467
17 71 0.078467
17 72 0.078467
17 73 0.078467
17 74 0.078468
17 75 0.078468
17 76 0.078468
17 77 0.078468
17 78 0.078468
17 79 0.078469
17 80 0.078469
17 81 0.078470
17 82 0.078470
17 83 0.078471
17 84 0.078471
17 85 0.078472
17 86 0.078472
17 87 0.078473
17 88 0.078473
17 89 0.078474
17 90 0.078474
17 91 0.078474
17 92 0.078474
17 93 0.078475
17 94 0.078475
17 95 0.078476
17 96 0.078476
17 97 0.078476
17 98 0.078476
17 99 0.078474

18 0 0.078478
18 1 0.078479
18 2 0.078479
18 3 0.078479
18 4 0.078479
18 5 0.078478
18 6 0.078478
18 7 0.078478
18 8 0.078478
18 9 0.078478
18 10 0.078477
18 11 0.078477
18 12 0.078477
18 13 0.078476
18 14 0.078476
18 15 0.078475
18 16 0.078475
18 17 0.078474
18 18 0.078474
18 19 0.078473
18 20 0.078473
18 21 0.078472
18 22 0.078472
18 23 0.078472
18 24 0.078471
18 25 0.078471
18 26 0.078471
18 27 0.078471
18 28 0.078470
18 29 0.078470
18 30 0.078470
18 31 0.078469
18 32 0.078469
18 33 0.078469
18 34 0.078468
18 35 0.078468
18 36 0.078468
18 37 0.078468
18 38 0.078467
18 39 0.078467
18 40 0.078467
18 41 0.078466
18 42 0.078466
18 43 0.078466
18 44 0.078465
18 45 0.078465
18 46 0.078465
18 47 0.078464
18 48 0.078464
18 49 0.078464
18 50 0.078464
18 51 0.078464
18 52 0.078464
18 53 0.078464
18 54 0.078464
18 55 0.078464
18 56 0.078464
18 57 0.078464
18 58 0.078464
18 59 0.078464
18 60 0.078464
18 61 0.078465
18 62 0.078465
18 63 0.078465
18 64 0.078465
18 65 0.078465
18 66 0.078466
18 67 0.078466
18 68 0.078466
18 69 0.078466
18 70 0.078466
18 71 0.078467
18 72 0.078467
18 73 0.078467
18 74 0.078467
18 75 0.078467
18 76 0.078467
18 77 0.078467
18 78 0.078467
18 79 0.078468
18 80 0.078469
18 81 0.078469
18 82 0.078470
18 83 0.078470
18 84 0.078471
18 85 0.078472
18 86 0.078472
18 87 0.078473
18 88 0.078473
18 89 0.078473
18 90 0.078473
18 91 0.078474
18 92 0.078474
18 93 0.078474
18 94 0.078475
18 95 0.078475
18 96 0.078475
18 97 0.078475
18 98 0.078476
18 99 0.078474

19 0 0.078478
19 1 0.078479
19 2 0.078478
19 3 0.078478
19 4 0.078478
19 5 0.078478
19 6 0.078478
19 7 0.078478
19 8 0.078478
19 9 0.078477
19 10 0.078477
19 11 0.078477
19 12 0.078476
19 13 0.078476
19 14 0.078475
19 15 0.078475
19 16 0.078474
19 17 0.078474
19 18 0.078473
19 19 0.078473
19 20 0.078472
19 21 0.078472
19 22 0.078472
19 23 0.078471
19 24 0.078471
19 25 0.078471
19 26 0.078470
19 27 0.078470
19 28 0.078470
19 29 0.078469
19 30 0.078469
19 31 0.078469
19 32 0.078468
19 33 0.078468
19 34 0.078468
19 35 0.078468
19 36 0.078467
19 37 0.078467
19 38 0.078467
19 39 0.078467
19 40 0.078466
19 41 0.078466
19 42 0.078465
19 43 0.078465
19 44 0.078465
19 45 0.078464
19 46 0.078464
19 47 0.078464
19 48 0.078464
19 49 0.078463
19 50 0.078463
19 51 0.078463
19 52 0.078463
19 53 0.078463
19 54 0.078463
19 55 0.078463
19 56 0.078463
19 57 0.078463
19 58 0.078463
19 59 0.078463
19 60 0.078464
19 61 0.078464
19 62 0.078464
19 63 0.078464
19 64 0.078465
19 65 0.078465
19 66 0.078465
19 67 0.078465
19 68 0.078466
19 69 0.078466
19 70 0.078466
19 71 0.078466
19 72 0.078466
19 73 0.078466
19 74 0.078466
19 75 0.078466
19 76 0.078466
19 77 0.078466
19 78 0.078467
19 79 0.078467
19 80 0.078468
19 81 0.078469
19 82 0.078470
19 83 0.078470
19 84 0.078471
19 85 0.078471
19 86 0.078472
19 87 0.078472
19 88 0.078473
19 89 0.078473
19 90 0.078473
19 91 0.078473
19 92 0.078473
19 93 0.078474
19 94 0.078474
19 95 0.078475
19 96 0.078475
19 97 0.078475
19 98 0.078475
19 99 0.078474

20 0 0.078477
20 1 0.078478
20 2 0.078478
20 3 0.078478
20 4 0.078478
20 5 0.078478
20 6 0.078478
20 7 0.078477
20 8 0.078477
20 9 0.078477
20 10 0.078477
20 11 0.078476
20 12 0.078476
20 13 0.078475
20 14 0.078475
20 15 0.078474
20 16 0.078474
20 17 0.078473
20 18 0.078473
20 19 0.078472
20 20 0.078472
20 21 0.078472
20 22 0.078471
20 23 0.078471
20 24 0.078471
20 25 0.078470
20 26 0.078470
20 27 0.078470
20 28 0.078469
20 29 0.078469
20 30 0.078468
20 31 0.078468
20 32 0.078468
20 33 0.078468
20 34 0.078467
20 35 0.078467
20 36 0.078467
20 37 0.078467
20 38 0.078466
20 39 0.078466
20 40 0.078466
20 41 0.078466
20 42 0.078465
20 43 0.078465
20 44 0.078464
20 45 0.078464
20 46 0.078463
20 47 0.078463
20 48 0.078463
20 49 0.078462
20 50 0.078462
20 51 0.078462
20 52 0.078462
20 53 0.078462
20 54 0.078462
20 55 0.078462
20 56 0.078462
20 57 0.078462
20 58 0.078463
20 59 0.078463
20 60 0.078463
20 61 0.078463
20 62 0.078464
20 63 0.078464
20 64 0.078464
20 65 0.078465
20 66 0.078465
20 67 0.078465
20 68 0.078465
20 69 0.078466
20 70 0.078466
20 71 0.078465
20 72 0.078465
20 73 0.078465
20 74 0.078465
20 75 0.078465
20 76 0.078466
20 77 0.078466
20 78 0.078467
20 79 0.078468
20 80 0.078469
20 81 0.078470
20 82 0.078471
20 83 0.078471
20 84 0.078472
20 85 0.078472
20 86 0.078473
20 87 0.078473
20 88 0.078473
20 89 0.078473
20 90 0.078474
20 91 0.078474
20 92 0.078474
20 93 0.078475
20 94 0.078475
20 95 0.078475
20 96 0.078475
20 97 0.078475
20 98 0.078475
20 99 0.078474

21 0 0.078477
21 1 0.078478
21 2 0.078478
21 3 0.078478
21 4 0.078478
21 5 0.078478
21 6 0.078478
21 7 0.078478
21 8 0.078478
21 9 0.078477
21 10 0.078477
21 11 0.078477
21 12 0.078476
21 13 0.078476
21 14 0.078475
21 15 0.078475
21 16 0.078474
21 17 0.078474
21 18 0.078473
21 19 0.078473
21 20 0.078472
21 21 0.078472
21 22 0.078471
21 23 0.078471
21 24 0.078470
21 25 0.078470
21 26 0.078470
21 27 0.078469
21 28 0.078469
21 29 0.078468
21 30 0.078468
21 31 0.078468
21 32 0.078468
21 33 0.078467
21 34 0.078467
21 35 0.078467
21 36 0.078467
21 37 0.078467
21 38 0.078466
21 39 0.078466
21 40 0.078465
21 41 0.078465
21 42 0.078464
21 43 0.078464
21 44 0.078463
21 45 0.078463
21 46 0.078463
21 47 0.078462
21 48 0.078462
21 49 0.078462
21 50 0.078461
21 51 0.078461
21 52 0.078461
21 53 0.078461
21 54 0.078461
21 55 0.078461
21 56 0.078462
21 57 0.078462
21 58 0.078462
21 59 0.078462
21 60 0.078462
21 61 0.078463
21 62 0.078463
21 63 0.078464
21 64 0.078464
21 65 0.078464
21 66 0.078465
21 67 0.078465
21 68 0.078465
21 69 0.078465
21 70 0.078465
21 71 0.078465
21 72 0.078465
21 73 0.078465
21 74 0.078465
21 75 0.078465
21 76 0.078465
21 77 0.078466
21 78 0.078467
21 79 0.078468
21 80 0.078469
21 81 0.078470
21 82 0.078471
21 83 0.078472
21 84 0.078472
21 85 0.078473
21 86 0.078473
21 87 0.078473
21 88 0.078473
21 89 0.078473
21 90 0.078473
21 91 0.078474
21 92 0.078474
21 93 0.078475
21 94 0.078475
21 95 0.078475
21 96 0.078475
21 97 0.078475
21 98 0.078475
21 99 0.078474

22 0 0.078477
22 1 0.078478
22 2 0.078478
22 3 0.078478
22 4 0.078478
22 5 0.078478
22 6 0.078478
22 7 0.078478
22 8 0.078478
22 9 0.078477
22 10 0.078477
22 11 0.078477
22 12 0.078476
22 13 0.078476
22 14 0.078475
22 15 0.078475
22 16 0.078474
22 17 0.078473
22 18 0.078473
22 19 0.078472
22 20 0.078472
22 21 0.078472
22 22 0.078471
22 23 0.078471
22 24 0.078470
22 25 0.078470
22 26 0.078469
22 27 0.078469
22 28 0.078468
22 29 0.078468
22 30 0.078468
22 31 0.078467
22 32 0.078467
22 33 0.078467
22 34 0.078467
22 35 0.078467
22 36 0.078466
22 37 0.078466
22 38 0.078466
22 39 0.078465
22 40 0.078465
22 41 0.078464
22 42 0.078464
22 43 0.078463
22 44 0.078463
22 45 0.078462
22 46 0.078462
22 47 0.078461
22 48 0.078461
22 49 0.078461
22 50 0.078461
22 51 0.078460
22 52 0.078460
22 53 0.078460
22 54 0.078461
22 55 0.078461
22 56 0.078461
22 57 0.078461
22 58 0.078461
22 59 0.078461
22 60 0.078462
22 61 0.078462
22 62 0.078463
22 63 0.078463
22 64 0.078464
22 65 0.078464
22 66 0.078465
22 67 0.078465
22 68 0.078465
22 69 0.078465
22 70 0.078465
22 71 0.078465
22 72 0.078464
22 73 0.078464
22 74 0.078464
22 75 0.078464
22 76 0.078465
22 77 0.078466
22 78 0.078467
22 79 0.078468
22 80 0.078469
22 81 0.078470
22 82 0.078471
22 83 0.078472
22 84 0.078472
22 85 0.078472
22 86 0.078473
22 87 0.078473
22 88 0.078473
22 89 0.078473
22 90 0.078473
22 91 0.078473
22 92 0.078474
22 93 0.078474
22 94 0.078475
22 95 0.078475
22 96 0.078475
22 97 0.078475
22 98 0.078475
22 99 0.078474

23 0 0.078477
23 1 0.078478
23 2 0.078478
23 3 0.078478
23 4 0.078478
23 5 0.078478
23 6 0.078478
23 7 0.078478
23 8 0.078477
23 9 0.078477
23 10 0.078477
23 11 0.078476
23 12 0.078476
23 13 0.078475
23 14 0.078475
23 15 0.078474
23 16 0.078474
23 17 0.078473
23 18 0.078473
23 19 0.078472
23 20 0.078472
23 21 0.078471
23 22 0.078471
23 23 0.078470
23 24 0.078470
23 25 0.078469
23 26 0.078469
23 27 0.078468
23 28 0.078468
23 29 0.078467
23 30 0.078467
23 31 0.078467
23 32 0.078467
23 33 0.078467
23 34 0.078466
23 35 0.078466
23 36 0.078466
23 37 0.078465
23 38 0.078465
23 39 0.078464
23 40 0.078464
23 41 0.078463
23 42 0.078463
23 43 0.078462
23 44 0.078462
23 45 0.078461
23 46 0.078461
23 47 0.078460
23 48 0.078460
23 49 0.078460
23 50 0.078460
23 51 0.078460
23 52 0.078460
23 53 0.078460
23 54 0.078460
23 55 0.078460
23 56 0.078460
23 57 0.078460
23 58 0.078461
23 59 0.078461
23 60 0.078461
23 61 0.078462
23 62 0.078463
23 63 0.078463
23 64 0.078464
23 65 0.078464
23 66 0.078465
23 67 0.078465
23 68 0.078465
23 69 0.078465
23 70 0.078464
23 71 0.078464
23 72 0.078464
23 73 0.078464
23 74 0.078464
23 75 0.078464
23 76 0.078464
23 77 0.078465
23 78 0.078467
23 79 0.078468
23 80 0.078469
23 81 0.078470
23 82 0.078471
23 83 0.078472
23 84 0.078472
23 85 0.078472
23 86 0.078472
23 87 0.078473
23 88 0.078473
23 89 0.078473
23 90 0.078473
23 91 0.078473
23 92 0.078473
23 93 0.078474
23 94 0.078474
23 95 0.078475
23 96 0.078475
23 97 0.078474
23 98 0.078475
23 99 0.078474

24 0 0.078477
24 1 0.078478
24 2 0.078478
24 3 0.078478
24 4 0.078478
24 5 0.078478
24 6 0.078478
24 7 0.078478
24 8 0.078477
24 9 0.078477
24 10 0.078477
24 11 0.078476
24 12 0.078476
24 13 0.078475
24 14 0.078475
24 15 0.078474
24 16 0.078474
24 17 0.078473
24 18 0.078473
24 19 0.078472
24 20 0.078472
24 21 0.078471
24 22 0.078471
24 23 0.078470
24 24 0.078469
24 25 0.078469
24 26 0.078468
24 27 0.078468
24 28 0.078467
24 29 0.078467
24 30 0.078467
24 31 0.078466
24 32 0.078466
24 33 0.078466
24 34 0.078466
24 35 0.078466
24 36 0.078465
24 37 0.078465
24 38 0.078464
24 39 0.078464
24 40 0.078463
24 41 0.078462
24 42 0.078462
24 43 0.078461
24 44 0.078461
24 45 0.078460
24 46 0.078460
24 47 0.078460
24 48 0.078459
24 49 0.078459
24 50 0.078459
24 51 0.078459
24 52 0.078459
24 53 0.078459
24 54 0.078459
24 55 0.078459
24 56 0.078460
24 57 0.078460
24 58 0.078460
24 59 0.078461
24 60 0.078461
24 61 0.078462
24 62 0.078462
24 63 0.078463
24 64 0.078464
24 65 0.078464
24 66 0.078464
24 67 0.078464
24 68 0.078464
24 69 0.078464
24 70 0.078464
24 71 0.078463
24 72 0.078463
24 73 0.078463
24 74 0.078463
24 75 0.078463
24 76 0.078464
24 77 0.078465
24 78 0.078467
24 79 0.078468
24 80 0.078469
24 81 0.078470
24 82 0.078471
24 83 0.078472
24 84 0.078472
24 85 0.078472
24 86 0.078472
24 87 0.078472
24 88 0.078472
24 89 0.078472
24 90 0.078473
24 91 0.078473
24 92 0.078473
24 93 0.078474
24 94 0.078474
24 95 0.078475
24 96 0.078475
24 97 0.078475
24 98 0.078475
24 99 0.078473

25 0 0.078477
25 1 0.078478
25 2 0.078478
25 3 0.078478
25 4 0.078478
25 5 0.078478
25 6 0.078478
25 7 0.078478
25 8 0.078477
25 9 0.078477
25 10 0.078477
25 11 0.078476
25 12 0.078476
25 13 0.078475
25 14 0.078475
25 15 0.078474
25 16 0.078474
25 17 0.078473
25 18 0.078473
25 19 0.078472
25 20 0.078472
25 21 0.078471
25 22 0.078470
25 23 0.078470
25 24 0.078469
25 25 0.078468
25 26 0.078468
25 27 0.078467
25 28 0.078467
25 29 0.078466
25 30 0.078466
25 31 0.078466
25 32 0.078466
25 33 0.078466
25 34 0.078465
25 35 0.078465
25 36 0.078464
25 37 0.078464
25 38 0.078463
25 39 0.078463
25 40 0.078462
25 41 0.078461
25 42 0.078461
25 43 0.078460
25 44 0.078460
25 45 0.078459
25 46 0.078459
25 47 0.078459
25 48 0.078458
25 49 0.078458
25 50 0.078458
25 51 0.078458
25 52 0.078458
25 53 0.078458
25 54 0.078458
25 55 0.078459
25 56 0.078459
25 57 0.078459
25 58 0.078460
25 59 0.078460
25 60 0.078461
25 61 0.078461
25 62 0.078462
25 63 0.078463
25 64 0.078463
25 65 0.078464
25 66 0.078464
25 67 0.078464
25 68 0.078464
25 69 0.078464
25 70 0.078463
25 71 0.078463
25 72 0.078462
25 73 0.078462
25 74 0.078462
25 75 0.078463
25 76 0.078464
25 77 0.078465
25 78 0.078467
25 79 0.078468
25 80 0.078469
25 81 0.078470
25 82 0.078471
25 83 0.078471
25 84 0.078472
25 85 0.078472
25 86 0.078472
25 87 0.078472
25 88 0.078472
25 89 0.078472
25 90 0.078472
25 91 0.078473
25 92 0.078473
25 93 0.078474
25 94 0.078474
25 95 0.078475
25 96 0.078475
25 97 0.078475
25 98 0.078475
25 99 0.078473

26 0 0.078477
26 1 0.078478
26 2 0.078478
26 3 0.078479
26 4 0.078479
26 5 0.078478
26 6 0.078478
26 7 0.078478
26 8 0.078477
26 9 0.078477
26 10 0.078477
26 11 0.078476
26 12 0.078476
26 13 0.078475
26 14 0.078475
26 15 0.078474
26 16 0.078474
26 17 0.078473
26 18 0.078473
26 19 0.078472
26 20 0.078471
26 21 0.078471
26 22 0.078470
26 23 0.078469
26 24 0.078468
26 25 0.078468
26 26 0.078467
26 27 0.078467
26 28 0.078466
26 29 0.078466
26 30 0.078466
26 31 0.078465
26 32 0.078465
26 33 0.078465
26 34 0.078465
26 35 0.078464
26 36 0.078464
26 37 0.078463
26 38 0.078462
26 39 0.078462
26 40 0.078461
26 41 0.078460
26 42 0.078460
26 43 0.078459
26 44 0.078459
26 45 0.078458
26 46 0.078458
26 47 0.078458
26 48 0.078457
26 49 0.078457
26 50 0.078457
26 51 0.078457
26 52 0.078457
26 53 0.078458
26 54 0.078458
26 55 0.078458
26 56 0.078458
26 57 0.078459
26 58 0.078459
26 59 0.078460
26 60 0.078460
26 61 0.078461
26 62 0.078462
26 63 0.078462
26 64 0.078463
26 65 0.078463
26 66 0.078464
26 67 0.078464
26 68 0.078463
26 69 0.078463
26 70 0.078462
26 71 0.078462
26 72 0.078462
26 73 0.078462
26 74 0.078462
26 75 0.078463
26 76 0.078464
26 77 0.078465
26 78 0.078467
26 79 0.078468
26 80 0.078470
26 81 0.078471
26 82 0.078471
26 83 0.078471
26 84 0.078471
26 85 0.078471
26 86 0.078471
26 87 0.078472
26 88 0.078472
26 89 0.078472
26 90 0.078472
26 91 0.078473
26 92 0.078473
26 93 0.078474
26 94 0.078474
26 95 0.078475
26 96 0.078475
26 97 0.078475
26 98 0.078475
26 99 0.078473

27 0 0.078477
27 1 0.078479
27 2 0.078479
27 3 0.078479
27 4 0.078478
27 5 0.078478
27 6 0.078478
27 7 0.078478
27 8 0.078477
27 9 0.078477
27 10 0.078476
27 11 0.078476
27 12 0.078475
27 13 0.078475
27 14 0.078475
27 15 0.078474
27 16 0.078474
27 17 0.078473
27 18 0.078472
27 19 0.078472
27 20 0.078471
27 21 0.078470
27 22 0.078470
27 23 0.078469
27 24 0.078468
27 25 0.078467
27 26 0.078467
27 27 0.078466
27 28 0.078466
27 29 0.078465
27 30 0.078465
27 31 0.078464
27 32 0.078464
27 33 0.078463
27 34 0.078463
27 35 0.078462
27 36 0.078462
27 37 0.078461
27 38 0.078461
27 39 0.078460
27 40 0.078460
27 41 0.078459
27 42 0.078459
27 43 0.078458
27 44 0.078458
27 45 0.078457
27 46 0.078457
27 47 0.078457
27 48 0.078457
27 49 0.078457
27 50 0.078457
27 51 0.078457
27 52 0.078457
27 53 0.078457
27 54 0.078458
27 55 0.078458
27 56 0.078458
27 57 0.078459
27 58 0.078459
27 59 0.078460
27 60 0.078460
27 61 0.078461
27 62 0.078461
27 63 0.078462
27 64 0.078462
27 65 0.078462
27 66 0.078462
27 67 0.078462
27 68 0.078461
27 69 0.078461
27 70 0.078461
27 71 0.078461
27 72 0.078461
27 73 0.078461
27 74 0.078462
27 75 0.078463
27 76 0.078465
27 77 0.078466
27 78 0.078468
27 79 0.078469
27 80 0.078470
27 81 0.078470
27 82 0.078471
27 83 0.078471
27 84 0.078471
27 85 0.078471
27 86 0.078472
27 87 0.078472
27 88 0.078473
27 89 0.078473
27 90 0.078473
27 91 0.078473
27 92 0.078474
27 93 0.078475
27 94 0.078475
27 95 0.078475
27 96 0.078475
27 97 0.078474
27 98 0.078475
27 99 0.078475

28 0 0.078479
28 1 0.078479
28 2 0.078478
28 3 0.078478
28 4 0.078478
28 5 0.078478
28 6 0.078478
28 7 0.078477
28 8 0.078477
28 9 0.078476
28 10 0.078476
28 11 0.078475
28 12 0.078475
28 13 0.078475
28 14 0.078474
28 15 0.078474
28 16 0.078473
28 17 0.078473
28 18 0.078472
28 19 0.078471
28 20 0.078471
28 21 0.078470
28 22 0.078469
28 23 0.078468
28 24 0.078468
28 25 0.078467
28 26 0.078466
28 27 0.078466
28 28 0.078465
28 29 0.078465
28 30 0.078464
28 31 0.078464
28 32 0.078463
28 33 0.078463
28 34 0.078462
28 35 0.078461
28 36 0.078461
28 37 0.078460
28 38 0.078460
28 39 0.078459
28 40 0.078459
28 41 0.078458
28 42 0.078458
28 43 0.078457
28 44 0.078457
28 45 0.078457
28 46 0.078456
28 47 0.078456
28 48 0.078456
28 49 0.078456
28 50 0.078456
28 51 0.078457
28 52 0.078457
28 53 0.078457
28 54 0.078457
28 55 0.078457
28 56 0.078458
28 57 0.078458
28 58 0.078459
28 59 0.078459
28 60 0.078460
28 61 0.078460
28 62 0.078461
28 63 0.078461
28 64 0.078461
28 65 0.078461
28 66 0.078461
28 67 0.078461
28 68 0.078461
28 69 0.078460
28 70 0.078460
28 71 0.078460
28 72 0.078460
28 73 0.078461
28 74 0.078462
28 75 0.078463
28 76 0.078465
28 77 0.078467
28 78 0.078468
28 79 0.078469
28 80 0.078470
28 81 0.078470
28 82 0.078470
28 83 0.078470
28 84 0.078471
28 85 0.078471
28 86 0.078472
28 87 0.078472
28 88 0.078472
28 89 0.078472
28 90 0.078472
28 91 0.078473
28 92 0.078473
28 93 0.078474
28 94 0.078475
28 95 0.078475
28 96 0.078474
28 97 0.078474
28 98 0.078475
28 99 0.078475

29 0 0.078478
29 1 0.078478
29 2 0.078478
29 3 0.078478
29 4 0.078478
29 5 0.078478
29 6 0.078478
29 7 0.078477
29 8 0.078477
29 9 0.078476
29 10 0.078476
29 11 0.078475
29 12 0.078475
29 13 0.078474
29 14 0.078474
29 15 0.078473
29 16 0.078473
29 17 0.078472
29 18 0.078472
29 19 0.078471
29 20 0.078470
29 21 0.078470
29 22 0.078469
29 23 0.078468
29 24 0.078467
29 25 0.078467
29 26 0.078466
29 27 0.078465
29 28 0.078465
29 29 0.078464
29 30 0.078463
29 31 0.078463
29 32 0.078462
29 33 0.078462
29 34 0.078461
29 35 0.078461
29 36 0.078460
29 37 0.078460
29 38 0.078459
29 39 0.078459
29 40 0.078458
29 41 0.078458
29 42 0.078457
29 43 0.078457
29 44 0.078456
29 45 0.078456
29 46 0.078456
29 47 0.078456
29 48 0.078456
29 49 0.078456
29 50 0.078456
29 51 0.078456
29 52 0.078456
29 53 0.078457
29 54 0.078457
29 55 0.078457
29 56 0.078457
29 57 0.078457
29 58 0.078458
29 59 0.078458
29 60 0.078459
29 61 0.078460
29 62 0.078460
29 63 0.078460
29 64 0.078461
29 65 0.078461
29 66 0.078461
29 67 0.078460
29 68 0.078460
29 69 0.078460
29 70 0.078460
29 71 0.078460
29 72 0.078460
29 73 0.078461
29 74 0.078462
29 75 0.078463
29 76 0.078465
29 77 0.078467
29 78 0.078468
29 79 0.078469
29 80 0.078469
29 81 0.078469
29 82 0.078470
29 83 0.078470
29 84 0.078470
29 85 0.078471
29 86 0.078472
29 87 0.078472
29 88 0.078472
29 89 0.078472
29 90 0.078472
29 91 0.078473
29 92 0.078473
29 93 0.078474
29 94 0.078474
29 95 0.078474
29 96 0.078474
29 97 0.078474
29 98 0.078474
29 99 0.078474

30 0 0.078478
30 1 0.078478
30 2 0.078478
30 3 0.078477
30 4 0.078478
30 5 0.078477
30 6 0.078477
30 7 0.078476
30 8 0.078476
30 9 0.078476
30 10 0.078475
30 11 0.078475
30 12 0.078474
30 13 0.078474
30 14 0.078474
30 15 0.078473
30 16 0.078473
30 17 0.078472
30 18 0.078472
30 19 0.078471
30 20 0.078470
30 21 0.078470
30 22 0.078469
30 23 0.078468
30 24 0.078467
30 25 0.078466
30 26 0.078466
30 27 0.078465
30 28 0.078464
30 29 0.078463
30 30 0.078462
30 31 0.078462
30 32 0.078461
30 33 0.078461
30 34 0.078460
30 35 0.078460
30 36 0.078459
30 37 0.078459
30 38 0.078459
30 39 0.078458
30 40 0.078458
30 41 0.078457
30 42 0.078457
30 43 0.078457
30 44 0.078456
30 45 0.078456
30 46 0.078456
30 47 0.078456
30 48 0.078456
30 49 0.078456
30 50 0.078456
30 51 0.078456
30 52 0.078456
30 53 0.078456
30 54 0.078456
30 55 0.078456
30 56 0.078456
30 57 0.078457
30 58 0.078457
30 59 0.078458
30 60 0.078459
30 61 0.078459
30 62 0.078459
30 63 0.078460
30 64 0.078460
30 65 0.078460
30 66 0.078459
30 67 0.078459
30 68 0.078459
30 69 0.078459
30 70 0.078460
30 71 0.078460
30 72 0.078461
30 73 0.078462
30 74 0.078464
30 75 0.078465
30 76 0.078467
30 77 0.078468
30 78 0.078468
30 79 0.078468
30 80 0.078468
30 81 0.078468
30 82 0.078469
30 83 0.078470
30 84 0.078471
30 85 0.078472
30 86 0.078472
30 87 0.078472
30 88 0.078472
30 89 0.078471
30 90 0.078472
30 91 0.078473
30 92 0.078473
30 93 0.078474
30 94 0.078474
30 95 0.078474
30 96 0.078473
30 97 0.078474
30 98 0.078475
30 99 0.078475

31 0 0.078478
31 1 0.078478
31 2 0.078477
31 3 0.078477
31 4 0.078477
31 5 0.078477
31 6 0.078477
31 7 0.078476
31 8 0.078476
31 9 0.078476
31 10 0.078475
31 11 0.078475
31 12 0.078475
31 13 0.078474
31 14 0.078474
31 15 0.078473
31 16 0.078473
31 17 0.078472
31 18 0.078472
31 19 0.078471
31 20 0.078470
31 21 0.078469
31 22 0.078469
31 23 0.078468
31 24 0.078467
31 25 0.078466
31 26 0.078465
31 27 0.078464
31 28 0.078463
31 29 0.078463
31 30 0.078462
31 31 0.078461
31 32 0.078461
31 33 0.078460
31 34 0.078460
31 35 0.078459
31 36 0.078459
31 37 0.078459
31 38 0.078458
31 39 0.078458
31 40 0.078457
31 41 0.078457
31 42 0.078457
31 43 0.078456
31 44 0.078456
31 45 0.078456
31 46 0.078456
31 47 0.078456
31 48 0.078456
31 49 0.078456
31 50 0.078456
31 51 0.078455
31 52 0.078455
31 53 0.078455
31 54 0.078455
31 55 0.078456
31 56 0.078456
31 57 0.078457
31 58 0.078457
31 59 0.078458
31 60 0.078458
31 61 0.078459
31 62 0.078459
31 63 0.078459
31 64 0.078459
31 65 0.078459
31 66 0.078459
31 67 0.078459
31 68 0.078459
31 69 0.078459
31 70 0.078460
31 71 0.078460
31 72 0.078461
31 73 0.078463
31 74 0.078464
31 75 0.078465
31 76 0.078466
31 77 0.078467
31 78 0.078467
31 79 0.078467
31 80 0.078467
31 81 0.078468
31 82 0.078468
31 83 0.078470
31 84 0.078471
31 85 0.078472
31 86 0.078472
31 87 0.078471
31 88 0.078471
31 89 0.078471
31 90 0.078471
31 91 0.078472
31 92 0.078473
31 93 0.078474
31 94 0.078474
31 95 0.078473
31 96 0.078473
31 97 0.078473
31 98 0.078474
31 99 0.078474

32 0 0.078478
32 1 0.078478
32 2 0.078477
32 3 0.078477
32 4 0.078477
32 5 0.078477
32 6 0.078477
32 7 0.078476
32 8 0.078476
32 9 0.078475
32 10 0.078475
32 11 0.078475
32 12 0.078474
32 13 0.078474
32 14 0.078474
32 15 0.078473
32 16 0.078473
32 17 0.078472
32 18 0.078471
32 19 0.078471
32 20 0.078470
32 21 0.078469
32 22 0.078468
32 23 0.078467
32 24 0.078467
32 25 0.078466
32 26 0.078465
32 27 0.078464
32 28 0.078463
32 29 0.078462
32 30 0.078461
32 31 0.078461
32 32 0.078460
32 33 0.078460
32 34 0.078459
32 35 0.078459
32 36 0.078459
32 37 0.078458
32 38 0.078458
32 39 0.078458
32 40 0.078457
32 41 0.078457
32 42 0.078456
32 43 0.078456
32 44 0.078456
32 45 0.078456
32 46 0.078456
32 47 0.078456
32 48 0.078456
32 49 0.078455
32 50 0.078455
32 51 0.078455
32 52 0.078455
32 53 0.078455
32 54 0.078455
32 55 0.078455
32 56 0.078456
32 57 0.078456
32 58 0.078457
32 59 0.078457
32 60 0.078458
32 61 0.078459
32 62 0.078459
32 63 0.078459
32 64 0.078459
32 65 0.078459
32 66 0.078459
32 67 0.078459
32 68 0.078459
32 69 0.078459
32 70 0.078460
32 71 0.078461
32 72 0.078462
32 73 0.078463
32 74 0.078464
32 75 0.078465
32 76 0.078466
32 77 0.078466
32 78 0.078466
32 79 0.078466
32 80 0.078466
32 81 0.078467
32 82 0.078468
32 83 0.078469
32 84 0.078471
32 85 0.078471
32 86 0.078471
32 87 0.078471
32 88 0.078470
32 89 0.078470
32 90 0.078471
32 91 0.078472
32 92 0.078473
32 93 0.078474
32 94 0.078473
32 95 0.078473
32 96 0.078473
32 97 0.078473
32 98 0.078474
32 99 0.078474

33 0 0.078477
33 1 0.078478
33 2 0.078477
33 3 0.078477
33 4 0.078477
33 5 0.078476
33 6 0.078477
33 7 0.078476
33 8 0.078476
33 9 0.078475
33 10 0.078475
33 11 0.078474
33 12 0.078474
33 13 0.078474
33 14 0.078473
33 15 0.078473
33 16 0.078472
33 17 0.078472
33 18 0.078471
33 19 0.078470
33 20 0.078470
33 21 0.078469
33 22 0.078468
33 23 0.078467
33 24 0.078466
33 25 0.078465
33 26 0.078464
33 27 0.078463
33 28 0.078462
33 29 0.078462
33 30 0.078461
33 31 0.078460
33 32 0.078460
33 33 0.078459
33 34 0.078459
33 35 0.078459
33 36 0.078458
33 37 0.078458
33 38 0.078458
33 39 0.078457
33 40 0.078457
33 41 0.078457
33 42 0.078456
33 43 0.078456
33 44 0.078456
33 45 0.078456
33 46 0.078456
33 47 0.078455
33 48 0.078455
33 49 0.078455
33 50 0.078454
33 51 0.078454
33 52 0.078454
33 53 0.078454
33 54 0.078455
33 55 0.078455
33 56 0.078456
33 57 0.078456
33 58 0.078457
33 59 0.078457
33 60 0.078458
33 61 0.078458
33 62 0.078459
33 63 0.078459
33 64 0.078459
33 65 0.078459
33 66 0.078459
33 67 0.078459
33 68 0.078459
33 69 0.078459
33 70 0.078460
33 71 0.078461
33 72 0.078461
33 73 0.078463
33 74 0.078464
33 75 0.078465
33 76 0.078465
33 77 0.078466
33 78 0.078466
33 79 0.078466
33 80 0.078466
33 81 0.078467
33 82 0.078468
33 83 0.078469
33 84 0.078470
33 85 0.078471
33 86 0.078471
33 87 0.078470
33 88 0.078470
33 89 0.078470
33 90 0.078470
33 91 0.078472
33 92 0.078473
33 93 0.078473
33 94 0.078473
33 95 0.078473
33 96 0.078473
33 97 0.078473
33 98 0.078474
33 99 0.078473

34 0 0.078477
34 1 0.078477
34 2 0.078477
34 3 0.078477
34 4 0.078477
34 5 0.078476
34 6 0.078476
34 7 0.078476
34 8 0.078475
34 9 0.078475
34 10 0.078475
34 11 0.078474
34 12 0.078474
34 13 0.078473
34 14 0.078473
34 15 0.078473
34 16 0.078472
34 17 0.078471
34 18 0.078471
34 19 0.078470
34 20 0.078469
34 21 0.078468
34 22 0.078467
34 23 0.078466
34 24 0.078465
34 25 0.078464
34 26 0.078463
34 27 0.078462
34 28 0.078461
34 29 0.078461
34 30 0.078460
34 31 0.078460
34 32 0.078459
34 33 0.078459
34 34 0.078459
34 35 0.078458
34 36 0.078458
34 37 0.078458
34 38 0.078457
34 39 0.078457
34 40 0.078457
34 41 0.078456
34 42 0.078456
34 43 0.078456
34 44 0.078455
34 45 0.078455
34 46 0.078455
34 47 0.078455
34 48 0.078454
34 49 0.078454
34 50 0.078454
34 51 0.078454
34 52 0.078454
34 53 0.078454
34 54 0.078455
34 55 0.078455
34 56 0.078456
34 57 0.078456
34 58 0.078457
34 59 0.078458
34 60 0.078458
34 61 0.078458
34 62 0.078459
34 63 0.078459
34 64 0.078459
34 65 0.078459
34 66 0.078459
34 67 0.078459
34 68 0.078459
34 69 0.078459
34 70 0.078460
34 71 0.078460
34 72 0.078461
34 73 0.078462
34 74 0.078463
34 75 0.078464
34 76 0.078464
34 77 0.078464
34 78 0.078464
34 79 0.078465
34 80 0.078465
34 81 0.078467
34 82 0.078468
34 83 0.078469
34 84 0.078470
34 85 0.078471
34 86 0.078471
34 87 0.078470
34 88 0.078470
34 89 0.078470
34 90 0.078471
34 91 0.078472
34 92 0.078473
34 93 0.078473
34 94 0.078473
34 95 0.078473
34 96 0.078473
34 97 0.078473
34 98 0.078473
34 99 0.078473

35 0 0.078477
35 1 0.078477
35 2 0.078477
35 3 0.078476
35 4 0.078476
35 5 0.078476
35 6 0.078476
35 7 0.078475
35 8 0.078475
35 9 0.078474
35 10 0.078474
35 11 0.078473
35 12 0.078473
35 13 0.078473
35 14 0.078472
35 15 0.078472
35 16 0.078471
35 17 0.078471
35 18 0.078470
35 19 0.078469
35 20 0.078468
35 21 0.078468
35 22 0.078467
35 23 0.078465
35 24 0.078464
35 25 0.078463
35 26 0.078462
35 27 0.078461
35 28 0.078461
35 29 0.078460
35 30 0.078460
35 31 0.078459
35 32 0.078459
35 33 0.078459
35 34 0.078458
35 35 0.078458
35 36 0.078458
35 37 0.078457
35 38 0.078457
35 39 0.078457
35 40 0.078456
35 41 0.078456
35 42 0.078456
35 43 0.078455
35 44 0.078455
35 45 0.078455
35 46 0.078454
35 47 0.078454
35 48 0.078454
35 49 0.078453
35 50 0.078453
35 51 0.078453
35 52 0.078454
35 53 0.078454
35 54 0.078455
35 55 0.078455
35 56 0.078456
35 57 0.078456
35 58 0.078457
35 59 0.078457
35 60 0.078458
35 61 0.078458
35 62 0.078458
35 63 0.078459
35 64 0.078458
35 65 0.078458
35 66 0.078458
35 67 0.078458
35 68 0.078458
35 69 0.078458
35 70 0.078459
35 71 0.078460
35 72 0.078460
35 73 0.078461
35 74 0.078462
35 75 0.078463
35 76 0.078463
35 77 0.078464
35 78 0.078464
35 79 0.078464
35 80 0.078465
35 81 0.078466
35 82 0.078468
35 83 0.078469
35 84 0.078470
35 85 0.078471
35 86 0.078470
35 87 0.078470
35 88 0.078470
35 89 0.078470
35 90 0.078471
35 91 0.078472
35 92 0.078472
35 93 0.078473
35 94 0.078473
35 95 0.078473
35 96 0.078473
35 97 0.078473
35 98 0.078473
35 99 0.078473

36 0 0.078477
36 1 0.078477
36 2 0.078476
36 3 0.078476
36 4 0.078476
36 5 0.078475
36 6 0.078475
36 7 0.078474
36 8 0.078474
36 9 0.078473
36 10 0.078473
36 11 0.078473
36 12 0.078473
36 13 0.078472
36 14 0.078472
36 15 0.078471
36 16 0.078471
36 17 0.078470
36 18 0.078470
36 19 0.078469
36 20 0.078468
36 21 0.078467
36 22 0.078466
36 23 0.078465
36 24 0.078464
36 25 0.078463
36 26 0.078462
36 27 0.078461
36 28 0.078460
36 29 0.078460
36 30 0.078459
36 31 0.078459
36 32 0.078459
36 33 0.078458
36 34 0.078458
36 35 0.078458
36 36 0.078457
36 37 0.078457
36 38 0.078456
36 39 0.078456
36 40 0.078456
36 41 0.078455
36 42 0.078455
36 43 0.078455
36 44 0.078454
36 45 0.078454
36 46 0.078453
36 47 0.078453
36 48 0.078453
36 49 0.078453
36 50 0.078454
36 51 0.078454
36 52 0.078454
36 53 0.078455
36 54 0.078455
36 55 0.078456
36 56 0.078456
36 57 0.078456
36 58 0.078457
36 59 0.078457
36 60 0.078457
36 61 0.078457
36 62 0.078457
36 63 0.078457
36 64 0.078457
36 65 0.078457
36 66 0.078457
36 67 0.078457
36 68 0.078457
36 69 0.078457
36 70 0.078458
36 71 0.078459
36 72 0.078460
36 73 0.078460
36 74 0.078461
36 75 0.078462
36 76 0.078462
36 77 0.078463
36 78 0.078463
36 79 0.078464
36 80 0.078466
36 81 0.078467
36 82 0.078469
36 83 0.078470
36 84 0.078471
36 85 0.078471
36 86 0.078470
36 87 0.078470
36 88 0.078470
36 89 0.078470
36 90 0.078471
36 91 0.078472
36 92 0.078472
36 93 0.078473
36 94 0.078473
36 95 0.078473
36 96 0.078473
36 97 0.078473
36 98 0.078473
36 99 0.078473

37 0 0.078477
37 1 0.078476
37 2 0.078476
37 3 0.078475
37 4 0.078475
37 5 0.078474
37 6 0.078474
37 7 0.078474
37 8 0.078473
37 9 0.078473
37 10 0.078473
37 11 0.078472
37 12 0.078472
37 13 0.078472
37 14 0.078471
37 15 0.078471
37 16 0.078470
37 17 0.078470
37 18 0.078469
37 19 0.078468
37 20 0.078467
37 21 0.078466
37 22 0.078464
37 23 0.078463
37 24 0.078462
37 25 0.078461
37 26 0.078461
37 27 0.078460
37 28 0.078460
37 29 0.078459
37 30 0.078459
37 31 0.078459
37 32 0.078458
37 33 0.078458
37 34 0.078457
37 35 0.078457
37 36 0.078457
37 37 0.078456
37 38 0.078456
37 39 0.078456
37 40 0.078455
37 41 0.078455
37 42 0.078454
37 43 0.078454
37 44 0.078454
37 45 0.078453
37 46 0.078453
37 47 0.078453
37 48 0.078453
37 49 0.078453
37 50 0.078454
37 51 0.078454
37 52 0.078455
37 53 0.078455
37 54 0.078455
37 55 0.078455
37 56 0.078456
37 57 0.078456
37 58 0.078456
37 59 0.078456
37 60 0.078456
37 61 0.078456
37 62 0.078456
37 63 0.078456
37 64 0.078456
37 65 0.078456
37 66 0.078456
37 67 0.078456
37 68 0.078456
37 69 0.078457
37 70 0.078457
37 71 0.078458
37 72 0.078459
37 73 0.078460
37 74 0.078461
37 75 0.078462
37 76 0.078462
37 77 0.078463
37 78 0.078463
37 79 0.078464
37 80 0.078466
37 81 0.078467
37 82 0.078469
37 83 0.078470
37 84 0.078470
37 85 0.078470
37 86 0.078470
37 87 0.078470
37 88 0.078469
37 89 0.078470
37 90 0.078470
37 91 0.078471
37 92 0.078472
37 93 0.078473
37 94 0.078472
37 95 0.078473
37 96 0.078473
37 97 0.078472
37 98 0.078473
37 99 0.078473

38 0 0.078476
38 1 0.078476
38 2 0.078475
38 3 0.078475
38 4 0.078474
38 5 0.078474
38 6 0.078474
38 7 0.078473
38 8 0.078473
38 9 0.078472
38 10 0.078472
38 11 0.078472
38 12 0.078471
38 13 0.078471
38 14 0.078471
38 15 0.078470
38 16 0.078470
38 17 0.078469
38 18 0.078468
38 19 0.078467
38 20 0.078466
38 21 0.078465
38 22 0.078464
38 23 0.078463
38 24 0.078462
38 25 0.078461
38 26 0.078460
38 27 0.078460
38 28 0.078459
38 29 0.078459
38 30 0.078459
38 31 0.078458
38 32 0.078458
38 33 0.078457
38 34 0.078457
38 35 0.078457
38 36 0.078456
38 37 0.078456
38 38 0.078455
38 39 0.078455
38 40 0.078455
38 41 0.078454
38 42 0.078454
38 43 0.078453
38 44 0.078453
38 45 0.078453
38 46 0.078453
38 47 0.078453
38 48 0.078453
38 49 0.078454
38 50 0.078454
38 51 0.078454
38 52 0.078454
38 53 0.078455
38 54 0.078455
38 55 0.078455
38 56 0.078455
38 57 0.078455
38 58 0.078455
38 59 0.078455
38 60 0.078455
38 61 0.078455
38 62 0.078455
38 63 0.078455
38 64 0.078455
38 65 0.078455
38 66 0.078455
38 67 0.078456
38 68 0.078456
38 69 0.078457
38 70 0.078457
38 71 0.078458
38 72 0.078459
38 73 0.078460
38 74 0.078461
38 75 0.078462
38 76 0.078462
38 77 0.078463
38 78 0.078464
38 79 0.078465
38 80 0.078466
38 81 0.078467
38 82 0.078469
38 83 0.078470
38 84 0.078470
38 85 0.078470
38 86 0.078469
38 87 0.078469
38 88 0.078469
38 89 0.078469
38 90 0.078470
38 91 0.078471
38 92 0.078472
38 93 0.078472
38 94 0.078472
38 95 0.078472
38 96 0.078472
38 97 0.078472
38 98 0.078472
38 99 0.078472

39 0 0.078475
39 1 0.078475
39 2 0.078474
39 3 0.078474
39 4 0.078474
39 5 0.078473
39 6 0.078473
39 7 0.078473
39 8 0.078473
39 9 0.078472
39 10 0.078472
39 11 0.078471
39 12 0.078471
39 13 0.078471
39 14 0.078470
39 15 0.078470
39 16 0.078469
39 17 0.078469
39 18 0.078468
39 19 0.078467
39 20 0.078466
39 21 0.078465
39 22 0.078463
39 23 0.078462
39 24 0.078461
39 25 0.078461
39 26 0.078460
39 27 0.078460
39 28 0.078459
39 29 0.078459
39 30 0.078458
39 31 0.078458
39 32 0.078457
39 33 0.078457
39 34 0.078457
39 35 0.078456
39 36 0.078456
39 37 0.078455
39 38 0.078455
39 39 0.078454
39 40 0.078454
39 41 0.078453
39 42 0.078453
39 43 0.078453
39 44 0.078453
39 45 0.078453
39 46 0.078453
39 47 0.078453
39 48 0.078453
39 49 0.078454
39 50 0.078454
39 51 0.078454
39 52 0.078454
39 53 0.078454
39 54 0.078454
39 55 0.078454
39 56 0.078454
39 57 0.078454
39 58 0.078454
39 59 0.078454
39 60 0.078455
39 61 0.078455
39 62 0.078455
39 63 0.078455
39 64 0.078455
39 65 0.078455
39 66 0.078455
39 67 0.078456
39 68 0.078456
39 69 0.078457
39 70 0.078457
39 71 0.078458
39 72 0.078459
39 73 0.078460
39 74 0.078461
39 75 0.078462
39 76 0.078462
39 77 0.078463
39 78 0.078464
39 79 0.078465
39 80 0.078466
39 81 0.078467
39 82 0.078468
39 83 0.078469
39 84 0.078469
39 85 0.078469
39 86 0.078469
39 87 0.078468
39 88 0.078468
39 89 0.078469
39 90 0.078470
39 91 0.078471
39 92 0.078471
39 93 0.078472
39 94 0.078471
39 95 0.078472
39 96 0.078471
39 97 0.078471
39 98 0.078472
39 99 0.078472

40 0 0.078474
40 1 0.078474
40 2 0.078474
40 3 0.078474
40 4 0.078473
40 5 0.078473
40 6 0.078473
40 7 0.078472
40 8 0.078472
40 9 0.078472
40 10 0.078471
40 11 0.078471
40 12 0.078471
40 13 0.078470
40 14 0.078470
40 15 0.078470
40 16 0.078469
40 17 0.078468
40 18 0.078467
40 19 0.078466
40 20 0.078465
40 21 0.078464
40 22 0.078463
40 23 0.078462
40 24 0.078461
40 25 0.078460
40 26 0.078460
40 27 0.078459
40 28 0.078459
40 29 0.078458
40 30 0.078458
40 31 0.078457
40 32 0.078457
40 33 0.078456
40 34 0.078456
40 35 0.078455
40 36 0.078455
40 37 0.078454
40 38 0.078454
40 39 0.078454
40 40 0.078453
40 41 0.078453
40 42 0.078453
40 43 0.078452
40 44 0.078452
40 45 0.078453
40 46 0.078453
40 47 0.078453
40 48 0.078453
40 49 0.078453
40 50 0.078454
40 51 0.078453
40 52 0.078453
40 53 0.078453
40 54 0.078453
40 55 0.078453
40 56 0.078453
40 57 0.078453
40 58 0.078453
40 59 0.078454
40 60 0.078454
40 61 0.078455
40 62 0.078455
40 63 0.078455
40 64 0.078455
40 65 0.078455
40 66 0.078455
40 67 0.078456
40 68 0.078456
40 69 0.078457
40 70 0.078457
40 71 0.078458
40 72 0.078459
40 73 0.078460
40 74 0.078461
40 75 0.078462
40 76 0.078462
40 77 0.078463
40 78 0.078463
40 79 0.078464
40 80 0.078465
40 81 0.078467
40 82 0.078468
40 83 0.078468
40 84 0.078469
40 85 0.078469
40 86 0.078468
40 87 0.078468
40 88 0.078468
40 89 0.078469
40 90 0.078469
40 91 0.078470
40 92 0.078471
40 93 0.078471
40 94 0.078471
40 95 0.078471
40 96 0.078471
40 97 0.078471
40 98 0.078471
40 99 0.078471

41 0 0.078473
41 1 0.078473
41 2 0.078473
41 3 0.078473
41 4 0.078473
41 5 0.078472
41 6 0.078472
41 7 0.078472
41 8 0.078472
41 9 0.078471
41 10 0.078471
41 11 0.078471
41 12 0.078470
41 13 0.078470
41 14 0.078470
41 15 0.078469
41 16 0.078468
41 17 0.078468
41 18 0.078467
41 19 0.078466
41 20 0.078465
41 21 0.078463
41 22 0.078462
41 23 0.078461
41 24 0.078461
41 25 0.078460
41 26 0.078459
41 27 0.078459
41 28 0.078458
41 29 0.078458
41 30 0.078457
41 31 0.078457
41 32 0.078456
41 33 0.078456
41 34 0.078455
41 35 0.078455
41 36 0.078454
41 37 0.078454
41 38 0.078453
41 39 0.078453
41 40 0.078453
41 41 0.078452
41 42 0.078452
41 43 0.078452
41 44 0.078452
41 45 0.078453
41 46 0.078453
41 47 0.078453
41 48 0.078453
41 49 0.078453
41 50 0.078453
41 51 0.078453
41 52 0.078452
41 53 0.078452
41 54 0.078452
41 55 0.078452
41 56 0.078452
41 57 0.078453
41 58 0.078453
41 59 0.078454
41 60 0.078454
41 61 0.078455
41 62 0.078455
41 63 0.078455
41 64 0.078455
41 65 0.078455
41 66 0.078456
41 67 0.078456
41 68 0.078456
41 69 0.078457
41 70 0.078457
41 71 0.078458
41 72 0.078459
41 73 0.078460
41 74 0.078461
41 75 0.078462
41 76 0.078462
41 77 0.078463
41 78 0.078463
41 79 0.078464
41 80 0.078465
41 81 0.078466
41 82 0.078467
41 83 0.078468
41 84 0.078468
41 85 0.078468
41 86 0.078468
41 87 0.078468
41 88 0.078468
41 89 0.078468
41 90 0.078469
41 91 0.078470
41 92 0.078470
41 93 0.078471
41 94 0.078471
41 95 0.078470
41 96 0.078470
41 97 0.078470
41 98 0.078470
41 99 0.078470

42 0 0.078473
42 1 0.078473
42 2 0.078472
42 3 0.078472
42 4 0.078472
42 5 0.078472
42 6 0.078472
42 7 0.078471
42 8 0.078471
42 9 0.078471
42 10 0.078470
42 11 0.078470
42 12 0.078470
42 13 0.078469
42 14 0.078469
42 15 0.078469
42 16 0.078468
42 17 0.078467
42 18 0.078466
42 19 0.078465
42 20 0.078464
42 21 0.078463
42 22 0.078462
42 23 0.078461
42 24 0.078460
42 25 0.078460
42 26 0.078459
42 27 0.078459
42 28 0.078458
42 29 0.078458
42 30 0.078457
42 31 0.078456
42 32 0.078456
42 33 0.078455
42 34 0.078455
42 35 0.078454
42 36 0.078454
42 37 0.078453
42 38 0.078453
42 39 0.078452
42 40 0.078452
42 41 0.078452
42 42 0.078452
42 43 0.078453
42 44 0.078453
42 45 0.078453
42 46 0.078453
42 47 0.078453
42 48 0.078453
42 49 0.078453
42 50 0.078452
42 51 0.078452
42 52 0.078452
42 53 0.078452
42 54 0.078452
42 55 0.078452
42 56 0.078453
42 57 0.078453
42 58 0.078454
42 59 0.078454
42 60 0.078455
42 61 0.078455
42 62 0.078455
42 63 0.078455
42 64 0.078455
42 65 0.078455
42 66 0.078455
42 67 0.078456
42 68 0.078456
42 69 0.078456
42 70 0.078457
42 71 0.078458
42 72 0.078459
42 73 0.078459
42 74 0.078460
42 75 0.078461
42 76 0.078461
42 77 0.078462
42 78 0.078463
42 79 0.078464
42 80 0.078465
42 81 0.078466
42 82 0.078467
42 83 0.078467
42 84 0.078467
42 85 0.078467
42 86 0.078467
42 87 0.078467
42 88 0.078468
42 89 0.078468
42 90 0.078469
42 91 0.078470
42 92 0.078470
42 93 0.078470
42 94 0.078469
42 95 0.078469
42 96 0.078469
42 97 0.078469
42 98 0.078469
42 99 0.078470

43 0 0.078472
43 1 0.078472
43 2 0.078471
43 3 0.078471
43 4 0.078471
43 5 0.078471
43 6 0.078471
43 7 0.078470
43 8 0.078470
43 9 0.078470
43 10 0.078470
43 11 0.078469
43 12 0.078469
43 13 0.078469
43 14 0.078468
43 15 0.078468
43 16 0.078467
43 17 0.078466
43 18 0.078465
43 19 0.078464
43 20 0.078463
43 21 0.078462
43 22 0.078461
43 23 0.078461
43 24 0.078460
43 25 0.078459
43 26 0.078459
43 27 0.078458
43 28 0.078458
43 29 0.078457
43 30 0.078457
43 31 0.078456
43 32 0.078456
43 33 0.078455
43 34 0.078454
43 35 0.078454
43 36 0.078453
43 37 0.078453
43 38 0.078453
43 39 0.078453
43 40 0.078453
43 41 0.078453
43 42 0.078453
43 43 0.078453
43 44 0.078454
43 45 0.078454
43 46 0.078454
43 47 0.078453
43 48 0.078453
43 49 0.078452
43 50 0.078452
43 51 0.078451
43 52 0.078451
43 53 0.078451
43 54 0.078452
43 55 0.078452
43 56 0.078453
43 57 0.078454
43 58 0.078454
43 59 0.078455
43 60 0.078455
43 61 0.078455
43 62 0.078455
43 63 0.078455
43 64 0.078455
43 65 0.078455
43 66 0.078455
43 67 0.078455
43 68 0.078456
43 69 0.078456
43 70 0.078457
43 71 0.078457
43 72 0.078458
43 73 0.078459
43 74 0.078460
43 75 0.078460
43 76 0.078461
43 77 0.078461
43 78 0.078462
43 79 0.078463
43 80 0.078464
43 81 0.078465
43 82 0.078466
43 83 0.078467
43 84 0.078467
43 85 0.078467
43 86 0.078467
43 87 0.078467
43 88 0.078467
43 89 0.078468
43 90 0.078468
43 91 0.078469
43 92 0.078469
43 93 0.078469
43 94 0.078469
43 95 0.078469
43 96 0.078469
43 97 0.078469
43 98 0.078469
43 99 0.078469

44 0 0.078471
44 1 0.078471
44 2 0.078471
44 3 0.078471
44 4 0.078470
44 5 0.078470
44 6 0.078470
44 7 0.078470
44 8 0.078470
44 9 0.078469
44 10 0.078469
44 11 0.078469
44 12 0.078469
44 13 0.078468
44 14 0.078468
44 15 0.078467
44 16 0.078467
44 17 0.078466
44 18 0.078465
44 19 0.078464
44 20 0.078463
44 21 0.078462
44 22 0.078461
44 23 0.078460
44 24 0.078460
44 25 0.078459
44 26 0.078459
44 27 0.078458
44 28 0.078458
44 29 0.078457
44 30 0.078457
44 31 0.078456
44 32 0.078456
44 33 0.078455
44 34 0.078454
44 35 0.078454
44 36 0.078454
44 37 0.078453
44 38 0.078453
44 39 0.078453
44 40 0.078453
44 41 0.078454
44 42 0.078454
44 43 0.078454
44 44 0.078454
44 45 0.078454
44 46 0.078454
44 47 0.078453
44 48 0.078452
44 49 0.078452
44 50 0.078451
44 51 0.078451
44 52 0.078451
44 53 0.078452
44 54 0.078452
44 55 0.078453
44 56 0.078454
44 57 0.078454
44 58 0.078455
44 59 0.078455
44 60 0.078455
44 61 0.078455
44 62 0.078455
44 63 0.078455
44 64 0.078455
44 65 0.078455
44 66 0.078455
44 67 0.078455
44 68 0.078456
44 69 0.078456
44 70 0.078456
44 71 0.078457
44 72 0.078458
44 73 0.078458
44 74 0.078459
44 75 0.078460
44 76 0.078460
44 77 0.078461
44 78 0.078462
44 79 0.078463
44 80 0.078464
44 81 0.078465
44 82 0.078466
44 83 0.078466
44 84 0.078466
44 85 0.078466
44 86 0.078466
44 87 0.078467
44 88 0.078467
44 89 0.078468
44 90 0.078468
44 91 0.078468
44 92 0.078468
44 93 0.078468
44 94 0.078468
44 95 0.078468
44 96 0.078468
44 97 0.078468
44 98 0.078468
44 99 0.078468

45 0 0.078470
45 1 0.078470
45 2 0.078470
45 3 0.078470
45 4 0.078470
45 5 0.078469
45 6 0.078469
45 7 0.078469
45 8 0.078469
45 9 0.078469
45 10 0.078469
45 11 0.078469
45 12 0.078468
45 13 0.078468
45 14 0.078468
45 15 0.078467
45 16 0.078466
45 17 0.078466
45 18 0.078465
45 19 0.078464
45 20 0.078463
45 21 0.078462
45 22 0.078461
45 23 0.078460
45 24 0.078460
45 25 0.078459
45 26 0.078459
45 27 0.078459
45 28 0.078458
45 29 0.078458
45 30 0.078457
45 31 0.078456
45 32 0.078456
45 33 0.078455
45 34 0.078455
45 35 0.078454
45 36 0.078454
45 37 0.078454
45 38 0.078454
45 39 0.078454
45 40 0.078454
45 41 0.078454
45 42 0.078454
45 43 0.078454
45 44 0.078454
45 45 0.078454
45 46 0.078453
45 47 0.078453
45 48 0.078452
45 49 0.078451
45 50 0.078451
45 51 0.078451
45 52 0.078452
45 53 0.078452
45 54 0.078453
45 55 0.078453
45 56 0.078454
45 57 0.078454
45 58 0.078455
45 59 0.078455
45 60 0.078455
45 61 0.078455
45 62 0.078455
45 63 0.078455
45 64 0.078455
45 65 0.078455
45 66 0.078455
45 67 0.078455
45 68 0.078455
45 69 0.078456
45 70 0.078456
45 71 0.078457
45 72 0.078457
45 73 0.078458
45 74 0.078459
45 75 0.078460
45 76 0.078460
45 77 0.078461
45 78 0.078462
45 79 0.078463
45 80 0.078464
45 81 0.078465
45 82 0.078465
45 83 0.078465
45 84 0.078466
45 85 0.078466
45 86 0.078466
45 87 0.078466
45 88 0.078467
45 89 0.078467
45 90 0.078468
45 91 0.078468
45 92 0.078468
45 93 0.078468
45 94 0.078468
45 95 0.078468
45 96 0.078468
45 97 0.078468
45 98 0.078467
45 99 0.078468

46 0 0.078469
46 1 0.078469
46 2 0.078469
46 3 0.078469
46 4 0.078469
46 5 0.078469
46 6 0.078469
46 7 0.078469
46 8 0.078469
46 9 0.078469
46 10 0.078469
46 11 0.078468
46 12 0.078468
46 13 0.078468
46 14 0.078467
46 15 0.078467
46 16 0.078466
46 17 0.078465
46 18 0.078464
46 19 0.078463
46 20 0.078462
46 21 0.078462
46 22 0.078461
46 23 0.078460
46 24 0.078460
46 25 0.078459
46 26 0.078459
46 27 0.078459
46 28 0.078458
46 29 0.078458
46 30 0.078457
46 31 0.078457
46 32 0.078456
46 33 0.078455
46 34 0.078455
46 35 0.078454
46 36 0.078454
46 37 0.078454
46 38 0.078454
46 39 0.078454
46 40 0.078454
46 41 0.078455
46 42 0.078455
46 43 0.078454
46 44 0.078454
46 45 0.078453
46 46 0.078453
46 47 0.078452
46 48 0.078452
46 49 0.078451
46 50 0.078451
46 51 0.078451
46 52 0.078452
46 53 0.078453
46 54 0.078453
46 55 0.078454
46 56 0.078454
46 57 0.078454
46 58 0.078454
46 59 0.078454
46 60 0.078454
46 61 0.078454
46 62 0.078454
46 63 0.078454
46 64 0.078455
46 65 0.078455
46 66 0.078455
46 67 0.078455
46 68 0.078455
46 69 0.078456
46 70 0.078456
46 71 0.078457
46 72 0.078457
46 73 0.078458
46 74 0.078459
46 75 0.078460
46 76 0.078461
46 77 0.078462
46 78 0.078463
46 79 0.078463
46 80 0.078464
46 81 0.078465
46 82 0.078465
46 83 0.078465
46 84 0.078465
46 85 0.078465
46 86 0.078466
46 87 0.078466
46 88 0.078467
46 89 0.078467
46 90 0.078467
46 91 0.078467
46 92 0.078467
46 93 0.078467
46 94 0.078467
46 95 0.078467
46 96 0.078467
46 97 0.078467
46 98 0.078467
46 99 0.078467

47 0 0.078468
47 1 0.078468
47 2 0.078468
47 3 0.078468
47 4 0.078468
47 5 0.078468
47 6 0.078468
47 7 0.078468
47 8 0.078468
47 9 0.078468
47 10 0.078468
47 11 0.078468
47 12 0.078468
47 13 0.078468
47 14 0.078467
47 15 0.078466
47 16 0.078466
47 17 0.078465
47 18 0.078464
47 19 0.078463
47 20 0.078462
47 21 0.078461
47 22 0.078461
47 23 0.078460
47 24 0.078460
47 25 0.078460
47 26 0.078459
47 27 0.078459
47 28 0.078459
47 29 0.078458
47 30 0.078457
47 31 0.078457
47 32 0.078456
47 33 0.078455
47 34 0.078455
47 35 0.078454
47 36 0.078454
47 37 0.078454
47 38 0.078454
47 39 0.078455
47 40 0.078455
47 41 0.078455
47 42 0.078455
47 43 0.078454
47 44 0.078453
47 45 0.078453
47 46 0.078452
47 47 0.078451
47 48 0.078451
47 49 0.078451
47 50 0.078451
47 51 0.078452
47 52 0.078452
47 53 0.078453
47 54 0.078454
47 55 0.078454
47 56 0.078454
47 57 0.078454
47 58 0.078454
47 59 0.078454
47 60 0.078454
47 61 0.078454
47 62 0.078454
47 63 0.078454
47 64 0.078455
47 65 0.078455
47 66 0.078455
47 67 0.078455
47 68 0.078455
47 69 0.078456
47 70 0.078456
47 71 0.078457
47 72 0.078457
47 73 0.078458
47 74 0.078459
47 75 0.078460
47 76 0.078461
47 77 0.078462
47 78 0.078463
47 79 0.078464
47 80 0.078464
47 81 0.078464
47 82 0.078464
47 83 0.078464
47 84 0.078465
47 85 0.078465
47 86 0.078465
47 87 0.078466
47 88 0.078466
47 89 0.078467
47 90 0.078467
47 91 0.078467
47 92 0.078467
47 93 0.078467
47 94 0.078467
47 95 0.078467
47 96 0.078466
47 97 0.078466
47 98 0.078466
47 99 0.078466

48 0 0.078468
48 1 0.078468
48 2 0.078468
48 3 0.078468
48 4 0.078468
48 5 0.078468
48 6 0.078468
48 7 0.078468
48 8 0.078468
48 9 0.078468
48 10 0.078468
48 11 0.078468
48 12 0.078468
48 13 0.078467
48 14 0.078467
48 15 0.078466
48 16 0.078465
48 17 0.078464
48 18 0.078463
48 19 0.078462
48 20 0.078461
48 21 0.078461
48 22 0.078460
48 23 0.078460
48 24 0.078460
48 25 0.078460
48 26 0.078460
48 27 0.078459
48 28 0.078459
48 29 0.078458
48 30 0.078457
48 31 0.078456
48 32 0.078455
48 33 0.078455
48 34 0.078454
48 35 0.078454
48 36 0.078454
48 37 0.078454
48 38 0.078454
48 39 0.078455
48 40 0.078455
48 41 0.078455
48 42 0.078454
48 43 0.078453
48 44 0.078452
48 45 0.078452
48 46 0.078451
48 47 0.078451
48 48 0.078451
48 49 0.078451
48 50 0.078452
48 51 0.078452
48 52 0.078453
48 53 0.078453
48 54 0.078454
48 55 0.078454
48 56 0.078454
48 57 0.078453
48 58 0.078453
48 59 0.078453
48 60 0.078454
48 61 0.078454
48 62 0.078454
48 63 0.078455
48 64 0.078455
48 65 0.078455
48 66 0.078455
48 67 0.078455
48 68 0.078455
48 69 0.078456
48 70 0.078456
48 71 0.078457
48 72 0.078458
48 73 0.078459
48 74 0.078460
48 75 0.078461
48 76 0.078462
48 77 0.078463
48 78 0.078463
48 79 0.078464
48 80 0.078464
48 81 0.078464
48 82 0.078463
48 83 0.078464
48 84 0.078464
48 85 0.078465
48 86 0.078465
48 87 0.078466
48 88 0.078466
48 89 0.078467
48 90 0.078467
48 91 0.078466
48 92 0.078466
48 93 0.078466
48 94 0.078466
48 95 0.078466
48 96 0.078466
48 97 0.078466
48 98 0.078465
48 99 0.078465

49 0 0.078467
49 1 0.078467
49 2 0.078467
49 3 0.078467
49 4 0.078467
49 5 0.078467
49 6 0.078467
49 7 0.078468
49 8 0.078468
49 9 0.078468
49 10 0.078468
49 11 0.078468
49 12 0.078467
49 13 0.078467
49 14 0.078466
49 15 0.078465
49 16 0.078464
49 17 0.078463
49 18 0.078462
49 19 0.078461
49 20 0.078461
49 21 0.078460
49 22 0.078460
49 23 0.078460
49 24 0.078460
49 25 0.078460
49 26 0.078460
49 27 0.078459
49 28 0.078459
49 29 0.078458
49 30 0.078457
49 31 0.078456
49 32 0.078455
49 33 0.078454
49 34 0.078454
49 35 0.078454
49 36 0.078454
49 37 0.078454
49 38 0.078455
49 39 0.078455
49 40 0.078455
49 41 0.078454
49 42 0.078453
49 43 0.078452
49 44 0.078451
49 45 0.078451
49 46 0.078451
49 47 0.078451
49 48 0.078451
49 49 0.078452
49 50 0.078452
49 51 0.078453
49 52 0.078453
49 53 0.078453
49 54 0.078453
49 55 0.078453
49 56 0.078453
49 57 0.078453
49 58 0.078453
49 59 0.078453
49 60 0.078454
49 61 0.078454
49 62 0.078455
49 63 0.078455
49 64 0.078455
49 65 0.078455
49 66 0.078455
49 67 0.078455
49 68 0.078456
49 69 0.078456
49 70 0.078457
49 71 0.078457
49 72 0.078458
49 73 0.078459
49 74 0.078460
49 75 0.078461
49 76 0.078462
49 77 0.078463
49 78 0.078463
49 79 0.078463
49 80 0.078463
49 81 0.078463
49 82 0.078463
49 83 0.078463
49 84 0.078464
49 85 0.078464
49 86 0.078465
49 87 0.078466
49 88 0.078466
49 89 0.078466
49 90 0.078466
49 91 0.078466
49 92 0.078466
49 93 0.078465
49 94 0.078466
49 95 0.078466
49 96 0.078465
49 97 0.078465
49 98 0.078465
49 99 0.078465

50 0 0.078467
50 1 0.078467
50 2 0.078467
50 3 0.078467
50 4 0.078467
50 5 0.078467
50 6 0.078467
50 7 0.078467
50 8 0.078467
50 9 0.078467
50 10 0.078467
50 11 0.078467
50 12 0.078467
50 13 0.078466
50 14 0.078465
50 15 0.078464
50 16 0.078463
50 17 0.078462
50 18 0.078461
50 19 0.078461
50 20 0.078460
50 21 0.078460
50 22 0.078460
50 23 0.078460
50 24 0.078460
50 25 0.078460
50 26 0.078460
50 27 0.078459
50 28 0.078458
50 29 0.078457
50 30 0.078456
50 31 0.078455
50 32 0.078455
50 33 0.078454
50 34 0.078454
50 35 0.078454
50 36 0.078454
50 37 0.078455
50 38 0.078455
50 39 0.078455
50 40 0.078454
50 41 0.078453
50 42 0.078452
50 43 0.078452
50 44 0.078451
50 45 0.078451
50 46 0.078451
50 47 0.078451
50 48 0.078452
50 49 0.078453
50 50 0.078453
50 51 0.078453
50 52 0.078453
50 53 0.078453
50 54 0.078453
50 55 0.078453
50 56 0.078453
50 57 0.078453
50 58 0.078453
50 59 0.078454
50 60 0.078454
50 61 0.078455
50 62 0.078455
50 63 0.078455
50 64 0.078455
50 65 0.078455
50 66 0.078455
50 67 0.078456
50 68 0.078456
50 69 0.078457
50 70 0.078457
50 71 0.078458
50 72 0.078459
50 73 0.078460
50 74 0.078461
50 75 0.078462
50 76 0.078462
50 77 0.078462
50 78 0.078462
50 79 0.078462
50 80 0.078462
50 81 0.078462
50 82 0.078462
50 83 0.078463
50 84 0.078463
50 85 0.078464
50 86 0.078465
50 87 0.078466
50 88 0.078466
50 89 0.078466
50 90 0.078466
50 91 0.078465
50 92 0.078465
50 93 0.078465
50 94 0.078465
50 95 0.078465
50 96 0.078465
50 97 0.078465
50 98 0.078465
50 99 0.078465

51 0 0.078466
51 1 0.078466
51 2 0.078467
51 3 0.078466
51 4 0.078467
51 5 0.078467
51 6 0.078467
51 7 0.078467
51 8 0.078467
51 9 0.078467
51 10 0.078467
51 11 0.078466
51 12 0.078466
51 13 0.078465
51 14 0.078464
51 15 0.078463
51 16 0.078462
51 17 0.078462
51 18 0.078461
51 19 0.078461
51 20 0.078460
51 21 0.078460
51 22 0.078461
51 23 0.078461
51 24 0.078461
51 25 0.078460
51 26 0.078460
51 27 0.078459
51 28 0.078458
51 29 0.078457
51 30 0.078456
51 31 0.078455
51 32 0.078454
51 33 0.078454
51 34 0.078454
51 35 0.078454
51 36 0.078455
51 37 0.078455
51 38 0.078455
51 39 0.078455
51 40 0.078454
51 41 0.078453
51 42 0.078452
51 43 0.078451
51 44 0.078451
51 45 0.078451
51 46 0.078452
51 47 0.078452
51 48 0.078453
51 49 0.078454
51 50 0.078454
51 51 0.078454
51 52 0.078453
51 53 0.078453
51 54 0.078453
51 55 0.078453
51 56 0.078453
51 57 0.078453
51 58 0.078454
51 59 0.078454
51 60 0.078455
51 61 0.078455
51 62 0.078456
51 63 0.078456
51 64 0.078456
51 65 0.078456
51 66 0.078456
51 67 0.078456
51 68 0.078457
51 69 0.078457
51 70 0.078458
51 71 0.078459
51 72 0.078460
51 73 0.078461
51 74 0.078461
51 75 0.078462
51 76 0.078462
51 77 0.078462
51 78 0.078462
51 79 0.078462
51 80 0.078461
51 81 0.078461
51 82 0.078462
51 83 0.078463
51 84 0.078463
51 85 0.078464
51 86 0.078465
51 87 0.078465
51 88 0.078465
51 89 0.078465
51 90 0.078465
51 91 0.078465
51 92 0.078464
51 93 0.078464
51 94 0.078465
51 95 0.078465
51 96 0.078465
51 97 0.078465
51 98 0.078464
51 99 0.078464

52 0 0.078466
52 1 0.078466
52 2 0.078466
52 3 0.078466
52 4 0.078466
52 5 0.078466
52 6 0.078466
52 7 0.078466
52 8 0.078466
52 9 0.078466
52 10 0.078466
52 11 0.078466
52 12 0.078465
52 13 0.078464
52 14 0.078464
52 15 0.078463
52 16 0.078462
52 17 0.078461
52 18 0.078461
52 19 0.078461
52 20 0.078461
52 21 0.078461
52 22 0.078461
52 23 0.078461
52 24 0.078461
52 25 0.078461
52 26 0.078460
52 27 0.078459
52 28 0.078458
52 29 0.078457
52 30 0.078456
52 31 0.078455
52 32 0.078455
52 33 0.078455
52 34 0.078455
52 35 0.078455
52 36 0.078458
52 37 0.078457
52 38 0.078455
52 39 0.078454
52 40 0.078453
52 41 0.078454
52 42 0.078455
52 43 0.078456
52 44 0.078457
52 45 0.078457
52 46 0.078457
52 47 0.078456
52 48 0.078455
52 49 0.078453
52 50 0.078453
52 51 0.078453
52 52 0.078453
52 53 0.078454
52 54 0.078455
52 55 0.078456
52 56 0.078457
52 57 0.078457
52 58 0.078457
52 59 0.078456
52 60 0.078455
52 61 0.078455
52 62 0.078454
52 63 0.078455
52 64 0.078455
52 65 0.078456
52 66 0.078458
52 67 0.078459
52 68 0.078460
52 69 0.078460
52 70 0.078461
52 71 0.078460
52 72 0.078460
52 73 0.078460
52 74 0.078459
52 75 0.078459
52 76 0.078459
52 77 0.078459
52 78 0.078459
52 79 0.078461
52 80 0.078462
52 81 0.078463
52 82 0.078464
52 83 0.078465
52 84 0.078465
52 85 0.078464
52 86 0.078463
52 87 0.078463
52 88 0.078462
52 89 0.078462
52 90 0.078463
52 91 0.078463
52 92 0.078464
52 93 0.078464
52 94 0.078464
52 95 0.078464
52 96 0.078463
52 97 0.078463
52 98 0.078463
52 99 0.078464

53 0 0.078465
53 1 0.078465
53 2 0.078465
53 3 0.078465
53 4 0.078466
53 5 0.078466
53 6 0.078466
53 7 0.078466
53 8 0.078465
53 9 0.078464
53 10 0.078463
53 11 0.078463
53 12 0.078462
53 13 0.078462
53 14 0.078462
53 15 0.078463
53 16 0.078463
53 17 0.078464
53 18 0.078465
53 19 0.078465
53 20 0.078465
53 21 0.078464
53 22 0.078463
53 23 0.078461
53 24 0.078460
53 25 0.078458
53 26 0.078457
53 27 0.078457
53 28 0.078457
53 29 0.078458
53 30 0.078459
53 31 0.078461
53 32 0.078462
53 33 0.078462
53 34 0.078461
53 35 0.078460
53 36 0.078458
53 37 0.078456
53 38 0.078455
53 39 0.078454
53 40 0.078454
53 41 0.078456
53 42 0.078457
53 43 0.078458
53 44 0.078458
53 45 0.078458
53 46 0.078457
53 47 0.078455
53 48 0.078454
53 49 0.078453
53 50 0.078453
53 51 0.078454
53 52 0.078455
53 53 0.078456
53 54 0.078457
53 55 0.078458
53 56 0.078457
53 57 0.078457
53 58 0.078456
53 59 0.078455
53 60 0.078455
53 61 0.078454
53 62 0.078455
53 63 0.078456
53 64 0.078457
53 65 0.078458
53 66 0.078460
53 67 0.078461
53 68 0.078461
53 69 0.078461
53 70 0.078461
53 71 0.078460
53 72 0.078459
53 73 0.078459
53 74 0.078458
53 75 0.078458
53 76 0.078459
53 77 0.078459
53 78 0.078461
53 79 0.078462
53 80 0.078463
53 81 0.078464
53 82 0.078465
53 83 0.078464
53 84 0.078463
53 85 0.078463
53 86 0.078462
53 87 0.078461
53 88 0.078461
53 89 0.078462
53 90 0.078462
53 91 0.078463
53 92 0.078464
53 93 0.078464
53 94 0.078464
53 95 0.078463
53 96 0.078463
53 97 0.078463
53 98 0.078463
53 99 0.078463

54 0 0.078465
54 1 0.078465
54 2 0.078465
54 3 0.078465
54 4 0.078465
54 5 0.078465
54 6 0.078465
54 7 0.078465
54 8 0.078464
54 9 0.078463
54 10 0.078462
54 11 0.078462
54 12 0.078462
54 13 0.078462
54 14 0.078462
54 15 0.078463
54 16 0.078464
54 17 0.078465
54 18 0.078465
54 19 0.078465
54 20 0.078464
54 21 0.078463
54 22 0.078462
54 23 0.078460
54 24 0.078459
54 25 0.078458
54 26 0.078458
54 27 0.078458
54 28 0.078459
54 29 0.078460
54 30 0.078461
54 31 0.078462
54 32 0.078463
54 33 0.078462
54 34 0.078461
54 35 0.078459
54 36 0.078457
54 37 0.078455
54 38 0.078454
54 39 0.078455
54 40 0.078456
54 41 0.078457
54 42 0.078458
54 43 0.078459
54 44 0.078458
54 45 0.078457
54 46 0.078456
54 47 0.078454
54 48 0.078453
54 49 0.078453
54 50 0.078454
54 51 0.078455
54 52 0.078456
54 53 0.078457
54 54 0.078458
54 55 0.078458
54 56 0.078457
54 57 0.078456
54 58 0.078455
54 59 0.078455
54 60 0.078455
54 61 0.078455
54 62 0.078456
54 63 0.078457
54 64 0.078459
54 65 0.078460
54 66 0.078461
54 67 0.078462
54 68 0.078461
54 69 0.078461
54 70 0.078460
54 71 0.078459
54 72 0.078459
54 73 0.078458
54 74 0.078458
54 75 0.078458
54 76 0.078459
54 77 0.078460
54 78 0.078462
54 79 0.078463
54 80 0.078464
54 81 0.078464
54 82 0.078464
54 83 0.078463
54 84 0.078462
54 85 0.078461
54 86 0.078461
54 87 0.078461
54 88 0.078461
54 89 0.078462
54 90 0.078462
54 91 0.078463
54 92 0.078464
54 93 0.078464
54 94 0.078464
54 95 0.078463
54 96 0.078462
54 97 0.078463
54 98 0.078463
54 99 0.078463

55 0 0.078465
55 1 0.078465
55 2 0.078465
55 3 0.078465
55 4 0.078465
55 5 0.078465
55 6 0.078465
55 7 0.078464
55 8 0.078463
55 9 0.078462
55 10 0.078462
55 11 0.078461
55 12 0.078462
55 13 0.078462
55 14 0.078463
55 15 0.078464
55 16 0.078464
55 17 0.078465
55 18 0.078465
55 19 0.078464
55 20 0.078463
55 21 0.078462
55 22 0.078460
55 23 0.078459
55 24 0.078458
55 25 0.078458
55 26 0.078458
55 27 0.078459
55 28 0.078460
55 29 0.078461
55 30 0.078462
55 31 0.078463
55 32 0.078462
55 33 0.078461
55 34 0.078459
55 35 0.078457
55 36 0.078455
55 37 0.078454
55 38 0.078455
55 39 0.078456
55 40 0.078457
55 41 0.078458
55 42 0.078459
55 43 0.078459
55 44 0.078458
55 45 0.078456
55 46 0.078455
55 47 0.078454
55 48 0.078454
55 49 0.078454
55 50 0.078455
55 51 0.078457
55 52 0.078458
55 53 0.078458
55 54 0.078458
55 55 0.078457
55 56 0.078456
55 57 0.078455
55 58 0.078455
55 59 0.078455
55 60 0.078455
55 61 0.078456
55 62 0.078458
55 63 0.078459
55 64 0.078460
55 65 0.078461
55 66 0.078462
55 67 0.078462
55 68 0.078461
55 69 0.078460
55 70 0.078459
55 71 0.078459
55 72 0.078458
55 73 0.078458
55 74 0.078458
55 75 0.078459
55 76 0.078460
55 77 0.078461
55 78 0.078463
55 79 0.078464
55 80 0.078464
55 81 0.078464
55 82 0.078463
55 83 0.078462
55 84 0.078461
55 85 0.078461
55 86 0.078461
55 87 0.078461
55 88 0.078462
55 89 0.078462
55 90 0.078463
55 91 0.078463
55 92 0.078464
55 93 0.078464
55 94 0.078464
55 95 0.078463
55 96 0.078462
55 97 0.078463
55 98 0.078463
55 99 0.078463

56 0 0.078465
56 1 0.078465
56 2 0.078465
56 3 0.078464
56 4 0.078465
56 5 0.078464
56 6 0.078464
56 7 0.078463
56 8 0.078463
56 9 0.078462
56 10 0.078461
56 11 0.078461
56 12 0.078462
56 13 0.078462
56 14 0.078463
56 15 0.078464
56 16 0.078464
56 17 0.078464
56 18 0.078464
56 19 0.078463
56 20 0.078462
56 21 0.078460
56 22 0.078459
56 23 0.078458
56 24 0.078458
56 25 0.078458
56 26 0.078459
56 27 0.078460
56 28 0.078461
56 29 0.078462
56 30 0.078462
56 31 0.078462
56 32 0.078461
56 33 0.078460
56 34 0.078458
56 35 0.078456
56 36 0.078455
56 37 0.078455
56 38 0.078456
56 39 0.078457
56 40 0.078458
56 41 0.078459
56 42 0.078459
56 43 0.078458
56 44 0.078457
56 45 0.078455
56 46 0.078454
56 47 0.078454
56 48 0.078455
56 49 0.078456
56 50 0.078457
56 51 0.078458
56 52 0.078458
56 53 0.078458
56 54 0.078457
56 55 0.078456
56 56 0.078456
56 57 0.078455
56 58 0.078455
56 59 0.078456
56 60 0.078457
56 61 0.078458
56 62 0.078459
56 63 0.078461
56 64 0.078461
56 65 0.078462
56 66 0.078462
56 67 0.078462
56 68 0.078461
56 69 0.078460
56 70 0.078459
56 71 0.078458
56 72 0.078458
56 73 0.078458
56 74 0.078458
56 75 0.078459
56 76 0.078461
56 77 0.078462
56 78 0.078463
56 79 0.078464
56 80 0.078464
56 81 0.078463
56 82 0.078462
56 83 0.078461
56 84 0.078460
56 85 0.078461
56 86 0.078461
56 87 0.078462
56 88 0.078462
56 89 0.078462
56 90 0.078463
56 91 0.078463
56 92 0.078464
56 93 0.078464
56 94 0.078463
56 95 0.078463
56 96 0.078462
56 97 0.078462
56 98 0.078463
56 99 0.078463

57 0 0.078465
57 1 0.078465
57 2 0.078465
57 3 0.078464
57 4 0.078464
57 5 0.078464
57 6 0.078463
57 7 0.078463
57 8 0.078462
57 9 0.078462
57 10 0.078461
57 11 0.078462
57 12 0.078462
57 13 0.078462
57 14 0.078463
57 15 0.078463
57 16 0.078464
57 17 0.078463
57 18 0.078463
57 19 0.078462
57 20 0.078461
57 21 0.078460
57 22 0.078459
57 23 0.078458
57 24 0.078458
57 25 0.078459
57 26 0.078460
57 27 0.078461
57 28 0.078462
57 29 0.078462
57 30 0.078462
57 31 0.078461
57 32 0.078460
57 33 0.078458
57 34 0.078457
57 35 0.078456
57 36 0.078455
57 37 0.078456
57 38 0.078457
57 39 0.078459
57 40 0.078460
57 41 0.078460
57 42 0.078459
57 43 0.078458
57 44 0.078456
57 45 0.078455
57 46 0.078455
57 47 0.078455
57 48 0.078456
57 49 0.078457
57 50 0.078458
57 51 0.078459
57 52 0.078459
57 53 0.078458
57 54 0.078457
57 55 0.078456
57 56 0.078455
57 57 0.078455
57 58 0.078456
57 59 0.078457
57 60 0.078458
57 61 0.078460
57 62 0.078461
57 63 0.078462
57 64 0.078462
57 65 0.078462
57 66 0.078462
57 67 0.078461
57 68 0.078460
57 69 0.078459
57 70 0.078458
57 71 0.078458
57 72 0.078458
57 73 0.078458
57 74 0.078459
57 75 0.078460
57 76 0.078461
57 77 0.078463
57 78 0.078463
57 79 0.078464
57 80 0.078463
57 81 0.078462
57 82 0.078461
57 83 0.078460
57 84 0.078460
57 85 0.078461
57 86 0.078462
57 87 0.078463
57 88 0.078463
57 89 0.078463
57 90 0.078463
57 91 0.078463
57 92 0.078464
57 93 0.078464
57 94 0.078463
57 95 0.078462
57 96 0.078462
57 97 0.078462
57 98 0.078463
57 99 0.078463

58 0 0.078465
58 1 0.078465
58 2 0.078464
58 3 0.078464
58 4 0.078464
58 5 0.078463
58 6 0.078463
58 7 0.078462
58 8 0.078462
58 9 0.078462
58 10 0.078462
58 11 0.078462
58 12 0.078462
58 13 0.078463
58 14 0.078463
58 15 0.078463
58 16 0.078463
58 17 0.078463
58 18 0.078462
58 19 0.078461
58 20 0.078461
58 21 0.078460
58 22 0.078460
58 23 0.078460
58 24 0.078460
58 25 0.078460
58 26 0.078461
58 27 0.078461
58 28 0.078462
58 29 0.078461
58 30 0.078461
58 31 0.078460
58 32 0.078459
58 33 0.078459
58 34 0.078458
58 35 0.078458
58 36 0.078458
58 37 0.078459
58 38 0.078459
58 39 0.078460
58 40 0.078460
58 41 0.078459
58 42 0.078458
58 43 0.078458
58 44 0.078457
58 45 0.078457
58 46 0.078457
58 47 0.078457
58 48 0.078458
58 49 0.078458
58 50 0.078458
58 51 0.078458
58 52 0.078458
58 53 0.078457
58 54 0.078457
58 55 0.078457
58 56 0.078457
58 57 0.078457
58 58 0.078458
58 59 0.078459
58 60 0.078460
58 61 0.078460
58 62 0.078461
58 63 0.078462
58 64 0.078462
58 65 0.078462
58 66 0.078461
58 67 0.078460
58 68 0.078460
58 69 0.078459
58 70 0.078458
58 71 0.078458
58 72 0.078458
58 73 0.078459
58 74 0.078459
58 75 0.078460
58 76 0.078462
58 77 0.078462
58 78 0.078462
58 79 0.078462
58 80 0.078462
58 81 0.078461
58 82 0.078461
58 83 0.078461
58 84 0.078462
58 85 0.078462
58 86 0.078462
58 87 0.078462
58 88 0.078462
58 89 0.078462
58 90 0.078462
58 91 0.078463
58 92 0.078463
58 93 0.078463
58 94 0.078462
58 95 0.078462
58 96 0.078462
58 97 0.078463
58 98 0.078463
58 99 0.078463

59 0 0.078464
59 1 0.078464
59 2 0.078464
59 3 0.078463
59 4 0.078463
59 5 0.078463
59 6 0.078462
59 7 0.078462
59 8 0.078462
59 9 0.078462
59 10 0.078462
59 11 0.078462
59 12 0.078463
59 13 0.078463
59 14 0.078463
59 15 0.078463
59 16 0.078463
59 17 0.078463
59 18 0.078462
59 19 0.078462
59 20 0.078461
59 21 0.078461
59 22 0.078461
59 23 0.078461
59 24 0.078461
59 25 0.078461
59 26 0.078461
59 27 0.078462
59 28 0.078462
59 29 0.078461
59 30 0.078461
59 31 0.078460
59 32 0.078460
59 33 0.078459
59 34 0.078459
59 35 0.078459
59 36 0.078460
59 37 0.078460
59 38 0.078460
59 39 0.078460
59 40 0.078460
59 41 0.078459
59 42 0.078458
59 43 0.078458
59 44 0.078457
59 45 0.078457
59 46 0.078458
59 47 0.078458
59 48 0.078459
59 49 0.078459
59 50 0.078459
59 51 0.078458
59 52 0.078458
59 53 0.078457
59 54 0.078457
59 55 0.078457
59 56 0.078457
59 57 0.078458
59 58 0.078459
59 59 0.078459
59 60 0.078460
59 61 0.078461
59 62 0.078461
59 63 0.078462
59 64 0.078462
59 65 0.078462
59 66 0.078461
59 67 0.078460
59 68 0.078460
59 69 0.078459
59 70 0.078459
59 71 0.078458
59 72 0.078458
59 73 0.078459
59 74 0.078460
59 75 0.078461
59 76 0.078462
59 77 0.078462
59 78 0.078462
59 79 0.078462
59 80 0.078462
59 81 0.078461
59 82 0.078461
59 83 0.078462
59 84 0.078462
59 85 0.078463
59 86 0.078463
59 87 0.078463
59 88 0.078462
59 89 0.078462
59 90 0.078462
59 91 0.078463
59 92 0.078463
59 93 0.078463
59 94 0.078462
59 95 0.078462
59 96 0.078462
59 97 0.078463
59 98 0.078463
59 99 0.078463

60 0 0.078464
60 1 0.078464
60 2 0.078464
60 3 0.078463
60 4 0.078463
60 5 0.078463
60 6 0.078463
60 7 0.078462
60 8 0.078462
60 9 0.078462
60 10 0.078462
60 11 0.078463
60 12 0.078463
60 13 0.078463
60 14 0.078463
60 15 0.078463
60 16 0.078463
60 17 0.078463
60 18 0.078462
60 19 0.078462
60 20 0.078462
60 21 0.078462
60 22 0.078461
60 23 0.078461
60 24 0.078462
60 25 0.078462
60 26 0.078462
60 27 0.078462
60 28 0.078462
60 29 0.078462
60 30 0.078461
60 31 0.078461
60 32 0.078460
60 33 0.078460
60 34 0.078460
60 35 0.078460
60 36 0.078461
60 37 0.078461
60 38 0.078461
60 39 0.078461
60 40 0.078460
60 41 0.078459
60 42 0.078459
60 43 0.078458
60 44 0.078458
60 45 0.078458
60 46 0.078459
60 47 0.078459
60 48 0.078459
60 49 0.078459
60 50 0.078459
60 51 0.078458
60 52 0.078458
60 53 0.078458
60 54 0.078457
60 55 0.078457
60 56 0.078458
60 57 0.078458
60 58 0.078459
60 59 0.078460
60 60 0.078461
60 61 0.078461
60 62 0.078462
60 63 0.078462
60 64 0.078462
60 65 0.078462
60 66 0.078461
60 67 0.078461
60 68 0.078460
60 69 0.078459
60 70 0.078459
60 71 0.078459
60 72 0.078459
60 73 0.078460
60 74 0.078460
60 75 0.078461
60 76 0.078462
60 77 0.078463
60 78 0.078463
60 79 0.078462
60 80 0.078462
60 81 0.078462
60 82 0.078462
60 83 0.078462
60 84 0.078463
60 85 0.078463
60 86 0.078463
60 87 0.078463
60 88 0.078462
60 89 0.078462
60 90 0.078462
60 91 0.078463
60 92 0.078463
60 93 0.078463
60 94 0.078463
60 95 0.078463
60 96 0.078462
60 97 0.078463
60 98 0.078463
60 99 0.078463

61 0 0.078464
61 1 0.078464
61 2 0.078464
61 3 0.078463
61 4 0.078463
61 5 0.078463
61 6 0.078463
61 7 0.078463
61 8 0.078463
61 9 0.078463
61 10 0.078463
61 11 0.078463
61 12 0.078463
61 13 0.078463
61 14 0.078463
61 15 0.078463
61 16 0.078463
61 17 0.078463
61 18 0.078463
61 19 0.078463
61 20 0.078462
61 21 0.078462
61 22 0.078462
61 23 0.078462
61 24 0.078462
61 25 0.078462
61 26 0.078462
61 27 0.078462
61 28 0.078462
61 29 0.078462
61 30 0.078461
61 31 0.078461
61 32 0.078461
61 33 0.078461
61 34 0.078461
61 35 0.078461
61 36 0.078461
61 37 0.078461
61 38 0.078461
61 39 0.078461
61 40 0.078460
61 41 0.078459
61 42 0.078459
61 43 0.078458
61 44 0.078458
61 45 0.078459
61 46 0.078459
61 47 0.078459
61 48 0.078459
61 49 0.078459
61 50 0.078459
61 51 0.078458
61 52 0.078458
61 53 0.078458
61 54 0.078458
61 55 0.078458
61 56 0.078458
61 57 0.078459
61 58 0.078459
61 59 0.078460
61 60 0.078461
61 61 0.078461
61 62 0.078462
61 63 0.078462
61 64 0.078462
61 65 0.078462
61 66 0.078461
61 67 0.078461
61 68 0.078460
61 69 0.078460
61 70 0.078459
61 71 0.078459
61 72 0.078460
61 73 0.078460
61 74 0.078461
61 75 0.078462
61 76 0.078463
61 77 0.078463
61 78 0.078463
61 79 0.078463
61 80 0.078462
61 81 0.078462
61 82 0.078463
61 83 0.078463
61 84 0.078463
61 85 0.078464
61 86 0.078463
61 87 0.078463
61 88 0.078463
61 89 0.078463
61 90 0.078463
61 91 0.078463
61 92 0.078463
61 93 0.078463
61 94 0.078463
61 95 0.078463
61 96 0.078463
61 97 0.078463
61 98 0.078463
61 99 0.078463

62 0 0.078464
62 1 0.078464
62 2 0.078464
62 3 0.078464
62 4 0.078464
62 5 0.078463
62 6 0.078463
62 7 0.078463
62 8 0.078463
62 9 0.078463
62 10 0.078463
62 11 0.078463
62 12 0.078463
62 13 0.078464
62 14 0.078464
62 15 0.078464
62 16 0.078464
62 17 0.078464
62 18 0.078463
62 19 0.078463
62 20 0.078463
62 21 0.078463
62 22 0.078463
62 23 0.078463
62 24 0.078463
62 25 0.078463
62 26 0.078462
62 27 0.078462
62 28 0.078462
62 29 0.078462
62 30 0.078462
62 31 0.078462
62 32 0.078461
62 33 0.078461
62 34 0.078462
62 35 0.078462
62 36 0.078462
62 37 0.078462
62 38 0.078461
62 39 0.078461
62 40 0.078460
62 41 0.078459
62 42 0.078459
62 43 0.078459
62 44 0.078459
62 45 0.078459
62 46 0.078459
62 47 0.078459
62 48 0.078459
62 49 0.078459
62 50 0.078459
62 51 0.078458
62 52 0.078458
62 53 0.078458
62 54 0.078458
62 55 0.078458
62 56 0.078458
62 57 0.078459
62 58 0.078460
62 59 0.078460
62 60 0.078461
62 61 0.078461
62 62 0.078462
62 63 0.078462
62 64 0.078462
62 65 0.078462
62 66 0.078461
62 67 0.078461
62 68 0.078461
62 69 0.078460
62 70 0.078460
62 71 0.078460
62 72 0.078460
62 73 0.078461
62 74 0.078462
62 75 0.078462
62 76 0.078463
62 77 0.078463
62 78 0.078463
62 79 0.078463
62 80 0.078463
62 81 0.078463
62 82 0.078463
62 83 0.078464
62 84 0.078464
62 85 0.078464
62 86 0.078464
62 87 0.078463
62 88 0.078463
62 89 0.078463
62 90 0.078464
62 91 0.078464
62 92 0.078464
62 93 0.078464
62 94 0.078464
62 95 0.078464
62 96 0.078464
62 97 0.078464
62 98 0.078464
62 99 0.078464

63 0 0.078465
63 1 0.078464
63 2 0.078464
63 3 0.078464
63 4 0.078464
63 5 0.078464
63 6 0.078464
63 7 0.078464
63 8 0.078463
63 9 0.078463
63 10 0.078463
63 11 0.078464
63 12 0.078464
63 13 0.078464
63 14 0.078464
63 15 0.078464
63 16 0.078464
63 17 0.078464
63 18 0.078464
63 19 0.078463
63 20 0.078463
63 21 0.078463
63 22 0.078463
63 23 0.078463
63 24 0.078463
63 25 0.078463
63 26 0.078463
63 27 0.078463
63 28 0.078462
63 29 0.078462
63 30 0.078462
63 31 0.078462
63 32 0.078462
63 33 0.078462
63 34 0.078462
63 35 0.078462
63 36 0.078462
63 37 0.078461
63 38 0.078461
63 39 0.078460
63 40 0.078459
63 41 0.078459
63 42 0.078459
63 43 0.078459
63 44 0.078459
63 45 0.078459
63 46 0.078459
63 47 0.078459
63 48 0.078459
63 49 0.078459
63 50 0.078458
63 51 0.078458
63 52 0.078458
63 53 0.078458
63 54 0.078458
63 55 0.078458
63 56 0.078458
63 57 0.078459
63 58 0.078460
63 59 0.078460
63 60 0.078461
63 61 0.078461
63 62 0.078462
63 63 0.078462
63 64 0.078462
63 65 0.078462
63 66 0.078462
63 67 0.078461
63 68 0.078461
63 69 0.078461
63 70 0.078461
63 71 0.078461
63 72 0.078461
63 73 0.078462
63 74 0.078462
63 75 0.078463
63 76 0.078464
63 77 0.078464
63 78 0.078464
63 79 0.078464
63 80 0.078464
63 81 0.078464
63 82 0.078464
63 83 0.078464
63 84 0.078464
63 85 0.078464
63 86 0.078464
63 87 0.078464
63 88 0.078464
63 89 0.078464
63 90 0.078464
63 91 0.078465
63 92 0.078465
63 93 0.078465
63 94 0.078465
63 95 0.078464
63 96 0.078464
63 97 0.078465
63 98 0.078464
63 99 0.078465

64 0 0.078465
64 1 0.078465
64 2 0.078465
64 3 0.078465
64 4 0.078464
64 5 0.078464
64 6 0.078464
64 7 0.078464
64 8 0.078464
64 9 0.078464
64 10 0.078464
64 11 0.078464
64 12 0.078464
64 13 0.078464
64 14 0.078464
64 15 0.078464
64 16 0.078464
64 17 0.078464
64 18 0.078464
64 19 0.078464
64 20 0.078464
64 21 0.078463
64 22 0.078463
64 23 0.078463
64 24 0.078463
64 25 0.078463
64 26 0.078463
64 27 0.078463
64 28 0.078463
64 29 0.078462
64 30 0.078462
64 31 0.078462
64 32 0.078462
64 33 0.078462
64 34 0.078462
64 35 0.078462
64 36 0.078461
64 37 0.078461
64 38 0.078460
64 39 0.078460
64 40 0.078459
64 41 0.078459
64 42 0.078458
64 43 0.078458
64 44 0.078459
64 45 0.078459
64 46 0.078459
64 47 0.078459
64 48 0.078459
64 49 0.078458
64 50 0.078458
64 51 0.078458
64 52 0.078457
64 53 0.078457
64 54 0.078458
64 55 0.078458
64 56 0.078459
64 57 0.078459
64 58 0.078460
64 59 0.078460
64 60 0.078461
64 61 0.078461
64 62 0.078462
64 63 0.078462
64 64 0.078462
64 65 0.078462
64 66 0.078462
64 67 0.078462
64 68 0.078462
64 69 0.078462
64 70 0.078461
64 71 0.078461
64 72 0.078462
64 73 0.078462
64 74 0.078463
64 75 0.078464
64 76 0.078464
64 77 0.078465
64 78 0.078465
64 79 0.078465
64 80 0.078464
64 81 0.078464
64 82 0.078465
64 83 0.078465
64 84 0.078465
64 85 0.078465
64 86 0.078465
64 87 0.078464
64 88 0.078464
64 89 0.078464
64 90 0.078465
64 91 0.078465
64 92 0.078466
64 93 0.078466
64 94 0.078465
64 95 0.078465
64 96 0.078465
64 97 0.078465
64 98 0.078465
64 99 0.078465

65 0 0.078466
65 1 0.078466
65 2 0.078465
65 3 0.078465
65 4 0.078465
65 5 0.078465
65 6 0.078465
65 7 0.078465
65 8 0.078464
65 9 0.078464
65 10 0.078464
65 11 0.078464
65 12 0.078465
65 13 0.078465
65 14 0.078465
65 15 0.078465
65 16 0.078465
65 17 0.078464
65 18 0.078464
65 19 0.078464
65 20 0.078464
65 21 0.078464
65 22 0.078464
65 23 0.078464
65 24 0.078463
65 25 0.078463
65 26 0.078463
65 27 0.078463
65 28 0.078463
65 29 0.078463
65 30 0.078463
65 31 0.078462
65 32 0.078462
65 33 0.078462
65 34 0.078462
65 35 0.078461
65 36 0.078461
65 37 0.078460
65 38 0.078460
65 39 0.078459
65 40 0.078459
65 41 0.078458
65 42 0.078458
65 43 0.078458
65 44 0.078459
65 45 0.078459
65 46 0.078459
65 47 0.078459
65 48 0.078458
65 49 0.078458
65 50 0.078458
65 51 0.078457
65 52 0.078457
65 53 0.078457
65 54 0.078458
65 55 0.078458
65 56 0.078459
65 57 0.078459
65 58 0.078460
65 59 0.078460
65 60 0.078461
65 61 0.078461
65 62 0.078462
65 63 0.078462
65 64 0.078462
65 65 0.078462
65 66 0.078463
65 67 0.078463
65 68 0.078462
65 69 0.078462
65 70 0.078462
65 71 0.078462
65 72 0.078462
65 73 0.078463
65 74 0.078464
65 75 0.078465
65 76 0.078465
65 77 0.078465
65 78 0.078465
65 79 0.078465
65 80 0.078465
65 81 0.078465
65 82 0.078465
65 83 0.078465
65 84 0.078466
65 85 0.078466
65 86 0.078465
65 87 0.078465
65 88 0.078465
65 89 0.078465
65 90 0.078466
65 91 0.078466
65 92 0.078466
65 93 0.078466
65 94 0.078466
65 95 0.078466
65 96 0.078466
65 97 0.078466
65 98 0.078466
65 99 0.078466

66 0 0.078466
66 1 0.078466
66 2 0.078466
66 3 0.078466
66 4 0.078466
66 5 0.078466
66 6 0.078465
66 7 0.078465
66 8 0.078465
66 9 0.078465
66 10 0.078465
66 11 0.078465
66 12 0.078466
66 13 0.078466
66 14 0.078466
66 15 0.078466
66 16 0.078466
66 17 0.078466
66 18 0.078466
66 19 0.078466
66 20 0.078466
66 21 0.078466
66 22 0.078465
66 23 0.078465
66 24 0.078465
66 25 0.078465
66 26 0.078465
66 27 0.078464
66 28 0.078464
66 29 0.078464
66 30 0.078464
66 31 0.078463
66 32 0.078463
66 33 0.078462
66 34 0.078462
66 35 0.078461
66 36 0.078461
66 37 0.078460
66 38 0.078460
66 39 0.078460
66 40 0.078460
66 41 0.078460
66 42 0.078459
66 43 0.078459
66 44 0.078459
66 45 0.078458
66 46 0.078458
66 47 0.078458
66 48 0.078457
66 49 0.078457
66 50 0.078458
66 51 0.078458
66 52 0.078458
66 53 0.078458
66 54 0.078459
66 55 0.078459
66 56 0.078459
66 57 0.078460
66 58 0.078460
66 59 0.078461
66 60 0.078461
66 61 0.078462
66 62 0.078462
66 63 0.078463
66 64 0.078463
66 65 0.078463
66 66 0.078463
66 67 0.078463
66 68 0.078463
66 69 0.078463
66 70 0.078463
66 71 0.078464
66 72 0.078465
66 73 0.078465
66 74 0.078465
66 75 0.078465
66 76 0.078465
66 77 0.078464
66 78 0.078464
66 79 0.078465
66 80 0.078465
66 81 0.078466
66 82 0.078466
66 83 0.078466
66 84 0.078465
66 85 0.078465
66 86 0.078465
66 87 0.078465
66 88 0.078466
66 89 0.078466
66 90 0.078466
66 91 0.078466
66 92 0.078466
66 93 0.078466
66 94 0.078467
66 95 0.078467
66 96 0.078467
66 97 0.078467
66 98 0.078467
66 99 0.078467

67 0 0.078467
67 1 0.078467
67 2 0.078467
67 3 0.078467
67 4 0.078466
67 5 0.078466
67 6 0.078466
67 7 0.078467
67 8 0.078467
67 9 0.078467
67 10 0.078467
67 11 0.078467
67 12 0.078467
67 13 0.078467
67 14 0.078467
67 15 0.078467
67 16 0.078467
67 17 0.078467
67 18 0.078467
67 19 0.078467
67 20 0.078467
67 21 0.078466
67 22 0.078466
67 23 0.078466
67 24 0.078466
67 25 0.078465
67 26 0.078465
67 27 0.078465
67 28 0.078465
67 29 0.078464
67 30 0.078464
67 31 0.078464
67 32 0.078463
67 33 0.078463
67 34 0.078462
67 35 0.078462
67 36 0.078461
67 37 0.078461
67 38 0.078461
67 39 0.078460
67 40 0.078460
67 41 0.078460
67 42 0.078460
67 43 0.078459
67 44 0.078459
67 45 0.078459
67 46 0.078458
67 47 0.078458
67 48 0.078458
67 49 0.078458
67 50 0.078458
67 51 0.078459
67 52 0.078459
67 53 0.078459
67 54 0.078459
67 55 0.078459
67 56 0.078460
67 57 0.078460
67 58 0.078461
67 59 0.078461
67 60 0.078462
67 61 0.078463
67 62 0.078463
67 63 0.078464
67 64 0.078464
67 65 0.078464
67 66 0.078464
67 67 0.078464
67 68 0.078464
67 69 0.078464
67 70 0.078464
67 71 0.078465
67 72 0.078466
67 73 0.078466
67 74 0.078466
67 75 0.078466
67 76 0.078465
67 77 0.078465
67 78 0.078465
67 79 0.078465
67 80 0.078466
67 81 0.078466
67 82 0.078466
67 83 0.078466
67 84 0.078465
67 85 0.078465
67 86 0.078465
67 87 0.078466
67 88 0.078466
67 89 0.078467
67 90 0.078467
67 91 0.078467
67 92 0.078467
67 93 0.078467
67 94 0.078467
67 95 0.078468
67 96 0.078468
67 97 0.078468
67 98 0.078468
67 99 0.078468

68 0 0.078467
68 1 0.078467
68 2 0.078467
68 3 0.078467
68 4 0.078467
68 5 0.078467
68 6 0.078467
68 7 0.078467
68 8 0.078467
68 9 0.078468
68 10 0.078467
68 11 0.078468
68 12 0.078467
68 13 0.078467
68 14 0.078467
68 15 0.078468
68 16 0.078468
68 17 0.078468
68 18 0.078468
68 19 0.078468
68 20 0.078467
68 21 0.078467
68 22 0.078467
68 23 0.078466
68 24 0.078466
68 25 0.078466
68 26 0.078466
68 27 0.078465
68 28 0.078465
68 29 0.078465
68 30 0.078464
68 31 0.078464
68 32 0.078463
68 33 0.078463
68 34 0.078462
68 35 0.078462
68 36 0.078462
68 37 0.078461
68 38 0.078461
68 39 0.078461
68 40 0.078461
68 41 0.078461
68 42 0.078460
68 43 0.078460
68 44 0.078459
68 45 0.078459
68 46 0.078459
68 47 0.078459
68 48 0.078459
68 49 0.078459
68 50 0.078459
68 51 0.078459
68 52 0.078459
68 53 0.078459
68 54 0.078459
68 55 0.078459
68 56 0.078460
68 57 0.078460
68 58 0.078461
68 59 0.078462
68 60 0.078462
68 61 0.078463
68 62 0.078464
68 63 0.078464
68 64 0.078464
68 65 0.078464
68 66 0.078464
68 67 0.078464
68 68 0.078464
68 69 0.078465
68 70 0.078465
68 71 0.078466
68 72 0.078467
68 73 0.078467
68 74 0.078466
68 75 0.078466
68 76 0.078465
68 77 0.078465
68 78 0.078465
68 79 0.078466
68 80 0.078466
68 81 0.078467
68 82 0.078467
68 83 0.078466
68 84 0.078466
68 85 0.078466
68 86 0.078466
68 87 0.078466
68 88 0.078467
68 89 0.078468
68 90 0.078468
68 91 0.078467
68 92 0.078468
68 93 0.078468
68 94 0.078468
68 95 0.078468
68 96 0.078469
68 97 0.078469
68 98 0.078469
68 99 0.078468

69 0 0.078468
69 1 0.078468
69 2 0.078468
69 3 0.078468
69 4 0.078468
69 5 0.078468
69 6 0.078468
69 7 0.078468
69 8 0.078468
69 9 0.078468
69 10 0.078468
69 11 0.078468
69 12 0.078468
69 13 0.078468
69 14 0.078468
69 15 0.078468
69 16 0.078468
69 17 0.078468
69 18 0.078468
69 19 0.078468
69 20 0.078468
69 21 0.078468
69 22 0.078467
69 23 0.078467
69 24 0.078467
69 25 0.078466
69 26 0.078466
69 27 0.078466
69 28 0.078465
69 29 0.078465
69 30 0.078464
69 31 0.078464
69 32 0.078463
69 33 0.078463
69 34 0.078463
69 35 0.078462
69 36 0.078462
69 37 0.078462
69 38 0.078462
69 39 0.078461
69 40 0.078461
69 41 0.078461
69 42 0.078461
69 43 0.078460
69 44 0.078460
69 45 0.078460
69 46 0.078459
69 47 0.078459
69 48 0.078459
69 49 0.078459
69 50 0.078459
69 51 0.078459
69 52 0.078459
69 53 0.078459
69 54 0.078459
69 55 0.078460
69 56 0.078460
69 57 0.078461
69 58 0.078461
69 59 0.078462
69 60 0.078463
69 61 0.078464
69 62 0.078464
69 63 0.078465
69 64 0.078465
69 65 0.078465
69 66 0.078465
69 67 0.078465
69 68 0.078465
69 69 0.078465
69 70 0.078466
69 71 0.078467
69 72 0.078467
69 73 0.078467
69 74 0.078467
69 75 0.078466
69 76 0.078465
69 77 0.078465
69 78 0.078466
69 79 0.078466
69 80 0.078467
69 81 0.078467
69 82 0.078467
69 83 0.078467
69 84 0.078466
69 85 0.078466
69 86 0.078467
69 87 0.078467
69 88 0.078468
69 89 0.078468
69 90 0.078469
69 91 0.078468
69 92 0.078468
69 93 0.078468
69 94 0.078469
69 95 0.078469
69 96 0.078470
69 97 0.078470
69 98 0.078469
69 99 0.078469

70 0 0.078469
70 1 0.078469
70 2 0.078469
70 3 0.078469
70 4 0.078469
70 5 0.078469
70 6 0.078469
70 7 0.078469
70 8 0.078469
70 9 0.078469
70 10 0.078469
70 11 0.078469
70 12 0.078469
70 13 0.078469
70 14 0.078469
70 15 0.078469
70 16 0.078469
70 17 0.078469
70 18 0.078469
70 19 0.078469
70 20 0.078468
70 21 0.078468
70 22 0.078468
70 23 0.078467
70 24 0.078467
70 25 0.078467
70 26 0.078466
70 27 0.078466
70 28 0.078465
70 29 0.078465
70 30 0.078465
70 31 0.078464
70 32 0.078464
70 33 0.078463
70 34 0.078463
70 35 0.078463
70 36 0.078463
70 37 0.078462
70 38 0.078462
70 39 0.078462
70 40 0.078462
70 41 0.078462
70 42 0.078461
70 43 0.078461
70 44 0.078461
70 45 0.078460
70 46 0.078460
70 47 0.078460
70 48 0.078460
70 49 0.078459
70 50 0.078459
70 51 0.078459
70 52 0.078459
70 53 0.078459
70 54 0.078459
70 55 0.078460
70 56 0.078460
70 57 0.078461
70 58 0.078462
70 59 0.078463
70 60 0.078463
70 61 0.078464
70 62 0.078465
70 63 0.078465
70 64 0.078465
70 65 0.078465
70 66 0.078465
70 67 0.078466
70 68 0.078466
70 69 0.078466
70 70 0.078467
70 71 0.078467
70 72 0.078468
70 73 0.078467
70 74 0.078467
70 75 0.078466
70 76 0.078466
70 77 0.078466
70 78 0.078466
70 79 0.078467
70 80 0.078468
70 81 0.078468
70 82 0.078468
70 83 0.078468
70 84 0.078467
70 85 0.078467
70 86 0.078468
70 87 0.078468
70 88 0.078469
70 89 0.078469
70 90 0.078469
70 91 0.078469
70 92 0.078469
70 93 0.078469
70 94 0.078470
70 95 0.078470
70 96 0.078470
70 97 0.078470
70 98 0.078470
70 99 0.078470

71 0 0.078470
71 1 0.078470
71 2 0.078470
71 3 0.078470
71 4 0.078470
71 5 0.078470
71 6 0.078470
71 7 0.078470
71 8 0.078470
71 9 0.078470
71 10 0.078470
71 11 0.078470
71 12 0.078470
71 13 0.078470
71 14 0.078470
71 15 0.078470
71 16 0.078470
71 17 0.078470
71 18 0.078469
71 19 0.078469
71 20 0.078469
71 21 0.078468
71 22 0.078468
71 23 0.078468
71 24 0.078467
71 25 0.078467
71 26 0.078467
71 27 0.078466
71 28 0.078466
71 29 0.078465
71 30 0.078465
71 31 0.078465
71 32 0.078464
71 33 0.078464
71 34 0.078464
71 35 0.078464
71 36 0.078463
71 37 0.078463
71 38 0.078463
71 39 0.078463
71 40 0.078463
71 41 0.078462
71 42 0.078462
71 43 0.078461
71 44 0.078461
71 45 0.078461
71 46 0.078460
71 47 0.078460
71 48 0.078460
71 49 0.078460
71 50 0.078459
71 51 0.078459
71 52 0.078459
71 53 0.078460
71 54 0.078460
71 55 0.078460
71 56 0.078461
71 57 0.078462
71 58 0.078462
71 59 0.078463
71 60 0.078464
71 61 0.078465
71 62 0.078465
71 63 0.078466
71 64 0.078466
71 65 0.078466
71 66 0.078466
71 67 0.078466
71 68 0.078466
71 69 0.078467
71 70 0.078467
71 71 0.078468
71 72 0.078468
71 73 0.078468
71 74 0.078467
71 75 0.078466
71 76 0.078466
71 77 0.078466
71 78 0.078467
71 79 0.078468
71 80 0.078469
71 81 0.078469
71 82 0.078469
71 83 0.078469
71 84 0.078468
71 85 0.078468
71 86 0.078468
71 87 0.078469
71 88 0.078470
71 89 0.078470
71 90 0.078470
71 91 0.078470
71 92 0.078470
71 93 0.078470
71 94 0.078471
71 95 0.078471
71 96 0.078471
71 97 0.078471
71 98 0.078471
71 99 0.078471

72 0 0.078471
72 1 0.078471
72 2 0.078471
72 3 0.078471
72 4 0.078471
72 5 0.078471
72 6 0.078471
72 7 0.078471
72 8 0.078471
72 9 0.078471
72 10 0.078470
72 11 0.078471
72 12 0.078471
72 13 0.078471
72 14 0.078471
72 15 0.078471
72 16 0.078470
72 17 0.078470
72 18 0.078470
72 19 0.078469
72 20 0.078469
72 21 0.078468
72 22 0.078468
72 23 0.078468
72 24 0.078467
72 25 0.078467
72 26 0.078467
72 27 0.078466
72 28 0.078466
72 29 0.078466
72 30 0.078466
72 31 0.078465
72 32 0.078465
72 33 0.078465
72 34 0.078465
72 35 0.078465
72 36 0.078464
72 37 0.078464
72 38 0.078464
72 39 0.078463
72 40 0.078463
72 41 0.078462
72 42 0.078462
72 43 0.078461
72 44 0.078461
72 45 0.078461
72 46 0.078460
72 47 0.078460
72 48 0.078460
72 49 0.078460
72 50 0.078460
72 51 0.078460
72 52 0.078460
72 53 0.078460
72 54 0.078460
72 55 0.078461
72 56 0.078462
72 57 0.078462
72 58 0.078463
72 59 0.078464
72 60 0.078465
72 61 0.078465
72 62 0.078466
72 63 0.078466
72 64 0.078466
72 65 0.078466
72 66 0.078466
72 67 0.078467
72 68 0.078467
72 69 0.078467
72 70 0.078467
72 71 0.078467
72 72 0.078467
72 73 0.078467
72 74 0.078467
72 75 0.078467
72 76 0.078467
72 77 0.078468
72 78 0.078468
72 79 0.078469
72 80 0.078469
72 81 0.078469
72 82 0.078469
72 83 0.078469
72 84 0.078469
72 85 0.078469
72 86 0.078469
72 87 0.078469
72 88 0.078470
72 89 0.078470
72 90 0.078470
72 91 0.078471
72 92 0.078471
72 93 0.078471
72 94 0.078471
72 95 0.078471
72 96 0.078472
72 97 0.078472
72 98 0.078472
72 99 0.078472

73 0 0.078472
73 1 0.078472
73 2 0.078472
73 3 0.078472
73 4 0.078472
73 5 0.078472
73 6 0.078472
73 7 0.078472
73 8 0.078472
73 9 0.078472
73 10 0.078471
73 11 0.078471
73 12 0.078471
73 13 0.078471
73 14 0.078471
73 15 0.078471
73 16 0.078471
73 17 0.078470
73 18 0.078470
73 19 0.078470
73 20 0.078469
73 21 0.078469
73 22 0.078468
73 23 0.078468
73 24 0.078468
73 25 0.078467
73 26 0.078467
73 27 0.078467
73 28 0.078467
73 29 0.078467
73 30 0.078466
73 31 0.078466
73 32 0.078466
73 33 0.078466
73 34 0.078465
73 35 0.078465
73 36 0.078465
73 37 0.078465
73 38 0.078464
73 39 0.078464
73 40 0.078463
73 41 0.078463
73 42 0.078462
73 43 0.078462
73 44 0.078461
73 45 0.078461
73 46 0.078461
73 47 0.078460
73 48 0.078460
73 49 0.078460
73 50 0.078460
73 51 0.078460
73 52 0.078460
73 53 0.078461
73 54 0.078461
73 55 0.078462
73 56 0.078462
73 57 0.078463
73 58 0.078464
73 59 0.078465
73 60 0.078465
73 61 0.078466
73 62 0.078466
73 63 0.078466
73 64 0.078467
73 65 0.078467
73 66 0.078467
73 67 0.078467
73 68 0.078467
73 69 0.078468
73 70 0.078468
73 71 0.078468
73 72 0.078468
73 73 0.078468
73 74 0.078468
73 75 0.078468
73 76 0.078468
73 77 0.078469
73 78 0.078469
73 79 0.078470
73 80 0.078470
73 81 0.078470
73 82 0.078469
73 83 0.078469
73 84 0.078469
73 85 0.078469
73 86 0.078469
73 87 0.078470
73 88 0.078470
73 89 0.078470
73 90 0.078471
73 91 0.078471
73 92 0.078472
73 93 0.078472
73 94 0.078472
73 95 0.078472
73 96 0.078472
73 97 0.078472
73 98 0.078473
73 99 0.078473

74 0 0.078472
74 1 0.078473
74 2 0.078472
74 3 0.078473
74 4 0.078472
74 5 0.078473
74 6 0.078472
74 7 0.078472
74 8 0.078472
74 9 0.078472
74 10 0.078472
74 11 0.078472
74 12 0.078472
74 13 0.078472
74 14 0.078472
74 15 0.078471
74 16 0.078471
74 17 0.078471
74 18 0.078470
74 19 0.078470
74 20 0.078470
74 21 0.078469
74 22 0.078469
74 23 0.078468
74 24 0.078468
74 25 0.078468
74 26 0.078468
74 27 0.078467
74 28 0.078467
74 29 0.078467
74 30 0.078467
74 31 0.078467
74 32 0.078467
74 33 0.078466
74 34 0.078466
74 35 0.078466
74 36 0.078465
74 37 0.078465
74 38 0.078465
74 39 0.078464
74 40 0.078464
74 41 0.078463
74 42 0.078463
74 43 0.078462
74 44 0.078462
74 45 0.078461
74 46 0.078461
74 47 0.078461
74 48 0.078461
74 49 0.078461
74 50 0.078461
74 51 0.078461
74 52 0.078461
74 53 0.078461
74 54 0.078462
74 55 0.078462
74 56 0.078463
74 57 0.078464
74 58 0.078464
74 59 0.078465
74 60 0.078466
74 61 0.078466
74 62 0.078467
74 63 0.078467
74 64 0.078467
74 65 0.078467
74 66 0.078467
74 67 0.078468
74 68 0.078468
74 69 0.078468
74 70 0.078468
74 71 0.078468
74 72 0.078468
74 73 0.078468
74 74 0.078468
74 75 0.078468
74 76 0.078469
74 77 0.078469
74 78 0.078470
74 79 0.078470
74 80 0.078470
74 81 0.078470
74 82 0.078470
74 83 0.078469
74 84 0.078469
74 85 0.078470
74 86 0.078470
74 87 0.078470
74 88 0.078471
74 89 0.078471
74 90 0.078472
74 91 0.078472
74 92 0.078472
74 93 0.078473
74 94 0.078473
74 95 0.078473
74 96 0.078473
74 97 0.078473
74 98 0.078474
74 99 0.078474

75 0 0.078473
75 1 0.078473
75 2 0.078473
75 3 0.078473
75 4 0.078473
75 5 0.078473
75 6 0.078473
75 7 0.078473
75 8 0.078473
75 9 0.078473
75 10 0.078473
75 11 0.078473
75 12 0.078472
75 13 0.078472
75 14 0.078472
75 15 0.078472
75 16 0.078471
75 17 0.078471
75 18 0.078471
75 19 0.078470
75 20 0.078470
75 21 0.078470
75 22 0.078469
75 23 0.078469
75 24 0.078469
75 25 0.078468
75 26 0.078468
75 27 0.078468
75 28 0.078468
75 29 0.078468
75 30 0.078468
75 31 0.078467
75 32 0.078467
75 33 0.078467
75 34 0.078466
75 35 0.078466
75 36 0.078466
75 37 0.078465
75 38 0.078465
75 39 0.078464
75 40 0.078464
75 41 0.078463
75 42 0.078463
75 43 0.078463
75 44 0.078462
75 45 0.078462
75 46 0.078462
75 47 0.078462
75 48 0.078461
75 49 0.078461
75 50 0.078461
75 51 0.078461
75 52 0.078462
75 53 0.078462
75 54 0.078462
75 55 0.078463
75 56 0.078464
75 57 0.078464
75 58 0.078465
75 59 0.078466
75 60 0.078466
75 61 0.078467
75 62 0.078467
75 63 0.078467
75 64 0.078468
75 65 0.078468
75 66 0.078468
75 67 0.078468
75 68 0.078468
75 69 0.078468
75 70 0.078468
75 71 0.078468
75 72 0.078469
75 73 0.078469
75 74 0.078469
75 75 0.078469
75 76 0.078470
75 77 0.078470
75 78 0.078470
75 79 0.078470
75 80 0.078470
75 81 0.078470
75 82 0.078470
75 83 0.078470
75 84 0.078470
75 85 0.078470
75 86 0.078470
75 87 0.078471
75 88 0.078471
75 89 0.078472
75 90 0.078472
75 91 0.078473
75 92 0.078473
75 93 0.078473
75 94 0.078474
75 95 0.078473
75 96 0.078474
75 97 0.078474
75 98 0.078474
75 99 0.078475

76 0 0.078474
76 1 0.078474
76 2 0.078474
76 3 0.078474
76 4 0.078474
76 5 0.078474
76 6 0.078474
76 7 0.078474
76 8 0.078473
76 9 0.078473
76 10 0.078473
76 11 0.078473
76 12 0.078473
76 13 0.078473
76 14 0.078472
76 15 0.078472
76 16 0.078472
76 17 0.078471
76 18 0.078471
76 19 0.078471
76 20 0.078470
76 21 0.078470
76 22 0.078470
76 23 0.078469
76 24 0.078469
76 25 0.078469
76 26 0.078469
76 27 0.078468
76 28 0.078468
76 29 0.078468
76 30 0.078468
76 31 0.078468
76 32 0.078467
76 33 0.078467
76 34 0.078467
76 35 0.078466
76 36 0.078466
76 37 0.078466
76 38 0.078465
76 39 0.078465
76 40 0.078464
76 41 0.078464
76 42 0.078464
76 43 0.078463
76 44 0.078463
76 45 0.078463
76 46 0.078463
76 47 0.078462
76 48 0.078462
76 49 0.078462
76 50 0.078462
76 51 0.078462
76 52 0.078462
76 53 0.078463
76 54 0.078463
76 55 0.078464
76 56 0.078464
76 57 0.078465
76 58 0.078465
76 59 0.078466
76 60 0.078467
76 61 0.078467
76 62 0.078467
76 63 0.078468
76 64 0.078468
76 65 0.078468
76 66 0.078468
76 67 0.078468
76 68 0.078468
76 69 0.078468
76 70 0.078469
76 71 0.078469
76 72 0.078469
76 73 0.078469
76 74 0.078470
76 75 0.078470
76 76 0.078470
76 77 0.078470
76 78 0.078470
76 79 0.078470
76 80 0.078470
76 81 0.078470
76 82 0.078470
76 83 0.078470
76 84 0.078471
76 85 0.078471
76 86 0.078471
76 87 0.078472
76 88 0.078472
76 89 0.078472
76 90 0.078473
76 91 0.078474
76 92 0.078474
76 93 0.078474
76 94 0.078475
76 95 0.078474
76 96 0.078475
76 97 0.078475
76 98 0.078475
76 99 0.078475

77 0 0.078475
77 1 0.078475
77 2 0.078474
77 3 0.078475
77 4 0.078474
77 5 0.078474
77 6 0.078474
77 7 0.078474
77 8 0.078474
77 9 0.078474
77 10 0.078474
77 11 0.078473
77 12 0.078473
77 13 0.078473
77 14 0.078473
77 15 0.078472
77 16 0.078472
77 17 0.078472
77 18 0.078471
77 19 0.078471
77 20 0.078471
77 21 0.078470
77 22 0.078470
77 23 0.078470
77 24 0.078469
77 25 0.078469
77 26 0.078469
77 27 0.078469
77 28 0.078469
77 29 0.078468
77 30 0.078468
77 31 0.078468
77 32 0.078468
77 33 0.078467
77 34 0.078467
77 35 0.078467
77 36 0.078466
77 37 0.078466
77 38 0.078466
77 39 0.078465
77 40 0.078465
77 41 0.078465
77 42 0.078464
77 43 0.078464
77 44 0.078464
77 45 0.078464
77 46 0.078463
77 47 0.078463
77 48 0.078463
77 49 0.078463
77 50 0.078463
77 51 0.078463
77 52 0.078463
77 53 0.078463
77 54 0.078464
77 55 0.078464
77 56 0.078465
77 57 0.078465
77 58 0.078466
77 59 0.078466
77 60 0.078467
77 61 0.078468
77 62 0.078468
77 63 0.078468
77 64 0.078468
77 65 0.078468
77 66 0.078468
77 67 0.078468
77 68 0.078468
77 69 0.078469
77 70 0.078469
77 71 0.078469
77 72 0.078470
77 73 0.078470
77 74 0.078470
77 75 0.078470
77 76 0.078470
77 77 0.078470
77 78 0.078470
77 79 0.078470
77 80 0.078470
77 81 0.078470
77 82 0.078471
77 83 0.078471
77 84 0.078472
77 85 0.078472
77 86 0.078472
77 87 0.078472
77 88 0.078473
77 89 0.078473
77 90 0.078474
77 91 0.078475
77 92 0.078475
77 93 0.078475
77 94 0.078475
77 95 0.078475
77 96 0.078475
77 97 0.078475
77 98 0.078476
77 99 0.078476

78 0 0.078476
78 1 0.078475
78 2 0.078475
78 3 0.078475
78 4 0.078475
78 5 0.078475
78 6 0.078475
78 7 0.078475
78 8 0.078475
78 9 0.078474
78 10 0.078474
78 11 0.078474
78 12 0.078474
78 13 0.078473
78 14 0.078473
78 15 0.078472
78 16 0.078472
78 17 0.078472
78 18 0.078471
78 19 0.078471
78 20 0.078471
78 21 0.078470
78 22 0.078470
78 23 0.078470
78 24 0.078469
78 25 0.078469
78 26 0.078469
78 27 0.078469
78 28 0.078469
78 29 0.078468
78 30 0.078468
78 31 0.078468
78 32 0.078468
78 33 0.078468
78 34 0.078468
78 35 0.078467
78 36 0.078467
78 37 0.078467
78 38 0.078467
78 39 0.078466
78 40 0.078466
78 41 0.078466
78 42 0.078465
78 43 0.078465
78 44 0.078465
78 45 0.078464
78 46 0.078464
78 47 0.078464
78 48 0.078464
78 49 0.078463
78 50 0.078463
78 51 0.078463
78 52 0.078464
78 53 0.078464
78 54 0.078464
78 55 0.078465
78 56 0.078466
78 57 0.078466
78 58 0.078467
78 59 0.078467
78 60 0.078468
78 61 0.078468
78 62 0.078468
78 63 0.078468
78 64 0.078468
78 65 0.078468
78 66 0.078468
78 67 0.078469
78 68 0.078469
78 69 0.078469
78 70 0.078470
78 71 0.078470
78 72 0.078470
78 73 0.078470
78 74 0.078470
78 75 0.078470
78 76 0.078470
78 77 0.078470
78 78 0.078470
78 79 0.078470
78 80 0.078471
78 81 0.078471
78 82 0.078472
78 83 0.078472
78 84 0.078472
78 85 0.078472
78 86 0.078473
78 87 0.078473
78 88 0.078473
78 89 0.078474
78 90 0.078475
78 91 0.078475
78 92 0.078475
78 93 0.078475
78 94 0.078475
78 95 0.078475
78 96 0.078476
78 97 0.078476
78 98 0.078476
78 99 0.078477

79 0 0.078476
79 1 0.078476
79 2 0.078475
79 3 0.078476
79 4 0.078475
79 5 0.078475
79 6 0.078475
79 7 0.078475
79 8 0.078475
79 9 0.078475
79 10 0.078474
79 11 0.078474
79 12 0.078474
79 13 0.078473
79 14 0.078473
79 15 0.078473
79 16 0.078472
79 17 0.078472
79 18 0.078472
79 19 0.078471
79 20 0.078471
79 21 0.078471
79 22 0.078470
79 23 0.078470
79 24 0.078470
79 25 0.078470
79 26 0.078469
79 27 0.078469
79 28 0.078469
79 29 0.078469
79 30 0.078469
79 31 0.078469
79 32 0.078468
79 33 0.078468
79 34 0.078468
79 35 0.078468
79 36 0.078468
79 37 0.078468
79 38 0.078467
79 39 0.078467
79 40 0.078467
79 41 0.078466
79 42 0.078466
79 43 0.078466
79 44 0.078465
79 45 0.078465
79 46 0.078465
79 47 0.078464
79 48 0.078464
79 49 0.078464
79 50 0.078464
79 51 0.078464
79 52 0.078464
79 53 0.078465
79 54 0.078465
79 55 0.078466
79 56 0.078466
79 57 0.078467
79 58 0.078467
79 59 0.078468
79 60 0.078468
79 61 0.078469
79 62 0.078469
79 63 0.078469
79 64 0.078469
79 65 0.078469
79 66 0.078469
79 67 0.078469
79 68 0.078469
79 69 0.078470
79 70 0.078470
79 71 0.078470
79 72 0.078470
79 73 0.078470
79 74 0.078470
79 75 0.078470
79 76 0.078470
79 77 0.078470
79 78 0.078470
79 79 0.078471
79 80 0.078471
79 81 0.078472
79 82 0.078472
79 83 0.078473
79 84 0.078473
79 85 0.078473
79 86 0.078473
79 87 0.078473
79 88 0.078474
79 89 0.078474
79 90 0.078475
79 91 0.078475
79 92 0.078476
79 93 0.078476
79 94 0.078476
79 95 0.078476
79 96 0.078476
79 97 0.078476
79 98 0.078477
79 99 0.078478

80 0 0.078477
80 1 0.078476
80 2 0.078476
80 3 0.078476
80 4 0.078476
80 5 0.078476
80 6 0.078476
80 7 0.078476
80 8 0.078475
80 9 0.078475
80 10 0.078475
80 11 0.078475
80 12 0.078474
80 13 0.078474
80 14 0.078473
80 15 0.078473
80 16 0.078473
80 17 0.078472
80 18 0.078472
80 19 0.078472
80 20 0.078471
80 21 0.078471
80 22 0.078471
80 23 0.078470
80 24 0.078470
80 25 0.078470
80 26 0.078470
80 27 0.078470
80 28 0.078469
80 29 0.078469
80 30 0.078469
80 31 0.078469
80 32 0.078469
80 33 0.078469
80 34 0.078469
80 35 0.078469
80 36 0.078469
80 37 0.078468
80 38 0.078468
80 39 0.078468
80 40 0.078467
80 41 0.078467
80 42 0.078467
80 43 0.078466
80 44 0.078466
80 45 0.078466
80 46 0.078465
80 47 0.078465
80 48 0.078465
80 49 0.078465
80 50 0.078465
80 51 0.078465
80 52 0.078465
80 53 0.078465
80 54 0.078466
80 55 0.078466
80 56 0.078467
80 57 0.078467
80 58 0.078468
80 59 0.078468
80 60 0.078469
80 61 0.078469
80 62 0.078469
80 63 0.078469
80 64 0.078469
80 65 0.078469
80 66 0.078469
80 67 0.078469
80 68 0.078470
80 69 0.078470
80 70 0.078470
80 71 0.078471
80 72 0.078471
80 73 0.078471
80 74 0.078470
80 75 0.078470
80 76 0.078470
80 77 0.078471
80 78 0.078471
80 79 0.078472
80 80 0.078472
80 81 0.078473
80 82 0.078473
80 83 0.078473
80 84 0.078473
80 85 0.078473
80 86 0.078474
80 87 0.078474
80 88 0.078474
80 89 0.078475
80 90 0.078475
80 91 0.078476
80 92 0.078476
80 93 0.078476
80 94 0.078476
80 95 0.078476
80 96 0.078477
80 97 0.078477
80 98 0.078477
80 99 0.078478

81 0 0.078477
81 1 0.078477
81 2 0.078476
81 3 0.078477
81 4 0.078476
81 5 0.078476
81 6 0.078476
81 7 0.078476
81 8 0.078476
81 9 0.078476
81 10 0.078475
81 11 0.078475
81 12 0.078475
81 13 0.078474
81 14 0.078474
81 15 0.078473
81 16 0.078473
81 17 0.078473
81 18 0.078472
81 19 0.078472
81 20 0.078472
81 21 0.078471
81 22 0.078471
81 23 0.078471
81 24 0.078471
81 25 0.078471
81 26 0.078470
81 27 0.078470
81 28 0.078470
81 29 0.078470
81 30 0.078470
81 31 0.078470
81 32 0.078470
81 33 0.078470
81 34 0.078470
81 35 0.078469
81 36 0.078469
81 37 0.078469
81 38 0.078469
81 39 0.078468
81 40 0.078468
81 41 0.078468
81 42 0.078467
81 43 0.078467
81 44 0.078466
81 45 0.078466
81 46 0.078466
81 47 0.078465
81 48 0.078465
81 49 0.078465
81 50 0.078465
81 51 0.078465
81 52 0.078466
81 53 0.078466
81 54 0.078466
81 55 0.078467
81 56 0.078467
81 57 0.078468
81 58 0.078468
81 59 0.078469
81 60 0.078469
81 61 0.078470
81 62 0.078470
81 63 0.078470
81 64 0.078470
81 65 0.078470
81 66 0.078470
81 67 0.078470
81 68 0.078470
81 69 0.078470
81 70 0.078471
81 71 0.078471
81 72 0.078471
81 73 0.078471
81 74 0.078471
81 75 0.078471
81 76 0.078471
81 77 0.078471
81 78 0.078472
81 79 0.078472
81 80 0.078473
81 81 0.078473
81 82 0.078473
81 83 0.078474
81 84 0.078474
81 85 0.078474
81 86 0.078474
81 87 0.078474
81 88 0.078475
81 89 0.078475
81 90 0.078476
81 91 0.078476
81 92 0.078477
81 93 0.078477
81 94 0.078477
81 95 0.078477
81 96 0.078477
81 97 0.078477
81 98 0.078478
81 99 0.078479

82 0 0.078478
82 1 0.078477
82 2 0.078477
82 3 0.078477
82 4 0.078477
82 5 0.078477
82 6 0.078477
82 7 0.078477
82 8 0.078476
82 9 0.078476
82 10 0.078476
82 11 0.078475
82 12 0.078475
82 13 0.078475
82 14 0.078474
82 15 0.078474
82 16 0.078473
82 17 0.078473
82 18 0.078473
82 19 0.078472
82 20 0.078472
82 21 0.078472
82 22 0.078472
82 23 0.078471
82 24 0.078471
82 25 0.078471
82 26 0.078471
82 27 0.078471
82 28 0.078471
82 29 0.078471
82 30 0.078470
82 31 0.078470
82 32 0.078470
82 33 0.078470
82 34 0.078470
82 35 0.078470
82 36 0.078470
82 37 0.078470
82 38 0.078469
82 39 0.078469
82 40 0.078468
82 41 0.078468
82 42 0.078468
82 43 0.078467
82 44 0.078467
82 45 0.078467
82 46 0.078466
82 47 0.078466
82 48 0.078466
82 49 0.078466
82 50 0.078466
82 51 0.078466
82 52 0.078466
82 53 0.078467
82 54 0.078467
82 55 0.078467
82 56 0.078468
82 57 0.078469
82 58 0.078469
82 59 0.078469
82 60 0.078470
82 61 0.078470
82 62 0.078470
82 63 0.078470
82 64 0.078470
82 65 0.078470
82 66 0.078470
82 67 0.078470
82 68 0.078470
82 69 0.078471
82 70 0.078471
82 71 0.078471
82 72 0.078471
82 73 0.078471
82 74 0.078471
82 75 0.078471
82 76 0.078471
82 77 0.078472
82 78 0.078472
82 79 0.078473
82 80 0.078473
82 81 0.078474
82 82 0.078474
82 83 0.078474
82 84 0.078474
82 85 0.078474
82 86 0.078475
82 87 0.078475
82 88 0.078475
82 89 0.078476
82 90 0.078477
82 91 0.078477
82 92 0.078477
82 93 0.078477
82 94 0.078477
82 95 0.078477
82 96 0.078478
82 97 0.078478
82 98 0.078478
82 99 0.078479

83 0 0.078478
83 1 0.078477
83 2 0.078477
83 3 0.078477
83 4 0.078477
83 5 0.078477
83 6 0.078477
83 7 0.078477
83 8 0.078477
83 9 0.078477
83 10 0.078476
83 11 0.078476
83 12 0.078475
83 13 0.078475
83 14 0.078475
83 15 0.078474
83 16 0.078474
83 17 0.078474
83 18 0.078473
83 19 0.078473
83 20 0.078473
83 21 0.078472
83 22 0.078472
83 23 0.078472
83 24 0.078472
83 25 0.078472
83 26 0.078471
83 27 0.078471
83 28 0.078471
83 29 0.078471
83 30 0.078471
83 31 0.078471
83 32 0.078471
83 33 0.078471
83 34 0.078471
83 35 0.078471
83 36 0.078470
83 37 0.078470
83 38 0.078470
83 39 0.078469
83 40 0.078469
83 41 0.078468
83 42 0.078468
83 43 0.078468
83 44 0.078467
83 45 0.078467
83 46 0.078467
83 47 0.078467
83 48 0.078466
83 49 0.078466
83 50 0.078466
83 51 0.078467
83 52 0.078467
83 53 0.078467
83 54 0.078468
83 55 0.078468
83 56 0.078469
83 57 0.078469
83 58 0.078469
83 59 0.078470
83 60 0.078470
83 61 0.078470
83 62 0.078471
83 63 0.078471
83 64 0.078471
83 65 0.078470
83 66 0.078470
83 67 0.078471
83 68 0.078471
83 69 0.078471
83 70 0.078471
83 71 0.078472
83 72 0.078472
83 73 0.078472
83 74 0.078472
83 75 0.078472
83 76 0.078472
83 77 0.078472
83 78 0.078473
83 79 0.078473
83 80 0.078474
83 81 0.078474
83 82 0.078474
83 83 0.078475
83 84 0.078475
83 85 0.078475
83 86 0.078475
83 87 0.078476
83 88 0.078476
83 89 0.078477
83 90 0.078477
83 91 0.078477
83 92 0.078477
83 93 0.078477
83 94 0.078477
83 95 0.078477
83 96 0.078478
83 97 0.078478
83 98 0.078478
83 99 0.078479

84 0 0.078478
84 1 0.078478
84 2 0.078477
84 3 0.078478
84 4 0.078477
84 5 0.078477
84 6 0.078477
84 7 0.078477
84 8 0.078477
84 9 0.078477
84 10 0.078476
84 11 0.078476
84 12 0.078476
84 13 0.078475
84 14 0.078475
84 15 0.078475
84 16 0.078474
84 17 0.078474
84 18 0.078474
84 19 0.078473
84 20 0.078473
84 21 0.078473
84 22 0.078472
84 23 0.078472
84 24 0.078472
84 25 0.078472
84 26 0.078472
84 27 0.078472
84 28 0.078471
84 29 0.078471
84 30 0.078471
84 31 0.078471
84 32 0.078471
84 33 0.078471
84 34 0.078471
84 35 0.078470
84 36 0.078470
84 37 0.078470
84 38 0.078470
84 39 0.078469
84 40 0.078469
84 41 0.078469
84 42 0.078468
84 43 0.078468
84 44 0.078468
84 45 0.078468
84 46 0.078467
84 47 0.078467
84 48 0.078467
84 49 0.078467
84 50 0.078467
84 51 0.078467
84 52 0.078468
84 53 0.078468
84 54 0.078468
84 55 0.078469
84 56 0.078469
84 57 0.078469
84 58 0.078470
84 59 0.078470
84 60 0.078470
84 61 0.078470
84 62 0.078470
84 63 0.078470
84 64 0.078470
84 65 0.078470
84 66 0.078470
84 67 0.078471
84 68 0.078471
84 69 0.078471
84 70 0.078472
84 71 0.078472
84 72 0.078472
84 73 0.078472
84 74 0.078472
84 75 0.078472
84 76 0.078472
84 77 0.078473
84 78 0.078473
84 79 0.078473
84 80 0.078474
84 81 0.078474
84 82 0.078474
84 83 0.078475
84 84 0.078475
84 85 0.078475
84 86 0.078476
84 87 0.078476
84 88 0.078477
84 89 0.078477
84 90 0.078477
84 91 0.078477
84 92 0.078477
84 93 0.078477
84 94 0.078478
84 95 0.078478
84 96 0.078478
84 97 0.078478
84 98 0.078479
84 99 0.078479

85 0 0.078478
85 1 0.078478
85 2 0.078478
85 3 0.078478
85 4 0.078478
85 5 0.078478
85 6 0.078477
85 7 0.078477
85 8 0.078477
85 9 0.078477
85 10 0.078477
85 11 0.078476
85 12 0.078476
85 13 0.078476
85 14 0.078475
85 15 0.078475
85 16 0.078475
85 17 0.078474
85 18 0.078474
85 19 0.078474
85 20 0.078473
85 21 0.078473
85 22 0.078473
85 23 0.078473
85 24 0.078472
85 25 0.078472
85 26 0.078472
85 27 0.078472
85 28 0.078472
85 29 0.078472
85 30 0.078472
85 31 0.078472
85 32 0.078471
85 33 0.078471
85 34 0.078471
85 35 0.078471
85 36 0.078471
85 37 0.078470
85 38 0.078470
85 39 0.078470
85 40 0.078470
85 41 0.078469
85 42 0.078469
85 43 0.078469
85 44 0.078468
85 45 0.078468
85 46 0.078468
85 47 0.078468
85 48 0.078468
85 49 0.078468
85 50 0.078468
85 51 0.078468
85 52 0.078468
85 53 0.078468
85 54 0.078469
85 55 0.078469
85 56 0.078469
85 57 0.078470
85 58 0.078470
85 59 0.078470
85 60 0.078470
85 61 0.078471
85 62 0.078470
85 63 0.078470
85 64 0.078470
85 65 0.078471
85 66 0.078471
85 67 0.078471
85 68 0.078471
85 69 0.078472
85 70 0.078472
85 71 0.078472
85 72 0.078472
85 73 0.078472
85 74 0.078472
85 75 0.078473
85 76 0.078473
85 77 0.078473
85 78 0.078473
85 79 0.078474
85 80 0.078474
85 81 0.078474
85 82 0.078475
85 83 0.078475
85 84 0.078475
85 85 0.078476
85 86 0.078476
85 87 0.078476
85 88 0.078477
85 89 0.078477
85 90 0.078477
85 91 0.078477
85 92 0.078478
85 93 0.078478
85 94 0.078478
85 95 0.078478
85 96 0.078478
85 97 0.078479
85 98 0.078479
85 99 0.078480

86 0 0.078478
86 1 0.078478
86 2 0.078478
86 3 0.078478
86 4 0.078478
86 5 0.078478
86 6 0.078478
86 7 0.078477
86 8 0.078477
86 9 0.078477
86 10 0.078477
86 11 0.078477
86 12 0.078476
86 13 0.078476
86 14 0.078476
86 15 0.078475
86 16 0.078475
86 17 0.078475
86 18 0.078474
86 19 0.078474
86 20 0.078474
86 21 0.078473
86 22 0.078473
86 23 0.078473
86 24 0.078473
86 25 0.078473
86 26 0.078472
86 27 0.078472
86 28 0.078472
86 29 0.078472
86 30 0.078472
86 31 0.078472
86 32 0.078472
86 33 0.078472
86 34 0.078471
86 35 0.078471
86 36 0.078471
86 37 0.078471
86 38 0.078470
86 39 0.078470
86 40 0.078470
86 41 0.078470
86 42 0.078469
86 43 0.078469
86 44 0.078469
86 45 0.078468
86 46 0.078468
86 47 0.078468
86 48 0.078468
86 49 0.078468
86 50 0.078468
86 51 0.078468
86 52 0.078468
86 53 0.078469
86 54 0.078469
86 55 0.078469
86 56 0.078470
86 57 0.078470
86 58 0.078470
86 59 0.078470
86 60 0.078471
86 61 0.078471
86 62 0.078471
86 63 0.078471
86 64 0.078471
86 65 0.078471
86 66 0.078471
86 67 0.078471
86 68 0.078472
86 69 0.078472
86 70 0.078472
86 71 0.078472
86 72 0.078472
86 73 0.078473
86 74 0.078473
86 75 0.078473
86 76 0.078473
86 77 0.078473
86 78 0.078474
86 79 0.078474
86 80 0.078475
86 81 0.078475
86 82 0.078475
86 83 0.078476
86 84 0.078476
86 85 0.078476
86 86 0.078476
86 87 0.078477
86 88 0.078477
86 89 0.078477
86 90 0.078478
86 91 0.078478
86 92 0.078478
86 93 0.078478
86 94 0.078478
86 95 0.078478
86 96 0.078479
86 97 0.078479
86 98 0.078479
86 99 0.078480

87 0 0.078479
87 1 0.078478
87 2 0.078478
87 3 0.078478
87 4 0.078478
87 5 0.078478
87 6 0.078478
87 7 0.078478
87 8 0.078477
87 9 0.078477
87 10 0.078477
87 11 0.078477
87 12 0.078476
87 13 0.078476
87 14 0.078476
87 15 0.078475
87 16 0.078475
87 17 0.078475
87 18 0.078475
87 19 0.078474
87 20 0.078474
87 21 0.078474
87 22 0.078474
87 23 0.078473
87 24 0.078473
87 25 0.078473
87 26 0.078473
87 27 0.078473
87 28 0.078473
87 29 0.078472
87 30 0.078472
87 31 0.078472
87 32 0.078472
87 33 0.078472
87 34 0.078472
87 35 0.078471
87 36 0.078471
87 37 0.078471
87 38 0.078471
87 39 0.078470
87 40 0.078470
87 41 0.078470
87 42 0.078470
87 43 0.078469
87 44 0.078469
87 45 0.078469
87 46 0.078468
87 47 0.078468
87 48 0.078468
87 49 0.078468
87 50 0.078468
87 51 0.078468
87 52 0.078469
87 53 0.078469
87 54 0.078469
87 55 0.078469
87 56 0.078470
87 57 0.078470
87 58 0.078470
87 59 0.078471
87 60 0.078471
87 61 0.078471
87 62 0.078471
87 63 0.078471
87 64 0.078471
87 65 0.078471
87 66 0.078471
87 67 0.078472
87 68 0.078472
87 69 0.078472
87 70 0.078473
87 71 0.078473
87 72 0.078473
87 73 0.078473
87 74 0.078473
87 75 0.078473
87 76 0.078473
87 77 0.078474
87 78 0.078474
87 79 0.078475
87 80 0.078475
87 81 0.078475
87 82 0.078476
87 83 0.078476
87 84 0.078476
87 85 0.078476
87 86 0.078476
87 87 0.078477
87 88 0.078477
87 89 0.078478
87 90 0.078478
87 91 0.078478
87 92 0.078478
87 93 0.078478
87 94 0.078478
87 95 0.078478
87 96 0.078479
87 97 0.078479
87 98 0.078480
87 99 0.078480

88 0 0.078479
88 1 0.078479
88 2 0.078478
88 3 0.078478
88 4 0.078478
88 5 0.078478
88 6 0.078478
88 7 0.078478
88 8 0.078478
88 9 0.078478
88 10 0.078477
88 11 0.078477
88 12 0.078477
88 13 0.078476
88 14 0.078476
88 15 0.078476
88 16 0.078475
88 17 0.078475
88 18 0.078475
88 19 0.078475
88 20 0.078474
88 21 0.078474
88 22 0.078474
88 23 0.078474
88 24 0.078473
88 25 0.078473
88 26 0.078473
88 27 0.078473
88 28 0.078473
88 29 0.078473
88 30 0.078472
88 31 0.078472
88 32 0.078472
88 33 0.078472
88 34 0.078472
88 35 0.078472
88 36 0.078471
88 37 0.078471
88 38 0.078471
88 39 0.078470
88 40 0.078470
88 41 0.078470
88 42 0.078470
88 43 0.078469
88 44 0.078469
88 45 0.078469
88 46 0.078469
88 47 0.078469
88 48 0.078468
88 49 0.078468
88 50 0.078468
88 51 0.078469
88 52 0.078469
88 53 0.078469
88 54 0.078469
88 55 0.078469
88 56 0.078470
88 57 0.078470
88 58 0.078470
88 59 0.078471
88 60 0.078471
88 61 0.078471
88 62 0.078471
88 63 0.078471
88 64 0.078471
88 65 0.078471
88 66 0.078471
88 67 0.078472
88 68 0.078472
88 69 0.078473
88 70 0.078473
88 71 0.078473
88 72 0.078473
88 73 0.078473
88 74 0.078473
88 75 0.078474
88 76 0.078474
88 77 0.078474
88 78 0.078475
88 79 0.078475
88 80 0.078475
88 81 0.078476
88 82 0.078476
88 83 0.078476
88 84 0.078476
88 85 0.078476
88 86 0.078477
88 87 0.078477
88 88 0.078478
88 89 0.078478
88 90 0.078478
88 91 0.078478
88 92 0.078478
88 93 0.078478
88 94 0.078479
88 95 0.078479
88 96 0.078479
88 97 0.078479
88 98 0.078480
88 99 0.078480

89 0 0.078479
89 1 0.078479
89 2 0.078478
89 3 0.078479
89 4 0.078478
89 5 0.078479
89 6 0.078478
89 7 0.078478
89 8 0.078478
89 9 0.078478
89 10 0.078478
89 11 0.078477
89 12 0.078477
89 13 0.078477
89 14 0.078476
89 15 0.078476
89 16 0.078476
89 17 0.078475
89 18 0.078475
89 19 0.078475
89 20 0.078475
89 21 0.078474
89 22 0.078474
89 23 0.078474
89 24 0.078474
89 25 0.078474
89 26 0.078473
89 27 0.078473
89 28 0.078473
89 29 0.078473
89 30 0.078473
89 31 0.078473
89 32 0.078472
89 33 0.078472
89 34 0.078472
89 35 0.078472
89 36 0.078471
89 37 0.078471
89 38 0.078471
89 39 0.078471
89 40 0.078470
89 41 0.078470
89 42 0.078470
89 43 0.078469
89 44 0.078469
89 45 0.078469
89 46 0.078469
89 47 0.078469
89 48 0.078469
89 49 0.078469
89 50 0.078469
89 51 0.078469
89 52 0.078469
89 53 0.078469
89 54 0.078469
89 55 0.078469
89 56 0.078470
89 57 0.078470
89 58 0.078470
89 59 0.078471
89 60 0.078471
89 61 0.078471
89 62 0.078471
89 63 0.078471
89 64 0.078471
89 65 0.078471
89 66 0.078472
89 67 0.078472
89 68 0.078472
89 69 0.078473
89 70 0.078473
89 71 0.078473
89 72 0.078473
89 73 0.078473
89 74 0.078474
89 75 0.078474
89 76 0.078474
89 77 0.078475
89 78 0.078475
89 79 0.078475
89 80 0.078476
89 81 0.078476
89 82 0.078476
89 83 0.078476
89 84 0.078476
89 85 0.078477
89 86 0.078477
89 87 0.078477
89 88 0.078478
89 89 0.078478
89 90 0.078478
89 91 0.078478
89 92 0.078479
89 93 0.078478
89 94 0.078479
89 95 0.078479
89 96 0.078479
89 97 0.078479
89 98 0.078480
89 99 0.078481

90 0 0.078479
90 1 0.078479
90 2 0.078479
90 3 0.078479
90 4 0.078478
90 5 0.078479
90 6 0.078478
90 7 0.078478
90 8 0.078478
90 9 0.078478
90 10 0.078478
90 11 0.078477
90 12 0.078477
90 13 0.078477
90 14 0.078477
90 15 0.078476
90 16 0.078476
90 17 0.078476
90 18 0.078475
90 19 0.078475
90 20 0.078475
90 21 0.078475
90 22 0.078474
90 23 0.078474
90 24 0.078474
90 25 0.078474
90 26 0.078474
90 27 0.078473
90 28 0.078473
90 29 0.078473
90 30 0.078473
90 31 0.078473
90 32 0.078472
90 33 0.078472
90 34 0.078472
90 35 0.078472
90 36 0.078471
90 37 0.078471
90 38 0.078471
90 39 0.078471
90 40 0.078470
90 41 0.078470
90 42 0.078470
90 43 0.078470
90 44 0.078469
90 45 0.078469
90 46 0.078469
90 47 0.078469
90 48 0.078469
90 49 0.078469
90 50 0.078469
90 51 0.078469
90 52 0.078469
90 53 0.078469
90 54 0.078469
90 55 0.078469
90 56 0.078470
90 57 0.078470
90 58 0.078470
90 59 0.078470
90 60 0.078471
90 61 0.078471
90 62 0.078471
90 63 0.078471
90 64 0.078471
90 65 0.078471
90 66 0.078472
90 67 0.078472
90 68 0.078473
90 69 0.078473
90 70 0.078473
90 71 0.078473
90 72 0.078474
90 73 0.078474
90 74 0.078474
90 75 0.078474
90 76 0.078475
90 77 0.078475
90 78 0.078475
90 79 0.078475
90 80 0.078476
90 81 0.078476
90 82 0.078476
90 83 0.078476
90 84 0.078476
90 85 0.078477
90 86 0.078477
90 87 0.078478
90 88 0.078478
90 89 0.078478
90 90 0.078479
90 91 0.078479
90 92 0.078479
90 93 0.078479
90 94 0.078479
90 95 0.078479
90 96 0.078480
90 97 0.078480
90 98 0.078480
90 99 0.078480

91 0 0.078479
91 1 0.078479
91 2 0.078479
91 3 0.078479
91 4 0.078478
91 5 0.078479
91 6 0.078478
91 7 0.078478
91 8 0.078478
91 9 0.078478
91 10 0.078478
91 11 0.078477
91 12 0.078477
91 13 0.078477
91 14 0.078476
91 15 0.078476
91 16 0.078476
91 17 0.078475
91 18 0.078475
91 19 0.078475
91 20 0.078475
91 21 0.078474
91 22 0.078474
91 23 0.078474
91 24 0.078474
91 25 0.078473
91 26 0.078473
91 27 0.078473
91 28 0.078473
91 29 0.078473
91 30 0.078473
91 31 0.078472
91 32 0.078472
91 33 0.078472
91 34 0.078472
91 35 0.078471
91 36 0.078471
91 37 0.078471
91 38 0.078471
91 39 0.078470
91 40 0.078470
91 41 0.078470
91 42 0.078470
91 43 0.078469
91 44 0.078469
91 45 0.078469
91 46 0.078469
91 47 0.078469
91 48 0.078469
91 49 0.078469
91 50 0.078469
91 51 0.078469
91 52 0.078469
91 53 0.078469
91 54 0.078469
91 55 0.078470
91 56 0.078470
91 57 0.078470
91 58 0.078470
91 59 0.078470
91 60 0.078470
91 61 0.078470
91 62 0.078471
91 63 0.078471
91 64 0.078471
91 65 0.078472
91 66 0.078472
91 67 0.078472
91 68 0.078473
91 69 0.078473
91 70 0.078473
91 71 0.078473
91 72 0.078473
91 73 0.078474
91 74 0.078474
91 75 0.078474
91 76 0.078475
91 77 0.078475
91 78 0.078475
91 79 0.078475
91 80 0.078475
91 81 0.078476
91 82 0.078476
91 83 0.078476
91 84 0.078476
91 85 0.078477
91 86 0.078477
91 87 0.078478
91 88 0.078478
91 89 0.078478
91 90 0.078478
91 91 0.078478
91 92 0.078478
91 93 0.078478
91 94 0.078479
91 95 0.078479
91 96 0.078480
91 97 0.078480
91 98 0.078480
91 99 0.078480

92 0 0.078479
92 1 0.078479
92 2 0.078479
92 3 0.078479
92 4 0.078479
92 5 0.078479
92 6 0.078478
92 7 0.078478
92 8 0.078478
92 9 0.078478
92 10 0.078478
92 11 0.078477
92 12 0.078477
92 13 0.078477
92 14 0.078477
92 15 0.078476
92 16 0.078476
92 17 0.078476
92 18 0.078475
92 19 0.078475
92 20 0.078475
92 21 0.078474
92 22 0.078474
92 23 0.078474
92 24 0.078474
92 25 0.078474
92 26 0.078473
92 27 0.078473
92 28 0.078473
92 29 0.078473
92 30 0.078473
92 31 0.078472
92 32 0.078472
92 33 0.078472
92 34 0.078472
92 35 0.078471
92 36 0.078471
92 37 0.078471
92 38 0.078471
92 39 0.078470
92 40 0.078470
92 41 0.078470
92 42 0.078470
92 43 0.078470
92 44 0.078469
92 45 0.078469
92 46 0.078469
92 47 0.078469
92 48 0.078469
92 49 0.078469
92 50 0.078469
92 51 0.078469
92 52 0.078469
92 53 0.078469
92 54 0.078469
92 55 0.078469
92 56 0.078470
92 57 0.078470
92 58 0.078470
92 59 0.078470
92 60 0.078470
92 61 0.078471
92 62 0.078471
92 63 0.078471
92 64 0.078471
92 65 0.078472
92 66 0.078472
92 67 0.078472
92 68 0.078473
92 69 0.078473
92 70 0.078473
92 71 0.078473
92 72 0.078474
92 73 0.078474
92 74 0.078474
92 75 0.078474
92 76 0.078475
92 77 0.078475
92 78 0.078475
92 79 0.078475
92 80 0.078476
92 81 0.078476
92 82 0.078476
92 83 0.078476
92 84 0.078477
92 85 0.078477
92 86 0.078478
92 87 0.078478
92 88 0.078478
92 89 0.078478
92 90 0.078478
92 91 0.078478
92 92 0.078479
92 93 0.078479
92 94 0.078479
92 95 0.078479
92 96 0.078480
92 97 0.078480
92 98 0.078480
92 99 0.078480

93 0 0.078479
93 1 0.078479
93 2 0.078479
93 3 0.078479
93 4 0.078479
93 5 0.078479
93 6 0.078478
93 7 0.078478
93 8 0.078478
93 9 0.078478
93 10 0.078478
93 11 0.078478
93 12 0.078477
93 13 0.078477
93 14 0.078477
93 15 0.078476
93 16 0.078476
93 17 0.078476
93 18 0.078475
93 19 0.078475
93 20 0.078475
93 21 0.078475
93 22 0.078474
93 23 0.078474
93 24 0.078474
93 25 0.078474
93 26 0.078473
93 27 0.078473
93 28 0.078473
93 29 0.078473
93 30 0.078473
93 31 0.078472
93 32 0.078472
93 33 0.078472
93 34 0.078472
93 35 0.078471
93 36 0.078471
93 37 0.078471
93 38 0.078471
93 39 0.078470
93 40 0.078470
93 41 0.078470
93 42 0.078470
93 43 0.078470
93 44 0.078469
93 45 0.078469
93 46 0.078469
93 47 0.078469
93 48 0.078469
93 49 0.078469
93 50 0.078469
93 51 0.078469
93 52 0.078469
93 53 0.078469
93 54 0.078469
93 55 0.078469
93 56 0.078470
93 57 0.078470
93 58 0.078470
93 59 0.078470
93 60 0.078470
93 61 0.078471
93 62 0.078471
93 63 0.078471
93 64 0.078471
93 65 0.078472
93 66 0.078472
93 67 0.078473
93 68 0.078473
93 69 0.078473
93 70 0.078473
93 71 0.078474
93 72 0.078474
93 73 0.078474
93 74 0.078474
93 75 0.078475
93 76 0.078475
93 77 0.078475
93 78 0.078475
93 79 0.078475
93 80 0.078476
93 81 0.078476
93 82 0.078476
93 83 0.078476
93 84 0.078477
93 85 0.078477
93 86 0.078478
93 87 0.078478
93 88 0.078478
93 89 0.078478
93 90 0.078478
93 91 0.078478
93 92 0.078479
93 93 0.078479
93 94 0.078479
93 95 0.078479
93 96 0.078480
93 97 0.078480
93 98 0.078480
93 99 0.078480

94 0 0.078480
94 1 0.078479
94 2 0.078479
94 3 0.078479
94 4 0.078479
94 5 0.078479
94 6 0.078479
94 7 0.078479
94 8 0.078478
94 9 0.078478
94 10 0.078478
94 11 0.078478
94 12 0.078477
94 13 0.078477
94 14 0.078477
94 15 0.078476
94 16 0.078476
94 17 0.078476
94 18 0.078476
94 19 0.078475
94 20 0.078475
94 21 0.078475
94 22 0.078474
94 23 0.078474
94 24 0.078474
94 25 0.078474
94 26 0.078473
94 27 0.078473
94 28 0.078473
94 29 0.078473
94 30 0.078473
94 31 0.078472
94 32 0.078472
94 33 0.078472
94 34 0.078472
94 35 0.078471
94 36 0.078471
94 37 0.078471
94 38 0.078471
94 39 0.078470
94 40 0.078470
94 41 0.078470
94 42 0.078470
94 43 0.078469
94 44 0.078469
94 45 0.078469
94 46 0.078469
94 47 0.078469
94 48 0.078469
94 49 0.078469
94 50 0.078469
94 51 0.078469
94 52 0.078469
94 53 0.078469
94 54 0.078469
94 55 0.078469
94 56 0.078469
94 57 0.078470
94 58 0.078470
94 59 0.078470
94 60 0.078470
94 61 0.078470
94 62 0.078471
94 63 0.078471
94 64 0.078471
94 65 0.078472
94 66 0.078472
94 67 0.078473
94 68 0.078473
94 69 0.078473
94 70 0.078473
94 71 0.078474
94 72 0.078474
94 73 0.078474
94 74 0.078475
94 75 0.078475
94 76 0.078475
94 77 0.078475
94 78 0.078476
94 79 0.078476
94 80 0.078476
94 81 0.078476
94 82 0.078476
94 83 0.078477
94 84 0.078477
94 85 0.078477
94 86 0.078478
94 87 0.078478
94 88 0.078478
94 89 0.078478
94 90 0.078479
94 91 0.078479
94 92 0.078479
94 93 0.078479
94 94 0.078480
94 95 0.078480
94 96 0.078480
94 97 0.078480
94 98 0.078480
94 99 0.078481

95 0 0.078480
95 1 0.078479
95 2 0.078479
95 3 0.078479
95 4 0.078479
95 5 0.078479
95 6 0.078479
95 7 0.078479
95 8 0.078478
95 9 0.078478
95 10 0.078478
95 11 0.078478
95 12 0.078477
95 13 0.078477
95 14 0.078477
95 15 0.078476
95 16 0.078476
95 17 0.078476
95 18 0.078476
95 19 0.078475
95 20 0.078475
95 21 0.078475
95 22 0.078474
95 23 0.078474
95 24 0.078474
95 25 0.078474
95 26 0.078473
95 27 0.078473
95 28 0.078473
95 29 0.078473
95 30 0.078472
95 31 0.078472
95 32 0.078472
95 33 0.078472
95 34 0.078471
95 35 0.078471
95 36 0.078471
95 37 0.078471
95 38 0.078470
95 39 0.078470
95 40 0.078470
95 41 0.078470
95 42 0.078469
95 43 0.078469
95 44 0.078469
95 45 0.078469
95 46 0.078469
95 47 0.078469
95 48 0.078469
95 49 0.078469
95 50 0.078469
95 51 0.078469
95 52 0.078469
95 53 0.078469
95 54 0.078469
95 55 0.078469
95 56 0.078469
95 57 0.078470
95 58 0.078470
95 59 0.078470
95 60 0.078470
95 61 0.078470
95 62 0.078471
95 63 0.078471
95 64 0.078471
95 65 0.078472
95 66 0.078472
95 67 0.078473
95 68 0.078473
95 69 0.078473
95 70 0.078473
95 71 0.078474
95 72 0.078474
95 73 0.078474
95 74 0.078475
95 75 0.078475
95 76 0.078475
95 77 0.078475
95 78 0.078476
95 79 0.078476
95 80 0.078476
95 81 0.078476
95 82 0.078477
95 83 0.078477
95 84 0.078477
95 85 0.078477
95 86 0.078478
95 87 0.078478
95 88 0.078478
95 89 0.078478
95 90 0.078479
95 91 0.078479
95 92 0.078479
95 93 0.078479
95 94 0.078480
95 95 0.078480
95 96 0.078480
95 97 0.078480
95 98 0.078480
95 99 0.078481

96 0 0.078480
96 1 0.078480
96 2 0.078480
96 3 0.078480
96 4 0.078479
96 5 0.078479
96 6 0.078479
96 7 0.078479
96 8 0.078479
96 9 0.078478
96 10 0.078478
96 11 0.078478
96 12 0.078478
96 13 0.078477
96 14 0.078477
96 15 0.078477
96 16 0.078476
96 17 0.078476
96 18 0.078476
96 19 0.078475
96 20 0.078475
96 21 0.078475
96 22 0.078474
96 23 0.078474
96 24 0.078474
96 25 0.078474
96 26 0.078473
96 27 0.078473
96 28 0.078473
96 29 0.078473
96 30 0.078472
96 31 0.078472
96 32 0.078472
96 33 0.078471
96 34 0.078471
96 35 0.078471
96 36 0.078471
96 37 0.078470
96 38 0.078470
96 39 0.078470
96 40 0.078470
96 41 0.078469
96 42 0.078469
96 43 0.078469
96 44 0.078469
96 45 0.078469
96 46 0.078469
96 47 0.078468
96 48 0.078468
96 49 0.078468
96 50 0.078468
96 51 0.078468
96 52 0.078468
96 53 0.078468
96 54 0.078469
96 55 0.078469
96 56 0.078469
96 57 0.078469
96 58 0.078469
96 59 0.078470
96 60 0.078470
96 61 0.078470
96 62 0.078470
96 63 0.078471
96 64 0.078471
96 65 0.078472
96 66 0.078472
96 67 0.078472
96 68 0.078473
96 69 0.078473
96 70 0.078474
96 71 0.078474
96 72 0.078474
96 73 0.078475
96 74 0.078475
96 75 0.078475
96 76 0.078475
96 77 0.078476
96 78 0.078476
96 79 0.078476
96 80 0.078476
96 81 0.078477
96 82 0.078477
96 83 0.078477
96 84 0.078477
96 85 0.078478
96 86 0.078478
96 87 0.078478
96 88 0.078479
96 89 0.078479
96 90 0.078479
96 91 0.078479
96 92 0.078479
96 93 0.078480
96 94 0.078480
96 95 0.078480
96 96 0.078480
96 97 0.078480
96 98 0.078481
96 99 0.078481

97 0 0.078480
97 1 0.078480
97 2 0.078480
97 3 0.078480
97 4 0.078479
97 5 0.078479
97 6 0.078479
97 7 0.078479
97 8 0.078479
97 9 0.078478
97 10 0.078478
97 11 0.078478
97 12 0.078477
97 13 0.078477
97 14 0.078477
97 15 0.078477
97 16 0.078476
97 17 0.078476
97 18 0.078476
97 19 0.078475
97 20 0.078475
97 21 0.078475
97 22 0.078474
97 23 0.078474
97 24 0.078474
97 25 0.078474
97 26 0.078473
97 27 0.078473
97 28 0.078473
97 29 0.078472
97 30 0.078472
97 31 0.078472
97 32 0.078472
97 33 0.078471
97 34 0.078471
97 35 0.078471
97 36 0.078470
97 37 0.078470
97 38 0.078470
97 39 0.078470
97 40 0.078470
97 41 0.078469
97 42 0.078469
97 43 0.078469
97 44 0.078469
97 45 0.078469
97 46 0.078468
97 47 0.078468
97 48 0.078468
97 49 0.078468
97 50 0.078468
97 51 0.078468
97 52 0.078468
97 53 0.078468
97 54 0.078468
97 55 0.078469
97 56 0.078469
97 57 0.078469
97 58 0.078469
97 59 0.078469
97 60 0.078470
97 61 0.078470
97 62 0.078470
97 63 0.078471
97 64 0.078471
97 65 0.078472
97 66 0.078472
97 67 0.078472
97 68 0.078473
97 69 0.078473
97 70 0.078474
97 71 0.078474
97 72 0.078474
97 73 0.078475
97 74 0.078475
97 75 0.078475
97 76 0.078475
97 77 0.078476
97 78 0.078476
97 79 0.078476
97 80 0.078477
97 81 0.078477
97 82 0.078477
97 83 0.078477
97 84 0.078478
97 85 0.078478
97 86 0.078478
97 87 0.078478
97 88 0.078479
97 89 0.078479
97 90 0.078479
97 91 0.078479
97 92 0.078480
97 93 0.078480
97 94 0.078480
97 95 0.078480
97 96 0.078480
97 97 0.078480
97 98 0.078480
97 99 0.078481

98 0 0.078480
98 1 0.078480
98 2 0.078480
98 3 0.078480
98 4 0.078480
98 5 0.078480
98 6 0.078479
98 7 0.078479
98 8 0.078479
98 9 0.078478
98 10 0.078478
98 11 0.078478
98 12 0.078477
98 13 0.078477
98 14 0.078477
98 15 0.078476
98 16 0.078476
98 17 0.078476
98 18 0.078475
98 19 0.078475
98 20 0.078475
98 21 0.078474
98 22 0.078474
98 23 0.078474
98 24 0.078473
98 25 0.078473
98 26 0.078473
98 27 0.078472
98 28 0.078472
98 29 0.078472
98 30 0.078471
98 31 0.078471
98 32 0.078471
98 33 0.078471
98 34 0.078470
98 35 0.078470
98 36 0.078470
98 37 0.078469
98 38 0.078469
98 39 0.078469
98 40 0.078469
98 41 0.078469
98 42 0.078468
98 43 0.078468
98 44 0.078468
98 45 0.078468
98 46 0.078468
98 47 0.078468
98 48 0.078468
98 49 0.078468
98 50 0.078468
98 51 0.078468
98 52 0.078468
98 53 0.078468
98 54 0.078468
98 55 0.078468
98 56 0.078468
98 57 0.078468
98 58 0.078468
98 59 0.078469
98 60 0.078469
98 61 0.078469
98 62 0.078470
98 63 0.078470
98 64 0.078471
98 65 0.078471
98 66 0.078472
98 67 0.078472
98 68 0.078472
98 69 0.078473
98 70 0.078473
98 71 0.078474
98 72 0.078474
98 73 0.078474
98 74 0.078475
98 75 0.078475
98 76 0.078475
98 77 0.078476
98 78 0.078476
98 79 0.078476
98 80 0.078476
98 81 0.078477
98 82 0.078477
98 83 0.078477
98 84 0.078478
98 85 0.078478
98 86 0.078478
98 87 0.078478
98 88 0.078479
98 89 0.078479
98 90 0.078479
98 91 0.078479
98 92 0.078480
98 93 0.078480
98 94 0.078480
98 95 0.078480
98 96 0.078481
98 97 0.078480
98 98 0.078481
98 99 0.078481

99 0 0.078480
99 1 0.078480
99 2 0.078480
99 3 0.078480
99 4 0.078480
99 5 0.078480
99 6 0.078480
99 7 0.078479
99 8 0.078479
99 9 0.078479
99 10 0.078479
99 11 0.078478
99 12 0.078478
99 13 0.078478
99 14 0.078477
99 15 0.078477
99 16 0.078477
99 17 0.078476
99 18 0.078476
99 19 0.078476
99 20 0.078476
99 21 0.078475
99 22 0.078475
99 23 0.078475
99 24 0.078474
99 25 0.078474
99 26 0.078474
99 27 0.078473
99 28 0.078473
99 29 0.078472
99 30 0.078472
99 31 0.078472
99 32 0.078471
99 33 0.078471
99 34 0.078471
99 35 0.078471
99 36 0.078470
99 37 0.078470
99 38 0.078470
99 39 0.078470
99 40 0.078469
99 41 0.078469
99 42 0.078469
99 43 0.078469
99 44 0.078468
99 45 0.078468
99 46 0.078468
99 47 0.078468
99 48 0.078468
99 49 0.078468
99 50 0.078468
99 51 0.078468
99 52 0.078468
99 53 0.078468
99 54 0.078468
99 55 0.078468
99 56 0.078468
99 57 0.078468
99 58 0.078468
99 59 0.078469
99 60 0.078469
99 61 0.078469
99 62 0.078470
99 63 0.078470
99 64 0.078471
99 65 0.078471
99 66 0.078472
99 67 0.078472
99 68 0.078473
99 69 0.078473
99 70 0.078474
99 71 0.078474
99 72 0.078475
99 73 0.078476
99 74 0.078476
99 75 0.078476
99 76 0.078477
99 77 0.078477
99 78 0.078477
99 79 0.078477
99 80 0.078477
99 81 0.078477
99 82 0.078478
99 83 0.078478
99 84 0.078478
99 85 0.078478
99 86 0.078479
99 87 0.078479
99 88 0.078479
99 89 0.078479
99 90 0.078479
99 91 0.078479
99 92 0.078480
99 93 0.078480
99 94 0.078481
99 95 0.078480
99 96 0.078481
99 97 0.078480
99 98 0.078481
99 99 0.078481

