0 0 0.078466
0 1 0.078466
0 2 0.078466
0 3 0.078466
0 4 0.078466
0 5 0.078467
0 6 0.078467
0 7 0.078467
0 8 0.078467
0 9 0.078467
0 10 0.078467
0 11 0.078467
0 12 0.078467
0 13 0.078467
0 14 0.078467
0 15 0.078468
0 16 0.078468
0 17 0.078468
0 18 0.078468
0 19 0.078468
0 20 0.078468
0 21 0.078468
0 22 0.078468
0 23 0.078468
0 24 0.078468
0 25 0.078468
0 26 0.078468
0 27 0.078468
0 28 0.078468
0 29 0.078468
0 30 0.078468
0 31 0.078468
0 32 0.078469
0 33 0.078469
0 34 0.078469
0 35 0.078469
0 36 0.078470
0 37 0.078470
0 38 0.078470
0 39 0.078471
0 40 0.078471
0 41 0.078471
0 42 0.078471
0 43 0.078471
0 44 0.078471
0 45 0.078471
0 46 0.078471
0 47 0.078471
0 48 0.078471
0 49 0.078471
0 50 0.078470
0 51 0.078470
0 52 0.078470
0 53 0.078470
0 54 0.078470
0 55 0.078470
0 56 0.078469
0 57 0.078469
0 58 0.078469
0 59 0.078469
0 60 0.078469
0 61 0.078469
0 62 0.078469
0 63 0.078469
0 64 0.078468
0 65 0.078468
0 66 0.078468
0 67 0.078468
0 68 0.078468
0 69 0.078468
0 70 0.078469
0 71 0.078469
0 72 0.078469
0 73 0.078469
0 74 0.078469
0 75 0.078469
0 76 0.078469
0 77 0.078469
0 78 0.078469
0 79 0.078469
0 80 0.078469
0 81 0.078469
0 82 0.078469
0 83 0.078469
0 84 0.078468
0 85 0.078468
0 86 0.078468
0 87 0.078468
0 88 0.078468
0 89 0.078468
0 90 0.078468
0 91 0.078468
0 92 0.078468
0 93 0.078468
0 94 0.078468
0 95 0.078468
0 96 0.078468
0 97 0.078468
0 98 0.078468
0 99 0.078468

1 0 0.078466
1 1 0.078466
1 2 0.078466
1 3 0.078467
1 4 0.078467
1 5 0.078467
1 6 0.078467
1 7 0.078467
1 8 0.078467
1 9 0.078467
1 10 0.078467
1 11 0.078468
1 12 0.078468
1 13 0.078468
1 14 0.078468
1 15 0.078468
1 16 0.078468
1 17 0.078468
1 18 0.078468
1 19 0.078468
1 20 0.078468
1 21 0.078468
1 22 0.078468
1 23 0.078468
1 24 0.078468
1 25 0.078468
1 26 0.078468
1 27 0.078468
1 28 0.078468
1 29 0.078468
1 30 0.078469
1 31 0.078469
1 32 0.078469
1 33 0.078469
1 34 0.078469
1 35 0.078470
1 36 0.078470
1 37 0.078470
1 38 0.078471
1 39 0.078471
1 40 0.078471
1 41 0.078471
1 42 0.078471
1 43 0.078471
1 44 0.078471
1 45 0.078471
1 46 0.078471
1 47 0.078471
1 48 0.078471
1 49 0.078471
1 50 0.078470
1 51 0.078470
1 52 0.078470
1 53 0.078470
1 54 0.078470
1 55 0.078470
1 56 0.078469
1 57 0.078469
1 58 0.078469
1 59 0.078469
1 60 0.078469
1 61 0.078469
1 62 0.078469
1 63 0.078469
1 64 0.078469
1 65 0.078468
1 66 0.078468
1 67 0.078469
1 68 0.078469
1 69 0.078469
1 70 0.078469
1 71 0.078469
1 72 0.078469
1 73 0.078469
1 74 0.078469
1 75 0.078469
1 76 0.078469
1 77 0.078469
1 78 0.078469
1 79 0.078469
1 80 0.078469
1 81 0.078469
1 82 0.078469
1 83 0.078469
1 84 0.078469
1 85 0.078469
1 86 0.078469
1 87 0.078468
1 88 0.078469
1 89 0.078468
1 90 0.078468
1 91 0.078468
1 92 0.078468
1 93 0.078468
1 94 0.078469
1 95 0.078468
1 96 0.078469
1 97 0.078468
1 98 0.078469
1 99 0.078469

2 0 0.078467
2 1 0.078467
2 2 0.078467
2 3 0.078467
2 4 0.078467
2 5 0.078467
2 6 0.078467
2 7 0.078467
2 8 0.078467
2 9 0.078467
2 10 0.078467
2 11 0.078468
2 12 0.078468
2 13 0.078468
2 14 0.078468
2 15 0.078468
2 16 0.078468
2 17 0.078468
2 18 0.078468
2 19 0.078468
2 20 0.078468
2 21 0.078468
2 22 0.078468
2 23 0.078468
2 24 0.078468
2 25 0.078468
2 26 0.078468
2 27 0.078468
2 28 0.078468
2 29 0.078469
2 30 0.078469
2 31 0.078469
2 32 0.078469
2 33 0.078469
2 34 0.078470
2 35 0.078470
2 36 0.078470
2 37 0.078470
2 38 0.078471
2 39 0.078471
2 40 0.078471
2 41 0.078471
2 42 0.078471
2 43 0.078471
2 44 0.078471
2 45 0.078471
2 46 0.078471
2 47 0.078471
2 48 0.078471
2 49 0.078471
2 50 0.078470
2 51 0.078470
2 52 0.078470
2 53 0.078470
2 54 0.078470
2 55 0.078470
2 56 0.078470
2 57 0.078470
2 58 0.078469
2 59 0.078469
2 60 0.078469
2 61 0.078469
2 62 0.078469
2 63 0.078469
2 64 0.078469
2 65 0.078469
2 66 0.078469
2 67 0.078469
2 68 0.078469
2 69 0.078469
2 70 0.078469
2 71 0.078469
2 72 0.078469
2 73 0.078469
2 74 0.078469
2 75 0.078469
2 76 0.078469
2 77 0.078469
2 78 0.078469
2 79 0.078469
2 80 0.078469
2 81 0.078469
2 82 0.078469
2 83 0.078469
2 84 0.078469
2 85 0.078469
2 86 0.078469
2 87 0.078469
2 88 0.078469
2 89 0.078469
2 90 0.078469
2 91 0.078468
2 92 0.078469
2 93 0.078468
2 94 0.078468
2 95 0.078468
2 96 0.078468
2 97 0.078468
2 98 0.078468
2 99 0.078468

3 0 0.078467
3 1 0.078467
3 2 0.078467
3 3 0.078467
3 4 0.078467
3 5 0.078467
3 6 0.078467
3 7 0.078468
3 8 0.078468
3 9 0.078468
3 10 0.078468
3 11 0.078468
3 12 0.078468
3 13 0.078468
3 14 0.078468
3 15 0.078468
3 16 0.078468
3 17 0.078468
3 18 0.078468
3 19 0.078468
3 20 0.078468
3 21 0.078468
3 22 0.078468
3 23 0.078468
3 24 0.078468
3 25 0.078468
3 26 0.078468
3 27 0.078468
3 28 0.078469
3 29 0.078469
3 30 0.078469
3 31 0.078469
3 32 0.078469
3 33 0.078469
3 34 0.078470
3 35 0.078470
3 36 0.078470
3 37 0.078471
3 38 0.078471
3 39 0.078471
3 40 0.078471
3 41 0.078471
3 42 0.078471
3 43 0.078471
3 44 0.078471
3 45 0.078471
3 46 0.078471
3 47 0.078471
3 48 0.078471
3 49 0.078471
3 50 0.078470
3 51 0.078470
3 52 0.078470
3 53 0.078470
3 54 0.078470
3 55 0.078470
3 56 0.078470
3 57 0.078470
3 58 0.078469
3 59 0.078469
3 60 0.078469
3 61 0.078469
3 62 0.078469
3 63 0.078469
3 64 0.078469
3 65 0.078469
3 66 0.078469
3 67 0.078469
3 68 0.078469
3 69 0.078469
3 70 0.078469
3 71 0.078469
3 72 0.078469
3 73 0.078469
3 74 0.078469
3 75 0.078469
3 76 0.078469
3 77 0.078469
3 78 0.078469
3 79 0.078469
3 80 0.078469
3 81 0.078469
3 82 0.078469
3 83 0.078469
3 84 0.078469
3 85 0.078469
3 86 0.078469
3 87 0.078469
3 88 0.078469
3 89 0.078469
3 90 0.078469
3 91 0.078469
3 92 0.078469
3 93 0.078469
3 94 0.078469
3 95 0.078469
3 96 0.078469
3 97 0.078468
3 98 0.078469
3 99 0.078469

4 0 0.078467
4 1 0.078467
4 2 0.078467
4 3 0.078467
4 4 0.078467
4 5 0.078467
4 6 0.078467
4 7 0.078467
4 8 0.078467
4 9 0.078468
4 10 0.078468
4 11 0.078468
4 12 0.078468
4 13 0.078468
4 14 0.078468
4 15 0.078468
4 16 0.078468
4 17 0.078468
4 18 0.078468
4 19 0.078468
4 20 0.078468
4 21 0.078468
4 22 0.078468
4 23 0.078468
4 24 0.078468
4 25 0.078468
4 26 0.078468
4 27 0.078468
4 28 0.078469
4 29 0.078469
4 30 0.078469
4 31 0.078469
4 32 0.078469
4 33 0.078469
4 34 0.078470
4 35 0.078470
4 36 0.078470
4 37 0.078471
4 38 0.078471
4 39 0.078471
4 40 0.078471
4 41 0.078471
4 42 0.078471
4 43 0.078471
4 44 0.078471
4 45 0.078471
4 46 0.078471
4 47 0.078471
4 48 0.078471
4 49 0.078471
4 50 0.078470
4 51 0.078470
4 52 0.078470
4 53 0.078470
4 54 0.078470
4 55 0.078470
4 56 0.078470
4 57 0.078470
4 58 0.078469
4 59 0.078469
4 60 0.078469
4 61 0.078469
4 62 0.078469
4 63 0.078469
4 64 0.078469
4 65 0.078469
4 66 0.078469
4 67 0.078469
4 68 0.078469
4 69 0.078469
4 70 0.078469
4 71 0.078469
4 72 0.078469
4 73 0.078469
4 74 0.078469
4 75 0.078469
4 76 0.078469
4 77 0.078469
4 78 0.078469
4 79 0.078469
4 80 0.078469
4 81 0.078469
4 82 0.078469
4 83 0.078469
4 84 0.078469
4 85 0.078469
4 86 0.078469
4 87 0.078469
4 88 0.078469
4 89 0.078469
4 90 0.078469
4 91 0.078469
4 92 0.078469
4 93 0.078468
4 94 0.078469
4 95 0.078468
4 96 0.078469
4 97 0.078468
4 98 0.078469
4 99 0.078469

5 0 0.078467
5 1 0.078467
5 2 0.078467
5 3 0.078467
5 4 0.078467
5 5 0.078467
5 6 0.078467
5 7 0.078468
5 8 0.078468
5 9 0.078468
5 10 0.078468
5 11 0.078468
5 12 0.078468
5 13 0.078468
5 14 0.078468
5 15 0.078468
5 16 0.078468
5 17 0.078468
5 18 0.078468
5 19 0.078468
5 20 0.078468
5 21 0.078468
5 22 0.078468
5 23 0.078468
5 24 0.078468
5 25 0.078468
5 26 0.078468
5 27 0.078469
5 28 0.078469
5 29 0.078469
5 30 0.078469
5 31 0.078469
5 32 0.078469
5 33 0.078470
5 34 0.078470
5 35 0.078470
5 36 0.078470
5 37 0.078471
5 38 0.078471
5 39 0.078471
5 40 0.078471
5 41 0.078471
5 42 0.078471
5 43 0.078471
5 44 0.078471
5 45 0.078471
5 46 0.078471
5 47 0.078471
5 48 0.078471
5 49 0.078471
5 50 0.078470
5 51 0.078470
5 52 0.078470
5 53 0.078470
5 54 0.078470
5 55 0.078470
5 56 0.078470
5 57 0.078470
5 58 0.078469
5 59 0.078469
5 60 0.078469
5 61 0.078469
5 62 0.078469
5 63 0.078469
5 64 0.078469
5 65 0.078469
5 66 0.078469
5 67 0.078469
5 68 0.078469
5 69 0.078469
5 70 0.078469
5 71 0.078469
5 72 0.078469
5 73 0.078469
5 74 0.078469
5 75 0.078469
5 76 0.078469
5 77 0.078469
5 78 0.078469
5 79 0.078469
5 80 0.078469
5 81 0.078469
5 82 0.078469
5 83 0.078469
5 84 0.078469
5 85 0.078469
5 86 0.078469
5 87 0.078469
5 88 0.078469
5 89 0.078469
5 90 0.078470
5 91 0.078469
5 92 0.078469
5 93 0.078469
5 94 0.078469
5 95 0.078469
5 96 0.078469
5 97 0.078469
5 98 0.078470
5 99 0.078469

6 0 0.078467
6 1 0.078468
6 2 0.078467
6 3 0.078468
6 4 0.078468
6 5 0.078468
6 6 0.078468
6 7 0.078468
6 8 0.078468
6 9 0.078468
6 10 0.078468
6 11 0.078469
6 12 0.078469
6 13 0.078469
6 14 0.078469
6 15 0.078469
6 16 0.078469
6 17 0.078469
6 18 0.078469
6 19 0.078469
6 20 0.078469
6 21 0.078469
6 22 0.078469
6 23 0.078469
6 24 0.078469
6 25 0.078469
6 26 0.078469
6 27 0.078469
6 28 0.078469
6 29 0.078469
6 30 0.078469
6 31 0.078469
6 32 0.078470
6 33 0.078470
6 34 0.078470
6 35 0.078470
6 36 0.078471
6 37 0.078471
6 38 0.078471
6 39 0.078471
6 40 0.078471
6 41 0.078471
6 42 0.078471
6 43 0.078471
6 44 0.078471
6 45 0.078471
6 46 0.078471
6 47 0.078471
6 48 0.078471
6 49 0.078471
6 50 0.078470
6 51 0.078470
6 52 0.078470
6 53 0.078470
6 54 0.078470
6 55 0.078470
6 56 0.078470
6 57 0.078470
6 58 0.078470
6 59 0.078469
6 60 0.078469
6 61 0.078469
6 62 0.078469
6 63 0.078469
6 64 0.078469
6 65 0.078469
6 66 0.078469
6 67 0.078469
6 68 0.078469
6 69 0.078469
6 70 0.078469
6 71 0.078469
6 72 0.078469
6 73 0.078469
6 74 0.078469
6 75 0.078469
6 76 0.078469
6 77 0.078469
6 78 0.078469
6 79 0.078469
6 80 0.078469
6 81 0.078469
6 82 0.078469
6 83 0.078469
6 84 0.078469
6 85 0.078469
6 86 0.078469
6 87 0.078469
6 88 0.078469
6 89 0.078469
6 90 0.078469
6 91 0.078469
6 92 0.078469
6 93 0.078469
6 94 0.078469
6 95 0.078469
6 96 0.078469
6 97 0.078469
6 98 0.078469
6 99 0.078469

7 0 0.078467
7 1 0.078468
7 2 0.078468
7 3 0.078468
7 4 0.078468
7 5 0.078468
7 6 0.078468
7 7 0.078468
7 8 0.078468
7 9 0.078469
7 10 0.078469
7 11 0.078469
7 12 0.078469
7 13 0.078469
7 14 0.078469
7 15 0.078469
7 16 0.078469
7 17 0.078469
7 18 0.078469
7 19 0.078469
7 20 0.078469
7 21 0.078469
7 22 0.078469
7 23 0.078469
7 24 0.078469
7 25 0.078469
7 26 0.078469
7 27 0.078469
7 28 0.078469
7 29 0.078469
7 30 0.078469
7 31 0.078469
7 32 0.078470
7 33 0.078470
7 34 0.078470
7 35 0.078470
7 36 0.078471
7 37 0.078471
7 38 0.078471
7 39 0.078471
7 40 0.078471
7 41 0.078471
7 42 0.078471
7 43 0.078471
7 44 0.078471
7 45 0.078471
7 46 0.078471
7 47 0.078471
7 48 0.078471
7 49 0.078470
7 50 0.078470
7 51 0.078470
7 52 0.078470
7 53 0.078470
7 54 0.078470
7 55 0.078470
7 56 0.078470
7 57 0.078470
7 58 0.078470
7 59 0.078469
7 60 0.078469
7 61 0.078469
7 62 0.078469
7 63 0.078469
7 64 0.078469
7 65 0.078469
7 66 0.078469
7 67 0.078469
7 68 0.078469
7 69 0.078469
7 70 0.078469
7 71 0.078469
7 72 0.078469
7 73 0.078469
7 74 0.078469
7 75 0.078469
7 76 0.078469
7 77 0.078469
7 78 0.078469
7 79 0.078469
7 80 0.078469
7 81 0.078469
7 82 0.078469
7 83 0.078469
7 84 0.078470
7 85 0.078470
7 86 0.078470
7 87 0.078469
7 88 0.078470
7 89 0.078469
7 90 0.078469
7 91 0.078469
7 92 0.078469
7 93 0.078469
7 94 0.078469
7 95 0.078469
7 96 0.078470
7 97 0.078469
7 98 0.078470
7 99 0.078469

8 0 0.078467
8 1 0.078468
8 2 0.078467
8 3 0.078468
8 4 0.078468
8 5 0.078468
8 6 0.078468
8 7 0.078468
8 8 0.078468
8 9 0.078468
8 10 0.078468
8 11 0.078469
8 12 0.078468
8 13 0.078468
8 14 0.078468
8 15 0.078469
8 16 0.078468
8 17 0.078468
8 18 0.078468
8 19 0.078468
8 20 0.078468
8 21 0.078468
8 22 0.078469
8 23 0.078469
8 24 0.078469
8 25 0.078469
8 26 0.078469
8 27 0.078469
8 28 0.078469
8 29 0.078469
8 30 0.078469
8 31 0.078469
8 32 0.078470
8 33 0.078470
8 34 0.078470
8 35 0.078470
8 36 0.078471
8 37 0.078471
8 38 0.078471
8 39 0.078471
8 40 0.078471
8 41 0.078471
8 42 0.078471
8 43 0.078471
8 44 0.078471
8 45 0.078471
8 46 0.078471
8 47 0.078471
8 48 0.078471
8 49 0.078470
8 50 0.078470
8 51 0.078470
8 52 0.078470
8 53 0.078470
8 54 0.078470
8 55 0.078470
8 56 0.078470
8 57 0.078470
8 58 0.078469
8 59 0.078469
8 60 0.078469
8 61 0.078469
8 62 0.078469
8 63 0.078469
8 64 0.078469
8 65 0.078469
8 66 0.078469
8 67 0.078469
8 68 0.078469
8 69 0.078469
8 70 0.078469
8 71 0.078469
8 72 0.078469
8 73 0.078469
8 74 0.078469
8 75 0.078469
8 76 0.078469
8 77 0.078469
8 78 0.078469
8 79 0.078469
8 80 0.078469
8 81 0.078469
8 82 0.078469
8 83 0.078469
8 84 0.078469
8 85 0.078469
8 86 0.078469
8 87 0.078469
8 88 0.078469
8 89 0.078469
8 90 0.078469
8 91 0.078469
8 92 0.078469
8 93 0.078469
8 94 0.078469
8 95 0.078469
8 96 0.078470
8 97 0.078469
8 98 0.078470
8 99 0.078469

9 0 0.078467
9 1 0.078468
9 2 0.078468
9 3 0.078468
9 4 0.078468
9 5 0.078468
9 6 0.078468
9 7 0.078469
9 8 0.078468
9 9 0.078469
9 10 0.078468
9 11 0.078469
9 12 0.078468
9 13 0.078469
9 14 0.078469
9 15 0.078469
9 16 0.078469
9 17 0.078469
9 18 0.078469
9 19 0.078469
9 20 0.078469
9 21 0.078469
9 22 0.078469
9 23 0.078469
9 24 0.078469
9 25 0.078469
9 26 0.078469
9 27 0.078469
9 28 0.078469
9 29 0.078469
9 30 0.078469
9 31 0.078469
9 32 0.078470
9 33 0.078470
9 34 0.078470
9 35 0.078470
9 36 0.078470
9 37 0.078471
9 38 0.078471
9 39 0.078471
9 40 0.078471
9 41 0.078471
9 42 0.078471
9 43 0.078471
9 44 0.078471
9 45 0.078471
9 46 0.078471
9 47 0.078471
9 48 0.078470
9 49 0.078470
9 50 0.078470
9 51 0.078470
9 52 0.078470
9 53 0.078470
9 54 0.078470
9 55 0.078470
9 56 0.078470
9 57 0.078470
9 58 0.078469
9 59 0.078469
9 60 0.078469
9 61 0.078469
9 62 0.078469
9 63 0.078469
9 64 0.078469
9 65 0.078469
9 66 0.078469
9 67 0.078469
9 68 0.078469
9 69 0.078469
9 70 0.078469
9 71 0.078469
9 72 0.078469
9 73 0.078469
9 74 0.078469
9 75 0.078469
9 76 0.078469
9 77 0.078469
9 78 0.078469
9 79 0.078469
9 80 0.078469
9 81 0.078469
9 82 0.078470
9 83 0.078470
9 84 0.078470
9 85 0.078470
9 86 0.078470
9 87 0.078469
9 88 0.078470
9 89 0.078469
9 90 0.078470
9 91 0.078469
9 92 0.078470
9 93 0.078469
9 94 0.078470
9 95 0.078470
9 96 0.078470
9 97 0.078469
9 98 0.078470
9 99 0.078469

10 0 0.078467
10 1 0.078468
10 2 0.078468
10 3 0.078468
10 4 0.078468
10 5 0.078468
10 6 0.078468
10 7 0.078468
10 8 0.078468
10 9 0.078468
10 10 0.078468
10 11 0.078468
10 12 0.078468
10 13 0.078469
10 14 0.078468
10 15 0.078469
10 16 0.078468
10 17 0.078468
10 18 0.078468
10 19 0.078468
10 20 0.078468
10 21 0.078468
10 22 0.078468
10 23 0.078468
10 24 0.078468
10 25 0.078468
10 26 0.078468
10 27 0.078468
10 28 0.078468
10 29 0.078469
10 30 0.078469
10 31 0.078469
10 32 0.078470
10 33 0.078470
10 34 0.078470
10 35 0.078470
10 36 0.078470
10 37 0.078470
10 38 0.078471
10 39 0.078471
10 40 0.078471
10 41 0.078471
10 42 0.078471
10 43 0.078471
10 44 0.078471
10 45 0.078471
10 46 0.078471
10 47 0.078470
10 48 0.078470
10 49 0.078470
10 50 0.078470
10 51 0.078470
10 52 0.078470
10 53 0.078470
10 54 0.078470
10 55 0.078470
10 56 0.078470
10 57 0.078469
10 58 0.078469
10 59 0.078469
10 60 0.078469
10 61 0.078469
10 62 0.078469
10 63 0.078469
10 64 0.078469
10 65 0.078469
10 66 0.078469
10 67 0.078469
10 68 0.078469
10 69 0.078469
10 70 0.078469
10 71 0.078469
10 72 0.078469
10 73 0.078469
10 74 0.078469
10 75 0.078469
10 76 0.078469
10 77 0.078469
10 78 0.078469
10 79 0.078469
10 80 0.078469
10 81 0.078469
10 82 0.078469
10 83 0.078469
10 84 0.078469
10 85 0.078469
10 86 0.078469
10 87 0.078469
10 88 0.078469
10 89 0.078469
10 90 0.078469
10 91 0.078469
10 92 0.078469
10 93 0.078469
10 94 0.078469
10 95 0.078469
10 96 0.078469
10 97 0.078469
10 98 0.078469
10 99 0.078469

11 0 0.078467
11 1 0.078468
11 2 0.078468
11 3 0.078468
11 4 0.078468
11 5 0.078468
11 6 0.078468
11 7 0.078468
11 8 0.078468
11 9 0.078468
11 10 0.078468
11 11 0.078468
11 12 0.078468
11 13 0.078469
11 14 0.078469
11 15 0.078469
11 16 0.078468
11 17 0.078468
11 18 0.078468
11 19 0.078468
11 20 0.078468
11 21 0.078468
11 22 0.078468
11 23 0.078468
11 24 0.078468
11 25 0.078468
11 26 0.078468
11 27 0.078468
11 28 0.078468
11 29 0.078469
11 30 0.078469
11 31 0.078469
11 32 0.078469
11 33 0.078470
11 34 0.078470
11 35 0.078470
11 36 0.078470
11 37 0.078470
11 38 0.078470
11 39 0.078470
11 40 0.078471
11 41 0.078471
11 42 0.078471
11 43 0.078471
11 44 0.078471
11 45 0.078471
11 46 0.078470
11 47 0.078470
11 48 0.078470
11 49 0.078470
11 50 0.078470
11 51 0.078470
11 52 0.078470
11 53 0.078470
11 54 0.078470
11 55 0.078470
11 56 0.078469
11 57 0.078469
11 58 0.078469
11 59 0.078469
11 60 0.078469
11 61 0.078469
11 62 0.078469
11 63 0.078469
11 64 0.078469
11 65 0.078469
11 66 0.078469
11 67 0.078469
11 68 0.078469
11 69 0.078469
11 70 0.078469
11 71 0.078469
11 72 0.078469
11 73 0.078469
11 74 0.078469
11 75 0.078469
11 76 0.078469
11 77 0.078469
11 78 0.078469
11 79 0.078469
11 80 0.078469
11 81 0.078469
11 82 0.078469
11 83 0.078469
11 84 0.078469
11 85 0.078469
11 86 0.078469
11 87 0.078469
11 88 0.078469
11 89 0.078469
11 90 0.078469
11 91 0.078469
11 92 0.078469
11 93 0.078469
11 94 0.078469
11 95 0.078469
11 96 0.078469
11 97 0.078469
11 98 0.078469
11 99 0.078469

12 0 0.078468
12 1 0.078468
12 2 0.078468
12 3 0.078468
12 4 0.078468
12 5 0.078468
12 6 0.078468
12 7 0.078468
12 8 0.078468
12 9 0.078468
12 10 0.078468
12 11 0.078468
12 12 0.078468
12 13 0.078468
12 14 0.078468
12 15 0.078468
12 16 0.078468
12 17 0.078468
12 18 0.078468
12 19 0.078468
12 20 0.078468
12 21 0.078468
12 22 0.078468
12 23 0.078468
12 24 0.078468
12 25 0.078468
12 26 0.078468
12 27 0.078468
12 28 0.078468
12 29 0.078469
12 30 0.078469
12 31 0.078469
12 32 0.078469
12 33 0.078470
12 34 0.078470
12 35 0.078470
12 36 0.078470
12 37 0.078470
12 38 0.078470
12 39 0.078470
12 40 0.078470
12 41 0.078471
12 42 0.078471
12 43 0.078471
12 44 0.078470
12 45 0.078470
12 46 0.078470
12 47 0.078470
12 48 0.078470
12 49 0.078470
12 50 0.078470
12 51 0.078470
12 52 0.078470
12 53 0.078470
12 54 0.078470
12 55 0.078469
12 56 0.078469
12 57 0.078469
12 58 0.078469
12 59 0.078469
12 60 0.078469
12 61 0.078469
12 62 0.078469
12 63 0.078469
12 64 0.078469
12 65 0.078469
12 66 0.078469
12 67 0.078469
12 68 0.078469
12 69 0.078469
12 70 0.078469
12 71 0.078469
12 72 0.078469
12 73 0.078469
12 74 0.078469
12 75 0.078469
12 76 0.078469
12 77 0.078469
12 78 0.078469
12 79 0.078469
12 80 0.078469
12 81 0.078469
12 82 0.078469
12 83 0.078469
12 84 0.078469
12 85 0.078469
12 86 0.078469
12 87 0.078469
12 88 0.078469
12 89 0.078469
12 90 0.078469
12 91 0.078469
12 92 0.078469
12 93 0.078469
12 94 0.078469
12 95 0.078469
12 96 0.078469
12 97 0.078469
12 98 0.078469
12 99 0.078469

13 0 0.078468
13 1 0.078468
13 2 0.078468
13 3 0.078468
13 4 0.078468
13 5 0.078468
13 6 0.078467
13 7 0.078468
13 8 0.078468
13 9 0.078468
13 10 0.078468
13 11 0.078468
13 12 0.078468
13 13 0.078468
13 14 0.078468
13 15 0.078468
13 16 0.078468
13 17 0.078468
13 18 0.078468
13 19 0.078468
13 20 0.078468
13 21 0.078468
13 22 0.078468
13 23 0.078468
13 24 0.078468
13 25 0.078468
13 26 0.078468
13 27 0.078468
13 28 0.078468
13 29 0.078469
13 30 0.078469
13 31 0.078469
13 32 0.078469
13 33 0.078469
13 34 0.078469
13 35 0.078469
13 36 0.078470
13 37 0.078470
13 38 0.078470
13 39 0.078470
13 40 0.078470
13 41 0.078470
13 42 0.078470
13 43 0.078470
13 44 0.078470
13 45 0.078470
13 46 0.078470
13 47 0.078470
13 48 0.078470
13 49 0.078470
13 50 0.078470
13 51 0.078470
13 52 0.078470
13 53 0.078469
13 54 0.078469
13 55 0.078469
13 56 0.078469
13 57 0.078469
13 58 0.078469
13 59 0.078469
13 60 0.078469
13 61 0.078469
13 62 0.078469
13 63 0.078469
13 64 0.078469
13 65 0.078469
13 66 0.078469
13 67 0.078469
13 68 0.078469
13 69 0.078469
13 70 0.078469
13 71 0.078469
13 72 0.078469
13 73 0.078469
13 74 0.078469
13 75 0.078469
13 76 0.078469
13 77 0.078469
13 78 0.078469
13 79 0.078469
13 80 0.078469
13 81 0.078469
13 82 0.078469
13 83 0.078469
13 84 0.078469
13 85 0.078469
13 86 0.078469
13 87 0.078469
13 88 0.078469
13 89 0.078469
13 90 0.078469
13 91 0.078469
13 92 0.078469
13 93 0.078469
13 94 0.078469
13 95 0.078469
13 96 0.078469
13 97 0.078469
13 98 0.078469
13 99 0.078469

14 0 0.078468
14 1 0.078469
14 2 0.078468
14 3 0.078468
14 4 0.078467
14 5 0.078467
14 6 0.078467
14 7 0.078467
14 8 0.078468
14 9 0.078468
14 10 0.078468
14 11 0.078468
14 12 0.078468
14 13 0.078468
14 14 0.078468
14 15 0.078468
14 16 0.078468
14 17 0.078468
14 18 0.078468
14 19 0.078468
14 20 0.078468
14 21 0.078468
14 22 0.078468
14 23 0.078468
14 24 0.078468
14 25 0.078468
14 26 0.078468
14 27 0.078468
14 28 0.078468
14 29 0.078469
14 30 0.078469
14 31 0.078469
14 32 0.078469
14 33 0.078469
14 34 0.078469
14 35 0.078469
14 36 0.078469
14 37 0.078470
14 38 0.078470
14 39 0.078470
14 40 0.078470
14 41 0.078470
14 42 0.078470
14 43 0.078470
14 44 0.078470
14 45 0.078470
14 46 0.078470
14 47 0.078470
14 48 0.078470
14 49 0.078470
14 50 0.078470
14 51 0.078470
14 52 0.078469
14 53 0.078469
14 54 0.078469
14 55 0.078469
14 56 0.078469
14 57 0.078469
14 58 0.078469
14 59 0.078469
14 60 0.078469
14 61 0.078469
14 62 0.078469
14 63 0.078469
14 64 0.078468
14 65 0.078468
14 66 0.078468
14 67 0.078468
14 68 0.078468
14 69 0.078468
14 70 0.078468
14 71 0.078468
14 72 0.078468
14 73 0.078468
14 74 0.078468
14 75 0.078469
14 76 0.078469
14 77 0.078469
14 78 0.078469
14 79 0.078469
14 80 0.078469
14 81 0.078469
14 82 0.078469
14 83 0.078469
14 84 0.078469
14 85 0.078469
14 86 0.078469
14 87 0.078469
14 88 0.078469
14 89 0.078469
14 90 0.078469
14 91 0.078469
14 92 0.078469
14 93 0.078468
14 94 0.078469
14 95 0.078468
14 96 0.078469
14 97 0.078469
14 98 0.078469
14 99 0.078469

15 0 0.078468
15 1 0.078468
15 2 0.078468
15 3 0.078467
15 4 0.078467
15 5 0.078467
15 6 0.078467
15 7 0.078468
15 8 0.078468
15 9 0.078468
15 10 0.078468
15 11 0.078468
15 12 0.078468
15 13 0.078468
15 14 0.078468
15 15 0.078468
15 16 0.078468
15 17 0.078468
15 18 0.078468
15 19 0.078468
15 20 0.078468
15 21 0.078468
15 22 0.078467
15 23 0.078467
15 24 0.078468
15 25 0.078468
15 26 0.078468
15 27 0.078468
15 28 0.078468
15 29 0.078468
15 30 0.078468
15 31 0.078468
15 32 0.078468
15 33 0.078468
15 34 0.078469
15 35 0.078469
15 36 0.078469
15 37 0.078470
15 38 0.078470
15 39 0.078470
15 40 0.078470
15 41 0.078470
15 42 0.078470
15 43 0.078470
15 44 0.078469
15 45 0.078469
15 46 0.078469
15 47 0.078470
15 48 0.078470
15 49 0.078469
15 50 0.078469
15 51 0.078469
15 52 0.078469
15 53 0.078469
15 54 0.078469
15 55 0.078469
15 56 0.078469
15 57 0.078469
15 58 0.078469
15 59 0.078469
15 60 0.078469
15 61 0.078468
15 62 0.078468
15 63 0.078468
15 64 0.078468
15 65 0.078468
15 66 0.078468
15 67 0.078468
15 68 0.078468
15 69 0.078468
15 70 0.078468
15 71 0.078468
15 72 0.078468
15 73 0.078468
15 74 0.078468
15 75 0.078468
15 76 0.078469
15 77 0.078469
15 78 0.078469
15 79 0.078469
15 80 0.078469
15 81 0.078469
15 82 0.078469
15 83 0.078469
15 84 0.078469
15 85 0.078469
15 86 0.078469
15 87 0.078469
15 88 0.078469
15 89 0.078469
15 90 0.078469
15 91 0.078469
15 92 0.078469
15 93 0.078468
15 94 0.078468
15 95 0.078468
15 96 0.078469
15 97 0.078469
15 98 0.078469
15 99 0.078469

16 0 0.078468
16 1 0.078468
16 2 0.078467
16 3 0.078467
16 4 0.078467
16 5 0.078467
16 6 0.078467
16 7 0.078468
16 8 0.078468
16 9 0.078468
16 10 0.078468
16 11 0.078468
16 12 0.078468
16 13 0.078468
16 14 0.078468
16 15 0.078468
16 16 0.078468
16 17 0.078468
16 18 0.078468
16 19 0.078468
16 20 0.078468
16 21 0.078467
16 22 0.078467
16 23 0.078467
16 24 0.078468
16 25 0.078468
16 26 0.078468
16 27 0.078468
16 28 0.078468
16 29 0.078468
16 30 0.078468
16 31 0.078468
16 32 0.078468
16 33 0.078468
16 34 0.078469
16 35 0.078469
16 36 0.078469
16 37 0.078470
16 38 0.078470
16 39 0.078470
16 40 0.078469
16 41 0.078469
16 42 0.078469
16 43 0.078469
16 44 0.078469
16 45 0.078469
16 46 0.078469
16 47 0.078469
16 48 0.078469
16 49 0.078469
16 50 0.078469
16 51 0.078469
16 52 0.078469
16 53 0.078469
16 54 0.078469
16 55 0.078468
16 56 0.078468
16 57 0.078468
16 58 0.078468
16 59 0.078468
16 60 0.078468
16 61 0.078468
16 62 0.078468
16 63 0.078468
16 64 0.078468
16 65 0.078468
16 66 0.078468
16 67 0.078468
16 68 0.078468
16 69 0.078468
16 70 0.078468
16 71 0.078468
16 72 0.078468
16 73 0.078468
16 74 0.078468
16 75 0.078468
16 76 0.078468
16 77 0.078469
16 78 0.078469
16 79 0.078469
16 80 0.078469
16 81 0.078468
16 82 0.078468
16 83 0.078468
16 84 0.078468
16 85 0.078469
16 86 0.078469
16 87 0.078469
16 88 0.078469
16 89 0.078469
16 90 0.078469
16 91 0.078468
16 92 0.078468
16 93 0.078468
16 94 0.078468
16 95 0.078468
16 96 0.078469
16 97 0.078468
16 98 0.078469
16 99 0.078469

17 0 0.078467
17 1 0.078467
17 2 0.078467
17 3 0.078467
17 4 0.078467
17 5 0.078467
17 6 0.078467
17 7 0.078468
17 8 0.078468
17 9 0.078468
17 10 0.078468
17 11 0.078468
17 12 0.078467
17 13 0.078467
17 14 0.078468
17 15 0.078468
17 16 0.078468
17 17 0.078468
17 18 0.078468
17 19 0.078467
17 20 0.078467
17 21 0.078467
17 22 0.078467
17 23 0.078468
17 24 0.078468
17 25 0.078468
17 26 0.078468
17 27 0.078468
17 28 0.078468
17 29 0.078468
17 30 0.078468
17 31 0.078468
17 32 0.078468
17 33 0.078468
17 34 0.078469
17 35 0.078469
17 36 0.078469
17 37 0.078469
17 38 0.078469
17 39 0.078469
17 40 0.078469
17 41 0.078469
17 42 0.078469
17 43 0.078469
17 44 0.078469
17 45 0.078469
17 46 0.078469
17 47 0.078469
17 48 0.078469
17 49 0.078469
17 50 0.078469
17 51 0.078469
17 52 0.078468
17 53 0.078468
17 54 0.078468
17 55 0.078468
17 56 0.078468
17 57 0.078468
17 58 0.078468
17 59 0.078468
17 60 0.078468
17 61 0.078468
17 62 0.078468
17 63 0.078468
17 64 0.078468
17 65 0.078468
17 66 0.078468
17 67 0.078468
17 68 0.078468
17 69 0.078468
17 70 0.078468
17 71 0.078468
17 72 0.078468
17 73 0.078468
17 74 0.078468
17 75 0.078468
17 76 0.078468
17 77 0.078468
17 78 0.078468
17 79 0.078468
17 80 0.078468
17 81 0.078468
17 82 0.078468
17 83 0.078468
17 84 0.078468
17 85 0.078468
17 86 0.078469
17 87 0.078469
17 88 0.078469
17 89 0.078468
17 90 0.078468
17 91 0.078468
17 92 0.078468
17 93 0.078468
17 94 0.078468
17 95 0.078468
17 96 0.078468
17 97 0.078468
17 98 0.078469
17 99 0.078468

18 0 0.078467
18 1 0.078467
18 2 0.078466
18 3 0.078467
18 4 0.078467
18 5 0.078467
18 6 0.078468
18 7 0.078468
18 8 0.078468
18 9 0.078468
18 10 0.078467
18 11 0.078467
18 12 0.078467
18 13 0.078467
18 14 0.078468
18 15 0.078468
18 16 0.078468
18 17 0.078468
18 18 0.078467
18 19 0.078467
18 20 0.078467
18 21 0.078467
18 22 0.078467
18 23 0.078468
18 24 0.078468
18 25 0.078468
18 26 0.078468
18 27 0.078468
18 28 0.078467
18 29 0.078467
18 30 0.078467
18 31 0.078468
18 32 0.078468
18 33 0.078468
18 34 0.078469
18 35 0.078469
18 36 0.078469
18 37 0.078469
18 38 0.078469
18 39 0.078469
18 40 0.078469
18 41 0.078469
18 42 0.078469
18 43 0.078469
18 44 0.078469
18 45 0.078469
18 46 0.078469
18 47 0.078469
18 48 0.078469
18 49 0.078469
18 50 0.078468
18 51 0.078468
18 52 0.078468
18 53 0.078468
18 54 0.078468
18 55 0.078468
18 56 0.078468
18 57 0.078468
18 58 0.078468
18 59 0.078468
18 60 0.078468
18 61 0.078468
18 62 0.078468
18 63 0.078467
18 64 0.078468
18 65 0.078468
18 66 0.078468
18 67 0.078468
18 68 0.078468
18 69 0.078468
18 70 0.078468
18 71 0.078468
18 72 0.078468
18 73 0.078468
18 74 0.078468
18 75 0.078468
18 76 0.078468
18 77 0.078468
18 78 0.078468
18 79 0.078468
18 80 0.078468
18 81 0.078469
18 82 0.078469
18 83 0.078469
18 84 0.078469
18 85 0.078469
18 86 0.078469
18 87 0.078469
18 88 0.078468
18 89 0.078468
18 90 0.078469
18 91 0.078469
18 92 0.078469
18 93 0.078469
18 94 0.078469
18 95 0.078469
18 96 0.078469
18 97 0.078468
18 98 0.078468
18 99 0.078468

19 0 0.078468
19 1 0.078468
19 2 0.078468
19 3 0.078468
19 4 0.078468
19 5 0.078468
19 6 0.078468
19 7 0.078467
19 8 0.078467
19 9 0.078468
19 10 0.078468
19 11 0.078468
19 12 0.078468
19 13 0.078468
19 14 0.078468
19 15 0.078468
19 16 0.078467
19 17 0.078467
19 18 0.078468
19 19 0.078468
19 20 0.078468
19 21 0.078468
19 22 0.078468
19 23 0.078468
19 24 0.078467
19 25 0.078467
19 26 0.078467
19 27 0.078467
19 28 0.078468
19 29 0.078468
19 30 0.078468
19 31 0.078469
19 32 0.078469
19 33 0.078468
19 34 0.078468
19 35 0.078468
19 36 0.078468
19 37 0.078468
19 38 0.078468
19 39 0.078468
19 40 0.078468
19 41 0.078468
19 42 0.078468
19 43 0.078468
19 44 0.078468
19 45 0.078468
19 46 0.078468
19 47 0.078467
19 48 0.078467
19 49 0.078467
19 50 0.078467
19 51 0.078468
19 52 0.078468
19 53 0.078468
19 54 0.078468
19 55 0.078467
19 56 0.078467
19 57 0.078467
19 58 0.078467
19 59 0.078467
19 60 0.078467
19 61 0.078467
19 62 0.078467
19 63 0.078467
19 64 0.078467
19 65 0.078467
19 66 0.078467
19 67 0.078467
19 68 0.078467
19 69 0.078467
19 70 0.078468
19 71 0.078468
19 72 0.078468
19 73 0.078468
19 74 0.078468
19 75 0.078468
19 76 0.078468
19 77 0.078468
19 78 0.078468
19 79 0.078468
19 80 0.078468
19 81 0.078468
19 82 0.078469
19 83 0.078469
19 84 0.078469
19 85 0.078469
19 86 0.078468
19 87 0.078468
19 88 0.078468
19 89 0.078468
19 90 0.078469
19 91 0.078469
19 92 0.078469
19 93 0.078469
19 94 0.078469
19 95 0.078468
19 96 0.078468
19 97 0.078468
19 98 0.078468
19 99 0.078468

20 0 0.078468
20 1 0.078468
20 2 0.078468
20 3 0.078468
20 4 0.078468
20 5 0.078468
20 6 0.078467
20 7 0.078467
20 8 0.078467
20 9 0.078468
20 10 0.078468
20 11 0.078468
20 12 0.078468
20 13 0.078468
20 14 0.078468
20 15 0.078467
20 16 0.078467
20 17 0.078468
20 18 0.078468
20 19 0.078468
20 20 0.078468
20 21 0.078468
20 22 0.078468
20 23 0.078467
20 24 0.078467
20 25 0.078467
20 26 0.078467
20 27 0.078467
20 28 0.078468
20 29 0.078468
20 30 0.078468
20 31 0.078468
20 32 0.078468
20 33 0.078468
20 34 0.078468
20 35 0.078467
20 36 0.078467
20 37 0.078468
20 38 0.078468
20 39 0.078468
20 40 0.078468
20 41 0.078468
20 42 0.078468
20 43 0.078468
20 44 0.078468
20 45 0.078467
20 46 0.078467
20 47 0.078467
20 48 0.078467
20 49 0.078467
20 50 0.078467
20 51 0.078467
20 52 0.078467
20 53 0.078467
20 54 0.078467
20 55 0.078467
20 56 0.078467
20 57 0.078467
20 58 0.078467
20 59 0.078467
20 60 0.078467
20 61 0.078467
20 62 0.078467
20 63 0.078467
20 64 0.078467
20 65 0.078467
20 66 0.078467
20 67 0.078467
20 68 0.078467
20 69 0.078467
20 70 0.078467
20 71 0.078467
20 72 0.078468
20 73 0.078468
20 74 0.078468
20 75 0.078468
20 76 0.078468
20 77 0.078468
20 78 0.078468
20 79 0.078468
20 80 0.078468
20 81 0.078468
20 82 0.078468
20 83 0.078468
20 84 0.078468
20 85 0.078468
20 86 0.078468
20 87 0.078468
20 88 0.078468
20 89 0.078468
20 90 0.078468
20 91 0.078468
20 92 0.078469
20 93 0.078468
20 94 0.078468
20 95 0.078468
20 96 0.078468
20 97 0.078468
20 98 0.078468
20 99 0.078468

21 0 0.078468
21 1 0.078468
21 2 0.078468
21 3 0.078468
21 4 0.078467
21 5 0.078467
21 6 0.078467
21 7 0.078467
21 8 0.078468
21 9 0.078468
21 10 0.078468
21 11 0.078468
21 12 0.078468
21 13 0.078468
21 14 0.078467
21 15 0.078467
21 16 0.078467
21 17 0.078468
21 18 0.078468
21 19 0.078468
21 20 0.078468
21 21 0.078468
21 22 0.078467
21 23 0.078467
21 24 0.078467
21 25 0.078467
21 26 0.078467
21 27 0.078468
21 28 0.078468
21 29 0.078468
21 30 0.078468
21 31 0.078468
21 32 0.078468
21 33 0.078467
21 34 0.078467
21 35 0.078467
21 36 0.078467
21 37 0.078468
21 38 0.078468
21 39 0.078468
21 40 0.078468
21 41 0.078468
21 42 0.078468
21 43 0.078467
21 44 0.078467
21 45 0.078467
21 46 0.078467
21 47 0.078467
21 48 0.078467
21 49 0.078467
21 50 0.078467
21 51 0.078467
21 52 0.078467
21 53 0.078467
21 54 0.078467
21 55 0.078467
21 56 0.078466
21 57 0.078466
21 58 0.078467
21 59 0.078467
21 60 0.078467
21 61 0.078467
21 62 0.078467
21 63 0.078467
21 64 0.078467
21 65 0.078467
21 66 0.078467
21 67 0.078467
21 68 0.078467
21 69 0.078467
21 70 0.078467
21 71 0.078467
21 72 0.078467
21 73 0.078468
21 74 0.078468
21 75 0.078468
21 76 0.078468
21 77 0.078468
21 78 0.078468
21 79 0.078468
21 80 0.078468
21 81 0.078468
21 82 0.078468
21 83 0.078468
21 84 0.078468
21 85 0.078468
21 86 0.078468
21 87 0.078468
21 88 0.078468
21 89 0.078468
21 90 0.078468
21 91 0.078468
21 92 0.078468
21 93 0.078468
21 94 0.078468
21 95 0.078468
21 96 0.078468
21 97 0.078468
21 98 0.078468
21 99 0.078468

22 0 0.078468
22 1 0.078468
22 2 0.078468
22 3 0.078467
22 4 0.078467
22 5 0.078467
22 6 0.078467
22 7 0.078468
22 8 0.078468
22 9 0.078468
22 10 0.078468
22 11 0.078468
22 12 0.078468
22 13 0.078467
22 14 0.078467
22 15 0.078468
22 16 0.078468
22 17 0.078468
22 18 0.078468
22 19 0.078468
22 20 0.078467
22 21 0.078467
22 22 0.078467
22 23 0.078467
22 24 0.078467
22 25 0.078467
22 26 0.078468
22 27 0.078468
22 28 0.078468
22 29 0.078468
22 30 0.078468
22 31 0.078467
22 32 0.078467
22 33 0.078467
22 34 0.078467
22 35 0.078467
22 36 0.078467
22 37 0.078468
22 38 0.078468
22 39 0.078467
22 40 0.078467
22 41 0.078467
22 42 0.078467
22 43 0.078467
22 44 0.078467
22 45 0.078467
22 46 0.078467
22 47 0.078467
22 48 0.078467
22 49 0.078467
22 50 0.078467
22 51 0.078467
22 52 0.078466
22 53 0.078466
22 54 0.078466
22 55 0.078466
22 56 0.078466
22 57 0.078466
22 58 0.078466
22 59 0.078467
22 60 0.078467
22 61 0.078467
22 62 0.078467
22 63 0.078467
22 64 0.078466
22 65 0.078466
22 66 0.078466
22 67 0.078467
22 68 0.078467
22 69 0.078467
22 70 0.078467
22 71 0.078467
22 72 0.078467
22 73 0.078467
22 74 0.078468
22 75 0.078468
22 76 0.078468
22 77 0.078468
22 78 0.078468
22 79 0.078468
22 80 0.078468
22 81 0.078468
22 82 0.078468
22 83 0.078468
22 84 0.078468
22 85 0.078468
22 86 0.078468
22 87 0.078468
22 88 0.078468
22 89 0.078468
22 90 0.078468
22 91 0.078468
22 92 0.078468
22 93 0.078468
22 94 0.078468
22 95 0.078468
22 96 0.078468
22 97 0.078468
22 98 0.078468
22 99 0.078468

23 0 0.078467
23 1 0.078467
23 2 0.078467
23 3 0.078467
23 4 0.078467
23 5 0.078467
23 6 0.078467
23 7 0.078468
23 8 0.078468
23 9 0.078468
23 10 0.078468
23 11 0.078468
23 12 0.078467
23 13 0.078467
23 14 0.078468
23 15 0.078468
23 16 0.078468
23 17 0.078468
23 18 0.078468
23 19 0.078467
23 20 0.078467
23 21 0.078467
23 22 0.078467
23 23 0.078467
23 24 0.078467
23 25 0.078467
23 26 0.078468
23 27 0.078468
23 28 0.078467
23 29 0.078467
23 30 0.078467
23 31 0.078467
23 32 0.078467
23 33 0.078467
23 34 0.078467
23 35 0.078467
23 36 0.078467
23 37 0.078467
23 38 0.078467
23 39 0.078467
23 40 0.078467
23 41 0.078467
23 42 0.078467
23 43 0.078466
23 44 0.078466
23 45 0.078467
23 46 0.078467
23 47 0.078467
23 48 0.078467
23 49 0.078466
23 50 0.078466
23 51 0.078466
23 52 0.078466
23 53 0.078466
23 54 0.078466
23 55 0.078466
23 56 0.078466
23 57 0.078466
23 58 0.078466
23 59 0.078466
23 60 0.078466
23 61 0.078466
23 62 0.078466
23 63 0.078466
23 64 0.078466
23 65 0.078466
23 66 0.078466
23 67 0.078466
23 68 0.078467
23 69 0.078467
23 70 0.078467
23 71 0.078467
23 72 0.078467
23 73 0.078467
23 74 0.078467
23 75 0.078467
23 76 0.078467
23 77 0.078467
23 78 0.078467
23 79 0.078467
23 80 0.078467
23 81 0.078468
23 82 0.078468
23 83 0.078468
23 84 0.078468
23 85 0.078468
23 86 0.078468
23 87 0.078468
23 88 0.078468
23 89 0.078468
23 90 0.078468
23 91 0.078468
23 92 0.078468
23 93 0.078468
23 94 0.078468
23 95 0.078468
23 96 0.078468
23 97 0.078468
23 98 0.078468
23 99 0.078468

24 0 0.078467
24 1 0.078467
24 2 0.078467
24 3 0.078467
24 4 0.078467
24 5 0.078467
24 6 0.078468
24 7 0.078468
24 8 0.078468
24 9 0.078468
24 10 0.078467
24 11 0.078467
24 12 0.078467
24 13 0.078468
24 14 0.078468
24 15 0.078468
24 16 0.078468
24 17 0.078467
24 18 0.078467
24 19 0.078467
24 20 0.078467
24 21 0.078467
24 22 0.078467
24 23 0.078467
24 24 0.078467
24 25 0.078467
24 26 0.078467
24 27 0.078467
24 28 0.078467
24 29 0.078467
24 30 0.078467
24 31 0.078467
24 32 0.078467
24 33 0.078467
24 34 0.078467
24 35 0.078467
24 36 0.078467
24 37 0.078467
24 38 0.078467
24 39 0.078467
24 40 0.078466
24 41 0.078466
24 42 0.078466
24 43 0.078466
24 44 0.078466
24 45 0.078466
24 46 0.078466
24 47 0.078466
24 48 0.078466
24 49 0.078466
24 50 0.078466
24 51 0.078466
24 52 0.078466
24 53 0.078466
24 54 0.078466
24 55 0.078466
24 56 0.078466
24 57 0.078466
24 58 0.078466
24 59 0.078466
24 60 0.078466
24 61 0.078466
24 62 0.078466
24 63 0.078466
24 64 0.078466
24 65 0.078466
24 66 0.078466
24 67 0.078466
24 68 0.078467
24 69 0.078467
24 70 0.078467
24 71 0.078467
24 72 0.078467
24 73 0.078467
24 74 0.078467
24 75 0.078467
24 76 0.078467
24 77 0.078467
24 78 0.078467
24 79 0.078467
24 80 0.078467
24 81 0.078467
24 82 0.078468
24 83 0.078468
24 84 0.078468
24 85 0.078468
24 86 0.078468
24 87 0.078468
24 88 0.078468
24 89 0.078468
24 90 0.078468
24 91 0.078468
24 92 0.078468
24 93 0.078468
24 94 0.078468
24 95 0.078468
24 96 0.078468
24 97 0.078468
24 98 0.078468
24 99 0.078468

25 0 0.078467
25 1 0.078467
25 2 0.078467
25 3 0.078467
25 4 0.078467
25 5 0.078468
25 6 0.078468
25 7 0.078468
25 8 0.078467
25 9 0.078467
25 10 0.078467
25 11 0.078467
25 12 0.078468
25 13 0.078468
25 14 0.078468
25 15 0.078468
25 16 0.078467
25 17 0.078467
25 18 0.078467
25 19 0.078467
25 20 0.078467
25 21 0.078467
25 22 0.078467
25 23 0.078467
25 24 0.078467
25 25 0.078467
25 26 0.078467
25 27 0.078467
25 28 0.078467
25 29 0.078467
25 30 0.078467
25 31 0.078467
25 32 0.078467
25 33 0.078467
25 34 0.078467
25 35 0.078467
25 36 0.078467
25 37 0.078467
25 38 0.078466
25 39 0.078466
25 40 0.078466
25 41 0.078466
25 42 0.078466
25 43 0.078466
25 44 0.078466
25 45 0.078466
25 46 0.078466
25 47 0.078466
25 48 0.078466
25 49 0.078466
25 50 0.078466
25 51 0.078465
25 52 0.078465
25 53 0.078466
25 54 0.078466
25 55 0.078466
25 56 0.078466
25 57 0.078466
25 58 0.078466
25 59 0.078466
25 60 0.078466
25 61 0.078466
25 62 0.078466
25 63 0.078466
25 64 0.078466
25 65 0.078466
25 66 0.078466
25 67 0.078466
25 68 0.078467
25 69 0.078467
25 70 0.078467
25 71 0.078467
25 72 0.078467
25 73 0.078467
25 74 0.078467
25 75 0.078467
25 76 0.078467
25 77 0.078467
25 78 0.078467
25 79 0.078467
25 80 0.078467
25 81 0.078467
25 82 0.078468
25 83 0.078468
25 84 0.078468
25 85 0.078468
25 86 0.078468
25 87 0.078468
25 88 0.078468
25 89 0.078468
25 90 0.078468
25 91 0.078468
25 92 0.078468
25 93 0.078468
25 94 0.078468
25 95 0.078468
25 96 0.078468
25 97 0.078468
25 98 0.078468
25 99 0.078467

26 0 0.078467
26 1 0.078467
26 2 0.078467
26 3 0.078467
26 4 0.078467
26 5 0.078468
26 6 0.078468
26 7 0.078468
26 8 0.078467
26 9 0.078467
26 10 0.078467
26 11 0.078468
26 12 0.078468
26 13 0.078468
26 14 0.078468
26 15 0.078467
26 16 0.078467
26 17 0.078467
26 18 0.078467
26 19 0.078467
26 20 0.078467
26 21 0.078467
26 22 0.078467
26 23 0.078467
26 24 0.078467
26 25 0.078467
26 26 0.078467
26 27 0.078466
26 28 0.078466
26 29 0.078467
26 30 0.078467
26 31 0.078467
26 32 0.078467
26 33 0.078467
26 34 0.078467
26 35 0.078467
26 36 0.078466
26 37 0.078466
26 38 0.078466
26 39 0.078466
26 40 0.078466
26 41 0.078466
26 42 0.078466
26 43 0.078466
26 44 0.078466
26 45 0.078466
26 46 0.078466
26 47 0.078466
26 48 0.078465
26 49 0.078465
26 50 0.078465
26 51 0.078465
26 52 0.078465
26 53 0.078466
26 54 0.078466
26 55 0.078466
26 56 0.078466
26 57 0.078466
26 58 0.078466
26 59 0.078466
26 60 0.078466
26 61 0.078466
26 62 0.078466
26 63 0.078466
26 64 0.078466
26 65 0.078466
26 66 0.078466
26 67 0.078466
26 68 0.078466
26 69 0.078467
26 70 0.078467
26 71 0.078467
26 72 0.078467
26 73 0.078467
26 74 0.078466
26 75 0.078467
26 76 0.078467
26 77 0.078467
26 78 0.078467
26 79 0.078467
26 80 0.078467
26 81 0.078468
26 82 0.078468
26 83 0.078468
26 84 0.078468
26 85 0.078468
26 86 0.078468
26 87 0.078468
26 88 0.078468
26 89 0.078468
26 90 0.078468
26 91 0.078468
26 92 0.078468
26 93 0.078468
26 94 0.078468
26 95 0.078468
26 96 0.078468
26 97 0.078468
26 98 0.078468
26 99 0.078467

27 0 0.078467
27 1 0.078467
27 2 0.078467
27 3 0.078468
27 4 0.078468
27 5 0.078468
27 6 0.078468
27 7 0.078468
27 8 0.078467
27 9 0.078468
27 10 0.078468
27 11 0.078468
27 12 0.078468
27 13 0.078468
27 14 0.078467
27 15 0.078467
27 16 0.078467
27 17 0.078467
27 18 0.078467
27 19 0.078467
27 20 0.078467
27 21 0.078467
27 22 0.078467
27 23 0.078467
27 24 0.078467
27 25 0.078467
27 26 0.078466
27 27 0.078466
27 28 0.078466
27 29 0.078467
27 30 0.078467
27 31 0.078467
27 32 0.078467
27 33 0.078467
27 34 0.078466
27 35 0.078466
27 36 0.078466
27 37 0.078466
27 38 0.078466
27 39 0.078466
27 40 0.078466
27 41 0.078466
27 42 0.078466
27 43 0.078466
27 44 0.078466
27 45 0.078466
27 46 0.078465
27 47 0.078465
27 48 0.078465
27 49 0.078465
27 50 0.078465
27 51 0.078465
27 52 0.078466
27 53 0.078466
27 54 0.078466
27 55 0.078466
27 56 0.078466
27 57 0.078466
27 58 0.078466
27 59 0.078465
27 60 0.078465
27 61 0.078465
27 62 0.078465
27 63 0.078466
27 64 0.078466
27 65 0.078466
27 66 0.078466
27 67 0.078466
27 68 0.078466
27 69 0.078466
27 70 0.078466
27 71 0.078466
27 72 0.078466
27 73 0.078466
27 74 0.078466
27 75 0.078466
27 76 0.078466
27 77 0.078467
27 78 0.078467
27 79 0.078467
27 80 0.078467
27 81 0.078468
27 82 0.078468
27 83 0.078468
27 84 0.078468
27 85 0.078467
27 86 0.078467
27 87 0.078467
27 88 0.078468
27 89 0.078468
27 90 0.078468
27 91 0.078468
27 92 0.078468
27 93 0.078468
27 94 0.078468
27 95 0.078468
27 96 0.078468
27 97 0.078468
27 98 0.078468
27 99 0.078467

28 0 0.078467
28 1 0.078467
28 2 0.078468
28 3 0.078468
28 4 0.078468
28 5 0.078468
28 6 0.078468
28 7 0.078468
28 8 0.078468
28 9 0.078468
28 10 0.078468
28 11 0.078468
28 12 0.078468
28 13 0.078468
28 14 0.078467
28 15 0.078467
28 16 0.078467
28 17 0.078467
28 18 0.078468
28 19 0.078468
28 20 0.078467
28 21 0.078467
28 22 0.078467
28 23 0.078467
28 24 0.078466
28 25 0.078466
28 26 0.078466
28 27 0.078466
28 28 0.078467
28 29 0.078467
28 30 0.078467
28 31 0.078467
28 32 0.078466
28 33 0.078466
28 34 0.078466
28 35 0.078466
28 36 0.078466
28 37 0.078466
28 38 0.078466
28 39 0.078466
28 40 0.078466
28 41 0.078466
28 42 0.078466
28 43 0.078466
28 44 0.078466
28 45 0.078465
28 46 0.078465
28 47 0.078465
28 48 0.078465
28 49 0.078465
28 50 0.078465
28 51 0.078465
28 52 0.078466
28 53 0.078466
28 54 0.078466
28 55 0.078466
28 56 0.078466
28 57 0.078465
28 58 0.078465
28 59 0.078465
28 60 0.078465
28 61 0.078465
28 62 0.078466
28 63 0.078466
28 64 0.078466
28 65 0.078466
28 66 0.078466
28 67 0.078466
28 68 0.078466
28 69 0.078466
28 70 0.078466
28 71 0.078466
28 72 0.078466
28 73 0.078466
28 74 0.078466
28 75 0.078466
28 76 0.078467
28 77 0.078467
28 78 0.078467
28 79 0.078467
28 80 0.078467
28 81 0.078467
28 82 0.078467
28 83 0.078467
28 84 0.078467
28 85 0.078467
28 86 0.078467
28 87 0.078468
28 88 0.078468
28 89 0.078468
28 90 0.078468
28 91 0.078468
28 92 0.078468
28 93 0.078468
28 94 0.078468
28 95 0.078468
28 96 0.078468
28 97 0.078468
28 98 0.078468
28 99 0.078468

29 0 0.078467
29 1 0.078468
29 2 0.078468
29 3 0.078468
29 4 0.078468
29 5 0.078468
29 6 0.078468
29 7 0.078468
29 8 0.078468
29 9 0.078468
29 10 0.078468
29 11 0.078468
29 12 0.078468
29 13 0.078468
29 14 0.078467
29 15 0.078468
29 16 0.078468
29 17 0.078468
29 18 0.078468
29 19 0.078467
29 20 0.078467
29 21 0.078467
29 22 0.078467
29 23 0.078466
29 24 0.078466
29 25 0.078466
29 26 0.078467
29 27 0.078467
29 28 0.078467
29 29 0.078467
29 30 0.078467
29 31 0.078466
29 32 0.078466
29 33 0.078466
29 34 0.078466
29 35 0.078466
29 36 0.078466
29 37 0.078466
29 38 0.078466
29 39 0.078466
29 40 0.078466
29 41 0.078466
29 42 0.078465
29 43 0.078465
29 44 0.078465
29 45 0.078465
29 46 0.078465
29 47 0.078465
29 48 0.078465
29 49 0.078465
29 50 0.078465
29 51 0.078466
29 52 0.078466
29 53 0.078466
29 54 0.078466
29 55 0.078466
29 56 0.078465
29 57 0.078465
29 58 0.078465
29 59 0.078465
29 60 0.078465
29 61 0.078465
29 62 0.078466
29 63 0.078466
29 64 0.078466
29 65 0.078466
29 66 0.078466
29 67 0.078466
29 68 0.078466
29 69 0.078466
29 70 0.078466
29 71 0.078466
29 72 0.078466
29 73 0.078466
29 74 0.078466
29 75 0.078466
29 76 0.078467
29 77 0.078467
29 78 0.078467
29 79 0.078467
29 80 0.078467
29 81 0.078467
29 82 0.078467
29 83 0.078467
29 84 0.078467
29 85 0.078467
29 86 0.078468
29 87 0.078468
29 88 0.078468
29 89 0.078468
29 90 0.078468
29 91 0.078468
29 92 0.078468
29 93 0.078468
29 94 0.078468
29 95 0.078468
29 96 0.078468
29 97 0.078468
29 98 0.078468
29 99 0.078468

30 0 0.078468
30 1 0.078468
30 2 0.078468
30 3 0.078468
30 4 0.078468
30 5 0.078468
30 6 0.078468
30 7 0.078468
30 8 0.078468
30 9 0.078468
30 10 0.078468
30 11 0.078468
30 12 0.078468
30 13 0.078468
30 14 0.078468
30 15 0.078468
30 16 0.078468
30 17 0.078468
30 18 0.078468
30 19 0.078467
30 20 0.078467
30 21 0.078467
30 22 0.078467
30 23 0.078466
30 24 0.078467
30 25 0.078467
30 26 0.078467
30 27 0.078467
30 28 0.078467
30 29 0.078466
30 30 0.078466
30 31 0.078466
30 32 0.078466
30 33 0.078466
30 34 0.078466
30 35 0.078466
30 36 0.078466
30 37 0.078466
30 38 0.078466
30 39 0.078466
30 40 0.078465
30 41 0.078465
30 42 0.078465
30 43 0.078465
30 44 0.078465
30 45 0.078465
30 46 0.078465
30 47 0.078465
30 48 0.078465
30 49 0.078465
30 50 0.078466
30 51 0.078466
30 52 0.078466
30 53 0.078466
30 54 0.078465
30 55 0.078465
30 56 0.078465
30 57 0.078465
30 58 0.078465
30 59 0.078465
30 60 0.078465
30 61 0.078466
30 62 0.078466
30 63 0.078466
30 64 0.078466
30 65 0.078466
30 66 0.078466
30 67 0.078466
30 68 0.078466
30 69 0.078466
30 70 0.078466
30 71 0.078466
30 72 0.078466
30 73 0.078466
30 74 0.078466
30 75 0.078467
30 76 0.078467
30 77 0.078467
30 78 0.078467
30 79 0.078467
30 80 0.078467
30 81 0.078467
30 82 0.078467
30 83 0.078467
30 84 0.078467
30 85 0.078467
30 86 0.078468
30 87 0.078468
30 88 0.078468
30 89 0.078468
30 90 0.078468
30 91 0.078468
30 92 0.078468
30 93 0.078468
30 94 0.078468
30 95 0.078468
30 96 0.078468
30 97 0.078468
30 98 0.078468
30 99 0.078468

31 0 0.078468
31 1 0.078468
31 2 0.078468
31 3 0.078468
31 4 0.078468
31 5 0.078468
31 6 0.078468
31 7 0.078468
31 8 0.078468
31 9 0.078468
31 10 0.078468
31 11 0.078468
31 12 0.078468
31 13 0.078468
31 14 0.078468
31 15 0.078468
31 16 0.078468
31 17 0.078468
31 18 0.078467
31 19 0.078467
31 20 0.078467
31 21 0.078467
31 22 0.078467
31 23 0.078467
31 24 0.078467
31 25 0.078467
31 26 0.078467
31 27 0.078467
31 28 0.078466
31 29 0.078466
31 30 0.078466
31 31 0.078466
31 32 0.078466
31 33 0.078466
31 34 0.078466
31 35 0.078466
31 36 0.078466
31 37 0.078466
31 38 0.078466
31 39 0.078465
31 40 0.078465
31 41 0.078465
31 42 0.078465
31 43 0.078465
31 44 0.078465
31 45 0.078465
31 46 0.078465
31 47 0.078465
31 48 0.078465
31 49 0.078466
31 50 0.078466
31 51 0.078466
31 52 0.078466
31 53 0.078465
31 54 0.078465
31 55 0.078465
31 56 0.078465
31 57 0.078465
31 58 0.078465
31 59 0.078465
31 60 0.078466
31 61 0.078466
31 62 0.078466
31 63 0.078466
31 64 0.078466
31 65 0.078466
31 66 0.078465
31 67 0.078465
31 68 0.078465
31 69 0.078465
31 70 0.078466
31 71 0.078466
31 72 0.078466
31 73 0.078466
31 74 0.078466
31 75 0.078467
31 76 0.078467
31 77 0.078467
31 78 0.078467
31 79 0.078467
31 80 0.078467
31 81 0.078467
31 82 0.078467
31 83 0.078467
31 84 0.078467
31 85 0.078468
31 86 0.078468
31 87 0.078468
31 88 0.078468
31 89 0.078468
31 90 0.078468
31 91 0.078468
31 92 0.078468
31 93 0.078468
31 94 0.078468
31 95 0.078468
31 96 0.078468
31 97 0.078468
31 98 0.078469
31 99 0.078468

32 0 0.078468
32 1 0.078468
32 2 0.078468
32 3 0.078468
32 4 0.078468
32 5 0.078468
32 6 0.078468
32 7 0.078468
32 8 0.078468
32 9 0.078468
32 10 0.078468
32 11 0.078468
32 12 0.078468
32 13 0.078468
32 14 0.078468
32 15 0.078468
32 16 0.078468
32 17 0.078467
32 18 0.078467
32 19 0.078467
32 20 0.078467
32 21 0.078467
32 22 0.078467
32 23 0.078467
32 24 0.078467
32 25 0.078467
32 26 0.078467
32 27 0.078466
32 28 0.078466
32 29 0.078466
32 30 0.078466
32 31 0.078466
32 32 0.078466
32 33 0.078466
32 34 0.078466
32 35 0.078466
32 36 0.078466
32 37 0.078465
32 38 0.078465
32 39 0.078465
32 40 0.078465
32 41 0.078465
32 42 0.078465
32 43 0.078465
32 44 0.078465
32 45 0.078465
32 46 0.078465
32 47 0.078465
32 48 0.078466
32 49 0.078466
32 50 0.078466
32 51 0.078466
32 52 0.078465
32 53 0.078465
32 54 0.078465
32 55 0.078465
32 56 0.078465
32 57 0.078465
32 58 0.078465
32 59 0.078466
32 60 0.078466
32 61 0.078466
32 62 0.078466
32 63 0.078465
32 64 0.078465
32 65 0.078465
32 66 0.078465
32 67 0.078465
32 68 0.078465
32 69 0.078465
32 70 0.078466
32 71 0.078466
32 72 0.078466
32 73 0.078466
32 74 0.078466
32 75 0.078467
32 76 0.078467
32 77 0.078467
32 78 0.078467
32 79 0.078467
32 80 0.078467
32 81 0.078467
32 82 0.078467
32 83 0.078467
32 84 0.078468
32 85 0.078468
32 86 0.078468
32 87 0.078468
32 88 0.078468
32 89 0.078468
32 90 0.078468
32 91 0.078468
32 92 0.078468
32 93 0.078468
32 94 0.078468
32 95 0.078468
32 96 0.078469
32 97 0.078469
32 98 0.078469
32 99 0.078468

33 0 0.078468
33 1 0.078468
33 2 0.078468
33 3 0.078468
33 4 0.078468
33 5 0.078468
33 6 0.078468
33 7 0.078468
33 8 0.078468
33 9 0.078468
33 10 0.078468
33 11 0.078468
33 12 0.078468
33 13 0.078468
33 14 0.078468
33 15 0.078468
33 16 0.078467
33 17 0.078467
33 18 0.078467
33 19 0.078467
33 20 0.078467
33 21 0.078467
33 22 0.078467
33 23 0.078467
33 24 0.078467
33 25 0.078467
33 26 0.078466
33 27 0.078466
33 28 0.078466
33 29 0.078465
33 30 0.078465
33 31 0.078466
33 32 0.078466
33 33 0.078466
33 34 0.078466
33 35 0.078465
33 36 0.078465
33 37 0.078465
33 38 0.078465
33 39 0.078465
33 40 0.078465
33 41 0.078465
33 42 0.078465
33 43 0.078465
33 44 0.078465
33 45 0.078465
33 46 0.078465
33 47 0.078466
33 48 0.078466
33 49 0.078466
33 50 0.078466
33 51 0.078465
33 52 0.078465
33 53 0.078465
33 54 0.078465
33 55 0.078465
33 56 0.078465
33 57 0.078465
33 58 0.078466
33 59 0.078466
33 60 0.078466
33 61 0.078466
33 62 0.078465
33 63 0.078465
33 64 0.078465
33 65 0.078465
33 66 0.078465
33 67 0.078465
33 68 0.078465
33 69 0.078466
33 70 0.078466
33 71 0.078466
33 72 0.078466
33 73 0.078466
33 74 0.078466
33 75 0.078466
33 76 0.078466
33 77 0.078466
33 78 0.078466
33 79 0.078466
33 80 0.078467
33 81 0.078467
33 82 0.078467
33 83 0.078467
33 84 0.078468
33 85 0.078468
33 86 0.078468
33 87 0.078468
33 88 0.078468
33 89 0.078468
33 90 0.078468
33 91 0.078468
33 92 0.078468
33 93 0.078468
33 94 0.078468
33 95 0.078469
33 96 0.078469
33 97 0.078469
33 98 0.078469
33 99 0.078469

34 0 0.078468
34 1 0.078468
34 2 0.078468
34 3 0.078468
34 4 0.078469
34 5 0.078469
34 6 0.078468
34 7 0.078468
34 8 0.078468
34 9 0.078468
34 10 0.078468
34 11 0.078468
34 12 0.078468
34 13 0.078468
34 14 0.078468
34 15 0.078468
34 16 0.078467
34 17 0.078467
34 18 0.078467
34 19 0.078467
34 20 0.078467
34 21 0.078467
34 22 0.078467
34 23 0.078467
34 24 0.078467
34 25 0.078466
34 26 0.078466
34 27 0.078466
34 28 0.078465
34 29 0.078466
34 30 0.078466
34 31 0.078466
34 32 0.078466
34 33 0.078465
34 34 0.078465
34 35 0.078465
34 36 0.078465
34 37 0.078465
34 38 0.078465
34 39 0.078465
34 40 0.078465
34 41 0.078465
34 42 0.078465
34 43 0.078465
34 44 0.078465
34 45 0.078465
34 46 0.078465
34 47 0.078465
34 48 0.078465
34 49 0.078465
34 50 0.078465
34 51 0.078465
34 52 0.078465
34 53 0.078465
34 54 0.078465
34 55 0.078465
34 56 0.078465
34 57 0.078465
34 58 0.078465
34 59 0.078465
34 60 0.078464
34 61 0.078464
34 62 0.078464
34 63 0.078465
34 64 0.078465
34 65 0.078465
34 66 0.078465
34 67 0.078465
34 68 0.078465
34 69 0.078465
34 70 0.078465
34 71 0.078465
34 72 0.078465
34 73 0.078465
34 74 0.078466
34 75 0.078466
34 76 0.078466
34 77 0.078466
34 78 0.078466
34 79 0.078467
34 80 0.078467
34 81 0.078467
34 82 0.078467
34 83 0.078467
34 84 0.078467
34 85 0.078467
34 86 0.078467
34 87 0.078468
34 88 0.078468
34 89 0.078468
34 90 0.078468
34 91 0.078468
34 92 0.078469
34 93 0.078469
34 94 0.078469
34 95 0.078469
34 96 0.078469
34 97 0.078469
34 98 0.078469
34 99 0.078469

35 0 0.078469
35 1 0.078469
35 2 0.078469
35 3 0.078469
35 4 0.078468
35 5 0.078468
35 6 0.078468
35 7 0.078468
35 8 0.078468
35 9 0.078468
35 10 0.078468
35 11 0.078468
35 12 0.078468
35 13 0.078468
35 14 0.078467
35 15 0.078467
35 16 0.078467
35 17 0.078467
35 18 0.078467
35 19 0.078467
35 20 0.078467
35 21 0.078466
35 22 0.078466
35 23 0.078466
35 24 0.078466
35 25 0.078466
35 26 0.078466
35 27 0.078465
35 28 0.078465
35 29 0.078465
35 30 0.078465
35 31 0.078465
35 32 0.078465
35 33 0.078465
35 34 0.078465
35 35 0.078465
35 36 0.078465
35 37 0.078465
35 38 0.078465
35 39 0.078465
35 40 0.078465
35 41 0.078465
35 42 0.078465
35 43 0.078465
35 44 0.078465
35 45 0.078465
35 46 0.078465
35 47 0.078465
35 48 0.078465
35 49 0.078465
35 50 0.078465
35 51 0.078465
35 52 0.078465
35 53 0.078465
35 54 0.078465
35 55 0.078465
35 56 0.078465
35 57 0.078465
35 58 0.078465
35 59 0.078464
35 60 0.078464
35 61 0.078464
35 62 0.078464
35 63 0.078465
35 64 0.078465
35 65 0.078465
35 66 0.078465
35 67 0.078465
35 68 0.078465
35 69 0.078465
35 70 0.078465
35 71 0.078465
35 72 0.078465
35 73 0.078465
35 74 0.078465
35 75 0.078466
35 76 0.078466
35 77 0.078466
35 78 0.078466
35 79 0.078467
35 80 0.078467
35 81 0.078467
35 82 0.078467
35 83 0.078467
35 84 0.078467
35 85 0.078467
35 86 0.078467
35 87 0.078468
35 88 0.078468
35 89 0.078468
35 90 0.078468
35 91 0.078468
35 92 0.078469
35 93 0.078469
35 94 0.078469
35 95 0.078469
35 96 0.078469
35 97 0.078469
35 98 0.078469
35 99 0.078469

36 0 0.078469
36 1 0.078469
36 2 0.078469
36 3 0.078468
36 4 0.078468
36 5 0.078468
36 6 0.078468
36 7 0.078468
36 8 0.078468
36 9 0.078468
36 10 0.078468
36 11 0.078468
36 12 0.078468
36 13 0.078467
36 14 0.078467
36 15 0.078467
36 16 0.078467
36 17 0.078467
36 18 0.078467
36 19 0.078467
36 20 0.078466
36 21 0.078466
36 22 0.078466
36 23 0.078466
36 24 0.078466
36 25 0.078466
36 26 0.078466
36 27 0.078465
36 28 0.078465
36 29 0.078465
36 30 0.078465
36 31 0.078465
36 32 0.078465
36 33 0.078465
36 34 0.078465
36 35 0.078465
36 36 0.078465
36 37 0.078465
36 38 0.078465
36 39 0.078465
36 40 0.078465
36 41 0.078465
36 42 0.078465
36 43 0.078465
36 44 0.078465
36 45 0.078465
36 46 0.078465
36 47 0.078465
36 48 0.078465
36 49 0.078465
36 50 0.078465
36 51 0.078465
36 52 0.078465
36 53 0.078465
36 54 0.078465
36 55 0.078465
36 56 0.078465
36 57 0.078464
36 58 0.078464
36 59 0.078464
36 60 0.078464
36 61 0.078464
36 62 0.078464
36 63 0.078465
36 64 0.078465
36 65 0.078465
36 66 0.078465
36 67 0.078465
36 68 0.078465
36 69 0.078465
36 70 0.078465
36 71 0.078465
36 72 0.078465
36 73 0.078465
36 74 0.078465
36 75 0.078466
36 76 0.078466
36 77 0.078466
36 78 0.078466
36 79 0.078466
36 80 0.078467
36 81 0.078467
36 82 0.078467
36 83 0.078467
36 84 0.078467
36 85 0.078467
36 86 0.078467
36 87 0.078468
36 88 0.078468
36 89 0.078468
36 90 0.078468
36 91 0.078468
36 92 0.078468
36 93 0.078468
36 94 0.078468
36 95 0.078468
36 96 0.078469
36 97 0.078469
36 98 0.078469
36 99 0.078469

37 0 0.078469
37 1 0.078469
37 2 0.078468
37 3 0.078468
37 4 0.078468
37 5 0.078468
37 6 0.078468
37 7 0.078468
37 8 0.078468
37 9 0.078468
37 10 0.078468
37 11 0.078468
37 12 0.078468
37 13 0.078467
37 14 0.078467
37 15 0.078467
37 16 0.078467
37 17 0.078467
37 18 0.078467
37 19 0.078466
37 20 0.078466
37 21 0.078466
37 22 0.078466
37 23 0.078466
37 24 0.078466
37 25 0.078466
37 26 0.078465
37 27 0.078465
37 28 0.078465
37 29 0.078465
37 30 0.078465
37 31 0.078465
37 32 0.078465
37 33 0.078465
37 34 0.078465
37 35 0.078465
37 36 0.078465
37 37 0.078465
37 38 0.078465
37 39 0.078465
37 40 0.078465
37 41 0.078465
37 42 0.078465
37 43 0.078465
37 44 0.078465
37 45 0.078465
37 46 0.078465
37 47 0.078465
37 48 0.078465
37 49 0.078465
37 50 0.078465
37 51 0.078465
37 52 0.078465
37 53 0.078465
37 54 0.078465
37 55 0.078465
37 56 0.078464
37 57 0.078464
37 58 0.078464
37 59 0.078464
37 60 0.078464
37 61 0.078464
37 62 0.078464
37 63 0.078465
37 64 0.078465
37 65 0.078465
37 66 0.078465
37 67 0.078465
37 68 0.078465
37 69 0.078465
37 70 0.078465
37 71 0.078465
37 72 0.078465
37 73 0.078465
37 74 0.078465
37 75 0.078466
37 76 0.078466
37 77 0.078466
37 78 0.078466
37 79 0.078466
37 80 0.078466
37 81 0.078466
37 82 0.078466
37 83 0.078467
37 84 0.078467
37 85 0.078467
37 86 0.078467
37 87 0.078468
37 88 0.078468
37 89 0.078468
37 90 0.078468
37 91 0.078468
37 92 0.078468
37 93 0.078468
37 94 0.078468
37 95 0.078468
37 96 0.078468
37 97 0.078469
37 98 0.078469
37 99 0.078469

38 0 0.078468
38 1 0.078468
38 2 0.078468
38 3 0.078468
38 4 0.078468
38 5 0.078468
38 6 0.078468
38 7 0.078468
38 8 0.078468
38 9 0.078468
38 10 0.078468
38 11 0.078468
38 12 0.078468
38 13 0.078467
38 14 0.078467
38 15 0.078467
38 16 0.078467
38 17 0.078467
38 18 0.078467
38 19 0.078466
38 20 0.078466
38 21 0.078466
38 22 0.078466
38 23 0.078466
38 24 0.078466
38 25 0.078465
38 26 0.078465
38 27 0.078465
38 28 0.078465
38 29 0.078464
38 30 0.078465
38 31 0.078465
38 32 0.078465
38 33 0.078465
38 34 0.078465
38 35 0.078465
38 36 0.078465
38 37 0.078465
38 38 0.078465
38 39 0.078465
38 40 0.078465
38 41 0.078465
38 42 0.078465
38 43 0.078465
38 44 0.078465
38 45 0.078465
38 46 0.078465
38 47 0.078465
38 48 0.078465
38 49 0.078465
38 50 0.078465
38 51 0.078465
38 52 0.078465
38 53 0.078465
38 54 0.078465
38 55 0.078464
38 56 0.078464
38 57 0.078464
38 58 0.078464
38 59 0.078464
38 60 0.078464
38 61 0.078464
38 62 0.078464
38 63 0.078464
38 64 0.078464
38 65 0.078464
38 66 0.078464
38 67 0.078464
38 68 0.078464
38 69 0.078465
38 70 0.078465
38 71 0.078465
38 72 0.078465
38 73 0.078465
38 74 0.078465
38 75 0.078466
38 76 0.078466
38 77 0.078466
38 78 0.078466
38 79 0.078466
38 80 0.078466
38 81 0.078466
38 82 0.078466
38 83 0.078467
38 84 0.078467
38 85 0.078467
38 86 0.078467
38 87 0.078468
38 88 0.078468
38 89 0.078468
38 90 0.078468
38 91 0.078468
38 92 0.078468
38 93 0.078468
38 94 0.078468
38 95 0.078468
38 96 0.078468
38 97 0.078468
38 98 0.078468
38 99 0.078468

39 0 0.078468
39 1 0.078468
39 2 0.078468
39 3 0.078468
39 4 0.078468
39 5 0.078468
39 6 0.078468
39 7 0.078468
39 8 0.078468
39 9 0.078468
39 10 0.078468
39 11 0.078467
39 12 0.078467
39 13 0.078467
39 14 0.078467
39 15 0.078467
39 16 0.078467
39 17 0.078467
39 18 0.078466
39 19 0.078466
39 20 0.078466
39 21 0.078466
39 22 0.078466
39 23 0.078466
39 24 0.078465
39 25 0.078465
39 26 0.078465
39 27 0.078465
39 28 0.078464
39 29 0.078464
39 30 0.078465
39 31 0.078465
39 32 0.078465
39 33 0.078465
39 34 0.078464
39 35 0.078464
39 36 0.078464
39 37 0.078465
39 38 0.078465
39 39 0.078465
39 40 0.078465
39 41 0.078465
39 42 0.078465
39 43 0.078465
39 44 0.078465
39 45 0.078465
39 46 0.078465
39 47 0.078465
39 48 0.078465
39 49 0.078465
39 50 0.078465
39 51 0.078465
39 52 0.078465
39 53 0.078464
39 54 0.078464
39 55 0.078464
39 56 0.078464
39 57 0.078464
39 58 0.078464
39 59 0.078464
39 60 0.078464
39 61 0.078464
39 62 0.078464
39 63 0.078464
39 64 0.078464
39 65 0.078464
39 66 0.078464
39 67 0.078464
39 68 0.078464
39 69 0.078465
39 70 0.078465
39 71 0.078465
39 72 0.078465
39 73 0.078465
39 74 0.078465
39 75 0.078465
39 76 0.078465
39 77 0.078466
39 78 0.078466
39 79 0.078466
39 80 0.078466
39 81 0.078466
39 82 0.078466
39 83 0.078467
39 84 0.078467
39 85 0.078467
39 86 0.078467
39 87 0.078467
39 88 0.078468
39 89 0.078468
39 90 0.078468
39 91 0.078468
39 92 0.078468
39 93 0.078468
39 94 0.078468
39 95 0.078468
39 96 0.078468
39 97 0.078468
39 98 0.078468
39 99 0.078468

40 0 0.078468
40 1 0.078468
40 2 0.078468
40 3 0.078468
40 4 0.078468
40 5 0.078468
40 6 0.078468
40 7 0.078468
40 8 0.078468
40 9 0.078468
40 10 0.078467
40 11 0.078467
40 12 0.078467
40 13 0.078467
40 14 0.078467
40 15 0.078467
40 16 0.078467
40 17 0.078466
40 18 0.078466
40 19 0.078466
40 20 0.078466
40 21 0.078466
40 22 0.078466
40 23 0.078465
40 24 0.078465
40 25 0.078465
40 26 0.078465
40 27 0.078464
40 28 0.078464
40 29 0.078464
40 30 0.078465
40 31 0.078464
40 32 0.078464
40 33 0.078464
40 34 0.078464
40 35 0.078464
40 36 0.078464
40 37 0.078465
40 38 0.078465
40 39 0.078465
40 40 0.078465
40 41 0.078465
40 42 0.078465
40 43 0.078465
40 44 0.078465
40 45 0.078465
40 46 0.078465
40 47 0.078465
40 48 0.078465
40 49 0.078465
40 50 0.078465
40 51 0.078465
40 52 0.078464
40 53 0.078464
40 54 0.078464
40 55 0.078464
40 56 0.078464
40 57 0.078464
40 58 0.078464
40 59 0.078464
40 60 0.078464
40 61 0.078464
40 62 0.078464
40 63 0.078464
40 64 0.078464
40 65 0.078464
40 66 0.078464
40 67 0.078464
40 68 0.078464
40 69 0.078465
40 70 0.078465
40 71 0.078465
40 72 0.078465
40 73 0.078465
40 74 0.078465
40 75 0.078465
40 76 0.078465
40 77 0.078465
40 78 0.078465
40 79 0.078466
40 80 0.078466
40 81 0.078466
40 82 0.078466
40 83 0.078467
40 84 0.078467
40 85 0.078467
40 86 0.078467
40 87 0.078467
40 88 0.078467
40 89 0.078467
40 90 0.078467
40 91 0.078468
40 92 0.078468
40 93 0.078468
40 94 0.078468
40 95 0.078468
40 96 0.078468
40 97 0.078468
40 98 0.078468
40 99 0.078468

41 0 0.078468
41 1 0.078468
41 2 0.078468
41 3 0.078468
41 4 0.078468
41 5 0.078468
41 6 0.078468
41 7 0.078468
41 8 0.078467
41 9 0.078467
41 10 0.078467
41 11 0.078467
41 12 0.078467
41 13 0.078467
41 14 0.078467
41 15 0.078467
41 16 0.078467
41 17 0.078466
41 18 0.078466
41 19 0.078466
41 20 0.078466
41 21 0.078466
41 22 0.078465
41 23 0.078465
41 24 0.078465
41 25 0.078465
41 26 0.078465
41 27 0.078464
41 28 0.078464
41 29 0.078464
41 30 0.078464
41 31 0.078464
41 32 0.078464
41 33 0.078464
41 34 0.078464
41 35 0.078464
41 36 0.078465
41 37 0.078465
41 38 0.078465
41 39 0.078465
41 40 0.078465
41 41 0.078465
41 42 0.078465
41 43 0.078465
41 44 0.078465
41 45 0.078465
41 46 0.078465
41 47 0.078465
41 48 0.078465
41 49 0.078465
41 50 0.078464
41 51 0.078464
41 52 0.078464
41 53 0.078464
41 54 0.078464
41 55 0.078464
41 56 0.078464
41 57 0.078464
41 58 0.078464
41 59 0.078464
41 60 0.078464
41 61 0.078464
41 62 0.078464
41 63 0.078464
41 64 0.078464
41 65 0.078464
41 66 0.078464
41 67 0.078464
41 68 0.078464
41 69 0.078465
41 70 0.078465
41 71 0.078465
41 72 0.078465
41 73 0.078465
41 74 0.078465
41 75 0.078465
41 76 0.078465
41 77 0.078465
41 78 0.078465
41 79 0.078466
41 80 0.078466
41 81 0.078466
41 82 0.078466
41 83 0.078467
41 84 0.078467
41 85 0.078467
41 86 0.078467
41 87 0.078467
41 88 0.078467
41 89 0.078467
41 90 0.078467
41 91 0.078467
41 92 0.078468
41 93 0.078468
41 94 0.078468
41 95 0.078468
41 96 0.078468
41 97 0.078468
41 98 0.078468
41 99 0.078468

42 0 0.078468
42 1 0.078468
42 2 0.078468
42 3 0.078468
42 4 0.078468
42 5 0.078468
42 6 0.078467
42 7 0.078467
42 8 0.078467
42 9 0.078467
42 10 0.078467
42 11 0.078467
42 12 0.078467
42 13 0.078467
42 14 0.078467
42 15 0.078467
42 16 0.078466
42 17 0.078466
42 18 0.078466
42 19 0.078466
42 20 0.078466
42 21 0.078465
42 22 0.078465
42 23 0.078465
42 24 0.078465
42 25 0.078465
42 26 0.078465
42 27 0.078465
42 28 0.078464
42 29 0.078464
42 30 0.078464
42 31 0.078464
42 32 0.078464
42 33 0.078464
42 34 0.078464
42 35 0.078465
42 36 0.078465
42 37 0.078465
42 38 0.078465
42 39 0.078465
42 40 0.078465
42 41 0.078465
42 42 0.078465
42 43 0.078465
42 44 0.078465
42 45 0.078465
42 46 0.078465
42 47 0.078465
42 48 0.078465
42 49 0.078464
42 50 0.078464
42 51 0.078464
42 52 0.078464
42 53 0.078464
42 54 0.078464
42 55 0.078464
42 56 0.078464
42 57 0.078464
42 58 0.078464
42 59 0.078464
42 60 0.078464
42 61 0.078464
42 62 0.078464
42 63 0.078464
42 64 0.078464
42 65 0.078464
42 66 0.078464
42 67 0.078464
42 68 0.078464
42 69 0.078464
42 70 0.078464
42 71 0.078464
42 72 0.078464
42 73 0.078465
42 74 0.078465
42 75 0.078465
42 76 0.078465
42 77 0.078465
42 78 0.078466
42 79 0.078466
42 80 0.078466
42 81 0.078466
42 82 0.078466
42 83 0.078466
42 84 0.078466
42 85 0.078467
42 86 0.078467
42 87 0.078467
42 88 0.078467
42 89 0.078467
42 90 0.078467
42 91 0.078467
42 92 0.078467
42 93 0.078467
42 94 0.078467
42 95 0.078467
42 96 0.078467
42 97 0.078467
42 98 0.078467
42 99 0.078467

43 0 0.078468
43 1 0.078468
43 2 0.078468
43 3 0.078468
43 4 0.078467
43 5 0.078467
43 6 0.078467
43 7 0.078467
43 8 0.078467
43 9 0.078467
43 10 0.078467
43 11 0.078467
43 12 0.078467
43 13 0.078467
43 14 0.078467
43 15 0.078467
43 16 0.078466
43 17 0.078466
43 18 0.078466
43 19 0.078466
43 20 0.078466
43 21 0.078465
43 22 0.078465
43 23 0.078465
43 24 0.078465
43 25 0.078465
43 26 0.078465
43 27 0.078464
43 28 0.078464
43 29 0.078464
43 30 0.078464
43 31 0.078464
43 32 0.078464
43 33 0.078464
43 34 0.078465
43 35 0.078465
43 36 0.078465
43 37 0.078465
43 38 0.078465
43 39 0.078465
43 40 0.078465
43 41 0.078465
43 42 0.078465
43 43 0.078465
43 44 0.078465
43 45 0.078465
43 46 0.078465
43 47 0.078465
43 48 0.078464
43 49 0.078464
43 50 0.078464
43 51 0.078464
43 52 0.078464
43 53 0.078464
43 54 0.078464
43 55 0.078464
43 56 0.078464
43 57 0.078464
43 58 0.078464
43 59 0.078464
43 60 0.078464
43 61 0.078464
43 62 0.078464
43 63 0.078464
43 64 0.078464
43 65 0.078464
43 66 0.078464
43 67 0.078464
43 68 0.078464
43 69 0.078464
43 70 0.078464
43 71 0.078464
43 72 0.078464
43 73 0.078465
43 74 0.078465
43 75 0.078465
43 76 0.078465
43 77 0.078465
43 78 0.078466
43 79 0.078466
43 80 0.078466
43 81 0.078466
43 82 0.078466
43 83 0.078466
43 84 0.078466
43 85 0.078466
43 86 0.078467
43 87 0.078467
43 88 0.078467
43 89 0.078467
43 90 0.078467
43 91 0.078467
43 92 0.078467
43 93 0.078467
43 94 0.078467
43 95 0.078467
43 96 0.078467
43 97 0.078467
43 98 0.078467
43 99 0.078467

44 0 0.078468
44 1 0.078468
44 2 0.078468
44 3 0.078467
44 4 0.078467
44 5 0.078467
44 6 0.078467
44 7 0.078467
44 8 0.078467
44 9 0.078467
44 10 0.078467
44 11 0.078467
44 12 0.078467
44 13 0.078467
44 14 0.078467
44 15 0.078466
44 16 0.078466
44 17 0.078466
44 18 0.078466
44 19 0.078466
44 20 0.078466
44 21 0.078465
44 22 0.078465
44 23 0.078465
44 24 0.078465
44 25 0.078465
44 26 0.078464
44 27 0.078464
44 28 0.078464
44 29 0.078464
44 30 0.078464
44 31 0.078464
44 32 0.078464
44 33 0.078465
44 34 0.078465
44 35 0.078465
44 36 0.078465
44 37 0.078465
44 38 0.078464
44 39 0.078464
44 40 0.078464
44 41 0.078465
44 42 0.078465
44 43 0.078465
44 44 0.078465
44 45 0.078465
44 46 0.078464
44 47 0.078464
44 48 0.078464
44 49 0.078464
44 50 0.078464
44 51 0.078464
44 52 0.078464
44 53 0.078464
44 54 0.078464
44 55 0.078464
44 56 0.078464
44 57 0.078464
44 58 0.078463
44 59 0.078463
44 60 0.078464
44 61 0.078464
44 62 0.078464
44 63 0.078464
44 64 0.078464
44 65 0.078464
44 66 0.078464
44 67 0.078464
44 68 0.078464
44 69 0.078464
44 70 0.078464
44 71 0.078464
44 72 0.078464
44 73 0.078465
44 74 0.078465
44 75 0.078465
44 76 0.078465
44 77 0.078465
44 78 0.078466
44 79 0.078466
44 80 0.078466
44 81 0.078466
44 82 0.078466
44 83 0.078466
44 84 0.078466
44 85 0.078466
44 86 0.078467
44 87 0.078467
44 88 0.078467
44 89 0.078467
44 90 0.078467
44 91 0.078467
44 92 0.078467
44 93 0.078467
44 94 0.078467
44 95 0.078467
44 96 0.078467
44 97 0.078467
44 98 0.078467
44 99 0.078467

45 0 0.078467
45 1 0.078467
45 2 0.078467
45 3 0.078467
45 4 0.078467
45 5 0.078467
45 6 0.078467
45 7 0.078467
45 8 0.078468
45 9 0.078468
45 10 0.078467
45 11 0.078467
45 12 0.078467
45 13 0.078466
45 14 0.078466
45 15 0.078466
45 16 0.078466
45 17 0.078466
45 18 0.078466
45 19 0.078466
45 20 0.078466
45 21 0.078465
45 22 0.078465
45 23 0.078465
45 24 0.078465
45 25 0.078464
45 26 0.078464
45 27 0.078464
45 28 0.078464
45 29 0.078464
45 30 0.078464
45 31 0.078464
45 32 0.078465
45 33 0.078465
45 34 0.078465
45 35 0.078464
45 36 0.078464
45 37 0.078464
45 38 0.078464
45 39 0.078464
45 40 0.078465
45 41 0.078465
45 42 0.078465
45 43 0.078465
45 44 0.078465
45 45 0.078464
45 46 0.078464
45 47 0.078464
45 48 0.078464
45 49 0.078464
45 50 0.078464
45 51 0.078464
45 52 0.078464
45 53 0.078464
45 54 0.078464
45 55 0.078464
45 56 0.078463
45 57 0.078463
45 58 0.078463
45 59 0.078463
45 60 0.078464
45 61 0.078464
45 62 0.078464
45 63 0.078464
45 64 0.078464
45 65 0.078464
45 66 0.078464
45 67 0.078464
45 68 0.078464
45 69 0.078464
45 70 0.078464
45 71 0.078464
45 72 0.078465
45 73 0.078465
45 74 0.078465
45 75 0.078465
45 76 0.078465
45 77 0.078465
45 78 0.078465
45 79 0.078465
45 80 0.078465
45 81 0.078466
45 82 0.078466
45 83 0.078466
45 84 0.078466
45 85 0.078466
45 86 0.078467
45 87 0.078467
45 88 0.078467
45 89 0.078467
45 90 0.078467
45 91 0.078467
45 92 0.078467
45 93 0.078467
45 94 0.078467
45 95 0.078467
45 96 0.078467
45 97 0.078467
45 98 0.078467
45 99 0.078467

46 0 0.078467
46 1 0.078467
46 2 0.078467
46 3 0.078467
46 4 0.078467
46 5 0.078467
46 6 0.078468
46 7 0.078468
46 8 0.078468
46 9 0.078467
46 10 0.078467
46 11 0.078467
46 12 0.078466
46 13 0.078466
46 14 0.078466
46 15 0.078466
46 16 0.078466
46 17 0.078466
46 18 0.078466
46 19 0.078466
46 20 0.078466
46 21 0.078465
46 22 0.078465
46 23 0.078465
46 24 0.078464
46 25 0.078464
46 26 0.078464
46 27 0.078464
46 28 0.078464
46 29 0.078464
46 30 0.078464
46 31 0.078465
46 32 0.078465
46 33 0.078465
46 34 0.078464
46 35 0.078464
46 36 0.078464
46 37 0.078464
46 38 0.078464
46 39 0.078465
46 40 0.078465
46 41 0.078465
46 42 0.078465
46 43 0.078465
46 44 0.078464
46 45 0.078464
46 46 0.078464
46 47 0.078464
46 48 0.078464
46 49 0.078464
46 50 0.078464
46 51 0.078464
46 52 0.078464
46 53 0.078464
46 54 0.078464
46 55 0.078463
46 56 0.078463
46 57 0.078463
46 58 0.078463
46 59 0.078464
46 60 0.078464
46 61 0.078464
46 62 0.078464
46 63 0.078464
46 64 0.078464
46 65 0.078464
46 66 0.078464
46 67 0.078464
46 68 0.078464
46 69 0.078464
46 70 0.078464
46 71 0.078465
46 72 0.078465
46 73 0.078465
46 74 0.078465
46 75 0.078465
46 76 0.078465
46 77 0.078465
46 78 0.078465
46 79 0.078465
46 80 0.078465
46 81 0.078466
46 82 0.078466
46 83 0.078466
46 84 0.078466
46 85 0.078466
46 86 0.078467
46 87 0.078467
46 88 0.078467
46 89 0.078466
46 90 0.078466
46 91 0.078466
46 92 0.078466
46 93 0.078467
46 94 0.078467
46 95 0.078467
46 96 0.078467
46 97 0.078467
46 98 0.078467
46 99 0.078467

47 0 0.078467
47 1 0.078467
47 2 0.078467
47 3 0.078467
47 4 0.078467
47 5 0.078468
47 6 0.078468
47 7 0.078468
47 8 0.078467
47 9 0.078467
47 10 0.078467
47 11 0.078466
47 12 0.078466
47 13 0.078466
47 14 0.078466
47 15 0.078466
47 16 0.078466
47 17 0.078466
47 18 0.078466
47 19 0.078466
47 20 0.078465
47 21 0.078465
47 22 0.078465
47 23 0.078464
47 24 0.078464
47 25 0.078464
47 26 0.078464
47 27 0.078464
47 28 0.078464
47 29 0.078465
47 30 0.078465
47 31 0.078465
47 32 0.078464
47 33 0.078464
47 34 0.078464
47 35 0.078464
47 36 0.078464
47 37 0.078464
47 38 0.078465
47 39 0.078465
47 40 0.078465
47 41 0.078465
47 42 0.078465
47 43 0.078464
47 44 0.078464
47 45 0.078464
47 46 0.078464
47 47 0.078464
47 48 0.078464
47 49 0.078464
47 50 0.078464
47 51 0.078464
47 52 0.078464
47 53 0.078464
47 54 0.078463
47 55 0.078463
47 56 0.078463
47 57 0.078463
47 58 0.078464
47 59 0.078464
47 60 0.078464
47 61 0.078464
47 62 0.078464
47 63 0.078464
47 64 0.078464
47 65 0.078464
47 66 0.078464
47 67 0.078464
47 68 0.078464
47 69 0.078464
47 70 0.078465
47 71 0.078465
47 72 0.078465
47 73 0.078465
47 74 0.078465
47 75 0.078465
47 76 0.078465
47 77 0.078465
47 78 0.078465
47 79 0.078465
47 80 0.078465
47 81 0.078466
47 82 0.078466
47 83 0.078466
47 84 0.078466
47 85 0.078466
47 86 0.078466
47 87 0.078466
47 88 0.078466
47 89 0.078466
47 90 0.078466
47 91 0.078466
47 92 0.078466
47 93 0.078467
47 94 0.078467
47 95 0.078467
47 96 0.078467
47 97 0.078467
47 98 0.078467
47 99 0.078467

48 0 0.078466
48 1 0.078466
48 2 0.078467
48 3 0.078467
48 4 0.078468
48 5 0.078468
48 6 0.078468
48 7 0.078468
48 8 0.078467
48 9 0.078467
48 10 0.078466
48 11 0.078466
48 12 0.078466
48 13 0.078466
48 14 0.078466
48 15 0.078466
48 16 0.078466
48 17 0.078466
48 18 0.078466
48 19 0.078466
48 20 0.078465
48 21 0.078465
48 22 0.078465
48 23 0.078464
48 24 0.078464
48 25 0.078464
48 26 0.078464
48 27 0.078465
48 28 0.078465
48 29 0.078465
48 30 0.078465
48 31 0.078464
48 32 0.078464
48 33 0.078464
48 34 0.078464
48 35 0.078464
48 36 0.078464
48 37 0.078465
48 38 0.078465
48 39 0.078465
48 40 0.078465
48 41 0.078465
48 42 0.078464
48 43 0.078464
48 44 0.078464
48 45 0.078464
48 46 0.078464
48 47 0.078464
48 48 0.078464
48 49 0.078464
48 50 0.078464
48 51 0.078464
48 52 0.078464
48 53 0.078463
48 54 0.078463
48 55 0.078463
48 56 0.078463
48 57 0.078464
48 58 0.078464
48 59 0.078464
48 60 0.078464
48 61 0.078464
48 62 0.078464
48 63 0.078464
48 64 0.078464
48 65 0.078464
48 66 0.078464
48 67 0.078464
48 68 0.078464
48 69 0.078465
48 70 0.078465
48 71 0.078465
48 72 0.078465
48 73 0.078465
48 74 0.078465
48 75 0.078465
48 76 0.078465
48 77 0.078465
48 78 0.078465
48 79 0.078465
48 80 0.078466
48 81 0.078466
48 82 0.078466
48 83 0.078466
48 84 0.078466
48 85 0.078466
48 86 0.078466
48 87 0.078466
48 88 0.078466
48 89 0.078466
48 90 0.078466
48 91 0.078466
48 92 0.078466
48 93 0.078467
48 94 0.078467
48 95 0.078467
48 96 0.078467
48 97 0.078467
48 98 0.078467
48 99 0.078467

49 0 0.078466
49 1 0.078466
49 2 0.078467
49 3 0.078468
49 4 0.078468
49 5 0.078468
49 6 0.078468
49 7 0.078467
49 8 0.078467
49 9 0.078466
49 10 0.078466
49 11 0.078466
49 12 0.078466
49 13 0.078466
49 14 0.078467
49 15 0.078467
49 16 0.078467
49 17 0.078466
49 18 0.078466
49 19 0.078465
49 20 0.078465
49 21 0.078465
49 22 0.078464
49 23 0.078464
49 24 0.078464
49 25 0.078465
49 26 0.078465
49 27 0.078465
49 28 0.078465
49 29 0.078465
49 30 0.078464
49 31 0.078464
49 32 0.078464
49 33 0.078464
49 34 0.078464
49 35 0.078464
49 36 0.078465
49 37 0.078465
49 38 0.078465
49 39 0.078465
49 40 0.078465
49 41 0.078464
49 42 0.078464
49 43 0.078464
49 44 0.078464
49 45 0.078464
49 46 0.078464
49 47 0.078464
49 48 0.078464
49 49 0.078464
49 50 0.078464
49 51 0.078464
49 52 0.078463
49 53 0.078463
49 54 0.078463
49 55 0.078464
49 56 0.078464
49 57 0.078464
49 58 0.078464
49 59 0.078464
49 60 0.078464
49 61 0.078464
49 62 0.078464
49 63 0.078464
49 64 0.078464
49 65 0.078464
49 66 0.078464
49 67 0.078464
49 68 0.078465
49 69 0.078465
49 70 0.078465
49 71 0.078465
49 72 0.078465
49 73 0.078465
49 74 0.078465
49 75 0.078465
49 76 0.078465
49 77 0.078465
49 78 0.078465
49 79 0.078466
49 80 0.078466
49 81 0.078466
49 82 0.078466
49 83 0.078466
49 84 0.078466
49 85 0.078466
49 86 0.078466
49 87 0.078466
49 88 0.078466
49 89 0.078466
49 90 0.078466
49 91 0.078466
49 92 0.078467
49 93 0.078467
49 94 0.078467
49 95 0.078467
49 96 0.078467
49 97 0.078467
49 98 0.078467
49 99 0.078467

50 0 0.078467
50 1 0.078467
50 2 0.078468
50 3 0.078468
50 4 0.078468
50 5 0.078468
50 6 0.078467
50 7 0.078467
50 8 0.078466
50 9 0.078466
50 10 0.078466
50 11 0.078466
50 12 0.078467
50 13 0.078467
50 14 0.078467
50 15 0.078467
50 16 0.078466
50 17 0.078466
50 18 0.078465
50 19 0.078465
50 20 0.078465
50 21 0.078465
50 22 0.078465
50 23 0.078465
50 24 0.078465
50 25 0.078465
50 26 0.078465
50 27 0.078464
50 28 0.078464
50 29 0.078464
50 30 0.078464
50 31 0.078464
50 32 0.078464
50 33 0.078465
50 34 0.078465
50 35 0.078465
50 36 0.078464
50 37 0.078464
50 38 0.078463
50 39 0.078463
50 40 0.078463
50 41 0.078463
50 42 0.078464
50 43 0.078464
50 44 0.078464
50 45 0.078464
50 46 0.078463
50 47 0.078463
50 48 0.078463
50 49 0.078463
50 50 0.078463
50 51 0.078463
50 52 0.078463
50 53 0.078463
50 54 0.078463
50 55 0.078463
50 56 0.078463
50 57 0.078463
50 58 0.078463
50 59 0.078463
50 60 0.078463
50 61 0.078463
50 62 0.078463
50 63 0.078464
50 64 0.078464
50 65 0.078464
50 66 0.078464
50 67 0.078464
50 68 0.078464
50 69 0.078464
50 70 0.078464
50 71 0.078464
50 72 0.078464
50 73 0.078464
50 74 0.078465
50 75 0.078465
50 76 0.078465
50 77 0.078465
50 78 0.078465
50 79 0.078465
50 80 0.078465
50 81 0.078465
50 82 0.078465
50 83 0.078465
50 84 0.078465
50 85 0.078466
50 86 0.078466
50 87 0.078466
50 88 0.078466
50 89 0.078466
50 90 0.078466
50 91 0.078466
50 92 0.078466
50 93 0.078466
50 94 0.078466
50 95 0.078466
50 96 0.078466
50 97 0.078466
50 98 0.078467
50 99 0.078467

51 0 0.078468
51 1 0.078468
51 2 0.078467
51 3 0.078466
51 4 0.078466
51 5 0.078466
51 6 0.078466
51 7 0.078466
51 8 0.078467
51 9 0.078467
51 10 0.078467
51 11 0.078467
51 12 0.078467
51 13 0.078466
51 14 0.078465
51 15 0.078465
51 16 0.078465
51 17 0.078465
51 18 0.078465
51 19 0.078465
51 20 0.078465
51 21 0.078465
51 22 0.078465
51 23 0.078465
51 24 0.078464
51 25 0.078464
51 26 0.078464
51 27 0.078464
51 28 0.078464
51 29 0.078464
51 30 0.078464
51 31 0.078464
51 32 0.078465
51 33 0.078465
51 34 0.078465
51 35 0.078464
51 36 0.078464
51 37 0.078463
51 38 0.078463
51 39 0.078463
51 40 0.078464
51 41 0.078464
51 42 0.078464
51 43 0.078464
51 44 0.078464
51 45 0.078463
51 46 0.078463
51 47 0.078463
51 48 0.078463
51 49 0.078463
51 50 0.078463
51 51 0.078463
51 52 0.078463
51 53 0.078464
51 54 0.078463
51 55 0.078463
51 56 0.078463
51 57 0.078463
51 58 0.078463
51 59 0.078463
51 60 0.078463
51 61 0.078463
51 62 0.078464
51 63 0.078464
51 64 0.078464
51 65 0.078464
51 66 0.078464
51 67 0.078464
51 68 0.078464
51 69 0.078464
51 70 0.078464
51 71 0.078464
51 72 0.078464
51 73 0.078465
51 74 0.078465
51 75 0.078465
51 76 0.078465
51 77 0.078465
51 78 0.078465
51 79 0.078465
51 80 0.078465
51 81 0.078465
51 82 0.078465
51 83 0.078465
51 84 0.078466
51 85 0.078466
51 86 0.078466
51 87 0.078466
51 88 0.078466
51 89 0.078466
51 90 0.078466
51 91 0.078466
51 92 0.078466
51 93 0.078466
51 94 0.078466
51 95 0.078466
51 96 0.078466
51 97 0.078467
51 98 0.078467
51 99 0.078467

52 0 0.078467
52 1 0.078467
52 2 0.078466
52 3 0.078466
52 4 0.078466
52 5 0.078466
52 6 0.078467
52 7 0.078467
52 8 0.078467
52 9 0.078468
52 10 0.078467
52 11 0.078467
52 12 0.078466
52 13 0.078465
52 14 0.078465
52 15 0.078465
52 16 0.078465
52 17 0.078465
52 18 0.078465
52 19 0.078466
52 20 0.078466
52 21 0.078465
52 22 0.078465
52 23 0.078464
52 24 0.078464
52 25 0.078464
52 26 0.078464
52 27 0.078464
52 28 0.078464
52 29 0.078464
52 30 0.078465
52 31 0.078465
52 32 0.078465
52 33 0.078465
52 34 0.078464
52 35 0.078464
52 36 0.078464
52 37 0.078463
52 38 0.078463
52 39 0.078464
52 40 0.078464
52 41 0.078464
52 42 0.078464
52 43 0.078464
52 44 0.078464
52 45 0.078463
52 46 0.078463
52 47 0.078463
52 48 0.078463
52 49 0.078463
52 50 0.078463
52 51 0.078464
52 52 0.078464
52 53 0.078464
52 54 0.078463
52 55 0.078463
52 56 0.078463
52 57 0.078463
52 58 0.078463
52 59 0.078463
52 60 0.078464
52 61 0.078464
52 62 0.078464
52 63 0.078464
52 64 0.078464
52 65 0.078464
52 66 0.078464
52 67 0.078464
52 68 0.078464
52 69 0.078464
52 70 0.078464
52 71 0.078464
52 72 0.078465
52 73 0.078465
52 74 0.078465
52 75 0.078465
52 76 0.078465
52 77 0.078465
52 78 0.078465
52 79 0.078465
52 80 0.078465
52 81 0.078465
52 82 0.078465
52 83 0.078466
52 84 0.078466
52 85 0.078466
52 86 0.078466
52 87 0.078466
52 88 0.078466
52 89 0.078466
52 90 0.078466
52 91 0.078466
52 92 0.078466
52 93 0.078466
52 94 0.078466
52 95 0.078467
52 96 0.078467
52 97 0.078467
52 98 0.078467
52 99 0.078467

53 0 0.078467
53 1 0.078467
53 2 0.078466
53 3 0.078466
53 4 0.078466
53 5 0.078467
53 6 0.078468
53 7 0.078468
53 8 0.078468
53 9 0.078467
53 10 0.078467
53 11 0.078466
53 12 0.078465
53 13 0.078465
53 14 0.078465
53 15 0.078465
53 16 0.078466
53 17 0.078466
53 18 0.078466
53 19 0.078466
53 20 0.078466
53 21 0.078465
53 22 0.078465
53 23 0.078464
53 24 0.078464
53 25 0.078464
53 26 0.078464
53 27 0.078464
53 28 0.078465
53 29 0.078465
53 30 0.078465
53 31 0.078465
53 32 0.078465
53 33 0.078464
53 34 0.078464
53 35 0.078464
53 36 0.078464
53 37 0.078464
53 38 0.078464
53 39 0.078464
53 40 0.078464
53 41 0.078464
53 42 0.078464
53 43 0.078464
53 44 0.078463
53 45 0.078463
53 46 0.078463
53 47 0.078463
53 48 0.078463
53 49 0.078464
53 50 0.078464
53 51 0.078464
53 52 0.078464
53 53 0.078463
53 54 0.078463
53 55 0.078463
53 56 0.078463
53 57 0.078463
53 58 0.078463
53 59 0.078464
53 60 0.078464
53 61 0.078464
53 62 0.078464
53 63 0.078464
53 64 0.078464
53 65 0.078464
53 66 0.078464
53 67 0.078464
53 68 0.078464
53 69 0.078464
53 70 0.078465
53 71 0.078465
53 72 0.078465
53 73 0.078466
53 74 0.078466
53 75 0.078465
53 76 0.078465
53 77 0.078465
53 78 0.078465
53 79 0.078465
53 80 0.078465
53 81 0.078466
53 82 0.078466
53 83 0.078466
53 84 0.078466
53 85 0.078466
53 86 0.078467
53 87 0.078467
53 88 0.078466
53 89 0.078466
53 90 0.078466
53 91 0.078466
53 92 0.078466
53 93 0.078466
53 94 0.078467
53 95 0.078467
53 96 0.078467
53 97 0.078467
53 98 0.078467
53 99 0.078467

54 0 0.078466
54 1 0.078466
54 2 0.078466
54 3 0.078467
54 4 0.078467
54 5 0.078468
54 6 0.078468
54 7 0.078468
54 8 0.078468
54 9 0.078467
54 10 0.078466
54 11 0.078465
54 12 0.078465
54 13 0.078465
54 14 0.078466
54 15 0.078466
54 16 0.078466
54 17 0.078466
54 18 0.078466
54 19 0.078466
54 20 0.078465
54 21 0.078465
54 22 0.078464
54 23 0.078464
54 24 0.078464
54 25 0.078464
54 26 0.078465
54 27 0.078465
54 28 0.078465
54 29 0.078465
54 30 0.078465
54 31 0.078464
54 32 0.078464
54 33 0.078464
54 34 0.078464
54 35 0.078464
54 36 0.078464
54 37 0.078464
54 38 0.078464
54 39 0.078465
54 40 0.078464
54 41 0.078464
54 42 0.078464
54 43 0.078463
54 44 0.078463
54 45 0.078463
54 46 0.078463
54 47 0.078463
54 48 0.078464
54 49 0.078464
54 50 0.078464
54 51 0.078464
54 52 0.078463
54 53 0.078463
54 54 0.078463
54 55 0.078463
54 56 0.078463
54 57 0.078463
54 58 0.078464
54 59 0.078464
54 60 0.078464
54 61 0.078464
54 62 0.078464
54 63 0.078464
54 64 0.078464
54 65 0.078464
54 66 0.078464
54 67 0.078464
54 68 0.078464
54 69 0.078465
54 70 0.078465
54 71 0.078465
54 72 0.078466
54 73 0.078466
54 74 0.078465
54 75 0.078465
54 76 0.078465
54 77 0.078465
54 78 0.078465
54 79 0.078465
54 80 0.078466
54 81 0.078466
54 82 0.078466
54 83 0.078466
54 84 0.078466
54 85 0.078467
54 86 0.078467
54 87 0.078466
54 88 0.078466
54 89 0.078466
54 90 0.078466
54 91 0.078466
54 92 0.078467
54 93 0.078467
54 94 0.078467
54 95 0.078467
54 96 0.078467
54 97 0.078467
54 98 0.078467
54 99 0.078467

55 0 0.078466
55 1 0.078466
55 2 0.078467
55 3 0.078468
55 4 0.078468
55 5 0.078469
55 6 0.078468
55 7 0.078468
55 8 0.078467
55 9 0.078466
55 10 0.078466
55 11 0.078465
55 12 0.078466
55 13 0.078466
55 14 0.078466
55 15 0.078467
55 16 0.078467
55 17 0.078466
55 18 0.078466
55 19 0.078465
55 20 0.078465
55 21 0.078464
55 22 0.078464
55 23 0.078464
55 24 0.078465
55 25 0.078465
55 26 0.078465
55 27 0.078465
55 28 0.078465
55 29 0.078465
55 30 0.078464
55 31 0.078464
55 32 0.078464
55 33 0.078464
55 34 0.078464
55 35 0.078464
55 36 0.078464
55 37 0.078465
55 38 0.078465
55 39 0.078464
55 40 0.078464
55 41 0.078464
55 42 0.078463
55 43 0.078463
55 44 0.078463
55 45 0.078463
55 46 0.078464
55 47 0.078464
55 48 0.078464
55 49 0.078464
55 50 0.078464
55 51 0.078463
55 52 0.078463
55 53 0.078463
55 54 0.078463
55 55 0.078463
55 56 0.078464
55 57 0.078464
55 58 0.078464
55 59 0.078464
55 60 0.078464
55 61 0.078464
55 62 0.078464
55 63 0.078464
55 64 0.078464
55 65 0.078464
55 66 0.078464
55 67 0.078464
55 68 0.078465
55 69 0.078465
55 70 0.078466
55 71 0.078466
55 72 0.078465
55 73 0.078465
55 74 0.078465
55 75 0.078465
55 76 0.078465
55 77 0.078465
55 78 0.078465
55 79 0.078466
55 80 0.078466
55 81 0.078466
55 82 0.078466
55 83 0.078467
55 84 0.078467
55 85 0.078467
55 86 0.078466
55 87 0.078466
55 88 0.078466
55 89 0.078466
55 90 0.078467
55 91 0.078467
55 92 0.078467
55 93 0.078467
55 94 0.078467
55 95 0.078467
55 96 0.078467
55 97 0.078467
55 98 0.078467
55 99 0.078467

56 0 0.078467
56 1 0.078467
56 2 0.078468
56 3 0.078468
56 4 0.078469
56 5 0.078468
56 6 0.078468
56 7 0.078467
56 8 0.078466
56 9 0.078466
56 10 0.078466
56 11 0.078466
56 12 0.078466
56 13 0.078467
56 14 0.078467
56 15 0.078467
56 16 0.078467
56 17 0.078466
56 18 0.078465
56 19 0.078465
56 20 0.078464
56 21 0.078464
56 22 0.078464
56 23 0.078465
56 24 0.078465
56 25 0.078466
56 26 0.078466
56 27 0.078465
56 28 0.078465
56 29 0.078464
56 30 0.078464
56 31 0.078464
56 32 0.078464
56 33 0.078464
56 34 0.078464
56 35 0.078465
56 36 0.078465
56 37 0.078465
56 38 0.078465
56 39 0.078464
56 40 0.078464
56 41 0.078463
56 42 0.078463
56 43 0.078463
56 44 0.078464
56 45 0.078464
56 46 0.078464
56 47 0.078464
56 48 0.078464
56 49 0.078464
56 50 0.078463
56 51 0.078463
56 52 0.078463
56 53 0.078463
56 54 0.078463
56 55 0.078464
56 56 0.078464
56 57 0.078464
56 58 0.078464
56 59 0.078464
56 60 0.078464
56 61 0.078464
56 62 0.078464
56 63 0.078464
56 64 0.078464
56 65 0.078464
56 66 0.078464
56 67 0.078465
56 68 0.078465
56 69 0.078466
56 70 0.078466
56 71 0.078465
56 72 0.078465
56 73 0.078465
56 74 0.078465
56 75 0.078465
56 76 0.078465
56 77 0.078466
56 78 0.078466
56 79 0.078466
56 80 0.078466
56 81 0.078467
56 82 0.078467
56 83 0.078467
56 84 0.078467
56 85 0.078467
56 86 0.078467
56 87 0.078467
56 88 0.078467
56 89 0.078467
56 90 0.078467
56 91 0.078467
56 92 0.078467
56 93 0.078467
56 94 0.078467
56 95 0.078467
56 96 0.078467
56 97 0.078467
56 98 0.078467
56 99 0.078467

57 0 0.078468
57 1 0.078468
57 2 0.078468
57 3 0.078469
57 4 0.078468
57 5 0.078467
57 6 0.078467
57 7 0.078466
57 8 0.078466
57 9 0.078466
57 10 0.078466
57 11 0.078467
57 12 0.078467
57 13 0.078468
57 14 0.078467
57 15 0.078467
57 16 0.078466
57 17 0.078465
57 18 0.078465
57 19 0.078464
57 20 0.078464
57 21 0.078465
57 22 0.078465
57 23 0.078466
57 24 0.078466
57 25 0.078466
57 26 0.078465
57 27 0.078465
57 28 0.078464
57 29 0.078464
57 30 0.078464
57 31 0.078464
57 32 0.078464
57 33 0.078465
57 34 0.078465
57 35 0.078465
57 36 0.078465
57 37 0.078465
57 38 0.078464
57 39 0.078464
57 40 0.078463
57 41 0.078463
57 42 0.078463
57 43 0.078464
57 44 0.078464
57 45 0.078464
57 46 0.078464
57 47 0.078464
57 48 0.078464
57 49 0.078463
57 50 0.078463
57 51 0.078463
57 52 0.078463
57 53 0.078464
57 54 0.078464
57 55 0.078464
57 56 0.078464
57 57 0.078464
57 58 0.078464
57 59 0.078464
57 60 0.078464
57 61 0.078464
57 62 0.078464
57 63 0.078464
57 64 0.078464
57 65 0.078465
57 66 0.078465
57 67 0.078465
57 68 0.078466
57 69 0.078466
57 70 0.078465
57 71 0.078465
57 72 0.078465
57 73 0.078465
57 74 0.078465
57 75 0.078465
57 76 0.078466
57 77 0.078466
57 78 0.078466
57 79 0.078467
57 80 0.078467
57 81 0.078467
57 82 0.078467
57 83 0.078467
57 84 0.078467
57 85 0.078467
57 86 0.078467
57 87 0.078467
57 88 0.078467
57 89 0.078467
57 90 0.078467
57 91 0.078468
57 92 0.078468
57 93 0.078468
57 94 0.078467
57 95 0.078467
57 96 0.078467
57 97 0.078467
57 98 0.078467
57 99 0.078467

58 0 0.078468
58 1 0.078468
58 2 0.078469
58 3 0.078468
58 4 0.078467
58 5 0.078466
58 6 0.078466
58 7 0.078466
58 8 0.078466
58 9 0.078467
58 10 0.078468
58 11 0.078468
58 12 0.078468
58 13 0.078468
58 14 0.078467
58 15 0.078466
58 16 0.078465
58 17 0.078465
58 18 0.078464
58 19 0.078465
58 20 0.078465
58 21 0.078466
58 22 0.078466
58 23 0.078466
58 24 0.078466
58 25 0.078465
58 26 0.078465
58 27 0.078464
58 28 0.078464
58 29 0.078464
58 30 0.078464
58 31 0.078465
58 32 0.078465
58 33 0.078466
58 34 0.078466
58 35 0.078465
58 36 0.078465
58 37 0.078464
58 38 0.078464
58 39 0.078463
58 40 0.078463
58 41 0.078464
58 42 0.078464
58 43 0.078465
58 44 0.078465
58 45 0.078465
58 46 0.078464
58 47 0.078464
58 48 0.078463
58 49 0.078463
58 50 0.078463
58 51 0.078464
58 52 0.078464
58 53 0.078464
58 54 0.078464
58 55 0.078464
58 56 0.078464
58 57 0.078464
58 58 0.078464
58 59 0.078464
58 60 0.078464
58 61 0.078464
58 62 0.078464
58 63 0.078464
58 64 0.078465
58 65 0.078465
58 66 0.078466
58 67 0.078466
58 68 0.078466
58 69 0.078465
58 70 0.078465
58 71 0.078465
58 72 0.078465
58 73 0.078465
58 74 0.078465
58 75 0.078466
58 76 0.078466
58 77 0.078467
58 78 0.078467
58 79 0.078467
58 80 0.078467
58 81 0.078466
58 82 0.078466
58 83 0.078467
58 84 0.078467
58 85 0.078467
58 86 0.078467
58 87 0.078467
58 88 0.078467
58 89 0.078468
58 90 0.078468
58 91 0.078468
58 92 0.078468
58 93 0.078468
58 94 0.078468
58 95 0.078467
58 96 0.078468
58 97 0.078468
58 98 0.078468
58 99 0.078468

59 0 0.078469
59 1 0.078469
59 2 0.078468
59 3 0.078467
59 4 0.078466
59 5 0.078466
59 6 0.078466
59 7 0.078467
59 8 0.078468
59 9 0.078468
59 10 0.078468
59 11 0.078468
59 12 0.078468
59 13 0.078467
59 14 0.078466
59 15 0.078465
59 16 0.078465
59 17 0.078465
59 18 0.078465
59 19 0.078466
59 20 0.078467
59 21 0.078467
59 22 0.078467
59 23 0.078466
59 24 0.078465
59 25 0.078465
59 26 0.078464
59 27 0.078464
59 28 0.078464
59 29 0.078465
59 30 0.078465
59 31 0.078466
59 32 0.078466
59 33 0.078466
59 34 0.078465
59 35 0.078465
59 36 0.078464
59 37 0.078463
59 38 0.078463
59 39 0.078464
59 40 0.078464
59 41 0.078465
59 42 0.078465
59 43 0.078465
59 44 0.078465
59 45 0.078464
59 46 0.078464
59 47 0.078463
59 48 0.078463
59 49 0.078463
59 50 0.078464
59 51 0.078464
59 52 0.078464
59 53 0.078465
59 54 0.078465
59 55 0.078464
59 56 0.078464
59 57 0.078464
59 58 0.078464
59 59 0.078464
59 60 0.078464
59 61 0.078464
59 62 0.078465
59 63 0.078465
59 64 0.078465
59 65 0.078466
59 66 0.078466
59 67 0.078466
59 68 0.078465
59 69 0.078465
59 70 0.078465
59 71 0.078465
59 72 0.078465
59 73 0.078466
59 74 0.078466
59 75 0.078466
59 76 0.078467
59 77 0.078467
59 78 0.078467
59 79 0.078467
59 80 0.078466
59 81 0.078466
59 82 0.078467
59 83 0.078467
59 84 0.078467
59 85 0.078467
59 86 0.078467
59 87 0.078468
59 88 0.078468
59 89 0.078468
59 90 0.078468
59 91 0.078468
59 92 0.078468
59 93 0.078468
59 94 0.078468
59 95 0.078468
59 96 0.078468
59 97 0.078468
59 98 0.078468
59 99 0.078468

60 0 0.078468
60 1 0.078468
60 2 0.078467
60 3 0.078466
60 4 0.078466
60 5 0.078467
60 6 0.078467
60 7 0.078468
60 8 0.078469
60 9 0.078469
60 10 0.078469
60 11 0.078468
60 12 0.078467
60 13 0.078466
60 14 0.078465
60 15 0.078465
60 16 0.078465
60 17 0.078466
60 18 0.078467
60 19 0.078467
60 20 0.078467
60 21 0.078467
60 22 0.078466
60 23 0.078465
60 24 0.078464
60 25 0.078464
60 26 0.078464
60 27 0.078464
60 28 0.078465
60 29 0.078466
60 30 0.078466
60 31 0.078467
60 32 0.078466
60 33 0.078465
60 34 0.078465
60 35 0.078464
60 36 0.078463
60 37 0.078463
60 38 0.078464
60 39 0.078464
60 40 0.078465
60 41 0.078465
60 42 0.078465
60 43 0.078465
60 44 0.078464
60 45 0.078464
60 46 0.078463
60 47 0.078463
60 48 0.078464
60 49 0.078464
60 50 0.078464
60 51 0.078465
60 52 0.078465
60 53 0.078465
60 54 0.078465
60 55 0.078464
60 56 0.078464
60 57 0.078464
60 58 0.078464
60 59 0.078464
60 60 0.078464
60 61 0.078465
60 62 0.078465
60 63 0.078465
60 64 0.078466
60 65 0.078466
60 66 0.078466
60 67 0.078465
60 68 0.078465
60 69 0.078465
60 70 0.078465
60 71 0.078465
60 72 0.078466
60 73 0.078466
60 74 0.078467
60 75 0.078467
60 76 0.078467
60 77 0.078467
60 78 0.078466
60 79 0.078466
60 80 0.078466
60 81 0.078467
60 82 0.078467
60 83 0.078467
60 84 0.078467
60 85 0.078467
60 86 0.078468
60 87 0.078468
60 88 0.078468
60 89 0.078468
60 90 0.078468
60 91 0.078468
60 92 0.078468
60 93 0.078468
60 94 0.078468
60 95 0.078468
60 96 0.078468
60 97 0.078468
60 98 0.078469
60 99 0.078469

61 0 0.078468
61 1 0.078468
61 2 0.078467
61 3 0.078466
61 4 0.078467
61 5 0.078468
61 6 0.078469
61 7 0.078470
61 8 0.078469
61 9 0.078469
61 10 0.078468
61 11 0.078467
61 12 0.078466
61 13 0.078465
61 14 0.078465
61 15 0.078465
61 16 0.078466
61 17 0.078467
61 18 0.078468
61 19 0.078468
61 20 0.078467
61 21 0.078466
61 22 0.078465
61 23 0.078464
61 24 0.078464
61 25 0.078464
61 26 0.078465
61 27 0.078466
61 28 0.078466
61 29 0.078467
61 30 0.078467
61 31 0.078466
61 32 0.078465
61 33 0.078464
61 34 0.078464
61 35 0.078463
61 36 0.078464
61 37 0.078464
61 38 0.078465
61 39 0.078466
61 40 0.078466
61 41 0.078466
61 42 0.078465
61 43 0.078464
61 44 0.078464
61 45 0.078463
61 46 0.078463
61 47 0.078464
61 48 0.078464
61 49 0.078465
61 50 0.078465
61 51 0.078465
61 52 0.078465
61 53 0.078465
61 54 0.078464
61 55 0.078464
61 56 0.078464
61 57 0.078464
61 58 0.078464
61 59 0.078465
61 60 0.078465
61 61 0.078465
61 62 0.078465
61 63 0.078465
61 64 0.078465
61 65 0.078465
61 66 0.078464
61 67 0.078465
61 68 0.078465
61 69 0.078466
61 70 0.078466
61 71 0.078466
61 72 0.078466
61 73 0.078466
61 74 0.078466
61 75 0.078466
61 76 0.078466
61 77 0.078466
61 78 0.078466
61 79 0.078466
61 80 0.078467
61 81 0.078467
61 82 0.078467
61 83 0.078467
61 84 0.078468
61 85 0.078468
61 86 0.078468
61 87 0.078468
61 88 0.078468
61 89 0.078468
61 90 0.078468
61 91 0.078468
61 92 0.078468
61 93 0.078468
61 94 0.078468
61 95 0.078468
61 96 0.078468
61 97 0.078468
61 98 0.078468
61 99 0.078468

62 0 0.078466
62 1 0.078467
62 2 0.078468
62 3 0.078469
62 4 0.078470
62 5 0.078470
62 6 0.078469
62 7 0.078468
62 8 0.078467
62 9 0.078466
62 10 0.078465
62 11 0.078466
62 12 0.078466
62 13 0.078467
62 14 0.078468
62 15 0.078468
62 16 0.078468
62 17 0.078467
62 18 0.078466
62 19 0.078465
62 20 0.078464
62 21 0.078464
62 22 0.078464
62 23 0.078465
62 24 0.078466
62 25 0.078467
62 26 0.078467
62 27 0.078467
62 28 0.078466
62 29 0.078465
62 30 0.078464
62 31 0.078464
62 32 0.078464
62 33 0.078464
62 34 0.078465
62 35 0.078465
62 36 0.078466
62 37 0.078466
62 38 0.078466
62 39 0.078465
62 40 0.078464
62 41 0.078463
62 42 0.078463
62 43 0.078463
62 44 0.078464
62 45 0.078464
62 46 0.078465
62 47 0.078465
62 48 0.078465
62 49 0.078465
62 50 0.078464
62 51 0.078464
62 52 0.078464
62 53 0.078463
62 54 0.078464
62 55 0.078464
62 56 0.078464
62 57 0.078465
62 58 0.078465
62 59 0.078465
62 60 0.078465
62 61 0.078465
62 62 0.078465
62 63 0.078465
62 64 0.078465
62 65 0.078465
62 66 0.078465
62 67 0.078465
62 68 0.078466
62 69 0.078466
62 70 0.078466
62 71 0.078467
62 72 0.078466
62 73 0.078466
62 74 0.078466
62 75 0.078466
62 76 0.078466
62 77 0.078466
62 78 0.078467
62 79 0.078467
62 80 0.078467
62 81 0.078467
62 82 0.078468
62 83 0.078468
62 84 0.078468
62 85 0.078468
62 86 0.078468
62 87 0.078468
62 88 0.078468
62 89 0.078468
62 90 0.078468
62 91 0.078468
62 92 0.078469
62 93 0.078469
62 94 0.078469
62 95 0.078469
62 96 0.078468
62 97 0.078468
62 98 0.078468
62 99 0.078468

63 0 0.078467
63 1 0.078468
63 2 0.078469
63 3 0.078470
63 4 0.078470
63 5 0.078469
63 6 0.078468
63 7 0.078467
63 8 0.078466
63 9 0.078466
63 10 0.078466
63 11 0.078467
63 12 0.078468
63 13 0.078469
63 14 0.078469
63 15 0.078469
63 16 0.078468
63 17 0.078467
63 18 0.078465
63 19 0.078465
63 20 0.078464
63 21 0.078465
63 22 0.078466
63 23 0.078467
63 24 0.078468
63 25 0.078468
63 26 0.078467
63 27 0.078466
63 28 0.078465
63 29 0.078464
63 30 0.078464
63 31 0.078464
63 32 0.078464
63 33 0.078465
63 34 0.078466
63 35 0.078466
63 36 0.078466
63 37 0.078466
63 38 0.078465
63 39 0.078464
63 40 0.078463
63 41 0.078463
63 42 0.078463
63 43 0.078464
63 44 0.078465
63 45 0.078465
63 46 0.078465
63 47 0.078465
63 48 0.078465
63 49 0.078464
63 50 0.078464
63 51 0.078464
63 52 0.078464
63 53 0.078464
63 54 0.078464
63 55 0.078464
63 56 0.078465
63 57 0.078465
63 58 0.078465
63 59 0.078465
63 60 0.078465
63 61 0.078465
63 62 0.078465
63 63 0.078465
63 64 0.078465
63 65 0.078465
63 66 0.078465
63 67 0.078466
63 68 0.078466
63 69 0.078467
63 70 0.078467
63 71 0.078467
63 72 0.078466
63 73 0.078466
63 74 0.078466
63 75 0.078466
63 76 0.078466
63 77 0.078467
63 78 0.078467
63 79 0.078467
63 80 0.078468
63 81 0.078468
63 82 0.078468
63 83 0.078468
63 84 0.078468
63 85 0.078468
63 86 0.078468
63 87 0.078468
63 88 0.078468
63 89 0.078468
63 90 0.078469
63 91 0.078469
63 92 0.078469
63 93 0.078469
63 94 0.078469
63 95 0.078468
63 96 0.078468
63 97 0.078468
63 98 0.078468
63 99 0.078468

64 0 0.078468
64 1 0.078469
64 2 0.078470
64 3 0.078470
64 4 0.078469
64 5 0.078468
64 6 0.078467
64 7 0.078466
64 8 0.078466
64 9 0.078466
64 10 0.078467
64 11 0.078468
64 12 0.078469
64 13 0.078470
64 14 0.078469
64 15 0.078468
64 16 0.078467
64 17 0.078465
64 18 0.078465
64 19 0.078465
64 20 0.078465
64 21 0.078466
64 22 0.078467
64 23 0.078468
64 24 0.078468
64 25 0.078468
64 26 0.078467
64 27 0.078465
64 28 0.078464
64 29 0.078464
64 30 0.078464
64 31 0.078465
64 32 0.078466
64 33 0.078466
64 34 0.078467
64 35 0.078467
64 36 0.078466
64 37 0.078465
64 38 0.078464
64 39 0.078464
64 40 0.078463
64 41 0.078464
64 42 0.078464
64 43 0.078465
64 44 0.078465
64 45 0.078466
64 46 0.078465
64 47 0.078465
64 48 0.078464
64 49 0.078464
64 50 0.078464
64 51 0.078464
64 52 0.078464
64 53 0.078464
64 54 0.078465
64 55 0.078465
64 56 0.078465
64 57 0.078465
64 58 0.078465
64 59 0.078465
64 60 0.078465
64 61 0.078465
64 62 0.078465
64 63 0.078465
64 64 0.078465
64 65 0.078465
64 66 0.078466
64 67 0.078466
64 68 0.078467
64 69 0.078467
64 70 0.078467
64 71 0.078466
64 72 0.078466
64 73 0.078466
64 74 0.078466
64 75 0.078466
64 76 0.078467
64 77 0.078467
64 78 0.078467
64 79 0.078468
64 80 0.078468
64 81 0.078468
64 82 0.078468
64 83 0.078468
64 84 0.078468
64 85 0.078468
64 86 0.078468
64 87 0.078468
64 88 0.078468
64 89 0.078469
64 90 0.078469
64 91 0.078469
64 92 0.078469
64 93 0.078469
64 94 0.078469
64 95 0.078468
64 96 0.078468
64 97 0.078469
64 98 0.078469
64 99 0.078468

65 0 0.078469
65 1 0.078471
65 2 0.078471
65 3 0.078469
65 4 0.078468
65 5 0.078467
65 6 0.078466
65 7 0.078466
65 8 0.078467
65 9 0.078468
65 10 0.078469
65 11 0.078470
65 12 0.078470
65 13 0.078469
65 14 0.078468
65 15 0.078467
65 16 0.078466
65 17 0.078465
65 18 0.078465
65 19 0.078465
65 20 0.078467
65 21 0.078468
65 22 0.078468
65 23 0.078469
65 24 0.078468
65 25 0.078467
65 26 0.078466
65 27 0.078465
65 28 0.078464
65 29 0.078464
65 30 0.078465
65 31 0.078466
65 32 0.078467
65 33 0.078467
65 34 0.078467
65 35 0.078466
65 36 0.078465
65 37 0.078464
65 38 0.078464
65 39 0.078464
65 40 0.078464
65 41 0.078465
65 42 0.078465
65 43 0.078466
65 44 0.078466
65 45 0.078466
65 46 0.078465
65 47 0.078464
65 48 0.078464
65 49 0.078464
65 50 0.078464
65 51 0.078464
65 52 0.078464
65 53 0.078465
65 54 0.078465
65 55 0.078465
65 56 0.078465
65 57 0.078465
65 58 0.078465
65 59 0.078465
65 60 0.078465
65 61 0.078465
65 62 0.078465
65 63 0.078465
65 64 0.078465
65 65 0.078466
65 66 0.078466
65 67 0.078467
65 68 0.078467
65 69 0.078467
65 70 0.078466
65 71 0.078466
65 72 0.078466
65 73 0.078466
65 74 0.078466
65 75 0.078467
65 76 0.078467
65 77 0.078468
65 78 0.078468
65 79 0.078468
65 80 0.078468
65 81 0.078468
65 82 0.078468
65 83 0.078468
65 84 0.078468
65 85 0.078468
65 86 0.078468
65 87 0.078468
65 88 0.078469
65 89 0.078469
65 90 0.078469
65 91 0.078469
65 92 0.078469
65 93 0.078469
65 94 0.078469
65 95 0.078469
65 96 0.078469
65 97 0.078469
65 98 0.078469
65 99 0.078469

66 0 0.078471
66 1 0.078471
66 2 0.078470
66 3 0.078468
66 4 0.078467
66 5 0.078466
66 6 0.078466
66 7 0.078467
66 8 0.078468
66 9 0.078469
66 10 0.078470
66 11 0.078470
66 12 0.078470
66 13 0.078469
66 14 0.078467
66 15 0.078466
66 16 0.078465
66 17 0.078465
66 18 0.078466
66 19 0.078467
66 20 0.078468
66 21 0.078469
66 22 0.078469
66 23 0.078468
66 24 0.078467
66 25 0.078466
66 26 0.078465
66 27 0.078464
66 28 0.078465
66 29 0.078465
66 30 0.078466
66 31 0.078467
66 32 0.078468
66 33 0.078467
66 34 0.078466
66 35 0.078465
66 36 0.078464
66 37 0.078464
66 38 0.078464
66 39 0.078464
66 40 0.078465
66 41 0.078466
66 42 0.078466
66 43 0.078466
66 44 0.078466
66 45 0.078465
66 46 0.078464
66 47 0.078464
66 48 0.078464
66 49 0.078464
66 50 0.078464
66 51 0.078465
66 52 0.078465
66 53 0.078465
66 54 0.078465
66 55 0.078465
66 56 0.078465
66 57 0.078465
66 58 0.078465
66 59 0.078465
66 60 0.078465
66 61 0.078465
66 62 0.078465
66 63 0.078466
66 64 0.078466
66 65 0.078467
66 66 0.078467
66 67 0.078467
66 68 0.078467
66 69 0.078466
66 70 0.078466
66 71 0.078466
66 72 0.078466
66 73 0.078467
66 74 0.078467
66 75 0.078467
66 76 0.078468
66 77 0.078468
66 78 0.078468
66 79 0.078468
66 80 0.078468
66 81 0.078468
66 82 0.078468
66 83 0.078468
66 84 0.078468
66 85 0.078468
66 86 0.078469
66 87 0.078469
66 88 0.078469
66 89 0.078469
66 90 0.078469
66 91 0.078469
66 92 0.078469
66 93 0.078469
66 94 0.078469
66 95 0.078469
66 96 0.078469
66 97 0.078469
66 98 0.078470
66 99 0.078469

67 0 0.078471
67 1 0.078471
67 2 0.078470
67 3 0.078468
67 4 0.078467
67 5 0.078467
67 6 0.078467
67 7 0.078468
67 8 0.078469
67 9 0.078470
67 10 0.078470
67 11 0.078470
67 12 0.078469
67 13 0.078468
67 14 0.078466
67 15 0.078466
67 16 0.078466
67 17 0.078466
67 18 0.078467
67 19 0.078468
67 20 0.078469
67 21 0.078469
67 22 0.078468
67 23 0.078467
67 24 0.078466
67 25 0.078465
67 26 0.078465
67 27 0.078465
67 28 0.078466
67 29 0.078467
67 30 0.078468
67 31 0.078468
67 32 0.078468
67 33 0.078467
67 34 0.078466
67 35 0.078465
67 36 0.078464
67 37 0.078464
67 38 0.078465
67 39 0.078465
67 40 0.078466
67 41 0.078466
67 42 0.078466
67 43 0.078466
67 44 0.078465
67 45 0.078465
67 46 0.078464
67 47 0.078464
67 48 0.078464
67 49 0.078464
67 50 0.078465
67 51 0.078465
67 52 0.078465
67 53 0.078465
67 54 0.078465
67 55 0.078465
67 56 0.078465
67 57 0.078465
67 58 0.078465
67 59 0.078465
67 60 0.078465
67 61 0.078465
67 62 0.078466
67 63 0.078466
67 64 0.078466
67 65 0.078467
67 66 0.078467
67 67 0.078467
67 68 0.078466
67 69 0.078466
67 70 0.078466
67 71 0.078466
67 72 0.078467
67 73 0.078467
67 74 0.078467
67 75 0.078468
67 76 0.078468
67 77 0.078468
67 78 0.078468
67 79 0.078468
67 80 0.078468
67 81 0.078468
67 82 0.078468
67 83 0.078468
67 84 0.078468
67 85 0.078469
67 86 0.078469
67 87 0.078469
67 88 0.078469
67 89 0.078469
67 90 0.078469
67 91 0.078469
67 92 0.078469
67 93 0.078469
67 94 0.078469
67 95 0.078469
67 96 0.078470
67 97 0.078470
67 98 0.078470
67 99 0.078470

68 0 0.078471
68 1 0.078471
68 2 0.078469
68 3 0.078468
68 4 0.078467
68 5 0.078468
68 6 0.078469
68 7 0.078469
68 8 0.078470
68 9 0.078470
68 10 0.078470
68 11 0.078469
68 12 0.078468
68 13 0.078467
68 14 0.078466
68 15 0.078466
68 16 0.078467
68 17 0.078468
68 18 0.078468
68 19 0.078469
68 20 0.078469
68 21 0.078468
68 22 0.078468
68 23 0.078466
68 24 0.078466
68 25 0.078465
68 26 0.078466
68 27 0.078466
68 28 0.078467
68 29 0.078468
68 30 0.078468
68 31 0.078468
68 32 0.078467
68 33 0.078466
68 34 0.078465
68 35 0.078465
68 36 0.078465
68 37 0.078465
68 38 0.078466
68 39 0.078466
68 40 0.078466
68 41 0.078466
68 42 0.078466
68 43 0.078465
68 44 0.078465
68 45 0.078464
68 46 0.078464
68 47 0.078464
68 48 0.078465
68 49 0.078465
68 50 0.078465
68 51 0.078465
68 52 0.078465
68 53 0.078465
68 54 0.078465
68 55 0.078465
68 56 0.078465
68 57 0.078465
68 58 0.078465
68 59 0.078465
68 60 0.078465
68 61 0.078466
68 62 0.078466
68 63 0.078466
68 64 0.078467
68 65 0.078467
68 66 0.078467
68 67 0.078467
68 68 0.078466
68 69 0.078466
68 70 0.078466
68 71 0.078467
68 72 0.078467
68 73 0.078467
68 74 0.078468
68 75 0.078468
68 76 0.078468
68 77 0.078468
68 78 0.078468
68 79 0.078468
68 80 0.078468
68 81 0.078468
68 82 0.078468
68 83 0.078468
68 84 0.078469
68 85 0.078469
68 86 0.078469
68 87 0.078469
68 88 0.078469
68 89 0.078469
68 90 0.078469
68 91 0.078469
68 92 0.078469
68 93 0.078469
68 94 0.078469
68 95 0.078470
68 96 0.078470
68 97 0.078470
68 98 0.078470
68 99 0.078470

69 0 0.078471
69 1 0.078470
69 2 0.078469
69 3 0.078468
69 4 0.078468
69 5 0.078469
69 6 0.078470
69 7 0.078470
69 8 0.078470
69 9 0.078470
69 10 0.078469
69 11 0.078468
69 12 0.078467
69 13 0.078467
69 14 0.078467
69 15 0.078467
69 16 0.078468
69 17 0.078469
69 18 0.078469
69 19 0.078469
69 20 0.078469
69 21 0.078468
69 22 0.078467
69 23 0.078466
69 24 0.078466
69 25 0.078466
69 26 0.078467
69 27 0.078467
69 28 0.078468
69 29 0.078468
69 30 0.078468
69 31 0.078467
69 32 0.078466
69 33 0.078466
69 34 0.078465
69 35 0.078465
69 36 0.078465
69 37 0.078466
69 38 0.078466
69 39 0.078466
69 40 0.078466
69 41 0.078466
69 42 0.078465
69 43 0.078465
69 44 0.078465
69 45 0.078464
69 46 0.078465
69 47 0.078465
69 48 0.078465
69 49 0.078465
69 50 0.078466
69 51 0.078465
69 52 0.078465
69 53 0.078465
69 54 0.078465
69 55 0.078465
69 56 0.078465
69 57 0.078465
69 58 0.078465
69 59 0.078466
69 60 0.078466
69 61 0.078466
69 62 0.078466
69 63 0.078467
69 64 0.078467
69 65 0.078467
69 66 0.078467
69 67 0.078467
69 68 0.078467
69 69 0.078467
69 70 0.078467
69 71 0.078467
69 72 0.078467
69 73 0.078468
69 74 0.078468
69 75 0.078468
69 76 0.078468
69 77 0.078468
69 78 0.078468
69 79 0.078468
69 80 0.078468
69 81 0.078468
69 82 0.078469
69 83 0.078469
69 84 0.078469
69 85 0.078469
69 86 0.078469
69 87 0.078469
69 88 0.078470
69 89 0.078469
69 90 0.078469
69 91 0.078469
69 92 0.078469
69 93 0.078469
69 94 0.078470
69 95 0.078470
69 96 0.078470
69 97 0.078470
69 98 0.078470
69 99 0.078470

70 0 0.078470
70 1 0.078469
70 2 0.078469
70 3 0.078469
70 4 0.078469
70 5 0.078470
70 6 0.078470
70 7 0.078470
70 8 0.078470
70 9 0.078469
70 10 0.078469
70 11 0.078468
70 12 0.078468
70 13 0.078468
70 14 0.078468
70 15 0.078468
70 16 0.078469
70 17 0.078469
70 18 0.078469
70 19 0.078469
70 20 0.078468
70 21 0.078467
70 22 0.078467
70 23 0.078467
70 24 0.078467
70 25 0.078467
70 26 0.078468
70 27 0.078468
70 28 0.078468
70 29 0.078468
70 30 0.078467
70 31 0.078466
70 32 0.078466
70 33 0.078466
70 34 0.078466
70 35 0.078466
70 36 0.078466
70 37 0.078466
70 38 0.078466
70 39 0.078466
70 40 0.078466
70 41 0.078465
70 42 0.078465
70 43 0.078465
70 44 0.078465
70 45 0.078465
70 46 0.078465
70 47 0.078465
70 48 0.078466
70 49 0.078466
70 50 0.078465
70 51 0.078465
70 52 0.078465
70 53 0.078465
70 54 0.078465
70 55 0.078465
70 56 0.078466
70 57 0.078466
70 58 0.078466
70 59 0.078466
70 60 0.078466
70 61 0.078466
70 62 0.078466
70 63 0.078467
70 64 0.078467
70 65 0.078467
70 66 0.078467
70 67 0.078467
70 68 0.078467
70 69 0.078467
70 70 0.078467
70 71 0.078467
70 72 0.078468
70 73 0.078468
70 74 0.078468
70 75 0.078468
70 76 0.078468
70 77 0.078468
70 78 0.078468
70 79 0.078468
70 80 0.078468
70 81 0.078469
70 82 0.078469
70 83 0.078469
70 84 0.078469
70 85 0.078469
70 86 0.078469
70 87 0.078470
70 88 0.078470
70 89 0.078469
70 90 0.078469
70 91 0.078469
70 92 0.078470
70 93 0.078470
70 94 0.078470
70 95 0.078470
70 96 0.078470
70 97 0.078470
70 98 0.078470
70 99 0.078471

71 0 0.078469
71 1 0.078469
71 2 0.078469
71 3 0.078470
71 4 0.078470
71 5 0.078470
71 6 0.078470
71 7 0.078470
71 8 0.078469
71 9 0.078469
71 10 0.078468
71 11 0.078468
71 12 0.078468
71 13 0.078468
71 14 0.078469
71 15 0.078469
71 16 0.078469
71 17 0.078469
71 18 0.078469
71 19 0.078468
71 20 0.078468
71 21 0.078467
71 22 0.078467
71 23 0.078467
71 24 0.078468
71 25 0.078468
71 26 0.078468
71 27 0.078468
71 28 0.078468
71 29 0.078467
71 30 0.078467
71 31 0.078466
71 32 0.078466
71 33 0.078466
71 34 0.078466
71 35 0.078467
71 36 0.078467
71 37 0.078467
71 38 0.078466
71 39 0.078466
71 40 0.078466
71 41 0.078465
71 42 0.078465
71 43 0.078465
71 44 0.078465
71 45 0.078465
71 46 0.078466
71 47 0.078466
71 48 0.078466
71 49 0.078465
71 50 0.078465
71 51 0.078465
71 52 0.078465
71 53 0.078465
71 54 0.078466
71 55 0.078466
71 56 0.078466
71 57 0.078466
71 58 0.078466
71 59 0.078466
71 60 0.078466
71 61 0.078466
71 62 0.078466
71 63 0.078467
71 64 0.078467
71 65 0.078467
71 66 0.078467
71 67 0.078467
71 68 0.078467
71 69 0.078467
71 70 0.078468
71 71 0.078468
71 72 0.078468
71 73 0.078468
71 74 0.078468
71 75 0.078468
71 76 0.078468
71 77 0.078468
71 78 0.078468
71 79 0.078469
71 80 0.078469
71 81 0.078469
71 82 0.078469
71 83 0.078469
71 84 0.078469
71 85 0.078469
71 86 0.078470
71 87 0.078470
71 88 0.078470
71 89 0.078470
71 90 0.078470
71 91 0.078470
71 92 0.078470
71 93 0.078470
71 94 0.078470
71 95 0.078470
71 96 0.078470
71 97 0.078470
71 98 0.078470
71 99 0.078470

72 0 0.078469
72 1 0.078470
72 2 0.078470
72 3 0.078470
72 4 0.078470
72 5 0.078470
72 6 0.078470
72 7 0.078470
72 8 0.078469
72 9 0.078469
72 10 0.078469
72 11 0.078469
72 12 0.078469
72 13 0.078469
72 14 0.078469
72 15 0.078469
72 16 0.078469
72 17 0.078469
72 18 0.078468
72 19 0.078468
72 20 0.078468
72 21 0.078468
72 22 0.078468
72 23 0.078468
72 24 0.078468
72 25 0.078468
72 26 0.078468
72 27 0.078468
72 28 0.078467
72 29 0.078467
72 30 0.078467
72 31 0.078467
72 32 0.078467
72 33 0.078467
72 34 0.078467
72 35 0.078467
72 36 0.078467
72 37 0.078466
72 38 0.078466
72 39 0.078466
72 40 0.078466
72 41 0.078465
72 42 0.078465
72 43 0.078466
72 44 0.078466
72 45 0.078466
72 46 0.078466
72 47 0.078466
72 48 0.078465
72 49 0.078465
72 50 0.078465
72 51 0.078465
72 52 0.078465
72 53 0.078466
72 54 0.078466
72 55 0.078466
72 56 0.078466
72 57 0.078466
72 58 0.078466
72 59 0.078466
72 60 0.078466
72 61 0.078466
72 62 0.078467
72 63 0.078467
72 64 0.078467
72 65 0.078467
72 66 0.078467
72 67 0.078467
72 68 0.078467
72 69 0.078467
72 70 0.078467
72 71 0.078467
72 72 0.078468
72 73 0.078468
72 74 0.078468
72 75 0.078468
72 76 0.078468
72 77 0.078469
72 78 0.078469
72 79 0.078469
72 80 0.078469
72 81 0.078469
72 82 0.078469
72 83 0.078469
72 84 0.078470
72 85 0.078470
72 86 0.078470
72 87 0.078470
72 88 0.078470
72 89 0.078470
72 90 0.078470
72 91 0.078470
72 92 0.078470
72 93 0.078470
72 94 0.078470
72 95 0.078470
72 96 0.078470
72 97 0.078470
72 98 0.078470
72 99 0.078470

73 0 0.078470
73 1 0.078470
73 2 0.078470
73 3 0.078470
73 4 0.078470
73 5 0.078470
73 6 0.078469
73 7 0.078469
73 8 0.078469
73 9 0.078470
73 10 0.078470
73 11 0.078470
73 12 0.078470
73 13 0.078469
73 14 0.078469
73 15 0.078469
73 16 0.078468
73 17 0.078468
73 18 0.078468
73 19 0.078469
73 20 0.078469
73 21 0.078469
73 22 0.078469
73 23 0.078469
73 24 0.078468
73 25 0.078468
73 26 0.078468
73 27 0.078467
73 28 0.078467
73 29 0.078467
73 30 0.078468
73 31 0.078468
73 32 0.078467
73 33 0.078467
73 34 0.078467
73 35 0.078466
73 36 0.078466
73 37 0.078466
73 38 0.078466
73 39 0.078466
73 40 0.078466
73 41 0.078466
73 42 0.078466
73 43 0.078466
73 44 0.078466
73 45 0.078466
73 46 0.078465
73 47 0.078465
73 48 0.078465
73 49 0.078465
73 50 0.078466
73 51 0.078466
73 52 0.078466
73 53 0.078466
73 54 0.078466
73 55 0.078466
73 56 0.078466
73 57 0.078466
73 58 0.078466
73 59 0.078466
73 60 0.078466
73 61 0.078467
73 62 0.078467
73 63 0.078467
73 64 0.078467
73 65 0.078467
73 66 0.078467
73 67 0.078467
73 68 0.078467
73 69 0.078467
73 70 0.078468
73 71 0.078468
73 72 0.078468
73 73 0.078468
73 74 0.078468
73 75 0.078468
73 76 0.078469
73 77 0.078469
73 78 0.078469
73 79 0.078469
73 80 0.078469
73 81 0.078469
73 82 0.078469
73 83 0.078470
73 84 0.078470
73 85 0.078470
73 86 0.078470
73 87 0.078470
73 88 0.078470
73 89 0.078470
73 90 0.078470
73 91 0.078470
73 92 0.078470
73 93 0.078470
73 94 0.078470
73 95 0.078470
73 96 0.078471
73 97 0.078470
73 98 0.078471
73 99 0.078471

74 0 0.078470
74 1 0.078471
74 2 0.078470
74 3 0.078470
74 4 0.078470
74 5 0.078470
74 6 0.078470
74 7 0.078470
74 8 0.078470
74 9 0.078470
74 10 0.078470
74 11 0.078470
74 12 0.078469
74 13 0.078469
74 14 0.078469
74 15 0.078469
74 16 0.078469
74 17 0.078469
74 18 0.078469
74 19 0.078469
74 20 0.078469
74 21 0.078469
74 22 0.078469
74 23 0.078468
74 24 0.078468
74 25 0.078468
74 26 0.078468
74 27 0.078468
74 28 0.078468
74 29 0.078468
74 30 0.078468
74 31 0.078468
74 32 0.078467
74 33 0.078467
74 34 0.078467
74 35 0.078466
74 36 0.078466
74 37 0.078466
74 38 0.078466
74 39 0.078466
74 40 0.078466
74 41 0.078466
74 42 0.078466
74 43 0.078466
74 44 0.078466
74 45 0.078466
74 46 0.078466
74 47 0.078466
74 48 0.078466
74 49 0.078466
74 50 0.078466
74 51 0.078466
74 52 0.078466
74 53 0.078466
74 54 0.078466
74 55 0.078466
74 56 0.078466
74 57 0.078466
74 58 0.078466
74 59 0.078467
74 60 0.078467
74 61 0.078467
74 62 0.078467
74 63 0.078467
74 64 0.078467
74 65 0.078467
74 66 0.078467
74 67 0.078467
74 68 0.078468
74 69 0.078468
74 70 0.078468
74 71 0.078468
74 72 0.078468
74 73 0.078468
74 74 0.078468
74 75 0.078469
74 76 0.078469
74 77 0.078469
74 78 0.078469
74 79 0.078469
74 80 0.078469
74 81 0.078469
74 82 0.078470
74 83 0.078470
74 84 0.078470
74 85 0.078470
74 86 0.078470
74 87 0.078470
74 88 0.078470
74 89 0.078470
74 90 0.078470
74 91 0.078470
74 92 0.078471
74 93 0.078470
74 94 0.078471
74 95 0.078471
74 96 0.078471
74 97 0.078471
74 98 0.078471
74 99 0.078471

75 0 0.078470
75 1 0.078471
75 2 0.078470
75 3 0.078470
75 4 0.078470
75 5 0.078470
75 6 0.078470
75 7 0.078470
75 8 0.078470
75 9 0.078470
75 10 0.078470
75 11 0.078470
75 12 0.078469
75 13 0.078469
75 14 0.078469
75 15 0.078469
75 16 0.078469
75 17 0.078469
75 18 0.078469
75 19 0.078469
75 20 0.078469
75 21 0.078469
75 22 0.078469
75 23 0.078469
75 24 0.078468
75 25 0.078468
75 26 0.078468
75 27 0.078468
75 28 0.078468
75 29 0.078468
75 30 0.078468
75 31 0.078468
75 32 0.078467
75 33 0.078467
75 34 0.078467
75 35 0.078467
75 36 0.078467
75 37 0.078467
75 38 0.078467
75 39 0.078467
75 40 0.078467
75 41 0.078466
75 42 0.078466
75 43 0.078466
75 44 0.078466
75 45 0.078466
75 46 0.078466
75 47 0.078466
75 48 0.078466
75 49 0.078466
75 50 0.078466
75 51 0.078466
75 52 0.078466
75 53 0.078466
75 54 0.078466
75 55 0.078466
75 56 0.078466
75 57 0.078466
75 58 0.078467
75 59 0.078467
75 60 0.078467
75 61 0.078467
75 62 0.078467
75 63 0.078467
75 64 0.078467
75 65 0.078467
75 66 0.078468
75 67 0.078468
75 68 0.078468
75 69 0.078468
75 70 0.078468
75 71 0.078468
75 72 0.078468
75 73 0.078468
75 74 0.078469
75 75 0.078469
75 76 0.078469
75 77 0.078469
75 78 0.078469
75 79 0.078469
75 80 0.078469
75 81 0.078470
75 82 0.078470
75 83 0.078470
75 84 0.078470
75 85 0.078470
75 86 0.078470
75 87 0.078470
75 88 0.078470
75 89 0.078470
75 90 0.078471
75 91 0.078471
75 92 0.078471
75 93 0.078471
75 94 0.078471
75 95 0.078471
75 96 0.078471
75 97 0.078471
75 98 0.078471
75 99 0.078471

76 0 0.078471
76 1 0.078471
76 2 0.078470
76 3 0.078470
76 4 0.078470
76 5 0.078470
76 6 0.078470
76 7 0.078470
76 8 0.078470
76 9 0.078470
76 10 0.078470
76 11 0.078470
76 12 0.078470
76 13 0.078470
76 14 0.078469
76 15 0.078470
76 16 0.078470
76 17 0.078470
76 18 0.078470
76 19 0.078469
76 20 0.078469
76 21 0.078469
76 22 0.078469
76 23 0.078469
76 24 0.078469
76 25 0.078469
76 26 0.078469
76 27 0.078469
76 28 0.078468
76 29 0.078468
76 30 0.078468
76 31 0.078468
76 32 0.078467
76 33 0.078467
76 34 0.078467
76 35 0.078467
76 36 0.078467
76 37 0.078467
76 38 0.078467
76 39 0.078467
76 40 0.078467
76 41 0.078466
76 42 0.078466
76 43 0.078466
76 44 0.078466
76 45 0.078466
76 46 0.078466
76 47 0.078466
76 48 0.078466
76 49 0.078466
76 50 0.078466
76 51 0.078466
76 52 0.078466
76 53 0.078466
76 54 0.078466
76 55 0.078466
76 56 0.078467
76 57 0.078467
76 58 0.078467
76 59 0.078467
76 60 0.078467
76 61 0.078467
76 62 0.078467
76 63 0.078467
76 64 0.078467
76 65 0.078468
76 66 0.078468
76 67 0.078468
76 68 0.078468
76 69 0.078468
76 70 0.078468
76 71 0.078468
76 72 0.078468
76 73 0.078469
76 74 0.078469
76 75 0.078469
76 76 0.078469
76 77 0.078469
76 78 0.078469
76 79 0.078469
76 80 0.078470
76 81 0.078470
76 82 0.078470
76 83 0.078470
76 84 0.078470
76 85 0.078470
76 86 0.078470
76 87 0.078470
76 88 0.078471
76 89 0.078471
76 90 0.078471
76 91 0.078471
76 92 0.078471
76 93 0.078471
76 94 0.078471
76 95 0.078471
76 96 0.078471
76 97 0.078471
76 98 0.078471
76 99 0.078471

77 0 0.078471
77 1 0.078471
77 2 0.078470
77 3 0.078471
77 4 0.078470
77 5 0.078471
77 6 0.078470
77 7 0.078471
77 8 0.078470
77 9 0.078470
77 10 0.078470
77 11 0.078470
77 12 0.078470
77 13 0.078470
77 14 0.078470
77 15 0.078470
77 16 0.078470
77 17 0.078470
77 18 0.078470
77 19 0.078470
77 20 0.078469
77 21 0.078469
77 22 0.078469
77 23 0.078469
77 24 0.078469
77 25 0.078469
77 26 0.078469
77 27 0.078469
77 28 0.078468
77 29 0.078468
77 30 0.078468
77 31 0.078468
77 32 0.078468
77 33 0.078468
77 34 0.078467
77 35 0.078467
77 36 0.078467
77 37 0.078467
77 38 0.078467
77 39 0.078467
77 40 0.078467
77 41 0.078467
77 42 0.078466
77 43 0.078466
77 44 0.078466
77 45 0.078466
77 46 0.078466
77 47 0.078466
77 48 0.078466
77 49 0.078466
77 50 0.078466
77 51 0.078466
77 52 0.078466
77 53 0.078466
77 54 0.078466
77 55 0.078467
77 56 0.078467
77 57 0.078467
77 58 0.078467
77 59 0.078467
77 60 0.078467
77 61 0.078467
77 62 0.078467
77 63 0.078467
77 64 0.078468
77 65 0.078468
77 66 0.078468
77 67 0.078468
77 68 0.078468
77 69 0.078468
77 70 0.078468
77 71 0.078468
77 72 0.078469
77 73 0.078469
77 74 0.078469
77 75 0.078469
77 76 0.078469
77 77 0.078469
77 78 0.078469
77 79 0.078470
77 80 0.078470
77 81 0.078470
77 82 0.078470
77 83 0.078470
77 84 0.078470
77 85 0.078470
77 86 0.078470
77 87 0.078471
77 88 0.078471
77 89 0.078471
77 90 0.078471
77 91 0.078471
77 92 0.078471
77 93 0.078471
77 94 0.078471
77 95 0.078471
77 96 0.078471
77 97 0.078471
77 98 0.078471
77 99 0.078471

78 0 0.078471
78 1 0.078471
78 2 0.078471
78 3 0.078471
78 4 0.078471
78 5 0.078471
78 6 0.078471
78 7 0.078471
78 8 0.078470
78 9 0.078470
78 10 0.078470
78 11 0.078470
78 12 0.078470
78 13 0.078470
78 14 0.078470
78 15 0.078470
78 16 0.078470
78 17 0.078470
78 18 0.078470
78 19 0.078470
78 20 0.078469
78 21 0.078469
78 22 0.078469
78 23 0.078469
78 24 0.078469
78 25 0.078469
78 26 0.078469
78 27 0.078469
78 28 0.078469
78 29 0.078468
78 30 0.078468
78 31 0.078468
78 32 0.078468
78 33 0.078468
78 34 0.078468
78 35 0.078468
78 36 0.078467
78 37 0.078467
78 38 0.078467
78 39 0.078467
78 40 0.078467
78 41 0.078467
78 42 0.078467
78 43 0.078467
78 44 0.078467
78 45 0.078467
78 46 0.078467
78 47 0.078466
78 48 0.078466
78 49 0.078466
78 50 0.078466
78 51 0.078466
78 52 0.078466
78 53 0.078467
78 54 0.078467
78 55 0.078467
78 56 0.078467
78 57 0.078467
78 58 0.078467
78 59 0.078467
78 60 0.078467
78 61 0.078467
78 62 0.078467
78 63 0.078468
78 64 0.078468
78 65 0.078468
78 66 0.078468
78 67 0.078468
78 68 0.078468
78 69 0.078468
78 70 0.078468
78 71 0.078469
78 72 0.078469
78 73 0.078469
78 74 0.078469
78 75 0.078469
78 76 0.078469
78 77 0.078469
78 78 0.078470
78 79 0.078470
78 80 0.078470
78 81 0.078470
78 82 0.078470
78 83 0.078470
78 84 0.078470
78 85 0.078470
78 86 0.078471
78 87 0.078471
78 88 0.078471
78 89 0.078471
78 90 0.078471
78 91 0.078471
78 92 0.078471
78 93 0.078471
78 94 0.078471
78 95 0.078471
78 96 0.078471
78 97 0.078471
78 98 0.078471
78 99 0.078471

79 0 0.078471
79 1 0.078471
79 2 0.078471
79 3 0.078471
79 4 0.078471
79 5 0.078471
79 6 0.078471
79 7 0.078471
79 8 0.078470
79 9 0.078470
79 10 0.078470
79 11 0.078470
79 12 0.078470
79 13 0.078470
79 14 0.078470
79 15 0.078470
79 16 0.078470
79 17 0.078470
79 18 0.078470
79 19 0.078470
79 20 0.078470
79 21 0.078470
79 22 0.078470
79 23 0.078470
79 24 0.078469
79 25 0.078469
79 26 0.078469
79 27 0.078469
79 28 0.078469
79 29 0.078469
79 30 0.078468
79 31 0.078468
79 32 0.078468
79 33 0.078468
79 34 0.078468
79 35 0.078468
79 36 0.078468
79 37 0.078467
79 38 0.078467
79 39 0.078467
79 40 0.078467
79 41 0.078467
79 42 0.078467
79 43 0.078467
79 44 0.078467
79 45 0.078467
79 46 0.078467
79 47 0.078467
79 48 0.078466
79 49 0.078466
79 50 0.078466
79 51 0.078467
79 52 0.078467
79 53 0.078467
79 54 0.078467
79 55 0.078467
79 56 0.078467
79 57 0.078467
79 58 0.078467
79 59 0.078467
79 60 0.078467
79 61 0.078468
79 62 0.078468
79 63 0.078468
79 64 0.078468
79 65 0.078468
79 66 0.078468
79 67 0.078468
79 68 0.078468
79 69 0.078468
79 70 0.078469
79 71 0.078469
79 72 0.078469
79 73 0.078469
79 74 0.078469
79 75 0.078469
79 76 0.078469
79 77 0.078470
79 78 0.078470
79 79 0.078470
79 80 0.078470
79 81 0.078470
79 82 0.078470
79 83 0.078470
79 84 0.078471
79 85 0.078471
79 86 0.078471
79 87 0.078471
79 88 0.078471
79 89 0.078471
79 90 0.078471
79 91 0.078471
79 92 0.078471
79 93 0.078471
79 94 0.078471
79 95 0.078471
79 96 0.078471
79 97 0.078471
79 98 0.078471
79 99 0.078471

80 0 0.078471
80 1 0.078471
80 2 0.078471
80 3 0.078471
80 4 0.078471
80 5 0.078471
80 6 0.078471
80 7 0.078471
80 8 0.078471
80 9 0.078471
80 10 0.078471
80 11 0.078471
80 12 0.078471
80 13 0.078471
80 14 0.078470
80 15 0.078470
80 16 0.078470
80 17 0.078470
80 18 0.078470
80 19 0.078470
80 20 0.078470
80 21 0.078470
80 22 0.078470
80 23 0.078470
80 24 0.078470
80 25 0.078469
80 26 0.078469
80 27 0.078469
80 28 0.078469
80 29 0.078469
80 30 0.078469
80 31 0.078469
80 32 0.078468
80 33 0.078468
80 34 0.078468
80 35 0.078468
80 36 0.078468
80 37 0.078468
80 38 0.078467
80 39 0.078467
80 40 0.078467
80 41 0.078467
80 42 0.078467
80 43 0.078467
80 44 0.078467
80 45 0.078467
80 46 0.078467
80 47 0.078467
80 48 0.078467
80 49 0.078467
80 50 0.078467
80 51 0.078467
80 52 0.078467
80 53 0.078467
80 54 0.078467
80 55 0.078467
80 56 0.078467
80 57 0.078467
80 58 0.078467
80 59 0.078467
80 60 0.078468
80 61 0.078468
80 62 0.078468
80 63 0.078468
80 64 0.078468
80 65 0.078468
80 66 0.078468
80 67 0.078468
80 68 0.078469
80 69 0.078469
80 70 0.078469
80 71 0.078469
80 72 0.078469
80 73 0.078469
80 74 0.078469
80 75 0.078470
80 76 0.078470
80 77 0.078470
80 78 0.078470
80 79 0.078470
80 80 0.078470
80 81 0.078470
80 82 0.078470
80 83 0.078471
80 84 0.078471
80 85 0.078471
80 86 0.078471
80 87 0.078471
80 88 0.078471
80 89 0.078471
80 90 0.078471
80 91 0.078471
80 92 0.078471
80 93 0.078471
80 94 0.078472
80 95 0.078471
80 96 0.078472
80 97 0.078471
80 98 0.078472
80 99 0.078471

81 0 0.078471
81 1 0.078471
81 2 0.078471
81 3 0.078471
81 4 0.078471
81 5 0.078471
81 6 0.078471
81 7 0.078471
81 8 0.078471
81 9 0.078471
81 10 0.078471
81 11 0.078471
81 12 0.078471
81 13 0.078471
81 14 0.078470
81 15 0.078470
81 16 0.078470
81 17 0.078470
81 18 0.078470
81 19 0.078470
81 20 0.078470
81 21 0.078470
81 22 0.078470
81 23 0.078470
81 24 0.078470
81 25 0.078470
81 26 0.078469
81 27 0.078469
81 28 0.078469
81 29 0.078469
81 30 0.078469
81 31 0.078469
81 32 0.078469
81 33 0.078468
81 34 0.078468
81 35 0.078468
81 36 0.078468
81 37 0.078468
81 38 0.078468
81 39 0.078467
81 40 0.078467
81 41 0.078467
81 42 0.078467
81 43 0.078467
81 44 0.078467
81 45 0.078467
81 46 0.078467
81 47 0.078467
81 48 0.078467
81 49 0.078467
81 50 0.078467
81 51 0.078467
81 52 0.078467
81 53 0.078467
81 54 0.078467
81 55 0.078467
81 56 0.078467
81 57 0.078467
81 58 0.078467
81 59 0.078468
81 60 0.078468
81 61 0.078468
81 62 0.078468
81 63 0.078468
81 64 0.078468
81 65 0.078468
81 66 0.078468
81 67 0.078469
81 68 0.078469
81 69 0.078469
81 70 0.078469
81 71 0.078469
81 72 0.078469
81 73 0.078469
81 74 0.078470
81 75 0.078470
81 76 0.078470
81 77 0.078470
81 78 0.078470
81 79 0.078470
81 80 0.078470
81 81 0.078470
81 82 0.078471
81 83 0.078471
81 84 0.078471
81 85 0.078471
81 86 0.078471
81 87 0.078471
81 88 0.078471
81 89 0.078471
81 90 0.078471
81 91 0.078471
81 92 0.078472
81 93 0.078472
81 94 0.078472
81 95 0.078472
81 96 0.078472
81 97 0.078472
81 98 0.078472
81 99 0.078472

82 0 0.078471
82 1 0.078471
82 2 0.078471
82 3 0.078471
82 4 0.078471
82 5 0.078471
82 6 0.078471
82 7 0.078471
82 8 0.078471
82 9 0.078471
82 10 0.078471
82 11 0.078471
82 12 0.078471
82 13 0.078471
82 14 0.078471
82 15 0.078471
82 16 0.078470
82 17 0.078470
82 18 0.078470
82 19 0.078470
82 20 0.078470
82 21 0.078470
82 22 0.078470
82 23 0.078470
82 24 0.078470
82 25 0.078470
82 26 0.078470
82 27 0.078469
82 28 0.078469
82 29 0.078469
82 30 0.078469
82 31 0.078469
82 32 0.078469
82 33 0.078469
82 34 0.078468
82 35 0.078468
82 36 0.078468
82 37 0.078468
82 38 0.078468
82 39 0.078468
82 40 0.078468
82 41 0.078467
82 42 0.078467
82 43 0.078467
82 44 0.078467
82 45 0.078467
82 46 0.078467
82 47 0.078467
82 48 0.078467
82 49 0.078467
82 50 0.078467
82 51 0.078467
82 52 0.078467
82 53 0.078467
82 54 0.078467
82 55 0.078467
82 56 0.078467
82 57 0.078467
82 58 0.078468
82 59 0.078468
82 60 0.078468
82 61 0.078468
82 62 0.078468
82 63 0.078468
82 64 0.078468
82 65 0.078469
82 66 0.078469
82 67 0.078469
82 68 0.078469
82 69 0.078469
82 70 0.078469
82 71 0.078469
82 72 0.078469
82 73 0.078470
82 74 0.078470
82 75 0.078470
82 76 0.078470
82 77 0.078470
82 78 0.078470
82 79 0.078470
82 80 0.078471
82 81 0.078471
82 82 0.078471
82 83 0.078471
82 84 0.078471
82 85 0.078471
82 86 0.078471
82 87 0.078471
82 88 0.078471
82 89 0.078471
82 90 0.078472
82 91 0.078472
82 92 0.078472
82 93 0.078472
82 94 0.078472
82 95 0.078472
82 96 0.078472
82 97 0.078472
82 98 0.078472
82 99 0.078472

83 0 0.078471
83 1 0.078472
83 2 0.078471
83 3 0.078471
83 4 0.078471
83 5 0.078471
83 6 0.078471
83 7 0.078471
83 8 0.078471
83 9 0.078471
83 10 0.078471
83 11 0.078471
83 12 0.078471
83 13 0.078471
83 14 0.078471
83 15 0.078471
83 16 0.078471
83 17 0.078471
83 18 0.078471
83 19 0.078471
83 20 0.078470
83 21 0.078470
83 22 0.078470
83 23 0.078470
83 24 0.078470
83 25 0.078470
83 26 0.078470
83 27 0.078470
83 28 0.078470
83 29 0.078469
83 30 0.078469
83 31 0.078469
83 32 0.078469
83 33 0.078469
83 34 0.078469
83 35 0.078468
83 36 0.078468
83 37 0.078468
83 38 0.078468
83 39 0.078468
83 40 0.078468
83 41 0.078468
83 42 0.078467
83 43 0.078467
83 44 0.078467
83 45 0.078467
83 46 0.078467
83 47 0.078467
83 48 0.078467
83 49 0.078467
83 50 0.078467
83 51 0.078467
83 52 0.078467
83 53 0.078467
83 54 0.078467
83 55 0.078467
83 56 0.078467
83 57 0.078468
83 58 0.078468
83 59 0.078468
83 60 0.078468
83 61 0.078468
83 62 0.078468
83 63 0.078468
83 64 0.078469
83 65 0.078469
83 66 0.078469
83 67 0.078469
83 68 0.078469
83 69 0.078469
83 70 0.078469
83 71 0.078469
83 72 0.078470
83 73 0.078470
83 74 0.078470
83 75 0.078470
83 76 0.078470
83 77 0.078470
83 78 0.078470
83 79 0.078471
83 80 0.078471
83 81 0.078471
83 82 0.078471
83 83 0.078471
83 84 0.078471
83 85 0.078471
83 86 0.078471
83 87 0.078471
83 88 0.078472
83 89 0.078472
83 90 0.078472
83 91 0.078472
83 92 0.078472
83 93 0.078472
83 94 0.078472
83 95 0.078472
83 96 0.078472
83 97 0.078472
83 98 0.078472
83 99 0.078472

84 0 0.078472
84 1 0.078472
84 2 0.078471
84 3 0.078472
84 4 0.078471
84 5 0.078472
84 6 0.078471
84 7 0.078472
84 8 0.078471
84 9 0.078471
84 10 0.078471
84 11 0.078471
84 12 0.078471
84 13 0.078471
84 14 0.078471
84 15 0.078471
84 16 0.078471
84 17 0.078471
84 18 0.078471
84 19 0.078471
84 20 0.078471
84 21 0.078471
84 22 0.078470
84 23 0.078470
84 24 0.078470
84 25 0.078470
84 26 0.078470
84 27 0.078470
84 28 0.078470
84 29 0.078470
84 30 0.078469
84 31 0.078469
84 32 0.078469
84 33 0.078469
84 34 0.078469
84 35 0.078469
84 36 0.078468
84 37 0.078468
84 38 0.078468
84 39 0.078468
84 40 0.078468
84 41 0.078468
84 42 0.078468
84 43 0.078467
84 44 0.078467
84 45 0.078467
84 46 0.078467
84 47 0.078467
84 48 0.078467
84 49 0.078467
84 50 0.078467
84 51 0.078467
84 52 0.078467
84 53 0.078467
84 54 0.078467
84 55 0.078468
84 56 0.078468
84 57 0.078468
84 58 0.078468
84 59 0.078468
84 60 0.078468
84 61 0.078468
84 62 0.078468
84 63 0.078469
84 64 0.078469
84 65 0.078469
84 66 0.078469
84 67 0.078469
84 68 0.078469
84 69 0.078469
84 70 0.078469
84 71 0.078470
84 72 0.078470
84 73 0.078470
84 74 0.078470
84 75 0.078470
84 76 0.078470
84 77 0.078471
84 78 0.078471
84 79 0.078471
84 80 0.078471
84 81 0.078471
84 82 0.078471
84 83 0.078471
84 84 0.078471
84 85 0.078471
84 86 0.078472
84 87 0.078472
84 88 0.078472
84 89 0.078472
84 90 0.078472
84 91 0.078472
84 92 0.078472
84 93 0.078472
84 94 0.078472
84 95 0.078472
84 96 0.078472
84 97 0.078472
84 98 0.078472
84 99 0.078472

85 0 0.078472
85 1 0.078472
85 2 0.078472
85 3 0.078472
85 4 0.078472
85 5 0.078472
85 6 0.078472
85 7 0.078472
85 8 0.078471
85 9 0.078471
85 10 0.078471
85 11 0.078471
85 12 0.078471
85 13 0.078471
85 14 0.078471
85 15 0.078471
85 16 0.078471
85 17 0.078471
85 18 0.078471
85 19 0.078471
85 20 0.078471
85 21 0.078471
85 22 0.078471
85 23 0.078471
85 24 0.078470
85 25 0.078470
85 26 0.078470
85 27 0.078470
85 28 0.078470
85 29 0.078470
85 30 0.078470
85 31 0.078469
85 32 0.078469
85 33 0.078469
85 34 0.078469
85 35 0.078469
85 36 0.078469
85 37 0.078468
85 38 0.078468
85 39 0.078468
85 40 0.078468
85 41 0.078468
85 42 0.078468
85 43 0.078468
85 44 0.078468
85 45 0.078467
85 46 0.078467
85 47 0.078467
85 48 0.078467
85 49 0.078467
85 50 0.078467
85 51 0.078467
85 52 0.078467
85 53 0.078467
85 54 0.078468
85 55 0.078468
85 56 0.078468
85 57 0.078468
85 58 0.078468
85 59 0.078468
85 60 0.078468
85 61 0.078468
85 62 0.078469
85 63 0.078469
85 64 0.078469
85 65 0.078469
85 66 0.078469
85 67 0.078469
85 68 0.078469
85 69 0.078470
85 70 0.078470
85 71 0.078470
85 72 0.078470
85 73 0.078470
85 74 0.078470
85 75 0.078470
85 76 0.078471
85 77 0.078471
85 78 0.078471
85 79 0.078471
85 80 0.078471
85 81 0.078471
85 82 0.078471
85 83 0.078471
85 84 0.078472
85 85 0.078472
85 86 0.078472
85 87 0.078472
85 88 0.078472
85 89 0.078472
85 90 0.078472
85 91 0.078472
85 92 0.078472
85 93 0.078473
85 94 0.078473
85 95 0.078473
85 96 0.078473
85 97 0.078473
85 98 0.078473
85 99 0.078473

86 0 0.078473
86 1 0.078473
86 2 0.078472
86 3 0.078473
86 4 0.078472
86 5 0.078473
86 6 0.078472
86 7 0.078472
86 8 0.078472
86 9 0.078472
86 10 0.078472
86 11 0.078472
86 12 0.078472
86 13 0.078472
86 14 0.078472
86 15 0.078472
86 16 0.078472
86 17 0.078472
86 18 0.078472
86 19 0.078472
86 20 0.078471
86 21 0.078471
86 22 0.078471
86 23 0.078471
86 24 0.078471
86 25 0.078471
86 26 0.078471
86 27 0.078470
86 28 0.078470
86 29 0.078470
86 30 0.078470
86 31 0.078470
86 32 0.078470
86 33 0.078469
86 34 0.078469
86 35 0.078469
86 36 0.078469
86 37 0.078469
86 38 0.078468
86 39 0.078468
86 40 0.078468
86 41 0.078468
86 42 0.078468
86 43 0.078468
86 44 0.078468
86 45 0.078468
86 46 0.078468
86 47 0.078468
86 48 0.078468
86 49 0.078468
86 50 0.078468
86 51 0.078468
86 52 0.078468
86 53 0.078468
86 54 0.078468
86 55 0.078468
86 56 0.078468
86 57 0.078468
86 58 0.078468
86 59 0.078468
86 60 0.078469
86 61 0.078469
86 62 0.078469
86 63 0.078469
86 64 0.078469
86 65 0.078469
86 66 0.078470
86 67 0.078470
86 68 0.078470
86 69 0.078470
86 70 0.078470
86 71 0.078470
86 72 0.078470
86 73 0.078471
86 74 0.078471
86 75 0.078471
86 76 0.078471
86 77 0.078471
86 78 0.078471
86 79 0.078472
86 80 0.078472
86 81 0.078472
86 82 0.078472
86 83 0.078472
86 84 0.078472
86 85 0.078472
86 86 0.078473
86 87 0.078473
86 88 0.078473
86 89 0.078473
86 90 0.078473
86 91 0.078473
86 92 0.078473
86 93 0.078473
86 94 0.078473
86 95 0.078473
86 96 0.078473
86 97 0.078473
86 98 0.078473
86 99 0.078473

87 0 0.078473
87 1 0.078473
87 2 0.078473
87 3 0.078473
87 4 0.078473
87 5 0.078473
87 6 0.078472
87 7 0.078473
87 8 0.078472
87 9 0.078472
87 10 0.078472
87 11 0.078472
87 12 0.078472
87 13 0.078472
87 14 0.078472
87 15 0.078472
87 16 0.078472
87 17 0.078472
87 18 0.078472
87 19 0.078472
87 20 0.078472
87 21 0.078472
87 22 0.078471
87 23 0.078471
87 24 0.078471
87 25 0.078471
87 26 0.078471
87 27 0.078471
87 28 0.078470
87 29 0.078470
87 30 0.078470
87 31 0.078470
87 32 0.078470
87 33 0.078470
87 34 0.078469
87 35 0.078469
87 36 0.078469
87 37 0.078469
87 38 0.078469
87 39 0.078468
87 40 0.078468
87 41 0.078468
87 42 0.078468
87 43 0.078468
87 44 0.078468
87 45 0.078468
87 46 0.078468
87 47 0.078468
87 48 0.078468
87 49 0.078468
87 50 0.078468
87 51 0.078468
87 52 0.078468
87 53 0.078468
87 54 0.078468
87 55 0.078468
87 56 0.078468
87 57 0.078468
87 58 0.078468
87 59 0.078469
87 60 0.078469
87 61 0.078469
87 62 0.078469
87 63 0.078469
87 64 0.078469
87 65 0.078470
87 66 0.078470
87 67 0.078470
87 68 0.078470
87 69 0.078470
87 70 0.078470
87 71 0.078470
87 72 0.078471
87 73 0.078471
87 74 0.078471
87 75 0.078471
87 76 0.078471
87 77 0.078471
87 78 0.078472
87 79 0.078472
87 80 0.078472
87 81 0.078472
87 82 0.078472
87 83 0.078472
87 84 0.078472
87 85 0.078473
87 86 0.078473
87 87 0.078473
87 88 0.078473
87 89 0.078473
87 90 0.078473
87 91 0.078473
87 92 0.078473
87 93 0.078473
87 94 0.078473
87 95 0.078473
87 96 0.078473
87 97 0.078473
87 98 0.078473
87 99 0.078473

88 0 0.078473
88 1 0.078473
88 2 0.078473
88 3 0.078473
88 4 0.078473
88 5 0.078473
88 6 0.078473
88 7 0.078473
88 8 0.078473
88 9 0.078473
88 10 0.078473
88 11 0.078473
88 12 0.078472
88 13 0.078473
88 14 0.078472
88 15 0.078472
88 16 0.078472
88 17 0.078472
88 18 0.078472
88 19 0.078472
88 20 0.078472
88 21 0.078472
88 22 0.078472
88 23 0.078472
88 24 0.078471
88 25 0.078471
88 26 0.078471
88 27 0.078471
88 28 0.078471
88 29 0.078471
88 30 0.078470
88 31 0.078470
88 32 0.078470
88 33 0.078470
88 34 0.078470
88 35 0.078469
88 36 0.078469
88 37 0.078469
88 38 0.078469
88 39 0.078469
88 40 0.078468
88 41 0.078468
88 42 0.078468
88 43 0.078468
88 44 0.078468
88 45 0.078468
88 46 0.078468
88 47 0.078468
88 48 0.078468
88 49 0.078468
88 50 0.078468
88 51 0.078468
88 52 0.078468
88 53 0.078468
88 54 0.078468
88 55 0.078468
88 56 0.078468
88 57 0.078468
88 58 0.078469
88 59 0.078469
88 60 0.078469
88 61 0.078469
88 62 0.078469
88 63 0.078469
88 64 0.078470
88 65 0.078470
88 66 0.078470
88 67 0.078470
88 68 0.078470
88 69 0.078470
88 70 0.078471
88 71 0.078471
88 72 0.078471
88 73 0.078471
88 74 0.078471
88 75 0.078471
88 76 0.078472
88 77 0.078472
88 78 0.078472
88 79 0.078472
88 80 0.078472
88 81 0.078472
88 82 0.078472
88 83 0.078473
88 84 0.078473
88 85 0.078473
88 86 0.078473
88 87 0.078473
88 88 0.078473
88 89 0.078473
88 90 0.078473
88 91 0.078473
88 92 0.078474
88 93 0.078474
88 94 0.078474
88 95 0.078474
88 96 0.078474
88 97 0.078474
88 98 0.078474
88 99 0.078474

89 0 0.078473
89 1 0.078473
89 2 0.078473
89 3 0.078473
89 4 0.078473
89 5 0.078473
89 6 0.078473
89 7 0.078473
89 8 0.078473
89 9 0.078473
89 10 0.078473
89 11 0.078473
89 12 0.078473
89 13 0.078473
89 14 0.078472
89 15 0.078472
89 16 0.078472
89 17 0.078472
89 18 0.078472
89 19 0.078472
89 20 0.078472
89 21 0.078472
89 22 0.078472
89 23 0.078472
89 24 0.078472
89 25 0.078471
89 26 0.078471
89 27 0.078471
89 28 0.078471
89 29 0.078471
89 30 0.078471
89 31 0.078470
89 32 0.078470
89 33 0.078470
89 34 0.078470
89 35 0.078470
89 36 0.078469
89 37 0.078469
89 38 0.078469
89 39 0.078469
89 40 0.078469
89 41 0.078469
89 42 0.078468
89 43 0.078468
89 44 0.078468
89 45 0.078468
89 46 0.078468
89 47 0.078468
89 48 0.078468
89 49 0.078468
89 50 0.078468
89 51 0.078468
89 52 0.078468
89 53 0.078468
89 54 0.078468
89 55 0.078468
89 56 0.078469
89 57 0.078469
89 58 0.078469
89 59 0.078469
89 60 0.078469
89 61 0.078469
89 62 0.078469
89 63 0.078470
89 64 0.078470
89 65 0.078470
89 66 0.078470
89 67 0.078470
89 68 0.078470
89 69 0.078471
89 70 0.078471
89 71 0.078471
89 72 0.078471
89 73 0.078471
89 74 0.078471
89 75 0.078472
89 76 0.078472
89 77 0.078472
89 78 0.078472
89 79 0.078472
89 80 0.078472
89 81 0.078473
89 82 0.078473
89 83 0.078473
89 84 0.078473
89 85 0.078473
89 86 0.078473
89 87 0.078473
89 88 0.078474
89 89 0.078474
89 90 0.078474
89 91 0.078474
89 92 0.078474
89 93 0.078474
89 94 0.078474
89 95 0.078474
89 96 0.078474
89 97 0.078474
89 98 0.078474
89 99 0.078474

90 0 0.078473
90 1 0.078474
90 2 0.078473
90 3 0.078474
90 4 0.078473
90 5 0.078474
90 6 0.078473
90 7 0.078473
90 8 0.078473
90 9 0.078473
90 10 0.078473
90 11 0.078473
90 12 0.078473
90 13 0.078473
90 14 0.078473
90 15 0.078473
90 16 0.078473
90 17 0.078473
90 18 0.078473
90 19 0.078473
90 20 0.078472
90 21 0.078472
90 22 0.078472
90 23 0.078472
90 24 0.078472
90 25 0.078472
90 26 0.078472
90 27 0.078471
90 28 0.078471
90 29 0.078471
90 30 0.078471
90 31 0.078471
90 32 0.078470
90 33 0.078470
90 34 0.078470
90 35 0.078470
90 36 0.078469
90 37 0.078469
90 38 0.078469
90 39 0.078469
90 40 0.078469
90 41 0.078469
90 42 0.078468
90 43 0.078468
90 44 0.078468
90 45 0.078468
90 46 0.078468
90 47 0.078468
90 48 0.078468
90 49 0.078468
90 50 0.078468
90 51 0.078468
90 52 0.078468
90 53 0.078468
90 54 0.078468
90 55 0.078469
90 56 0.078469
90 57 0.078469
90 58 0.078469
90 59 0.078469
90 60 0.078469
90 61 0.078469
90 62 0.078470
90 63 0.078470
90 64 0.078470
90 65 0.078470
90 66 0.078470
90 67 0.078470
90 68 0.078471
90 69 0.078471
90 70 0.078471
90 71 0.078471
90 72 0.078471
90 73 0.078471
90 74 0.078472
90 75 0.078472
90 76 0.078472
90 77 0.078472
90 78 0.078472
90 79 0.078472
90 80 0.078473
90 81 0.078473
90 82 0.078473
90 83 0.078473
90 84 0.078473
90 85 0.078473
90 86 0.078474
90 87 0.078474
90 88 0.078474
90 89 0.078474
90 90 0.078474
90 91 0.078474
90 92 0.078474
90 93 0.078474
90 94 0.078474
90 95 0.078474
90 96 0.078474
90 97 0.078474
90 98 0.078475
90 99 0.078474

91 0 0.078473
91 1 0.078474
91 2 0.078474
91 3 0.078474
91 4 0.078473
91 5 0.078474
91 6 0.078473
91 7 0.078473
91 8 0.078473
91 9 0.078473
91 10 0.078473
91 11 0.078473
91 12 0.078473
91 13 0.078473
91 14 0.078473
91 15 0.078473
91 16 0.078473
91 17 0.078473
91 18 0.078473
91 19 0.078473
91 20 0.078472
91 21 0.078472
91 22 0.078472
91 23 0.078472
91 24 0.078472
91 25 0.078472
91 26 0.078472
91 27 0.078471
91 28 0.078471
91 29 0.078471
91 30 0.078471
91 31 0.078471
91 32 0.078470
91 33 0.078470
91 34 0.078470
91 35 0.078470
91 36 0.078470
91 37 0.078469
91 38 0.078469
91 39 0.078469
91 40 0.078469
91 41 0.078469
91 42 0.078469
91 43 0.078468
91 44 0.078468
91 45 0.078468
91 46 0.078468
91 47 0.078468
91 48 0.078468
91 49 0.078468
91 50 0.078468
91 51 0.078468
91 52 0.078468
91 53 0.078468
91 54 0.078469
91 55 0.078469
91 56 0.078469
91 57 0.078469
91 58 0.078469
91 59 0.078469
91 60 0.078469
91 61 0.078470
91 62 0.078470
91 63 0.078470
91 64 0.078470
91 65 0.078470
91 66 0.078470
91 67 0.078470
91 68 0.078471
91 69 0.078471
91 70 0.078471
91 71 0.078471
91 72 0.078471
91 73 0.078472
91 74 0.078472
91 75 0.078472
91 76 0.078472
91 77 0.078472
91 78 0.078472
91 79 0.078473
91 80 0.078473
91 81 0.078473
91 82 0.078473
91 83 0.078473
91 84 0.078473
91 85 0.078473
91 86 0.078474
91 87 0.078474
91 88 0.078474
91 89 0.078474
91 90 0.078474
91 91 0.078474
91 92 0.078474
91 93 0.078474
91 94 0.078474
91 95 0.078474
91 96 0.078474
91 97 0.078474
91 98 0.078475
91 99 0.078474

92 0 0.078474
92 1 0.078474
92 2 0.078474
92 3 0.078474
92 4 0.078474
92 5 0.078474
92 6 0.078474
92 7 0.078474
92 8 0.078474
92 9 0.078474
92 10 0.078473
92 11 0.078473
92 12 0.078473
92 13 0.078473
92 14 0.078473
92 15 0.078473
92 16 0.078473
92 17 0.078473
92 18 0.078473
92 19 0.078473
92 20 0.078473
92 21 0.078473
92 22 0.078472
92 23 0.078472
92 24 0.078472
92 25 0.078472
92 26 0.078472
92 27 0.078472
92 28 0.078472
92 29 0.078471
92 30 0.078471
92 31 0.078471
92 32 0.078471
92 33 0.078470
92 34 0.078470
92 35 0.078470
92 36 0.078470
92 37 0.078469
92 38 0.078469
92 39 0.078469
92 40 0.078469
92 41 0.078469
92 42 0.078469
92 43 0.078469
92 44 0.078468
92 45 0.078468
92 46 0.078468
92 47 0.078468
92 48 0.078468
92 49 0.078468
92 50 0.078468
92 51 0.078468
92 52 0.078468
92 53 0.078469
92 54 0.078469
92 55 0.078469
92 56 0.078469
92 57 0.078469
92 58 0.078469
92 59 0.078469
92 60 0.078470
92 61 0.078470
92 62 0.078470
92 63 0.078470
92 64 0.078470
92 65 0.078470
92 66 0.078470
92 67 0.078471
92 68 0.078471
92 69 0.078471
92 70 0.078471
92 71 0.078471
92 72 0.078472
92 73 0.078472
92 74 0.078472
92 75 0.078472
92 76 0.078472
92 77 0.078472
92 78 0.078473
92 79 0.078473
92 80 0.078473
92 81 0.078473
92 82 0.078473
92 83 0.078473
92 84 0.078474
92 85 0.078474
92 86 0.078474
92 87 0.078474
92 88 0.078474
92 89 0.078474
92 90 0.078474
92 91 0.078474
92 92 0.078475
92 93 0.078474
92 94 0.078475
92 95 0.078475
92 96 0.078475
92 97 0.078475
92 98 0.078475
92 99 0.078475

93 0 0.078474
93 1 0.078474
93 2 0.078474
93 3 0.078474
93 4 0.078474
93 5 0.078474
93 6 0.078474
93 7 0.078474
93 8 0.078474
93 9 0.078474
93 10 0.078473
93 11 0.078473
93 12 0.078473
93 13 0.078473
93 14 0.078473
93 15 0.078473
93 16 0.078473
93 17 0.078473
93 18 0.078473
93 19 0.078473
93 20 0.078473
93 21 0.078473
93 22 0.078473
93 23 0.078472
93 24 0.078472
93 25 0.078472
93 26 0.078472
93 27 0.078472
93 28 0.078472
93 29 0.078471
93 30 0.078471
93 31 0.078471
93 32 0.078471
93 33 0.078470
93 34 0.078470
93 35 0.078470
93 36 0.078470
93 37 0.078470
93 38 0.078469
93 39 0.078469
93 40 0.078469
93 41 0.078469
93 42 0.078469
93 43 0.078469
93 44 0.078468
93 45 0.078468
93 46 0.078468
93 47 0.078468
93 48 0.078468
93 49 0.078468
93 50 0.078468
93 51 0.078468
93 52 0.078468
93 53 0.078469
93 54 0.078469
93 55 0.078469
93 56 0.078469
93 57 0.078469
93 58 0.078469
93 59 0.078469
93 60 0.078470
93 61 0.078470
93 62 0.078470
93 63 0.078470
93 64 0.078470
93 65 0.078470
93 66 0.078471
93 67 0.078471
93 68 0.078471
93 69 0.078471
93 70 0.078471
93 71 0.078471
93 72 0.078472
93 73 0.078472
93 74 0.078472
93 75 0.078472
93 76 0.078472
93 77 0.078472
93 78 0.078473
93 79 0.078473
93 80 0.078473
93 81 0.078473
93 82 0.078473
93 83 0.078473
93 84 0.078474
93 85 0.078474
93 86 0.078474
93 87 0.078474
93 88 0.078474
93 89 0.078474
93 90 0.078474
93 91 0.078474
93 92 0.078475
93 93 0.078475
93 94 0.078475
93 95 0.078475
93 96 0.078475
93 97 0.078475
93 98 0.078475
93 99 0.078475

94 0 0.078474
94 1 0.078474
94 2 0.078474
94 3 0.078474
94 4 0.078474
94 5 0.078474
94 6 0.078474
94 7 0.078474
94 8 0.078474
94 9 0.078474
94 10 0.078474
94 11 0.078474
94 12 0.078474
94 13 0.078474
94 14 0.078473
94 15 0.078473
94 16 0.078473
94 17 0.078473
94 18 0.078473
94 19 0.078473
94 20 0.078473
94 21 0.078473
94 22 0.078473
94 23 0.078473
94 24 0.078473
94 25 0.078472
94 26 0.078472
94 27 0.078472
94 28 0.078472
94 29 0.078472
94 30 0.078471
94 31 0.078471
94 32 0.078471
94 33 0.078471
94 34 0.078470
94 35 0.078470
94 36 0.078470
94 37 0.078470
94 38 0.078469
94 39 0.078469
94 40 0.078469
94 41 0.078469
94 42 0.078469
94 43 0.078469
94 44 0.078469
94 45 0.078468
94 46 0.078468
94 47 0.078468
94 48 0.078468
94 49 0.078468
94 50 0.078468
94 51 0.078468
94 52 0.078469
94 53 0.078469
94 54 0.078469
94 55 0.078469
94 56 0.078469
94 57 0.078469
94 58 0.078469
94 59 0.078470
94 60 0.078470
94 61 0.078470
94 62 0.078470
94 63 0.078470
94 64 0.078470
94 65 0.078471
94 66 0.078471
94 67 0.078471
94 68 0.078471
94 69 0.078471
94 70 0.078472
94 71 0.078472
94 72 0.078472
94 73 0.078472
94 74 0.078472
94 75 0.078472
94 76 0.078473
94 77 0.078473
94 78 0.078473
94 79 0.078473
94 80 0.078473
94 81 0.078473
94 82 0.078474
94 83 0.078474
94 84 0.078474
94 85 0.078474
94 86 0.078474
94 87 0.078474
94 88 0.078475
94 89 0.078475
94 90 0.078475
94 91 0.078475
94 92 0.078475
94 93 0.078475
94 94 0.078475
94 95 0.078475
94 96 0.078475
94 97 0.078475
94 98 0.078475
94 99 0.078475

95 0 0.078474
95 1 0.078474
95 2 0.078474
95 3 0.078474
95 4 0.078474
95 5 0.078474
95 6 0.078474
95 7 0.078474
95 8 0.078474
95 9 0.078474
95 10 0.078474
95 11 0.078474
95 12 0.078473
95 13 0.078473
95 14 0.078473
95 15 0.078473
95 16 0.078473
95 17 0.078473
95 18 0.078473
95 19 0.078473
95 20 0.078473
95 21 0.078473
95 22 0.078473
95 23 0.078473
95 24 0.078472
95 25 0.078472
95 26 0.078472
95 27 0.078472
95 28 0.078472
95 29 0.078472
95 30 0.078471
95 31 0.078471
95 32 0.078471
95 33 0.078471
95 34 0.078470
95 35 0.078470
95 36 0.078470
95 37 0.078470
95 38 0.078469
95 39 0.078469
95 40 0.078469
95 41 0.078469
95 42 0.078469
95 43 0.078469
95 44 0.078469
95 45 0.078468
95 46 0.078468
95 47 0.078468
95 48 0.078468
95 49 0.078468
95 50 0.078468
95 51 0.078468
95 52 0.078469
95 53 0.078469
95 54 0.078469
95 55 0.078469
95 56 0.078469
95 57 0.078469
95 58 0.078469
95 59 0.078470
95 60 0.078470
95 61 0.078470
95 62 0.078470
95 63 0.078470
95 64 0.078470
95 65 0.078471
95 66 0.078471
95 67 0.078471
95 68 0.078471
95 69 0.078471
95 70 0.078472
95 71 0.078472
95 72 0.078472
95 73 0.078472
95 74 0.078472
95 75 0.078472
95 76 0.078473
95 77 0.078473
95 78 0.078473
95 79 0.078473
95 80 0.078473
95 81 0.078473
95 82 0.078474
95 83 0.078474
95 84 0.078474
95 85 0.078474
95 86 0.078474
95 87 0.078474
95 88 0.078474
95 89 0.078474
95 90 0.078475
95 91 0.078475
95 92 0.078475
95 93 0.078475
95 94 0.078475
95 95 0.078475
95 96 0.078475
95 97 0.078475
95 98 0.078475
95 99 0.078475

96 0 0.078474
96 1 0.078475
96 2 0.078474
96 3 0.078475
96 4 0.078474
96 5 0.078474
96 6 0.078474
96 7 0.078474
96 8 0.078474
96 9 0.078474
96 10 0.078474
96 11 0.078474
96 12 0.078474
96 13 0.078474
96 14 0.078474
96 15 0.078474
96 16 0.078473
96 17 0.078473
96 18 0.078473
96 19 0.078473
96 20 0.078473
96 21 0.078473
96 22 0.078473
96 23 0.078473
96 24 0.078473
96 25 0.078473
96 26 0.078472
96 27 0.078472
96 28 0.078472
96 29 0.078472
96 30 0.078472
96 31 0.078471
96 32 0.078471
96 33 0.078471
96 34 0.078470
96 35 0.078470
96 36 0.078470
96 37 0.078470
96 38 0.078469
96 39 0.078469
96 40 0.078469
96 41 0.078469
96 42 0.078469
96 43 0.078469
96 44 0.078469
96 45 0.078468
96 46 0.078468
96 47 0.078468
96 48 0.078468
96 49 0.078468
96 50 0.078468
96 51 0.078469
96 52 0.078469
96 53 0.078469
96 54 0.078469
96 55 0.078469
96 56 0.078469
96 57 0.078469
96 58 0.078469
96 59 0.078470
96 60 0.078470
96 61 0.078470
96 62 0.078470
96 63 0.078470
96 64 0.078471
96 65 0.078471
96 66 0.078471
96 67 0.078471
96 68 0.078471
96 69 0.078471
96 70 0.078472
96 71 0.078472
96 72 0.078472
96 73 0.078472
96 74 0.078472
96 75 0.078473
96 76 0.078473
96 77 0.078473
96 78 0.078473
96 79 0.078473
96 80 0.078473
96 81 0.078474
96 82 0.078474
96 83 0.078474
96 84 0.078474
96 85 0.078474
96 86 0.078474
96 87 0.078475
96 88 0.078475
96 89 0.078475
96 90 0.078475
96 91 0.078475
96 92 0.078475
96 93 0.078475
96 94 0.078475
96 95 0.078475
96 96 0.078475
96 97 0.078475
96 98 0.078476
96 99 0.078475

97 0 0.078474
97 1 0.078475
97 2 0.078474
97 3 0.078474
97 4 0.078474
97 5 0.078474
97 6 0.078474
97 7 0.078474
97 8 0.078474
97 9 0.078474
97 10 0.078474
97 11 0.078474
97 12 0.078473
97 13 0.078474
97 14 0.078473
97 15 0.078473
97 16 0.078473
97 17 0.078473
97 18 0.078473
97 19 0.078473
97 20 0.078473
97 21 0.078473
97 22 0.078473
97 23 0.078473
97 24 0.078473
97 25 0.078472
97 26 0.078472
97 27 0.078472
97 28 0.078472
97 29 0.078472
97 30 0.078471
97 31 0.078471
97 32 0.078471
97 33 0.078471
97 34 0.078470
97 35 0.078470
97 36 0.078470
97 37 0.078470
97 38 0.078469
97 39 0.078469
97 40 0.078469
97 41 0.078469
97 42 0.078469
97 43 0.078469
97 44 0.078469
97 45 0.078468
97 46 0.078468
97 47 0.078468
97 48 0.078468
97 49 0.078468
97 50 0.078468
97 51 0.078468
97 52 0.078469
97 53 0.078469
97 54 0.078469
97 55 0.078469
97 56 0.078469
97 57 0.078469
97 58 0.078469
97 59 0.078470
97 60 0.078470
97 61 0.078470
97 62 0.078470
97 63 0.078470
97 64 0.078470
97 65 0.078471
97 66 0.078471
97 67 0.078471
97 68 0.078471
97 69 0.078471
97 70 0.078472
97 71 0.078472
97 72 0.078472
97 73 0.078472
97 74 0.078472
97 75 0.078472
97 76 0.078473
97 77 0.078473
97 78 0.078473
97 79 0.078473
97 80 0.078473
97 81 0.078473
97 82 0.078474
97 83 0.078474
97 84 0.078474
97 85 0.078474
97 86 0.078474
97 87 0.078474
97 88 0.078475
97 89 0.078475
97 90 0.078475
97 91 0.078475
97 92 0.078475
97 93 0.078475
97 94 0.078475
97 95 0.078475
97 96 0.078475
97 97 0.078475
97 98 0.078475
97 99 0.078475

98 0 0.078475
98 1 0.078475
98 2 0.078475
98 3 0.078475
98 4 0.078474
98 5 0.078475
98 6 0.078474
98 7 0.078474
98 8 0.078474
98 9 0.078474
98 10 0.078474
98 11 0.078474
98 12 0.078474
98 13 0.078474
98 14 0.078474
98 15 0.078474
98 16 0.078474
98 17 0.078474
98 18 0.078473
98 19 0.078473
98 20 0.078473
98 21 0.078473
98 22 0.078473
98 23 0.078473
98 24 0.078473
98 25 0.078473
98 26 0.078473
98 27 0.078472
98 28 0.078472
98 29 0.078472
98 30 0.078472
98 31 0.078471
98 32 0.078471
98 33 0.078471
98 34 0.078470
98 35 0.078470
98 36 0.078470
98 37 0.078470
98 38 0.078469
98 39 0.078469
98 40 0.078469
98 41 0.078469
98 42 0.078469
98 43 0.078469
98 44 0.078468
98 45 0.078468
98 46 0.078468
98 47 0.078468
98 48 0.078468
98 49 0.078468
98 50 0.078468
98 51 0.078468
98 52 0.078469
98 53 0.078469
98 54 0.078469
98 55 0.078469
98 56 0.078469
98 57 0.078469
98 58 0.078469
98 59 0.078470
98 60 0.078470
98 61 0.078470
98 62 0.078470
98 63 0.078470
98 64 0.078471
98 65 0.078471
98 66 0.078471
98 67 0.078471
98 68 0.078471
98 69 0.078472
98 70 0.078472
98 71 0.078472
98 72 0.078472
98 73 0.078472
98 74 0.078472
98 75 0.078473
98 76 0.078473
98 77 0.078473
98 78 0.078473
98 79 0.078473
98 80 0.078474
98 81 0.078474
98 82 0.078474
98 83 0.078474
98 84 0.078474
98 85 0.078474
98 86 0.078475
98 87 0.078475
98 88 0.078475
98 89 0.078475
98 90 0.078475
98 91 0.078475
98 92 0.078475
98 93 0.078475
98 94 0.078476
98 95 0.078475
98 96 0.078476
98 97 0.078475
98 98 0.078476
98 99 0.078476

99 0 0.078475
99 1 0.078475
99 2 0.078474
99 3 0.078475
99 4 0.078474
99 5 0.078474
99 6 0.078474
99 7 0.078474
99 8 0.078474
99 9 0.078474
99 10 0.078474
99 11 0.078474
99 12 0.078473
99 13 0.078473
99 14 0.078473
99 15 0.078473
99 16 0.078473
99 17 0.078473
99 18 0.078473
99 19 0.078473
99 20 0.078473
99 21 0.078473
99 22 0.078473
99 23 0.078473
99 24 0.078473
99 25 0.078473
99 26 0.078472
99 27 0.078472
99 28 0.078472
99 29 0.078472
99 30 0.078472
99 31 0.078471
99 32 0.078471
99 33 0.078471
99 34 0.078470
99 35 0.078470
99 36 0.078470
99 37 0.078470
99 38 0.078469
99 39 0.078469
99 40 0.078469
99 41 0.078469
99 42 0.078469
99 43 0.078469
99 44 0.078468
99 45 0.078468
99 46 0.078468
99 47 0.078468
99 48 0.078468
99 49 0.078468
99 50 0.078468
99 51 0.078468
99 52 0.078469
99 53 0.078469
99 54 0.078469
99 55 0.078469
99 56 0.078469
99 57 0.078469
99 58 0.078469
99 59 0.078470
99 60 0.078470
99 61 0.078470
99 62 0.078470
99 63 0.078470
99 64 0.078471
99 65 0.078471
99 66 0.078471
99 67 0.078471
99 68 0.078471
99 69 0.078471
99 70 0.078472
99 71 0.078472
99 72 0.078472
99 73 0.078472
99 74 0.078472
99 75 0.078473
99 76 0.078473
99 77 0.078473
99 78 0.078473
99 79 0.078473
99 80 0.078473
99 81 0.078473
99 82 0.078474
99 83 0.078474
99 84 0.078474
99 85 0.078474
99 86 0.078474
99 87 0.078474
99 88 0.078475
99 89 0.078475
99 90 0.078475
99 91 0.078475
99 92 0.078475
99 93 0.078475
99 94 0.078475
99 95 0.078475
99 96 0.078475
99 97 0.078475
99 98 0.078476
99 99 0.078476

