0 0 0.078475
0 1 0.078475
0 2 0.078475
0 3 0.078476
0 4 0.078476
0 5 0.078476
0 6 0.078476
0 7 0.078477
0 8 0.078476
0 9 0.078476
0 10 0.078476
0 11 0.078476
0 12 0.078475
0 13 0.078475
0 14 0.078475
0 15 0.078475
0 16 0.078475
0 17 0.078475
0 18 0.078475
0 19 0.078474
0 20 0.078474
0 21 0.078473
0 22 0.078472
0 23 0.078472
0 24 0.078472
0 25 0.078472
0 26 0.078472
0 27 0.078472
0 28 0.078472
0 29 0.078472
0 30 0.078472
0 31 0.078471
0 32 0.078471
0 33 0.078471
0 34 0.078470
0 35 0.078470
0 36 0.078470
0 37 0.078470
0 38 0.078470
0 39 0.078471
0 40 0.078470
0 41 0.078470
0 42 0.078470
0 43 0.078469
0 44 0.078469
0 45 0.078468
0 46 0.078468
0 47 0.078468
0 48 0.078468
0 49 0.078468
0 50 0.078468
0 51 0.078469
0 52 0.078469
0 53 0.078469
0 54 0.078469
0 55 0.078469
0 56 0.078469
0 57 0.078469
0 58 0.078469
0 59 0.078469
0 60 0.078470
0 61 0.078470
0 62 0.078470
0 63 0.078470
0 64 0.078471
0 65 0.078471
0 66 0.078471
0 67 0.078471
0 68 0.078471
0 69 0.078472
0 70 0.078472
0 71 0.078472
0 72 0.078472
0 73 0.078473
0 74 0.078473
0 75 0.078473
0 76 0.078473
0 77 0.078473
0 78 0.078474
0 79 0.078474
0 80 0.078474
0 81 0.078474
0 82 0.078474
0 83 0.078475
0 84 0.078475
0 85 0.078475
0 86 0.078475
0 87 0.078475
0 88 0.078475
0 89 0.078475
0 90 0.078475
0 91 0.078475
0 92 0.078475
0 93 0.078475
0 94 0.078476
0 95 0.078476
0 96 0.078476
0 97 0.078476
0 98 0.078476
0 99 0.078476

1 0 0.078475
1 1 0.078461
1 2 0.078472
1 3 0.078464
1 4 0.078469
1 5 0.078465
1 6 0.078468
1 7 0.078466
1 8 0.078467
1 9 0.078466
1 10 0.078466
1 11 0.078466
1 12 0.078466
1 13 0.078466
1 14 0.078466
1 15 0.078466
1 16 0.078466
1 17 0.078466
1 18 0.078466
1 19 0.078466
1 20 0.078466
1 21 0.078466
1 22 0.078466
1 23 0.078466
1 24 0.078466
1 25 0.078466
1 26 0.078467
1 27 0.078467
1 28 0.078467
1 29 0.078467
1 30 0.078467
1 31 0.078467
1 32 0.078467
1 33 0.078467
1 34 0.078467
1 35 0.078467
1 36 0.078467
1 37 0.078467
1 38 0.078467
1 39 0.078467
1 40 0.078468
1 41 0.078468
1 42 0.078468
1 43 0.078468
1 44 0.078468
1 45 0.078468
1 46 0.078468
1 47 0.078468
1 48 0.078468
1 49 0.078468
1 50 0.078468
1 51 0.078468
1 52 0.078468
1 53 0.078468
1 54 0.078468
1 55 0.078468
1 56 0.078468
1 57 0.078468
1 58 0.078468
1 59 0.078468
1 60 0.078468
1 61 0.078468
1 62 0.078468
1 63 0.078467
1 64 0.078467
1 65 0.078467
1 66 0.078467
1 67 0.078467
1 68 0.078467
1 69 0.078467
1 70 0.078467
1 71 0.078467
1 72 0.078467
1 73 0.078467
1 74 0.078467
1 75 0.078467
1 76 0.078466
1 77 0.078466
1 78 0.078466
1 79 0.078466
1 80 0.078466
1 81 0.078466
1 82 0.078466
1 83 0.078466
1 84 0.078466
1 85 0.078466
1 86 0.078466
1 87 0.078466
1 88 0.078466
1 89 0.078466
1 90 0.078466
1 91 0.078467
1 92 0.078466
1 93 0.078468
1 94 0.078465
1 95 0.078469
1 96 0.078464
1 97 0.078472
1 98 0.078461
1 99 0.078476

2 0 0.078475
2 1 0.078472
2 2 0.078475
2 3 0.078473
2 4 0.078475
2 5 0.078474
2 6 0.078475
2 7 0.078474
2 8 0.078475
2 9 0.078474
2 10 0.078474
2 11 0.078474
2 12 0.078474
2 13 0.078473
2 14 0.078473
2 15 0.078473
2 16 0.078473
2 17 0.078473
2 18 0.078473
2 19 0.078473
2 20 0.078473
2 21 0.078472
2 22 0.078472
2 23 0.078471
2 24 0.078471
2 25 0.078471
2 26 0.078471
2 27 0.078471
2 28 0.078472
2 29 0.078472
2 30 0.078471
2 31 0.078471
2 32 0.078471
2 33 0.078470
2 34 0.078470
2 35 0.078470
2 36 0.078470
2 37 0.078470
2 38 0.078471
2 39 0.078471
2 40 0.078471
2 41 0.078470
2 42 0.078470
2 43 0.078470
2 44 0.078469
2 45 0.078469
2 46 0.078469
2 47 0.078469
2 48 0.078469
2 49 0.078469
2 50 0.078469
2 51 0.078469
2 52 0.078469
2 53 0.078469
2 54 0.078469
2 55 0.078469
2 56 0.078469
2 57 0.078469
2 58 0.078470
2 59 0.078470
2 60 0.078470
2 61 0.078470
2 62 0.078470
2 63 0.078470
2 64 0.078471
2 65 0.078471
2 66 0.078471
2 67 0.078471
2 68 0.078471
2 69 0.078471
2 70 0.078472
2 71 0.078472
2 72 0.078472
2 73 0.078472
2 74 0.078472
2 75 0.078472
2 76 0.078472
2 77 0.078473
2 78 0.078473
2 79 0.078473
2 80 0.078473
2 81 0.078473
2 82 0.078473
2 83 0.078473
2 84 0.078473
2 85 0.078473
2 86 0.078473
2 87 0.078473
2 88 0.078473
2 89 0.078473
2 90 0.078473
2 91 0.078474
2 92 0.078473
2 93 0.078474
2 94 0.078473
2 95 0.078474
2 96 0.078472
2 97 0.078475
2 98 0.078472
2 99 0.078475

3 0 0.078475
3 1 0.078464
3 2 0.078473
3 3 0.078466
3 4 0.078471
3 5 0.078467
3 6 0.078469
3 7 0.078468
3 8 0.078469
3 9 0.078468
3 10 0.078468
3 11 0.078468
3 12 0.078468
3 13 0.078467
3 14 0.078467
3 15 0.078468
3 16 0.078468
3 17 0.078468
3 18 0.078468
3 19 0.078468
3 20 0.078468
3 21 0.078468
3 22 0.078467
3 23 0.078467
3 24 0.078468
3 25 0.078468
3 26 0.078468
3 27 0.078468
3 28 0.078468
3 29 0.078468
3 30 0.078468
3 31 0.078468
3 32 0.078468
3 33 0.078468
3 34 0.078468
3 35 0.078468
3 36 0.078468
3 37 0.078468
3 38 0.078468
3 39 0.078468
3 40 0.078468
3 41 0.078468
3 42 0.078468
3 43 0.078468
3 44 0.078468
3 45 0.078468
3 46 0.078468
3 47 0.078469
3 48 0.078469
3 49 0.078469
3 50 0.078469
3 51 0.078469
3 52 0.078468
3 53 0.078468
3 54 0.078468
3 55 0.078468
3 56 0.078468
3 57 0.078468
3 58 0.078468
3 59 0.078468
3 60 0.078468
3 61 0.078468
3 62 0.078468
3 63 0.078468
3 64 0.078468
3 65 0.078468
3 66 0.078468
3 67 0.078468
3 68 0.078468
3 69 0.078468
3 70 0.078468
3 71 0.078468
3 72 0.078468
3 73 0.078468
3 74 0.078468
3 75 0.078468
3 76 0.078468
3 77 0.078468
3 78 0.078468
3 79 0.078468
3 80 0.078468
3 81 0.078468
3 82 0.078468
3 83 0.078468
3 84 0.078468
3 85 0.078468
3 86 0.078468
3 87 0.078468
3 88 0.078468
3 89 0.078468
3 90 0.078468
3 91 0.078468
3 92 0.078467
3 93 0.078469
3 94 0.078467
3 95 0.078470
3 96 0.078466
3 97 0.078472
3 98 0.078464
3 99 0.078476

4 0 0.078476
4 1 0.078469
4 2 0.078475
4 3 0.078471
4 4 0.078474
4 5 0.078472
4 6 0.078474
4 7 0.078473
4 8 0.078473
4 9 0.078473
4 10 0.078473
4 11 0.078472
4 12 0.078472
4 13 0.078472
4 14 0.078472
4 15 0.078472
4 16 0.078472
4 17 0.078472
4 18 0.078472
4 19 0.078472
4 20 0.078472
4 21 0.078471
4 22 0.078471
4 23 0.078471
4 24 0.078471
4 25 0.078471
4 26 0.078471
4 27 0.078471
4 28 0.078471
4 29 0.078471
4 30 0.078471
4 31 0.078471
4 32 0.078470
4 33 0.078470
4 34 0.078470
4 35 0.078470
4 36 0.078470
4 37 0.078470
4 38 0.078470
4 39 0.078470
4 40 0.078470
4 41 0.078470
4 42 0.078470
4 43 0.078470
4 44 0.078470
4 45 0.078469
4 46 0.078470
4 47 0.078470
4 48 0.078470
4 49 0.078470
4 50 0.078469
4 51 0.078469
4 52 0.078469
4 53 0.078469
4 54 0.078469
4 55 0.078470
4 56 0.078470
4 57 0.078470
4 58 0.078470
4 59 0.078470
4 60 0.078470
4 61 0.078470
4 62 0.078470
4 63 0.078470
4 64 0.078470
4 65 0.078471
4 66 0.078471
4 67 0.078471
4 68 0.078471
4 69 0.078471
4 70 0.078471
4 71 0.078471
4 72 0.078471
4 73 0.078471
4 74 0.078471
4 75 0.078472
4 76 0.078472
4 77 0.078472
4 78 0.078472
4 79 0.078472
4 80 0.078472
4 81 0.078472
4 82 0.078472
4 83 0.078472
4 84 0.078472
4 85 0.078472
4 86 0.078472
4 87 0.078472
4 88 0.078472
4 89 0.078472
4 90 0.078472
4 91 0.078472
4 92 0.078472
4 93 0.078473
4 94 0.078471
4 95 0.078473
4 96 0.078470
4 97 0.078474
4 98 0.078469
4 99 0.078475

5 0 0.078476
5 1 0.078465
5 2 0.078473
5 3 0.078467
5 4 0.078472
5 5 0.078469
5 6 0.078471
5 7 0.078469
5 8 0.078470
5 9 0.078469
5 10 0.078469
5 11 0.078469
5 12 0.078469
5 13 0.078469
5 14 0.078469
5 15 0.078469
5 16 0.078469
5 17 0.078469
5 18 0.078469
5 19 0.078469
5 20 0.078469
5 21 0.078469
5 22 0.078469
5 23 0.078469
5 24 0.078469
5 25 0.078469
5 26 0.078469
5 27 0.078469
5 28 0.078469
5 29 0.078469
5 30 0.078469
5 31 0.078469
5 32 0.078469
5 33 0.078469
5 34 0.078469
5 35 0.078469
5 36 0.078469
5 37 0.078469
5 38 0.078469
5 39 0.078469
5 40 0.078469
5 41 0.078469
5 42 0.078469
5 43 0.078469
5 44 0.078469
5 45 0.078469
5 46 0.078469
5 47 0.078469
5 48 0.078469
5 49 0.078469
5 50 0.078469
5 51 0.078469
5 52 0.078469
5 53 0.078469
5 54 0.078469
5 55 0.078469
5 56 0.078469
5 57 0.078469
5 58 0.078469
5 59 0.078469
5 60 0.078469
5 61 0.078469
5 62 0.078469
5 63 0.078469
5 64 0.078469
5 65 0.078469
5 66 0.078469
5 67 0.078469
5 68 0.078469
5 69 0.078469
5 70 0.078469
5 71 0.078469
5 72 0.078469
5 73 0.078469
5 74 0.078469
5 75 0.078469
5 76 0.078469
5 77 0.078469
5 78 0.078469
5 79 0.078469
5 80 0.078469
5 81 0.078469
5 82 0.078469
5 83 0.078469
5 84 0.078469
5 85 0.078469
5 86 0.078469
5 87 0.078469
5 88 0.078469
5 89 0.078469
5 90 0.078469
5 91 0.078469
5 92 0.078469
5 93 0.078470
5 94 0.078468
5 95 0.078471
5 96 0.078467
5 97 0.078473
5 98 0.078465
5 99 0.078475

6 0 0.078476
6 1 0.078468
6 2 0.078474
6 3 0.078469
6 4 0.078473
6 5 0.078471
6 6 0.078473
6 7 0.078472
6 8 0.078472
6 9 0.078472
6 10 0.078472
6 11 0.078472
6 12 0.078472
6 13 0.078471
6 14 0.078471
6 15 0.078471
6 16 0.078471
6 17 0.078471
6 18 0.078471
6 19 0.078471
6 20 0.078471
6 21 0.078471
6 22 0.078471
6 23 0.078471
6 24 0.078471
6 25 0.078471
6 26 0.078471
6 27 0.078471
6 28 0.078471
6 29 0.078471
6 30 0.078470
6 31 0.078470
6 32 0.078470
6 33 0.078470
6 34 0.078470
6 35 0.078470
6 36 0.078470
6 37 0.078470
6 38 0.078470
6 39 0.078470
6 40 0.078470
6 41 0.078470
6 42 0.078470
6 43 0.078470
6 44 0.078470
6 45 0.078470
6 46 0.078470
6 47 0.078470
6 48 0.078470
6 49 0.078470
6 50 0.078470
6 51 0.078470
6 52 0.078470
6 53 0.078470
6 54 0.078470
6 55 0.078470
6 56 0.078470
6 57 0.078470
6 58 0.078470
6 59 0.078470
6 60 0.078470
6 61 0.078470
6 62 0.078470
6 63 0.078470
6 64 0.078470
6 65 0.078471
6 66 0.078471
6 67 0.078471
6 68 0.078471
6 69 0.078471
6 70 0.078471
6 71 0.078471
6 72 0.078471
6 73 0.078471
6 74 0.078471
6 75 0.078471
6 76 0.078471
6 77 0.078471
6 78 0.078471
6 79 0.078471
6 80 0.078471
6 81 0.078471
6 82 0.078471
6 83 0.078471
6 84 0.078471
6 85 0.078471
6 86 0.078471
6 87 0.078471
6 88 0.078471
6 89 0.078471
6 90 0.078471
6 91 0.078471
6 92 0.078471
6 93 0.078472
6 94 0.078470
6 95 0.078473
6 96 0.078469
6 97 0.078474
6 98 0.078467
6 99 0.078475

7 0 0.078476
7 1 0.078466
7 2 0.078474
7 3 0.078468
7 4 0.078472
7 5 0.078469
7 6 0.078471
7 7 0.078470
7 8 0.078471
7 9 0.078470
7 10 0.078470
7 11 0.078470
7 12 0.078470
7 13 0.078470
7 14 0.078470
7 15 0.078470
7 16 0.078470
7 17 0.078470
7 18 0.078470
7 19 0.078470
7 20 0.078470
7 21 0.078470
7 22 0.078470
7 23 0.078470
7 24 0.078470
7 25 0.078470
7 26 0.078470
7 27 0.078470
7 28 0.078470
7 29 0.078470
7 30 0.078469
7 31 0.078469
7 32 0.078470
7 33 0.078470
7 34 0.078470
7 35 0.078470
7 36 0.078470
7 37 0.078470
7 38 0.078470
7 39 0.078469
7 40 0.078469
7 41 0.078470
7 42 0.078470
7 43 0.078470
7 44 0.078470
7 45 0.078470
7 46 0.078470
7 47 0.078470
7 48 0.078470
7 49 0.078470
7 50 0.078470
7 51 0.078470
7 52 0.078470
7 53 0.078470
7 54 0.078470
7 55 0.078470
7 56 0.078470
7 57 0.078470
7 58 0.078470
7 59 0.078470
7 60 0.078470
7 61 0.078470
7 62 0.078470
7 63 0.078470
7 64 0.078470
7 65 0.078470
7 66 0.078470
7 67 0.078470
7 68 0.078470
7 69 0.078470
7 70 0.078470
7 71 0.078470
7 72 0.078470
7 73 0.078470
7 74 0.078470
7 75 0.078470
7 76 0.078470
7 77 0.078470
7 78 0.078470
7 79 0.078470
7 80 0.078470
7 81 0.078470
7 82 0.078470
7 83 0.078470
7 84 0.078470
7 85 0.078470
7 86 0.078470
7 87 0.078470
7 88 0.078470
7 89 0.078470
7 90 0.078470
7 91 0.078470
7 92 0.078469
7 93 0.078471
7 94 0.078469
7 95 0.078472
7 96 0.078467
7 97 0.078473
7 98 0.078466
7 99 0.078475

8 0 0.078476
8 1 0.078467
8 2 0.078474
8 3 0.078469
8 4 0.078473
8 5 0.078470
8 6 0.078472
8 7 0.078471
8 8 0.078472
8 9 0.078471
8 10 0.078471
8 11 0.078471
8 12 0.078471
8 13 0.078471
8 14 0.078471
8 15 0.078471
8 16 0.078471
8 17 0.078471
8 18 0.078471
8 19 0.078471
8 20 0.078471
8 21 0.078471
8 22 0.078471
8 23 0.078471
8 24 0.078471
8 25 0.078471
8 26 0.078471
8 27 0.078471
8 28 0.078470
8 29 0.078470
8 30 0.078470
8 31 0.078470
8 32 0.078470
8 33 0.078471
8 34 0.078471
8 35 0.078471
8 36 0.078470
8 37 0.078470
8 38 0.078470
8 39 0.078470
8 40 0.078470
8 41 0.078470
8 42 0.078470
8 43 0.078470
8 44 0.078470
8 45 0.078470
8 46 0.078470
8 47 0.078470
8 48 0.078470
8 49 0.078470
8 50 0.078470
8 51 0.078470
8 52 0.078470
8 53 0.078470
8 54 0.078470
8 55 0.078470
8 56 0.078470
8 57 0.078470
8 58 0.078470
8 59 0.078470
8 60 0.078470
8 61 0.078470
8 62 0.078471
8 63 0.078471
8 64 0.078471
8 65 0.078471
8 66 0.078471
8 67 0.078471
8 68 0.078471
8 69 0.078471
8 70 0.078471
8 71 0.078471
8 72 0.078471
8 73 0.078471
8 74 0.078471
8 75 0.078471
8 76 0.078471
8 77 0.078471
8 78 0.078471
8 79 0.078471
8 80 0.078471
8 81 0.078471
8 82 0.078471
8 83 0.078471
8 84 0.078471
8 85 0.078471
8 86 0.078471
8 87 0.078471
8 88 0.078471
8 89 0.078471
8 90 0.078471
8 91 0.078471
8 92 0.078470
8 93 0.078472
8 94 0.078470
8 95 0.078472
8 96 0.078468
8 97 0.078474
8 98 0.078467
8 99 0.078475

9 0 0.078476
9 1 0.078467
9 2 0.078474
9 3 0.078468
9 4 0.078472
9 5 0.078469
9 6 0.078471
9 7 0.078470
9 8 0.078471
9 9 0.078470
9 10 0.078471
9 11 0.078470
9 12 0.078471
9 13 0.078471
9 14 0.078471
9 15 0.078470
9 16 0.078470
9 17 0.078470
9 18 0.078470
9 19 0.078470
9 20 0.078470
9 21 0.078470
9 22 0.078471
9 23 0.078471
9 24 0.078470
9 25 0.078470
9 26 0.078470
9 27 0.078470
9 28 0.078470
9 29 0.078470
9 30 0.078470
9 31 0.078470
9 32 0.078470
9 33 0.078470
9 34 0.078470
9 35 0.078470
9 36 0.078470
9 37 0.078470
9 38 0.078470
9 39 0.078470
9 40 0.078470
9 41 0.078470
9 42 0.078470
9 43 0.078470
9 44 0.078470
9 45 0.078470
9 46 0.078470
9 47 0.078470
9 48 0.078470
9 49 0.078470
9 50 0.078470
9 51 0.078470
9 52 0.078470
9 53 0.078470
9 54 0.078470
9 55 0.078470
9 56 0.078470
9 57 0.078470
9 58 0.078470
9 59 0.078470
9 60 0.078470
9 61 0.078470
9 62 0.078470
9 63 0.078471
9 64 0.078471
9 65 0.078471
9 66 0.078471
9 67 0.078471
9 68 0.078471
9 69 0.078471
9 70 0.078471
9 71 0.078471
9 72 0.078471
9 73 0.078471
9 74 0.078471
9 75 0.078471
9 76 0.078471
9 77 0.078471
9 78 0.078471
9 79 0.078470
9 80 0.078470
9 81 0.078470
9 82 0.078470
9 83 0.078470
9 84 0.078470
9 85 0.078470
9 86 0.078470
9 87 0.078470
9 88 0.078470
9 89 0.078470
9 90 0.078470
9 91 0.078471
9 92 0.078470
9 93 0.078471
9 94 0.078469
9 95 0.078472
9 96 0.078468
9 97 0.078473
9 98 0.078466
9 99 0.078475

10 0 0.078475
10 1 0.078467
10 2 0.078474
10 3 0.078469
10 4 0.078473
10 5 0.078470
10 6 0.078472
10 7 0.078470
10 8 0.078471
10 9 0.078471
10 10 0.078471
10 11 0.078471
10 12 0.078471
10 13 0.078471
10 14 0.078471
10 15 0.078471
10 16 0.078471
10 17 0.078471
10 18 0.078471
10 19 0.078471
10 20 0.078471
10 21 0.078471
10 22 0.078471
10 23 0.078471
10 24 0.078471
10 25 0.078471
10 26 0.078471
10 27 0.078471
10 28 0.078471
10 29 0.078471
10 30 0.078471
10 31 0.078471
10 32 0.078471
10 33 0.078471
10 34 0.078471
10 35 0.078471
10 36 0.078471
10 37 0.078471
10 38 0.078471
10 39 0.078471
10 40 0.078471
10 41 0.078471
10 42 0.078471
10 43 0.078471
10 44 0.078471
10 45 0.078471
10 46 0.078470
10 47 0.078470
10 48 0.078470
10 49 0.078470
10 50 0.078470
10 51 0.078471
10 52 0.078471
10 53 0.078471
10 54 0.078471
10 55 0.078471
10 56 0.078471
10 57 0.078471
10 58 0.078471
10 59 0.078471
10 60 0.078471
10 61 0.078471
10 62 0.078471
10 63 0.078471
10 64 0.078471
10 65 0.078471
10 66 0.078471
10 67 0.078471
10 68 0.078471
10 69 0.078471
10 70 0.078471
10 71 0.078471
10 72 0.078471
10 73 0.078471
10 74 0.078471
10 75 0.078471
10 76 0.078471
10 77 0.078471
10 78 0.078471
10 79 0.078471
10 80 0.078471
10 81 0.078471
10 82 0.078471
10 83 0.078471
10 84 0.078471
10 85 0.078471
10 86 0.078471
10 87 0.078471
10 88 0.078471
10 89 0.078471
10 90 0.078470
10 91 0.078471
10 92 0.078470
10 93 0.078472
10 94 0.078469
10 95 0.078472
10 96 0.078468
10 97 0.078473
10 98 0.078467
10 99 0.078475

11 0 0.078474
11 1 0.078467
11 2 0.078473
11 3 0.078468
11 4 0.078472
11 5 0.078469
11 6 0.078471
11 7 0.078470
11 8 0.078471
11 9 0.078470
11 10 0.078471
11 11 0.078471
11 12 0.078471
11 13 0.078471
11 14 0.078471
11 15 0.078471
11 16 0.078471
11 17 0.078471
11 18 0.078471
11 19 0.078471
11 20 0.078471
11 21 0.078471
11 22 0.078471
11 23 0.078471
11 24 0.078471
11 25 0.078471
11 26 0.078471
11 27 0.078471
11 28 0.078471
11 29 0.078471
11 30 0.078471
11 31 0.078471
11 32 0.078471
11 33 0.078471
11 34 0.078471
11 35 0.078471
11 36 0.078471
11 37 0.078471
11 38 0.078471
11 39 0.078471
11 40 0.078471
11 41 0.078471
11 42 0.078471
11 43 0.078471
11 44 0.078471
11 45 0.078471
11 46 0.078471
11 47 0.078471
11 48 0.078471
11 49 0.078471
11 50 0.078471
11 51 0.078471
11 52 0.078471
11 53 0.078471
11 54 0.078471
11 55 0.078471
11 56 0.078471
11 57 0.078471
11 58 0.078471
11 59 0.078471
11 60 0.078471
11 61 0.078471
11 62 0.078471
11 63 0.078471
11 64 0.078471
11 65 0.078471
11 66 0.078471
11 67 0.078471
11 68 0.078471
11 69 0.078471
11 70 0.078471
11 71 0.078471
11 72 0.078471
11 73 0.078471
11 74 0.078471
11 75 0.078471
11 76 0.078471
11 77 0.078471
11 78 0.078471
11 79 0.078471
11 80 0.078471
11 81 0.078471
11 82 0.078471
11 83 0.078471
11 84 0.078471
11 85 0.078471
11 86 0.078471
11 87 0.078471
11 88 0.078470
11 89 0.078471
11 90 0.078470
11 91 0.078471
11 92 0.078470
11 93 0.078471
11 94 0.078469
11 95 0.078472
11 96 0.078468
11 97 0.078473
11 98 0.078467
11 99 0.078475

12 0 0.078473
12 1 0.078467
12 2 0.078473
12 3 0.078468
12 4 0.078472
12 5 0.078469
12 6 0.078471
12 7 0.078470
12 8 0.078471
12 9 0.078471
12 10 0.078471
12 11 0.078471
12 12 0.078471
12 13 0.078471
12 14 0.078471
12 15 0.078471
12 16 0.078471
12 17 0.078471
12 18 0.078471
12 19 0.078471
12 20 0.078471
12 21 0.078471
12 22 0.078471
12 23 0.078471
12 24 0.078471
12 25 0.078471
12 26 0.078471
12 27 0.078471
12 28 0.078471
12 29 0.078471
12 30 0.078471
12 31 0.078471
12 32 0.078471
12 33 0.078471
12 34 0.078471
12 35 0.078471
12 36 0.078471
12 37 0.078471
12 38 0.078471
12 39 0.078471
12 40 0.078471
12 41 0.078471
12 42 0.078471
12 43 0.078471
12 44 0.078471
12 45 0.078471
12 46 0.078471
12 47 0.078471
12 48 0.078471
12 49 0.078471
12 50 0.078471
12 51 0.078471
12 52 0.078471
12 53 0.078471
12 54 0.078471
12 55 0.078471
12 56 0.078471
12 57 0.078471
12 58 0.078471
12 59 0.078471
12 60 0.078471
12 61 0.078471
12 62 0.078471
12 63 0.078471
12 64 0.078471
12 65 0.078471
12 66 0.078471
12 67 0.078471
12 68 0.078471
12 69 0.078471
12 70 0.078472
12 71 0.078471
12 72 0.078471
12 73 0.078471
12 74 0.078471
12 75 0.078471
12 76 0.078471
12 77 0.078471
12 78 0.078471
12 79 0.078471
12 80 0.078471
12 81 0.078471
12 82 0.078471
12 83 0.078471
12 84 0.078471
12 85 0.078471
12 86 0.078471
12 87 0.078471
12 88 0.078471
12 89 0.078471
12 90 0.078470
12 91 0.078471
12 92 0.078470
12 93 0.078471
12 94 0.078469
12 95 0.078472
12 96 0.078468
12 97 0.078473
12 98 0.078467
12 99 0.078475

13 0 0.078473
13 1 0.078467
13 2 0.078473
13 3 0.078468
13 4 0.078472
13 5 0.078469
13 6 0.078471
13 7 0.078470
13 8 0.078471
13 9 0.078471
13 10 0.078471
13 11 0.078471
13 12 0.078471
13 13 0.078471
13 14 0.078471
13 15 0.078471
13 16 0.078471
13 17 0.078471
13 18 0.078471
13 19 0.078471
13 20 0.078471
13 21 0.078471
13 22 0.078471
13 23 0.078471
13 24 0.078471
13 25 0.078471
13 26 0.078471
13 27 0.078471
13 28 0.078471
13 29 0.078471
13 30 0.078471
13 31 0.078471
13 32 0.078471
13 33 0.078471
13 34 0.078471
13 35 0.078471
13 36 0.078471
13 37 0.078471
13 38 0.078471
13 39 0.078471
13 40 0.078471
13 41 0.078471
13 42 0.078471
13 43 0.078471
13 44 0.078471
13 45 0.078471
13 46 0.078471
13 47 0.078471
13 48 0.078471
13 49 0.078471
13 50 0.078471
13 51 0.078471
13 52 0.078471
13 53 0.078471
13 54 0.078471
13 55 0.078471
13 56 0.078471
13 57 0.078471
13 58 0.078471
13 59 0.078471
13 60 0.078471
13 61 0.078471
13 62 0.078471
13 63 0.078471
13 64 0.078471
13 65 0.078472
13 66 0.078472
13 67 0.078472
13 68 0.078472
13 69 0.078472
13 70 0.078472
13 71 0.078472
13 72 0.078472
13 73 0.078472
13 74 0.078472
13 75 0.078471
13 76 0.078471
13 77 0.078471
13 78 0.078471
13 79 0.078471
13 80 0.078471
13 81 0.078471
13 82 0.078471
13 83 0.078471
13 84 0.078471
13 85 0.078471
13 86 0.078471
13 87 0.078471
13 88 0.078471
13 89 0.078471
13 90 0.078470
13 91 0.078471
13 92 0.078470
13 93 0.078471
13 94 0.078469
13 95 0.078472
13 96 0.078468
13 97 0.078473
13 98 0.078467
13 99 0.078474

14 0 0.078474
14 1 0.078467
14 2 0.078473
14 3 0.078468
14 4 0.078472
14 5 0.078469
14 6 0.078471
14 7 0.078470
14 8 0.078471
14 9 0.078471
14 10 0.078471
14 11 0.078471
14 12 0.078471
14 13 0.078471
14 14 0.078471
14 15 0.078471
14 16 0.078471
14 17 0.078472
14 18 0.078472
14 19 0.078472
14 20 0.078472
14 21 0.078472
14 22 0.078472
14 23 0.078472
14 24 0.078471
14 25 0.078471
14 26 0.078471
14 27 0.078471
14 28 0.078471
14 29 0.078471
14 30 0.078471
14 31 0.078471
14 32 0.078471
14 33 0.078471
14 34 0.078471
14 35 0.078471
14 36 0.078471
14 37 0.078471
14 38 0.078471
14 39 0.078471
14 40 0.078471
14 41 0.078471
14 42 0.078471
14 43 0.078471
14 44 0.078471
14 45 0.078471
14 46 0.078471
14 47 0.078471
14 48 0.078471
14 49 0.078471
14 50 0.078471
14 51 0.078471
14 52 0.078471
14 53 0.078471
14 54 0.078471
14 55 0.078471
14 56 0.078471
14 57 0.078472
14 58 0.078472
14 59 0.078472
14 60 0.078472
14 61 0.078472
14 62 0.078472
14 63 0.078472
14 64 0.078472
14 65 0.078472
14 66 0.078472
14 67 0.078472
14 68 0.078472
14 69 0.078472
14 70 0.078472
14 71 0.078472
14 72 0.078472
14 73 0.078472
14 74 0.078472
14 75 0.078472
14 76 0.078472
14 77 0.078471
14 78 0.078471
14 79 0.078471
14 80 0.078471
14 81 0.078471
14 82 0.078471
14 83 0.078471
14 84 0.078471
14 85 0.078471
14 86 0.078471
14 87 0.078471
14 88 0.078471
14 89 0.078471
14 90 0.078471
14 91 0.078471
14 92 0.078470
14 93 0.078472
14 94 0.078469
14 95 0.078472
14 96 0.078468
14 97 0.078473
14 98 0.078467
14 99 0.078474

15 0 0.078474
15 1 0.078467
15 2 0.078473
15 3 0.078468
15 4 0.078472
15 5 0.078469
15 6 0.078471
15 7 0.078470
15 8 0.078471
15 9 0.078471
15 10 0.078471
15 11 0.078471
15 12 0.078471
15 13 0.078471
15 14 0.078471
15 15 0.078472
15 16 0.078472
15 17 0.078472
15 18 0.078472
15 19 0.078472
15 20 0.078472
15 21 0.078472
15 22 0.078472
15 23 0.078472
15 24 0.078472
15 25 0.078472
15 26 0.078472
15 27 0.078472
15 28 0.078472
15 29 0.078472
15 30 0.078472
15 31 0.078472
15 32 0.078472
15 33 0.078472
15 34 0.078472
15 35 0.078472
15 36 0.078472
15 37 0.078472
15 38 0.078472
15 39 0.078472
15 40 0.078472
15 41 0.078472
15 42 0.078472
15 43 0.078472
15 44 0.078472
15 45 0.078472
15 46 0.078472
15 47 0.078472
15 48 0.078471
15 49 0.078471
15 50 0.078471
15 51 0.078471
15 52 0.078472
15 53 0.078472
15 54 0.078472
15 55 0.078472
15 56 0.078472
15 57 0.078472
15 58 0.078472
15 59 0.078472
15 60 0.078472
15 61 0.078472
15 62 0.078472
15 63 0.078472
15 64 0.078472
15 65 0.078472
15 66 0.078472
15 67 0.078472
15 68 0.078472
15 69 0.078472
15 70 0.078472
15 71 0.078472
15 72 0.078472
15 73 0.078472
15 74 0.078472
15 75 0.078472
15 76 0.078472
15 77 0.078472
15 78 0.078471
15 79 0.078471
15 80 0.078471
15 81 0.078471
15 82 0.078471
15 83 0.078471
15 84 0.078471
15 85 0.078471
15 86 0.078471
15 87 0.078471
15 88 0.078471
15 89 0.078471
15 90 0.078471
15 91 0.078471
15 92 0.078470
15 93 0.078472
15 94 0.078469
15 95 0.078472
15 96 0.078468
15 97 0.078473
15 98 0.078467
15 99 0.078474

16 0 0.078475
16 1 0.078467
16 2 0.078473
16 3 0.078468
16 4 0.078472
16 5 0.078469
16 6 0.078471
16 7 0.078470
16 8 0.078471
16 9 0.078471
16 10 0.078471
16 11 0.078471
16 12 0.078471
16 13 0.078471
16 14 0.078472
16 15 0.078472
16 16 0.078472
16 17 0.078472
16 18 0.078472
16 19 0.078472
16 20 0.078472
16 21 0.078472
16 22 0.078472
16 23 0.078472
16 24 0.078472
16 25 0.078472
16 26 0.078472
16 27 0.078472
16 28 0.078472
16 29 0.078472
16 30 0.078472
16 31 0.078472
16 32 0.078472
16 33 0.078472
16 34 0.078472
16 35 0.078472
16 36 0.078472
16 37 0.078472
16 38 0.078472
16 39 0.078472
16 40 0.078472
16 41 0.078472
16 42 0.078472
16 43 0.078472
16 44 0.078472
16 45 0.078472
16 46 0.078472
16 47 0.078472
16 48 0.078472
16 49 0.078472
16 50 0.078472
16 51 0.078472
16 52 0.078472
16 53 0.078472
16 54 0.078472
16 55 0.078472
16 56 0.078472
16 57 0.078472
16 58 0.078472
16 59 0.078472
16 60 0.078472
16 61 0.078472
16 62 0.078472
16 63 0.078472
16 64 0.078472
16 65 0.078472
16 66 0.078472
16 67 0.078472
16 68 0.078472
16 69 0.078472
16 70 0.078472
16 71 0.078472
16 72 0.078472
16 73 0.078472
16 74 0.078472
16 75 0.078472
16 76 0.078472
16 77 0.078472
16 78 0.078472
16 79 0.078471
16 80 0.078471
16 81 0.078471
16 82 0.078471
16 83 0.078471
16 84 0.078471
16 85 0.078471
16 86 0.078471
16 87 0.078471
16 88 0.078471
16 89 0.078471
16 90 0.078471
16 91 0.078471
16 92 0.078470
16 93 0.078472
16 94 0.078469
16 95 0.078472
16 96 0.078468
16 97 0.078473
16 98 0.078467
16 99 0.078474

17 0 0.078475
17 1 0.078467
17 2 0.078473
17 3 0.078468
17 4 0.078472
17 5 0.078469
17 6 0.078471
17 7 0.078470
17 8 0.078471
17 9 0.078471
17 10 0.078471
17 11 0.078471
17 12 0.078471
17 13 0.078471
17 14 0.078472
17 15 0.078472
17 16 0.078472
17 17 0.078472
17 18 0.078472
17 19 0.078472
17 20 0.078472
17 21 0.078472
17 22 0.078472
17 23 0.078472
17 24 0.078472
17 25 0.078472
17 26 0.078472
17 27 0.078472
17 28 0.078472
17 29 0.078472
17 30 0.078472
17 31 0.078472
17 32 0.078472
17 33 0.078472
17 34 0.078472
17 35 0.078472
17 36 0.078472
17 37 0.078472
17 38 0.078472
17 39 0.078472
17 40 0.078472
17 41 0.078472
17 42 0.078472
17 43 0.078472
17 44 0.078472
17 45 0.078472
17 46 0.078472
17 47 0.078472
17 48 0.078472
17 49 0.078472
17 50 0.078472
17 51 0.078472
17 52 0.078472
17 53 0.078472
17 54 0.078472
17 55 0.078472
17 56 0.078472
17 57 0.078472
17 58 0.078472
17 59 0.078472
17 60 0.078472
17 61 0.078472
17 62 0.078472
17 63 0.078472
17 64 0.078472
17 65 0.078472
17 66 0.078472
17 67 0.078472
17 68 0.078472
17 69 0.078472
17 70 0.078472
17 71 0.078472
17 72 0.078472
17 73 0.078472
17 74 0.078472
17 75 0.078472
17 76 0.078472
17 77 0.078472
17 78 0.078472
17 79 0.078471
17 80 0.078471
17 81 0.078471
17 82 0.078471
17 83 0.078471
17 84 0.078471
17 85 0.078471
17 86 0.078471
17 87 0.078471
17 88 0.078471
17 89 0.078471
17 90 0.078471
17 91 0.078471
17 92 0.078470
17 93 0.078472
17 94 0.078469
17 95 0.078472
17 96 0.078468
17 97 0.078473
17 98 0.078467
17 99 0.078474

18 0 0.078475
18 1 0.078467
18 2 0.078473
18 3 0.078468
18 4 0.078472
18 5 0.078469
18 6 0.078471
18 7 0.078470
18 8 0.078471
18 9 0.078471
18 10 0.078471
18 11 0.078471
18 12 0.078471
18 13 0.078472
18 14 0.078472
18 15 0.078472
18 16 0.078472
18 17 0.078472
18 18 0.078472
18 19 0.078472
18 20 0.078472
18 21 0.078472
18 22 0.078472
18 23 0.078472
18 24 0.078472
18 25 0.078472
18 26 0.078472
18 27 0.078472
18 28 0.078472
18 29 0.078472
18 30 0.078472
18 31 0.078472
18 32 0.078472
18 33 0.078472
18 34 0.078472
18 35 0.078472
18 36 0.078472
18 37 0.078472
18 38 0.078472
18 39 0.078472
18 40 0.078472
18 41 0.078472
18 42 0.078472
18 43 0.078472
18 44 0.078472
18 45 0.078472
18 46 0.078472
18 47 0.078472
18 48 0.078472
18 49 0.078472
18 50 0.078472
18 51 0.078472
18 52 0.078472
18 53 0.078472
18 54 0.078472
18 55 0.078472
18 56 0.078472
18 57 0.078472
18 58 0.078472
18 59 0.078472
18 60 0.078472
18 61 0.078472
18 62 0.078472
18 63 0.078472
18 64 0.078472
18 65 0.078472
18 66 0.078472
18 67 0.078472
18 68 0.078472
18 69 0.078472
18 70 0.078472
18 71 0.078472
18 72 0.078472
18 73 0.078472
18 74 0.078472
18 75 0.078472
18 76 0.078472
18 77 0.078472
18 78 0.078472
18 79 0.078472
18 80 0.078471
18 81 0.078471
18 82 0.078471
18 83 0.078471
18 84 0.078471
18 85 0.078471
18 86 0.078471
18 87 0.078471
18 88 0.078471
18 89 0.078471
18 90 0.078471
18 91 0.078471
18 92 0.078470
18 93 0.078472
18 94 0.078470
18 95 0.078472
18 96 0.078468
18 97 0.078473
18 98 0.078467
18 99 0.078474

19 0 0.078474
19 1 0.078467
19 2 0.078473
19 3 0.078468
19 4 0.078472
19 5 0.078469
19 6 0.078471
19 7 0.078470
19 8 0.078471
19 9 0.078471
19 10 0.078471
19 11 0.078471
19 12 0.078472
19 13 0.078472
19 14 0.078472
19 15 0.078472
19 16 0.078472
19 17 0.078472
19 18 0.078472
19 19 0.078472
19 20 0.078472
19 21 0.078472
19 22 0.078472
19 23 0.078472
19 24 0.078472
19 25 0.078472
19 26 0.078472
19 27 0.078472
19 28 0.078472
19 29 0.078472
19 30 0.078472
19 31 0.078472
19 32 0.078472
19 33 0.078472
19 34 0.078472
19 35 0.078472
19 36 0.078472
19 37 0.078472
19 38 0.078472
19 39 0.078472
19 40 0.078472
19 41 0.078472
19 42 0.078472
19 43 0.078472
19 44 0.078472
19 45 0.078472
19 46 0.078472
19 47 0.078472
19 48 0.078472
19 49 0.078472
19 50 0.078472
19 51 0.078472
19 52 0.078472
19 53 0.078472
19 54 0.078472
19 55 0.078472
19 56 0.078472
19 57 0.078472
19 58 0.078472
19 59 0.078472
19 60 0.078473
19 61 0.078473
19 62 0.078473
19 63 0.078473
19 64 0.078473
19 65 0.078473
19 66 0.078473
19 67 0.078473
19 68 0.078473
19 69 0.078472
19 70 0.078472
19 71 0.078472
19 72 0.078472
19 73 0.078472
19 74 0.078472
19 75 0.078472
19 76 0.078472
19 77 0.078472
19 78 0.078472
19 79 0.078472
19 80 0.078472
19 81 0.078471
19 82 0.078471
19 83 0.078471
19 84 0.078471
19 85 0.078471
19 86 0.078471
19 87 0.078471
19 88 0.078471
19 89 0.078471
19 90 0.078471
19 91 0.078471
19 92 0.078470
19 93 0.078472
19 94 0.078470
19 95 0.078472
19 96 0.078469
19 97 0.078473
19 98 0.078467
19 99 0.078473

20 0 0.078472
20 1 0.078468
20 2 0.078472
20 3 0.078468
20 4 0.078471
20 5 0.078469
20 6 0.078471
20 7 0.078470
20 8 0.078471
20 9 0.078471
20 10 0.078471
20 11 0.078471
20 12 0.078472
20 13 0.078472
20 14 0.078472
20 15 0.078472
20 16 0.078472
20 17 0.078472
20 18 0.078472
20 19 0.078472
20 20 0.078472
20 21 0.078472
20 22 0.078472
20 23 0.078472
20 24 0.078472
20 25 0.078472
20 26 0.078472
20 27 0.078472
20 28 0.078472
20 29 0.078472
20 30 0.078472
20 31 0.078472
20 32 0.078472
20 33 0.078472
20 34 0.078472
20 35 0.078472
20 36 0.078472
20 37 0.078473
20 38 0.078473
20 39 0.078473
20 40 0.078473
20 41 0.078473
20 42 0.078472
20 43 0.078472
20 44 0.078472
20 45 0.078472
20 46 0.078472
20 47 0.078472
20 48 0.078472
20 49 0.078472
20 50 0.078472
20 51 0.078472
20 52 0.078472
20 53 0.078472
20 54 0.078473
20 55 0.078473
20 56 0.078473
20 57 0.078473
20 58 0.078473
20 59 0.078473
20 60 0.078473
20 61 0.078473
20 62 0.078473
20 63 0.078473
20 64 0.078473
20 65 0.078473
20 66 0.078473
20 67 0.078473
20 68 0.078473
20 69 0.078473
20 70 0.078473
20 71 0.078472
20 72 0.078472
20 73 0.078472
20 74 0.078472
20 75 0.078472
20 76 0.078472
20 77 0.078472
20 78 0.078472
20 79 0.078472
20 80 0.078472
20 81 0.078471
20 82 0.078471
20 83 0.078471
20 84 0.078471
20 85 0.078471
20 86 0.078471
20 87 0.078471
20 88 0.078471
20 89 0.078471
20 90 0.078471
20 91 0.078471
20 92 0.078470
20 93 0.078471
20 94 0.078470
20 95 0.078472
20 96 0.078469
20 97 0.078472
20 98 0.078468
20 99 0.078473

21 0 0.078471
21 1 0.078468
21 2 0.078471
21 3 0.078469
21 4 0.078471
21 5 0.078469
21 6 0.078471
21 7 0.078470
21 8 0.078471
21 9 0.078471
21 10 0.078471
21 11 0.078471
21 12 0.078472
21 13 0.078472
21 14 0.078472
21 15 0.078472
21 16 0.078472
21 17 0.078472
21 18 0.078472
21 19 0.078472
21 20 0.078472
21 21 0.078472
21 22 0.078472
21 23 0.078472
21 24 0.078472
21 25 0.078472
21 26 0.078472
21 27 0.078472
21 28 0.078472
21 29 0.078472
21 30 0.078472
21 31 0.078472
21 32 0.078473
21 33 0.078473
21 34 0.078473
21 35 0.078473
21 36 0.078473
21 37 0.078473
21 38 0.078473
21 39 0.078473
21 40 0.078473
21 41 0.078473
21 42 0.078473
21 43 0.078473
21 44 0.078473
21 45 0.078473
21 46 0.078473
21 47 0.078473
21 48 0.078473
21 49 0.078473
21 50 0.078473
21 51 0.078473
21 52 0.078473
21 53 0.078473
21 54 0.078473
21 55 0.078473
21 56 0.078473
21 57 0.078473
21 58 0.078473
21 59 0.078473
21 60 0.078473
21 61 0.078473
21 62 0.078473
21 63 0.078473
21 64 0.078473
21 65 0.078473
21 66 0.078473
21 67 0.078473
21 68 0.078473
21 69 0.078473
21 70 0.078473
21 71 0.078472
21 72 0.078472
21 73 0.078472
21 74 0.078472
21 75 0.078472
21 76 0.078472
21 77 0.078472
21 78 0.078472
21 79 0.078472
21 80 0.078472
21 81 0.078471
21 82 0.078471
21 83 0.078471
21 84 0.078471
21 85 0.078471
21 86 0.078471
21 87 0.078471
21 88 0.078471
21 89 0.078471
21 90 0.078471
21 91 0.078471
21 92 0.078470
21 93 0.078471
21 94 0.078470
21 95 0.078472
21 96 0.078469
21 97 0.078472
21 98 0.078469
21 99 0.078472

22 0 0.078470
22 1 0.078468
22 2 0.078471
22 3 0.078469
22 4 0.078471
22 5 0.078470
22 6 0.078471
22 7 0.078470
22 8 0.078471
22 9 0.078471
22 10 0.078471
22 11 0.078471
22 12 0.078472
22 13 0.078472
22 14 0.078472
22 15 0.078472
22 16 0.078472
22 17 0.078472
22 18 0.078472
22 19 0.078472
22 20 0.078472
22 21 0.078472
22 22 0.078472
22 23 0.078472
22 24 0.078472
22 25 0.078472
22 26 0.078472
22 27 0.078472
22 28 0.078472
22 29 0.078473
22 30 0.078473
22 31 0.078473
22 32 0.078473
22 33 0.078473
22 34 0.078473
22 35 0.078473
22 36 0.078473
22 37 0.078473
22 38 0.078473
22 39 0.078473
22 40 0.078473
22 41 0.078473
22 42 0.078473
22 43 0.078473
22 44 0.078473
22 45 0.078473
22 46 0.078473
22 47 0.078473
22 48 0.078473
22 49 0.078473
22 50 0.078473
22 51 0.078473
22 52 0.078473
22 53 0.078473
22 54 0.078473
22 55 0.078473
22 56 0.078473
22 57 0.078473
22 58 0.078473
22 59 0.078473
22 60 0.078473
22 61 0.078473
22 62 0.078473
22 63 0.078473
22 64 0.078473
22 65 0.078473
22 66 0.078473
22 67 0.078473
22 68 0.078473
22 69 0.078473
22 70 0.078473
22 71 0.078473
22 72 0.078472
22 73 0.078472
22 74 0.078472
22 75 0.078472
22 76 0.078472
22 77 0.078472
22 78 0.078472
22 79 0.078472
22 80 0.078472
22 81 0.078472
22 82 0.078471
22 83 0.078471
22 84 0.078471
22 85 0.078471
22 86 0.078471
22 87 0.078471
22 88 0.078471
22 89 0.078471
22 90 0.078471
22 91 0.078471
22 92 0.078470
22 93 0.078471
22 94 0.078470
22 95 0.078472
22 96 0.078469
22 97 0.078472
22 98 0.078469
22 99 0.078472

23 0 0.078469
23 1 0.078468
23 2 0.078471
23 3 0.078469
23 4 0.078471
23 5 0.078470
23 6 0.078471
23 7 0.078470
23 8 0.078471
23 9 0.078471
23 10 0.078471
23 11 0.078471
23 12 0.078472
23 13 0.078472
23 14 0.078472
23 15 0.078472
23 16 0.078472
23 17 0.078472
23 18 0.078472
23 19 0.078472
23 20 0.078472
23 21 0.078472
23 22 0.078472
23 23 0.078472
23 24 0.078472
23 25 0.078472
23 26 0.078473
23 27 0.078473
23 28 0.078473
23 29 0.078473
23 30 0.078473
23 31 0.078473
23 32 0.078473
23 33 0.078473
23 34 0.078473
23 35 0.078473
23 36 0.078473
23 37 0.078473
23 38 0.078473
23 39 0.078473
23 40 0.078473
23 41 0.078473
23 42 0.078473
23 43 0.078473
23 44 0.078473
23 45 0.078473
23 46 0.078473
23 47 0.078473
23 48 0.078473
23 49 0.078473
23 50 0.078473
23 51 0.078473
23 52 0.078473
23 53 0.078473
23 54 0.078473
23 55 0.078473
23 56 0.078473
23 57 0.078473
23 58 0.078473
23 59 0.078473
23 60 0.078473
23 61 0.078473
23 62 0.078473
23 63 0.078473
23 64 0.078473
23 65 0.078473
23 66 0.078473
23 67 0.078473
23 68 0.078473
23 69 0.078473
23 70 0.078473
23 71 0.078473
23 72 0.078473
23 73 0.078472
23 74 0.078472
23 75 0.078472
23 76 0.078472
23 77 0.078472
23 78 0.078472
23 79 0.078472
23 80 0.078472
23 81 0.078472
23 82 0.078472
23 83 0.078471
23 84 0.078471
23 85 0.078471
23 86 0.078471
23 87 0.078471
23 88 0.078471
23 89 0.078471
23 90 0.078471
23 91 0.078471
23 92 0.078470
23 93 0.078471
23 94 0.078470
23 95 0.078471
23 96 0.078469
23 97 0.078472
23 98 0.078469
23 99 0.078471

24 0 0.078470
24 1 0.078469
24 2 0.078471
24 3 0.078469
24 4 0.078471
24 5 0.078470
24 6 0.078471
24 7 0.078470
24 8 0.078471
24 9 0.078471
24 10 0.078471
24 11 0.078471
24 12 0.078471
24 13 0.078472
24 14 0.078472
24 15 0.078472
24 16 0.078472
24 17 0.078472
24 18 0.078472
24 19 0.078472
24 20 0.078472
24 21 0.078472
24 22 0.078472
24 23 0.078472
24 24 0.078473
24 25 0.078473
24 26 0.078473
24 27 0.078473
24 28 0.078473
24 29 0.078473
24 30 0.078473
24 31 0.078473
24 32 0.078473
24 33 0.078473
24 34 0.078473
24 35 0.078473
24 36 0.078473
24 37 0.078473
24 38 0.078473
24 39 0.078473
24 40 0.078473
24 41 0.078473
24 42 0.078473
24 43 0.078473
24 44 0.078473
24 45 0.078473
24 46 0.078473
24 47 0.078473
24 48 0.078473
24 49 0.078473
24 50 0.078473
24 51 0.078473
24 52 0.078473
24 53 0.078473
24 54 0.078473
24 55 0.078473
24 56 0.078473
24 57 0.078473
24 58 0.078473
24 59 0.078473
24 60 0.078473
24 61 0.078473
24 62 0.078473
24 63 0.078473
24 64 0.078473
24 65 0.078473
24 66 0.078473
24 67 0.078473
24 68 0.078473
24 69 0.078473
24 70 0.078473
24 71 0.078473
24 72 0.078473
24 73 0.078472
24 74 0.078472
24 75 0.078472
24 76 0.078472
24 77 0.078472
24 78 0.078472
24 79 0.078472
24 80 0.078472
24 81 0.078472
24 82 0.078472
24 83 0.078471
24 84 0.078471
24 85 0.078471
24 86 0.078471
24 87 0.078471
24 88 0.078471
24 89 0.078471
24 90 0.078471
24 91 0.078471
24 92 0.078470
24 93 0.078471
24 94 0.078470
24 95 0.078471
24 96 0.078470
24 97 0.078471
24 98 0.078469
24 99 0.078471

25 0 0.078470
25 1 0.078469
25 2 0.078471
25 3 0.078469
25 4 0.078471
25 5 0.078470
25 6 0.078471
25 7 0.078470
25 8 0.078471
25 9 0.078471
25 10 0.078471
25 11 0.078471
25 12 0.078471
25 13 0.078472
25 14 0.078472
25 15 0.078472
25 16 0.078472
25 17 0.078472
25 18 0.078472
25 19 0.078472
25 20 0.078472
25 21 0.078472
25 22 0.078473
25 23 0.078473
25 24 0.078473
25 25 0.078473
25 26 0.078473
25 27 0.078473
25 28 0.078473
25 29 0.078473
25 30 0.078473
25 31 0.078473
25 32 0.078473
25 33 0.078473
25 34 0.078473
25 35 0.078473
25 36 0.078473
25 37 0.078473
25 38 0.078473
25 39 0.078473
25 40 0.078473
25 41 0.078473
25 42 0.078473
25 43 0.078473
25 44 0.078473
25 45 0.078473
25 46 0.078473
25 47 0.078473
25 48 0.078473
25 49 0.078473
25 50 0.078473
25 51 0.078473
25 52 0.078473
25 53 0.078473
25 54 0.078473
25 55 0.078473
25 56 0.078473
25 57 0.078473
25 58 0.078473
25 59 0.078473
25 60 0.078473
25 61 0.078473
25 62 0.078473
25 63 0.078473
25 64 0.078473
25 65 0.078473
25 66 0.078473
25 67 0.078473
25 68 0.078473
25 69 0.078473
25 70 0.078473
25 71 0.078473
25 72 0.078473
25 73 0.078472
25 74 0.078472
25 75 0.078472
25 76 0.078472
25 77 0.078472
25 78 0.078472
25 79 0.078472
25 80 0.078472
25 81 0.078472
25 82 0.078472
25 83 0.078472
25 84 0.078471
25 85 0.078471
25 86 0.078471
25 87 0.078471
25 88 0.078471
25 89 0.078471
25 90 0.078471
25 91 0.078471
25 92 0.078471
25 93 0.078471
25 94 0.078470
25 95 0.078471
25 96 0.078470
25 97 0.078471
25 98 0.078469
25 99 0.078471

26 0 0.078471
26 1 0.078469
26 2 0.078471
26 3 0.078469
26 4 0.078471
26 5 0.078470
26 6 0.078471
26 7 0.078470
26 8 0.078471
26 9 0.078471
26 10 0.078471
26 11 0.078471
26 12 0.078471
26 13 0.078472
26 14 0.078472
26 15 0.078472
26 16 0.078472
26 17 0.078472
26 18 0.078472
26 19 0.078472
26 20 0.078472
26 21 0.078472
26 22 0.078473
26 23 0.078473
26 24 0.078473
26 25 0.078473
26 26 0.078473
26 27 0.078473
26 28 0.078473
26 29 0.078473
26 30 0.078473
26 31 0.078473
26 32 0.078473
26 33 0.078473
26 34 0.078473
26 35 0.078473
26 36 0.078473
26 37 0.078473
26 38 0.078474
26 39 0.078474
26 40 0.078474
26 41 0.078474
26 42 0.078474
26 43 0.078474
26 44 0.078474
26 45 0.078474
26 46 0.078474
26 47 0.078474
26 48 0.078474
26 49 0.078474
26 50 0.078474
26 51 0.078474
26 52 0.078474
26 53 0.078474
26 54 0.078474
26 55 0.078474
26 56 0.078474
26 57 0.078474
26 58 0.078474
26 59 0.078473
26 60 0.078473
26 61 0.078473
26 62 0.078473
26 63 0.078473
26 64 0.078473
26 65 0.078473
26 66 0.078473
26 67 0.078473
26 68 0.078473
26 69 0.078473
26 70 0.078473
26 71 0.078473
26 72 0.078473
26 73 0.078473
26 74 0.078472
26 75 0.078472
26 76 0.078472
26 77 0.078472
26 78 0.078472
26 79 0.078472
26 80 0.078472
26 81 0.078472
26 82 0.078472
26 83 0.078472
26 84 0.078471
26 85 0.078471
26 86 0.078471
26 87 0.078471
26 88 0.078471
26 89 0.078471
26 90 0.078471
26 91 0.078471
26 92 0.078471
26 93 0.078471
26 94 0.078470
26 95 0.078471
26 96 0.078470
26 97 0.078471
26 98 0.078469
26 99 0.078470

27 0 0.078471
27 1 0.078469
27 2 0.078471
27 3 0.078470
27 4 0.078471
27 5 0.078470
27 6 0.078471
27 7 0.078470
27 8 0.078471
27 9 0.078471
27 10 0.078471
27 11 0.078471
27 12 0.078471
27 13 0.078472
27 14 0.078472
27 15 0.078472
27 16 0.078472
27 17 0.078472
27 18 0.078472
27 19 0.078472
27 20 0.078472
27 21 0.078473
27 22 0.078473
27 23 0.078473
27 24 0.078473
27 25 0.078473
27 26 0.078473
27 27 0.078473
27 28 0.078473
27 29 0.078473
27 30 0.078473
27 31 0.078473
27 32 0.078473
27 33 0.078473
27 34 0.078473
27 35 0.078474
27 36 0.078474
27 37 0.078474
27 38 0.078474
27 39 0.078474
27 40 0.078474
27 41 0.078474
27 42 0.078474
27 43 0.078474
27 44 0.078474
27 45 0.078474
27 46 0.078474
27 47 0.078474
27 48 0.078474
27 49 0.078474
27 50 0.078474
27 51 0.078474
27 52 0.078474
27 53 0.078474
27 54 0.078474
27 55 0.078474
27 56 0.078474
27 57 0.078474
27 58 0.078474
27 59 0.078474
27 60 0.078474
27 61 0.078474
27 62 0.078473
27 63 0.078473
27 64 0.078473
27 65 0.078473
27 66 0.078473
27 67 0.078473
27 68 0.078473
27 69 0.078473
27 70 0.078473
27 71 0.078473
27 72 0.078473
27 73 0.078473
27 74 0.078472
27 75 0.078472
27 76 0.078472
27 77 0.078472
27 78 0.078472
27 79 0.078472
27 80 0.078472
27 81 0.078472
27 82 0.078472
27 83 0.078472
27 84 0.078472
27 85 0.078471
27 86 0.078471
27 87 0.078471
27 88 0.078471
27 89 0.078471
27 90 0.078471
27 91 0.078471
27 92 0.078471
27 93 0.078471
27 94 0.078470
27 95 0.078471
27 96 0.078470
27 97 0.078471
27 98 0.078469
27 99 0.078470

28 0 0.078470
28 1 0.078470
28 2 0.078470
28 3 0.078470
28 4 0.078471
28 5 0.078470
28 6 0.078471
28 7 0.078470
28 8 0.078471
28 9 0.078471
28 10 0.078471
28 11 0.078471
28 12 0.078471
28 13 0.078472
28 14 0.078472
28 15 0.078472
28 16 0.078472
28 17 0.078472
28 18 0.078472
28 19 0.078472
28 20 0.078472
28 21 0.078473
28 22 0.078473
28 23 0.078473
28 24 0.078473
28 25 0.078473
28 26 0.078473
28 27 0.078473
28 28 0.078473
28 29 0.078473
28 30 0.078473
28 31 0.078473
28 32 0.078473
28 33 0.078474
28 34 0.078474
28 35 0.078474
28 36 0.078474
28 37 0.078474
28 38 0.078474
28 39 0.078474
28 40 0.078474
28 41 0.078474
28 42 0.078474
28 43 0.078474
28 44 0.078474
28 45 0.078474
28 46 0.078474
28 47 0.078474
28 48 0.078474
28 49 0.078474
28 50 0.078474
28 51 0.078474
28 52 0.078474
28 53 0.078474
28 54 0.078474
28 55 0.078474
28 56 0.078474
28 57 0.078474
28 58 0.078474
28 59 0.078474
28 60 0.078474
28 61 0.078474
28 62 0.078474
28 63 0.078473
28 64 0.078473
28 65 0.078473
28 66 0.078473
28 67 0.078473
28 68 0.078473
28 69 0.078473
28 70 0.078473
28 71 0.078473
28 72 0.078473
28 73 0.078473
28 74 0.078472
28 75 0.078472
28 76 0.078472
28 77 0.078472
28 78 0.078472
28 79 0.078472
28 80 0.078472
28 81 0.078472
28 82 0.078472
28 83 0.078472
28 84 0.078472
28 85 0.078471
28 86 0.078471
28 87 0.078471
28 88 0.078471
28 89 0.078471
28 90 0.078471
28 91 0.078471
28 92 0.078471
28 93 0.078471
28 94 0.078470
28 95 0.078471
28 96 0.078470
28 97 0.078470
28 98 0.078470
28 99 0.078470

29 0 0.078470
29 1 0.078470
29 2 0.078470
29 3 0.078470
29 4 0.078470
29 5 0.078470
29 6 0.078471
29 7 0.078470
29 8 0.078471
29 9 0.078471
29 10 0.078471
29 11 0.078471
29 12 0.078471
29 13 0.078472
29 14 0.078472
29 15 0.078472
29 16 0.078472
29 17 0.078472
29 18 0.078472
29 19 0.078472
29 20 0.078472
29 21 0.078473
29 22 0.078473
29 23 0.078473
29 24 0.078473
29 25 0.078473
29 26 0.078473
29 27 0.078473
29 28 0.078473
29 29 0.078473
29 30 0.078473
29 31 0.078474
29 32 0.078474
29 33 0.078474
29 34 0.078474
29 35 0.078474
29 36 0.078474
29 37 0.078474
29 38 0.078474
29 39 0.078474
29 40 0.078474
29 41 0.078474
29 42 0.078474
29 43 0.078474
29 44 0.078474
29 45 0.078474
29 46 0.078474
29 47 0.078474
29 48 0.078474
29 49 0.078474
29 50 0.078474
29 51 0.078474
29 52 0.078474
29 53 0.078474
29 54 0.078474
29 55 0.078474
29 56 0.078474
29 57 0.078474
29 58 0.078474
29 59 0.078474
29 60 0.078474
29 61 0.078474
29 62 0.078474
29 63 0.078474
29 64 0.078473
29 65 0.078473
29 66 0.078473
29 67 0.078473
29 68 0.078473
29 69 0.078473
29 70 0.078473
29 71 0.078473
29 72 0.078473
29 73 0.078473
29 74 0.078472
29 75 0.078472
29 76 0.078472
29 77 0.078472
29 78 0.078472
29 79 0.078472
29 80 0.078472
29 81 0.078472
29 82 0.078472
29 83 0.078472
29 84 0.078472
29 85 0.078471
29 86 0.078471
29 87 0.078471
29 88 0.078471
29 89 0.078471
29 90 0.078471
29 91 0.078471
29 92 0.078471
29 93 0.078471
29 94 0.078470
29 95 0.078471
29 96 0.078470
29 97 0.078470
29 98 0.078470
29 99 0.078469

30 0 0.078468
30 1 0.078470
30 2 0.078470
30 3 0.078470
30 4 0.078470
30 5 0.078470
30 6 0.078470
30 7 0.078470
30 8 0.078471
30 9 0.078471
30 10 0.078471
30 11 0.078471
30 12 0.078471
30 13 0.078472
30 14 0.078472
30 15 0.078472
30 16 0.078472
30 17 0.078472
30 18 0.078472
30 19 0.078472
30 20 0.078473
30 21 0.078473
30 22 0.078473
30 23 0.078473
30 24 0.078473
30 25 0.078473
30 26 0.078473
30 27 0.078473
30 28 0.078473
30 29 0.078473
30 30 0.078474
30 31 0.078474
30 32 0.078474
30 33 0.078474
30 34 0.078474
30 35 0.078474
30 36 0.078474
30 37 0.078474
30 38 0.078474
30 39 0.078474
30 40 0.078474
30 41 0.078474
30 42 0.078474
30 43 0.078474
30 44 0.078474
30 45 0.078474
30 46 0.078474
30 47 0.078474
30 48 0.078474
30 49 0.078474
30 50 0.078474
30 51 0.078474
30 52 0.078474
30 53 0.078474
30 54 0.078474
30 55 0.078474
30 56 0.078474
30 57 0.078474
30 58 0.078474
30 59 0.078474
30 60 0.078474
30 61 0.078474
30 62 0.078474
30 63 0.078474
30 64 0.078474
30 65 0.078473
30 66 0.078473
30 67 0.078473
30 68 0.078473
30 69 0.078473
30 70 0.078473
30 71 0.078473
30 72 0.078473
30 73 0.078473
30 74 0.078472
30 75 0.078472
30 76 0.078472
30 77 0.078472
30 78 0.078472
30 79 0.078472
30 80 0.078472
30 81 0.078472
30 82 0.078472
30 83 0.078472
30 84 0.078472
30 85 0.078471
30 86 0.078471
30 87 0.078471
30 88 0.078471
30 89 0.078471
30 90 0.078471
30 91 0.078471
30 92 0.078471
30 93 0.078471
30 94 0.078470
30 95 0.078470
30 96 0.078470
30 97 0.078470
30 98 0.078471
30 99 0.078469

31 0 0.078467
31 1 0.078470
31 2 0.078469
31 3 0.078470
31 4 0.078470
31 5 0.078470
31 6 0.078470
31 7 0.078471
31 8 0.078471
31 9 0.078471
31 10 0.078471
31 11 0.078471
31 12 0.078471
31 13 0.078472
31 14 0.078472
31 15 0.078472
31 16 0.078472
31 17 0.078472
31 18 0.078472
31 19 0.078472
31 20 0.078473
31 21 0.078473
31 22 0.078473
31 23 0.078473
31 24 0.078473
31 25 0.078473
31 26 0.078473
31 27 0.078473
31 28 0.078473
31 29 0.078474
31 30 0.078474
31 31 0.078474
31 32 0.078474
31 33 0.078474
31 34 0.078474
31 35 0.078474
31 36 0.078474
31 37 0.078474
31 38 0.078474
31 39 0.078474
31 40 0.078474
31 41 0.078474
31 42 0.078474
31 43 0.078474
31 44 0.078474
31 45 0.078474
31 46 0.078474
31 47 0.078474
31 48 0.078474
31 49 0.078474
31 50 0.078474
31 51 0.078474
31 52 0.078474
31 53 0.078474
31 54 0.078474
31 55 0.078474
31 56 0.078474
31 57 0.078474
31 58 0.078474
31 59 0.078474
31 60 0.078474
31 61 0.078474
31 62 0.078474
31 63 0.078474
31 64 0.078474
31 65 0.078474
31 66 0.078473
31 67 0.078473
31 68 0.078473
31 69 0.078473
31 70 0.078473
31 71 0.078473
31 72 0.078473
31 73 0.078473
31 74 0.078472
31 75 0.078472
31 76 0.078472
31 77 0.078472
31 78 0.078472
31 79 0.078472
31 80 0.078472
31 81 0.078472
31 82 0.078472
31 83 0.078472
31 84 0.078472
31 85 0.078471
31 86 0.078471
31 87 0.078471
31 88 0.078471
31 89 0.078471
31 90 0.078471
31 91 0.078471
31 92 0.078471
31 93 0.078471
31 94 0.078471
31 95 0.078470
31 96 0.078471
31 97 0.078470
31 98 0.078471
31 99 0.078469

32 0 0.078466
32 1 0.078471
32 2 0.078469
32 3 0.078470
32 4 0.078470
32 5 0.078470
32 6 0.078470
32 7 0.078471
32 8 0.078471
32 9 0.078471
32 10 0.078471
32 11 0.078471
32 12 0.078471
32 13 0.078472
32 14 0.078472
32 15 0.078472
32 16 0.078472
32 17 0.078472
32 18 0.078472
32 19 0.078472
32 20 0.078473
32 21 0.078473
32 22 0.078473
32 23 0.078473
32 24 0.078473
32 25 0.078473
32 26 0.078473
32 27 0.078473
32 28 0.078474
32 29 0.078474
32 30 0.078474
32 31 0.078474
32 32 0.078474
32 33 0.078474
32 34 0.078474
32 35 0.078474
32 36 0.078474
32 37 0.078474
32 38 0.078474
32 39 0.078474
32 40 0.078474
32 41 0.078474
32 42 0.078474
32 43 0.078474
32 44 0.078474
32 45 0.078474
32 46 0.078474
32 47 0.078474
32 48 0.078474
32 49 0.078474
32 50 0.078474
32 51 0.078474
32 52 0.078474
32 53 0.078474
32 54 0.078474
32 55 0.078474
32 56 0.078474
32 57 0.078474
32 58 0.078474
32 59 0.078474
32 60 0.078474
32 61 0.078474
32 62 0.078474
32 63 0.078474
32 64 0.078474
32 65 0.078474
32 66 0.078473
32 67 0.078473
32 68 0.078473
32 69 0.078473
32 70 0.078473
32 71 0.078473
32 72 0.078473
32 73 0.078473
32 74 0.078473
32 75 0.078472
32 76 0.078472
32 77 0.078472
32 78 0.078472
32 79 0.078472
32 80 0.078472
32 81 0.078472
32 82 0.078472
32 83 0.078472
32 84 0.078472
32 85 0.078471
32 86 0.078471
32 87 0.078471
32 88 0.078471
32 89 0.078471
32 90 0.078471
32 91 0.078471
32 92 0.078471
32 93 0.078471
32 94 0.078471
32 95 0.078470
32 96 0.078471
32 97 0.078470
32 98 0.078472
32 99 0.078468

33 0 0.078466
33 1 0.078471
33 2 0.078468
33 3 0.078470
33 4 0.078470
33 5 0.078470
33 6 0.078470
33 7 0.078471
33 8 0.078471
33 9 0.078471
33 10 0.078471
33 11 0.078471
33 12 0.078471
33 13 0.078472
33 14 0.078472
33 15 0.078472
33 16 0.078472
33 17 0.078472
33 18 0.078472
33 19 0.078473
33 20 0.078473
33 21 0.078473
33 22 0.078473
33 23 0.078473
33 24 0.078473
33 25 0.078473
33 26 0.078473
33 27 0.078474
33 28 0.078474
33 29 0.078474
33 30 0.078474
33 31 0.078474
33 32 0.078474
33 33 0.078474
33 34 0.078474
33 35 0.078474
33 36 0.078474
33 37 0.078474
33 38 0.078474
33 39 0.078474
33 40 0.078474
33 41 0.078474
33 42 0.078475
33 43 0.078475
33 44 0.078475
33 45 0.078475
33 46 0.078475
33 47 0.078475
33 48 0.078474
33 49 0.078474
33 50 0.078474
33 51 0.078474
33 52 0.078474
33 53 0.078474
33 54 0.078474
33 55 0.078474
33 56 0.078474
33 57 0.078474
33 58 0.078474
33 59 0.078474
33 60 0.078474
33 61 0.078474
33 62 0.078474
33 63 0.078474
33 64 0.078474
33 65 0.078474
33 66 0.078474
33 67 0.078473
33 68 0.078473
33 69 0.078473
33 70 0.078473
33 71 0.078473
33 72 0.078473
33 73 0.078473
33 74 0.078473
33 75 0.078472
33 76 0.078472
33 77 0.078472
33 78 0.078472
33 79 0.078472
33 80 0.078472
33 81 0.078472
33 82 0.078472
33 83 0.078472
33 84 0.078472
33 85 0.078471
33 86 0.078471
33 87 0.078471
33 88 0.078471
33 89 0.078471
33 90 0.078471
33 91 0.078471
33 92 0.078471
33 93 0.078470
33 94 0.078471
33 95 0.078470
33 96 0.078471
33 97 0.078469
33 98 0.078472
33 99 0.078468

34 0 0.078467
34 1 0.078471
34 2 0.078468
34 3 0.078470
34 4 0.078470
34 5 0.078470
34 6 0.078470
34 7 0.078471
34 8 0.078471
34 9 0.078471
34 10 0.078471
34 11 0.078471
34 12 0.078471
34 13 0.078472
34 14 0.078472
34 15 0.078472
34 16 0.078472
34 17 0.078472
34 18 0.078472
34 19 0.078473
34 20 0.078473
34 21 0.078473
34 22 0.078473
34 23 0.078473
34 24 0.078473
34 25 0.078473
34 26 0.078474
34 27 0.078474
34 28 0.078474
34 29 0.078474
34 30 0.078474
34 31 0.078474
34 32 0.078474
34 33 0.078474
34 34 0.078474
34 35 0.078474
34 36 0.078474
34 37 0.078474
34 38 0.078474
34 39 0.078475
34 40 0.078475
34 41 0.078475
34 42 0.078475
34 43 0.078475
34 44 0.078475
34 45 0.078475
34 46 0.078475
34 47 0.078475
34 48 0.078475
34 49 0.078475
34 50 0.078475
34 51 0.078474
34 52 0.078474
34 53 0.078474
34 54 0.078474
34 55 0.078474
34 56 0.078474
34 57 0.078474
34 58 0.078474
34 59 0.078474
34 60 0.078474
34 61 0.078474
34 62 0.078474
34 63 0.078474
34 64 0.078474
34 65 0.078474
34 66 0.078474
34 67 0.078473
34 68 0.078473
34 69 0.078473
34 70 0.078473
34 71 0.078473
34 72 0.078473
34 73 0.078473
34 74 0.078473
34 75 0.078472
34 76 0.078472
34 77 0.078472
34 78 0.078472
34 79 0.078472
34 80 0.078472
34 81 0.078472
34 82 0.078472
34 83 0.078472
34 84 0.078472
34 85 0.078471
34 86 0.078471
34 87 0.078471
34 88 0.078471
34 89 0.078471
34 90 0.078471
34 91 0.078471
34 92 0.078471
34 93 0.078470
34 94 0.078471
34 95 0.078470
34 96 0.078471
34 97 0.078469
34 98 0.078472
34 99 0.078468

35 0 0.078467
35 1 0.078471
35 2 0.078469
35 3 0.078471
35 4 0.078469
35 5 0.078471
35 6 0.078470
35 7 0.078471
35 8 0.078471
35 9 0.078471
35 10 0.078471
35 11 0.078471
35 12 0.078471
35 13 0.078472
35 14 0.078472
35 15 0.078472
35 16 0.078472
35 17 0.078472
35 18 0.078472
35 19 0.078473
35 20 0.078473
35 21 0.078473
35 22 0.078473
35 23 0.078473
35 24 0.078473
35 25 0.078473
35 26 0.078474
35 27 0.078474
35 28 0.078474
35 29 0.078474
35 30 0.078474
35 31 0.078474
35 32 0.078474
35 33 0.078474
35 34 0.078474
35 35 0.078474
35 36 0.078474
35 37 0.078474
35 38 0.078475
35 39 0.078475
35 40 0.078475
35 41 0.078475
35 42 0.078475
35 43 0.078475
35 44 0.078475
35 45 0.078475
35 46 0.078475
35 47 0.078475
35 48 0.078475
35 49 0.078475
35 50 0.078475
35 51 0.078475
35 52 0.078474
35 53 0.078474
35 54 0.078474
35 55 0.078474
35 56 0.078474
35 57 0.078474
35 58 0.078474
35 59 0.078474
35 60 0.078474
35 61 0.078474
35 62 0.078474
35 63 0.078474
35 64 0.078474
35 65 0.078474
35 66 0.078474
35 67 0.078473
35 68 0.078473
35 69 0.078473
35 70 0.078473
35 71 0.078473
35 72 0.078473
35 73 0.078473
35 74 0.078473
35 75 0.078472
35 76 0.078472
35 77 0.078472
35 78 0.078472
35 79 0.078472
35 80 0.078472
35 81 0.078472
35 82 0.078472
35 83 0.078472
35 84 0.078472
35 85 0.078471
35 86 0.078471
35 87 0.078471
35 88 0.078471
35 89 0.078471
35 90 0.078471
35 91 0.078471
35 92 0.078471
35 93 0.078470
35 94 0.078471
35 95 0.078470
35 96 0.078471
35 97 0.078469
35 98 0.078472
35 99 0.078467

36 0 0.078467
36 1 0.078471
36 2 0.078469
36 3 0.078471
36 4 0.078469
36 5 0.078471
36 6 0.078470
36 7 0.078471
36 8 0.078471
36 9 0.078471
36 10 0.078471
36 11 0.078471
36 12 0.078471
36 13 0.078472
36 14 0.078472
36 15 0.078472
36 16 0.078472
36 17 0.078472
36 18 0.078472
36 19 0.078473
36 20 0.078473
36 21 0.078473
36 22 0.078473
36 23 0.078473
36 24 0.078473
36 25 0.078474
36 26 0.078474
36 27 0.078474
36 28 0.078474
36 29 0.078474
36 30 0.078474
36 31 0.078474
36 32 0.078474
36 33 0.078474
36 34 0.078474
36 35 0.078474
36 36 0.078474
36 37 0.078475
36 38 0.078475
36 39 0.078475
36 40 0.078475
36 41 0.078475
36 42 0.078475
36 43 0.078475
36 44 0.078475
36 45 0.078475
36 46 0.078475
36 47 0.078475
36 48 0.078475
36 49 0.078475
36 50 0.078475
36 51 0.078475
36 52 0.078475
36 53 0.078474
36 54 0.078474
36 55 0.078474
36 56 0.078474
36 57 0.078474
36 58 0.078474
36 59 0.078474
36 60 0.078474
36 61 0.078474
36 62 0.078474
36 63 0.078474
36 64 0.078474
36 65 0.078474
36 66 0.078474
36 67 0.078473
36 68 0.078473
36 69 0.078473
36 70 0.078473
36 71 0.078473
36 72 0.078473
36 73 0.078473
36 74 0.078473
36 75 0.078472
36 76 0.078472
36 77 0.078472
36 78 0.078472
36 79 0.078472
36 80 0.078472
36 81 0.078472
36 82 0.078472
36 83 0.078472
36 84 0.078472
36 85 0.078471
36 86 0.078471
36 87 0.078471
36 88 0.078471
36 89 0.078471
36 90 0.078471
36 91 0.078471
36 92 0.078471
36 93 0.078470
36 94 0.078471
36 95 0.078470
36 96 0.078471
36 97 0.078469
36 98 0.078472
36 99 0.078467

37 0 0.078467
37 1 0.078472
37 2 0.078468
37 3 0.078471
37 4 0.078469
37 5 0.078471
37 6 0.078470
37 7 0.078471
37 8 0.078471
37 9 0.078471
37 10 0.078471
37 11 0.078471
37 12 0.078471
37 13 0.078472
37 14 0.078472
37 15 0.078472
37 16 0.078472
37 17 0.078472
37 18 0.078472
37 19 0.078473
37 20 0.078473
37 21 0.078473
37 22 0.078473
37 23 0.078473
37 24 0.078473
37 25 0.078474
37 26 0.078474
37 27 0.078474
37 28 0.078474
37 29 0.078474
37 30 0.078474
37 31 0.078474
37 32 0.078474
37 33 0.078474
37 34 0.078474
37 35 0.078474
37 36 0.078475
37 37 0.078475
37 38 0.078475
37 39 0.078475
37 40 0.078475
37 41 0.078475
37 42 0.078475
37 43 0.078475
37 44 0.078475
37 45 0.078475
37 46 0.078475
37 47 0.078475
37 48 0.078475
37 49 0.078475
37 50 0.078475
37 51 0.078475
37 52 0.078475
37 53 0.078474
37 54 0.078474
37 55 0.078474
37 56 0.078474
37 57 0.078474
37 58 0.078474
37 59 0.078474
37 60 0.078474
37 61 0.078474
37 62 0.078474
37 63 0.078474
37 64 0.078474
37 65 0.078474
37 66 0.078474
37 67 0.078474
37 68 0.078473
37 69 0.078473
37 70 0.078473
37 71 0.078473
37 72 0.078473
37 73 0.078473
37 74 0.078473
37 75 0.078472
37 76 0.078472
37 77 0.078472
37 78 0.078472
37 79 0.078472
37 80 0.078472
37 81 0.078472
37 82 0.078472
37 83 0.078472
37 84 0.078472
37 85 0.078471
37 86 0.078471
37 87 0.078471
37 88 0.078471
37 89 0.078471
37 90 0.078471
37 91 0.078471
37 92 0.078471
37 93 0.078470
37 94 0.078471
37 95 0.078469
37 96 0.078471
37 97 0.078469
37 98 0.078472
37 99 0.078467

38 0 0.078466
38 1 0.078472
38 2 0.078468
38 3 0.078471
38 4 0.078469
38 5 0.078471
38 6 0.078470
38 7 0.078471
38 8 0.078471
38 9 0.078471
38 10 0.078471
38 11 0.078471
38 12 0.078471
38 13 0.078472
38 14 0.078472
38 15 0.078472
38 16 0.078472
38 17 0.078472
38 18 0.078472
38 19 0.078473
38 20 0.078473
38 21 0.078473
38 22 0.078473
38 23 0.078473
38 24 0.078473
38 25 0.078474
38 26 0.078474
38 27 0.078474
38 28 0.078474
38 29 0.078474
38 30 0.078474
38 31 0.078474
38 32 0.078474
38 33 0.078474
38 34 0.078474
38 35 0.078475
38 36 0.078475
38 37 0.078475
38 38 0.078475
38 39 0.078475
38 40 0.078475
38 41 0.078475
38 42 0.078475
38 43 0.078475
38 44 0.078475
38 45 0.078475
38 46 0.078475
38 47 0.078475
38 48 0.078475
38 49 0.078475
38 50 0.078475
38 51 0.078475
38 52 0.078475
38 53 0.078475
38 54 0.078474
38 55 0.078474
38 56 0.078474
38 57 0.078474
38 58 0.078474
38 59 0.078474
38 60 0.078474
38 61 0.078474
38 62 0.078474
38 63 0.078474
38 64 0.078474
38 65 0.078474
38 66 0.078474
38 67 0.078474
38 68 0.078473
38 69 0.078473
38 70 0.078473
38 71 0.078473
38 72 0.078473
38 73 0.078473
38 74 0.078473
38 75 0.078473
38 76 0.078472
38 77 0.078472
38 78 0.078472
38 79 0.078472
38 80 0.078472
38 81 0.078472
38 82 0.078472
38 83 0.078472
38 84 0.078472
38 85 0.078471
38 86 0.078471
38 87 0.078471
38 88 0.078471
38 89 0.078471
38 90 0.078471
38 91 0.078470
38 92 0.078471
38 93 0.078470
38 94 0.078471
38 95 0.078469
38 96 0.078471
38 97 0.078468
38 98 0.078472
38 99 0.078467

39 0 0.078465
39 1 0.078472
39 2 0.078468
39 3 0.078471
39 4 0.078469
39 5 0.078471
39 6 0.078470
39 7 0.078471
39 8 0.078471
39 9 0.078471
39 10 0.078471
39 11 0.078471
39 12 0.078471
39 13 0.078472
39 14 0.078472
39 15 0.078472
39 16 0.078472
39 17 0.078472
39 18 0.078472
39 19 0.078473
39 20 0.078473
39 21 0.078473
39 22 0.078473
39 23 0.078473
39 24 0.078474
39 25 0.078474
39 26 0.078474
39 27 0.078474
39 28 0.078474
39 29 0.078474
39 30 0.078474
39 31 0.078474
39 32 0.078474
39 33 0.078474
39 34 0.078474
39 35 0.078475
39 36 0.078475
39 37 0.078475
39 38 0.078475
39 39 0.078475
39 40 0.078475
39 41 0.078475
39 42 0.078475
39 43 0.078475
39 44 0.078475
39 45 0.078475
39 46 0.078475
39 47 0.078475
39 48 0.078475
39 49 0.078475
39 50 0.078475
39 51 0.078475
39 52 0.078475
39 53 0.078475
39 54 0.078474
39 55 0.078474
39 56 0.078474
39 57 0.078474
39 58 0.078474
39 59 0.078474
39 60 0.078474
39 61 0.078474
39 62 0.078474
39 63 0.078474
39 64 0.078474
39 65 0.078474
39 66 0.078474
39 67 0.078474
39 68 0.078473
39 69 0.078473
39 70 0.078473
39 71 0.078473
39 72 0.078473
39 73 0.078473
39 74 0.078473
39 75 0.078473
39 76 0.078472
39 77 0.078472
39 78 0.078472
39 79 0.078472
39 80 0.078472
39 81 0.078472
39 82 0.078472
39 83 0.078472
39 84 0.078472
39 85 0.078471
39 86 0.078471
39 87 0.078471
39 88 0.078471
39 89 0.078471
39 90 0.078471
39 91 0.078470
39 92 0.078471
39 93 0.078470
39 94 0.078471
39 95 0.078469
39 96 0.078471
39 97 0.078468
39 98 0.078472
39 99 0.078466

40 0 0.078465
40 1 0.078472
40 2 0.078467
40 3 0.078471
40 4 0.078469
40 5 0.078471
40 6 0.078470
40 7 0.078471
40 8 0.078471
40 9 0.078471
40 10 0.078471
40 11 0.078471
40 12 0.078471
40 13 0.078472
40 14 0.078472
40 15 0.078472
40 16 0.078472
40 17 0.078472
40 18 0.078472
40 19 0.078473
40 20 0.078473
40 21 0.078473
40 22 0.078473
40 23 0.078473
40 24 0.078474
40 25 0.078474
40 26 0.078474
40 27 0.078474
40 28 0.078474
40 29 0.078474
40 30 0.078474
40 31 0.078474
40 32 0.078474
40 33 0.078474
40 34 0.078474
40 35 0.078475
40 36 0.078475
40 37 0.078475
40 38 0.078475
40 39 0.078475
40 40 0.078475
40 41 0.078475
40 42 0.078475
40 43 0.078475
40 44 0.078475
40 45 0.078475
40 46 0.078475
40 47 0.078475
40 48 0.078475
40 49 0.078475
40 50 0.078475
40 51 0.078475
40 52 0.078475
40 53 0.078475
40 54 0.078474
40 55 0.078474
40 56 0.078474
40 57 0.078474
40 58 0.078474
40 59 0.078474
40 60 0.078474
40 61 0.078474
40 62 0.078474
40 63 0.078474
40 64 0.078474
40 65 0.078474
40 66 0.078474
40 67 0.078474
40 68 0.078473
40 69 0.078473
40 70 0.078473
40 71 0.078473
40 72 0.078473
40 73 0.078473
40 74 0.078473
40 75 0.078473
40 76 0.078472
40 77 0.078472
40 78 0.078472
40 79 0.078472
40 80 0.078472
40 81 0.078472
40 82 0.078472
40 83 0.078472
40 84 0.078472
40 85 0.078471
40 86 0.078471
40 87 0.078471
40 88 0.078471
40 89 0.078471
40 90 0.078471
40 91 0.078470
40 92 0.078471
40 93 0.078470
40 94 0.078471
40 95 0.078469
40 96 0.078471
40 97 0.078468
40 98 0.078473
40 99 0.078466

41 0 0.078464
41 1 0.078472
41 2 0.078467
41 3 0.078471
41 4 0.078469
41 5 0.078471
41 6 0.078470
41 7 0.078471
41 8 0.078470
41 9 0.078471
41 10 0.078471
41 11 0.078471
41 12 0.078471
41 13 0.078472
41 14 0.078472
41 15 0.078472
41 16 0.078472
41 17 0.078472
41 18 0.078472
41 19 0.078473
41 20 0.078473
41 21 0.078473
41 22 0.078473
41 23 0.078473
41 24 0.078474
41 25 0.078474
41 26 0.078474
41 27 0.078474
41 28 0.078474
41 29 0.078474
41 30 0.078474
41 31 0.078474
41 32 0.078474
41 33 0.078474
41 34 0.078474
41 35 0.078475
41 36 0.078475
41 37 0.078475
41 38 0.078475
41 39 0.078475
41 40 0.078475
41 41 0.078475
41 42 0.078475
41 43 0.078475
41 44 0.078475
41 45 0.078475
41 46 0.078475
41 47 0.078475
41 48 0.078475
41 49 0.078475
41 50 0.078475
41 51 0.078475
41 52 0.078475
41 53 0.078475
41 54 0.078474
41 55 0.078474
41 56 0.078474
41 57 0.078474
41 58 0.078474
41 59 0.078474
41 60 0.078474
41 61 0.078474
41 62 0.078474
41 63 0.078474
41 64 0.078474
41 65 0.078474
41 66 0.078474
41 67 0.078474
41 68 0.078473
41 69 0.078473
41 70 0.078473
41 71 0.078473
41 72 0.078473
41 73 0.078473
41 74 0.078473
41 75 0.078473
41 76 0.078472
41 77 0.078472
41 78 0.078472
41 79 0.078472
41 80 0.078472
41 81 0.078472
41 82 0.078472
41 83 0.078472
41 84 0.078472
41 85 0.078471
41 86 0.078471
41 87 0.078471
41 88 0.078471
41 89 0.078471
41 90 0.078471
41 91 0.078470
41 92 0.078471
41 93 0.078470
41 94 0.078471
41 95 0.078469
41 96 0.078472
41 97 0.078468
41 98 0.078473
41 99 0.078466

42 0 0.078465
42 1 0.078473
42 2 0.078467
42 3 0.078472
42 4 0.078469
42 5 0.078471
42 6 0.078470
42 7 0.078471
42 8 0.078470
42 9 0.078471
42 10 0.078471
42 11 0.078471
42 12 0.078471
42 13 0.078472
42 14 0.078472
42 15 0.078472
42 16 0.078472
42 17 0.078472
42 18 0.078472
42 19 0.078473
42 20 0.078473
42 21 0.078473
42 22 0.078473
42 23 0.078473
42 24 0.078474
42 25 0.078474
42 26 0.078474
42 27 0.078474
42 28 0.078474
42 29 0.078474
42 30 0.078474
42 31 0.078474
42 32 0.078474
42 33 0.078474
42 34 0.078474
42 35 0.078475
42 36 0.078475
42 37 0.078475
42 38 0.078475
42 39 0.078475
42 40 0.078475
42 41 0.078475
42 42 0.078475
42 43 0.078475
42 44 0.078475
42 45 0.078475
42 46 0.078475
42 47 0.078475
42 48 0.078475
42 49 0.078475
42 50 0.078475
42 51 0.078475
42 52 0.078475
42 53 0.078475
42 54 0.078474
42 55 0.078474
42 56 0.078474
42 57 0.078474
42 58 0.078474
42 59 0.078474
42 60 0.078474
42 61 0.078474
42 62 0.078474
42 63 0.078474
42 64 0.078474
42 65 0.078474
42 66 0.078474
42 67 0.078474
42 68 0.078473
42 69 0.078473
42 70 0.078473
42 71 0.078473
42 72 0.078473
42 73 0.078473
42 74 0.078473
42 75 0.078473
42 76 0.078472
42 77 0.078472
42 78 0.078472
42 79 0.078472
42 80 0.078472
42 81 0.078472
42 82 0.078472
42 83 0.078472
42 84 0.078472
42 85 0.078471
42 86 0.078471
42 87 0.078471
42 88 0.078471
42 89 0.078471
42 90 0.078471
42 91 0.078470
42 92 0.078471
42 93 0.078470
42 94 0.078471
42 95 0.078469
42 96 0.078472
42 97 0.078468
42 98 0.078473
42 99 0.078465

43 0 0.078465
43 1 0.078473
43 2 0.078467
43 3 0.078472
43 4 0.078469
43 5 0.078471
43 6 0.078470
43 7 0.078471
43 8 0.078470
43 9 0.078471
43 10 0.078471
43 11 0.078471
43 12 0.078471
43 13 0.078472
43 14 0.078472
43 15 0.078472
43 16 0.078472
43 17 0.078472
43 18 0.078472
43 19 0.078473
43 20 0.078473
43 21 0.078473
43 22 0.078473
43 23 0.078473
43 24 0.078473
43 25 0.078474
43 26 0.078474
43 27 0.078474
43 28 0.078474
43 29 0.078474
43 30 0.078474
43 31 0.078474
43 32 0.078474
43 33 0.078474
43 34 0.078474
43 35 0.078475
43 36 0.078475
43 37 0.078475
43 38 0.078475
43 39 0.078475
43 40 0.078475
43 41 0.078475
43 42 0.078475
43 43 0.078475
43 44 0.078475
43 45 0.078475
43 46 0.078475
43 47 0.078475
43 48 0.078475
43 49 0.078475
43 50 0.078475
43 51 0.078475
43 52 0.078475
43 53 0.078475
43 54 0.078474
43 55 0.078474
43 56 0.078474
43 57 0.078474
43 58 0.078474
43 59 0.078474
43 60 0.078474
43 61 0.078474
43 62 0.078474
43 63 0.078474
43 64 0.078474
43 65 0.078474
43 66 0.078474
43 67 0.078474
43 68 0.078473
43 69 0.078473
43 70 0.078473
43 71 0.078473
43 72 0.078473
43 73 0.078473
43 74 0.078473
43 75 0.078473
43 76 0.078473
43 77 0.078472
43 78 0.078472
43 79 0.078472
43 80 0.078472
43 81 0.078472
43 82 0.078472
43 83 0.078472
43 84 0.078472
43 85 0.078471
43 86 0.078471
43 87 0.078471
43 88 0.078471
43 89 0.078471
43 90 0.078471
43 91 0.078470
43 92 0.078471
43 93 0.078470
43 94 0.078471
43 95 0.078469
43 96 0.078472
43 97 0.078467
43 98 0.078473
43 99 0.078465

44 0 0.078465
44 1 0.078473
44 2 0.078467
44 3 0.078472
44 4 0.078469
44 5 0.078471
44 6 0.078470
44 7 0.078471
44 8 0.078470
44 9 0.078471
44 10 0.078471
44 11 0.078471
44 12 0.078471
44 13 0.078472
44 14 0.078472
44 15 0.078472
44 16 0.078472
44 17 0.078472
44 18 0.078472
44 19 0.078473
44 20 0.078473
44 21 0.078473
44 22 0.078473
44 23 0.078473
44 24 0.078473
44 25 0.078474
44 26 0.078474
44 27 0.078474
44 28 0.078474
44 29 0.078474
44 30 0.078474
44 31 0.078474
44 32 0.078474
44 33 0.078474
44 34 0.078474
44 35 0.078475
44 36 0.078475
44 37 0.078475
44 38 0.078475
44 39 0.078475
44 40 0.078475
44 41 0.078475
44 42 0.078475
44 43 0.078475
44 44 0.078475
44 45 0.078475
44 46 0.078475
44 47 0.078475
44 48 0.078475
44 49 0.078475
44 50 0.078475
44 51 0.078475
44 52 0.078475
44 53 0.078475
44 54 0.078474
44 55 0.078474
44 56 0.078474
44 57 0.078474
44 58 0.078474
44 59 0.078474
44 60 0.078474
44 61 0.078474
44 62 0.078474
44 63 0.078474
44 64 0.078474
44 65 0.078474
44 66 0.078474
44 67 0.078474
44 68 0.078473
44 69 0.078473
44 70 0.078473
44 71 0.078473
44 72 0.078473
44 73 0.078473
44 74 0.078473
44 75 0.078473
44 76 0.078473
44 77 0.078472
44 78 0.078472
44 79 0.078472
44 80 0.078472
44 81 0.078472
44 82 0.078472
44 83 0.078472
44 84 0.078472
44 85 0.078471
44 86 0.078471
44 87 0.078471
44 88 0.078471
44 89 0.078471
44 90 0.078471
44 91 0.078470
44 92 0.078471
44 93 0.078470
44 94 0.078471
44 95 0.078469
44 96 0.078472
44 97 0.078467
44 98 0.078473
44 99 0.078465

45 0 0.078465
45 1 0.078473
45 2 0.078467
45 3 0.078472
45 4 0.078469
45 5 0.078471
45 6 0.078470
45 7 0.078471
45 8 0.078470
45 9 0.078471
45 10 0.078471
45 11 0.078471
45 12 0.078471
45 13 0.078472
45 14 0.078472
45 15 0.078472
45 16 0.078472
45 17 0.078472
45 18 0.078472
45 19 0.078473
45 20 0.078473
45 21 0.078473
45 22 0.078473
45 23 0.078473
45 24 0.078473
45 25 0.078474
45 26 0.078474
45 27 0.078474
45 28 0.078474
45 29 0.078474
45 30 0.078474
45 31 0.078474
45 32 0.078474
45 33 0.078474
45 34 0.078474
45 35 0.078474
45 36 0.078475
45 37 0.078475
45 38 0.078475
45 39 0.078475
45 40 0.078475
45 41 0.078475
45 42 0.078475
45 43 0.078475
45 44 0.078475
45 45 0.078475
45 46 0.078475
45 47 0.078475
45 48 0.078475
45 49 0.078475
45 50 0.078475
45 51 0.078475
45 52 0.078475
45 53 0.078475
45 54 0.078474
45 55 0.078474
45 56 0.078474
45 57 0.078474
45 58 0.078474
45 59 0.078474
45 60 0.078474
45 61 0.078474
45 62 0.078474
45 63 0.078474
45 64 0.078474
45 65 0.078474
45 66 0.078474
45 67 0.078473
45 68 0.078473
45 69 0.078473
45 70 0.078473
45 71 0.078473
45 72 0.078473
45 73 0.078473
45 74 0.078473
45 75 0.078473
45 76 0.078473
45 77 0.078472
45 78 0.078472
45 79 0.078472
45 80 0.078472
45 81 0.078472
45 82 0.078472
45 83 0.078472
45 84 0.078471
45 85 0.078471
45 86 0.078471
45 87 0.078471
45 88 0.078471
45 89 0.078471
45 90 0.078471
45 91 0.078470
45 92 0.078471
45 93 0.078470
45 94 0.078471
45 95 0.078469
45 96 0.078472
45 97 0.078467
45 98 0.078473
45 99 0.078465

46 0 0.078465
46 1 0.078473
46 2 0.078467
46 3 0.078472
46 4 0.078469
46 5 0.078471
46 6 0.078470
46 7 0.078471
46 8 0.078470
46 9 0.078471
46 10 0.078471
46 11 0.078471
46 12 0.078471
46 13 0.078472
46 14 0.078472
46 15 0.078472
46 16 0.078472
46 17 0.078472
46 18 0.078472
46 19 0.078473
46 20 0.078473
46 21 0.078473
46 22 0.078473
46 23 0.078473
46 24 0.078473
46 25 0.078473
46 26 0.078474
46 27 0.078474
46 28 0.078474
46 29 0.078474
46 30 0.078474
46 31 0.078474
46 32 0.078474
46 33 0.078474
46 34 0.078474
46 35 0.078474
46 36 0.078475
46 37 0.078475
46 38 0.078475
46 39 0.078475
46 40 0.078475
46 41 0.078475
46 42 0.078475
46 43 0.078475
46 44 0.078475
46 45 0.078475
46 46 0.078475
46 47 0.078475
46 48 0.078475
46 49 0.078475
46 50 0.078475
46 51 0.078475
46 52 0.078475
46 53 0.078475
46 54 0.078474
46 55 0.078474
46 56 0.078474
46 57 0.078474
46 58 0.078474
46 59 0.078474
46 60 0.078474
46 61 0.078474
46 62 0.078474
46 63 0.078474
46 64 0.078474
46 65 0.078474
46 66 0.078474
46 67 0.078473
46 68 0.078473
46 69 0.078473
46 70 0.078473
46 71 0.078473
46 72 0.078473
46 73 0.078473
46 74 0.078473
46 75 0.078473
46 76 0.078473
46 77 0.078472
46 78 0.078472
46 79 0.078472
46 80 0.078472
46 81 0.078472
46 82 0.078472
46 83 0.078472
46 84 0.078471
46 85 0.078471
46 86 0.078471
46 87 0.078471
46 88 0.078471
46 89 0.078471
46 90 0.078471
46 91 0.078470
46 92 0.078471
46 93 0.078470
46 94 0.078471
46 95 0.078469
46 96 0.078472
46 97 0.078467
46 98 0.078473
46 99 0.078465

47 0 0.078465
47 1 0.078473
47 2 0.078467
47 3 0.078472
47 4 0.078469
47 5 0.078471
47 6 0.078470
47 7 0.078471
47 8 0.078470
47 9 0.078471
47 10 0.078471
47 11 0.078471
47 12 0.078471
47 13 0.078472
47 14 0.078472
47 15 0.078472
47 16 0.078472
47 17 0.078472
47 18 0.078472
47 19 0.078473
47 20 0.078473
47 21 0.078473
47 22 0.078473
47 23 0.078473
47 24 0.078473
47 25 0.078473
47 26 0.078474
47 27 0.078474
47 28 0.078474
47 29 0.078474
47 30 0.078474
47 31 0.078474
47 32 0.078474
47 33 0.078474
47 34 0.078474
47 35 0.078474
47 36 0.078474
47 37 0.078475
47 38 0.078475
47 39 0.078475
47 40 0.078475
47 41 0.078475
47 42 0.078475
47 43 0.078475
47 44 0.078475
47 45 0.078475
47 46 0.078475
47 47 0.078475
47 48 0.078475
47 49 0.078475
47 50 0.078475
47 51 0.078475
47 52 0.078475
47 53 0.078474
47 54 0.078474
47 55 0.078474
47 56 0.078474
47 57 0.078474
47 58 0.078474
47 59 0.078474
47 60 0.078474
47 61 0.078474
47 62 0.078474
47 63 0.078474
47 64 0.078474
47 65 0.078474
47 66 0.078474
47 67 0.078473
47 68 0.078473
47 69 0.078473
47 70 0.078473
47 71 0.078473
47 72 0.078473
47 73 0.078473
47 74 0.078473
47 75 0.078473
47 76 0.078473
47 77 0.078472
47 78 0.078472
47 79 0.078472
47 80 0.078472
47 81 0.078472
47 82 0.078472
47 83 0.078472
47 84 0.078471
47 85 0.078471
47 86 0.078471
47 87 0.078471
47 88 0.078471
47 89 0.078471
47 90 0.078471
47 91 0.078470
47 92 0.078471
47 93 0.078470
47 94 0.078471
47 95 0.078469
47 96 0.078472
47 97 0.078467
47 98 0.078473
47 99 0.078465

48 0 0.078464
48 1 0.078473
48 2 0.078467
48 3 0.078472
48 4 0.078469
48 5 0.078471
48 6 0.078470
48 7 0.078471
48 8 0.078470
48 9 0.078471
48 10 0.078471
48 11 0.078471
48 12 0.078471
48 13 0.078472
48 14 0.078472
48 15 0.078472
48 16 0.078472
48 17 0.078472
48 18 0.078472
48 19 0.078473
48 20 0.078473
48 21 0.078473
48 22 0.078473
48 23 0.078473
48 24 0.078473
48 25 0.078473
48 26 0.078474
48 27 0.078474
48 28 0.078474
48 29 0.078474
48 30 0.078474
48 31 0.078474
48 32 0.078474
48 33 0.078474
48 34 0.078474
48 35 0.078474
48 36 0.078474
48 37 0.078474
48 38 0.078475
48 39 0.078475
48 40 0.078475
48 41 0.078475
48 42 0.078475
48 43 0.078475
48 44 0.078475
48 45 0.078475
48 46 0.078475
48 47 0.078475
48 48 0.078475
48 49 0.078475
48 50 0.078475
48 51 0.078475
48 52 0.078475
48 53 0.078474
48 54 0.078474
48 55 0.078474
48 56 0.078474
48 57 0.078474
48 58 0.078474
48 59 0.078474
48 60 0.078474
48 61 0.078474
48 62 0.078474
48 63 0.078474
48 64 0.078474
48 65 0.078474
48 66 0.078474
48 67 0.078473
48 68 0.078473
48 69 0.078473
48 70 0.078473
48 71 0.078473
48 72 0.078473
48 73 0.078473
48 74 0.078473
48 75 0.078473
48 76 0.078473
48 77 0.078472
48 78 0.078472
48 79 0.078472
48 80 0.078472
48 81 0.078472
48 82 0.078472
48 83 0.078472
48 84 0.078471
48 85 0.078471
48 86 0.078471
48 87 0.078471
48 88 0.078471
48 89 0.078471
48 90 0.078471
48 91 0.078470
48 92 0.078471
48 93 0.078470
48 94 0.078471
48 95 0.078469
48 96 0.078472
48 97 0.078467
48 98 0.078473
48 99 0.078465

49 0 0.078464
49 1 0.078473
49 2 0.078467
49 3 0.078472
49 4 0.078469
49 5 0.078471
49 6 0.078470
49 7 0.078471
49 8 0.078470
49 9 0.078471
49 10 0.078471
49 11 0.078471
49 12 0.078471
49 13 0.078472
49 14 0.078472
49 15 0.078472
49 16 0.078472
49 17 0.078472
49 18 0.078472
49 19 0.078472
49 20 0.078473
49 21 0.078473
49 22 0.078473
49 23 0.078473
49 24 0.078473
49 25 0.078473
49 26 0.078473
49 27 0.078474
49 28 0.078474
49 29 0.078474
49 30 0.078474
49 31 0.078474
49 32 0.078474
49 33 0.078474
49 34 0.078474
49 35 0.078474
49 36 0.078474
49 37 0.078474
49 38 0.078475
49 39 0.078475
49 40 0.078475
49 41 0.078475
49 42 0.078475
49 43 0.078475
49 44 0.078475
49 45 0.078475
49 46 0.078475
49 47 0.078475
49 48 0.078475
49 49 0.078475
49 50 0.078475
49 51 0.078475
49 52 0.078475
49 53 0.078474
49 54 0.078474
49 55 0.078474
49 56 0.078474
49 57 0.078474
49 58 0.078474
49 59 0.078474
49 60 0.078474
49 61 0.078474
49 62 0.078474
49 63 0.078474
49 64 0.078474
49 65 0.078474
49 66 0.078474
49 67 0.078473
49 68 0.078473
49 69 0.078473
49 70 0.078473
49 71 0.078473
49 72 0.078473
49 73 0.078473
49 74 0.078473
49 75 0.078473
49 76 0.078473
49 77 0.078472
49 78 0.078472
49 79 0.078472
49 80 0.078472
49 81 0.078472
49 82 0.078472
49 83 0.078472
49 84 0.078471
49 85 0.078471
49 86 0.078471
49 87 0.078471
49 88 0.078471
49 89 0.078471
49 90 0.078471
49 91 0.078470
49 92 0.078471
49 93 0.078470
49 94 0.078471
49 95 0.078469
49 96 0.078472
49 97 0.078467
49 98 0.078473
49 99 0.078465

50 0 0.078465
50 1 0.078473
50 2 0.078467
50 3 0.078472
50 4 0.078469
50 5 0.078471
50 6 0.078470
50 7 0.078471
50 8 0.078470
50 9 0.078471
50 10 0.078471
50 11 0.078471
50 12 0.078471
50 13 0.078471
50 14 0.078472
50 15 0.078472
50 16 0.078472
50 17 0.078472
50 18 0.078472
50 19 0.078472
50 20 0.078473
50 21 0.078473
50 22 0.078473
50 23 0.078473
50 24 0.078473
50 25 0.078473
50 26 0.078473
50 27 0.078474
50 28 0.078474
50 29 0.078474
50 30 0.078474
50 31 0.078474
50 32 0.078474
50 33 0.078474
50 34 0.078474
50 35 0.078474
50 36 0.078474
50 37 0.078474
50 38 0.078474
50 39 0.078475
50 40 0.078475
50 41 0.078475
50 42 0.078475
50 43 0.078475
50 44 0.078475
50 45 0.078475
50 46 0.078475
50 47 0.078475
50 48 0.078475
50 49 0.078475
50 50 0.078475
50 51 0.078475
50 52 0.078475
50 53 0.078474
50 54 0.078474
50 55 0.078474
50 56 0.078474
50 57 0.078474
50 58 0.078474
50 59 0.078474
50 60 0.078474
50 61 0.078474
50 62 0.078474
50 63 0.078474
50 64 0.078474
50 65 0.078474
50 66 0.078473
50 67 0.078473
50 68 0.078473
50 69 0.078473
50 70 0.078473
50 71 0.078473
50 72 0.078473
50 73 0.078473
50 74 0.078473
50 75 0.078473
50 76 0.078473
50 77 0.078472
50 78 0.078472
50 79 0.078472
50 80 0.078472
50 81 0.078472
50 82 0.078472
50 83 0.078472
50 84 0.078471
50 85 0.078471
50 86 0.078471
50 87 0.078471
50 88 0.078471
50 89 0.078471
50 90 0.078471
50 91 0.078470
50 92 0.078471
50 93 0.078470
50 94 0.078471
50 95 0.078469
50 96 0.078472
50 97 0.078467
50 98 0.078473
50 99 0.078465

51 0 0.078465
51 1 0.078473
51 2 0.078467
51 3 0.078472
51 4 0.078469
51 5 0.078471
51 6 0.078470
51 7 0.078471
51 8 0.078470
51 9 0.078471
51 10 0.078471
51 11 0.078471
51 12 0.078471
51 13 0.078471
51 14 0.078472
51 15 0.078472
51 16 0.078472
51 17 0.078472
51 18 0.078472
51 19 0.078472
51 20 0.078473
51 21 0.078473
51 22 0.078473
51 23 0.078473
51 24 0.078473
51 25 0.078473
51 26 0.078473
51 27 0.078474
51 28 0.078474
51 29 0.078474
51 30 0.078474
51 31 0.078474
51 32 0.078474
51 33 0.078474
51 34 0.078474
51 35 0.078474
51 36 0.078474
51 37 0.078474
51 38 0.078474
51 39 0.078474
51 40 0.078475
51 41 0.078475
51 42 0.078475
51 43 0.078475
51 44 0.078475
51 45 0.078475
51 46 0.078475
51 47 0.078475
51 48 0.078475
51 49 0.078475
51 50 0.078475
51 51 0.078475
51 52 0.078474
51 53 0.078474
51 54 0.078474
51 55 0.078474
51 56 0.078474
51 57 0.078474
51 58 0.078474
51 59 0.078474
51 60 0.078474
51 61 0.078474
51 62 0.078474
51 63 0.078474
51 64 0.078474
51 65 0.078474
51 66 0.078473
51 67 0.078473
51 68 0.078473
51 69 0.078473
51 70 0.078473
51 71 0.078473
51 72 0.078473
51 73 0.078473
51 74 0.078473
51 75 0.078473
51 76 0.078473
51 77 0.078472
51 78 0.078472
51 79 0.078472
51 80 0.078472
51 81 0.078472
51 82 0.078472
51 83 0.078471
51 84 0.078471
51 85 0.078471
51 86 0.078471
51 87 0.078471
51 88 0.078471
51 89 0.078471
51 90 0.078471
51 91 0.078470
51 92 0.078471
51 93 0.078470
51 94 0.078471
51 95 0.078469
51 96 0.078472
51 97 0.078467
51 98 0.078473
51 99 0.078465

52 0 0.078465
52 1 0.078473
52 2 0.078467
52 3 0.078472
52 4 0.078469
52 5 0.078471
52 6 0.078470
52 7 0.078471
52 8 0.078470
52 9 0.078471
52 10 0.078471
52 11 0.078471
52 12 0.078471
52 13 0.078471
52 14 0.078472
52 15 0.078472
52 16 0.078472
52 17 0.078472
52 18 0.078472
52 19 0.078472
52 20 0.078473
52 21 0.078473
52 22 0.078473
52 23 0.078473
52 24 0.078473
52 25 0.078473
52 26 0.078473
52 27 0.078474
52 28 0.078474
52 29 0.078474
52 30 0.078474
52 31 0.078474
52 32 0.078474
52 33 0.078474
52 34 0.078474
52 35 0.078474
52 36 0.078474
52 37 0.078474
52 38 0.078474
52 39 0.078474
52 40 0.078475
52 41 0.078475
52 42 0.078475
52 43 0.078475
52 44 0.078475
52 45 0.078475
52 46 0.078475
52 47 0.078475
52 48 0.078475
52 49 0.078475
52 50 0.078475
52 51 0.078475
52 52 0.078474
52 53 0.078474
52 54 0.078474
52 55 0.078474
52 56 0.078474
52 57 0.078474
52 58 0.078474
52 59 0.078474
52 60 0.078474
52 61 0.078474
52 62 0.078474
52 63 0.078474
52 64 0.078474
52 65 0.078474
52 66 0.078473
52 67 0.078473
52 68 0.078473
52 69 0.078473
52 70 0.078473
52 71 0.078473
52 72 0.078473
52 73 0.078473
52 74 0.078473
52 75 0.078473
52 76 0.078473
52 77 0.078472
52 78 0.078472
52 79 0.078472
52 80 0.078472
52 81 0.078472
52 82 0.078472
52 83 0.078471
52 84 0.078471
52 85 0.078471
52 86 0.078471
52 87 0.078471
52 88 0.078471
52 89 0.078471
52 90 0.078471
52 91 0.078470
52 92 0.078471
52 93 0.078470
52 94 0.078471
52 95 0.078469
52 96 0.078472
52 97 0.078467
52 98 0.078473
52 99 0.078465

53 0 0.078465
53 1 0.078473
53 2 0.078467
53 3 0.078472
53 4 0.078469
53 5 0.078471
53 6 0.078470
53 7 0.078471
53 8 0.078470
53 9 0.078471
53 10 0.078471
53 11 0.078471
53 12 0.078471
53 13 0.078471
53 14 0.078472
53 15 0.078472
53 16 0.078472
53 17 0.078472
53 18 0.078472
53 19 0.078472
53 20 0.078473
53 21 0.078473
53 22 0.078473
53 23 0.078473
53 24 0.078473
53 25 0.078473
53 26 0.078473
53 27 0.078474
53 28 0.078474
53 29 0.078474
53 30 0.078474
53 31 0.078474
53 32 0.078474
53 33 0.078474
53 34 0.078474
53 35 0.078474
53 36 0.078474
53 37 0.078474
53 38 0.078474
53 39 0.078474
53 40 0.078474
53 41 0.078475
53 42 0.078475
53 43 0.078475
53 44 0.078475
53 45 0.078475
53 46 0.078475
53 47 0.078475
53 48 0.078475
53 49 0.078475
53 50 0.078475
53 51 0.078475
53 52 0.078474
53 53 0.078474
53 54 0.078474
53 55 0.078474
53 56 0.078474
53 57 0.078474
53 58 0.078474
53 59 0.078474
53 60 0.078474
53 61 0.078474
53 62 0.078474
53 63 0.078474
53 64 0.078474
53 65 0.078474
53 66 0.078473
53 67 0.078473
53 68 0.078473
53 69 0.078473
53 70 0.078473
53 71 0.078473
53 72 0.078473
53 73 0.078473
53 74 0.078473
53 75 0.078473
53 76 0.078473
53 77 0.078472
53 78 0.078472
53 79 0.078472
53 80 0.078472
53 81 0.078472
53 82 0.078472
53 83 0.078471
53 84 0.078471
53 85 0.078471
53 86 0.078471
53 87 0.078471
53 88 0.078471
53 89 0.078471
53 90 0.078471
53 91 0.078470
53 92 0.078471
53 93 0.078470
53 94 0.078471
53 95 0.078469
53 96 0.078472
53 97 0.078467
53 98 0.078473
53 99 0.078465

54 0 0.078466
54 1 0.078473
54 2 0.078467
54 3 0.078472
54 4 0.078469
54 5 0.078471
54 6 0.078470
54 7 0.078471
54 8 0.078470
54 9 0.078471
54 10 0.078471
54 11 0.078471
54 12 0.078471
54 13 0.078471
54 14 0.078472
54 15 0.078472
54 16 0.078472
54 17 0.078472
54 18 0.078472
54 19 0.078472
54 20 0.078473
54 21 0.078473
54 22 0.078473
54 23 0.078473
54 24 0.078473
54 25 0.078473
54 26 0.078473
54 27 0.078474
54 28 0.078474
54 29 0.078474
54 30 0.078474
54 31 0.078474
54 32 0.078474
54 33 0.078474
54 34 0.078474
54 35 0.078474
54 36 0.078474
54 37 0.078474
54 38 0.078474
54 39 0.078474
54 40 0.078474
54 41 0.078475
54 42 0.078475
54 43 0.078475
54 44 0.078475
54 45 0.078475
54 46 0.078475
54 47 0.078475
54 48 0.078475
54 49 0.078475
54 50 0.078475
54 51 0.078474
54 52 0.078474
54 53 0.078474
54 54 0.078474
54 55 0.078474
54 56 0.078474
54 57 0.078474
54 58 0.078474
54 59 0.078474
54 60 0.078474
54 61 0.078474
54 62 0.078474
54 63 0.078474
54 64 0.078474
54 65 0.078474
54 66 0.078473
54 67 0.078473
54 68 0.078473
54 69 0.078473
54 70 0.078473
54 71 0.078473
54 72 0.078473
54 73 0.078473
54 74 0.078473
54 75 0.078473
54 76 0.078473
54 77 0.078472
54 78 0.078472
54 79 0.078472
54 80 0.078472
54 81 0.078472
54 82 0.078472
54 83 0.078471
54 84 0.078471
54 85 0.078471
54 86 0.078471
54 87 0.078471
54 88 0.078471
54 89 0.078471
54 90 0.078471
54 91 0.078470
54 92 0.078471
54 93 0.078470
54 94 0.078471
54 95 0.078469
54 96 0.078472
54 97 0.078467
54 98 0.078473
54 99 0.078465

55 0 0.078466
55 1 0.078473
55 2 0.078468
55 3 0.078471
55 4 0.078469
55 5 0.078471
55 6 0.078470
55 7 0.078471
55 8 0.078470
55 9 0.078471
55 10 0.078471
55 11 0.078471
55 12 0.078471
55 13 0.078471
55 14 0.078472
55 15 0.078472
55 16 0.078472
55 17 0.078472
55 18 0.078472
55 19 0.078472
55 20 0.078473
55 21 0.078473
55 22 0.078473
55 23 0.078473
55 24 0.078473
55 25 0.078473
55 26 0.078473
55 27 0.078474
55 28 0.078474
55 29 0.078474
55 30 0.078474
55 31 0.078474
55 32 0.078474
55 33 0.078474
55 34 0.078474
55 35 0.078474
55 36 0.078474
55 37 0.078474
55 38 0.078474
55 39 0.078474
55 40 0.078474
55 41 0.078474
55 42 0.078475
55 43 0.078475
55 44 0.078475
55 45 0.078475
55 46 0.078475
55 47 0.078475
55 48 0.078475
55 49 0.078475
55 50 0.078475
55 51 0.078474
55 52 0.078474
55 53 0.078474
55 54 0.078474
55 55 0.078474
55 56 0.078474
55 57 0.078474
55 58 0.078474
55 59 0.078474
55 60 0.078474
55 61 0.078474
55 62 0.078474
55 63 0.078474
55 64 0.078474
55 65 0.078474
55 66 0.078473
55 67 0.078473
55 68 0.078473
55 69 0.078473
55 70 0.078473
55 71 0.078473
55 72 0.078473
55 73 0.078473
55 74 0.078473
55 75 0.078473
55 76 0.078473
55 77 0.078472
55 78 0.078472
55 79 0.078472
55 80 0.078472
55 81 0.078472
55 82 0.078472
55 83 0.078471
55 84 0.078471
55 85 0.078471
55 86 0.078471
55 87 0.078471
55 88 0.078471
55 89 0.078471
55 90 0.078471
55 91 0.078470
55 92 0.078471
55 93 0.078470
55 94 0.078471
55 95 0.078469
55 96 0.078471
55 97 0.078468
55 98 0.078473
55 99 0.078465

56 0 0.078466
56 1 0.078472
56 2 0.078468
56 3 0.078471
56 4 0.078469
56 5 0.078471
56 6 0.078470
56 7 0.078471
56 8 0.078470
56 9 0.078471
56 10 0.078471
56 11 0.078471
56 12 0.078471
56 13 0.078471
56 14 0.078472
56 15 0.078472
56 16 0.078472
56 17 0.078472
56 18 0.078472
56 19 0.078472
56 20 0.078473
56 21 0.078473
56 22 0.078473
56 23 0.078473
56 24 0.078473
56 25 0.078473
56 26 0.078473
56 27 0.078473
56 28 0.078474
56 29 0.078474
56 30 0.078474
56 31 0.078474
56 32 0.078474
56 33 0.078474
56 34 0.078474
56 35 0.078474
56 36 0.078474
56 37 0.078474
56 38 0.078474
56 39 0.078474
56 40 0.078474
56 41 0.078474
56 42 0.078475
56 43 0.078475
56 44 0.078475
56 45 0.078475
56 46 0.078475
56 47 0.078475
56 48 0.078475
56 49 0.078475
56 50 0.078474
56 51 0.078474
56 52 0.078474
56 53 0.078474
56 54 0.078474
56 55 0.078474
56 56 0.078474
56 57 0.078474
56 58 0.078474
56 59 0.078474
56 60 0.078474
56 61 0.078474
56 62 0.078474
56 63 0.078474
56 64 0.078474
56 65 0.078474
56 66 0.078473
56 67 0.078473
56 68 0.078473
56 69 0.078473
56 70 0.078473
56 71 0.078473
56 72 0.078473
56 73 0.078473
56 74 0.078473
56 75 0.078473
56 76 0.078473
56 77 0.078472
56 78 0.078472
56 79 0.078472
56 80 0.078472
56 81 0.078472
56 82 0.078472
56 83 0.078472
56 84 0.078471
56 85 0.078471
56 86 0.078471
56 87 0.078471
56 88 0.078471
56 89 0.078471
56 90 0.078471
56 91 0.078470
56 92 0.078471
56 93 0.078470
56 94 0.078471
56 95 0.078469
56 96 0.078471
56 97 0.078468
56 98 0.078472
56 99 0.078466

57 0 0.078466
57 1 0.078472
57 2 0.078468
57 3 0.078471
57 4 0.078469
57 5 0.078471
57 6 0.078470
57 7 0.078471
57 8 0.078470
57 9 0.078471
57 10 0.078471
57 11 0.078471
57 12 0.078471
57 13 0.078471
57 14 0.078472
57 15 0.078472
57 16 0.078472
57 17 0.078472
57 18 0.078472
57 19 0.078472
57 20 0.078473
57 21 0.078473
57 22 0.078473
57 23 0.078473
57 24 0.078473
57 25 0.078473
57 26 0.078473
57 27 0.078473
57 28 0.078474
57 29 0.078474
57 30 0.078474
57 31 0.078474
57 32 0.078474
57 33 0.078474
57 34 0.078474
57 35 0.078474
57 36 0.078474
57 37 0.078474
57 38 0.078474
57 39 0.078474
57 40 0.078474
57 41 0.078474
57 42 0.078474
57 43 0.078475
57 44 0.078475
57 45 0.078475
57 46 0.078475
57 47 0.078475
57 48 0.078475
57 49 0.078474
57 50 0.078474
57 51 0.078474
57 52 0.078474
57 53 0.078474
57 54 0.078474
57 55 0.078474
57 56 0.078474
57 57 0.078474
57 58 0.078474
57 59 0.078474
57 60 0.078474
57 61 0.078474
57 62 0.078474
57 63 0.078474
57 64 0.078474
57 65 0.078474
57 66 0.078473
57 67 0.078473
57 68 0.078473
57 69 0.078473
57 70 0.078473
57 71 0.078473
57 72 0.078473
57 73 0.078473
57 74 0.078473
57 75 0.078473
57 76 0.078473
57 77 0.078472
57 78 0.078472
57 79 0.078472
57 80 0.078472
57 81 0.078472
57 82 0.078472
57 83 0.078472
57 84 0.078471
57 85 0.078471
57 86 0.078471
57 87 0.078471
57 88 0.078471
57 89 0.078471
57 90 0.078471
57 91 0.078470
57 92 0.078471
57 93 0.078470
57 94 0.078471
57 95 0.078469
57 96 0.078471
57 97 0.078468
57 98 0.078472
57 99 0.078466

58 0 0.078466
58 1 0.078472
58 2 0.078468
58 3 0.078471
58 4 0.078469
58 5 0.078471
58 6 0.078470
58 7 0.078471
58 8 0.078470
58 9 0.078471
58 10 0.078471
58 11 0.078471
58 12 0.078471
58 13 0.078471
58 14 0.078472
58 15 0.078472
58 16 0.078472
58 17 0.078472
58 18 0.078472
58 19 0.078473
58 20 0.078473
58 21 0.078473
58 22 0.078473
58 23 0.078473
58 24 0.078473
58 25 0.078473
58 26 0.078473
58 27 0.078473
58 28 0.078474
58 29 0.078474
58 30 0.078474
58 31 0.078474
58 32 0.078474
58 33 0.078474
58 34 0.078474
58 35 0.078474
58 36 0.078474
58 37 0.078474
58 38 0.078474
58 39 0.078474
58 40 0.078474
58 41 0.078474
58 42 0.078474
58 43 0.078474
58 44 0.078474
58 45 0.078474
58 46 0.078474
58 47 0.078474
58 48 0.078474
58 49 0.078474
58 50 0.078474
58 51 0.078474
58 52 0.078474
58 53 0.078474
58 54 0.078474
58 55 0.078474
58 56 0.078474
58 57 0.078474
58 58 0.078474
58 59 0.078474
58 60 0.078474
58 61 0.078474
58 62 0.078474
58 63 0.078474
58 64 0.078474
58 65 0.078474
58 66 0.078473
58 67 0.078473
58 68 0.078473
58 69 0.078473
58 70 0.078473
58 71 0.078473
58 72 0.078473
58 73 0.078473
58 74 0.078473
58 75 0.078473
58 76 0.078473
58 77 0.078472
58 78 0.078472
58 79 0.078472
58 80 0.078472
58 81 0.078472
58 82 0.078472
58 83 0.078472
58 84 0.078471
58 85 0.078471
58 86 0.078471
58 87 0.078471
58 88 0.078471
58 89 0.078471
58 90 0.078471
58 91 0.078470
58 92 0.078471
58 93 0.078470
58 94 0.078471
58 95 0.078469
58 96 0.078471
58 97 0.078468
58 98 0.078472
58 99 0.078466

59 0 0.078466
59 1 0.078472
59 2 0.078468
59 3 0.078471
59 4 0.078469
59 5 0.078471
59 6 0.078470
59 7 0.078471
59 8 0.078470
59 9 0.078471
59 10 0.078471
59 11 0.078471
59 12 0.078471
59 13 0.078471
59 14 0.078472
59 15 0.078472
59 16 0.078472
59 17 0.078472
59 18 0.078472
59 19 0.078473
59 20 0.078473
59 21 0.078473
59 22 0.078473
59 23 0.078473
59 24 0.078473
59 25 0.078473
59 26 0.078473
59 27 0.078473
59 28 0.078474
59 29 0.078474
59 30 0.078474
59 31 0.078474
59 32 0.078474
59 33 0.078474
59 34 0.078474
59 35 0.078474
59 36 0.078474
59 37 0.078474
59 38 0.078474
59 39 0.078474
59 40 0.078474
59 41 0.078474
59 42 0.078474
59 43 0.078474
59 44 0.078474
59 45 0.078474
59 46 0.078474
59 47 0.078474
59 48 0.078474
59 49 0.078474
59 50 0.078474
59 51 0.078474
59 52 0.078474
59 53 0.078474
59 54 0.078474
59 55 0.078474
59 56 0.078474
59 57 0.078474
59 58 0.078474
59 59 0.078474
59 60 0.078474
59 61 0.078474
59 62 0.078474
59 63 0.078474
59 64 0.078474
59 65 0.078473
59 66 0.078473
59 67 0.078473
59 68 0.078473
59 69 0.078473
59 70 0.078473
59 71 0.078473
59 72 0.078473
59 73 0.078473
59 74 0.078473
59 75 0.078473
59 76 0.078472
59 77 0.078472
59 78 0.078472
59 79 0.078472
59 80 0.078472
59 81 0.078472
59 82 0.078472
59 83 0.078472
59 84 0.078471
59 85 0.078471
59 86 0.078471
59 87 0.078471
59 88 0.078471
59 89 0.078471
59 90 0.078471
59 91 0.078470
59 92 0.078471
59 93 0.078470
59 94 0.078471
59 95 0.078469
59 96 0.078471
59 97 0.078468
59 98 0.078472
59 99 0.078466

60 0 0.078466
60 1 0.078472
60 2 0.078468
60 3 0.078471
60 4 0.078469
60 5 0.078471
60 6 0.078470
60 7 0.078471
60 8 0.078470
60 9 0.078471
60 10 0.078471
60 11 0.078471
60 12 0.078471
60 13 0.078472
60 14 0.078472
60 15 0.078472
60 16 0.078472
60 17 0.078472
60 18 0.078472
60 19 0.078473
60 20 0.078473
60 21 0.078473
60 22 0.078473
60 23 0.078473
60 24 0.078473
60 25 0.078473
60 26 0.078473
60 27 0.078473
60 28 0.078473
60 29 0.078474
60 30 0.078474
60 31 0.078474
60 32 0.078474
60 33 0.078474
60 34 0.078474
60 35 0.078474
60 36 0.078474
60 37 0.078474
60 38 0.078474
60 39 0.078474
60 40 0.078474
60 41 0.078474
60 42 0.078474
60 43 0.078474
60 44 0.078474
60 45 0.078474
60 46 0.078474
60 47 0.078474
60 48 0.078474
60 49 0.078474
60 50 0.078474
60 51 0.078474
60 52 0.078474
60 53 0.078474
60 54 0.078474
60 55 0.078474
60 56 0.078474
60 57 0.078474
60 58 0.078474
60 59 0.078474
60 60 0.078474
60 61 0.078474
60 62 0.078474
60 63 0.078474
60 64 0.078474
60 65 0.078473
60 66 0.078473
60 67 0.078473
60 68 0.078473
60 69 0.078473
60 70 0.078473
60 71 0.078473
60 72 0.078473
60 73 0.078473
60 74 0.078473
60 75 0.078473
60 76 0.078472
60 77 0.078472
60 78 0.078472
60 79 0.078472
60 80 0.078472
60 81 0.078472
60 82 0.078472
60 83 0.078472
60 84 0.078471
60 85 0.078471
60 86 0.078471
60 87 0.078471
60 88 0.078471
60 89 0.078471
60 90 0.078471
60 91 0.078470
60 92 0.078471
60 93 0.078470
60 94 0.078471
60 95 0.078469
60 96 0.078471
60 97 0.078468
60 98 0.078472
60 99 0.078466

61 0 0.078467
61 1 0.078472
61 2 0.078468
61 3 0.078471
61 4 0.078469
61 5 0.078471
61 6 0.078470
61 7 0.078471
61 8 0.078470
61 9 0.078471
61 10 0.078471
61 11 0.078471
61 12 0.078471
61 13 0.078472
61 14 0.078472
61 15 0.078472
61 16 0.078472
61 17 0.078472
61 18 0.078472
61 19 0.078472
61 20 0.078473
61 21 0.078473
61 22 0.078473
61 23 0.078473
61 24 0.078473
61 25 0.078473
61 26 0.078473
61 27 0.078473
61 28 0.078473
61 29 0.078474
61 30 0.078474
61 31 0.078474
61 32 0.078474
61 33 0.078474
61 34 0.078474
61 35 0.078474
61 36 0.078474
61 37 0.078474
61 38 0.078474
61 39 0.078474
61 40 0.078474
61 41 0.078474
61 42 0.078474
61 43 0.078474
61 44 0.078474
61 45 0.078474
61 46 0.078474
61 47 0.078474
61 48 0.078474
61 49 0.078474
61 50 0.078474
61 51 0.078474
61 52 0.078474
61 53 0.078474
61 54 0.078474
61 55 0.078474
61 56 0.078474
61 57 0.078474
61 58 0.078474
61 59 0.078474
61 60 0.078474
61 61 0.078474
61 62 0.078474
61 63 0.078474
61 64 0.078474
61 65 0.078473
61 66 0.078473
61 67 0.078473
61 68 0.078473
61 69 0.078473
61 70 0.078473
61 71 0.078473
61 72 0.078473
61 73 0.078473
61 74 0.078473
61 75 0.078473
61 76 0.078472
61 77 0.078472
61 78 0.078472
61 79 0.078472
61 80 0.078472
61 81 0.078472
61 82 0.078472
61 83 0.078472
61 84 0.078471
61 85 0.078471
61 86 0.078471
61 87 0.078471
61 88 0.078471
61 89 0.078471
61 90 0.078471
61 91 0.078470
61 92 0.078471
61 93 0.078470
61 94 0.078471
61 95 0.078469
61 96 0.078471
61 97 0.078468
61 98 0.078472
61 99 0.078467

62 0 0.078467
62 1 0.078471
62 2 0.078469
62 3 0.078471
62 4 0.078469
62 5 0.078470
62 6 0.078470
62 7 0.078471
62 8 0.078470
62 9 0.078471
62 10 0.078471
62 11 0.078471
62 12 0.078471
62 13 0.078472
62 14 0.078472
62 15 0.078472
62 16 0.078472
62 17 0.078472
62 18 0.078472
62 19 0.078472
62 20 0.078473
62 21 0.078473
62 22 0.078473
62 23 0.078473
62 24 0.078473
62 25 0.078473
62 26 0.078473
62 27 0.078473
62 28 0.078473
62 29 0.078473
62 30 0.078474
62 31 0.078474
62 32 0.078474
62 33 0.078474
62 34 0.078474
62 35 0.078474
62 36 0.078474
62 37 0.078474
62 38 0.078474
62 39 0.078474
62 40 0.078474
62 41 0.078474
62 42 0.078474
62 43 0.078474
62 44 0.078474
62 45 0.078474
62 46 0.078474
62 47 0.078474
62 48 0.078474
62 49 0.078474
62 50 0.078474
62 51 0.078474
62 52 0.078474
62 53 0.078474
62 54 0.078474
62 55 0.078474
62 56 0.078474
62 57 0.078474
62 58 0.078474
62 59 0.078474
62 60 0.078474
62 61 0.078474
62 62 0.078474
62 63 0.078474
62 64 0.078473
62 65 0.078473
62 66 0.078473
62 67 0.078473
62 68 0.078473
62 69 0.078473
62 70 0.078473
62 71 0.078473
62 72 0.078473
62 73 0.078473
62 74 0.078473
62 75 0.078473
62 76 0.078472
62 77 0.078472
62 78 0.078472
62 79 0.078472
62 80 0.078472
62 81 0.078472
62 82 0.078472
62 83 0.078472
62 84 0.078471
62 85 0.078471
62 86 0.078471
62 87 0.078471
62 88 0.078471
62 89 0.078471
62 90 0.078471
62 91 0.078471
62 92 0.078471
62 93 0.078470
62 94 0.078471
62 95 0.078470
62 96 0.078471
62 97 0.078469
62 98 0.078471
62 99 0.078467

63 0 0.078468
63 1 0.078471
63 2 0.078469
63 3 0.078470
63 4 0.078470
63 5 0.078470
63 6 0.078470
63 7 0.078470
63 8 0.078470
63 9 0.078471
63 10 0.078471
63 11 0.078471
63 12 0.078471
63 13 0.078472
63 14 0.078472
63 15 0.078472
63 16 0.078472
63 17 0.078472
63 18 0.078472
63 19 0.078472
63 20 0.078473
63 21 0.078473
63 22 0.078473
63 23 0.078473
63 24 0.078473
63 25 0.078473
63 26 0.078473
63 27 0.078473
63 28 0.078473
63 29 0.078473
63 30 0.078473
63 31 0.078474
63 32 0.078474
63 33 0.078474
63 34 0.078474
63 35 0.078474
63 36 0.078474
63 37 0.078474
63 38 0.078474
63 39 0.078474
63 40 0.078474
63 41 0.078474
63 42 0.078474
63 43 0.078474
63 44 0.078474
63 45 0.078474
63 46 0.078474
63 47 0.078474
63 48 0.078474
63 49 0.078474
63 50 0.078474
63 51 0.078474
63 52 0.078474
63 53 0.078474
63 54 0.078474
63 55 0.078474
63 56 0.078474
63 57 0.078474
63 58 0.078474
63 59 0.078474
63 60 0.078474
63 61 0.078474
63 62 0.078474
63 63 0.078474
63 64 0.078473
63 65 0.078473
63 66 0.078473
63 67 0.078473
63 68 0.078473
63 69 0.078473
63 70 0.078473
63 71 0.078473
63 72 0.078473
63 73 0.078473
63 74 0.078473
63 75 0.078472
63 76 0.078472
63 77 0.078472
63 78 0.078472
63 79 0.078472
63 80 0.078472
63 81 0.078472
63 82 0.078472
63 83 0.078472
63 84 0.078471
63 85 0.078471
63 86 0.078471
63 87 0.078471
63 88 0.078471
63 89 0.078471
63 90 0.078471
63 91 0.078471
63 92 0.078471
63 93 0.078470
63 94 0.078471
63 95 0.078470
63 96 0.078471
63 97 0.078469
63 98 0.078471
63 99 0.078468

64 0 0.078468
64 1 0.078471
64 2 0.078469
64 3 0.078470
64 4 0.078470
64 5 0.078470
64 6 0.078470
64 7 0.078470
64 8 0.078471
64 9 0.078471
64 10 0.078471
64 11 0.078471
64 12 0.078471
64 13 0.078472
64 14 0.078472
64 15 0.078472
64 16 0.078472
64 17 0.078472
64 18 0.078472
64 19 0.078472
64 20 0.078473
64 21 0.078473
64 22 0.078473
64 23 0.078473
64 24 0.078473
64 25 0.078473
64 26 0.078473
64 27 0.078473
64 28 0.078473
64 29 0.078473
64 30 0.078473
64 31 0.078473
64 32 0.078474
64 33 0.078474
64 34 0.078474
64 35 0.078474
64 36 0.078474
64 37 0.078474
64 38 0.078474
64 39 0.078474
64 40 0.078474
64 41 0.078474
64 42 0.078474
64 43 0.078474
64 44 0.078474
64 45 0.078474
64 46 0.078474
64 47 0.078474
64 48 0.078474
64 49 0.078474
64 50 0.078474
64 51 0.078474
64 52 0.078474
64 53 0.078474
64 54 0.078474
64 55 0.078474
64 56 0.078474
64 57 0.078474
64 58 0.078474
64 59 0.078474
64 60 0.078474
64 61 0.078474
64 62 0.078474
64 63 0.078473
64 64 0.078473
64 65 0.078473
64 66 0.078473
64 67 0.078473
64 68 0.078473
64 69 0.078473
64 70 0.078473
64 71 0.078473
64 72 0.078473
64 73 0.078473
64 74 0.078473
64 75 0.078472
64 76 0.078472
64 77 0.078472
64 78 0.078472
64 79 0.078472
64 80 0.078472
64 81 0.078472
64 82 0.078472
64 83 0.078472
64 84 0.078471
64 85 0.078471
64 86 0.078471
64 87 0.078471
64 88 0.078471
64 89 0.078471
64 90 0.078471
64 91 0.078471
64 92 0.078471
64 93 0.078470
64 94 0.078470
64 95 0.078470
64 96 0.078470
64 97 0.078469
64 98 0.078471
64 99 0.078468

65 0 0.078468
65 1 0.078470
65 2 0.078469
65 3 0.078470
65 4 0.078470
65 5 0.078470
65 6 0.078470
65 7 0.078470
65 8 0.078471
65 9 0.078471
65 10 0.078471
65 11 0.078471
65 12 0.078471
65 13 0.078472
65 14 0.078472
65 15 0.078472
65 16 0.078472
65 17 0.078472
65 18 0.078472
65 19 0.078472
65 20 0.078473
65 21 0.078473
65 22 0.078473
65 23 0.078473
65 24 0.078473
65 25 0.078473
65 26 0.078473
65 27 0.078473
65 28 0.078473
65 29 0.078473
65 30 0.078473
65 31 0.078473
65 32 0.078473
65 33 0.078474
65 34 0.078474
65 35 0.078474
65 36 0.078474
65 37 0.078474
65 38 0.078474
65 39 0.078474
65 40 0.078474
65 41 0.078474
65 42 0.078474
65 43 0.078474
65 44 0.078474
65 45 0.078474
65 46 0.078474
65 47 0.078474
65 48 0.078474
65 49 0.078474
65 50 0.078474
65 51 0.078474
65 52 0.078474
65 53 0.078474
65 54 0.078474
65 55 0.078474
65 56 0.078474
65 57 0.078474
65 58 0.078474
65 59 0.078474
65 60 0.078474
65 61 0.078473
65 62 0.078473
65 63 0.078473
65 64 0.078473
65 65 0.078473
65 66 0.078473
65 67 0.078473
65 68 0.078473
65 69 0.078473
65 70 0.078473
65 71 0.078473
65 72 0.078473
65 73 0.078473
65 74 0.078473
65 75 0.078472
65 76 0.078472
65 77 0.078472
65 78 0.078472
65 79 0.078472
65 80 0.078472
65 81 0.078472
65 82 0.078472
65 83 0.078471
65 84 0.078471
65 85 0.078471
65 86 0.078471
65 87 0.078471
65 88 0.078471
65 89 0.078471
65 90 0.078471
65 91 0.078471
65 92 0.078471
65 93 0.078470
65 94 0.078470
65 95 0.078470
65 96 0.078470
65 97 0.078470
65 98 0.078471
65 99 0.078469

66 0 0.078469
66 1 0.078470
66 2 0.078469
66 3 0.078470
66 4 0.078470
66 5 0.078470
66 6 0.078470
66 7 0.078470
66 8 0.078471
66 9 0.078471
66 10 0.078471
66 11 0.078471
66 12 0.078471
66 13 0.078471
66 14 0.078472
66 15 0.078472
66 16 0.078472
66 17 0.078472
66 18 0.078472
66 19 0.078472
66 20 0.078473
66 21 0.078473
66 22 0.078473
66 23 0.078473
66 24 0.078473
66 25 0.078473
66 26 0.078473
66 27 0.078473
66 28 0.078473
66 29 0.078473
66 30 0.078473
66 31 0.078473
66 32 0.078473
66 33 0.078473
66 34 0.078473
66 35 0.078474
66 36 0.078474
66 37 0.078474
66 38 0.078474
66 39 0.078474
66 40 0.078474
66 41 0.078474
66 42 0.078474
66 43 0.078474
66 44 0.078474
66 45 0.078474
66 46 0.078474
66 47 0.078474
66 48 0.078474
66 49 0.078474
66 50 0.078474
66 51 0.078474
66 52 0.078474
66 53 0.078474
66 54 0.078474
66 55 0.078474
66 56 0.078474
66 57 0.078474
66 58 0.078474
66 59 0.078474
66 60 0.078473
66 61 0.078473
66 62 0.078473
66 63 0.078473
66 64 0.078473
66 65 0.078473
66 66 0.078473
66 67 0.078473
66 68 0.078473
66 69 0.078473
66 70 0.078473
66 71 0.078473
66 72 0.078473
66 73 0.078473
66 74 0.078472
66 75 0.078472
66 76 0.078472
66 77 0.078472
66 78 0.078472
66 79 0.078472
66 80 0.078472
66 81 0.078472
66 82 0.078472
66 83 0.078471
66 84 0.078471
66 85 0.078471
66 86 0.078471
66 87 0.078471
66 88 0.078471
66 89 0.078471
66 90 0.078471
66 91 0.078471
66 92 0.078471
66 93 0.078470
66 94 0.078470
66 95 0.078470
66 96 0.078470
66 97 0.078470
66 98 0.078470
66 99 0.078469

67 0 0.078469
67 1 0.078470
67 2 0.078470
67 3 0.078470
67 4 0.078470
67 5 0.078470
67 6 0.078470
67 7 0.078470
67 8 0.078471
67 9 0.078471
67 10 0.078471
67 11 0.078471
67 12 0.078471
67 13 0.078471
67 14 0.078472
67 15 0.078472
67 16 0.078472
67 17 0.078472
67 18 0.078472
67 19 0.078472
67 20 0.078472
67 21 0.078473
67 22 0.078473
67 23 0.078473
67 24 0.078473
67 25 0.078473
67 26 0.078473
67 27 0.078473
67 28 0.078473
67 29 0.078473
67 30 0.078473
67 31 0.078473
67 32 0.078473
67 33 0.078473
67 34 0.078473
67 35 0.078473
67 36 0.078473
67 37 0.078473
67 38 0.078474
67 39 0.078474
67 40 0.078474
67 41 0.078474
67 42 0.078474
67 43 0.078474
67 44 0.078474
67 45 0.078474
67 46 0.078474
67 47 0.078474
67 48 0.078474
67 49 0.078474
67 50 0.078474
67 51 0.078474
67 52 0.078474
67 53 0.078474
67 54 0.078474
67 55 0.078474
67 56 0.078474
67 57 0.078473
67 58 0.078473
67 59 0.078473
67 60 0.078473
67 61 0.078473
67 62 0.078473
67 63 0.078473
67 64 0.078473
67 65 0.078473
67 66 0.078473
67 67 0.078473
67 68 0.078473
67 69 0.078473
67 70 0.078473
67 71 0.078473
67 72 0.078473
67 73 0.078473
67 74 0.078472
67 75 0.078472
67 76 0.078472
67 77 0.078472
67 78 0.078472
67 79 0.078472
67 80 0.078472
67 81 0.078472
67 82 0.078472
67 83 0.078471
67 84 0.078471
67 85 0.078471
67 86 0.078471
67 87 0.078471
67 88 0.078471
67 89 0.078471
67 90 0.078471
67 91 0.078471
67 92 0.078470
67 93 0.078471
67 94 0.078470
67 95 0.078470
67 96 0.078470
67 97 0.078470
67 98 0.078470
67 99 0.078469

68 0 0.078469
68 1 0.078469
68 2 0.078470
68 3 0.078470
68 4 0.078470
68 5 0.078470
68 6 0.078471
68 7 0.078470
68 8 0.078471
68 9 0.078471
68 10 0.078471
68 11 0.078471
68 12 0.078471
68 13 0.078471
68 14 0.078472
68 15 0.078472
68 16 0.078472
68 17 0.078472
68 18 0.078472
68 19 0.078472
68 20 0.078472
68 21 0.078472
68 22 0.078472
68 23 0.078473
68 24 0.078473
68 25 0.078473
68 26 0.078473
68 27 0.078473
68 28 0.078473
68 29 0.078473
68 30 0.078473
68 31 0.078473
68 32 0.078473
68 33 0.078473
68 34 0.078473
68 35 0.078473
68 36 0.078473
68 37 0.078473
68 38 0.078473
68 39 0.078473
68 40 0.078474
68 41 0.078474
68 42 0.078474
68 43 0.078474
68 44 0.078474
68 45 0.078474
68 46 0.078474
68 47 0.078474
68 48 0.078474
68 49 0.078474
68 50 0.078474
68 51 0.078474
68 52 0.078474
68 53 0.078473
68 54 0.078473
68 55 0.078473
68 56 0.078473
68 57 0.078473
68 58 0.078473
68 59 0.078473
68 60 0.078473
68 61 0.078473
68 62 0.078473
68 63 0.078473
68 64 0.078473
68 65 0.078473
68 66 0.078473
68 67 0.078473
68 68 0.078473
68 69 0.078473
68 70 0.078473
68 71 0.078473
68 72 0.078473
68 73 0.078472
68 74 0.078472
68 75 0.078472
68 76 0.078472
68 77 0.078472
68 78 0.078472
68 79 0.078472
68 80 0.078472
68 81 0.078472
68 82 0.078472
68 83 0.078471
68 84 0.078471
68 85 0.078471
68 86 0.078471
68 87 0.078471
68 88 0.078471
68 89 0.078471
68 90 0.078471
68 91 0.078471
68 92 0.078470
68 93 0.078471
68 94 0.078470
68 95 0.078471
68 96 0.078470
68 97 0.078470
68 98 0.078470
68 99 0.078470

69 0 0.078470
69 1 0.078469
69 2 0.078470
69 3 0.078469
69 4 0.078470
69 5 0.078470
69 6 0.078471
69 7 0.078470
69 8 0.078471
69 9 0.078471
69 10 0.078471
69 11 0.078471
69 12 0.078471
69 13 0.078471
69 14 0.078472
69 15 0.078472
69 16 0.078472
69 17 0.078472
69 18 0.078472
69 19 0.078472
69 20 0.078472
69 21 0.078472
69 22 0.078472
69 23 0.078472
69 24 0.078473
69 25 0.078473
69 26 0.078473
69 27 0.078473
69 28 0.078473
69 29 0.078473
69 30 0.078473
69 31 0.078473
69 32 0.078473
69 33 0.078473
69 34 0.078473
69 35 0.078473
69 36 0.078473
69 37 0.078473
69 38 0.078473
69 39 0.078473
69 40 0.078473
69 41 0.078473
69 42 0.078473
69 43 0.078473
69 44 0.078473
69 45 0.078473
69 46 0.078473
69 47 0.078473
69 48 0.078473
69 49 0.078473
69 50 0.078473
69 51 0.078473
69 52 0.078473
69 53 0.078473
69 54 0.078473
69 55 0.078473
69 56 0.078473
69 57 0.078473
69 58 0.078473
69 59 0.078473
69 60 0.078473
69 61 0.078473
69 62 0.078473
69 63 0.078473
69 64 0.078473
69 65 0.078473
69 66 0.078473
69 67 0.078473
69 68 0.078473
69 69 0.078473
69 70 0.078473
69 71 0.078473
69 72 0.078472
69 73 0.078472
69 74 0.078472
69 75 0.078472
69 76 0.078472
69 77 0.078472
69 78 0.078472
69 79 0.078472
69 80 0.078472
69 81 0.078472
69 82 0.078472
69 83 0.078471
69 84 0.078471
69 85 0.078471
69 86 0.078471
69 87 0.078471
69 88 0.078471
69 89 0.078471
69 90 0.078471
69 91 0.078471
69 92 0.078470
69 93 0.078471
69 94 0.078470
69 95 0.078471
69 96 0.078470
69 97 0.078471
69 98 0.078469
69 99 0.078470

70 0 0.078470
70 1 0.078469
70 2 0.078471
70 3 0.078469
70 4 0.078471
70 5 0.078470
70 6 0.078471
70 7 0.078470
70 8 0.078471
70 9 0.078471
70 10 0.078471
70 11 0.078471
70 12 0.078471
70 13 0.078471
70 14 0.078472
70 15 0.078472
70 16 0.078472
70 17 0.078472
70 18 0.078472
70 19 0.078472
70 20 0.078472
70 21 0.078472
70 22 0.078472
70 23 0.078472
70 24 0.078472
70 25 0.078473
70 26 0.078473
70 27 0.078473
70 28 0.078473
70 29 0.078473
70 30 0.078473
70 31 0.078473
70 32 0.078473
70 33 0.078473
70 34 0.078473
70 35 0.078473
70 36 0.078473
70 37 0.078473
70 38 0.078473
70 39 0.078473
70 40 0.078473
70 41 0.078473
70 42 0.078473
70 43 0.078473
70 44 0.078473
70 45 0.078473
70 46 0.078473
70 47 0.078473
70 48 0.078473
70 49 0.078473
70 50 0.078473
70 51 0.078473
70 52 0.078473
70 53 0.078473
70 54 0.078473
70 55 0.078473
70 56 0.078473
70 57 0.078473
70 58 0.078473
70 59 0.078473
70 60 0.078473
70 61 0.078473
70 62 0.078473
70 63 0.078473
70 64 0.078473
70 65 0.078473
70 66 0.078473
70 67 0.078473
70 68 0.078473
70 69 0.078473
70 70 0.078473
70 71 0.078473
70 72 0.078472
70 73 0.078472
70 74 0.078472
70 75 0.078472
70 76 0.078472
70 77 0.078472
70 78 0.078472
70 79 0.078472
70 80 0.078472
70 81 0.078472
70 82 0.078472
70 83 0.078471
70 84 0.078471
70 85 0.078471
70 86 0.078471
70 87 0.078471
70 88 0.078471
70 89 0.078471
70 90 0.078471
70 91 0.078471
70 92 0.078470
70 93 0.078471
70 94 0.078470
70 95 0.078471
70 96 0.078470
70 97 0.078471
70 98 0.078469
70 99 0.078471

71 0 0.078470
71 1 0.078469
71 2 0.078471
71 3 0.078469
71 4 0.078471
71 5 0.078470
71 6 0.078471
71 7 0.078470
71 8 0.078471
71 9 0.078471
71 10 0.078471
71 11 0.078471
71 12 0.078471
71 13 0.078471
71 14 0.078472
71 15 0.078472
71 16 0.078472
71 17 0.078472
71 18 0.078472
71 19 0.078472
71 20 0.078472
71 21 0.078472
71 22 0.078472
71 23 0.078472
71 24 0.078472
71 25 0.078473
71 26 0.078473
71 27 0.078473
71 28 0.078473
71 29 0.078473
71 30 0.078473
71 31 0.078473
71 32 0.078473
71 33 0.078473
71 34 0.078473
71 35 0.078473
71 36 0.078473
71 37 0.078473
71 38 0.078473
71 39 0.078473
71 40 0.078473
71 41 0.078473
71 42 0.078473
71 43 0.078473
71 44 0.078473
71 45 0.078473
71 46 0.078473
71 47 0.078473
71 48 0.078473
71 49 0.078473
71 50 0.078473
71 51 0.078473
71 52 0.078473
71 53 0.078473
71 54 0.078473
71 55 0.078473
71 56 0.078473
71 57 0.078473
71 58 0.078473
71 59 0.078473
71 60 0.078473
71 61 0.078473
71 62 0.078473
71 63 0.078473
71 64 0.078473
71 65 0.078473
71 66 0.078473
71 67 0.078473
71 68 0.078473
71 69 0.078473
71 70 0.078473
71 71 0.078472
71 72 0.078472
71 73 0.078472
71 74 0.078472
71 75 0.078472
71 76 0.078472
71 77 0.078472
71 78 0.078472
71 79 0.078472
71 80 0.078472
71 81 0.078472
71 82 0.078471
71 83 0.078471
71 84 0.078471
71 85 0.078471
71 86 0.078471
71 87 0.078471
71 88 0.078471
71 89 0.078471
71 90 0.078471
71 91 0.078471
71 92 0.078470
71 93 0.078471
71 94 0.078470
71 95 0.078471
71 96 0.078469
71 97 0.078471
71 98 0.078469
71 99 0.078471

72 0 0.078471
72 1 0.078469
72 2 0.078471
72 3 0.078469
72 4 0.078471
72 5 0.078470
72 6 0.078471
72 7 0.078470
72 8 0.078471
72 9 0.078471
72 10 0.078471
72 11 0.078471
72 12 0.078471
72 13 0.078471
72 14 0.078472
72 15 0.078472
72 16 0.078472
72 17 0.078472
72 18 0.078472
72 19 0.078472
72 20 0.078472
72 21 0.078472
72 22 0.078472
72 23 0.078472
72 24 0.078472
72 25 0.078472
72 26 0.078472
72 27 0.078472
72 28 0.078473
72 29 0.078473
72 30 0.078473
72 31 0.078473
72 32 0.078473
72 33 0.078473
72 34 0.078473
72 35 0.078473
72 36 0.078473
72 37 0.078473
72 38 0.078473
72 39 0.078473
72 40 0.078473
72 41 0.078473
72 42 0.078473
72 43 0.078473
72 44 0.078473
72 45 0.078473
72 46 0.078473
72 47 0.078473
72 48 0.078473
72 49 0.078473
72 50 0.078473
72 51 0.078473
72 52 0.078473
72 53 0.078473
72 54 0.078473
72 55 0.078473
72 56 0.078473
72 57 0.078473
72 58 0.078473
72 59 0.078473
72 60 0.078473
72 61 0.078473
72 62 0.078473
72 63 0.078473
72 64 0.078473
72 65 0.078473
72 66 0.078473
72 67 0.078473
72 68 0.078473
72 69 0.078473
72 70 0.078472
72 71 0.078472
72 72 0.078472
72 73 0.078472
72 74 0.078472
72 75 0.078472
72 76 0.078472
72 77 0.078472
72 78 0.078472
72 79 0.078472
72 80 0.078472
72 81 0.078472
72 82 0.078471
72 83 0.078471
72 84 0.078471
72 85 0.078471
72 86 0.078471
72 87 0.078471
72 88 0.078471
72 89 0.078471
72 90 0.078471
72 91 0.078471
72 92 0.078470
72 93 0.078471
72 94 0.078470
72 95 0.078471
72 96 0.078469
72 97 0.078471
72 98 0.078469
72 99 0.078471

73 0 0.078471
73 1 0.078468
73 2 0.078471
73 3 0.078469
73 4 0.078471
73 5 0.078470
73 6 0.078471
73 7 0.078470
73 8 0.078471
73 9 0.078471
73 10 0.078471
73 11 0.078471
73 12 0.078471
73 13 0.078471
73 14 0.078472
73 15 0.078472
73 16 0.078472
73 17 0.078472
73 18 0.078472
73 19 0.078472
73 20 0.078472
73 21 0.078472
73 22 0.078472
73 23 0.078472
73 24 0.078472
73 25 0.078472
73 26 0.078472
73 27 0.078472
73 28 0.078472
73 29 0.078472
73 30 0.078472
73 31 0.078473
73 32 0.078473
73 33 0.078473
73 34 0.078473
73 35 0.078473
73 36 0.078473
73 37 0.078473
73 38 0.078473
73 39 0.078473
73 40 0.078473
73 41 0.078473
73 42 0.078473
73 43 0.078473
73 44 0.078473
73 45 0.078473
73 46 0.078473
73 47 0.078473
73 48 0.078473
73 49 0.078473
73 50 0.078473
73 51 0.078473
73 52 0.078473
73 53 0.078473
73 54 0.078473
73 55 0.078473
73 56 0.078473
73 57 0.078473
73 58 0.078473
73 59 0.078473
73 60 0.078473
73 61 0.078473
73 62 0.078473
73 63 0.078473
73 64 0.078473
73 65 0.078473
73 66 0.078473
73 67 0.078473
73 68 0.078473
73 69 0.078472
73 70 0.078472
73 71 0.078472
73 72 0.078472
73 73 0.078472
73 74 0.078472
73 75 0.078472
73 76 0.078472
73 77 0.078472
73 78 0.078472
73 79 0.078472
73 80 0.078472
73 81 0.078471
73 82 0.078471
73 83 0.078471
73 84 0.078471
73 85 0.078471
73 86 0.078471
73 87 0.078471
73 88 0.078471
73 89 0.078471
73 90 0.078471
73 91 0.078471
73 92 0.078470
73 93 0.078471
73 94 0.078470
73 95 0.078471
73 96 0.078469
73 97 0.078471
73 98 0.078469
73 99 0.078471

74 0 0.078471
74 1 0.078468
74 2 0.078471
74 3 0.078469
74 4 0.078471
74 5 0.078470
74 6 0.078471
74 7 0.078470
74 8 0.078471
74 9 0.078471
74 10 0.078471
74 11 0.078471
74 12 0.078471
74 13 0.078471
74 14 0.078471
74 15 0.078471
74 16 0.078472
74 17 0.078472
74 18 0.078472
74 19 0.078472
74 20 0.078472
74 21 0.078472
74 22 0.078472
74 23 0.078472
74 24 0.078472
74 25 0.078472
74 26 0.078472
74 27 0.078472
74 28 0.078472
74 29 0.078472
74 30 0.078472
74 31 0.078472
74 32 0.078472
74 33 0.078473
74 34 0.078473
74 35 0.078473
74 36 0.078473
74 37 0.078473
74 38 0.078473
74 39 0.078473
74 40 0.078473
74 41 0.078473
74 42 0.078473
74 43 0.078473
74 44 0.078473
74 45 0.078473
74 46 0.078473
74 47 0.078473
74 48 0.078473
74 49 0.078473
74 50 0.078473
74 51 0.078473
74 52 0.078473
74 53 0.078473
74 54 0.078473
74 55 0.078473
74 56 0.078473
74 57 0.078473
74 58 0.078473
74 59 0.078473
74 60 0.078473
74 61 0.078473
74 62 0.078473
74 63 0.078473
74 64 0.078473
74 65 0.078473
74 66 0.078473
74 67 0.078473
74 68 0.078472
74 69 0.078472
74 70 0.078472
74 71 0.078472
74 72 0.078472
74 73 0.078472
74 74 0.078472
74 75 0.078472
74 76 0.078472
74 77 0.078472
74 78 0.078472
74 79 0.078472
74 80 0.078472
74 81 0.078471
74 82 0.078471
74 83 0.078471
74 84 0.078471
74 85 0.078471
74 86 0.078471
74 87 0.078471
74 88 0.078471
74 89 0.078471
74 90 0.078471
74 91 0.078471
74 92 0.078470
74 93 0.078471
74 94 0.078470
74 95 0.078471
74 96 0.078469
74 97 0.078472
74 98 0.078469
74 99 0.078472

75 0 0.078472
75 1 0.078468
75 2 0.078471
75 3 0.078469
75 4 0.078471
75 5 0.078469
75 6 0.078471
75 7 0.078470
75 8 0.078471
75 9 0.078471
75 10 0.078471
75 11 0.078471
75 12 0.078471
75 13 0.078471
75 14 0.078471
75 15 0.078471
75 16 0.078471
75 17 0.078472
75 18 0.078472
75 19 0.078472
75 20 0.078472
75 21 0.078472
75 22 0.078472
75 23 0.078472
75 24 0.078472
75 25 0.078472
75 26 0.078472
75 27 0.078472
75 28 0.078472
75 29 0.078472
75 30 0.078472
75 31 0.078472
75 32 0.078472
75 33 0.078472
75 34 0.078472
75 35 0.078472
75 36 0.078472
75 37 0.078473
75 38 0.078473
75 39 0.078473
75 40 0.078473
75 41 0.078473
75 42 0.078473
75 43 0.078473
75 44 0.078473
75 45 0.078473
75 46 0.078473
75 47 0.078473
75 48 0.078473
75 49 0.078473
75 50 0.078473
75 51 0.078473
75 52 0.078473
75 53 0.078473
75 54 0.078473
75 55 0.078473
75 56 0.078473
75 57 0.078473
75 58 0.078473
75 59 0.078473
75 60 0.078473
75 61 0.078473
75 62 0.078473
75 63 0.078473
75 64 0.078473
75 65 0.078473
75 66 0.078472
75 67 0.078472
75 68 0.078472
75 69 0.078472
75 70 0.078472
75 71 0.078472
75 72 0.078472
75 73 0.078472
75 74 0.078472
75 75 0.078472
75 76 0.078472
75 77 0.078472
75 78 0.078472
75 79 0.078472
75 80 0.078471
75 81 0.078471
75 82 0.078471
75 83 0.078471
75 84 0.078471
75 85 0.078471
75 86 0.078471
75 87 0.078471
75 88 0.078471
75 89 0.078471
75 90 0.078471
75 91 0.078471
75 92 0.078470
75 93 0.078471
75 94 0.078470
75 95 0.078471
75 96 0.078469
75 97 0.078472
75 98 0.078468
75 99 0.078472

76 0 0.078472
76 1 0.078468
76 2 0.078471
76 3 0.078469
76 4 0.078471
76 5 0.078469
76 6 0.078471
76 7 0.078470
76 8 0.078471
76 9 0.078471
76 10 0.078471
76 11 0.078471
76 12 0.078471
76 13 0.078471
76 14 0.078471
76 15 0.078471
76 16 0.078471
76 17 0.078472
76 18 0.078472
76 19 0.078472
76 20 0.078472
76 21 0.078472
76 22 0.078472
76 23 0.078472
76 24 0.078472
76 25 0.078472
76 26 0.078472
76 27 0.078472
76 28 0.078472
76 29 0.078472
76 30 0.078472
76 31 0.078472
76 32 0.078472
76 33 0.078472
76 34 0.078472
76 35 0.078472
76 36 0.078472
76 37 0.078472
76 38 0.078472
76 39 0.078472
76 40 0.078473
76 41 0.078473
76 42 0.078473
76 43 0.078473
76 44 0.078473
76 45 0.078473
76 46 0.078473
76 47 0.078473
76 48 0.078473
76 49 0.078473
76 50 0.078473
76 51 0.078473
76 52 0.078473
76 53 0.078473
76 54 0.078473
76 55 0.078473
76 56 0.078473
76 57 0.078473
76 58 0.078473
76 59 0.078473
76 60 0.078473
76 61 0.078473
76 62 0.078473
76 63 0.078473
76 64 0.078473
76 65 0.078472
76 66 0.078472
76 67 0.078472
76 68 0.078472
76 69 0.078472
76 70 0.078472
76 71 0.078472
76 72 0.078472
76 73 0.078472
76 74 0.078472
76 75 0.078472
76 76 0.078472
76 77 0.078472
76 78 0.078472
76 79 0.078471
76 80 0.078471
76 81 0.078471
76 82 0.078471
76 83 0.078471
76 84 0.078471
76 85 0.078471
76 86 0.078471
76 87 0.078471
76 88 0.078471
76 89 0.078471
76 90 0.078471
76 91 0.078471
76 92 0.078470
76 93 0.078471
76 94 0.078470
76 95 0.078472
76 96 0.078469
76 97 0.078472
76 98 0.078468
76 99 0.078472

77 0 0.078472
77 1 0.078467
77 2 0.078472
77 3 0.078468
77 4 0.078471
77 5 0.078469
77 6 0.078471
77 7 0.078470
77 8 0.078471
77 9 0.078471
77 10 0.078471
77 11 0.078471
77 12 0.078471
77 13 0.078471
77 14 0.078471
77 15 0.078471
77 16 0.078471
77 17 0.078472
77 18 0.078472
77 19 0.078472
77 20 0.078472
77 21 0.078472
77 22 0.078472
77 23 0.078472
77 24 0.078472
77 25 0.078472
77 26 0.078472
77 27 0.078472
77 28 0.078472
77 29 0.078472
77 30 0.078472
77 31 0.078472
77 32 0.078472
77 33 0.078472
77 34 0.078472
77 35 0.078472
77 36 0.078472
77 37 0.078472
77 38 0.078472
77 39 0.078472
77 40 0.078472
77 41 0.078472
77 42 0.078473
77 43 0.078473
77 44 0.078473
77 45 0.078473
77 46 0.078473
77 47 0.078473
77 48 0.078473
77 49 0.078473
77 50 0.078473
77 51 0.078473
77 52 0.078473
77 53 0.078473
77 54 0.078473
77 55 0.078473
77 56 0.078473
77 57 0.078473
77 58 0.078473
77 59 0.078473
77 60 0.078473
77 61 0.078472
77 62 0.078472
77 63 0.078472
77 64 0.078472
77 65 0.078472
77 66 0.078472
77 67 0.078472
77 68 0.078472
77 69 0.078472
77 70 0.078472
77 71 0.078472
77 72 0.078472
77 73 0.078472
77 74 0.078472
77 75 0.078472
77 76 0.078472
77 77 0.078472
77 78 0.078472
77 79 0.078471
77 80 0.078471
77 81 0.078471
77 82 0.078471
77 83 0.078471
77 84 0.078471
77 85 0.078471
77 86 0.078471
77 87 0.078471
77 88 0.078471
77 89 0.078471
77 90 0.078471
77 91 0.078471
77 92 0.078470
77 93 0.078471
77 94 0.078470
77 95 0.078472
77 96 0.078469
77 97 0.078472
77 98 0.078468
77 99 0.078473

78 0 0.078472
78 1 0.078467
78 2 0.078472
78 3 0.078468
78 4 0.078471
78 5 0.078469
78 6 0.078471
78 7 0.078470
78 8 0.078471
78 9 0.078471
78 10 0.078471
78 11 0.078471
78 12 0.078471
78 13 0.078471
78 14 0.078471
78 15 0.078471
78 16 0.078471
78 17 0.078471
78 18 0.078472
78 19 0.078472
78 20 0.078472
78 21 0.078472
78 22 0.078472
78 23 0.078472
78 24 0.078472
78 25 0.078472
78 26 0.078472
78 27 0.078472
78 28 0.078472
78 29 0.078472
78 30 0.078472
78 31 0.078472
78 32 0.078472
78 33 0.078472
78 34 0.078472
78 35 0.078472
78 36 0.078472
78 37 0.078472
78 38 0.078472
78 39 0.078472
78 40 0.078472
78 41 0.078472
78 42 0.078472
78 43 0.078472
78 44 0.078472
78 45 0.078472
78 46 0.078472
78 47 0.078472
78 48 0.078472
78 49 0.078472
78 50 0.078472
78 51 0.078473
78 52 0.078473
78 53 0.078473
78 54 0.078473
78 55 0.078472
78 56 0.078472
78 57 0.078472
78 58 0.078472
78 59 0.078472
78 60 0.078472
78 61 0.078472
78 62 0.078472
78 63 0.078472
78 64 0.078472
78 65 0.078472
78 66 0.078472
78 67 0.078472
78 68 0.078472
78 69 0.078472
78 70 0.078472
78 71 0.078472
78 72 0.078472
78 73 0.078472
78 74 0.078472
78 75 0.078472
78 76 0.078472
78 77 0.078472
78 78 0.078471
78 79 0.078471
78 80 0.078471
78 81 0.078471
78 82 0.078471
78 83 0.078471
78 84 0.078471
78 85 0.078471
78 86 0.078471
78 87 0.078471
78 88 0.078471
78 89 0.078471
78 90 0.078471
78 91 0.078471
78 92 0.078470
78 93 0.078471
78 94 0.078470
78 95 0.078472
78 96 0.078469
78 97 0.078472
78 98 0.078468
78 99 0.078473

79 0 0.078473
79 1 0.078467
79 2 0.078472
79 3 0.078468
79 4 0.078471
79 5 0.078469
79 6 0.078471
79 7 0.078470
79 8 0.078471
79 9 0.078471
79 10 0.078471
79 11 0.078471
79 12 0.078471
79 13 0.078471
79 14 0.078471
79 15 0.078471
79 16 0.078471
79 17 0.078471
79 18 0.078471
79 19 0.078471
79 20 0.078471
79 21 0.078471
79 22 0.078471
79 23 0.078472
79 24 0.078472
79 25 0.078472
79 26 0.078472
79 27 0.078472
79 28 0.078472
79 29 0.078472
79 30 0.078472
79 31 0.078472
79 32 0.078472
79 33 0.078472
79 34 0.078472
79 35 0.078472
79 36 0.078472
79 37 0.078472
79 38 0.078472
79 39 0.078472
79 40 0.078472
79 41 0.078472
79 42 0.078472
79 43 0.078472
79 44 0.078472
79 45 0.078472
79 46 0.078472
79 47 0.078472
79 48 0.078472
79 49 0.078472
79 50 0.078472
79 51 0.078472
79 52 0.078472
79 53 0.078472
79 54 0.078472
79 55 0.078472
79 56 0.078472
79 57 0.078472
79 58 0.078472
79 59 0.078472
79 60 0.078472
79 61 0.078472
79 62 0.078472
79 63 0.078472
79 64 0.078472
79 65 0.078472
79 66 0.078472
79 67 0.078472
79 68 0.078472
79 69 0.078472
79 70 0.078472
79 71 0.078472
79 72 0.078472
79 73 0.078472
79 74 0.078472
79 75 0.078472
79 76 0.078472
79 77 0.078471
79 78 0.078471
79 79 0.078471
79 80 0.078471
79 81 0.078471
79 82 0.078471
79 83 0.078471
79 84 0.078471
79 85 0.078471
79 86 0.078471
79 87 0.078471
79 88 0.078471
79 89 0.078471
79 90 0.078471
79 91 0.078471
79 92 0.078470
79 93 0.078471
79 94 0.078470
79 95 0.078472
79 96 0.078469
79 97 0.078472
79 98 0.078468
79 99 0.078473

80 0 0.078473
80 1 0.078467
80 2 0.078472
80 3 0.078468
80 4 0.078472
80 5 0.078470
80 6 0.078471
80 7 0.078470
80 8 0.078471
80 9 0.078470
80 10 0.078471
80 11 0.078471
80 12 0.078471
80 13 0.078471
80 14 0.078471
80 15 0.078471
80 16 0.078471
80 17 0.078471
80 18 0.078471
80 19 0.078471
80 20 0.078471
80 21 0.078471
80 22 0.078471
80 23 0.078471
80 24 0.078472
80 25 0.078472
80 26 0.078472
80 27 0.078472
80 28 0.078472
80 29 0.078472
80 30 0.078472
80 31 0.078472
80 32 0.078472
80 33 0.078472
80 34 0.078472
80 35 0.078472
80 36 0.078472
80 37 0.078472
80 38 0.078472
80 39 0.078472
80 40 0.078472
80 41 0.078472
80 42 0.078472
80 43 0.078472
80 44 0.078472
80 45 0.078472
80 46 0.078472
80 47 0.078472
80 48 0.078472
80 49 0.078472
80 50 0.078472
80 51 0.078472
80 52 0.078472
80 53 0.078472
80 54 0.078472
80 55 0.078472
80 56 0.078472
80 57 0.078472
80 58 0.078472
80 59 0.078472
80 60 0.078472
80 61 0.078472
80 62 0.078472
80 63 0.078472
80 64 0.078472
80 65 0.078472
80 66 0.078472
80 67 0.078472
80 68 0.078472
80 69 0.078472
80 70 0.078472
80 71 0.078472
80 72 0.078472
80 73 0.078472
80 74 0.078472
80 75 0.078472
80 76 0.078472
80 77 0.078471
80 78 0.078471
80 79 0.078471
80 80 0.078471
80 81 0.078471
80 82 0.078471
80 83 0.078471
80 84 0.078471
80 85 0.078471
80 86 0.078471
80 87 0.078471
80 88 0.078471
80 89 0.078471
80 90 0.078471
80 91 0.078471
80 92 0.078470
80 93 0.078471
80 94 0.078470
80 95 0.078472
80 96 0.078469
80 97 0.078473
80 98 0.078468
80 99 0.078474

81 0 0.078473
81 1 0.078467
81 2 0.078472
81 3 0.078468
81 4 0.078472
81 5 0.078469
81 6 0.078471
81 7 0.078470
81 8 0.078471
81 9 0.078470
81 10 0.078471
81 11 0.078471
81 12 0.078471
81 13 0.078471
81 14 0.078471
81 15 0.078471
81 16 0.078471
81 17 0.078471
81 18 0.078471
81 19 0.078471
81 20 0.078471
81 21 0.078471
81 22 0.078471
81 23 0.078471
81 24 0.078471
81 25 0.078472
81 26 0.078472
81 27 0.078472
81 28 0.078472
81 29 0.078472
81 30 0.078472
81 31 0.078472
81 32 0.078472
81 33 0.078472
81 34 0.078472
81 35 0.078472
81 36 0.078472
81 37 0.078472
81 38 0.078472
81 39 0.078472
81 40 0.078472
81 41 0.078472
81 42 0.078472
81 43 0.078472
81 44 0.078472
81 45 0.078472
81 46 0.078472
81 47 0.078472
81 48 0.078472
81 49 0.078472
81 50 0.078472
81 51 0.078472
81 52 0.078472
81 53 0.078472
81 54 0.078472
81 55 0.078472
81 56 0.078472
81 57 0.078472
81 58 0.078472
81 59 0.078472
81 60 0.078472
81 61 0.078472
81 62 0.078472
81 63 0.078472
81 64 0.078472
81 65 0.078472
81 66 0.078472
81 67 0.078472
81 68 0.078472
81 69 0.078472
81 70 0.078472
81 71 0.078472
81 72 0.078472
81 73 0.078472
81 74 0.078472
81 75 0.078471
81 76 0.078471
81 77 0.078471
81 78 0.078471
81 79 0.078471
81 80 0.078471
81 81 0.078471
81 82 0.078471
81 83 0.078471
81 84 0.078471
81 85 0.078471
81 86 0.078471
81 87 0.078471
81 88 0.078471
81 89 0.078471
81 90 0.078471
81 91 0.078471
81 92 0.078470
81 93 0.078471
81 94 0.078470
81 95 0.078472
81 96 0.078469
81 97 0.078473
81 98 0.078467
81 99 0.078474

82 0 0.078474
82 1 0.078467
82 2 0.078473
82 3 0.078468
82 4 0.078472
82 5 0.078469
82 6 0.078471
82 7 0.078470
82 8 0.078471
82 9 0.078470
82 10 0.078471
82 11 0.078471
82 12 0.078471
82 13 0.078471
82 14 0.078471
82 15 0.078471
82 16 0.078471
82 17 0.078471
82 18 0.078471
82 19 0.078471
82 20 0.078471
82 21 0.078471
82 22 0.078471
82 23 0.078471
82 24 0.078471
82 25 0.078472
82 26 0.078472
82 27 0.078472
82 28 0.078472
82 29 0.078472
82 30 0.078472
82 31 0.078472
82 32 0.078472
82 33 0.078472
82 34 0.078472
82 35 0.078472
82 36 0.078472
82 37 0.078472
82 38 0.078472
82 39 0.078472
82 40 0.078472
82 41 0.078472
82 42 0.078472
82 43 0.078472
82 44 0.078472
82 45 0.078472
82 46 0.078472
82 47 0.078472
82 48 0.078472
82 49 0.078472
82 50 0.078472
82 51 0.078472
82 52 0.078472
82 53 0.078472
82 54 0.078472
82 55 0.078472
82 56 0.078472
82 57 0.078472
82 58 0.078472
82 59 0.078472
82 60 0.078472
82 61 0.078472
82 62 0.078472
82 63 0.078472
82 64 0.078472
82 65 0.078472
82 66 0.078472
82 67 0.078472
82 68 0.078472
82 69 0.078472
82 70 0.078472
82 71 0.078472
82 72 0.078472
82 73 0.078472
82 74 0.078471
82 75 0.078471
82 76 0.078471
82 77 0.078471
82 78 0.078471
82 79 0.078471
82 80 0.078471
82 81 0.078471
82 82 0.078471
82 83 0.078471
82 84 0.078471
82 85 0.078471
82 86 0.078471
82 87 0.078471
82 88 0.078471
82 89 0.078471
82 90 0.078471
82 91 0.078471
82 92 0.078470
82 93 0.078471
82 94 0.078470
82 95 0.078472
82 96 0.078469
82 97 0.078473
82 98 0.078467
82 99 0.078474

83 0 0.078474
83 1 0.078467
83 2 0.078473
83 3 0.078468
83 4 0.078472
83 5 0.078469
83 6 0.078471
83 7 0.078470
83 8 0.078471
83 9 0.078470
83 10 0.078471
83 11 0.078471
83 12 0.078471
83 13 0.078471
83 14 0.078471
83 15 0.078471
83 16 0.078471
83 17 0.078471
83 18 0.078471
83 19 0.078471
83 20 0.078471
83 21 0.078471
83 22 0.078471
83 23 0.078471
83 24 0.078471
83 25 0.078471
83 26 0.078471
83 27 0.078471
83 28 0.078471
83 29 0.078471
83 30 0.078471
83 31 0.078472
83 32 0.078472
83 33 0.078472
83 34 0.078472
83 35 0.078472
83 36 0.078472
83 37 0.078472
83 38 0.078472
83 39 0.078472
83 40 0.078472
83 41 0.078472
83 42 0.078472
83 43 0.078472
83 44 0.078472
83 45 0.078472
83 46 0.078472
83 47 0.078472
83 48 0.078472
83 49 0.078472
83 50 0.078472
83 51 0.078472
83 52 0.078472
83 53 0.078472
83 54 0.078472
83 55 0.078472
83 56 0.078472
83 57 0.078472
83 58 0.078472
83 59 0.078472
83 60 0.078472
83 61 0.078472
83 62 0.078472
83 63 0.078472
83 64 0.078472
83 65 0.078472
83 66 0.078472
83 67 0.078472
83 68 0.078472
83 69 0.078472
83 70 0.078472
83 71 0.078472
83 72 0.078472
83 73 0.078471
83 74 0.078471
83 75 0.078471
83 76 0.078471
83 77 0.078471
83 78 0.078471
83 79 0.078471
83 80 0.078471
83 81 0.078471
83 82 0.078471
83 83 0.078471
83 84 0.078471
83 85 0.078471
83 86 0.078471
83 87 0.078471
83 88 0.078471
83 89 0.078471
83 90 0.078471
83 91 0.078471
83 92 0.078470
83 93 0.078471
83 94 0.078470
83 95 0.078472
83 96 0.078469
83 97 0.078473
83 98 0.078467
83 99 0.078474

84 0 0.078474
84 1 0.078467
84 2 0.078473
84 3 0.078468
84 4 0.078472
84 5 0.078469
84 6 0.078471
84 7 0.078470
84 8 0.078471
84 9 0.078470
84 10 0.078471
84 11 0.078471
84 12 0.078471
84 13 0.078471
84 14 0.078471
84 15 0.078471
84 16 0.078471
84 17 0.078471
84 18 0.078471
84 19 0.078471
84 20 0.078471
84 21 0.078471
84 22 0.078471
84 23 0.078471
84 24 0.078471
84 25 0.078471
84 26 0.078471
84 27 0.078471
84 28 0.078471
84 29 0.078471
84 30 0.078471
84 31 0.078471
84 32 0.078472
84 33 0.078472
84 34 0.078472
84 35 0.078472
84 36 0.078472
84 37 0.078472
84 38 0.078472
84 39 0.078472
84 40 0.078472
84 41 0.078472
84 42 0.078472
84 43 0.078472
84 44 0.078472
84 45 0.078472
84 46 0.078472
84 47 0.078472
84 48 0.078472
84 49 0.078472
84 50 0.078472
84 51 0.078472
84 52 0.078472
84 53 0.078472
84 54 0.078472
84 55 0.078472
84 56 0.078472
84 57 0.078472
84 58 0.078472
84 59 0.078472
84 60 0.078472
84 61 0.078472
84 62 0.078472
84 63 0.078472
84 64 0.078472
84 65 0.078472
84 66 0.078472
84 67 0.078472
84 68 0.078472
84 69 0.078472
84 70 0.078472
84 71 0.078471
84 72 0.078471
84 73 0.078471
84 74 0.078471
84 75 0.078471
84 76 0.078471
84 77 0.078471
84 78 0.078471
84 79 0.078471
84 80 0.078471
84 81 0.078471
84 82 0.078471
84 83 0.078471
84 84 0.078471
84 85 0.078471
84 86 0.078471
84 87 0.078471
84 88 0.078471
84 89 0.078471
84 90 0.078471
84 91 0.078471
84 92 0.078470
84 93 0.078471
84 94 0.078470
84 95 0.078472
84 96 0.078469
84 97 0.078473
84 98 0.078467
84 99 0.078474

85 0 0.078474
85 1 0.078467
85 2 0.078473
85 3 0.078468
85 4 0.078472
85 5 0.078469
85 6 0.078471
85 7 0.078470
85 8 0.078471
85 9 0.078470
85 10 0.078471
85 11 0.078471
85 12 0.078471
85 13 0.078471
85 14 0.078471
85 15 0.078471
85 16 0.078471
85 17 0.078471
85 18 0.078471
85 19 0.078471
85 20 0.078471
85 21 0.078471
85 22 0.078471
85 23 0.078471
85 24 0.078471
85 25 0.078471
85 26 0.078471
85 27 0.078471
85 28 0.078471
85 29 0.078471
85 30 0.078471
85 31 0.078471
85 32 0.078472
85 33 0.078472
85 34 0.078472
85 35 0.078472
85 36 0.078472
85 37 0.078472
85 38 0.078472
85 39 0.078472
85 40 0.078472
85 41 0.078472
85 42 0.078472
85 43 0.078472
85 44 0.078472
85 45 0.078472
85 46 0.078472
85 47 0.078472
85 48 0.078472
85 49 0.078472
85 50 0.078472
85 51 0.078472
85 52 0.078472
85 53 0.078472
85 54 0.078472
85 55 0.078472
85 56 0.078472
85 57 0.078472
85 58 0.078472
85 59 0.078472
85 60 0.078472
85 61 0.078472
85 62 0.078472
85 63 0.078472
85 64 0.078472
85 65 0.078472
85 66 0.078472
85 67 0.078472
85 68 0.078472
85 69 0.078471
85 70 0.078471
85 71 0.078471
85 72 0.078471
85 73 0.078471
85 74 0.078471
85 75 0.078471
85 76 0.078471
85 77 0.078471
85 78 0.078471
85 79 0.078471
85 80 0.078471
85 81 0.078471
85 82 0.078471
85 83 0.078471
85 84 0.078471
85 85 0.078471
85 86 0.078471
85 87 0.078471
85 88 0.078471
85 89 0.078471
85 90 0.078471
85 91 0.078471
85 92 0.078470
85 93 0.078471
85 94 0.078470
85 95 0.078472
85 96 0.078469
85 97 0.078473
85 98 0.078467
85 99 0.078475

86 0 0.078474
86 1 0.078467
86 2 0.078473
86 3 0.078468
86 4 0.078472
86 5 0.078469
86 6 0.078471
86 7 0.078470
86 8 0.078471
86 9 0.078470
86 10 0.078471
86 11 0.078471
86 12 0.078471
86 13 0.078471
86 14 0.078471
86 15 0.078471
86 16 0.078471
86 17 0.078471
86 18 0.078471
86 19 0.078471
86 20 0.078471
86 21 0.078471
86 22 0.078471
86 23 0.078471
86 24 0.078471
86 25 0.078471
86 26 0.078471
86 27 0.078471
86 28 0.078471
86 29 0.078471
86 30 0.078471
86 31 0.078471
86 32 0.078471
86 33 0.078471
86 34 0.078471
86 35 0.078471
86 36 0.078471
86 37 0.078471
86 38 0.078471
86 39 0.078471
86 40 0.078471
86 41 0.078471
86 42 0.078471
86 43 0.078471
86 44 0.078471
86 45 0.078471
86 46 0.078471
86 47 0.078471
86 48 0.078471
86 49 0.078471
86 50 0.078471
86 51 0.078471
86 52 0.078471
86 53 0.078472
86 54 0.078472
86 55 0.078472
86 56 0.078472
86 57 0.078472
86 58 0.078471
86 59 0.078471
86 60 0.078471
86 61 0.078471
86 62 0.078471
86 63 0.078471
86 64 0.078472
86 65 0.078471
86 66 0.078471
86 67 0.078471
86 68 0.078471
86 69 0.078471
86 70 0.078471
86 71 0.078471
86 72 0.078471
86 73 0.078471
86 74 0.078471
86 75 0.078471
86 76 0.078471
86 77 0.078471
86 78 0.078471
86 79 0.078471
86 80 0.078471
86 81 0.078471
86 82 0.078471
86 83 0.078471
86 84 0.078471
86 85 0.078471
86 86 0.078471
86 87 0.078471
86 88 0.078471
86 89 0.078471
86 90 0.078470
86 91 0.078471
86 92 0.078470
86 93 0.078471
86 94 0.078470
86 95 0.078472
86 96 0.078469
86 97 0.078473
86 98 0.078467
86 99 0.078475

87 0 0.078474
87 1 0.078467
87 2 0.078473
87 3 0.078468
87 4 0.078472
87 5 0.078469
87 6 0.078471
87 7 0.078470
87 8 0.078471
87 9 0.078470
87 10 0.078471
87 11 0.078471
87 12 0.078471
87 13 0.078471
87 14 0.078471
87 15 0.078471
87 16 0.078471
87 17 0.078471
87 18 0.078471
87 19 0.078471
87 20 0.078471
87 21 0.078471
87 22 0.078471
87 23 0.078471
87 24 0.078471
87 25 0.078471
87 26 0.078471
87 27 0.078471
87 28 0.078471
87 29 0.078471
87 30 0.078471
87 31 0.078471
87 32 0.078471
87 33 0.078471
87 34 0.078471
87 35 0.078471
87 36 0.078471
87 37 0.078471
87 38 0.078471
87 39 0.078471
87 40 0.078471
87 41 0.078471
87 42 0.078471
87 43 0.078471
87 44 0.078471
87 45 0.078471
87 46 0.078471
87 47 0.078471
87 48 0.078471
87 49 0.078471
87 50 0.078471
87 51 0.078471
87 52 0.078471
87 53 0.078471
87 54 0.078471
87 55 0.078471
87 56 0.078471
87 57 0.078471
87 58 0.078471
87 59 0.078471
87 60 0.078471
87 61 0.078471
87 62 0.078471
87 63 0.078471
87 64 0.078471
87 65 0.078471
87 66 0.078471
87 67 0.078471
87 68 0.078471
87 69 0.078471
87 70 0.078471
87 71 0.078471
87 72 0.078471
87 73 0.078471
87 74 0.078471
87 75 0.078471
87 76 0.078471
87 77 0.078471
87 78 0.078471
87 79 0.078471
87 80 0.078471
87 81 0.078471
87 82 0.078471
87 83 0.078471
87 84 0.078471
87 85 0.078471
87 86 0.078471
87 87 0.078471
87 88 0.078471
87 89 0.078471
87 90 0.078471
87 91 0.078471
87 92 0.078470
87 93 0.078471
87 94 0.078470
87 95 0.078472
87 96 0.078469
87 97 0.078474
87 98 0.078467
87 99 0.078475

88 0 0.078474
88 1 0.078466
88 2 0.078473
88 3 0.078468
88 4 0.078472
88 5 0.078469
88 6 0.078471
88 7 0.078470
88 8 0.078471
88 9 0.078470
88 10 0.078471
88 11 0.078470
88 12 0.078470
88 13 0.078470
88 14 0.078470
88 15 0.078470
88 16 0.078471
88 17 0.078471
88 18 0.078471
88 19 0.078471
88 20 0.078471
88 21 0.078471
88 22 0.078471
88 23 0.078471
88 24 0.078471
88 25 0.078471
88 26 0.078471
88 27 0.078471
88 28 0.078471
88 29 0.078471
88 30 0.078471
88 31 0.078471
88 32 0.078471
88 33 0.078471
88 34 0.078471
88 35 0.078471
88 36 0.078471
88 37 0.078471
88 38 0.078471
88 39 0.078471
88 40 0.078471
88 41 0.078471
88 42 0.078471
88 43 0.078471
88 44 0.078471
88 45 0.078471
88 46 0.078471
88 47 0.078471
88 48 0.078471
88 49 0.078471
88 50 0.078471
88 51 0.078471
88 52 0.078471
88 53 0.078471
88 54 0.078471
88 55 0.078471
88 56 0.078471
88 57 0.078471
88 58 0.078471
88 59 0.078471
88 60 0.078471
88 61 0.078471
88 62 0.078471
88 63 0.078471
88 64 0.078471
88 65 0.078471
88 66 0.078471
88 67 0.078471
88 68 0.078471
88 69 0.078471
88 70 0.078471
88 71 0.078471
88 72 0.078471
88 73 0.078471
88 74 0.078471
88 75 0.078471
88 76 0.078471
88 77 0.078471
88 78 0.078471
88 79 0.078471
88 80 0.078471
88 81 0.078471
88 82 0.078471
88 83 0.078471
88 84 0.078471
88 85 0.078471
88 86 0.078471
88 87 0.078471
88 88 0.078471
88 89 0.078471
88 90 0.078470
88 91 0.078471
88 92 0.078470
88 93 0.078471
88 94 0.078470
88 95 0.078472
88 96 0.078469
88 97 0.078474
88 98 0.078467
88 99 0.078475

89 0 0.078475
89 1 0.078467
89 2 0.078473
89 3 0.078468
89 4 0.078472
89 5 0.078469
89 6 0.078471
89 7 0.078470
89 8 0.078471
89 9 0.078470
89 10 0.078471
89 11 0.078471
89 12 0.078471
89 13 0.078471
89 14 0.078471
89 15 0.078471
89 16 0.078471
89 17 0.078471
89 18 0.078471
89 19 0.078471
89 20 0.078471
89 21 0.078471
89 22 0.078471
89 23 0.078471
89 24 0.078471
89 25 0.078471
89 26 0.078471
89 27 0.078471
89 28 0.078471
89 29 0.078471
89 30 0.078471
89 31 0.078471
89 32 0.078471
89 33 0.078471
89 34 0.078471
89 35 0.078471
89 36 0.078471
89 37 0.078471
89 38 0.078471
89 39 0.078471
89 40 0.078471
89 41 0.078471
89 42 0.078471
89 43 0.078471
89 44 0.078471
89 45 0.078471
89 46 0.078471
89 47 0.078471
89 48 0.078471
89 49 0.078471
89 50 0.078471
89 51 0.078471
89 52 0.078471
89 53 0.078471
89 54 0.078471
89 55 0.078471
89 56 0.078471
89 57 0.078471
89 58 0.078471
89 59 0.078471
89 60 0.078471
89 61 0.078471
89 62 0.078471
89 63 0.078471
89 64 0.078471
89 65 0.078471
89 66 0.078471
89 67 0.078471
89 68 0.078471
89 69 0.078471
89 70 0.078471
89 71 0.078471
89 72 0.078471
89 73 0.078471
89 74 0.078471
89 75 0.078471
89 76 0.078471
89 77 0.078471
89 78 0.078471
89 79 0.078471
89 80 0.078471
89 81 0.078471
89 82 0.078471
89 83 0.078471
89 84 0.078471
89 85 0.078471
89 86 0.078471
89 87 0.078471
89 88 0.078471
89 89 0.078471
89 90 0.078471
89 91 0.078471
89 92 0.078470
89 93 0.078472
89 94 0.078470
89 95 0.078472
89 96 0.078469
89 97 0.078474
89 98 0.078467
89 99 0.078475

90 0 0.078475
90 1 0.078466
90 2 0.078473
90 3 0.078468
90 4 0.078472
90 5 0.078469
90 6 0.078471
90 7 0.078470
90 8 0.078470
90 9 0.078470
90 10 0.078470
90 11 0.078470
90 12 0.078470
90 13 0.078470
90 14 0.078470
90 15 0.078470
90 16 0.078470
90 17 0.078471
90 18 0.078471
90 19 0.078471
90 20 0.078471
90 21 0.078471
90 22 0.078471
90 23 0.078471
90 24 0.078471
90 25 0.078471
90 26 0.078471
90 27 0.078471
90 28 0.078471
90 29 0.078471
90 30 0.078471
90 31 0.078471
90 32 0.078471
90 33 0.078471
90 34 0.078471
90 35 0.078471
90 36 0.078471
90 37 0.078471
90 38 0.078471
90 39 0.078471
90 40 0.078471
90 41 0.078471
90 42 0.078471
90 43 0.078471
90 44 0.078471
90 45 0.078471
90 46 0.078471
90 47 0.078471
90 48 0.078471
90 49 0.078471
90 50 0.078471
90 51 0.078471
90 52 0.078471
90 53 0.078471
90 54 0.078471
90 55 0.078471
90 56 0.078471
90 57 0.078471
90 58 0.078471
90 59 0.078471
90 60 0.078471
90 61 0.078471
90 62 0.078471
90 63 0.078471
90 64 0.078471
90 65 0.078471
90 66 0.078471
90 67 0.078471
90 68 0.078471
90 69 0.078471
90 70 0.078471
90 71 0.078471
90 72 0.078471
90 73 0.078471
90 74 0.078471
90 75 0.078471
90 76 0.078471
90 77 0.078471
90 78 0.078471
90 79 0.078471
90 80 0.078471
90 81 0.078471
90 82 0.078471
90 83 0.078471
90 84 0.078471
90 85 0.078471
90 86 0.078471
90 87 0.078471
90 88 0.078470
90 89 0.078471
90 90 0.078470
90 91 0.078471
90 92 0.078470
90 93 0.078471
90 94 0.078470
90 95 0.078472
90 96 0.078468
90 97 0.078474
90 98 0.078467
90 99 0.078475

91 0 0.078475
91 1 0.078467
91 2 0.078473
91 3 0.078469
91 4 0.078472
91 5 0.078470
91 6 0.078471
91 7 0.078470
91 8 0.078471
91 9 0.078471
91 10 0.078471
91 11 0.078471
91 12 0.078471
91 13 0.078471
91 14 0.078471
91 15 0.078471
91 16 0.078471
91 17 0.078471
91 18 0.078471
91 19 0.078471
91 20 0.078471
91 21 0.078471
91 22 0.078471
91 23 0.078471
91 24 0.078471
91 25 0.078471
91 26 0.078471
91 27 0.078471
91 28 0.078471
91 29 0.078471
91 30 0.078471
91 31 0.078471
91 32 0.078471
91 33 0.078471
91 34 0.078471
91 35 0.078471
91 36 0.078471
91 37 0.078471
91 38 0.078471
91 39 0.078471
91 40 0.078471
91 41 0.078471
91 42 0.078471
91 43 0.078471
91 44 0.078471
91 45 0.078471
91 46 0.078471
91 47 0.078471
91 48 0.078471
91 49 0.078471
91 50 0.078471
91 51 0.078471
91 52 0.078471
91 53 0.078471
91 54 0.078471
91 55 0.078471
91 56 0.078471
91 57 0.078471
91 58 0.078471
91 59 0.078471
91 60 0.078471
91 61 0.078471
91 62 0.078471
91 63 0.078471
91 64 0.078471
91 65 0.078471
91 66 0.078471
91 67 0.078471
91 68 0.078471
91 69 0.078471
91 70 0.078471
91 71 0.078471
91 72 0.078471
91 73 0.078471
91 74 0.078471
91 75 0.078471
91 76 0.078471
91 77 0.078471
91 78 0.078471
91 79 0.078471
91 80 0.078471
91 81 0.078471
91 82 0.078471
91 83 0.078471
91 84 0.078471
91 85 0.078471
91 86 0.078471
91 87 0.078471
91 88 0.078471
91 89 0.078471
91 90 0.078471
91 91 0.078471
91 92 0.078471
91 93 0.078472
91 94 0.078470
91 95 0.078473
91 96 0.078469
91 97 0.078474
91 98 0.078468
91 99 0.078476

92 0 0.078475
92 1 0.078466
92 2 0.078473
92 3 0.078468
92 4 0.078471
92 5 0.078469
92 6 0.078470
92 7 0.078469
92 8 0.078470
92 9 0.078469
92 10 0.078470
92 11 0.078470
92 12 0.078470
92 13 0.078470
92 14 0.078470
92 15 0.078470
92 16 0.078470
92 17 0.078470
92 18 0.078470
92 19 0.078470
92 20 0.078470
92 21 0.078470
92 22 0.078470
92 23 0.078470
92 24 0.078470
92 25 0.078470
92 26 0.078470
92 27 0.078471
92 28 0.078470
92 29 0.078470
92 30 0.078470
92 31 0.078470
92 32 0.078470
92 33 0.078470
92 34 0.078470
92 35 0.078471
92 36 0.078471
92 37 0.078471
92 38 0.078471
92 39 0.078471
92 40 0.078471
92 41 0.078471
92 42 0.078471
92 43 0.078471
92 44 0.078471
92 45 0.078471
92 46 0.078471
92 47 0.078471
92 48 0.078471
92 49 0.078471
92 50 0.078471
92 51 0.078471
92 52 0.078471
92 53 0.078471
92 54 0.078471
92 55 0.078471
92 56 0.078471
92 57 0.078471
92 58 0.078471
92 59 0.078471
92 60 0.078471
92 61 0.078471
92 62 0.078471
92 63 0.078471
92 64 0.078471
92 65 0.078471
92 66 0.078471
92 67 0.078471
92 68 0.078471
92 69 0.078471
92 70 0.078471
92 71 0.078471
92 72 0.078470
92 73 0.078470
92 74 0.078470
92 75 0.078470
92 76 0.078470
92 77 0.078470
92 78 0.078470
92 79 0.078470
92 80 0.078470
92 81 0.078470
92 82 0.078470
92 83 0.078470
92 84 0.078470
92 85 0.078470
92 86 0.078470
92 87 0.078470
92 88 0.078470
92 89 0.078470
92 90 0.078470
92 91 0.078471
92 92 0.078470
92 93 0.078471
92 94 0.078469
92 95 0.078472
92 96 0.078468
92 97 0.078473
92 98 0.078467
92 99 0.078476

93 0 0.078475
93 1 0.078468
93 2 0.078474
93 3 0.078469
93 4 0.078473
93 5 0.078470
93 6 0.078472
93 7 0.078471
93 8 0.078471
93 9 0.078471
93 10 0.078471
93 11 0.078471
93 12 0.078471
93 13 0.078472
93 14 0.078472
93 15 0.078472
93 16 0.078472
93 17 0.078472
93 18 0.078472
93 19 0.078471
93 20 0.078471
93 21 0.078471
93 22 0.078471
93 23 0.078471
93 24 0.078471
93 25 0.078472
93 26 0.078472
93 27 0.078472
93 28 0.078471
93 29 0.078471
93 30 0.078471
93 31 0.078471
93 32 0.078471
93 33 0.078471
93 34 0.078471
93 35 0.078472
93 36 0.078472
93 37 0.078472
93 38 0.078471
93 39 0.078471
93 40 0.078471
93 41 0.078471
93 42 0.078471
93 43 0.078471
93 44 0.078471
93 45 0.078471
93 46 0.078471
93 47 0.078471
93 48 0.078471
93 49 0.078471
93 50 0.078471
93 51 0.078471
93 52 0.078471
93 53 0.078471
93 54 0.078471
93 55 0.078471
93 56 0.078471
93 57 0.078471
93 58 0.078471
93 59 0.078471
93 60 0.078471
93 61 0.078471
93 62 0.078471
93 63 0.078471
93 64 0.078471
93 65 0.078471
93 66 0.078471
93 67 0.078472
93 68 0.078472
93 69 0.078472
93 70 0.078472
93 71 0.078472
93 72 0.078472
93 73 0.078472
93 74 0.078472
93 75 0.078472
93 76 0.078472
93 77 0.078472
93 78 0.078472
93 79 0.078472
93 80 0.078472
93 81 0.078472
93 82 0.078472
93 83 0.078472
93 84 0.078472
93 85 0.078472
93 86 0.078472
93 87 0.078472
93 88 0.078472
93 89 0.078472
93 90 0.078471
93 91 0.078472
93 92 0.078471
93 93 0.078472
93 94 0.078471
93 95 0.078473
93 96 0.078470
93 97 0.078474
93 98 0.078468
93 99 0.078476

94 0 0.078475
94 1 0.078465
94 2 0.078473
94 3 0.078467
94 4 0.078471
94 5 0.078468
94 6 0.078470
94 7 0.078468
94 8 0.078469
94 9 0.078469
94 10 0.078469
94 11 0.078469
94 12 0.078469
94 13 0.078469
94 14 0.078469
94 15 0.078469
94 16 0.078469
94 17 0.078469
94 18 0.078469
94 19 0.078469
94 20 0.078469
94 21 0.078469
94 22 0.078470
94 23 0.078470
94 24 0.078470
94 25 0.078470
94 26 0.078470
94 27 0.078470
94 28 0.078470
94 29 0.078470
94 30 0.078470
94 31 0.078470
94 32 0.078470
94 33 0.078470
94 34 0.078470
94 35 0.078470
94 36 0.078470
94 37 0.078470
94 38 0.078470
94 39 0.078470
94 40 0.078470
94 41 0.078470
94 42 0.078470
94 43 0.078470
94 44 0.078470
94 45 0.078471
94 46 0.078471
94 47 0.078471
94 48 0.078471
94 49 0.078471
94 50 0.078471
94 51 0.078471
94 52 0.078471
94 53 0.078471
94 54 0.078471
94 55 0.078471
94 56 0.078471
94 57 0.078471
94 58 0.078471
94 59 0.078470
94 60 0.078470
94 61 0.078470
94 62 0.078470
94 63 0.078470
94 64 0.078470
94 65 0.078470
94 66 0.078470
94 67 0.078470
94 68 0.078470
94 69 0.078470
94 70 0.078470
94 71 0.078470
94 72 0.078470
94 73 0.078470
94 74 0.078470
94 75 0.078470
94 76 0.078470
94 77 0.078470
94 78 0.078470
94 79 0.078470
94 80 0.078470
94 81 0.078469
94 82 0.078469
94 83 0.078469
94 84 0.078469
94 85 0.078469
94 86 0.078469
94 87 0.078470
94 88 0.078469
94 89 0.078470
94 90 0.078469
94 91 0.078470
94 92 0.078469
94 93 0.078470
94 94 0.078469
94 95 0.078471
94 96 0.078468
94 97 0.078473
94 98 0.078466
94 99 0.078476

95 0 0.078475
95 1 0.078469
95 2 0.078474
95 3 0.078470
95 4 0.078473
95 5 0.078471
95 6 0.078473
95 7 0.078472
95 8 0.078472
95 9 0.078472
95 10 0.078472
95 11 0.078472
95 12 0.078472
95 13 0.078472
95 14 0.078472
95 15 0.078472
95 16 0.078472
95 17 0.078472
95 18 0.078472
95 19 0.078472
95 20 0.078472
95 21 0.078472
95 22 0.078472
95 23 0.078472
95 24 0.078472
95 25 0.078472
95 26 0.078472
95 27 0.078472
95 28 0.078472
95 29 0.078472
95 30 0.078472
95 31 0.078472
95 32 0.078472
95 33 0.078472
95 34 0.078472
95 35 0.078472
95 36 0.078472
95 37 0.078472
95 38 0.078472
95 39 0.078472
95 40 0.078472
95 41 0.078471
95 42 0.078471
95 43 0.078471
95 44 0.078471
95 45 0.078471
95 46 0.078471
95 47 0.078471
95 48 0.078471
95 49 0.078471
95 50 0.078471
95 51 0.078471
95 52 0.078471
95 53 0.078471
95 54 0.078471
95 55 0.078471
95 56 0.078471
95 57 0.078471
95 58 0.078471
95 59 0.078471
95 60 0.078471
95 61 0.078471
95 62 0.078472
95 63 0.078472
95 64 0.078472
95 65 0.078472
95 66 0.078472
95 67 0.078472
95 68 0.078472
95 69 0.078472
95 70 0.078472
95 71 0.078472
95 72 0.078472
95 73 0.078472
95 74 0.078472
95 75 0.078472
95 76 0.078472
95 77 0.078472
95 78 0.078472
95 79 0.078472
95 80 0.078472
95 81 0.078472
95 82 0.078472
95 83 0.078472
95 84 0.078473
95 85 0.078473
95 86 0.078473
95 87 0.078473
95 88 0.078472
95 89 0.078473
95 90 0.078472
95 91 0.078473
95 92 0.078472
95 93 0.078473
95 94 0.078472
95 95 0.078474
95 96 0.078471
95 97 0.078475
95 98 0.078470
95 99 0.078476

96 0 0.078476
96 1 0.078464
96 2 0.078472
96 3 0.078466
96 4 0.078470
96 5 0.078467
96 6 0.078469
96 7 0.078467
96 8 0.078468
96 9 0.078467
96 10 0.078468
96 11 0.078468
96 12 0.078468
96 13 0.078468
96 14 0.078468
96 15 0.078468
96 16 0.078468
96 17 0.078468
96 18 0.078468
96 19 0.078468
96 20 0.078468
96 21 0.078468
96 22 0.078469
96 23 0.078469
96 24 0.078469
96 25 0.078469
96 26 0.078469
96 27 0.078469
96 28 0.078469
96 29 0.078469
96 30 0.078469
96 31 0.078469
96 32 0.078469
96 33 0.078470
96 34 0.078470
96 35 0.078470
96 36 0.078470
96 37 0.078470
96 38 0.078470
96 39 0.078470
96 40 0.078470
96 41 0.078470
96 42 0.078470
96 43 0.078470
96 44 0.078470
96 45 0.078470
96 46 0.078470
96 47 0.078470
96 48 0.078470
96 49 0.078470
96 50 0.078470
96 51 0.078470
96 52 0.078470
96 53 0.078470
96 54 0.078470
96 55 0.078470
96 56 0.078470
96 57 0.078470
96 58 0.078470
96 59 0.078470
96 60 0.078470
96 61 0.078470
96 62 0.078470
96 63 0.078470
96 64 0.078470
96 65 0.078469
96 66 0.078469
96 67 0.078469
96 68 0.078469
96 69 0.078469
96 70 0.078469
96 71 0.078469
96 72 0.078469
96 73 0.078469
96 74 0.078469
96 75 0.078469
96 76 0.078469
96 77 0.078469
96 78 0.078469
96 79 0.078468
96 80 0.078468
96 81 0.078468
96 82 0.078468
96 83 0.078468
96 84 0.078468
96 85 0.078468
96 86 0.078468
96 87 0.078468
96 88 0.078468
96 89 0.078469
96 90 0.078468
96 91 0.078469
96 92 0.078468
96 93 0.078469
96 94 0.078467
96 95 0.078471
96 96 0.078466
96 97 0.078473
96 98 0.078464
96 99 0.078476

97 0 0.078475
97 1 0.078472
97 2 0.078475
97 3 0.078472
97 4 0.078474
97 5 0.078473
97 6 0.078474
97 7 0.078473
97 8 0.078474
97 9 0.078474
97 10 0.078474
97 11 0.078474
97 12 0.078474
97 13 0.078474
97 14 0.078474
97 15 0.078474
97 16 0.078474
97 17 0.078474
97 18 0.078473
97 19 0.078473
97 20 0.078473
97 21 0.078473
97 22 0.078473
97 23 0.078473
97 24 0.078473
97 25 0.078473
97 26 0.078473
97 27 0.078473
97 28 0.078472
97 29 0.078473
97 30 0.078473
97 31 0.078473
97 32 0.078473
97 33 0.078473
97 34 0.078473
97 35 0.078472
97 36 0.078472
97 37 0.078472
97 38 0.078472
97 39 0.078472
97 40 0.078472
97 41 0.078472
97 42 0.078472
97 43 0.078472
97 44 0.078472
97 45 0.078471
97 46 0.078471
97 47 0.078471
97 48 0.078471
97 49 0.078471
97 50 0.078471
97 51 0.078471
97 52 0.078471
97 53 0.078471
97 54 0.078471
97 55 0.078471
97 56 0.078471
97 57 0.078471
97 58 0.078471
97 59 0.078472
97 60 0.078472
97 61 0.078472
97 62 0.078472
97 63 0.078472
97 64 0.078472
97 65 0.078472
97 66 0.078472
97 67 0.078472
97 68 0.078473
97 69 0.078473
97 70 0.078473
97 71 0.078473
97 72 0.078473
97 73 0.078473
97 74 0.078473
97 75 0.078473
97 76 0.078473
97 77 0.078473
97 78 0.078473
97 79 0.078473
97 80 0.078474
97 81 0.078474
97 82 0.078474
97 83 0.078474
97 84 0.078474
97 85 0.078474
97 86 0.078474
97 87 0.078474
97 88 0.078474
97 89 0.078474
97 90 0.078474
97 91 0.078474
97 92 0.078474
97 93 0.078474
97 94 0.078473
97 95 0.078475
97 96 0.078473
97 97 0.078475
97 98 0.078472
97 99 0.078476

98 0 0.078476
98 1 0.078461
98 2 0.078472
98 3 0.078463
98 4 0.078469
98 5 0.078465
98 6 0.078467
98 7 0.078465
98 8 0.078466
98 9 0.078466
98 10 0.078466
98 11 0.078466
98 12 0.078466
98 13 0.078466
98 14 0.078466
98 15 0.078466
98 16 0.078466
98 17 0.078466
98 18 0.078466
98 19 0.078467
98 20 0.078467
98 21 0.078467
98 22 0.078468
98 23 0.078468
98 24 0.078468
98 25 0.078468
98 26 0.078468
98 27 0.078468
98 28 0.078468
98 29 0.078468
98 30 0.078468
98 31 0.078469
98 32 0.078469
98 33 0.078469
98 34 0.078469
98 35 0.078469
98 36 0.078469
98 37 0.078469
98 38 0.078469
98 39 0.078469
98 40 0.078469
98 41 0.078469
98 42 0.078470
98 43 0.078470
98 44 0.078470
98 45 0.078470
98 46 0.078470
98 47 0.078470
98 48 0.078470
98 49 0.078470
98 50 0.078470
98 51 0.078470
98 52 0.078470
98 53 0.078470
98 54 0.078470
98 55 0.078470
98 56 0.078470
98 57 0.078470
98 58 0.078470
98 59 0.078470
98 60 0.078469
98 61 0.078469
98 62 0.078469
98 63 0.078469
98 64 0.078469
98 65 0.078469
98 66 0.078469
98 67 0.078468
98 68 0.078468
98 69 0.078468
98 70 0.078468
98 71 0.078468
98 72 0.078468
98 73 0.078468
98 74 0.078468
98 75 0.078468
98 76 0.078467
98 77 0.078467
98 78 0.078467
98 79 0.078467
98 80 0.078467
98 81 0.078467
98 82 0.078467
98 83 0.078467
98 84 0.078467
98 85 0.078467
98 86 0.078467
98 87 0.078467
98 88 0.078467
98 89 0.078467
98 90 0.078467
98 91 0.078467
98 92 0.078466
98 93 0.078468
98 94 0.078466
98 95 0.078469
98 96 0.078464
98 97 0.078472
98 98 0.078461
98 99 0.078476

99 0 0.078476
99 1 0.078476
99 2 0.078475
99 3 0.078475
99 4 0.078475
99 5 0.078476
99 6 0.078476
99 7 0.078476
99 8 0.078476
99 9 0.078476
99 10 0.078476
99 11 0.078476
99 12 0.078476
99 13 0.078475
99 14 0.078475
99 15 0.078475
99 16 0.078475
99 17 0.078475
99 18 0.078475
99 19 0.078475
99 20 0.078474
99 21 0.078474
99 22 0.078474
99 23 0.078474
99 24 0.078473
99 25 0.078473
99 26 0.078473
99 27 0.078473
99 28 0.078473
99 29 0.078473
99 30 0.078473
99 31 0.078473
99 32 0.078473
99 33 0.078473
99 34 0.078473
99 35 0.078473
99 36 0.078473
99 37 0.078473
99 38 0.078472
99 39 0.078472
99 40 0.078472
99 41 0.078472
99 42 0.078472
99 43 0.078472
99 44 0.078471
99 45 0.078471
99 46 0.078471
99 47 0.078471
99 48 0.078471
99 49 0.078471
99 50 0.078471
99 51 0.078471
99 52 0.078471
99 53 0.078471
99 54 0.078471
99 55 0.078471
99 56 0.078471
99 57 0.078471
99 58 0.078471
99 59 0.078471
99 60 0.078472
99 61 0.078472
99 62 0.078472
99 63 0.078472
99 64 0.078472
99 65 0.078473
99 66 0.078473
99 67 0.078473
99 68 0.078473
99 69 0.078473
99 70 0.078473
99 71 0.078473
99 72 0.078474
99 73 0.078474
99 74 0.078474
99 75 0.078474
99 76 0.078474
99 77 0.078474
99 78 0.078475
99 79 0.078475
99 80 0.078475
99 81 0.078475
99 82 0.078475
99 83 0.078475
99 84 0.078475
99 85 0.078475
99 86 0.078476
99 87 0.078476
99 88 0.078476
99 89 0.078476
99 90 0.078476
99 91 0.078476
99 92 0.078476
99 93 0.078476
99 94 0.078476
99 95 0.078476
99 96 0.078476
99 97 0.078476
99 98 0.078476
99 99 0.078476

