0 0 0.071759
0 1 0.071759
0 2 0.071789
0 3 0.071833
0 4 0.071892
0 5 0.071965
0 6 0.072052
0 7 0.072152
0 8 0.072266
0 9 0.072393
0 10 0.072532
0 11 0.072682
0 12 0.072844
0 13 0.073016
0 14 0.073198
0 15 0.073389
0 16 0.073588
0 17 0.073794
0 18 0.074007
0 19 0.074226
0 20 0.074450
0 21 0.074677
0 22 0.074908
0 23 0.075141
0 24 0.075374
0 25 0.075609
0 26 0.075842
0 27 0.076074
0 28 0.076304
0 29 0.076530
0 30 0.076751
0 31 0.076968
0 32 0.077179
0 33 0.077382
0 34 0.077579
0 35 0.077766
0 36 0.077945
0 37 0.078114
0 38 0.078273
0 39 0.078420
0 40 0.078556
0 41 0.078680
0 42 0.078791
0 43 0.078890
0 44 0.078975
0 45 0.079046
0 46 0.079104
0 47 0.079147
0 48 0.079177
0 49 0.079192
0 50 0.079193
0 51 0.079179
0 52 0.079152
0 53 0.079110
0 54 0.079055
0 55 0.078986
0 56 0.078904
0 57 0.078810
0 58 0.078702
0 59 0.078583
0 60 0.078453
0 61 0.078312
0 62 0.078160
0 63 0.077999
0 64 0.077829
0 65 0.077650
0 66 0.077465
0 67 0.077272
0 68 0.077074
0 69 0.076871
0 70 0.076663
0 71 0.076452
0 72 0.076239
0 73 0.076024
0 74 0.075809
0 75 0.075593
0 76 0.075379
0 77 0.075166
0 78 0.074957
0 79 0.074751
0 80 0.074549
0 81 0.074353
0 82 0.074163
0 83 0.073980
0 84 0.073804
0 85 0.073637
0 86 0.073478
0 87 0.073330
0 88 0.073191
0 89 0.073064
0 90 0.072948
0 91 0.072843
0 92 0.072751
0 93 0.072671
0 94 0.072604
0 95 0.072550
0 96 0.072510
0 97 0.072482
0 98 0.072469
0 99 0.072469

1 0 0.071759
1 1 0.071759
1 2 0.071789
1 3 0.071833
1 4 0.071892
1 5 0.071965
1 6 0.072052
1 7 0.072152
1 8 0.072266
1 9 0.072393
1 10 0.072532
1 11 0.072682
1 12 0.072844
1 13 0.073016
1 14 0.073198
1 15 0.073389
1 16 0.073588
1 17 0.073794
1 18 0.074007
1 19 0.074226
1 20 0.074450
1 21 0.074677
1 22 0.074908
1 23 0.075141
1 24 0.075374
1 25 0.075609
1 26 0.075842
1 27 0.076074
1 28 0.076304
1 29 0.076530
1 30 0.076751
1 31 0.076968
1 32 0.077179
1 33 0.077382
1 34 0.077579
1 35 0.077766
1 36 0.077945
1 37 0.078114
1 38 0.078273
1 39 0.078420
1 40 0.078556
1 41 0.078680
1 42 0.078791
1 43 0.078890
1 44 0.078975
1 45 0.079046
1 46 0.079104
1 47 0.079147
1 48 0.079177
1 49 0.079192
1 50 0.079193
1 51 0.079179
1 52 0.079152
1 53 0.079110
1 54 0.079055
1 55 0.078986
1 56 0.078904
1 57 0.078810
1 58 0.078702
1 59 0.078583
1 60 0.078453
1 61 0.078312
1 62 0.078160
1 63 0.077999
1 64 0.077829
1 65 0.077650
1 66 0.077465
1 67 0.077272
1 68 0.077074
1 69 0.076871
1 70 0.076663
1 71 0.076452
1 72 0.076239
1 73 0.076024
1 74 0.075809
1 75 0.075593
1 76 0.075379
1 77 0.075166
1 78 0.074957
1 79 0.074751
1 80 0.074549
1 81 0.074353
1 82 0.074163
1 83 0.073980
1 84 0.073804
1 85 0.073637
1 86 0.073478
1 87 0.073330
1 88 0.073191
1 89 0.073064
1 90 0.072948
1 91 0.072843
1 92 0.072751
1 93 0.072671
1 94 0.072604
1 95 0.072550
1 96 0.072510
1 97 0.072482
1 98 0.072469
1 99 0.072469

2 0 0.071788
2 1 0.071788
2 2 0.071817
2 3 0.071861
2 4 0.071920
2 5 0.071993
2 6 0.072080
2 7 0.072180
2 8 0.072294
2 9 0.072420
2 10 0.072559
2 11 0.072709
2 12 0.072871
2 13 0.073043
2 14 0.073224
2 15 0.073415
2 16 0.073613
2 17 0.073819
2 18 0.074032
2 19 0.074250
2 20 0.074473
2 21 0.074701
2 22 0.074931
2 23 0.075163
2 24 0.075397
2 25 0.075630
2 26 0.075863
2 27 0.076095
2 28 0.076324
2 29 0.076550
2 30 0.076771
2 31 0.076987
2 32 0.077197
2 33 0.077401
2 34 0.077597
2 35 0.077784
2 36 0.077963
2 37 0.078131
2 38 0.078290
2 39 0.078437
2 40 0.078573
2 41 0.078696
2 42 0.078807
2 43 0.078905
2 44 0.078990
2 45 0.079062
2 46 0.079119
2 47 0.079163
2 48 0.079192
2 49 0.079207
2 50 0.079208
2 51 0.079194
2 52 0.079167
2 53 0.079126
2 54 0.079070
2 55 0.079002
2 56 0.078920
2 57 0.078825
2 58 0.078718
2 59 0.078599
2 60 0.078469
2 61 0.078328
2 62 0.078177
2 63 0.078016
2 64 0.077846
2 65 0.077668
2 66 0.077483
2 67 0.077291
2 68 0.077093
2 69 0.076890
2 70 0.076683
2 71 0.076472
2 72 0.076259
2 73 0.076045
2 74 0.075829
2 75 0.075614
2 76 0.075400
2 77 0.075188
2 78 0.074979
2 79 0.074773
2 80 0.074572
2 81 0.074376
2 82 0.074186
2 83 0.074003
2 84 0.073828
2 85 0.073661
2 86 0.073503
2 87 0.073355
2 88 0.073216
2 89 0.073089
2 90 0.072973
2 91 0.072869
2 92 0.072776
2 93 0.072697
2 94 0.072630
2 95 0.072576
2 96 0.072536
2 97 0.072509
2 98 0.072495
2 99 0.072495

3 0 0.071831
3 1 0.071831
3 2 0.071860
3 3 0.071904
3 4 0.071963
3 5 0.072035
3 6 0.072122
3 7 0.072222
3 8 0.072336
3 9 0.072462
3 10 0.072600
3 11 0.072750
3 12 0.072911
3 13 0.073083
3 14 0.073264
3 15 0.073454
3 16 0.073653
3 17 0.073858
3 18 0.074071
3 19 0.074289
3 20 0.074511
3 21 0.074738
3 22 0.074968
3 23 0.075200
3 24 0.075433
3 25 0.075666
3 26 0.075899
3 27 0.076130
3 28 0.076359
3 29 0.076584
3 30 0.076805
3 31 0.077021
3 32 0.077231
3 33 0.077434
3 34 0.077630
3 35 0.077817
3 36 0.077995
3 37 0.078163
3 38 0.078321
3 39 0.078468
3 40 0.078604
3 41 0.078727
3 42 0.078838
3 43 0.078936
3 44 0.079021
3 45 0.079092
3 46 0.079149
3 47 0.079193
3 48 0.079222
3 49 0.079237
3 50 0.079238
3 51 0.079224
3 52 0.079197
3 53 0.079155
3 54 0.079100
3 55 0.079032
3 56 0.078950
3 57 0.078856
3 58 0.078749
3 59 0.078630
3 60 0.078500
3 61 0.078359
3 62 0.078208
3 63 0.078047
3 64 0.077878
3 65 0.077700
3 66 0.077515
3 67 0.077323
3 68 0.077125
3 69 0.076923
3 70 0.076716
3 71 0.076505
3 72 0.076293
3 73 0.076079
3 74 0.075864
3 75 0.075649
3 76 0.075435
3 77 0.075223
3 78 0.075014
3 79 0.074809
3 80 0.074608
3 81 0.074412
3 82 0.074223
3 83 0.074040
3 84 0.073865
3 85 0.073698
3 86 0.073541
3 87 0.073392
3 88 0.073254
3 89 0.073127
3 90 0.073011
3 91 0.072907
3 92 0.072815
3 93 0.072736
3 94 0.072669
3 95 0.072615
3 96 0.072575
3 97 0.072548
3 98 0.072534
3 99 0.072534

4 0 0.071888
4 1 0.071888
4 2 0.071917
4 3 0.071961
4 4 0.072019
4 5 0.072091
4 6 0.072178
4 7 0.072278
4 8 0.072391
4 9 0.072517
4 10 0.072655
4 11 0.072805
4 12 0.072966
4 13 0.073137
4 14 0.073318
4 15 0.073508
4 16 0.073706
4 17 0.073911
4 18 0.074123
4 19 0.074341
4 20 0.074564
4 21 0.074790
4 22 0.075019
4 23 0.075251
4 24 0.075484
4 25 0.075717
4 26 0.075949
4 27 0.076180
4 28 0.076408
4 29 0.076633
4 30 0.076854
4 31 0.077069
4 32 0.077279
4 33 0.077482
4 34 0.077677
4 35 0.077864
4 36 0.078042
4 37 0.078210
4 38 0.078367
4 39 0.078514
4 40 0.078649
4 41 0.078773
4 42 0.078883
4 43 0.078981
4 44 0.079066
4 45 0.079137
4 46 0.079194
4 47 0.079237
4 48 0.079266
4 49 0.079281
4 50 0.079282
4 51 0.079269
4 52 0.079241
4 53 0.079200
4 54 0.079145
4 55 0.079076
4 56 0.078995
4 57 0.078900
4 58 0.078793
4 59 0.078675
4 60 0.078545
4 61 0.078404
4 62 0.078253
4 63 0.078093
4 64 0.077923
4 65 0.077746
4 66 0.077561
4 67 0.077369
4 68 0.077172
4 69 0.076969
4 70 0.076763
4 71 0.076553
4 72 0.076340
4 73 0.076126
4 74 0.075911
4 75 0.075697
4 76 0.075483
4 77 0.075272
4 78 0.075063
4 79 0.074858
4 80 0.074657
4 81 0.074462
4 82 0.074273
4 83 0.074090
4 84 0.073915
4 85 0.073749
4 86 0.073591
4 87 0.073443
4 88 0.073305
4 89 0.073178
4 90 0.073063
4 91 0.072958
4 92 0.072866
4 93 0.072787
4 94 0.072720
4 95 0.072667
4 96 0.072626
4 97 0.072599
4 98 0.072586
4 99 0.072586

5 0 0.071958
5 1 0.071958
5 2 0.071987
5 3 0.072031
5 4 0.072089
5 5 0.072161
5 6 0.072248
5 7 0.072347
5 8 0.072461
5 9 0.072586
5 10 0.072724
5 11 0.072874
5 12 0.073034
5 13 0.073205
5 14 0.073386
5 15 0.073576
5 16 0.073773
5 17 0.073978
5 18 0.074190
5 19 0.074407
5 20 0.074629
5 21 0.074856
5 22 0.075085
5 23 0.075316
5 24 0.075548
5 25 0.075781
5 26 0.076013
5 27 0.076244
5 28 0.076472
5 29 0.076696
5 30 0.076916
5 31 0.077132
5 32 0.077341
5 33 0.077543
5 34 0.077738
5 35 0.077925
5 36 0.078103
5 37 0.078270
5 38 0.078428
5 39 0.078574
5 40 0.078709
5 41 0.078832
5 42 0.078943
5 43 0.079041
5 44 0.079125
5 45 0.079196
5 46 0.079253
5 47 0.079296
5 48 0.079325
5 49 0.079340
5 50 0.079341
5 51 0.079327
5 52 0.079300
5 53 0.079258
5 54 0.079203
5 55 0.079135
5 56 0.079053
5 57 0.078959
5 58 0.078852
5 59 0.078734
5 60 0.078604
5 61 0.078463
5 62 0.078312
5 63 0.078152
5 64 0.077983
5 65 0.077805
5 66 0.077620
5 67 0.077429
5 68 0.077232
5 69 0.077029
5 70 0.076823
5 71 0.076613
5 72 0.076401
5 73 0.076187
5 74 0.075973
5 75 0.075758
5 76 0.075545
5 77 0.075334
5 78 0.075125
5 79 0.074920
5 80 0.074720
5 81 0.074524
5 82 0.074335
5 83 0.074153
5 84 0.073978
5 85 0.073812
5 86 0.073654
5 87 0.073507
5 88 0.073369
5 89 0.073242
5 90 0.073126
5 91 0.073022
5 92 0.072930
5 93 0.072851
5 94 0.072784
5 95 0.072731
5 96 0.072691
5 97 0.072664
5 98 0.072650
5 99 0.072650

6 0 0.072042
6 1 0.072042
6 2 0.072071
6 3 0.072114
6 4 0.072172
6 5 0.072244
6 6 0.072331
6 7 0.072430
6 8 0.072543
6 9 0.072669
6 10 0.072806
6 11 0.072956
6 12 0.073116
6 13 0.073287
6 14 0.073467
6 15 0.073656
6 16 0.073854
6 17 0.074059
6 18 0.074270
6 19 0.074487
6 20 0.074709
6 21 0.074935
6 22 0.075164
6 23 0.075395
6 24 0.075627
6 25 0.075859
6 26 0.076091
6 27 0.076321
6 28 0.076549
6 29 0.076773
6 30 0.076993
6 31 0.077208
6 32 0.077417
6 33 0.077619
6 34 0.077814
6 35 0.078000
6 36 0.078178
6 37 0.078345
6 38 0.078502
6 39 0.078649
6 40 0.078784
6 41 0.078906
6 42 0.079017
6 43 0.079114
6 44 0.079198
6 45 0.079269
6 46 0.079326
6 47 0.079369
6 48 0.079398
6 49 0.079413
6 50 0.079414
6 51 0.079400
6 52 0.079372
6 53 0.079331
6 54 0.079276
6 55 0.079207
6 56 0.079126
6 57 0.079031
6 58 0.078925
6 59 0.078806
6 60 0.078676
6 61 0.078536
6 62 0.078385
6 63 0.078225
6 64 0.078056
6 65 0.077878
6 66 0.077694
6 67 0.077502
6 68 0.077305
6 69 0.077103
6 70 0.076897
6 71 0.076687
6 72 0.076475
6 73 0.076261
6 74 0.076047
6 75 0.075833
6 76 0.075620
6 77 0.075408
6 78 0.075200
6 79 0.074995
6 80 0.074795
6 81 0.074600
6 82 0.074411
6 83 0.074228
6 84 0.074054
6 85 0.073888
6 86 0.073730
6 87 0.073582
6 88 0.073445
6 89 0.073318
6 90 0.073202
6 91 0.073098
6 92 0.073007
6 93 0.072927
6 94 0.072861
6 95 0.072807
6 96 0.072767
6 97 0.072740
6 98 0.072726
6 99 0.072726

7 0 0.072139
7 1 0.072139
7 2 0.072168
7 3 0.072211
7 4 0.072269
7 5 0.072341
7 6 0.072427
7 7 0.072526
7 8 0.072639
7 9 0.072764
7 10 0.072902
7 11 0.073051
7 12 0.073211
7 13 0.073381
7 14 0.073561
7 15 0.073750
7 16 0.073948
7 17 0.074152
7 18 0.074363
7 19 0.074580
7 20 0.074802
7 21 0.075027
7 22 0.075256
7 23 0.075486
7 24 0.075718
7 25 0.075950
7 26 0.076182
7 27 0.076412
7 28 0.076639
7 29 0.076863
7 30 0.077083
7 31 0.077298
7 32 0.077507
7 33 0.077709
7 34 0.077903
7 35 0.078089
7 36 0.078266
7 37 0.078434
7 38 0.078591
7 39 0.078737
7 40 0.078871
7 41 0.078994
7 42 0.079104
7 43 0.079201
7 44 0.079286
7 45 0.079356
7 46 0.079413
7 47 0.079456
7 48 0.079485
7 49 0.079499
7 50 0.079500
7 51 0.079486
7 52 0.079459
7 53 0.079417
7 54 0.079362
7 55 0.079293
7 56 0.079212
7 57 0.079117
7 58 0.079011
7 59 0.078892
7 60 0.078762
7 61 0.078622
7 62 0.078471
7 63 0.078311
7 64 0.078142
7 65 0.077964
7 66 0.077780
7 67 0.077589
7 68 0.077392
7 69 0.077189
7 70 0.076983
7 71 0.076774
7 72 0.076562
7 73 0.076348
7 74 0.076134
7 75 0.075920
7 76 0.075707
7 77 0.075496
7 78 0.075287
7 79 0.075082
7 80 0.074882
7 81 0.074687
7 82 0.074498
7 83 0.074316
7 84 0.074142
7 85 0.073975
7 86 0.073818
7 87 0.073670
7 88 0.073533
7 89 0.073406
7 90 0.073291
7 91 0.073187
7 92 0.073095
7 93 0.073016
7 94 0.072949
7 95 0.072896
7 96 0.072855
7 97 0.072828
7 98 0.072815
7 99 0.072815

8 0 0.072249
8 1 0.072249
8 2 0.072277
8 3 0.072320
8 4 0.072378
8 5 0.072450
8 6 0.072535
8 7 0.072634
8 8 0.072747
8 9 0.072872
8 10 0.073009
8 11 0.073158
8 12 0.073318
8 13 0.073488
8 14 0.073668
8 15 0.073857
8 16 0.074054
8 17 0.074258
8 18 0.074469
8 19 0.074686
8 20 0.074907
8 21 0.075132
8 22 0.075361
8 23 0.075591
8 24 0.075823
8 25 0.076055
8 26 0.076286
8 27 0.076516
8 28 0.076743
8 29 0.076967
8 30 0.077186
8 31 0.077401
8 32 0.077609
8 33 0.077811
8 34 0.078005
8 35 0.078191
8 36 0.078368
8 37 0.078535
8 38 0.078692
8 39 0.078838
8 40 0.078972
8 41 0.079095
8 42 0.079205
8 43 0.079302
8 44 0.079386
8 45 0.079456
8 46 0.079513
8 47 0.079556
8 48 0.079584
8 49 0.079599
8 50 0.079599
8 51 0.079586
8 52 0.079558
8 53 0.079516
8 54 0.079461
8 55 0.079393
8 56 0.079311
8 57 0.079216
8 58 0.079110
8 59 0.078991
8 60 0.078861
8 61 0.078721
8 62 0.078570
8 63 0.078410
8 64 0.078241
8 65 0.078063
8 66 0.077879
8 67 0.077688
8 68 0.077491
8 69 0.077289
8 70 0.077082
8 71 0.076873
8 72 0.076661
8 73 0.076447
8 74 0.076233
8 75 0.076019
8 76 0.075806
8 77 0.075595
8 78 0.075387
8 79 0.075182
8 80 0.074982
8 81 0.074787
8 82 0.074598
8 83 0.074416
8 84 0.074241
8 85 0.074075
8 86 0.073918
8 87 0.073770
8 88 0.073633
8 89 0.073506
8 90 0.073390
8 91 0.073287
8 92 0.073195
8 93 0.073115
8 94 0.073049
8 95 0.072995
8 96 0.072955
8 97 0.072928
8 98 0.072915
8 99 0.072915

9 0 0.072371
9 1 0.072371
9 2 0.072399
9 3 0.072442
9 4 0.072499
9 5 0.072571
9 6 0.072656
9 7 0.072755
9 8 0.072867
9 9 0.072992
9 10 0.073129
9 11 0.073278
9 12 0.073438
9 13 0.073608
9 14 0.073787
9 15 0.073976
9 16 0.074173
9 17 0.074377
9 18 0.074588
9 19 0.074804
9 20 0.075025
9 21 0.075250
9 22 0.075478
9 23 0.075708
9 24 0.075940
9 25 0.076172
9 26 0.076403
9 27 0.076632
9 28 0.076859
9 29 0.077083
9 30 0.077302
9 31 0.077516
9 32 0.077725
9 33 0.077926
9 34 0.078120
9 35 0.078306
9 36 0.078482
9 37 0.078649
9 38 0.078806
9 39 0.078952
9 40 0.079086
9 41 0.079208
9 42 0.079318
9 43 0.079415
9 44 0.079499
9 45 0.079569
9 46 0.079626
9 47 0.079669
9 48 0.079697
9 49 0.079712
9 50 0.079712
9 51 0.079698
9 52 0.079670
9 53 0.079629
9 54 0.079573
9 55 0.079504
9 56 0.079423
9 57 0.079328
9 58 0.079221
9 59 0.079103
9 60 0.078973
9 61 0.078832
9 62 0.078681
9 63 0.078521
9 64 0.078352
9 65 0.078175
9 66 0.077990
9 67 0.077799
9 68 0.077602
9 69 0.077400
9 70 0.077194
9 71 0.076984
9 72 0.076772
9 73 0.076558
9 74 0.076344
9 75 0.076130
9 76 0.075917
9 77 0.075706
9 78 0.075498
9 79 0.075293
9 80 0.075093
9 81 0.074898
9 82 0.074709
9 83 0.074527
9 84 0.074353
9 85 0.074186
9 86 0.074029
9 87 0.073881
9 88 0.073744
9 89 0.073617
9 90 0.073501
9 91 0.073398
9 92 0.073306
9 93 0.073227
9 94 0.073160
9 95 0.073106
9 96 0.073066
9 97 0.073039
9 98 0.073026
9 99 0.073026

10 0 0.072504
10 1 0.072504
10 2 0.072532
10 3 0.072575
10 4 0.072632
10 5 0.072703
10 6 0.072789
10 7 0.072887
10 8 0.072999
10 9 0.073124
10 10 0.073261
10 11 0.073410
10 12 0.073569
10 13 0.073739
10 14 0.073918
10 15 0.074107
10 16 0.074303
10 17 0.074507
10 18 0.074718
10 19 0.074934
10 20 0.075155
10 21 0.075380
10 22 0.075608
10 23 0.075838
10 24 0.076069
10 25 0.076300
10 26 0.076531
10 27 0.076760
10 28 0.076987
10 29 0.077211
10 30 0.077430
10 31 0.077644
10 32 0.077852
10 33 0.078053
10 34 0.078247
10 35 0.078433
10 36 0.078609
10 37 0.078776
10 38 0.078933
10 39 0.079078
10 40 0.079212
10 41 0.079334
10 42 0.079444
10 43 0.079541
10 44 0.079624
10 45 0.079695
10 46 0.079751
10 47 0.079794
10 48 0.079822
10 49 0.079836
10 50 0.079836
10 51 0.079823
10 52 0.079795
10 53 0.079753
10 54 0.079697
10 55 0.079628
10 56 0.079547
10 57 0.079452
10 58 0.079345
10 59 0.079226
10 60 0.079096
10 61 0.078956
10 62 0.078805
10 63 0.078644
10 64 0.078475
10 65 0.078298
10 66 0.078113
10 67 0.077922
10 68 0.077725
10 69 0.077523
10 70 0.077316
10 71 0.077107
10 72 0.076895
10 73 0.076681
10 74 0.076467
10 75 0.076253
10 76 0.076040
10 77 0.075829
10 78 0.075620
10 79 0.075415
10 80 0.075215
10 81 0.075020
10 82 0.074831
10 83 0.074649
10 84 0.074475
10 85 0.074308
10 86 0.074151
10 87 0.074003
10 88 0.073866
10 89 0.073739
10 90 0.073623
10 91 0.073520
10 92 0.073428
10 93 0.073348
10 94 0.073282
10 95 0.073228
10 96 0.073188
10 97 0.073161
10 98 0.073148
10 99 0.073148

11 0 0.072649
11 1 0.072649
11 2 0.072677
11 3 0.072719
11 4 0.072776
11 5 0.072847
11 6 0.072932
11 7 0.073031
11 8 0.073143
11 9 0.073267
11 10 0.073404
11 11 0.073552
11 12 0.073712
11 13 0.073881
11 14 0.074061
11 15 0.074249
11 16 0.074445
11 17 0.074649
11 18 0.074859
11 19 0.075075
11 20 0.075296
11 21 0.075521
11 22 0.075748
11 23 0.075978
11 24 0.076209
11 25 0.076441
11 26 0.076671
11 27 0.076900
11 28 0.077127
11 29 0.077350
11 30 0.077569
11 31 0.077783
11 32 0.077991
11 33 0.078192
11 34 0.078386
11 35 0.078571
11 36 0.078748
11 37 0.078914
11 38 0.079071
11 39 0.079216
11 40 0.079350
11 41 0.079472
11 42 0.079582
11 43 0.079678
11 44 0.079762
11 45 0.079832
11 46 0.079888
11 47 0.079930
11 48 0.079959
11 49 0.079973
11 50 0.079973
11 51 0.079959
11 52 0.079931
11 53 0.079889
11 54 0.079833
11 55 0.079764
11 56 0.079682
11 57 0.079587
11 58 0.079480
11 59 0.079362
11 60 0.079231
11 61 0.079091
11 62 0.078940
11 63 0.078779
11 64 0.078610
11 65 0.078432
11 66 0.078247
11 67 0.078056
11 68 0.077859
11 69 0.077657
11 70 0.077450
11 71 0.077241
11 72 0.077028
11 73 0.076815
11 74 0.076600
11 75 0.076386
11 76 0.076173
11 77 0.075962
11 78 0.075753
11 79 0.075548
11 80 0.075348
11 81 0.075153
11 82 0.074964
11 83 0.074782
11 84 0.074607
11 85 0.074441
11 86 0.074284
11 87 0.074136
11 88 0.073998
11 89 0.073871
11 90 0.073756
11 91 0.073652
11 92 0.073560
11 93 0.073480
11 94 0.073414
11 95 0.073360
11 96 0.073320
11 97 0.073293
11 98 0.073280
11 99 0.073280

12 0 0.072805
12 1 0.072805
12 2 0.072832
12 3 0.072874
12 4 0.072931
12 5 0.073002
12 6 0.073087
12 7 0.073185
12 8 0.073297
12 9 0.073421
12 10 0.073557
12 11 0.073706
12 12 0.073865
12 13 0.074034
12 14 0.074213
12 15 0.074401
12 16 0.074598
12 17 0.074801
12 18 0.075011
12 19 0.075227
12 20 0.075448
12 21 0.075672
12 22 0.075900
12 23 0.076130
12 24 0.076361
12 25 0.076592
12 26 0.076822
12 27 0.077051
12 28 0.077278
12 29 0.077501
12 30 0.077720
12 31 0.077933
12 32 0.078141
12 33 0.078342
12 34 0.078536
12 35 0.078721
12 36 0.078897
12 37 0.079064
12 38 0.079220
12 39 0.079365
12 40 0.079499
12 41 0.079621
12 42 0.079730
12 43 0.079827
12 44 0.079910
12 45 0.079980
12 46 0.080036
12 47 0.080078
12 48 0.080106
12 49 0.080120
12 50 0.080120
12 51 0.080106
12 52 0.080078
12 53 0.080036
12 54 0.079980
12 55 0.079911
12 56 0.079829
12 57 0.079734
12 58 0.079626
12 59 0.079507
12 60 0.079377
12 61 0.079236
12 62 0.079085
12 63 0.078924
12 64 0.078755
12 65 0.078577
12 66 0.078392
12 67 0.078201
12 68 0.078003
12 69 0.077801
12 70 0.077595
12 71 0.077385
12 72 0.077172
12 73 0.076959
12 74 0.076744
12 75 0.076530
12 76 0.076317
12 77 0.076105
12 78 0.075897
12 79 0.075692
12 80 0.075491
12 81 0.075296
12 82 0.075107
12 83 0.074925
12 84 0.074750
12 85 0.074584
12 86 0.074426
12 87 0.074278
12 88 0.074140
12 89 0.074013
12 90 0.073898
12 91 0.073794
12 92 0.073702
12 93 0.073622
12 94 0.073556
12 95 0.073502
12 96 0.073462
12 97 0.073435
12 98 0.073421
12 99 0.073421

13 0 0.072971
13 1 0.072971
13 2 0.072998
13 3 0.073039
13 4 0.073096
13 5 0.073166
13 6 0.073251
13 7 0.073349
13 8 0.073460
13 9 0.073585
13 10 0.073721
13 11 0.073869
13 12 0.074028
13 13 0.074197
13 14 0.074376
13 15 0.074564
13 16 0.074760
13 17 0.074964
13 18 0.075174
13 19 0.075389
13 20 0.075610
13 21 0.075834
13 22 0.076062
13 23 0.076291
13 24 0.076522
13 25 0.076753
13 26 0.076983
13 27 0.077212
13 28 0.077439
13 29 0.077662
13 30 0.077880
13 31 0.078094
13 32 0.078302
13 33 0.078503
13 34 0.078696
13 35 0.078881
13 36 0.079057
13 37 0.079224
13 38 0.079380
13 39 0.079525
13 40 0.079658
13 41 0.079780
13 42 0.079889
13 43 0.079986
13 44 0.080069
13 45 0.080138
13 46 0.080194
13 47 0.080236
13 48 0.080264
13 49 0.080278
13 50 0.080278
13 51 0.080264
13 52 0.080235
13 53 0.080193
13 54 0.080137
13 55 0.080068
13 56 0.079985
13 57 0.079890
13 58 0.079783
13 59 0.079664
13 60 0.079533
13 61 0.079392
13 62 0.079241
13 63 0.079080
13 64 0.078910
13 65 0.078732
13 66 0.078547
13 67 0.078356
13 68 0.078158
13 69 0.077955
13 70 0.077749
13 71 0.077539
13 72 0.077326
13 73 0.077112
13 74 0.076898
13 75 0.076683
13 76 0.076470
13 77 0.076258
13 78 0.076049
13 79 0.075844
13 80 0.075644
13 81 0.075448
13 82 0.075259
13 83 0.075077
13 84 0.074902
13 85 0.074735
13 86 0.074578
13 87 0.074430
13 88 0.074292
13 89 0.074165
13 90 0.074049
13 91 0.073945
13 92 0.073853
13 93 0.073773
13 94 0.073707
13 95 0.073653
13 96 0.073613
13 97 0.073586
13 98 0.073572
13 99 0.073572

14 0 0.073146
14 1 0.073146
14 2 0.073172
14 3 0.073214
14 4 0.073270
14 5 0.073340
14 6 0.073425
14 7 0.073523
14 8 0.073634
14 9 0.073758
14 10 0.073894
14 11 0.074041
14 12 0.074200
14 13 0.074369
14 14 0.074548
14 15 0.074736
14 16 0.074932
14 17 0.075135
14 18 0.075345
14 19 0.075561
14 20 0.075781
14 21 0.076006
14 22 0.076233
14 23 0.076462
14 24 0.076693
14 25 0.076924
14 26 0.077154
14 27 0.077383
14 28 0.077609
14 29 0.077832
14 30 0.078051
14 31 0.078264
14 32 0.078472
14 33 0.078673
14 34 0.078866
14 35 0.079051
14 36 0.079227
14 37 0.079393
14 38 0.079549
14 39 0.079694
14 40 0.079828
14 41 0.079949
14 42 0.080058
14 43 0.080154
14 44 0.080237
14 45 0.080307
14 46 0.080363
14 47 0.080405
14 48 0.080432
14 49 0.080446
14 50 0.080446
14 51 0.080431
14 52 0.080402
14 53 0.080360
14 54 0.080304
14 55 0.080234
14 56 0.080152
14 57 0.080056
14 58 0.079949
14 59 0.079830
14 60 0.079699
14 61 0.079557
14 62 0.079406
14 63 0.079245
14 64 0.079075
14 65 0.078897
14 66 0.078712
14 67 0.078520
14 68 0.078322
14 69 0.078119
14 70 0.077912
14 71 0.077702
14 72 0.077489
14 73 0.077275
14 74 0.077060
14 75 0.076846
14 76 0.076632
14 77 0.076420
14 78 0.076211
14 79 0.076006
14 80 0.075805
14 81 0.075610
14 82 0.075420
14 83 0.075238
14 84 0.075063
14 85 0.074896
14 86 0.074738
14 87 0.074590
14 88 0.074452
14 89 0.074325
14 90 0.074209
14 91 0.074105
14 92 0.074013
14 93 0.073933
14 94 0.073866
14 95 0.073812
14 96 0.073772
14 97 0.073745
14 98 0.073731
14 99 0.073731

15 0 0.073329
15 1 0.073329
15 2 0.073356
15 3 0.073397
15 4 0.073453
15 5 0.073523
15 6 0.073607
15 7 0.073705
15 8 0.073815
15 9 0.073939
15 10 0.074075
15 11 0.074223
15 12 0.074381
15 13 0.074550
15 14 0.074729
15 15 0.074917
15 16 0.075113
15 17 0.075316
15 18 0.075526
15 19 0.075741
15 20 0.075961
15 21 0.076186
15 22 0.076413
15 23 0.076642
15 24 0.076873
15 25 0.077104
15 26 0.077334
15 27 0.077562
15 28 0.077789
15 29 0.078011
15 30 0.078230
15 31 0.078443
15 32 0.078651
15 33 0.078852
15 34 0.079045
15 35 0.079230
15 36 0.079406
15 37 0.079572
15 38 0.079727
15 39 0.079872
15 40 0.080006
15 41 0.080127
15 42 0.080236
15 43 0.080332
15 44 0.080415
15 45 0.080484
15 46 0.080540
15 47 0.080582
15 48 0.080609
15 49 0.080623
15 50 0.080622
15 51 0.080607
15 52 0.080578
15 53 0.080536
15 54 0.080480
15 55 0.080410
15 56 0.080327
15 57 0.080232
15 58 0.080124
15 59 0.080004
15 60 0.079873
15 61 0.079732
15 62 0.079580
15 63 0.079419
15 64 0.079248
15 65 0.079070
15 66 0.078885
15 67 0.078692
15 68 0.078494
15 69 0.078291
15 70 0.078084
15 71 0.077874
15 72 0.077661
15 73 0.077446
15 74 0.077231
15 75 0.077016
15 76 0.076802
15 77 0.076590
15 78 0.076381
15 79 0.076176
15 80 0.075975
15 81 0.075779
15 82 0.075589
15 83 0.075407
15 84 0.075231
15 85 0.075065
15 86 0.074907
15 87 0.074758
15 88 0.074620
15 89 0.074493
15 90 0.074377
15 91 0.074272
15 92 0.074180
15 93 0.074100
15 94 0.074034
15 95 0.073980
15 96 0.073939
15 97 0.073912
15 98 0.073899
15 99 0.073899

16 0 0.073521
16 1 0.073521
16 2 0.073547
16 3 0.073588
16 4 0.073643
16 5 0.073713
16 6 0.073797
16 7 0.073894
16 8 0.074005
16 9 0.074129
16 10 0.074264
16 11 0.074412
16 12 0.074570
16 13 0.074739
16 14 0.074918
16 15 0.075105
16 16 0.075301
16 17 0.075504
16 18 0.075714
16 19 0.075929
16 20 0.076150
16 21 0.076374
16 22 0.076601
16 23 0.076830
16 24 0.077061
16 25 0.077291
16 26 0.077522
16 27 0.077750
16 28 0.077976
16 29 0.078199
16 30 0.078417
16 31 0.078631
16 32 0.078838
16 33 0.079039
16 34 0.079232
16 35 0.079417
16 36 0.079592
16 37 0.079758
16 38 0.079914
16 39 0.080059
16 40 0.080192
16 41 0.080313
16 42 0.080422
16 43 0.080518
16 44 0.080601
16 45 0.080670
16 46 0.080725
16 47 0.080767
16 48 0.080794
16 49 0.080808
16 50 0.080807
16 51 0.080792
16 52 0.080763
16 53 0.080720
16 54 0.080663
16 55 0.080594
16 56 0.080510
16 57 0.080415
16 58 0.080307
16 59 0.080187
16 60 0.080056
16 61 0.079914
16 62 0.079762
16 63 0.079600
16 64 0.079430
16 65 0.079251
16 66 0.079065
16 67 0.078873
16 68 0.078675
16 69 0.078471
16 70 0.078264
16 71 0.078053
16 72 0.077840
16 73 0.077625
16 74 0.077410
16 75 0.077195
16 76 0.076981
16 77 0.076768
16 78 0.076559
16 79 0.076353
16 80 0.076152
16 81 0.075956
16 82 0.075766
16 83 0.075583
16 84 0.075408
16 85 0.075241
16 86 0.075082
16 87 0.074934
16 88 0.074796
16 89 0.074668
16 90 0.074552
16 91 0.074447
16 92 0.074355
16 93 0.074275
16 94 0.074208
16 95 0.074154
16 96 0.074114
16 97 0.074087
16 98 0.074073
16 99 0.074073

17 0 0.073720
17 1 0.073720
17 2 0.073745
17 3 0.073786
17 4 0.073841
17 5 0.073911
17 6 0.073994
17 7 0.074091
17 8 0.074202
17 9 0.074325
17 10 0.074461
17 11 0.074608
17 12 0.074767
17 13 0.074935
17 14 0.075114
17 15 0.075301
17 16 0.075497
17 17 0.075700
17 18 0.075909
17 19 0.076125
17 20 0.076345
17 21 0.076569
17 22 0.076796
17 23 0.077025
17 24 0.077256
17 25 0.077486
17 26 0.077717
17 27 0.077945
17 28 0.078171
17 29 0.078394
17 30 0.078612
17 31 0.078825
17 32 0.079033
17 33 0.079233
17 34 0.079426
17 35 0.079611
17 36 0.079787
17 37 0.079953
17 38 0.080108
17 39 0.080253
17 40 0.080386
17 41 0.080507
17 42 0.080616
17 43 0.080712
17 44 0.080794
17 45 0.080863
17 46 0.080918
17 47 0.080960
17 48 0.080987
17 49 0.081000
17 50 0.080999
17 51 0.080984
17 52 0.080955
17 53 0.080912
17 54 0.080855
17 55 0.080785
17 56 0.080701
17 57 0.080605
17 58 0.080497
17 59 0.080377
17 60 0.080245
17 61 0.080103
17 62 0.079951
17 63 0.079789
17 64 0.079618
17 65 0.079440
17 66 0.079253
17 67 0.079061
17 68 0.078862
17 69 0.078658
17 70 0.078451
17 71 0.078240
17 72 0.078026
17 73 0.077811
17 74 0.077595
17 75 0.077380
17 76 0.077166
17 77 0.076953
17 78 0.076743
17 79 0.076537
17 80 0.076336
17 81 0.076140
17 82 0.075950
17 83 0.075766
17 84 0.075591
17 85 0.075423
17 86 0.075265
17 87 0.075116
17 88 0.074978
17 89 0.074850
17 90 0.074734
17 91 0.074629
17 92 0.074537
17 93 0.074457
17 94 0.074390
17 95 0.074336
17 96 0.074295
17 97 0.074268
17 98 0.074254
17 99 0.074254

18 0 0.073925
18 1 0.073925
18 2 0.073950
18 3 0.073990
18 4 0.074045
18 5 0.074114
18 6 0.074198
18 7 0.074295
18 8 0.074405
18 9 0.074528
18 10 0.074664
18 11 0.074811
18 12 0.074969
18 13 0.075138
18 14 0.075316
18 15 0.075503
18 16 0.075699
18 17 0.075902
18 18 0.076111
18 19 0.076327
18 20 0.076547
18 21 0.076771
18 22 0.076998
18 23 0.077227
18 24 0.077457
18 25 0.077688
18 26 0.077918
18 27 0.078146
18 28 0.078372
18 29 0.078595
18 30 0.078813
18 31 0.079027
18 32 0.079234
18 33 0.079434
18 34 0.079627
18 35 0.079812
18 36 0.079988
18 37 0.080153
18 38 0.080309
18 39 0.080453
18 40 0.080587
18 41 0.080708
18 42 0.080816
18 43 0.080912
18 44 0.080994
18 45 0.081063
18 46 0.081118
18 47 0.081159
18 48 0.081186
18 49 0.081199
18 50 0.081198
18 51 0.081183
18 52 0.081153
18 53 0.081110
18 54 0.081053
18 55 0.080982
18 56 0.080899
18 57 0.080802
18 58 0.080694
18 59 0.080573
18 60 0.080442
18 61 0.080299
18 62 0.080147
18 63 0.079984
18 64 0.079813
18 65 0.079634
18 66 0.079448
18 67 0.079255
18 68 0.079056
18 69 0.078852
18 70 0.078644
18 71 0.078432
18 72 0.078219
18 73 0.078003
18 74 0.077787
18 75 0.077571
18 76 0.077357
18 77 0.077144
18 78 0.076934
18 79 0.076728
18 80 0.076526
18 81 0.076329
18 82 0.076139
18 83 0.075955
18 84 0.075779
18 85 0.075612
18 86 0.075453
18 87 0.075304
18 88 0.075166
18 89 0.075038
18 90 0.074921
18 91 0.074816
18 92 0.074724
18 93 0.074644
18 94 0.074577
18 95 0.074523
18 96 0.074482
18 97 0.074455
18 98 0.074441
18 99 0.074441

19 0 0.074135
19 1 0.074135
19 2 0.074160
19 3 0.074200
19 4 0.074255
19 5 0.074324
19 6 0.074407
19 7 0.074504
19 8 0.074614
19 9 0.074737
19 10 0.074872
19 11 0.075019
19 12 0.075177
19 13 0.075346
19 14 0.075524
19 15 0.075711
19 16 0.075906
19 17 0.076109
19 18 0.076319
19 19 0.076534
19 20 0.076754
19 21 0.076978
19 22 0.077205
19 23 0.077434
19 24 0.077664
19 25 0.077895
19 26 0.078125
19 27 0.078353
19 28 0.078579
19 29 0.078802
19 30 0.079020
19 31 0.079234
19 32 0.079441
19 33 0.079641
19 34 0.079834
19 35 0.080019
19 36 0.080194
19 37 0.080360
19 38 0.080515
19 39 0.080660
19 40 0.080793
19 41 0.080914
19 42 0.081022
19 43 0.081118
19 44 0.081200
19 45 0.081269
19 46 0.081324
19 47 0.081365
19 48 0.081391
19 49 0.081404
19 50 0.081403
19 51 0.081387
19 52 0.081357
19 53 0.081314
19 54 0.081256
19 55 0.081186
19 56 0.081102
19 57 0.081005
19 58 0.080896
19 59 0.080776
19 60 0.080644
19 61 0.080501
19 62 0.080348
19 63 0.080185
19 64 0.080014
19 65 0.079834
19 66 0.079648
19 67 0.079454
19 68 0.079255
19 69 0.079051
19 70 0.078842
19 71 0.078630
19 72 0.078416
19 73 0.078201
19 74 0.077984
19 75 0.077768
19 76 0.077553
19 77 0.077340
19 78 0.077130
19 79 0.076923
19 80 0.076721
19 81 0.076524
19 82 0.076333
19 83 0.076150
19 84 0.075974
19 85 0.075806
19 86 0.075647
19 87 0.075498
19 88 0.075359
19 89 0.075231
19 90 0.075114
19 91 0.075009
19 92 0.074916
19 93 0.074836
19 94 0.074769
19 95 0.074714
19 96 0.074674
19 97 0.074646
19 98 0.074633
19 99 0.074633

20 0 0.074351
20 1 0.074351
20 2 0.074375
20 3 0.074415
20 4 0.074469
20 5 0.074538
20 6 0.074621
20 7 0.074717
20 8 0.074827
20 9 0.074950
20 10 0.075085
20 11 0.075232
20 12 0.075390
20 13 0.075558
20 14 0.075736
20 15 0.075923
20 16 0.076119
20 17 0.076321
20 18 0.076531
20 19 0.076746
20 20 0.076966
20 21 0.077190
20 22 0.077417
20 23 0.077646
20 24 0.077876
20 25 0.078107
20 26 0.078337
20 27 0.078565
20 28 0.078791
20 29 0.079014
20 30 0.079232
20 31 0.079445
20 32 0.079653
20 33 0.079853
20 34 0.080046
20 35 0.080230
20 36 0.080406
20 37 0.080571
20 38 0.080727
20 39 0.080871
20 40 0.081004
20 41 0.081125
20 42 0.081233
20 43 0.081328
20 44 0.081410
20 45 0.081479
20 46 0.081534
20 47 0.081575
20 48 0.081601
20 49 0.081614
20 50 0.081612
20 51 0.081596
20 52 0.081566
20 53 0.081522
20 54 0.081465
20 55 0.081394
20 56 0.081310
20 57 0.081213
20 58 0.081104
20 59 0.080983
20 60 0.080850
20 61 0.080707
20 62 0.080554
20 63 0.080391
20 64 0.080219
20 65 0.080039
20 66 0.079852
20 67 0.079658
20 68 0.079459
20 69 0.079254
20 70 0.079045
20 71 0.078833
20 72 0.078619
20 73 0.078403
20 74 0.078186
20 75 0.077969
20 76 0.077754
20 77 0.077541
20 78 0.077330
20 79 0.077123
20 80 0.076921
20 81 0.076723
20 82 0.076532
20 83 0.076348
20 84 0.076172
20 85 0.076004
20 86 0.075845
20 87 0.075695
20 88 0.075556
20 89 0.075428
20 90 0.075311
20 91 0.075206
20 92 0.075113
20 93 0.075032
20 94 0.074965
20 95 0.074911
20 96 0.074870
20 97 0.074843
20 98 0.074829
20 99 0.074829

21 0 0.074570
21 1 0.074570
21 2 0.074594
21 3 0.074633
21 4 0.074687
21 5 0.074756
21 6 0.074838
21 7 0.074935
21 8 0.075044
21 9 0.075167
21 10 0.075302
21 11 0.075448
21 12 0.075606
21 13 0.075774
21 14 0.075952
21 15 0.076140
21 16 0.076335
21 17 0.076538
21 18 0.076747
21 19 0.076962
21 20 0.077182
21 21 0.077406
21 22 0.077633
21 23 0.077862
21 24 0.078092
21 25 0.078323
21 26 0.078553
21 27 0.078781
21 28 0.079007
21 29 0.079230
21 30 0.079448
21 31 0.079661
21 32 0.079868
21 33 0.080069
21 34 0.080261
21 35 0.080446
21 36 0.080621
21 37 0.080787
21 38 0.080942
21 39 0.081086
21 40 0.081219
21 41 0.081340
21 42 0.081448
21 43 0.081543
21 44 0.081625
21 45 0.081694
21 46 0.081748
21 47 0.081789
21 48 0.081815
21 49 0.081827
21 50 0.081826
21 51 0.081809
21 52 0.081779
21 53 0.081735
21 54 0.081677
21 55 0.081606
21 56 0.081522
21 57 0.081424
21 58 0.081315
21 59 0.081193
21 60 0.081061
21 61 0.080917
21 62 0.080764
21 63 0.080600
21 64 0.080428
21 65 0.080248
21 66 0.080060
21 67 0.079866
21 68 0.079666
21 69 0.079461
21 70 0.079252
21 71 0.079040
21 72 0.078825
21 73 0.078608
21 74 0.078391
21 75 0.078174
21 76 0.077959
21 77 0.077745
21 78 0.077534
21 79 0.077327
21 80 0.077124
21 81 0.076926
21 82 0.076735
21 83 0.076551
21 84 0.076374
21 85 0.076206
21 86 0.076046
21 87 0.075897
21 88 0.075757
21 89 0.075629
21 90 0.075511
21 91 0.075406
21 92 0.075313
21 93 0.075232
21 94 0.075165
21 95 0.075110
21 96 0.075070
21 97 0.075042
21 98 0.075028
21 99 0.075028

22 0 0.074792
22 1 0.074792
22 2 0.074816
22 3 0.074855
22 4 0.074908
22 5 0.074976
22 6 0.075059
22 7 0.075155
22 8 0.075264
22 9 0.075387
22 10 0.075521
22 11 0.075668
22 12 0.075826
22 13 0.075994
22 14 0.076172
22 15 0.076359
22 16 0.076554
22 17 0.076757
22 18 0.076966
22 19 0.077181
22 20 0.077401
22 21 0.077625
22 22 0.077852
22 23 0.078081
22 24 0.078311
22 25 0.078542
22 26 0.078771
22 27 0.079000
22 28 0.079226
22 29 0.079448
22 30 0.079667
22 31 0.079880
22 32 0.080087
22 33 0.080287
22 34 0.080480
22 35 0.080664
22 36 0.080840
22 37 0.081005
22 38 0.081161
22 39 0.081305
22 40 0.081437
22 41 0.081558
22 42 0.081666
22 43 0.081761
22 44 0.081843
22 45 0.081911
22 46 0.081966
22 47 0.082006
22 48 0.082032
22 49 0.082044
22 50 0.082042
22 51 0.082026
22 52 0.081995
22 53 0.081951
22 54 0.081893
22 55 0.081821
22 56 0.081736
22 57 0.081639
22 58 0.081529
22 59 0.081407
22 60 0.081274
22 61 0.081130
22 62 0.080976
22 63 0.080813
22 64 0.080640
22 65 0.080460
22 66 0.080272
22 67 0.080077
22 68 0.079877
22 69 0.079671
22 70 0.079462
22 71 0.079249
22 72 0.079034
22 73 0.078817
22 74 0.078599
22 75 0.078382
22 76 0.078166
22 77 0.077952
22 78 0.077741
22 79 0.077533
22 80 0.077330
22 81 0.077132
22 82 0.076940
22 83 0.076756
22 84 0.076579
22 85 0.076410
22 86 0.076250
22 87 0.076100
22 88 0.075961
22 89 0.075832
22 90 0.075715
22 91 0.075609
22 92 0.075516
22 93 0.075435
22 94 0.075367
22 95 0.075313
22 96 0.075272
22 97 0.075244
22 98 0.075231
22 99 0.075231

23 0 0.075016
23 1 0.075016
23 2 0.075040
23 3 0.075078
23 4 0.075131
23 5 0.075199
23 6 0.075281
23 7 0.075377
23 8 0.075486
23 9 0.075609
23 10 0.075743
23 11 0.075890
23 12 0.076047
23 13 0.076215
23 14 0.076393
23 15 0.076580
23 16 0.076775
23 17 0.076978
23 18 0.077187
23 19 0.077402
23 20 0.077622
23 21 0.077846
23 22 0.078072
23 23 0.078302
23 24 0.078532
23 25 0.078762
23 26 0.078992
23 27 0.079221
23 28 0.079447
23 29 0.079669
23 30 0.079887
23 31 0.080101
23 32 0.080308
23 33 0.080508
23 34 0.080701
23 35 0.080885
23 36 0.081060
23 37 0.081226
23 38 0.081381
23 39 0.081525
23 40 0.081658
23 41 0.081778
23 42 0.081886
23 43 0.081981
23 44 0.082063
23 45 0.082131
23 46 0.082185
23 47 0.082225
23 48 0.082251
23 49 0.082263
23 50 0.082261
23 51 0.082244
23 52 0.082213
23 53 0.082169
23 54 0.082110
23 55 0.082038
23 56 0.081953
23 57 0.081856
23 58 0.081745
23 59 0.081623
23 60 0.081490
23 61 0.081346
23 62 0.081191
23 63 0.081027
23 64 0.080854
23 65 0.080673
23 66 0.080485
23 67 0.080290
23 68 0.080089
23 69 0.079883
23 70 0.079674
23 71 0.079460
23 72 0.079245
23 73 0.079027
23 74 0.078810
23 75 0.078592
23 76 0.078375
23 77 0.078161
23 78 0.077949
23 79 0.077741
23 80 0.077538
23 81 0.077340
23 82 0.077148
23 83 0.076963
23 84 0.076785
23 85 0.076616
23 86 0.076456
23 87 0.076306
23 88 0.076166
23 89 0.076037
23 90 0.075920
23 91 0.075814
23 92 0.075720
23 93 0.075640
23 94 0.075572
23 95 0.075517
23 96 0.075476
23 97 0.075449
23 98 0.075435
23 99 0.075435

24 0 0.075242
24 1 0.075242
24 2 0.075265
24 3 0.075303
24 4 0.075356
24 5 0.075423
24 6 0.075505
24 7 0.075601
24 8 0.075710
24 9 0.075832
24 10 0.075966
24 11 0.076112
24 12 0.076270
24 13 0.076438
24 14 0.076615
24 15 0.076802
24 16 0.076997
24 17 0.077200
24 18 0.077409
24 19 0.077624
24 20 0.077844
24 21 0.078068
24 22 0.078295
24 23 0.078524
24 24 0.078754
24 25 0.078985
24 26 0.079214
24 27 0.079443
24 28 0.079669
24 29 0.079891
24 30 0.080110
24 31 0.080323
24 32 0.080530
24 33 0.080730
24 34 0.080923
24 35 0.081107
24 36 0.081282
24 37 0.081448
24 38 0.081603
24 39 0.081747
24 40 0.081879
24 41 0.082000
24 42 0.082108
24 43 0.082202
24 44 0.082284
24 45 0.082352
24 46 0.082406
24 47 0.082446
24 48 0.082472
24 49 0.082483
24 50 0.082481
24 51 0.082464
24 52 0.082433
24 53 0.082388
24 54 0.082329
24 55 0.082257
24 56 0.082172
24 57 0.082074
24 58 0.081963
24 59 0.081841
24 60 0.081707
24 61 0.081562
24 62 0.081407
24 63 0.081243
24 64 0.081070
24 65 0.080888
24 66 0.080700
24 67 0.080504
24 68 0.080303
24 69 0.080097
24 70 0.079886
24 71 0.079673
24 72 0.079457
24 73 0.079239
24 74 0.079021
24 75 0.078803
24 76 0.078586
24 77 0.078371
24 78 0.078159
24 79 0.077951
24 80 0.077747
24 81 0.077548
24 82 0.077356
24 83 0.077171
24 84 0.076993
24 85 0.076824
24 86 0.076664
24 87 0.076513
24 88 0.076373
24 89 0.076244
24 90 0.076126
24 91 0.076020
24 92 0.075926
24 93 0.075845
24 94 0.075777
24 95 0.075722
24 96 0.075681
24 97 0.075654
24 98 0.075640
24 99 0.075640

25 0 0.075467
25 1 0.075467
25 2 0.075490
25 3 0.075528
25 4 0.075580
25 5 0.075648
25 6 0.075729
25 7 0.075824
25 8 0.075933
25 9 0.076055
25 10 0.076189
25 11 0.076335
25 12 0.076493
25 13 0.076661
25 14 0.076838
25 15 0.077025
25 16 0.077220
25 17 0.077422
25 18 0.077631
25 19 0.077846
25 20 0.078066
25 21 0.078290
25 22 0.078517
25 23 0.078746
25 24 0.078976
25 25 0.079207
25 26 0.079437
25 27 0.079665
25 28 0.079891
25 29 0.080114
25 30 0.080332
25 31 0.080545
25 32 0.080752
25 33 0.080952
25 34 0.081145
25 35 0.081329
25 36 0.081505
25 37 0.081670
25 38 0.081825
25 39 0.081969
25 40 0.082101
25 41 0.082222
25 42 0.082329
25 43 0.082424
25 44 0.082505
25 45 0.082573
25 46 0.082627
25 47 0.082667
25 48 0.082693
25 49 0.082704
25 50 0.082701
25 51 0.082684
25 52 0.082653
25 53 0.082607
25 54 0.082548
25 55 0.082476
25 56 0.082390
25 57 0.082292
25 58 0.082181
25 59 0.082058
25 60 0.081924
25 61 0.081779
25 62 0.081624
25 63 0.081459
25 64 0.081285
25 65 0.081104
25 66 0.080914
25 67 0.080719
25 68 0.080517
25 69 0.080310
25 70 0.080100
25 71 0.079886
25 72 0.079669
25 73 0.079451
25 74 0.079232
25 75 0.079014
25 76 0.078797
25 77 0.078581
25 78 0.078369
25 79 0.078160
25 80 0.077956
25 81 0.077757
25 82 0.077565
25 83 0.077379
25 84 0.077201
25 85 0.077031
25 86 0.076871
25 87 0.076720
25 88 0.076580
25 89 0.076450
25 90 0.076332
25 91 0.076226
25 92 0.076132
25 93 0.076051
25 94 0.075983
25 95 0.075928
25 96 0.075887
25 97 0.075859
25 98 0.075845
25 99 0.075845

26 0 0.075692
26 1 0.075692
26 2 0.075714
26 3 0.075752
26 4 0.075804
26 5 0.075871
26 6 0.075952
26 7 0.076048
26 8 0.076156
26 9 0.076278
26 10 0.076412
26 11 0.076558
26 12 0.076715
26 13 0.076883
26 14 0.077060
26 15 0.077247
26 16 0.077442
26 17 0.077644
26 18 0.077853
26 19 0.078068
26 20 0.078288
26 21 0.078512
26 22 0.078739
26 23 0.078968
26 24 0.079198
26 25 0.079429
26 26 0.079659
26 27 0.079887
26 28 0.080113
26 29 0.080335
26 30 0.080554
26 31 0.080767
26 32 0.080974
26 33 0.081174
26 34 0.081367
26 35 0.081551
26 36 0.081726
26 37 0.081892
26 38 0.082046
26 39 0.082190
26 40 0.082323
26 41 0.082443
26 42 0.082550
26 43 0.082645
26 44 0.082726
26 45 0.082794
26 46 0.082848
26 47 0.082887
26 48 0.082913
26 49 0.082924
26 50 0.082921
26 51 0.082903
26 52 0.082872
26 53 0.082826
26 54 0.082767
26 55 0.082694
26 56 0.082608
26 57 0.082509
26 58 0.082398
26 59 0.082275
26 60 0.082140
26 61 0.081995
26 62 0.081840
26 63 0.081674
26 64 0.081500
26 65 0.081318
26 66 0.081129
26 67 0.080932
26 68 0.080730
26 69 0.080523
26 70 0.080312
26 71 0.080098
26 72 0.079881
26 73 0.079662
26 74 0.079443
26 75 0.079224
26 76 0.079007
26 77 0.078791
26 78 0.078578
26 79 0.078369
26 80 0.078165
26 81 0.077966
26 82 0.077773
26 83 0.077587
26 84 0.077408
26 85 0.077239
26 86 0.077078
26 87 0.076927
26 88 0.076786
26 89 0.076656
26 90 0.076538
26 91 0.076432
26 92 0.076338
26 93 0.076256
26 94 0.076188
26 95 0.076133
26 96 0.076091
26 97 0.076064
26 98 0.076050
26 99 0.076050

27 0 0.075915
27 1 0.075915
27 2 0.075937
27 3 0.075974
27 4 0.076027
27 5 0.076093
27 6 0.076174
27 7 0.076269
27 8 0.076378
27 9 0.076499
27 10 0.076633
27 11 0.076779
27 12 0.076936
27 13 0.077103
27 14 0.077281
27 15 0.077467
27 16 0.077662
27 17 0.077865
27 18 0.078074
27 19 0.078288
27 20 0.078508
27 21 0.078732
27 22 0.078959
27 23 0.079188
27 24 0.079418
27 25 0.079649
27 26 0.079879
27 27 0.080107
27 28 0.080333
27 29 0.080556
27 30 0.080774
27 31 0.080987
27 32 0.081194
27 33 0.081394
27 34 0.081587
27 35 0.081771
27 36 0.081946
27 37 0.082112
27 38 0.082266
27 39 0.082410
27 40 0.082542
27 41 0.082662
27 42 0.082770
27 43 0.082864
27 44 0.082946
27 45 0.083013
27 46 0.083067
27 47 0.083106
27 48 0.083131
27 49 0.083142
27 50 0.083139
27 51 0.083121
27 52 0.083089
27 53 0.083044
27 54 0.082984
27 55 0.082911
27 56 0.082825
27 57 0.082725
27 58 0.082614
27 59 0.082490
27 60 0.082356
27 61 0.082210
27 62 0.082054
27 63 0.081888
27 64 0.081714
27 65 0.081531
27 66 0.081341
27 67 0.081145
27 68 0.080942
27 69 0.080735
27 70 0.080523
27 71 0.080308
27 72 0.080091
27 73 0.079872
27 74 0.079653
27 75 0.079433
27 76 0.079215
27 77 0.078999
27 78 0.078786
27 79 0.078577
27 80 0.078372
27 81 0.078172
27 82 0.077979
27 83 0.077793
27 84 0.077614
27 85 0.077444
27 86 0.077283
27 87 0.077132
27 88 0.076991
27 89 0.076861
27 90 0.076743
27 91 0.076636
27 92 0.076542
27 93 0.076460
27 94 0.076392
27 95 0.076336
27 96 0.076295
27 97 0.076267
27 98 0.076253
27 99 0.076253

28 0 0.076136
28 1 0.076136
28 2 0.076158
28 3 0.076195
28 4 0.076246
28 5 0.076313
28 6 0.076394
28 7 0.076488
28 8 0.076597
28 9 0.076718
28 10 0.076852
28 11 0.076997
28 12 0.077154
28 13 0.077322
28 14 0.077499
28 15 0.077685
28 16 0.077880
28 17 0.078082
28 18 0.078291
28 19 0.078506
28 20 0.078726
28 21 0.078950
28 22 0.079176
28 23 0.079406
28 24 0.079636
28 25 0.079866
28 26 0.080096
28 27 0.080325
28 28 0.080551
28 29 0.080773
28 30 0.080991
28 31 0.081205
28 32 0.081412
28 33 0.081612
28 34 0.081805
28 35 0.081989
28 36 0.082164
28 37 0.082329
28 38 0.082484
28 39 0.082628
28 40 0.082760
28 41 0.082880
28 42 0.082987
28 43 0.083081
28 44 0.083162
28 45 0.083230
28 46 0.083283
28 47 0.083322
28 48 0.083347
28 49 0.083358
28 50 0.083355
28 51 0.083337
28 52 0.083305
28 53 0.083259
28 54 0.083199
28 55 0.083125
28 56 0.083039
28 57 0.082939
28 58 0.082827
28 59 0.082703
28 60 0.082568
28 61 0.082422
28 62 0.082266
28 63 0.082100
28 64 0.081925
28 65 0.081742
28 66 0.081552
28 67 0.081354
28 68 0.081152
28 69 0.080944
28 70 0.080732
28 71 0.080516
28 72 0.080299
28 73 0.080080
28 74 0.079860
28 75 0.079640
28 76 0.079422
28 77 0.079205
28 78 0.078992
28 79 0.078782
28 80 0.078577
28 81 0.078377
28 82 0.078183
28 83 0.077997
28 84 0.077818
28 85 0.077648
28 86 0.077486
28 87 0.077335
28 88 0.077194
28 89 0.077063
28 90 0.076945
28 91 0.076838
28 92 0.076743
28 93 0.076662
28 94 0.076593
28 95 0.076538
28 96 0.076496
28 97 0.076468
28 98 0.076454
28 99 0.076454

29 0 0.076354
29 1 0.076354
29 2 0.076375
29 3 0.076412
29 4 0.076463
29 5 0.076529
29 6 0.076610
29 7 0.076704
29 8 0.076812
29 9 0.076933
29 10 0.077067
29 11 0.077212
29 12 0.077369
29 13 0.077537
29 14 0.077714
29 15 0.077900
29 16 0.078095
29 17 0.078297
29 18 0.078506
29 19 0.078721
29 20 0.078940
29 21 0.079164
29 22 0.079391
29 23 0.079620
29 24 0.079850
29 25 0.080081
29 26 0.080311
29 27 0.080539
29 28 0.080765
29 29 0.080988
29 30 0.081206
29 31 0.081419
29 32 0.081626
29 33 0.081826
29 34 0.082019
29 35 0.082203
29 36 0.082378
29 37 0.082543
29 38 0.082698
29 39 0.082842
29 40 0.082974
29 41 0.083094
29 42 0.083201
29 43 0.083295
29 44 0.083376
29 45 0.083443
29 46 0.083496
29 47 0.083535
29 48 0.083560
29 49 0.083571
29 50 0.083567
29 51 0.083549
29 52 0.083516
29 53 0.083470
29 54 0.083410
29 55 0.083336
29 56 0.083249
29 57 0.083149
29 58 0.083037
29 59 0.082913
29 60 0.082777
29 61 0.082631
29 62 0.082474
29 63 0.082308
29 64 0.082133
29 65 0.081949
29 66 0.081759
29 67 0.081561
29 68 0.081358
29 69 0.081150
29 70 0.080937
29 71 0.080721
29 72 0.080503
29 73 0.080284
29 74 0.080064
29 75 0.079844
29 76 0.079625
29 77 0.079408
29 78 0.079194
29 79 0.078984
29 80 0.078778
29 81 0.078578
29 82 0.078384
29 83 0.078198
29 84 0.078018
29 85 0.077848
29 86 0.077686
29 87 0.077535
29 88 0.077393
29 89 0.077263
29 90 0.077144
29 91 0.077037
29 92 0.076942
29 93 0.076860
29 94 0.076791
29 95 0.076736
29 96 0.076694
29 97 0.076666
29 98 0.076652
29 99 0.076652

30 0 0.076567
30 1 0.076567
30 2 0.076588
30 3 0.076624
30 4 0.076675
30 5 0.076741
30 6 0.076822
30 7 0.076916
30 8 0.077024
30 9 0.077145
30 10 0.077278
30 11 0.077424
30 12 0.077580
30 13 0.077747
30 14 0.077924
30 15 0.078111
30 16 0.078305
30 17 0.078507
30 18 0.078716
30 19 0.078931
30 20 0.079151
30 21 0.079374
30 22 0.079601
30 23 0.079830
30 24 0.080060
30 25 0.080291
30 26 0.080521
30 27 0.080749
30 28 0.080975
30 29 0.081198
30 30 0.081416
30 31 0.081629
30 32 0.081836
30 33 0.082036
30 34 0.082229
30 35 0.082413
30 36 0.082588
30 37 0.082753
30 38 0.082908
30 39 0.083051
30 40 0.083183
30 41 0.083303
30 42 0.083410
30 43 0.083504
30 44 0.083585
30 45 0.083652
30 46 0.083705
30 47 0.083744
30 48 0.083769
30 49 0.083779
30 50 0.083775
30 51 0.083757
30 52 0.083724
30 53 0.083677
30 54 0.083617
30 55 0.083543
30 56 0.083456
30 57 0.083356
30 58 0.083243
30 59 0.083118
30 60 0.082983
30 61 0.082836
30 62 0.082679
30 63 0.082512
30 64 0.082336
30 65 0.082153
30 66 0.081961
30 67 0.081764
30 68 0.081560
30 69 0.081351
30 70 0.081139
30 71 0.080922
30 72 0.080704
30 73 0.080484
30 74 0.080263
30 75 0.080043
30 76 0.079824
30 77 0.079607
30 78 0.079392
30 79 0.079182
30 80 0.078976
30 81 0.078776
30 82 0.078582
30 83 0.078394
30 84 0.078215
30 85 0.078044
30 86 0.077882
30 87 0.077730
30 88 0.077589
30 89 0.077458
30 90 0.077339
30 91 0.077232
30 92 0.077137
30 93 0.077055
30 94 0.076986
30 95 0.076930
30 96 0.076888
30 97 0.076860
30 98 0.076845
30 99 0.076845

31 0 0.076775
31 1 0.076775
31 2 0.076796
31 3 0.076832
31 4 0.076883
31 5 0.076949
31 6 0.077029
31 7 0.077123
31 8 0.077231
31 9 0.077351
31 10 0.077484
31 11 0.077630
31 12 0.077786
31 13 0.077953
31 14 0.078130
31 15 0.078316
31 16 0.078511
31 17 0.078713
31 18 0.078921
31 19 0.079136
31 20 0.079356
31 21 0.079579
31 22 0.079806
31 23 0.080035
31 24 0.080265
31 25 0.080496
31 26 0.080726
31 27 0.080954
31 28 0.081180
31 29 0.081403
31 30 0.081621
31 31 0.081834
31 32 0.082041
31 33 0.082241
31 34 0.082434
31 35 0.082618
31 36 0.082793
31 37 0.082958
31 38 0.083113
31 39 0.083256
31 40 0.083388
31 41 0.083508
31 42 0.083615
31 43 0.083709
31 44 0.083789
31 45 0.083856
31 46 0.083909
31 47 0.083948
31 48 0.083972
31 49 0.083982
31 50 0.083978
31 51 0.083959
31 52 0.083927
31 53 0.083880
31 54 0.083819
31 55 0.083745
31 56 0.083657
31 57 0.083557
31 58 0.083444
31 59 0.083319
31 60 0.083183
31 61 0.083035
31 62 0.082878
31 63 0.082711
31 64 0.082535
31 65 0.082351
31 66 0.082159
31 67 0.081961
31 68 0.081757
31 69 0.081548
31 70 0.081335
31 71 0.081118
31 72 0.080900
31 73 0.080679
31 74 0.080458
31 75 0.080238
31 76 0.080018
31 77 0.079801
31 78 0.079586
31 79 0.079375
31 80 0.079169
31 81 0.078968
31 82 0.078774
31 83 0.078587
31 84 0.078407
31 85 0.078236
31 86 0.078074
31 87 0.077922
31 88 0.077780
31 89 0.077649
31 90 0.077530
31 91 0.077422
31 92 0.077327
31 93 0.077245
31 94 0.077176
31 95 0.077120
31 96 0.077078
31 97 0.077049
31 98 0.077034
31 99 0.077029

32 0 0.076971
32 1 0.076976
32 2 0.076997
32 3 0.077033
32 4 0.077084
32 5 0.077150
32 6 0.077230
32 7 0.077324
32 8 0.077431
32 9 0.077552
32 10 0.077685
32 11 0.077830
32 12 0.077986
32 13 0.078153
32 14 0.078330
32 15 0.078516
32 16 0.078710
32 17 0.078912
32 18 0.079121
32 19 0.079335
32 20 0.079555
32 21 0.079779
32 22 0.080005
32 23 0.080234
32 24 0.080464
32 25 0.080695
32 26 0.080925
32 27 0.081153
32 28 0.081379
32 29 0.081602
32 30 0.081820
32 31 0.082033
32 32 0.082240
32 33 0.082440
32 34 0.082633
32 35 0.082817
32 36 0.082992
32 37 0.083157
32 38 0.083311
32 39 0.083455
32 40 0.083586
32 41 0.083706
32 42 0.083813
32 43 0.083907
32 44 0.083987
32 45 0.084054
32 46 0.084107
32 47 0.084145
32 48 0.084169
32 49 0.084179
32 50 0.084175
32 51 0.084156
32 52 0.084123
32 53 0.084076
32 54 0.084015
32 55 0.083940
32 56 0.083853
32 57 0.083752
32 58 0.083639
32 59 0.083513
32 60 0.083377
32 61 0.083229
32 62 0.083072
32 63 0.082904
32 64 0.082728
32 65 0.082543
32 66 0.082351
32 67 0.082153
32 68 0.081949
32 69 0.081739
32 70 0.081526
32 71 0.081309
32 72 0.081090
32 73 0.080869
32 74 0.080648
32 75 0.080427
32 76 0.080207
32 77 0.079989
32 78 0.079774
32 79 0.079563
32 80 0.079357
32 81 0.079156
32 82 0.078961
32 83 0.078773
32 84 0.078593
32 85 0.078422
32 86 0.078260
32 87 0.078107
32 88 0.077965
32 89 0.077834
32 90 0.077715
32 91 0.077607
32 92 0.077512
32 93 0.077430
32 94 0.077361
32 95 0.077305
32 96 0.077262
32 97 0.077233
32 98 0.077218
32 99 0.077213

33 0 0.077167
33 1 0.077172
33 2 0.077193
33 3 0.077229
33 4 0.077279
33 5 0.077345
33 6 0.077424
33 7 0.077518
33 8 0.077625
33 9 0.077746
33 10 0.077879
33 11 0.078023
33 12 0.078179
33 13 0.078346
33 14 0.078523
33 15 0.078709
33 16 0.078903
33 17 0.079105
33 18 0.079314
33 19 0.079528
33 20 0.079748
33 21 0.079971
33 22 0.080198
33 23 0.080427
33 24 0.080657
33 25 0.080887
33 26 0.081117
33 27 0.081346
33 28 0.081572
33 29 0.081794
33 30 0.082012
33 31 0.082225
33 32 0.082432
33 33 0.082632
33 34 0.082825
33 35 0.083009
33 36 0.083184
33 37 0.083349
33 38 0.083503
33 39 0.083647
33 40 0.083778
33 41 0.083898
33 42 0.084004
33 43 0.084098
33 44 0.084178
33 45 0.084245
33 46 0.084298
33 47 0.084336
33 48 0.084360
33 49 0.084370
33 50 0.084365
33 51 0.084346
33 52 0.084313
33 53 0.084265
33 54 0.084204
33 55 0.084129
33 56 0.084041
33 57 0.083940
33 58 0.083827
33 59 0.083701
33 60 0.083564
33 61 0.083417
33 62 0.083258
33 63 0.083091
33 64 0.082914
33 65 0.082729
33 66 0.082537
33 67 0.082338
33 68 0.082133
33 69 0.081924
33 70 0.081710
33 71 0.081493
33 72 0.081273
33 73 0.081052
33 74 0.080831
33 75 0.080609
33 76 0.080389
33 77 0.080171
33 78 0.079956
33 79 0.079744
33 80 0.079538
33 81 0.079336
33 82 0.079141
33 83 0.078954
33 84 0.078773
33 85 0.078602
33 86 0.078440
33 87 0.078287
33 88 0.078145
33 89 0.078014
33 90 0.077894
33 91 0.077786
33 92 0.077691
33 93 0.077609
33 94 0.077539
33 95 0.077483
33 96 0.077440
33 97 0.077411
33 98 0.077396
33 99 0.077391

34 0 0.077355
34 1 0.077360
34 2 0.077381
34 3 0.077416
34 4 0.077467
34 5 0.077532
34 6 0.077612
34 7 0.077705
34 8 0.077812
34 9 0.077932
34 10 0.078065
34 11 0.078209
34 12 0.078365
34 13 0.078532
34 14 0.078709
34 15 0.078894
34 16 0.079089
34 17 0.079290
34 18 0.079499
34 19 0.079713
34 20 0.079933
34 21 0.080156
34 22 0.080383
34 23 0.080612
34 24 0.080842
34 25 0.081072
34 26 0.081302
34 27 0.081530
34 28 0.081756
34 29 0.081979
34 30 0.082197
34 31 0.082410
34 32 0.082617
34 33 0.082817
34 34 0.083009
34 35 0.083193
34 36 0.083368
34 37 0.083533
34 38 0.083688
34 39 0.083831
34 40 0.083962
34 41 0.084082
34 42 0.084188
34 43 0.084282
34 44 0.084362
34 45 0.084429
34 46 0.084481
34 47 0.084519
34 48 0.084543
34 49 0.084553
34 50 0.084548
34 51 0.084529
34 52 0.084495
34 53 0.084447
34 54 0.084386
34 55 0.084311
34 56 0.084223
34 57 0.084121
34 58 0.084007
34 59 0.083882
34 60 0.083745
34 61 0.083596
34 62 0.083438
34 63 0.083270
34 64 0.083093
34 65 0.082908
34 66 0.082715
34 67 0.082516
34 68 0.082311
34 69 0.082101
34 70 0.081887
34 71 0.081669
34 72 0.081449
34 73 0.081228
34 74 0.081006
34 75 0.080785
34 76 0.080564
34 77 0.080346
34 78 0.080130
34 79 0.079919
34 80 0.079712
34 81 0.079510
34 82 0.079315
34 83 0.079127
34 84 0.078947
34 85 0.078775
34 86 0.078612
34 87 0.078460
34 88 0.078317
34 89 0.078186
34 90 0.078066
34 91 0.077959
34 92 0.077863
34 93 0.077781
34 94 0.077711
34 95 0.077655
34 96 0.077612
34 97 0.077583
34 98 0.077567
34 99 0.077563

35 0 0.077536
35 1 0.077541
35 2 0.077561
35 3 0.077596
35 4 0.077647
35 5 0.077712
35 6 0.077791
35 7 0.077884
35 8 0.077991
35 9 0.078111
35 10 0.078243
35 11 0.078388
35 12 0.078543
35 13 0.078710
35 14 0.078886
35 15 0.079072
35 16 0.079266
35 17 0.079467
35 18 0.079676
35 19 0.079890
35 20 0.080110
35 21 0.080333
35 22 0.080560
35 23 0.080788
35 24 0.081018
35 25 0.081249
35 26 0.081479
35 27 0.081707
35 28 0.081933
35 29 0.082155
35 30 0.082373
35 31 0.082586
35 32 0.082793
35 33 0.082993
35 34 0.083186
35 35 0.083370
35 36 0.083544
35 37 0.083709
35 38 0.083863
35 39 0.084007
35 40 0.084138
35 41 0.084257
35 42 0.084364
35 43 0.084458
35 44 0.084538
35 45 0.084604
35 46 0.084656
35 47 0.084694
35 48 0.084718
35 49 0.084727
35 50 0.084722
35 51 0.084703
35 52 0.084669
35 53 0.084621
35 54 0.084559
35 55 0.084484
35 56 0.084396
35 57 0.084294
35 58 0.084180
35 59 0.084054
35 60 0.083916
35 61 0.083768
35 62 0.083609
35 63 0.083441
35 64 0.083264
35 65 0.083078
35 66 0.082886
35 67 0.082686
35 68 0.082481
35 69 0.082270
35 70 0.082056
35 71 0.081838
35 72 0.081618
35 73 0.081396
35 74 0.081174
35 75 0.080952
35 76 0.080731
35 77 0.080513
35 78 0.080297
35 79 0.080085
35 80 0.079878
35 81 0.079676
35 82 0.079481
35 83 0.079293
35 84 0.079112
35 85 0.078940
35 86 0.078777
35 87 0.078625
35 88 0.078482
35 89 0.078351
35 90 0.078231
35 91 0.078123
35 92 0.078028
35 93 0.077945
35 94 0.077875
35 95 0.077819
35 96 0.077776
35 97 0.077747
35 98 0.077732
35 99 0.077728

36 0 0.077709
36 1 0.077713
36 2 0.077732
36 3 0.077767
36 4 0.077817
36 5 0.077882
36 6 0.077961
36 7 0.078054
36 8 0.078161
36 9 0.078280
36 10 0.078412
36 11 0.078557
36 12 0.078712
36 13 0.078878
36 14 0.079055
36 15 0.079240
36 16 0.079434
36 17 0.079636
36 18 0.079844
36 19 0.080058
36 20 0.080278
36 21 0.080501
36 22 0.080727
36 23 0.080956
36 24 0.081186
36 25 0.081417
36 26 0.081646
36 27 0.081875
36 28 0.082100
36 29 0.082323
36 30 0.082541
36 31 0.082754
36 32 0.082960
36 33 0.083160
36 34 0.083353
36 35 0.083537
36 36 0.083711
36 37 0.083876
36 38 0.084030
36 39 0.084173
36 40 0.084305
36 41 0.084424
36 42 0.084531
36 43 0.084624
36 44 0.084704
36 45 0.084770
36 46 0.084822
36 47 0.084860
36 48 0.084884
36 49 0.084893
36 50 0.084887
36 51 0.084868
36 52 0.084834
36 53 0.084786
36 54 0.084724
36 55 0.084648
36 56 0.084560
36 57 0.084458
36 58 0.084344
36 59 0.084217
36 60 0.084079
36 61 0.083931
36 62 0.083772
36 63 0.083603
36 64 0.083426
36 65 0.083240
36 66 0.083047
36 67 0.082847
36 68 0.082641
36 69 0.082431
36 70 0.082216
36 71 0.081998
36 72 0.081778
36 73 0.081556
36 74 0.081333
36 75 0.081111
36 76 0.080890
36 77 0.080671
36 78 0.080455
36 79 0.080243
36 80 0.080036
36 81 0.079834
36 82 0.079638
36 83 0.079450
36 84 0.079269
36 85 0.079097
36 86 0.078934
36 87 0.078781
36 88 0.078639
36 89 0.078507
36 90 0.078387
36 91 0.078280
36 92 0.078184
36 93 0.078101
36 94 0.078032
36 95 0.077975
36 96 0.077933
36 97 0.077903
36 98 0.077888
36 99 0.077885

37 0 0.077872
37 1 0.077875
37 2 0.077894
37 3 0.077929
37 4 0.077979
37 5 0.078043
37 6 0.078122
37 7 0.078215
37 8 0.078321
37 9 0.078440
37 10 0.078572
37 11 0.078716
37 12 0.078872
37 13 0.079038
37 14 0.079214
37 15 0.079399
37 16 0.079593
37 17 0.079794
37 18 0.080003
37 19 0.080217
37 20 0.080436
37 21 0.080659
37 22 0.080886
37 23 0.081114
37 24 0.081344
37 25 0.081574
37 26 0.081804
37 27 0.082032
37 28 0.082258
37 29 0.082480
37 30 0.082698
37 31 0.082911
37 32 0.083118
37 33 0.083318
37 34 0.083510
37 35 0.083694
37 36 0.083869
37 37 0.084033
37 38 0.084187
37 39 0.084331
37 40 0.084462
37 41 0.084581
37 42 0.084687
37 43 0.084780
37 44 0.084860
37 45 0.084926
37 46 0.084978
37 47 0.085016
37 48 0.085039
37 49 0.085048
37 50 0.085043
37 51 0.085023
37 52 0.084989
37 53 0.084941
37 54 0.084879
37 55 0.084803
37 56 0.084714
37 57 0.084612
37 58 0.084497
37 59 0.084371
37 60 0.084233
37 61 0.084084
37 62 0.083925
37 63 0.083756
37 64 0.083578
37 65 0.083392
37 66 0.083199
37 67 0.082999
37 68 0.082793
37 69 0.082582
37 70 0.082367
37 71 0.082149
37 72 0.081928
37 73 0.081706
37 74 0.081483
37 75 0.081261
37 76 0.081040
37 77 0.080821
37 78 0.080605
37 79 0.080392
37 80 0.080185
37 81 0.079983
37 82 0.079787
37 83 0.079598
37 84 0.079417
37 85 0.079245
37 86 0.079082
37 87 0.078929
37 88 0.078787
37 89 0.078655
37 90 0.078535
37 91 0.078427
37 92 0.078332
37 93 0.078249
37 94 0.078179
37 95 0.078123
37 96 0.078080
37 97 0.078051
37 98 0.078036
37 99 0.078033

38 0 0.078024
38 1 0.078027
38 2 0.078046
38 3 0.078081
38 4 0.078130
38 5 0.078194
38 6 0.078272
38 7 0.078365
38 8 0.078471
38 9 0.078590
38 10 0.078722
38 11 0.078866
38 12 0.079021
38 13 0.079187
38 14 0.079363
38 15 0.079548
38 16 0.079742
38 17 0.079943
38 18 0.080151
38 19 0.080365
38 20 0.080584
38 21 0.080807
38 22 0.081033
38 23 0.081262
38 24 0.081492
38 25 0.081722
38 26 0.081952
38 27 0.082180
38 28 0.082406
38 29 0.082628
38 30 0.082846
38 31 0.083059
38 32 0.083265
38 33 0.083465
38 34 0.083657
38 35 0.083841
38 36 0.084015
38 37 0.084180
38 38 0.084334
38 39 0.084477
38 40 0.084608
38 41 0.084727
38 42 0.084834
38 43 0.084927
38 44 0.085006
38 45 0.085072
38 46 0.085124
38 47 0.085162
38 48 0.085185
38 49 0.085194
38 50 0.085188
38 51 0.085168
38 52 0.085134
38 53 0.085086
38 54 0.085023
38 55 0.084947
38 56 0.084858
38 57 0.084756
38 58 0.084641
38 59 0.084514
38 60 0.084376
38 61 0.084227
38 62 0.084068
38 63 0.083899
38 64 0.083721
38 65 0.083534
38 66 0.083341
38 67 0.083141
38 68 0.082934
38 69 0.082723
38 70 0.082508
38 71 0.082290
38 72 0.082069
38 73 0.081846
38 74 0.081624
38 75 0.081401
38 76 0.081180
38 77 0.080960
38 78 0.080744
38 79 0.080532
38 80 0.080324
38 81 0.080122
38 82 0.079926
38 83 0.079737
38 84 0.079556
38 85 0.079384
38 86 0.079221
38 87 0.079068
38 88 0.078925
38 89 0.078793
38 90 0.078673
38 91 0.078565
38 92 0.078470
38 93 0.078387
38 94 0.078317
38 95 0.078261
38 96 0.078218
38 97 0.078189
38 98 0.078175
38 99 0.078172

39 0 0.078166
39 1 0.078169
39 2 0.078188
39 3 0.078221
39 4 0.078270
39 5 0.078334
39 6 0.078412
39 7 0.078504
39 8 0.078610
39 9 0.078729
39 10 0.078861
39 11 0.079004
39 12 0.079159
39 13 0.079325
39 14 0.079501
39 15 0.079686
39 16 0.079879
39 17 0.080080
39 18 0.080288
39 19 0.080502
39 20 0.080721
39 21 0.080944
39 22 0.081171
39 23 0.081399
39 24 0.081629
39 25 0.081859
39 26 0.082088
39 27 0.082317
39 28 0.082542
39 29 0.082764
39 30 0.082982
39 31 0.083195
39 32 0.083401
39 33 0.083601
39 34 0.083793
39 35 0.083977
39 36 0.084151
39 37 0.084316
39 38 0.084470
39 39 0.084613
39 40 0.084744
39 41 0.084863
39 42 0.084969
39 43 0.085062
39 44 0.085141
39 45 0.085207
39 46 0.085259
39 47 0.085296
39 48 0.085319
39 49 0.085328
39 50 0.085322
39 51 0.085302
39 52 0.085268
39 53 0.085219
39 54 0.085157
39 55 0.085081
39 56 0.084991
39 57 0.084889
39 58 0.084774
39 59 0.084647
39 60 0.084509
39 61 0.084359
39 62 0.084200
39 63 0.084031
39 64 0.083852
39 65 0.083666
39 66 0.083472
39 67 0.083272
39 68 0.083065
39 69 0.082854
39 70 0.082639
39 71 0.082420
39 72 0.082199
39 73 0.081976
39 74 0.081753
39 75 0.081531
39 76 0.081309
39 77 0.081090
39 78 0.080873
39 79 0.080661
39 80 0.080453
39 81 0.080250
39 82 0.080054
39 83 0.079866
39 84 0.079685
39 85 0.079512
39 86 0.079349
39 87 0.079196
39 88 0.079053
39 89 0.078921
39 90 0.078801
39 91 0.078693
39 92 0.078598
39 93 0.078515
39 94 0.078446
39 95 0.078389
39 96 0.078347
39 97 0.078318
39 98 0.078303
39 99 0.078301

40 0 0.078297
40 1 0.078299
40 2 0.078317
40 3 0.078351
40 4 0.078399
40 5 0.078463
40 6 0.078541
40 7 0.078633
40 8 0.078738
40 9 0.078857
40 10 0.078988
40 11 0.079132
40 12 0.079286
40 13 0.079452
40 14 0.079628
40 15 0.079812
40 16 0.080006
40 17 0.080207
40 18 0.080415
40 19 0.080628
40 20 0.080847
40 21 0.081070
40 22 0.081296
40 23 0.081525
40 24 0.081754
40 25 0.081984
40 26 0.082214
40 27 0.082442
40 28 0.082667
40 29 0.082889
40 30 0.083107
40 31 0.083320
40 32 0.083526
40 33 0.083726
40 34 0.083918
40 35 0.084101
40 36 0.084276
40 37 0.084440
40 38 0.084594
40 39 0.084737
40 40 0.084868
40 41 0.084986
40 42 0.085093
40 43 0.085185
40 44 0.085265
40 45 0.085330
40 46 0.085382
40 47 0.085419
40 48 0.085442
40 49 0.085451
40 50 0.085445
40 51 0.085425
40 52 0.085390
40 53 0.085342
40 54 0.085279
40 55 0.085203
40 56 0.085113
40 57 0.085011
40 58 0.084895
40 59 0.084768
40 60 0.084630
40 61 0.084480
40 62 0.084321
40 63 0.084151
40 64 0.083973
40 65 0.083786
40 66 0.083592
40 67 0.083392
40 68 0.083185
40 69 0.082974
40 70 0.082758
40 71 0.082539
40 72 0.082318
40 73 0.082096
40 74 0.081872
40 75 0.081649
40 76 0.081428
40 77 0.081208
40 78 0.080992
40 79 0.080779
40 80 0.080571
40 81 0.080369
40 82 0.080172
40 83 0.079984
40 84 0.079802
40 85 0.079630
40 86 0.079467
40 87 0.079314
40 88 0.079171
40 89 0.079039
40 90 0.078919
40 91 0.078811
40 92 0.078715
40 93 0.078633
40 94 0.078563
40 95 0.078507
40 96 0.078465
40 97 0.078436
40 98 0.078421
40 99 0.078419

41 0 0.078415
41 1 0.078417
41 2 0.078435
41 3 0.078468
41 4 0.078517
41 5 0.078580
41 6 0.078657
41 7 0.078749
41 8 0.078854
41 9 0.078973
41 10 0.079104
41 11 0.079247
41 12 0.079402
41 13 0.079567
41 14 0.079742
41 15 0.079927
41 16 0.080120
41 17 0.080321
41 18 0.080529
41 19 0.080742
41 20 0.080961
41 21 0.081184
41 22 0.081410
41 23 0.081638
41 24 0.081868
41 25 0.082098
41 26 0.082327
41 27 0.082555
41 28 0.082780
41 29 0.083002
41 30 0.083220
41 31 0.083432
41 32 0.083639
41 33 0.083838
41 34 0.084030
41 35 0.084214
41 36 0.084388
41 37 0.084552
41 38 0.084706
41 39 0.084849
41 40 0.084980
41 41 0.085098
41 42 0.085204
41 43 0.085297
41 44 0.085376
41 45 0.085442
41 46 0.085493
41 47 0.085530
41 48 0.085553
41 49 0.085562
41 50 0.085556
41 51 0.085535
41 52 0.085501
41 53 0.085452
41 54 0.085389
41 55 0.085313
41 56 0.085223
41 57 0.085120
41 58 0.085005
41 59 0.084878
41 60 0.084739
41 61 0.084590
41 62 0.084430
41 63 0.084260
41 64 0.084082
41 65 0.083895
41 66 0.083701
41 67 0.083500
41 68 0.083293
41 69 0.083082
41 70 0.082866
41 71 0.082647
41 72 0.082426
41 73 0.082203
41 74 0.081980
41 75 0.081757
41 76 0.081535
41 77 0.081315
41 78 0.081099
41 79 0.080886
41 80 0.080678
41 81 0.080475
41 82 0.080279
41 83 0.080090
41 84 0.079909
41 85 0.079737
41 86 0.079573
41 87 0.079420
41 88 0.079277
41 89 0.079146
41 90 0.079026
41 91 0.078918
41 92 0.078822
41 93 0.078740
41 94 0.078670
41 95 0.078614
41 96 0.078572
41 97 0.078543
41 98 0.078528
41 99 0.078527

42 0 0.078521
42 1 0.078523
42 2 0.078541
42 3 0.078573
42 4 0.078621
42 5 0.078684
42 6 0.078762
42 7 0.078853
42 8 0.078958
42 9 0.079076
42 10 0.079207
42 11 0.079350
42 12 0.079505
42 13 0.079670
42 14 0.079845
42 15 0.080030
42 16 0.080223
42 17 0.080423
42 18 0.080631
42 19 0.080844
42 20 0.081063
42 21 0.081285
42 22 0.081511
42 23 0.081739
42 24 0.081969
42 25 0.082199
42 26 0.082428
42 27 0.082656
42 28 0.082881
42 29 0.083103
42 30 0.083320
42 31 0.083533
42 32 0.083739
42 33 0.083938
42 34 0.084130
42 35 0.084314
42 36 0.084488
42 37 0.084652
42 38 0.084806
42 39 0.084948
42 40 0.085079
42 41 0.085197
42 42 0.085303
42 43 0.085396
42 44 0.085475
42 45 0.085541
42 46 0.085592
42 47 0.085629
42 48 0.085652
42 49 0.085660
42 50 0.085654
42 51 0.085633
42 52 0.085599
42 53 0.085550
42 54 0.085487
42 55 0.085410
42 56 0.085320
42 57 0.085218
42 58 0.085102
42 59 0.084975
42 60 0.084836
42 61 0.084687
42 62 0.084526
42 63 0.084357
42 64 0.084178
42 65 0.083991
42 66 0.083797
42 67 0.083596
42 68 0.083390
42 69 0.083178
42 70 0.082962
42 71 0.082743
42 72 0.082522
42 73 0.082299
42 74 0.082076
42 75 0.081852
42 76 0.081631
42 77 0.081411
42 78 0.081194
42 79 0.080981
42 80 0.080773
42 81 0.080571
42 82 0.080375
42 83 0.080186
42 84 0.080004
42 85 0.079832
42 86 0.079669
42 87 0.079515
42 88 0.079373
42 89 0.079241
42 90 0.079121
42 91 0.079013
42 92 0.078917
42 93 0.078835
42 94 0.078765
42 95 0.078709
42 96 0.078667
42 97 0.078638
42 98 0.078624
42 99 0.078623

43 0 0.078614
43 1 0.078616
43 2 0.078633
43 3 0.078666
43 4 0.078713
43 5 0.078776
43 6 0.078853
43 7 0.078944
43 8 0.079049
43 9 0.079167
43 10 0.079298
43 11 0.079441
43 12 0.079595
43 13 0.079760
43 14 0.079935
43 15 0.080119
43 16 0.080312
43 17 0.080513
43 18 0.080720
43 19 0.080933
43 20 0.081152
43 21 0.081374
43 22 0.081600
43 23 0.081828
43 24 0.082057
43 25 0.082287
43 26 0.082516
43 27 0.082743
43 28 0.082969
43 29 0.083190
43 30 0.083408
43 31 0.083620
43 32 0.083826
43 33 0.084026
43 34 0.084217
43 35 0.084400
43 36 0.084574
43 37 0.084739
43 38 0.084892
43 39 0.085035
43 40 0.085165
43 41 0.085284
43 42 0.085389
43 43 0.085482
43 44 0.085561
43 45 0.085626
43 46 0.085678
43 47 0.085715
43 48 0.085737
43 49 0.085745
43 50 0.085739
43 51 0.085719
43 52 0.085684
43 53 0.085635
43 54 0.085572
43 55 0.085495
43 56 0.085405
43 57 0.085302
43 58 0.085187
43 59 0.085060
43 60 0.084921
43 61 0.084771
43 62 0.084611
43 63 0.084441
43 64 0.084262
43 65 0.084075
43 66 0.083881
43 67 0.083680
43 68 0.083474
43 69 0.083262
43 70 0.083046
43 71 0.082827
43 72 0.082605
43 73 0.082383
43 74 0.082159
43 75 0.081936
43 76 0.081714
43 77 0.081494
43 78 0.081278
43 79 0.081065
43 80 0.080857
43 81 0.080654
43 82 0.080458
43 83 0.080269
43 84 0.080088
43 85 0.079915
43 86 0.079752
43 87 0.079599
43 88 0.079456
43 89 0.079324
43 90 0.079204
43 91 0.079096
43 92 0.079001
43 93 0.078918
43 94 0.078849
43 95 0.078793
43 96 0.078751
43 97 0.078722
43 98 0.078708
43 99 0.078707

44 0 0.078694
44 1 0.078695
44 2 0.078712
44 3 0.078745
44 4 0.078792
44 5 0.078855
44 6 0.078931
44 7 0.079022
44 8 0.079127
44 9 0.079245
44 10 0.079375
44 11 0.079518
44 12 0.079672
44 13 0.079837
44 14 0.080012
44 15 0.080196
44 16 0.080389
44 17 0.080589
44 18 0.080796
44 19 0.081009
44 20 0.081227
44 21 0.081450
44 22 0.081675
44 23 0.081903
44 24 0.082132
44 25 0.082362
44 26 0.082591
44 27 0.082818
44 28 0.083043
44 29 0.083265
44 30 0.083482
44 31 0.083694
44 32 0.083900
44 33 0.084100
44 34 0.084291
44 35 0.084474
44 36 0.084648
44 37 0.084812
44 38 0.084965
44 39 0.085108
44 40 0.085238
44 41 0.085357
44 42 0.085462
44 43 0.085555
44 44 0.085634
44 45 0.085699
44 46 0.085750
44 47 0.085787
44 48 0.085809
44 49 0.085818
44 50 0.085811
44 51 0.085791
44 52 0.085756
44 53 0.085707
44 54 0.085643
44 55 0.085567
44 56 0.085477
44 57 0.085374
44 58 0.085258
44 59 0.085131
44 60 0.084992
44 61 0.084842
44 62 0.084682
44 63 0.084512
44 64 0.084334
44 65 0.084147
44 66 0.083952
44 67 0.083751
44 68 0.083545
44 69 0.083333
44 70 0.083117
44 71 0.082898
44 72 0.082676
44 73 0.082454
44 74 0.082230
44 75 0.082007
44 76 0.081785
44 77 0.081565
44 78 0.081349
44 79 0.081136
44 80 0.080928
44 81 0.080725
44 82 0.080529
44 83 0.080340
44 84 0.080159
44 85 0.079986
44 86 0.079823
44 87 0.079670
44 88 0.079527
44 89 0.079396
44 90 0.079276
44 91 0.079168
44 92 0.079072
44 93 0.078990
44 94 0.078921
44 95 0.078865
44 96 0.078823
44 97 0.078794
44 98 0.078780
44 99 0.078779

45 0 0.078760
45 1 0.078761
45 2 0.078778
45 3 0.078810
45 4 0.078858
45 5 0.078920
45 6 0.078996
45 7 0.079087
45 8 0.079192
45 9 0.079309
45 10 0.079440
45 11 0.079582
45 12 0.079736
45 13 0.079901
45 14 0.080075
45 15 0.080259
45 16 0.080452
45 17 0.080652
45 18 0.080859
45 19 0.081072
45 20 0.081290
45 21 0.081512
45 22 0.081737
45 23 0.081965
45 24 0.082194
45 25 0.082423
45 26 0.082652
45 27 0.082880
45 28 0.083104
45 29 0.083326
45 30 0.083543
45 31 0.083755
45 32 0.083961
45 33 0.084160
45 34 0.084351
45 35 0.084534
45 36 0.084708
45 37 0.084872
45 38 0.085025
45 39 0.085167
45 40 0.085298
45 41 0.085416
45 42 0.085521
45 43 0.085614
45 44 0.085693
45 45 0.085758
45 46 0.085809
45 47 0.085846
45 48 0.085868
45 49 0.085876
45 50 0.085870
45 51 0.085849
45 52 0.085814
45 53 0.085765
45 54 0.085702
45 55 0.085625
45 56 0.085535
45 57 0.085432
45 58 0.085316
45 59 0.085189
45 60 0.085050
45 61 0.084900
45 62 0.084740
45 63 0.084570
45 64 0.084392
45 65 0.084205
45 66 0.084010
45 67 0.083809
45 68 0.083603
45 69 0.083391
45 70 0.083175
45 71 0.082956
45 72 0.082735
45 73 0.082512
45 74 0.082288
45 75 0.082065
45 76 0.081843
45 77 0.081624
45 78 0.081407
45 79 0.081194
45 80 0.080986
45 81 0.080784
45 82 0.080587
45 83 0.080398
45 84 0.080217
45 85 0.080045
45 86 0.079882
45 87 0.079729
45 88 0.079586
45 89 0.079454
45 90 0.079335
45 91 0.079227
45 92 0.079131
45 93 0.079049
45 94 0.078980
45 95 0.078924
45 96 0.078882
45 97 0.078853
45 98 0.078839
45 99 0.078838

46 0 0.078813
46 1 0.078814
46 2 0.078830
46 3 0.078862
46 4 0.078909
46 5 0.078971
46 6 0.079048
46 7 0.079138
46 8 0.079243
46 9 0.079360
46 10 0.079490
46 11 0.079632
46 12 0.079786
46 13 0.079951
46 14 0.080125
46 15 0.080309
46 16 0.080501
46 17 0.080701
46 18 0.080908
46 19 0.081121
46 20 0.081339
46 21 0.081561
46 22 0.081786
46 23 0.082013
46 24 0.082242
46 25 0.082471
46 26 0.082700
46 27 0.082927
46 28 0.083152
46 29 0.083373
46 30 0.083590
46 31 0.083802
46 32 0.084008
46 33 0.084206
46 34 0.084398
46 35 0.084580
46 36 0.084754
46 37 0.084930
46 38 0.085083
46 39 0.085226
46 40 0.085356
46 41 0.085475
46 42 0.085580
46 43 0.085673
46 44 0.085752
46 45 0.085817
46 46 0.085868
46 47 0.085905
46 48 0.085927
46 49 0.085935
46 50 0.085929
46 51 0.085908
46 52 0.085873
46 53 0.085823
46 54 0.085760
46 55 0.085683
46 56 0.085593
46 57 0.085490
46 58 0.085374
46 59 0.085246
46 60 0.085107
46 61 0.084957
46 62 0.084796
46 63 0.084626
46 64 0.084447
46 65 0.084260
46 66 0.084065
46 67 0.083864
46 68 0.083657
46 69 0.083445
46 70 0.083228
46 71 0.083009
46 72 0.082787
46 73 0.082564
46 74 0.082340
46 75 0.082116
46 76 0.081894
46 77 0.081674
46 78 0.081457
46 79 0.081244
46 80 0.081036
46 81 0.080833
46 82 0.080636
46 83 0.080447
46 84 0.080266
46 85 0.080093
46 86 0.079929
46 87 0.079776
46 88 0.079633
46 89 0.079501
46 90 0.079381
46 91 0.079273
46 92 0.079178
46 93 0.079095
46 94 0.079026
46 95 0.078970
46 96 0.078928
46 97 0.078900
46 98 0.078885
46 99 0.078885

47 0 0.078851
47 1 0.078851
47 2 0.078868
47 3 0.078900
47 4 0.078947
47 5 0.079009
47 6 0.079085
47 7 0.079176
47 8 0.079280
47 9 0.079397
47 10 0.079528
47 11 0.079670
47 12 0.079824
47 13 0.079989
47 14 0.080163
47 15 0.080347
47 16 0.080540
47 17 0.080740
47 18 0.080947
47 19 0.081160
47 20 0.081378
47 21 0.081601
47 22 0.081826
47 23 0.082054
47 24 0.082283
47 25 0.082512
47 26 0.082741
47 27 0.082969
47 28 0.083194
47 29 0.083415
47 30 0.083632
47 31 0.083845
47 32 0.084051
47 33 0.084250
47 34 0.084441
47 35 0.084624
47 36 0.084798
47 37 0.084962
47 38 0.085115
47 39 0.085258
47 40 0.085388
47 41 0.085506
47 42 0.085612
47 43 0.085704
47 44 0.085783
47 45 0.085848
47 46 0.085899
47 47 0.085936
47 48 0.085958
47 49 0.085966
47 50 0.085960
47 51 0.085939
47 52 0.085903
47 53 0.085854
47 54 0.085791
47 55 0.085714
47 56 0.085624
47 57 0.085520
47 58 0.085405
47 59 0.085277
47 60 0.085138
47 61 0.084988
47 62 0.084827
47 63 0.084657
47 64 0.084478
47 65 0.084291
47 66 0.084096
47 67 0.083895
47 68 0.083688
47 69 0.083476
47 70 0.083260
47 71 0.083041
47 72 0.082819
47 73 0.082596
47 74 0.082372
47 75 0.082149
47 76 0.081926
47 77 0.081706
47 78 0.081490
47 79 0.081276
47 80 0.081068
47 81 0.080865
47 82 0.080669
47 83 0.080480
47 84 0.080299
47 85 0.080126
47 86 0.079963
47 87 0.079809
47 88 0.079667
47 89 0.079535
47 90 0.079415
47 91 0.079307
47 92 0.079212
47 93 0.079129
47 94 0.079060
47 95 0.079004
47 96 0.078962
47 97 0.078934
47 98 0.078919
47 99 0.078919

48 0 0.078875
48 1 0.078875
48 2 0.078892
48 3 0.078923
48 4 0.078970
48 5 0.079032
48 6 0.079109
48 7 0.079199
48 8 0.079303
48 9 0.079421
48 10 0.079551
48 11 0.079693
48 12 0.079847
48 13 0.080011
48 14 0.080186
48 15 0.080369
48 16 0.080562
48 17 0.080762
48 18 0.080969
48 19 0.081182
48 20 0.081400
48 21 0.081622
48 22 0.081847
48 23 0.082074
48 24 0.082303
48 25 0.082533
48 26 0.082761
48 27 0.082988
48 28 0.083213
48 29 0.083434
48 30 0.083652
48 31 0.083863
48 32 0.084069
48 33 0.084268
48 34 0.084460
48 35 0.084642
48 36 0.084816
48 37 0.084980
48 38 0.085133
48 39 0.085275
48 40 0.085405
48 41 0.085524
48 42 0.085629
48 43 0.085721
48 44 0.085800
48 45 0.085865
48 46 0.085916
48 47 0.085953
48 48 0.085975
48 49 0.085983
48 50 0.085976
48 51 0.085955
48 52 0.085920
48 53 0.085871
48 54 0.085808
48 55 0.085731
48 56 0.085640
48 57 0.085537
48 58 0.085422
48 59 0.085294
48 60 0.085155
48 61 0.085005
48 62 0.084844
48 63 0.084674
48 64 0.084496
48 65 0.084309
48 66 0.084114
48 67 0.083913
48 68 0.083706
48 69 0.083494
48 70 0.083278
48 71 0.083059
48 72 0.082837
48 73 0.082614
48 74 0.082391
48 75 0.082167
48 76 0.081945
48 77 0.081726
48 78 0.081509
48 79 0.081296
48 80 0.081088
48 81 0.080885
48 82 0.080689
48 83 0.080500
48 84 0.080319
48 85 0.080146
48 86 0.079983
48 87 0.079830
48 88 0.079687
48 89 0.079555
48 90 0.079436
48 91 0.079328
48 92 0.079232
48 93 0.079150
48 94 0.079081
48 95 0.079025
48 96 0.078983
48 97 0.078955
48 98 0.078940
48 99 0.078940

49 0 0.078885
49 1 0.078885
49 2 0.078901
49 3 0.078933
49 4 0.078980
49 5 0.079042
49 6 0.079118
49 7 0.079208
49 8 0.079312
49 9 0.079430
49 10 0.079560
49 11 0.079702
49 12 0.079855
49 13 0.080020
49 14 0.080194
49 15 0.080378
49 16 0.080570
49 17 0.080770
49 18 0.080976
49 19 0.081189
49 20 0.081407
49 21 0.081628
49 22 0.081854
49 23 0.082081
49 24 0.082310
49 25 0.082539
49 26 0.082767
49 27 0.082994
49 28 0.083219
49 29 0.083440
49 30 0.083657
49 31 0.083868
49 32 0.084074
49 33 0.084273
49 34 0.084464
49 35 0.084646
49 36 0.084820
49 37 0.084984
49 38 0.085137
49 39 0.085279
49 40 0.085409
49 41 0.085527
49 42 0.085632
49 43 0.085724
49 44 0.085803
49 45 0.085868
49 46 0.085919
49 47 0.085955
49 48 0.085977
49 49 0.085985
49 50 0.085979
49 51 0.085958
49 52 0.085923
49 53 0.085873
49 54 0.085810
49 55 0.085733
49 56 0.085643
49 57 0.085540
49 58 0.085424
49 59 0.085297
49 60 0.085158
49 61 0.085008
49 62 0.084848
49 63 0.084678
49 64 0.084499
49 65 0.084312
49 66 0.084118
49 67 0.083917
49 68 0.083710
49 69 0.083498
49 70 0.083283
49 71 0.083063
49 72 0.082842
49 73 0.082619
49 74 0.082396
49 75 0.082173
49 76 0.081951
49 77 0.081731
49 78 0.081515
49 79 0.081302
49 80 0.081094
49 81 0.080891
49 82 0.080695
49 83 0.080506
49 84 0.080326
49 85 0.080153
49 86 0.079990
49 87 0.079837
49 88 0.079694
49 89 0.079563
49 90 0.079443
49 91 0.079335
49 92 0.079240
49 93 0.079158
49 94 0.079089
49 95 0.079033
49 96 0.078991
49 97 0.078963
49 98 0.078949
49 99 0.078949

50 0 0.078880
50 1 0.078880
50 2 0.078897
50 3 0.078929
50 4 0.078975
50 5 0.079037
50 6 0.079113
50 7 0.079204
50 8 0.079308
50 9 0.079425
50 10 0.079555
50 11 0.079696
50 12 0.079850
50 13 0.080014
50 14 0.080188
50 15 0.080372
50 16 0.080564
50 17 0.080763
50 18 0.080970
50 19 0.081182
50 20 0.081400
50 21 0.081621
50 22 0.081846
50 23 0.082073
50 24 0.082302
50 25 0.082530
50 26 0.082759
50 27 0.082985
50 28 0.083210
50 29 0.083431
50 30 0.083647
50 31 0.083859
50 32 0.084064
50 33 0.084263
50 34 0.084454
50 35 0.084636
50 36 0.084810
50 37 0.084973
50 38 0.085126
50 39 0.085268
50 40 0.085398
50 41 0.085516
50 42 0.085621
50 43 0.085713
50 44 0.085791
50 45 0.085856
50 46 0.085907
50 47 0.085944
50 48 0.085966
50 49 0.085974
50 50 0.085967
50 51 0.085946
50 52 0.085911
50 53 0.085862
50 54 0.085799
50 55 0.085722
50 56 0.085632
50 57 0.085529
50 58 0.085413
50 59 0.085286
50 60 0.085147
50 61 0.084997
50 62 0.084837
50 63 0.084667
50 64 0.084489
50 65 0.084302
50 66 0.084108
50 67 0.083907
50 68 0.083701
50 69 0.083489
50 70 0.083273
50 71 0.083055
50 72 0.082833
50 73 0.082611
50 74 0.082388
50 75 0.082165
50 76 0.081943
50 77 0.081724
50 78 0.081507
50 79 0.081295
50 80 0.081087
50 81 0.080885
50 82 0.080689
50 83 0.080500
50 84 0.080319
50 85 0.080147
50 86 0.079984
50 87 0.079831
50 88 0.079689
50 89 0.079558
50 90 0.079438
50 91 0.079330
50 92 0.079235
50 93 0.079153
50 94 0.079084
50 95 0.079028
50 96 0.078986
50 97 0.078958
50 98 0.078944
50 99 0.078944

51 0 0.078862
51 1 0.078862
51 2 0.078878
51 3 0.078910
51 4 0.078957
51 5 0.079018
51 6 0.079095
51 7 0.079185
51 8 0.079289
51 9 0.079406
51 10 0.079535
51 11 0.079677
51 12 0.079830
51 13 0.079994
51 14 0.080168
51 15 0.080352
51 16 0.080543
51 17 0.080743
51 18 0.080949
51 19 0.081161
51 20 0.081379
51 21 0.081600
51 22 0.081825
51 23 0.082052
51 24 0.082280
51 25 0.082508
51 26 0.082736
51 27 0.082963
51 28 0.083187
51 29 0.083408
51 30 0.083624
51 31 0.083835
51 32 0.084040
51 33 0.084239
51 34 0.084430
51 35 0.084612
51 36 0.084785
51 37 0.084948
51 38 0.085101
51 39 0.085243
51 40 0.085372
51 41 0.085490
51 42 0.085595
51 43 0.085687
51 44 0.085766
51 45 0.085830
51 46 0.085881
51 47 0.085918
51 48 0.085940
51 49 0.085948
51 50 0.085941
51 51 0.085921
51 52 0.085885
51 53 0.085836
51 54 0.085773
51 55 0.085696
51 56 0.085606
51 57 0.085504
51 58 0.085388
51 59 0.085261
51 60 0.085122
51 61 0.084973
51 62 0.084813
51 63 0.084643
51 64 0.084465
51 65 0.084278
51 66 0.084084
51 67 0.083884
51 68 0.083677
51 69 0.083466
51 70 0.083251
51 71 0.083032
51 72 0.082811
51 73 0.082589
51 74 0.082366
51 75 0.082143
51 76 0.081922
51 77 0.081703
51 78 0.081487
51 79 0.081274
51 80 0.081067
51 81 0.080865
51 82 0.080669
51 83 0.080481
51 84 0.080300
51 85 0.080128
51 86 0.079965
51 87 0.079812
51 88 0.079670
51 89 0.079539
51 90 0.079419
51 91 0.079312
51 92 0.079217
51 93 0.079135
51 94 0.079066
51 95 0.079010
51 96 0.078968
51 97 0.078940
51 98 0.078926
51 99 0.078926

52 0 0.078829
52 1 0.078829
52 2 0.078846
52 3 0.078877
52 4 0.078924
52 5 0.078986
52 6 0.079062
52 7 0.079152
52 8 0.079256
52 9 0.079373
52 10 0.079502
52 11 0.079644
52 12 0.079797
52 13 0.079961
52 14 0.080135
52 15 0.080318
52 16 0.080510
52 17 0.080709
52 18 0.080915
52 19 0.081127
52 20 0.081344
52 21 0.081565
52 22 0.081789
52 23 0.082016
52 24 0.082244
52 25 0.082472
52 26 0.082700
52 27 0.082926
52 28 0.083150
52 29 0.083370
52 30 0.083587
52 31 0.083798
52 32 0.084003
52 33 0.084201
52 34 0.084391
52 35 0.084573
52 36 0.084746
52 37 0.084909
52 38 0.085062
52 39 0.085203
52 40 0.085333
52 41 0.085451
52 42 0.085556
52 43 0.085648
52 44 0.085726
52 45 0.085791
52 46 0.085841
52 47 0.085878
52 48 0.085900
52 49 0.085908
52 50 0.085902
52 51 0.085881
52 52 0.085846
52 53 0.085797
52 54 0.085734
52 55 0.085657
52 56 0.085567
52 57 0.085464
52 58 0.085349
52 59 0.085222
52 60 0.085084
52 61 0.084934
52 62 0.084774
52 63 0.084605
52 64 0.084427
52 65 0.084241
52 66 0.084047
52 67 0.083847
52 68 0.083641
52 69 0.083430
52 70 0.083215
52 71 0.082996
52 72 0.082776
52 73 0.082554
52 74 0.082331
52 75 0.082109
52 76 0.081888
52 77 0.081669
52 78 0.081453
52 79 0.081241
52 80 0.081033
52 81 0.080832
52 82 0.080636
52 83 0.080448
52 84 0.080268
52 85 0.080096
52 86 0.079933
52 87 0.079781
52 88 0.079639
52 89 0.079508
52 90 0.079388
52 91 0.079281
52 92 0.079186
52 93 0.079104
52 94 0.079035
52 95 0.078979
52 96 0.078938
52 97 0.078909
52 98 0.078895
52 99 0.078895

53 0 0.078782
53 1 0.078782
53 2 0.078799
53 3 0.078831
53 4 0.078878
53 5 0.078939
53 6 0.079015
53 7 0.079105
53 8 0.079209
53 9 0.079326
53 10 0.079456
53 11 0.079597
53 12 0.079750
53 13 0.079914
53 14 0.080088
53 15 0.080270
53 16 0.080462
53 17 0.080661
53 18 0.080867
53 19 0.081078
53 20 0.081295
53 21 0.081516
53 22 0.081740
53 23 0.081967
53 24 0.082194
53 25 0.082422
53 26 0.082650
53 27 0.082876
53 28 0.083099
53 29 0.083319
53 30 0.083535
53 31 0.083746
53 32 0.083951
53 33 0.084149
53 34 0.084339
53 35 0.084521
53 36 0.084694
53 37 0.084857
53 38 0.085009
53 39 0.085150
53 40 0.085280
53 41 0.085397
53 42 0.085502
53 43 0.085594
53 44 0.085672
53 45 0.085737
53 46 0.085788
53 47 0.085824
53 48 0.085846
53 49 0.085854
53 50 0.085848
53 51 0.085827
53 52 0.085792
53 53 0.085743
53 54 0.085680
53 55 0.085604
53 56 0.085514
53 57 0.085412
53 58 0.085297
53 59 0.085170
53 60 0.085031
53 61 0.084882
53 62 0.084723
53 63 0.084554
53 64 0.084376
53 65 0.084190
53 66 0.083997
53 67 0.083797
53 68 0.083591
53 69 0.083380
53 70 0.083165
53 71 0.082947
53 72 0.082727
53 73 0.082505
53 74 0.082283
53 75 0.082061
53 76 0.081840
53 77 0.081622
53 78 0.081406
53 79 0.081194
53 80 0.080987
53 81 0.080786
53 82 0.080591
53 83 0.080403
53 84 0.080223
53 85 0.080051
53 86 0.079889
53 87 0.079736
53 88 0.079594
53 89 0.079464
53 90 0.079344
53 91 0.079237
53 92 0.079142
53 93 0.079060
53 94 0.078991
53 95 0.078936
53 96 0.078894
53 97 0.078866
53 98 0.078852
53 99 0.078852

54 0 0.078722
54 1 0.078722
54 2 0.078738
54 3 0.078770
54 4 0.078817
54 5 0.078879
54 6 0.078955
54 7 0.079045
54 8 0.079149
54 9 0.079266
54 10 0.079395
54 11 0.079537
54 12 0.079690
54 13 0.079853
54 14 0.080027
54 15 0.080210
54 16 0.080401
54 17 0.080600
54 18 0.080805
54 19 0.081017
54 20 0.081233
54 21 0.081454
54 22 0.081678
54 23 0.081904
54 24 0.082131
54 25 0.082359
54 26 0.082586
54 27 0.082812
54 28 0.083035
54 29 0.083255
54 30 0.083471
54 31 0.083681
54 32 0.083886
54 33 0.084083
54 34 0.084273
54 35 0.084455
54 36 0.084627
54 37 0.084790
54 38 0.084942
54 39 0.085083
54 40 0.085213
54 41 0.085330
54 42 0.085435
54 43 0.085527
54 44 0.085605
54 45 0.085670
54 46 0.085720
54 47 0.085757
54 48 0.085779
54 49 0.085787
54 50 0.085781
54 51 0.085760
54 52 0.085725
54 53 0.085676
54 54 0.085613
54 55 0.085537
54 56 0.085448
54 57 0.085345
54 58 0.085230
54 59 0.085104
54 60 0.084966
54 61 0.084817
54 62 0.084658
54 63 0.084489
54 64 0.084311
54 65 0.084126
54 66 0.083933
54 67 0.083733
54 68 0.083528
54 69 0.083317
54 70 0.083103
54 71 0.082885
54 72 0.082665
54 73 0.082444
54 74 0.082222
54 75 0.082000
54 76 0.081780
54 77 0.081562
54 78 0.081346
54 79 0.081135
54 80 0.080928
54 81 0.080727
54 82 0.080532
54 83 0.080345
54 84 0.080165
54 85 0.079994
54 86 0.079831
54 87 0.079679
54 88 0.079538
54 89 0.079407
54 90 0.079288
54 91 0.079181
54 92 0.079086
54 93 0.079004
54 94 0.078935
54 95 0.078880
54 96 0.078838
54 97 0.078810
54 98 0.078796
54 99 0.078796

55 0 0.078648
55 1 0.078648
55 2 0.078665
55 3 0.078697
55 4 0.078744
55 5 0.078806
55 6 0.078882
55 7 0.078972
55 8 0.079076
55 9 0.079193
55 10 0.079322
55 11 0.079463
55 12 0.079616
55 13 0.079779
55 14 0.079953
55 15 0.080135
55 16 0.080326
55 17 0.080525
55 18 0.080730
55 19 0.080942
55 20 0.081158
55 21 0.081378
55 22 0.081602
55 23 0.081828
55 24 0.082055
55 25 0.082282
55 26 0.082509
55 27 0.082734
55 28 0.082957
55 29 0.083177
55 30 0.083392
55 31 0.083603
55 32 0.083807
55 33 0.084004
55 34 0.084194
55 35 0.084375
55 36 0.084548
55 37 0.084710
55 38 0.084862
55 39 0.085003
55 40 0.085133
55 41 0.085250
55 42 0.085354
55 43 0.085446
55 44 0.085524
55 45 0.085589
55 46 0.085639
55 47 0.085676
55 48 0.085698
55 49 0.085706
55 50 0.085700
55 51 0.085679
55 52 0.085644
55 53 0.085596
55 54 0.085533
55 55 0.085457
55 56 0.085368
55 57 0.085266
55 58 0.085151
55 59 0.085025
55 60 0.084887
55 61 0.084738
55 62 0.084579
55 63 0.084411
55 64 0.084234
55 65 0.084049
55 66 0.083856
55 67 0.083657
55 68 0.083452
55 69 0.083242
55 70 0.083028
55 71 0.082810
55 72 0.082591
55 73 0.082370
55 74 0.082148
55 75 0.081927
55 76 0.081707
55 77 0.081489
55 78 0.081274
55 79 0.081063
55 80 0.080857
55 81 0.080656
55 82 0.080462
55 83 0.080274
55 84 0.080095
55 85 0.079924
55 86 0.079762
55 87 0.079610
55 88 0.079469
55 89 0.079338
55 90 0.079219
55 91 0.079112
55 92 0.079018
55 93 0.078936
55 94 0.078867
55 95 0.078812
55 96 0.078770
55 97 0.078742
55 98 0.078727
55 99 0.078727

56 0 0.078561
56 1 0.078561
56 2 0.078578
56 3 0.078610
56 4 0.078657
56 5 0.078719
56 6 0.078796
56 7 0.078886
56 8 0.078989
56 9 0.079106
56 10 0.079236
56 11 0.079377
56 12 0.079529
56 13 0.079693
56 14 0.079866
56 15 0.080048
56 16 0.080239
56 17 0.080437
56 18 0.080643
56 19 0.080854
56 20 0.081070
56 21 0.081290
56 22 0.081513
56 23 0.081738
56 24 0.081965
56 25 0.082192
56 26 0.082419
56 27 0.082644
56 28 0.082867
56 29 0.083086
56 30 0.083301
56 31 0.083511
56 32 0.083715
56 33 0.083912
56 34 0.084102
56 35 0.084283
56 36 0.084455
56 37 0.084617
56 38 0.084769
56 39 0.084910
56 40 0.085039
56 41 0.085156
56 42 0.085261
56 43 0.085352
56 44 0.085430
56 45 0.085495
56 46 0.085545
56 47 0.085582
56 48 0.085604
56 49 0.085612
56 50 0.085606
56 51 0.085586
56 52 0.085551
56 53 0.085502
56 54 0.085440
56 55 0.085364
56 56 0.085275
56 57 0.085173
56 58 0.085059
56 59 0.084933
56 60 0.084795
56 61 0.084647
56 62 0.084488
56 63 0.084320
56 64 0.084144
56 65 0.083959
56 66 0.083766
56 67 0.083568
56 68 0.083363
56 69 0.083153
56 70 0.082940
56 71 0.082723
56 72 0.082504
56 73 0.082283
56 74 0.082062
56 75 0.081841
56 76 0.081622
56 77 0.081404
56 78 0.081190
56 79 0.080979
56 80 0.080773
56 81 0.080573
56 82 0.080379
56 83 0.080192
56 84 0.080013
56 85 0.079842
56 86 0.079680
56 87 0.079529
56 88 0.079387
56 89 0.079257
56 90 0.079138
56 91 0.079032
56 92 0.078937
56 93 0.078856
56 94 0.078787
56 95 0.078732
56 96 0.078690
56 97 0.078662
56 98 0.078647
56 99 0.078647

57 0 0.078461
57 1 0.078461
57 2 0.078478
57 3 0.078511
57 4 0.078558
57 5 0.078620
57 6 0.078697
57 7 0.078787
57 8 0.078891
57 9 0.079007
57 10 0.079137
57 11 0.079278
57 12 0.079430
57 13 0.079593
57 14 0.079766
57 15 0.079949
57 16 0.080139
57 17 0.080337
57 18 0.080542
57 19 0.080753
57 20 0.080969
57 21 0.081189
57 22 0.081411
57 23 0.081637
57 24 0.081863
57 25 0.082090
57 26 0.082316
57 27 0.082541
57 28 0.082763
57 29 0.082982
57 30 0.083197
57 31 0.083407
57 32 0.083610
57 33 0.083807
57 34 0.083997
57 35 0.084178
57 36 0.084349
57 37 0.084511
57 38 0.084663
57 39 0.084804
57 40 0.084933
57 41 0.085050
57 42 0.085154
57 43 0.085245
57 44 0.085324
57 45 0.085388
57 46 0.085439
57 47 0.085475
57 48 0.085498
57 49 0.085506
57 50 0.085500
57 51 0.085479
57 52 0.085445
57 53 0.085396
57 54 0.085334
57 55 0.085258
57 56 0.085170
57 57 0.085068
57 58 0.084954
57 59 0.084828
57 60 0.084691
57 61 0.084543
57 62 0.084385
57 63 0.084217
57 64 0.084041
57 65 0.083857
57 66 0.083665
57 67 0.083466
57 68 0.083262
57 69 0.083053
57 70 0.082840
57 71 0.082624
57 72 0.082405
57 73 0.082185
57 74 0.081964
57 75 0.081744
57 76 0.081525
57 77 0.081308
57 78 0.081094
57 79 0.080883
57 80 0.080678
57 81 0.080478
57 82 0.080284
57 83 0.080098
57 84 0.079919
57 85 0.079748
57 86 0.079587
57 87 0.079436
57 88 0.079295
57 89 0.079165
57 90 0.079046
57 91 0.078940
57 92 0.078845
57 93 0.078764
57 94 0.078695
57 95 0.078640
57 96 0.078598
57 97 0.078570
57 98 0.078555
57 99 0.078555

58 0 0.078348
58 1 0.078348
58 2 0.078366
58 3 0.078399
58 4 0.078447
58 5 0.078509
58 6 0.078585
58 7 0.078676
58 8 0.078780
58 9 0.078896
58 10 0.079026
58 11 0.079167
58 12 0.079319
58 13 0.079482
58 14 0.079655
58 15 0.079837
58 16 0.080027
58 17 0.080225
58 18 0.080430
58 19 0.080640
58 20 0.080856
58 21 0.081075
58 22 0.081298
58 23 0.081523
58 24 0.081749
58 25 0.080868
58 26 0.081006
58 27 0.081143
58 28 0.081278
58 29 0.081411
58 30 0.081542
58 31 0.081669
58 32 0.081793
58 33 0.081913
58 34 0.082029
58 35 0.082139
58 36 0.082243
58 37 0.082342
58 38 0.082435
58 39 0.082520
58 40 0.082599
58 41 0.082670
58 42 0.082734
58 43 0.082790
58 44 0.082837
58 45 0.082877
58 46 0.082908
58 47 0.082930
58 48 0.082944
58 49 0.082949
58 50 0.082946
58 51 0.082933
58 52 0.082913
58 53 0.082883
58 54 0.082846
58 55 0.082800
58 56 0.082746
58 57 0.082684
58 58 0.082615
58 59 0.082539
58 60 0.082455
58 61 0.082365
58 62 0.082269
58 63 0.082167
58 64 0.082060
58 65 0.081948
58 66 0.081831
58 67 0.081711
58 68 0.081587
58 69 0.081460
58 70 0.081330
58 71 0.081199
58 72 0.081066
58 73 0.080932
58 74 0.080798
58 75 0.080664
58 76 0.080531
58 77 0.080399
58 78 0.080269
58 79 0.080141
58 80 0.080017
58 81 0.079895
58 82 0.079778
58 83 0.079665
58 84 0.079557
58 85 0.079454
58 86 0.079356
58 87 0.079265
58 88 0.079180
58 89 0.079102
58 90 0.079031
58 91 0.078968
58 92 0.078912
58 93 0.078864
58 94 0.078824
58 95 0.078792
58 96 0.078769
58 97 0.078753
58 98 0.078746
58 99 0.078746

59 0 0.078595
59 1 0.078595
59 2 0.078605
59 3 0.078624
59 4 0.078653
59 5 0.078689
59 6 0.078735
59 7 0.078789
59 8 0.078852
59 9 0.078922
59 10 0.079000
59 11 0.079085
59 12 0.079178
59 13 0.079276
59 14 0.079381
59 15 0.079491
59 16 0.079607
59 17 0.079727
59 18 0.079851
59 19 0.079979
59 20 0.080110
59 21 0.080244
59 22 0.080379
59 23 0.080516
59 24 0.080653
59 25 0.080791
59 26 0.080929
59 27 0.081065
59 28 0.081201
59 29 0.081334
59 30 0.081464
59 31 0.081592
59 32 0.081716
59 33 0.081836
59 34 0.081951
59 35 0.082061
59 36 0.082166
59 37 0.082264
59 38 0.082357
59 39 0.082442
59 40 0.082521
59 41 0.082592
59 42 0.082656
59 43 0.082712
59 44 0.082759
59 45 0.082799
59 46 0.082830
59 47 0.082852
59 48 0.082866
59 49 0.082871
59 50 0.082868
59 51 0.082856
59 52 0.082835
59 53 0.082806
59 54 0.082768
59 55 0.082722
59 56 0.082669
59 57 0.082607
59 58 0.082538
59 59 0.082462
59 60 0.082379
59 61 0.082289
59 62 0.082193
59 63 0.082091
59 64 0.081984
59 65 0.081872
59 66 0.081756
59 67 0.081636
59 68 0.081512
59 69 0.081385
59 70 0.081255
59 71 0.081124
59 72 0.080991
59 73 0.080858
59 74 0.080724
59 75 0.080590
59 76 0.080457
59 77 0.080326
59 78 0.080196
59 79 0.080069
59 80 0.079944
59 81 0.079823
59 82 0.079706
59 83 0.079593
59 84 0.079485
59 85 0.079382
59 86 0.079285
59 87 0.079194
59 88 0.079109
59 89 0.079032
59 90 0.078961
59 91 0.078898
59 92 0.078842
59 93 0.078794
59 94 0.078754
59 95 0.078722
59 96 0.078699
59 97 0.078684
59 98 0.078677
59 99 0.078677

60 0 0.078511
60 1 0.078511
60 2 0.078522
60 3 0.078541
60 4 0.078569
60 5 0.078606
60 6 0.078652
60 7 0.078706
60 8 0.078769
60 9 0.078839
60 10 0.078917
60 11 0.079002
60 12 0.079095
60 13 0.079193
60 14 0.079298
60 15 0.079408
60 16 0.079524
60 17 0.079644
60 18 0.079768
60 19 0.079896
60 20 0.080027
60 21 0.080160
60 22 0.080295
60 23 0.080432
60 24 0.080570
60 25 0.080707
60 26 0.080845
60 27 0.080981
60 28 0.081116
60 29 0.081249
60 30 0.081380
60 31 0.081507
60 32 0.081631
60 33 0.081751
60 34 0.081866
60 35 0.081976
60 36 0.082081
60 37 0.082179
60 38 0.082272
60 39 0.082357
60 40 0.082436
60 41 0.082507
60 42 0.082571
60 43 0.082626
60 44 0.082674
60 45 0.082714
60 46 0.082745
60 47 0.082767
60 48 0.082781
60 49 0.082786
60 50 0.082783
60 51 0.082771
60 52 0.082750
60 53 0.082721
60 54 0.082684
60 55 0.082638
60 56 0.082584
60 57 0.082523
60 58 0.082454
60 59 0.082378
60 60 0.082295
60 61 0.082206
60 62 0.082110
60 63 0.082008
60 64 0.081902
60 65 0.081790
60 66 0.081674
60 67 0.081553
60 68 0.081430
60 69 0.081303
60 70 0.081174
60 71 0.081043
60 72 0.080911
60 73 0.080777
60 74 0.080644
60 75 0.080510
60 76 0.080377
60 77 0.080246
60 78 0.080117
60 79 0.079989
60 80 0.079865
60 81 0.079744
60 82 0.079627
60 83 0.079515
60 84 0.079407
60 85 0.079304
60 86 0.079207
60 87 0.079116
60 88 0.079032
60 89 0.078954
60 90 0.078884
60 91 0.078821
60 92 0.078765
60 93 0.078717
60 94 0.078678
60 95 0.078646
60 96 0.078623
60 97 0.078608
60 98 0.078602
60 99 0.078602

61 0 0.078421
61 1 0.078421
61 2 0.078432
61 3 0.078451
61 4 0.078479
61 5 0.078516
61 6 0.078562
61 7 0.078617
61 8 0.078679
61 9 0.078749
61 10 0.078827
61 11 0.078913
61 12 0.079005
61 13 0.079104
61 14 0.079208
61 15 0.079318
61 16 0.079434
61 17 0.079554
61 18 0.079678
61 19 0.079806
61 20 0.079937
61 21 0.080070
61 22 0.080205
61 23 0.080342
61 24 0.080479
61 25 0.080617
61 26 0.080754
61 27 0.080890
61 28 0.081025
61 29 0.081158
61 30 0.081289
61 31 0.081416
61 32 0.081540
61 33 0.081659
61 34 0.081775
61 35 0.081884
61 36 0.081989
61 37 0.082088
61 38 0.082180
61 39 0.082265
61 40 0.082344
61 41 0.082415
61 42 0.082479
61 43 0.082535
61 44 0.082582
61 45 0.082622
61 46 0.082653
61 47 0.082675
61 48 0.082689
61 49 0.082695
61 50 0.082691
61 51 0.082679
61 52 0.082659
61 53 0.082630
61 54 0.082593
61 55 0.082547
61 56 0.082494
61 57 0.082432
61 58 0.082364
61 59 0.082288
61 60 0.082205
61 61 0.082116
61 62 0.082020
61 63 0.081919
61 64 0.081812
61 65 0.081701
61 66 0.081585
61 67 0.081465
61 68 0.081342
61 69 0.081215
61 70 0.081086
61 71 0.080955
61 72 0.080823
61 73 0.080690
61 74 0.080557
61 75 0.080424
61 76 0.080291
61 77 0.080160
61 78 0.080031
61 79 0.079904
61 80 0.079780
61 81 0.079659
61 82 0.079542
61 83 0.079430
61 84 0.079322
61 85 0.079220
61 86 0.079123
61 87 0.079033
61 88 0.078948
61 89 0.078871
61 90 0.078801
61 91 0.078738
61 92 0.078682
61 93 0.078635
61 94 0.078595
61 95 0.078564
61 96 0.078541
61 97 0.078526
61 98 0.078520
61 99 0.078520

62 0 0.078324
62 1 0.078324
62 2 0.078336
62 3 0.078355
62 4 0.078383
62 5 0.078420
62 6 0.078466
62 7 0.078520
62 8 0.078583
62 9 0.078653
62 10 0.078731
62 11 0.078817
62 12 0.078909
62 13 0.079007
62 14 0.079112
62 15 0.079222
62 16 0.079338
62 17 0.079458
62 18 0.079582
62 19 0.079709
62 20 0.079840
62 21 0.079973
62 22 0.080108
62 23 0.080245
62 24 0.080382
62 25 0.080520
62 26 0.080657
62 27 0.080793
62 28 0.080928
62 29 0.081061
62 30 0.081191
62 31 0.081319
62 32 0.081442
62 33 0.081562
62 34 0.081677
62 35 0.081787
62 36 0.081891
62 37 0.081990
62 38 0.082082
62 39 0.082167
62 40 0.082246
62 41 0.082317
62 42 0.082381
62 43 0.082437
62 44 0.082484
62 45 0.082524
62 46 0.082555
62 47 0.082578
62 48 0.082592
62 49 0.082597
62 50 0.082594
62 51 0.082582
62 52 0.082561
62 53 0.082533
62 54 0.082495
62 55 0.082450
62 56 0.082397
62 57 0.082336
62 58 0.082267
62 59 0.082191
62 60 0.082109
62 61 0.082020
62 62 0.081925
62 63 0.081823
62 64 0.081717
62 65 0.081606
62 66 0.081490
62 67 0.081370
62 68 0.081247
62 69 0.081121
62 70 0.080992
62 71 0.080862
62 72 0.080730
62 73 0.080597
62 74 0.080464
62 75 0.080331
62 76 0.080199
62 77 0.080068
62 78 0.079939
62 79 0.079812
62 80 0.079689
62 81 0.079568
62 82 0.079452
62 83 0.079339
62 84 0.079232
62 85 0.079130
62 86 0.079033
62 87 0.078943
62 88 0.078859
62 89 0.078782
62 90 0.078712
62 91 0.078649
62 92 0.078594
62 93 0.078546
62 94 0.078507
62 95 0.078476
62 96 0.078453
62 97 0.078439
62 98 0.078432
62 99 0.078432

63 0 0.078222
63 1 0.078222
63 2 0.078233
63 3 0.078252
63 4 0.078280
63 5 0.078318
63 6 0.078364
63 7 0.078418
63 8 0.078481
63 9 0.078551
63 10 0.078629
63 11 0.078715
63 12 0.078807
63 13 0.078905
63 14 0.079010
63 15 0.079120
63 16 0.079235
63 17 0.079355
63 18 0.079479
63 19 0.079607
63 20 0.079738
63 21 0.079871
63 22 0.080006
63 23 0.080142
63 24 0.080279
63 25 0.080417
63 26 0.080554
63 27 0.080690
63 28 0.080825
63 29 0.080958
63 30 0.081088
63 31 0.081215
63 32 0.081339
63 33 0.081458
63 34 0.081573
63 35 0.081683
63 36 0.081787
63 37 0.081886
63 38 0.081978
63 39 0.082064
63 40 0.082142
63 41 0.082213
63 42 0.082277
63 43 0.082333
63 44 0.082380
63 45 0.082420
63 46 0.082451
63 47 0.082474
63 48 0.082488
63 49 0.082493
63 50 0.082490
63 51 0.082478
63 52 0.082458
63 53 0.082429
63 54 0.082392
63 55 0.082347
63 56 0.082294
63 57 0.082233
63 58 0.082165
63 59 0.082089
63 60 0.082007
63 61 0.081918
63 62 0.081823
63 63 0.081722
63 64 0.081616
63 65 0.081505
63 66 0.081390
63 67 0.081270
63 68 0.081147
63 69 0.081021
63 70 0.080893
63 71 0.080763
63 72 0.080631
63 73 0.080499
63 74 0.080366
63 75 0.080233
63 76 0.080101
63 77 0.079971
63 78 0.079842
63 79 0.079715
63 80 0.079592
63 81 0.079472
63 82 0.079355
63 83 0.079243
63 84 0.079136
63 85 0.079034
63 86 0.078938
63 87 0.078848
63 88 0.078764
63 89 0.078687
63 90 0.078617
63 91 0.078554
63 92 0.078499
63 93 0.078452
63 94 0.078413
63 95 0.078382
63 96 0.078359
63 97 0.078345
63 98 0.078339
63 99 0.078339

64 0 0.078113
64 1 0.078113
64 2 0.078124
64 3 0.078144
64 4 0.078172
64 5 0.078210
64 6 0.078256
64 7 0.078310
64 8 0.078373
64 9 0.078443
64 10 0.078522
64 11 0.078607
64 12 0.078699
64 13 0.078798
64 14 0.078902
64 15 0.079013
64 16 0.079128
64 17 0.079248
64 18 0.079372
64 19 0.079499
64 20 0.079630
64 21 0.079763
64 22 0.079898
64 23 0.080034
64 24 0.080171
64 25 0.080309
64 26 0.080446
64 27 0.080582
64 28 0.080716
64 29 0.080849
64 30 0.080979
64 31 0.081106
64 32 0.081230
64 33 0.081349
64 34 0.081464
64 35 0.081574
64 36 0.081678
64 37 0.081777
64 38 0.081869
64 39 0.081954
64 40 0.082033
64 41 0.082104
64 42 0.082168
64 43 0.082223
64 44 0.082271
64 45 0.082311
64 46 0.082342
64 47 0.082365
64 48 0.082379
64 49 0.082384
64 50 0.082381
64 51 0.082370
64 52 0.082350
64 53 0.082321
64 54 0.082284
64 55 0.082239
64 56 0.082186
64 57 0.082125
64 58 0.082057
64 59 0.081982
64 60 0.081900
64 61 0.081811
64 62 0.081716
64 63 0.081616
64 64 0.081510
64 65 0.081399
64 66 0.081284
64 67 0.081165
64 68 0.081042
64 69 0.080916
64 70 0.080788
64 71 0.080658
64 72 0.080527
64 73 0.080395
64 74 0.080262
64 75 0.080130
64 76 0.079998
64 77 0.079868
64 78 0.079739
64 79 0.079613
64 80 0.079490
64 81 0.079370
64 82 0.079254
64 83 0.079142
64 84 0.079035
64 85 0.078934
64 86 0.078837
64 87 0.078747
64 88 0.078664
64 89 0.078587
64 90 0.078517
64 91 0.078455
64 92 0.078400
64 93 0.078353
64 94 0.078314
64 95 0.078283
64 96 0.078260
64 97 0.078246
64 98 0.078241
64 99 0.078241

65 0 0.077999
65 1 0.077999
65 2 0.078010
65 3 0.078030
65 4 0.078059
65 5 0.078096
65 6 0.078142
65 7 0.078197
65 8 0.078260
65 9 0.078331
65 10 0.078409
65 11 0.078494
65 12 0.078586
65 13 0.078685
65 14 0.078790
65 15 0.078900
65 16 0.079015
65 17 0.079135
65 18 0.079259
65 19 0.079386
65 20 0.079517
65 21 0.079650
65 22 0.079785
65 23 0.079921
65 24 0.080058
65 25 0.080195
65 26 0.080332
65 27 0.080468
65 28 0.080603
65 29 0.080735
65 30 0.080865
65 31 0.080992
65 32 0.081116
65 33 0.081235
65 34 0.081350
65 35 0.081460
65 36 0.081564
65 37 0.081662
65 38 0.081754
65 39 0.081840
65 40 0.081918
65 41 0.081990
65 42 0.082053
65 43 0.082109
65 44 0.082157
65 45 0.082196
65 46 0.082228
65 47 0.082251
65 48 0.082265
65 49 0.082270
65 50 0.082267
65 51 0.082256
65 52 0.082236
65 53 0.082208
65 54 0.082171
65 55 0.082126
65 56 0.082073
65 57 0.082013
65 58 0.081945
65 59 0.081870
65 60 0.081788
65 61 0.081699
65 62 0.081605
65 63 0.081504
65 64 0.081399
65 65 0.081288
65 66 0.081173
65 67 0.081054
65 68 0.080932
65 69 0.080807
65 70 0.080679
65 71 0.080549
65 72 0.080418
65 73 0.080286
65 74 0.080154
65 75 0.080022
65 76 0.079890
65 77 0.079760
65 78 0.079632
65 79 0.079506
65 80 0.079383
65 81 0.079263
65 82 0.079148
65 83 0.079036
65 84 0.078929
65 85 0.078828
65 86 0.078732
65 87 0.078642
65 88 0.078559
65 89 0.078482
65 90 0.078413
65 91 0.078350
65 92 0.078296
65 93 0.078249
65 94 0.078210
65 95 0.078179
65 96 0.078157
65 97 0.078143
65 98 0.078137
65 99 0.078137

66 0 0.077879
66 1 0.077879
66 2 0.077891
66 3 0.077911
66 4 0.077940
66 5 0.077978
66 6 0.078025
66 7 0.078079
66 8 0.078142
66 9 0.078213
66 10 0.078291
66 11 0.078377
66 12 0.078469
66 13 0.078568
66 14 0.078672
66 15 0.078783
66 16 0.078898
66 17 0.079018
66 18 0.079141
66 19 0.079269
66 20 0.079399
66 21 0.079532
66 22 0.079667
66 23 0.079803
66 24 0.079940
66 25 0.080077
66 26 0.080214
66 27 0.080350
66 28 0.080485
66 29 0.080617
66 30 0.080747
66 31 0.080874
66 32 0.080997
66 33 0.081117
66 34 0.081231
66 35 0.081341
66 36 0.081445
66 37 0.081544
66 38 0.081636
66 39 0.081721
66 40 0.081800
66 41 0.081871
66 42 0.081934
66 43 0.081990
66 44 0.082038
66 45 0.082078
66 46 0.082109
66 47 0.082132
66 48 0.082146
66 49 0.082152
66 50 0.082149
66 51 0.082138
66 52 0.082118
66 53 0.082090
66 54 0.082053
66 55 0.082008
66 56 0.081956
66 57 0.081895
66 58 0.081828
66 59 0.081753
66 60 0.081671
66 61 0.081583
66 62 0.081489
66 63 0.081388
66 64 0.081283
66 65 0.081173
66 66 0.081058
66 67 0.080940
66 68 0.080817
66 69 0.080692
66 70 0.080565
66 71 0.080435
66 72 0.080305
66 73 0.080173
66 74 0.080041
66 75 0.079909
66 76 0.079778
66 77 0.079648
66 78 0.079520
66 79 0.079395
66 80 0.079272
66 81 0.079153
66 82 0.079037
66 83 0.078926
66 84 0.078819
66 85 0.078718
66 86 0.078623
66 87 0.078533
66 88 0.078450
66 89 0.078373
66 90 0.078304
66 91 0.078242
66 92 0.078187
66 93 0.078141
66 94 0.078102
66 95 0.078071
66 96 0.078048
66 97 0.078035
66 98 0.078029
66 99 0.078029

67 0 0.077755
67 1 0.077755
67 2 0.077768
67 3 0.077788
67 4 0.077817
67 5 0.077856
67 6 0.077902
67 7 0.077957
67 8 0.078021
67 9 0.078091
67 10 0.078170
67 11 0.078255
67 12 0.078348
67 13 0.078446
67 14 0.078551
67 15 0.078661
67 16 0.078776
67 17 0.078896
67 18 0.079020
67 19 0.079147
67 20 0.079278
67 21 0.079410
67 22 0.079545
67 23 0.079681
67 24 0.079818
67 25 0.079955
67 26 0.080092
67 27 0.080228
67 28 0.080362
67 29 0.080495
67 30 0.080625
67 31 0.080751
67 32 0.080875
67 33 0.080994
67 34 0.081109
67 35 0.081218
67 36 0.081322
67 37 0.081421
67 38 0.081513
67 39 0.081598
67 40 0.081677
67 41 0.081748
67 42 0.081811
67 43 0.081867
67 44 0.081915
67 45 0.081955
67 46 0.081986
67 47 0.082009
67 48 0.082024
67 49 0.082030
67 50 0.082027
67 51 0.082016
67 52 0.081996
67 53 0.081968
67 54 0.081931
67 55 0.081887
67 56 0.081834
67 57 0.081774
67 58 0.081707
67 59 0.081632
67 60 0.081551
67 61 0.081463
67 62 0.081369
67 63 0.081269
67 64 0.081164
67 65 0.081054
67 66 0.080939
67 67 0.080821
67 68 0.080699
67 69 0.080574
67 70 0.080447
67 71 0.080318
67 72 0.080187
67 73 0.080056
67 74 0.079924
67 75 0.079793
67 76 0.079662
67 77 0.079533
67 78 0.079405
67 79 0.079280
67 80 0.079157
67 81 0.079038
67 82 0.078923
67 83 0.078812
67 84 0.078706
67 85 0.078605
67 86 0.078509
67 87 0.078420
67 88 0.078337
67 89 0.078261
67 90 0.078191
67 91 0.078129
67 92 0.078075
67 93 0.078028
67 94 0.077989
67 95 0.077959
67 96 0.077936
67 97 0.077922
67 98 0.077917
67 99 0.077917

68 0 0.077627
68 1 0.077627
68 2 0.077640
68 3 0.077661
68 4 0.077691
68 5 0.077729
68 6 0.077776
68 7 0.077832
68 8 0.077895
68 9 0.077966
68 10 0.078044
68 11 0.078130
68 12 0.078222
68 13 0.078321
68 14 0.078426
68 15 0.078536
68 16 0.078651
68 17 0.078771
68 18 0.078895
68 19 0.079022
68 20 0.079152
68 21 0.079285
68 22 0.079420
68 23 0.079556
68 24 0.079692
68 25 0.079830
68 26 0.079966
68 27 0.080102
68 28 0.080236
68 29 0.080369
68 30 0.080499
68 31 0.080625
68 32 0.080748
68 33 0.080868
68 34 0.080982
68 35 0.081092
68 36 0.081196
68 37 0.081294
68 38 0.081386
68 39 0.081472
68 40 0.081550
68 41 0.081621
68 42 0.081685
68 43 0.081741
68 44 0.081789
68 45 0.081829
68 46 0.081860
68 47 0.081883
68 48 0.081898
68 49 0.081903
68 50 0.081901
68 51 0.081890
68 52 0.081870
68 53 0.081842
68 54 0.081806
68 55 0.081762
68 56 0.081709
68 57 0.081650
68 58 0.081582
68 59 0.081508
68 60 0.081427
68 61 0.081339
68 62 0.081245
68 63 0.081145
68 64 0.081041
68 65 0.080931
68 66 0.080817
68 67 0.080699
68 68 0.080577
68 69 0.080453
68 70 0.080326
68 71 0.080197
68 72 0.080067
68 73 0.079936
68 74 0.079804
68 75 0.079673
68 76 0.079543
68 77 0.079413
68 78 0.079286
68 79 0.079161
68 80 0.079039
68 81 0.078920
68 82 0.078805
68 83 0.078694
68 84 0.078588
68 85 0.078488
68 86 0.078392
68 87 0.078303
68 88 0.078220
68 89 0.078144
68 90 0.078075
68 91 0.078013
68 92 0.077959
68 93 0.077913
68 94 0.077874
68 95 0.077843
68 96 0.077821
68 97 0.077807
68 98 0.077800
68 99 0.077800

69 0 0.077495
69 1 0.077495
69 2 0.077509
69 3 0.077531
69 4 0.077561
69 5 0.077600
69 6 0.077647
69 7 0.077703
69 8 0.077766
69 9 0.077837
69 10 0.077916
69 11 0.078002
69 12 0.078094
69 13 0.078193
69 14 0.078298
69 15 0.078408
69 16 0.078523
69 17 0.078643
69 18 0.078766
69 19 0.078894
69 20 0.079024
69 21 0.079157
69 22 0.079291
69 23 0.079427
69 24 0.079564
69 25 0.079701
69 26 0.079837
69 27 0.079973
69 28 0.080107
69 29 0.080240
69 30 0.080369
69 31 0.080496
69 32 0.080619
69 33 0.080738
69 34 0.080853
69 35 0.080962
69 36 0.081066
69 37 0.081165
69 38 0.081257
69 39 0.081342
69 40 0.081420
69 41 0.081492
69 42 0.081555
69 43 0.081611
69 44 0.081659
69 45 0.081699
69 46 0.081731
69 47 0.081754
69 48 0.081768
69 49 0.081774
69 50 0.081772
69 51 0.081761
69 52 0.081742
69 53 0.081714
69 54 0.081678
69 55 0.081633
69 56 0.081581
69 57 0.081522
69 58 0.081455
69 59 0.081380
69 60 0.081299
69 61 0.081212
69 62 0.081118
69 63 0.081019
69 64 0.080915
69 65 0.080805
69 66 0.080691
69 67 0.080574
69 68 0.080452
69 69 0.080328
69 70 0.080202
69 71 0.080073
69 72 0.079943
69 73 0.079812
69 74 0.079681
69 75 0.079550
69 76 0.079420
69 77 0.079291
69 78 0.079164
69 79 0.079039
69 80 0.078918
69 81 0.078799
69 82 0.078684
69 83 0.078574
69 84 0.078468
69 85 0.078368
69 86 0.078273
69 87 0.078184
69 88 0.078101
69 89 0.078025
69 90 0.077956
69 91 0.077895
69 92 0.077840
69 93 0.077794
69 94 0.077755
69 95 0.077725
69 96 0.077702
69 97 0.077688
69 98 0.077681
69 99 0.077681

70 0 0.077361
70 1 0.077361
70 2 0.077376
70 3 0.077398
70 4 0.077429
70 5 0.077468
70 6 0.077515
70 7 0.077571
70 8 0.077635
70 9 0.077706
70 10 0.077785
70 11 0.077871
70 12 0.077963
70 13 0.078062
70 14 0.078167
70 15 0.078277
70 16 0.078392
70 17 0.078512
70 18 0.078635
70 19 0.078763
70 20 0.078893
70 21 0.079025
70 22 0.079160
70 23 0.079296
70 24 0.079433
70 25 0.079569
70 26 0.079706
70 27 0.079842
70 28 0.079976
70 29 0.080108
70 30 0.080238
70 31 0.080364
70 32 0.080487
70 33 0.080606
70 34 0.080721
70 35 0.080830
70 36 0.080934
70 37 0.081033
70 38 0.081125
70 39 0.081210
70 40 0.081288
70 41 0.081360
70 42 0.081423
70 43 0.081479
70 44 0.081527
70 45 0.081567
70 46 0.081599
70 47 0.081622
70 48 0.081637
70 49 0.081643
70 50 0.081641
70 51 0.081630
70 52 0.081610
70 53 0.081583
70 54 0.081547
70 55 0.081503
70 56 0.081451
70 57 0.081392
70 58 0.081325
70 59 0.081251
70 60 0.081170
70 61 0.081083
70 62 0.080989
70 63 0.080890
70 64 0.080786
70 65 0.080677
70 66 0.080563
70 67 0.080446
70 68 0.080325
70 69 0.080201
70 70 0.080075
70 71 0.079947
70 72 0.079817
70 73 0.079687
70 74 0.079556
70 75 0.079425
70 76 0.079295
70 77 0.079167
70 78 0.079040
70 79 0.078915
70 80 0.078794
70 81 0.078676
70 82 0.078561
70 83 0.078451
70 84 0.078345
70 85 0.078245
70 86 0.078150
70 87 0.078062
70 88 0.077979
70 89 0.077904
70 90 0.077835
70 91 0.077773
70 92 0.077719
70 93 0.077673
70 94 0.077634
70 95 0.077604
70 96 0.077581
70 97 0.077567
70 98 0.077561
70 99 0.077561

71 0 0.077225
71 1 0.077225
71 2 0.077240
71 3 0.077263
71 4 0.077294
71 5 0.077333
71 6 0.077381
71 7 0.077437
71 8 0.077501
71 9 0.077573
71 10 0.077652
71 11 0.077738
71 12 0.077830
71 13 0.077929
71 14 0.078034
71 15 0.078144
71 16 0.078259
71 17 0.078379
71 18 0.078502
71 19 0.078630
71 20 0.078760
71 21 0.078892
71 22 0.079027
71 23 0.079163
71 24 0.079299
71 25 0.079436
71 26 0.079573
71 27 0.079708
71 28 0.079842
71 29 0.079974
71 30 0.080104
71 31 0.080230
71 32 0.080353
71 33 0.080472
71 34 0.080587
71 35 0.080696
71 36 0.080800
71 37 0.080898
71 38 0.080990
71 39 0.081076
71 40 0.081154
71 41 0.081226
71 42 0.081289
71 43 0.081345
71 44 0.081393
71 45 0.081433
71 46 0.081465
71 47 0.081488
71 48 0.081503
71 49 0.081509
71 50 0.081507
71 51 0.081496
71 52 0.081477
71 53 0.081450
71 54 0.081414
71 55 0.081370
71 56 0.081319
71 57 0.081259
71 58 0.081193
71 59 0.081119
71 60 0.081038
71 61 0.080952
71 62 0.080858
71 63 0.080760
71 64 0.080656
71 65 0.080547
71 66 0.080434
71 67 0.080316
71 68 0.080196
71 69 0.080072
71 70 0.079946
71 71 0.079818
71 72 0.079689
71 73 0.079559
71 74 0.079428
71 75 0.079298
71 76 0.079168
71 77 0.079040
71 78 0.078914
71 79 0.078790
71 80 0.078668
71 81 0.078550
71 82 0.078436
71 83 0.078326
71 84 0.078221
71 85 0.078121
71 86 0.078026
71 87 0.077938
71 88 0.077856
71 89 0.077780
71 90 0.077711
71 91 0.077650
71 92 0.077596
71 93 0.077550
71 94 0.077511
71 95 0.077481
71 96 0.077458
71 97 0.077444
71 98 0.077438
71 99 0.077438

72 0 0.077087
72 1 0.077087
72 2 0.077103
72 3 0.077126
72 4 0.077158
72 5 0.077198
72 6 0.077246
72 7 0.077302
72 8 0.077366
72 9 0.077438
72 10 0.077517
72 11 0.077603
72 12 0.077695
72 13 0.077794
72 14 0.077899
72 15 0.078009
72 16 0.078125
72 17 0.078244
72 18 0.078368
72 19 0.078495
72 20 0.078625
72 21 0.078758
72 22 0.078892
72 23 0.079028
72 24 0.079164
72 25 0.079301
72 26 0.079438
72 27 0.079573
72 28 0.079707
72 29 0.079839
72 30 0.079969
72 31 0.080095
72 32 0.080218
72 33 0.080337
72 34 0.080451
72 35 0.080561
72 36 0.080665
72 37 0.080763
72 38 0.080855
72 39 0.080940
72 40 0.081019
72 41 0.081090
72 42 0.081154
72 43 0.081210
72 44 0.081258
72 45 0.081298
72 46 0.081330
72 47 0.081353
72 48 0.081368
72 49 0.081374
72 50 0.081372
72 51 0.081362
72 52 0.081343
72 53 0.081315
72 54 0.081280
72 55 0.081236
72 56 0.081185
72 57 0.081126
72 58 0.081059
72 59 0.080986
72 60 0.080906
72 61 0.080819
72 62 0.080726
72 63 0.080628
72 64 0.080524
72 65 0.080415
72 66 0.080302
72 67 0.080185
72 68 0.080065
72 69 0.079942
72 70 0.079816
72 71 0.079689
72 72 0.079560
72 73 0.079430
72 74 0.079300
72 75 0.079170
72 76 0.079040
72 77 0.078912
72 78 0.078786
72 79 0.078662
72 80 0.078541
72 81 0.078423
72 82 0.078309
72 83 0.078200
72 84 0.078095
72 85 0.077995
72 86 0.077901
72 87 0.077812
72 88 0.077730
72 89 0.077655
72 90 0.077587
72 91 0.077525
72 92 0.077472
72 93 0.077425
72 94 0.077387
72 95 0.077357
72 96 0.077334
72 97 0.077320
72 98 0.077314
72 99 0.077314

73 0 0.076949
73 1 0.076949
73 2 0.076965
73 3 0.076989
73 4 0.077020
73 5 0.077061
73 6 0.077109
73 7 0.077166
73 8 0.077230
73 9 0.077302
73 10 0.077381
73 11 0.077467
73 12 0.077560
73 13 0.077659
73 14 0.077764
73 15 0.077874
73 16 0.077989
73 17 0.078109
73 18 0.078232
73 19 0.078360
73 20 0.078490
73 21 0.078622
73 22 0.078757
73 23 0.078892
73 24 0.079029
73 25 0.079165
73 26 0.079302
73 27 0.079437
73 28 0.079571
73 29 0.079703
73 30 0.079833
73 31 0.079959
73 32 0.080082
73 33 0.080201
73 34 0.080315
73 35 0.080424
73 36 0.080528
73 37 0.080626
73 38 0.080718
73 39 0.080804
73 40 0.080882
73 41 0.080953
73 42 0.081017
73 43 0.081073
73 44 0.081122
73 45 0.081162
73 46 0.081193
73 47 0.081217
73 48 0.081232
73 49 0.081238
73 50 0.081236
73 51 0.081226
73 52 0.081207
73 53 0.081180
73 54 0.081145
73 55 0.081101
73 56 0.081050
73 57 0.080991
73 58 0.080925
73 59 0.080852
73 60 0.080772
73 61 0.080685
73 62 0.080593
73 63 0.080495
73 64 0.080391
73 65 0.080283
73 66 0.080170
73 67 0.080054
73 68 0.079934
73 69 0.079811
73 70 0.079685
73 71 0.079558
73 72 0.079429
73 73 0.079300
73 74 0.079170
73 75 0.079040
73 76 0.078911
73 77 0.078783
73 78 0.078658
73 79 0.078534
73 80 0.078413
73 81 0.078296
73 82 0.078182
73 83 0.078073
73 84 0.077968
73 85 0.077868
73 86 0.077774
73 87 0.077686
73 88 0.077604
73 89 0.077529
73 90 0.077461
73 91 0.077400
73 92 0.077346
73 93 0.077300
73 94 0.077262
73 95 0.077231
73 96 0.077209
73 97 0.077195
73 98 0.077189
73 99 0.077189

74 0 0.076810
74 1 0.076810
74 2 0.076827
74 3 0.076851
74 4 0.076883
74 5 0.076923
74 6 0.076972
74 7 0.077029
74 8 0.077093
74 9 0.077165
74 10 0.077245
74 11 0.077331
74 12 0.077424
74 13 0.077523
74 14 0.077628
74 15 0.077738
74 16 0.077853
74 17 0.077973
74 18 0.078097
74 19 0.078224
74 20 0.078354
74 21 0.078486
74 22 0.078620
74 23 0.078756
74 24 0.078893
74 25 0.079029
74 26 0.079165
74 27 0.079301
74 28 0.079435
74 29 0.079567
74 30 0.079696
74 31 0.079822
74 32 0.079945
74 33 0.080064
74 34 0.080178
74 35 0.080287
74 36 0.080391
74 37 0.080490
74 38 0.080581
74 39 0.080667
74 40 0.080745
74 41 0.080817
74 42 0.080880
74 43 0.080937
74 44 0.080985
74 45 0.081025
74 46 0.081057
74 47 0.081080
74 48 0.081095
74 49 0.081102
74 50 0.081100
74 51 0.081090
74 52 0.081071
74 53 0.081044
74 54 0.081009
74 55 0.080966
74 56 0.080915
74 57 0.080856
74 58 0.080790
74 59 0.080717
74 60 0.080638
74 61 0.080551
74 62 0.080459
74 63 0.080361
74 64 0.080258
74 65 0.080150
74 66 0.080038
74 67 0.079921
74 68 0.079802
74 69 0.079679
74 70 0.079554
74 71 0.079427
74 72 0.079299
74 73 0.079169
74 74 0.079040
74 75 0.078910
74 76 0.078782
74 77 0.078654
74 78 0.078529
74 79 0.078405
74 80 0.078285
74 81 0.078168
74 82 0.078054
74 83 0.077945
74 84 0.077841
74 85 0.077741
74 86 0.077647
74 87 0.077559
74 88 0.077478
74 89 0.077403
74 90 0.077335
74 91 0.077274
74 92 0.077220
74 93 0.077174
74 94 0.077136
74 95 0.077106
74 96 0.077083
74 97 0.077069
74 98 0.077063
74 99 0.077063

75 0 0.076672
75 1 0.076672
75 2 0.076689
75 3 0.076713
75 4 0.076745
75 5 0.076786
75 6 0.076835
75 7 0.076892
75 8 0.076957
75 9 0.077029
75 10 0.077108
75 11 0.077195
75 12 0.077288
75 13 0.077387
75 14 0.077492
75 15 0.077602
75 16 0.077717
75 17 0.077837
75 18 0.077961
75 19 0.078088
75 20 0.078218
75 21 0.078350
75 22 0.078485
75 23 0.078620
75 24 0.078756
75 25 0.078893
75 26 0.079029
75 27 0.079164
75 28 0.079298
75 29 0.079430
75 30 0.079560
75 31 0.079686
75 32 0.079809
75 33 0.079927
75 34 0.080042
75 35 0.080151
75 36 0.080255
75 37 0.080353
75 38 0.080445
75 39 0.080530
75 40 0.080609
75 41 0.080680
75 42 0.080744
75 43 0.080800
75 44 0.080848
75 45 0.080888
75 46 0.080920
75 47 0.080944
75 48 0.080959
75 49 0.080966
75 50 0.080964
75 51 0.080954
75 52 0.080936
75 53 0.080909
75 54 0.080874
75 55 0.080831
75 56 0.080780
75 57 0.080722
75 58 0.080656
75 59 0.080583
75 60 0.080504
75 61 0.080418
75 62 0.080326
75 63 0.080228
75 64 0.080125
75 65 0.080017
75 66 0.079905
75 67 0.079789
75 68 0.079670
75 69 0.079548
75 70 0.079423
75 71 0.079296
75 72 0.079168
75 73 0.079039
75 74 0.078910
75 75 0.078781
75 76 0.078652
75 77 0.078525
75 78 0.078400
75 79 0.078277
75 80 0.078157
75 81 0.078040
75 82 0.077927
75 83 0.077818
75 84 0.077713
75 85 0.077614
75 86 0.077521
75 87 0.077433
75 88 0.077351
75 89 0.077277
75 90 0.077209
75 91 0.077148
75 92 0.077094
75 93 0.077048
75 94 0.077010
75 95 0.076980
75 96 0.076958
75 97 0.076944
75 98 0.076938
75 99 0.076938

76 0 0.076534
76 1 0.076534
76 2 0.076551
76 3 0.076576
76 4 0.076608
76 5 0.076649
76 6 0.076699
76 7 0.076756
76 8 0.076821
76 9 0.076893
76 10 0.076973
76 11 0.077059
76 12 0.077152
76 13 0.077252
76 14 0.077357
76 15 0.077467
76 16 0.077582
76 17 0.077702
76 18 0.077826
76 19 0.077953
76 20 0.078083
76 21 0.078215
76 22 0.078349
76 23 0.078485
76 24 0.078621
76 25 0.078758
76 26 0.078894
76 27 0.079029
76 28 0.079163
76 29 0.079295
76 30 0.079424
76 31 0.079550
76 32 0.079673
76 33 0.079791
76 34 0.079906
76 35 0.080015
76 36 0.080119
76 37 0.080217
76 38 0.080309
76 39 0.080394
76 40 0.080473
76 41 0.080544
76 42 0.080608
76 43 0.080664
76 44 0.080712
76 45 0.080753
76 46 0.080785
76 47 0.080808
76 48 0.080824
76 49 0.080831
76 50 0.080829
76 51 0.080819
76 52 0.080801
76 53 0.080774
76 54 0.080739
76 55 0.080696
76 56 0.080646
76 57 0.080588
76 58 0.080522
76 59 0.080449
76 60 0.080370
76 61 0.080285
76 62 0.080193
76 63 0.080095
76 64 0.079993
76 65 0.079885
76 66 0.079774
76 67 0.079658
76 68 0.079539
76 69 0.079417
76 70 0.079292
76 71 0.079166
76 72 0.079038
76 73 0.078909
76 74 0.078780
76 75 0.078652
76 76 0.078524
76 77 0.078397
76 78 0.078272
76 79 0.078149
76 80 0.078029
76 81 0.077912
76 82 0.077799
76 83 0.077691
76 84 0.077587
76 85 0.077488
76 86 0.077394
76 87 0.077307
76 88 0.077226
76 89 0.077151
76 90 0.077083
76 91 0.077022
76 92 0.076969
76 93 0.076923
76 94 0.076885
76 95 0.076855
76 96 0.076833
76 97 0.076819
76 98 0.076814
76 99 0.076814

77 0 0.076397
77 1 0.076397
77 2 0.076415
77 3 0.076440
77 4 0.076473
77 5 0.076514
77 6 0.076563
77 7 0.076621
77 8 0.076686
77 9 0.076759
77 10 0.076838
77 11 0.076925
77 12 0.077018
77 13 0.077118
77 14 0.077223
77 15 0.077333
77 16 0.077448
77 17 0.077568
77 18 0.077692
77 19 0.077819
77 20 0.077949
77 21 0.078081
77 22 0.078215
77 23 0.078351
77 24 0.078487
77 25 0.078623
77 26 0.078759
77 27 0.078895
77 28 0.079028
77 29 0.079160
77 30 0.079289
77 31 0.079415
77 32 0.079538
77 33 0.079657
77 34 0.079771
77 35 0.079880
77 36 0.079984
77 37 0.080082
77 38 0.080174
77 39 0.080259
77 40 0.080338
77 41 0.080409
77 42 0.080473
77 43 0.080529
77 44 0.080578
77 45 0.080618
77 46 0.080650
77 47 0.080674
77 48 0.080689
77 49 0.080696
77 50 0.080695
77 51 0.080685
77 52 0.080667
77 53 0.080640
77 54 0.080606
77 55 0.080563
77 56 0.080513
77 57 0.080455
77 58 0.080389
77 59 0.080317
77 60 0.080238
77 61 0.080153
77 62 0.080061
77 63 0.079964
77 64 0.079862
77 65 0.079755
77 66 0.079643
77 67 0.079528
77 68 0.079409
77 69 0.079287
77 70 0.079163
77 71 0.079037
77 72 0.078909
77 73 0.078781
77 74 0.078652
77 75 0.078524
77 76 0.078396
77 77 0.078270
77 78 0.078145
77 79 0.078022
77 80 0.077903
77 81 0.077786
77 82 0.077674
77 83 0.077565
77 84 0.077461
77 85 0.077363
77 86 0.077269
77 87 0.077182
77 88 0.077101
77 89 0.077026
77 90 0.076959
77 91 0.076898
77 92 0.076845
77 93 0.076799
77 94 0.076761
77 95 0.076732
77 96 0.076710
77 97 0.076696
77 98 0.076690
77 99 0.076690

78 0 0.076262
78 1 0.076262
78 2 0.076281
78 3 0.076305
78 4 0.076339
78 5 0.076380
78 6 0.076430
78 7 0.076488
78 8 0.076553
78 9 0.076626
78 10 0.076706
78 11 0.076793
78 12 0.076886
78 13 0.076985
78 14 0.077090
78 15 0.077201
78 16 0.077316
78 17 0.077436
78 18 0.077560
78 19 0.077687
78 20 0.077817
78 21 0.077949
78 22 0.078083
78 23 0.078218
78 24 0.078355
78 25 0.078491
78 26 0.078627
78 27 0.078762
78 28 0.078896
78 29 0.079027
78 30 0.079157
78 31 0.079283
78 32 0.079405
78 33 0.079524
78 34 0.079638
78 35 0.079747
78 36 0.079851
78 37 0.079949
78 38 0.080041
78 39 0.080126
78 40 0.080205
78 41 0.080276
78 42 0.080340
78 43 0.080396
78 44 0.080445
78 45 0.080485
78 46 0.080518
78 47 0.080541
78 48 0.080557
78 49 0.080564
78 50 0.080563
78 51 0.080553
78 52 0.080535
78 53 0.080509
78 54 0.080474
78 55 0.080432
78 56 0.080382
78 57 0.080324
78 58 0.080259
78 59 0.080187
78 60 0.080108
78 61 0.080023
78 62 0.079931
78 63 0.079835
78 64 0.079732
78 65 0.079626
78 66 0.079514
78 67 0.079399
78 68 0.079281
78 69 0.079159
78 70 0.079035
78 71 0.078910
78 72 0.078782
78 73 0.078654
78 74 0.078526
78 75 0.078398
78 76 0.078270
78 77 0.078144
78 78 0.078019
78 79 0.077897
78 80 0.077778
78 81 0.077662
78 82 0.077549
78 83 0.077441
78 84 0.077337
78 85 0.077239
78 86 0.077146
78 87 0.077059
78 88 0.076978
78 89 0.076904
78 90 0.076836
78 91 0.076776
78 92 0.076722
78 93 0.076677
78 94 0.076639
78 95 0.076609
78 96 0.076588
78 97 0.076574
78 98 0.076568
78 99 0.076568

79 0 0.076129
79 1 0.076129
79 2 0.076148
79 3 0.076174
79 4 0.076207
79 5 0.076249
79 6 0.076299
79 7 0.076357
79 8 0.076422
79 9 0.076495
79 10 0.076575
79 11 0.076662
79 12 0.076756
79 13 0.076855
79 14 0.076961
79 15 0.077071
79 16 0.077186
79 17 0.077306
79 18 0.077430
79 19 0.077557
79 20 0.077687
79 21 0.077819
79 22 0.077953
79 23 0.078088
79 24 0.078225
79 25 0.078361
79 26 0.078497
79 27 0.078632
79 28 0.078766
79 29 0.078897
79 30 0.079026
79 31 0.079152
79 32 0.079275
79 33 0.079393
79 34 0.079508
79 35 0.079617
79 36 0.079720
79 37 0.079818
79 38 0.079910
79 39 0.079996
79 40 0.080074
79 41 0.080146
79 42 0.080210
79 43 0.080266
79 44 0.080314
79 45 0.080355
79 46 0.080387
79 47 0.080411
79 48 0.080427
79 49 0.080434
79 50 0.080433
79 51 0.080423
79 52 0.080405
79 53 0.080379
79 54 0.080345
79 55 0.080303
79 56 0.080253
79 57 0.080195
79 58 0.080130
79 59 0.080058
79 60 0.079980
79 61 0.079895
79 62 0.079804
79 63 0.079707
79 64 0.079605
79 65 0.079499
79 66 0.079388
79 67 0.079273
79 68 0.079155
79 69 0.079034
79 70 0.078910
79 71 0.078784
79 72 0.078658
79 73 0.078530
79 74 0.078402
79 75 0.078274
79 76 0.078147
79 77 0.078021
79 78 0.077896
79 79 0.077774
79 80 0.077655
79 81 0.077539
79 82 0.077427
79 83 0.077319
79 84 0.077216
79 85 0.077118
79 86 0.077025
79 87 0.076938
79 88 0.076857
79 89 0.076783
79 90 0.076715
79 91 0.076655
79 92 0.076602
79 93 0.076557
79 94 0.076519
79 95 0.076489
79 96 0.076468
79 97 0.076454
79 98 0.076449
79 99 0.076449

80 0 0.076000
80 1 0.076000
80 2 0.076019
80 3 0.076045
80 4 0.076079
80 5 0.076121
80 6 0.076171
80 7 0.076229
80 8 0.076295
80 9 0.076368
80 10 0.076448
80 11 0.076535
80 12 0.076629
80 13 0.076728
80 14 0.076833
80 15 0.076944
80 16 0.077059
80 17 0.077179
80 18 0.077303
80 19 0.077430
80 20 0.077560
80 21 0.077692
80 22 0.077826
80 23 0.077961
80 24 0.078097
80 25 0.078234
80 26 0.078370
80 27 0.078505
80 28 0.078638
80 29 0.078770
80 30 0.078899
80 31 0.079025
80 32 0.079147
80 33 0.079266
80 34 0.079380
80 35 0.079489
80 36 0.079593
80 37 0.079691
80 38 0.079783
80 39 0.079868
80 40 0.079946
80 41 0.080018
80 42 0.080082
80 43 0.080138
80 44 0.080187
80 45 0.080227
80 46 0.080260
80 47 0.080284
80 48 0.080300
80 49 0.080307
80 50 0.080306
80 51 0.080296
80 52 0.080279
80 53 0.080253
80 54 0.080218
80 55 0.080176
80 56 0.080127
80 57 0.080069
80 58 0.080005
80 59 0.079933
80 60 0.079855
80 61 0.079770
80 62 0.079679
80 63 0.079583
80 64 0.079481
80 65 0.079375
80 66 0.079264
80 67 0.079150
80 68 0.079032
80 69 0.078911
80 70 0.078787
80 71 0.078662
80 72 0.078536
80 73 0.078408
80 74 0.078280
80 75 0.078153
80 76 0.078026
80 77 0.077900
80 78 0.077776
80 79 0.077654
80 80 0.077535
80 81 0.077420
80 82 0.077308
80 83 0.077200
80 84 0.077097
80 85 0.076999
80 86 0.076906
80 87 0.076819
80 88 0.076739
80 89 0.076665
80 90 0.076597
80 91 0.076537
80 92 0.076484
80 93 0.076439
80 94 0.076402
80 95 0.076372
80 96 0.076350
80 97 0.076337
80 98 0.076331
80 99 0.076331

81 0 0.075873
81 1 0.075873
81 2 0.075893
81 3 0.075919
81 4 0.075953
81 5 0.075996
81 6 0.076046
81 7 0.076104
81 8 0.076170
81 9 0.076244
81 10 0.076324
81 11 0.076411
81 12 0.076505
81 13 0.076604
81 14 0.076710
81 15 0.076820
81 16 0.076936
81 17 0.077055
81 18 0.077179
81 19 0.077306
81 20 0.077436
81 21 0.077568
81 22 0.077702
81 23 0.077838
81 24 0.077974
81 25 0.078110
81 26 0.078246
81 27 0.078381
81 28 0.078514
81 29 0.078646
81 30 0.078775
81 31 0.078901
81 32 0.079023
81 33 0.079142
81 34 0.079256
81 35 0.079365
81 36 0.079468
81 37 0.079566
81 38 0.079658
81 39 0.079744
81 40 0.079822
81 41 0.079894
81 42 0.079958
81 43 0.080014
81 44 0.080063
81 45 0.080103
81 46 0.080136
81 47 0.080160
81 48 0.080176
81 49 0.080183
81 50 0.080182
81 51 0.080173
81 52 0.080155
81 53 0.080129
81 54 0.080095
81 55 0.080053
81 56 0.080004
81 57 0.079947
81 58 0.079882
81 59 0.079811
81 60 0.079733
81 61 0.079648
81 62 0.079558
81 63 0.079462
81 64 0.079360
81 65 0.079254
81 66 0.079144
81 67 0.079029
81 68 0.078912
81 69 0.078791
81 70 0.078668
81 71 0.078543
81 72 0.078417
81 73 0.078290
81 74 0.078162
81 75 0.078035
81 76 0.077908
81 77 0.077782
81 78 0.077659
81 79 0.077537
81 80 0.077419
81 81 0.077303
81 82 0.077191
81 83 0.077084
81 84 0.076981
81 85 0.076883
81 86 0.076791
81 87 0.076704
81 88 0.076624
81 89 0.076550
81 90 0.076483
81 91 0.076423
81 92 0.076370
81 93 0.076325
81 94 0.076287
81 95 0.076258
81 96 0.076236
81 97 0.076223
81 98 0.076217
81 99 0.076217

82 0 0.075751
82 1 0.075751
82 2 0.075771
82 3 0.075797
82 4 0.075832
82 5 0.075874
82 6 0.075925
82 7 0.075984
82 8 0.076050
82 9 0.076123
82 10 0.076204
82 11 0.076291
82 12 0.076385
82 13 0.076484
82 14 0.076590
82 15 0.076700
82 16 0.076816
82 17 0.076936
82 18 0.077059
82 19 0.077186
82 20 0.077316
82 21 0.077448
82 22 0.077582
82 23 0.077718
82 24 0.077854
82 25 0.077990
82 26 0.078126
82 27 0.078260
82 28 0.078394
82 29 0.078525
82 30 0.078654
82 31 0.078780
82 32 0.078903
82 33 0.079021
82 34 0.079135
82 35 0.079244
82 36 0.079348
82 37 0.079446
82 38 0.079538
82 39 0.079623
82 40 0.079702
82 41 0.079773
82 42 0.079837
82 43 0.079894
82 44 0.079942
82 45 0.079983
82 46 0.080015
82 47 0.080040
82 48 0.080056
82 49 0.080063
82 50 0.080062
82 51 0.080053
82 52 0.080036
82 53 0.080010
82 54 0.079976
82 55 0.079934
82 56 0.079885
82 57 0.079828
82 58 0.079764
82 59 0.079692
82 60 0.079615
82 61 0.079530
82 62 0.079440
82 63 0.079344
82 64 0.079243
82 65 0.079137
82 66 0.079027
82 67 0.078913
82 68 0.078796
82 69 0.078675
82 70 0.078552
82 71 0.078428
82 72 0.078302
82 73 0.078175
82 74 0.078047
82 75 0.077920
82 76 0.077794
82 77 0.077669
82 78 0.077545
82 79 0.077424
82 80 0.077306
82 81 0.077190
82 82 0.077079
82 83 0.076971
82 84 0.076869
82 85 0.076771
82 86 0.076679
82 87 0.076592
82 88 0.076512
82 89 0.076438
82 90 0.076371
82 91 0.076311
82 92 0.076259
82 93 0.076214
82 94 0.076177
82 95 0.076147
82 96 0.076126
82 97 0.076112
82 98 0.076107
82 99 0.076107

83 0 0.075633
83 1 0.075633
83 2 0.075654
83 3 0.075680
83 4 0.075715
83 5 0.075758
83 6 0.075809
83 7 0.075867
83 8 0.075934
83 9 0.076007
83 10 0.076088
83 11 0.076175
83 12 0.076269
83 13 0.076369
83 14 0.076474
83 15 0.076585
83 16 0.076700
83 17 0.076820
83 18 0.076944
83 19 0.077071
83 20 0.077201
83 21 0.077333
83 22 0.077467
83 23 0.077602
83 24 0.077738
83 25 0.077874
83 26 0.078010
83 27 0.078145
83 28 0.078278
83 29 0.078410
83 30 0.078538
83 31 0.078664
83 32 0.078787
83 33 0.078905
83 34 0.079019
83 35 0.079128
83 36 0.079232
83 37 0.079330
83 38 0.079422
83 39 0.079507
83 40 0.079586
83 41 0.079657
83 42 0.079721
83 43 0.079778
83 44 0.079826
83 45 0.079867
83 46 0.079900
83 47 0.079924
83 48 0.079940
83 49 0.079948
83 50 0.079947
83 51 0.079938
83 52 0.079920
83 53 0.079895
83 54 0.079861
83 55 0.079820
83 56 0.079770
83 57 0.079714
83 58 0.079650
83 59 0.079578
83 60 0.079501
83 61 0.079417
83 62 0.079327
83 63 0.079231
83 64 0.079130
83 65 0.079025
83 66 0.078915
83 67 0.078801
83 68 0.078684
83 69 0.078564
83 70 0.078441
83 71 0.078317
83 72 0.078191
83 73 0.078064
83 74 0.077937
83 75 0.077810
83 76 0.077684
83 77 0.077559
83 78 0.077436
83 79 0.077315
83 80 0.077197
83 81 0.077082
83 82 0.076970
83 83 0.076863
83 84 0.076761
83 85 0.076663
83 86 0.076571
83 87 0.076485
83 88 0.076405
83 89 0.076331
83 90 0.076264
83 91 0.076204
83 92 0.076152
83 93 0.076107
83 94 0.076070
83 95 0.076040
83 96 0.076019
83 97 0.076006
83 98 0.076001
83 99 0.076001

84 0 0.075520
84 1 0.075520
84 2 0.075541
84 3 0.075568
84 4 0.075603
84 5 0.075646
84 6 0.075697
84 7 0.075756
84 8 0.075822
84 9 0.075896
84 10 0.075977
84 11 0.076064
84 12 0.076158
84 13 0.076258
84 14 0.076364
84 15 0.076474
84 16 0.076590
84 17 0.076710
84 18 0.076833
84 19 0.076960
84 20 0.077090
84 21 0.077222
84 22 0.077356
84 23 0.077491
84 24 0.077627
84 25 0.077763
84 26 0.077899
84 27 0.078034
84 28 0.078167
84 29 0.078299
84 30 0.078427
84 31 0.078553
84 32 0.078676
84 33 0.078794
84 34 0.078908
84 35 0.079017
84 36 0.079121
84 37 0.079218
84 38 0.079310
84 39 0.079396
84 40 0.079474
84 41 0.079546
84 42 0.079610
84 43 0.079666
84 44 0.079715
84 45 0.079756
84 46 0.079789
84 47 0.079813
84 48 0.079829
84 49 0.079837
84 50 0.079836
84 51 0.079827
84 52 0.079810
84 53 0.079785
84 54 0.079751
84 55 0.079710
84 56 0.079661
84 57 0.079604
84 58 0.079540
84 59 0.079469
84 60 0.079392
84 61 0.079308
84 62 0.079218
84 63 0.079123
84 64 0.079022
84 65 0.078917
84 66 0.078807
84 67 0.078693
84 68 0.078576
84 69 0.078457
84 70 0.078334
84 71 0.078210
84 72 0.078085
84 73 0.077958
84 74 0.077831
84 75 0.077705
84 76 0.077579
84 77 0.077454
84 78 0.077331
84 79 0.077210
84 80 0.077092
84 81 0.076977
84 82 0.076866
84 83 0.076759
84 84 0.076657
84 85 0.076560
84 86 0.076468
84 87 0.076382
84 88 0.076302
84 89 0.076228
84 90 0.076161
84 91 0.076102
84 92 0.076049
84 93 0.076005
84 94 0.075968
84 95 0.075938
84 96 0.075917
84 97 0.075904
84 98 0.075899
84 99 0.075899

85 0 0.075413
85 1 0.075413
85 2 0.075434
85 3 0.075461
85 4 0.075496
85 5 0.075540
85 6 0.075591
85 7 0.075650
85 8 0.075716
85 9 0.075790
85 10 0.075871
85 11 0.075959
85 12 0.076053
85 13 0.076153
85 14 0.076258
85 15 0.076369
85 16 0.076485
85 17 0.076604
85 18 0.076728
85 19 0.076855
85 20 0.076985
85 21 0.077117
85 22 0.077251
85 23 0.077386
85 24 0.077522
85 25 0.077658
85 26 0.077793
85 27 0.077928
85 28 0.078062
85 29 0.078193
85 30 0.078322
85 31 0.078447
85 32 0.078570
85 33 0.078688
85 34 0.078802
85 35 0.078911
85 36 0.079015
85 37 0.079112
85 38 0.079204
85 39 0.079290
85 40 0.079368
85 41 0.079440
85 42 0.079504
85 43 0.079560
85 44 0.079609
85 45 0.079650
85 46 0.079683
85 47 0.079707
85 48 0.079723
85 49 0.079731
85 50 0.079731
85 51 0.079722
85 52 0.079705
85 53 0.079679
85 54 0.079646
85 55 0.079605
85 56 0.079556
85 57 0.079499
85 58 0.079436
85 59 0.079365
85 60 0.079288
85 61 0.079204
85 62 0.079115
85 63 0.079019
85 64 0.078919
85 65 0.078814
85 66 0.078704
85 67 0.078591
85 68 0.078474
85 69 0.078355
85 70 0.078233
85 71 0.078109
85 72 0.077983
85 73 0.077857
85 74 0.077731
85 75 0.077604
85 76 0.077478
85 77 0.077354
85 78 0.077231
85 79 0.077111
85 80 0.076993
85 81 0.076878
85 82 0.076767
85 83 0.076661
85 84 0.076558
85 85 0.076461
85 86 0.076369
85 87 0.076283
85 88 0.076204
85 89 0.076130
85 90 0.076064
85 91 0.076004
85 92 0.075952
85 93 0.075907
85 94 0.075870
85 95 0.075841
85 96 0.075820
85 97 0.075807
85 98 0.075802
85 99 0.075802

86 0 0.075311
86 1 0.075311
86 2 0.075333
86 3 0.075360
86 4 0.075395
86 5 0.075439
86 6 0.075490
86 7 0.075550
86 8 0.075616
86 9 0.075690
86 10 0.075771
86 11 0.075859
86 12 0.075953
86 13 0.076053
86 14 0.076159
86 15 0.076269
86 16 0.076385
86 17 0.076505
86 18 0.076628
86 19 0.076755
86 20 0.076885
86 21 0.077017
86 22 0.077151
86 23 0.077286
86 24 0.077422
86 25 0.077558
86 26 0.077694
86 27 0.077828
86 28 0.077962
86 29 0.078093
86 30 0.078222
86 31 0.078347
86 32 0.078470
86 33 0.078588
86 34 0.078702
86 35 0.078811
86 36 0.078914
86 37 0.079012
86 38 0.079104
86 39 0.079189
86 40 0.079268
86 41 0.079339
86 42 0.079404
86 43 0.079460
86 44 0.079509
86 45 0.079550
86 46 0.079583
86 47 0.079607
86 48 0.079623
86 49 0.079631
86 50 0.079631
86 51 0.079622
86 52 0.079605
86 53 0.079580
86 54 0.079547
86 55 0.079506
86 56 0.079457
86 57 0.079401
86 58 0.079337
86 59 0.079267
86 60 0.079190
86 61 0.079106
86 62 0.079017
86 63 0.078922
86 64 0.078822
86 65 0.078717
86 66 0.078607
86 67 0.078494
86 68 0.078378
86 69 0.078258
86 70 0.078137
86 71 0.078013
86 72 0.077888
86 73 0.077762
86 74 0.077635
86 75 0.077509
86 76 0.077384
86 77 0.077259
86 78 0.077137
86 79 0.077017
86 80 0.076899
86 81 0.076784
86 82 0.076674
86 83 0.076567
86 84 0.076465
86 85 0.076368
86 86 0.076277
86 87 0.076191
86 88 0.076111
86 89 0.076038
86 90 0.075971
86 91 0.075912
86 92 0.075860
86 93 0.075815
86 94 0.075778
86 95 0.075749
86 96 0.075728
86 97 0.075715
86 98 0.075710
86 99 0.075710

87 0 0.075216
87 1 0.075216
87 2 0.075238
87 3 0.075265
87 4 0.075301
87 5 0.075345
87 6 0.075396
87 7 0.075455
87 8 0.075522
87 9 0.075596
87 10 0.075678
87 11 0.075765
87 12 0.075859
87 13 0.075960
87 14 0.076065
87 15 0.076176
87 16 0.076292
87 17 0.076411
87 18 0.076535
87 19 0.076662
87 20 0.076792
87 21 0.076924
87 22 0.077058
87 23 0.077193
87 24 0.077329
87 25 0.077464
87 26 0.077600
87 27 0.077735
87 28 0.077868
87 29 0.077999
87 30 0.078128
87 31 0.078253
87 32 0.078376
87 33 0.078494
87 34 0.078608
87 35 0.078717
87 36 0.078820
87 37 0.078918
87 38 0.079010
87 39 0.079095
87 40 0.079174
87 41 0.079245
87 42 0.079310
87 43 0.079366
87 44 0.079415
87 45 0.079456
87 46 0.079489
87 47 0.079513
87 48 0.079530
87 49 0.079538
87 50 0.079537
87 51 0.079529
87 52 0.079512
87 53 0.079487
87 54 0.079454
87 55 0.079413
87 56 0.079364
87 57 0.079308
87 58 0.079245
87 59 0.079174
87 60 0.079097
87 61 0.079014
87 62 0.078925
87 63 0.078830
87 64 0.078730
87 65 0.078625
87 66 0.078516
87 67 0.078403
87 68 0.078287
87 69 0.078168
87 70 0.078046
87 71 0.077923
87 72 0.077798
87 73 0.077672
87 74 0.077546
87 75 0.077420
87 76 0.077295
87 77 0.077171
87 78 0.077048
87 79 0.076928
87 80 0.076811
87 81 0.076697
87 82 0.076586
87 83 0.076480
87 84 0.076378
87 85 0.076281
87 86 0.076189
87 87 0.076104
87 88 0.076024
87 89 0.075951
87 90 0.075885
87 91 0.075825
87 92 0.075773
87 93 0.075729
87 94 0.075692
87 95 0.075663
87 96 0.075642
87 97 0.075629
87 98 0.075624
87 99 0.075624

88 0 0.075127
88 1 0.075127
88 2 0.075150
88 3 0.075177
88 4 0.075213
88 5 0.075257
88 6 0.075309
88 7 0.075368
88 8 0.075435
88 9 0.075509
88 10 0.075591
88 11 0.075678
88 12 0.075773
88 13 0.075873
88 14 0.075978
88 15 0.076089
88 16 0.076205
88 17 0.076325
88 18 0.076448
88 19 0.076575
88 20 0.076705
88 21 0.076837
88 22 0.076971
88 23 0.077106
88 24 0.077241
88 25 0.077377
88 26 0.077513
88 27 0.077647
88 28 0.077781
88 29 0.077912
88 30 0.078040
88 31 0.078166
88 32 0.078288
88 33 0.078406
88 34 0.078520
88 35 0.078629
88 36 0.078733
88 37 0.078830
88 38 0.078922
88 39 0.079008
88 40 0.079086
88 41 0.079158
88 42 0.079222
88 43 0.079279
88 44 0.079327
88 45 0.079368
88 46 0.079401
88 47 0.079426
88 48 0.079442
88 49 0.079450
88 50 0.079450
88 51 0.079442
88 52 0.079425
88 53 0.079400
88 54 0.079367
88 55 0.079326
88 56 0.079278
88 57 0.079222
88 58 0.079158
88 59 0.079088
88 60 0.079011
88 61 0.078928
88 62 0.078839
88 63 0.078745
88 64 0.078645
88 65 0.078540
88 66 0.078432
88 67 0.078319
88 68 0.078203
88 69 0.078084
88 70 0.077962
88 71 0.077839
88 72 0.077714
88 73 0.077589
88 74 0.077463
88 75 0.077337
88 76 0.077212
88 77 0.077088
88 78 0.076966
88 79 0.076846
88 80 0.076729
88 81 0.076615
88 82 0.076504
88 83 0.076398
88 84 0.076296
88 85 0.076200
88 86 0.076108
88 87 0.076023
88 88 0.075943
88 89 0.075870
88 90 0.075804
88 91 0.075745
88 92 0.075693
88 93 0.075649
88 94 0.075612
88 95 0.075583
88 96 0.075562
88 97 0.075549
88 98 0.075544
88 99 0.075544

89 0 0.075046
89 1 0.075046
89 2 0.075068
89 3 0.075096
89 4 0.075132
89 5 0.075176
89 6 0.075228
89 7 0.075288
89 8 0.075355
89 9 0.075429
89 10 0.075510
89 11 0.075598
89 12 0.075693
89 13 0.075793
89 14 0.075898
89 15 0.076009
89 16 0.076125
89 17 0.076245
89 18 0.076368
89 19 0.076495
89 20 0.076625
89 21 0.076757
89 22 0.076891
89 23 0.077026
89 24 0.077161
89 25 0.077297
89 26 0.077433
89 27 0.077567
89 28 0.077700
89 29 0.077831
89 30 0.077960
89 31 0.078086
89 32 0.078208
89 33 0.078326
89 34 0.078440
89 35 0.078548
89 36 0.078652
89 37 0.078750
89 38 0.078842
89 39 0.078927
89 40 0.079005
89 41 0.079077
89 42 0.079141
89 43 0.079198
89 44 0.079247
89 45 0.079288
89 46 0.079321
89 47 0.079345
89 48 0.079362
89 49 0.079370
89 50 0.079370
89 51 0.079361
89 52 0.079345
89 53 0.079320
89 54 0.079287
89 55 0.079246
89 56 0.079198
89 57 0.079142
89 58 0.079079
89 59 0.079009
89 60 0.078932
89 61 0.078849
89 62 0.078760
89 63 0.078666
89 64 0.078566
89 65 0.078462
89 66 0.078353
89 67 0.078241
89 68 0.078125
89 69 0.078006
89 70 0.077885
89 71 0.077762
89 72 0.077637
89 73 0.077512
89 74 0.077386
89 75 0.077261
89 76 0.077136
89 77 0.077012
89 78 0.076890
89 79 0.076770
89 80 0.076653
89 81 0.076539
89 82 0.076429
89 83 0.076323
89 84 0.076222
89 85 0.076125
89 86 0.076034
89 87 0.075948
89 88 0.075869
89 89 0.075796
89 90 0.075730
89 91 0.075671
89 92 0.075619
89 93 0.075575
89 94 0.075538
89 95 0.075509
89 96 0.075488
89 97 0.075476
89 98 0.075471
89 99 0.075471

90 0 0.074972
90 1 0.074972
90 2 0.074995
90 3 0.075023
90 4 0.075059
90 5 0.075103
90 6 0.075155
90 7 0.075215
90 8 0.075282
90 9 0.075356
90 10 0.075438
90 11 0.075526
90 12 0.075620
90 13 0.075720
90 14 0.075826
90 15 0.075937
90 16 0.076052
90 17 0.076172
90 18 0.076296
90 19 0.076423
90 20 0.076552
90 21 0.076684
90 22 0.076818
90 23 0.076953
90 24 0.077089
90 25 0.077224
90 26 0.077360
90 27 0.077494
90 28 0.077627
90 29 0.077758
90 30 0.077887
90 31 0.078012
90 32 0.078134
90 33 0.078253
90 34 0.078366
90 35 0.078475
90 36 0.078578
90 37 0.078676
90 38 0.078768
90 39 0.078853
90 40 0.078932
90 41 0.079003
90 42 0.079068
90 43 0.079124
90 44 0.079173
90 45 0.079214
90 46 0.079247
90 47 0.079272
90 48 0.079288
90 49 0.079297
90 50 0.079297
90 51 0.079288
90 52 0.079272
90 53 0.079247
90 54 0.079214
90 55 0.079173
90 56 0.079125
90 57 0.079069
90 58 0.079007
90 59 0.078937
90 60 0.078860
90 61 0.078777
90 62 0.078689
90 63 0.078594
90 64 0.078495
90 65 0.078391
90 66 0.078282
90 67 0.078170
90 68 0.078054
90 69 0.077936
90 70 0.077815
90 71 0.077692
90 72 0.077567
90 73 0.077442
90 74 0.077317
90 75 0.077191
90 76 0.077067
90 77 0.076943
90 78 0.076821
90 79 0.076702
90 80 0.076585
90 81 0.076471
90 82 0.076361
90 83 0.076255
90 84 0.076154
90 85 0.076057
90 86 0.075966
90 87 0.075881
90 88 0.075802
90 89 0.075729
90 90 0.075663
90 91 0.075604
90 92 0.075552
90 93 0.075508
90 94 0.075471
90 95 0.075442
90 96 0.075422
90 97 0.075409
90 98 0.075404
90 99 0.075404

91 0 0.074906
91 1 0.074906
91 2 0.074929
91 3 0.074957
91 4 0.074993
91 5 0.075037
91 6 0.075090
91 7 0.075149
91 8 0.075217
91 9 0.075291
91 10 0.075373
91 11 0.075461
91 12 0.075555
91 13 0.075655
91 14 0.075761
91 15 0.075872
91 16 0.075987
91 17 0.076107
91 18 0.076231
91 19 0.076358
91 20 0.076487
91 21 0.076619
91 22 0.076753
91 23 0.076888
91 24 0.077023
91 25 0.077159
91 26 0.077294
91 27 0.077429
91 28 0.077562
91 29 0.077693
91 30 0.077821
91 31 0.077947
91 32 0.078069
91 33 0.078187
91 34 0.078300
91 35 0.078409
91 36 0.078513
91 37 0.078610
91 38 0.078702
91 39 0.078787
91 40 0.078866
91 41 0.078937
91 42 0.079002
91 43 0.079058
91 44 0.079107
91 45 0.079148
91 46 0.079181
91 47 0.079206
91 48 0.079223
91 49 0.079231
91 50 0.079231
91 51 0.079222
91 52 0.079206
91 53 0.079181
91 54 0.079149
91 55 0.079108
91 56 0.079060
91 57 0.079004
91 58 0.078942
91 59 0.078872
91 60 0.078795
91 61 0.078713
91 62 0.078624
91 63 0.078530
91 64 0.078431
91 65 0.078327
91 66 0.078219
91 67 0.078106
91 68 0.077991
91 69 0.077872
91 70 0.077752
91 71 0.077629
91 72 0.077505
91 73 0.077380
91 74 0.077254
91 75 0.077129
91 76 0.077005
91 77 0.076881
91 78 0.076760
91 79 0.076640
91 80 0.076523
91 81 0.076410
91 82 0.076300
91 83 0.076194
91 84 0.076093
91 85 0.075996
91 86 0.075906
91 87 0.075820
91 88 0.075741
91 89 0.075669
91 90 0.075603
91 91 0.075544
91 92 0.075492
91 93 0.075448
91 94 0.075411
91 95 0.075383
91 96 0.075362
91 97 0.075349
91 98 0.075345
91 99 0.075345

92 0 0.074848
92 1 0.074848
92 2 0.074871
92 3 0.074899
92 4 0.074936
92 5 0.074980
92 6 0.075032
92 7 0.075092
92 8 0.075160
92 9 0.075234
92 10 0.075315
92 11 0.075404
92 12 0.075498
92 13 0.075598
92 14 0.075704
92 15 0.075815
92 16 0.075930
92 17 0.076050
92 18 0.076174
92 19 0.076300
92 20 0.076430
92 21 0.076562
92 22 0.076695
92 23 0.076830
92 24 0.076966
92 25 0.077101
92 26 0.077237
92 27 0.077371
92 28 0.077504
92 29 0.077635
92 30 0.077763
92 31 0.077889
92 32 0.078011
92 33 0.078129
92 34 0.078242
92 35 0.078351
92 36 0.078454
92 37 0.078552
92 38 0.078644
92 39 0.078729
92 40 0.078808
92 41 0.078879
92 42 0.078943
92 43 0.079000
92 44 0.079049
92 45 0.079090
92 46 0.079123
92 47 0.079148
92 48 0.079164
92 49 0.079173
92 50 0.079173
92 51 0.079164
92 52 0.079148
92 53 0.079123
92 54 0.079091
92 55 0.079050
92 56 0.079002
92 57 0.078947
92 58 0.078884
92 59 0.078815
92 60 0.078738
92 61 0.078656
92 62 0.078567
92 63 0.078473
92 64 0.078374
92 65 0.078270
92 66 0.078162
92 67 0.078050
92 68 0.077935
92 69 0.077817
92 70 0.077696
92 71 0.077573
92 72 0.077449
92 73 0.077325
92 74 0.077199
92 75 0.077074
92 76 0.076950
92 77 0.076827
92 78 0.076705
92 79 0.076586
92 80 0.076469
92 81 0.076356
92 82 0.076246
92 83 0.076141
92 84 0.076039
92 85 0.075943
92 86 0.075852
92 87 0.075767
92 88 0.075688
92 89 0.075616
92 90 0.075550
92 91 0.075491
92 92 0.075439
92 93 0.075395
92 94 0.075359
92 95 0.075330
92 96 0.075309
92 97 0.075297
92 98 0.075292
92 99 0.075292

93 0 0.074798
93 1 0.074798
93 2 0.074821
93 3 0.074850
93 4 0.074886
93 5 0.074931
93 6 0.074983
93 7 0.075043
93 8 0.075110
93 9 0.075185
93 10 0.075267
93 11 0.075355
93 12 0.075449
93 13 0.075549
93 14 0.075655
93 15 0.075766
93 16 0.075881
93 17 0.076001
93 18 0.076125
93 19 0.076251
93 20 0.076381
93 21 0.076513
93 22 0.076646
93 23 0.076781
93 24 0.076916
93 25 0.077052
93 26 0.077187
93 27 0.077321
93 28 0.077454
93 29 0.077585
93 30 0.077713
93 31 0.077839
93 32 0.077961
93 33 0.078079
93 34 0.078192
93 35 0.078301
93 36 0.078404
93 37 0.078502
93 38 0.078594
93 39 0.078679
93 40 0.078757
93 41 0.078829
93 42 0.078893
93 43 0.078950
93 44 0.078999
93 45 0.079040
93 46 0.079073
93 47 0.079097
93 48 0.079114
93 49 0.079122
93 50 0.079123
93 51 0.079114
93 52 0.079098
93 53 0.079073
93 54 0.079041
93 55 0.079001
93 56 0.078953
93 57 0.078897
93 58 0.078835
93 59 0.078765
93 60 0.078689
93 61 0.078607
93 62 0.078518
93 63 0.078425
93 64 0.078326
93 65 0.078222
93 66 0.078114
93 67 0.078002
93 68 0.077887
93 69 0.077769
93 70 0.077648
93 71 0.077526
93 72 0.077402
93 73 0.077277
93 74 0.077152
93 75 0.077027
93 76 0.076903
93 77 0.076780
93 78 0.076659
93 79 0.076540
93 80 0.076423
93 81 0.076310
93 82 0.076200
93 83 0.076095
93 84 0.075994
93 85 0.075897
93 86 0.075807
93 87 0.075722
93 88 0.075643
93 89 0.075570
93 90 0.075505
93 91 0.075446
93 92 0.075394
93 93 0.075350
93 94 0.075314
93 95 0.075285
93 96 0.075265
93 97 0.075252
93 98 0.075247
93 99 0.075247

94 0 0.074757
94 1 0.074757
94 2 0.074780
94 3 0.074809
94 4 0.074845
94 5 0.074890
94 6 0.074942
94 7 0.075002
94 8 0.075070
94 9 0.075145
94 10 0.075226
94 11 0.075314
94 12 0.075408
94 13 0.075509
94 14 0.075614
94 15 0.075725
94 16 0.075841
94 17 0.075960
94 18 0.076084
94 19 0.076211
94 20 0.076340
94 21 0.076472
94 22 0.076605
94 23 0.076740
94 24 0.076875
94 25 0.077011
94 26 0.077146
94 27 0.077280
94 28 0.077413
94 29 0.077544
94 30 0.077672
94 31 0.077797
94 32 0.077919
94 33 0.078037
94 34 0.078150
94 35 0.078259
94 36 0.078362
94 37 0.078460
94 38 0.078552
94 39 0.078637
94 40 0.078715
94 41 0.078787
94 42 0.078851
94 43 0.078908
94 44 0.078956
94 45 0.078998
94 46 0.079031
94 47 0.079055
94 48 0.079072
94 49 0.079080
94 50 0.079080
94 51 0.079072
94 52 0.079056
94 53 0.079032
94 54 0.078999
94 55 0.078959
94 56 0.078911
94 57 0.078856
94 58 0.078793
94 59 0.078724
94 60 0.078648
94 61 0.078566
94 62 0.078477
94 63 0.078384
94 64 0.078285
94 65 0.078181
94 66 0.078073
94 67 0.077962
94 68 0.077847
94 69 0.077729
94 70 0.077608
94 71 0.077486
94 72 0.077362
94 73 0.077238
94 74 0.077113
94 75 0.076988
94 76 0.076864
94 77 0.076741
94 78 0.076620
94 79 0.076501
94 80 0.076385
94 81 0.076271
94 82 0.076162
94 83 0.076056
94 84 0.075956
94 85 0.075860
94 86 0.075769
94 87 0.075684
94 88 0.075605
94 89 0.075533
94 90 0.075467
94 91 0.075408
94 92 0.075357
94 93 0.075313
94 94 0.075277
94 95 0.075248
94 96 0.075228
94 97 0.075215
94 98 0.075210
94 99 0.075210

95 0 0.074724
95 1 0.074724
95 2 0.074748
95 3 0.074777
95 4 0.074813
95 5 0.074858
95 6 0.074910
95 7 0.074971
95 8 0.075038
95 9 0.075113
95 10 0.075194
95 11 0.075282
95 12 0.075376
95 13 0.075477
95 14 0.075582
95 15 0.075693
95 16 0.075809
95 17 0.075928
95 18 0.076052
95 19 0.076178
95 20 0.076308
95 21 0.076439
95 22 0.076573
95 23 0.076707
95 24 0.076843
95 25 0.076978
95 26 0.077113
95 27 0.077247
95 28 0.077380
95 29 0.077511
95 30 0.077639
95 31 0.077764
95 32 0.077886
95 33 0.078004
95 34 0.078117
95 35 0.078226
95 36 0.078329
95 37 0.078426
95 38 0.078518
95 39 0.078603
95 40 0.078682
95 41 0.078753
95 42 0.078817
95 43 0.078874
95 44 0.078923
95 45 0.078964
95 46 0.078997
95 47 0.079022
95 48 0.079038
95 49 0.079047
95 50 0.079047
95 51 0.079039
95 52 0.079022
95 53 0.078998
95 54 0.078966
95 55 0.078925
95 56 0.078878
95 57 0.078822
95 58 0.078760
95 59 0.078691
95 60 0.078615
95 61 0.078533
95 62 0.078445
95 63 0.078351
95 64 0.078252
95 65 0.078149
95 66 0.078041
95 67 0.077930
95 68 0.077815
95 69 0.077697
95 70 0.077576
95 71 0.077454
95 72 0.077331
95 73 0.077206
95 74 0.077082
95 75 0.076957
95 76 0.076833
95 77 0.076710
95 78 0.076589
95 79 0.076470
95 80 0.076354
95 81 0.076241
95 82 0.076132
95 83 0.076026
95 84 0.075925
95 85 0.075830
95 86 0.075739
95 87 0.075654
95 88 0.075576
95 89 0.075503
95 90 0.075438
95 91 0.075379
95 92 0.075328
95 93 0.075284
95 94 0.075247
95 95 0.075219
95 96 0.075198
95 97 0.075186
95 98 0.075181
95 99 0.075181

96 0 0.074701
96 1 0.074701
96 2 0.074725
96 3 0.074753
96 4 0.074790
96 5 0.074835
96 6 0.074887
96 7 0.074947
96 8 0.075015
96 9 0.075089
96 10 0.075171
96 11 0.075259
96 12 0.075353
96 13 0.075453
96 14 0.075559
96 15 0.075670
96 16 0.075785
96 17 0.075905
96 18 0.076028
96 19 0.076155
96 20 0.076284
96 21 0.076416
96 22 0.076549
96 23 0.076683
96 24 0.076819
96 25 0.076954
96 26 0.077089
96 27 0.077223
96 28 0.077356
96 29 0.077486
96 30 0.077614
96 31 0.077739
96 32 0.077861
96 33 0.077979
96 34 0.078092
96 35 0.078201
96 36 0.078304
96 37 0.078401
96 38 0.078493
96 39 0.078578
96 40 0.078656
96 41 0.078728
96 42 0.078792
96 43 0.078848
96 44 0.078897
96 45 0.078938
96 46 0.078971
96 47 0.078996
96 48 0.079013
96 49 0.079021
96 50 0.079022
96 51 0.079013
96 52 0.078997
96 53 0.078973
96 54 0.078941
96 55 0.078900
96 56 0.078853
96 57 0.078797
96 58 0.078735
96 59 0.078666
96 60 0.078590
96 61 0.078508
96 62 0.078420
96 63 0.078327
96 64 0.078228
96 65 0.078125
96 66 0.078017
96 67 0.077906
96 68 0.077791
96 69 0.077673
96 70 0.077553
96 71 0.077431
96 72 0.077308
96 73 0.077183
96 74 0.077059
96 75 0.076934
96 76 0.076810
96 77 0.076688
96 78 0.076567
96 79 0.076448
96 80 0.076332
96 81 0.076219
96 82 0.076110
96 83 0.076004
96 84 0.075904
96 85 0.075808
96 86 0.075717
96 87 0.075633
96 88 0.075554
96 89 0.075482
96 90 0.075416
96 91 0.075358
96 92 0.075306
96 93 0.075262
96 94 0.075226
96 95 0.075198
96 96 0.075177
96 97 0.075165
96 98 0.075160
96 99 0.075160

97 0 0.074687
97 1 0.074687
97 2 0.074710
97 3 0.074739
97 4 0.074776
97 5 0.074821
97 6 0.074873
97 7 0.074933
97 8 0.075001
97 9 0.075075
97 10 0.075157
97 11 0.075245
97 12 0.075339
97 13 0.075439
97 14 0.075544
97 15 0.075655
97 16 0.075770
97 17 0.075890
97 18 0.076013
97 19 0.076140
97 20 0.076269
97 21 0.076400
97 22 0.076534
97 23 0.076668
97 24 0.076803
97 25 0.076938
97 26 0.077073
97 27 0.077207
97 28 0.077340
97 29 0.077470
97 30 0.077598
97 31 0.077723
97 32 0.077845
97 33 0.077963
97 34 0.078076
97 35 0.078184
97 36 0.078287
97 37 0.078385
97 38 0.078476
97 39 0.078561
97 40 0.078640
97 41 0.078711
97 42 0.078775
97 43 0.078832
97 44 0.078881
97 45 0.078922
97 46 0.078955
97 47 0.078979
97 48 0.078996
97 49 0.079005
97 50 0.079005
97 51 0.078997
97 52 0.078980
97 53 0.078956
97 54 0.078924
97 55 0.078884
97 56 0.078836
97 57 0.078781
97 58 0.078719
97 59 0.078650
97 60 0.078574
97 61 0.078492
97 62 0.078404
97 63 0.078311
97 64 0.078212
97 65 0.078109
97 66 0.078001
97 67 0.077890
97 68 0.077775
97 69 0.077658
97 70 0.077538
97 71 0.077416
97 72 0.077293
97 73 0.077168
97 74 0.077044
97 75 0.076919
97 76 0.076796
97 77 0.076673
97 78 0.076552
97 79 0.076434
97 80 0.076318
97 81 0.076205
97 82 0.076096
97 83 0.075991
97 84 0.075890
97 85 0.075794
97 86 0.075704
97 87 0.075619
97 88 0.075541
97 89 0.075468
97 90 0.075403
97 91 0.075344
97 92 0.075293
97 93 0.075249
97 94 0.075213
97 95 0.075185
97 96 0.075164
97 97 0.075152
97 98 0.075147
97 99 0.075147

98 0 0.074681
98 1 0.074681
98 2 0.074705
98 3 0.074734
98 4 0.074771
98 5 0.074815
98 6 0.074868
98 7 0.074928
98 8 0.074995
98 9 0.075070
98 10 0.075151
98 11 0.075239
98 12 0.075333
98 13 0.075433
98 14 0.075539
98 15 0.075649
98 16 0.075765
98 17 0.075884
98 18 0.076007
98 19 0.076134
98 20 0.076263
98 21 0.076394
98 22 0.076527
98 23 0.076662
98 24 0.076797
98 25 0.076932
98 26 0.077067
98 27 0.077200
98 28 0.077333
98 29 0.077463
98 30 0.077591
98 31 0.077716
98 32 0.077838
98 33 0.077955
98 34 0.078068
98 35 0.078177
98 36 0.078280
98 37 0.078377
98 38 0.078468
98 39 0.078553
98 40 0.078632
98 41 0.078703
98 42 0.078767
98 43 0.078824
98 44 0.078872
98 45 0.078913
98 46 0.078946
98 47 0.078971
98 48 0.078988
98 49 0.078996
98 50 0.078997
98 51 0.078988
98 52 0.078972
98 53 0.078948
98 54 0.078916
98 55 0.078876
98 56 0.078828
98 57 0.078773
98 58 0.078711
98 59 0.078642
98 60 0.078566
98 61 0.078484
98 62 0.078396
98 63 0.078303
98 64 0.078205
98 65 0.078102
98 66 0.077994
98 67 0.077883
98 68 0.077768
98 69 0.077651
98 70 0.077531
98 71 0.077409
98 72 0.077286
98 73 0.077162
98 74 0.077037
98 75 0.076913
98 76 0.076790
98 77 0.076667
98 78 0.076546
98 79 0.076428
98 80 0.076312
98 81 0.076199
98 82 0.076090
98 83 0.075985
98 84 0.075884
98 85 0.075789
98 86 0.075699
98 87 0.075614
98 88 0.075535
98 89 0.075463
98 90 0.075398
98 91 0.075339
98 92 0.075288
98 93 0.075244
98 94 0.075208
98 95 0.075180
98 96 0.075159
98 97 0.075147
98 98 0.075143
98 99 0.075143

99 0 0.074681
99 1 0.074681
99 2 0.074705
99 3 0.074734
99 4 0.074771
99 5 0.074815
99 6 0.074868
99 7 0.074928
99 8 0.074995
99 9 0.075070
99 10 0.075151
99 11 0.075239
99 12 0.075333
99 13 0.075433
99 14 0.075539
99 15 0.075649
99 16 0.075765
99 17 0.075884
99 18 0.076007
99 19 0.076134
99 20 0.076263
99 21 0.076394
99 22 0.076527
99 23 0.076662
99 24 0.076797
99 25 0.076932
99 26 0.077067
99 27 0.077200
99 28 0.077333
99 29 0.077463
99 30 0.077591
99 31 0.077716
99 32 0.077838
99 33 0.077955
99 34 0.078068
99 35 0.078177
99 36 0.078280
99 37 0.078377
99 38 0.078468
99 39 0.078553
99 40 0.078632
99 41 0.078703
99 42 0.078767
99 43 0.078824
99 44 0.078872
99 45 0.078913
99 46 0.078946
99 47 0.078971
99 48 0.078988
99 49 0.078996
99 50 0.078997
99 51 0.078988
99 52 0.078972
99 53 0.078948
99 54 0.078916
99 55 0.078876
99 56 0.078828
99 57 0.078773
99 58 0.078711
99 59 0.078642
99 60 0.078566
99 61 0.078484
99 62 0.078396
99 63 0.078303
99 64 0.078205
99 65 0.078102
99 66 0.077994
99 67 0.077883
99 68 0.077768
99 69 0.077651
99 70 0.077531
99 71 0.077409
99 72 0.077286
99 73 0.077162
99 74 0.077037
99 75 0.076913
99 76 0.076790
99 77 0.076667
99 78 0.076546
99 79 0.076428
99 80 0.076312
99 81 0.076199
99 82 0.076090
99 83 0.075985
99 84 0.075884
99 85 0.075789
99 86 0.075699
99 87 0.075614
99 88 0.075535
99 89 0.075463
99 90 0.075398
99 91 0.075339
99 92 0.075288
99 93 0.075244
99 94 0.075208
99 95 0.075180
99 96 0.075159
99 97 0.075147
99 98 0.075143
99 99 0.075143

