0 0 0.079100
0 1 0.079100
0 2 0.079099
0 3 0.079099
0 4 0.079099
0 5 0.079100
0 6 0.079100
0 7 0.079101
0 8 0.079101
0 9 0.079101
0 10 0.079101
0 11 0.079101
0 12 0.079101
0 13 0.079102
0 14 0.079102
0 15 0.079102
0 16 0.079102
0 17 0.079102
0 18 0.079102
0 19 0.079102
0 20 0.079102
0 21 0.079101
0 22 0.079101
0 23 0.079101
0 24 0.079100
0 25 0.079100
0 26 0.079100
0 27 0.079099
0 28 0.079099
0 29 0.079099
0 30 0.079099
0 31 0.079099
0 32 0.079098
0 33 0.079098
0 34 0.079098
0 35 0.079098
0 36 0.079098
0 37 0.079097
0 38 0.079097
0 39 0.079096
0 40 0.079096
0 41 0.079095
0 42 0.079095
0 43 0.079094
0 44 0.079094
0 45 0.079093
0 46 0.079093
0 47 0.079093
0 48 0.079093
0 49 0.079093
0 50 0.079093
0 51 0.079093
0 52 0.079093
0 53 0.079093
0 54 0.079093
0 55 0.079094
0 56 0.079094
0 57 0.079094
0 58 0.079095
0 59 0.079095
0 60 0.079096
0 61 0.079096
0 62 0.079096
0 63 0.079097
0 64 0.079097
0 65 0.079098
0 66 0.079098
0 67 0.079098
0 68 0.079098
0 69 0.079098
0 70 0.079099
0 71 0.079099
0 72 0.079099
0 73 0.079100
0 74 0.079100
0 75 0.079101
0 76 0.079101
0 77 0.079101
0 78 0.079101
0 79 0.079101
0 80 0.079101
0 81 0.079101
0 82 0.079100
0 83 0.079100
0 84 0.079100
0 85 0.079100
0 86 0.079100
0 87 0.079100
0 88 0.079101
0 89 0.079101
0 90 0.079102
0 91 0.079103
0 92 0.079104
0 93 0.079104
0 94 0.079104
0 95 0.079104
0 96 0.079105
0 97 0.079105
0 98 0.079107
0 99 0.079107

1 0 0.079100
1 1 0.079098
1 2 0.079099
1 3 0.079099
1 4 0.079098
1 5 0.079099
1 6 0.079098
1 7 0.079098
1 8 0.079098
1 9 0.079098
1 10 0.079098
1 11 0.079098
1 12 0.079098
1 13 0.079098
1 14 0.079098
1 15 0.079099
1 16 0.079099
1 17 0.079099
1 18 0.079099
1 19 0.079100
1 20 0.079100
1 21 0.079100
1 22 0.079100
1 23 0.079100
1 24 0.079100
1 25 0.079100
1 26 0.079100
1 27 0.079100
1 28 0.079100
1 29 0.079100
1 30 0.079099
1 31 0.079099
1 32 0.079098
1 33 0.079098
1 34 0.079098
1 35 0.079097
1 36 0.079097
1 37 0.079097
1 38 0.079096
1 39 0.079096
1 40 0.079096
1 41 0.079096
1 42 0.079097
1 43 0.079097
1 44 0.079097
1 45 0.079097
1 46 0.079097
1 47 0.079097
1 48 0.079097
1 49 0.079097
1 50 0.079097
1 51 0.079097
1 52 0.079097
1 53 0.079096
1 54 0.079096
1 55 0.079096
1 56 0.079096
1 57 0.079096
1 58 0.079096
1 59 0.079097
1 60 0.079097
1 61 0.079097
1 62 0.079097
1 63 0.079097
1 64 0.079098
1 65 0.079098
1 66 0.079098
1 67 0.079099
1 68 0.079099
1 69 0.079099
1 70 0.079100
1 71 0.079100
1 72 0.079100
1 73 0.079101
1 74 0.079101
1 75 0.079101
1 76 0.079101
1 77 0.079101
1 78 0.079101
1 79 0.079102
1 80 0.079102
1 81 0.079103
1 82 0.079103
1 83 0.079103
1 84 0.079104
1 85 0.079104
1 86 0.079105
1 87 0.079105
1 88 0.079105
1 89 0.079104
1 90 0.079105
1 91 0.079104
1 92 0.079105
1 93 0.079104
1 94 0.079105
1 95 0.079104
1 96 0.079105
1 97 0.079105
1 98 0.079105
1 99 0.079107

2 0 0.079099
2 1 0.079099
2 2 0.079097
2 3 0.079098
2 4 0.079097
2 5 0.079098
2 6 0.079097
2 7 0.079097
2 8 0.079097
2 9 0.079097
2 10 0.079097
2 11 0.079097
2 12 0.079097
2 13 0.079098
2 14 0.079098
2 15 0.079098
2 16 0.079098
2 17 0.079098
2 18 0.079098
2 19 0.079098
2 20 0.079098
2 21 0.079098
2 22 0.079098
2 23 0.079098
2 24 0.079098
2 25 0.079097
2 26 0.079097
2 27 0.079097
2 28 0.079097
2 29 0.079096
2 30 0.079096
2 31 0.079096
2 32 0.079096
2 33 0.079095
2 34 0.079095
2 35 0.079095
2 36 0.079095
2 37 0.079094
2 38 0.079094
2 39 0.079093
2 40 0.079093
2 41 0.079093
2 42 0.079092
2 43 0.079092
2 44 0.079092
2 45 0.079091
2 46 0.079091
2 47 0.079091
2 48 0.079091
2 49 0.079091
2 50 0.079091
2 51 0.079091
2 52 0.079091
2 53 0.079091
2 54 0.079091
2 55 0.079091
2 56 0.079091
2 57 0.079092
2 58 0.079092
2 59 0.079092
2 60 0.079093
2 61 0.079093
2 62 0.079094
2 63 0.079094
2 64 0.079095
2 65 0.079095
2 66 0.079096
2 67 0.079096
2 68 0.079096
2 69 0.079097
2 70 0.079097
2 71 0.079097
2 72 0.079098
2 73 0.079098
2 74 0.079099
2 75 0.079099
2 76 0.079099
2 77 0.079099
2 78 0.079100
2 79 0.079100
2 80 0.079100
2 81 0.079100
2 82 0.079100
2 83 0.079100
2 84 0.079100
2 85 0.079100
2 86 0.079101
2 87 0.079101
2 88 0.079101
2 89 0.079102
2 90 0.079103
2 91 0.079103
2 92 0.079104
2 93 0.079103
2 94 0.079104
2 95 0.079104
2 96 0.079105
2 97 0.079104
2 98 0.079106
2 99 0.079105

3 0 0.079099
3 1 0.079099
3 2 0.079097
3 3 0.079099
3 4 0.079097
3 5 0.079098
3 6 0.079097
3 7 0.079098
3 8 0.079097
3 9 0.079097
3 10 0.079097
3 11 0.079098
3 12 0.079098
3 13 0.079098
3 14 0.079098
3 15 0.079098
3 16 0.079098
3 17 0.079099
3 18 0.079099
3 19 0.079099
3 20 0.079099
3 21 0.079099
3 22 0.079099
3 23 0.079100
3 24 0.079099
3 25 0.079099
3 26 0.079099
3 27 0.079099
3 28 0.079099
3 29 0.079098
3 30 0.079098
3 31 0.079098
3 32 0.079097
3 33 0.079097
3 34 0.079096
3 35 0.079096
3 36 0.079096
3 37 0.079095
3 38 0.079095
3 39 0.079095
3 40 0.079095
3 41 0.079095
3 42 0.079095
3 43 0.079095
3 44 0.079094
3 45 0.079094
3 46 0.079094
3 47 0.079094
3 48 0.079094
3 49 0.079094
3 50 0.079094
3 51 0.079094
3 52 0.079094
3 53 0.079094
3 54 0.079094
3 55 0.079094
3 56 0.079094
3 57 0.079094
3 58 0.079094
3 59 0.079095
3 60 0.079095
3 61 0.079095
3 62 0.079096
3 63 0.079096
3 64 0.079096
3 65 0.079097
3 66 0.079097
3 67 0.079098
3 68 0.079098
3 69 0.079098
3 70 0.079099
3 71 0.079099
3 72 0.079099
3 73 0.079100
3 74 0.079100
3 75 0.079100
3 76 0.079100
3 77 0.079100
3 78 0.079101
3 79 0.079101
3 80 0.079101
3 81 0.079102
3 82 0.079102
3 83 0.079102
3 84 0.079103
3 85 0.079103
3 86 0.079103
3 87 0.079103
3 88 0.079104
3 89 0.079104
3 90 0.079104
3 91 0.079104
3 92 0.079104
3 93 0.079104
3 94 0.079105
3 95 0.079104
3 96 0.079105
3 97 0.079104
3 98 0.079105
3 99 0.079105

4 0 0.079098
4 1 0.079099
4 2 0.079096
4 3 0.079098
4 4 0.079096
4 5 0.079097
4 6 0.079095
4 7 0.079096
4 8 0.079095
4 9 0.079096
4 10 0.079095
4 11 0.079096
4 12 0.079096
4 13 0.079096
4 14 0.079096
4 15 0.079096
4 16 0.079097
4 17 0.079097
4 18 0.079097
4 19 0.079097
4 20 0.079097
4 21 0.079097
4 22 0.079097
4 23 0.079097
4 24 0.079097
4 25 0.079097
4 26 0.079097
4 27 0.079096
4 28 0.079096
4 29 0.079096
4 30 0.079095
4 31 0.079095
4 32 0.079095
4 33 0.079094
4 34 0.079094
4 35 0.079094
4 36 0.079093
4 37 0.079093
4 38 0.079093
4 39 0.079092
4 40 0.079092
4 41 0.079092
4 42 0.079091
4 43 0.079091
4 44 0.079091
4 45 0.079091
4 46 0.079090
4 47 0.079090
4 48 0.079090
4 49 0.079090
4 50 0.079090
4 51 0.079090
4 52 0.079090
4 53 0.079090
4 54 0.079090
4 55 0.079090
4 56 0.079090
4 57 0.079091
4 58 0.079091
4 59 0.079092
4 60 0.079092
4 61 0.079093
4 62 0.079093
4 63 0.079094
4 64 0.079094
4 65 0.079094
4 66 0.079095
4 67 0.079095
4 68 0.079096
4 69 0.079096
4 70 0.079097
4 71 0.079097
4 72 0.079097
4 73 0.079098
4 74 0.079098
4 75 0.079098
4 76 0.079099
4 77 0.079099
4 78 0.079099
4 79 0.079099
4 80 0.079100
4 81 0.079100
4 82 0.079100
4 83 0.079100
4 84 0.079101
4 85 0.079101
4 86 0.079101
4 87 0.079102
4 88 0.079102
4 89 0.079102
4 90 0.079103
4 91 0.079103
4 92 0.079104
4 93 0.079103
4 94 0.079104
4 95 0.079103
4 96 0.079105
4 97 0.079103
4 98 0.079106
4 99 0.079104

5 0 0.079097
5 1 0.079100
5 2 0.079096
5 3 0.079098
5 4 0.079096
5 5 0.079097
5 6 0.079096
5 7 0.079096
5 8 0.079096
5 9 0.079096
5 10 0.079096
5 11 0.079096
5 12 0.079096
5 13 0.079097
5 14 0.079097
5 15 0.079097
5 16 0.079097
5 17 0.079098
5 18 0.079098
5 19 0.079098
5 20 0.079098
5 21 0.079098
5 22 0.079098
5 23 0.079098
5 24 0.079098
5 25 0.079098
5 26 0.079098
5 27 0.079098
5 28 0.079097
5 29 0.079097
5 30 0.079096
5 31 0.079096
5 32 0.079096
5 33 0.079095
5 34 0.079095
5 35 0.079094
5 36 0.079094
5 37 0.079094
5 38 0.079093
5 39 0.079093
5 40 0.079093
5 41 0.079093
5 42 0.079092
5 43 0.079092
5 44 0.079092
5 45 0.079092
5 46 0.079092
5 47 0.079091
5 48 0.079091
5 49 0.079091
5 50 0.079091
5 51 0.079091
5 52 0.079091
5 53 0.079091
5 54 0.079091
5 55 0.079091
5 56 0.079091
5 57 0.079092
5 58 0.079092
5 59 0.079092
5 60 0.079093
5 61 0.079093
5 62 0.079094
5 63 0.079094
5 64 0.079095
5 65 0.079095
5 66 0.079096
5 67 0.079096
5 68 0.079097
5 69 0.079097
5 70 0.079097
5 71 0.079098
5 72 0.079098
5 73 0.079099
5 74 0.079099
5 75 0.079099
5 76 0.079099
5 77 0.079100
5 78 0.079100
5 79 0.079100
5 80 0.079101
5 81 0.079101
5 82 0.079101
5 83 0.079102
5 84 0.079102
5 85 0.079102
5 86 0.079103
5 87 0.079103
5 88 0.079103
5 89 0.079103
5 90 0.079104
5 91 0.079103
5 92 0.079104
5 93 0.079103
5 94 0.079105
5 95 0.079103
5 96 0.079105
5 97 0.079103
5 98 0.079106
5 99 0.079103

6 0 0.079096
6 1 0.079099
6 2 0.079095
6 3 0.079098
6 4 0.079095
6 5 0.079096
6 6 0.079095
6 7 0.079095
6 8 0.079094
6 9 0.079095
6 10 0.079095
6 11 0.079095
6 12 0.079095
6 13 0.079095
6 14 0.079096
6 15 0.079096
6 16 0.079096
6 17 0.079096
6 18 0.079097
6 19 0.079097
6 20 0.079097
6 21 0.079097
6 22 0.079097
6 23 0.079097
6 24 0.079097
6 25 0.079097
6 26 0.079096
6 27 0.079096
6 28 0.079096
6 29 0.079095
6 30 0.079095
6 31 0.079095
6 32 0.079094
6 33 0.079094
6 34 0.079093
6 35 0.079093
6 36 0.079093
6 37 0.079092
6 38 0.079092
6 39 0.079092
6 40 0.079091
6 41 0.079091
6 42 0.079091
6 43 0.079090
6 44 0.079090
6 45 0.079090
6 46 0.079090
6 47 0.079089
6 48 0.079089
6 49 0.079089
6 50 0.079089
6 51 0.079089
6 52 0.079089
6 53 0.079089
6 54 0.079089
6 55 0.079089
6 56 0.079089
6 57 0.079090
6 58 0.079090
6 59 0.079091
6 60 0.079091
6 61 0.079092
6 62 0.079092
6 63 0.079093
6 64 0.079093
6 65 0.079094
6 66 0.079094
6 67 0.079095
6 68 0.079095
6 69 0.079096
6 70 0.079096
6 71 0.079097
6 72 0.079097
6 73 0.079098
6 74 0.079098
6 75 0.079098
6 76 0.079099
6 77 0.079099
6 78 0.079099
6 79 0.079100
6 80 0.079100
6 81 0.079100
6 82 0.079101
6 83 0.079101
6 84 0.079101
6 85 0.079102
6 86 0.079102
6 87 0.079102
6 88 0.079103
6 89 0.079103
6 90 0.079103
6 91 0.079103
6 92 0.079104
6 93 0.079103
6 94 0.079105
6 95 0.079103
6 96 0.079105
6 97 0.079102
6 98 0.079106
6 99 0.079102

7 0 0.079096
7 1 0.079100
7 2 0.079095
7 3 0.079098
7 4 0.079095
7 5 0.079097
7 6 0.079095
7 7 0.079096
7 8 0.079095
7 9 0.079095
7 10 0.079095
7 11 0.079095
7 12 0.079095
7 13 0.079096
7 14 0.079096
7 15 0.079096
7 16 0.079097
7 17 0.079097
7 18 0.079097
7 19 0.079097
7 20 0.079097
7 21 0.079098
7 22 0.079098
7 23 0.079097
7 24 0.079097
7 25 0.079097
7 26 0.079097
7 27 0.079097
7 28 0.079096
7 29 0.079096
7 30 0.079095
7 31 0.079095
7 32 0.079094
7 33 0.079094
7 34 0.079094
7 35 0.079093
7 36 0.079093
7 37 0.079092
7 38 0.079092
7 39 0.079092
7 40 0.079092
7 41 0.079091
7 42 0.079091
7 43 0.079091
7 44 0.079090
7 45 0.079090
7 46 0.079090
7 47 0.079089
7 48 0.079089
7 49 0.079089
7 50 0.079089
7 51 0.079089
7 52 0.079089
7 53 0.079089
7 54 0.079089
7 55 0.079089
7 56 0.079089
7 57 0.079090
7 58 0.079090
7 59 0.079091
7 60 0.079091
7 61 0.079092
7 62 0.079092
7 63 0.079093
7 64 0.079094
7 65 0.079094
7 66 0.079095
7 67 0.079095
7 68 0.079096
7 69 0.079096
7 70 0.079097
7 71 0.079097
7 72 0.079098
7 73 0.079098
7 74 0.079099
7 75 0.079099
7 76 0.079099
7 77 0.079099
7 78 0.079100
7 79 0.079100
7 80 0.079100
7 81 0.079101
7 82 0.079101
7 83 0.079102
7 84 0.079102
7 85 0.079102
7 86 0.079103
7 87 0.079103
7 88 0.079103
7 89 0.079103
7 90 0.079104
7 91 0.079103
7 92 0.079104
7 93 0.079103
7 94 0.079105
7 95 0.079103
7 96 0.079106
7 97 0.079102
7 98 0.079106
7 99 0.079102

8 0 0.079095
8 1 0.079100
8 2 0.079094
8 3 0.079098
8 4 0.079094
8 5 0.079096
8 6 0.079094
8 7 0.079095
8 8 0.079094
8 9 0.079095
8 10 0.079094
8 11 0.079095
8 12 0.079095
8 13 0.079095
8 14 0.079096
8 15 0.079096
8 16 0.079096
8 17 0.079097
8 18 0.079097
8 19 0.079097
8 20 0.079097
8 21 0.079097
8 22 0.079097
8 23 0.079097
8 24 0.079097
8 25 0.079097
8 26 0.079096
8 27 0.079096
8 28 0.079096
8 29 0.079095
8 30 0.079095
8 31 0.079094
8 32 0.079094
8 33 0.079093
8 34 0.079093
8 35 0.079093
8 36 0.079092
8 37 0.079092
8 38 0.079091
8 39 0.079091
8 40 0.079091
8 41 0.079090
8 42 0.079090
8 43 0.079090
8 44 0.079089
8 45 0.079089
8 46 0.079089
8 47 0.079088
8 48 0.079088
8 49 0.079088
8 50 0.079088
8 51 0.079087
8 52 0.079087
8 53 0.079088
8 54 0.079088
8 55 0.079088
8 56 0.079088
8 57 0.079089
8 58 0.079089
8 59 0.079090
8 60 0.079090
8 61 0.079091
8 62 0.079092
8 63 0.079092
8 64 0.079093
8 65 0.079093
8 66 0.079094
8 67 0.079094
8 68 0.079095
8 69 0.079096
8 70 0.079096
8 71 0.079097
8 72 0.079097
8 73 0.079098
8 74 0.079098
8 75 0.079099
8 76 0.079099
8 77 0.079099
8 78 0.079100
8 79 0.079100
8 80 0.079100
8 81 0.079101
8 82 0.079101
8 83 0.079101
8 84 0.079102
8 85 0.079102
8 86 0.079103
8 87 0.079103
8 88 0.079103
8 89 0.079103
8 90 0.079104
8 91 0.079103
8 92 0.079104
8 93 0.079103
8 94 0.079105
8 95 0.079102
8 96 0.079106
8 97 0.079101
8 98 0.079106
8 99 0.079101

9 0 0.079095
9 1 0.079101
9 2 0.079094
9 3 0.079099
9 4 0.079094
9 5 0.079096
9 6 0.079094
9 7 0.079095
9 8 0.079095
9 9 0.079095
9 10 0.079095
9 11 0.079095
9 12 0.079095
9 13 0.079096
9 14 0.079096
9 15 0.079096
9 16 0.079097
9 17 0.079097
9 18 0.079097
9 19 0.079097
9 20 0.079097
9 21 0.079097
9 22 0.079097
9 23 0.079097
9 24 0.079097
9 25 0.079097
9 26 0.079096
9 27 0.079096
9 28 0.079096
9 29 0.079095
9 30 0.079095
9 31 0.079094
9 32 0.079094
9 33 0.079093
9 34 0.079093
9 35 0.079093
9 36 0.079092
9 37 0.079092
9 38 0.079091
9 39 0.079091
9 40 0.079091
9 41 0.079090
9 42 0.079090
9 43 0.079090
9 44 0.079089
9 45 0.079089
9 46 0.079088
9 47 0.079088
9 48 0.079088
9 49 0.079087
9 50 0.079087
9 51 0.079087
9 52 0.079087
9 53 0.079087
9 54 0.079087
9 55 0.079088
9 56 0.079088
9 57 0.079089
9 58 0.079089
9 59 0.079090
9 60 0.079090
9 61 0.079091
9 62 0.079091
9 63 0.079092
9 64 0.079093
9 65 0.079093
9 66 0.079094
9 67 0.079094
9 68 0.079095
9 69 0.079096
9 70 0.079096
9 71 0.079097
9 72 0.079098
9 73 0.079098
9 74 0.079099
9 75 0.079099
9 76 0.079099
9 77 0.079100
9 78 0.079100
9 79 0.079100
9 80 0.079101
9 81 0.079101
9 82 0.079102
9 83 0.079102
9 84 0.079102
9 85 0.079103
9 86 0.079103
9 87 0.079103
9 88 0.079103
9 89 0.079103
9 90 0.079104
9 91 0.079103
9 92 0.079104
9 93 0.079103
9 94 0.079105
9 95 0.079102
9 96 0.079106
9 97 0.079101
9 98 0.079107
9 99 0.079100

10 0 0.079094
10 1 0.079101
10 2 0.079094
10 3 0.079098
10 4 0.079094
10 5 0.079096
10 6 0.079094
10 7 0.079095
10 8 0.079094
10 9 0.079095
10 10 0.079095
10 11 0.079095
10 12 0.079095
10 13 0.079096
10 14 0.079096
10 15 0.079096
10 16 0.079097
10 17 0.079097
10 18 0.079097
10 19 0.079097
10 20 0.079097
10 21 0.079097
10 22 0.079097
10 23 0.079097
10 24 0.079097
10 25 0.079096
10 26 0.079096
10 27 0.079096
10 28 0.079095
10 29 0.079095
10 30 0.079095
10 31 0.079094
10 32 0.079094
10 33 0.079093
10 34 0.079093
10 35 0.079092
10 36 0.079092
10 37 0.079092
10 38 0.079091
10 39 0.079091
10 40 0.079090
10 41 0.079090
10 42 0.079089
10 43 0.079089
10 44 0.079089
10 45 0.079088
10 46 0.079088
10 47 0.079087
10 48 0.079087
10 49 0.079087
10 50 0.079087
10 51 0.079086
10 52 0.079086
10 53 0.079087
10 54 0.079087
10 55 0.079087
10 56 0.079088
10 57 0.079088
10 58 0.079089
10 59 0.079089
10 60 0.079090
10 61 0.079090
10 62 0.079091
10 63 0.079092
10 64 0.079092
10 65 0.079093
10 66 0.079094
10 67 0.079094
10 68 0.079095
10 69 0.079096
10 70 0.079096
10 71 0.079097
10 72 0.079098
10 73 0.079098
10 74 0.079099
10 75 0.079099
10 76 0.079099
10 77 0.079100
10 78 0.079100
10 79 0.079101
10 80 0.079101
10 81 0.079101
10 82 0.079102
10 83 0.079102
10 84 0.079102
10 85 0.079103
10 86 0.079103
10 87 0.079103
10 88 0.079103
10 89 0.079103
10 90 0.079104
10 91 0.079103
10 92 0.079104
10 93 0.079103
10 94 0.079105
10 95 0.079102
10 96 0.079106
10 97 0.079100
10 98 0.079107
10 99 0.079100

11 0 0.079095
11 1 0.079101
11 2 0.079094
11 3 0.079099
11 4 0.079094
11 5 0.079097
11 6 0.079094
11 7 0.079096
11 8 0.079095
11 9 0.079095
11 10 0.079095
11 11 0.079096
11 12 0.079096
11 13 0.079096
11 14 0.079096
11 15 0.079097
11 16 0.079097
11 17 0.079097
11 18 0.079097
11 19 0.079097
11 20 0.079097
11 21 0.079097
11 22 0.079097
11 23 0.079097
11 24 0.079097
11 25 0.079097
11 26 0.079096
11 27 0.079096
11 28 0.079095
11 29 0.079095
11 30 0.079095
11 31 0.079094
11 32 0.079094
11 33 0.079093
11 34 0.079093
11 35 0.079092
11 36 0.079092
11 37 0.079092
11 38 0.079091
11 39 0.079091
11 40 0.079090
11 41 0.079090
11 42 0.079089
11 43 0.079089
11 44 0.079088
11 45 0.079088
11 46 0.079087
11 47 0.079087
11 48 0.079087
11 49 0.079086
11 50 0.079086
11 51 0.079086
11 52 0.079086
11 53 0.079086
11 54 0.079087
11 55 0.079087
11 56 0.079087
11 57 0.079088
11 58 0.079088
11 59 0.079089
11 60 0.079090
11 61 0.079090
11 62 0.079091
11 63 0.079091
11 64 0.079092
11 65 0.079093
11 66 0.079093
11 67 0.079094
11 68 0.079095
11 69 0.079096
11 70 0.079096
11 71 0.079097
11 72 0.079098
11 73 0.079098
11 74 0.079099
11 75 0.079099
11 76 0.079100
11 77 0.079100
11 78 0.079100
11 79 0.079101
11 80 0.079101
11 81 0.079102
11 82 0.079102
11 83 0.079102
11 84 0.079103
11 85 0.079103
11 86 0.079103
11 87 0.079103
11 88 0.079104
11 89 0.079104
11 90 0.079104
11 91 0.079104
11 92 0.079104
11 93 0.079103
11 94 0.079105
11 95 0.079102
11 96 0.079106
11 97 0.079100
11 98 0.079107
11 99 0.079099

12 0 0.079095
12 1 0.079101
12 2 0.079094
12 3 0.079099
12 4 0.079094
12 5 0.079097
12 6 0.079094
12 7 0.079096
12 8 0.079095
12 9 0.079095
12 10 0.079095
12 11 0.079096
12 12 0.079096
12 13 0.079096
12 14 0.079097
12 15 0.079097
12 16 0.079097
12 17 0.079097
12 18 0.079098
12 19 0.079098
12 20 0.079098
12 21 0.079097
12 22 0.079097
12 23 0.079097
12 24 0.079097
12 25 0.079096
12 26 0.079096
12 27 0.079096
12 28 0.079095
12 29 0.079095
12 30 0.079095
12 31 0.079094
12 32 0.079094
12 33 0.079093
12 34 0.079093
12 35 0.079092
12 36 0.079092
12 37 0.079091
12 38 0.079091
12 39 0.079091
12 40 0.079090
12 41 0.079090
12 42 0.079089
12 43 0.079089
12 44 0.079088
12 45 0.079087
12 46 0.079087
12 47 0.079087
12 48 0.079086
12 49 0.079086
12 50 0.079086
12 51 0.079086
12 52 0.079086
12 53 0.079086
12 54 0.079086
12 55 0.079087
12 56 0.079087
12 57 0.079087
12 58 0.079088
12 59 0.079089
12 60 0.079089
12 61 0.079090
12 62 0.079091
12 63 0.079091
12 64 0.079092
12 65 0.079093
12 66 0.079093
12 67 0.079094
12 68 0.079095
12 69 0.079096
12 70 0.079097
12 71 0.079097
12 72 0.079098
12 73 0.079099
12 74 0.079099
12 75 0.079100
12 76 0.079100
12 77 0.079100
12 78 0.079101
12 79 0.079101
12 80 0.079102
12 81 0.079102
12 82 0.079102
12 83 0.079103
12 84 0.079103
12 85 0.079103
12 86 0.079103
12 87 0.079103
12 88 0.079104
12 89 0.079103
12 90 0.079104
12 91 0.079103
12 92 0.079104
12 93 0.079103
12 94 0.079104
12 95 0.079102
12 96 0.079105
12 97 0.079100
12 98 0.079106
12 99 0.079099

13 0 0.079095
13 1 0.079101
13 2 0.079094
13 3 0.079099
13 4 0.079095
13 5 0.079097
13 6 0.079095
13 7 0.079096
13 8 0.079095
13 9 0.079096
13 10 0.079096
13 11 0.079096
13 12 0.079096
13 13 0.079097
13 14 0.079097
13 15 0.079097
13 16 0.079098
13 17 0.079098
13 18 0.079098
13 19 0.079098
13 20 0.079098
13 21 0.079098
13 22 0.079097
13 23 0.079097
13 24 0.079097
13 25 0.079097
13 26 0.079096
13 27 0.079096
13 28 0.079095
13 29 0.079095
13 30 0.079095
13 31 0.079094
13 32 0.079094
13 33 0.079093
13 34 0.079093
13 35 0.079092
13 36 0.079092
13 37 0.079092
13 38 0.079091
13 39 0.079091
13 40 0.079090
13 41 0.079089
13 42 0.079089
13 43 0.079088
13 44 0.079088
13 45 0.079087
13 46 0.079087
13 47 0.079086
13 48 0.079086
13 49 0.079086
13 50 0.079086
13 51 0.079086
13 52 0.079086
13 53 0.079086
13 54 0.079086
13 55 0.079086
13 56 0.079087
13 57 0.079087
13 58 0.079088
13 59 0.079088
13 60 0.079089
13 61 0.079090
13 62 0.079090
13 63 0.079091
13 64 0.079092
13 65 0.079093
13 66 0.079093
13 67 0.079094
13 68 0.079095
13 69 0.079096
13 70 0.079097
13 71 0.079098
13 72 0.079098
13 73 0.079099
13 74 0.079099
13 75 0.079100
13 76 0.079100
13 77 0.079101
13 78 0.079101
13 79 0.079101
13 80 0.079102
13 81 0.079102
13 82 0.079102
13 83 0.079103
13 84 0.079103
13 85 0.079103
13 86 0.079103
13 87 0.079103
13 88 0.079104
13 89 0.079104
13 90 0.079104
13 91 0.079103
13 92 0.079104
13 93 0.079103
13 94 0.079104
13 95 0.079102
13 96 0.079105
13 97 0.079100
13 98 0.079106
13 99 0.079099

14 0 0.079095
14 1 0.079101
14 2 0.079095
14 3 0.079099
14 4 0.079095
14 5 0.079097
14 6 0.079095
14 7 0.079096
14 8 0.079096
14 9 0.079096
14 10 0.079096
14 11 0.079097
14 12 0.079097
14 13 0.079097
14 14 0.079097
14 15 0.079098
14 16 0.079098
14 17 0.079098
14 18 0.079098
14 19 0.079098
14 20 0.079098
14 21 0.079098
14 22 0.079097
14 23 0.079097
14 24 0.079097
14 25 0.079097
14 26 0.079096
14 27 0.079096
14 28 0.079095
14 29 0.079095
14 30 0.079095
14 31 0.079094
14 32 0.079094
14 33 0.079093
14 34 0.079093
14 35 0.079093
14 36 0.079092
14 37 0.079092
14 38 0.079091
14 39 0.079090
14 40 0.079090
14 41 0.079089
14 42 0.079089
14 43 0.079088
14 44 0.079088
14 45 0.079087
14 46 0.079087
14 47 0.079086
14 48 0.079086
14 49 0.079085
14 50 0.079085
14 51 0.079085
14 52 0.079085
14 53 0.079086
14 54 0.079086
14 55 0.079086
14 56 0.079087
14 57 0.079087
14 58 0.079088
14 59 0.079088
14 60 0.079089
14 61 0.079090
14 62 0.079090
14 63 0.079091
14 64 0.079092
14 65 0.079093
14 66 0.079094
14 67 0.079094
14 68 0.079095
14 69 0.079096
14 70 0.079097
14 71 0.079098
14 72 0.079099
14 73 0.079099
14 74 0.079100
14 75 0.079100
14 76 0.079101
14 77 0.079101
14 78 0.079101
14 79 0.079102
14 80 0.079102
14 81 0.079102
14 82 0.079103
14 83 0.079103
14 84 0.079103
14 85 0.079103
14 86 0.079103
14 87 0.079103
14 88 0.079104
14 89 0.079103
14 90 0.079104
14 91 0.079103
14 92 0.079104
14 93 0.079103
14 94 0.079104
14 95 0.079102
14 96 0.079105
14 97 0.079100
14 98 0.079106
14 99 0.079099

15 0 0.079096
15 1 0.079102
15 2 0.079095
15 3 0.079099
15 4 0.079095
15 5 0.079097
15 6 0.079096
15 7 0.079097
15 8 0.079096
15 9 0.079097
15 10 0.079097
15 11 0.079097
15 12 0.079097
15 13 0.079098
15 14 0.079098
15 15 0.079098
15 16 0.079098
15 17 0.079098
15 18 0.079098
15 19 0.079098
15 20 0.079098
15 21 0.079098
15 22 0.079097
15 23 0.079097
15 24 0.079097
15 25 0.079097
15 26 0.079096
15 27 0.079096
15 28 0.079096
15 29 0.079095
15 30 0.079095
15 31 0.079094
15 32 0.079094
15 33 0.079094
15 34 0.079093
15 35 0.079093
15 36 0.079092
15 37 0.079092
15 38 0.079091
15 39 0.079091
15 40 0.079090
15 41 0.079089
15 42 0.079089
15 43 0.079088
15 44 0.079088
15 45 0.079087
15 46 0.079086
15 47 0.079086
15 48 0.079086
15 49 0.079085
15 50 0.079085
15 51 0.079085
15 52 0.079085
15 53 0.079086
15 54 0.079086
15 55 0.079086
15 56 0.079087
15 57 0.079087
15 58 0.079088
15 59 0.079088
15 60 0.079089
15 61 0.079090
15 62 0.079090
15 63 0.079091
15 64 0.079092
15 65 0.079093
15 66 0.079094
15 67 0.079095
15 68 0.079096
15 69 0.079096
15 70 0.079097
15 71 0.079098
15 72 0.079099
15 73 0.079099
15 74 0.079100
15 75 0.079100
15 76 0.079101
15 77 0.079101
15 78 0.079102
15 79 0.079102
15 80 0.079102
15 81 0.079102
15 82 0.079103
15 83 0.079103
15 84 0.079103
15 85 0.079103
15 86 0.079103
15 87 0.079103
15 88 0.079104
15 89 0.079103
15 90 0.079104
15 91 0.079103
15 92 0.079104
15 93 0.079103
15 94 0.079104
15 95 0.079102
15 96 0.079105
15 97 0.079100
15 98 0.079106
15 99 0.079099

16 0 0.079096
16 1 0.079101
16 2 0.079096
16 3 0.079099
16 4 0.079096
16 5 0.079098
16 6 0.079096
16 7 0.079097
16 8 0.079097
16 9 0.079097
16 10 0.079097
16 11 0.079097
16 12 0.079098
16 13 0.079098
16 14 0.079098
16 15 0.079098
16 16 0.079098
16 17 0.079098
16 18 0.079098
16 19 0.079098
16 20 0.079098
16 21 0.079098
16 22 0.079098
16 23 0.079097
16 24 0.079097
16 25 0.079097
16 26 0.079096
16 27 0.079096
16 28 0.079096
16 29 0.079095
16 30 0.079095
16 31 0.079095
16 32 0.079094
16 33 0.079094
16 34 0.079093
16 35 0.079093
16 36 0.079092
16 37 0.079092
16 38 0.079091
16 39 0.079091
16 40 0.079090
16 41 0.079089
16 42 0.079089
16 43 0.079088
16 44 0.079087
16 45 0.079087
16 46 0.079086
16 47 0.079086
16 48 0.079086
16 49 0.079085
16 50 0.079085
16 51 0.079085
16 52 0.079085
16 53 0.079086
16 54 0.079086
16 55 0.079086
16 56 0.079087
16 57 0.079087
16 58 0.079088
16 59 0.079089
16 60 0.079089
16 61 0.079090
16 62 0.079091
16 63 0.079091
16 64 0.079092
16 65 0.079093
16 66 0.079094
16 67 0.079095
16 68 0.079096
16 69 0.079097
16 70 0.079098
16 71 0.079099
16 72 0.079099
16 73 0.079100
16 74 0.079100
16 75 0.079101
16 76 0.079101
16 77 0.079101
16 78 0.079102
16 79 0.079102
16 80 0.079102
16 81 0.079103
16 82 0.079103
16 83 0.079103
16 84 0.079103
16 85 0.079103
16 86 0.079103
16 87 0.079103
16 88 0.079103
16 89 0.079103
16 90 0.079103
16 91 0.079103
16 92 0.079103
16 93 0.079103
16 94 0.079104
16 95 0.079101
16 96 0.079104
16 97 0.079100
16 98 0.079105
16 99 0.079099

17 0 0.079097
17 1 0.079102
17 2 0.079096
17 3 0.079100
17 4 0.079096
17 5 0.079098
17 6 0.079097
17 7 0.079097
17 8 0.079097
17 9 0.079097
17 10 0.079098
17 11 0.079098
17 12 0.079098
17 13 0.079098
17 14 0.079099
17 15 0.079099
17 16 0.079099
17 17 0.079099
17 18 0.079099
17 19 0.079098
17 20 0.079098
17 21 0.079098
17 22 0.079098
17 23 0.079097
17 24 0.079097
17 25 0.079097
17 26 0.079096
17 27 0.079096
17 28 0.079096
17 29 0.079096
17 30 0.079095
17 31 0.079095
17 32 0.079094
17 33 0.079094
17 34 0.079093
17 35 0.079093
17 36 0.079092
17 37 0.079092
17 38 0.079091
17 39 0.079091
17 40 0.079090
17 41 0.079089
17 42 0.079089
17 43 0.079088
17 44 0.079087
17 45 0.079087
17 46 0.079086
17 47 0.079086
17 48 0.079086
17 49 0.079085
17 50 0.079085
17 51 0.079085
17 52 0.079086
17 53 0.079086
17 54 0.079086
17 55 0.079086
17 56 0.079087
17 57 0.079087
17 58 0.079088
17 59 0.079089
17 60 0.079089
17 61 0.079090
17 62 0.079091
17 63 0.079092
17 64 0.079092
17 65 0.079093
17 66 0.079094
17 67 0.079095
17 68 0.079096
17 69 0.079097
17 70 0.079098
17 71 0.079099
17 72 0.079099
17 73 0.079100
17 74 0.079100
17 75 0.079101
17 76 0.079101
17 77 0.079102
17 78 0.079102
17 79 0.079102
17 80 0.079102
17 81 0.079103
17 82 0.079103
17 83 0.079103
17 84 0.079103
17 85 0.079103
17 86 0.079103
17 87 0.079103
17 88 0.079103
17 89 0.079103
17 90 0.079103
17 91 0.079103
17 92 0.079103
17 93 0.079102
17 94 0.079103
17 95 0.079101
17 96 0.079104
17 97 0.079100
17 98 0.079105
17 99 0.079099

18 0 0.079097
18 1 0.079102
18 2 0.079097
18 3 0.079100
18 4 0.079097
18 5 0.079098
18 6 0.079097
18 7 0.079098
18 8 0.079097
18 9 0.079098
18 10 0.079098
18 11 0.079098
18 12 0.079098
18 13 0.079099
18 14 0.079099
18 15 0.079099
18 16 0.079099
18 17 0.079099
18 18 0.079099
18 19 0.079098
18 20 0.079098
18 21 0.079098
18 22 0.079098
18 23 0.079097
18 24 0.079097
18 25 0.079097
18 26 0.079097
18 27 0.079096
18 28 0.079096
18 29 0.079096
18 30 0.079095
18 31 0.079095
18 32 0.079095
18 33 0.079094
18 34 0.079094
18 35 0.079093
18 36 0.079093
18 37 0.079092
18 38 0.079091
18 39 0.079091
18 40 0.079090
18 41 0.079089
18 42 0.079089
18 43 0.079088
18 44 0.079087
18 45 0.079087
18 46 0.079086
18 47 0.079086
18 48 0.079086
18 49 0.079086
18 50 0.079086
18 51 0.079086
18 52 0.079086
18 53 0.079086
18 54 0.079086
18 55 0.079087
18 56 0.079087
18 57 0.079088
18 58 0.079088
18 59 0.079089
18 60 0.079090
18 61 0.079090
18 62 0.079091
18 63 0.079092
18 64 0.079093
18 65 0.079094
18 66 0.079095
18 67 0.079096
18 68 0.079097
18 69 0.079097
18 70 0.079098
18 71 0.079099
18 72 0.079100
18 73 0.079100
18 74 0.079101
18 75 0.079101
18 76 0.079101
18 77 0.079102
18 78 0.079102
18 79 0.079102
18 80 0.079102
18 81 0.079103
18 82 0.079103
18 83 0.079103
18 84 0.079103
18 85 0.079103
18 86 0.079103
18 87 0.079103
18 88 0.079103
18 89 0.079103
18 90 0.079103
18 91 0.079103
18 92 0.079103
18 93 0.079102
18 94 0.079103
18 95 0.079101
18 96 0.079104
18 97 0.079100
18 98 0.079104
18 99 0.079099

19 0 0.079098
19 1 0.079102
19 2 0.079097
19 3 0.079100
19 4 0.079097
19 5 0.079099
19 6 0.079098
19 7 0.079098
19 8 0.079098
19 9 0.079098
19 10 0.079098
19 11 0.079099
19 12 0.079099
19 13 0.079099
19 14 0.079099
19 15 0.079099
19 16 0.079099
19 17 0.079099
19 18 0.079099
19 19 0.079098
19 20 0.079098
19 21 0.079098
19 22 0.079098
19 23 0.079097
19 24 0.079097
19 25 0.079097
19 26 0.079097
19 27 0.079097
19 28 0.079096
19 29 0.079096
19 30 0.079096
19 31 0.079095
19 32 0.079095
19 33 0.079094
19 34 0.079094
19 35 0.079093
19 36 0.079093
19 37 0.079092
19 38 0.079091
19 39 0.079091
19 40 0.079090
19 41 0.079089
19 42 0.079089
19 43 0.079088
19 44 0.079088
19 45 0.079087
19 46 0.079087
19 47 0.079086
19 48 0.079086
19 49 0.079086
19 50 0.079086
19 51 0.079086
19 52 0.079086
19 53 0.079086
19 54 0.079087
19 55 0.079087
19 56 0.079087
19 57 0.079088
19 58 0.079089
19 59 0.079089
19 60 0.079090
19 61 0.079091
19 62 0.079091
19 63 0.079092
19 64 0.079093
19 65 0.079094
19 66 0.079095
19 67 0.079096
19 68 0.079097
19 69 0.079098
19 70 0.079098
19 71 0.079099
19 72 0.079100
19 73 0.079100
19 74 0.079101
19 75 0.079101
19 76 0.079101
19 77 0.079102
19 78 0.079102
19 79 0.079102
19 80 0.079102
19 81 0.079102
19 82 0.079102
19 83 0.079103
19 84 0.079103
19 85 0.079103
19 86 0.079103
19 87 0.079103
19 88 0.079103
19 89 0.079103
19 90 0.079103
19 91 0.079103
19 92 0.079103
19 93 0.079102
19 94 0.079103
19 95 0.079101
19 96 0.079103
19 97 0.079100
19 98 0.079104
19 99 0.079099

20 0 0.079098
20 1 0.079102
20 2 0.079097
20 3 0.079100
20 4 0.079098
20 5 0.079099
20 6 0.079098
20 7 0.079098
20 8 0.079098
20 9 0.079099
20 10 0.079099
20 11 0.079099
20 12 0.079099
20 13 0.079099
20 14 0.079099
20 15 0.079099
20 16 0.079099
20 17 0.079099
20 18 0.079099
20 19 0.079099
20 20 0.079098
20 21 0.079098
20 22 0.079098
20 23 0.079098
20 24 0.079097
20 25 0.079097
20 26 0.079097
20 27 0.079097
20 28 0.079096
20 29 0.079096
20 30 0.079096
20 31 0.079095
20 32 0.079095
20 33 0.079095
20 34 0.079094
20 35 0.079093
20 36 0.079093
20 37 0.079092
20 38 0.079092
20 39 0.079091
20 40 0.079090
20 41 0.079090
20 42 0.079089
20 43 0.079088
20 44 0.079088
20 45 0.079087
20 46 0.079087
20 47 0.079086
20 48 0.079086
20 49 0.079086
20 50 0.079086
20 51 0.079086
20 52 0.079086
20 53 0.079087
20 54 0.079087
20 55 0.079087
20 56 0.079088
20 57 0.079088
20 58 0.079089
20 59 0.079090
20 60 0.079090
20 61 0.079091
20 62 0.079092
20 63 0.079093
20 64 0.079093
20 65 0.079094
20 66 0.079095
20 67 0.079096
20 68 0.079097
20 69 0.079098
20 70 0.079099
20 71 0.079099
20 72 0.079100
20 73 0.079101
20 74 0.079101
20 75 0.079101
20 76 0.079102
20 77 0.079102
20 78 0.079102
20 79 0.079102
20 80 0.079102
20 81 0.079102
20 82 0.079102
20 83 0.079102
20 84 0.079103
20 85 0.079103
20 86 0.079103
20 87 0.079103
20 88 0.079103
20 89 0.079103
20 90 0.079103
20 91 0.079103
20 92 0.079103
20 93 0.079102
20 94 0.079103
20 95 0.079101
20 96 0.079103
20 97 0.079100
20 98 0.079103
20 99 0.079099

21 0 0.079098
21 1 0.079102
21 2 0.079098
21 3 0.079100
21 4 0.079098
21 5 0.079099
21 6 0.079098
21 7 0.079099
21 8 0.079099
21 9 0.079099
21 10 0.079099
21 11 0.079099
21 12 0.079099
21 13 0.079099
21 14 0.079099
21 15 0.079099
21 16 0.079099
21 17 0.079099
21 18 0.079099
21 19 0.079099
21 20 0.079098
21 21 0.079098
21 22 0.079098
21 23 0.079098
21 24 0.079098
21 25 0.079097
21 26 0.079097
21 27 0.079097
21 28 0.079097
21 29 0.079096
21 30 0.079096
21 31 0.079096
21 32 0.079095
21 33 0.079095
21 34 0.079094
21 35 0.079094
21 36 0.079093
21 37 0.079092
21 38 0.079092
21 39 0.079091
21 40 0.079090
21 41 0.079090
21 42 0.079089
21 43 0.079088
21 44 0.079088
21 45 0.079087
21 46 0.079087
21 47 0.079087
21 48 0.079086
21 49 0.079086
21 50 0.079086
21 51 0.079086
21 52 0.079087
21 53 0.079087
21 54 0.079087
21 55 0.079088
21 56 0.079088
21 57 0.079089
21 58 0.079089
21 59 0.079090
21 60 0.079091
21 61 0.079091
21 62 0.079092
21 63 0.079093
21 64 0.079094
21 65 0.079095
21 66 0.079096
21 67 0.079096
21 68 0.079097
21 69 0.079098
21 70 0.079099
21 71 0.079100
21 72 0.079100
21 73 0.079101
21 74 0.079101
21 75 0.079101
21 76 0.079101
21 77 0.079102
21 78 0.079102
21 79 0.079102
21 80 0.079102
21 81 0.079102
21 82 0.079102
21 83 0.079102
21 84 0.079102
21 85 0.079102
21 86 0.079103
21 87 0.079103
21 88 0.079103
21 89 0.079103
21 90 0.079103
21 91 0.079102
21 92 0.079102
21 93 0.079102
21 94 0.079102
21 95 0.079101
21 96 0.079103
21 97 0.079099
21 98 0.079103
21 99 0.079098

22 0 0.079098
22 1 0.079103
22 2 0.079098
22 3 0.079101
22 4 0.079098
22 5 0.079099
22 6 0.079099
22 7 0.079099
22 8 0.079099
22 9 0.079099
22 10 0.079099
22 11 0.079100
22 12 0.079100
22 13 0.079100
22 14 0.079100
22 15 0.079100
22 16 0.079099
22 17 0.079099
22 18 0.079099
22 19 0.079099
22 20 0.079098
22 21 0.079098
22 22 0.079098
22 23 0.079098
22 24 0.079098
22 25 0.079097
22 26 0.079097
22 27 0.079097
22 28 0.079097
22 29 0.079097
22 30 0.079096
22 31 0.079096
22 32 0.079095
22 33 0.079095
22 34 0.079094
22 35 0.079094
22 36 0.079093
22 37 0.079092
22 38 0.079092
22 39 0.079091
22 40 0.079090
22 41 0.079090
22 42 0.079089
22 43 0.079089
22 44 0.079088
22 45 0.079088
22 46 0.079087
22 47 0.079087
22 48 0.079087
22 49 0.079087
22 50 0.079087
22 51 0.079087
22 52 0.079087
22 53 0.079087
22 54 0.079088
22 55 0.079088
22 56 0.079089
22 57 0.079089
22 58 0.079090
22 59 0.079090
22 60 0.079091
22 61 0.079092
22 62 0.079092
22 63 0.079093
22 64 0.079094
22 65 0.079095
22 66 0.079096
22 67 0.079097
22 68 0.079098
22 69 0.079098
22 70 0.079099
22 71 0.079100
22 72 0.079100
22 73 0.079101
22 74 0.079101
22 75 0.079101
22 76 0.079101
22 77 0.079102
22 78 0.079102
22 79 0.079102
22 80 0.079102
22 81 0.079102
22 82 0.079102
22 83 0.079102
22 84 0.079102
22 85 0.079102
22 86 0.079102
22 87 0.079102
22 88 0.079102
22 89 0.079102
22 90 0.079102
22 91 0.079102
22 92 0.079102
22 93 0.079102
22 94 0.079102
22 95 0.079100
22 96 0.079102
22 97 0.079099
22 98 0.079103
22 99 0.079097

23 0 0.079098
23 1 0.079103
23 2 0.079098
23 3 0.079101
23 4 0.079098
23 5 0.079100
23 6 0.079099
23 7 0.079099
23 8 0.079099
23 9 0.079099
23 10 0.079100
23 11 0.079100
23 12 0.079100
23 13 0.079100
23 14 0.079100
23 15 0.079100
23 16 0.079099
23 17 0.079099
23 18 0.079099
23 19 0.079099
23 20 0.079098
23 21 0.079098
23 22 0.079098
23 23 0.079098
23 24 0.079098
23 25 0.079098
23 26 0.079097
23 27 0.079097
23 28 0.079097
23 29 0.079097
23 30 0.079096
23 31 0.079096
23 32 0.079095
23 33 0.079095
23 34 0.079094
23 35 0.079094
23 36 0.079093
23 37 0.079092
23 38 0.079092
23 39 0.079091
23 40 0.079090
23 41 0.079090
23 42 0.079089
23 43 0.079089
23 44 0.079088
23 45 0.079088
23 46 0.079088
23 47 0.079087
23 48 0.079087
23 49 0.079087
23 50 0.079087
23 51 0.079087
23 52 0.079088
23 53 0.079088
23 54 0.079088
23 55 0.079089
23 56 0.079089
23 57 0.079090
23 58 0.079090
23 59 0.079091
23 60 0.079091
23 61 0.079092
23 62 0.079093
23 63 0.079094
23 64 0.079094
23 65 0.079095
23 66 0.079096
23 67 0.079097
23 68 0.079098
23 69 0.079098
23 70 0.079099
23 71 0.079100
23 72 0.079100
23 73 0.079100
23 74 0.079101
23 75 0.079101
23 76 0.079101
23 77 0.079101
23 78 0.079101
23 79 0.079102
23 80 0.079102
23 81 0.079102
23 82 0.079102
23 83 0.079102
23 84 0.079102
23 85 0.079102
23 86 0.079102
23 87 0.079102
23 88 0.079102
23 89 0.079102
23 90 0.079102
23 91 0.079102
23 92 0.079102
23 93 0.079101
23 94 0.079102
23 95 0.079100
23 96 0.079102
23 97 0.079098
23 98 0.079103
23 99 0.079097

24 0 0.079097
24 1 0.079103
24 2 0.079098
24 3 0.079101
24 4 0.079099
24 5 0.079100
24 6 0.079099
24 7 0.079100
24 8 0.079099
24 9 0.079100
24 10 0.079100
24 11 0.079100
24 12 0.079100
24 13 0.079100
24 14 0.079100
24 15 0.079100
24 16 0.079099
24 17 0.079099
24 18 0.079099
24 19 0.079099
24 20 0.079099
24 21 0.079098
24 22 0.079098
24 23 0.079098
24 24 0.079098
24 25 0.079098
24 26 0.079098
24 27 0.079097
24 28 0.079097
24 29 0.079097
24 30 0.079096
24 31 0.079096
24 32 0.079095
24 33 0.079095
24 34 0.079094
24 35 0.079094
24 36 0.079093
24 37 0.079092
24 38 0.079092
24 39 0.079091
24 40 0.079091
24 41 0.079090
24 42 0.079089
24 43 0.079089
24 44 0.079089
24 45 0.079088
24 46 0.079088
24 47 0.079088
24 48 0.079088
24 49 0.079088
24 50 0.079088
24 51 0.079088
24 52 0.079088
24 53 0.079088
24 54 0.079089
24 55 0.079089
24 56 0.079090
24 57 0.079090
24 58 0.079091
24 59 0.079091
24 60 0.079092
24 61 0.079092
24 62 0.079093
24 63 0.079094
24 64 0.079095
24 65 0.079096
24 66 0.079096
24 67 0.079097
24 68 0.079098
24 69 0.079099
24 70 0.079099
24 71 0.079100
24 72 0.079100
24 73 0.079100
24 74 0.079101
24 75 0.079101
24 76 0.079101
24 77 0.079101
24 78 0.079101
24 79 0.079101
24 80 0.079101
24 81 0.079101
24 82 0.079102
24 83 0.079102
24 84 0.079102
24 85 0.079102
24 86 0.079102
24 87 0.079102
24 88 0.079102
24 89 0.079102
24 90 0.079102
24 91 0.079102
24 92 0.079102
24 93 0.079101
24 94 0.079102
24 95 0.079100
24 96 0.079102
24 97 0.079098
24 98 0.079103
24 99 0.079096

25 0 0.079097
25 1 0.079103
25 2 0.079098
25 3 0.079101
25 4 0.079099
25 5 0.079100
25 6 0.079099
25 7 0.079100
25 8 0.079100
25 9 0.079100
25 10 0.079100
25 11 0.079100
25 12 0.079100
25 13 0.079100
25 14 0.079100
25 15 0.079100
25 16 0.079099
25 17 0.079099
25 18 0.079099
25 19 0.079099
25 20 0.079098
25 21 0.079098
25 22 0.079098
25 23 0.079098
25 24 0.079098
25 25 0.079098
25 26 0.079098
25 27 0.079097
25 28 0.079097
25 29 0.079097
25 30 0.079096
25 31 0.079096
25 32 0.079095
25 33 0.079095
25 34 0.079094
25 35 0.079094
25 36 0.079093
25 37 0.079092
25 38 0.079092
25 39 0.079091
25 40 0.079091
25 41 0.079090
25 42 0.079090
25 43 0.079089
25 44 0.079089
25 45 0.079089
25 46 0.079088
25 47 0.079088
25 48 0.079088
25 49 0.079088
25 50 0.079088
25 51 0.079088
25 52 0.079088
25 53 0.079089
25 54 0.079089
25 55 0.079090
25 56 0.079090
25 57 0.079090
25 58 0.079091
25 59 0.079092
25 60 0.079092
25 61 0.079093
25 62 0.079093
25 63 0.079094
25 64 0.079095
25 65 0.079096
25 66 0.079096
25 67 0.079097
25 68 0.079098
25 69 0.079098
25 70 0.079099
25 71 0.079099
25 72 0.079100
25 73 0.079100
25 74 0.079100
25 75 0.079100
25 76 0.079101
25 77 0.079101
25 78 0.079101
25 79 0.079101
25 80 0.079101
25 81 0.079101
25 82 0.079101
25 83 0.079101
25 84 0.079101
25 85 0.079102
25 86 0.079102
25 87 0.079102
25 88 0.079102
25 89 0.079102
25 90 0.079102
25 91 0.079101
25 92 0.079101
25 93 0.079101
25 94 0.079101
25 95 0.079100
25 96 0.079102
25 97 0.079098
25 98 0.079102
25 99 0.079095

26 0 0.079097
26 1 0.079103
26 2 0.079098
26 3 0.079101
26 4 0.079099
26 5 0.079100
26 6 0.079099
26 7 0.079100
26 8 0.079100
26 9 0.079100
26 10 0.079100
26 11 0.079100
26 12 0.079100
26 13 0.079100
26 14 0.079100
26 15 0.079099
26 16 0.079099
26 17 0.079099
26 18 0.079099
26 19 0.079099
26 20 0.079098
26 21 0.079098
26 22 0.079098
26 23 0.079098
26 24 0.079098
26 25 0.079098
26 26 0.079098
26 27 0.079097
26 28 0.079097
26 29 0.079097
26 30 0.079096
26 31 0.079096
26 32 0.079095
26 33 0.079095
26 34 0.079094
26 35 0.079094
26 36 0.079093
26 37 0.079093
26 38 0.079092
26 39 0.079091
26 40 0.079091
26 41 0.079090
26 42 0.079090
26 43 0.079090
26 44 0.079089
26 45 0.079089
26 46 0.079089
26 47 0.079089
26 48 0.079088
26 49 0.079088
26 50 0.079089
26 51 0.079089
26 52 0.079089
26 53 0.079089
26 54 0.079090
26 55 0.079090
26 56 0.079090
26 57 0.079091
26 58 0.079091
26 59 0.079092
26 60 0.079093
26 61 0.079093
26 62 0.079094
26 63 0.079094
26 64 0.079095
26 65 0.079096
26 66 0.079097
26 67 0.079097
26 68 0.079098
26 69 0.079098
26 70 0.079099
26 71 0.079099
26 72 0.079100
26 73 0.079100
26 74 0.079100
26 75 0.079100
26 76 0.079100
26 77 0.079100
26 78 0.079101
26 79 0.079101
26 80 0.079101
26 81 0.079101
26 82 0.079101
26 83 0.079101
26 84 0.079101
26 85 0.079101
26 86 0.079101
26 87 0.079101
26 88 0.079101
26 89 0.079101
26 90 0.079101
26 91 0.079101
26 92 0.079101
26 93 0.079100
26 94 0.079101
26 95 0.079099
26 96 0.079101
26 97 0.079097
26 98 0.079102
26 99 0.079095

27 0 0.079097
27 1 0.079103
27 2 0.079098
27 3 0.079101
27 4 0.079099
27 5 0.079100
27 6 0.079099
27 7 0.079100
27 8 0.079100
27 9 0.079100
27 10 0.079100
27 11 0.079100
27 12 0.079100
27 13 0.079100
27 14 0.079100
27 15 0.079099
27 16 0.079099
27 17 0.079099
27 18 0.079099
27 19 0.079099
27 20 0.079098
27 21 0.079098
27 22 0.079098
27 23 0.079098
27 24 0.079098
27 25 0.079098
27 26 0.079097
27 27 0.079097
27 28 0.079097
27 29 0.079097
27 30 0.079096
27 31 0.079096
27 32 0.079095
27 33 0.079095
27 34 0.079094
27 35 0.079094
27 36 0.079093
27 37 0.079093
27 38 0.079092
27 39 0.079092
27 40 0.079091
27 41 0.079091
27 42 0.079090
27 43 0.079090
27 44 0.079090
27 45 0.079089
27 46 0.079089
27 47 0.079089
27 48 0.079089
27 49 0.079089
27 50 0.079089
27 51 0.079089
27 52 0.079090
27 53 0.079090
27 54 0.079090
27 55 0.079091
27 56 0.079091
27 57 0.079091
27 58 0.079092
27 59 0.079092
27 60 0.079093
27 61 0.079093
27 62 0.079094
27 63 0.079095
27 64 0.079095
27 65 0.079096
27 66 0.079097
27 67 0.079097
27 68 0.079098
27 69 0.079098
27 70 0.079099
27 71 0.079099
27 72 0.079099
27 73 0.079099
27 74 0.079100
27 75 0.079100
27 76 0.079100
27 77 0.079100
27 78 0.079100
27 79 0.079100
27 80 0.079100
27 81 0.079101
27 82 0.079101
27 83 0.079101
27 84 0.079101
27 85 0.079101
27 86 0.079101
27 87 0.079101
27 88 0.079101
27 89 0.079101
27 90 0.079101
27 91 0.079101
27 92 0.079101
27 93 0.079100
27 94 0.079101
27 95 0.079099
27 96 0.079101
27 97 0.079097
27 98 0.079102
27 99 0.079094

28 0 0.079097
28 1 0.079103
28 2 0.079098
28 3 0.079101
28 4 0.079099
28 5 0.079100
28 6 0.079099
28 7 0.079100
28 8 0.079100
28 9 0.079100
28 10 0.079100
28 11 0.079100
28 12 0.079100
28 13 0.079100
28 14 0.079099
28 15 0.079099
28 16 0.079099
28 17 0.079099
28 18 0.079099
28 19 0.079098
28 20 0.079098
28 21 0.079098
28 22 0.079098
28 23 0.079098
28 24 0.079098
28 25 0.079098
28 26 0.079097
28 27 0.079097
28 28 0.079097
28 29 0.079097
28 30 0.079096
28 31 0.079096
28 32 0.079095
28 33 0.079095
28 34 0.079094
28 35 0.079094
28 36 0.079093
28 37 0.079093
28 38 0.079092
28 39 0.079092
28 40 0.079091
28 41 0.079091
28 42 0.079091
28 43 0.079090
28 44 0.079090
28 45 0.079090
28 46 0.079090
28 47 0.079090
28 48 0.079090
28 49 0.079090
28 50 0.079090
28 51 0.079090
28 52 0.079090
28 53 0.079090
28 54 0.079091
28 55 0.079091
28 56 0.079092
28 57 0.079092
28 58 0.079092
28 59 0.079093
28 60 0.079093
28 61 0.079094
28 62 0.079094
28 63 0.079095
28 64 0.079095
28 65 0.079096
28 66 0.079097
28 67 0.079097
28 68 0.079098
28 69 0.079098
28 70 0.079098
28 71 0.079099
28 72 0.079099
28 73 0.079099
28 74 0.079099
28 75 0.079099
28 76 0.079100
28 77 0.079100
28 78 0.079100
28 79 0.079100
28 80 0.079100
28 81 0.079100
28 82 0.079100
28 83 0.079101
28 84 0.079101
28 85 0.079101
28 86 0.079101
28 87 0.079101
28 88 0.079101
28 89 0.079101
28 90 0.079101
28 91 0.079100
28 92 0.079100
28 93 0.079100
28 94 0.079100
28 95 0.079099
28 96 0.079101
28 97 0.079097
28 98 0.079101
28 99 0.079094

29 0 0.079097
29 1 0.079102
29 2 0.079098
29 3 0.079101
29 4 0.079099
29 5 0.079100
29 6 0.079099
29 7 0.079100
29 8 0.079100
29 9 0.079100
29 10 0.079100
29 11 0.079100
29 12 0.079100
29 13 0.079099
29 14 0.079099
29 15 0.079099
29 16 0.079099
29 17 0.079099
29 18 0.079098
29 19 0.079098
29 20 0.079098
29 21 0.079098
29 22 0.079098
29 23 0.079098
29 24 0.079098
29 25 0.079097
29 26 0.079097
29 27 0.079097
29 28 0.079097
29 29 0.079096
29 30 0.079096
29 31 0.079096
29 32 0.079095
29 33 0.079095
29 34 0.079094
29 35 0.079094
29 36 0.079093
29 37 0.079093
29 38 0.079092
29 39 0.079092
29 40 0.079092
29 41 0.079091
29 42 0.079091
29 43 0.079091
29 44 0.079091
29 45 0.079090
29 46 0.079090
29 47 0.079090
29 48 0.079090
29 49 0.079090
29 50 0.079090
29 51 0.079091
29 52 0.079091
29 53 0.079091
29 54 0.079091
29 55 0.079092
29 56 0.079092
29 57 0.079092
29 58 0.079093
29 59 0.079093
29 60 0.079094
29 61 0.079094
29 62 0.079095
29 63 0.079095
29 64 0.079096
29 65 0.079096
29 66 0.079097
29 67 0.079097
29 68 0.079097
29 69 0.079098
29 70 0.079098
29 71 0.079098
29 72 0.079099
29 73 0.079099
29 74 0.079099
29 75 0.079099
29 76 0.079099
29 77 0.079099
29 78 0.079099
29 79 0.079100
29 80 0.079100
29 81 0.079100
29 82 0.079100
29 83 0.079100
29 84 0.079100
29 85 0.079100
29 86 0.079100
29 87 0.079100
29 88 0.079100
29 89 0.079100
29 90 0.079100
29 91 0.079100
29 92 0.079100
29 93 0.079100
29 94 0.079100
29 95 0.079098
29 96 0.079100
29 97 0.079097
29 98 0.079101
29 99 0.079094

30 0 0.079097
30 1 0.079102
30 2 0.079098
30 3 0.079100
30 4 0.079099
30 5 0.079100
30 6 0.079099
30 7 0.079100
30 8 0.079099
30 9 0.079099
30 10 0.079099
30 11 0.079099
30 12 0.079099
30 13 0.079099
30 14 0.079099
30 15 0.079099
30 16 0.079099
30 17 0.079098
30 18 0.079098
30 19 0.079098
30 20 0.079098
30 21 0.079098
30 22 0.079098
30 23 0.079098
30 24 0.079097
30 25 0.079097
30 26 0.079097
30 27 0.079097
30 28 0.079097
30 29 0.079096
30 30 0.079096
30 31 0.079096
30 32 0.079095
30 33 0.079095
30 34 0.079094
30 35 0.079094
30 36 0.079093
30 37 0.079093
30 38 0.079093
30 39 0.079092
30 40 0.079092
30 41 0.079092
30 42 0.079092
30 43 0.079091
30 44 0.079091
30 45 0.079091
30 46 0.079091
30 47 0.079091
30 48 0.079091
30 49 0.079091
30 50 0.079091
30 51 0.079091
30 52 0.079091
30 53 0.079092
30 54 0.079092
30 55 0.079092
30 56 0.079093
30 57 0.079093
30 58 0.079093
30 59 0.079094
30 60 0.079094
30 61 0.079094
30 62 0.079095
30 63 0.079095
30 64 0.079096
30 65 0.079096
30 66 0.079097
30 67 0.079097
30 68 0.079097
30 69 0.079098
30 70 0.079098
30 71 0.079098
30 72 0.079098
30 73 0.079098
30 74 0.079099
30 75 0.079099
30 76 0.079099
30 77 0.079099
30 78 0.079099
30 79 0.079099
30 80 0.079099
30 81 0.079100
30 82 0.079100
30 83 0.079100
30 84 0.079100
30 85 0.079100
30 86 0.079100
30 87 0.079100
30 88 0.079100
30 89 0.079100
30 90 0.079100
30 91 0.079100
30 92 0.079100
30 93 0.079099
30 94 0.079100
30 95 0.079098
30 96 0.079100
30 97 0.079097
30 98 0.079100
30 99 0.079095

31 0 0.079098
31 1 0.079101
31 2 0.079099
31 3 0.079100
31 4 0.079099
31 5 0.079099
31 6 0.079099
31 7 0.079099
31 8 0.079099
31 9 0.079099
31 10 0.079099
31 11 0.079099
31 12 0.079099
31 13 0.079099
31 14 0.079099
31 15 0.079099
31 16 0.079098
31 17 0.079098
31 18 0.079098
31 19 0.079098
31 20 0.079098
31 21 0.079098
31 22 0.079098
31 23 0.079097
31 24 0.079097
31 25 0.079097
31 26 0.079097
31 27 0.079097
31 28 0.079097
31 29 0.079096
31 30 0.079096
31 31 0.079096
31 32 0.079095
31 33 0.079095
31 34 0.079094
31 35 0.079094
31 36 0.079094
31 37 0.079093
31 38 0.079093
31 39 0.079093
31 40 0.079093
31 41 0.079092
31 42 0.079092
31 43 0.079092
31 44 0.079092
31 45 0.079092
31 46 0.079092
31 47 0.079092
31 48 0.079092
31 49 0.079092
31 50 0.079092
31 51 0.079092
31 52 0.079092
31 53 0.079092
31 54 0.079093
31 55 0.079093
31 56 0.079093
31 57 0.079093
31 58 0.079094
31 59 0.079094
31 60 0.079094
31 61 0.079095
31 62 0.079095
31 63 0.079095
31 64 0.079096
31 65 0.079096
31 66 0.079097
31 67 0.079097
31 68 0.079097
31 69 0.079097
31 70 0.079098
31 71 0.079098
31 72 0.079098
31 73 0.079098
31 74 0.079098
31 75 0.079098
31 76 0.079098
31 77 0.079099
31 78 0.079099
31 79 0.079099
31 80 0.079099
31 81 0.079099
31 82 0.079099
31 83 0.079099
31 84 0.079100
31 85 0.079100
31 86 0.079100
31 87 0.079100
31 88 0.079100
31 89 0.079100
31 90 0.079100
31 91 0.079099
31 92 0.079099
31 93 0.079099
31 94 0.079099
31 95 0.079098
31 96 0.079099
31 97 0.079097
31 98 0.079099
31 99 0.079096

32 0 0.079099
32 1 0.079100
32 2 0.079099
32 3 0.079099
32 4 0.079099
32 5 0.079099
32 6 0.079099
32 7 0.079099
32 8 0.079099
32 9 0.079099
32 10 0.079099
32 11 0.079099
32 12 0.079099
32 13 0.079099
32 14 0.079098
32 15 0.079098
32 16 0.079098
32 17 0.079098
32 18 0.079098
32 19 0.079098
32 20 0.079098
32 21 0.079097
32 22 0.079097
32 23 0.079097
32 24 0.079097
32 25 0.079097
32 26 0.079097
32 27 0.079097
32 28 0.079097
32 29 0.079096
32 30 0.079096
32 31 0.079096
32 32 0.079095
32 33 0.079095
32 34 0.079095
32 35 0.079094
32 36 0.079094
32 37 0.079094
32 38 0.079094
32 39 0.079093
32 40 0.079093
32 41 0.079093
32 42 0.079093
32 43 0.079093
32 44 0.079093
32 45 0.079092
32 46 0.079092
32 47 0.079092
32 48 0.079092
32 49 0.079093
32 50 0.079093
32 51 0.079093
32 52 0.079093
32 53 0.079093
32 54 0.079093
32 55 0.079094
32 56 0.079094
32 57 0.079094
32 58 0.079094
32 59 0.079094
32 60 0.079095
32 61 0.079095
32 62 0.079095
32 63 0.079096
32 64 0.079096
32 65 0.079096
32 66 0.079097
32 67 0.079097
32 68 0.079097
32 69 0.079097
32 70 0.079097
32 71 0.079098
32 72 0.079098
32 73 0.079098
32 74 0.079098
32 75 0.079098
32 76 0.079098
32 77 0.079098
32 78 0.079098
32 79 0.079099
32 80 0.079099
32 81 0.079099
32 82 0.079099
32 83 0.079099
32 84 0.079099
32 85 0.079099
32 86 0.079099
32 87 0.079099
32 88 0.079099
32 89 0.079099
32 90 0.079099
32 91 0.079099
32 92 0.079099
32 93 0.079099
32 94 0.079099
32 95 0.079098
32 96 0.079098
32 97 0.079098
32 98 0.079098
32 99 0.079097

33 0 0.079101
33 1 0.079099
33 2 0.079100
33 3 0.079099
33 4 0.079099
33 5 0.079099
33 6 0.079099
33 7 0.079099
33 8 0.079099
33 9 0.079099
33 10 0.079099
33 11 0.079099
33 12 0.079098
33 13 0.079098
33 14 0.079098
33 15 0.079098
33 16 0.079098
33 17 0.079098
33 18 0.079097
33 19 0.079097
33 20 0.079097
33 21 0.079097
33 22 0.079097
33 23 0.079097
33 24 0.079097
33 25 0.079097
33 26 0.079097
33 27 0.079097
33 28 0.079097
33 29 0.079096
33 30 0.079096
33 31 0.079096
33 32 0.079096
33 33 0.079095
33 34 0.079095
33 35 0.079095
33 36 0.079095
33 37 0.079094
33 38 0.079094
33 39 0.079094
33 40 0.079094
33 41 0.079094
33 42 0.079094
33 43 0.079093
33 44 0.079093
33 45 0.079093
33 46 0.079093
33 47 0.079093
33 48 0.079093
33 49 0.079093
33 50 0.079094
33 51 0.079094
33 52 0.079094
33 53 0.079094
33 54 0.079094
33 55 0.079094
33 56 0.079095
33 57 0.079095
33 58 0.079095
33 59 0.079095
33 60 0.079095
33 61 0.079095
33 62 0.079096
33 63 0.079096
33 64 0.079096
33 65 0.079096
33 66 0.079097
33 67 0.079097
33 68 0.079097
33 69 0.079097
33 70 0.079097
33 71 0.079097
33 72 0.079097
33 73 0.079097
33 74 0.079097
33 75 0.079098
33 76 0.079098
33 77 0.079098
33 78 0.079098
33 79 0.079098
33 80 0.079098
33 81 0.079098
33 82 0.079099
33 83 0.079099
33 84 0.079099
33 85 0.079099
33 86 0.079099
33 87 0.079099
33 88 0.079099
33 89 0.079099
33 90 0.079099
33 91 0.079099
33 92 0.079099
33 93 0.079099
33 94 0.079098
33 95 0.079098
33 96 0.079098
33 97 0.079098
33 98 0.079097
33 99 0.079098

34 0 0.079102
34 1 0.079097
34 2 0.079100
34 3 0.079098
34 4 0.079099
34 5 0.079098
34 6 0.079099
34 7 0.079099
34 8 0.079099
34 9 0.079099
34 10 0.079098
34 11 0.079098
34 12 0.079098
34 13 0.079098
34 14 0.079098
34 15 0.079098
34 16 0.079097
34 17 0.079097
34 18 0.079097
34 19 0.079097
34 20 0.079097
34 21 0.079097
34 22 0.079097
34 23 0.079097
34 24 0.079097
34 25 0.079097
34 26 0.079097
34 27 0.079097
34 28 0.079097
34 29 0.079096
34 30 0.079096
34 31 0.079096
34 32 0.079096
34 33 0.079096
34 34 0.079095
34 35 0.079095
34 36 0.079095
34 37 0.079095
34 38 0.079095
34 39 0.079095
34 40 0.079095
34 41 0.079094
34 42 0.079094
34 43 0.079094
34 44 0.079094
34 45 0.079094
34 46 0.079094
34 47 0.079094
34 48 0.079094
34 49 0.079094
34 50 0.079095
34 51 0.079095
34 52 0.079095
34 53 0.079095
34 54 0.079095
34 55 0.079095
34 56 0.079095
34 57 0.079095
34 58 0.079095
34 59 0.079095
34 60 0.079096
34 61 0.079096
34 62 0.079096
34 63 0.079096
34 64 0.079096
34 65 0.079097
34 66 0.079097
34 67 0.079097
34 68 0.079097
34 69 0.079097
34 70 0.079097
34 71 0.079097
34 72 0.079097
34 73 0.079097
34 74 0.079097
34 75 0.079097
34 76 0.079097
34 77 0.079098
34 78 0.079098
34 79 0.079098
34 80 0.079098
34 81 0.079098
34 82 0.079098
34 83 0.079098
34 84 0.079098
34 85 0.079098
34 86 0.079099
34 87 0.079099
34 88 0.079099
34 89 0.079099
34 90 0.079098
34 91 0.079098
34 92 0.079098
34 93 0.079098
34 94 0.079098
34 95 0.079098
34 96 0.079097
34 97 0.079099
34 98 0.079096
34 99 0.079100

35 0 0.079103
35 1 0.079096
35 2 0.079101
35 3 0.079097
35 4 0.079099
35 5 0.079098
35 6 0.079099
35 7 0.079098
35 8 0.079098
35 9 0.079098
35 10 0.079098
35 11 0.079098
35 12 0.079098
35 13 0.079098
35 14 0.079097
35 15 0.079097
35 16 0.079097
35 17 0.079097
35 18 0.079097
35 19 0.079097
35 20 0.079097
35 21 0.079097
35 22 0.079097
35 23 0.079097
35 24 0.079097
35 25 0.079097
35 26 0.079097
35 27 0.079097
35 28 0.079097
35 29 0.079097
35 30 0.079097
35 31 0.079096
35 32 0.079096
35 33 0.079096
35 34 0.079096
35 35 0.079096
35 36 0.079096
35 37 0.079096
35 38 0.079096
35 39 0.079095
35 40 0.079095
35 41 0.079095
35 42 0.079095
35 43 0.079095
35 44 0.079095
35 45 0.079095
35 46 0.079095
35 47 0.079095
35 48 0.079095
35 49 0.079095
35 50 0.079096
35 51 0.079096
35 52 0.079096
35 53 0.079096
35 54 0.079096
35 55 0.079096
35 56 0.079096
35 57 0.079096
35 58 0.079096
35 59 0.079096
35 60 0.079096
35 61 0.079096
35 62 0.079096
35 63 0.079096
35 64 0.079097
35 65 0.079097
35 66 0.079097
35 67 0.079097
35 68 0.079097
35 69 0.079097
35 70 0.079097
35 71 0.079097
35 72 0.079097
35 73 0.079097
35 74 0.079097
35 75 0.079097
35 76 0.079097
35 77 0.079097
35 78 0.079097
35 79 0.079097
35 80 0.079098
35 81 0.079098
35 82 0.079098
35 83 0.079098
35 84 0.079098
35 85 0.079098
35 86 0.079098
35 87 0.079098
35 88 0.079098
35 89 0.079098
35 90 0.079098
35 91 0.079098
35 92 0.079098
35 93 0.079098
35 94 0.079097
35 95 0.079098
35 96 0.079096
35 97 0.079099
35 98 0.079095
35 99 0.079101

36 0 0.079104
36 1 0.079095
36 2 0.079101
36 3 0.079097
36 4 0.079099
36 5 0.079098
36 6 0.079099
36 7 0.079098
36 8 0.079098
36 9 0.079098
36 10 0.079098
36 11 0.079098
36 12 0.079097
36 13 0.079097
36 14 0.079097
36 15 0.079097
36 16 0.079097
36 17 0.079097
36 18 0.079097
36 19 0.079097
36 20 0.079097
36 21 0.079097
36 22 0.079097
36 23 0.079097
36 24 0.079097
36 25 0.079097
36 26 0.079097
36 27 0.079097
36 28 0.079097
36 29 0.079097
36 30 0.079097
36 31 0.079097
36 32 0.079097
36 33 0.079097
36 34 0.079097
36 35 0.079096
36 36 0.079096
36 37 0.079096
36 38 0.079096
36 39 0.079096
36 40 0.079096
36 41 0.079096
36 42 0.079096
36 43 0.079096
36 44 0.079096
36 45 0.079096
36 46 0.079096
36 47 0.079096
36 48 0.079096
36 49 0.079096
36 50 0.079096
36 51 0.079097
36 52 0.079097
36 53 0.079097
36 54 0.079097
36 55 0.079097
36 56 0.079096
36 57 0.079096
36 58 0.079096
36 59 0.079096
36 60 0.079096
36 61 0.079096
36 62 0.079097
36 63 0.079097
36 64 0.079097
36 65 0.079097
36 66 0.079097
36 67 0.079097
36 68 0.079097
36 69 0.079097
36 70 0.079097
36 71 0.079097
36 72 0.079096
36 73 0.079096
36 74 0.079097
36 75 0.079097
36 76 0.079097
36 77 0.079097
36 78 0.079097
36 79 0.079097
36 80 0.079097
36 81 0.079097
36 82 0.079097
36 83 0.079098
36 84 0.079098
36 85 0.079098
36 86 0.079098
36 87 0.079098
36 88 0.079098
36 89 0.079098
36 90 0.079098
36 91 0.079098
36 92 0.079098
36 93 0.079098
36 94 0.079097
36 95 0.079099
36 96 0.079096
36 97 0.079100
36 98 0.079094
36 99 0.079103

37 0 0.079105
37 1 0.079094
37 2 0.079102
37 3 0.079096
37 4 0.079099
37 5 0.079097
37 6 0.079098
37 7 0.079098
37 8 0.079098
37 9 0.079098
37 10 0.079097
37 11 0.079097
37 12 0.079097
37 13 0.079097
37 14 0.079097
37 15 0.079097
37 16 0.079096
37 17 0.079096
37 18 0.079096
37 19 0.079097
37 20 0.079097
37 21 0.079097
37 22 0.079097
37 23 0.079097
37 24 0.079097
37 25 0.079097
37 26 0.079097
37 27 0.079097
37 28 0.079097
37 29 0.079097
37 30 0.079097
37 31 0.079097
37 32 0.079097
37 33 0.079097
37 34 0.079097
37 35 0.079097
37 36 0.079097
37 37 0.079097
37 38 0.079097
37 39 0.079097
37 40 0.079097
37 41 0.079097
37 42 0.079097
37 43 0.079097
37 44 0.079097
37 45 0.079097
37 46 0.079097
37 47 0.079097
37 48 0.079097
37 49 0.079097
37 50 0.079097
37 51 0.079097
37 52 0.079097
37 53 0.079097
37 54 0.079097
37 55 0.079097
37 56 0.079097
37 57 0.079097
37 58 0.079097
37 59 0.079097
37 60 0.079097
37 61 0.079097
37 62 0.079097
37 63 0.079097
37 64 0.079097
37 65 0.079097
37 66 0.079097
37 67 0.079097
37 68 0.079097
37 69 0.079097
37 70 0.079096
37 71 0.079096
37 72 0.079096
37 73 0.079096
37 74 0.079096
37 75 0.079096
37 76 0.079096
37 77 0.079096
37 78 0.079097
37 79 0.079097
37 80 0.079097
37 81 0.079097
37 82 0.079097
37 83 0.079097
37 84 0.079097
37 85 0.079097
37 86 0.079097
37 87 0.079097
37 88 0.079098
37 89 0.079097
37 90 0.079097
37 91 0.079098
37 92 0.079097
37 93 0.079098
37 94 0.079097
37 95 0.079099
37 96 0.079095
37 97 0.079101
37 98 0.079093
37 99 0.079104

38 0 0.079106
38 1 0.079092
38 2 0.079102
38 3 0.079095
38 4 0.079099
38 5 0.079097
38 6 0.079098
38 7 0.079097
38 8 0.079097
38 9 0.079097
38 10 0.079097
38 11 0.079097
38 12 0.079097
38 13 0.079097
38 14 0.079096
38 15 0.079096
38 16 0.079096
38 17 0.079096
38 18 0.079096
38 19 0.079096
38 20 0.079096
38 21 0.079097
38 22 0.079097
38 23 0.079097
38 24 0.079097
38 25 0.079097
38 26 0.079097
38 27 0.079097
38 28 0.079097
38 29 0.079097
38 30 0.079098
38 31 0.079098
38 32 0.079098
38 33 0.079098
38 34 0.079098
38 35 0.079098
38 36 0.079098
38 37 0.079098
38 38 0.079098
38 39 0.079098
38 40 0.079098
38 41 0.079098
38 42 0.079098
38 43 0.079098
38 44 0.079098
38 45 0.079098
38 46 0.079098
38 47 0.079098
38 48 0.079098
38 49 0.079098
38 50 0.079098
38 51 0.079098
38 52 0.079098
38 53 0.079098
38 54 0.079098
38 55 0.079098
38 56 0.079098
38 57 0.079097
38 58 0.079097
38 59 0.079097
38 60 0.079097
38 61 0.079097
38 62 0.079097
38 63 0.079097
38 64 0.079097
38 65 0.079097
38 66 0.079097
38 67 0.079097
38 68 0.079097
38 69 0.079096
38 70 0.079096
38 71 0.079096
38 72 0.079096
38 73 0.079096
38 74 0.079096
38 75 0.079096
38 76 0.079096
38 77 0.079096
38 78 0.079096
38 79 0.079096
38 80 0.079096
38 81 0.079097
38 82 0.079097
38 83 0.079097
38 84 0.079097
38 85 0.079097
38 86 0.079097
38 87 0.079097
38 88 0.079097
38 89 0.079097
38 90 0.079097
38 91 0.079097
38 92 0.079097
38 93 0.079098
38 94 0.079096
38 95 0.079099
38 96 0.079095
38 97 0.079101
38 98 0.079092
38 99 0.079105

39 0 0.079107
39 1 0.079091
39 2 0.079102
39 3 0.079095
39 4 0.079099
39 5 0.079096
39 6 0.079098
39 7 0.079097
39 8 0.079097
39 9 0.079097
39 10 0.079097
39 11 0.079096
39 12 0.079096
39 13 0.079096
39 14 0.079096
39 15 0.079096
39 16 0.079096
39 17 0.079096
39 18 0.079096
39 19 0.079096
39 20 0.079096
39 21 0.079096
39 22 0.079097
39 23 0.079097
39 24 0.079097
39 25 0.079097
39 26 0.079097
39 27 0.079098
39 28 0.079098
39 29 0.079098
39 30 0.079098
39 31 0.079098
39 32 0.079098
39 33 0.079098
39 34 0.079098
39 35 0.079098
39 36 0.079098
39 37 0.079098
39 38 0.079098
39 39 0.079098
39 40 0.079098
39 41 0.079098
39 42 0.079098
39 43 0.079098
39 44 0.079099
39 45 0.079099
39 46 0.079099
39 47 0.079099
39 48 0.079099
39 49 0.079099
39 50 0.079099
39 51 0.079099
39 52 0.079099
39 53 0.079099
39 54 0.079099
39 55 0.079098
39 56 0.079098
39 57 0.079098
39 58 0.079098
39 59 0.079098
39 60 0.079097
39 61 0.079097
39 62 0.079097
39 63 0.079097
39 64 0.079097
39 65 0.079097
39 66 0.079097
39 67 0.079097
39 68 0.079097
39 69 0.079096
39 70 0.079096
39 71 0.079096
39 72 0.079096
39 73 0.079096
39 74 0.079096
39 75 0.079096
39 76 0.079096
39 77 0.079096
39 78 0.079096
39 79 0.079096
39 80 0.079096
39 81 0.079096
39 82 0.079096
39 83 0.079096
39 84 0.079097
39 85 0.079097
39 86 0.079097
39 87 0.079097
39 88 0.079097
39 89 0.079097
39 90 0.079097
39 91 0.079097
39 92 0.079097
39 93 0.079098
39 94 0.079096
39 95 0.079099
39 96 0.079094
39 97 0.079102
39 98 0.079091
39 99 0.079106

40 0 0.079107
40 1 0.079091
40 2 0.079102
40 3 0.079094
40 4 0.079099
40 5 0.079096
40 6 0.079098
40 7 0.079096
40 8 0.079097
40 9 0.079096
40 10 0.079096
40 11 0.079096
40 12 0.079096
40 13 0.079096
40 14 0.079096
40 15 0.079096
40 16 0.079095
40 17 0.079096
40 18 0.079096
40 19 0.079096
40 20 0.079096
40 21 0.079096
40 22 0.079097
40 23 0.079097
40 24 0.079097
40 25 0.079097
40 26 0.079097
40 27 0.079098
40 28 0.079098
40 29 0.079098
40 30 0.079098
40 31 0.079098
40 32 0.079098
40 33 0.079099
40 34 0.079099
40 35 0.079099
40 36 0.079099
40 37 0.079099
40 38 0.079099
40 39 0.079099
40 40 0.079099
40 41 0.079099
40 42 0.079099
40 43 0.079099
40 44 0.079099
40 45 0.079099
40 46 0.079100
40 47 0.079100
40 48 0.079100
40 49 0.079100
40 50 0.079100
40 51 0.079100
40 52 0.079099
40 53 0.079099
40 54 0.079099
40 55 0.079099
40 56 0.079098
40 57 0.079098
40 58 0.079098
40 59 0.079098
40 60 0.079098
40 61 0.079098
40 62 0.079098
40 63 0.079097
40 64 0.079097
40 65 0.079097
40 66 0.079097
40 67 0.079097
40 68 0.079096
40 69 0.079096
40 70 0.079096
40 71 0.079095
40 72 0.079095
40 73 0.079095
40 74 0.079095
40 75 0.079095
40 76 0.079095
40 77 0.079095
40 78 0.079096
40 79 0.079096
40 80 0.079096
40 81 0.079096
40 82 0.079096
40 83 0.079096
40 84 0.079096
40 85 0.079096
40 86 0.079097
40 87 0.079097
40 88 0.079097
40 89 0.079097
40 90 0.079097
40 91 0.079097
40 92 0.079096
40 93 0.079097
40 94 0.079096
40 95 0.079099
40 96 0.079094
40 97 0.079102
40 98 0.079090
40 99 0.079107

41 0 0.079108
41 1 0.079090
41 2 0.079102
41 3 0.079094
41 4 0.079099
41 5 0.079095
41 6 0.079097
41 7 0.079096
41 8 0.079096
41 9 0.079096
41 10 0.079096
41 11 0.079096
41 12 0.079095
41 13 0.079095
41 14 0.079095
41 15 0.079095
41 16 0.079095
41 17 0.079095
41 18 0.079095
41 19 0.079096
41 20 0.079096
41 21 0.079096
41 22 0.079096
41 23 0.079097
41 24 0.079097
41 25 0.079097
41 26 0.079098
41 27 0.079098
41 28 0.079098
41 29 0.079098
41 30 0.079098
41 31 0.079099
41 32 0.079099
41 33 0.079099
41 34 0.079099
41 35 0.079099
41 36 0.079099
41 37 0.079099
41 38 0.079099
41 39 0.079099
41 40 0.079100
41 41 0.079100
41 42 0.079100
41 43 0.079100
41 44 0.079100
41 45 0.079100
41 46 0.079100
41 47 0.079100
41 48 0.079100
41 49 0.079100
41 50 0.079100
41 51 0.079100
41 52 0.079100
41 53 0.079100
41 54 0.079099
41 55 0.079099
41 56 0.079099
41 57 0.079098
41 58 0.079098
41 59 0.079098
41 60 0.079098
41 61 0.079098
41 62 0.079098
41 63 0.079098
41 64 0.079097
41 65 0.079097
41 66 0.079097
41 67 0.079097
41 68 0.079096
41 69 0.079096
41 70 0.079095
41 71 0.079095
41 72 0.079095
41 73 0.079095
41 74 0.079095
41 75 0.079095
41 76 0.079095
41 77 0.079095
41 78 0.079095
41 79 0.079095
41 80 0.079095
41 81 0.079096
41 82 0.079096
41 83 0.079096
41 84 0.079096
41 85 0.079096
41 86 0.079096
41 87 0.079096
41 88 0.079096
41 89 0.079096
41 90 0.079096
41 91 0.079097
41 92 0.079096
41 93 0.079097
41 94 0.079095
41 95 0.079099
41 96 0.079094
41 97 0.079102
41 98 0.079090
41 99 0.079108

42 0 0.079108
42 1 0.079089
42 2 0.079102
42 3 0.079093
42 4 0.079099
42 5 0.079095
42 6 0.079097
42 7 0.079096
42 8 0.079096
42 9 0.079096
42 10 0.079095
42 11 0.079095
42 12 0.079095
42 13 0.079095
42 14 0.079095
42 15 0.079095
42 16 0.079095
42 17 0.079095
42 18 0.079095
42 19 0.079095
42 20 0.079096
42 21 0.079096
42 22 0.079096
42 23 0.079097
42 24 0.079097
42 25 0.079097
42 26 0.079098
42 27 0.079098
42 28 0.079098
42 29 0.079098
42 30 0.079099
42 31 0.079099
42 32 0.079099
42 33 0.079099
42 34 0.079099
42 35 0.079100
42 36 0.079100
42 37 0.079100
42 38 0.079100
42 39 0.079100
42 40 0.079100
42 41 0.079100
42 42 0.079100
42 43 0.079100
42 44 0.079101
42 45 0.079101
42 46 0.079101
42 47 0.079101
42 48 0.079101
42 49 0.079101
42 50 0.079101
42 51 0.079100
42 52 0.079100
42 53 0.079100
42 54 0.079100
42 55 0.079099
42 56 0.079099
42 57 0.079099
42 58 0.079098
42 59 0.079098
42 60 0.079098
42 61 0.079098
42 62 0.079098
42 63 0.079097
42 64 0.079097
42 65 0.079097
42 66 0.079097
42 67 0.079096
42 68 0.079096
42 69 0.079096
42 70 0.079095
42 71 0.079095
42 72 0.079095
42 73 0.079094
42 74 0.079094
42 75 0.079094
42 76 0.079095
42 77 0.079095
42 78 0.079095
42 79 0.079095
42 80 0.079095
42 81 0.079095
42 82 0.079095
42 83 0.079095
42 84 0.079096
42 85 0.079096
42 86 0.079096
42 87 0.079096
42 88 0.079096
42 89 0.079096
42 90 0.079096
42 91 0.079096
42 92 0.079096
42 93 0.079097
42 94 0.079095
42 95 0.079099
42 96 0.079093
42 97 0.079102
42 98 0.079090
42 99 0.079108

43 0 0.079108
43 1 0.079089
43 2 0.079102
43 3 0.079093
43 4 0.079098
43 5 0.079095
43 6 0.079097
43 7 0.079095
43 8 0.079096
43 9 0.079095
43 10 0.079095
43 11 0.079095
43 12 0.079095
43 13 0.079094
43 14 0.079094
43 15 0.079094
43 16 0.079094
43 17 0.079095
43 18 0.079095
43 19 0.079095
43 20 0.079095
43 21 0.079096
43 22 0.079096
43 23 0.079097
43 24 0.079097
43 25 0.079097
43 26 0.079098
43 27 0.079098
43 28 0.079098
43 29 0.079098
43 30 0.079099
43 31 0.079099
43 32 0.079099
43 33 0.079099
43 34 0.079100
43 35 0.079100
43 36 0.079100
43 37 0.079100
43 38 0.079100
43 39 0.079100
43 40 0.079100
43 41 0.079100
43 42 0.079101
43 43 0.079101
43 44 0.079101
43 45 0.079101
43 46 0.079101
43 47 0.079101
43 48 0.079101
43 49 0.079101
43 50 0.079101
43 51 0.079101
43 52 0.079100
43 53 0.079100
43 54 0.079100
43 55 0.079099
43 56 0.079099
43 57 0.079099
43 58 0.079098
43 59 0.079098
43 60 0.079098
43 61 0.079098
43 62 0.079098
43 63 0.079097
43 64 0.079097
43 65 0.079097
43 66 0.079097
43 67 0.079096
43 68 0.079096
43 69 0.079095
43 70 0.079095
43 71 0.079094
43 72 0.079094
43 73 0.079094
43 74 0.079094
43 75 0.079094
43 76 0.079094
43 77 0.079094
43 78 0.079094
43 79 0.079094
43 80 0.079095
43 81 0.079095
43 82 0.079095
43 83 0.079095
43 84 0.079095
43 85 0.079096
43 86 0.079096
43 87 0.079096
43 88 0.079096
43 89 0.079096
43 90 0.079096
43 91 0.079096
43 92 0.079096
43 93 0.079097
43 94 0.079095
43 95 0.079099
43 96 0.079093
43 97 0.079102
43 98 0.079089
43 99 0.079108

44 0 0.079108
44 1 0.079088
44 2 0.079102
44 3 0.079092
44 4 0.079098
44 5 0.079094
44 6 0.079096
44 7 0.079095
44 8 0.079095
44 9 0.079095
44 10 0.079094
44 11 0.079094
44 12 0.079094
44 13 0.079094
44 14 0.079094
44 15 0.079094
44 16 0.079094
44 17 0.079094
44 18 0.079095
44 19 0.079095
44 20 0.079095
44 21 0.079096
44 22 0.079096
44 23 0.079096
44 24 0.079097
44 25 0.079097
44 26 0.079097
44 27 0.079098
44 28 0.079098
44 29 0.079098
44 30 0.079099
44 31 0.079099
44 32 0.079099
44 33 0.079100
44 34 0.079100
44 35 0.079100
44 36 0.079100
44 37 0.079100
44 38 0.079100
44 39 0.079100
44 40 0.079101
44 41 0.079101
44 42 0.079101
44 43 0.079101
44 44 0.079101
44 45 0.079101
44 46 0.079101
44 47 0.079101
44 48 0.079101
44 49 0.079101
44 50 0.079101
44 51 0.079101
44 52 0.079100
44 53 0.079100
44 54 0.079100
44 55 0.079099
44 56 0.079099
44 57 0.079099
44 58 0.079098
44 59 0.079098
44 60 0.079098
44 61 0.079098
44 62 0.079097
44 63 0.079097
44 64 0.079097
44 65 0.079097
44 66 0.079096
44 67 0.079096
44 68 0.079095
44 69 0.079095
44 70 0.079095
44 71 0.079094
44 72 0.079094
44 73 0.079094
44 74 0.079094
44 75 0.079094
44 76 0.079094
44 77 0.079094
44 78 0.079094
44 79 0.079094
44 80 0.079094
44 81 0.079095
44 82 0.079095
44 83 0.079095
44 84 0.079095
44 85 0.079095
44 86 0.079095
44 87 0.079096
44 88 0.079096
44 89 0.079096
44 90 0.079096
44 91 0.079096
44 92 0.079096
44 93 0.079097
44 94 0.079095
44 95 0.079099
44 96 0.079093
44 97 0.079102
44 98 0.079089
44 99 0.079109

45 0 0.079108
45 1 0.079088
45 2 0.079102
45 3 0.079092
45 4 0.079098
45 5 0.079094
45 6 0.079096
45 7 0.079095
45 8 0.079095
45 9 0.079094
45 10 0.079094
45 11 0.079094
45 12 0.079094
45 13 0.079094
45 14 0.079094
45 15 0.079094
45 16 0.079094
45 17 0.079094
45 18 0.079094
45 19 0.079095
45 20 0.079095
45 21 0.079095
45 22 0.079096
45 23 0.079096
45 24 0.079097
45 25 0.079097
45 26 0.079097
45 27 0.079098
45 28 0.079098
45 29 0.079098
45 30 0.079099
45 31 0.079099
45 32 0.079099
45 33 0.079100
45 34 0.079100
45 35 0.079100
45 36 0.079100
45 37 0.079100
45 38 0.079100
45 39 0.079101
45 40 0.079101
45 41 0.079101
45 42 0.079101
45 43 0.079101
45 44 0.079101
45 45 0.079102
45 46 0.079102
45 47 0.079102
45 48 0.079101
45 49 0.079101
45 50 0.079101
45 51 0.079101
45 52 0.079100
45 53 0.079100
45 54 0.079100
45 55 0.079099
45 56 0.079099
45 57 0.079098
45 58 0.079098
45 59 0.079098
45 60 0.079098
45 61 0.079097
45 62 0.079097
45 63 0.079097
45 64 0.079097
45 65 0.079096
45 66 0.079096
45 67 0.079096
45 68 0.079095
45 69 0.079095
45 70 0.079094
45 71 0.079094
45 72 0.079094
45 73 0.079093
45 74 0.079093
45 75 0.079093
45 76 0.079093
45 77 0.079093
45 78 0.079094
45 79 0.079094
45 80 0.079094
45 81 0.079094
45 82 0.079094
45 83 0.079095
45 84 0.079095
45 85 0.079095
45 86 0.079095
45 87 0.079095
45 88 0.079096
45 89 0.079096
45 90 0.079096
45 91 0.079096
45 92 0.079096
45 93 0.079097
45 94 0.079095
45 95 0.079099
45 96 0.079093
45 97 0.079102
45 98 0.079089
45 99 0.079109

46 0 0.079108
46 1 0.079087
46 2 0.079101
46 3 0.079092
46 4 0.079098
46 5 0.079094
46 6 0.079095
46 7 0.079094
46 8 0.079094
46 9 0.079094
46 10 0.079094
46 11 0.079094
46 12 0.079093
46 13 0.079093
46 14 0.079093
46 15 0.079093
46 16 0.079093
46 17 0.079094
46 18 0.079094
46 19 0.079094
46 20 0.079095
46 21 0.079095
46 22 0.079095
46 23 0.079096
46 24 0.079096
46 25 0.079097
46 26 0.079097
46 27 0.079098
46 28 0.079098
46 29 0.079098
46 30 0.079099
46 31 0.079099
46 32 0.079099
46 33 0.079100
46 34 0.079100
46 35 0.079100
46 36 0.079100
46 37 0.079100
46 38 0.079101
46 39 0.079101
46 40 0.079101
46 41 0.079101
46 42 0.079101
46 43 0.079101
46 44 0.079101
46 45 0.079102
46 46 0.079102
46 47 0.079102
46 48 0.079101
46 49 0.079101
46 50 0.079101
46 51 0.079101
46 52 0.079100
46 53 0.079100
46 54 0.079099
46 55 0.079099
46 56 0.079098
46 57 0.079098
46 58 0.079098
46 59 0.079098
46 60 0.079097
46 61 0.079097
46 62 0.079097
46 63 0.079097
46 64 0.079097
46 65 0.079096
46 66 0.079096
46 67 0.079095
46 68 0.079095
46 69 0.079094
46 70 0.079094
46 71 0.079093
46 72 0.079093
46 73 0.079093
46 74 0.079093
46 75 0.079093
46 76 0.079093
46 77 0.079093
46 78 0.079093
46 79 0.079093
46 80 0.079094
46 81 0.079094
46 82 0.079094
46 83 0.079094
46 84 0.079095
46 85 0.079095
46 86 0.079095
46 87 0.079095
46 88 0.079095
46 89 0.079095
46 90 0.079095
46 91 0.079096
46 92 0.079095
46 93 0.079097
46 94 0.079095
46 95 0.079098
46 96 0.079093
46 97 0.079102
46 98 0.079089
46 99 0.079109

47 0 0.079108
47 1 0.079087
47 2 0.079101
47 3 0.079091
47 4 0.079097
47 5 0.079093
47 6 0.079095
47 7 0.079094
47 8 0.079094
47 9 0.079094
47 10 0.079093
47 11 0.079093
47 12 0.079093
47 13 0.079093
47 14 0.079093
47 15 0.079093
47 16 0.079093
47 17 0.079093
47 18 0.079094
47 19 0.079094
47 20 0.079094
47 21 0.079095
47 22 0.079095
47 23 0.079096
47 24 0.079096
47 25 0.079097
47 26 0.079097
47 27 0.079097
47 28 0.079098
47 29 0.079098
47 30 0.079099
47 31 0.079099
47 32 0.079099
47 33 0.079100
47 34 0.079100
47 35 0.079100
47 36 0.079100
47 37 0.079100
47 38 0.079101
47 39 0.079101
47 40 0.079101
47 41 0.079101
47 42 0.079101
47 43 0.079101
47 44 0.079101
47 45 0.079101
47 46 0.079101
47 47 0.079101
47 48 0.079101
47 49 0.079101
47 50 0.079101
47 51 0.079100
47 52 0.079100
47 53 0.079099
47 54 0.079099
47 55 0.079099
47 56 0.079098
47 57 0.079098
47 58 0.079098
47 59 0.079097
47 60 0.079097
47 61 0.079097
47 62 0.079097
47 63 0.079097
47 64 0.079096
47 65 0.079096
47 66 0.079096
47 67 0.079095
47 68 0.079094
47 69 0.079094
47 70 0.079093
47 71 0.079093
47 72 0.079093
47 73 0.079093
47 74 0.079093
47 75 0.079093
47 76 0.079093
47 77 0.079093
47 78 0.079093
47 79 0.079093
47 80 0.079093
47 81 0.079094
47 82 0.079094
47 83 0.079094
47 84 0.079094
47 85 0.079095
47 86 0.079095
47 87 0.079095
47 88 0.079095
47 89 0.079095
47 90 0.079095
47 91 0.079096
47 92 0.079095
47 93 0.079096
47 94 0.079095
47 95 0.079098
47 96 0.079093
47 97 0.079102
47 98 0.079088
47 99 0.079109

48 0 0.079108
48 1 0.079087
48 2 0.079101
48 3 0.079091
48 4 0.079097
48 5 0.079093
48 6 0.079095
48 7 0.079093
48 8 0.079094
48 9 0.079093
48 10 0.079093
48 11 0.079093
48 12 0.079093
48 13 0.079093
48 14 0.079093
48 15 0.079093
48 16 0.079093
48 17 0.079093
48 18 0.079093
48 19 0.079094
48 20 0.079094
48 21 0.079094
48 22 0.079095
48 23 0.079095
48 24 0.079096
48 25 0.079096
48 26 0.079097
48 27 0.079097
48 28 0.079098
48 29 0.079098
48 30 0.079098
48 31 0.079099
48 32 0.079099
48 33 0.079099
48 34 0.079100
48 35 0.079100
48 36 0.079100
48 37 0.079100
48 38 0.079100
48 39 0.079101
48 40 0.079101
48 41 0.079101
48 42 0.079101
48 43 0.079101
48 44 0.079101
48 45 0.079101
48 46 0.079101
48 47 0.079101
48 48 0.079101
48 49 0.079101
48 50 0.079100
48 51 0.079100
48 52 0.079100
48 53 0.079099
48 54 0.079099
48 55 0.079098
48 56 0.079098
48 57 0.079098
48 58 0.079097
48 59 0.079097
48 60 0.079097
48 61 0.079097
48 62 0.079097
48 63 0.079096
48 64 0.079096
48 65 0.079096
48 66 0.079095
48 67 0.079095
48 68 0.079094
48 69 0.079094
48 70 0.079093
48 71 0.079093
48 72 0.079092
48 73 0.079092
48 74 0.079092
48 75 0.079092
48 76 0.079092
48 77 0.079092
48 78 0.079093
48 79 0.079093
48 80 0.079093
48 81 0.079093
48 82 0.079094
48 83 0.079094
48 84 0.079094
48 85 0.079094
48 86 0.079095
48 87 0.079095
48 88 0.079095
48 89 0.079095
48 90 0.079095
48 91 0.079095
48 92 0.079095
48 93 0.079096
48 94 0.079095
48 95 0.079098
48 96 0.079093
48 97 0.079102
48 98 0.079088
48 99 0.079109

49 0 0.079108
49 1 0.079087
49 2 0.079101
49 3 0.079091
49 4 0.079097
49 5 0.079093
49 6 0.079094
49 7 0.079093
49 8 0.079093
49 9 0.079093
49 10 0.079093
49 11 0.079092
49 12 0.079092
49 13 0.079092
49 14 0.079092
49 15 0.079092
49 16 0.079092
49 17 0.079093
49 18 0.079093
49 19 0.079093
49 20 0.079094
49 21 0.079094
49 22 0.079095
49 23 0.079095
49 24 0.079096
49 25 0.079096
49 26 0.079097
49 27 0.079097
49 28 0.079097
49 29 0.079098
49 30 0.079098
49 31 0.079099
49 32 0.079099
49 33 0.079099
49 34 0.079099
49 35 0.079100
49 36 0.079100
49 37 0.079100
49 38 0.079100
49 39 0.079100
49 40 0.079101
49 41 0.079101
49 42 0.079101
49 43 0.079101
49 44 0.079101
49 45 0.079101
49 46 0.079101
49 47 0.079101
49 48 0.079101
49 49 0.079100
49 50 0.079100
49 51 0.079100
49 52 0.079099
49 53 0.079099
49 54 0.079098
49 55 0.079098
49 56 0.079098
49 57 0.079097
49 58 0.079097
49 59 0.079097
49 60 0.079097
49 61 0.079097
49 62 0.079096
49 63 0.079096
49 64 0.079096
49 65 0.079095
49 66 0.079095
49 67 0.079094
49 68 0.079094
49 69 0.079093
49 70 0.079093
49 71 0.079092
49 72 0.079092
49 73 0.079092
49 74 0.079092
49 75 0.079092
49 76 0.079092
49 77 0.079092
49 78 0.079092
49 79 0.079093
49 80 0.079093
49 81 0.079093
49 82 0.079093
49 83 0.079094
49 84 0.079094
49 85 0.079094
49 86 0.079094
49 87 0.079094
49 88 0.079095
49 89 0.079095
49 90 0.079095
49 91 0.079095
49 92 0.079095
49 93 0.079096
49 94 0.079094
49 95 0.079098
49 96 0.079092
49 97 0.079102
49 98 0.079088
49 99 0.079109

50 0 0.079108
50 1 0.079087
50 2 0.079101
50 3 0.079091
50 4 0.079096
50 5 0.079093
50 6 0.079094
50 7 0.079093
50 8 0.079093
50 9 0.079093
50 10 0.079092
50 11 0.079092
50 12 0.079092
50 13 0.079092
50 14 0.079092
50 15 0.079092
50 16 0.079092
50 17 0.079093
50 18 0.079093
50 19 0.079093
50 20 0.079094
50 21 0.079094
50 22 0.079094
50 23 0.079095
50 24 0.079095
50 25 0.079096
50 26 0.079096
50 27 0.079097
50 28 0.079097
50 29 0.079098
50 30 0.079098
50 31 0.079098
50 32 0.079099
50 33 0.079099
50 34 0.079099
50 35 0.079099
50 36 0.079100
50 37 0.079100
50 38 0.079100
50 39 0.079100
50 40 0.079100
50 41 0.079100
50 42 0.079100
50 43 0.079101
50 44 0.079101
50 45 0.079101
50 46 0.079101
50 47 0.079100
50 48 0.079100
50 49 0.079100
50 50 0.079100
50 51 0.079099
50 52 0.079099
50 53 0.079098
50 54 0.079098
50 55 0.079098
50 56 0.079097
50 57 0.079097
50 58 0.079097
50 59 0.079097
50 60 0.079096
50 61 0.079096
50 62 0.079096
50 63 0.079096
50 64 0.079095
50 65 0.079095
50 66 0.079095
50 67 0.079094
50 68 0.079093
50 69 0.079093
50 70 0.079093
50 71 0.079092
50 72 0.079092
50 73 0.079092
50 74 0.079092
50 75 0.079092
50 76 0.079092
50 77 0.079092
50 78 0.079092
50 79 0.079092
50 80 0.079093
50 81 0.079093
50 82 0.079093
50 83 0.079093
50 84 0.079094
50 85 0.079094
50 86 0.079094
50 87 0.079094
50 88 0.079094
50 89 0.079095
50 90 0.079095
50 91 0.079095
50 92 0.079095
50 93 0.079096
50 94 0.079094
50 95 0.079098
50 96 0.079092
50 97 0.079102
50 98 0.079088
50 99 0.079109

51 0 0.079108
51 1 0.079086
51 2 0.079100
51 3 0.079091
51 4 0.079096
51 5 0.079092
51 6 0.079094
51 7 0.079093
51 8 0.079093
51 9 0.079092
51 10 0.079092
51 11 0.079092
51 12 0.079092
51 13 0.079092
51 14 0.079092
51 15 0.079092
51 16 0.079092
51 17 0.079092
51 18 0.079093
51 19 0.079093
51 20 0.079093
51 21 0.079094
51 22 0.079094
51 23 0.079095
51 24 0.079095
51 25 0.079096
51 26 0.079096
51 27 0.079097
51 28 0.079097
51 29 0.079097
51 30 0.079098
51 31 0.079098
51 32 0.079098
51 33 0.079099
51 34 0.079099
51 35 0.079099
51 36 0.079099
51 37 0.079100
51 38 0.079100
51 39 0.079100
51 40 0.079100
51 41 0.079100
51 42 0.079100
51 43 0.079100
51 44 0.079100
51 45 0.079100
51 46 0.079100
51 47 0.079100
51 48 0.079100
51 49 0.079099
51 50 0.079099
51 51 0.079099
51 52 0.079098
51 53 0.079098
51 54 0.079098
51 55 0.079097
51 56 0.079097
51 57 0.079097
51 58 0.079096
51 59 0.079096
51 60 0.079096
51 61 0.079096
51 62 0.079096
51 63 0.079096
51 64 0.079095
51 65 0.079095
51 66 0.079094
51 67 0.079094
51 68 0.079093
51 69 0.079093
51 70 0.079092
51 71 0.079092
51 72 0.079092
51 73 0.079091
51 74 0.079091
51 75 0.079091
51 76 0.079091
51 77 0.079092
51 78 0.079092
51 79 0.079092
51 80 0.079092
51 81 0.079093
51 82 0.079093
51 83 0.079093
51 84 0.079093
51 85 0.079094
51 86 0.079094
51 87 0.079094
51 88 0.079094
51 89 0.079094
51 90 0.079095
51 91 0.079095
51 92 0.079095
51 93 0.079096
51 94 0.079094
51 95 0.079098
51 96 0.079092
51 97 0.079102
51 98 0.079088
51 99 0.079109

52 0 0.079108
52 1 0.079086
52 2 0.079100
52 3 0.079090
52 4 0.079096
52 5 0.079092
52 6 0.079094
52 7 0.079092
52 8 0.079092
52 9 0.079092
52 10 0.079092
52 11 0.079092
52 12 0.079092
52 13 0.079092
52 14 0.079092
52 15 0.079092
52 16 0.079092
52 17 0.079092
52 18 0.079092
52 19 0.079093
52 20 0.079093
52 21 0.079094
52 22 0.079094
52 23 0.079094
52 24 0.079095
52 25 0.079095
52 26 0.079096
52 27 0.079096
52 28 0.079097
52 29 0.079097
52 30 0.079098
52 31 0.079098
52 32 0.079098
52 33 0.079098
52 34 0.079099
52 35 0.079099
52 36 0.079099
52 37 0.079099
52 38 0.079099
52 39 0.079099
52 40 0.079100
52 41 0.079100
52 42 0.079100
52 43 0.079100
52 44 0.079100
52 45 0.079100
52 46 0.079100
52 47 0.079099
52 48 0.079099
52 49 0.079099
52 50 0.079099
52 51 0.079098
52 52 0.079098
52 53 0.079097
52 54 0.079097
52 55 0.079097
52 56 0.079097
52 57 0.079096
52 58 0.079096
52 59 0.079096
52 60 0.079096
52 61 0.079096
52 62 0.079096
52 63 0.079095
52 64 0.079095
52 65 0.079094
52 66 0.079094
52 67 0.079093
52 68 0.079093
52 69 0.079092
52 70 0.079092
52 71 0.079092
52 72 0.079091
52 73 0.079091
52 74 0.079091
52 75 0.079091
52 76 0.079091
52 77 0.079091
52 78 0.079092
52 79 0.079092
52 80 0.079092
52 81 0.079092
52 82 0.079093
52 83 0.079093
52 84 0.079093
52 85 0.079093
52 86 0.079094
52 87 0.079094
52 88 0.079094
52 89 0.079094
52 90 0.079094
52 91 0.079095
52 92 0.079095
52 93 0.079096
52 94 0.079094
52 95 0.079098
52 96 0.079092
52 97 0.079102
52 98 0.079088
52 99 0.079109

53 0 0.079107
53 1 0.079086
53 2 0.079100
53 3 0.079090
53 4 0.079096
53 5 0.079092
53 6 0.079093
53 7 0.079092
53 8 0.079092
53 9 0.079092
53 10 0.079092
53 11 0.079092
53 12 0.079091
53 13 0.079091
53 14 0.079091
53 15 0.079092
53 16 0.079092
53 17 0.079092
53 18 0.079092
53 19 0.079093
53 20 0.079093
53 21 0.079093
53 22 0.079094
53 23 0.079094
53 24 0.079095
53 25 0.079095
53 26 0.079096
53 27 0.079096
53 28 0.079097
53 29 0.079097
53 30 0.079097
53 31 0.079098
53 32 0.079098
53 33 0.079098
53 34 0.079098
53 35 0.079099
53 36 0.079099
53 37 0.079099
53 38 0.079099
53 39 0.079099
53 40 0.079099
53 41 0.079099
53 42 0.079099
53 43 0.079099
53 44 0.079099
53 45 0.079099
53 46 0.079099
53 47 0.079099
53 48 0.079099
53 49 0.079098
53 50 0.079098
53 51 0.079098
53 52 0.079097
53 53 0.079097
53 54 0.079097
53 55 0.079097
53 56 0.079096
53 57 0.079096
53 58 0.079096
53 59 0.079096
53 60 0.079096
53 61 0.079095
53 62 0.079095
53 63 0.079095
53 64 0.079095
53 65 0.079094
53 66 0.079094
53 67 0.079093
53 68 0.079093
53 69 0.079092
53 70 0.079092
53 71 0.079091
53 72 0.079091
53 73 0.079091
53 74 0.079091
53 75 0.079091
53 76 0.079091
53 77 0.079091
53 78 0.079091
53 79 0.079092
53 80 0.079092
53 81 0.079092
53 82 0.079092
53 83 0.079093
53 84 0.079093
53 85 0.079093
53 86 0.079093
53 87 0.079094
53 88 0.079094
53 89 0.079094
53 90 0.079094
53 91 0.079095
53 92 0.079094
53 93 0.079096
53 94 0.079094
53 95 0.079098
53 96 0.079093
53 97 0.079102
53 98 0.079088
53 99 0.079109

54 0 0.079107
54 1 0.079087
54 2 0.079100
54 3 0.079090
54 4 0.079096
54 5 0.079092
54 6 0.079093
54 7 0.079092
54 8 0.079092
54 9 0.079092
54 10 0.079092
54 11 0.079091
54 12 0.079091
54 13 0.079091
54 14 0.079091
54 15 0.079092
54 16 0.079092
54 17 0.079092
54 18 0.079092
54 19 0.079093
54 20 0.079093
54 21 0.079093
54 22 0.079094
54 23 0.079094
54 24 0.079095
54 25 0.079095
54 26 0.079096
54 27 0.079096
54 28 0.079096
54 29 0.079097
54 30 0.079097
54 31 0.079097
54 32 0.079098
54 33 0.079098
54 34 0.079098
54 35 0.079098
54 36 0.079098
54 37 0.079098
54 38 0.079098
54 39 0.079099
54 40 0.079099
54 41 0.079099
54 42 0.079099
54 43 0.079099
54 44 0.079099
54 45 0.079099
54 46 0.079099
54 47 0.079098
54 48 0.079098
54 49 0.079098
54 50 0.079098
54 51 0.079097
54 52 0.079097
54 53 0.079097
54 54 0.079096
54 55 0.079096
54 56 0.079096
54 57 0.079096
54 58 0.079096
54 59 0.079096
54 60 0.079095
54 61 0.079095
54 62 0.079095
54 63 0.079095
54 64 0.079094
54 65 0.079094
54 66 0.079093
54 67 0.079093
54 68 0.079092
54 69 0.079092
54 70 0.079092
54 71 0.079091
54 72 0.079091
54 73 0.079091
54 74 0.079091
54 75 0.079091
54 76 0.079091
54 77 0.079091
54 78 0.079091
54 79 0.079092
54 80 0.079092
54 81 0.079092
54 82 0.079092
54 83 0.079093
54 84 0.079093
54 85 0.079093
54 86 0.079093
54 87 0.079093
54 88 0.079094
54 89 0.079094
54 90 0.079094
54 91 0.079095
54 92 0.079094
54 93 0.079096
54 94 0.079094
54 95 0.079098
54 96 0.079093
54 97 0.079102
54 98 0.079089
54 99 0.079109

55 0 0.079107
55 1 0.079087
55 2 0.079100
55 3 0.079091
55 4 0.079095
55 5 0.079092
55 6 0.079093
55 7 0.079092
55 8 0.079092
55 9 0.079092
55 10 0.079092
55 11 0.079091
55 12 0.079091
55 13 0.079091
55 14 0.079091
55 15 0.079092
55 16 0.079092
55 17 0.079092
55 18 0.079092
55 19 0.079093
55 20 0.079093
55 21 0.079093
55 22 0.079094
55 23 0.079094
55 24 0.079095
55 25 0.079095
55 26 0.079095
55 27 0.079096
55 28 0.079096
55 29 0.079097
55 30 0.079097
55 31 0.079097
55 32 0.079097
55 33 0.079098
55 34 0.079098
55 35 0.079098
55 36 0.079098
55 37 0.079098
55 38 0.079098
55 39 0.079098
55 40 0.079098
55 41 0.079098
55 42 0.079098
55 43 0.079098
55 44 0.079098
55 45 0.079098
55 46 0.079098
55 47 0.079098
55 48 0.079098
55 49 0.079097
55 50 0.079097
55 51 0.079097
55 52 0.079097
55 53 0.079096
55 54 0.079096
55 55 0.079096
55 56 0.079096
55 57 0.079096
55 58 0.079095
55 59 0.079095
55 60 0.079095
55 61 0.079095
55 62 0.079095
55 63 0.079094
55 64 0.079094
55 65 0.079094
55 66 0.079093
55 67 0.079093
55 68 0.079092
55 69 0.079092
55 70 0.079092
55 71 0.079091
55 72 0.079091
55 73 0.079091
55 74 0.079091
55 75 0.079091
55 76 0.079091
55 77 0.079091
55 78 0.079091
55 79 0.079092
55 80 0.079092
55 81 0.079092
55 82 0.079092
55 83 0.079092
55 84 0.079093
55 85 0.079093
55 86 0.079093
55 87 0.079093
55 88 0.079094
55 89 0.079094
55 90 0.079094
55 91 0.079095
55 92 0.079094
55 93 0.079096
55 94 0.079094
55 95 0.079098
55 96 0.079093
55 97 0.079102
55 98 0.079089
55 99 0.079109

56 0 0.079106
56 1 0.079087
56 2 0.079099
56 3 0.079091
56 4 0.079095
56 5 0.079092
56 6 0.079093
56 7 0.079092
56 8 0.079092
56 9 0.079092
56 10 0.079092
56 11 0.079092
56 12 0.079091
56 13 0.079092
56 14 0.079092
56 15 0.079092
56 16 0.079092
56 17 0.079092
56 18 0.079092
56 19 0.079093
56 20 0.079093
56 21 0.079093
56 22 0.079094
56 23 0.079094
56 24 0.079095
56 25 0.079095
56 26 0.079095
56 27 0.079096
56 28 0.079096
56 29 0.079096
56 30 0.079097
56 31 0.079097
56 32 0.079097
56 33 0.079097
56 34 0.079097
56 35 0.079097
56 36 0.079098
56 37 0.079098
56 38 0.079098
56 39 0.079098
56 40 0.079098
56 41 0.079098
56 42 0.079098
56 43 0.079098
56 44 0.079098
56 45 0.079098
56 46 0.079098
56 47 0.079097
56 48 0.079097
56 49 0.079097
56 50 0.079097
56 51 0.079097
56 52 0.079096
56 53 0.079096
56 54 0.079096
56 55 0.079096
56 56 0.079096
56 57 0.079095
56 58 0.079095
56 59 0.079095
56 60 0.079095
56 61 0.079095
56 62 0.079095
56 63 0.079094
56 64 0.079094
56 65 0.079093
56 66 0.079093
56 67 0.079093
56 68 0.079092
56 69 0.079092
56 70 0.079092
56 71 0.079091
56 72 0.079091
56 73 0.079091
56 74 0.079091
56 75 0.079091
56 76 0.079091
56 77 0.079091
56 78 0.079091
56 79 0.079092
56 80 0.079092
56 81 0.079092
56 82 0.079092
56 83 0.079092
56 84 0.079093
56 85 0.079093
56 86 0.079093
56 87 0.079093
56 88 0.079094
56 89 0.079094
56 90 0.079094
56 91 0.079095
56 92 0.079095
56 93 0.079096
56 94 0.079094
56 95 0.079098
56 96 0.079093
56 97 0.079102
56 98 0.079090
56 99 0.079109

57 0 0.079106
57 1 0.079088
57 2 0.079099
57 3 0.079091
57 4 0.079095
57 5 0.079092
57 6 0.079093
57 7 0.079092
57 8 0.079092
57 9 0.079092
57 10 0.079092
57 11 0.079092
57 12 0.079092
57 13 0.079092
57 14 0.079092
57 15 0.079092
57 16 0.079092
57 17 0.079092
57 18 0.079093
57 19 0.079093
57 20 0.079093
57 21 0.079094
57 22 0.079094
57 23 0.079094
57 24 0.079095
57 25 0.079095
57 26 0.079095
57 27 0.079096
57 28 0.079096
57 29 0.079096
57 30 0.079097
57 31 0.079097
57 32 0.079097
57 33 0.079097
57 34 0.079097
57 35 0.079097
57 36 0.079097
57 37 0.079097
57 38 0.079097
57 39 0.079097
57 40 0.079097
57 41 0.079097
57 42 0.079097
57 43 0.079097
57 44 0.079097
57 45 0.079097
57 46 0.079097
57 47 0.079097
57 48 0.079097
57 49 0.079097
57 50 0.079096
57 51 0.079096
57 52 0.079096
57 53 0.079096
57 54 0.079096
57 55 0.079096
57 56 0.079095
57 57 0.079095
57 58 0.079095
57 59 0.079095
57 60 0.079095
57 61 0.079095
57 62 0.079094
57 63 0.079094
57 64 0.079094
57 65 0.079093
57 66 0.079093
57 67 0.079093
57 68 0.079092
57 69 0.079092
57 70 0.079092
57 71 0.079091
57 72 0.079091
57 73 0.079091
57 74 0.079091
57 75 0.079091
57 76 0.079091
57 77 0.079092
57 78 0.079092
57 79 0.079092
57 80 0.079092
57 81 0.079092
57 82 0.079092
57 83 0.079093
57 84 0.079093
57 85 0.079093
57 86 0.079093
57 87 0.079093
57 88 0.079094
57 89 0.079094
57 90 0.079094
57 91 0.079095
57 92 0.079095
57 93 0.079096
57 94 0.079095
57 95 0.079098
57 96 0.079093
57 97 0.079101
57 98 0.079090
57 99 0.079108

58 0 0.079105
58 1 0.079088
58 2 0.079099
58 3 0.079091
58 4 0.079095
58 5 0.079092
58 6 0.079093
58 7 0.079092
58 8 0.079092
58 9 0.079092
58 10 0.079092
58 11 0.079092
58 12 0.079092
58 13 0.079092
58 14 0.079092
58 15 0.079092
58 16 0.079092
58 17 0.079093
58 18 0.079093
58 19 0.079093
58 20 0.079093
58 21 0.079094
58 22 0.079094
58 23 0.079094
58 24 0.079095
58 25 0.079095
58 26 0.079095
58 27 0.079096
58 28 0.079096
58 29 0.079096
58 30 0.079096
58 31 0.079097
58 32 0.079097
58 33 0.079097
58 34 0.079097
58 35 0.079097
58 36 0.079097
58 37 0.079097
58 38 0.079097
58 39 0.079097
58 40 0.079097
58 41 0.079097
58 42 0.079097
58 43 0.079097
58 44 0.079097
58 45 0.079097
58 46 0.079097
58 47 0.079097
58 48 0.079096
58 49 0.079096
58 50 0.079096
58 51 0.079096
58 52 0.079096
58 53 0.079096
58 54 0.079095
58 55 0.079095
58 56 0.079095
58 57 0.079095
58 58 0.079095
58 59 0.079095
58 60 0.079095
58 61 0.079094
58 62 0.079094
58 63 0.079094
58 64 0.079094
58 65 0.079093
58 66 0.079093
58 67 0.079093
58 68 0.079092
58 69 0.079092
58 70 0.079092
58 71 0.079092
58 72 0.079092
58 73 0.079091
58 74 0.079091
58 75 0.079092
58 76 0.079092
58 77 0.079092
58 78 0.079092
58 79 0.079092
58 80 0.079092
58 81 0.079092
58 82 0.079093
58 83 0.079093
58 84 0.079093
58 85 0.079093
58 86 0.079093
58 87 0.079094
58 88 0.079094
58 89 0.079094
58 90 0.079094
58 91 0.079095
58 92 0.079095
58 93 0.079096
58 94 0.079095
58 95 0.079098
58 96 0.079094
58 97 0.079101
58 98 0.079091
58 99 0.079107

59 0 0.079104
59 1 0.079089
59 2 0.079098
59 3 0.079092
59 4 0.079095
59 5 0.079093
59 6 0.079094
59 7 0.079093
59 8 0.079093
59 9 0.079092
59 10 0.079092
59 11 0.079092
59 12 0.079092
59 13 0.079092
59 14 0.079092
59 15 0.079093
59 16 0.079093
59 17 0.079093
59 18 0.079093
59 19 0.079093
59 20 0.079094
59 21 0.079094
59 22 0.079094
59 23 0.079095
59 24 0.079095
59 25 0.079095
59 26 0.079096
59 27 0.079096
59 28 0.079096
59 29 0.079096
59 30 0.079096
59 31 0.079096
59 32 0.079096
59 33 0.079096
59 34 0.079096
59 35 0.079096
59 36 0.079096
59 37 0.079096
59 38 0.079096
59 39 0.079096
59 40 0.079096
59 41 0.079097
59 42 0.079097
59 43 0.079096
59 44 0.079096
59 45 0.079096
59 46 0.079096
59 47 0.079096
59 48 0.079096
59 49 0.079096
59 50 0.079096
59 51 0.079096
59 52 0.079096
59 53 0.079095
59 54 0.079095
59 55 0.079095
59 56 0.079095
59 57 0.079095
59 58 0.079095
59 59 0.079095
59 60 0.079094
59 61 0.079094
59 62 0.079094
59 63 0.079094
59 64 0.079093
59 65 0.079093
59 66 0.079093
59 67 0.079093
59 68 0.079092
59 69 0.079092
59 70 0.079092
59 71 0.079092
59 72 0.079092
59 73 0.079092
59 74 0.079092
59 75 0.079092
59 76 0.079092
59 77 0.079092
59 78 0.079092
59 79 0.079092
59 80 0.079092
59 81 0.079093
59 82 0.079093
59 83 0.079093
59 84 0.079093
59 85 0.079093
59 86 0.079094
59 87 0.079094
59 88 0.079094
59 89 0.079095
59 90 0.079095
59 91 0.079095
59 92 0.079095
59 93 0.079096
59 94 0.079095
59 95 0.079098
59 96 0.079094
59 97 0.079101
59 98 0.079092
59 99 0.079107

60 0 0.079103
60 1 0.079090
60 2 0.079098
60 3 0.079092
60 4 0.079095
60 5 0.079093
60 6 0.079094
60 7 0.079093
60 8 0.079093
60 9 0.079093
60 10 0.079093
60 11 0.079093
60 12 0.079093
60 13 0.079093
60 14 0.079093
60 15 0.079093
60 16 0.079093
60 17 0.079093
60 18 0.079094
60 19 0.079094
60 20 0.079094
60 21 0.079094
60 22 0.079095
60 23 0.079095
60 24 0.079095
60 25 0.079095
60 26 0.079096
60 27 0.079096
60 28 0.079096
60 29 0.079096
60 30 0.079096
60 31 0.079096
60 32 0.079096
60 33 0.079096
60 34 0.079096
60 35 0.079096
60 36 0.079096
60 37 0.079096
60 38 0.079096
60 39 0.079096
60 40 0.079096
60 41 0.079096
60 42 0.079096
60 43 0.079096
60 44 0.079096
60 45 0.079096
60 46 0.079096
60 47 0.079096
60 48 0.079096
60 49 0.079096
60 50 0.079096
60 51 0.079095
60 52 0.079095
60 53 0.079095
60 54 0.079095
60 55 0.079095
60 56 0.079095
60 57 0.079095
60 58 0.079095
60 59 0.079094
60 60 0.079094
60 61 0.079094
60 62 0.079094
60 63 0.079094
60 64 0.079093
60 65 0.079093
60 66 0.079093
60 67 0.079093
60 68 0.079092
60 69 0.079092
60 70 0.079092
60 71 0.079092
60 72 0.079092
60 73 0.079092
60 74 0.079092
60 75 0.079092
60 76 0.079092
60 77 0.079092
60 78 0.079093
60 79 0.079093
60 80 0.079093
60 81 0.079093
60 82 0.079093
60 83 0.079093
60 84 0.079094
60 85 0.079094
60 86 0.079094
60 87 0.079094
60 88 0.079094
60 89 0.079095
60 90 0.079095
60 91 0.079096
60 92 0.079095
60 93 0.079096
60 94 0.079096
60 95 0.079098
60 96 0.079095
60 97 0.079101
60 98 0.079092
60 99 0.079106

61 0 0.079103
61 1 0.079091
61 2 0.079098
61 3 0.079093
61 4 0.079095
61 5 0.079093
61 6 0.079094
61 7 0.079093
61 8 0.079093
61 9 0.079093
61 10 0.079093
61 11 0.079093
61 12 0.079093
61 13 0.079093
61 14 0.079093
61 15 0.079093
61 16 0.079094
61 17 0.079094
61 18 0.079094
61 19 0.079094
61 20 0.079094
61 21 0.079095
61 22 0.079095
61 23 0.079095
61 24 0.079095
61 25 0.079096
61 26 0.079096
61 27 0.079096
61 28 0.079096
61 29 0.079096
61 30 0.079096
61 31 0.079096
61 32 0.079096
61 33 0.079096
61 34 0.079096
61 35 0.079096
61 36 0.079096
61 37 0.079096
61 38 0.079096
61 39 0.079096
61 40 0.079096
61 41 0.079096
61 42 0.079096
61 43 0.079096
61 44 0.079096
61 45 0.079096
61 46 0.079096
61 47 0.079096
61 48 0.079095
61 49 0.079095
61 50 0.079095
61 51 0.079095
61 52 0.079095
61 53 0.079095
61 54 0.079095
61 55 0.079095
61 56 0.079095
61 57 0.079095
61 58 0.079094
61 59 0.079094
61 60 0.079094
61 61 0.079094
61 62 0.079094
61 63 0.079093
61 64 0.079093
61 65 0.079093
61 66 0.079093
61 67 0.079093
61 68 0.079093
61 69 0.079093
61 70 0.079093
61 71 0.079093
61 72 0.079093
61 73 0.079093
61 74 0.079093
61 75 0.079093
61 76 0.079093
61 77 0.079093
61 78 0.079093
61 79 0.079093
61 80 0.079093
61 81 0.079093
61 82 0.079094
61 83 0.079094
61 84 0.079094
61 85 0.079094
61 86 0.079094
61 87 0.079095
61 88 0.079095
61 89 0.079095
61 90 0.079095
61 91 0.079096
61 92 0.079096
61 93 0.079097
61 94 0.079096
61 95 0.079098
61 96 0.079095
61 97 0.079100
61 98 0.079093
61 99 0.079105

62 0 0.079102
62 1 0.079092
62 2 0.079098
62 3 0.079094
62 4 0.079096
62 5 0.079094
62 6 0.079094
62 7 0.079094
62 8 0.079094
62 9 0.079094
62 10 0.079094
62 11 0.079094
62 12 0.079094
62 13 0.079094
62 14 0.079094
62 15 0.079094
62 16 0.079094
62 17 0.079094
62 18 0.079094
62 19 0.079095
62 20 0.079095
62 21 0.079095
62 22 0.079095
62 23 0.079095
62 24 0.079096
62 25 0.079096
62 26 0.079096
62 27 0.079096
62 28 0.079096
62 29 0.079096
62 30 0.079096
62 31 0.079096
62 32 0.079096
62 33 0.079096
62 34 0.079096
62 35 0.079096
62 36 0.079096
62 37 0.079096
62 38 0.079096
62 39 0.079096
62 40 0.079096
62 41 0.079096
62 42 0.079096
62 43 0.079096
62 44 0.079095
62 45 0.079095
62 46 0.079095
62 47 0.079095
62 48 0.079095
62 49 0.079095
62 50 0.079095
62 51 0.079095
62 52 0.079095
62 53 0.079095
62 54 0.079095
62 55 0.079095
62 56 0.079095
62 57 0.079094
62 58 0.079094
62 59 0.079094
62 60 0.079094
62 61 0.079094
62 62 0.079094
62 63 0.079093
62 64 0.079093
62 65 0.079093
62 66 0.079093
62 67 0.079093
62 68 0.079093
62 69 0.079093
62 70 0.079093
62 71 0.079093
62 72 0.079093
62 73 0.079093
62 74 0.079093
62 75 0.079093
62 76 0.079093
62 77 0.079093
62 78 0.079094
62 79 0.079094
62 80 0.079094
62 81 0.079094
62 82 0.079094
62 83 0.079094
62 84 0.079094
62 85 0.079095
62 86 0.079095
62 87 0.079095
62 88 0.079095
62 89 0.079096
62 90 0.079096
62 91 0.079096
62 92 0.079096
62 93 0.079097
62 94 0.079097
62 95 0.079098
62 96 0.079096
62 97 0.079100
62 98 0.079094
62 99 0.079104

63 0 0.079101
63 1 0.079094
63 2 0.079097
63 3 0.079094
63 4 0.079096
63 5 0.079094
63 6 0.079095
63 7 0.079094
63 8 0.079094
63 9 0.079094
63 10 0.079094
63 11 0.079094
63 12 0.079094
63 13 0.079094
63 14 0.079094
63 15 0.079094
63 16 0.079095
63 17 0.079095
63 18 0.079095
63 19 0.079095
63 20 0.079095
63 21 0.079095
63 22 0.079095
63 23 0.079096
63 24 0.079096
63 25 0.079096
63 26 0.079096
63 27 0.079096
63 28 0.079096
63 29 0.079096
63 30 0.079096
63 31 0.079096
63 32 0.079096
63 33 0.079096
63 34 0.079096
63 35 0.079096
63 36 0.079096
63 37 0.079095
63 38 0.079095
63 39 0.079095
63 40 0.079095
63 41 0.079095
63 42 0.079095
63 43 0.079095
63 44 0.079095
63 45 0.079095
63 46 0.079095
63 47 0.079095
63 48 0.079095
63 49 0.079095
63 50 0.079095
63 51 0.079095
63 52 0.079095
63 53 0.079095
63 54 0.079094
63 55 0.079094
63 56 0.079094
63 57 0.079094
63 58 0.079094
63 59 0.079094
63 60 0.079094
63 61 0.079094
63 62 0.079093
63 63 0.079093
63 64 0.079093
63 65 0.079093
63 66 0.079093
63 67 0.079093
63 68 0.079093
63 69 0.079093
63 70 0.079093
63 71 0.079094
63 72 0.079094
63 73 0.079094
63 74 0.079094
63 75 0.079094
63 76 0.079094
63 77 0.079094
63 78 0.079094
63 79 0.079094
63 80 0.079094
63 81 0.079094
63 82 0.079095
63 83 0.079095
63 84 0.079095
63 85 0.079095
63 86 0.079095
63 87 0.079096
63 88 0.079096
63 89 0.079096
63 90 0.079096
63 91 0.079097
63 92 0.079097
63 93 0.079097
63 94 0.079097
63 95 0.079098
63 96 0.079097
63 97 0.079100
63 98 0.079095
63 99 0.079102

64 0 0.079100
64 1 0.079095
64 2 0.079097
64 3 0.079095
64 4 0.079096
64 5 0.079095
64 6 0.079095
64 7 0.079095
64 8 0.079095
64 9 0.079094
64 10 0.079095
64 11 0.079094
64 12 0.079095
64 13 0.079095
64 14 0.079095
64 15 0.079095
64 16 0.079095
64 17 0.079095
64 18 0.079095
64 19 0.079095
64 20 0.079096
64 21 0.079096
64 22 0.079096
64 23 0.079096
64 24 0.079096
64 25 0.079096
64 26 0.079096
64 27 0.079096
64 28 0.079096
64 29 0.079096
64 30 0.079096
64 31 0.079096
64 32 0.079096
64 33 0.079096
64 34 0.079095
64 35 0.079095
64 36 0.079095
64 37 0.079095
64 38 0.079095
64 39 0.079095
64 40 0.079095
64 41 0.079095
64 42 0.079095
64 43 0.079095
64 44 0.079095
64 45 0.079095
64 46 0.079095
64 47 0.079095
64 48 0.079095
64 49 0.079094
64 50 0.079094
64 51 0.079094
64 52 0.079094
64 53 0.079094
64 54 0.079094
64 55 0.079094
64 56 0.079094
64 57 0.079094
64 58 0.079094
64 59 0.079094
64 60 0.079094
64 61 0.079094
64 62 0.079093
64 63 0.079093
64 64 0.079093
64 65 0.079093
64 66 0.079093
64 67 0.079094
64 68 0.079094
64 69 0.079094
64 70 0.079094
64 71 0.079094
64 72 0.079094
64 73 0.079094
64 74 0.079094
64 75 0.079095
64 76 0.079095
64 77 0.079095
64 78 0.079095
64 79 0.079095
64 80 0.079095
64 81 0.079095
64 82 0.079095
64 83 0.079095
64 84 0.079095
64 85 0.079096
64 86 0.079096
64 87 0.079096
64 88 0.079096
64 89 0.079097
64 90 0.079097
64 91 0.079097
64 92 0.079097
64 93 0.079098
64 94 0.079097
64 95 0.079098
64 96 0.079097
64 97 0.079099
64 98 0.079097
64 99 0.079101

65 0 0.079099
65 1 0.079096
65 2 0.079097
65 3 0.079096
65 4 0.079096
65 5 0.079095
65 6 0.079095
65 7 0.079095
65 8 0.079095
65 9 0.079095
65 10 0.079095
65 11 0.079095
65 12 0.079095
65 13 0.079095
65 14 0.079095
65 15 0.079095
65 16 0.079096
65 17 0.079096
65 18 0.079096
65 19 0.079096
65 20 0.079096
65 21 0.079096
65 22 0.079096
65 23 0.079096
65 24 0.079096
65 25 0.079096
65 26 0.079096
65 27 0.079096
65 28 0.079096
65 29 0.079096
65 30 0.079096
65 31 0.079096
65 32 0.079096
65 33 0.079095
65 34 0.079095
65 35 0.079095
65 36 0.079095
65 37 0.079095
65 38 0.079095
65 39 0.079095
65 40 0.079095
65 41 0.079095
65 42 0.079095
65 43 0.079095
65 44 0.079095
65 45 0.079095
65 46 0.079094
65 47 0.079094
65 48 0.079094
65 49 0.079094
65 50 0.079094
65 51 0.079094
65 52 0.079094
65 53 0.079094
65 54 0.079094
65 55 0.079094
65 56 0.079094
65 57 0.079094
65 58 0.079094
65 59 0.079094
65 60 0.079094
65 61 0.079093
65 62 0.079093
65 63 0.079093
65 64 0.079093
65 65 0.079094
65 66 0.079094
65 67 0.079094
65 68 0.079094
65 69 0.079094
65 70 0.079095
65 71 0.079095
65 72 0.079095
65 73 0.079095
65 74 0.079095
65 75 0.079095
65 76 0.079095
65 77 0.079095
65 78 0.079095
65 79 0.079095
65 80 0.079095
65 81 0.079096
65 82 0.079096
65 83 0.079096
65 84 0.079096
65 85 0.079096
65 86 0.079096
65 87 0.079097
65 88 0.079097
65 89 0.079097
65 90 0.079097
65 91 0.079098
65 92 0.079098
65 93 0.079098
65 94 0.079098
65 95 0.079098
65 96 0.079098
65 97 0.079099
65 98 0.079098
65 99 0.079100

66 0 0.079098
66 1 0.079098
66 2 0.079097
66 3 0.079097
66 4 0.079096
66 5 0.079096
66 6 0.079096
66 7 0.079095
66 8 0.079095
66 9 0.079095
66 10 0.079095
66 11 0.079095
66 12 0.079095
66 13 0.079096
66 14 0.079096
66 15 0.079096
66 16 0.079096
66 17 0.079096
66 18 0.079096
66 19 0.079096
66 20 0.079096
66 21 0.079096
66 22 0.079096
66 23 0.079096
66 24 0.079096
66 25 0.079096
66 26 0.079096
66 27 0.079096
66 28 0.079096
66 29 0.079096
66 30 0.079096
66 31 0.079096
66 32 0.079096
66 33 0.079095
66 34 0.079095
66 35 0.079095
66 36 0.079095
66 37 0.079095
66 38 0.079095
66 39 0.079095
66 40 0.079095
66 41 0.079095
66 42 0.079095
66 43 0.079095
66 44 0.079094
66 45 0.079094
66 46 0.079094
66 47 0.079094
66 48 0.079094
66 49 0.079094
66 50 0.079094
66 51 0.079094
66 52 0.079094
66 53 0.079094
66 54 0.079094
66 55 0.079094
66 56 0.079094
66 57 0.079094
66 58 0.079094
66 59 0.079094
66 60 0.079094
66 61 0.079094
66 62 0.079094
66 63 0.079094
66 64 0.079094
66 65 0.079094
66 66 0.079094
66 67 0.079094
66 68 0.079095
66 69 0.079095
66 70 0.079095
66 71 0.079095
66 72 0.079096
66 73 0.079096
66 74 0.079096
66 75 0.079096
66 76 0.079096
66 77 0.079096
66 78 0.079096
66 79 0.079096
66 80 0.079096
66 81 0.079096
66 82 0.079096
66 83 0.079096
66 84 0.079096
66 85 0.079097
66 86 0.079097
66 87 0.079097
66 88 0.079097
66 89 0.079098
66 90 0.079098
66 91 0.079098
66 92 0.079098
66 93 0.079098
66 94 0.079099
66 95 0.079098
66 96 0.079099
66 97 0.079098
66 98 0.079099
66 99 0.079099

67 0 0.079097
67 1 0.079099
67 2 0.079096
67 3 0.079097
67 4 0.079096
67 5 0.079096
67 6 0.079096
67 7 0.079096
67 8 0.079096
67 9 0.079096
67 10 0.079096
67 11 0.079096
67 12 0.079096
67 13 0.079096
67 14 0.079096
67 15 0.079096
67 16 0.079096
67 17 0.079096
67 18 0.079097
67 19 0.079097
67 20 0.079097
67 21 0.079097
67 22 0.079097
67 23 0.079097
67 24 0.079096
67 25 0.079096
67 26 0.079096
67 27 0.079096
67 28 0.079096
67 29 0.079096
67 30 0.079096
67 31 0.079096
67 32 0.079096
67 33 0.079095
67 34 0.079095
67 35 0.079095
67 36 0.079095
67 37 0.079095
67 38 0.079095
67 39 0.079095
67 40 0.079095
67 41 0.079095
67 42 0.079094
67 43 0.079094
67 44 0.079094
67 45 0.079094
67 46 0.079094
67 47 0.079094
67 48 0.079094
67 49 0.079094
67 50 0.079094
67 51 0.079094
67 52 0.079093
67 53 0.079093
67 54 0.079093
67 55 0.079093
67 56 0.079093
67 57 0.079093
67 58 0.079093
67 59 0.079094
67 60 0.079094
67 61 0.079094
67 62 0.079094
67 63 0.079094
67 64 0.079094
67 65 0.079094
67 66 0.079095
67 67 0.079095
67 68 0.079095
67 69 0.079096
67 70 0.079096
67 71 0.079096
67 72 0.079096
67 73 0.079096
67 74 0.079097
67 75 0.079097
67 76 0.079097
67 77 0.079097
67 78 0.079097
67 79 0.079097
67 80 0.079097
67 81 0.079097
67 82 0.079097
67 83 0.079097
67 84 0.079097
67 85 0.079097
67 86 0.079097
67 87 0.079098
67 88 0.079098
67 89 0.079098
67 90 0.079098
67 91 0.079098
67 92 0.079099
67 93 0.079099
67 94 0.079099
67 95 0.079098
67 96 0.079100
67 97 0.079098
67 98 0.079100
67 99 0.079098

68 0 0.079096
68 1 0.079100
68 2 0.079096
68 3 0.079098
68 4 0.079096
68 5 0.079097
68 6 0.079096
68 7 0.079096
68 8 0.079096
68 9 0.079096
68 10 0.079096
68 11 0.079096
68 12 0.079096
68 13 0.079096
68 14 0.079097
68 15 0.079097
68 16 0.079097
68 17 0.079097
68 18 0.079097
68 19 0.079097
68 20 0.079097
68 21 0.079097
68 22 0.079097
68 23 0.079097
68 24 0.079097
68 25 0.079097
68 26 0.079096
68 27 0.079096
68 28 0.079096
68 29 0.079096
68 30 0.079096
68 31 0.079096
68 32 0.079096
68 33 0.079095
68 34 0.079095
68 35 0.079095
68 36 0.079095
68 37 0.079095
68 38 0.079095
68 39 0.079095
68 40 0.079095
68 41 0.079094
68 42 0.079094
68 43 0.079094
68 44 0.079094
68 45 0.079094
68 46 0.079094
68 47 0.079094
68 48 0.079093
68 49 0.079093
68 50 0.079093
68 51 0.079093
68 52 0.079093
68 53 0.079093
68 54 0.079093
68 55 0.079093
68 56 0.079093
68 57 0.079093
68 58 0.079093
68 59 0.079094
68 60 0.079094
68 61 0.079094
68 62 0.079094
68 63 0.079094
68 64 0.079094
68 65 0.079095
68 66 0.079095
68 67 0.079095
68 68 0.079096
68 69 0.079096
68 70 0.079096
68 71 0.079097
68 72 0.079097
68 73 0.079097
68 74 0.079097
68 75 0.079097
68 76 0.079097
68 77 0.079097
68 78 0.079097
68 79 0.079097
68 80 0.079097
68 81 0.079097
68 82 0.079097
68 83 0.079098
68 84 0.079098
68 85 0.079098
68 86 0.079098
68 87 0.079098
68 88 0.079098
68 89 0.079099
68 90 0.079099
68 91 0.079099
68 92 0.079099
68 93 0.079099
68 94 0.079100
68 95 0.079099
68 96 0.079100
68 97 0.079098
68 98 0.079101
68 99 0.079096

69 0 0.079095
69 1 0.079101
69 2 0.079096
69 3 0.079099
69 4 0.079096
69 5 0.079097
69 6 0.079096
69 7 0.079097
69 8 0.079096
69 9 0.079096
69 10 0.079097
69 11 0.079097
69 12 0.079097
69 13 0.079097
69 14 0.079097
69 15 0.079097
69 16 0.079097
69 17 0.079097
69 18 0.079097
69 19 0.079097
69 20 0.079097
69 21 0.079097
69 22 0.079097
69 23 0.079097
69 24 0.079097
69 25 0.079097
69 26 0.079097
69 27 0.079096
69 28 0.079096
69 29 0.079096
69 30 0.079096
69 31 0.079096
69 32 0.079096
69 33 0.079095
69 34 0.079095
69 35 0.079095
69 36 0.079095
69 37 0.079095
69 38 0.079095
69 39 0.079095
69 40 0.079094
69 41 0.079094
69 42 0.079094
69 43 0.079094
69 44 0.079094
69 45 0.079094
69 46 0.079093
69 47 0.079093
69 48 0.079093
69 49 0.079093
69 50 0.079093
69 51 0.079093
69 52 0.079093
69 53 0.079093
69 54 0.079093
69 55 0.079093
69 56 0.079093
69 57 0.079093
69 58 0.079094
69 59 0.079094
69 60 0.079094
69 61 0.079094
69 62 0.079094
69 63 0.079094
69 64 0.079095
69 65 0.079095
69 66 0.079095
69 67 0.079096
69 68 0.079096
69 69 0.079097
69 70 0.079097
69 71 0.079097
69 72 0.079098
69 73 0.079098
69 74 0.079098
69 75 0.079098
69 76 0.079098
69 77 0.079098
69 78 0.079098
69 79 0.079098
69 80 0.079098
69 81 0.079098
69 82 0.079098
69 83 0.079098
69 84 0.079098
69 85 0.079099
69 86 0.079099
69 87 0.079099
69 88 0.079099
69 89 0.079099
69 90 0.079099
69 91 0.079099
69 92 0.079100
69 93 0.079099
69 94 0.079100
69 95 0.079099
69 96 0.079101
69 97 0.079097
69 98 0.079102
69 99 0.079095

70 0 0.079094
70 1 0.079102
70 2 0.079095
70 3 0.079100
70 4 0.079096
70 5 0.079098
70 6 0.079097
70 7 0.079097
70 8 0.079097
70 9 0.079097
70 10 0.079097
70 11 0.079097
70 12 0.079097
70 13 0.079097
70 14 0.079097
70 15 0.079098
70 16 0.079098
70 17 0.079098
70 18 0.079098
70 19 0.079098
70 20 0.079098
70 21 0.079098
70 22 0.079097
70 23 0.079097
70 24 0.079097
70 25 0.079097
70 26 0.079097
70 27 0.079097
70 28 0.079096
70 29 0.079096
70 30 0.079096
70 31 0.079096
70 32 0.079096
70 33 0.079095
70 34 0.079095
70 35 0.079095
70 36 0.079095
70 37 0.079095
70 38 0.079095
70 39 0.079094
70 40 0.079094
70 41 0.079094
70 42 0.079094
70 43 0.079094
70 44 0.079094
70 45 0.079093
70 46 0.079093
70 47 0.079093
70 48 0.079093
70 49 0.079093
70 50 0.079093
70 51 0.079093
70 52 0.079093
70 53 0.079093
70 54 0.079093
70 55 0.079093
70 56 0.079093
70 57 0.079094
70 58 0.079094
70 59 0.079094
70 60 0.079094
70 61 0.079094
70 62 0.079094
70 63 0.079095
70 64 0.079095
70 65 0.079096
70 66 0.079096
70 67 0.079096
70 68 0.079097
70 69 0.079097
70 70 0.079098
70 71 0.079098
70 72 0.079098
70 73 0.079098
70 74 0.079099
70 75 0.079099
70 76 0.079099
70 77 0.079099
70 78 0.079099
70 79 0.079099
70 80 0.079099
70 81 0.079099
70 82 0.079099
70 83 0.079099
70 84 0.079099
70 85 0.079099
70 86 0.079099
70 87 0.079099
70 88 0.079100
70 89 0.079100
70 90 0.079100
70 91 0.079100
70 92 0.079100
70 93 0.079100
70 94 0.079101
70 95 0.079099
70 96 0.079102
70 97 0.079097
70 98 0.079103
70 99 0.079094

71 0 0.079094
71 1 0.079103
71 2 0.079095
71 3 0.079100
71 4 0.079096
71 5 0.079098
71 6 0.079097
71 7 0.079097
71 8 0.079097
71 9 0.079097
71 10 0.079097
71 11 0.079097
71 12 0.079098
71 13 0.079098
71 14 0.079098
71 15 0.079098
71 16 0.079098
71 17 0.079098
71 18 0.079098
71 19 0.079098
71 20 0.079098
71 21 0.079098
71 22 0.079098
71 23 0.079098
71 24 0.079097
71 25 0.079097
71 26 0.079097
71 27 0.079097
71 28 0.079097
71 29 0.079096
71 30 0.079096
71 31 0.079096
71 32 0.079096
71 33 0.079095
71 34 0.079095
71 35 0.079095
71 36 0.079095
71 37 0.079095
71 38 0.079095
71 39 0.079094
71 40 0.079094
71 41 0.079094
71 42 0.079094
71 43 0.079094
71 44 0.079094
71 45 0.079093
71 46 0.079093
71 47 0.079093
71 48 0.079093
71 49 0.079093
71 50 0.079093
71 51 0.079093
71 52 0.079093
71 53 0.079093
71 54 0.079093
71 55 0.079093
71 56 0.079094
71 57 0.079094
71 58 0.079094
71 59 0.079094
71 60 0.079094
71 61 0.079094
71 62 0.079095
71 63 0.079095
71 64 0.079095
71 65 0.079096
71 66 0.079096
71 67 0.079097
71 68 0.079097
71 69 0.079098
71 70 0.079098
71 71 0.079099
71 72 0.079099
71 73 0.079099
71 74 0.079099
71 75 0.079099
71 76 0.079099
71 77 0.079099
71 78 0.079099
71 79 0.079099
71 80 0.079099
71 81 0.079099
71 82 0.079099
71 83 0.079100
71 84 0.079100
71 85 0.079100
71 86 0.079100
71 87 0.079100
71 88 0.079100
71 89 0.079100
71 90 0.079100
71 91 0.079100
71 92 0.079101
71 93 0.079100
71 94 0.079101
71 95 0.079099
71 96 0.079102
71 97 0.079097
71 98 0.079104
71 99 0.079094

72 0 0.079093
72 1 0.079104
72 2 0.079095
72 3 0.079101
72 4 0.079097
72 5 0.079099
72 6 0.079097
72 7 0.079098
72 8 0.079097
72 9 0.079097
72 10 0.079098
72 11 0.079098
72 12 0.079098
72 13 0.079098
72 14 0.079098
72 15 0.079098
72 16 0.079098
72 17 0.079098
72 18 0.079098
72 19 0.079098
72 20 0.079098
72 21 0.079098
72 22 0.079098
72 23 0.079098
72 24 0.079098
72 25 0.079097
72 26 0.079097
72 27 0.079097
72 28 0.079097
72 29 0.079096
72 30 0.079096
72 31 0.079096
72 32 0.079096
72 33 0.079096
72 34 0.079095
72 35 0.079095
72 36 0.079095
72 37 0.079095
72 38 0.079095
72 39 0.079095
72 40 0.079094
72 41 0.079094
72 42 0.079094
72 43 0.079094
72 44 0.079094
72 45 0.079093
72 46 0.079093
72 47 0.079093
72 48 0.079093
72 49 0.079093
72 50 0.079093
72 51 0.079093
72 52 0.079093
72 53 0.079093
72 54 0.079093
72 55 0.079094
72 56 0.079094
72 57 0.079094
72 58 0.079094
72 59 0.079094
72 60 0.079094
72 61 0.079095
72 62 0.079095
72 63 0.079095
72 64 0.079096
72 65 0.079096
72 66 0.079097
72 67 0.079097
72 68 0.079098
72 69 0.079098
72 70 0.079099
72 71 0.079099
72 72 0.079099
72 73 0.079099
72 74 0.079100
72 75 0.079100
72 76 0.079100
72 77 0.079100
72 78 0.079100
72 79 0.079100
72 80 0.079100
72 81 0.079100
72 82 0.079100
72 83 0.079100
72 84 0.079100
72 85 0.079100
72 86 0.079100
72 87 0.079101
72 88 0.079101
72 89 0.079101
72 90 0.079101
72 91 0.079101
72 92 0.079101
72 93 0.079101
72 94 0.079102
72 95 0.079099
72 96 0.079103
72 97 0.079097
72 98 0.079105
72 99 0.079093

73 0 0.079093
73 1 0.079105
73 2 0.079095
73 3 0.079101
73 4 0.079097
73 5 0.079099
73 6 0.079097
73 7 0.079098
73 8 0.079098
73 9 0.079098
73 10 0.079098
73 11 0.079098
73 12 0.079098
73 13 0.079098
73 14 0.079099
73 15 0.079099
73 16 0.079099
73 17 0.079099
73 18 0.079099
73 19 0.079099
73 20 0.079098
73 21 0.079098
73 22 0.079098
73 23 0.079098
73 24 0.079098
73 25 0.079097
73 26 0.079097
73 27 0.079097
73 28 0.079097
73 29 0.079097
73 30 0.079096
73 31 0.079096
73 32 0.079096
73 33 0.079096
73 34 0.079095
73 35 0.079095
73 36 0.079095
73 37 0.079095
73 38 0.079095
73 39 0.079095
73 40 0.079094
73 41 0.079094
73 42 0.079094
73 43 0.079094
73 44 0.079094
73 45 0.079094
73 46 0.079093
73 47 0.079093
73 48 0.079093
73 49 0.079093
73 50 0.079093
73 51 0.079093
73 52 0.079093
73 53 0.079093
73 54 0.079094
73 55 0.079094
73 56 0.079094
73 57 0.079094
73 58 0.079094
73 59 0.079095
73 60 0.079095
73 61 0.079095
73 62 0.079095
73 63 0.079096
73 64 0.079096
73 65 0.079097
73 66 0.079097
73 67 0.079098
73 68 0.079098
73 69 0.079099
73 70 0.079099
73 71 0.079099
73 72 0.079100
73 73 0.079100
73 74 0.079100
73 75 0.079100
73 76 0.079100
73 77 0.079100
73 78 0.079100
73 79 0.079100
73 80 0.079100
73 81 0.079101
73 82 0.079100
73 83 0.079101
73 84 0.079101
73 85 0.079101
73 86 0.079101
73 87 0.079101
73 88 0.079101
73 89 0.079101
73 90 0.079101
73 91 0.079101
73 92 0.079102
73 93 0.079101
73 94 0.079102
73 95 0.079100
73 96 0.079104
73 97 0.079097
73 98 0.079106
73 99 0.079093

74 0 0.079093
74 1 0.079106
74 2 0.079095
74 3 0.079102
74 4 0.079097
74 5 0.079099
74 6 0.079098
74 7 0.079098
74 8 0.079098
74 9 0.079098
74 10 0.079098
74 11 0.079098
74 12 0.079098
74 13 0.079099
74 14 0.079099
74 15 0.079099
74 16 0.079099
74 17 0.079099
74 18 0.079099
74 19 0.079099
74 20 0.079099
74 21 0.079098
74 22 0.079098
74 23 0.079098
74 24 0.079098
74 25 0.079098
74 26 0.079097
74 27 0.079097
74 28 0.079097
74 29 0.079097
74 30 0.079096
74 31 0.079096
74 32 0.079096
74 33 0.079096
74 34 0.079096
74 35 0.079095
74 36 0.079095
74 37 0.079095
74 38 0.079095
74 39 0.079095
74 40 0.079095
74 41 0.079094
74 42 0.079094
74 43 0.079094
74 44 0.079094
74 45 0.079094
74 46 0.079094
74 47 0.079094
74 48 0.079093
74 49 0.079093
74 50 0.079093
74 51 0.079094
74 52 0.079094
74 53 0.079094
74 54 0.079094
74 55 0.079094
74 56 0.079094
74 57 0.079094
74 58 0.079095
74 59 0.079095
74 60 0.079095
74 61 0.079095
74 62 0.079096
74 63 0.079096
74 64 0.079096
74 65 0.079097
74 66 0.079097
74 67 0.079098
74 68 0.079098
74 69 0.079099
74 70 0.079099
74 71 0.079100
74 72 0.079100
74 73 0.079100
74 74 0.079100
74 75 0.079101
74 76 0.079101
74 77 0.079101
74 78 0.079101
74 79 0.079101
74 80 0.079101
74 81 0.079101
74 82 0.079101
74 83 0.079101
74 84 0.079101
74 85 0.079101
74 86 0.079101
74 87 0.079102
74 88 0.079102
74 89 0.079102
74 90 0.079102
74 91 0.079102
74 92 0.079102
74 93 0.079101
74 94 0.079103
74 95 0.079100
74 96 0.079104
74 97 0.079097
74 98 0.079107
74 99 0.079093

75 0 0.079092
75 1 0.079106
75 2 0.079095
75 3 0.079102
75 4 0.079097
75 5 0.079099
75 6 0.079098
75 7 0.079098
75 8 0.079098
75 9 0.079098
75 10 0.079098
75 11 0.079098
75 12 0.079099
75 13 0.079099
75 14 0.079099
75 15 0.079099
75 16 0.079099
75 17 0.079099
75 18 0.079099
75 19 0.079099
75 20 0.079099
75 21 0.079099
75 22 0.079098
75 23 0.079098
75 24 0.079098
75 25 0.079098
75 26 0.079097
75 27 0.079097
75 28 0.079097
75 29 0.079097
75 30 0.079097
75 31 0.079096
75 32 0.079096
75 33 0.079096
75 34 0.079096
75 35 0.079096
75 36 0.079096
75 37 0.079095
75 38 0.079095
75 39 0.079095
75 40 0.079095
75 41 0.079095
75 42 0.079095
75 43 0.079094
75 44 0.079094
75 45 0.079094
75 46 0.079094
75 47 0.079094
75 48 0.079094
75 49 0.079094
75 50 0.079094
75 51 0.079094
75 52 0.079094
75 53 0.079094
75 54 0.079094
75 55 0.079094
75 56 0.079095
75 57 0.079095
75 58 0.079095
75 59 0.079095
75 60 0.079095
75 61 0.079096
75 62 0.079096
75 63 0.079096
75 64 0.079097
75 65 0.079097
75 66 0.079098
75 67 0.079098
75 68 0.079099
75 69 0.079099
75 70 0.079100
75 71 0.079100
75 72 0.079100
75 73 0.079101
75 74 0.079101
75 75 0.079101
75 76 0.079101
75 77 0.079101
75 78 0.079101
75 79 0.079101
75 80 0.079101
75 81 0.079101
75 82 0.079101
75 83 0.079101
75 84 0.079101
75 85 0.079102
75 86 0.079102
75 87 0.079102
75 88 0.079102
75 89 0.079102
75 90 0.079102
75 91 0.079102
75 92 0.079102
75 93 0.079102
75 94 0.079103
75 95 0.079100
75 96 0.079105
75 97 0.079097
75 98 0.079107
75 99 0.079093

76 0 0.079092
76 1 0.079107
76 2 0.079095
76 3 0.079102
76 4 0.079097
76 5 0.079100
76 6 0.079098
76 7 0.079099
76 8 0.079098
76 9 0.079098
76 10 0.079099
76 11 0.079099
76 12 0.079099
76 13 0.079099
76 14 0.079099
76 15 0.079099
76 16 0.079099
76 17 0.079099
76 18 0.079099
76 19 0.079099
76 20 0.079099
76 21 0.079099
76 22 0.079098
76 23 0.079098
76 24 0.079098
76 25 0.079098
76 26 0.079098
76 27 0.079097
76 28 0.079097
76 29 0.079097
76 30 0.079097
76 31 0.079097
76 32 0.079096
76 33 0.079096
76 34 0.079096
76 35 0.079096
76 36 0.079096
76 37 0.079096
76 38 0.079096
76 39 0.079095
76 40 0.079095
76 41 0.079095
76 42 0.079095
76 43 0.079095
76 44 0.079095
76 45 0.079095
76 46 0.079094
76 47 0.079094
76 48 0.079094
76 49 0.079094
76 50 0.079094
76 51 0.079094
76 52 0.079094
76 53 0.079095
76 54 0.079095
76 55 0.079095
76 56 0.079095
76 57 0.079095
76 58 0.079095
76 59 0.079096
76 60 0.079096
76 61 0.079096
76 62 0.079096
76 63 0.079097
76 64 0.079097
76 65 0.079097
76 66 0.079098
76 67 0.079098
76 68 0.079099
76 69 0.079099
76 70 0.079100
76 71 0.079100
76 72 0.079101
76 73 0.079101
76 74 0.079101
76 75 0.079101
76 76 0.079101
76 77 0.079101
76 78 0.079102
76 79 0.079102
76 80 0.079102
76 81 0.079102
76 82 0.079102
76 83 0.079102
76 84 0.079102
76 85 0.079102
76 86 0.079102
76 87 0.079102
76 88 0.079102
76 89 0.079103
76 90 0.079103
76 91 0.079102
76 92 0.079103
76 93 0.079102
76 94 0.079104
76 95 0.079100
76 96 0.079105
76 97 0.079097
76 98 0.079108
76 99 0.079093

77 0 0.079092
77 1 0.079107
77 2 0.079095
77 3 0.079102
77 4 0.079097
77 5 0.079100
77 6 0.079098
77 7 0.079099
77 8 0.079098
77 9 0.079099
77 10 0.079099
77 11 0.079099
77 12 0.079099
77 13 0.079099
77 14 0.079099
77 15 0.079099
77 16 0.079099
77 17 0.079099
77 18 0.079099
77 19 0.079099
77 20 0.079099
77 21 0.079099
77 22 0.079099
77 23 0.079098
77 24 0.079098
77 25 0.079098
77 26 0.079098
77 27 0.079097
77 28 0.079097
77 29 0.079097
77 30 0.079097
77 31 0.079097
77 32 0.079097
77 33 0.079097
77 34 0.079096
77 35 0.079096
77 36 0.079096
77 37 0.079096
77 38 0.079096
77 39 0.079096
77 40 0.079096
77 41 0.079096
77 42 0.079095
77 43 0.079095
77 44 0.079095
77 45 0.079095
77 46 0.079095
77 47 0.079095
77 48 0.079095
77 49 0.079095
77 50 0.079095
77 51 0.079095
77 52 0.079095
77 53 0.079095
77 54 0.079095
77 55 0.079095
77 56 0.079096
77 57 0.079096
77 58 0.079096
77 59 0.079096
77 60 0.079096
77 61 0.079096
77 62 0.079097
77 63 0.079097
77 64 0.079097
77 65 0.079098
77 66 0.079098
77 67 0.079099
77 68 0.079099
77 69 0.079100
77 70 0.079100
77 71 0.079100
77 72 0.079101
77 73 0.079101
77 74 0.079101
77 75 0.079102
77 76 0.079102
77 77 0.079102
77 78 0.079102
77 79 0.079102
77 80 0.079102
77 81 0.079102
77 82 0.079102
77 83 0.079102
77 84 0.079102
77 85 0.079102
77 86 0.079102
77 87 0.079103
77 88 0.079103
77 89 0.079103
77 90 0.079103
77 91 0.079103
77 92 0.079103
77 93 0.079102
77 94 0.079104
77 95 0.079101
77 96 0.079106
77 97 0.079098
77 98 0.079109
77 99 0.079093

78 0 0.079092
78 1 0.079107
78 2 0.079095
78 3 0.079103
78 4 0.079097
78 5 0.079100
78 6 0.079098
78 7 0.079099
78 8 0.079099
78 9 0.079099
78 10 0.079099
78 11 0.079099
78 12 0.079099
78 13 0.079099
78 14 0.079099
78 15 0.079099
78 16 0.079099
78 17 0.079099
78 18 0.079099
78 19 0.079099
78 20 0.079099
78 21 0.079099
78 22 0.079099
78 23 0.079098
78 24 0.079098
78 25 0.079098
78 26 0.079098
78 27 0.079098
78 28 0.079098
78 29 0.079097
78 30 0.079097
78 31 0.079097
78 32 0.079097
78 33 0.079097
78 34 0.079097
78 35 0.079097
78 36 0.079097
78 37 0.079096
78 38 0.079096
78 39 0.079096
78 40 0.079096
78 41 0.079096
78 42 0.079096
78 43 0.079096
78 44 0.079096
78 45 0.079096
78 46 0.079096
78 47 0.079095
78 48 0.079095
78 49 0.079095
78 50 0.079095
78 51 0.079095
78 52 0.079096
78 53 0.079096
78 54 0.079096
78 55 0.079096
78 56 0.079096
78 57 0.079096
78 58 0.079096
78 59 0.079096
78 60 0.079097
78 61 0.079097
78 62 0.079097
78 63 0.079097
78 64 0.079098
78 65 0.079098
78 66 0.079098
78 67 0.079099
78 68 0.079099
78 69 0.079100
78 70 0.079100
78 71 0.079101
78 72 0.079101
78 73 0.079101
78 74 0.079102
78 75 0.079102
78 76 0.079102
78 77 0.079102
78 78 0.079102
78 79 0.079102
78 80 0.079102
78 81 0.079102
78 82 0.079102
78 83 0.079102
78 84 0.079103
78 85 0.079103
78 86 0.079103
78 87 0.079103
78 88 0.079103
78 89 0.079103
78 90 0.079103
78 91 0.079103
78 92 0.079104
78 93 0.079103
78 94 0.079104
78 95 0.079101
78 96 0.079106
78 97 0.079098
78 98 0.079109
78 99 0.079093

79 0 0.079092
79 1 0.079107
79 2 0.079095
79 3 0.079103
79 4 0.079097
79 5 0.079100
79 6 0.079099
79 7 0.079099
79 8 0.079099
79 9 0.079099
79 10 0.079099
79 11 0.079099
79 12 0.079100
79 13 0.079100
79 14 0.079100
79 15 0.079100
79 16 0.079100
79 17 0.079100
79 18 0.079099
79 19 0.079099
79 20 0.079099
79 21 0.079099
79 22 0.079099
79 23 0.079099
79 24 0.079098
79 25 0.079098
79 26 0.079098
79 27 0.079098
79 28 0.079098
79 29 0.079098
79 30 0.079098
79 31 0.079097
79 32 0.079097
79 33 0.079097
79 34 0.079097
79 35 0.079097
79 36 0.079097
79 37 0.079097
79 38 0.079097
79 39 0.079097
79 40 0.079097
79 41 0.079097
79 42 0.079097
79 43 0.079097
79 44 0.079096
79 45 0.079096
79 46 0.079096
79 47 0.079096
79 48 0.079096
79 49 0.079096
79 50 0.079096
79 51 0.079096
79 52 0.079096
79 53 0.079096
79 54 0.079096
79 55 0.079097
79 56 0.079097
79 57 0.079097
79 58 0.079097
79 59 0.079097
79 60 0.079097
79 61 0.079097
79 62 0.079098
79 63 0.079098
79 64 0.079098
79 65 0.079098
79 66 0.079099
79 67 0.079099
79 68 0.079100
79 69 0.079100
79 70 0.079101
79 71 0.079101
79 72 0.079101
79 73 0.079102
79 74 0.079102
79 75 0.079102
79 76 0.079102
79 77 0.079102
79 78 0.079102
79 79 0.079102
79 80 0.079102
79 81 0.079103
79 82 0.079103
79 83 0.079103
79 84 0.079103
79 85 0.079103
79 86 0.079103
79 87 0.079104
79 88 0.079104
79 89 0.079104
79 90 0.079104
79 91 0.079104
79 92 0.079104
79 93 0.079103
79 94 0.079105
79 95 0.079101
79 96 0.079106
79 97 0.079098
79 98 0.079110
79 99 0.079094

80 0 0.079092
80 1 0.079108
80 2 0.079095
80 3 0.079103
80 4 0.079098
80 5 0.079101
80 6 0.079099
80 7 0.079100
80 8 0.079099
80 9 0.079100
80 10 0.079100
80 11 0.079100
80 12 0.079100
80 13 0.079100
80 14 0.079100
80 15 0.079100
80 16 0.079100
80 17 0.079100
80 18 0.079100
80 19 0.079099
80 20 0.079099
80 21 0.079099
80 22 0.079099
80 23 0.079099
80 24 0.079099
80 25 0.079099
80 26 0.079098
80 27 0.079098
80 28 0.079098
80 29 0.079098
80 30 0.079098
80 31 0.079098
80 32 0.079098
80 33 0.079098
80 34 0.079098
80 35 0.079098
80 36 0.079098
80 37 0.079098
80 38 0.079098
80 39 0.079097
80 40 0.079097
80 41 0.079097
80 42 0.079097
80 43 0.079097
80 44 0.079097
80 45 0.079097
80 46 0.079097
80 47 0.079097
80 48 0.079097
80 49 0.079097
80 50 0.079097
80 51 0.079097
80 52 0.079097
80 53 0.079097
80 54 0.079097
80 55 0.079097
80 56 0.079097
80 57 0.079097
80 58 0.079097
80 59 0.079097
80 60 0.079098
80 61 0.079098
80 62 0.079098
80 63 0.079098
80 64 0.079098
80 65 0.079099
80 66 0.079099
80 67 0.079100
80 68 0.079100
80 69 0.079100
80 70 0.079101
80 71 0.079101
80 72 0.079102
80 73 0.079102
80 74 0.079102
80 75 0.079102
80 76 0.079102
80 77 0.079103
80 78 0.079103
80 79 0.079103
80 80 0.079103
80 81 0.079103
80 82 0.079103
80 83 0.079103
80 84 0.079103
80 85 0.079104
80 86 0.079104
80 87 0.079104
80 88 0.079104
80 89 0.079104
80 90 0.079104
80 91 0.079104
80 92 0.079105
80 93 0.079103
80 94 0.079105
80 95 0.079102
80 96 0.079107
80 97 0.079098
80 98 0.079110
80 99 0.079094

81 0 0.079092
81 1 0.079108
81 2 0.079095
81 3 0.079104
81 4 0.079098
81 5 0.079101
81 6 0.079099
81 7 0.079100
81 8 0.079100
81 9 0.079100
81 10 0.079100
81 11 0.079100
81 12 0.079100
81 13 0.079100
81 14 0.079100
81 15 0.079100
81 16 0.079100
81 17 0.079100
81 18 0.079100
81 19 0.079100
81 20 0.079100
81 21 0.079099
81 22 0.079099
81 23 0.079099
81 24 0.079099
81 25 0.079099
81 26 0.079099
81 27 0.079099
81 28 0.079099
81 29 0.079098
81 30 0.079098
81 31 0.079098
81 32 0.079098
81 33 0.079098
81 34 0.079098
81 35 0.079098
81 36 0.079098
81 37 0.079098
81 38 0.079098
81 39 0.079098
81 40 0.079098
81 41 0.079098
81 42 0.079098
81 43 0.079098
81 44 0.079098
81 45 0.079098
81 46 0.079098
81 47 0.079098
81 48 0.079098
81 49 0.079098
81 50 0.079098
81 51 0.079098
81 52 0.079098
81 53 0.079098
81 54 0.079098
81 55 0.079098
81 56 0.079098
81 57 0.079098
81 58 0.079098
81 59 0.079098
81 60 0.079098
81 61 0.079098
81 62 0.079099
81 63 0.079099
81 64 0.079099
81 65 0.079099
81 66 0.079100
81 67 0.079100
81 68 0.079101
81 69 0.079101
81 70 0.079101
81 71 0.079102
81 72 0.079102
81 73 0.079102
81 74 0.079102
81 75 0.079103
81 76 0.079103
81 77 0.079103
81 78 0.079103
81 79 0.079103
81 80 0.079103
81 81 0.079103
81 82 0.079103
81 83 0.079104
81 84 0.079104
81 85 0.079104
81 86 0.079104
81 87 0.079104
81 88 0.079104
81 89 0.079105
81 90 0.079105
81 91 0.079104
81 92 0.079105
81 93 0.079104
81 94 0.079106
81 95 0.079102
81 96 0.079107
81 97 0.079099
81 98 0.079111
81 99 0.079094

82 0 0.079092
82 1 0.079108
82 2 0.079096
82 3 0.079104
82 4 0.079098
82 5 0.079102
82 6 0.079100
82 7 0.079101
82 8 0.079100
82 9 0.079101
82 10 0.079101
82 11 0.079101
82 12 0.079101
82 13 0.079101
82 14 0.079101
82 15 0.079100
82 16 0.079100
82 17 0.079100
82 18 0.079100
82 19 0.079100
82 20 0.079100
82 21 0.079100
82 22 0.079100
82 23 0.079099
82 24 0.079099
82 25 0.079099
82 26 0.079099
82 27 0.079099
82 28 0.079099
82 29 0.079099
82 30 0.079099
82 31 0.079099
82 32 0.079099
82 33 0.079099
82 34 0.079099
82 35 0.079099
82 36 0.079099
82 37 0.079099
82 38 0.079099
82 39 0.079099
82 40 0.079099
82 41 0.079099
82 42 0.079099
82 43 0.079099
82 44 0.079099
82 45 0.079099
82 46 0.079099
82 47 0.079099
82 48 0.079099
82 49 0.079099
82 50 0.079099
82 51 0.079099
82 52 0.079099
82 53 0.079099
82 54 0.079099
82 55 0.079099
82 56 0.079099
82 57 0.079099
82 58 0.079099
82 59 0.079099
82 60 0.079099
82 61 0.079099
82 62 0.079099
82 63 0.079099
82 64 0.079099
82 65 0.079100
82 66 0.079100
82 67 0.079100
82 68 0.079101
82 69 0.079101
82 70 0.079102
82 71 0.079102
82 72 0.079102
82 73 0.079102
82 74 0.079103
82 75 0.079103
82 76 0.079103
82 77 0.079103
82 78 0.079103
82 79 0.079103
82 80 0.079103
82 81 0.079104
82 82 0.079104
82 83 0.079104
82 84 0.079104
82 85 0.079104
82 86 0.079105
82 87 0.079105
82 88 0.079105
82 89 0.079105
82 90 0.079105
82 91 0.079105
82 92 0.079105
82 93 0.079104
82 94 0.079106
82 95 0.079103
82 96 0.079108
82 97 0.079099
82 98 0.079111
82 99 0.079095

83 0 0.079092
83 1 0.079108
83 2 0.079096
83 3 0.079104
83 4 0.079099
83 5 0.079102
83 6 0.079100
83 7 0.079101
83 8 0.079101
83 9 0.079101
83 10 0.079101
83 11 0.079101
83 12 0.079101
83 13 0.079101
83 14 0.079101
83 15 0.079101
83 16 0.079101
83 17 0.079101
83 18 0.079100
83 19 0.079100
83 20 0.079100
83 21 0.079100
83 22 0.079100
83 23 0.079100
83 24 0.079100
83 25 0.079100
83 26 0.079100
83 27 0.079099
83 28 0.079099
83 29 0.079099
83 30 0.079099
83 31 0.079099
83 32 0.079099
83 33 0.079099
83 34 0.079099
83 35 0.079099
83 36 0.079099
83 37 0.079099
83 38 0.079100
83 39 0.079100
83 40 0.079100
83 41 0.079100
83 42 0.079100
83 43 0.079100
83 44 0.079100
83 45 0.079100
83 46 0.079100
83 47 0.079100
83 48 0.079099
83 49 0.079099
83 50 0.079099
83 51 0.079099
83 52 0.079099
83 53 0.079099
83 54 0.079099
83 55 0.079099
83 56 0.079099
83 57 0.079099
83 58 0.079099
83 59 0.079099
83 60 0.079099
83 61 0.079100
83 62 0.079100
83 63 0.079100
83 64 0.079100
83 65 0.079100
83 66 0.079101
83 67 0.079101
83 68 0.079101
83 69 0.079102
83 70 0.079102
83 71 0.079102
83 72 0.079103
83 73 0.079103
83 74 0.079103
83 75 0.079103
83 76 0.079103
83 77 0.079103
83 78 0.079103
83 79 0.079104
83 80 0.079104
83 81 0.079104
83 82 0.079104
83 83 0.079104
83 84 0.079105
83 85 0.079105
83 86 0.079105
83 87 0.079105
83 88 0.079105
83 89 0.079105
83 90 0.079105
83 91 0.079105
83 92 0.079106
83 93 0.079105
83 94 0.079106
83 95 0.079103
83 96 0.079108
83 97 0.079100
83 98 0.079111
83 99 0.079095

84 0 0.079092
84 1 0.079108
84 2 0.079096
84 3 0.079105
84 4 0.079099
84 5 0.079102
84 6 0.079100
84 7 0.079102
84 8 0.079101
84 9 0.079101
84 10 0.079101
84 11 0.079101
84 12 0.079101
84 13 0.079101
84 14 0.079101
84 15 0.079101
84 16 0.079101
84 17 0.079101
84 18 0.079101
84 19 0.079101
84 20 0.079100
84 21 0.079100
84 22 0.079100
84 23 0.079100
84 24 0.079100
84 25 0.079100
84 26 0.079100
84 27 0.079100
84 28 0.079100
84 29 0.079100
84 30 0.079100
84 31 0.079100
84 32 0.079100
84 33 0.079100
84 34 0.079100
84 35 0.079100
84 36 0.079100
84 37 0.079100
84 38 0.079100
84 39 0.079100
84 40 0.079100
84 41 0.079100
84 42 0.079100
84 43 0.079100
84 44 0.079100
84 45 0.079100
84 46 0.079100
84 47 0.079100
84 48 0.079100
84 49 0.079100
84 50 0.079100
84 51 0.079100
84 52 0.079100
84 53 0.079100
84 54 0.079100
84 55 0.079100
84 56 0.079100
84 57 0.079100
84 58 0.079100
84 59 0.079100
84 60 0.079100
84 61 0.079100
84 62 0.079100
84 63 0.079100
84 64 0.079101
84 65 0.079101
84 66 0.079101
84 67 0.079101
84 68 0.079102
84 69 0.079102
84 70 0.079102
84 71 0.079102
84 72 0.079103
84 73 0.079103
84 74 0.079103
84 75 0.079103
84 76 0.079103
84 77 0.079103
84 78 0.079104
84 79 0.079104
84 80 0.079104
84 81 0.079104
84 82 0.079105
84 83 0.079105
84 84 0.079105
84 85 0.079105
84 86 0.079105
84 87 0.079106
84 88 0.079106
84 89 0.079106
84 90 0.079106
84 91 0.079106
84 92 0.079106
84 93 0.079105
84 94 0.079107
84 95 0.079103
84 96 0.079109
84 97 0.079100
84 98 0.079112
84 99 0.079095

85 0 0.079092
85 1 0.079108
85 2 0.079097
85 3 0.079105
85 4 0.079099
85 5 0.079103
85 6 0.079101
85 7 0.079102
85 8 0.079101
85 9 0.079102
85 10 0.079102
85 11 0.079102
85 12 0.079102
85 13 0.079102
85 14 0.079101
85 15 0.079101
85 16 0.079101
85 17 0.079101
85 18 0.079101
85 19 0.079101
85 20 0.079101
85 21 0.079101
85 22 0.079101
85 23 0.079101
85 24 0.079100
85 25 0.079100
85 26 0.079100
85 27 0.079100
85 28 0.079100
85 29 0.079100
85 30 0.079100
85 31 0.079100
85 32 0.079100
85 33 0.079100
85 34 0.079100
85 35 0.079101
85 36 0.079101
85 37 0.079101
85 38 0.079101
85 39 0.079101
85 40 0.079101
85 41 0.079101
85 42 0.079101
85 43 0.079101
85 44 0.079101
85 45 0.079101
85 46 0.079101
85 47 0.079101
85 48 0.079101
85 49 0.079101
85 50 0.079101
85 51 0.079101
85 52 0.079101
85 53 0.079101
85 54 0.079101
85 55 0.079101
85 56 0.079101
85 57 0.079101
85 58 0.079100
85 59 0.079101
85 60 0.079101
85 61 0.079101
85 62 0.079101
85 63 0.079101
85 64 0.079101
85 65 0.079101
85 66 0.079101
85 67 0.079102
85 68 0.079102
85 69 0.079102
85 70 0.079103
85 71 0.079103
85 72 0.079103
85 73 0.079103
85 74 0.079103
85 75 0.079104
85 76 0.079104
85 77 0.079104
85 78 0.079104
85 79 0.079104
85 80 0.079104
85 81 0.079105
85 82 0.079105
85 83 0.079105
85 84 0.079105
85 85 0.079105
85 86 0.079106
85 87 0.079106
85 88 0.079106
85 89 0.079106
85 90 0.079106
85 91 0.079106
85 92 0.079106
85 93 0.079105
85 94 0.079107
85 95 0.079104
85 96 0.079109
85 97 0.079101
85 98 0.079112
85 99 0.079096

86 0 0.079093
86 1 0.079108
86 2 0.079097
86 3 0.079105
86 4 0.079100
86 5 0.079103
86 6 0.079101
86 7 0.079102
86 8 0.079102
86 9 0.079102
86 10 0.079102
86 11 0.079102
86 12 0.079102
86 13 0.079102
86 14 0.079102
86 15 0.079102
86 16 0.079102
86 17 0.079102
86 18 0.079101
86 19 0.079101
86 20 0.079101
86 21 0.079101
86 22 0.079101
86 23 0.079101
86 24 0.079101
86 25 0.079101
86 26 0.079101
86 27 0.079101
86 28 0.079101
86 29 0.079101
86 30 0.079101
86 31 0.079101
86 32 0.079101
86 33 0.079101
86 34 0.079101
86 35 0.079101
86 36 0.079101
86 37 0.079101
86 38 0.079102
86 39 0.079102
86 40 0.079102
86 41 0.079102
86 42 0.079102
86 43 0.079102
86 44 0.079102
86 45 0.079102
86 46 0.079102
86 47 0.079102
86 48 0.079102
86 49 0.079102
86 50 0.079102
86 51 0.079102
86 52 0.079102
86 53 0.079101
86 54 0.079101
86 55 0.079101
86 56 0.079101
86 57 0.079101
86 58 0.079101
86 59 0.079101
86 60 0.079101
86 61 0.079101
86 62 0.079101
86 63 0.079101
86 64 0.079101
86 65 0.079102
86 66 0.079102
86 67 0.079102
86 68 0.079102
86 69 0.079102
86 70 0.079103
86 71 0.079103
86 72 0.079103
86 73 0.079103
86 74 0.079104
86 75 0.079104
86 76 0.079104
86 77 0.079104
86 78 0.079104
86 79 0.079104
86 80 0.079105
86 81 0.079105
86 82 0.079105
86 83 0.079105
86 84 0.079106
86 85 0.079106
86 86 0.079106
86 87 0.079106
86 88 0.079106
86 89 0.079106
86 90 0.079107
86 91 0.079106
86 92 0.079107
86 93 0.079106
86 94 0.079108
86 95 0.079104
86 96 0.079109
86 97 0.079102
86 98 0.079112
86 99 0.079097

87 0 0.079094
87 1 0.079107
87 2 0.079098
87 3 0.079105
87 4 0.079100
87 5 0.079103
87 6 0.079102
87 7 0.079103
87 8 0.079102
87 9 0.079102
87 10 0.079102
87 11 0.079102
87 12 0.079102
87 13 0.079102
87 14 0.079102
87 15 0.079102
87 16 0.079102
87 17 0.079102
87 18 0.079102
87 19 0.079102
87 20 0.079101
87 21 0.079101
87 22 0.079101
87 23 0.079101
87 24 0.079101
87 25 0.079101
87 26 0.079101
87 27 0.079101
87 28 0.079101
87 29 0.079101
87 30 0.079101
87 31 0.079101
87 32 0.079101
87 33 0.079101
87 34 0.079102
87 35 0.079102
87 36 0.079102
87 37 0.079102
87 38 0.079102
87 39 0.079102
87 40 0.079102
87 41 0.079102
87 42 0.079103
87 43 0.079103
87 44 0.079103
87 45 0.079103
87 46 0.079103
87 47 0.079103
87 48 0.079103
87 49 0.079102
87 50 0.079102
87 51 0.079102
87 52 0.079102
87 53 0.079102
87 54 0.079102
87 55 0.079102
87 56 0.079102
87 57 0.079102
87 58 0.079102
87 59 0.079102
87 60 0.079102
87 61 0.079102
87 62 0.079102
87 63 0.079102
87 64 0.079102
87 65 0.079102
87 66 0.079102
87 67 0.079102
87 68 0.079103
87 69 0.079103
87 70 0.079103
87 71 0.079103
87 72 0.079103
87 73 0.079104
87 74 0.079104
87 75 0.079104
87 76 0.079104
87 77 0.079104
87 78 0.079104
87 79 0.079105
87 80 0.079105
87 81 0.079105
87 82 0.079105
87 83 0.079106
87 84 0.079106
87 85 0.079106
87 86 0.079106
87 87 0.079106
87 88 0.079106
87 89 0.079106
87 90 0.079107
87 91 0.079106
87 92 0.079107
87 93 0.079106
87 94 0.079108
87 95 0.079105
87 96 0.079109
87 97 0.079102
87 98 0.079112
87 99 0.079098

88 0 0.079095
88 1 0.079107
88 2 0.079099
88 3 0.079105
88 4 0.079101
88 5 0.079104
88 6 0.079102
88 7 0.079103
88 8 0.079103
88 9 0.079103
88 10 0.079103
88 11 0.079103
88 12 0.079103
88 13 0.079103
88 14 0.079102
88 15 0.079102
88 16 0.079102
88 17 0.079102
88 18 0.079102
88 19 0.079102
88 20 0.079102
88 21 0.079102
88 22 0.079102
88 23 0.079102
88 24 0.079102
88 25 0.079101
88 26 0.079101
88 27 0.079101
88 28 0.079101
88 29 0.079102
88 30 0.079102
88 31 0.079102
88 32 0.079102
88 33 0.079102
88 34 0.079102
88 35 0.079102
88 36 0.079102
88 37 0.079103
88 38 0.079103
88 39 0.079103
88 40 0.079103
88 41 0.079103
88 42 0.079103
88 43 0.079103
88 44 0.079103
88 45 0.079103
88 46 0.079103
88 47 0.079103
88 48 0.079103
88 49 0.079103
88 50 0.079103
88 51 0.079103
88 52 0.079103
88 53 0.079103
88 54 0.079103
88 55 0.079102
88 56 0.079102
88 57 0.079102
88 58 0.079102
88 59 0.079102
88 60 0.079102
88 61 0.079102
88 62 0.079102
88 63 0.079102
88 64 0.079102
88 65 0.079102
88 66 0.079103
88 67 0.079103
88 68 0.079103
88 69 0.079103
88 70 0.079103
88 71 0.079103
88 72 0.079104
88 73 0.079104
88 74 0.079104
88 75 0.079104
88 76 0.079104
88 77 0.079104
88 78 0.079104
88 79 0.079105
88 80 0.079105
88 81 0.079105
88 82 0.079106
88 83 0.079106
88 84 0.079106
88 85 0.079106
88 86 0.079106
88 87 0.079107
88 88 0.079107
88 89 0.079107
88 90 0.079107
88 91 0.079107
88 92 0.079107
88 93 0.079107
88 94 0.079108
88 95 0.079106
88 96 0.079109
88 97 0.079103
88 98 0.079112
88 99 0.079100

89 0 0.079096
89 1 0.079107
89 2 0.079099
89 3 0.079105
89 4 0.079101
89 5 0.079103
89 6 0.079102
89 7 0.079103
89 8 0.079103
89 9 0.079103
89 10 0.079103
89 11 0.079103
89 12 0.079103
89 13 0.079103
89 14 0.079103
89 15 0.079102
89 16 0.079102
89 17 0.079102
89 18 0.079102
89 19 0.079102
89 20 0.079102
89 21 0.079102
89 22 0.079102
89 23 0.079102
89 24 0.079102
89 25 0.079102
89 26 0.079102
89 27 0.079102
89 28 0.079102
89 29 0.079102
89 30 0.079102
89 31 0.079102
89 32 0.079102
89 33 0.079102
89 34 0.079102
89 35 0.079103
89 36 0.079103
89 37 0.079103
89 38 0.079103
89 39 0.079103
89 40 0.079103
89 41 0.079104
89 42 0.079104
89 43 0.079104
89 44 0.079104
89 45 0.079104
89 46 0.079104
89 47 0.079104
89 48 0.079104
89 49 0.079104
89 50 0.079103
89 51 0.079103
89 52 0.079103
89 53 0.079103
89 54 0.079103
89 55 0.079103
89 56 0.079103
89 57 0.079103
89 58 0.079102
89 59 0.079102
89 60 0.079102
89 61 0.079102
89 62 0.079102
89 63 0.079103
89 64 0.079103
89 65 0.079103
89 66 0.079103
89 67 0.079103
89 68 0.079103
89 69 0.079103
89 70 0.079103
89 71 0.079103
89 72 0.079104
89 73 0.079104
89 74 0.079104
89 75 0.079104
89 76 0.079104
89 77 0.079104
89 78 0.079105
89 79 0.079105
89 80 0.079105
89 81 0.079105
89 82 0.079106
89 83 0.079106
89 84 0.079106
89 85 0.079106
89 86 0.079106
89 87 0.079107
89 88 0.079107
89 89 0.079107
89 90 0.079107
89 91 0.079107
89 92 0.079107
89 93 0.079107
89 94 0.079108
89 95 0.079106
89 96 0.079109
89 97 0.079104
89 98 0.079112
89 99 0.079101

90 0 0.079098
90 1 0.079106
90 2 0.079100
90 3 0.079105
90 4 0.079102
90 5 0.079104
90 6 0.079103
90 7 0.079104
90 8 0.079103
90 9 0.079103
90 10 0.079103
90 11 0.079103
90 12 0.079103
90 13 0.079103
90 14 0.079103
90 15 0.079103
90 16 0.079103
90 17 0.079103
90 18 0.079103
90 19 0.079102
90 20 0.079102
90 21 0.079102
90 22 0.079102
90 23 0.079102
90 24 0.079102
90 25 0.079102
90 26 0.079102
90 27 0.079102
90 28 0.079102
90 29 0.079102
90 30 0.079102
90 31 0.079102
90 32 0.079103
90 33 0.079103
90 34 0.079103
90 35 0.079103
90 36 0.079103
90 37 0.079103
90 38 0.079104
90 39 0.079104
90 40 0.079104
90 41 0.079104
90 42 0.079104
90 43 0.079104
90 44 0.079104
90 45 0.079104
90 46 0.079104
90 47 0.079104
90 48 0.079104
90 49 0.079104
90 50 0.079104
90 51 0.079104
90 52 0.079104
90 53 0.079104
90 54 0.079103
90 55 0.079103
90 56 0.079103
90 57 0.079103
90 58 0.079103
90 59 0.079103
90 60 0.079103
90 61 0.079103
90 62 0.079103
90 63 0.079103
90 64 0.079103
90 65 0.079103
90 66 0.079103
90 67 0.079103
90 68 0.079103
90 69 0.079103
90 70 0.079103
90 71 0.079104
90 72 0.079104
90 73 0.079104
90 74 0.079104
90 75 0.079104
90 76 0.079104
90 77 0.079104
90 78 0.079105
90 79 0.079105
90 80 0.079105
90 81 0.079105
90 82 0.079106
90 83 0.079106
90 84 0.079106
90 85 0.079106
90 86 0.079107
90 87 0.079107
90 88 0.079107
90 89 0.079107
90 90 0.079107
90 91 0.079107
90 92 0.079108
90 93 0.079107
90 94 0.079108
90 95 0.079107
90 96 0.079109
90 97 0.079105
90 98 0.079111
90 99 0.079103

91 0 0.079099
91 1 0.079106
91 2 0.079101
91 3 0.079104
91 4 0.079102
91 5 0.079104
91 6 0.079103
91 7 0.079103
91 8 0.079103
91 9 0.079103
91 10 0.079103
91 11 0.079103
91 12 0.079103
91 13 0.079103
91 14 0.079103
91 15 0.079103
91 16 0.079103
91 17 0.079103
91 18 0.079102
91 19 0.079102
91 20 0.079102
91 21 0.079102
91 22 0.079102
91 23 0.079102
91 24 0.079102
91 25 0.079102
91 26 0.079102
91 27 0.079102
91 28 0.079102
91 29 0.079102
91 30 0.079102
91 31 0.079103
91 32 0.079103
91 33 0.079103
91 34 0.079103
91 35 0.079103
91 36 0.079103
91 37 0.079104
91 38 0.079104
91 39 0.079104
91 40 0.079104
91 41 0.079104
91 42 0.079104
91 43 0.079104
91 44 0.079104
91 45 0.079105
91 46 0.079105
91 47 0.079104
91 48 0.079104
91 49 0.079104
91 50 0.079104
91 51 0.079104
91 52 0.079104
91 53 0.079104
91 54 0.079104
91 55 0.079103
91 56 0.079103
91 57 0.079103
91 58 0.079103
91 59 0.079103
91 60 0.079103
91 61 0.079103
91 62 0.079103
91 63 0.079103
91 64 0.079103
91 65 0.079103
91 66 0.079103
91 67 0.079103
91 68 0.079103
91 69 0.079103
91 70 0.079103
91 71 0.079104
91 72 0.079104
91 73 0.079104
91 74 0.079104
91 75 0.079104
91 76 0.079104
91 77 0.079104
91 78 0.079105
91 79 0.079105
91 80 0.079105
91 81 0.079105
91 82 0.079106
91 83 0.079106
91 84 0.079106
91 85 0.079106
91 86 0.079106
91 87 0.079107
91 88 0.079107
91 89 0.079107
91 90 0.079107
91 91 0.079107
91 92 0.079108
91 93 0.079107
91 94 0.079108
91 95 0.079107
91 96 0.079109
91 97 0.079106
91 98 0.079111
91 99 0.079104

92 0 0.079100
92 1 0.079105
92 2 0.079102
92 3 0.079104
92 4 0.079103
92 5 0.079104
92 6 0.079103
92 7 0.079104
92 8 0.079103
92 9 0.079104
92 10 0.079104
92 11 0.079104
92 12 0.079103
92 13 0.079103
92 14 0.079103
92 15 0.079103
92 16 0.079103
92 17 0.079103
92 18 0.079103
92 19 0.079103
92 20 0.079103
92 21 0.079103
92 22 0.079103
92 23 0.079103
92 24 0.079103
92 25 0.079103
92 26 0.079103
92 27 0.079103
92 28 0.079103
92 29 0.079103
92 30 0.079103
92 31 0.079103
92 32 0.079103
92 33 0.079103
92 34 0.079104
92 35 0.079104
92 36 0.079104
92 37 0.079104
92 38 0.079104
92 39 0.079105
92 40 0.079105
92 41 0.079105
92 42 0.079105
92 43 0.079105
92 44 0.079105
92 45 0.079105
92 46 0.079105
92 47 0.079105
92 48 0.079105
92 49 0.079105
92 50 0.079105
92 51 0.079105
92 52 0.079105
92 53 0.079104
92 54 0.079104
92 55 0.079104
92 56 0.079104
92 57 0.079104
92 58 0.079104
92 59 0.079104
92 60 0.079104
92 61 0.079103
92 62 0.079103
92 63 0.079103
92 64 0.079103
92 65 0.079103
92 66 0.079103
92 67 0.079103
92 68 0.079104
92 69 0.079104
92 70 0.079104
92 71 0.079104
92 72 0.079104
92 73 0.079104
92 74 0.079104
92 75 0.079104
92 76 0.079104
92 77 0.079105
92 78 0.079105
92 79 0.079105
92 80 0.079105
92 81 0.079106
92 82 0.079106
92 83 0.079106
92 84 0.079106
92 85 0.079107
92 86 0.079107
92 87 0.079107
92 88 0.079107
92 89 0.079107
92 90 0.079108
92 91 0.079108
92 92 0.079108
92 93 0.079108
92 94 0.079109
92 95 0.079108
92 96 0.079109
92 97 0.079107
92 98 0.079111
92 99 0.079106

93 0 0.079101
93 1 0.079105
93 2 0.079102
93 3 0.079104
93 4 0.079103
93 5 0.079104
93 6 0.079103
93 7 0.079103
93 8 0.079103
93 9 0.079103
93 10 0.079103
93 11 0.079103
93 12 0.079103
93 13 0.079103
93 14 0.079103
93 15 0.079103
93 16 0.079103
93 17 0.079103
93 18 0.079102
93 19 0.079102
93 20 0.079102
93 21 0.079102
93 22 0.079102
93 23 0.079102
93 24 0.079102
93 25 0.079102
93 26 0.079102
93 27 0.079102
93 28 0.079102
93 29 0.079102
93 30 0.079103
93 31 0.079103
93 32 0.079103
93 33 0.079103
93 34 0.079103
93 35 0.079104
93 36 0.079104
93 37 0.079104
93 38 0.079104
93 39 0.079104
93 40 0.079104
93 41 0.079105
93 42 0.079105
93 43 0.079105
93 44 0.079105
93 45 0.079105
93 46 0.079105
93 47 0.079105
93 48 0.079105
93 49 0.079104
93 50 0.079104
93 51 0.079104
93 52 0.079104
93 53 0.079104
93 54 0.079104
93 55 0.079104
93 56 0.079103
93 57 0.079103
93 58 0.079103
93 59 0.079103
93 60 0.079103
93 61 0.079103
93 62 0.079103
93 63 0.079103
93 64 0.079103
93 65 0.079103
93 66 0.079103
93 67 0.079103
93 68 0.079103
93 69 0.079103
93 70 0.079103
93 71 0.079103
93 72 0.079103
93 73 0.079103
93 74 0.079104
93 75 0.079104
93 76 0.079104
93 77 0.079104
93 78 0.079104
93 79 0.079104
93 80 0.079105
93 81 0.079105
93 82 0.079105
93 83 0.079105
93 84 0.079106
93 85 0.079106
93 86 0.079106
93 87 0.079106
93 88 0.079107
93 89 0.079107
93 90 0.079107
93 91 0.079107
93 92 0.079108
93 93 0.079108
93 94 0.079108
93 95 0.079108
93 96 0.079109
93 97 0.079107
93 98 0.079110
93 99 0.079107

94 0 0.079102
94 1 0.079105
94 2 0.079103
94 3 0.079104
94 4 0.079103
94 5 0.079104
94 6 0.079104
94 7 0.079104
94 8 0.079104
94 9 0.079104
94 10 0.079104
94 11 0.079104
94 12 0.079104
94 13 0.079104
94 14 0.079104
94 15 0.079104
94 16 0.079103
94 17 0.079103
94 18 0.079103
94 19 0.079103
94 20 0.079103
94 21 0.079103
94 22 0.079103
94 23 0.079103
94 24 0.079103
94 25 0.079103
94 26 0.079103
94 27 0.079104
94 28 0.079104
94 29 0.079104
94 30 0.079104
94 31 0.079104
94 32 0.079104
94 33 0.079104
94 34 0.079104
94 35 0.079105
94 36 0.079105
94 37 0.079105
94 38 0.079105
94 39 0.079105
94 40 0.079105
94 41 0.079106
94 42 0.079106
94 43 0.079106
94 44 0.079106
94 45 0.079106
94 46 0.079106
94 47 0.079106
94 48 0.079106
94 49 0.079106
94 50 0.079106
94 51 0.079106
94 52 0.079105
94 53 0.079105
94 54 0.079105
94 55 0.079105
94 56 0.079105
94 57 0.079105
94 58 0.079104
94 59 0.079104
94 60 0.079104
94 61 0.079104
94 62 0.079104
94 63 0.079104
94 64 0.079104
94 65 0.079104
94 66 0.079104
94 67 0.079104
94 68 0.079104
94 69 0.079104
94 70 0.079104
94 71 0.079104
94 72 0.079104
94 73 0.079104
94 74 0.079104
94 75 0.079104
94 76 0.079104
94 77 0.079105
94 78 0.079105
94 79 0.079105
94 80 0.079105
94 81 0.079106
94 82 0.079106
94 83 0.079106
94 84 0.079106
94 85 0.079107
94 86 0.079107
94 87 0.079107
94 88 0.079107
94 89 0.079107
94 90 0.079108
94 91 0.079108
94 92 0.079108
94 93 0.079108
94 94 0.079109
94 95 0.079108
94 96 0.079109
94 97 0.079108
94 98 0.079110
94 99 0.079108

95 0 0.079102
95 1 0.079104
95 2 0.079102
95 3 0.079104
95 4 0.079103
95 5 0.079103
95 6 0.079103
95 7 0.079103
95 8 0.079103
95 9 0.079103
95 10 0.079103
95 11 0.079103
95 12 0.079103
95 13 0.079103
95 14 0.079103
95 15 0.079103
95 16 0.079102
95 17 0.079102
95 18 0.079102
95 19 0.079102
95 20 0.079102
95 21 0.079102
95 22 0.079102
95 23 0.079102
95 24 0.079102
95 25 0.079102
95 26 0.079102
95 27 0.079102
95 28 0.079102
95 29 0.079102
95 30 0.079102
95 31 0.079103
95 32 0.079103
95 33 0.079103
95 34 0.079103
95 35 0.079104
95 36 0.079104
95 37 0.079104
95 38 0.079104
95 39 0.079104
95 40 0.079104
95 41 0.079104
95 42 0.079104
95 43 0.079104
95 44 0.079104
95 45 0.079104
95 46 0.079104
95 47 0.079104
95 48 0.079104
95 49 0.079104
95 50 0.079104
95 51 0.079104
95 52 0.079104
95 53 0.079103
95 54 0.079103
95 55 0.079103
95 56 0.079103
95 57 0.079103
95 58 0.079103
95 59 0.079103
95 60 0.079103
95 61 0.079103
95 62 0.079103
95 63 0.079103
95 64 0.079103
95 65 0.079102
95 66 0.079102
95 67 0.079102
95 68 0.079102
95 69 0.079102
95 70 0.079102
95 71 0.079103
95 72 0.079103
95 73 0.079103
95 74 0.079103
95 75 0.079103
95 76 0.079103
95 77 0.079104
95 78 0.079104
95 79 0.079104
95 80 0.079104
95 81 0.079104
95 82 0.079104
95 83 0.079105
95 84 0.079105
95 85 0.079105
95 86 0.079105
95 87 0.079106
95 88 0.079106
95 89 0.079106
95 90 0.079107
95 91 0.079107
95 92 0.079108
95 93 0.079108
95 94 0.079109
95 95 0.079108
95 96 0.079109
95 97 0.079108
95 98 0.079110
95 99 0.079108

96 0 0.079103
96 1 0.079104
96 2 0.079103
96 3 0.079104
96 4 0.079104
96 5 0.079104
96 6 0.079104
96 7 0.079104
96 8 0.079104
96 9 0.079104
96 10 0.079104
96 11 0.079104
96 12 0.079104
96 13 0.079104
96 14 0.079104
96 15 0.079104
96 16 0.079104
96 17 0.079104
96 18 0.079104
96 19 0.079104
96 20 0.079104
96 21 0.079104
96 22 0.079104
96 23 0.079104
96 24 0.079104
96 25 0.079104
96 26 0.079104
96 27 0.079104
96 28 0.079104
96 29 0.079104
96 30 0.079105
96 31 0.079105
96 32 0.079105
96 33 0.079105
96 34 0.079105
96 35 0.079105
96 36 0.079105
96 37 0.079106
96 38 0.079106
96 39 0.079106
96 40 0.079106
96 41 0.079106
96 42 0.079107
96 43 0.079107
96 44 0.079107
96 45 0.079107
96 46 0.079107
96 47 0.079107
96 48 0.079107
96 49 0.079107
96 50 0.079107
96 51 0.079107
96 52 0.079107
96 53 0.079106
96 54 0.079106
96 55 0.079106
96 56 0.079106
96 57 0.079105
96 58 0.079105
96 59 0.079105
96 60 0.079105
96 61 0.079105
96 62 0.079105
96 63 0.079104
96 64 0.079104
96 65 0.079104
96 66 0.079104
96 67 0.079104
96 68 0.079104
96 69 0.079104
96 70 0.079104
96 71 0.079104
96 72 0.079104
96 73 0.079104
96 74 0.079104
96 75 0.079104
96 76 0.079104
96 77 0.079104
96 78 0.079105
96 79 0.079105
96 80 0.079105
96 81 0.079106
96 82 0.079106
96 83 0.079106
96 84 0.079107
96 85 0.079107
96 86 0.079107
96 87 0.079107
96 88 0.079108
96 89 0.079108
96 90 0.079108
96 91 0.079108
96 92 0.079108
96 93 0.079108
96 94 0.079109
96 95 0.079109
96 96 0.079109
96 97 0.079109
96 98 0.079110
96 99 0.079109

97 0 0.079103
97 1 0.079104
97 2 0.079103
97 3 0.079104
97 4 0.079103
97 5 0.079103
97 6 0.079103
97 7 0.079103
97 8 0.079103
97 9 0.079103
97 10 0.079103
97 11 0.079103
97 12 0.079103
97 13 0.079103
97 14 0.079103
97 15 0.079103
97 16 0.079103
97 17 0.079103
97 18 0.079102
97 19 0.079102
97 20 0.079102
97 21 0.079102
97 22 0.079102
97 23 0.079102
97 24 0.079102
97 25 0.079102
97 26 0.079101
97 27 0.079102
97 28 0.079102
97 29 0.079102
97 30 0.079102
97 31 0.079102
97 32 0.079103
97 33 0.079103
97 34 0.079103
97 35 0.079104
97 36 0.079104
97 37 0.079104
97 38 0.079104
97 39 0.079104
97 40 0.079104
97 41 0.079104
97 42 0.079104
97 43 0.079104
97 44 0.079103
97 45 0.079103
97 46 0.079103
97 47 0.079103
97 48 0.079103
97 49 0.079103
97 50 0.079103
97 51 0.079103
97 52 0.079103
97 53 0.079103
97 54 0.079102
97 55 0.079102
97 56 0.079102
97 57 0.079102
97 58 0.079102
97 59 0.079102
97 60 0.079102
97 61 0.079102
97 62 0.079102
97 63 0.079102
97 64 0.079102
97 65 0.079102
97 66 0.079102
97 67 0.079102
97 68 0.079102
97 69 0.079102
97 70 0.079102
97 71 0.079102
97 72 0.079102
97 73 0.079102
97 74 0.079102
97 75 0.079103
97 76 0.079103
97 77 0.079103
97 78 0.079103
97 79 0.079103
97 80 0.079103
97 81 0.079103
97 82 0.079104
97 83 0.079104
97 84 0.079104
97 85 0.079104
97 86 0.079104
97 87 0.079105
97 88 0.079105
97 89 0.079106
97 90 0.079106
97 91 0.079107
97 92 0.079108
97 93 0.079108
97 94 0.079109
97 95 0.079109
97 96 0.079109
97 97 0.079109
97 98 0.079110
97 99 0.079110

98 0 0.079105
98 1 0.079103
98 2 0.079104
98 3 0.079104
98 4 0.079104
98 5 0.079104
98 6 0.079103
98 7 0.079104
98 8 0.079103
98 9 0.079103
98 10 0.079103
98 11 0.079103
98 12 0.079103
98 13 0.079103
98 14 0.079103
98 15 0.079103
98 16 0.079103
98 17 0.079103
98 18 0.079103
98 19 0.079103
98 20 0.079103
98 21 0.079103
98 22 0.079103
98 23 0.079104
98 24 0.079104
98 25 0.079104
98 26 0.079104
98 27 0.079104
98 28 0.079104
98 29 0.079104
98 30 0.079105
98 31 0.079105
98 32 0.079105
98 33 0.079105
98 34 0.079105
98 35 0.079105
98 36 0.079105
98 37 0.079105
98 38 0.079106
98 39 0.079106
98 40 0.079106
98 41 0.079107
98 42 0.079107
98 43 0.079107
98 44 0.079108
98 45 0.079108
98 46 0.079108
98 47 0.079108
98 48 0.079108
98 49 0.079108
98 50 0.079108
98 51 0.079108
98 52 0.079107
98 53 0.079107
98 54 0.079107
98 55 0.079107
98 56 0.079106
98 57 0.079106
98 58 0.079106
98 59 0.079105
98 60 0.079105
98 61 0.079105
98 62 0.079104
98 63 0.079104
98 64 0.079104
98 65 0.079104
98 66 0.079104
98 67 0.079104
98 68 0.079104
98 69 0.079104
98 70 0.079104
98 71 0.079104
98 72 0.079104
98 73 0.079104
98 74 0.079104
98 75 0.079104
98 76 0.079104
98 77 0.079104
98 78 0.079104
98 79 0.079105
98 80 0.079105
98 81 0.079106
98 82 0.079106
98 83 0.079107
98 84 0.079107
98 85 0.079108
98 86 0.079108
98 87 0.079108
98 88 0.079108
98 89 0.079108
98 90 0.079108
98 91 0.079108
98 92 0.079109
98 93 0.079108
98 94 0.079109
98 95 0.079109
98 96 0.079109
98 97 0.079110
98 98 0.079109
98 99 0.079111

99 0 0.079105
99 1 0.079105
99 2 0.079104
99 3 0.079104
99 4 0.079104
99 5 0.079105
99 6 0.079104
99 7 0.079105
99 8 0.079105
99 9 0.079105
99 10 0.079105
99 11 0.079105
99 12 0.079105
99 13 0.079105
99 14 0.079105
99 15 0.079105
99 16 0.079105
99 17 0.079105
99 18 0.079105
99 19 0.079105
99 20 0.079104
99 21 0.079104
99 22 0.079104
99 23 0.079103
99 24 0.079103
99 25 0.079103
99 26 0.079102
99 27 0.079102
99 28 0.079103
99 29 0.079103
99 30 0.079103
99 31 0.079103
99 32 0.079104
99 33 0.079104
99 34 0.079105
99 35 0.079105
99 36 0.079105
99 37 0.079106
99 38 0.079106
99 39 0.079105
99 40 0.079105
99 41 0.079105
99 42 0.079104
99 43 0.079104
99 44 0.079104
99 45 0.079103
99 46 0.079103
99 47 0.079103
99 48 0.079103
99 49 0.079103
99 50 0.079103
99 51 0.079103
99 52 0.079103
99 53 0.079103
99 54 0.079103
99 55 0.079103
99 56 0.079103
99 57 0.079103
99 58 0.079103
99 59 0.079103
99 60 0.079103
99 61 0.079103
99 62 0.079103
99 63 0.079103
99 64 0.079103
99 65 0.079103
99 66 0.079102
99 67 0.079102
99 68 0.079102
99 69 0.079102
99 70 0.079102
99 71 0.079102
99 72 0.079102
99 73 0.079102
99 74 0.079102
99 75 0.079103
99 76 0.079103
99 77 0.079103
99 78 0.079103
99 79 0.079103
99 80 0.079103
99 81 0.079103
99 82 0.079103
99 83 0.079103
99 84 0.079103
99 85 0.079103
99 86 0.079103
99 87 0.079103
99 88 0.079104
99 89 0.079105
99 90 0.079106
99 91 0.079106
99 92 0.079108
99 93 0.079108
99 94 0.079109
99 95 0.079109
99 96 0.079110
99 97 0.079110
99 98 0.079111
99 99 0.079111

