0 0 0.079051
0 1 0.079051
0 2 0.079052
0 3 0.079051
0 4 0.079052
0 5 0.079052
0 6 0.079052
0 7 0.079053
0 8 0.079053
0 9 0.079053
0 10 0.079053
0 11 0.079054
0 12 0.079054
0 13 0.079055
0 14 0.079055
0 15 0.079056
0 16 0.079056
0 17 0.079057
0 18 0.079058
0 19 0.079058
0 20 0.079059
0 21 0.079060
0 22 0.079061
0 23 0.079062
0 24 0.079063
0 25 0.079064
0 26 0.079064
0 27 0.079065
0 28 0.079066
0 29 0.079067
0 30 0.079068
0 31 0.079069
0 32 0.079069
0 33 0.079070
0 34 0.079071
0 35 0.079071
0 36 0.079072
0 37 0.079072
0 38 0.079073
0 39 0.079073
0 40 0.079073
0 41 0.079074
0 42 0.079074
0 43 0.079074
0 44 0.079074
0 45 0.079074
0 46 0.079074
0 47 0.079074
0 48 0.079073
0 49 0.079073
0 50 0.079073
0 51 0.079072
0 52 0.079072
0 53 0.079071
0 54 0.079071
0 55 0.079070
0 56 0.079069
0 57 0.079069
0 58 0.079068
0 59 0.079067
0 60 0.079066
0 61 0.079065
0 62 0.079065
0 63 0.079064
0 64 0.079063
0 65 0.079062
0 66 0.079061
0 67 0.079060
0 68 0.079059
0 69 0.079058
0 70 0.079057
0 71 0.079056
0 72 0.079055
0 73 0.079055
0 74 0.079054
0 75 0.079053
0 76 0.079052
0 77 0.079051
0 78 0.079050
0 79 0.079049
0 80 0.079048
0 81 0.079047
0 82 0.079046
0 83 0.079045
0 84 0.079044
0 85 0.079044
0 86 0.079043
0 87 0.079042
0 88 0.079042
0 89 0.079041
0 90 0.079041
0 91 0.079040
0 92 0.079040
0 93 0.079039
0 94 0.079039
0 95 0.079038
0 96 0.079037
0 97 0.079038
0 98 0.079037
0 99 0.079037

1 0 0.079051
1 1 0.079052
1 2 0.079052
1 3 0.079052
1 4 0.079052
1 5 0.079052
1 6 0.079052
1 7 0.079052
1 8 0.079052
1 9 0.079052
1 10 0.079053
1 11 0.079053
1 12 0.079054
1 13 0.079054
1 14 0.079055
1 15 0.079056
1 16 0.079057
1 17 0.079058
1 18 0.079059
1 19 0.079060
1 20 0.079061
1 21 0.079062
1 22 0.079063
1 23 0.079064
1 24 0.079065
1 25 0.079066
1 26 0.079067
1 27 0.079068
1 28 0.079069
1 29 0.079069
1 30 0.079070
1 31 0.079071
1 32 0.079072
1 33 0.079073
1 34 0.079073
1 35 0.079074
1 36 0.079074
1 37 0.079075
1 38 0.079075
1 39 0.079076
1 40 0.079076
1 41 0.079077
1 42 0.079077
1 43 0.079077
1 44 0.079077
1 45 0.079077
1 46 0.079077
1 47 0.079077
1 48 0.079077
1 49 0.079077
1 50 0.079076
1 51 0.079076
1 52 0.079076
1 53 0.079075
1 54 0.079075
1 55 0.079074
1 56 0.079074
1 57 0.079073
1 58 0.079072
1 59 0.079072
1 60 0.079071
1 61 0.079070
1 62 0.079069
1 63 0.079068
1 64 0.079067
1 65 0.079066
1 66 0.079065
1 67 0.079064
1 68 0.079063
1 69 0.079062
1 70 0.079061
1 71 0.079060
1 72 0.079059
1 73 0.079058
1 74 0.079057
1 75 0.079056
1 76 0.079055
1 77 0.079054
1 78 0.079053
1 79 0.079052
1 80 0.079051
1 81 0.079050
1 82 0.079049
1 83 0.079048
1 84 0.079047
1 85 0.079046
1 86 0.079045
1 87 0.079044
1 88 0.079043
1 89 0.079043
1 90 0.079042
1 91 0.079042
1 92 0.079042
1 93 0.079042
1 94 0.079041
1 95 0.079041
1 96 0.079040
1 97 0.079039
1 98 0.079039
1 99 0.079037

2 0 0.079052
2 1 0.079053
2 2 0.079053
2 3 0.079053
2 4 0.079054
2 5 0.079054
2 6 0.079054
2 7 0.079054
2 8 0.079054
2 9 0.079054
2 10 0.079055
2 11 0.079055
2 12 0.079056
2 13 0.079056
2 14 0.079057
2 15 0.079057
2 16 0.079058
2 17 0.079059
2 18 0.079060
2 19 0.079061
2 20 0.079061
2 21 0.079062
2 22 0.079063
2 23 0.079064
2 24 0.079065
2 25 0.079066
2 26 0.079067
2 27 0.079068
2 28 0.079068
2 29 0.079069
2 30 0.079070
2 31 0.079071
2 32 0.079071
2 33 0.079072
2 34 0.079073
2 35 0.079073
2 36 0.079074
2 37 0.079074
2 38 0.079075
2 39 0.079075
2 40 0.079076
2 41 0.079076
2 42 0.079076
2 43 0.079076
2 44 0.079076
2 45 0.079076
2 46 0.079076
2 47 0.079076
2 48 0.079076
2 49 0.079076
2 50 0.079075
2 51 0.079075
2 52 0.079075
2 53 0.079074
2 54 0.079074
2 55 0.079073
2 56 0.079073
2 57 0.079072
2 58 0.079071
2 59 0.079071
2 60 0.079070
2 61 0.079069
2 62 0.079068
2 63 0.079067
2 64 0.079066
2 65 0.079066
2 66 0.079065
2 67 0.079064
2 68 0.079063
2 69 0.079062
2 70 0.079061
2 71 0.079060
2 72 0.079059
2 73 0.079058
2 74 0.079057
2 75 0.079056
2 76 0.079055
2 77 0.079054
2 78 0.079053
2 79 0.079052
2 80 0.079051
2 81 0.079050
2 82 0.079049
2 83 0.079048
2 84 0.079048
2 85 0.079047
2 86 0.079046
2 87 0.079045
2 88 0.079045
2 89 0.079044
2 90 0.079044
2 91 0.079043
2 92 0.079043
2 93 0.079042
2 94 0.079042
2 95 0.079041
2 96 0.079040
2 97 0.079040
2 98 0.079039
2 99 0.079038

3 0 0.079052
3 1 0.079053
3 2 0.079053
3 3 0.079053
3 4 0.079053
3 5 0.079053
3 6 0.079054
3 7 0.079054
3 8 0.079054
3 9 0.079054
3 10 0.079055
3 11 0.079055
3 12 0.079056
3 13 0.079056
3 14 0.079057
3 15 0.079058
3 16 0.079058
3 17 0.079059
3 18 0.079060
3 19 0.079061
3 20 0.079062
3 21 0.079063
3 22 0.079064
3 23 0.079065
3 24 0.079066
3 25 0.079066
3 26 0.079067
3 27 0.079068
3 28 0.079069
3 29 0.079070
3 30 0.079071
3 31 0.079072
3 32 0.079072
3 33 0.079073
3 34 0.079074
3 35 0.079074
3 36 0.079075
3 37 0.079075
3 38 0.079076
3 39 0.079076
3 40 0.079077
3 41 0.079077
3 42 0.079077
3 43 0.079077
3 44 0.079077
3 45 0.079077
3 46 0.079077
3 47 0.079077
3 48 0.079077
3 49 0.079077
3 50 0.079077
3 51 0.079076
3 52 0.079076
3 53 0.079076
3 54 0.079075
3 55 0.079075
3 56 0.079074
3 57 0.079073
3 58 0.079073
3 59 0.079072
3 60 0.079071
3 61 0.079071
3 62 0.079070
3 63 0.079069
3 64 0.079068
3 65 0.079067
3 66 0.079066
3 67 0.079065
3 68 0.079064
3 69 0.079063
3 70 0.079062
3 71 0.079061
3 72 0.079060
3 73 0.079059
3 74 0.079058
3 75 0.079057
3 76 0.079056
3 77 0.079055
3 78 0.079054
3 79 0.079053
3 80 0.079052
3 81 0.079051
3 82 0.079050
3 83 0.079049
3 84 0.079049
3 85 0.079048
3 86 0.079047
3 87 0.079046
3 88 0.079045
3 89 0.079045
3 90 0.079044
3 91 0.079044
3 92 0.079043
3 93 0.079043
3 94 0.079042
3 95 0.079042
3 96 0.079041
3 97 0.079040
3 98 0.079040
3 99 0.079037

4 0 0.079053
4 1 0.079054
4 2 0.079054
4 3 0.079054
4 4 0.079055
4 5 0.079055
4 6 0.079055
4 7 0.079055
4 8 0.079055
4 9 0.079056
4 10 0.079056
4 11 0.079056
4 12 0.079057
4 13 0.079057
4 14 0.079058
4 15 0.079059
4 16 0.079060
4 17 0.079060
4 18 0.079061
4 19 0.079062
4 20 0.079063
4 21 0.079064
4 22 0.079065
4 23 0.079065
4 24 0.079066
4 25 0.079067
4 26 0.079068
4 27 0.079069
4 28 0.079070
4 29 0.079071
4 30 0.079071
4 31 0.079072
4 32 0.079073
4 33 0.079074
4 34 0.079074
4 35 0.079075
4 36 0.079075
4 37 0.079076
4 38 0.079076
4 39 0.079077
4 40 0.079077
4 41 0.079077
4 42 0.079078
4 43 0.079078
4 44 0.079078
4 45 0.079078
4 46 0.079078
4 47 0.079078
4 48 0.079078
4 49 0.079078
4 50 0.079077
4 51 0.079077
4 52 0.079077
4 53 0.079076
4 54 0.079076
4 55 0.079075
4 56 0.079075
4 57 0.079074
4 58 0.079073
4 59 0.079073
4 60 0.079072
4 61 0.079071
4 62 0.079070
4 63 0.079070
4 64 0.079069
4 65 0.079068
4 66 0.079067
4 67 0.079066
4 68 0.079065
4 69 0.079064
4 70 0.079063
4 71 0.079062
4 72 0.079061
4 73 0.079060
4 74 0.079059
4 75 0.079058
4 76 0.079057
4 77 0.079056
4 78 0.079055
4 79 0.079054
4 80 0.079053
4 81 0.079053
4 82 0.079052
4 83 0.079051
4 84 0.079050
4 85 0.079049
4 86 0.079048
4 87 0.079047
4 88 0.079047
4 89 0.079046
4 90 0.079046
4 91 0.079045
4 92 0.079045
4 93 0.079044
4 94 0.079044
4 95 0.079043
4 96 0.079042
4 97 0.079041
4 98 0.079041
4 99 0.079038

5 0 0.079053
5 1 0.079055
5 2 0.079055
5 3 0.079055
5 4 0.079055
5 5 0.079055
5 6 0.079055
5 7 0.079055
5 8 0.079056
5 9 0.079056
5 10 0.079056
5 11 0.079057
5 12 0.079057
5 13 0.079058
5 14 0.079059
5 15 0.079059
5 16 0.079060
5 17 0.079061
5 18 0.079062
5 19 0.079063
5 20 0.079063
5 21 0.079064
5 22 0.079065
5 23 0.079066
5 24 0.079067
5 25 0.079068
5 26 0.079069
5 27 0.079070
5 28 0.079070
5 29 0.079071
5 30 0.079072
5 31 0.079073
5 32 0.079073
5 33 0.079074
5 34 0.079075
5 35 0.079075
5 36 0.079076
5 37 0.079077
5 38 0.079077
5 39 0.079077
5 40 0.079078
5 41 0.079078
5 42 0.079078
5 43 0.079079
5 44 0.079079
5 45 0.079079
5 46 0.079079
5 47 0.079079
5 48 0.079079
5 49 0.079078
5 50 0.079078
5 51 0.079078
5 52 0.079077
5 53 0.079077
5 54 0.079077
5 55 0.079076
5 56 0.079076
5 57 0.079075
5 58 0.079074
5 59 0.079074
5 60 0.079073
5 61 0.079072
5 62 0.079071
5 63 0.079071
5 64 0.079070
5 65 0.079069
5 66 0.079068
5 67 0.079067
5 68 0.079066
5 69 0.079065
5 70 0.079064
5 71 0.079063
5 72 0.079062
5 73 0.079061
5 74 0.079060
5 75 0.079059
5 76 0.079058
5 77 0.079057
5 78 0.079056
5 79 0.079055
5 80 0.079054
5 81 0.079053
5 82 0.079052
5 83 0.079051
5 84 0.079051
5 85 0.079050
5 86 0.079049
5 87 0.079048
5 88 0.079048
5 89 0.079047
5 90 0.079047
5 91 0.079046
5 92 0.079046
5 93 0.079045
5 94 0.079044
5 95 0.079044
5 96 0.079043
5 97 0.079042
5 98 0.079042
5 99 0.079039

6 0 0.079054
6 1 0.079056
6 2 0.079056
6 3 0.079056
6 4 0.079056
6 5 0.079056
6 6 0.079056
6 7 0.079056
6 8 0.079057
6 9 0.079057
6 10 0.079057
6 11 0.079058
6 12 0.079058
6 13 0.079059
6 14 0.079059
6 15 0.079060
6 16 0.079061
6 17 0.079062
6 18 0.079063
6 19 0.079063
6 20 0.079064
6 21 0.079065
6 22 0.079066
6 23 0.079067
6 24 0.079068
6 25 0.079069
6 26 0.079070
6 27 0.079070
6 28 0.079071
6 29 0.079072
6 30 0.079073
6 31 0.079074
6 32 0.079074
6 33 0.079075
6 34 0.079076
6 35 0.079076
6 36 0.079077
6 37 0.079077
6 38 0.079078
6 39 0.079078
6 40 0.079079
6 41 0.079079
6 42 0.079079
6 43 0.079079
6 44 0.079079
6 45 0.079080
6 46 0.079080
6 47 0.079079
6 48 0.079079
6 49 0.079079
6 50 0.079079
6 51 0.079079
6 52 0.079078
6 53 0.079078
6 54 0.079078
6 55 0.079077
6 56 0.079077
6 57 0.079076
6 58 0.079075
6 59 0.079075
6 60 0.079074
6 61 0.079073
6 62 0.079072
6 63 0.079072
6 64 0.079071
6 65 0.079070
6 66 0.079069
6 67 0.079068
6 68 0.079067
6 69 0.079066
6 70 0.079065
6 71 0.079064
6 72 0.079063
6 73 0.079062
6 74 0.079061
6 75 0.079060
6 76 0.079059
6 77 0.079058
6 78 0.079057
6 79 0.079056
6 80 0.079055
6 81 0.079055
6 82 0.079054
6 83 0.079053
6 84 0.079052
6 85 0.079051
6 86 0.079050
6 87 0.079049
6 88 0.079049
6 89 0.079048
6 90 0.079048
6 91 0.079047
6 92 0.079047
6 93 0.079046
6 94 0.079046
6 95 0.079045
6 96 0.079044
6 97 0.079043
6 98 0.079043
6 99 0.079040

7 0 0.079055
7 1 0.079056
7 2 0.079057
7 3 0.079056
7 4 0.079057
7 5 0.079057
7 6 0.079057
7 7 0.079057
7 8 0.079057
7 9 0.079058
7 10 0.079058
7 11 0.079058
7 12 0.079059
7 13 0.079060
7 14 0.079060
7 15 0.079061
7 16 0.079062
7 17 0.079063
7 18 0.079063
7 19 0.079064
7 20 0.079065
7 21 0.079066
7 22 0.079067
7 23 0.079068
7 24 0.079069
7 25 0.079069
7 26 0.079070
7 27 0.079071
7 28 0.079072
7 29 0.079073
7 30 0.079074
7 31 0.079074
7 32 0.079075
7 33 0.079076
7 34 0.079076
7 35 0.079077
7 36 0.079078
7 37 0.079078
7 38 0.079079
7 39 0.079079
7 40 0.079079
7 41 0.079080
7 42 0.079080
7 43 0.079080
7 44 0.079080
7 45 0.079080
7 46 0.079080
7 47 0.079080
7 48 0.079080
7 49 0.079080
7 50 0.079080
7 51 0.079080
7 52 0.079079
7 53 0.079079
7 54 0.079078
7 55 0.079078
7 56 0.079077
7 57 0.079077
7 58 0.079076
7 59 0.079076
7 60 0.079075
7 61 0.079074
7 62 0.079073
7 63 0.079073
7 64 0.079072
7 65 0.079071
7 66 0.079070
7 67 0.079069
7 68 0.079068
7 69 0.079067
7 70 0.079066
7 71 0.079065
7 72 0.079064
7 73 0.079063
7 74 0.079062
7 75 0.079061
7 76 0.079060
7 77 0.079059
7 78 0.079058
7 79 0.079057
7 80 0.079056
7 81 0.079056
7 82 0.079055
7 83 0.079054
7 84 0.079053
7 85 0.079052
7 86 0.079051
7 87 0.079050
7 88 0.079050
7 89 0.079049
7 90 0.079049
7 91 0.079048
7 92 0.079048
7 93 0.079047
7 94 0.079047
7 95 0.079046
7 96 0.079045
7 97 0.079044
7 98 0.079043
7 99 0.079041

8 0 0.079056
8 1 0.079057
8 2 0.079058
8 3 0.079057
8 4 0.079058
8 5 0.079058
8 6 0.079058
8 7 0.079058
8 8 0.079058
8 9 0.079059
8 10 0.079059
8 11 0.079059
8 12 0.079060
8 13 0.079060
8 14 0.079061
8 15 0.079062
8 16 0.079063
8 17 0.079063
8 18 0.079064
8 19 0.079065
8 20 0.079066
8 21 0.079067
8 22 0.079068
8 23 0.079069
8 24 0.079069
8 25 0.079070
8 26 0.079071
8 27 0.079072
8 28 0.079073
8 29 0.079074
8 30 0.079074
8 31 0.079075
8 32 0.079076
8 33 0.079077
8 34 0.079077
8 35 0.079078
8 36 0.079078
8 37 0.079079
8 38 0.079080
8 39 0.079080
8 40 0.079080
8 41 0.079081
8 42 0.079081
8 43 0.079081
8 44 0.079081
8 45 0.079081
8 46 0.079081
8 47 0.079081
8 48 0.079081
8 49 0.079081
8 50 0.079081
8 51 0.079081
8 52 0.079080
8 53 0.079080
8 54 0.079079
8 55 0.079079
8 56 0.079078
8 57 0.079078
8 58 0.079077
8 59 0.079077
8 60 0.079076
8 61 0.079075
8 62 0.079074
8 63 0.079074
8 64 0.079073
8 65 0.079072
8 66 0.079071
8 67 0.079070
8 68 0.079069
8 69 0.079068
8 70 0.079067
8 71 0.079066
8 72 0.079065
8 73 0.079064
8 74 0.079063
8 75 0.079062
8 76 0.079061
8 77 0.079060
8 78 0.079059
8 79 0.079059
8 80 0.079058
8 81 0.079057
8 82 0.079056
8 83 0.079055
8 84 0.079054
8 85 0.079053
8 86 0.079052
8 87 0.079052
8 88 0.079051
8 89 0.079051
8 90 0.079050
8 91 0.079050
8 92 0.079049
8 93 0.079049
8 94 0.079048
8 95 0.079047
8 96 0.079046
8 97 0.079046
8 98 0.079045
8 99 0.079043

9 0 0.079057
9 1 0.079058
9 2 0.079058
9 3 0.079058
9 4 0.079059
9 5 0.079059
9 6 0.079059
9 7 0.079059
9 8 0.079059
9 9 0.079059
9 10 0.079060
9 11 0.079060
9 12 0.079061
9 13 0.079061
9 14 0.079062
9 15 0.079063
9 16 0.079064
9 17 0.079064
9 18 0.079065
9 19 0.079066
9 20 0.079067
9 21 0.079068
9 22 0.079069
9 23 0.079069
9 24 0.079070
9 25 0.079071
9 26 0.079072
9 27 0.079073
9 28 0.079074
9 29 0.079075
9 30 0.079075
9 31 0.079076
9 32 0.079077
9 33 0.079078
9 34 0.079078
9 35 0.079079
9 36 0.079079
9 37 0.079080
9 38 0.079080
9 39 0.079081
9 40 0.079081
9 41 0.079082
9 42 0.079082
9 43 0.079082
9 44 0.079082
9 45 0.079082
9 46 0.079082
9 47 0.079082
9 48 0.079082
9 49 0.079082
9 50 0.079082
9 51 0.079082
9 52 0.079081
9 53 0.079081
9 54 0.079081
9 55 0.079080
9 56 0.079080
9 57 0.079079
9 58 0.079078
9 59 0.079078
9 60 0.079077
9 61 0.079076
9 62 0.079076
9 63 0.079075
9 64 0.079074
9 65 0.079073
9 66 0.079072
9 67 0.079071
9 68 0.079070
9 69 0.079069
9 70 0.079068
9 71 0.079067
9 72 0.079066
9 73 0.079065
9 74 0.079064
9 75 0.079063
9 76 0.079062
9 77 0.079061
9 78 0.079061
9 79 0.079060
9 80 0.079059
9 81 0.079058
9 82 0.079057
9 83 0.079056
9 84 0.079055
9 85 0.079054
9 86 0.079053
9 87 0.079053
9 88 0.079052
9 89 0.079052
9 90 0.079051
9 91 0.079051
9 92 0.079050
9 93 0.079050
9 94 0.079049
9 95 0.079048
9 96 0.079047
9 97 0.079047
9 98 0.079046
9 99 0.079044

10 0 0.079058
10 1 0.079059
10 2 0.079059
10 3 0.079059
10 4 0.079060
10 5 0.079059
10 6 0.079060
10 7 0.079060
10 8 0.079060
10 9 0.079060
10 10 0.079061
10 11 0.079061
10 12 0.079062
10 13 0.079062
10 14 0.079063
10 15 0.079064
10 16 0.079065
10 17 0.079065
10 18 0.079066
10 19 0.079067
10 20 0.079068
10 21 0.079069
10 22 0.079070
10 23 0.079070
10 24 0.079071
10 25 0.079072
10 26 0.079073
10 27 0.079074
10 28 0.079075
10 29 0.079076
10 30 0.079076
10 31 0.079077
10 32 0.079078
10 33 0.079079
10 34 0.079079
10 35 0.079080
10 36 0.079080
10 37 0.079081
10 38 0.079081
10 39 0.079082
10 40 0.079082
10 41 0.079083
10 42 0.079083
10 43 0.079083
10 44 0.079083
10 45 0.079083
10 46 0.079083
10 47 0.079083
10 48 0.079083
10 49 0.079083
10 50 0.079083
10 51 0.079083
10 52 0.079082
10 53 0.079082
10 54 0.079082
10 55 0.079081
10 56 0.079081
10 57 0.079080
10 58 0.079080
10 59 0.079079
10 60 0.079078
10 61 0.079077
10 62 0.079077
10 63 0.079076
10 64 0.079075
10 65 0.079074
10 66 0.079073
10 67 0.079072
10 68 0.079071
10 69 0.079070
10 70 0.079069
10 71 0.079068
10 72 0.079067
10 73 0.079066
10 74 0.079065
10 75 0.079065
10 76 0.079064
10 77 0.079063
10 78 0.079062
10 79 0.079061
10 80 0.079060
10 81 0.079059
10 82 0.079058
10 83 0.079057
10 84 0.079056
10 85 0.079055
10 86 0.079055
10 87 0.079054
10 88 0.079054
10 89 0.079053
10 90 0.079053
10 91 0.079052
10 92 0.079052
10 93 0.079051
10 94 0.079050
10 95 0.079050
10 96 0.079049
10 97 0.079048
10 98 0.079047
10 99 0.079045

11 0 0.079059
11 1 0.079060
11 2 0.079060
11 3 0.079060
11 4 0.079061
11 5 0.079061
11 6 0.079061
11 7 0.079061
11 8 0.079061
11 9 0.079062
11 10 0.079062
11 11 0.079062
11 12 0.079063
11 13 0.079063
11 14 0.079064
11 15 0.079065
11 16 0.079066
11 17 0.079066
11 18 0.079067
11 19 0.079068
11 20 0.079069
11 21 0.079070
11 22 0.079071
11 23 0.079072
11 24 0.079072
11 25 0.079073
11 26 0.079074
11 27 0.079075
11 28 0.079076
11 29 0.079077
11 30 0.079077
11 31 0.079078
11 32 0.079079
11 33 0.079080
11 34 0.079080
11 35 0.079081
11 36 0.079081
11 37 0.079082
11 38 0.079083
11 39 0.079083
11 40 0.079083
11 41 0.079084
11 42 0.079084
11 43 0.079084
11 44 0.079084
11 45 0.079084
11 46 0.079085
11 47 0.079084
11 48 0.079084
11 49 0.079084
11 50 0.079084
11 51 0.079084
11 52 0.079084
11 53 0.079083
11 54 0.079083
11 55 0.079082
11 56 0.079082
11 57 0.079081
11 58 0.079081
11 59 0.079080
11 60 0.079079
11 61 0.079079
11 62 0.079078
11 63 0.079077
11 64 0.079076
11 65 0.079075
11 66 0.079074
11 67 0.079074
11 68 0.079073
11 69 0.079072
11 70 0.079071
11 71 0.079070
11 72 0.079069
11 73 0.079068
11 74 0.079067
11 75 0.079066
11 76 0.079065
11 77 0.079064
11 78 0.079063
11 79 0.079062
11 80 0.079061
11 81 0.079060
11 82 0.079060
11 83 0.079059
11 84 0.079058
11 85 0.079057
11 86 0.079056
11 87 0.079056
11 88 0.079055
11 89 0.079055
11 90 0.079054
11 91 0.079054
11 92 0.079053
11 93 0.079052
11 94 0.079052
11 95 0.079051
11 96 0.079050
11 97 0.079050
11 98 0.079049
11 99 0.079047

12 0 0.079060
12 1 0.079061
12 2 0.079062
12 3 0.079061
12 4 0.079062
12 5 0.079062
12 6 0.079062
12 7 0.079062
12 8 0.079062
12 9 0.079063
12 10 0.079063
12 11 0.079063
12 12 0.079064
12 13 0.079065
12 14 0.079065
12 15 0.079066
12 16 0.079067
12 17 0.079068
12 18 0.079068
12 19 0.079069
12 20 0.079070
12 21 0.079071
12 22 0.079072
12 23 0.079073
12 24 0.079074
12 25 0.079074
12 26 0.079075
12 27 0.079076
12 28 0.079077
12 29 0.079078
12 30 0.079079
12 31 0.079079
12 32 0.079080
12 33 0.079081
12 34 0.079081
12 35 0.079082
12 36 0.079083
12 37 0.079083
12 38 0.079084
12 39 0.079084
12 40 0.079085
12 41 0.079085
12 42 0.079085
12 43 0.079085
12 44 0.079086
12 45 0.079086
12 46 0.079086
12 47 0.079086
12 48 0.079086
12 49 0.079085
12 50 0.079085
12 51 0.079085
12 52 0.079085
12 53 0.079084
12 54 0.079084
12 55 0.079084
12 56 0.079083
12 57 0.079083
12 58 0.079082
12 59 0.079081
12 60 0.079081
12 61 0.079080
12 62 0.079079
12 63 0.079078
12 64 0.079078
12 65 0.079077
12 66 0.079076
12 67 0.079075
12 68 0.079074
12 69 0.079073
12 70 0.079072
12 71 0.079071
12 72 0.079070
12 73 0.079069
12 74 0.079068
12 75 0.079067
12 76 0.079066
12 77 0.079065
12 78 0.079065
12 79 0.079064
12 80 0.079063
12 81 0.079062
12 82 0.079061
12 83 0.079060
12 84 0.079059
12 85 0.079058
12 86 0.079058
12 87 0.079057
12 88 0.079056
12 89 0.079056
12 90 0.079056
12 91 0.079055
12 92 0.079054
12 93 0.079054
12 94 0.079053
12 95 0.079053
12 96 0.079052
12 97 0.079051
12 98 0.079050
12 99 0.079048

13 0 0.079062
13 1 0.079063
13 2 0.079063
13 3 0.079063
13 4 0.079063
13 5 0.079063
13 6 0.079063
13 7 0.079063
13 8 0.079064
13 9 0.079064
13 10 0.079064
13 11 0.079065
13 12 0.079065
13 13 0.079066
13 14 0.079067
13 15 0.079067
13 16 0.079068
13 17 0.079069
13 18 0.079070
13 19 0.079070
13 20 0.079071
13 21 0.079072
13 22 0.079073
13 23 0.079074
13 24 0.079075
13 25 0.079076
13 26 0.079076
13 27 0.079077
13 28 0.079078
13 29 0.079079
13 30 0.079080
13 31 0.079080
13 32 0.079081
13 33 0.079082
13 34 0.079083
13 35 0.079083
13 36 0.079084
13 37 0.079084
13 38 0.079085
13 39 0.079085
13 40 0.079086
13 41 0.079086
13 42 0.079086
13 43 0.079087
13 44 0.079087
13 45 0.079087
13 46 0.079087
13 47 0.079087
13 48 0.079087
13 49 0.079087
13 50 0.079087
13 51 0.079086
13 52 0.079086
13 53 0.079086
13 54 0.079085
13 55 0.079085
13 56 0.079084
13 57 0.079084
13 58 0.079083
13 59 0.079083
13 60 0.079082
13 61 0.079081
13 62 0.079081
13 63 0.079080
13 64 0.079079
13 65 0.079078
13 66 0.079077
13 67 0.079076
13 68 0.079075
13 69 0.079074
13 70 0.079073
13 71 0.079072
13 72 0.079071
13 73 0.079071
13 74 0.079070
13 75 0.079069
13 76 0.079068
13 77 0.079067
13 78 0.079066
13 79 0.079065
13 80 0.079064
13 81 0.079063
13 82 0.079062
13 83 0.079062
13 84 0.079061
13 85 0.079060
13 86 0.079059
13 87 0.079059
13 88 0.079058
13 89 0.079058
13 90 0.079057
13 91 0.079057
13 92 0.079056
13 93 0.079055
13 94 0.079055
13 95 0.079054
13 96 0.079053
13 97 0.079053
13 98 0.079052
13 99 0.079050

14 0 0.079063
14 1 0.079064
14 2 0.079064
14 3 0.079064
14 4 0.079064
14 5 0.079064
14 6 0.079065
14 7 0.079065
14 8 0.079065
14 9 0.079065
14 10 0.079066
14 11 0.079066
14 12 0.079067
14 13 0.079067
14 14 0.079068
14 15 0.079069
14 16 0.079069
14 17 0.079070
14 18 0.079071
14 19 0.079072
14 20 0.079073
14 21 0.079074
14 22 0.079074
14 23 0.079075
14 24 0.079076
14 25 0.079077
14 26 0.079078
14 27 0.079079
14 28 0.079079
14 29 0.079080
14 30 0.079081
14 31 0.079082
14 32 0.079082
14 33 0.079083
14 34 0.079084
14 35 0.079084
14 36 0.079085
14 37 0.079086
14 38 0.079086
14 39 0.079087
14 40 0.079087
14 41 0.079087
14 42 0.079088
14 43 0.079088
14 44 0.079088
14 45 0.079088
14 46 0.079088
14 47 0.079088
14 48 0.079088
14 49 0.079088
14 50 0.079088
14 51 0.079088
14 52 0.079087
14 53 0.079087
14 54 0.079087
14 55 0.079086
14 56 0.079086
14 57 0.079085
14 58 0.079085
14 59 0.079084
14 60 0.079083
14 61 0.079083
14 62 0.079082
14 63 0.079081
14 64 0.079080
14 65 0.079079
14 66 0.079079
14 67 0.079078
14 68 0.079077
14 69 0.079076
14 70 0.079075
14 71 0.079074
14 72 0.079073
14 73 0.079072
14 74 0.079071
14 75 0.079070
14 76 0.079069
14 77 0.079068
14 78 0.079068
14 79 0.079067
14 80 0.079066
14 81 0.079065
14 82 0.079064
14 83 0.079063
14 84 0.079062
14 85 0.079062
14 86 0.079061
14 87 0.079060
14 88 0.079060
14 89 0.079059
14 90 0.079059
14 91 0.079058
14 92 0.079058
14 93 0.079057
14 94 0.079056
14 95 0.079056
14 96 0.079055
14 97 0.079054
14 98 0.079054
14 99 0.079052

15 0 0.079064
15 1 0.079066
15 2 0.079065
15 3 0.079065
15 4 0.079066
15 5 0.079066
15 6 0.079066
15 7 0.079066
15 8 0.079066
15 9 0.079067
15 10 0.079067
15 11 0.079068
15 12 0.079068
15 13 0.079069
15 14 0.079069
15 15 0.079070
15 16 0.079071
15 17 0.079072
15 18 0.079072
15 19 0.079073
15 20 0.079074
15 21 0.079075
15 22 0.079076
15 23 0.079077
15 24 0.079077
15 25 0.079078
15 26 0.079079
15 27 0.079080
15 28 0.079081
15 29 0.079082
15 30 0.079082
15 31 0.079083
15 32 0.079084
15 33 0.079085
15 34 0.079085
15 35 0.079086
15 36 0.079086
15 37 0.079087
15 38 0.079087
15 39 0.079088
15 40 0.079088
15 41 0.079089
15 42 0.079089
15 43 0.079089
15 44 0.079089
15 45 0.079089
15 46 0.079089
15 47 0.079089
15 48 0.079089
15 49 0.079089
15 50 0.079089
15 51 0.079089
15 52 0.079089
15 53 0.079088
15 54 0.079088
15 55 0.079088
15 56 0.079087
15 57 0.079087
15 58 0.079086
15 59 0.079085
15 60 0.079085
15 61 0.079084
15 62 0.079083
15 63 0.079083
15 64 0.079082
15 65 0.079081
15 66 0.079080
15 67 0.079079
15 68 0.079078
15 69 0.079077
15 70 0.079076
15 71 0.079076
15 72 0.079075
15 73 0.079074
15 74 0.079073
15 75 0.079072
15 76 0.079071
15 77 0.079070
15 78 0.079069
15 79 0.079068
15 80 0.079068
15 81 0.079067
15 82 0.079066
15 83 0.079065
15 84 0.079064
15 85 0.079063
15 86 0.079063
15 87 0.079062
15 88 0.079062
15 89 0.079061
15 90 0.079061
15 91 0.079060
15 92 0.079060
15 93 0.079059
15 94 0.079058
15 95 0.079058
15 96 0.079057
15 97 0.079056
15 98 0.079056
15 99 0.079053

16 0 0.079065
16 1 0.079067
16 2 0.079067
16 3 0.079067
16 4 0.079067
16 5 0.079067
16 6 0.079067
16 7 0.079068
16 8 0.079068
16 9 0.079068
16 10 0.079069
16 11 0.079069
16 12 0.079070
16 13 0.079070
16 14 0.079071
16 15 0.079072
16 16 0.079072
16 17 0.079073
16 18 0.079074
16 19 0.079075
16 20 0.079076
16 21 0.079076
16 22 0.079077
16 23 0.079078
16 24 0.079079
16 25 0.079080
16 26 0.079081
16 27 0.079081
16 28 0.079082
16 29 0.079083
16 30 0.079084
16 31 0.079084
16 32 0.079085
16 33 0.079086
16 34 0.079087
16 35 0.079087
16 36 0.079088
16 37 0.079088
16 38 0.079089
16 39 0.079089
16 40 0.079090
16 41 0.079090
16 42 0.079090
16 43 0.079090
16 44 0.079091
16 45 0.079091
16 46 0.079091
16 47 0.079091
16 48 0.079091
16 49 0.079091
16 50 0.079090
16 51 0.079090
16 52 0.079090
16 53 0.079090
16 54 0.079089
16 55 0.079089
16 56 0.079089
16 57 0.079088
16 58 0.079087
16 59 0.079087
16 60 0.079086
16 61 0.079086
16 62 0.079085
16 63 0.079084
16 64 0.079083
16 65 0.079083
16 66 0.079082
16 67 0.079081
16 68 0.079080
16 69 0.079079
16 70 0.079078
16 71 0.079077
16 72 0.079076
16 73 0.079075
16 74 0.079074
16 75 0.079074
16 76 0.079073
16 77 0.079072
16 78 0.079071
16 79 0.079070
16 80 0.079069
16 81 0.079069
16 82 0.079068
16 83 0.079067
16 84 0.079066
16 85 0.079065
16 86 0.079065
16 87 0.079064
16 88 0.079064
16 89 0.079063
16 90 0.079063
16 91 0.079062
16 92 0.079061
16 93 0.079061
16 94 0.079060
16 95 0.079060
16 96 0.079059
16 97 0.079058
16 98 0.079058
16 99 0.079055

17 0 0.079066
17 1 0.079069
17 2 0.079068
17 3 0.079068
17 4 0.079069
17 5 0.079069
17 6 0.079069
17 7 0.079069
17 8 0.079070
17 9 0.079070
17 10 0.079070
17 11 0.079071
17 12 0.079071
17 13 0.079072
17 14 0.079073
17 15 0.079073
17 16 0.079074
17 17 0.079075
17 18 0.079076
17 19 0.079076
17 20 0.079077
17 21 0.079078
17 22 0.079079
17 23 0.079080
17 24 0.079080
17 25 0.079081
17 26 0.079082
17 27 0.079083
17 28 0.079084
17 29 0.079084
17 30 0.079085
17 31 0.079086
17 32 0.079087
17 33 0.079087
17 34 0.079088
17 35 0.079089
17 36 0.079089
17 37 0.079090
17 38 0.079090
17 39 0.079091
17 40 0.079091
17 41 0.079091
17 42 0.079092
17 43 0.079092
17 44 0.079092
17 45 0.079092
17 46 0.079092
17 47 0.079092
17 48 0.079092
17 49 0.079092
17 50 0.079092
17 51 0.079092
17 52 0.079091
17 53 0.079091
17 54 0.079091
17 55 0.079090
17 56 0.079090
17 57 0.079089
17 58 0.079089
17 59 0.079088
17 60 0.079088
17 61 0.079087
17 62 0.079086
17 63 0.079086
17 64 0.079085
17 65 0.079084
17 66 0.079083
17 67 0.079082
17 68 0.079082
17 69 0.079081
17 70 0.079080
17 71 0.079079
17 72 0.079078
17 73 0.079077
17 74 0.079076
17 75 0.079075
17 76 0.079075
17 77 0.079074
17 78 0.079073
17 79 0.079072
17 80 0.079071
17 81 0.079070
17 82 0.079070
17 83 0.079069
17 84 0.079068
17 85 0.079067
17 86 0.079067
17 87 0.079066
17 88 0.079065
17 89 0.079065
17 90 0.079065
17 91 0.079064
17 92 0.079063
17 93 0.079063
17 94 0.079062
17 95 0.079061
17 96 0.079061
17 97 0.079060
17 98 0.079060
17 99 0.079057

18 0 0.079067
18 1 0.079070
18 2 0.079069
18 3 0.079070
18 4 0.079070
18 5 0.079070
18 6 0.079071
18 7 0.079071
18 8 0.079071
18 9 0.079072
18 10 0.079072
18 11 0.079073
18 12 0.079073
18 13 0.079074
18 14 0.079074
18 15 0.079075
18 16 0.079076
18 17 0.079076
18 18 0.079077
18 19 0.079078
18 20 0.079079
18 21 0.079080
18 22 0.079080
18 23 0.079081
18 24 0.079082
18 25 0.079083
18 26 0.079084
18 27 0.079084
18 28 0.079085
18 29 0.079086
18 30 0.079087
18 31 0.079087
18 32 0.079088
18 33 0.079089
18 34 0.079089
18 35 0.079090
18 36 0.079091
18 37 0.079091
18 38 0.079092
18 39 0.079092
18 40 0.079092
18 41 0.079093
18 42 0.079093
18 43 0.079093
18 44 0.079093
18 45 0.079093
18 46 0.079094
18 47 0.079094
18 48 0.079094
18 49 0.079093
18 50 0.079093
18 51 0.079093
18 52 0.079093
18 53 0.079093
18 54 0.079092
18 55 0.079092
18 56 0.079091
18 57 0.079091
18 58 0.079090
18 59 0.079090
18 60 0.079089
18 61 0.079089
18 62 0.079088
18 63 0.079087
18 64 0.079086
18 65 0.079086
18 66 0.079085
18 67 0.079084
18 68 0.079083
18 69 0.079082
18 70 0.079081
18 71 0.079081
18 72 0.079080
18 73 0.079079
18 74 0.079078
18 75 0.079077
18 76 0.079076
18 77 0.079076
18 78 0.079075
18 79 0.079074
18 80 0.079073
18 81 0.079072
18 82 0.079072
18 83 0.079071
18 84 0.079070
18 85 0.079069
18 86 0.079069
18 87 0.079068
18 88 0.079068
18 89 0.079067
18 90 0.079067
18 91 0.079066
18 92 0.079065
18 93 0.079065
18 94 0.079064
18 95 0.079063
18 96 0.079063
18 97 0.079062
18 98 0.079062
18 99 0.079059

19 0 0.079069
19 1 0.079072
19 2 0.079071
19 3 0.079072
19 4 0.079072
19 5 0.079072
19 6 0.079072
19 7 0.079073
19 8 0.079073
19 9 0.079073
19 10 0.079074
19 11 0.079074
19 12 0.079075
19 13 0.079075
19 14 0.079076
19 15 0.079077
19 16 0.079077
19 17 0.079078
19 18 0.079079
19 19 0.079080
19 20 0.079080
19 21 0.079081
19 22 0.079082
19 23 0.079083
19 24 0.079084
19 25 0.079084
19 26 0.079085
19 27 0.079086
19 28 0.079087
19 29 0.079087
19 30 0.079088
19 31 0.079089
19 32 0.079090
19 33 0.079090
19 34 0.079091
19 35 0.079091
19 36 0.079092
19 37 0.079092
19 38 0.079093
19 39 0.079093
19 40 0.079094
19 41 0.079094
19 42 0.079094
19 43 0.079095
19 44 0.079095
19 45 0.079095
19 46 0.079095
19 47 0.079095
19 48 0.079095
19 49 0.079095
19 50 0.079095
19 51 0.079095
19 52 0.079094
19 53 0.079094
19 54 0.079094
19 55 0.079093
19 56 0.079093
19 57 0.079093
19 58 0.079092
19 59 0.079091
19 60 0.079091
19 61 0.079090
19 62 0.079090
19 63 0.079089
19 64 0.079088
19 65 0.079087
19 66 0.079087
19 67 0.079086
19 68 0.079085
19 69 0.079084
19 70 0.079083
19 71 0.079082
19 72 0.079082
19 73 0.079081
19 74 0.079080
19 75 0.079079
19 76 0.079078
19 77 0.079077
19 78 0.079077
19 79 0.079076
19 80 0.079075
19 81 0.079074
19 82 0.079074
19 83 0.079073
19 84 0.079072
19 85 0.079071
19 86 0.079071
19 87 0.079070
19 88 0.079070
19 89 0.079069
19 90 0.079069
19 91 0.079068
19 92 0.079067
19 93 0.079067
19 94 0.079066
19 95 0.079065
19 96 0.079065
19 97 0.079064
19 98 0.079064
19 99 0.079061

20 0 0.079070
20 1 0.079074
20 2 0.079072
20 3 0.079073
20 4 0.079073
20 5 0.079074
20 6 0.079074
20 7 0.079074
20 8 0.079075
20 9 0.079075
20 10 0.079076
20 11 0.079076
20 12 0.079077
20 13 0.079077
20 14 0.079078
20 15 0.079078
20 16 0.079079
20 17 0.079080
20 18 0.079081
20 19 0.079081
20 20 0.079082
20 21 0.079083
20 22 0.079084
20 23 0.079084
20 24 0.079085
20 25 0.079086
20 26 0.079087
20 27 0.079088
20 28 0.079088
20 29 0.079089
20 30 0.079090
20 31 0.079090
20 32 0.079091
20 33 0.079092
20 34 0.079092
20 35 0.079093
20 36 0.079093
20 37 0.079094
20 38 0.079094
20 39 0.079095
20 40 0.079095
20 41 0.079095
20 42 0.079096
20 43 0.079096
20 44 0.079096
20 45 0.079096
20 46 0.079096
20 47 0.079096
20 48 0.079096
20 49 0.079096
20 50 0.079096
20 51 0.079096
20 52 0.079096
20 53 0.079096
20 54 0.079095
20 55 0.079095
20 56 0.079094
20 57 0.079094
20 58 0.079094
20 59 0.079093
20 60 0.079092
20 61 0.079092
20 62 0.079091
20 63 0.079090
20 64 0.079090
20 65 0.079089
20 66 0.079088
20 67 0.079087
20 68 0.079087
20 69 0.079086
20 70 0.079085
20 71 0.079084
20 72 0.079083
20 73 0.079083
20 74 0.079082
20 75 0.079081
20 76 0.079080
20 77 0.079079
20 78 0.079079
20 79 0.079078
20 80 0.079077
20 81 0.079076
20 82 0.079075
20 83 0.079075
20 84 0.079074
20 85 0.079073
20 86 0.079073
20 87 0.079072
20 88 0.079072
20 89 0.079071
20 90 0.079071
20 91 0.079070
20 92 0.079070
20 93 0.079069
20 94 0.079068
20 95 0.079068
20 96 0.079067
20 97 0.079066
20 98 0.079067
20 99 0.079063

21 0 0.079071
21 1 0.079075
21 2 0.079074
21 3 0.079075
21 4 0.079075
21 5 0.079075
21 6 0.079076
21 7 0.079076
21 8 0.079076
21 9 0.079077
21 10 0.079077
21 11 0.079078
21 12 0.079078
21 13 0.079079
21 14 0.079080
21 15 0.079080
21 16 0.079081
21 17 0.079082
21 18 0.079082
21 19 0.079083
21 20 0.079084
21 21 0.079085
21 22 0.079085
21 23 0.079086
21 24 0.079087
21 25 0.079088
21 26 0.079088
21 27 0.079089
21 28 0.079090
21 29 0.079091
21 30 0.079091
21 31 0.079092
21 32 0.079093
21 33 0.079093
21 34 0.079094
21 35 0.079094
21 36 0.079095
21 37 0.079095
21 38 0.079096
21 39 0.079096
21 40 0.079097
21 41 0.079097
21 42 0.079097
21 43 0.079097
21 44 0.079098
21 45 0.079098
21 46 0.079098
21 47 0.079098
21 48 0.079098
21 49 0.079098
21 50 0.079098
21 51 0.079097
21 52 0.079097
21 53 0.079097
21 54 0.079097
21 55 0.079096
21 56 0.079096
21 57 0.079096
21 58 0.079095
21 59 0.079095
21 60 0.079094
21 61 0.079093
21 62 0.079093
21 63 0.079092
21 64 0.079091
21 65 0.079091
21 66 0.079090
21 67 0.079089
21 68 0.079088
21 69 0.079088
21 70 0.079087
21 71 0.079086
21 72 0.079085
21 73 0.079084
21 74 0.079084
21 75 0.079083
21 76 0.079082
21 77 0.079081
21 78 0.079081
21 79 0.079080
21 80 0.079079
21 81 0.079078
21 82 0.079077
21 83 0.079077
21 84 0.079076
21 85 0.079075
21 86 0.079075
21 87 0.079074
21 88 0.079074
21 89 0.079073
21 90 0.079073
21 91 0.079072
21 92 0.079072
21 93 0.079071
21 94 0.079070
21 95 0.079070
21 96 0.079069
21 97 0.079068
21 98 0.079069
21 99 0.079065

22 0 0.079073
22 1 0.079077
22 2 0.079075
22 3 0.079076
22 4 0.079077
22 5 0.079077
22 6 0.079077
22 7 0.079078
22 8 0.079078
22 9 0.079079
22 10 0.079079
22 11 0.079080
22 12 0.079080
22 13 0.079081
22 14 0.079081
22 15 0.079082
22 16 0.079083
22 17 0.079083
22 18 0.079084
22 19 0.079085
22 20 0.079086
22 21 0.079086
22 22 0.079087
22 23 0.079088
22 24 0.079089
22 25 0.079089
22 26 0.079090
22 27 0.079091
22 28 0.079091
22 29 0.079092
22 30 0.079093
22 31 0.079093
22 32 0.079094
22 33 0.079095
22 34 0.079095
22 35 0.079096
22 36 0.079096
22 37 0.079097
22 38 0.079097
22 39 0.079098
22 40 0.079098
22 41 0.079098
22 42 0.079099
22 43 0.079099
22 44 0.079099
22 45 0.079099
22 46 0.079099
22 47 0.079099
22 48 0.079099
22 49 0.079099
22 50 0.079099
22 51 0.079099
22 52 0.079099
22 53 0.079099
22 54 0.079098
22 55 0.079098
22 56 0.079098
22 57 0.079097
22 58 0.079097
22 59 0.079096
22 60 0.079096
22 61 0.079095
22 62 0.079094
22 63 0.079094
22 64 0.079093
22 65 0.079092
22 66 0.079092
22 67 0.079091
22 68 0.079090
22 69 0.079089
22 70 0.079088
22 71 0.079088
22 72 0.079087
22 73 0.079086
22 74 0.079085
22 75 0.079085
22 76 0.079084
22 77 0.079083
22 78 0.079082
22 79 0.079082
22 80 0.079081
22 81 0.079080
22 82 0.079079
22 83 0.079079
22 84 0.079078
22 85 0.079077
22 86 0.079077
22 87 0.079076
22 88 0.079076
22 89 0.079075
22 90 0.079075
22 91 0.079074
22 92 0.079074
22 93 0.079073
22 94 0.079072
22 95 0.079072
22 96 0.079071
22 97 0.079070
22 98 0.079071
22 99 0.079067

23 0 0.079074
23 1 0.079078
23 2 0.079077
23 3 0.079078
23 4 0.079078
23 5 0.079079
23 6 0.079079
23 7 0.079079
23 8 0.079080
23 9 0.079080
23 10 0.079081
23 11 0.079081
23 12 0.079082
23 13 0.079082
23 14 0.079083
23 15 0.079084
23 16 0.079084
23 17 0.079085
23 18 0.079086
23 19 0.079086
23 20 0.079087
23 21 0.079088
23 22 0.079089
23 23 0.079089
23 24 0.079090
23 25 0.079091
23 26 0.079092
23 27 0.079092
23 28 0.079093
23 29 0.079094
23 30 0.079094
23 31 0.079095
23 32 0.079096
23 33 0.079096
23 34 0.079097
23 35 0.079097
23 36 0.079098
23 37 0.079098
23 38 0.079099
23 39 0.079099
23 40 0.079100
23 41 0.079100
23 42 0.079100
23 43 0.079100
23 44 0.079101
23 45 0.079101
23 46 0.079101
23 47 0.079101
23 48 0.079101
23 49 0.079101
23 50 0.079101
23 51 0.079100
23 52 0.079100
23 53 0.079100
23 54 0.079100
23 55 0.079099
23 56 0.079099
23 57 0.079099
23 58 0.079098
23 59 0.079098
23 60 0.079097
23 61 0.079097
23 62 0.079096
23 63 0.079095
23 64 0.079095
23 65 0.079094
23 66 0.079093
23 67 0.079093
23 68 0.079092
23 69 0.079091
23 70 0.079090
23 71 0.079089
23 72 0.079089
23 73 0.079088
23 74 0.079087
23 75 0.079087
23 76 0.079086
23 77 0.079085
23 78 0.079084
23 79 0.079084
23 80 0.079083
23 81 0.079082
23 82 0.079081
23 83 0.079081
23 84 0.079080
23 85 0.079080
23 86 0.079079
23 87 0.079078
23 88 0.079078
23 89 0.079078
23 90 0.079077
23 91 0.079076
23 92 0.079076
23 93 0.079075
23 94 0.079075
23 95 0.079074
23 96 0.079074
23 97 0.079072
23 98 0.079073
23 99 0.079069

24 0 0.079076
24 1 0.079080
24 2 0.079079
24 3 0.079080
24 4 0.079080
24 5 0.079080
24 6 0.079081
24 7 0.079081
24 8 0.079082
24 9 0.079082
24 10 0.079083
24 11 0.079083
24 12 0.079084
24 13 0.079084
24 14 0.079085
24 15 0.079085
24 16 0.079086
24 17 0.079087
24 18 0.079087
24 19 0.079088
24 20 0.079089
24 21 0.079090
24 22 0.079090
24 23 0.079091
24 24 0.079092
24 25 0.079093
24 26 0.079093
24 27 0.079094
24 28 0.079095
24 29 0.079095
24 30 0.079096
24 31 0.079097
24 32 0.079097
24 33 0.079098
24 34 0.079098
24 35 0.079099
24 36 0.079099
24 37 0.079100
24 38 0.079100
24 39 0.079101
24 40 0.079101
24 41 0.079101
24 42 0.079102
24 43 0.079102
24 44 0.079102
24 45 0.079102
24 46 0.079102
24 47 0.079102
24 48 0.079102
24 49 0.079102
24 50 0.079102
24 51 0.079102
24 52 0.079102
24 53 0.079102
24 54 0.079101
24 55 0.079101
24 56 0.079101
24 57 0.079100
24 58 0.079100
24 59 0.079099
24 60 0.079099
24 61 0.079098
24 62 0.079098
24 63 0.079097
24 64 0.079096
24 65 0.079096
24 66 0.079095
24 67 0.079094
24 68 0.079093
24 69 0.079093
24 70 0.079092
24 71 0.079091
24 72 0.079091
24 73 0.079090
24 74 0.079089
24 75 0.079088
24 76 0.079088
24 77 0.079087
24 78 0.079086
24 79 0.079086
24 80 0.079085
24 81 0.079084
24 82 0.079083
24 83 0.079083
24 84 0.079082
24 85 0.079082
24 86 0.079081
24 87 0.079081
24 88 0.079080
24 89 0.079080
24 90 0.079079
24 91 0.079079
24 92 0.079078
24 93 0.079077
24 94 0.079077
24 95 0.079076
24 96 0.079076
24 97 0.079074
24 98 0.079076
24 99 0.079071

25 0 0.079077
25 1 0.079082
25 2 0.079080
25 3 0.079081
25 4 0.079081
25 5 0.079082
25 6 0.079082
25 7 0.079083
25 8 0.079083
25 9 0.079084
25 10 0.079084
25 11 0.079085
25 12 0.079085
25 13 0.079086
25 14 0.079087
25 15 0.079087
25 16 0.079088
25 17 0.079089
25 18 0.079089
25 19 0.079090
25 20 0.079091
25 21 0.079091
25 22 0.079092
25 23 0.079093
25 24 0.079093
25 25 0.079094
25 26 0.079095
25 27 0.079095
25 28 0.079096
25 29 0.079097
25 30 0.079097
25 31 0.079098
25 32 0.079099
25 33 0.079099
25 34 0.079100
25 35 0.079100
25 36 0.079101
25 37 0.079101
25 38 0.079102
25 39 0.079102
25 40 0.079102
25 41 0.079103
25 42 0.079103
25 43 0.079103
25 44 0.079103
25 45 0.079104
25 46 0.079104
25 47 0.079104
25 48 0.079104
25 49 0.079104
25 50 0.079104
25 51 0.079103
25 52 0.079103
25 53 0.079103
25 54 0.079103
25 55 0.079102
25 56 0.079102
25 57 0.079102
25 58 0.079101
25 59 0.079101
25 60 0.079100
25 61 0.079100
25 62 0.079099
25 63 0.079099
25 64 0.079098
25 65 0.079097
25 66 0.079097
25 67 0.079096
25 68 0.079095
25 69 0.079094
25 70 0.079094
25 71 0.079093
25 72 0.079092
25 73 0.079092
25 74 0.079091
25 75 0.079090
25 76 0.079090
25 77 0.079089
25 78 0.079088
25 79 0.079087
25 80 0.079087
25 81 0.079086
25 82 0.079085
25 83 0.079085
25 84 0.079084
25 85 0.079084
25 86 0.079083
25 87 0.079083
25 88 0.079082
25 89 0.079082
25 90 0.079081
25 91 0.079081
25 92 0.079080
25 93 0.079079
25 94 0.079079
25 95 0.079078
25 96 0.079078
25 97 0.079076
25 98 0.079078
25 99 0.079073

26 0 0.079078
26 1 0.079083
26 2 0.079082
26 3 0.079083
26 4 0.079083
26 5 0.079084
26 6 0.079084
26 7 0.079085
26 8 0.079085
26 9 0.079086
26 10 0.079086
26 11 0.079087
26 12 0.079087
26 13 0.079088
26 14 0.079088
26 15 0.079089
26 16 0.079090
26 17 0.079090
26 18 0.079091
26 19 0.079092
26 20 0.079092
26 21 0.079093
26 22 0.079094
26 23 0.079094
26 24 0.079095
26 25 0.079096
26 26 0.079096
26 27 0.079097
26 28 0.079098
26 29 0.079098
26 30 0.079099
26 31 0.079100
26 32 0.079100
26 33 0.079101
26 34 0.079101
26 35 0.079102
26 36 0.079102
26 37 0.079103
26 38 0.079103
26 39 0.079104
26 40 0.079104
26 41 0.079104
26 42 0.079104
26 43 0.079105
26 44 0.079105
26 45 0.079105
26 46 0.079105
26 47 0.079105
26 48 0.079105
26 49 0.079105
26 50 0.079105
26 51 0.079105
26 52 0.079105
26 53 0.079105
26 54 0.079104
26 55 0.079104
26 56 0.079104
26 57 0.079103
26 58 0.079103
26 59 0.079102
26 60 0.079102
26 61 0.079101
26 62 0.079101
26 63 0.079100
26 64 0.079100
26 65 0.079099
26 66 0.079098
26 67 0.079098
26 68 0.079097
26 69 0.079096
26 70 0.079096
26 71 0.079095
26 72 0.079094
26 73 0.079093
26 74 0.079093
26 75 0.079092
26 76 0.079091
26 77 0.079091
26 78 0.079090
26 79 0.079089
26 80 0.079089
26 81 0.079088
26 82 0.079087
26 83 0.079087
26 84 0.079086
26 85 0.079086
26 86 0.079085
26 87 0.079085
26 88 0.079084
26 89 0.079084
26 90 0.079083
26 91 0.079083
26 92 0.079082
26 93 0.079082
26 94 0.079081
26 95 0.079080
26 96 0.079080
26 97 0.079079
26 98 0.079080
26 99 0.079075

27 0 0.079080
27 1 0.079085
27 2 0.079083
27 3 0.079085
27 4 0.079085
27 5 0.079085
27 6 0.079086
27 7 0.079086
27 8 0.079087
27 9 0.079087
27 10 0.079088
27 11 0.079088
27 12 0.079089
27 13 0.079089
27 14 0.079090
27 15 0.079091
27 16 0.079091
27 17 0.079092
27 18 0.079093
27 19 0.079093
27 20 0.079094
27 21 0.079095
27 22 0.079095
27 23 0.079096
27 24 0.079097
27 25 0.079097
27 26 0.079098
27 27 0.079099
27 28 0.079099
27 29 0.079100
27 30 0.079101
27 31 0.079101
27 32 0.079102
27 33 0.079102
27 34 0.079103
27 35 0.079103
27 36 0.079104
27 37 0.079104
27 38 0.079105
27 39 0.079105
27 40 0.079105
27 41 0.079106
27 42 0.079106
27 43 0.079106
27 44 0.079106
27 45 0.079106
27 46 0.079107
27 47 0.079107
27 48 0.079107
27 49 0.079107
27 50 0.079107
27 51 0.079106
27 52 0.079106
27 53 0.079106
27 54 0.079106
27 55 0.079106
27 56 0.079105
27 57 0.079105
27 58 0.079104
27 59 0.079104
27 60 0.079104
27 61 0.079103
27 62 0.079102
27 63 0.079102
27 64 0.079101
27 65 0.079101
27 66 0.079100
27 67 0.079099
27 68 0.079099
27 69 0.079098
27 70 0.079097
27 71 0.079097
27 72 0.079096
27 73 0.079095
27 74 0.079095
27 75 0.079094
27 76 0.079093
27 77 0.079093
27 78 0.079092
27 79 0.079091
27 80 0.079091
27 81 0.079090
27 82 0.079089
27 83 0.079089
27 84 0.079088
27 85 0.079088
27 86 0.079087
27 87 0.079087
27 88 0.079086
27 89 0.079086
27 90 0.079085
27 91 0.079085
27 92 0.079084
27 93 0.079084
27 94 0.079083
27 95 0.079082
27 96 0.079082
27 97 0.079081
27 98 0.079082
27 99 0.079077

28 0 0.079081
28 1 0.079086
28 2 0.079085
28 3 0.079086
28 4 0.079086
28 5 0.079087
28 6 0.079087
28 7 0.079088
28 8 0.079088
28 9 0.079089
28 10 0.079090
28 11 0.079090
28 12 0.079091
28 13 0.079091
28 14 0.079092
28 15 0.079092
28 16 0.079093
28 17 0.079094
28 18 0.079094
28 19 0.079095
28 20 0.079095
28 21 0.079096
28 22 0.079097
28 23 0.079098
28 24 0.079098
28 25 0.079099
28 26 0.079100
28 27 0.079100
28 28 0.079101
28 29 0.079101
28 30 0.079102
28 31 0.079103
28 32 0.079103
28 33 0.079104
28 34 0.079104
28 35 0.079105
28 36 0.079105
28 37 0.079106
28 38 0.079106
28 39 0.079106
28 40 0.079107
28 41 0.079107
28 42 0.079107
28 43 0.079108
28 44 0.079108
28 45 0.079108
28 46 0.079108
28 47 0.079108
28 48 0.079108
28 49 0.079108
28 50 0.079108
28 51 0.079108
28 52 0.079108
28 53 0.079108
28 54 0.079107
28 55 0.079107
28 56 0.079107
28 57 0.079106
28 58 0.079106
28 59 0.079106
28 60 0.079105
28 61 0.079105
28 62 0.079104
28 63 0.079103
28 64 0.079103
28 65 0.079102
28 66 0.079102
28 67 0.079101
28 68 0.079100
28 69 0.079100
28 70 0.079099
28 71 0.079098
28 72 0.079098
28 73 0.079097
28 74 0.079096
28 75 0.079096
28 76 0.079095
28 77 0.079094
28 78 0.079094
28 79 0.079093
28 80 0.079093
28 81 0.079092
28 82 0.079091
28 83 0.079091
28 84 0.079090
28 85 0.079090
28 86 0.079089
28 87 0.079089
28 88 0.079088
28 89 0.079088
28 90 0.079087
28 91 0.079087
28 92 0.079086
28 93 0.079086
28 94 0.079085
28 95 0.079084
28 96 0.079084
28 97 0.079083
28 98 0.079085
28 99 0.079080

29 0 0.079083
29 1 0.079088
29 2 0.079086
29 3 0.079088
29 4 0.079088
29 5 0.079088
29 6 0.079089
29 7 0.079089
29 8 0.079090
29 9 0.079091
29 10 0.079091
29 11 0.079092
29 12 0.079092
29 13 0.079093
29 14 0.079093
29 15 0.079094
29 16 0.079095
29 17 0.079095
29 18 0.079096
29 19 0.079096
29 20 0.079097
29 21 0.079098
29 22 0.079098
29 23 0.079099
29 24 0.079100
29 25 0.079100
29 26 0.079101
29 27 0.079102
29 28 0.079102
29 29 0.079103
29 30 0.079103
29 31 0.079104
29 32 0.079105
29 33 0.079105
29 34 0.079106
29 35 0.079106
29 36 0.079107
29 37 0.079107
29 38 0.079107
29 39 0.079108
29 40 0.079108
29 41 0.079109
29 42 0.079109
29 43 0.079109
29 44 0.079109
29 45 0.079109
29 46 0.079109
29 47 0.079109
29 48 0.079109
29 49 0.079109
29 50 0.079109
29 51 0.079109
29 52 0.079109
29 53 0.079109
29 54 0.079109
29 55 0.079108
29 56 0.079108
29 57 0.079108
29 58 0.079107
29 59 0.079107
29 60 0.079107
29 61 0.079106
29 62 0.079106
29 63 0.079105
29 64 0.079104
29 65 0.079104
29 66 0.079103
29 67 0.079103
29 68 0.079102
29 69 0.079101
29 70 0.079101
29 71 0.079100
29 72 0.079099
29 73 0.079099
29 74 0.079098
29 75 0.079098
29 76 0.079097
29 77 0.079096
29 78 0.079096
29 79 0.079095
29 80 0.079094
29 81 0.079094
29 82 0.079093
29 83 0.079093
29 84 0.079092
29 85 0.079092
29 86 0.079091
29 87 0.079091
29 88 0.079090
29 89 0.079090
29 90 0.079089
29 91 0.079089
29 92 0.079088
29 93 0.079088
29 94 0.079087
29 95 0.079086
29 96 0.079086
29 97 0.079085
29 98 0.079087
29 99 0.079082

30 0 0.079084
30 1 0.079089
30 2 0.079088
30 3 0.079089
30 4 0.079089
30 5 0.079090
30 6 0.079091
30 7 0.079091
30 8 0.079092
30 9 0.079092
30 10 0.079093
30 11 0.079093
30 12 0.079094
30 13 0.079094
30 14 0.079095
30 15 0.079096
30 16 0.079096
30 17 0.079097
30 18 0.079097
30 19 0.079098
30 20 0.079099
30 21 0.079099
30 22 0.079100
30 23 0.079101
30 24 0.079101
30 25 0.079102
30 26 0.079102
30 27 0.079103
30 28 0.079104
30 29 0.079104
30 30 0.079105
30 31 0.079106
30 32 0.079106
30 33 0.079107
30 34 0.079107
30 35 0.079108
30 36 0.079108
30 37 0.079108
30 38 0.079109
30 39 0.079109
30 40 0.079110
30 41 0.079110
30 42 0.079110
30 43 0.079110
30 44 0.079111
30 45 0.079111
30 46 0.079111
30 47 0.079111
30 48 0.079111
30 49 0.079111
30 50 0.079111
30 51 0.079111
30 52 0.079111
30 53 0.079110
30 54 0.079110
30 55 0.079110
30 56 0.079110
30 57 0.079109
30 58 0.079109
30 59 0.079109
30 60 0.079108
30 61 0.079108
30 62 0.079107
30 63 0.079107
30 64 0.079106
30 65 0.079105
30 66 0.079105
30 67 0.079104
30 68 0.079104
30 69 0.079103
30 70 0.079102
30 71 0.079102
30 72 0.079101
30 73 0.079100
30 74 0.079100
30 75 0.079099
30 76 0.079099
30 77 0.079098
30 78 0.079097
30 79 0.079097
30 80 0.079096
30 81 0.079096
30 82 0.079095
30 83 0.079094
30 84 0.079094
30 85 0.079094
30 86 0.079093
30 87 0.079093
30 88 0.079092
30 89 0.079092
30 90 0.079091
30 91 0.079091
30 92 0.079090
30 93 0.079090
30 94 0.079089
30 95 0.079088
30 96 0.079088
30 97 0.079087
30 98 0.079089
30 99 0.079084

31 0 0.079086
31 1 0.079091
31 2 0.079089
31 3 0.079091
31 4 0.079091
31 5 0.079091
31 6 0.079092
31 7 0.079093
31 8 0.079093
31 9 0.079094
31 10 0.079094
31 11 0.079095
31 12 0.079095
31 13 0.079096
31 14 0.079097
31 15 0.079097
31 16 0.079098
31 17 0.079098
31 18 0.079099
31 19 0.079099
31 20 0.079100
31 21 0.079101
31 22 0.079101
31 23 0.079102
31 24 0.079103
31 25 0.079103
31 26 0.079104
31 27 0.079105
31 28 0.079105
31 29 0.079106
31 30 0.079106
31 31 0.079107
31 32 0.079107
31 33 0.079108
31 34 0.079108
31 35 0.079109
31 36 0.079109
31 37 0.079110
31 38 0.079110
31 39 0.079111
31 40 0.079111
31 41 0.079111
31 42 0.079112
31 43 0.079112
31 44 0.079112
31 45 0.079112
31 46 0.079112
31 47 0.079112
31 48 0.079112
31 49 0.079112
31 50 0.079112
31 51 0.079112
31 52 0.079112
31 53 0.079112
31 54 0.079112
31 55 0.079111
31 56 0.079111
31 57 0.079111
31 58 0.079110
31 59 0.079110
31 60 0.079110
31 61 0.079109
31 62 0.079109
31 63 0.079108
31 64 0.079107
31 65 0.079107
31 66 0.079106
31 67 0.079106
31 68 0.079105
31 69 0.079105
31 70 0.079104
31 71 0.079103
31 72 0.079103
31 73 0.079102
31 74 0.079102
31 75 0.079101
31 76 0.079100
31 77 0.079100
31 78 0.079099
31 79 0.079098
31 80 0.079098
31 81 0.079097
31 82 0.079097
31 83 0.079096
31 84 0.079096
31 85 0.079095
31 86 0.079095
31 87 0.079095
31 88 0.079094
31 89 0.079094
31 90 0.079093
31 91 0.079093
31 92 0.079092
31 93 0.079092
31 94 0.079091
31 95 0.079090
31 96 0.079090
31 97 0.079089
31 98 0.079091
31 99 0.079086

32 0 0.079087
32 1 0.079092
32 2 0.079091
32 3 0.079092
32 4 0.079092
32 5 0.079093
32 6 0.079094
32 7 0.079094
32 8 0.079095
32 9 0.079095
32 10 0.079096
32 11 0.079096
32 12 0.079097
32 13 0.079097
32 14 0.079098
32 15 0.079099
32 16 0.079099
32 17 0.079100
32 18 0.079100
32 19 0.079101
32 20 0.079102
32 21 0.079102
32 22 0.079103
32 23 0.079103
32 24 0.079104
32 25 0.079105
32 26 0.079105
32 27 0.079106
32 28 0.079107
32 29 0.079107
32 30 0.079108
32 31 0.079108
32 32 0.079109
32 33 0.079109
32 34 0.079110
32 35 0.079110
32 36 0.079111
32 37 0.079111
32 38 0.079112
32 39 0.079112
32 40 0.079112
32 41 0.079113
32 42 0.079113
32 43 0.079113
32 44 0.079113
32 45 0.079113
32 46 0.079114
32 47 0.079114
32 48 0.079114
32 49 0.079114
32 50 0.079114
32 51 0.079113
32 52 0.079113
32 53 0.079113
32 54 0.079113
32 55 0.079113
32 56 0.079112
32 57 0.079112
32 58 0.079112
32 59 0.079111
32 60 0.079111
32 61 0.079110
32 62 0.079110
32 63 0.079109
32 64 0.079109
32 65 0.079108
32 66 0.079108
32 67 0.079107
32 68 0.079107
32 69 0.079106
32 70 0.079106
32 71 0.079105
32 72 0.079104
32 73 0.079104
32 74 0.079103
32 75 0.079103
32 76 0.079102
32 77 0.079101
32 78 0.079101
32 79 0.079100
32 80 0.079100
32 81 0.079099
32 82 0.079099
32 83 0.079098
32 84 0.079098
32 85 0.079097
32 86 0.079097
32 87 0.079096
32 88 0.079096
32 89 0.079095
32 90 0.079095
32 91 0.079094
32 92 0.079094
32 93 0.079093
32 94 0.079093
32 95 0.079092
32 96 0.079092
32 97 0.079091
32 98 0.079093
32 99 0.079088

33 0 0.079089
33 1 0.079094
33 2 0.079092
33 3 0.079094
33 4 0.079094
33 5 0.079094
33 6 0.079095
33 7 0.079096
33 8 0.079096
33 9 0.079097
33 10 0.079097
33 11 0.079098
33 12 0.079098
33 13 0.079099
33 14 0.079100
33 15 0.079100
33 16 0.079101
33 17 0.079101
33 18 0.079102
33 19 0.079102
33 20 0.079103
33 21 0.079104
33 22 0.079104
33 23 0.079105
33 24 0.079105
33 25 0.079106
33 26 0.079107
33 27 0.079107
33 28 0.079108
33 29 0.079108
33 30 0.079109
33 31 0.079110
33 32 0.079110
33 33 0.079111
33 34 0.079111
33 35 0.079112
33 36 0.079112
33 37 0.079113
33 38 0.079113
33 39 0.079113
33 40 0.079114
33 41 0.079114
33 42 0.079114
33 43 0.079114
33 44 0.079115
33 45 0.079115
33 46 0.079115
33 47 0.079115
33 48 0.079115
33 49 0.079115
33 50 0.079115
33 51 0.079115
33 52 0.079115
33 53 0.079115
33 54 0.079114
33 55 0.079114
33 56 0.079114
33 57 0.079114
33 58 0.079113
33 59 0.079113
33 60 0.079112
33 61 0.079112
33 62 0.079111
33 63 0.079111
33 64 0.079110
33 65 0.079110
33 66 0.079109
33 67 0.079109
33 68 0.079108
33 69 0.079108
33 70 0.079107
33 71 0.079106
33 72 0.079106
33 73 0.079105
33 74 0.079105
33 75 0.079104
33 76 0.079104
33 77 0.079103
33 78 0.079102
33 79 0.079102
33 80 0.079101
33 81 0.079101
33 82 0.079100
33 83 0.079100
33 84 0.079099
33 85 0.079099
33 86 0.079099
33 87 0.079098
33 88 0.079098
33 89 0.079097
33 90 0.079097
33 91 0.079096
33 92 0.079096
33 93 0.079095
33 94 0.079095
33 95 0.079094
33 96 0.079094
33 97 0.079093
33 98 0.079095
33 99 0.079090

34 0 0.079090
34 1 0.079095
34 2 0.079093
34 3 0.079095
34 4 0.079095
34 5 0.079096
34 6 0.079096
34 7 0.079097
34 8 0.079098
34 9 0.079098
34 10 0.079099
34 11 0.079099
34 12 0.079100
34 13 0.079100
34 14 0.079101
34 15 0.079101
34 16 0.079102
34 17 0.079103
34 18 0.079103
34 19 0.079104
34 20 0.079104
34 21 0.079105
34 22 0.079106
34 23 0.079106
34 24 0.079107
34 25 0.079107
34 26 0.079108
34 27 0.079109
34 28 0.079109
34 29 0.079110
34 30 0.079110
34 31 0.079111
34 32 0.079111
34 33 0.079112
34 34 0.079112
34 35 0.079113
34 36 0.079113
34 37 0.079114
34 38 0.079114
34 39 0.079115
34 40 0.079115
34 41 0.079115
34 42 0.079115
34 43 0.079116
34 44 0.079116
34 45 0.079116
34 46 0.079116
34 47 0.079116
34 48 0.079116
34 49 0.079116
34 50 0.079116
34 51 0.079116
34 52 0.079116
34 53 0.079116
34 54 0.079116
34 55 0.079103
34 56 0.079103
34 57 0.079103
34 58 0.079102
34 59 0.079102
34 60 0.079102
34 61 0.079102
34 62 0.079102
34 63 0.079102
34 64 0.079102
34 65 0.079102
34 66 0.079102
34 67 0.079102
34 68 0.079102
34 69 0.079102
34 70 0.079102
34 71 0.079102
34 72 0.079102
34 73 0.079102
34 74 0.079102
34 75 0.079102
34 76 0.079102
34 77 0.079102
34 78 0.079102
34 79 0.079103
34 80 0.079103
34 81 0.079103
34 82 0.079103
34 83 0.079103
34 84 0.079103
34 85 0.079103
34 86 0.079103
34 87 0.079103
34 88 0.079102
34 89 0.079102
34 90 0.079101
34 91 0.079101
34 92 0.079101
34 93 0.079102
34 94 0.079103
34 95 0.079104
34 96 0.079107
34 97 0.079109
34 98 0.079116
34 99 0.079115

35 0 0.079116
35 1 0.079117
35 2 0.079111
35 3 0.079109
35 4 0.079107
35 5 0.079106
35 6 0.079105
35 7 0.079105
35 8 0.079105
35 9 0.079106
35 10 0.079106
35 11 0.079107
35 12 0.079107
35 13 0.079108
35 14 0.079108
35 15 0.079109
35 16 0.079109
35 17 0.079109
35 18 0.079109
35 19 0.079109
35 20 0.079109
35 21 0.079109
35 22 0.079109
35 23 0.079109
35 24 0.079109
35 25 0.079108
35 26 0.079108
35 27 0.079108
35 28 0.079108
35 29 0.079107
35 30 0.079107
35 31 0.079107
35 32 0.079107
35 33 0.079106
35 34 0.079106
35 35 0.079106
35 36 0.079106
35 37 0.079105
35 38 0.079105
35 39 0.079105
35 40 0.079105
35 41 0.079105
35 42 0.079104
35 43 0.079104
35 44 0.079104
35 45 0.079104
35 46 0.079104
35 47 0.079104
35 48 0.079104
35 49 0.079104
35 50 0.079104
35 51 0.079103
35 52 0.079103
35 53 0.079103
35 54 0.079103
35 55 0.079103
35 56 0.079103
35 57 0.079103
35 58 0.079103
35 59 0.079102
35 60 0.079102
35 61 0.079102
35 62 0.079102
35 63 0.079102
35 64 0.079102
35 65 0.079102
35 66 0.079102
35 67 0.079102
35 68 0.079102
35 69 0.079102
35 70 0.079102
35 71 0.079102
35 72 0.079102
35 73 0.079102
35 74 0.079102
35 75 0.079102
35 76 0.079103
35 77 0.079103
35 78 0.079103
35 79 0.079103
35 80 0.079103
35 81 0.079104
35 82 0.079104
35 83 0.079104
35 84 0.079104
35 85 0.079104
35 86 0.079104
35 87 0.079103
35 88 0.079103
35 89 0.079102
35 90 0.079102
35 91 0.079102
35 92 0.079102
35 93 0.079103
35 94 0.079104
35 95 0.079105
35 96 0.079108
35 97 0.079110
35 98 0.079117
35 99 0.079116

36 0 0.079116
36 1 0.079117
36 2 0.079111
36 3 0.079110
36 4 0.079108
36 5 0.079107
36 6 0.079106
36 7 0.079106
36 8 0.079106
36 9 0.079107
36 10 0.079107
36 11 0.079108
36 12 0.079108
36 13 0.079109
36 14 0.079109
36 15 0.079109
36 16 0.079109
36 17 0.079110
36 18 0.079110
36 19 0.079110
36 20 0.079110
36 21 0.079109
36 22 0.079109
36 23 0.079109
36 24 0.079109
36 25 0.079109
36 26 0.079108
36 27 0.079108
36 28 0.079108
36 29 0.079108
36 30 0.079107
36 31 0.079107
36 32 0.079107
36 33 0.079107
36 34 0.079106
36 35 0.079106
36 36 0.079106
36 37 0.079105
36 38 0.079105
36 39 0.079105
36 40 0.079105
36 41 0.079105
36 42 0.079104
36 43 0.079104
36 44 0.079104
36 45 0.079104
36 46 0.079104
36 47 0.079104
36 48 0.079104
36 49 0.079104
36 50 0.079104
36 51 0.079103
36 52 0.079103
36 53 0.079103
36 54 0.079103
36 55 0.079103
36 56 0.079103
36 57 0.079103
36 58 0.079103
36 59 0.079102
36 60 0.079102
36 61 0.079102
36 62 0.079102
36 63 0.079102
36 64 0.079102
36 65 0.079102
36 66 0.079102
36 67 0.079102
36 68 0.079102
36 69 0.079102
36 70 0.079103
36 71 0.079103
36 72 0.079103
36 73 0.079103
36 74 0.079103
36 75 0.079103
36 76 0.079103
36 77 0.079103
36 78 0.079103
36 79 0.079104
36 80 0.079104
36 81 0.079104
36 82 0.079104
36 83 0.079104
36 84 0.079105
36 85 0.079104
36 86 0.079104
36 87 0.079104
36 88 0.079104
36 89 0.079103
36 90 0.079103
36 91 0.079103
36 92 0.079103
36 93 0.079103
36 94 0.079105
36 95 0.079106
36 96 0.079109
36 97 0.079111
36 98 0.079117
36 99 0.079117

37 0 0.079117
37 1 0.079117
37 2 0.079112
37 3 0.079111
37 4 0.079108
37 5 0.079108
37 6 0.079107
37 7 0.079107
37 8 0.079107
37 9 0.079107
37 10 0.079108
37 11 0.079108
37 12 0.079109
37 13 0.079109
37 14 0.079110
37 15 0.079110
37 16 0.079110
37 17 0.079110
37 18 0.079110
37 19 0.079110
37 20 0.079110
37 21 0.079110
37 22 0.079110
37 23 0.079110
37 24 0.079109
37 25 0.079109
37 26 0.079109
37 27 0.079108
37 28 0.079108
37 29 0.079108
37 30 0.079108
37 31 0.079107
37 32 0.079107
37 33 0.079107
37 34 0.079106
37 35 0.079106
37 36 0.079106
37 37 0.079106
37 38 0.079105
37 39 0.079105
37 40 0.079105
37 41 0.079105
37 42 0.079104
37 43 0.079104
37 44 0.079104
37 45 0.079104
37 46 0.079104
37 47 0.079104
37 48 0.079104
37 49 0.079104
37 50 0.079104
37 51 0.079103
37 52 0.079103
37 53 0.079103
37 54 0.079103
37 55 0.079103
37 56 0.079103
37 57 0.079103
37 58 0.079103
37 59 0.079103
37 60 0.079102
37 61 0.079102
37 62 0.079102
37 63 0.079102
37 64 0.079102
37 65 0.079102
37 66 0.079102
37 67 0.079102
37 68 0.079103
37 69 0.079103
37 70 0.079103
37 71 0.079103
37 72 0.079103
37 73 0.079103
37 74 0.079103
37 75 0.079103
37 76 0.079103
37 77 0.079103
37 78 0.079104
37 79 0.079104
37 80 0.079104
37 81 0.079104
37 82 0.079105
37 83 0.079105
37 84 0.079105
37 85 0.079105
37 86 0.079105
37 87 0.079104
37 88 0.079104
37 89 0.079104
37 90 0.079103
37 91 0.079103
37 92 0.079104
37 93 0.079104
37 94 0.079105
37 95 0.079107
37 96 0.079110
37 97 0.079112
37 98 0.079118
37 99 0.079118

38 0 0.079117
38 1 0.079118
38 2 0.079112
38 3 0.079111
38 4 0.079109
38 5 0.079108
38 6 0.079108
38 7 0.079107
38 8 0.079108
38 9 0.079108
38 10 0.079108
38 11 0.079109
38 12 0.079109
38 13 0.079110
38 14 0.079110
38 15 0.079110
38 16 0.079111
38 17 0.079111
38 18 0.079111
38 19 0.079111
38 20 0.079110
38 21 0.079110
38 22 0.079110
38 23 0.079110
38 24 0.079110
38 25 0.079109
38 26 0.079109
38 27 0.079109
38 28 0.079108
38 29 0.079108
38 30 0.079108
38 31 0.079107
38 32 0.079107
38 33 0.079107
38 34 0.079106
38 35 0.079106
38 36 0.079106
38 37 0.079106
38 38 0.079105
38 39 0.079105
38 40 0.079105
38 41 0.079105
38 42 0.079104
38 43 0.079104
38 44 0.079104
38 45 0.079104
38 46 0.079104
38 47 0.079104
38 48 0.079104
38 49 0.079104
38 50 0.079104
38 51 0.079103
38 52 0.079103
38 53 0.079103
38 54 0.079103
38 55 0.079103
38 56 0.079103
38 57 0.079103
38 58 0.079103
38 59 0.079103
38 60 0.079102
38 61 0.079102
38 62 0.079102
38 63 0.079102
38 64 0.079102
38 65 0.079102
38 66 0.079103
38 67 0.079103
38 68 0.079103
38 69 0.079103
38 70 0.079103
38 71 0.079103
38 72 0.079103
38 73 0.079103
38 74 0.079103
38 75 0.079103
38 76 0.079103
38 77 0.079104
38 78 0.079104
38 79 0.079104
38 80 0.079105
38 81 0.079105
38 82 0.079105
38 83 0.079105
38 84 0.079105
38 85 0.079105
38 86 0.079105
38 87 0.079105
38 88 0.079104
38 89 0.079104
38 90 0.079104
38 91 0.079104
38 92 0.079104
38 93 0.079105
38 94 0.079106
38 95 0.079108
38 96 0.079111
38 97 0.079112
38 98 0.079118
38 99 0.079118

39 0 0.079117
39 1 0.079118
39 2 0.079112
39 3 0.079111
39 4 0.079109
39 5 0.079109
39 6 0.079108
39 7 0.079108
39 8 0.079108
39 9 0.079108
39 10 0.079109
39 11 0.079109
39 12 0.079110
39 13 0.079110
39 14 0.079110
39 15 0.079111
39 16 0.079111
39 17 0.079111
39 18 0.079111
39 19 0.079111
39 20 0.079111
39 21 0.079111
39 22 0.079110
39 23 0.079110
39 24 0.079110
39 25 0.079110
39 26 0.079109
39 27 0.079109
39 28 0.079109
39 29 0.079108
39 30 0.079108
39 31 0.079108
39 32 0.079107
39 33 0.079107
39 34 0.079107
39 35 0.079106
39 36 0.079106
39 37 0.079106
39 38 0.079105
39 39 0.079105
39 40 0.079105
39 41 0.079105
39 42 0.079105
39 43 0.079104
39 44 0.079104
39 45 0.079104
39 46 0.079104
39 47 0.079104
39 48 0.079104
39 49 0.079104
39 50 0.079104
39 51 0.079103
39 52 0.079103
39 53 0.079103
39 54 0.079103
39 55 0.079103
39 56 0.079103
39 57 0.079103
39 58 0.079103
39 59 0.079103
39 60 0.079103
39 61 0.079102
39 62 0.079102
39 63 0.079102
39 64 0.079102
39 65 0.079103
39 66 0.079103
39 67 0.079103
39 68 0.079103
39 69 0.079103
39 70 0.079103
39 71 0.079103
39 72 0.079103
39 73 0.079103
39 74 0.079103
39 75 0.079103
39 76 0.079104
39 77 0.079104
39 78 0.079104
39 79 0.079104
39 80 0.079105
39 81 0.079105
39 82 0.079105
39 83 0.079106
39 84 0.079106
39 85 0.079106
39 86 0.079105
39 87 0.079105
39 88 0.079105
39 89 0.079105
39 90 0.079104
39 91 0.079104
39 92 0.079105
39 93 0.079105
39 94 0.079107
39 95 0.079108
39 96 0.079111
39 97 0.079113
39 98 0.079119
39 99 0.079118

40 0 0.079117
40 1 0.079118
40 2 0.079113
40 3 0.079112
40 4 0.079110
40 5 0.079109
40 6 0.079108
40 7 0.079108
40 8 0.079108
40 9 0.079109
40 10 0.079109
40 11 0.079110
40 12 0.079110
40 13 0.079111
40 14 0.079111
40 15 0.079111
40 16 0.079111
40 17 0.079111
40 18 0.079111
40 19 0.079111
40 20 0.079111
40 21 0.079111
40 22 0.079111
40 23 0.079110
40 24 0.079110
40 25 0.079110
40 26 0.079109
40 27 0.079109
40 28 0.079109
40 29 0.079108
40 30 0.079108
40 31 0.079108
40 32 0.079107
40 33 0.079107
40 34 0.079107
40 35 0.079106
40 36 0.079106
40 37 0.079106
40 38 0.079105
40 39 0.079105
40 40 0.079105
40 41 0.079105
40 42 0.079105
40 43 0.079104
40 44 0.079104
40 45 0.079104
40 46 0.079104
40 47 0.079104
40 48 0.079104
40 49 0.079104
40 50 0.079104
40 51 0.079103
40 52 0.079103
40 53 0.079103
40 54 0.079103
40 55 0.079103
40 56 0.079103
40 57 0.079103
40 58 0.079103
40 59 0.079103
40 60 0.079103
40 61 0.079102
40 62 0.079102
40 63 0.079102
40 64 0.079102
40 65 0.079103
40 66 0.079103
40 67 0.079103
40 68 0.079103
40 69 0.079103
40 70 0.079103
40 71 0.079103
40 72 0.079103
40 73 0.079103
40 74 0.079103
40 75 0.079104
40 76 0.079104
40 77 0.079104
40 78 0.079104
40 79 0.079105
40 80 0.079105
40 81 0.079105
40 82 0.079106
40 83 0.079106
40 84 0.079106
40 85 0.079106
40 86 0.079106
40 87 0.079105
40 88 0.079105
40 89 0.079105
40 90 0.079105
40 91 0.079105
40 92 0.079105
40 93 0.079106
40 94 0.079107
40 95 0.079109
40 96 0.079111
40 97 0.079113
40 98 0.079119
40 99 0.079118

41 0 0.079117
41 1 0.079117
41 2 0.079113
41 3 0.079112
41 4 0.079110
41 5 0.079109
41 6 0.079109
41 7 0.079109
41 8 0.079109
41 9 0.079109
41 10 0.079110
41 11 0.079110
41 12 0.079110
41 13 0.079111
41 14 0.079111
41 15 0.079111
41 16 0.079111
41 17 0.079112
41 18 0.079111
41 19 0.079111
41 20 0.079111
41 21 0.079111
41 22 0.079111
41 23 0.079110
41 24 0.079110
41 25 0.079110
41 26 0.079109
41 27 0.079109
41 28 0.079109
41 29 0.079108
41 30 0.079108
41 31 0.079108
41 32 0.079107
41 33 0.079107
41 34 0.079107
41 35 0.079106
41 36 0.079106
41 37 0.079106
41 38 0.079105
41 39 0.079105
41 40 0.079105
41 41 0.079105
41 42 0.079105
41 43 0.079104
41 44 0.079104
41 45 0.079104
41 46 0.079104
41 47 0.079104
41 48 0.079104
41 49 0.079104
41 50 0.079103
41 51 0.079103
41 52 0.079103
41 53 0.079103
41 54 0.079103
41 55 0.079103
41 56 0.079103
41 57 0.079103
41 58 0.079103
41 59 0.079103
41 60 0.079103
41 61 0.079102
41 62 0.079102
41 63 0.079102
41 64 0.079103
41 65 0.079103
41 66 0.079103
41 67 0.079103
41 68 0.079103
41 69 0.079103
41 70 0.079103
41 71 0.079103
41 72 0.079103
41 73 0.079103
41 74 0.079103
41 75 0.079104
41 76 0.079104
41 77 0.079104
41 78 0.079104
41 79 0.079105
41 80 0.079105
41 81 0.079105
41 82 0.079106
41 83 0.079106
41 84 0.079106
41 85 0.079106
41 86 0.079106
41 87 0.079105
41 88 0.079105
41 89 0.079105
41 90 0.079105
41 91 0.079105
41 92 0.079105
41 93 0.079106
41 94 0.079108
41 95 0.079109
41 96 0.079112
41 97 0.079113
41 98 0.079118
41 99 0.079118

42 0 0.079117
42 1 0.079117
42 2 0.079113
42 3 0.079112
42 4 0.079110
42 5 0.079109
42 6 0.079109
42 7 0.079109
42 8 0.079109
42 9 0.079109
42 10 0.079110
42 11 0.079110
42 12 0.079111
42 13 0.079111
42 14 0.079111
42 15 0.079112
42 16 0.079112
42 17 0.079112
42 18 0.079112
42 19 0.079112
42 20 0.079111
42 21 0.079111
42 22 0.079111
42 23 0.079111
42 24 0.079110
42 25 0.079110
42 26 0.079109
42 27 0.079109
42 28 0.079109
42 29 0.079108
42 30 0.079108
42 31 0.079108
42 32 0.079107
42 33 0.079107
42 34 0.079107
42 35 0.079106
42 36 0.079106
42 37 0.079106
42 38 0.079105
42 39 0.079105
42 40 0.079105
42 41 0.079105
42 42 0.079105
42 43 0.079104
42 44 0.079104
42 45 0.079104
42 46 0.079104
42 47 0.079104
42 48 0.079104
42 49 0.079104
42 50 0.079103
42 51 0.079103
42 52 0.079103
42 53 0.079103
42 54 0.079103
42 55 0.079103
42 56 0.079103
42 57 0.079103
42 58 0.079103
42 59 0.079103
42 60 0.079103
42 61 0.079102
42 62 0.079102
42 63 0.079102
42 64 0.079103
42 65 0.079103
42 66 0.079103
42 67 0.079103
42 68 0.079103
42 69 0.079103
42 70 0.079103
42 71 0.079103
42 72 0.079103
42 73 0.079103
42 74 0.079103
42 75 0.079104
42 76 0.079104
42 77 0.079104
42 78 0.079104
42 79 0.079105
42 80 0.079105
42 81 0.079105
42 82 0.079106
42 83 0.079106
42 84 0.079106
42 85 0.079106
42 86 0.079106
42 87 0.079106
42 88 0.079105
42 89 0.079105
42 90 0.079105
42 91 0.079105
42 92 0.079106
42 93 0.079107
42 94 0.079108
42 95 0.079109
42 96 0.079112
42 97 0.079113
42 98 0.079118
42 99 0.079118

43 0 0.079116
43 1 0.079117
43 2 0.079112
43 3 0.079112
43 4 0.079110
43 5 0.079110
43 6 0.079109
43 7 0.079109
43 8 0.079109
43 9 0.079110
43 10 0.079110
43 11 0.079110
43 12 0.079111
43 13 0.079111
43 14 0.079111
43 15 0.079112
43 16 0.079112
43 17 0.079112
43 18 0.079112
43 19 0.079112
43 20 0.079111
43 21 0.079111
43 22 0.079111
43 23 0.079111
43 24 0.079110
43 25 0.079110
43 26 0.079110
43 27 0.079109
43 28 0.079109
43 29 0.079108
43 30 0.079108
43 31 0.079108
43 32 0.079107
43 33 0.079107
43 34 0.079107
43 35 0.079106
43 36 0.079106
43 37 0.079106
43 38 0.079106
43 39 0.079105
43 40 0.079105
43 41 0.079105
43 42 0.079105
43 43 0.079104
43 44 0.079104
43 45 0.079104
43 46 0.079104
43 47 0.079104
43 48 0.079104
43 49 0.079104
43 50 0.079104
43 51 0.079103
43 52 0.079103
43 53 0.079103
43 54 0.079103
43 55 0.079103
43 56 0.079103
43 57 0.079103
43 58 0.079103
43 59 0.079103
43 60 0.079103
43 61 0.079103
43 62 0.079103
43 63 0.079103
43 64 0.079103
43 65 0.079103
43 66 0.079103
43 67 0.079103
43 68 0.079103
43 69 0.079103
43 70 0.079103
43 71 0.079103
43 72 0.079103
43 73 0.079103
43 74 0.079103
43 75 0.079104
43 76 0.079104
43 77 0.079104
43 78 0.079104
43 79 0.079105
43 80 0.079105
43 81 0.079105
43 82 0.079106
43 83 0.079106
43 84 0.079106
43 85 0.079106
43 86 0.079106
43 87 0.079106
43 88 0.079105
43 89 0.079105
43 90 0.079105
43 91 0.079105
43 92 0.079106
43 93 0.079107
43 94 0.079108
43 95 0.079109
43 96 0.079112
43 97 0.079113
43 98 0.079118
43 99 0.079118

44 0 0.079116
44 1 0.079116
44 2 0.079112
44 3 0.079112
44 4 0.079110
44 5 0.079110
44 6 0.079109
44 7 0.079109
44 8 0.079109
44 9 0.079110
44 10 0.079110
44 11 0.079110
44 12 0.079111
44 13 0.079111
44 14 0.079112
44 15 0.079112
44 16 0.079112
44 17 0.079112
44 18 0.079112
44 19 0.079112
44 20 0.079111
44 21 0.079111
44 22 0.079111
44 23 0.079111
44 24 0.079110
44 25 0.079110
44 26 0.079110
44 27 0.079109
44 28 0.079109
44 29 0.079108
44 30 0.079108
44 31 0.079108
44 32 0.079107
44 33 0.079107
44 34 0.079107
44 35 0.079106
44 36 0.079106
44 37 0.079106
44 38 0.079106
44 39 0.079105
44 40 0.079105
44 41 0.079105
44 42 0.079105
44 43 0.079104
44 44 0.079104
44 45 0.079104
44 46 0.079104
44 47 0.079104
44 48 0.079104
44 49 0.079104
44 50 0.079104
44 51 0.079103
44 52 0.079103
44 53 0.079103
44 54 0.079103
44 55 0.079103
44 56 0.079103
44 57 0.079103
44 58 0.079103
44 59 0.079103
44 60 0.079103
44 61 0.079103
44 62 0.079103
44 63 0.079103
44 64 0.079103
44 65 0.079103
44 66 0.079103
44 67 0.079103
44 68 0.079103
44 69 0.079103
44 70 0.079103
44 71 0.079103
44 72 0.079103
44 73 0.079103
44 74 0.079103
44 75 0.079103
44 76 0.079104
44 77 0.079104
44 78 0.079104
44 79 0.079105
44 80 0.079105
44 81 0.079105
44 82 0.079106
44 83 0.079106
44 84 0.079106
44 85 0.079106
44 86 0.079106
44 87 0.079105
44 88 0.079105
44 89 0.079105
44 90 0.079105
44 91 0.079106
44 92 0.079106
44 93 0.079107
44 94 0.079108
44 95 0.079110
44 96 0.079112
44 97 0.079113
44 98 0.079117
44 99 0.079117

45 0 0.079115
45 1 0.079115
45 2 0.079112
45 3 0.079111
45 4 0.079110
45 5 0.079110
45 6 0.079109
45 7 0.079109
45 8 0.079109
45 9 0.079110
45 10 0.079110
45 11 0.079111
45 12 0.079111
45 13 0.079111
45 14 0.079112
45 15 0.079112
45 16 0.079112
45 17 0.079112
45 18 0.079112
45 19 0.079112
45 20 0.079111
45 21 0.079111
45 22 0.079111
45 23 0.079111
45 24 0.079110
45 25 0.079110
45 26 0.079110
45 27 0.079109
45 28 0.079109
45 29 0.079108
45 30 0.079108
45 31 0.079108
45 32 0.079107
45 33 0.079107
45 34 0.079107
45 35 0.079106
45 36 0.079106
45 37 0.079106
45 38 0.079106
45 39 0.079105
45 40 0.079105
45 41 0.079105
45 42 0.079105
45 43 0.079105
45 44 0.079104
45 45 0.079104
45 46 0.079104
45 47 0.079104
45 48 0.079104
45 49 0.079104
45 50 0.079104
45 51 0.079104
45 52 0.079103
45 53 0.079103
45 54 0.079103
45 55 0.079103
45 56 0.079103
45 57 0.079103
45 58 0.079103
45 59 0.079103
45 60 0.079103
45 61 0.079103
45 62 0.079103
45 63 0.079103
45 64 0.079103
45 65 0.079103
45 66 0.079103
45 67 0.079103
45 68 0.079103
45 69 0.079103
45 70 0.079103
45 71 0.079103
45 72 0.079103
45 73 0.079103
45 74 0.079103
45 75 0.079103
45 76 0.079104
45 77 0.079104
45 78 0.079104
45 79 0.079104
45 80 0.079105
45 81 0.079105
45 82 0.079105
45 83 0.079106
45 84 0.079106
45 85 0.079106
45 86 0.079105
45 87 0.079105
45 88 0.079105
45 89 0.079105
45 90 0.079105
45 91 0.079106
45 92 0.079106
45 93 0.079107
45 94 0.079108
45 95 0.079109
45 96 0.079112
45 97 0.079113
45 98 0.079117
45 99 0.079117

46 0 0.079114
46 1 0.079114
46 2 0.079111
46 3 0.079111
46 4 0.079110
46 5 0.079109
46 6 0.079109
46 7 0.079109
46 8 0.079109
46 9 0.079110
46 10 0.079110
46 11 0.079110
46 12 0.079111
46 13 0.079111
46 14 0.079111
46 15 0.079112
46 16 0.079112
46 17 0.079112
46 18 0.079112
46 19 0.079112
46 20 0.079111
46 21 0.079111
46 22 0.079111
46 23 0.079110
46 24 0.079110
46 25 0.079110
46 26 0.079109
46 27 0.079109
46 28 0.079109
46 29 0.079108
46 30 0.079108
46 31 0.079108
46 32 0.079107
46 33 0.079107
46 34 0.079107
46 35 0.079107
46 36 0.079106
46 37 0.079106
46 38 0.079106
46 39 0.079105
46 40 0.079105
46 41 0.079105
46 42 0.079105
46 43 0.079105
46 44 0.079105
46 45 0.079104
46 46 0.079104
46 47 0.079104
46 48 0.079104
46 49 0.079104
46 50 0.079104
46 51 0.079104
46 52 0.079104
46 53 0.079103
46 54 0.079103
46 55 0.079103
46 56 0.079103
46 57 0.079103
46 58 0.079103
46 59 0.079103
46 60 0.079103
46 61 0.079103
46 62 0.079103
46 63 0.079103
46 64 0.079103
46 65 0.079103
46 66 0.079103
46 67 0.079103
46 68 0.079103
46 69 0.079103
46 70 0.079103
46 71 0.079103
46 72 0.079103
46 73 0.079103
46 74 0.079103
46 75 0.079103
46 76 0.079103
46 77 0.079104
46 78 0.079104
46 79 0.079104
46 80 0.079105
46 81 0.079105
46 82 0.079105
46 83 0.079105
46 84 0.079105
46 85 0.079105
46 86 0.079105
46 87 0.079105
46 88 0.079105
46 89 0.079105
46 90 0.079105
46 91 0.079106
46 92 0.079106
46 93 0.079107
46 94 0.079108
46 95 0.079109
46 96 0.079111
46 97 0.079112
46 98 0.079116
46 99 0.079116

47 0 0.079113
47 1 0.079114
47 2 0.079111
47 3 0.079111
47 4 0.079110
47 5 0.079109
47 6 0.079109
47 7 0.079109
47 8 0.079109
47 9 0.079110
47 10 0.079110
47 11 0.079110
47 12 0.079111
47 13 0.079111
47 14 0.079111
47 15 0.079112
47 16 0.079112
47 17 0.079112
47 18 0.079112
47 19 0.079111
47 20 0.079111
47 21 0.079111
47 22 0.079111
47 23 0.079110
47 24 0.079110
47 25 0.079110
47 26 0.079109
47 27 0.079109
47 28 0.079109
47 29 0.079108
47 30 0.079108
47 31 0.079108
47 32 0.079107
47 33 0.079107
47 34 0.079107
47 35 0.079107
47 36 0.079106
47 37 0.079106
47 38 0.079106
47 39 0.079106
47 40 0.079105
47 41 0.079105
47 42 0.079105
47 43 0.079105
47 44 0.079105
47 45 0.079105
47 46 0.079104
47 47 0.079104
47 48 0.079104
47 49 0.079104
47 50 0.079104
47 51 0.079104
47 52 0.079104
47 53 0.079104
47 54 0.079103
47 55 0.079103
47 56 0.079103
47 57 0.079103
47 58 0.079103
47 59 0.079103
47 60 0.079103
47 61 0.079103
47 62 0.079103
47 63 0.079103
47 64 0.079103
47 65 0.079103
47 66 0.079103
47 67 0.079103
47 68 0.079103
47 69 0.079103
47 70 0.079103
47 71 0.079103
47 72 0.079103
47 73 0.079103
47 74 0.079103
47 75 0.079103
47 76 0.079103
47 77 0.079103
47 78 0.079104
47 79 0.079104
47 80 0.079104
47 81 0.079105
47 82 0.079105
47 83 0.079105
47 84 0.079105
47 85 0.079105
47 86 0.079105
47 87 0.079105
47 88 0.079105
47 89 0.079105
47 90 0.079105
47 91 0.079106
47 92 0.079106
47 93 0.079107
47 94 0.079108
47 95 0.079109
47 96 0.079111
47 97 0.079112
47 98 0.079115
47 99 0.079115

48 0 0.079113
48 1 0.079113
48 2 0.079110
48 3 0.079110
48 4 0.079109
48 5 0.079109
48 6 0.079109
48 7 0.079109
48 8 0.079109
48 9 0.079110
48 10 0.079110
48 11 0.079110
48 12 0.079111
48 13 0.079111
48 14 0.079111
48 15 0.079111
48 16 0.079111
48 17 0.079112
48 18 0.079111
48 19 0.079111
48 20 0.079111
48 21 0.079111
48 22 0.079111
48 23 0.079110
48 24 0.079110
48 25 0.079110
48 26 0.079109
48 27 0.079109
48 28 0.079109
48 29 0.079108
48 30 0.079108
48 31 0.079108
48 32 0.079108
48 33 0.079107
48 34 0.079107
48 35 0.079107
48 36 0.079106
48 37 0.079106
48 38 0.079106
48 39 0.079106
48 40 0.079106
48 41 0.079105
48 42 0.079105
48 43 0.079105
48 44 0.079105
48 45 0.079105
48 46 0.079105
48 47 0.079104
48 48 0.079104
48 49 0.079104
48 50 0.079104
48 51 0.079104
48 52 0.079104
48 53 0.079104
48 54 0.079104
48 55 0.079103
48 56 0.079103
48 57 0.079103
48 58 0.079103
48 59 0.079103
48 60 0.079103
48 61 0.079103
48 62 0.079103
48 63 0.079103
48 64 0.079103
48 65 0.079103
48 66 0.079103
48 67 0.079103
48 68 0.079103
48 69 0.079103
48 70 0.079103
48 71 0.079103
48 72 0.079103
48 73 0.079103
48 74 0.079103
48 75 0.079103
48 76 0.079103
48 77 0.079103
48 78 0.079104
48 79 0.079104
48 80 0.079104
48 81 0.079104
48 82 0.079105
48 83 0.079105
48 84 0.079105
48 85 0.079105
48 86 0.079105
48 87 0.079105
48 88 0.079105
48 89 0.079105
48 90 0.079105
48 91 0.079105
48 92 0.079106
48 93 0.079107
48 94 0.079108
48 95 0.079109
48 96 0.079111
48 97 0.079112
48 98 0.079114
48 99 0.079114

49 0 0.079112
49 1 0.079112
49 2 0.079110
49 3 0.079110
49 4 0.079109
49 5 0.079109
49 6 0.079109
49 7 0.079109
49 8 0.079109
49 9 0.079109
49 10 0.079110
49 11 0.079110
49 12 0.079111
49 13 0.079111
49 14 0.079111
49 15 0.079111
49 16 0.079111
49 17 0.079111
49 18 0.079111
49 19 0.079111
49 20 0.079111
49 21 0.079111
49 22 0.079111
49 23 0.079110
49 24 0.079110
49 25 0.079110
49 26 0.079109
49 27 0.079109
49 28 0.079109
49 29 0.079108
49 30 0.079108
49 31 0.079108
49 32 0.079108
49 33 0.079107
49 34 0.079107
49 35 0.079107
49 36 0.079107
49 37 0.079106
49 38 0.079106
49 39 0.079106
49 40 0.079106
49 41 0.079105
49 42 0.079105
49 43 0.079105
49 44 0.079105
49 45 0.079105
49 46 0.079105
49 47 0.079105
49 48 0.079104
49 49 0.079104
49 50 0.079104
49 51 0.079104
49 52 0.079104
49 53 0.079104
49 54 0.079104
49 55 0.079104
49 56 0.079103
49 57 0.079103
49 58 0.079103
49 59 0.079103
49 60 0.079103
49 61 0.079103
49 62 0.079103
49 63 0.079103
49 64 0.079103
49 65 0.079103
49 66 0.079103
49 67 0.079103
49 68 0.079103
49 69 0.079103
49 70 0.079103
49 71 0.079103
49 72 0.079103
49 73 0.079103
49 74 0.079103
49 75 0.079103
49 76 0.079103
49 77 0.079103
49 78 0.079103
49 79 0.079104
49 80 0.079104
49 81 0.079104
49 82 0.079104
49 83 0.079104
49 84 0.079105
49 85 0.079105
49 86 0.079104
49 87 0.079104
49 88 0.079104
49 89 0.079105
49 90 0.079105
49 91 0.079105
49 92 0.079106
49 93 0.079107
49 94 0.079108
49 95 0.079109
49 96 0.079110
49 97 0.079111
49 98 0.079113
49 99 0.079113

50 0 0.079111
50 1 0.079111
50 2 0.079109
50 3 0.079109
50 4 0.079109
50 5 0.079109
50 6 0.079109
50 7 0.079109
50 8 0.079109
50 9 0.079109
50 10 0.079110
50 11 0.079110
50 12 0.079110
50 13 0.079111
50 14 0.079111
50 15 0.079111
50 16 0.079111
50 17 0.079111
50 18 0.079111
50 19 0.079111
50 20 0.079111
50 21 0.079111
50 22 0.079110
50 23 0.079110
50 24 0.079110
50 25 0.079110
50 26 0.079109
50 27 0.079109
50 28 0.079109
50 29 0.079108
50 30 0.079108
50 31 0.079108
50 32 0.079108
50 33 0.079107
50 34 0.079107
50 35 0.079107
50 36 0.079107
50 37 0.079106
50 38 0.079106
50 39 0.079106
50 40 0.079106
50 41 0.079106
50 42 0.079105
50 43 0.079105
50 44 0.079105
50 45 0.079105
50 46 0.079105
50 47 0.079105
50 48 0.079105
50 49 0.079104
50 50 0.079104
50 51 0.079104
50 52 0.079104
50 53 0.079104
50 54 0.079104
50 55 0.079104
50 56 0.079104
50 57 0.079103
50 58 0.079103
50 59 0.079103
50 60 0.079103
50 61 0.079103
50 62 0.079103
50 63 0.079103
50 64 0.079103
50 65 0.079103
50 66 0.079103
50 67 0.079103
50 68 0.079103
50 69 0.079103
50 70 0.079103
50 71 0.079103
50 72 0.079102
50 73 0.079102
50 74 0.079102
50 75 0.079103
50 76 0.079103
50 77 0.079103
50 78 0.079103
50 79 0.079103
50 80 0.079104
50 81 0.079104
50 82 0.079104
50 83 0.079104
50 84 0.079104
50 85 0.079104
50 86 0.079104
50 87 0.079104
50 88 0.079104
50 89 0.079104
50 90 0.079105
50 91 0.079105
50 92 0.079106
50 93 0.079106
50 94 0.079107
50 95 0.079108
50 96 0.079110
50 97 0.079110
50 98 0.079112
50 99 0.079112

51 0 0.079110
51 1 0.079110
51 2 0.079109
51 3 0.079109
51 4 0.079108
51 5 0.079108
51 6 0.079108
51 7 0.079109
51 8 0.079109
51 9 0.079109
51 10 0.079109
51 11 0.079110
51 12 0.079110
51 13 0.079110
51 14 0.079111
51 15 0.079111
51 16 0.079111
51 17 0.079111
51 18 0.079111
51 19 0.079111
51 20 0.079111
51 21 0.079110
51 22 0.079110
51 23 0.079110
51 24 0.079110
51 25 0.079109
51 26 0.079109
51 27 0.079109
51 28 0.079109
51 29 0.079108
51 30 0.079108
51 31 0.079108
51 32 0.079108
51 33 0.079107
51 34 0.079107
51 35 0.079107
51 36 0.079107
51 37 0.079106
51 38 0.079106
51 39 0.079106
51 40 0.079106
51 41 0.079106
51 42 0.079106
51 43 0.079105
51 44 0.079105
51 45 0.079105
51 46 0.079105
51 47 0.079105
51 48 0.079105
51 49 0.079105
51 50 0.079104
51 51 0.079104
51 52 0.079104
51 53 0.079104
51 54 0.079104
51 55 0.079104
51 56 0.079104
51 57 0.079104
51 58 0.079103
51 59 0.079103
51 60 0.079103
51 61 0.079103
51 62 0.079103
51 63 0.079103
51 64 0.079103
51 65 0.079103
51 66 0.079103
51 67 0.079103
51 68 0.079103
51 69 0.079103
51 70 0.079102
51 71 0.079102
51 72 0.079102
51 73 0.079102
51 74 0.079102
51 75 0.079102
51 76 0.079102
51 77 0.079102
51 78 0.079103
51 79 0.079103
51 80 0.079103
51 81 0.079103
51 82 0.079104
51 83 0.079104
51 84 0.079104
51 85 0.079104
51 86 0.079104
51 87 0.079104
51 88 0.079104
51 89 0.079104
51 90 0.079104
51 91 0.079105
51 92 0.079105
51 93 0.079106
51 94 0.079107
51 95 0.079108
51 96 0.079109
51 97 0.079110
51 98 0.079111
51 99 0.079111

52 0 0.079109
52 1 0.079109
52 2 0.079108
52 3 0.079108
52 4 0.079108
52 5 0.079108
52 6 0.079108
52 7 0.079108
52 8 0.079109
52 9 0.079109
52 10 0.079109
52 11 0.079110
52 12 0.079110
52 13 0.079110
52 14 0.079110
52 15 0.079111
52 16 0.079111
52 17 0.079111
52 18 0.079111
52 19 0.079111
52 20 0.079110
52 21 0.079110
52 22 0.079110
52 23 0.079110
52 24 0.079110
52 25 0.079109
52 26 0.079109
52 27 0.079109
52 28 0.079109
52 29 0.079108
52 30 0.079108
52 31 0.079108
52 32 0.079108
52 33 0.079107
52 34 0.079107
52 35 0.079107
52 36 0.079107
52 37 0.079107
52 38 0.079106
52 39 0.079106
52 40 0.079106
52 41 0.079106
52 42 0.079106
52 43 0.079106
52 44 0.079105
52 45 0.079105
52 46 0.079105
52 47 0.079105
52 48 0.079105
52 49 0.079105
52 50 0.079105
52 51 0.079104
52 52 0.079104
52 53 0.079104
52 54 0.079104
52 55 0.079104
52 56 0.079104
52 57 0.079104
52 58 0.079104
52 59 0.079103
52 60 0.079103
52 61 0.079103
52 62 0.079103
52 63 0.079103
52 64 0.079103
52 65 0.079103
52 66 0.079103
52 67 0.079103
52 68 0.079102
52 69 0.079102
52 70 0.079102
52 71 0.079102
52 72 0.079102
52 73 0.079102
52 74 0.079102
52 75 0.079102
52 76 0.079102
52 77 0.079102
52 78 0.079102
52 79 0.079103
52 80 0.079103
52 81 0.079103
52 82 0.079103
52 83 0.079103
52 84 0.079103
52 85 0.079103
52 86 0.079103
52 87 0.079103
52 88 0.079103
52 89 0.079104
52 90 0.079104
52 91 0.079105
52 92 0.079105
52 93 0.079106
52 94 0.079107
52 95 0.079108
52 96 0.079108
52 97 0.079109
52 98 0.079110
52 99 0.079110

53 0 0.079108
53 1 0.079108
53 2 0.079108
53 3 0.079108
53 4 0.079108
53 5 0.079108
53 6 0.079108
53 7 0.079108
53 8 0.079108
53 9 0.079109
53 10 0.079109
53 11 0.079109
53 12 0.079110
53 13 0.079110
53 14 0.079110
53 15 0.079110
53 16 0.079110
53 17 0.079110
53 18 0.079110
53 19 0.079110
53 20 0.079110
53 21 0.079110
53 22 0.079110
53 23 0.079110
53 24 0.079109
53 25 0.079109
53 26 0.079109
53 27 0.079109
53 28 0.079109
53 29 0.079108
53 30 0.079108
53 31 0.079108
53 32 0.079108
53 33 0.079107
53 34 0.079107
53 35 0.079107
53 36 0.079107
53 37 0.079107
53 38 0.079106
53 39 0.079106
53 40 0.079106
53 41 0.079106
53 42 0.079106
53 43 0.079106
53 44 0.079106
53 45 0.079105
53 46 0.079105
53 47 0.079105
53 48 0.079105
53 49 0.079105
53 50 0.079105
53 51 0.079105
53 52 0.079104
53 53 0.079104
53 54 0.079104
53 55 0.079104
53 56 0.079104
53 57 0.079104
53 58 0.079104
53 59 0.079103
53 60 0.079103
53 61 0.079103
53 62 0.079103
53 63 0.079103
53 64 0.079103
53 65 0.079103
53 66 0.079103
53 67 0.079102
53 68 0.079102
53 69 0.079102
53 70 0.079102
53 71 0.079102
53 72 0.079102
53 73 0.079102
53 74 0.079102
53 75 0.079102
53 76 0.079102
53 77 0.079102
53 78 0.079102
53 79 0.079102
53 80 0.079102
53 81 0.079102
53 82 0.079103
53 83 0.079103
53 84 0.079103
53 85 0.079103
53 86 0.079103
53 87 0.079103
53 88 0.079103
53 89 0.079103
53 90 0.079104
53 91 0.079104
53 92 0.079105
53 93 0.079106
53 94 0.079106
53 95 0.079107
53 96 0.079108
53 97 0.079108
53 98 0.079109
53 99 0.079109

54 0 0.079107
54 1 0.079107
54 2 0.079107
54 3 0.079107
54 4 0.079107
54 5 0.079107
54 6 0.079108
54 7 0.079108
54 8 0.079108
54 9 0.079109
54 10 0.079109
54 11 0.079109
54 12 0.079109
54 13 0.079110
54 14 0.079110
54 15 0.079110
54 16 0.079110
54 17 0.079110
54 18 0.079110
54 19 0.079110
54 20 0.079110
54 21 0.079110
54 22 0.079110
54 23 0.079109
54 24 0.079109
54 25 0.079109
54 26 0.079109
54 27 0.079109
54 28 0.079108
54 29 0.079108
54 30 0.079108
54 31 0.079108
54 32 0.079108
54 33 0.079107
54 34 0.079107
54 35 0.079107
54 36 0.079107
54 37 0.079107
54 38 0.079107
54 39 0.079106
54 40 0.079106
54 41 0.079106
54 42 0.079106
54 43 0.079106
54 44 0.079106
54 45 0.079106
54 46 0.079105
54 47 0.079105
54 48 0.079105
54 49 0.079105
54 50 0.079105
54 51 0.079105
54 52 0.079105
54 53 0.079104
54 54 0.079104
54 55 0.079104
54 56 0.079104
54 57 0.079104
54 58 0.079104
54 59 0.079103
54 60 0.079103
54 61 0.079103
54 62 0.079103
54 63 0.079103
54 64 0.079103
54 65 0.079103
54 66 0.079102
54 67 0.079102
54 68 0.079102
54 69 0.079102
54 70 0.079102
54 71 0.079102
54 72 0.079102
54 73 0.079101
54 74 0.079101
54 75 0.079101
54 76 0.079101
54 77 0.079101
54 78 0.079102
54 79 0.079102
54 80 0.079102
54 81 0.079102
54 82 0.079102
54 83 0.079102
54 84 0.079102
54 85 0.079102
54 86 0.079102
54 87 0.079102
54 88 0.079103
54 89 0.079103
54 90 0.079103
54 91 0.079104
54 92 0.079105
54 93 0.079105
54 94 0.079106
54 95 0.079107
54 96 0.079107
54 97 0.079107
54 98 0.079107
54 99 0.079108

55 0 0.079106
55 1 0.079106
55 2 0.079106
55 3 0.079107
55 4 0.079107
55 5 0.079107
55 6 0.079107
55 7 0.079108
55 8 0.079108
55 9 0.079108
55 10 0.079109
55 11 0.079109
55 12 0.079109
55 13 0.079109
55 14 0.079109
55 15 0.079110
55 16 0.079110
55 17 0.079110
55 18 0.079110
55 19 0.079110
55 20 0.079110
55 21 0.079110
55 22 0.079109
55 23 0.079109
55 24 0.079109
55 25 0.079109
55 26 0.079109
55 27 0.079109
55 28 0.079108
55 29 0.079108
55 30 0.079108
55 31 0.079108
55 32 0.079108
55 33 0.079107
55 34 0.079107
55 35 0.079107
55 36 0.079107
55 37 0.079107
55 38 0.079107
55 39 0.079106
55 40 0.079106
55 41 0.079106
55 42 0.079106
55 43 0.079106
55 44 0.079106
55 45 0.079106
55 46 0.079105
55 47 0.079105
55 48 0.079105
55 49 0.079105
55 50 0.079105
55 51 0.079105
55 52 0.079105
55 53 0.079104
55 54 0.079104
55 55 0.079104
55 56 0.079104
55 57 0.079104
55 58 0.079104
55 59 0.079103
55 60 0.079103
55 61 0.079103
55 62 0.079103
55 63 0.079103
55 64 0.079103
55 65 0.079102
55 66 0.079102
55 67 0.079102
55 68 0.079102
55 69 0.079102
55 70 0.079102
55 71 0.079101
55 72 0.079101
55 73 0.079101
55 74 0.079101
55 75 0.079101
55 76 0.079101
55 77 0.079101
55 78 0.079101
55 79 0.079101
55 80 0.079101
55 81 0.079101
55 82 0.079101
55 83 0.079102
55 84 0.079102
55 85 0.079102
55 86 0.079102
55 87 0.079102
55 88 0.079102
55 89 0.079102
55 90 0.079103
55 91 0.079103
55 92 0.079104
55 93 0.079105
55 94 0.079105
55 95 0.079106
55 96 0.079106
55 97 0.079106
55 98 0.079106
55 99 0.079106

56 0 0.079105
56 1 0.079105
56 2 0.079106
56 3 0.079106
56 4 0.079106
56 5 0.079107
56 6 0.079107
56 7 0.079107
56 8 0.079108
56 9 0.079108
56 10 0.079108
56 11 0.079108
56 12 0.079109
56 13 0.079109
56 14 0.079109
56 15 0.079109
56 16 0.079109
56 17 0.079109
56 18 0.079109
56 19 0.079109
56 20 0.079109
56 21 0.079109
56 22 0.079109
56 23 0.079109
56 24 0.079109
56 25 0.079109
56 26 0.079109
56 27 0.079108
56 28 0.079108
56 29 0.079108
56 30 0.079108
56 31 0.079108
56 32 0.079108
56 33 0.079107
56 34 0.079107
56 35 0.079107
56 36 0.079107
56 37 0.079107
56 38 0.079107
56 39 0.079106
56 40 0.079106
56 41 0.079106
56 42 0.079106
56 43 0.079106
56 44 0.079106
56 45 0.079106
56 46 0.079105
56 47 0.079105
56 48 0.079105
56 49 0.079105
56 50 0.079105
56 51 0.079105
56 52 0.079105
56 53 0.079104
56 54 0.079104
56 55 0.079104
56 56 0.079104
56 57 0.079104
56 58 0.079104
56 59 0.079103
56 60 0.079103
56 61 0.079103
56 62 0.079103
56 63 0.079103
56 64 0.079102
56 65 0.079102
56 66 0.079102
56 67 0.079102
56 68 0.079102
56 69 0.079101
56 70 0.079101
56 71 0.079101
56 72 0.079101
56 73 0.079101
56 74 0.079101
56 75 0.079101
56 76 0.079100
56 77 0.079100
56 78 0.079101
56 79 0.079101
56 80 0.079101
56 81 0.079101
56 82 0.079101
56 83 0.079101
56 84 0.079101
56 85 0.079101
56 86 0.079101
56 87 0.079101
56 88 0.079101
56 89 0.079102
56 90 0.079102
56 91 0.079103
56 92 0.079104
56 93 0.079104
56 94 0.079105
56 95 0.079105
56 96 0.079106
56 97 0.079106
56 98 0.079105
56 99 0.079105

57 0 0.079104
57 1 0.079104
57 2 0.079105
57 3 0.079105
57 4 0.079106
57 5 0.079106
57 6 0.079107
57 7 0.079107
57 8 0.079107
57 9 0.079108
57 10 0.079108
57 11 0.079108
57 12 0.079108
57 13 0.079109
57 14 0.079109
57 15 0.079109
57 16 0.079109
57 17 0.079109
57 18 0.079109
57 19 0.079109
57 20 0.079109
57 21 0.079109
57 22 0.079109
57 23 0.079109
57 24 0.079109
57 25 0.079108
57 26 0.079108
57 27 0.079108
57 28 0.079108
57 29 0.079108
57 30 0.079108
57 31 0.079108
57 32 0.079107
57 33 0.079107
57 34 0.079107
57 35 0.079107
57 36 0.079107
57 37 0.079107
57 38 0.079107
57 39 0.079106
57 40 0.079106
57 41 0.079106
57 42 0.079106
57 43 0.079106
57 44 0.079106
57 45 0.079106
57 46 0.079105
57 47 0.079105
57 48 0.079105
57 49 0.079105
57 50 0.079105
57 51 0.079105
57 52 0.079105
57 53 0.079104
57 54 0.079104
57 55 0.079104
57 56 0.079104
57 57 0.079104
57 58 0.079103
57 59 0.079103
57 60 0.079103
57 61 0.079103
57 62 0.079103
57 63 0.079102
57 64 0.079102
57 65 0.079102
57 66 0.079102
57 67 0.079102
57 68 0.079101
57 69 0.079101
57 70 0.079101
57 71 0.079101
57 72 0.079100
57 73 0.079100
57 74 0.079100
57 75 0.079100
57 76 0.079100
57 77 0.079100
57 78 0.079100
57 79 0.079100
57 80 0.079100
57 81 0.079100
57 82 0.079100
57 83 0.079100
57 84 0.079100
57 85 0.079100
57 86 0.079100
57 87 0.079101
57 88 0.079101
57 89 0.079101
57 90 0.079102
57 91 0.079103
57 92 0.079103
57 93 0.079104
57 94 0.079104
57 95 0.079105
57 96 0.079105
57 97 0.079105
57 98 0.079104
57 99 0.079104

58 0 0.079103
58 1 0.079103
58 2 0.079104
58 3 0.079105
58 4 0.079105
58 5 0.079106
58 6 0.079106
58 7 0.079107
58 8 0.079107
58 9 0.079107
58 10 0.079107
58 11 0.079108
58 12 0.079108
58 13 0.079108
58 14 0.079108
58 15 0.079108
58 16 0.079109
58 17 0.079109
58 18 0.079109
58 19 0.079109
58 20 0.079109
58 21 0.079109
58 22 0.079109
58 23 0.079108
58 24 0.079108
58 25 0.079108
58 26 0.079108
58 27 0.079108
58 28 0.079108
58 29 0.079108
58 30 0.079108
58 31 0.079107
58 32 0.079107
58 33 0.079107
58 34 0.079107
58 35 0.079107
58 36 0.079107
58 37 0.079107
58 38 0.079106
58 39 0.079106
58 40 0.079106
58 41 0.079106
58 42 0.079106
58 43 0.079106
58 44 0.079106
58 45 0.079105
58 46 0.079105
58 47 0.079105
58 48 0.079105
58 49 0.079105
58 50 0.079105
58 51 0.079105
58 52 0.079104
58 53 0.079104
58 54 0.079104
58 55 0.079104
58 56 0.079104
58 57 0.079104
58 58 0.079103
58 59 0.079103
58 60 0.079103
58 61 0.079103
58 62 0.079102
58 63 0.079102
58 64 0.079102
58 65 0.079102
58 66 0.079101
58 67 0.079101
58 68 0.079101
58 69 0.079101
58 70 0.079100
58 71 0.079100
58 72 0.079100
58 73 0.079100
58 74 0.079100
58 75 0.079099
58 76 0.079099
58 77 0.079099
58 78 0.079099
58 79 0.079099
58 80 0.079099
58 81 0.079099
58 82 0.079099
58 83 0.079099
58 84 0.079100
58 85 0.079100
58 86 0.079100
58 87 0.079100
58 88 0.079100
58 89 0.079101
58 90 0.079101
58 91 0.079102
58 92 0.079103
58 93 0.079103
58 94 0.079104
58 95 0.079104
58 96 0.079104
58 97 0.079104
58 98 0.079102
58 99 0.079103

59 0 0.079102
59 1 0.079102
59 2 0.079103
59 3 0.079104
59 4 0.079105
59 5 0.079105
59 6 0.079106
59 7 0.079106
59 8 0.079106
59 9 0.079107
59 10 0.079107
59 11 0.079107
59 12 0.079107
59 13 0.079108
59 14 0.079108
59 15 0.079108
59 16 0.079108
59 17 0.079108
59 18 0.079108
59 19 0.079108
59 20 0.079108
59 21 0.079108
59 22 0.079108
59 23 0.079108
59 24 0.079108
59 25 0.079108
59 26 0.079108
59 27 0.079108
59 28 0.079108
59 29 0.079107
59 30 0.079107
59 31 0.079107
59 32 0.079107
59 33 0.079107
59 34 0.079107
59 35 0.079107
59 36 0.079107
59 37 0.079106
59 38 0.079106
59 39 0.079106
59 40 0.079106
59 41 0.079106
59 42 0.079106
59 43 0.079106
59 44 0.079106
59 45 0.079105
59 46 0.079105
59 47 0.079105
59 48 0.079105
59 49 0.079105
59 50 0.079105
59 51 0.079104
59 52 0.079104
59 53 0.079104
59 54 0.079104
59 55 0.079104
59 56 0.079104
59 57 0.079103
59 58 0.079103
59 59 0.079103
59 60 0.079103
59 61 0.079102
59 62 0.079102
59 63 0.079102
59 64 0.079102
59 65 0.079101
59 66 0.079101
59 67 0.079101
59 68 0.079100
59 69 0.079100
59 70 0.079100
59 71 0.079100
59 72 0.079099
59 73 0.079099
59 74 0.079099
59 75 0.079099
59 76 0.079099
59 77 0.079099
59 78 0.079099
59 79 0.079099
59 80 0.079099
59 81 0.079099
59 82 0.079099
59 83 0.079099
59 84 0.079099
59 85 0.079099
59 86 0.079099
59 87 0.079099
59 88 0.079100
59 89 0.079100
59 90 0.079101
59 91 0.079101
59 92 0.079102
59 93 0.079103
59 94 0.079103
59 95 0.079103
59 96 0.079103
59 97 0.079103
59 98 0.079101
59 99 0.079102

60 0 0.079101
60 1 0.079101
60 2 0.079103
60 3 0.079103
60 4 0.079104
60 5 0.079105
60 6 0.079104
60 7 0.079104
60 8 0.079104
60 9 0.079105
60 10 0.079105
60 11 0.079105
60 12 0.079105
60 13 0.079105
60 14 0.079105
60 15 0.079105
60 16 0.079105
60 17 0.079105
60 18 0.079105
60 19 0.079105
60 20 0.079105
60 21 0.079105
60 22 0.079105
60 23 0.079105
60 24 0.079104
60 25 0.079104
60 26 0.079104
60 27 0.079104
60 28 0.079103
60 29 0.079103
60 30 0.079103
60 31 0.079103
60 32 0.079102
60 33 0.079102
60 34 0.079102
60 35 0.079102
60 36 0.079101
60 37 0.079101
60 38 0.079101
60 39 0.079101
60 40 0.079100
60 41 0.079100
60 42 0.079100
60 43 0.079100
60 44 0.079099
60 45 0.079099
60 46 0.079099
60 47 0.079099
60 48 0.079099
60 49 0.079098
60 50 0.079098
60 51 0.079098
60 52 0.079098
60 53 0.079098
60 54 0.079097
60 55 0.079097
60 56 0.079097
60 57 0.079097
60 58 0.079097
60 59 0.079096
60 60 0.079096
60 61 0.079096
60 62 0.079096
60 63 0.079096
60 64 0.079095
60 65 0.079095
60 66 0.079095
60 67 0.079095
60 68 0.079094
60 69 0.079094
60 70 0.079094
60 71 0.079094
60 72 0.079094
60 73 0.079094
60 74 0.079093
60 75 0.079093
60 76 0.079093
60 77 0.079093
60 78 0.079093
60 79 0.079094
60 80 0.079094
60 81 0.079094
60 82 0.079094
60 83 0.079094
60 84 0.079094
60 85 0.079095
60 86 0.079095
60 87 0.079096
60 88 0.079096
60 89 0.079097
60 90 0.079098
60 91 0.079098
60 92 0.079099
60 93 0.079099
60 94 0.079099
60 95 0.079099
60 96 0.079099
60 97 0.079099
60 98 0.079098
60 99 0.079098

61 0 0.079100
61 1 0.079100
61 2 0.079101
61 3 0.079101
61 4 0.079102
61 5 0.079102
61 6 0.079103
61 7 0.079103
61 8 0.079104
61 9 0.079104
61 10 0.079104
61 11 0.079104
61 12 0.079105
61 13 0.079105
61 14 0.079105
61 15 0.079105
61 16 0.079105
61 17 0.079105
61 18 0.079105
61 19 0.079105
61 20 0.079105
61 21 0.079104
61 22 0.079104
61 23 0.079104
61 24 0.079104
61 25 0.079104
61 26 0.079104
61 27 0.079103
61 28 0.079103
61 29 0.079103
61 30 0.079103
61 31 0.079102
61 32 0.079102
61 33 0.079102
61 34 0.079102
61 35 0.079101
61 36 0.079101
61 37 0.079101
61 38 0.079101
61 39 0.079101
61 40 0.079100
61 41 0.079100
61 42 0.079100
61 43 0.079100
61 44 0.079100
61 45 0.079099
61 46 0.079099
61 47 0.079099
61 48 0.079099
61 49 0.079099
61 50 0.079098
61 51 0.079098
61 52 0.079098
61 53 0.079098
61 54 0.079098
61 55 0.079097
61 56 0.079097
61 57 0.079097
61 58 0.079097
61 59 0.079097
61 60 0.079096
61 61 0.079096
61 62 0.079096
61 63 0.079096
61 64 0.079095
61 65 0.079095
61 66 0.079095
61 67 0.079094
61 68 0.079094
61 69 0.079094
61 70 0.079094
61 71 0.079094
61 72 0.079093
61 73 0.079093
61 74 0.079093
61 75 0.079093
61 76 0.079093
61 77 0.079093
61 78 0.079093
61 79 0.079093
61 80 0.079093
61 81 0.079093
61 82 0.079093
61 83 0.079094
61 84 0.079094
61 85 0.079094
61 86 0.079095
61 87 0.079095
61 88 0.079096
61 89 0.079096
61 90 0.079097
61 91 0.079098
61 92 0.079098
61 93 0.079098
61 94 0.079098
61 95 0.079098
61 96 0.079098
61 97 0.079098
61 98 0.079097
61 99 0.079097

62 0 0.079099
62 1 0.079099
62 2 0.079100
62 3 0.079100
62 4 0.079101
62 5 0.079102
62 6 0.079102
62 7 0.079103
62 8 0.079103
62 9 0.079103
62 10 0.079104
62 11 0.079104
62 12 0.079104
62 13 0.079104
62 14 0.079104
62 15 0.079104
62 16 0.079104
62 17 0.079104
62 18 0.079104
62 19 0.079104
62 20 0.079104
62 21 0.079104
62 22 0.079104
62 23 0.079104
62 24 0.079104
62 25 0.079103
62 26 0.079103
62 27 0.079103
62 28 0.079103
62 29 0.079103
62 30 0.079102
62 31 0.079102
62 32 0.079102
62 33 0.079102
62 34 0.079102
62 35 0.079102
62 36 0.079101
62 37 0.079101
62 38 0.079101
62 39 0.079101
62 40 0.079101
62 41 0.079100
62 42 0.079100
62 43 0.079100
62 44 0.079100
62 45 0.079100
62 46 0.079099
62 47 0.079099
62 48 0.079099
62 49 0.079099
62 50 0.079099
62 51 0.079098
62 52 0.079098
62 53 0.079098
62 54 0.079098
62 55 0.079098
62 56 0.079097
62 57 0.079097
62 58 0.079097
62 59 0.079097
62 60 0.079097
62 61 0.079096
62 62 0.079096
62 63 0.079096
62 64 0.079095
62 65 0.079095
62 66 0.079095
62 67 0.079095
62 68 0.079094
62 69 0.079094
62 70 0.079094
62 71 0.079094
62 72 0.079093
62 73 0.079093
62 74 0.079093
62 75 0.079093
62 76 0.079093
62 77 0.079093
62 78 0.079093
62 79 0.079093
62 80 0.079093
62 81 0.079093
62 82 0.079093
62 83 0.079093
62 84 0.079094
62 85 0.079094
62 86 0.079094
62 87 0.079095
62 88 0.079096
62 89 0.079096
62 90 0.079097
62 91 0.079097
62 92 0.079098
62 93 0.079098
62 94 0.079098
62 95 0.079098
62 96 0.079097
62 97 0.079097
62 98 0.079096
62 99 0.079096

63 0 0.079098
63 1 0.079098
63 2 0.079099
63 3 0.079099
63 4 0.079100
63 5 0.079101
63 6 0.079102
63 7 0.079102
63 8 0.079102
63 9 0.079103
63 10 0.079103
63 11 0.079103
63 12 0.079103
63 13 0.079103
63 14 0.079103
63 15 0.079104
63 16 0.079104
63 17 0.079104
63 18 0.079104
63 19 0.079104
63 20 0.079104
63 21 0.079103
63 22 0.079103
63 23 0.079103
63 24 0.079103
63 25 0.079103
63 26 0.079103
63 27 0.079103
63 28 0.079103
63 29 0.079103
63 30 0.079102
63 31 0.079102
63 32 0.079102
63 33 0.079102
63 34 0.079102
63 35 0.079102
63 36 0.079101
63 37 0.079101
63 38 0.079101
63 39 0.079101
63 40 0.079101
63 41 0.079101
63 42 0.079100
63 43 0.079100
63 44 0.079100
63 45 0.079100
63 46 0.079100
63 47 0.079100
63 48 0.079099
63 49 0.079099
63 50 0.079099
63 51 0.079099
63 52 0.079099
63 53 0.079098
63 54 0.079098
63 55 0.079098
63 56 0.079098
63 57 0.079098
63 58 0.079097
63 59 0.079097
63 60 0.079097
63 61 0.079097
63 62 0.079096
63 63 0.079096
63 64 0.079096
63 65 0.079095
63 66 0.079095
63 67 0.079095
63 68 0.079094
63 69 0.079094
63 70 0.079094
63 71 0.079094
63 72 0.079093
63 73 0.079093
63 74 0.079093
63 75 0.079093
63 76 0.079093
63 77 0.079093
63 78 0.079093
63 79 0.079093
63 80 0.079093
63 81 0.079093
63 82 0.079093
63 83 0.079093
63 84 0.079093
63 85 0.079094
63 86 0.079094
63 87 0.079095
63 88 0.079095
63 89 0.079096
63 90 0.079096
63 91 0.079097
63 92 0.079097
63 93 0.079097
63 94 0.079097
63 95 0.079097
63 96 0.079096
63 97 0.079096
63 98 0.079095
63 99 0.079095

64 0 0.079097
64 1 0.079097
64 2 0.079099
64 3 0.079099
64 4 0.079100
64 5 0.079100
64 6 0.079101
64 7 0.079101
64 8 0.079102
64 9 0.079102
64 10 0.079102
64 11 0.079103
64 12 0.079103
64 13 0.079103
64 14 0.079103
64 15 0.079103
64 16 0.079103
64 17 0.079103
64 18 0.079103
64 19 0.079103
64 20 0.079103
64 21 0.079103
64 22 0.079103
64 23 0.079103
64 24 0.079103
64 25 0.079103
64 26 0.079103
64 27 0.079103
64 28 0.079103
64 29 0.079102
64 30 0.079102
64 31 0.079102
64 32 0.079102
64 33 0.079102
64 34 0.079102
64 35 0.079102
64 36 0.079102
64 37 0.079102
64 38 0.079101
64 39 0.079101
64 40 0.079101
64 41 0.079101
64 42 0.079101
64 43 0.079101
64 44 0.079101
64 45 0.079100
64 46 0.079100
64 47 0.079100
64 48 0.079100
64 49 0.079100
64 50 0.079100
64 51 0.079099
64 52 0.079099
64 53 0.079099
64 54 0.079099
64 55 0.079099
64 56 0.079098
64 57 0.079098
64 58 0.079098
64 59 0.079098
64 60 0.079097
64 61 0.079097
64 62 0.079097
64 63 0.079096
64 64 0.079096
64 65 0.079096
64 66 0.079095
64 67 0.079095
64 68 0.079095
64 69 0.079094
64 70 0.079094
64 71 0.079094
64 72 0.079094
64 73 0.079093
64 74 0.079093
64 75 0.079093
64 76 0.079093
64 77 0.079093
64 78 0.079093
64 79 0.079093
64 80 0.079093
64 81 0.079093
64 82 0.079093
64 83 0.079093
64 84 0.079093
64 85 0.079094
64 86 0.079094
64 87 0.079095
64 88 0.079095
64 89 0.079096
64 90 0.079096
64 91 0.079097
64 92 0.079097
64 93 0.079097
64 94 0.079097
64 95 0.079096
64 96 0.079096
64 97 0.079096
64 98 0.079094
64 99 0.079094

65 0 0.079096
65 1 0.079096
65 2 0.079098
65 3 0.079098
65 4 0.079099
65 5 0.079100
65 6 0.079100
65 7 0.079101
65 8 0.079101
65 9 0.079102
65 10 0.079102
65 11 0.079102
65 12 0.079102
65 13 0.079102
65 14 0.079102
65 15 0.079102
65 16 0.079102
65 17 0.079102
65 18 0.079102
65 19 0.079102
65 20 0.079103
65 21 0.079103
65 22 0.079103
65 23 0.079103
65 24 0.079103
65 25 0.079103
65 26 0.079103
65 27 0.079102
65 28 0.079102
65 29 0.079102
65 30 0.079102
65 31 0.079102
65 32 0.079102
65 33 0.079102
65 34 0.079102
65 35 0.079102
65 36 0.079102
65 37 0.079102
65 38 0.079102
65 39 0.079102
65 40 0.079102
65 41 0.079101
65 42 0.079101
65 43 0.079101
65 44 0.079101
65 45 0.079101
65 46 0.079101
65 47 0.079101
65 48 0.079100
65 49 0.079100
65 50 0.079100
65 51 0.079100
65 52 0.079100
65 53 0.079100
65 54 0.079099
65 55 0.079099
65 56 0.079099
65 57 0.079099
65 58 0.079098
65 59 0.079098
65 60 0.079098
65 61 0.079097
65 62 0.079097
65 63 0.079097
65 64 0.079096
65 65 0.079096
65 66 0.079096
65 67 0.079095
65 68 0.079095
65 69 0.079095
65 70 0.079094
65 71 0.079094
65 72 0.079094
65 73 0.079094
65 74 0.079093
65 75 0.079093
65 76 0.079093
65 77 0.079093
65 78 0.079093
65 79 0.079093
65 80 0.079093
65 81 0.079093
65 82 0.079093
65 83 0.079093
65 84 0.079093
65 85 0.079094
65 86 0.079094
65 87 0.079095
65 88 0.079095
65 89 0.079096
65 90 0.079096
65 91 0.079097
65 92 0.079097
65 93 0.079097
65 94 0.079096
65 95 0.079096
65 96 0.079095
65 97 0.079095
65 98 0.079093
65 99 0.079094

66 0 0.079095
66 1 0.079095
66 2 0.079097
66 3 0.079097
66 4 0.079098
66 5 0.079099
66 6 0.079100
66 7 0.079100
66 8 0.079101
66 9 0.079101
66 10 0.079101
66 11 0.079101
66 12 0.079102
66 13 0.079102
66 14 0.079102
66 15 0.079102
66 16 0.079102
66 17 0.079102
66 18 0.079102
66 19 0.079102
66 20 0.079102
66 21 0.079102
66 22 0.079102
66 23 0.079102
66 24 0.079102
66 25 0.079102
66 26 0.079102
66 27 0.079102
66 28 0.079102
66 29 0.079102
66 30 0.079102
66 31 0.079102
66 32 0.079102
66 33 0.079102
66 34 0.079102
66 35 0.079102
66 36 0.079102
66 37 0.079102
66 38 0.079102
66 39 0.079102
66 40 0.079102
66 41 0.079102
66 42 0.079102
66 43 0.079102
66 44 0.079102
66 45 0.079102
66 46 0.079101
66 47 0.079101
66 48 0.079101
66 49 0.079101
66 50 0.079101
66 51 0.079101
66 52 0.079100
66 53 0.079100
66 54 0.079100
66 55 0.079100
66 56 0.079100
66 57 0.079099
66 58 0.079099
66 59 0.079099
66 60 0.079098
66 61 0.079098
66 62 0.079098
66 63 0.079097
66 64 0.079097
66 65 0.079097
66 66 0.079096
66 67 0.079096
66 68 0.079096
66 69 0.079095
66 70 0.079095
66 71 0.079095
66 72 0.079094
66 73 0.079094
66 74 0.079094
66 75 0.079094
66 76 0.079094
66 77 0.079093
66 78 0.079093
66 79 0.079093
66 80 0.079093
66 81 0.079093
66 82 0.079093
66 83 0.079093
66 84 0.079094
66 85 0.079094
66 86 0.079095
66 87 0.079095
66 88 0.079096
66 89 0.079096
66 90 0.079096
66 91 0.079097
66 92 0.079097
66 93 0.079096
66 94 0.079096
66 95 0.079095
66 96 0.079094
66 97 0.079094
66 98 0.079093
66 99 0.079093

67 0 0.079094
67 1 0.079094
67 2 0.079097
67 3 0.079097
67 4 0.079098
67 5 0.079098
67 6 0.079099
67 7 0.079100
67 8 0.079100
67 9 0.079101
67 10 0.079101
67 11 0.079101
67 12 0.079101
67 13 0.079101
67 14 0.079101
67 15 0.079101
67 16 0.079101
67 17 0.079101
67 18 0.079102
67 19 0.079102
67 20 0.079102
67 21 0.079102
67 22 0.079102
67 23 0.079102
67 24 0.079102
67 25 0.079102
67 26 0.079102
67 27 0.079102
67 28 0.079103
67 29 0.079103
67 30 0.079103
67 31 0.079103
67 32 0.079103
67 33 0.079103
67 34 0.079103
67 35 0.079103
67 36 0.079103
67 37 0.079103
67 38 0.079103
67 39 0.079103
67 40 0.079103
67 41 0.079103
67 42 0.079102
67 43 0.079102
67 44 0.079102
67 45 0.079102
67 46 0.079102
67 47 0.079102
67 48 0.079102
67 49 0.079102
67 50 0.079102
67 51 0.079101
67 52 0.079101
67 53 0.079101
67 54 0.079101
67 55 0.079101
67 56 0.079100
67 57 0.079100
67 58 0.079100
67 59 0.079100
67 60 0.079099
67 61 0.079099
67 62 0.079099
67 63 0.079098
67 64 0.079098
67 65 0.079097
67 66 0.079097
67 67 0.079097
67 68 0.079096
67 69 0.079096
67 70 0.079096
67 71 0.079095
67 72 0.079095
67 73 0.079095
67 74 0.079095
67 75 0.079094
67 76 0.079094
67 77 0.079094
67 78 0.079094
67 79 0.079094
67 80 0.079094
67 81 0.079094
67 82 0.079094
67 83 0.079094
67 84 0.079094
67 85 0.079094
67 86 0.079095
67 87 0.079095
67 88 0.079096
67 89 0.079096
67 90 0.079097
67 91 0.079097
67 92 0.079097
67 93 0.079096
67 94 0.079096
67 95 0.079095
67 96 0.079094
67 97 0.079094
67 98 0.079092
67 99 0.079092

68 0 0.079094
68 1 0.079094
68 2 0.079096
68 3 0.079096
68 4 0.079097
68 5 0.079098
68 6 0.079099
68 7 0.079100
68 8 0.079100
68 9 0.079100
68 10 0.079101
68 11 0.079101
68 12 0.079101
68 13 0.079101
68 14 0.079101
68 15 0.079101
68 16 0.079101
68 17 0.079101
68 18 0.079101
68 19 0.079101
68 20 0.079102
68 21 0.079102
68 22 0.079102
68 23 0.079102
68 24 0.079102
68 25 0.079102
68 26 0.079102
68 27 0.079103
68 28 0.079103
68 29 0.079103
68 30 0.079103
68 31 0.079103
68 32 0.079103
68 33 0.079103
68 34 0.079103
68 35 0.079103
68 36 0.079103
68 37 0.079103
68 38 0.079103
68 39 0.079103
68 40 0.079103
68 41 0.079103
68 42 0.079103
68 43 0.079103
68 44 0.079103
68 45 0.079103
68 46 0.079103
68 47 0.079103
68 48 0.079103
68 49 0.079102
68 50 0.079102
68 51 0.079102
68 52 0.079102
68 53 0.079102
68 54 0.079102
68 55 0.079101
68 56 0.079101
68 57 0.079101
68 58 0.079101
68 59 0.079100
68 60 0.079100
68 61 0.079100
68 62 0.079099
68 63 0.079099
68 64 0.079099
68 65 0.079098
68 66 0.079098
68 67 0.079097
68 68 0.079097
68 69 0.079097
68 70 0.079096
68 71 0.079096
68 72 0.079096
68 73 0.079096
68 74 0.079095
68 75 0.079095
68 76 0.079095
68 77 0.079095
68 78 0.079095
68 79 0.079094
68 80 0.079094
68 81 0.079094
68 82 0.079094
68 83 0.079094
68 84 0.079095
68 85 0.079095
68 86 0.079095
68 87 0.079096
68 88 0.079096
68 89 0.079097
68 90 0.079097
68 91 0.079097
68 92 0.079097
68 93 0.079096
68 94 0.079096
68 95 0.079095
68 96 0.079093
68 97 0.079093
68 98 0.079091
68 99 0.079091

69 0 0.079093
69 1 0.079093
69 2 0.079096
69 3 0.079096
69 4 0.079097
69 5 0.079098
69 6 0.079099
69 7 0.079099
69 8 0.079100
69 9 0.079100
69 10 0.079100
69 11 0.079101
69 12 0.079101
69 13 0.079101
69 14 0.079101
69 15 0.079101
69 16 0.079101
69 17 0.079101
69 18 0.079101
69 19 0.079101
69 20 0.079101
69 21 0.079102
69 22 0.079102
69 23 0.079102
69 24 0.079102
69 25 0.079102
69 26 0.079103
69 27 0.079103
69 28 0.079103
69 29 0.079103
69 30 0.079103
69 31 0.079103
69 32 0.079103
69 33 0.079103
69 34 0.079104
69 35 0.079104
69 36 0.079104
69 37 0.079104
69 38 0.079104
69 39 0.079104
69 40 0.079104
69 41 0.079104
69 42 0.079104
69 43 0.079104
69 44 0.079104
69 45 0.079104
69 46 0.079103
69 47 0.079103
69 48 0.079103
69 49 0.079103
69 50 0.079103
69 51 0.079103
69 52 0.079103
69 53 0.079103
69 54 0.079102
69 55 0.079102
69 56 0.079102
69 57 0.079102
69 58 0.079102
69 59 0.079101
69 60 0.079101
69 61 0.079101
69 62 0.079100
69 63 0.079100
69 64 0.079099
69 65 0.079099
69 66 0.079099
69 67 0.079098
69 68 0.079098
69 69 0.079097
69 70 0.079097
69 71 0.079097
69 72 0.079097
69 73 0.079096
69 74 0.079096
69 75 0.079096
69 76 0.079096
69 77 0.079096
69 78 0.079095
69 79 0.079095
69 80 0.079095
69 81 0.079095
69 82 0.079095
69 83 0.079095
69 84 0.079095
69 85 0.079096
69 86 0.079096
69 87 0.079096
69 88 0.079097
69 89 0.079097
69 90 0.079097
69 91 0.079097
69 92 0.079097
69 93 0.079096
69 94 0.079095
69 95 0.079095
69 96 0.079093
69 97 0.079093
69 98 0.079091
69 99 0.079091

70 0 0.079093
70 1 0.079093
70 2 0.079096
70 3 0.079096
70 4 0.079097
70 5 0.079098
70 6 0.079099
70 7 0.079099
70 8 0.079100
70 9 0.079100
70 10 0.079100
70 11 0.079100
70 12 0.079101
70 13 0.079101
70 14 0.079101
70 15 0.079101
70 16 0.079101
70 17 0.079101
70 18 0.079101
70 19 0.079101
70 20 0.079101
70 21 0.079102
70 22 0.079102
70 23 0.079102
70 24 0.079102
70 25 0.079103
70 26 0.079103
70 27 0.079103
70 28 0.079103
70 29 0.079103
70 30 0.079104
70 31 0.079104
70 32 0.079104
70 33 0.079104
70 34 0.079104
70 35 0.079104
70 36 0.079104
70 37 0.079104
70 38 0.079104
70 39 0.079104
70 40 0.079104
70 41 0.079104
70 42 0.079104
70 43 0.079104
70 44 0.079104
70 45 0.079104
70 46 0.079104
70 47 0.079104
70 48 0.079104
70 49 0.079104
70 50 0.079104
70 51 0.079104
70 52 0.079104
70 53 0.079103
70 54 0.079103
70 55 0.079103
70 56 0.079103
70 57 0.079103
70 58 0.079102
70 59 0.079102
70 60 0.079102
70 61 0.079101
70 62 0.079101
70 63 0.079101
70 64 0.079100
70 65 0.079100
70 66 0.079099
70 67 0.079099
70 68 0.079099
70 69 0.079098
70 70 0.079098
70 71 0.079098
70 72 0.079098
70 73 0.079097
70 74 0.079097
70 75 0.079097
70 76 0.079097
70 77 0.079096
70 78 0.079096
70 79 0.079096
70 80 0.079096
70 81 0.079096
70 82 0.079096
70 83 0.079096
70 84 0.079096
70 85 0.079096
70 86 0.079097
70 87 0.079097
70 88 0.079097
70 89 0.079098
70 90 0.079098
70 91 0.079098
70 92 0.079097
70 93 0.079097
70 94 0.079095
70 95 0.079095
70 96 0.079093
70 97 0.079093
70 98 0.079091
70 99 0.079091

71 0 0.079093
71 1 0.079093
71 2 0.079096
71 3 0.079096
71 4 0.079097
71 5 0.079098
71 6 0.079099
71 7 0.079099
71 8 0.079100
71 9 0.079100
71 10 0.079100
71 11 0.079101
71 12 0.079101
71 13 0.079101
71 14 0.079101
71 15 0.079101
71 16 0.079101
71 17 0.079101
71 18 0.079101
71 19 0.079101
71 20 0.079102
71 21 0.079102
71 22 0.079102
71 23 0.079102
71 24 0.079103
71 25 0.079103
71 26 0.079103
71 27 0.079103
71 28 0.079104
71 29 0.079104
71 30 0.079104
71 31 0.079104
71 32 0.079104
71 33 0.079104
71 34 0.079104
71 35 0.079105
71 36 0.079105
71 37 0.079105
71 38 0.079105
71 39 0.079105
71 40 0.079105
71 41 0.079105
71 42 0.079105
71 43 0.079105
71 44 0.079105
71 45 0.079105
71 46 0.079105
71 47 0.079105
71 48 0.079105
71 49 0.079105
71 50 0.079105
71 51 0.079104
71 52 0.079104
71 53 0.079104
71 54 0.079104
71 55 0.079104
71 56 0.079104
71 57 0.079104
71 58 0.079103
71 59 0.079103
71 60 0.079103
71 61 0.079102
71 62 0.079102
71 63 0.079102
71 64 0.079101
71 65 0.079101
71 66 0.079100
71 67 0.079100
71 68 0.079100
71 69 0.079099
71 70 0.079099
71 71 0.079099
71 72 0.079099
71 73 0.079098
71 74 0.079098
71 75 0.079098
71 76 0.079098
71 77 0.079097
71 78 0.079097
71 79 0.079097
71 80 0.079097
71 81 0.079096
71 82 0.079096
71 83 0.079096
71 84 0.079097
71 85 0.079097
71 86 0.079097
71 87 0.079098
71 88 0.079098
71 89 0.079098
71 90 0.079098
71 91 0.079098
71 92 0.079097
71 93 0.079097
71 94 0.079095
71 95 0.079094
71 96 0.079093
71 97 0.079093
71 98 0.079090
71 99 0.079090

72 0 0.079093
72 1 0.079093
72 2 0.079096
72 3 0.079096
72 4 0.079097
72 5 0.079098
72 6 0.079099
72 7 0.079100
72 8 0.079100
72 9 0.079100
72 10 0.079101
72 11 0.079101
72 12 0.079101
72 13 0.079101
72 14 0.079101
72 15 0.079101
72 16 0.079101
72 17 0.079101
72 18 0.079101
72 19 0.079101
72 20 0.079102
72 21 0.079102
72 22 0.079102
72 23 0.079103
72 24 0.079103
72 25 0.079103
72 26 0.079104
72 27 0.079104
72 28 0.079104
72 29 0.079104
72 30 0.079104
72 31 0.079105
72 32 0.079105
72 33 0.079105
72 34 0.079105
72 35 0.079105
72 36 0.079105
72 37 0.079105
72 38 0.079105
72 39 0.079105
72 40 0.079105
72 41 0.079105
72 42 0.079105
72 43 0.079105
72 44 0.079105
72 45 0.079105
72 46 0.079105
72 47 0.079105
72 48 0.079105
72 49 0.079105
72 50 0.079105
72 51 0.079105
72 52 0.079105
72 53 0.079105
72 54 0.079105
72 55 0.079105
72 56 0.079105
72 57 0.079104
72 58 0.079104
72 59 0.079104
72 60 0.079103
72 61 0.079103
72 62 0.079103
72 63 0.079102
72 64 0.079102
72 65 0.079102
72 66 0.079101
72 67 0.079101
72 68 0.079101
72 69 0.079100
72 70 0.079100
72 71 0.079100
72 72 0.079099
72 73 0.079099
72 74 0.079099
72 75 0.079099
72 76 0.079099
72 77 0.079098
72 78 0.079098
72 79 0.079098
72 80 0.079097
72 81 0.079097
72 82 0.079097
72 83 0.079097
72 84 0.079097
72 85 0.079097
72 86 0.079098
72 87 0.079098
72 88 0.079098
72 89 0.079099
72 90 0.079099
72 91 0.079098
72 92 0.079098
72 93 0.079097
72 94 0.079096
72 95 0.079095
72 96 0.079093
72 97 0.079093
72 98 0.079090
72 99 0.079090

73 0 0.079094
73 1 0.079094
73 2 0.079096
73 3 0.079096
73 4 0.079098
73 5 0.079098
73 6 0.079099
73 7 0.079100
73 8 0.079100
73 9 0.079101
73 10 0.079101
73 11 0.079101
73 12 0.079101
73 13 0.079101
73 14 0.079101
73 15 0.079101
73 16 0.079101
73 17 0.079101
73 18 0.079101
73 19 0.079101
73 20 0.079102
73 21 0.079102
73 22 0.079103
73 23 0.079103
73 24 0.079103
73 25 0.079104
73 26 0.079104
73 27 0.079104
73 28 0.079104
73 29 0.079105
73 30 0.079105
73 31 0.079105
73 32 0.079105
73 33 0.079105
73 34 0.079105
73 35 0.079105
73 36 0.079105
73 37 0.079106
73 38 0.079106
73 39 0.079106
73 40 0.079106
73 41 0.079106
73 42 0.079106
73 43 0.079106
73 44 0.079106
73 45 0.079106
73 46 0.079106
73 47 0.079106
73 48 0.079106
73 49 0.079106
73 50 0.079106
73 51 0.079106
73 52 0.079106
73 53 0.079106
73 54 0.079106
73 55 0.079105
73 56 0.079105
73 57 0.079105
73 58 0.079105
73 59 0.079105
73 60 0.079104
73 61 0.079104
73 62 0.079104
73 63 0.079103
73 64 0.079103
73 65 0.079102
73 66 0.079102
73 67 0.079102
73 68 0.079101
73 69 0.079101
73 70 0.079101
73 71 0.079101
73 72 0.079100
73 73 0.079100
73 74 0.079100
73 75 0.079100
73 76 0.079099
73 77 0.079099
73 78 0.079099
73 79 0.079098
73 80 0.079098
73 81 0.079098
73 82 0.079098
73 83 0.079098
73 84 0.079098
73 85 0.079098
73 86 0.079098
73 87 0.079099
73 88 0.079099
73 89 0.079099
73 90 0.079099
73 91 0.079098
73 92 0.079098
73 93 0.079097
73 94 0.079096
73 95 0.079095
73 96 0.079093
73 97 0.079093
73 98 0.079091
73 99 0.079090

74 0 0.079094
74 1 0.079094
74 2 0.079097
74 3 0.079096
74 4 0.079098
74 5 0.079099
74 6 0.079100
74 7 0.079100
74 8 0.079101
74 9 0.079101
74 10 0.079101
74 11 0.079101
74 12 0.079101
74 13 0.079101
74 14 0.079101
74 15 0.079101
74 16 0.079101
74 17 0.079101
74 18 0.079101
74 19 0.079102
74 20 0.079102
74 21 0.079102
74 22 0.079103
74 23 0.079103
74 24 0.079104
74 25 0.079104
74 26 0.079104
74 27 0.079105
74 28 0.079105
74 29 0.079105
74 30 0.079105
74 31 0.079105
74 32 0.079106
74 33 0.079106
74 34 0.079106
74 35 0.079106
74 36 0.079106
74 37 0.079106
74 38 0.079106
74 39 0.079104
74 40 0.079104
74 41 0.079104
74 42 0.079104
74 43 0.079104
74 44 0.079104
74 45 0.079104
74 46 0.079104
74 47 0.079104
74 48 0.079104
74 49 0.079104
74 50 0.079104
74 51 0.079104
74 52 0.079104
74 53 0.079104
74 54 0.079104
74 55 0.079104
74 56 0.079104
74 57 0.079104
74 58 0.079104
74 59 0.079103
74 60 0.079103
74 61 0.079103
74 62 0.079103
74 63 0.079102
74 64 0.079102
74 65 0.079102
74 66 0.079101
74 67 0.079101
74 68 0.079101
74 69 0.079101
74 70 0.079101
74 71 0.079100
74 72 0.079100
74 73 0.079100
74 74 0.079100
74 75 0.079099
74 76 0.079099
74 77 0.079099
74 78 0.079098
74 79 0.079098
74 80 0.079098
74 81 0.079098
74 82 0.079098
74 83 0.079098
74 84 0.079098
74 85 0.079098
74 86 0.079098
74 87 0.079098
74 88 0.079098
74 89 0.079098
74 90 0.079098
74 91 0.079097
74 92 0.079097
74 93 0.079096
74 94 0.079095
74 95 0.079095
74 96 0.079093
74 97 0.079094
74 98 0.079093
74 99 0.079093

75 0 0.079096
75 1 0.079096
75 2 0.079098
75 3 0.079097
75 4 0.079098
75 5 0.079099
75 6 0.079099
75 7 0.079100
75 8 0.079100
75 9 0.079100
75 10 0.079100
75 11 0.079101
75 12 0.079101
75 13 0.079101
75 14 0.079101
75 15 0.079101
75 16 0.079101
75 17 0.079101
75 18 0.079101
75 19 0.079101
75 20 0.079102
75 21 0.079102
75 22 0.079102
75 23 0.079102
75 24 0.079103
75 25 0.079103
75 26 0.079103
75 27 0.079104
75 28 0.079104
75 29 0.079104
75 30 0.079104
75 31 0.079104
75 32 0.079104
75 33 0.079104
75 34 0.079105
75 35 0.079105
75 36 0.079105
75 37 0.079105
75 38 0.079105
75 39 0.079105
75 40 0.079105
75 41 0.079105
75 42 0.079105
75 43 0.079105
75 44 0.079105
75 45 0.079105
75 46 0.079105
75 47 0.079105
75 48 0.079105
75 49 0.079105
75 50 0.079105
75 51 0.079105
75 52 0.079105
75 53 0.079105
75 54 0.079105
75 55 0.079105
75 56 0.079105
75 57 0.079105
75 58 0.079105
75 59 0.079104
75 60 0.079104
75 61 0.079104
75 62 0.079104
75 63 0.079103
75 64 0.079103
75 65 0.079103
75 66 0.079102
75 67 0.079102
75 68 0.079102
75 69 0.079102
75 70 0.079101
75 71 0.079101
75 72 0.079101
75 73 0.079101
75 74 0.079100
75 75 0.079100
75 76 0.079100
75 77 0.079099
75 78 0.079099
75 79 0.079099
75 80 0.079099
75 81 0.079099
75 82 0.079098
75 83 0.079099
75 84 0.079099
75 85 0.079099
75 86 0.079099
75 87 0.079099
75 88 0.079099
75 89 0.079098
75 90 0.079098
75 91 0.079098
75 92 0.079097
75 93 0.079096
75 94 0.079095
75 95 0.079095
75 96 0.079094
75 97 0.079094
75 98 0.079093
75 99 0.079093

76 0 0.079097
76 1 0.079097
76 2 0.079098
76 3 0.079098
76 4 0.079099
76 5 0.079099
76 6 0.079099
76 7 0.079100
76 8 0.079100
76 9 0.079100
76 10 0.079101
76 11 0.079101
76 12 0.079101
76 13 0.079101
76 14 0.079101
76 15 0.079101
76 16 0.079101
76 17 0.079101
76 18 0.079101
76 19 0.079101
76 20 0.079102
76 21 0.079102
76 22 0.079102
76 23 0.079103
76 24 0.079103
76 25 0.079103
76 26 0.079104
76 27 0.079104
76 28 0.079104
76 29 0.079104
76 30 0.079105
76 31 0.079105
76 32 0.079105
76 33 0.079105
76 34 0.079105
76 35 0.079105
76 36 0.079105
76 37 0.079105
76 38 0.079105
76 39 0.079105
76 40 0.079105
76 41 0.079106
76 42 0.079106
76 43 0.079106
76 44 0.079106
76 45 0.079106
76 46 0.079106
76 47 0.079106
76 48 0.079106
76 49 0.079106
76 50 0.079106
76 51 0.079106
76 52 0.079106
76 53 0.079106
76 54 0.079106
76 55 0.079106
76 56 0.079106
76 57 0.079106
76 58 0.079105
76 59 0.079105
76 60 0.079105
76 61 0.079105
76 62 0.079104
76 63 0.079104
76 64 0.079104
76 65 0.079104
76 66 0.079103
76 67 0.079103
76 68 0.079103
76 69 0.079103
76 70 0.079102
76 71 0.079102
76 72 0.079102
76 73 0.079102
76 74 0.079101
76 75 0.079101
76 76 0.079101
76 77 0.079100
76 78 0.079100
76 79 0.079099
76 80 0.079099
76 81 0.079099
76 82 0.079099
76 83 0.079099
76 84 0.079099
76 85 0.079099
76 86 0.079099
76 87 0.079099
76 88 0.079099
76 89 0.079099
76 90 0.079098
76 91 0.079098
76 92 0.079097
76 93 0.079096
76 94 0.079095
76 95 0.079095
76 96 0.079094
76 97 0.079095
76 98 0.079094
76 99 0.079093

77 0 0.079097
77 1 0.079097
77 2 0.079098
77 3 0.079098
77 4 0.079099
77 5 0.079099
77 6 0.079100
77 7 0.079100
77 8 0.079100
77 9 0.079100
77 10 0.079101
77 11 0.079101
77 12 0.079101
77 13 0.079101
77 14 0.079101
77 15 0.079101
77 16 0.079101
77 17 0.079101
77 18 0.079101
77 19 0.079102
77 20 0.079102
77 21 0.079102
77 22 0.079103
77 23 0.079103
77 24 0.079103
77 25 0.079104
77 26 0.079104
77 27 0.079104
77 28 0.079105
77 29 0.079105
77 30 0.079105
77 31 0.079105
77 32 0.079105
77 33 0.079105
77 34 0.079106
77 35 0.079106
77 36 0.079106
77 37 0.079106
77 38 0.079106
77 39 0.079106
77 40 0.079106
77 41 0.079106
77 42 0.079106
77 43 0.079106
77 44 0.079106
77 45 0.079106
77 46 0.079107
77 47 0.079107
77 48 0.079107
77 49 0.079107
77 50 0.079107
77 51 0.079107
77 52 0.079107
77 53 0.079107
77 54 0.079107
77 55 0.079107
77 56 0.079107
77 57 0.079106
77 58 0.079106
77 59 0.079106
77 60 0.079106
77 61 0.079106
77 62 0.079105
77 63 0.079105
77 64 0.079105
77 65 0.079104
77 66 0.079104
77 67 0.079104
77 68 0.079104
77 69 0.079103
77 70 0.079103
77 71 0.079103
77 72 0.079103
77 73 0.079102
77 74 0.079102
77 75 0.079102
77 76 0.079101
77 77 0.079101
77 78 0.079100
77 79 0.079100
77 80 0.079100
77 81 0.079099
77 82 0.079099
77 83 0.079099
77 84 0.079099
77 85 0.079099
77 86 0.079099
77 87 0.079099
77 88 0.079099
77 89 0.079099
77 90 0.079098
77 91 0.079098
77 92 0.079097
77 93 0.079097
77 94 0.079096
77 95 0.079095
77 96 0.079094
77 97 0.079095
77 98 0.079094
77 99 0.079094

78 0 0.079097
78 1 0.079098
78 2 0.079099
78 3 0.079098
78 4 0.079099
78 5 0.079099
78 6 0.079100
78 7 0.079100
78 8 0.079100
78 9 0.079101
78 10 0.079101
78 11 0.079101
78 12 0.079101
78 13 0.079101
78 14 0.079101
78 15 0.079101
78 16 0.079101
78 17 0.079101
78 18 0.079101
78 19 0.079102
78 20 0.079102
78 21 0.079102
78 22 0.079103
78 23 0.079103
78 24 0.079104
78 25 0.079104
78 26 0.079104
78 27 0.079105
78 28 0.079105
78 29 0.079105
78 30 0.079105
78 31 0.079106
78 32 0.079106
78 33 0.079106
78 34 0.079106
78 35 0.079106
78 36 0.079106
78 37 0.079106
78 38 0.079107
78 39 0.079107
78 40 0.079107
78 41 0.079107
78 42 0.079107
78 43 0.079107
78 44 0.079107
78 45 0.079107
78 46 0.079107
78 47 0.079107
78 48 0.079107
78 49 0.079108
78 50 0.079108
78 51 0.079108
78 52 0.079108
78 53 0.079108
78 54 0.079108
78 55 0.079108
78 56 0.079107
78 57 0.079107
78 58 0.079107
78 59 0.079107
78 60 0.079107
78 61 0.079106
78 62 0.079106
78 63 0.079106
78 64 0.079106
78 65 0.079105
78 66 0.079105
78 67 0.079105
78 68 0.079105
78 69 0.079104
78 70 0.079104
78 71 0.079104
78 72 0.079103
78 73 0.079103
78 74 0.079103
78 75 0.079102
78 76 0.079102
78 77 0.079101
78 78 0.079101
78 79 0.079100
78 80 0.079100
78 81 0.079100
78 82 0.079100
78 83 0.079099
78 84 0.079099
78 85 0.079099
78 86 0.079099
78 87 0.079099
78 88 0.079099
78 89 0.079099
78 90 0.079099
78 91 0.079098
78 92 0.079097
78 93 0.079097
78 94 0.079096
78 95 0.079096
78 96 0.079095
78 97 0.079095
78 98 0.079094
78 99 0.079094

79 0 0.079098
79 1 0.079098
79 2 0.079099
79 3 0.079098
79 4 0.079099
79 5 0.079099
79 6 0.079100
79 7 0.079100
79 8 0.079100
79 9 0.079101
79 10 0.079101
79 11 0.079101
79 12 0.079101
79 13 0.079101
79 14 0.079101
79 15 0.079101
79 16 0.079101
79 17 0.079101
79 18 0.079102
79 19 0.079102
79 20 0.079102
79 21 0.079103
79 22 0.079103
79 23 0.079103
79 24 0.079104
79 25 0.079104
79 26 0.079105
79 27 0.079105
79 28 0.079105
79 29 0.079106
79 30 0.079106
79 31 0.079106
79 32 0.079106
79 33 0.079106
79 34 0.079107
79 35 0.079107
79 36 0.079107
79 37 0.079107
79 38 0.079107
79 39 0.079107
79 40 0.079107
79 41 0.079107
79 42 0.079108
79 43 0.079108
79 44 0.079108
79 45 0.079108
79 46 0.079108
79 47 0.079108
79 48 0.079108
79 49 0.079108
79 50 0.079108
79 51 0.079108
79 52 0.079108
79 53 0.079108
79 54 0.079108
79 55 0.079108
79 56 0.079108
79 57 0.079108
79 58 0.079108
79 59 0.079108
79 60 0.079107
79 61 0.079107
79 62 0.079107
79 63 0.079107
79 64 0.079106
79 65 0.079106
79 66 0.079106
79 67 0.079106
79 68 0.079105
79 69 0.079105
79 70 0.079105
79 71 0.079104
79 72 0.079104
79 73 0.079104
79 74 0.079103
79 75 0.079103
79 76 0.079102
79 77 0.079102
79 78 0.079101
79 79 0.079101
79 80 0.079100
79 81 0.079100
79 82 0.079100
79 83 0.079100
79 84 0.079100
79 85 0.079100
79 86 0.079100
79 87 0.079100
79 88 0.079099
79 89 0.079099
79 90 0.079099
79 91 0.079098
79 92 0.079098
79 93 0.079097
79 94 0.079096
79 95 0.079096
79 96 0.079095
79 97 0.079095
79 98 0.079094
79 99 0.079094

80 0 0.079098
80 1 0.079098
80 2 0.079099
80 3 0.079099
80 4 0.079099
80 5 0.079100
80 6 0.079100
80 7 0.079100
80 8 0.079101
80 9 0.079101
80 10 0.079101
80 11 0.079101
80 12 0.079101
80 13 0.079101
80 14 0.079101
80 15 0.079101
80 16 0.079101
80 17 0.079101
80 18 0.079102
80 19 0.079102
80 20 0.079102
80 21 0.079103
80 22 0.079103
80 23 0.079104
80 24 0.079104
80 25 0.079105
80 26 0.079105
80 27 0.079105
80 28 0.079106
80 29 0.079106
80 30 0.079106
80 31 0.079107
80 32 0.079107
80 33 0.079107
80 34 0.079107
80 35 0.079107
80 36 0.079107
80 37 0.079108
80 38 0.079108
80 39 0.079108
80 40 0.079108
80 41 0.079108
80 42 0.079108
80 43 0.079108
80 44 0.079108
80 45 0.079109
80 46 0.079109
80 47 0.079109
80 48 0.079109
80 49 0.079109
80 50 0.079109
80 51 0.079109
80 52 0.079109
80 53 0.079109
80 54 0.079109
80 55 0.079109
80 56 0.079109
80 57 0.079109
80 58 0.079109
80 59 0.079108
80 60 0.079108
80 61 0.079108
80 62 0.079108
80 63 0.079107
80 64 0.079107
80 65 0.079107
80 66 0.079107
80 67 0.079106
80 68 0.079106
80 69 0.079106
80 70 0.079105
80 71 0.079105
80 72 0.079105
80 73 0.079104
80 74 0.079104
80 75 0.079103
80 76 0.079103
80 77 0.079102
80 78 0.079102
80 79 0.079101
80 80 0.079101
80 81 0.079100
80 82 0.079100
80 83 0.079100
80 84 0.079100
80 85 0.079100
80 86 0.079100
80 87 0.079100
80 88 0.079100
80 89 0.079099
80 90 0.079099
80 91 0.079098
80 92 0.079098
80 93 0.079097
80 94 0.079096
80 95 0.079096
80 96 0.079095
80 97 0.079095
80 98 0.079095
80 99 0.079094

81 0 0.079098
81 1 0.079098
81 2 0.079099
81 3 0.079099
81 4 0.079100
81 5 0.079100
81 6 0.079100
81 7 0.079100
81 8 0.079101
81 9 0.079101
81 10 0.079101
81 11 0.079101
81 12 0.079101
81 13 0.079101
81 14 0.079101
81 15 0.079101
81 16 0.079101
81 17 0.079102
81 18 0.079102
81 19 0.079102
81 20 0.079103
81 21 0.079103
81 22 0.079104
81 23 0.079104
81 24 0.079104
81 25 0.079105
81 26 0.079105
81 27 0.079106
81 28 0.079106
81 29 0.079106
81 30 0.079107
81 31 0.079107
81 32 0.079107
81 33 0.079107
81 34 0.079108
81 35 0.079108
81 36 0.079108
81 37 0.079108
81 38 0.079108
81 39 0.079108
81 40 0.079108
81 41 0.079109
81 42 0.079109
81 43 0.079109
81 44 0.079109
81 45 0.079109
81 46 0.079109
81 47 0.079109
81 48 0.079109
81 49 0.079110
81 50 0.079110
81 51 0.079110
81 52 0.079110
81 53 0.079110
81 54 0.079110
81 55 0.079110
81 56 0.079110
81 57 0.079109
81 58 0.079109
81 59 0.079109
81 60 0.079109
81 61 0.079109
81 62 0.079108
81 63 0.079108
81 64 0.079108
81 65 0.079108
81 66 0.079107
81 67 0.079107
81 68 0.079107
81 69 0.079106
81 70 0.079106
81 71 0.079106
81 72 0.079105
81 73 0.079105
81 74 0.079104
81 75 0.079104
81 76 0.079103
81 77 0.079103
81 78 0.079102
81 79 0.079101
81 80 0.079101
81 81 0.079101
81 82 0.079100
81 83 0.079100
81 84 0.079100
81 85 0.079100
81 86 0.079100
81 87 0.079100
81 88 0.079100
81 89 0.079099
81 90 0.079099
81 91 0.079099
81 92 0.079098
81 93 0.079097
81 94 0.079096
81 95 0.079096
81 96 0.079095
81 97 0.079095
81 98 0.079095
81 99 0.079094

82 0 0.079098
82 1 0.079099
82 2 0.079099
82 3 0.079099
82 4 0.079100
82 5 0.079100
82 6 0.079100
82 7 0.079101
82 8 0.079101
82 9 0.079101
82 10 0.079101
82 11 0.079101
82 12 0.079101
82 13 0.079101
82 14 0.079101
82 15 0.079102
82 16 0.079102
82 17 0.079102
82 18 0.079102
82 19 0.079103
82 20 0.079103
82 21 0.079103
82 22 0.079104
82 23 0.079104
82 24 0.079105
82 25 0.079105
82 26 0.079106
82 27 0.079106
82 28 0.079107
82 29 0.079107
82 30 0.079107
82 31 0.079107
82 32 0.079108
82 33 0.079108
82 34 0.079108
82 35 0.079108
82 36 0.079108
82 37 0.079109
82 38 0.079109
82 39 0.079109
82 40 0.079109
82 41 0.079109
82 42 0.079109
82 43 0.079109
82 44 0.079110
82 45 0.079110
82 46 0.079110
82 47 0.079110
82 48 0.079110
82 49 0.079110
82 50 0.079110
82 51 0.079110
82 52 0.079110
82 53 0.079110
82 54 0.079110
82 55 0.079110
82 56 0.079110
82 57 0.079110
82 58 0.079110
82 59 0.079110
82 60 0.079110
82 61 0.079109
82 62 0.079109
82 63 0.079109
82 64 0.079109
82 65 0.079108
82 66 0.079108
82 67 0.079108
82 68 0.079107
82 69 0.079107
82 70 0.079107
82 71 0.079106
82 72 0.079106
82 73 0.079105
82 74 0.079105
82 75 0.079104
82 76 0.079104
82 77 0.079103
82 78 0.079102
82 79 0.079102
82 80 0.079101
82 81 0.079101
82 82 0.079101
82 83 0.079101
82 84 0.079100
82 85 0.079100
82 86 0.079100
82 87 0.079100
82 88 0.079100
82 89 0.079100
82 90 0.079099
82 91 0.079099
82 92 0.079098
82 93 0.079097
82 94 0.079097
82 95 0.079096
82 96 0.079095
82 97 0.079095
82 98 0.079095
82 99 0.079094

83 0 0.079099
83 1 0.079099
83 2 0.079099
83 3 0.079099
83 4 0.079100
83 5 0.079100
83 6 0.079101
83 7 0.079101
83 8 0.079101
83 9 0.079101
83 10 0.079102
83 11 0.079102
83 12 0.079102
83 13 0.079102
83 14 0.079102
83 15 0.079102
83 16 0.079102
83 17 0.079102
83 18 0.079103
83 19 0.079103
83 20 0.079103
83 21 0.079104
83 22 0.079104
83 23 0.079105
83 24 0.079105
83 25 0.079106
83 26 0.079106
83 27 0.079107
83 28 0.079107
83 29 0.079107
83 30 0.079108
83 31 0.079108
83 32 0.079108
83 33 0.079108
83 34 0.079109
83 35 0.079109
83 36 0.079109
83 37 0.079109
83 38 0.079109
83 39 0.079109
83 40 0.079109
83 41 0.079110
83 42 0.079110
83 43 0.079110
83 44 0.079110
83 45 0.079110
83 46 0.079110
83 47 0.079110
83 48 0.079111
83 49 0.079111
83 50 0.079111
83 51 0.079111
83 52 0.079111
83 53 0.079111
83 54 0.079111
83 55 0.079111
83 56 0.079111
83 57 0.079111
83 58 0.079111
83 59 0.079110
83 60 0.079110
83 61 0.079110
83 62 0.079110
83 63 0.079109
83 64 0.079109
83 65 0.079109
83 66 0.079109
83 67 0.079108
83 68 0.079108
83 69 0.079108
83 70 0.079107
83 71 0.079107
83 72 0.079107
83 73 0.079106
83 74 0.079105
83 75 0.079105
83 76 0.079104
83 77 0.079103
83 78 0.079103
83 79 0.079102
83 80 0.079102
83 81 0.079101
83 82 0.079101
83 83 0.079101
83 84 0.079101
83 85 0.079101
83 86 0.079101
83 87 0.079100
83 88 0.079100
83 89 0.079100
83 90 0.079099
83 91 0.079099
83 92 0.079098
83 93 0.079098
83 94 0.079097
83 95 0.079096
83 96 0.079095
83 97 0.079095
83 98 0.079095
83 99 0.079094

84 0 0.079099
84 1 0.079099
84 2 0.079100
84 3 0.079100
84 4 0.079100
84 5 0.079100
84 6 0.079101
84 7 0.079101
84 8 0.079102
84 9 0.079102
84 10 0.079102
84 11 0.079102
84 12 0.079102
84 13 0.079102
84 14 0.079102
84 15 0.079102
84 16 0.079102
84 17 0.079103
84 18 0.079103
84 19 0.079103
84 20 0.079104
84 21 0.079104
84 22 0.079105
84 23 0.079105
84 24 0.079106
84 25 0.079106
84 26 0.079107
84 27 0.079107
84 28 0.079107
84 29 0.079108
84 30 0.079108
84 31 0.079108
84 32 0.079109
84 33 0.079109
84 34 0.079109
84 35 0.079109
84 36 0.079109
84 37 0.079109
84 38 0.079110
84 39 0.079110
84 40 0.079110
84 41 0.079110
84 42 0.079110
84 43 0.079110
84 44 0.079110
84 45 0.079111
84 46 0.079111
84 47 0.079111
84 48 0.079111
84 49 0.079111
84 50 0.079111
84 51 0.079111
84 52 0.079111
84 53 0.079111
84 54 0.079111
84 55 0.079111
84 56 0.079111
84 57 0.079111
84 58 0.079111
84 59 0.079111
84 60 0.079111
84 61 0.079110
84 62 0.079110
84 63 0.079110
84 64 0.079110
84 65 0.079109
84 66 0.079109
84 67 0.079109
84 68 0.079109
84 69 0.079108
84 70 0.079108
84 71 0.079108
84 72 0.079107
84 73 0.079106
84 74 0.079106
84 75 0.079105
84 76 0.079104
84 77 0.079104
84 78 0.079103
84 79 0.079102
84 80 0.079102
84 81 0.079102
84 82 0.079101
84 83 0.079101
84 84 0.079101
84 85 0.079101
84 86 0.079101
84 87 0.079101
84 88 0.079101
84 89 0.079100
84 90 0.079100
84 91 0.079099
84 92 0.079098
84 93 0.079098
84 94 0.079097
84 95 0.079096
84 96 0.079095
84 97 0.079095
84 98 0.079095
84 99 0.079094

85 0 0.079099
85 1 0.079099
85 2 0.079100
85 3 0.079100
85 4 0.079101
85 5 0.079101
85 6 0.079101
85 7 0.079102
85 8 0.079102
85 9 0.079102
85 10 0.079102
85 11 0.079102
85 12 0.079103
85 13 0.079103
85 14 0.079103
85 15 0.079103
85 16 0.079103
85 17 0.079103
85 18 0.079103
85 19 0.079104
85 20 0.079104
85 21 0.079105
85 22 0.079105
85 23 0.079105
85 24 0.079106
85 25 0.079106
85 26 0.079107
85 27 0.079107
85 28 0.079108
85 29 0.079108
85 30 0.079108
85 31 0.079109
85 32 0.079109
85 33 0.079109
85 34 0.079109
85 35 0.079109
85 36 0.079110
85 37 0.079110
85 38 0.079110
85 39 0.079110
85 40 0.079110
85 41 0.079110
85 42 0.079111
85 43 0.079111
85 44 0.079111
85 45 0.079111
85 46 0.079111
85 47 0.079111
85 48 0.079111
85 49 0.079112
85 50 0.079112
85 51 0.079112
85 52 0.079112
85 53 0.079112
85 54 0.079112
85 55 0.079112
85 56 0.079112
85 57 0.079112
85 58 0.079112
85 59 0.079111
85 60 0.079111
85 61 0.079111
85 62 0.079111
85 63 0.079111
85 64 0.079110
85 65 0.079110
85 66 0.079110
85 67 0.079109
85 68 0.079109
85 69 0.079109
85 70 0.079108
85 71 0.079108
85 72 0.079107
85 73 0.079107
85 74 0.079106
85 75 0.079106
85 76 0.079105
85 77 0.079104
85 78 0.079103
85 79 0.079103
85 80 0.079102
85 81 0.079102
85 82 0.079102
85 83 0.079102
85 84 0.079101
85 85 0.079101
85 86 0.079101
85 87 0.079101
85 88 0.079101
85 89 0.079100
85 90 0.079100
85 91 0.079099
85 92 0.079098
85 93 0.079098
85 94 0.079097
85 95 0.079096
85 96 0.079095
85 97 0.079095
85 98 0.079095
85 99 0.079094

86 0 0.079099
86 1 0.079100
86 2 0.079100
86 3 0.079100
86 4 0.079101
86 5 0.079101
86 6 0.079102
86 7 0.079102
86 8 0.079102
86 9 0.079103
86 10 0.079103
86 11 0.079103
86 12 0.079103
86 13 0.079103
86 14 0.079103
86 15 0.079103
86 16 0.079103
86 17 0.079104
86 18 0.079104
86 19 0.079104
86 20 0.079105
86 21 0.079105
86 22 0.079105
86 23 0.079106
86 24 0.079106
86 25 0.079107
86 26 0.079107
86 27 0.079108
86 28 0.079108
86 29 0.079108
86 30 0.079109
86 31 0.079109
86 32 0.079109
86 33 0.079109
86 34 0.079110
86 35 0.079110
86 36 0.079110
86 37 0.079110
86 38 0.079110
86 39 0.079110
86 40 0.079111
86 41 0.079111
86 42 0.079111
86 43 0.079111
86 44 0.079111
86 45 0.079111
86 46 0.079111
86 47 0.079112
86 48 0.079112
86 49 0.079112
86 50 0.079112
86 51 0.079112
86 52 0.079112
86 53 0.079112
86 54 0.079112
86 55 0.079112
86 56 0.079112
86 57 0.079112
86 58 0.079112
86 59 0.079112
86 60 0.079112
86 61 0.079111
86 62 0.079111
86 63 0.079111
86 64 0.079111
86 65 0.079111
86 66 0.079110
86 67 0.079110
86 68 0.079110
86 69 0.079109
86 70 0.079109
86 71 0.079108
86 72 0.079108
86 73 0.079107
86 74 0.079107
86 75 0.079106
86 76 0.079105
86 77 0.079105
86 78 0.079104
86 79 0.079103
86 80 0.079103
86 81 0.079102
86 82 0.079102
86 83 0.079102
86 84 0.079102
86 85 0.079102
86 86 0.079102
86 87 0.079101
86 88 0.079101
86 89 0.079101
86 90 0.079100
86 91 0.079099
86 92 0.079098
86 93 0.079098
86 94 0.079097
86 95 0.079096
86 96 0.079095
86 97 0.079095
86 98 0.079095
86 99 0.079094

87 0 0.079099
87 1 0.079100
87 2 0.079100
87 3 0.079100
87 4 0.079101
87 5 0.079101
87 6 0.079102
87 7 0.079102
87 8 0.079103
87 9 0.079103
87 10 0.079103
87 11 0.079103
87 12 0.079103
87 13 0.079103
87 14 0.079104
87 15 0.079104
87 16 0.079104
87 17 0.079104
87 18 0.079104
87 19 0.079105
87 20 0.079105
87 21 0.079105
87 22 0.079106
87 23 0.079106
87 24 0.079107
87 25 0.079107
87 26 0.079108
87 27 0.079108
87 28 0.079109
87 29 0.079109
87 30 0.079109
87 31 0.079109
87 32 0.079110
87 33 0.079110
87 34 0.079110
87 35 0.079110
87 36 0.079110
87 37 0.079111
87 38 0.079111
87 39 0.079111
87 40 0.079111
87 41 0.079111
87 42 0.079111
87 43 0.079111
87 44 0.079112
87 45 0.079112
87 46 0.079112
87 47 0.079112
87 48 0.079112
87 49 0.079112
87 50 0.079112
87 51 0.079113
87 52 0.079113
87 53 0.079113
87 54 0.079113
87 55 0.079113
87 56 0.079113
87 57 0.079113
87 58 0.079113
87 59 0.079112
87 60 0.079112
87 61 0.079112
87 62 0.079112
87 63 0.079112
87 64 0.079111
87 65 0.079111
87 66 0.079111
87 67 0.079110
87 68 0.079110
87 69 0.079110
87 70 0.079109
87 71 0.079109
87 72 0.079108
87 73 0.079108
87 74 0.079107
87 75 0.079106
87 76 0.079106
87 77 0.079105
87 78 0.079104
87 79 0.079104
87 80 0.079103
87 81 0.079103
87 82 0.079103
87 83 0.079102
87 84 0.079102
87 85 0.079102
87 86 0.079102
87 87 0.079102
87 88 0.079101
87 89 0.079101
87 90 0.079100
87 91 0.079099
87 92 0.079098
87 93 0.079098
87 94 0.079097
87 95 0.079096
87 96 0.079095
87 97 0.079095
87 98 0.079095
87 99 0.079094

88 0 0.079099
88 1 0.079100
88 2 0.079101
88 3 0.079100
88 4 0.079101
88 5 0.079101
88 6 0.079102
88 7 0.079102
88 8 0.079103
88 9 0.079103
88 10 0.079103
88 11 0.079103
88 12 0.079104
88 13 0.079104
88 14 0.079104
88 15 0.079104
88 16 0.079104
88 17 0.079104
88 18 0.079105
88 19 0.079105
88 20 0.079105
88 21 0.079106
88 22 0.079106
88 23 0.079107
88 24 0.079107
88 25 0.079108
88 26 0.079108
88 27 0.079109
88 28 0.079109
88 29 0.079109
88 30 0.079110
88 31 0.079110
88 32 0.079110
88 33 0.079110
88 34 0.079110
88 35 0.079111
88 36 0.079111
88 37 0.079111
88 38 0.079111
88 39 0.079111
88 40 0.079111
88 41 0.079112
88 42 0.079112
88 43 0.079112
88 44 0.079112
88 45 0.079112
88 46 0.079112
88 47 0.079113
88 48 0.079113
88 49 0.079113
88 50 0.079113
88 51 0.079113
88 52 0.079113
88 53 0.079113
88 54 0.079113
88 55 0.079113
88 56 0.079113
88 57 0.079113
88 58 0.079113
88 59 0.079113
88 60 0.079113
88 61 0.079113
88 62 0.079112
88 63 0.079112
88 64 0.079112
88 65 0.079112
88 66 0.079111
88 67 0.079111
88 68 0.079111
88 69 0.079110
88 70 0.079110
88 71 0.079109
88 72 0.079109
88 73 0.079108
88 74 0.079108
88 75 0.079107
88 76 0.079106
88 77 0.079105
88 78 0.079105
88 79 0.079104
88 80 0.079104
88 81 0.079103
88 82 0.079103
88 83 0.079103
88 84 0.079103
88 85 0.079102
88 86 0.079102
88 87 0.079102
88 88 0.079101
88 89 0.079101
88 90 0.079100
88 91 0.079099
88 92 0.079098
88 93 0.079098
88 94 0.079097
88 95 0.079096
88 96 0.079095
88 97 0.079095
88 98 0.079094
88 99 0.079094

89 0 0.079099
89 1 0.079100
89 2 0.079101
89 3 0.079100
89 4 0.079101
89 5 0.079101
89 6 0.079102
89 7 0.079102
89 8 0.079103
89 9 0.079103
89 10 0.079103
89 11 0.079104
89 12 0.079104
89 13 0.079104
89 14 0.079104
89 15 0.079104
89 16 0.079105
89 17 0.079105
89 18 0.079105
89 19 0.079105
89 20 0.079106
89 21 0.079106
89 22 0.079107
89 23 0.079107
89 24 0.079108
89 25 0.079108
89 26 0.079109
89 27 0.079109
89 28 0.079109
89 29 0.079110
89 30 0.079110
89 31 0.079110
89 32 0.079111
89 33 0.079111
89 34 0.079111
89 35 0.079111
89 36 0.079111
89 37 0.079111
89 38 0.079112
89 39 0.079112
89 40 0.079112
89 41 0.079112
89 42 0.079112
89 43 0.079112
89 44 0.079113
89 45 0.079113
89 46 0.079113
89 47 0.079113
89 48 0.079113
89 49 0.079113
89 50 0.079114
89 51 0.079114
89 52 0.079114
89 53 0.079114
89 54 0.079114
89 55 0.079114
89 56 0.079114
89 57 0.079114
89 58 0.079114
89 59 0.079114
89 60 0.079113
89 61 0.079113
89 62 0.079113
89 63 0.079113
89 64 0.079113
89 65 0.079112
89 66 0.079112
89 67 0.079112
89 68 0.079111
89 69 0.079111
89 70 0.079111
89 71 0.079110
89 72 0.079109
89 73 0.079109
89 74 0.079108
89 75 0.079107
89 76 0.079107
89 77 0.079106
89 78 0.079105
89 79 0.079105
89 80 0.079104
89 81 0.079104
89 82 0.079103
89 83 0.079103
89 84 0.079103
89 85 0.079103
89 86 0.079102
89 87 0.079102
89 88 0.079102
89 89 0.079101
89 90 0.079100
89 91 0.079099
89 92 0.079098
89 93 0.079098
89 94 0.079097
89 95 0.079096
89 96 0.079095
89 97 0.079095
89 98 0.079094
89 99 0.079094

90 0 0.079099
90 1 0.079100
90 2 0.079101
90 3 0.079100
90 4 0.079101
90 5 0.079101
90 6 0.079102
90 7 0.079102
90 8 0.079103
90 9 0.079103
90 10 0.079103
90 11 0.079104
90 12 0.079104
90 13 0.079104
90 14 0.079104
90 15 0.079105
90 16 0.079105
90 17 0.079105
90 18 0.079105
90 19 0.079106
90 20 0.079106
90 21 0.079107
90 22 0.079107
90 23 0.079108
90 24 0.079108
90 25 0.079109
90 26 0.079109
90 27 0.079110
90 28 0.079110
90 29 0.079110
90 30 0.079111
90 31 0.079111
90 32 0.079111
90 33 0.079111
90 34 0.079112
90 35 0.079112
90 36 0.079112
90 37 0.079112
90 38 0.079112
90 39 0.079112
90 40 0.079113
90 41 0.079113
90 42 0.079113
90 43 0.079113
90 44 0.079113
90 45 0.079113
90 46 0.079114
90 47 0.079114
90 48 0.079114
90 49 0.079114
90 50 0.079114
90 51 0.079114
90 52 0.079115
90 53 0.079115
90 54 0.079115
90 55 0.079115
90 56 0.079115
90 57 0.079115
90 58 0.079115
90 59 0.079114
90 60 0.079114
90 61 0.079114
90 62 0.079114
90 63 0.079114
90 64 0.079113
90 65 0.079113
90 66 0.079113
90 67 0.079112
90 68 0.079112
90 69 0.079112
90 70 0.079111
90 71 0.079111
90 72 0.079110
90 73 0.079109
90 74 0.079109
90 75 0.079108
90 76 0.079107
90 77 0.079106
90 78 0.079106
90 79 0.079105
90 80 0.079105
90 81 0.079104
90 82 0.079104
90 83 0.079103
90 84 0.079103
90 85 0.079103
90 86 0.079103
90 87 0.079102
90 88 0.079102
90 89 0.079101
90 90 0.079100
90 91 0.079100
90 92 0.079099
90 93 0.079098
90 94 0.079097
90 95 0.079096
90 96 0.079095
90 97 0.079095
90 98 0.079094
90 99 0.079094

91 0 0.079099
91 1 0.079100
91 2 0.079101
91 3 0.079100
91 4 0.079101
91 5 0.079101
91 6 0.079102
91 7 0.079102
91 8 0.079103
91 9 0.079103
91 10 0.079103
91 11 0.079104
91 12 0.079104
91 13 0.079104
91 14 0.079104
91 15 0.079105
91 16 0.079105
91 17 0.079105
91 18 0.079106
91 19 0.079106
91 20 0.079107
91 21 0.079107
91 22 0.079108
91 23 0.079108
91 24 0.079109
91 25 0.079109
91 26 0.079110
91 27 0.079110
91 28 0.079111
91 29 0.079111
91 30 0.079111
91 31 0.079112
91 32 0.079112
91 33 0.079112
91 34 0.079112
91 35 0.079112
91 36 0.079113
91 37 0.079113
91 38 0.079113
91 39 0.079113
91 40 0.079113
91 41 0.079114
91 42 0.079114
91 43 0.079114
91 44 0.079114
91 45 0.079114
91 46 0.079115
91 47 0.079115
91 48 0.079115
91 49 0.079115
91 50 0.079115
91 51 0.079115
91 52 0.079116
91 53 0.079116
91 54 0.079116
91 55 0.079116
91 56 0.079116
91 57 0.079116
91 58 0.079116
91 59 0.079116
91 60 0.079115
91 61 0.079115
91 62 0.079115
91 63 0.079115
91 64 0.079114
91 65 0.079114
91 66 0.079114
91 67 0.079113
91 68 0.079113
91 69 0.079113
91 70 0.079112
91 71 0.079112
91 72 0.079111
91 73 0.079110
91 74 0.079109
91 75 0.079109
91 76 0.079108
91 77 0.079107
91 78 0.079106
91 79 0.079106
91 80 0.079105
91 81 0.079105
91 82 0.079104
91 83 0.079104
91 84 0.079104
91 85 0.079103
91 86 0.079103
91 87 0.079102
91 88 0.079102
91 89 0.079101
91 90 0.079100
91 91 0.079100
91 92 0.079099
91 93 0.079098
91 94 0.079097
91 95 0.079097
91 96 0.079095
91 97 0.079096
91 98 0.079095
91 99 0.079094

92 0 0.079099
92 1 0.079100
92 2 0.079101
92 3 0.079100
92 4 0.079101
92 5 0.079101
92 6 0.079102
92 7 0.079102
92 8 0.079102
92 9 0.079103
92 10 0.079103
92 11 0.079103
92 12 0.079104
92 13 0.079104
92 14 0.079104
92 15 0.079105
92 16 0.079105
92 17 0.079106
92 18 0.079106
92 19 0.079107
92 20 0.079107
92 21 0.079108
92 22 0.079108
92 23 0.079109
92 24 0.079109
92 25 0.079110
92 26 0.079110
92 27 0.079111
92 28 0.079111
92 29 0.079112
92 30 0.079112
92 31 0.079112
92 32 0.079113
92 33 0.079113
92 34 0.079113
92 35 0.079113
92 36 0.079114
92 37 0.079114
92 38 0.079114
92 39 0.079114
92 40 0.079114
92 41 0.079115
92 42 0.079115
92 43 0.079115
92 44 0.079115
92 45 0.079115
92 46 0.079116
92 47 0.079116
92 48 0.079116
92 49 0.079116
92 50 0.079116
92 51 0.079117
92 52 0.079117
92 53 0.079117
92 54 0.079117
92 55 0.079117
92 56 0.079117
92 57 0.079117
92 58 0.079117
92 59 0.079117
92 60 0.079117
92 61 0.079116
92 62 0.079116
92 63 0.079116
92 64 0.079116
92 65 0.079115
92 66 0.079115
92 67 0.079114
92 68 0.079114
92 69 0.079114
92 70 0.079113
92 71 0.079112
92 72 0.079112
92 73 0.079111
92 74 0.079110
92 75 0.079109
92 76 0.079109
92 77 0.079108
92 78 0.079107
92 79 0.079106
92 80 0.079106
92 81 0.079105
92 82 0.079105
92 83 0.079104
92 84 0.079104
92 85 0.079104
92 86 0.079103
92 87 0.079103
92 88 0.079102
92 89 0.079101
92 90 0.079101
92 91 0.079100
92 92 0.079099
92 93 0.079098
92 94 0.079097
92 95 0.079097
92 96 0.079095
92 97 0.079096
92 98 0.079095
92 99 0.079094

93 0 0.079099
93 1 0.079099
93 2 0.079100
93 3 0.079100
93 4 0.079101
93 5 0.079101
93 6 0.079101
93 7 0.079102
93 8 0.079102
93 9 0.079103
93 10 0.079103
93 11 0.079103
93 12 0.079104
93 13 0.079104
93 14 0.079104
93 15 0.079105
93 16 0.079105
93 17 0.079106
93 18 0.079106
93 19 0.079107
93 20 0.079108
93 21 0.079108
93 22 0.079109
93 23 0.079109
93 24 0.079110
93 25 0.079111
93 26 0.079111
93 27 0.079112
93 28 0.079112
93 29 0.079112
93 30 0.079113
93 31 0.079113
93 32 0.079113
93 33 0.079114
93 34 0.079114
93 35 0.079114
93 36 0.079114
93 37 0.079115
93 38 0.079115
93 39 0.079115
93 40 0.079115
93 41 0.079116
93 42 0.079116
93 43 0.079116
93 44 0.079116
93 45 0.079117
93 46 0.079117
93 47 0.079117
93 48 0.079117
93 49 0.079118
93 50 0.079118
93 51 0.079118
93 52 0.079118
93 53 0.079118
93 54 0.079118
93 55 0.079118
93 56 0.079118
93 57 0.079118
93 58 0.079118
93 59 0.079118
93 60 0.079118
93 61 0.079118
93 62 0.079118
93 63 0.079117
93 64 0.079117
93 65 0.079117
93 66 0.079116
93 67 0.079116
93 68 0.079115
93 69 0.079115
93 70 0.079114
93 71 0.079113
93 72 0.079113
93 73 0.079112
93 74 0.079111
93 75 0.079110
93 76 0.079109
93 77 0.079109
93 78 0.079108
93 79 0.079107
93 80 0.079106
93 81 0.079106
93 82 0.079105
93 83 0.079105
93 84 0.079104
93 85 0.079104
93 86 0.079103
93 87 0.079103
93 88 0.079102
93 89 0.079102
93 90 0.079101
93 91 0.079100
93 92 0.079099
93 93 0.079099
93 94 0.079097
93 95 0.079097
93 96 0.079096
93 97 0.079096
93 98 0.079096
93 99 0.079095

94 0 0.079099
94 1 0.079099
94 2 0.079100
94 3 0.079099
94 4 0.079100
94 5 0.079100
94 6 0.079101
94 7 0.079101
94 8 0.079102
94 9 0.079102
94 10 0.079102
94 11 0.079103
94 12 0.079103
94 13 0.079104
94 14 0.079104
94 15 0.079105
94 16 0.079105
94 17 0.079106
94 18 0.079107
94 19 0.079107
94 20 0.079108
94 21 0.079109
94 22 0.079109
94 23 0.079110
94 24 0.079111
94 25 0.079111
94 26 0.079112
94 27 0.079112
94 28 0.079113
94 29 0.079113
94 30 0.079114
94 31 0.079114
94 32 0.079114
94 33 0.079115
94 34 0.079115
94 35 0.079115
94 36 0.079115
94 37 0.079116
94 38 0.079116
94 39 0.079116
94 40 0.079116
94 41 0.079117
94 42 0.079117
94 43 0.079117
94 44 0.079117
94 45 0.079118
94 46 0.079118
94 47 0.079118
94 48 0.079119
94 49 0.079119
94 50 0.079119
94 51 0.079119
94 52 0.079119
94 53 0.079120
94 54 0.079120
94 55 0.079120
94 56 0.079120
94 57 0.079120
94 58 0.079120
94 59 0.079120
94 60 0.079119
94 61 0.079119
94 62 0.079119
94 63 0.079119
94 64 0.079118
94 65 0.079118
94 66 0.079117
94 67 0.079117
94 68 0.079116
94 69 0.079116
94 70 0.079115
94 71 0.079114
94 72 0.079114
94 73 0.079113
94 74 0.079112
94 75 0.079111
94 76 0.079110
94 77 0.079109
94 78 0.079109
94 79 0.079108
94 80 0.079107
94 81 0.079106
94 82 0.079106
94 83 0.079105
94 84 0.079105
94 85 0.079104
94 86 0.079104
94 87 0.079103
94 88 0.079102
94 89 0.079102
94 90 0.079101
94 91 0.079100
94 92 0.079099
94 93 0.079099
94 94 0.079098
94 95 0.079097
94 96 0.079096
94 97 0.079096
94 98 0.079096
94 99 0.079095

95 0 0.079099
95 1 0.079099
95 2 0.079100
95 3 0.079100
95 4 0.079100
95 5 0.079100
95 6 0.079101
95 7 0.079101
95 8 0.079102
95 9 0.079102
95 10 0.079103
95 11 0.079103
95 12 0.079103
95 13 0.079104
95 14 0.079104
95 15 0.079105
95 16 0.079106
95 17 0.079106
95 18 0.079107
95 19 0.079108
95 20 0.079108
95 21 0.079109
95 22 0.079110
95 23 0.079111
95 24 0.079111
95 25 0.079112
95 26 0.079112
95 27 0.079113
95 28 0.079113
95 29 0.079114
95 30 0.079114
95 31 0.079115
95 32 0.079115
95 33 0.079115
95 34 0.079116
95 35 0.079116
95 36 0.079116
95 37 0.079116
95 38 0.079117
95 39 0.079117
95 40 0.079117
95 41 0.079117
95 42 0.079118
95 43 0.079118
95 44 0.079118
95 45 0.079119
95 46 0.079119
95 47 0.079119
95 48 0.079120
95 49 0.079120
95 50 0.079120
95 51 0.079120
95 52 0.079120
95 53 0.079121
95 54 0.079121
95 55 0.079121
95 56 0.079121
95 57 0.079121
95 58 0.079121
95 59 0.079121
95 60 0.079120
95 61 0.079120
95 62 0.079120
95 63 0.079120
95 64 0.079119
95 65 0.079119
95 66 0.079118
95 67 0.079118
95 68 0.079117
95 69 0.079117
95 70 0.079116
95 71 0.079115
95 72 0.079114
95 73 0.079114
95 74 0.079113
95 75 0.079112
95 76 0.079111
95 77 0.079110
95 78 0.079109
95 79 0.079108
95 80 0.079108
95 81 0.079107
95 82 0.079106
95 83 0.079106
95 84 0.079105
95 85 0.079105
95 86 0.079104
95 87 0.079104
95 88 0.079103
95 89 0.079102
95 90 0.079101
95 91 0.079101
95 92 0.079100
95 93 0.079099
95 94 0.079098
95 95 0.079098
95 96 0.079097
95 97 0.079097
95 98 0.079096
95 99 0.079096

96 0 0.079098
96 1 0.079099
96 2 0.079099
96 3 0.079099
96 4 0.079100
96 5 0.079100
96 6 0.079100
96 7 0.079100
96 8 0.079101
96 9 0.079101
96 10 0.079102
96 11 0.079102
96 12 0.079103
96 13 0.079103
96 14 0.079104
96 15 0.079105
96 16 0.079105
96 17 0.079106
96 18 0.079107
96 19 0.079108
96 20 0.079109
96 21 0.079109
96 22 0.079110
96 23 0.079111
96 24 0.079112
96 25 0.079112
96 26 0.079113
96 27 0.079114
96 28 0.079114
96 29 0.079115
96 30 0.079115
96 31 0.079116
96 32 0.079116
96 33 0.079116
96 34 0.079117
96 35 0.079117
96 36 0.079117
96 37 0.079118
96 38 0.079118
96 39 0.079118
96 40 0.079118
96 41 0.079119
96 42 0.079119
96 43 0.079119
96 44 0.079120
96 45 0.079120
96 46 0.079120
96 47 0.079121
96 48 0.079121
96 49 0.079121
96 50 0.079122
96 51 0.079122
96 52 0.079122
96 53 0.079122
96 54 0.079122
96 55 0.079123
96 56 0.079123
96 57 0.079123
96 58 0.079122
96 59 0.079122
96 60 0.079122
96 61 0.079122
96 62 0.079121
96 63 0.079121
96 64 0.079121
96 65 0.079120
96 66 0.079120
96 67 0.079119
96 68 0.079118
96 69 0.079118
96 70 0.079117
96 71 0.079116
96 72 0.079115
96 73 0.079115
96 74 0.079114
96 75 0.079113
96 76 0.079112
96 77 0.079111
96 78 0.079110
96 79 0.079109
96 80 0.079108
96 81 0.079108
96 82 0.079107
96 83 0.079106
96 84 0.079106
96 85 0.079105
96 86 0.079104
96 87 0.079104
96 88 0.079103
96 89 0.079102
96 90 0.079101
96 91 0.079101
96 92 0.079100
96 93 0.079099
96 94 0.079098
96 95 0.079098
96 96 0.079097
96 97 0.079097
96 98 0.079097
96 99 0.079096

97 0 0.079099
97 1 0.079099
97 2 0.079100
97 3 0.079099
97 4 0.079100
97 5 0.079100
97 6 0.079101
97 7 0.079101
97 8 0.079102
97 9 0.079102
97 10 0.079103
97 11 0.079103
97 12 0.079104
97 13 0.079104
97 14 0.079105
97 15 0.079105
97 16 0.079106
97 17 0.079107
97 18 0.079107
97 19 0.079108
97 20 0.079109
97 21 0.079110
97 22 0.079110
97 23 0.079111
97 24 0.079112
97 25 0.079113
97 26 0.079113
97 27 0.079114
97 28 0.079114
97 29 0.079115
97 30 0.079115
97 31 0.079116
97 32 0.079116
97 33 0.079116
97 34 0.079117
97 35 0.079117
97 36 0.079117
97 37 0.079117
97 38 0.079118
97 39 0.079118
97 40 0.079118
97 41 0.079119
97 42 0.079119
97 43 0.079119
97 44 0.079120
97 45 0.079120
97 46 0.079120
97 47 0.079120
97 48 0.079121
97 49 0.079121
97 50 0.079121
97 51 0.079122
97 52 0.079122
97 53 0.079122
97 54 0.079122
97 55 0.079122
97 56 0.079122
97 57 0.079122
97 58 0.079122
97 59 0.079122
97 60 0.079122
97 61 0.079121
97 62 0.079121
97 63 0.079121
97 64 0.079120
97 65 0.079120
97 66 0.079119
97 67 0.079119
97 68 0.079118
97 69 0.079118
97 70 0.079117
97 71 0.079116
97 72 0.079115
97 73 0.079114
97 74 0.079114
97 75 0.079113
97 76 0.079112
97 77 0.079111
97 78 0.079110
97 79 0.079109
97 80 0.079108
97 81 0.079108
97 82 0.079107
97 83 0.079106
97 84 0.079106
97 85 0.079105
97 86 0.079104
97 87 0.079104
97 88 0.079103
97 89 0.079103
97 90 0.079102
97 91 0.079101
97 92 0.079100
97 93 0.079099
97 94 0.079098
97 95 0.079098
97 96 0.079097
97 97 0.079097
97 98 0.079097
97 99 0.079096

98 0 0.079099
98 1 0.079099
98 2 0.079100
98 3 0.079099
98 4 0.079100
98 5 0.079100
98 6 0.079101
98 7 0.079101
98 8 0.079101
98 9 0.079102
98 10 0.079102
98 11 0.079103
98 12 0.079103
98 13 0.079104
98 14 0.079104
98 15 0.079105
98 16 0.079106
98 17 0.079107
98 18 0.079108
98 19 0.079109
98 20 0.079109
98 21 0.079110
98 22 0.079111
98 23 0.079112
98 24 0.079113
98 25 0.079114
98 26 0.079114
98 27 0.079115
98 28 0.079115
98 29 0.079116
98 30 0.079116
98 31 0.079117
98 32 0.079117
98 33 0.079118
98 34 0.079118
98 35 0.079118
98 36 0.079119
98 37 0.079119
98 38 0.079119
98 39 0.079120
98 40 0.079120
98 41 0.079120
98 42 0.079121
98 43 0.079121
98 44 0.079121
98 45 0.079122
98 46 0.079122
98 47 0.079122
98 48 0.079123
98 49 0.079123
98 50 0.079123
98 51 0.079124
98 52 0.079124
98 53 0.079124
98 54 0.079124
98 55 0.079124
98 56 0.079124
98 57 0.079124
98 58 0.079124
98 59 0.079124
98 60 0.079124
98 61 0.079124
98 62 0.079123
98 63 0.079123
98 64 0.079122
98 65 0.079122
98 66 0.079121
98 67 0.079121
98 68 0.079120
98 69 0.079119
98 70 0.079119
98 71 0.079118
98 72 0.079117
98 73 0.079116
98 74 0.079115
98 75 0.079114
98 76 0.079113
98 77 0.079112
98 78 0.079111
98 79 0.079111
98 80 0.079110
98 81 0.079109
98 82 0.079108
98 83 0.079107
98 84 0.079107
98 85 0.079106
98 86 0.079105
98 87 0.079105
98 88 0.079104
98 89 0.079103
98 90 0.079102
98 91 0.079102
98 92 0.079101
98 93 0.079100
98 94 0.079099
98 95 0.079099
98 96 0.079098
98 97 0.079098
98 98 0.079098
98 99 0.079097

99 0 0.079099
99 1 0.079099
99 2 0.079099
99 3 0.079099
99 4 0.079100
99 5 0.079100
99 6 0.079100
99 7 0.079100
99 8 0.079101
99 9 0.079101
99 10 0.079101
99 11 0.079102
99 12 0.079103
99 13 0.079103
99 14 0.079104
99 15 0.079105
99 16 0.079106
99 17 0.079106
99 18 0.079107
99 19 0.079108
99 20 0.079109
99 21 0.079110
99 22 0.079111
99 23 0.079112
99 24 0.079113
99 25 0.079113
99 26 0.079114
99 27 0.079115
99 28 0.079115
99 29 0.079116
99 30 0.079116
99 31 0.079117
99 32 0.079117
99 33 0.079118
99 34 0.079118
99 35 0.079118
99 36 0.079119
99 37 0.079119
99 38 0.079119
99 39 0.079120
99 40 0.079120
99 41 0.079120
99 42 0.079121
99 43 0.079121
99 44 0.079121
99 45 0.079122
99 46 0.079122
99 47 0.079122
99 48 0.079123
99 49 0.079123
99 50 0.079123
99 51 0.079124
99 52 0.079124
99 53 0.079124
99 54 0.079124
99 55 0.079124
99 56 0.079124
99 57 0.079124
99 58 0.079124
99 59 0.079124
99 60 0.079124
99 61 0.079124
99 62 0.079123
99 63 0.079123
99 64 0.079122
99 65 0.079122
99 66 0.079121
99 67 0.079121
99 68 0.079120
99 69 0.079119
99 70 0.079118
99 71 0.079118
99 72 0.079117
99 73 0.079116
99 74 0.079115
99 75 0.079114
99 76 0.079113
99 77 0.079112
99 78 0.079111
99 79 0.079110
99 80 0.079109
99 81 0.079108
99 82 0.079108
99 83 0.079107
99 84 0.079106
99 85 0.079105
99 86 0.079105
99 87 0.079104
99 88 0.079103
99 89 0.079103
99 90 0.079102
99 91 0.079101
99 92 0.079100
99 93 0.079100
99 94 0.079099
99 95 0.079099
99 96 0.079098
99 97 0.079098
99 98 0.079097
99 99 0.079097

