0 0 0.079060
0 1 0.079060
0 2 0.079061
0 3 0.079061
0 4 0.079060
0 5 0.079059
0 6 0.079058
0 7 0.079057
0 8 0.079056
0 9 0.079056
0 10 0.079055
0 11 0.079054
0 12 0.079054
0 13 0.079053
0 14 0.079053
0 15 0.079053
0 16 0.079054
0 17 0.079054
0 18 0.079054
0 19 0.079055
0 20 0.079056
0 21 0.079057
0 22 0.079058
0 23 0.079059
0 24 0.079060
0 25 0.079061
0 26 0.079062
0 27 0.079063
0 28 0.079064
0 29 0.079065
0 30 0.079066
0 31 0.079066
0 32 0.079067
0 33 0.079067
0 34 0.079068
0 35 0.079068
0 36 0.079069
0 37 0.079070
0 38 0.079070
0 39 0.079072
0 40 0.079073
0 41 0.079074
0 42 0.079076
0 43 0.079078
0 44 0.079080
0 45 0.079082
0 46 0.079084
0 47 0.079086
0 48 0.079088
0 49 0.079089
0 50 0.079090
0 51 0.079091
0 52 0.079091
0 53 0.079091
0 54 0.079090
0 55 0.079089
0 56 0.079087
0 57 0.079085
0 58 0.079083
0 59 0.079080
0 60 0.079078
0 61 0.079075
0 62 0.079072
0 63 0.079070
0 64 0.079068
0 65 0.079066
0 66 0.079064
0 67 0.079063
0 68 0.079062
0 69 0.079062
0 70 0.079062
0 71 0.079062
0 72 0.079062
0 73 0.079063
0 74 0.079063
0 75 0.079064
0 76 0.079064
0 77 0.079065
0 78 0.079065
0 79 0.079065
0 80 0.079066
0 81 0.079066
0 82 0.079066
0 83 0.079066
0 84 0.079066
0 85 0.079066
0 86 0.079065
0 87 0.079065
0 88 0.079065
0 89 0.079065
0 90 0.079065
0 91 0.079065
0 92 0.079065
0 93 0.079064
0 94 0.079065
0 95 0.079064
0 96 0.079064
0 97 0.079064
0 98 0.079063
0 99 0.079063

1 0 0.079060
1 1 0.079060
1 2 0.079060
1 3 0.079060
1 4 0.079059
1 5 0.079058
1 6 0.079057
1 7 0.079057
1 8 0.079056
1 9 0.079055
1 10 0.079054
1 11 0.079054
1 12 0.079053
1 13 0.079053
1 14 0.079053
1 15 0.079053
1 16 0.079053
1 17 0.079054
1 18 0.079054
1 19 0.079055
1 20 0.079056
1 21 0.079057
1 22 0.079058
1 23 0.079059
1 24 0.079060
1 25 0.079061
1 26 0.079062
1 27 0.079063
1 28 0.079064
1 29 0.079065
1 30 0.079065
1 31 0.079066
1 32 0.079067
1 33 0.079067
1 34 0.079068
1 35 0.079068
1 36 0.079069
1 37 0.079070
1 38 0.079070
1 39 0.079072
1 40 0.079073
1 41 0.079074
1 42 0.079076
1 43 0.079078
1 44 0.079080
1 45 0.079082
1 46 0.079084
1 47 0.079086
1 48 0.079088
1 49 0.079089
1 50 0.079090
1 51 0.079091
1 52 0.079091
1 53 0.079091
1 54 0.079090
1 55 0.079089
1 56 0.079087
1 57 0.079085
1 58 0.079083
1 59 0.079080
1 60 0.079078
1 61 0.079075
1 62 0.079072
1 63 0.079070
1 64 0.079068
1 65 0.079066
1 66 0.079064
1 67 0.079063
1 68 0.079062
1 69 0.079062
1 70 0.079062
1 71 0.079062
1 72 0.079062
1 73 0.079063
1 74 0.079063
1 75 0.079064
1 76 0.079064
1 77 0.079065
1 78 0.079065
1 79 0.079065
1 80 0.079065
1 81 0.079066
1 82 0.079066
1 83 0.079066
1 84 0.079065
1 85 0.079065
1 86 0.079065
1 87 0.079065
1 88 0.079065
1 89 0.079064
1 90 0.079064
1 91 0.079064
1 92 0.079064
1 93 0.079064
1 94 0.079064
1 95 0.079064
1 96 0.079063
1 97 0.079063
1 98 0.079062
1 99 0.079063

2 0 0.079061
2 1 0.079060
2 2 0.079060
2 3 0.079060
2 4 0.079059
2 5 0.079059
2 6 0.079058
2 7 0.079058
2 8 0.079057
2 9 0.079056
2 10 0.079055
2 11 0.079055
2 12 0.079055
2 13 0.079055
2 14 0.079055
2 15 0.079055
2 16 0.079055
2 17 0.079056
2 18 0.079056
2 19 0.079057
2 20 0.079058
2 21 0.079059
2 22 0.079060
2 23 0.079061
2 24 0.079062
2 25 0.079063
2 26 0.079064
2 27 0.079065
2 28 0.079066
2 29 0.079066
2 30 0.079067
2 31 0.079068
2 32 0.079068
2 33 0.079069
2 34 0.079069
2 35 0.079070
2 36 0.079070
2 37 0.079071
2 38 0.079072
2 39 0.079073
2 40 0.079074
2 41 0.079076
2 42 0.079077
2 43 0.079079
2 44 0.079081
2 45 0.079083
2 46 0.079085
2 47 0.079087
2 48 0.079088
2 49 0.079090
2 50 0.079091
2 51 0.079091
2 52 0.079092
2 53 0.079091
2 54 0.079091
2 55 0.079089
2 56 0.079088
2 57 0.079086
2 58 0.079084
2 59 0.079081
2 60 0.079079
2 61 0.079076
2 62 0.079074
2 63 0.079071
2 64 0.079069
2 65 0.079068
2 66 0.079066
2 67 0.079065
2 68 0.079065
2 69 0.079064
2 70 0.079064
2 71 0.079064
2 72 0.079064
2 73 0.079065
2 74 0.079065
2 75 0.079066
2 76 0.079066
2 77 0.079066
2 78 0.079067
2 79 0.079067
2 80 0.079067
2 81 0.079067
2 82 0.079067
2 83 0.079067
2 84 0.079067
2 85 0.079067
2 86 0.079066
2 87 0.079066
2 88 0.079066
2 89 0.079066
2 90 0.079066
2 91 0.079065
2 92 0.079065
2 93 0.079065
2 94 0.079065
2 95 0.079065
2 96 0.079064
2 97 0.079064
2 98 0.079063
2 99 0.079063

3 0 0.079060
3 1 0.079060
3 2 0.079060
3 3 0.079060
3 4 0.079059
3 5 0.079059
3 6 0.079058
3 7 0.079058
3 8 0.079057
3 9 0.079057
3 10 0.079056
3 11 0.079056
3 12 0.079055
3 13 0.079055
3 14 0.079055
3 15 0.079056
3 16 0.079056
3 17 0.079057
3 18 0.079057
3 19 0.079058
3 20 0.079059
3 21 0.079060
3 22 0.079061
3 23 0.079062
3 24 0.079063
3 25 0.079064
3 26 0.079065
3 27 0.079066
3 28 0.079066
3 29 0.079067
3 30 0.079068
3 31 0.079068
3 32 0.079069
3 33 0.079069
3 34 0.079070
3 35 0.079070
3 36 0.079071
3 37 0.079072
3 38 0.079073
3 39 0.079074
3 40 0.079075
3 41 0.079077
3 42 0.079078
3 43 0.079080
3 44 0.079082
3 45 0.079084
3 46 0.079086
3 47 0.079088
3 48 0.079089
3 49 0.079091
3 50 0.079092
3 51 0.079092
3 52 0.079092
3 53 0.079092
3 54 0.079091
3 55 0.079090
3 56 0.079089
3 57 0.079087
3 58 0.079085
3 59 0.079083
3 60 0.079080
3 61 0.079078
3 62 0.079075
3 63 0.079073
3 64 0.079071
3 65 0.079070
3 66 0.079068
3 67 0.079067
3 68 0.079067
3 69 0.079066
3 70 0.079066
3 71 0.079066
3 72 0.079066
3 73 0.079067
3 74 0.079067
3 75 0.079067
3 76 0.079068
3 77 0.079068
3 78 0.079068
3 79 0.079068
3 80 0.079068
3 81 0.079068
3 82 0.079068
3 83 0.079068
3 84 0.079068
3 85 0.079068
3 86 0.079067
3 87 0.079067
3 88 0.079067
3 89 0.079066
3 90 0.079066
3 91 0.079066
3 92 0.079066
3 93 0.079065
3 94 0.079065
3 95 0.079065
3 96 0.079064
3 97 0.079064
3 98 0.079063
3 99 0.079063

4 0 0.079060
4 1 0.079059
4 2 0.079060
4 3 0.079060
4 4 0.079059
4 5 0.079059
4 6 0.079059
4 7 0.079058
4 8 0.079058
4 9 0.079057
4 10 0.079057
4 11 0.079057
4 12 0.079056
4 13 0.079057
4 14 0.079057
4 15 0.079057
4 16 0.079058
4 17 0.079058
4 18 0.079059
4 19 0.079060
4 20 0.079061
4 21 0.079062
4 22 0.079063
4 23 0.079064
4 24 0.079065
4 25 0.079066
4 26 0.079067
4 27 0.079067
4 28 0.079068
4 29 0.079069
4 30 0.079069
4 31 0.079070
4 32 0.079070
4 33 0.079071
4 34 0.079071
4 35 0.079072
4 36 0.079073
4 37 0.079073
4 38 0.079074
4 39 0.079076
4 40 0.079077
4 41 0.079079
4 42 0.079080
4 43 0.079082
4 44 0.079084
4 45 0.079086
4 46 0.079088
4 47 0.079089
4 48 0.079091
4 49 0.079092
4 50 0.079093
4 51 0.079093
4 52 0.079093
4 53 0.079093
4 54 0.079093
4 55 0.079091
4 56 0.079090
4 57 0.079088
4 58 0.079086
4 59 0.079084
4 60 0.079082
4 61 0.079080
4 62 0.079078
4 63 0.079076
4 64 0.079074
4 65 0.079073
4 66 0.079071
4 67 0.079070
4 68 0.079070
4 69 0.079069
4 70 0.079069
4 71 0.079069
4 72 0.079069
4 73 0.079069
4 74 0.079069
4 75 0.079070
4 76 0.079070
4 77 0.079070
4 78 0.079070
4 79 0.079070
4 80 0.079070
4 81 0.079070
4 82 0.079070
4 83 0.079070
4 84 0.079069
4 85 0.079069
4 86 0.079068
4 87 0.079068
4 88 0.079067
4 89 0.079067
4 90 0.079067
4 91 0.079066
4 92 0.079066
4 93 0.079065
4 94 0.079065
4 95 0.079065
4 96 0.079064
4 97 0.079064
4 98 0.079063
4 99 0.079064

5 0 0.079061
5 1 0.079059
5 2 0.079060
5 3 0.079059
5 4 0.079059
5 5 0.079059
5 6 0.079059
5 7 0.079058
5 8 0.079058
5 9 0.079058
5 10 0.079058
5 11 0.079058
5 12 0.079058
5 13 0.079058
5 14 0.079058
5 15 0.079059
5 16 0.079059
5 17 0.079060
5 18 0.079061
5 19 0.079062
5 20 0.079063
5 21 0.079064
5 22 0.079065
5 23 0.079066
5 24 0.079066
5 25 0.079067
5 26 0.079068
5 27 0.079069
5 28 0.079070
5 29 0.079070
5 30 0.079071
5 31 0.079071
5 32 0.079072
5 33 0.079072
5 34 0.079073
5 35 0.079073
5 36 0.079074
5 37 0.079075
5 38 0.079076
5 39 0.079077
5 40 0.079079
5 41 0.079080
5 42 0.079082
5 43 0.079084
5 44 0.079086
5 45 0.079087
5 46 0.079089
5 47 0.079091
5 48 0.079092
5 49 0.079093
5 50 0.079094
5 51 0.079095
5 52 0.079095
5 53 0.079095
5 54 0.079094
5 55 0.079093
5 56 0.079092
5 57 0.079090
5 58 0.079089
5 59 0.079087
5 60 0.079085
5 61 0.079083
5 62 0.079081
5 63 0.079079
5 64 0.079077
5 65 0.079076
5 66 0.079075
5 67 0.079074
5 68 0.079073
5 69 0.079073
5 70 0.079072
5 71 0.079072
5 72 0.079072
5 73 0.079073
5 74 0.079073
5 75 0.079073
5 76 0.079073
5 77 0.079073
5 78 0.079073
5 79 0.079073
5 80 0.079073
5 81 0.079072
5 82 0.079072
5 83 0.079072
5 84 0.079071
5 85 0.079071
5 86 0.079070
5 87 0.079069
5 88 0.079069
5 89 0.079068
5 90 0.079068
5 91 0.079067
5 92 0.079067
5 93 0.079066
5 94 0.079066
5 95 0.079066
5 96 0.079065
5 97 0.079065
5 98 0.079064
5 99 0.079065

6 0 0.079061
6 1 0.079060
6 2 0.079060
6 3 0.079060
6 4 0.079060
6 5 0.079060
6 6 0.079059
6 7 0.079059
6 8 0.079059
6 9 0.079059
6 10 0.079059
6 11 0.079059
6 12 0.079059
6 13 0.079060
6 14 0.079060
6 15 0.079061
6 16 0.079061
6 17 0.079062
6 18 0.079063
6 19 0.079064
6 20 0.079065
6 21 0.079066
6 22 0.079067
6 23 0.079068
6 24 0.079069
6 25 0.079070
6 26 0.079070
6 27 0.079071
6 28 0.079072
6 29 0.079072
6 30 0.079073
6 31 0.079073
6 32 0.079074
6 33 0.079074
6 34 0.079075
6 35 0.079075
6 36 0.079076
6 37 0.079077
6 38 0.079078
6 39 0.079079
6 40 0.079081
6 41 0.079082
6 42 0.079084
6 43 0.079086
6 44 0.079088
6 45 0.079089
6 46 0.079091
6 47 0.079093
6 48 0.079094
6 49 0.079095
6 50 0.079096
6 51 0.079097
6 52 0.079097
6 53 0.079097
6 54 0.079096
6 55 0.079095
6 56 0.079094
6 57 0.079093
6 58 0.079091
6 59 0.079089
6 60 0.079087
6 61 0.079085
6 62 0.079084
6 63 0.079082
6 64 0.079081
6 65 0.079079
6 66 0.079078
6 67 0.079077
6 68 0.079077
6 69 0.079076
6 70 0.079076
6 71 0.079076
6 72 0.079076
6 73 0.079076
6 74 0.079076
6 75 0.079076
6 76 0.079076
6 77 0.079076
6 78 0.079076
6 79 0.079076
6 80 0.079075
6 81 0.079075
6 82 0.079074
6 83 0.079074
6 84 0.079073
6 85 0.079073
6 86 0.079072
6 87 0.079071
6 88 0.079071
6 89 0.079070
6 90 0.079069
6 91 0.079069
6 92 0.079068
6 93 0.079067
6 94 0.079067
6 95 0.079066
6 96 0.079066
6 97 0.079066
6 98 0.079065
6 99 0.079065

7 0 0.079061
7 1 0.079060
7 2 0.079061
7 3 0.079061
7 4 0.079061
7 5 0.079061
7 6 0.079061
7 7 0.079061
7 8 0.079060
7 9 0.079061
7 10 0.079060
7 11 0.079061
7 12 0.079061
7 13 0.079062
7 14 0.079062
7 15 0.079063
7 16 0.079064
7 17 0.079064
7 18 0.079065
7 19 0.079066
7 20 0.079067
7 21 0.079068
7 22 0.079069
7 23 0.079070
7 24 0.079071
7 25 0.079072
7 26 0.079073
7 27 0.079073
7 28 0.079074
7 29 0.079074
7 30 0.079075
7 31 0.079075
7 32 0.079076
7 33 0.079076
7 34 0.079077
7 35 0.079077
7 36 0.079078
7 37 0.079079
7 38 0.079080
7 39 0.079082
7 40 0.079083
7 41 0.079085
7 42 0.079086
7 43 0.079088
7 44 0.079090
7 45 0.079092
7 46 0.079093
7 47 0.079095
7 48 0.079096
7 49 0.079097
7 50 0.079098
7 51 0.079099
7 52 0.079099
7 53 0.079099
7 54 0.079098
7 55 0.079097
7 56 0.079096
7 57 0.079095
7 58 0.079094
7 59 0.079092
7 60 0.079090
7 61 0.079089
7 62 0.079087
7 63 0.079086
7 64 0.079084
7 65 0.079083
7 66 0.079082
7 67 0.079081
7 68 0.079081
7 69 0.079080
7 70 0.079080
7 71 0.079080
7 72 0.079080
7 73 0.079080
7 74 0.079080
7 75 0.079080
7 76 0.079080
7 77 0.079079
7 78 0.079079
7 79 0.079079
7 80 0.079078
7 81 0.079078
7 82 0.079077
7 83 0.079076
7 84 0.079076
7 85 0.079075
7 86 0.079074
7 87 0.079073
7 88 0.079072
7 89 0.079072
7 90 0.079071
7 91 0.079070
7 92 0.079070
7 93 0.079069
7 94 0.079069
7 95 0.079068
7 96 0.079067
7 97 0.079067
7 98 0.079066
7 99 0.079066

8 0 0.079062
8 1 0.079061
8 2 0.079062
8 3 0.079062
8 4 0.079062
8 5 0.079062
8 6 0.079062
8 7 0.079062
8 8 0.079062
8 9 0.079062
8 10 0.079062
8 11 0.079063
8 12 0.079063
8 13 0.079064
8 14 0.079064
8 15 0.079065
8 16 0.079066
8 17 0.079067
8 18 0.079068
8 19 0.079069
8 20 0.079070
8 21 0.079071
8 22 0.079072
8 23 0.079073
8 24 0.079074
8 25 0.079074
8 26 0.079075
8 27 0.079076
8 28 0.079076
8 29 0.079077
8 30 0.079077
8 31 0.079077
8 32 0.079078
8 33 0.079078
8 34 0.079079
8 35 0.079080
8 36 0.079080
8 37 0.079081
8 38 0.079083
8 39 0.079084
8 40 0.079085
8 41 0.079087
8 42 0.079089
8 43 0.079091
8 44 0.079092
8 45 0.079094
8 46 0.079096
8 47 0.079097
8 48 0.079099
8 49 0.079100
8 50 0.079100
8 51 0.079101
8 52 0.079101
8 53 0.079101
8 54 0.079100
8 55 0.079100
8 56 0.079099
8 57 0.079098
8 58 0.079096
8 59 0.079095
8 60 0.079093
8 61 0.079092
8 62 0.079090
8 63 0.079089
8 64 0.079088
8 65 0.079087
8 66 0.079086
8 67 0.079086
8 68 0.079085
8 69 0.079085
8 70 0.079084
8 71 0.079084
8 72 0.079084
8 73 0.079084
8 74 0.079084
8 75 0.079084
8 76 0.079083
8 77 0.079083
8 78 0.079083
8 79 0.079082
8 80 0.079081
8 81 0.079081
8 82 0.079080
8 83 0.079079
8 84 0.079078
8 85 0.079077
8 86 0.079076
8 87 0.079075
8 88 0.079074
8 89 0.079073
8 90 0.079073
8 91 0.079072
8 92 0.079071
8 93 0.079070
8 94 0.079070
8 95 0.079069
8 96 0.079068
8 97 0.079068
8 98 0.079067
8 99 0.079067

9 0 0.079063
9 1 0.079062
9 2 0.079063
9 3 0.079063
9 4 0.079063
9 5 0.079063
9 6 0.079063
9 7 0.079064
9 8 0.079064
9 9 0.079064
9 10 0.079064
9 11 0.079065
9 12 0.079065
9 13 0.079066
9 14 0.079067
9 15 0.079068
9 16 0.079069
9 17 0.079070
9 18 0.079071
9 19 0.079072
9 20 0.079073
9 21 0.079074
9 22 0.079075
9 23 0.079075
9 24 0.079076
9 25 0.079077
9 26 0.079078
9 27 0.079078
9 28 0.079079
9 29 0.079079
9 30 0.079079
9 31 0.079080
9 32 0.079080
9 33 0.079081
9 34 0.079081
9 35 0.079082
9 36 0.079083
9 37 0.079084
9 38 0.079085
9 39 0.079087
9 40 0.079088
9 41 0.079090
9 42 0.079091
9 43 0.079093
9 44 0.079095
9 45 0.079097
9 46 0.079098
9 47 0.079100
9 48 0.079101
9 49 0.079102
9 50 0.079103
9 51 0.079103
9 52 0.079103
9 53 0.079103
9 54 0.079103
9 55 0.079102
9 56 0.079101
9 57 0.079100
9 58 0.079099
9 59 0.079098
9 60 0.079097
9 61 0.079095
9 62 0.079094
9 63 0.079093
9 64 0.079092
9 65 0.079091
9 66 0.079090
9 67 0.079090
9 68 0.079089
9 69 0.079089
9 70 0.079089
9 71 0.079088
9 72 0.079088
9 73 0.079088
9 74 0.079088
9 75 0.079087
9 76 0.079087
9 77 0.079086
9 78 0.079086
9 79 0.079085
9 80 0.079084
9 81 0.079084
9 82 0.079083
9 83 0.079082
9 84 0.079081
9 85 0.079080
9 86 0.079079
9 87 0.079077
9 88 0.079077
9 89 0.079075
9 90 0.079075
9 91 0.079074
9 92 0.079073
9 93 0.079072
9 94 0.079071
9 95 0.079071
9 96 0.079070
9 97 0.079070
9 98 0.079068
9 99 0.079069

10 0 0.079064
10 1 0.079063
10 2 0.079064
10 3 0.079064
10 4 0.079064
10 5 0.079065
10 6 0.079065
10 7 0.079065
10 8 0.079065
10 9 0.079066
10 10 0.079066
10 11 0.079067
10 12 0.079068
10 13 0.079068
10 14 0.079069
10 15 0.079070
10 16 0.079071
10 17 0.079072
10 18 0.079073
10 19 0.079074
10 20 0.079075
10 21 0.079076
10 22 0.079077
10 23 0.079078
10 24 0.079079
10 25 0.079080
10 26 0.079080
10 27 0.079081
10 28 0.079081
10 29 0.079081
10 30 0.079082
10 31 0.079082
10 32 0.079082
10 33 0.079083
10 34 0.079084
10 35 0.079084
10 36 0.079085
10 37 0.079086
10 38 0.079088
10 39 0.079089
10 40 0.079091
10 41 0.079092
10 42 0.079094
10 43 0.079096
10 44 0.079097
10 45 0.079099
10 46 0.079101
10 47 0.079102
10 48 0.079103
10 49 0.079104
10 50 0.079105
10 51 0.079105
10 52 0.079105
10 53 0.079105
10 54 0.079105
10 55 0.079104
10 56 0.079104
10 57 0.079103
10 58 0.079102
10 59 0.079101
10 60 0.079099
10 61 0.079098
10 62 0.079097
10 63 0.079096
10 64 0.079095
10 65 0.079095
10 66 0.079094
10 67 0.079094
10 68 0.079093
10 69 0.079093
10 70 0.079092
10 71 0.079092
10 72 0.079092
10 73 0.079092
10 74 0.079091
10 75 0.079091
10 76 0.079090
10 77 0.079090
10 78 0.079089
10 79 0.079088
10 80 0.079087
10 81 0.079086
10 82 0.079085
10 83 0.079084
10 84 0.079083
10 85 0.079082
10 86 0.079081
10 87 0.079080
10 88 0.079079
10 89 0.079077
10 90 0.079076
10 91 0.079075
10 92 0.079075
10 93 0.079074
10 94 0.079073
10 95 0.079072
10 96 0.079071
10 97 0.079071
10 98 0.079070
10 99 0.079070

11 0 0.079066
11 1 0.079065
11 2 0.079066
11 3 0.079066
11 4 0.079066
11 5 0.079066
11 6 0.079067
11 7 0.079067
11 8 0.079067
11 9 0.079068
11 10 0.079069
11 11 0.079069
11 12 0.079070
11 13 0.079071
11 14 0.079072
11 15 0.079073
11 16 0.079074
11 17 0.079075
11 18 0.079076
11 19 0.079077
11 20 0.079078
11 21 0.079079
11 22 0.079080
11 23 0.079081
11 24 0.079081
11 25 0.079082
11 26 0.079083
11 27 0.079083
11 28 0.079083
11 29 0.079084
11 30 0.079084
11 31 0.079084
11 32 0.079085
11 33 0.079085
11 34 0.079086
11 35 0.079087
11 36 0.079088
11 37 0.079089
11 38 0.079090
11 39 0.079092
11 40 0.079093
11 41 0.079095
11 42 0.079097
11 43 0.079098
11 44 0.079100
11 45 0.079102
11 46 0.079103
11 47 0.079104
11 48 0.079105
11 49 0.079106
11 50 0.079107
11 51 0.079107
11 52 0.079107
11 53 0.079107
11 54 0.079107
11 55 0.079107
11 56 0.079106
11 57 0.079105
11 58 0.079104
11 59 0.079103
11 60 0.079102
11 61 0.079101
11 62 0.079100
11 63 0.079100
11 64 0.079099
11 65 0.079098
11 66 0.079098
11 67 0.079097
11 68 0.079097
11 69 0.079096
11 70 0.079096
11 71 0.079096
11 72 0.079095
11 73 0.079095
11 74 0.079094
11 75 0.079094
11 76 0.079093
11 77 0.079093
11 78 0.079092
11 79 0.079091
11 80 0.079090
11 81 0.079089
11 82 0.079088
11 83 0.079087
11 84 0.079086
11 85 0.079084
11 86 0.079083
11 87 0.079082
11 88 0.079081
11 89 0.079079
11 90 0.079078
11 91 0.079077
11 92 0.079076
11 93 0.079075
11 94 0.079075
11 95 0.079074
11 96 0.079073
11 97 0.079073
11 98 0.079072
11 99 0.079072

12 0 0.079067
12 1 0.079066
12 2 0.079067
12 3 0.079067
12 4 0.079068
12 5 0.079068
12 6 0.079068
12 7 0.079069
12 8 0.079069
12 9 0.079070
12 10 0.079071
12 11 0.079072
12 12 0.079072
12 13 0.079073
12 14 0.079074
12 15 0.079076
12 16 0.079077
12 17 0.079078
12 18 0.079079
12 19 0.079080
12 20 0.079081
12 21 0.079082
12 22 0.079083
12 23 0.079083
12 24 0.079084
12 25 0.079084
12 26 0.079085
12 27 0.079085
12 28 0.079086
12 29 0.079086
12 30 0.079086
12 31 0.079087
12 32 0.079087
12 33 0.079088
12 34 0.079088
12 35 0.079089
12 36 0.079090
12 37 0.079091
12 38 0.079093
12 39 0.079094
12 40 0.079096
12 41 0.079097
12 42 0.079099
12 43 0.079101
12 44 0.079102
12 45 0.079104
12 46 0.079105
12 47 0.079106
12 48 0.079107
12 49 0.079108
12 50 0.079109
12 51 0.079109
12 52 0.079109
12 53 0.079109
12 54 0.079109
12 55 0.079108
12 56 0.079108
12 57 0.079107
12 58 0.079106
12 59 0.079106
12 60 0.079105
12 61 0.079104
12 62 0.079103
12 63 0.079102
12 64 0.079102
12 65 0.079101
12 66 0.079101
12 67 0.079100
12 68 0.079100
12 69 0.079100
12 70 0.079099
12 71 0.079099
12 72 0.079098
12 73 0.079098
12 74 0.079097
12 75 0.079097
12 76 0.079096
12 77 0.079095
12 78 0.079094
12 79 0.079093
12 80 0.079093
12 81 0.079091
12 82 0.079090
12 83 0.079089
12 84 0.079088
12 85 0.079086
12 86 0.079085
12 87 0.079084
12 88 0.079083
12 89 0.079081
12 90 0.079080
12 91 0.079079
12 92 0.079078
12 93 0.079077
12 94 0.079076
12 95 0.079075
12 96 0.079075
12 97 0.079074
12 98 0.079073
12 99 0.079073

13 0 0.079069
13 1 0.079068
13 2 0.079069
13 3 0.079069
13 4 0.079069
13 5 0.079070
13 6 0.079070
13 7 0.079071
13 8 0.079072
13 9 0.079072
13 10 0.079073
13 11 0.079074
13 12 0.079075
13 13 0.079076
13 14 0.079077
13 15 0.079078
13 16 0.079079
13 17 0.079080
13 18 0.079081
13 19 0.079082
13 20 0.079083
13 21 0.079084
13 22 0.079085
13 23 0.079086
13 24 0.079086
13 25 0.079087
13 26 0.079087
13 27 0.079087
13 28 0.079088
13 29 0.079088
13 30 0.079088
13 31 0.079089
13 32 0.079089
13 33 0.079090
13 34 0.079091
13 35 0.079092
13 36 0.079093
13 37 0.079094
13 38 0.079095
13 39 0.079097
13 40 0.079098
13 41 0.079100
13 42 0.079102
13 43 0.079103
13 44 0.079105
13 45 0.079106
13 46 0.079107
13 47 0.079108
13 48 0.079109
13 49 0.079110
13 50 0.079111
13 51 0.079111
13 52 0.079111
13 53 0.079111
13 54 0.079111
13 55 0.079110
13 56 0.079110
13 57 0.079109
13 58 0.079108
13 59 0.079108
13 60 0.079107
13 61 0.079106
13 62 0.079106
13 63 0.079105
13 64 0.079104
13 65 0.079104
13 66 0.079103
13 67 0.079103
13 68 0.079103
13 69 0.079102
13 70 0.079102
13 71 0.079101
13 72 0.079101
13 73 0.079100
13 74 0.079100
13 75 0.079099
13 76 0.079098
13 77 0.079098
13 78 0.079097
13 79 0.079096
13 80 0.079095
13 81 0.079094
13 82 0.079092
13 83 0.079091
13 84 0.079090
13 85 0.079089
13 86 0.079087
13 87 0.079086
13 88 0.079085
13 89 0.079083
13 90 0.079082
13 91 0.079081
13 92 0.079080
13 93 0.079079
13 94 0.079078
13 95 0.079077
13 96 0.079076
13 97 0.079076
13 98 0.079075
13 99 0.079075

14 0 0.079070
14 1 0.079070
14 2 0.079071
14 3 0.079071
14 4 0.079071
14 5 0.079072
14 6 0.079072
14 7 0.079073
14 8 0.079074
14 9 0.079075
14 10 0.079075
14 11 0.079077
14 12 0.079077
14 13 0.079079
14 14 0.079080
14 15 0.079081
14 16 0.079082
14 17 0.079083
14 18 0.079084
14 19 0.079085
14 20 0.079086
14 21 0.079087
14 22 0.079087
14 23 0.079088
14 24 0.079088
14 25 0.079089
14 26 0.079089
14 27 0.079090
14 28 0.079090
14 29 0.079090
14 30 0.079090
14 31 0.079091
14 32 0.079091
14 33 0.079092
14 34 0.079093
14 35 0.079094
14 36 0.079095
14 37 0.079096
14 38 0.079098
14 39 0.079099
14 40 0.079101
14 41 0.079102
14 42 0.079104
14 43 0.079105
14 44 0.079107
14 45 0.079108
14 46 0.079109
14 47 0.079110
14 48 0.079111
14 49 0.079112
14 50 0.079112
14 51 0.079112
14 52 0.079112
14 53 0.079112
14 54 0.079112
14 55 0.079111
14 56 0.079111
14 57 0.079110
14 58 0.079110
14 59 0.079109
14 60 0.079109
14 61 0.079108
14 62 0.079108
14 63 0.079107
14 64 0.079106
14 65 0.079106
14 66 0.079106
14 67 0.079105
14 68 0.079105
14 69 0.079104
14 70 0.079104
14 71 0.079103
14 72 0.079103
14 73 0.079102
14 74 0.079102
14 75 0.079101
14 76 0.079100
14 77 0.079099
14 78 0.079098
14 79 0.079097
14 80 0.079096
14 81 0.079095
14 82 0.079094
14 83 0.079093
14 84 0.079092
14 85 0.079090
14 86 0.079089
14 87 0.079088
14 88 0.079087
14 89 0.079085
14 90 0.079084
14 91 0.079083
14 92 0.079082
14 93 0.079081
14 94 0.079080
14 95 0.079079
14 96 0.079078
14 97 0.079078
14 98 0.079077
14 99 0.079077

15 0 0.079072
15 1 0.079072
15 2 0.079073
15 3 0.079073
15 4 0.079073
15 5 0.079074
15 6 0.079075
15 7 0.079076
15 8 0.079076
15 9 0.079077
15 10 0.079078
15 11 0.079079
15 12 0.079080
15 13 0.079081
15 14 0.079082
15 15 0.079083
15 16 0.079084
15 17 0.079085
15 18 0.079086
15 19 0.079087
15 20 0.079088
15 21 0.079089
15 22 0.079090
15 23 0.079090
15 24 0.079091
15 25 0.079091
15 26 0.079091
15 27 0.079092
15 28 0.079092
15 29 0.079092
15 30 0.079092
15 31 0.079093
15 32 0.079094
15 33 0.079094
15 34 0.079095
15 35 0.079096
15 36 0.079097
15 37 0.079098
15 38 0.079100
15 39 0.079101
15 40 0.079103
15 41 0.079104
15 42 0.079106
15 43 0.079107
15 44 0.079109
15 45 0.079110
15 46 0.079111
15 47 0.079112
15 48 0.079112
15 49 0.079113
15 50 0.079113
15 51 0.079113
15 52 0.079113
15 53 0.079113
15 54 0.079113
15 55 0.079113
15 56 0.079112
15 57 0.079112
15 58 0.079111
15 59 0.079111
15 60 0.079110
15 61 0.079110
15 62 0.079109
15 63 0.079109
15 64 0.079108
15 65 0.079108
15 66 0.079107
15 67 0.079107
15 68 0.079106
15 69 0.079106
15 70 0.079106
15 71 0.079105
15 72 0.079104
15 73 0.079104
15 74 0.079103
15 75 0.079102
15 76 0.079102
15 77 0.079101
15 78 0.079100
15 79 0.079099
15 80 0.079098
15 81 0.079097
15 82 0.079096
15 83 0.079095
15 84 0.079093
15 85 0.079092
15 86 0.079091
15 87 0.079090
15 88 0.079088
15 89 0.079087
15 90 0.079086
15 91 0.079085
15 92 0.079084
15 93 0.079083
15 94 0.079082
15 95 0.079081
15 96 0.079080
15 97 0.079080
15 98 0.079079
15 99 0.079079

16 0 0.079074
16 1 0.079074
16 2 0.079075
16 3 0.079075
16 4 0.079076
16 5 0.079076
16 6 0.079077
16 7 0.079078
16 8 0.079078
16 9 0.079079
16 10 0.079080
16 11 0.079081
16 12 0.079082
16 13 0.079084
16 14 0.079085
16 15 0.079086
16 16 0.079087
16 17 0.079088
16 18 0.079089
16 19 0.079090
16 20 0.079090
16 21 0.079091
16 22 0.079092
16 23 0.079092
16 24 0.079093
16 25 0.079093
16 26 0.079093
16 27 0.079093
16 28 0.079094
16 29 0.079094
16 30 0.079094
16 31 0.079095
16 32 0.079095
16 33 0.079096
16 34 0.079097
16 35 0.079098
16 36 0.079099
16 37 0.079101
16 38 0.079102
16 39 0.079103
16 40 0.079105
16 41 0.079106
16 42 0.079108
16 43 0.079109
16 44 0.079110
16 45 0.079111
16 46 0.079112
16 47 0.079113
16 48 0.079114
16 49 0.079114
16 50 0.079114
16 51 0.079114
16 52 0.079114
16 53 0.079114
16 54 0.079114
16 55 0.079113
16 56 0.079113
16 57 0.079113
16 58 0.079112
16 59 0.079112
16 60 0.079111
16 61 0.079111
16 62 0.079110
16 63 0.079110
16 64 0.079109
16 65 0.079109
16 66 0.079108
16 67 0.079108
16 68 0.079108
16 69 0.079107
16 70 0.079107
16 71 0.079106
16 72 0.079105
16 73 0.079105
16 74 0.079104
16 75 0.079103
16 76 0.079103
16 77 0.079102
16 78 0.079101
16 79 0.079100
16 80 0.079099
16 81 0.079098
16 82 0.079097
16 83 0.079096
16 84 0.079095
16 85 0.079094
16 86 0.079092
16 87 0.079091
16 88 0.079090
16 89 0.079089
16 90 0.079088
16 91 0.079086
16 92 0.079086
16 93 0.079084
16 94 0.079084
16 95 0.079083
16 96 0.079082
16 97 0.079081
16 98 0.079080
16 99 0.079080

17 0 0.079076
17 1 0.079076
17 2 0.079077
17 3 0.079077
17 4 0.079078
17 5 0.079078
17 6 0.079079
17 7 0.079080
17 8 0.079081
17 9 0.079082
17 10 0.079083
17 11 0.079084
17 12 0.079085
17 13 0.079086
17 14 0.079087
17 15 0.079088
17 16 0.079089
17 17 0.079090
17 18 0.079091
17 19 0.079092
17 20 0.079093
17 21 0.079093
17 22 0.079094
17 23 0.079094
17 24 0.079094
17 25 0.079095
17 26 0.079095
17 27 0.079095
17 28 0.079095
17 29 0.079096
17 30 0.079096
17 31 0.079097
17 32 0.079097
17 33 0.079098
17 34 0.079099
17 35 0.079100
17 36 0.079101
17 37 0.079103
17 38 0.079104
17 39 0.079105
17 40 0.079107
17 41 0.079108
17 42 0.079109
17 43 0.079111
17 44 0.079112
17 45 0.079113
17 46 0.079114
17 47 0.079114
17 48 0.079115
17 49 0.079115
17 50 0.079115
17 51 0.079115
17 52 0.079115
17 53 0.079115
17 54 0.079114
17 55 0.079114
17 56 0.079114
17 57 0.079113
17 58 0.079113
17 59 0.079112
17 60 0.079112
17 61 0.079111
17 62 0.079111
17 63 0.079111
17 64 0.079110
17 65 0.079110
17 66 0.079109
17 67 0.079109
17 68 0.079108
17 69 0.079108
17 70 0.079107
17 71 0.079107
17 72 0.079106
17 73 0.079106
17 74 0.079105
17 75 0.079104
17 76 0.079103
17 77 0.079103
17 78 0.079102
17 79 0.079101
17 80 0.079100
17 81 0.079099
17 82 0.079098
17 83 0.079097
17 84 0.079096
17 85 0.079095
17 86 0.079094
17 87 0.079093
17 88 0.079091
17 89 0.079090
17 90 0.079089
17 91 0.079088
17 92 0.079087
17 93 0.079086
17 94 0.079085
17 95 0.079084
17 96 0.079083
17 97 0.079083
17 98 0.079082
17 99 0.079082

18 0 0.079078
18 1 0.079078
18 2 0.079079
18 3 0.079079
18 4 0.079080
18 5 0.079080
18 6 0.079081
18 7 0.079082
18 8 0.079083
18 9 0.079084
18 10 0.079085
18 11 0.079086
18 12 0.079087
18 13 0.079089
18 14 0.079090
18 15 0.079091
18 16 0.079092
18 17 0.079093
18 18 0.079093
18 19 0.079094
18 20 0.079095
18 21 0.079095
18 22 0.079096
18 23 0.079096
18 24 0.079096
18 25 0.079097
18 26 0.079097
18 27 0.079097
18 28 0.079097
18 29 0.079097
18 30 0.079098
18 31 0.079098
18 32 0.079099
18 33 0.079100
18 34 0.079101
18 35 0.079102
18 36 0.079103
18 37 0.079104
18 38 0.079106
18 39 0.079107
18 40 0.079108
18 41 0.079110
18 42 0.079111
18 43 0.079112
18 44 0.079113
18 45 0.079114
18 46 0.079115
18 47 0.079115
18 48 0.079115
18 49 0.079116
18 50 0.079116
18 51 0.079115
18 52 0.079115
18 53 0.079115
18 54 0.079115
18 55 0.079114
18 56 0.079114
18 57 0.079113
18 58 0.079113
18 59 0.079113
18 60 0.079112
18 61 0.079112
18 62 0.079111
18 63 0.079111
18 64 0.079111
18 65 0.079110
18 66 0.079110
18 67 0.079109
18 68 0.079109
18 69 0.079108
18 70 0.079108
18 71 0.079107
18 72 0.079106
18 73 0.079106
18 74 0.079105
18 75 0.079105
18 76 0.079104
18 77 0.079103
18 78 0.079102
18 79 0.079102
18 80 0.079101
18 81 0.079100
18 82 0.079099
18 83 0.079098
18 84 0.079097
18 85 0.079096
18 86 0.079095
18 87 0.079094
18 88 0.079093
18 89 0.079092
18 90 0.079091
18 91 0.079090
18 92 0.079089
18 93 0.079088
18 94 0.079087
18 95 0.079086
18 96 0.079085
18 97 0.079084
18 98 0.079084
18 99 0.079084

19 0 0.079080
19 1 0.079080
19 2 0.079081
19 3 0.079081
19 4 0.079082
19 5 0.079082
19 6 0.079083
19 7 0.079084
19 8 0.079085
19 9 0.079086
19 10 0.079087
19 11 0.079089
19 12 0.079090
19 13 0.079091
19 14 0.079092
19 15 0.079093
19 16 0.079094
19 17 0.079095
19 18 0.079096
19 19 0.079096
19 20 0.079097
19 21 0.079097
19 22 0.079098
19 23 0.079098
19 24 0.079098
19 25 0.079098
19 26 0.079098
19 27 0.079099
19 28 0.079099
19 29 0.079099
19 30 0.079100
19 31 0.079100
19 32 0.079101
19 33 0.079102
19 34 0.079103
19 35 0.079104
19 36 0.079105
19 37 0.079106
19 38 0.079107
19 39 0.079109
19 40 0.079110
19 41 0.079111
19 42 0.079112
19 43 0.079113
19 44 0.079114
19 45 0.079115
19 46 0.079115
19 47 0.079116
19 48 0.079116
19 49 0.079116
19 50 0.079116
19 51 0.079116
19 52 0.079115
19 53 0.079115
19 54 0.079115
19 55 0.079114
19 56 0.079114
19 57 0.079113
19 58 0.079113
19 59 0.079113
19 60 0.079112
19 61 0.079112
19 62 0.079111
19 63 0.079111
19 64 0.079111
19 65 0.079110
19 66 0.079110
19 67 0.079109
19 68 0.079109
19 69 0.079108
19 70 0.079108
19 71 0.079107
19 72 0.079107
19 73 0.079106
19 74 0.079105
19 75 0.079105
19 76 0.079104
19 77 0.079103
19 78 0.079103
19 79 0.079102
19 80 0.079101
19 81 0.079101
19 82 0.079100
19 83 0.079099
19 84 0.079098
19 85 0.079097
19 86 0.079096
19 87 0.079095
19 88 0.079094
19 89 0.079093
19 90 0.079092
19 91 0.079091
19 92 0.079090
19 93 0.079089
19 94 0.079088
19 95 0.079087
19 96 0.079086
19 97 0.079086
19 98 0.079085
19 99 0.079085

20 0 0.079082
20 1 0.079082
20 2 0.079082
20 3 0.079083
20 4 0.079083
20 5 0.079084
20 6 0.079085
20 7 0.079086
20 8 0.079087
20 9 0.079089
20 10 0.079090
20 11 0.079091
20 12 0.079092
20 13 0.079093
20 14 0.079094
20 15 0.079095
20 16 0.079096
20 17 0.079097
20 18 0.079098
20 19 0.079098
20 20 0.079099
20 21 0.079099
20 22 0.079100
20 23 0.079100
20 24 0.079100
20 25 0.079100
20 26 0.079100
20 27 0.079100
20 28 0.079100
20 29 0.079101
20 30 0.079101
20 31 0.079102
20 32 0.079102
20 33 0.079103
20 34 0.079104
20 35 0.079105
20 36 0.079106
20 37 0.079108
20 38 0.079109
20 39 0.079110
20 40 0.079111
20 41 0.079112
20 42 0.079113
20 43 0.079114
20 44 0.079115
20 45 0.079116
20 46 0.079116
20 47 0.079116
20 48 0.079116
20 49 0.079116
20 50 0.079116
20 51 0.079116
20 52 0.079115
20 53 0.079115
20 54 0.079115
20 55 0.079114
20 56 0.079114
20 57 0.079113
20 58 0.079113
20 59 0.079112
20 60 0.079112
20 61 0.079112
20 62 0.079111
20 63 0.079111
20 64 0.079111
20 65 0.079110
20 66 0.079110
20 67 0.079109
20 68 0.079109
20 69 0.079108
20 70 0.079108
20 71 0.079107
20 72 0.079106
20 73 0.079106
20 74 0.079105
20 75 0.079105
20 76 0.079104
20 77 0.079104
20 78 0.079103
20 79 0.079102
20 80 0.079102
20 81 0.079101
20 82 0.079100
20 83 0.079100
20 84 0.079099
20 85 0.079098
20 86 0.079097
20 87 0.079096
20 88 0.079095
20 89 0.079094
20 90 0.079093
20 91 0.079092
20 92 0.079091
20 93 0.079090
20 94 0.079089
20 95 0.079089
20 96 0.079088
20 97 0.079087
20 98 0.079086
20 99 0.079087

21 0 0.079084
21 1 0.079083
21 2 0.079084
21 3 0.079085
21 4 0.079085
21 5 0.079086
21 6 0.079087
21 7 0.079088
21 8 0.079089
21 9 0.079091
21 10 0.079092
21 11 0.079093
21 12 0.079094
21 13 0.079096
21 14 0.079097
21 15 0.079098
21 16 0.079099
21 17 0.079099
21 18 0.079100
21 19 0.079101
21 20 0.079101
21 21 0.079101
21 22 0.079102
21 23 0.079102
21 24 0.079102
21 25 0.079102
21 26 0.079102
21 27 0.079102
21 28 0.079102
21 29 0.079102
21 30 0.079103
21 31 0.079103
21 32 0.079104
21 33 0.079105
21 34 0.079106
21 35 0.079107
21 36 0.079108
21 37 0.079109
21 38 0.079110
21 39 0.079112
21 40 0.079113
21 41 0.079114
21 42 0.079115
21 43 0.079115
21 44 0.079116
21 45 0.079116
21 46 0.079116
21 47 0.079117
21 48 0.079116
21 49 0.079116
21 50 0.079116
21 51 0.079116
21 52 0.079115
21 53 0.079115
21 54 0.079114
21 55 0.079114
21 56 0.079113
21 57 0.079113
21 58 0.079113
21 59 0.079112
21 60 0.079112
21 61 0.079111
21 62 0.079111
21 63 0.079111
21 64 0.079110
21 65 0.079110
21 66 0.079109
21 67 0.079109
21 68 0.079108
21 69 0.079108
21 70 0.079107
21 71 0.079107
21 72 0.079106
21 73 0.079106
21 74 0.079105
21 75 0.079105
21 76 0.079104
21 77 0.079104
21 78 0.079103
21 79 0.079103
21 80 0.079102
21 81 0.079102
21 82 0.079101
21 83 0.079100
21 84 0.079100
21 85 0.079099
21 86 0.079098
21 87 0.079097
21 88 0.079096
21 89 0.079095
21 90 0.079094
21 91 0.079093
21 92 0.079092
21 93 0.079091
21 94 0.079091
21 95 0.079090
21 96 0.079089
21 97 0.079089
21 98 0.079088
21 99 0.079088

22 0 0.079085
22 1 0.079085
22 2 0.079086
22 3 0.079086
22 4 0.079087
22 5 0.079088
22 6 0.079089
22 7 0.079090
22 8 0.079091
22 9 0.079093
22 10 0.079094
22 11 0.079095
22 12 0.079097
22 13 0.079098
22 14 0.079099
22 15 0.079100
22 16 0.079101
22 17 0.079102
22 18 0.079102
22 19 0.079103
22 20 0.079103
22 21 0.079103
22 22 0.079103
22 23 0.079104
22 24 0.079104
22 25 0.079104
22 26 0.079104
22 27 0.079104
22 28 0.079104
22 29 0.079104
22 30 0.079104
22 31 0.079105
22 32 0.079106
22 33 0.079106
22 34 0.079107
22 35 0.079108
22 36 0.079109
22 37 0.079111
22 38 0.079112
22 39 0.079113
22 40 0.079114
22 41 0.079115
22 42 0.079115
22 43 0.079116
22 44 0.079116
22 45 0.079117
22 46 0.079117
22 47 0.079117
22 48 0.079116
22 49 0.079116
22 50 0.079116
22 51 0.079115
22 52 0.079115
22 53 0.079114
22 54 0.079114
22 55 0.079113
22 56 0.079113
22 57 0.079112
22 58 0.079112
22 59 0.079112
22 60 0.079111
22 61 0.079111
22 62 0.079111
22 63 0.079110
22 64 0.079110
22 65 0.079110
22 66 0.079109
22 67 0.079109
22 68 0.079108
22 69 0.079108
22 70 0.079107
22 71 0.079107
22 72 0.079106
22 73 0.079105
22 74 0.079105
22 75 0.079105
22 76 0.079104
22 77 0.079104
22 78 0.079103
22 79 0.079103
22 80 0.079103
22 81 0.079102
22 82 0.079102
22 83 0.079101
22 84 0.079100
22 85 0.079100
22 86 0.079099
22 87 0.079098
22 88 0.079097
22 89 0.079096
22 90 0.079095
22 91 0.079094
22 92 0.079093
22 93 0.079092
22 94 0.079092
22 95 0.079091
22 96 0.079090
22 97 0.079090
22 98 0.079089
22 99 0.079089

23 0 0.079087
23 1 0.079087
23 2 0.079087
23 3 0.079088
23 4 0.079089
23 5 0.079090
23 6 0.079091
23 7 0.079092
23 8 0.079093
23 9 0.079095
23 10 0.079096
23 11 0.079097
23 12 0.079099
23 13 0.079100
23 14 0.079101
23 15 0.079102
23 16 0.079103
23 17 0.079104
23 18 0.079104
23 19 0.079105
23 20 0.079105
23 21 0.079105
23 22 0.079105
23 23 0.079105
23 24 0.079105
23 25 0.079105
23 26 0.079105
23 27 0.079105
23 28 0.079105
23 29 0.079106
23 30 0.079106
23 31 0.079107
23 32 0.079107
23 33 0.079108
23 34 0.079109
23 35 0.079110
23 36 0.079111
23 37 0.079112
23 38 0.079113
23 39 0.079114
23 40 0.079115
23 41 0.079115
23 42 0.079116
23 43 0.079116
23 44 0.079117
23 45 0.079117
23 46 0.079117
23 47 0.079117
23 48 0.079116
23 49 0.079116
23 50 0.079115
23 51 0.079115
23 52 0.079114
23 53 0.079114
23 54 0.079113
23 55 0.079113
23 56 0.079112
23 57 0.079112
23 58 0.079111
23 59 0.079111
23 60 0.079111
23 61 0.079111
23 62 0.079110
23 63 0.079110
23 64 0.079110
23 65 0.079109
23 66 0.079109
23 67 0.079108
23 68 0.079108
23 69 0.079107
23 70 0.079107
23 71 0.079106
23 72 0.079106
23 73 0.079105
23 74 0.079105
23 75 0.079104
23 76 0.079104
23 77 0.079104
23 78 0.079103
23 79 0.079103
23 80 0.079103
23 81 0.079102
23 82 0.079102
23 83 0.079102
23 84 0.079101
23 85 0.079100
23 86 0.079100
23 87 0.079099
23 88 0.079098
23 89 0.079097
23 90 0.079096
23 91 0.079095
23 92 0.079094
23 93 0.079093
23 94 0.079093
23 95 0.079092
23 96 0.079091
23 97 0.079091
23 98 0.079090
23 99 0.079090

24 0 0.079088
24 1 0.079088
24 2 0.079089
24 3 0.079089
24 4 0.079090
24 5 0.079091
24 6 0.079092
24 7 0.079094
24 8 0.079095
24 9 0.079097
24 10 0.079098
24 11 0.079100
24 12 0.079101
24 13 0.079102
24 14 0.079103
24 15 0.079105
24 16 0.079105
24 17 0.079106
24 18 0.079107
24 19 0.079107
24 20 0.079107
24 21 0.079108
24 22 0.079108
24 23 0.079107
24 24 0.079107
24 25 0.079107
24 26 0.079107
24 27 0.079107
24 28 0.079107
24 29 0.079107
24 30 0.079108
24 31 0.079108
24 32 0.079109
24 33 0.079110
24 34 0.079110
24 35 0.079111
24 36 0.079112
24 37 0.079113
24 38 0.079114
24 39 0.079115
24 40 0.079116
24 41 0.079116
24 42 0.079117
24 43 0.079117
24 44 0.079117
24 45 0.079117
24 46 0.079117
24 47 0.079116
24 48 0.079116
24 49 0.079115
24 50 0.079115
24 51 0.079114
24 52 0.079114
24 53 0.079113
24 54 0.079112
24 55 0.079112
24 56 0.079112
24 57 0.079111
24 58 0.079111
24 59 0.079111
24 60 0.079110
24 61 0.079110
24 62 0.079110
24 63 0.079110
24 64 0.079109
24 65 0.079109
24 66 0.079109
24 67 0.079108
24 68 0.079108
24 69 0.079107
24 70 0.079107
24 71 0.079106
24 72 0.079106
24 73 0.079105
24 74 0.079105
24 75 0.079104
24 76 0.079104
24 77 0.079104
24 78 0.079104
24 79 0.079103
24 80 0.079103
24 81 0.079103
24 82 0.079103
24 83 0.079102
24 84 0.079102
24 85 0.079101
24 86 0.079101
24 87 0.079100
24 88 0.079099
24 89 0.079098
24 90 0.079097
24 91 0.079096
24 92 0.079095
24 93 0.079094
24 94 0.079093
24 95 0.079092
24 96 0.079092
24 97 0.079091
24 98 0.079091
24 99 0.079091

25 0 0.079089
25 1 0.079089
25 2 0.079090
25 3 0.079090
25 4 0.079091
25 5 0.079093
25 6 0.079094
25 7 0.079095
25 8 0.079097
25 9 0.079099
25 10 0.079100
25 11 0.079102
25 12 0.079103
25 13 0.079104
25 14 0.079106
25 15 0.079107
25 16 0.079108
25 17 0.079108
25 18 0.079109
25 19 0.079109
25 20 0.079110
25 21 0.079110
25 22 0.079110
25 23 0.079110
25 24 0.079109
25 25 0.079109
25 26 0.079109
25 27 0.079109
25 28 0.079109
25 29 0.079109
25 30 0.079109
25 31 0.079110
25 32 0.079110
25 33 0.079111
25 34 0.079112
25 35 0.079113
25 36 0.079113
25 37 0.079114
25 38 0.079115
25 39 0.079116
25 40 0.079116
25 41 0.079117
25 42 0.079117
25 43 0.079117
25 44 0.079117
25 45 0.079117
25 46 0.079117
25 47 0.079116
25 48 0.079116
25 49 0.079115
25 50 0.079114
25 51 0.079114
25 52 0.079113
25 53 0.079112
25 54 0.079112
25 55 0.079111
25 56 0.079111
25 57 0.079111
25 58 0.079110
25 59 0.079110
25 60 0.079110
25 61 0.079110
25 62 0.079110
25 63 0.079109
25 64 0.079109
25 65 0.079109
25 66 0.079108
25 67 0.079108
25 68 0.079107
25 69 0.079107
25 70 0.079107
25 71 0.079106
25 72 0.079106
25 73 0.079105
25 74 0.079105
25 75 0.079105
25 76 0.079104
25 77 0.079104
25 78 0.079104
25 79 0.079104
25 80 0.079104
25 81 0.079104
25 82 0.079103
25 83 0.079103
25 84 0.079102
25 85 0.079102
25 86 0.079101
25 87 0.079101
25 88 0.079100
25 89 0.079099
25 90 0.079098
25 91 0.079097
25 92 0.079096
25 93 0.079095
25 94 0.079094
25 95 0.079093
25 96 0.079092
25 97 0.079092
25 98 0.079091
25 99 0.079091

26 0 0.079090
26 1 0.079090
26 2 0.079091
26 3 0.079092
26 4 0.079093
26 5 0.079094
26 6 0.079095
26 7 0.079097
26 8 0.079099
26 9 0.079100
26 10 0.079102
26 11 0.079104
26 12 0.079105
26 13 0.079107
26 14 0.079108
26 15 0.079109
26 16 0.079110
26 17 0.079111
26 18 0.079111
26 19 0.079112
26 20 0.079112
26 21 0.079112
26 22 0.079112
26 23 0.079112
26 24 0.079112
26 25 0.079111
26 26 0.079111
26 27 0.079111
26 28 0.079111
26 29 0.079111
26 30 0.079111
26 31 0.079111
26 32 0.079112
26 33 0.079113
26 34 0.079113
26 35 0.079114
26 36 0.079115
26 37 0.079115
26 38 0.079116
26 39 0.079117
26 40 0.079117
26 41 0.079117
26 42 0.079117
26 43 0.079117
26 44 0.079117
26 45 0.079117
26 46 0.079116
26 47 0.079116
26 48 0.079115
26 49 0.079114
26 50 0.079114
26 51 0.079113
26 52 0.079112
26 53 0.079112
26 54 0.079111
26 55 0.079111
26 56 0.079110
26 57 0.079110
26 58 0.079110
26 59 0.079110
26 60 0.079110
26 61 0.079110
26 62 0.079109
26 63 0.079109
26 64 0.079109
26 65 0.079109
26 66 0.079108
26 67 0.079108
26 68 0.079108
26 69 0.079107
26 70 0.079107
26 71 0.079106
26 72 0.079106
26 73 0.079105
26 74 0.079105
26 75 0.079105
26 76 0.079105
26 77 0.079105
26 78 0.079105
26 79 0.079104
26 80 0.079104
26 81 0.079104
26 82 0.079104
26 83 0.079104
26 84 0.079103
26 85 0.079103
26 86 0.079102
26 87 0.079101
26 88 0.079101
26 89 0.079100
26 90 0.079099
26 91 0.079098
26 92 0.079097
26 93 0.079096
26 94 0.079095
26 95 0.079094
26 96 0.079093
26 97 0.079092
26 98 0.079092
26 99 0.079092

27 0 0.079091
27 1 0.079091
27 2 0.079092
27 3 0.079093
27 4 0.079094
27 5 0.079095
27 6 0.079097
27 7 0.079098
27 8 0.079100
27 9 0.079102
27 10 0.079104
27 11 0.079106
27 12 0.079107
27 13 0.079109
27 14 0.079110
27 15 0.079111
27 16 0.079112
27 17 0.079113
27 18 0.079114
27 19 0.079114
27 20 0.079114
27 21 0.079114
27 22 0.079114
27 23 0.079114
27 24 0.079114
27 25 0.079113
27 26 0.079113
27 27 0.079113
27 28 0.079113
27 29 0.079113
27 30 0.079113
27 31 0.079113
27 32 0.079114
27 33 0.079114
27 34 0.079115
27 35 0.079115
27 36 0.079116
27 37 0.079116
27 38 0.079117
27 39 0.079117
27 40 0.079118
27 41 0.079118
27 42 0.079118
27 43 0.079118
27 44 0.079117
27 45 0.079117
27 46 0.079116
27 47 0.079115
27 48 0.079115
27 49 0.079114
27 50 0.079113
27 51 0.079112
27 52 0.079112
27 53 0.079111
27 54 0.079111
27 55 0.079110
27 56 0.079110
27 57 0.079110
27 58 0.079110
27 59 0.079110
27 60 0.079110
27 61 0.079109
27 62 0.079109
27 63 0.079109
27 64 0.079109
27 65 0.079109
27 66 0.079109
27 67 0.079108
27 68 0.079108
27 69 0.079107
27 70 0.079107
27 71 0.079107
27 72 0.079106
27 73 0.079106
27 74 0.079106
27 75 0.079105
27 76 0.079105
27 77 0.079105
27 78 0.079105
27 79 0.079105
27 80 0.079105
27 81 0.079105
27 82 0.079105
27 83 0.079104
27 84 0.079104
27 85 0.079104
27 86 0.079103
27 87 0.079102
27 88 0.079101
27 89 0.079100
27 90 0.079099
27 91 0.079098
27 92 0.079097
27 93 0.079096
27 94 0.079095
27 95 0.079094
27 96 0.079093
27 97 0.079093
27 98 0.079092
27 99 0.079092

28 0 0.079092
28 1 0.079092
28 2 0.079093
28 3 0.079094
28 4 0.079095
28 5 0.079096
28 6 0.079098
28 7 0.079100
28 8 0.079102
28 9 0.079104
28 10 0.079106
28 11 0.079108
28 12 0.079109
28 13 0.079111
28 14 0.079112
28 15 0.079114
28 16 0.079115
28 17 0.079116
28 18 0.079116
28 19 0.079116
28 20 0.079117
28 21 0.079117
28 22 0.079116
28 23 0.079116
28 24 0.079116
28 25 0.079115
28 26 0.079115
28 27 0.079115
28 28 0.079115
28 29 0.079115
28 30 0.079115
28 31 0.079115
28 32 0.079115
28 33 0.079115
28 34 0.079116
28 35 0.079116
28 36 0.079117
28 37 0.079117
28 38 0.079118
28 39 0.079118
28 40 0.079118
28 41 0.079118
28 42 0.079118
28 43 0.079118
28 44 0.079117
28 45 0.079117
28 46 0.079116
28 47 0.079115
28 48 0.079114
28 49 0.079113
28 50 0.079113
28 51 0.079112
28 52 0.079111
28 53 0.079111
28 54 0.079110
28 55 0.079110
28 56 0.079110
28 57 0.079110
28 58 0.079109
28 59 0.079110
28 60 0.079110
28 61 0.079110
28 62 0.079110
28 63 0.079110
28 64 0.079109
28 65 0.079109
28 66 0.079109
28 67 0.079109
28 68 0.079108
28 69 0.079108
28 70 0.079108
28 71 0.079107
28 72 0.079107
28 73 0.079107
28 74 0.079106
28 75 0.079106
28 76 0.079106
28 77 0.079106
28 78 0.079106
28 79 0.079106
28 80 0.079106
28 81 0.079106
28 82 0.079106
28 83 0.079105
28 84 0.079105
28 85 0.079104
28 86 0.079104
28 87 0.079103
28 88 0.079102
28 89 0.079101
28 90 0.079100
28 91 0.079099
28 92 0.079098
28 93 0.079096
28 94 0.079095
28 95 0.079094
28 96 0.079093
28 97 0.079093
28 98 0.079092
28 99 0.079092

29 0 0.079092
29 1 0.079093
29 2 0.079093
29 3 0.079094
29 4 0.079096
29 5 0.079097
29 6 0.079099
29 7 0.079101
29 8 0.079103
29 9 0.079105
29 10 0.079107
29 11 0.079109
29 12 0.079111
29 13 0.079113
29 14 0.079115
29 15 0.079116
29 16 0.079117
29 17 0.079118
29 18 0.079118
29 19 0.079119
29 20 0.079119
29 21 0.079119
29 22 0.079119
29 23 0.079118
29 24 0.079118
29 25 0.079118
29 26 0.079117
29 27 0.079117
29 28 0.079116
29 29 0.079116
29 30 0.079116
29 31 0.079116
29 32 0.079116
29 33 0.079117
29 34 0.079117
29 35 0.079118
29 36 0.079118
29 37 0.079118
29 38 0.079119
29 39 0.079119
29 40 0.079119
29 41 0.079119
29 42 0.079118
29 43 0.079118
29 44 0.079117
29 45 0.079117
29 46 0.079116
29 47 0.079115
29 48 0.079114
29 49 0.079113
29 50 0.079112
29 51 0.079111
29 52 0.079111
29 53 0.079110
29 54 0.079110
29 55 0.079110
29 56 0.079110
29 57 0.079110
29 58 0.079110
29 59 0.079110
29 60 0.079110
29 61 0.079110
29 62 0.079110
29 63 0.079110
29 64 0.079110
29 65 0.079110
29 66 0.079110
29 67 0.079110
29 68 0.079109
29 69 0.079109
29 70 0.079108
29 71 0.079108
29 72 0.079108
29 73 0.079108
29 74 0.079107
29 75 0.079107
29 76 0.079107
29 77 0.079107
29 78 0.079107
29 79 0.079107
29 80 0.079107
29 81 0.079107
29 82 0.079107
29 83 0.079106
29 84 0.079106
29 85 0.079105
29 86 0.079105
29 87 0.079104
29 88 0.079103
29 89 0.079102
29 90 0.079101
29 91 0.079099
29 92 0.079098
29 93 0.079097
29 94 0.079096
29 95 0.079094
29 96 0.079093
29 97 0.079093
29 98 0.079092
29 99 0.079092

30 0 0.079093
30 1 0.079093
30 2 0.079094
30 3 0.079095
30 4 0.079097
30 5 0.079098
30 6 0.079100
30 7 0.079102
30 8 0.079105
30 9 0.079107
30 10 0.079109
30 11 0.079111
30 12 0.079113
30 13 0.079115
30 14 0.079117
30 15 0.079118
30 16 0.079119
30 17 0.079120
30 18 0.079121
30 19 0.079121
30 20 0.079121
30 21 0.079121
30 22 0.079121
30 23 0.079120
30 24 0.079120
30 25 0.079120
30 26 0.079119
30 27 0.079119
30 28 0.079118
30 29 0.079118
30 30 0.079118
30 31 0.079118
30 32 0.079118
30 33 0.079118
30 34 0.079118
30 35 0.079119
30 36 0.079119
30 37 0.079119
30 38 0.079119
30 39 0.079119
30 40 0.079119
30 41 0.079119
30 42 0.079119
30 43 0.079118
30 44 0.079117
30 45 0.079117
30 46 0.079116
30 47 0.079115
30 48 0.079114
30 49 0.079113
30 50 0.079112
30 51 0.079111
30 52 0.079111
30 53 0.079110
30 54 0.079110
30 55 0.079110
30 56 0.079110
30 57 0.079110
30 58 0.079110
30 59 0.079110
30 60 0.079110
30 61 0.079111
30 62 0.079111
30 63 0.079111
30 64 0.079111
30 65 0.079111
30 66 0.079111
30 67 0.079111
30 68 0.079110
30 69 0.079110
30 70 0.079110
30 71 0.079109
30 72 0.079109
30 73 0.079109
30 74 0.079108
30 75 0.079108
30 76 0.079108
30 77 0.079108
30 78 0.079108
30 79 0.079108
30 80 0.079108
30 81 0.079108
30 82 0.079107
30 83 0.079107
30 84 0.079107
30 85 0.079106
30 86 0.079105
30 87 0.079104
30 88 0.079103
30 89 0.079102
30 90 0.079101
30 91 0.079100
30 92 0.079098
30 93 0.079097
30 94 0.079096
30 95 0.079095
30 96 0.079094
30 97 0.079093
30 98 0.079092
30 99 0.079092

31 0 0.079093
31 1 0.079094
31 2 0.079095
31 3 0.079096
31 4 0.079097
31 5 0.079099
31 6 0.079101
31 7 0.079104
31 8 0.079106
31 9 0.079108
31 10 0.079111
31 11 0.079113
31 12 0.079115
31 13 0.079117
31 14 0.079119
31 15 0.079120
31 16 0.079121
31 17 0.079122
31 18 0.079123
31 19 0.079123
31 20 0.079123
31 21 0.079123
31 22 0.079123
31 23 0.079123
31 24 0.079122
31 25 0.079121
31 26 0.079121
31 27 0.079120
31 28 0.079120
31 29 0.079120
31 30 0.079119
31 31 0.079119
31 32 0.079119
31 33 0.079119
31 34 0.079119
31 35 0.079120
31 36 0.079120
31 37 0.079120
31 38 0.079120
31 39 0.079120
31 40 0.079120
31 41 0.079119
31 42 0.079119
31 43 0.079118
31 44 0.079117
31 45 0.079117
31 46 0.079116
31 47 0.079115
31 48 0.079114
31 49 0.079113
31 50 0.079112
31 51 0.079111
31 52 0.079111
31 53 0.079110
31 54 0.079110
31 55 0.079110
31 56 0.079110
31 57 0.079110
31 58 0.079111
31 59 0.079111
31 60 0.079111
31 61 0.079111
31 62 0.079112
31 63 0.079112
31 64 0.079112
31 65 0.079112
31 66 0.079112
31 67 0.079112
31 68 0.079112
31 69 0.079111
31 70 0.079111
31 71 0.079111
31 72 0.079110
31 73 0.079110
31 74 0.079110
31 75 0.079110
31 76 0.079109
31 77 0.079109
31 78 0.079109
31 79 0.079109
31 80 0.079109
31 81 0.079109
31 82 0.079109
31 83 0.079108
31 84 0.079108
31 85 0.079107
31 86 0.079106
31 87 0.079105
31 88 0.079104
31 89 0.079103
31 90 0.079102
31 91 0.079100
31 92 0.079099
31 93 0.079097
31 94 0.079096
31 95 0.079095
31 96 0.079094
31 97 0.079093
31 98 0.079092
31 99 0.079092

32 0 0.079094
32 1 0.079094
32 2 0.079095
32 3 0.079097
32 4 0.079098
32 5 0.079100
32 6 0.079102
32 7 0.079105
32 8 0.079107
32 9 0.079110
32 10 0.079112
32 11 0.079115
32 12 0.079117
32 13 0.079119
32 14 0.079121
32 15 0.079122
32 16 0.079123
32 17 0.079124
32 18 0.079125
32 19 0.079125
32 20 0.079125
32 21 0.079125
32 22 0.079125
32 23 0.079124
32 24 0.079124
32 25 0.079123
32 26 0.079123
32 27 0.079122
32 28 0.079121
32 29 0.079121
32 30 0.079121
32 31 0.079120
32 32 0.079120
32 33 0.079120
32 34 0.079120
32 35 0.079120
32 36 0.079120
32 37 0.079121
32 38 0.079121
32 39 0.079120
32 40 0.079120
32 41 0.079120
32 42 0.079119
32 43 0.079119
32 44 0.079118
32 45 0.079117
32 46 0.079116
32 47 0.079115
32 48 0.079114
32 49 0.079113
32 50 0.079112
32 51 0.079112
32 52 0.079111
32 53 0.079111
32 54 0.079111
32 55 0.079111
32 56 0.079111
32 57 0.079111
32 58 0.079111
32 59 0.079112
32 60 0.079112
32 61 0.079113
32 62 0.079113
32 63 0.079113
32 64 0.079113
32 65 0.079113
32 66 0.079113
32 67 0.079113
32 68 0.079113
32 69 0.079113
32 70 0.079112
32 71 0.079112
32 72 0.079112
32 73 0.079111
32 74 0.079111
32 75 0.079111
32 76 0.079111
32 77 0.079111
32 78 0.079110
32 79 0.079110
32 80 0.079110
32 81 0.079110
32 82 0.079110
32 83 0.079109
32 84 0.079109
32 85 0.079108
32 86 0.079107
32 87 0.079106
32 88 0.079105
32 89 0.079104
32 90 0.079102
32 91 0.079101
32 92 0.079099
32 93 0.079098
32 94 0.079096
32 95 0.079095
32 96 0.079094
32 97 0.079093
32 98 0.079092
32 99 0.079092

33 0 0.079094
33 1 0.079095
33 2 0.079096
33 3 0.079097
33 4 0.079099
33 5 0.079101
33 6 0.079103
33 7 0.079106
33 8 0.079108
33 9 0.079111
33 10 0.079114
33 11 0.079116
33 12 0.079118
33 13 0.079121
33 14 0.079122
33 15 0.079124
33 16 0.079125
33 17 0.079126
33 18 0.079127
33 19 0.079127
33 20 0.079127
33 21 0.079127
33 22 0.079127
33 23 0.079126
33 24 0.079125
33 25 0.079125
33 26 0.079124
33 27 0.079123
33 28 0.079123
33 29 0.079122
33 30 0.079122
33 31 0.079121
33 32 0.079121
33 33 0.079121
33 34 0.079121
33 35 0.079121
33 36 0.079121
33 37 0.079121
33 38 0.079121
33 39 0.079121
33 40 0.079121
33 41 0.079120
33 42 0.079120
33 43 0.079119
33 44 0.079118
33 45 0.079117
33 46 0.079116
33 47 0.079115
33 48 0.079114
33 49 0.079114
33 50 0.079113
33 51 0.079112
33 52 0.079112
33 53 0.079111
33 54 0.079111
33 55 0.079111
33 56 0.079112
33 57 0.079112
33 58 0.079112
33 59 0.079113
33 60 0.079113
33 61 0.079114
33 62 0.079114
33 63 0.079115
33 64 0.079115
33 65 0.079115
33 66 0.079115
33 67 0.079115
33 68 0.079115
33 69 0.079114
33 70 0.079114
33 71 0.079114
33 72 0.079113
33 73 0.079113
33 74 0.079113
33 75 0.079112
33 76 0.079112
33 77 0.079112
33 78 0.079112
33 79 0.079112
33 80 0.079111
33 81 0.079111
33 82 0.079111
33 83 0.079110
33 84 0.079109
33 85 0.079109
33 86 0.079108
33 87 0.079107
33 88 0.079105
33 89 0.079104
33 90 0.079103
33 91 0.079101
33 92 0.079099
33 93 0.079098
33 94 0.079096
33 95 0.079095
33 96 0.079094
33 97 0.079093
33 98 0.079093
33 99 0.079092

34 0 0.079095
34 1 0.079096
34 2 0.079097
34 3 0.079098
34 4 0.079100
34 5 0.079102
34 6 0.079104
34 7 0.079107
34 8 0.079110
34 9 0.079112
34 10 0.079115
34 11 0.079117
34 12 0.079120
34 13 0.079122
34 14 0.079124
34 15 0.079126
34 16 0.079127
34 17 0.079128
34 18 0.079128
34 19 0.079129
34 20 0.079129
34 21 0.079129
34 22 0.079128
34 23 0.079128
34 24 0.079127
34 25 0.079126
34 26 0.079125
34 27 0.079125
34 28 0.079124
34 29 0.079123
34 30 0.079123
34 31 0.079122
34 32 0.079123
34 33 0.079122
34 34 0.079122
34 35 0.079122
34 36 0.079122
34 37 0.079122
34 38 0.079121
34 39 0.079121
34 40 0.079121
34 41 0.079121
34 42 0.079121
34 43 0.079121
34 44 0.079120
34 45 0.079120
34 46 0.079120
34 47 0.079120
34 48 0.079120
34 49 0.079120
34 50 0.079120
34 51 0.079120
34 52 0.079120
34 53 0.079120
34 54 0.079119
34 55 0.079119
34 56 0.079119
34 57 0.079119
34 58 0.079119
34 59 0.079119
34 60 0.079119
34 61 0.079119
34 62 0.079118
34 63 0.079118
34 64 0.079118
34 65 0.079118
34 66 0.079118
34 67 0.079118
34 68 0.079118
34 69 0.079118
34 70 0.079118
34 71 0.079117
34 72 0.079117
34 73 0.079117
34 74 0.079117
34 75 0.079116
34 76 0.079116
34 77 0.079115
34 78 0.079114
34 79 0.079114
34 80 0.079113
34 81 0.079112
34 82 0.079111
34 83 0.079110
34 84 0.079109
34 85 0.079108
34 86 0.079107
34 87 0.079106
34 88 0.079105
34 89 0.079104
34 90 0.079103
34 91 0.079102
34 92 0.079101
34 93 0.079101
34 94 0.079100
34 95 0.079100
34 96 0.079100
34 97 0.079101
34 98 0.079101
34 99 0.079101

35 0 0.079107
35 1 0.079107
35 2 0.079108
35 3 0.079108
35 4 0.079109
35 5 0.079110
35 6 0.079112
35 7 0.079113
35 8 0.079114
35 9 0.079116
35 10 0.079117
35 11 0.079119
35 12 0.079120
35 13 0.079121
35 14 0.079122
35 15 0.079123
35 16 0.079124
35 17 0.079125
35 18 0.079125
35 19 0.079125
35 20 0.079126
35 21 0.079126
35 22 0.079126
35 23 0.079126
35 24 0.079125
35 25 0.079125
35 26 0.079125
35 27 0.079125
35 28 0.079125
35 29 0.079124
35 30 0.079124
35 31 0.079124
35 32 0.079123
35 33 0.079123
35 34 0.079123
35 35 0.079123
35 36 0.079123
35 37 0.079122
35 38 0.079122
35 39 0.079122
35 40 0.079122
35 41 0.079122
35 42 0.079122
35 43 0.079121
35 44 0.079121
35 45 0.079121
35 46 0.079121
35 47 0.079121
35 48 0.079121
35 49 0.079121
35 50 0.079121
35 51 0.079121
35 52 0.079121
35 53 0.079121
35 54 0.079121
35 55 0.079120
35 56 0.079120
35 57 0.079120
35 58 0.079120
35 59 0.079120
35 60 0.079120
35 61 0.079120
35 62 0.079120
35 63 0.079120
35 64 0.079119
35 65 0.079119
35 66 0.079119
35 67 0.079119
35 68 0.079119
35 69 0.079119
35 70 0.079119
35 71 0.079118
35 72 0.079118
35 73 0.079118
35 74 0.079117
35 75 0.079117
35 76 0.079117
35 77 0.079116
35 78 0.079115
35 79 0.079115
35 80 0.079114
35 81 0.079113
35 82 0.079112
35 83 0.079111
35 84 0.079110
35 85 0.079109
35 86 0.079108
35 87 0.079107
35 88 0.079106
35 89 0.079105
35 90 0.079104
35 91 0.079103
35 92 0.079102
35 93 0.079102
35 94 0.079102
35 95 0.079102
35 96 0.079102
35 97 0.079102
35 98 0.079103
35 99 0.079102

36 0 0.079108
36 1 0.079109
36 2 0.079110
36 3 0.079110
36 4 0.079111
36 5 0.079112
36 6 0.079113
36 7 0.079115
36 8 0.079116
36 9 0.079117
36 10 0.079119
36 11 0.079120
36 12 0.079121
36 13 0.079122
36 14 0.079123
36 15 0.079124
36 16 0.079125
36 17 0.079126
36 18 0.079126
36 19 0.079127
36 20 0.079127
36 21 0.079127
36 22 0.079127
36 23 0.079127
36 24 0.079126
36 25 0.079126
36 26 0.079126
36 27 0.079126
36 28 0.079125
36 29 0.079125
36 30 0.079125
36 31 0.079125
36 32 0.079124
36 33 0.079124
36 34 0.079124
36 35 0.079124
36 36 0.079123
36 37 0.079123
36 38 0.079123
36 39 0.079123
36 40 0.079123
36 41 0.079123
36 42 0.079123
36 43 0.079122
36 44 0.079122
36 45 0.079122
36 46 0.079122
36 47 0.079122
36 48 0.079122
36 49 0.079122
36 50 0.079122
36 51 0.079122
36 52 0.079122
36 53 0.079122
36 54 0.079122
36 55 0.079122
36 56 0.079121
36 57 0.079121
36 58 0.079121
36 59 0.079121
36 60 0.079121
36 61 0.079121
36 62 0.079121
36 63 0.079121
36 64 0.079121
36 65 0.079120
36 66 0.079120
36 67 0.079120
36 68 0.079120
36 69 0.079120
36 70 0.079120
36 71 0.079120
36 72 0.079119
36 73 0.079119
36 74 0.079118
36 75 0.079118
36 76 0.079118
36 77 0.079117
36 78 0.079116
36 79 0.079116
36 80 0.079115
36 81 0.079114
36 82 0.079113
36 83 0.079113
36 84 0.079112
36 85 0.079111
36 86 0.079109
36 87 0.079108
36 88 0.079107
36 89 0.079106
36 90 0.079105
36 91 0.079105
36 92 0.079104
36 93 0.079103
36 94 0.079103
36 95 0.079103
36 96 0.079103
36 97 0.079103
36 98 0.079104
36 99 0.079104

37 0 0.079110
37 1 0.079111
37 2 0.079111
37 3 0.079112
37 4 0.079113
37 5 0.079114
37 6 0.079115
37 7 0.079116
37 8 0.079118
37 9 0.079119
37 10 0.079120
37 11 0.079121
37 12 0.079123
37 13 0.079124
37 14 0.079125
37 15 0.079126
37 16 0.079126
37 17 0.079127
37 18 0.079127
37 19 0.079128
37 20 0.079128
37 21 0.079128
37 22 0.079128
37 23 0.079127
37 24 0.079127
37 25 0.079127
37 26 0.079127
37 27 0.079126
37 28 0.079126
37 29 0.079126
37 30 0.079126
37 31 0.079125
37 32 0.079125
37 33 0.079125
37 34 0.079125
37 35 0.079124
37 36 0.079124
37 37 0.079124
37 38 0.079124
37 39 0.079124
37 40 0.079124
37 41 0.079124
37 42 0.079123
37 43 0.079123
37 44 0.079123
37 45 0.079123
37 46 0.079123
37 47 0.079123
37 48 0.079123
37 49 0.079123
37 50 0.079123
37 51 0.079123
37 52 0.079123
37 53 0.079123
37 54 0.079123
37 55 0.079123
37 56 0.079123
37 57 0.079123
37 58 0.079122
37 59 0.079122
37 60 0.079122
37 61 0.079122
37 62 0.079122
37 63 0.079122
37 64 0.079122
37 65 0.079122
37 66 0.079121
37 67 0.079121
37 68 0.079121
37 69 0.079121
37 70 0.079121
37 71 0.079121
37 72 0.079120
37 73 0.079120
37 74 0.079119
37 75 0.079119
37 76 0.079119
37 77 0.079118
37 78 0.079117
37 79 0.079117
37 80 0.079116
37 81 0.079115
37 82 0.079115
37 83 0.079114
37 84 0.079113
37 85 0.079112
37 86 0.079111
37 87 0.079110
37 88 0.079108
37 89 0.079108
37 90 0.079107
37 91 0.079106
37 92 0.079105
37 93 0.079105
37 94 0.079104
37 95 0.079104
37 96 0.079105
37 97 0.079105
37 98 0.079106
37 99 0.079105

38 0 0.079112
38 1 0.079113
38 2 0.079113
38 3 0.079114
38 4 0.079115
38 5 0.079116
38 6 0.079117
38 7 0.079118
38 8 0.079119
38 9 0.079120
38 10 0.079122
38 11 0.079123
38 12 0.079124
38 13 0.079125
38 14 0.079126
38 15 0.079127
38 16 0.079127
38 17 0.079128
38 18 0.079128
38 19 0.079128
38 20 0.079129
38 21 0.079129
38 22 0.079128
38 23 0.079128
38 24 0.079128
38 25 0.079128
38 26 0.079127
38 27 0.079127
38 28 0.079127
38 29 0.079126
38 30 0.079126
38 31 0.079126
38 32 0.079126
38 33 0.079126
38 34 0.079125
38 35 0.079125
38 36 0.079125
38 37 0.079125
38 38 0.079125
38 39 0.079125
38 40 0.079125
38 41 0.079125
38 42 0.079124
38 43 0.079124
38 44 0.079124
38 45 0.079124
38 46 0.079124
38 47 0.079124
38 48 0.079124
38 49 0.079124
38 50 0.079124
38 51 0.079124
38 52 0.079124
38 53 0.079124
38 54 0.079124
38 55 0.079124
38 56 0.079124
38 57 0.079124
38 58 0.079124
38 59 0.079123
38 60 0.079123
38 61 0.079123
38 62 0.079123
38 63 0.079123
38 64 0.079123
38 65 0.079123
38 66 0.079123
38 67 0.079122
38 68 0.079122
38 69 0.079122
38 70 0.079122
38 71 0.079121
38 72 0.079121
38 73 0.079121
38 74 0.079120
38 75 0.079120
38 76 0.079120
38 77 0.079119
38 78 0.079118
38 79 0.079118
38 80 0.079117
38 81 0.079116
38 82 0.079116
38 83 0.079115
38 84 0.079114
38 85 0.079113
38 86 0.079112
38 87 0.079111
38 88 0.079110
38 89 0.079109
38 90 0.079108
38 91 0.079107
38 92 0.079107
38 93 0.079106
38 94 0.079106
38 95 0.079106
38 96 0.079106
38 97 0.079107
38 98 0.079107
38 99 0.079107

39 0 0.079114
39 1 0.079115
39 2 0.079115
39 3 0.079116
39 4 0.079116
39 5 0.079117
39 6 0.079118
39 7 0.079119
39 8 0.079121
39 9 0.079122
39 10 0.079123
39 11 0.079124
39 12 0.079125
39 13 0.079126
39 14 0.079127
39 15 0.079128
39 16 0.079128
39 17 0.079129
39 18 0.079129
39 19 0.079129
39 20 0.079129
39 21 0.079129
39 22 0.079129
39 23 0.079129
39 24 0.079129
39 25 0.079128
39 26 0.079128
39 27 0.079128
39 28 0.079127
39 29 0.079127
39 30 0.079127
39 31 0.079127
39 32 0.079126
39 33 0.079126
39 34 0.079126
39 35 0.079126
39 36 0.079126
39 37 0.079126
39 38 0.079126
39 39 0.079126
39 40 0.079125
39 41 0.079125
39 42 0.079125
39 43 0.079125
39 44 0.079125
39 45 0.079125
39 46 0.079125
39 47 0.079125
39 48 0.079125
39 49 0.079125
39 50 0.079125
39 51 0.079125
39 52 0.079126
39 53 0.079126
39 54 0.079125
39 55 0.079125
39 56 0.079125
39 57 0.079125
39 58 0.079125
39 59 0.079125
39 60 0.079125
39 61 0.079124
39 62 0.079124
39 63 0.079124
39 64 0.079124
39 65 0.079124
39 66 0.079123
39 67 0.079123
39 68 0.079123
39 69 0.079123
39 70 0.079123
39 71 0.079122
39 72 0.079122
39 73 0.079122
39 74 0.079121
39 75 0.079121
39 76 0.079121
39 77 0.079120
39 78 0.079119
39 79 0.079119
39 80 0.079118
39 81 0.079117
39 82 0.079117
39 83 0.079116
39 84 0.079115
39 85 0.079114
39 86 0.079113
39 87 0.079112
39 88 0.079111
39 89 0.079110
39 90 0.079109
39 91 0.079109
39 92 0.079108
39 93 0.079108
39 94 0.079108
39 95 0.079108
39 96 0.079109
39 97 0.079109
39 98 0.079110
39 99 0.079108

40 0 0.079115
40 1 0.079117
40 2 0.079117
40 3 0.079118
40 4 0.079119
40 5 0.079120
40 6 0.079121
40 7 0.079121
40 8 0.079123
40 9 0.079124
40 10 0.079125
40 11 0.079125
40 12 0.079126
40 13 0.079127
40 14 0.079128
40 15 0.079129
40 16 0.079129
40 17 0.079129
40 18 0.079130
40 19 0.079130
40 20 0.079130
40 21 0.079130
40 22 0.079130
40 23 0.079129
40 24 0.079129
40 25 0.079129
40 26 0.079129
40 27 0.079128
40 28 0.079128
40 29 0.079128
40 30 0.079128
40 31 0.079127
40 32 0.079127
40 33 0.079127
40 34 0.079127
40 35 0.079127
40 36 0.079127
40 37 0.079127
40 38 0.079126
40 39 0.079126
40 40 0.079126
40 41 0.079126
40 42 0.079126
40 43 0.079126
40 44 0.079126
40 45 0.079126
40 46 0.079126
40 47 0.079126
40 48 0.079126
40 49 0.079127
40 50 0.079127
40 51 0.079127
40 52 0.079127
40 53 0.079127
40 54 0.079127
40 55 0.079126
40 56 0.079126
40 57 0.079126
40 58 0.079126
40 59 0.079126
40 60 0.079126
40 61 0.079125
40 62 0.079125
40 63 0.079125
40 64 0.079125
40 65 0.079125
40 66 0.079124
40 67 0.079124
40 68 0.079124
40 69 0.079124
40 70 0.079124
40 71 0.079123
40 72 0.079123
40 73 0.079123
40 74 0.079122
40 75 0.079122
40 76 0.079121
40 77 0.079121
40 78 0.079120
40 79 0.079120
40 80 0.079119
40 81 0.079118
40 82 0.079118
40 83 0.079117
40 84 0.079116
40 85 0.079115
40 86 0.079114
40 87 0.079113
40 88 0.079112
40 89 0.079112
40 90 0.079111
40 91 0.079110
40 92 0.079110
40 93 0.079110
40 94 0.079110
40 95 0.079110
40 96 0.079110
40 97 0.079110
40 98 0.079111
40 99 0.079110

41 0 0.079117
41 1 0.079119
41 2 0.079119
41 3 0.079120
41 4 0.079120
41 5 0.079121
41 6 0.079122
41 7 0.079123
41 8 0.079124
41 9 0.079125
41 10 0.079126
41 11 0.079127
41 12 0.079128
41 13 0.079128
41 14 0.079129
41 15 0.079129
41 16 0.079130
41 17 0.079130
41 18 0.079130
41 19 0.079130
41 20 0.079130
41 21 0.079130
41 22 0.079130
41 23 0.079130
41 24 0.079130
41 25 0.079129
41 26 0.079129
41 27 0.079129
41 28 0.079129
41 29 0.079128
41 30 0.079128
41 31 0.079128
41 32 0.079128
41 33 0.079128
41 34 0.079127
41 35 0.079127
41 36 0.079127
41 37 0.079127
41 38 0.079127
41 39 0.079127
41 40 0.079127
41 41 0.079127
41 42 0.079127
41 43 0.079127
41 44 0.079127
41 45 0.079127
41 46 0.079127
41 47 0.079127
41 48 0.079127
41 49 0.079127
41 50 0.079128
41 51 0.079128
41 52 0.079128
41 53 0.079128
41 54 0.079127
41 55 0.079127
41 56 0.079127
41 57 0.079127
41 58 0.079127
41 59 0.079127
41 60 0.079126
41 61 0.079126
41 62 0.079126
41 63 0.079126
41 64 0.079126
41 65 0.079125
41 66 0.079125
41 67 0.079125
41 68 0.079125
41 69 0.079125
41 70 0.079124
41 71 0.079124
41 72 0.079124
41 73 0.079123
41 74 0.079123
41 75 0.079123
41 76 0.079122
41 77 0.079122
41 78 0.079121
41 79 0.079121
41 80 0.079120
41 81 0.079119
41 82 0.079119
41 83 0.079118
41 84 0.079117
41 85 0.079116
41 86 0.079115
41 87 0.079114
41 88 0.079113
41 89 0.079113
41 90 0.079112
41 91 0.079112
41 92 0.079111
41 93 0.079111
41 94 0.079111
41 95 0.079111
41 96 0.079112
41 97 0.079112
41 98 0.079112
41 99 0.079111

42 0 0.079119
42 1 0.079120
42 2 0.079120
42 3 0.079121
42 4 0.079122
42 5 0.079122
42 6 0.079123
42 7 0.079124
42 8 0.079125
42 9 0.079126
42 10 0.079127
42 11 0.079128
42 12 0.079128
42 13 0.079129
42 14 0.079130
42 15 0.079130
42 16 0.079131
42 17 0.079131
42 18 0.079131
42 19 0.079131
42 20 0.079131
42 21 0.079131
42 22 0.079131
42 23 0.079130
42 24 0.079130
42 25 0.079130
42 26 0.079129
42 27 0.079129
42 28 0.079129
42 29 0.079129
42 30 0.079129
42 31 0.079128
42 32 0.079128
42 33 0.079128
42 34 0.079128
42 35 0.079128
42 36 0.079128
42 37 0.079128
42 38 0.079128
42 39 0.079128
42 40 0.079128
42 41 0.079128
42 42 0.079128
42 43 0.079128
42 44 0.079128
42 45 0.079128
42 46 0.079128
42 47 0.079128
42 48 0.079128
42 49 0.079128
42 50 0.079128
42 51 0.079128
42 52 0.079128
42 53 0.079128
42 54 0.079128
42 55 0.079128
42 56 0.079128
42 57 0.079128
42 58 0.079128
42 59 0.079128
42 60 0.079127
42 61 0.079127
42 62 0.079127
42 63 0.079127
42 64 0.079126
42 65 0.079126
42 66 0.079126
42 67 0.079126
42 68 0.079125
42 69 0.079125
42 70 0.079125
42 71 0.079125
42 72 0.079124
42 73 0.079124
42 74 0.079124
42 75 0.079123
42 76 0.079123
42 77 0.079123
42 78 0.079122
42 79 0.079121
42 80 0.079121
42 81 0.079120
42 82 0.079119
42 83 0.079119
42 84 0.079118
42 85 0.079117
42 86 0.079116
42 87 0.079115
42 88 0.079115
42 89 0.079114
42 90 0.079113
42 91 0.079113
42 92 0.079113
42 93 0.079113
42 94 0.079113
42 95 0.079113
42 96 0.079113
42 97 0.079113
42 98 0.079114
42 99 0.079113

43 0 0.079120
43 1 0.079121
43 2 0.079122
43 3 0.079122
43 4 0.079123
43 5 0.079124
43 6 0.079125
43 7 0.079125
43 8 0.079126
43 9 0.079127
43 10 0.079128
43 11 0.079129
43 12 0.079129
43 13 0.079130
43 14 0.079130
43 15 0.079131
43 16 0.079131
43 17 0.079131
43 18 0.079131
43 19 0.079131
43 20 0.079131
43 21 0.079131
43 22 0.079131
43 23 0.079131
43 24 0.079130
43 25 0.079130
43 26 0.079130
43 27 0.079130
43 28 0.079129
43 29 0.079129
43 30 0.079129
43 31 0.079129
43 32 0.079129
43 33 0.079129
43 34 0.079128
43 35 0.079128
43 36 0.079128
43 37 0.079128
43 38 0.079128
43 39 0.079128
43 40 0.079128
43 41 0.079128
43 42 0.079128
43 43 0.079129
43 44 0.079129
43 45 0.079129
43 46 0.079129
43 47 0.079129
43 48 0.079129
43 49 0.079129
43 50 0.079129
43 51 0.079129
43 52 0.079129
43 53 0.079129
43 54 0.079129
43 55 0.079129
43 56 0.079129
43 57 0.079129
43 58 0.079128
43 59 0.079128
43 60 0.079128
43 61 0.079128
43 62 0.079127
43 63 0.079127
43 64 0.079127
43 65 0.079127
43 66 0.079126
43 67 0.079126
43 68 0.079126
43 69 0.079126
43 70 0.079125
43 71 0.079125
43 72 0.079125
43 73 0.079125
43 74 0.079124
43 75 0.079124
43 76 0.079124
43 77 0.079123
43 78 0.079123
43 79 0.079122
43 80 0.079122
43 81 0.079121
43 82 0.079120
43 83 0.079119
43 84 0.079119
43 85 0.079118
43 86 0.079117
43 87 0.079116
43 88 0.079116
43 89 0.079115
43 90 0.079115
43 91 0.079114
43 92 0.079114
43 93 0.079114
43 94 0.079114
43 95 0.079114
43 96 0.079114
43 97 0.079114
43 98 0.079115
43 99 0.079114

44 0 0.079121
44 1 0.079122
44 2 0.079123
44 3 0.079123
44 4 0.079124
44 5 0.079125
44 6 0.079126
44 7 0.079126
44 8 0.079127
44 9 0.079128
44 10 0.079129
44 11 0.079129
44 12 0.079130
44 13 0.079130
44 14 0.079131
44 15 0.079131
44 16 0.079132
44 17 0.079132
44 18 0.079132
44 19 0.079132
44 20 0.079132
44 21 0.079131
44 22 0.079131
44 23 0.079131
44 24 0.079131
44 25 0.079130
44 26 0.079130
44 27 0.079130
44 28 0.079129
44 29 0.079129
44 30 0.079129
44 31 0.079129
44 32 0.079129
44 33 0.079129
44 34 0.079129
44 35 0.079129
44 36 0.079129
44 37 0.079129
44 38 0.079129
44 39 0.079129
44 40 0.079129
44 41 0.079129
44 42 0.079129
44 43 0.079129
44 44 0.079129
44 45 0.079129
44 46 0.079129
44 47 0.079130
44 48 0.079130
44 49 0.079130
44 50 0.079130
44 51 0.079130
44 52 0.079130
44 53 0.079130
44 54 0.079130
44 55 0.079130
44 56 0.079129
44 57 0.079129
44 58 0.079129
44 59 0.079129
44 60 0.079128
44 61 0.079128
44 62 0.079128
44 63 0.079128
44 64 0.079127
44 65 0.079127
44 66 0.079127
44 67 0.079127
44 68 0.079126
44 69 0.079126
44 70 0.079126
44 71 0.079126
44 72 0.079125
44 73 0.079125
44 74 0.079125
44 75 0.079124
44 76 0.079124
44 77 0.079124
44 78 0.079123
44 79 0.079123
44 80 0.079122
44 81 0.079121
44 82 0.079121
44 83 0.079120
44 84 0.079119
44 85 0.079118
44 86 0.079118
44 87 0.079117
44 88 0.079116
44 89 0.079116
44 90 0.079116
44 91 0.079116
44 92 0.079115
44 93 0.079115
44 94 0.079115
44 95 0.079115
44 96 0.079115
44 97 0.079115
44 98 0.079116
44 99 0.079115

45 0 0.079122
45 1 0.079124
45 2 0.079124
45 3 0.079125
45 4 0.079125
45 5 0.079126
45 6 0.079127
45 7 0.079127
45 8 0.079128
45 9 0.079129
45 10 0.079129
45 11 0.079130
45 12 0.079130
45 13 0.079131
45 14 0.079131
45 15 0.079131
45 16 0.079131
45 17 0.079132
45 18 0.079132
45 19 0.079132
45 20 0.079131
45 21 0.079131
45 22 0.079131
45 23 0.079131
45 24 0.079131
45 25 0.079130
45 26 0.079130
45 27 0.079130
45 28 0.079130
45 29 0.079130
45 30 0.079130
45 31 0.079129
45 32 0.079129
45 33 0.079129
45 34 0.079129
45 35 0.079129
45 36 0.079129
45 37 0.079129
45 38 0.079129
45 39 0.079129
45 40 0.079129
45 41 0.079129
45 42 0.079129
45 43 0.079129
45 44 0.079130
45 45 0.079130
45 46 0.079130
45 47 0.079130
45 48 0.079130
45 49 0.079130
45 50 0.079130
45 51 0.079130
45 52 0.079130
45 53 0.079130
45 54 0.079130
45 55 0.079130
45 56 0.079130
45 57 0.079130
45 58 0.079129
45 59 0.079129
45 60 0.079129
45 61 0.079128
45 62 0.079128
45 63 0.079128
45 64 0.079127
45 65 0.079127
45 66 0.079127
45 67 0.079127
45 68 0.079126
45 69 0.079126
45 70 0.079126
45 71 0.079126
45 72 0.079125
45 73 0.079125
45 74 0.079125
45 75 0.079125
45 76 0.079124
45 77 0.079124
45 78 0.079123
45 79 0.079123
45 80 0.079122
45 81 0.079122
45 82 0.079121
45 83 0.079120
45 84 0.079120
45 85 0.079119
45 86 0.079118
45 87 0.079118
45 88 0.079117
45 89 0.079117
45 90 0.079116
45 91 0.079116
45 92 0.079116
45 93 0.079116
45 94 0.079116
45 95 0.079116
45 96 0.079116
45 97 0.079116
45 98 0.079116
45 99 0.079116

46 0 0.079123
46 1 0.079124
46 2 0.079125
46 3 0.079125
46 4 0.079126
46 5 0.079127
46 6 0.079127
46 7 0.079128
46 8 0.079129
46 9 0.079129
46 10 0.079130
46 11 0.079130
46 12 0.079131
46 13 0.079131
46 14 0.079131
46 15 0.079131
46 16 0.079132
46 17 0.079132
46 18 0.079132
46 19 0.079132
46 20 0.079131
46 21 0.079131
46 22 0.079131
46 23 0.079131
46 24 0.079131
46 25 0.079130
46 26 0.079130
46 27 0.079130
46 28 0.079130
46 29 0.079130
46 30 0.079130
46 31 0.079129
46 32 0.079129
46 33 0.079129
46 34 0.079129
46 35 0.079129
46 36 0.079129
46 37 0.079129
46 38 0.079129
46 39 0.079129
46 40 0.079129
46 41 0.079130
46 42 0.079130
46 43 0.079130
46 44 0.079130
46 45 0.079130
46 46 0.079130
46 47 0.079130
46 48 0.079130
46 49 0.079130
46 50 0.079131
46 51 0.079131
46 52 0.079131
46 53 0.079131
46 54 0.079130
46 55 0.079130
46 56 0.079130
46 57 0.079130
46 58 0.079130
46 59 0.079129
46 60 0.079129
46 61 0.079129
46 62 0.079128
46 63 0.079128
46 64 0.079128
46 65 0.079127
46 66 0.079127
46 67 0.079127
46 68 0.079126
46 69 0.079126
46 70 0.079126
46 71 0.079126
46 72 0.079125
46 73 0.079125
46 74 0.079125
46 75 0.079125
46 76 0.079124
46 77 0.079124
46 78 0.079123
46 79 0.079123
46 80 0.079122
46 81 0.079122
46 82 0.079121
46 83 0.079120
46 84 0.079120
46 85 0.079119
46 86 0.079119
46 87 0.079118
46 88 0.079118
46 89 0.079117
46 90 0.079117
46 91 0.079117
46 92 0.079117
46 93 0.079117
46 94 0.079117
46 95 0.079117
46 96 0.079117
46 97 0.079116
46 98 0.079117
46 99 0.079116

47 0 0.079124
47 1 0.079125
47 2 0.079125
47 3 0.079126
47 4 0.079126
47 5 0.079127
47 6 0.079128
47 7 0.079128
47 8 0.079129
47 9 0.079129
47 10 0.079130
47 11 0.079130
47 12 0.079131
47 13 0.079131
47 14 0.079131
47 15 0.079131
47 16 0.079131
47 17 0.079132
47 18 0.079131
47 19 0.079131
47 20 0.079131
47 21 0.079131
47 22 0.079131
47 23 0.079131
47 24 0.079130
47 25 0.079130
47 26 0.079130
47 27 0.079130
47 28 0.079130
47 29 0.079129
47 30 0.079129
47 31 0.079129
47 32 0.079129
47 33 0.079129
47 34 0.079129
47 35 0.079129
47 36 0.079129
47 37 0.079129
47 38 0.079129
47 39 0.079129
47 40 0.079130
47 41 0.079130
47 42 0.079130
47 43 0.079130
47 44 0.079130
47 45 0.079130
47 46 0.079130
47 47 0.079130
47 48 0.079130
47 49 0.079131
47 50 0.079131
47 51 0.079131
47 52 0.079131
47 53 0.079131
47 54 0.079131
47 55 0.079130
47 56 0.079130
47 57 0.079130
47 58 0.079130
47 59 0.079129
47 60 0.079129
47 61 0.079129
47 62 0.079128
47 63 0.079128
47 64 0.079127
47 65 0.079127
47 66 0.079127
47 67 0.079127
47 68 0.079126
47 69 0.079126
47 70 0.079126
47 71 0.079126
47 72 0.079125
47 73 0.079125
47 74 0.079125
47 75 0.079124
47 76 0.079124
47 77 0.079124
47 78 0.079123
47 79 0.079123
47 80 0.079122
47 81 0.079122
47 82 0.079121
47 83 0.079120
47 84 0.079120
47 85 0.079119
47 86 0.079119
47 87 0.079118
47 88 0.079118
47 89 0.079118
47 90 0.079117
47 91 0.079117
47 92 0.079117
47 93 0.079117
47 94 0.079117
47 95 0.079117
47 96 0.079117
47 97 0.079116
47 98 0.079117
47 99 0.079117

48 0 0.079124
48 1 0.079125
48 2 0.079125
48 3 0.079126
48 4 0.079126
48 5 0.079127
48 6 0.079128
48 7 0.079128
48 8 0.079129
48 9 0.079129
48 10 0.079130
48 11 0.079130
48 12 0.079131
48 13 0.079131
48 14 0.079131
48 15 0.079131
48 16 0.079131
48 17 0.079131
48 18 0.079131
48 19 0.079131
48 20 0.079131
48 21 0.079131
48 22 0.079130
48 23 0.079130
48 24 0.079130
48 25 0.079130
48 26 0.079130
48 27 0.079129
48 28 0.079129
48 29 0.079129
48 30 0.079129
48 31 0.079129
48 32 0.079129
48 33 0.079129
48 34 0.079129
48 35 0.079129
48 36 0.079129
48 37 0.079129
48 38 0.079129
48 39 0.079129
48 40 0.079129
48 41 0.079130
48 42 0.079130
48 43 0.079130
48 44 0.079130
48 45 0.079130
48 46 0.079130
48 47 0.079130
48 48 0.079130
48 49 0.079131
48 50 0.079131
48 51 0.079131
48 52 0.079131
48 53 0.079131
48 54 0.079130
48 55 0.079130
48 56 0.079130
48 57 0.079130
48 58 0.079129
48 59 0.079129
48 60 0.079129
48 61 0.079128
48 62 0.079128
48 63 0.079128
48 64 0.079127
48 65 0.079127
48 66 0.079127
48 67 0.079126
48 68 0.079126
48 69 0.079126
48 70 0.079125
48 71 0.079125
48 72 0.079125
48 73 0.079125
48 74 0.079124
48 75 0.079124
48 76 0.079124
48 77 0.079123
48 78 0.079123
48 79 0.079122
48 80 0.079122
48 81 0.079121
48 82 0.079121
48 83 0.079120
48 84 0.079120
48 85 0.079119
48 86 0.079119
48 87 0.079118
48 88 0.079118
48 89 0.079118
48 90 0.079117
48 91 0.079117
48 92 0.079117
48 93 0.079117
48 94 0.079117
48 95 0.079117
48 96 0.079117
48 97 0.079116
48 98 0.079117
48 99 0.079117

49 0 0.079124
49 1 0.079124
49 2 0.079125
49 3 0.079126
49 4 0.079126
49 5 0.079127
49 6 0.079128
49 7 0.079128
49 8 0.079129
49 9 0.079129
49 10 0.079130
49 11 0.079130
49 12 0.079130
49 13 0.079131
49 14 0.079131
49 15 0.079131
49 16 0.079131
49 17 0.079131
49 18 0.079131
49 19 0.079130
49 20 0.079130
49 21 0.079130
49 22 0.079130
49 23 0.079130
49 24 0.079129
49 25 0.079129
49 26 0.079129
49 27 0.079129
49 28 0.079129
49 29 0.079129
49 30 0.079129
49 31 0.079129
49 32 0.079129
49 33 0.079129
49 34 0.079129
49 35 0.079129
49 36 0.079129
49 37 0.079129
49 38 0.079129
49 39 0.079129
49 40 0.079129
49 41 0.079129
49 42 0.079129
49 43 0.079130
49 44 0.079130
49 45 0.079130
49 46 0.079130
49 47 0.079130
49 48 0.079130
49 49 0.079130
49 50 0.079130
49 51 0.079130
49 52 0.079130
49 53 0.079130
49 54 0.079130
49 55 0.079130
49 56 0.079130
49 57 0.079129
49 58 0.079129
49 59 0.079129
49 60 0.079128
49 61 0.079128
49 62 0.079128
49 63 0.079127
49 64 0.079127
49 65 0.079126
49 66 0.079126
49 67 0.079126
49 68 0.079125
49 69 0.079125
49 70 0.079125
49 71 0.079125
49 72 0.079124
49 73 0.079124
49 74 0.079124
49 75 0.079123
49 76 0.079123
49 77 0.079123
49 78 0.079122
49 79 0.079122
49 80 0.079121
49 81 0.079121
49 82 0.079120
49 83 0.079120
49 84 0.079119
49 85 0.079119
49 86 0.079118
49 87 0.079118
49 88 0.079118
49 89 0.079118
49 90 0.079117
49 91 0.079117
49 92 0.079117
49 93 0.079117
49 94 0.079117
49 95 0.079117
49 96 0.079116
49 97 0.079116
49 98 0.079116
49 99 0.079116

50 0 0.079124
50 1 0.079124
50 2 0.079124
50 3 0.079125
50 4 0.079126
50 5 0.079126
50 6 0.079127
50 7 0.079127
50 8 0.079128
50 9 0.079128
50 10 0.079129
50 11 0.079129
50 12 0.079129
50 13 0.079130
50 14 0.079130
50 15 0.079130
50 16 0.079130
50 17 0.079130
50 18 0.079130
50 19 0.079129
50 20 0.079129
50 21 0.079129
50 22 0.079129
50 23 0.079129
50 24 0.079129
50 25 0.079129
50 26 0.079128
50 27 0.079128
50 28 0.079128
50 29 0.079128
50 30 0.079128
50 31 0.079128
50 32 0.079128
50 33 0.079128
50 34 0.079128
50 35 0.079128
50 36 0.079128
50 37 0.079128
50 38 0.079128
50 39 0.079128
50 40 0.079129
50 41 0.079129
50 42 0.079129
50 43 0.079129
50 44 0.079129
50 45 0.079129
50 46 0.079129
50 47 0.079129
50 48 0.079130
50 49 0.079130
50 50 0.079130
50 51 0.079130
50 52 0.079130
50 53 0.079130
50 54 0.079130
50 55 0.079129
50 56 0.079129
50 57 0.079129
50 58 0.079128
50 59 0.079128
50 60 0.079128
50 61 0.079127
50 62 0.079127
50 63 0.079126
50 64 0.079126
50 65 0.079125
50 66 0.079125
50 67 0.079125
50 68 0.079124
50 69 0.079124
50 70 0.079124
50 71 0.079124
50 72 0.079123
50 73 0.079123
50 74 0.079123
50 75 0.079123
50 76 0.079122
50 77 0.079122
50 78 0.079121
50 79 0.079121
50 80 0.079120
50 81 0.079120
50 82 0.079119
50 83 0.079119
50 84 0.079118
50 85 0.079118
50 86 0.079118
50 87 0.079117
50 88 0.079117
50 89 0.079117
50 90 0.079117
50 91 0.079117
50 92 0.079116
50 93 0.079116
50 94 0.079116
50 95 0.079116
50 96 0.079115
50 97 0.079115
50 98 0.079116
50 99 0.079116

51 0 0.079123
51 1 0.079123
51 2 0.079124
51 3 0.079124
51 4 0.079125
51 5 0.079126
51 6 0.079126
51 7 0.079127
51 8 0.079127
51 9 0.079128
51 10 0.079128
51 11 0.079128
51 12 0.079129
51 13 0.079129
51 14 0.079129
51 15 0.079129
51 16 0.079129
51 17 0.079129
51 18 0.079129
51 19 0.079129
51 20 0.079128
51 21 0.079128
51 22 0.079128
51 23 0.079128
51 24 0.079128
51 25 0.079128
51 26 0.079128
51 27 0.079128
51 28 0.079127
51 29 0.079127
51 30 0.079127
51 31 0.079128
51 32 0.079128
51 33 0.079128
51 34 0.079128
51 35 0.079128
51 36 0.079128
51 37 0.079128
51 38 0.079128
51 39 0.079128
51 40 0.079128
51 41 0.079128
51 42 0.079128
51 43 0.079128
51 44 0.079129
51 45 0.079129
51 46 0.079129
51 47 0.079129
51 48 0.079129
51 49 0.079129
51 50 0.079129
51 51 0.079129
51 52 0.079129
51 53 0.079129
51 54 0.079129
51 55 0.079129
51 56 0.079129
51 57 0.079128
51 58 0.079128
51 59 0.079127
51 60 0.079127
51 61 0.079126
51 62 0.079126
51 63 0.079126
51 64 0.079125
51 65 0.079125
51 66 0.079124
51 67 0.079124
51 68 0.079124
51 69 0.079123
51 70 0.079123
51 71 0.079123
51 72 0.079122
51 73 0.079122
51 74 0.079122
51 75 0.079122
51 76 0.079121
51 77 0.079121
51 78 0.079120
51 79 0.079120
51 80 0.079119
51 81 0.079119
51 82 0.079118
51 83 0.079118
51 84 0.079118
51 85 0.079117
51 86 0.079117
51 87 0.079117
51 88 0.079117
51 89 0.079116
51 90 0.079116
51 91 0.079116
51 92 0.079116
51 93 0.079116
51 94 0.079115
51 95 0.079115
51 96 0.079115
51 97 0.079115
51 98 0.079115
51 99 0.079115

52 0 0.079122
52 1 0.079122
52 2 0.079123
52 3 0.079123
52 4 0.079124
52 5 0.079125
52 6 0.079125
52 7 0.079126
52 8 0.079126
52 9 0.079127
52 10 0.079127
52 11 0.079128
52 12 0.079128
52 13 0.079128
52 14 0.079128
52 15 0.079128
52 16 0.079128
52 17 0.079128
52 18 0.079128
52 19 0.079128
52 20 0.079127
52 21 0.079127
52 22 0.079127
52 23 0.079127
52 24 0.079127
52 25 0.079127
52 26 0.079127
52 27 0.079127
52 28 0.079127
52 29 0.079127
52 30 0.079127
52 31 0.079127
52 32 0.079127
52 33 0.079127
52 34 0.079127
52 35 0.079127
52 36 0.079127
52 37 0.079127
52 38 0.079127
52 39 0.079127
52 40 0.079127
52 41 0.079127
52 42 0.079128
52 43 0.079128
52 44 0.079128
52 45 0.079128
52 46 0.079128
52 47 0.079128
52 48 0.079128
52 49 0.079129
52 50 0.079129
52 51 0.079129
52 52 0.079129
52 53 0.079129
52 54 0.079128
52 55 0.079128
52 56 0.079128
52 57 0.079127
52 58 0.079127
52 59 0.079127
52 60 0.079126
52 61 0.079126
52 62 0.079125
52 63 0.079125
52 64 0.079124
52 65 0.079124
52 66 0.079123
52 67 0.079123
52 68 0.079123
52 69 0.079122
52 70 0.079122
52 71 0.079122
52 72 0.079121
52 73 0.079121
52 74 0.079121
52 75 0.079120
52 76 0.079120
52 77 0.079120
52 78 0.079119
52 79 0.079119
52 80 0.079118
52 81 0.079118
52 82 0.079117
52 83 0.079117
52 84 0.079117
52 85 0.079116
52 86 0.079116
52 87 0.079116
52 88 0.079116
52 89 0.079116
52 90 0.079115
52 91 0.079115
52 92 0.079115
52 93 0.079115
52 94 0.079114
52 95 0.079114
52 96 0.079114
52 97 0.079114
52 98 0.079114
52 99 0.079114

53 0 0.079121
53 1 0.079121
53 2 0.079122
53 3 0.079122
53 4 0.079123
53 5 0.079124
53 6 0.079124
53 7 0.079125
53 8 0.079125
53 9 0.079126
53 10 0.079126
53 11 0.079126
53 12 0.079127
53 13 0.079127
53 14 0.079127
53 15 0.079127
53 16 0.079127
53 17 0.079127
53 18 0.079127
53 19 0.079126
53 20 0.079126
53 21 0.079126
53 22 0.079126
53 23 0.079126
53 24 0.079126
53 25 0.079126
53 26 0.079125
53 27 0.079125
53 28 0.079125
53 29 0.079125
53 30 0.079126
53 31 0.079126
53 32 0.079126
53 33 0.079126
53 34 0.079126
53 35 0.079126
53 36 0.079126
53 37 0.079126
53 38 0.079126
53 39 0.079126
53 40 0.079127
53 41 0.079127
53 42 0.079127
53 43 0.079127
53 44 0.079127
53 45 0.079127
53 46 0.079127
53 47 0.079128
53 48 0.079128
53 49 0.079128
53 50 0.079128
53 51 0.079128
53 52 0.079128
53 53 0.079128
53 54 0.079128
53 55 0.079127
53 56 0.079127
53 57 0.079127
53 58 0.079126
53 59 0.079126
53 60 0.079125
53 61 0.079125
53 62 0.079124
53 63 0.079124
53 64 0.079123
53 65 0.079123
53 66 0.079122
53 67 0.079122
53 68 0.079121
53 69 0.079121
53 70 0.079121
53 71 0.079120
53 72 0.079120
53 73 0.079120
53 74 0.079119
53 75 0.079119
53 76 0.079119
53 77 0.079118
53 78 0.079118
53 79 0.079117
53 80 0.079117
53 81 0.079117
53 82 0.079116
53 83 0.079116
53 84 0.079116
53 85 0.079115
53 86 0.079115
53 87 0.079115
53 88 0.079115
53 89 0.079115
53 90 0.079115
53 91 0.079114
53 92 0.079114
53 93 0.079114
53 94 0.079113
53 95 0.079113
53 96 0.079113
53 97 0.079113
53 98 0.079113
53 99 0.079113

54 0 0.079120
54 1 0.079120
54 2 0.079121
54 3 0.079121
54 4 0.079122
54 5 0.079122
54 6 0.079123
54 7 0.079124
54 8 0.079124
54 9 0.079125
54 10 0.079125
54 11 0.079125
54 12 0.079126
54 13 0.079126
54 14 0.079126
54 15 0.079126
54 16 0.079126
54 17 0.079125
54 18 0.079125
54 19 0.079125
54 20 0.079125
54 21 0.079125
54 22 0.079125
54 23 0.079124
54 24 0.079124
54 25 0.079124
54 26 0.079124
54 27 0.079124
54 28 0.079124
54 29 0.079124
54 30 0.079124
54 31 0.079124
54 32 0.079125
54 33 0.079125
54 34 0.079125
54 35 0.079125
54 36 0.079125
54 37 0.079125
54 38 0.079125
54 39 0.079126
54 40 0.079126
54 41 0.079126
54 42 0.079126
54 43 0.079126
54 44 0.079126
54 45 0.079127
54 46 0.079127
54 47 0.079127
54 48 0.079127
54 49 0.079127
54 50 0.079127
54 51 0.079127
54 52 0.079127
54 53 0.079127
54 54 0.079127
54 55 0.079126
54 56 0.079126
54 57 0.079126
54 58 0.079125
54 59 0.079125
54 60 0.079124
54 61 0.079124
54 62 0.079123
54 63 0.079122
54 64 0.079122
54 65 0.079121
54 66 0.079121
54 67 0.079121
54 68 0.079120
54 69 0.079120
54 70 0.079119
54 71 0.079119
54 72 0.079119
54 73 0.079118
54 74 0.079118
54 75 0.079118
54 76 0.079117
54 77 0.079117
54 78 0.079116
54 79 0.079116
54 80 0.079116
54 81 0.079115
54 82 0.079115
54 83 0.079115
54 84 0.079115
54 85 0.079114
54 86 0.079114
54 87 0.079114
54 88 0.079114
54 89 0.079114
54 90 0.079113
54 91 0.079113
54 92 0.079113
54 93 0.079113
54 94 0.079112
54 95 0.079112
54 96 0.079112
54 97 0.079112
54 98 0.079112
54 99 0.079112

55 0 0.079119
55 1 0.079119
55 2 0.079119
55 3 0.079120
55 4 0.079121
55 5 0.079121
55 6 0.079122
55 7 0.079122
55 8 0.079123
55 9 0.079123
55 10 0.079124
55 11 0.079124
55 12 0.079124
55 13 0.079124
55 14 0.079124
55 15 0.079124
55 16 0.079124
55 17 0.079124
55 18 0.079124
55 19 0.079124
55 20 0.079124
55 21 0.079123
55 22 0.079123
55 23 0.079123
55 24 0.079123
55 25 0.079123
55 26 0.079123
55 27 0.079123
55 28 0.079123
55 29 0.079123
55 30 0.079123
55 31 0.079123
55 32 0.079123
55 33 0.079124
55 34 0.079124
55 35 0.079124
55 36 0.079124
55 37 0.079124
55 38 0.079124
55 39 0.079124
55 40 0.079125
55 41 0.079125
55 42 0.079125
55 43 0.079125
55 44 0.079125
55 45 0.079125
55 46 0.079126
55 47 0.079126
55 48 0.079126
55 49 0.079126
55 50 0.079126
55 51 0.079126
55 52 0.079126
55 53 0.079126
55 54 0.079126
55 55 0.079125
55 56 0.079125
55 57 0.079124
55 58 0.079124
55 59 0.079123
55 60 0.079123
55 61 0.079122
55 62 0.079122
55 63 0.079121
55 64 0.079121
55 65 0.079120
55 66 0.079120
55 67 0.079119
55 68 0.079119
55 69 0.079118
55 70 0.079118
55 71 0.079118
55 72 0.079117
55 73 0.079117
55 74 0.079116
55 75 0.079116
55 76 0.079116
55 77 0.079115
55 78 0.079115
55 79 0.079115
55 80 0.079114
55 81 0.079114
55 82 0.079114
55 83 0.079113
55 84 0.079113
55 85 0.079113
55 86 0.079113
55 87 0.079113
55 88 0.079112
55 89 0.079112
55 90 0.079112
55 91 0.079112
55 92 0.079111
55 93 0.079111
55 94 0.079111
55 95 0.079110
55 96 0.079110
55 97 0.079110
55 98 0.079110
55 99 0.079111

56 0 0.079117
56 1 0.079118
56 2 0.079118
56 3 0.079119
56 4 0.079119
56 5 0.079120
56 6 0.079120
56 7 0.079121
56 8 0.079121
56 9 0.079122
56 10 0.079122
56 11 0.079122
56 12 0.079122
56 13 0.079122
56 14 0.079123
56 15 0.079122
56 16 0.079122
56 17 0.079122
56 18 0.079122
56 19 0.079122
56 20 0.079122
56 21 0.079122
56 22 0.079122
56 23 0.079122
56 24 0.079122
56 25 0.079122
56 26 0.079122
56 27 0.079122
56 28 0.079122
56 29 0.079122
56 30 0.079122
56 31 0.079122
56 32 0.079122
56 33 0.079122
56 34 0.079123
56 35 0.079123
56 36 0.079123
56 37 0.079123
56 38 0.079123
56 39 0.079123
56 40 0.079124
56 41 0.079124
56 42 0.079124
56 43 0.079124
56 44 0.079124
56 45 0.079125
56 46 0.079125
56 47 0.079125
56 48 0.079125
56 49 0.079125
56 50 0.079125
56 51 0.079125
56 52 0.079125
56 53 0.079125
56 54 0.079125
56 55 0.079124
56 56 0.079124
56 57 0.079123
56 58 0.079123
56 59 0.079122
56 60 0.079122
56 61 0.079121
56 62 0.079121
56 63 0.079120
56 64 0.079119
56 65 0.079119
56 66 0.079118
56 67 0.079118
56 68 0.079117
56 69 0.079117
56 70 0.079116
56 71 0.079116
56 72 0.079116
56 73 0.079115
56 74 0.079115
56 75 0.079115
56 76 0.079114
56 77 0.079114
56 78 0.079113
56 79 0.079113
56 80 0.079113
56 81 0.079113
56 82 0.079112
56 83 0.079112
56 84 0.079112
56 85 0.079112
56 86 0.079111
56 87 0.079111
56 88 0.079111
56 89 0.079111
56 90 0.079111
56 91 0.079111
56 92 0.079110
56 93 0.079110
56 94 0.079109
56 95 0.079109
56 96 0.079109
56 97 0.079109
56 98 0.079109
56 99 0.079109

57 0 0.079116
57 1 0.079116
57 2 0.079117
57 3 0.079117
57 4 0.079118
57 5 0.079118
57 6 0.079119
57 7 0.079119
57 8 0.079120
57 9 0.079120
57 10 0.079120
57 11 0.079121
57 12 0.079121
57 13 0.079121
57 14 0.079121
57 15 0.079121
57 16 0.079121
57 17 0.079121
57 18 0.079121
57 19 0.079120
57 20 0.079120
57 21 0.079120
57 22 0.079120
57 23 0.079120
57 24 0.079120
57 25 0.079120
57 26 0.079120
57 27 0.079120
57 28 0.079120
57 29 0.079120
57 30 0.079121
57 31 0.079121
57 32 0.079121
57 33 0.079121
57 34 0.079121
57 35 0.079122
57 36 0.079122
57 37 0.079122
57 38 0.079122
57 39 0.079122
57 40 0.079123
57 41 0.079123
57 42 0.079123
57 43 0.079123
57 44 0.079123
57 45 0.079124
57 46 0.079124
57 47 0.079124
57 48 0.079124
57 49 0.079124
57 50 0.079124
57 51 0.079124
57 52 0.079124
57 53 0.079124
57 54 0.079124
57 55 0.079123
57 56 0.079123
57 57 0.079122
57 58 0.079122
57 59 0.079121
57 60 0.079121
57 61 0.079120
57 62 0.079119
57 63 0.079119
57 64 0.079118
57 65 0.079117
57 66 0.079117
57 67 0.079116
57 68 0.079116
57 69 0.079115
57 70 0.079115
57 71 0.079115
57 72 0.079114
57 73 0.079114
57 74 0.079113
57 75 0.079113
57 76 0.079113
57 77 0.079112
57 78 0.079112
57 79 0.079112
57 80 0.079111
57 81 0.079111
57 82 0.079111
57 83 0.079111
57 84 0.079110
57 85 0.079110
57 86 0.079110
57 87 0.079110
57 88 0.079110
57 89 0.079110
57 90 0.079109
57 91 0.079109
57 92 0.079109
57 93 0.079109
57 94 0.079108
57 95 0.079108
57 96 0.079108
57 97 0.079108
57 98 0.079108
57 99 0.079108

58 0 0.079114
58 1 0.079115
58 2 0.079115
58 3 0.079116
58 4 0.079116
58 5 0.079117
58 6 0.079117
58 7 0.079118
58 8 0.079118
58 9 0.079119
58 10 0.079119
58 11 0.079119
58 12 0.079119
58 13 0.079119
58 14 0.079119
58 15 0.079119
58 16 0.079119
58 17 0.079119
58 18 0.079119
58 19 0.079119
58 20 0.079119
58 21 0.079119
58 22 0.079119
58 23 0.079119
58 24 0.079119
58 25 0.079119
58 26 0.079119
58 27 0.079119
58 28 0.079119
58 29 0.079119
58 30 0.079119
58 31 0.079119
58 32 0.079120
58 33 0.079120
58 34 0.079120
58 35 0.079120
58 36 0.079121
58 37 0.079121
58 38 0.079121
58 39 0.079121
58 40 0.079122
58 41 0.079122
58 42 0.079122
58 43 0.079122
58 44 0.079122
58 45 0.079123
58 46 0.079123
58 47 0.079123
58 48 0.079123
58 49 0.079123
58 50 0.079123
58 51 0.079123
58 52 0.079123
58 53 0.079123
58 54 0.079122
58 55 0.079122
58 56 0.079122
58 57 0.079121
58 58 0.079121
58 59 0.079120
58 60 0.079119
58 61 0.079119
58 62 0.079118
58 63 0.079117
58 64 0.079117
58 65 0.079116
58 66 0.079116
58 67 0.079115
58 68 0.079114
58 69 0.079114
58 70 0.079113
58 71 0.079113
58 72 0.079113
58 73 0.079112
58 74 0.079112
58 75 0.079111
58 76 0.079111
58 77 0.079111
58 78 0.079110
58 79 0.079110
58 80 0.079110
58 81 0.079110
58 82 0.079109
58 83 0.079109
58 84 0.079109
58 85 0.079109
58 86 0.079109
58 87 0.079109
58 88 0.079108
58 89 0.079108
58 90 0.079108
58 91 0.079108
58 92 0.079108
58 93 0.079107
58 94 0.079107
58 95 0.079107
58 96 0.079107
58 97 0.079107
58 98 0.079107
58 99 0.079106

59 0 0.079112
59 1 0.079114
59 2 0.079114
59 3 0.079114
59 4 0.079115
59 5 0.079115
59 6 0.079116
59 7 0.079116
59 8 0.079117
59 9 0.079117
59 10 0.079117
59 11 0.079117
59 12 0.079118
59 13 0.079118
59 14 0.079118
59 15 0.079118
59 16 0.079118
59 17 0.079118
59 18 0.079117
59 19 0.079117
59 20 0.079117
59 21 0.079117
59 22 0.079117
59 23 0.079117
59 24 0.079117
59 25 0.079117
59 26 0.079117
59 27 0.079117
59 28 0.079117
59 29 0.079118
59 30 0.079118
59 31 0.079118
59 32 0.079118
59 33 0.079119
59 34 0.079119
59 35 0.079119
59 36 0.079119
59 37 0.079120
59 38 0.079120
59 39 0.079120
59 40 0.079120
59 41 0.079121
59 42 0.079121
59 43 0.079121
59 44 0.079121
59 45 0.079122
59 46 0.079122
59 47 0.079122
59 48 0.079122
59 49 0.079122
59 50 0.079122
59 51 0.079122
59 52 0.079122
59 53 0.079122
59 54 0.079121
59 55 0.079121
59 56 0.079120
59 57 0.079120
59 58 0.079119
59 59 0.079119
59 60 0.079118
59 61 0.079117
59 62 0.079117
59 63 0.079116
59 64 0.079115
59 65 0.079115
59 66 0.079114
59 67 0.079114
59 68 0.079113
59 69 0.079112
59 70 0.079112
59 71 0.079111
59 72 0.079111
59 73 0.079111
59 74 0.079110
59 75 0.079110
59 76 0.079110
59 77 0.079109
59 78 0.079109
59 79 0.079109
59 80 0.079108
59 81 0.079108
59 82 0.079108
59 83 0.079108
59 84 0.079108
59 85 0.079108
59 86 0.079107
59 87 0.079107
59 88 0.079107
59 89 0.079107
59 90 0.079107
59 91 0.079107
59 92 0.079106
59 93 0.079106
59 94 0.079106
59 95 0.079106
59 96 0.079106
59 97 0.079106
59 98 0.079106
59 99 0.079105

60 0 0.079110
60 1 0.079112
60 2 0.079112
60 3 0.079113
60 4 0.079113
60 5 0.079114
60 6 0.079114
60 7 0.079114
60 8 0.079115
60 9 0.079115
60 10 0.079116
60 11 0.079116
60 12 0.079116
60 13 0.079116
60 14 0.079116
60 15 0.079116
60 16 0.079116
60 17 0.079116
60 18 0.079116
60 19 0.079116
60 20 0.079115
60 21 0.079115
60 22 0.079115
60 23 0.079115
60 24 0.079115
60 25 0.079115
60 26 0.079116
60 27 0.079116
60 28 0.079116
60 29 0.079116
60 30 0.079116
60 31 0.079117
60 32 0.079117
60 33 0.079117
60 34 0.079118
60 35 0.079118
60 36 0.079118
60 37 0.079118
60 38 0.079119
60 39 0.079119
60 40 0.079119
60 41 0.079120
60 42 0.079120
60 43 0.079120
60 44 0.079120
60 45 0.079121
60 46 0.079121
60 47 0.079121
60 48 0.079121
60 49 0.079121
60 50 0.079121
60 51 0.079121
60 52 0.079121
60 53 0.079121
60 54 0.079120
60 55 0.079120
60 56 0.079119
60 57 0.079119
60 58 0.079118
60 59 0.079118
60 60 0.079117
60 61 0.079116
60 62 0.079116
60 63 0.079115
60 64 0.079114
60 65 0.079114
60 66 0.079113
60 67 0.079113
60 68 0.079112
60 69 0.079111
60 70 0.079111
60 71 0.079110
60 72 0.079110
60 73 0.079110
60 74 0.079109
60 75 0.079109
60 76 0.079108
60 77 0.079108
60 78 0.079108
60 79 0.079108
60 80 0.079107
60 81 0.079107
60 82 0.079107
60 83 0.079107
60 84 0.079107
60 85 0.079106
60 86 0.079106
60 87 0.079106
60 88 0.079106
60 89 0.079106
60 90 0.079105
60 91 0.079105
60 92 0.079105
60 93 0.079105
60 94 0.079105
60 95 0.079105
60 96 0.079105
60 97 0.079105
60 98 0.079105
60 99 0.079103

61 0 0.079109
61 1 0.079111
61 2 0.079111
61 3 0.079111
61 4 0.079112
61 5 0.079112
61 6 0.079113
61 7 0.079113
61 8 0.079113
61 9 0.079113
61 10 0.079114
61 11 0.079114
61 12 0.079114
61 13 0.079114
61 14 0.079114
61 15 0.079114
61 16 0.079114
61 17 0.079114
61 18 0.079114
61 19 0.079114
61 20 0.079114
61 21 0.079114
61 22 0.079114
61 23 0.079114
61 24 0.079114
61 25 0.079114
61 26 0.079114
61 27 0.079114
61 28 0.079115
61 29 0.079115
61 30 0.079115
61 31 0.079116
61 32 0.079116
61 33 0.079116
61 34 0.079117
61 35 0.079117
61 36 0.079117
61 37 0.079117
61 38 0.079118
61 39 0.079118
61 40 0.079118
61 41 0.079119
61 42 0.079119
61 43 0.079119
61 44 0.079119
61 45 0.079120
61 46 0.079120
61 47 0.079120
61 48 0.079120
61 49 0.079120
61 50 0.079120
61 51 0.079120
61 52 0.079120
61 53 0.079120
61 54 0.079119
61 55 0.079119
61 56 0.079118
61 57 0.079118
61 58 0.079117
61 59 0.079117
61 60 0.079116
61 61 0.079115
61 62 0.079114
61 63 0.079114
61 64 0.079113
61 65 0.079112
61 66 0.079112
61 67 0.079111
61 68 0.079111
61 69 0.079110
61 70 0.079110
61 71 0.079109
61 72 0.079109
61 73 0.079108
61 74 0.079108
61 75 0.079107
61 76 0.079107
61 77 0.079107
61 78 0.079106
61 79 0.079106
61 80 0.079106
61 81 0.079106
61 82 0.079106
61 83 0.079105
61 84 0.079105
61 85 0.079105
61 86 0.079105
61 87 0.079105
61 88 0.079104
61 89 0.079104
61 90 0.079104
61 91 0.079104
61 92 0.079104
61 93 0.079104
61 94 0.079104
61 95 0.079104
61 96 0.079104
61 97 0.079103
61 98 0.079104
61 99 0.079102

62 0 0.079107
62 1 0.079109
62 2 0.079109
62 3 0.079110
62 4 0.079110
62 5 0.079110
62 6 0.079111
62 7 0.079111
62 8 0.079111
62 9 0.079112
62 10 0.079112
62 11 0.079112
62 12 0.079112
62 13 0.079112
62 14 0.079112
62 15 0.079112
62 16 0.079112
62 17 0.079112
62 18 0.079112
62 19 0.079112
62 20 0.079112
62 21 0.079112
62 22 0.079112
62 23 0.079112
62 24 0.079112
62 25 0.079112
62 26 0.079113
62 27 0.079113
62 28 0.079113
62 29 0.079113
62 30 0.079114
62 31 0.079114
62 32 0.079114
62 33 0.079115
62 34 0.079115
62 35 0.079116
62 36 0.079116
62 37 0.079116
62 38 0.079117
62 39 0.079117
62 40 0.079117
62 41 0.079118
62 42 0.079118
62 43 0.079118
62 44 0.079118
62 45 0.079119
62 46 0.079119
62 47 0.079119
62 48 0.079119
62 49 0.079119
62 50 0.079119
62 51 0.079119
62 52 0.079119
62 53 0.079118
62 54 0.079118
62 55 0.079118
62 56 0.079117
62 57 0.079117
62 58 0.079116
62 59 0.079115
62 60 0.079115
62 61 0.079114
62 62 0.079113
62 63 0.079113
62 64 0.079112
62 65 0.079111
62 66 0.079111
62 67 0.079110
62 68 0.079109
62 69 0.079109
62 70 0.079108
62 71 0.079108
62 72 0.079107
62 73 0.079107
62 74 0.079106
62 75 0.079106
62 76 0.079106
62 77 0.079105
62 78 0.079105
62 79 0.079105
62 80 0.079105
62 81 0.079104
62 82 0.079104
62 83 0.079104
62 84 0.079104
62 85 0.079104
62 86 0.079103
62 87 0.079103
62 88 0.079103
62 89 0.079103
62 90 0.079103
62 91 0.079103
62 92 0.079103
62 93 0.079103
62 94 0.079103
62 95 0.079103
62 96 0.079102
62 97 0.079102
62 98 0.079102
62 99 0.079101

63 0 0.079105
63 1 0.079107
63 2 0.079107
63 3 0.079108
63 4 0.079108
63 5 0.079109
63 6 0.079109
63 7 0.079109
63 8 0.079110
63 9 0.079110
63 10 0.079110
63 11 0.079110
63 12 0.079110
63 13 0.079110
63 14 0.079110
63 15 0.079110
63 16 0.079110
63 17 0.079110
63 18 0.079110
63 19 0.079110
63 20 0.079110
63 21 0.079110
63 22 0.079110
63 23 0.079110
63 24 0.079111
63 25 0.079111
63 26 0.079111
63 27 0.079111
63 28 0.079112
63 29 0.079112
63 30 0.079112
63 31 0.079113
63 32 0.079113
63 33 0.079114
63 34 0.079114
63 35 0.079114
63 36 0.079115
63 37 0.079115
63 38 0.079115
63 39 0.079116
63 40 0.079116
63 41 0.079116
63 42 0.079117
63 43 0.079117
63 44 0.079117
63 45 0.079118
63 46 0.079118
63 47 0.079118
63 48 0.079118
63 49 0.079118
63 50 0.079118
63 51 0.079118
63 52 0.079118
63 53 0.079117
63 54 0.079117
63 55 0.079117
63 56 0.079116
63 57 0.079115
63 58 0.079115
63 59 0.079114
63 60 0.079113
63 61 0.079113
63 62 0.079112
63 63 0.079111
63 64 0.079111
63 65 0.079110
63 66 0.079109
63 67 0.079109
63 68 0.079108
63 69 0.079107
63 70 0.079107
63 71 0.079106
63 72 0.079106
63 73 0.079106
63 74 0.079105
63 75 0.079105
63 76 0.079104
63 77 0.079104
63 78 0.079104
63 79 0.079103
63 80 0.079103
63 81 0.079103
63 82 0.079103
63 83 0.079103
63 84 0.079102
63 85 0.079102
63 86 0.079102
63 87 0.079102
63 88 0.079102
63 89 0.079101
63 90 0.079101
63 91 0.079101
63 92 0.079101
63 93 0.079101
63 94 0.079101
63 95 0.079101
63 96 0.079101
63 97 0.079101
63 98 0.079101
63 99 0.079099

64 0 0.079103
64 1 0.079105
64 2 0.079105
64 3 0.079106
64 4 0.079106
64 5 0.079107
64 6 0.079107
64 7 0.079107
64 8 0.079108
64 9 0.079108
64 10 0.079108
64 11 0.079108
64 12 0.079108
64 13 0.079108
64 14 0.079108
64 15 0.079108
64 16 0.079108
64 17 0.079108
64 18 0.079108
64 19 0.079108
64 20 0.079108
64 21 0.079108
64 22 0.079108
64 23 0.079109
64 24 0.079109
64 25 0.079109
64 26 0.079109
64 27 0.079110
64 28 0.079110
64 29 0.079110
64 30 0.079111
64 31 0.079111
64 32 0.079112
64 33 0.079112
64 34 0.079113
64 35 0.079113
64 36 0.079113
64 37 0.079114
64 38 0.079114
64 39 0.079115
64 40 0.079115
64 41 0.079115
64 42 0.079116
64 43 0.079116
64 44 0.079116
64 45 0.079117
64 46 0.079117
64 47 0.079117
64 48 0.079117
64 49 0.079117
64 50 0.079117
64 51 0.079117
64 52 0.079116
64 53 0.079116
64 54 0.079116
64 55 0.079115
64 56 0.079115
64 57 0.079114
64 58 0.079114
64 59 0.079113
64 60 0.079112
64 61 0.079112
64 62 0.079111
64 63 0.079110
64 64 0.079109
64 65 0.079109
64 66 0.079108
64 67 0.079107
64 68 0.079107
64 69 0.079106
64 70 0.079106
64 71 0.079105
64 72 0.079105
64 73 0.079104
64 74 0.079104
64 75 0.079104
64 76 0.079103
64 77 0.079103
64 78 0.079102
64 79 0.079102
64 80 0.079102
64 81 0.079102
64 82 0.079101
64 83 0.079101
64 84 0.079101
64 85 0.079101
64 86 0.079101
64 87 0.079100
64 88 0.079100
64 89 0.079100
64 90 0.079100
64 91 0.079100
64 92 0.079100
64 93 0.079100
64 94 0.079100
64 95 0.079100
64 96 0.079100
64 97 0.079099
64 98 0.079100
64 99 0.079098

65 0 0.079101
65 1 0.079104
65 2 0.079103
65 3 0.079104
65 4 0.079105
65 5 0.079105
65 6 0.079105
65 7 0.079105
65 8 0.079106
65 9 0.079106
65 10 0.079106
65 11 0.079106
65 12 0.079106
65 13 0.079106
65 14 0.079106
65 15 0.079106
65 16 0.079106
65 17 0.079106
65 18 0.079106
65 19 0.079106
65 20 0.079106
65 21 0.079107
65 22 0.079107
65 23 0.079107
65 24 0.079107
65 25 0.079107
65 26 0.079108
65 27 0.079108
65 28 0.079109
65 29 0.079109
65 30 0.079109
65 31 0.079110
65 32 0.079110
65 33 0.079111
65 34 0.079111
65 35 0.079112
65 36 0.079112
65 37 0.079113
65 38 0.079113
65 39 0.079113
65 40 0.079114
65 41 0.079114
65 42 0.079115
65 43 0.079115
65 44 0.079115
65 45 0.079115
65 46 0.079116
65 47 0.079116
65 48 0.079116
65 49 0.079116
65 50 0.079116
65 51 0.079116
65 52 0.079115
65 53 0.079115
65 54 0.079115
65 55 0.079114
65 56 0.079114
65 57 0.079113
65 58 0.079112
65 59 0.079112
65 60 0.079111
65 61 0.079110
65 62 0.079110
65 63 0.079109
65 64 0.079109
65 65 0.079108
65 66 0.079108
65 67 0.079107
65 68 0.079106
65 69 0.079106
65 70 0.079105
65 71 0.079105
65 72 0.079104
65 73 0.079104
65 74 0.079103
65 75 0.079103
65 76 0.079103
65 77 0.079102
65 78 0.079102
65 79 0.079101
65 80 0.079101
65 81 0.079101
65 82 0.079101
65 83 0.079100
65 84 0.079100
65 85 0.079100
65 86 0.079099
65 87 0.079099
65 88 0.079099
65 89 0.079099
65 90 0.079099
65 91 0.079099
65 92 0.079099
65 93 0.079099
65 94 0.079099
65 95 0.079099
65 96 0.079099
65 97 0.079098
65 98 0.079099
65 99 0.079097

66 0 0.079099
66 1 0.079102
66 2 0.079102
66 3 0.079102
66 4 0.079103
66 5 0.079103
66 6 0.079103
66 7 0.079103
66 8 0.079104
66 9 0.079104
66 10 0.079104
66 11 0.079104
66 12 0.079104
66 13 0.079104
66 14 0.079104
66 15 0.079104
66 16 0.079104
66 17 0.079104
66 18 0.079104
66 19 0.079104
66 20 0.079105
66 21 0.079105
66 22 0.079105
66 23 0.079105
66 24 0.079106
66 25 0.079106
66 26 0.079106
66 27 0.079107
66 28 0.079107
66 29 0.079108
66 30 0.079108
66 31 0.079109
66 32 0.079109
66 33 0.079110
66 34 0.079110
66 35 0.079111
66 36 0.079111
66 37 0.079112
66 38 0.079112
66 39 0.079113
66 40 0.079113
66 41 0.079113
66 42 0.079114
66 43 0.079114
66 44 0.079114
66 45 0.079115
66 46 0.079115
66 47 0.079115
66 48 0.079115
66 49 0.079115
66 50 0.079115
66 51 0.079115
66 52 0.079114
66 53 0.079114
66 54 0.079114
66 55 0.079113
66 56 0.079113
66 57 0.079112
66 58 0.079112
66 59 0.079111
66 60 0.079110
66 61 0.079110
66 62 0.079109
66 63 0.079108
66 64 0.079108
66 65 0.079107
66 66 0.079106
66 67 0.079106
66 68 0.079105
66 69 0.079105
66 70 0.079104
66 71 0.079104
66 72 0.079103
66 73 0.079103
66 74 0.079102
66 75 0.079102
66 76 0.079101
66 77 0.079101
66 78 0.079101
66 79 0.079100
66 80 0.079100
66 81 0.079100
66 82 0.079099
66 83 0.079099
66 84 0.079099
66 85 0.079098
66 86 0.079098
66 87 0.079098
66 88 0.079098
66 89 0.079098
66 90 0.079098
66 91 0.079098
66 92 0.079098
66 93 0.079098
66 94 0.079098
66 95 0.079098
66 96 0.079097
66 97 0.079097
66 98 0.079097
66 99 0.079095

67 0 0.079097
67 1 0.079100
67 2 0.079100
67 3 0.079100
67 4 0.079101
67 5 0.079101
67 6 0.079101
67 7 0.079101
67 8 0.079102
67 9 0.079102
67 10 0.079102
67 11 0.079102
67 12 0.079102
67 13 0.079102
67 14 0.079102
67 15 0.079102
67 16 0.079102
67 17 0.079102
67 18 0.079102
67 19 0.079103
67 20 0.079103
67 21 0.079103
67 22 0.079103
67 23 0.079104
67 24 0.079104
67 25 0.079104
67 26 0.079105
67 27 0.079105
67 28 0.079106
67 29 0.079106
67 30 0.079107
67 31 0.079107
67 32 0.079108
67 33 0.079108
67 34 0.079109
67 35 0.079110
67 36 0.079110
67 37 0.079110
67 38 0.079111
67 39 0.079111
67 40 0.079112
67 41 0.079112
67 42 0.079113
67 43 0.079113
67 44 0.079113
67 45 0.079113
67 46 0.079114
67 47 0.079114
67 48 0.079114
67 49 0.079114
67 50 0.079114
67 51 0.079114
67 52 0.079113
67 53 0.079113
67 54 0.079113
67 55 0.079112
67 56 0.079112
67 57 0.079111
67 58 0.079111
67 59 0.079110
67 60 0.079109
67 61 0.079109
67 62 0.079108
67 63 0.079107
67 64 0.079107
67 65 0.079106
67 66 0.079105
67 67 0.079105
67 68 0.079104
67 69 0.079104
67 70 0.079103
67 71 0.079103
67 72 0.079102
67 73 0.079102
67 74 0.079101
67 75 0.079101
67 76 0.079100
67 77 0.079100
67 78 0.079099
67 79 0.079099
67 80 0.079099
67 81 0.079098
67 82 0.079098
67 83 0.079098
67 84 0.079097
67 85 0.079097
67 86 0.079097
67 87 0.079097
67 88 0.079096
67 89 0.079096
67 90 0.079096
67 91 0.079096
67 92 0.079096
67 93 0.079096
67 94 0.079096
67 95 0.079096
67 96 0.079096
67 97 0.079095
67 98 0.079096
67 99 0.079094

68 0 0.079095
68 1 0.079098
68 2 0.079097
68 3 0.079098
68 4 0.079098
68 5 0.079099
68 6 0.079099
68 7 0.079099
68 8 0.079099
68 9 0.079099
68 10 0.079100
68 11 0.079100
68 12 0.079100
68 13 0.079100
68 14 0.079100
68 15 0.079100
68 16 0.079100
68 17 0.079100
68 18 0.079101
68 19 0.079101
68 20 0.079101
68 21 0.079101
68 22 0.079102
68 23 0.079102
68 24 0.079102
68 25 0.079103
68 26 0.079103
68 27 0.079104
68 28 0.079104
68 29 0.079105
68 30 0.079105
68 31 0.079106
68 32 0.079107
68 33 0.079107
68 34 0.079108
68 35 0.079108
68 36 0.079109
68 37 0.079109
68 38 0.079110
68 39 0.079110
68 40 0.079111
68 41 0.079111
68 42 0.079112
68 43 0.079112
68 44 0.079112
68 45 0.079112
68 46 0.079113
68 47 0.079113
68 48 0.079113
68 49 0.079113
68 50 0.079113
68 51 0.079113
68 52 0.079112
68 53 0.079112
68 54 0.079112
68 55 0.079111
68 56 0.079111
68 57 0.079110
68 58 0.079110
68 59 0.079109
68 60 0.079108
68 61 0.079108
68 62 0.079107
68 63 0.079106
68 64 0.079106
68 65 0.079105
68 66 0.079105
68 67 0.079104
68 68 0.079103
68 69 0.079103
68 70 0.079102
68 71 0.079102
68 72 0.079101
68 73 0.079101
68 74 0.079100
68 75 0.079100
68 76 0.079099
68 77 0.079099
68 78 0.079098
68 79 0.079098
68 80 0.079097
68 81 0.079097
68 82 0.079097
68 83 0.079096
68 84 0.079096
68 85 0.079096
68 86 0.079095
68 87 0.079095
68 88 0.079095
68 89 0.079095
68 90 0.079095
68 91 0.079095
68 92 0.079095
68 93 0.079095
68 94 0.079095
68 95 0.079094
68 96 0.079094
68 97 0.079094
68 98 0.079094
68 99 0.079092

69 0 0.079093
69 1 0.079095
69 2 0.079095
69 3 0.079096
69 4 0.079096
69 5 0.079097
69 6 0.079097
69 7 0.079097
69 8 0.079097
69 9 0.079097
69 10 0.079097
69 11 0.079098
69 12 0.079098
69 13 0.079098
69 14 0.079098
69 15 0.079098
69 16 0.079098
69 17 0.079098
69 18 0.079099
69 19 0.079099
69 20 0.079099
69 21 0.079099
69 22 0.079100
69 23 0.079100
69 24 0.079101
69 25 0.079101
69 26 0.079102
69 27 0.079102
69 28 0.079103
69 29 0.079103
69 30 0.079104
69 31 0.079105
69 32 0.079105
69 33 0.079106
69 34 0.079106
69 35 0.079107
69 36 0.079107
69 37 0.079108
69 38 0.079109
69 39 0.079109
69 40 0.079110
69 41 0.079110
69 42 0.079110
69 43 0.079111
69 44 0.079111
69 45 0.079111
69 46 0.079112
69 47 0.079112
69 48 0.079112
69 49 0.079112
69 50 0.079112
69 51 0.079112
69 52 0.079111
69 53 0.079111
69 54 0.079111
69 55 0.079110
69 56 0.079110
69 57 0.079109
69 58 0.079109
69 59 0.079108
69 60 0.079107
69 61 0.079107
69 62 0.079106
69 63 0.079105
69 64 0.079105
69 65 0.079104
69 66 0.079104
69 67 0.079103
69 68 0.079102
69 69 0.079102
69 70 0.079101
69 71 0.079101
69 72 0.079100
69 73 0.079100
69 74 0.079099
69 75 0.079099
69 76 0.079098
69 77 0.079098
69 78 0.079097
69 79 0.079097
69 80 0.079096
69 81 0.079096
69 82 0.079095
69 83 0.079095
69 84 0.079095
69 85 0.079094
69 86 0.079094
69 87 0.079094
69 88 0.079094
69 89 0.079093
69 90 0.079093
69 91 0.079093
69 92 0.079093
69 93 0.079093
69 94 0.079093
69 95 0.079093
69 96 0.079093
69 97 0.079092
69 98 0.079092
69 99 0.079091

70 0 0.079092
70 1 0.079093
70 2 0.079093
70 3 0.079094
70 4 0.079094
70 5 0.079094
70 6 0.079095
70 7 0.079095
70 8 0.079095
70 9 0.079095
70 10 0.079095
70 11 0.079095
70 12 0.079096
70 13 0.079096
70 14 0.079096
70 15 0.079096
70 16 0.079096
70 17 0.079096
70 18 0.079097
70 19 0.079097
70 20 0.079097
70 21 0.079098
70 22 0.079098
70 23 0.079098
70 24 0.079099
70 25 0.079099
70 26 0.079100
70 27 0.079101
70 28 0.079101
70 29 0.079102
70 30 0.079102
70 31 0.079103
70 32 0.079104
70 33 0.079104
70 34 0.079105
70 35 0.079106
70 36 0.079106
70 37 0.079107
70 38 0.079107
70 39 0.079108
70 40 0.079108
70 41 0.079109
70 42 0.079109
70 43 0.079110
70 44 0.079110
70 45 0.079110
70 46 0.079111
70 47 0.079111
70 48 0.079111
70 49 0.079111
70 50 0.079111
70 51 0.079111
70 52 0.079110
70 53 0.079110
70 54 0.079110
70 55 0.079109
70 56 0.079109
70 57 0.079108
70 58 0.079108
70 59 0.079107
70 60 0.079106
70 61 0.079106
70 62 0.079105
70 63 0.079105
70 64 0.079104
70 65 0.079103
70 66 0.079103
70 67 0.079102
70 68 0.079102
70 69 0.079101
70 70 0.079100
70 71 0.079100
70 72 0.079099
70 73 0.079099
70 74 0.079098
70 75 0.079098
70 76 0.079097
70 77 0.079097
70 78 0.079096
70 79 0.079096
70 80 0.079095
70 81 0.079095
70 82 0.079094
70 83 0.079094
70 84 0.079093
70 85 0.079093
70 86 0.079093
70 87 0.079092
70 88 0.079092
70 89 0.079092
70 90 0.079092
70 91 0.079092
70 92 0.079092
70 93 0.079092
70 94 0.079092
70 95 0.079092
70 96 0.079091
70 97 0.079091
70 98 0.079091
70 99 0.079089

71 0 0.079090
71 1 0.079092
71 2 0.079091
71 3 0.079092
71 4 0.079092
71 5 0.079092
71 6 0.079093
71 7 0.079093
71 8 0.079093
71 9 0.079093
71 10 0.079093
71 11 0.079093
71 12 0.079093
71 13 0.079094
71 14 0.079094
71 15 0.079094
71 16 0.079094
71 17 0.079094
71 18 0.079095
71 19 0.079095
71 20 0.079096
71 21 0.079096
71 22 0.079096
71 23 0.079097
71 24 0.079097
71 25 0.079098
71 26 0.079099
71 27 0.079099
71 28 0.079100
71 29 0.079101
71 30 0.079101
71 31 0.079102
71 32 0.079103
71 33 0.079103
71 34 0.079104
71 35 0.079105
71 36 0.079105
71 37 0.079106
71 38 0.079106
71 39 0.079107
71 40 0.079107
71 41 0.079108
71 42 0.079108
71 43 0.079109
71 44 0.079109
71 45 0.079109
71 46 0.079110
71 47 0.079110
71 48 0.079110
71 49 0.079110
71 50 0.079110
71 51 0.079110
71 52 0.079109
71 53 0.079109
71 54 0.079109
71 55 0.079108
71 56 0.079108
71 57 0.079107
71 58 0.079107
71 59 0.079106
71 60 0.079106
71 61 0.079105
71 62 0.079105
71 63 0.079104
71 64 0.079104
71 65 0.079103
71 66 0.079102
71 67 0.079102
71 68 0.079101
71 69 0.079101
71 70 0.079100
71 71 0.079099
71 72 0.079099
71 73 0.079098
71 74 0.079098
71 75 0.079097
71 76 0.079096
71 77 0.079096
71 78 0.079095
71 79 0.079095
71 80 0.079094
71 81 0.079094
71 82 0.079093
71 83 0.079093
71 84 0.079093
71 85 0.079092
71 86 0.079092
71 87 0.079092
71 88 0.079091
71 89 0.079091
71 90 0.079091
71 91 0.079091
71 92 0.079091
71 93 0.079090
71 94 0.079090
71 95 0.079090
71 96 0.079090
71 97 0.079089
71 98 0.079090
71 99 0.079088

72 0 0.079088
72 1 0.079090
72 2 0.079089
72 3 0.079090
72 4 0.079090
72 5 0.079090
72 6 0.079090
72 7 0.079091
72 8 0.079091
72 9 0.079091
72 10 0.079091
72 11 0.079091
72 12 0.079091
72 13 0.079091
72 14 0.079092
72 15 0.079092
72 16 0.079092
72 17 0.079093
72 18 0.079093
72 19 0.079093
72 20 0.079094
72 21 0.079094
72 22 0.079095
72 23 0.079095
72 24 0.079096
72 25 0.079096
72 26 0.079097
72 27 0.079098
72 28 0.079098
72 29 0.079099
72 30 0.079100
72 31 0.079101
72 32 0.079101
72 33 0.079102
72 34 0.079103
72 35 0.079103
72 36 0.079104
72 37 0.079105
72 38 0.079105
72 39 0.079106
72 40 0.079106
72 41 0.079107
72 42 0.079107
72 43 0.079108
72 44 0.079108
72 45 0.079108
72 46 0.079109
72 47 0.079109
72 48 0.079109
72 49 0.079109
72 50 0.079109
72 51 0.079109
72 52 0.079108
72 53 0.079108
72 54 0.079108
72 55 0.079107
72 56 0.079107
72 57 0.079106
72 58 0.079106
72 59 0.079105
72 60 0.079105
72 61 0.079104
72 62 0.079104
72 63 0.079103
72 64 0.079103
72 65 0.079102
72 66 0.079101
72 67 0.079101
72 68 0.079100
72 69 0.079100
72 70 0.079099
72 71 0.079098
72 72 0.079098
72 73 0.079097
72 74 0.079097
72 75 0.079096
72 76 0.079095
72 77 0.079095
72 78 0.079094
72 79 0.079094
72 80 0.079093
72 81 0.079093
72 82 0.079092
72 83 0.079092
72 84 0.079091
72 85 0.079091
72 86 0.079091
72 87 0.079090
72 88 0.079090
72 89 0.079090
72 90 0.079089
72 91 0.079089
72 92 0.079089
72 93 0.079089
72 94 0.079089
72 95 0.079089
72 96 0.079088
72 97 0.079088
72 98 0.079088
72 99 0.079087

73 0 0.079086
73 1 0.079087
73 2 0.079088
73 3 0.079088
73 4 0.079088
73 5 0.079088
73 6 0.079088
73 7 0.079088
73 8 0.079088
73 9 0.079089
73 10 0.079089
73 11 0.079089
73 12 0.079089
73 13 0.079089
73 14 0.079090
73 15 0.079090
73 16 0.079090
73 17 0.079091
73 18 0.079091
73 19 0.079091
73 20 0.079092
73 21 0.079092
73 22 0.079093
73 23 0.079093
73 24 0.079094
73 25 0.079095
73 26 0.079095
73 27 0.079096
73 28 0.079097
73 29 0.079098
73 30 0.079098
73 31 0.079099
73 32 0.079100
73 33 0.079100
73 34 0.079101
73 35 0.079102
73 36 0.079103
73 37 0.079103
73 38 0.079104
73 39 0.079104
73 40 0.079105
73 41 0.079106
73 42 0.079106
73 43 0.079107
73 44 0.079107
73 45 0.079107
73 46 0.079108
73 47 0.079108
73 48 0.079108
73 49 0.079108
73 50 0.079108
73 51 0.079108
73 52 0.079107
73 53 0.079107
73 54 0.079107
73 55 0.079106
73 56 0.079106
73 57 0.079105
73 58 0.079105
73 59 0.079104
73 60 0.079104
73 61 0.079103
73 62 0.079103
73 63 0.079102
73 64 0.079102
73 65 0.079101
73 66 0.079100
73 67 0.079100
73 68 0.079099
73 69 0.079099
73 70 0.079098
73 71 0.079097
73 72 0.079097
73 73 0.079096
73 74 0.079096
73 75 0.079095
73 76 0.079094
73 77 0.079094
73 78 0.079093
73 79 0.079093
73 80 0.079092
73 81 0.079092
73 82 0.079091
73 83 0.079091
73 84 0.079090
73 85 0.079090
73 86 0.079089
73 87 0.079089
73 88 0.079088
73 89 0.079088
73 90 0.079088
73 91 0.079088
73 92 0.079088
73 93 0.079087
73 94 0.079087
73 95 0.079087
73 96 0.079087
73 97 0.079087
73 98 0.079087
73 99 0.079085

74 0 0.079085
74 1 0.079086
74 2 0.079086
74 3 0.079086
74 4 0.079086
74 5 0.079086
74 6 0.079086
74 7 0.079086
74 8 0.079086
74 9 0.079086
74 10 0.079087
74 11 0.079087
74 12 0.079087
74 13 0.079087
74 14 0.079088
74 15 0.079088
74 16 0.079088
74 17 0.079089
74 18 0.079089
74 19 0.079090
74 20 0.079090
74 21 0.079091
74 22 0.079091
74 23 0.079092
74 24 0.079092
74 25 0.079093
74 26 0.079094
74 27 0.079095
74 28 0.079095
74 29 0.079096
74 30 0.079097
74 31 0.079097
74 32 0.079098
74 33 0.079099
74 34 0.079100
74 35 0.079100
74 36 0.079101
74 37 0.079102
74 38 0.079103
74 39 0.079103
74 40 0.079104
74 41 0.079104
74 42 0.079105
74 43 0.079105
74 44 0.079106
74 45 0.079106
74 46 0.079107
74 47 0.079107
74 48 0.079107
74 49 0.079107
74 50 0.079107
74 51 0.079107
74 52 0.079106
74 53 0.079106
74 54 0.079106
74 55 0.079105
74 56 0.079105
74 57 0.079105
74 58 0.079104
74 59 0.079104
74 60 0.079103
74 61 0.079102
74 62 0.079102
74 63 0.079101
74 64 0.079101
74 65 0.079100
74 66 0.079099
74 67 0.079099
74 68 0.079098
74 69 0.079098
74 70 0.079097
74 71 0.079096
74 72 0.079096
74 73 0.079095
74 74 0.079095
74 75 0.079094
74 76 0.079093
74 77 0.079093
74 78 0.079092
74 79 0.079092
74 80 0.079091
74 81 0.079090
74 82 0.079090
74 83 0.079089
74 84 0.079089
74 85 0.079088
74 86 0.079088
74 87 0.079088
74 88 0.079087
74 89 0.079087
74 90 0.079087
74 91 0.079086
74 92 0.079086
74 93 0.079086
74 94 0.079086
74 95 0.079086
74 96 0.079086
74 97 0.079085
74 98 0.079085
74 99 0.079084

75 0 0.079083
75 1 0.079084
75 2 0.079084
75 3 0.079084
75 4 0.079084
75 5 0.079084
75 6 0.079084
75 7 0.079084
75 8 0.079084
75 9 0.079084
75 10 0.079085
75 11 0.079085
75 12 0.079085
75 13 0.079085
75 14 0.079086
75 15 0.079086
75 16 0.079086
75 17 0.079087
75 18 0.079087
75 19 0.079088
75 20 0.079088
75 21 0.079089
75 22 0.079089
75 23 0.079090
75 24 0.079091
75 25 0.079091
75 26 0.079092
75 27 0.079093
75 28 0.079094
75 29 0.079094
75 30 0.079095
75 31 0.079096
75 32 0.079097
75 33 0.079097
75 34 0.079098
75 35 0.079099
75 36 0.079100
75 37 0.079101
75 38 0.079101
75 39 0.079102
75 40 0.079103
75 41 0.079103
75 42 0.079104
75 43 0.079104
75 44 0.079105
75 45 0.079105
75 46 0.079105
75 47 0.079106
75 48 0.079106
75 49 0.079106
75 50 0.079106
75 51 0.079106
75 52 0.079105
75 53 0.079105
75 54 0.079105
75 55 0.079105
75 56 0.079104
75 57 0.079104
75 58 0.079103
75 59 0.079103
75 60 0.079102
75 61 0.079102
75 62 0.079101
75 63 0.079100
75 64 0.079100
75 65 0.079099
75 66 0.079099
75 67 0.079098
75 68 0.079097
75 69 0.079097
75 70 0.079096
75 71 0.079095
75 72 0.079095
75 73 0.079094
75 74 0.079094
75 75 0.079093
75 76 0.079092
75 77 0.079092
75 78 0.079091
75 79 0.079090
75 80 0.079090
75 81 0.079089
75 82 0.079089
75 83 0.079088
75 84 0.079088
75 85 0.079087
75 86 0.079087
75 87 0.079086
75 88 0.079086
75 89 0.079086
75 90 0.079085
75 91 0.079085
75 92 0.079085
75 93 0.079085
75 94 0.079085
75 95 0.079084
75 96 0.079084
75 97 0.079084
75 98 0.079084
75 99 0.079084

76 0 0.079082
76 1 0.079082
76 2 0.079082
76 3 0.079082
76 4 0.079082
76 5 0.079082
76 6 0.079082
76 7 0.079082
76 8 0.079082
76 9 0.079083
76 10 0.079083
76 11 0.079083
76 12 0.079083
76 13 0.079084
76 14 0.079084
76 15 0.079084
76 16 0.079085
76 17 0.079085
76 18 0.079086
76 19 0.079086
76 20 0.079087
76 21 0.079087
76 22 0.079088
76 23 0.079088
76 24 0.079089
76 25 0.079090
76 26 0.079091
76 27 0.079091
76 28 0.079092
76 29 0.079093
76 30 0.079094
76 31 0.079094
76 32 0.079095
76 33 0.079096
76 34 0.079097
76 35 0.079098
76 36 0.079098
76 37 0.079099
76 38 0.079100
76 39 0.079101
76 40 0.079101
76 41 0.079102
76 42 0.079103
76 43 0.079103
76 44 0.079104
76 45 0.079104
76 46 0.079104
76 47 0.079105
76 48 0.079105
76 49 0.079105
76 50 0.079105
76 51 0.079105
76 52 0.079105
76 53 0.079104
76 54 0.079104
76 55 0.079104
76 56 0.079103
76 57 0.079103
76 58 0.079102
76 59 0.079102
76 60 0.079101
76 61 0.079101
76 62 0.079100
76 63 0.079099
76 64 0.079099
76 65 0.079098
76 66 0.079098
76 67 0.079097
76 68 0.079096
76 69 0.079096
76 70 0.079095
76 71 0.079094
76 72 0.079094
76 73 0.079093
76 74 0.079092
76 75 0.079092
76 76 0.079091
76 77 0.079091
76 78 0.079090
76 79 0.079089
76 80 0.079089
76 81 0.079088
76 82 0.079088
76 83 0.079087
76 84 0.079087
76 85 0.079086
76 86 0.079086
76 87 0.079085
76 88 0.079085
76 89 0.079085
76 90 0.079084
76 91 0.079084
76 92 0.079084
76 93 0.079084
76 94 0.079084
76 95 0.079084
76 96 0.079083
76 97 0.079083
76 98 0.079083
76 99 0.079083

77 0 0.079081
77 1 0.079080
77 2 0.079081
77 3 0.079080
77 4 0.079081
77 5 0.079081
77 6 0.079081
77 7 0.079081
77 8 0.079081
77 9 0.079081
77 10 0.079081
77 11 0.079081
77 12 0.079082
77 13 0.079082
77 14 0.079082
77 15 0.079083
77 16 0.079083
77 17 0.079084
77 18 0.079084
77 19 0.079085
77 20 0.079085
77 21 0.079086
77 22 0.079086
77 23 0.079087
77 24 0.079088
77 25 0.079088
77 26 0.079089
77 27 0.079090
77 28 0.079091
77 29 0.079091
77 30 0.079092
77 31 0.079093
77 32 0.079094
77 33 0.079095
77 34 0.079096
77 35 0.079096
77 36 0.079097
77 37 0.079098
77 38 0.079099
77 39 0.079100
77 40 0.079100
77 41 0.079101
77 42 0.079101
77 43 0.079102
77 44 0.079102
77 45 0.079103
77 46 0.079103
77 47 0.079103
77 48 0.079103
77 49 0.079104
77 50 0.079103
77 51 0.079103
77 52 0.079103
77 53 0.079103
77 54 0.079103
77 55 0.079102
77 56 0.079102
77 57 0.079102
77 58 0.079101
77 59 0.079101
77 60 0.079100
77 61 0.079100
77 62 0.079099
77 63 0.079098
77 64 0.079098
77 65 0.079097
77 66 0.079097
77 67 0.079096
77 68 0.079095
77 69 0.079095
77 70 0.079094
77 71 0.079093
77 72 0.079093
77 73 0.079092
77 74 0.079091
77 75 0.079091
77 76 0.079090
77 77 0.079089
77 78 0.079089
77 79 0.079088
77 80 0.079088
77 81 0.079087
77 82 0.079086
77 83 0.079086
77 84 0.079086
77 85 0.079085
77 86 0.079085
77 87 0.079084
77 88 0.079084
77 89 0.079084
77 90 0.079083
77 91 0.079083
77 92 0.079083
77 93 0.079083
77 94 0.079082
77 95 0.079082
77 96 0.079082
77 97 0.079082
77 98 0.079082
77 99 0.079082

78 0 0.079080
78 1 0.079079
78 2 0.079079
78 3 0.079079
78 4 0.079079
78 5 0.079079
78 6 0.079079
78 7 0.079079
78 8 0.079079
78 9 0.079079
78 10 0.079079
78 11 0.079080
78 12 0.079080
78 13 0.079080
78 14 0.079081
78 15 0.079081
78 16 0.079081
78 17 0.079082
78 18 0.079082
78 19 0.079083
78 20 0.079084
78 21 0.079084
78 22 0.079085
78 23 0.079085
78 24 0.079086
78 25 0.079087
78 26 0.079088
78 27 0.079088
78 28 0.079089
78 29 0.079090
78 30 0.079091
78 31 0.079092
78 32 0.079092
78 33 0.079093
78 34 0.079094
78 35 0.079095
78 36 0.079096
78 37 0.079097
78 38 0.079098
78 39 0.079098
78 40 0.079099
78 41 0.079100
78 42 0.079100
78 43 0.079101
78 44 0.079101
78 45 0.079102
78 46 0.079102
78 47 0.079102
78 48 0.079103
78 49 0.079103
78 50 0.079103
78 51 0.079103
78 52 0.079102
78 53 0.079102
78 54 0.079102
78 55 0.079102
78 56 0.079101
78 57 0.079101
78 58 0.079100
78 59 0.079100
78 60 0.079099
78 61 0.079099
78 62 0.079098
78 63 0.079097
78 64 0.079097
78 65 0.079096
78 66 0.079095
78 67 0.079095
78 68 0.079094
78 69 0.079093
78 70 0.079093
78 71 0.079092
78 72 0.079091
78 73 0.079091
78 74 0.079090
78 75 0.079089
78 76 0.079089
78 77 0.079088
78 78 0.079088
78 79 0.079087
78 80 0.079086
78 81 0.079086
78 82 0.079085
78 83 0.079085
78 84 0.079084
78 85 0.079084
78 86 0.079084
78 87 0.079083
78 88 0.079083
78 89 0.079082
78 90 0.079082
78 91 0.079082
78 92 0.079082
78 93 0.079082
78 94 0.079081
78 95 0.079081
78 96 0.079081
78 97 0.079081
78 98 0.079081
78 99 0.079081

79 0 0.079078
79 1 0.079077
79 2 0.079078
79 3 0.079077
79 4 0.079077
79 5 0.079077
79 6 0.079077
79 7 0.079077
79 8 0.079077
79 9 0.079078
79 10 0.079078
79 11 0.079078
79 12 0.079078
79 13 0.079079
79 14 0.079079
79 15 0.079079
79 16 0.079080
79 17 0.079080
79 18 0.079081
79 19 0.079081
79 20 0.079082
79 21 0.079083
79 22 0.079083
79 23 0.079084
79 24 0.079085
79 25 0.079085
79 26 0.079086
79 27 0.079087
79 28 0.079088
79 29 0.079088
79 30 0.079089
79 31 0.079090
79 32 0.079091
79 33 0.079092
79 34 0.079093
79 35 0.079094
79 36 0.079095
79 37 0.079095
79 38 0.079096
79 39 0.079097
79 40 0.079098
79 41 0.079099
79 42 0.079099
79 43 0.079100
79 44 0.079101
79 45 0.079101
79 46 0.079101
79 47 0.079102
79 48 0.079102
79 49 0.079102
79 50 0.079102
79 51 0.079102
79 52 0.079101
79 53 0.079101
79 54 0.079101
79 55 0.079101
79 56 0.079100
79 57 0.079100
79 58 0.079099
79 59 0.079099
79 60 0.079098
79 61 0.079098
79 62 0.079097
79 63 0.079096
79 64 0.079096
79 65 0.079095
79 66 0.079094
79 67 0.079094
79 68 0.079093
79 69 0.079092
79 70 0.079092
79 71 0.079091
79 72 0.079090
79 73 0.079090
79 74 0.079089
79 75 0.079088
79 76 0.079088
79 77 0.079087
79 78 0.079086
79 79 0.079086
79 80 0.079085
79 81 0.079085
79 82 0.079084
79 83 0.079084
79 84 0.079083
79 85 0.079083
79 86 0.079083
79 87 0.079082
79 88 0.079082
79 89 0.079082
79 90 0.079081
79 91 0.079081
79 92 0.079081
79 93 0.079081
79 94 0.079081
79 95 0.079081
79 96 0.079080
79 97 0.079080
79 98 0.079080
79 99 0.079081

80 0 0.079077
80 1 0.079076
80 2 0.079076
80 3 0.079076
80 4 0.079076
80 5 0.079076
80 6 0.079076
80 7 0.079076
80 8 0.079076
80 9 0.079076
80 10 0.079076
80 11 0.079076
80 12 0.079077
80 13 0.079077
80 14 0.079077
80 15 0.079078
80 16 0.079078
80 17 0.079079
80 18 0.079079
80 19 0.079080
80 20 0.079080
80 21 0.079081
80 22 0.079082
80 23 0.079082
80 24 0.079083
80 25 0.079084
80 26 0.079085
80 27 0.079085
80 28 0.079086
80 29 0.079087
80 30 0.079088
80 31 0.079089
80 32 0.079090
80 33 0.079091
80 34 0.079092
80 35 0.079092
80 36 0.079093
80 37 0.079094
80 38 0.079095
80 39 0.079096
80 40 0.079097
80 41 0.079098
80 42 0.079098
80 43 0.079099
80 44 0.079100
80 45 0.079100
80 46 0.079100
80 47 0.079101
80 48 0.079101
80 49 0.079101
80 50 0.079101
80 51 0.079101
80 52 0.079101
80 53 0.079100
80 54 0.079100
80 55 0.079100
80 56 0.079099
80 57 0.079099
80 58 0.079098
80 59 0.079098
80 60 0.079097
80 61 0.079097
80 62 0.079096
80 63 0.079095
80 64 0.079095
80 65 0.079094
80 66 0.079093
80 67 0.079092
80 68 0.079092
80 69 0.079091
80 70 0.079090
80 71 0.079090
80 72 0.079089
80 73 0.079088
80 74 0.079088
80 75 0.079087
80 76 0.079086
80 77 0.079086
80 78 0.079085
80 79 0.079085
80 80 0.079084
80 81 0.079084
80 82 0.079083
80 83 0.079083
80 84 0.079082
80 85 0.079082
80 86 0.079082
80 87 0.079081
80 88 0.079081
80 89 0.079081
80 90 0.079080
80 91 0.079080
80 92 0.079080
80 93 0.079080
80 94 0.079080
80 95 0.079080
80 96 0.079079
80 97 0.079080
80 98 0.079079
80 99 0.079080

81 0 0.079076
81 1 0.079074
81 2 0.079075
81 3 0.079074
81 4 0.079074
81 5 0.079074
81 6 0.079074
81 7 0.079074
81 8 0.079074
81 9 0.079074
81 10 0.079075
81 11 0.079075
81 12 0.079075
81 13 0.079075
81 14 0.079076
81 15 0.079076
81 16 0.079077
81 17 0.079077
81 18 0.079078
81 19 0.079078
81 20 0.079079
81 21 0.079080
81 22 0.079080
81 23 0.079081
81 24 0.079082
81 25 0.079082
81 26 0.079083
81 27 0.079084
81 28 0.079085
81 29 0.079086
81 30 0.079086
81 31 0.079087
81 32 0.079088
81 33 0.079089
81 34 0.079090
81 35 0.079091
81 36 0.079092
81 37 0.079093
81 38 0.079094
81 39 0.079095
81 40 0.079096
81 41 0.079097
81 42 0.079097
81 43 0.079098
81 44 0.079099
81 45 0.079099
81 46 0.079100
81 47 0.079100
81 48 0.079100
81 49 0.079100
81 50 0.079100
81 51 0.079100
81 52 0.079100
81 53 0.079099
81 54 0.079099
81 55 0.079099
81 56 0.079098
81 57 0.079098
81 58 0.079097
81 59 0.079097
81 60 0.079096
81 61 0.079096
81 62 0.079095
81 63 0.079094
81 64 0.079093
81 65 0.079093
81 66 0.079092
81 67 0.079091
81 68 0.079091
81 69 0.079090
81 70 0.079089
81 71 0.079088
81 72 0.079088
81 73 0.079087
81 74 0.079086
81 75 0.079086
81 76 0.079085
81 77 0.079085
81 78 0.079084
81 79 0.079083
81 80 0.079083
81 81 0.079083
81 82 0.079082
81 83 0.079082
81 84 0.079081
81 85 0.079081
81 86 0.079081
81 87 0.079080
81 88 0.079080
81 89 0.079080
81 90 0.079079
81 91 0.079079
81 92 0.079079
81 93 0.079079
81 94 0.079079
81 95 0.079079
81 96 0.079079
81 97 0.079079
81 98 0.079078
81 99 0.079079

82 0 0.079075
82 1 0.079073
82 2 0.079074
82 3 0.079073
82 4 0.079073
82 5 0.079073
82 6 0.079073
82 7 0.079073
82 8 0.079073
82 9 0.079073
82 10 0.079073
82 11 0.079073
82 12 0.079074
82 13 0.079074
82 14 0.079074
82 15 0.079075
82 16 0.079075
82 17 0.079076
82 18 0.079076
82 19 0.079077
82 20 0.079077
82 21 0.079078
82 22 0.079079
82 23 0.079079
82 24 0.079080
82 25 0.079081
82 26 0.079082
82 27 0.079082
82 28 0.079083
82 29 0.079084
82 30 0.079085
82 31 0.079086
82 32 0.079087
82 33 0.079088
82 34 0.079089
82 35 0.079090
82 36 0.079091
82 37 0.079092
82 38 0.079093
82 39 0.079094
82 40 0.079095
82 41 0.079096
82 42 0.079097
82 43 0.079097
82 44 0.079098
82 45 0.079098
82 46 0.079099
82 47 0.079099
82 48 0.079099
82 49 0.079099
82 50 0.079099
82 51 0.079099
82 52 0.079099
82 53 0.079099
82 54 0.079098
82 55 0.079097
82 56 0.079097
82 57 0.079096
82 58 0.079096
82 59 0.079095
82 60 0.079095
82 61 0.079094
82 62 0.079093
82 63 0.079093
82 64 0.079092
82 65 0.079091
82 66 0.079091
82 67 0.079090
82 68 0.079089
82 69 0.079089
82 70 0.079088
82 71 0.079087
82 72 0.079086
82 73 0.079086
82 74 0.079085
82 75 0.079084
82 76 0.079084
82 77 0.079083
82 78 0.079082
82 79 0.079082
82 80 0.079082
82 81 0.079081
82 82 0.079081
82 83 0.079080
82 84 0.079080
82 85 0.079080
82 86 0.079079
82 87 0.079079
82 88 0.079079
82 89 0.079079
82 90 0.079078
82 91 0.079078
82 92 0.079078
82 93 0.079078
82 94 0.079078
82 95 0.079078
82 96 0.079078
82 97 0.079078
82 98 0.079077
82 99 0.079079

83 0 0.079074
83 1 0.079072
83 2 0.079072
83 3 0.079072
83 4 0.079072
83 5 0.079071
83 6 0.079071
83 7 0.079071
83 8 0.079071
83 9 0.079072
83 10 0.079072
83 11 0.079072
83 12 0.079072
83 13 0.079073
83 14 0.079073
83 15 0.079073
83 16 0.079074
83 17 0.079074
83 18 0.079075
83 19 0.079075
83 20 0.079076
83 21 0.079077
83 22 0.079077
83 23 0.079078
83 24 0.079079
83 25 0.079079
83 26 0.079080
83 27 0.079081
83 28 0.079082
83 29 0.079083
83 30 0.079084
83 31 0.079085
83 32 0.079086
83 33 0.079087
83 34 0.079088
83 35 0.079089
83 36 0.079090
83 37 0.079091
83 38 0.079092
83 39 0.079093
83 40 0.079094
83 41 0.079094
83 42 0.079095
83 43 0.079096
83 44 0.079096
83 45 0.079097
83 46 0.079097
83 47 0.079097
83 48 0.079097
83 49 0.079097
83 50 0.079097
83 51 0.079097
83 52 0.079097
83 53 0.079097
83 54 0.079096
83 55 0.079096
83 56 0.079096
83 57 0.079095
83 58 0.079095
83 59 0.079094
83 60 0.079094
83 61 0.079093
83 62 0.079092
83 63 0.079092
83 64 0.079091
83 65 0.079090
83 66 0.079090
83 67 0.079089
83 68 0.079088
83 69 0.079087
83 70 0.079087
83 71 0.079086
83 72 0.079085
83 73 0.079084
83 74 0.079084
83 75 0.079083
83 76 0.079082
83 77 0.079082
83 78 0.079081
83 79 0.079081
83 80 0.079080
83 81 0.079080
83 82 0.079080
83 83 0.079079
83 84 0.079079
83 85 0.079079
83 86 0.079078
83 87 0.079078
83 88 0.079078
83 89 0.079078
83 90 0.079077
83 91 0.079077
83 92 0.079077
83 93 0.079077
83 94 0.079077
83 95 0.079077
83 96 0.079077
83 97 0.079077
83 98 0.079076
83 99 0.079078

84 0 0.079073
84 1 0.079070
84 2 0.079071
84 3 0.079070
84 4 0.079070
84 5 0.079070
84 6 0.079070
84 7 0.079070
84 8 0.079070
84 9 0.079070
84 10 0.079070
84 11 0.079070
84 12 0.079071
84 13 0.079071
84 14 0.079071
84 15 0.079072
84 16 0.079072
84 17 0.079073
84 18 0.079073
84 19 0.079074
84 20 0.079075
84 21 0.079075
84 22 0.079076
84 23 0.079077
84 24 0.079077
84 25 0.079078
84 26 0.079079
84 27 0.079080
84 28 0.079081
84 29 0.079081
84 30 0.079082
84 31 0.079083
84 32 0.079084
84 33 0.079086
84 34 0.079087
84 35 0.079088
84 36 0.079089
84 37 0.079090
84 38 0.079091
84 39 0.079092
84 40 0.079093
84 41 0.079093
84 42 0.079094
84 43 0.079095
84 44 0.079095
84 45 0.079096
84 46 0.079096
84 47 0.079096
84 48 0.079096
84 49 0.079096
84 50 0.079096
84 51 0.079096
84 52 0.079096
84 53 0.079096
84 54 0.079095
84 55 0.079095
84 56 0.079095
84 57 0.079094
84 58 0.079094
84 59 0.079093
84 60 0.079093
84 61 0.079092
84 62 0.079091
84 63 0.079091
84 64 0.079090
84 65 0.079089
84 66 0.079089
84 67 0.079088
84 68 0.079087
84 69 0.079086
84 70 0.079086
84 71 0.079085
84 72 0.079084
84 73 0.079083
84 74 0.079083
84 75 0.079082
84 76 0.079081
84 77 0.079081
84 78 0.079080
84 79 0.079080
84 80 0.079079
84 81 0.079079
84 82 0.079079
84 83 0.079078
84 84 0.079078
84 85 0.079078
84 86 0.079077
84 87 0.079077
84 88 0.079077
84 89 0.079077
84 90 0.079076
84 91 0.079076
84 92 0.079076
84 93 0.079076
84 94 0.079076
84 95 0.079076
84 96 0.079076
84 97 0.079076
84 98 0.079075
84 99 0.079077

85 0 0.079072
85 1 0.079069
85 2 0.079070
85 3 0.079069
85 4 0.079069
85 5 0.079069
85 6 0.079068
85 7 0.079068
85 8 0.079068
85 9 0.079068
85 10 0.079069
85 11 0.079069
85 12 0.079069
85 13 0.079069
85 14 0.079070
85 15 0.079070
85 16 0.079071
85 17 0.079071
85 18 0.079072
85 19 0.079072
85 20 0.079073
85 21 0.079074
85 22 0.079074
85 23 0.079075
85 24 0.079076
85 25 0.079077
85 26 0.079077
85 27 0.079078
85 28 0.079079
85 29 0.079080
85 30 0.079081
85 31 0.079082
85 32 0.079083
85 33 0.079084
85 34 0.079085
85 35 0.079086
85 36 0.079088
85 37 0.079089
85 38 0.079090
85 39 0.079091
85 40 0.079092
85 41 0.079092
85 42 0.079093
85 43 0.079094
85 44 0.079094
85 45 0.079095
85 46 0.079095
85 47 0.079095
85 48 0.079095
85 49 0.079095
85 50 0.079095
85 51 0.079095
85 52 0.079095
85 53 0.079095
85 54 0.079094
85 55 0.079094
85 56 0.079094
85 57 0.079093
85 58 0.079093
85 59 0.079092
85 60 0.079092
85 61 0.079091
85 62 0.079090
85 63 0.079090
85 64 0.079089
85 65 0.079088
85 66 0.079088
85 67 0.079087
85 68 0.079086
85 69 0.079085
85 70 0.079085
85 71 0.079084
85 72 0.079083
85 73 0.079082
85 74 0.079082
85 75 0.079081
85 76 0.079080
85 77 0.079080
85 78 0.079079
85 79 0.079079
85 80 0.079078
85 81 0.079078
85 82 0.079078
85 83 0.079077
85 84 0.079077
85 85 0.079077
85 86 0.079076
85 87 0.079076
85 88 0.079076
85 89 0.079076
85 90 0.079075
85 91 0.079075
85 92 0.079075
85 93 0.079075
85 94 0.079075
85 95 0.079075
85 96 0.079075
85 97 0.079075
85 98 0.079074
85 99 0.079077

86 0 0.079071
86 1 0.079068
86 2 0.079068
86 3 0.079068
86 4 0.079068
86 5 0.079067
86 6 0.079067
86 7 0.079067
86 8 0.079067
86 9 0.079067
86 10 0.079067
86 11 0.079067
86 12 0.079068
86 13 0.079068
86 14 0.079068
86 15 0.079069
86 16 0.079069
86 17 0.079070
86 18 0.079070
86 19 0.079071
86 20 0.079072
86 21 0.079072
86 22 0.079073
86 23 0.079074
86 24 0.079074
86 25 0.079075
86 26 0.079076
86 27 0.079077
86 28 0.079078
86 29 0.079079
86 30 0.079080
86 31 0.079081
86 32 0.079082
86 33 0.079083
86 34 0.079084
86 35 0.079085
86 36 0.079087
86 37 0.079088
86 38 0.079089
86 39 0.079090
86 40 0.079091
86 41 0.079091
86 42 0.079092
86 43 0.079093
86 44 0.079093
86 45 0.079094
86 46 0.079094
86 47 0.079094
86 48 0.079094
86 49 0.079094
86 50 0.079094
86 51 0.079094
86 52 0.079094
86 53 0.079094
86 54 0.079094
86 55 0.079093
86 56 0.079093
86 57 0.079092
86 58 0.079092
86 59 0.079091
86 60 0.079091
86 61 0.079090
86 62 0.079089
86 63 0.079089
86 64 0.079088
86 65 0.079087
86 66 0.079087
86 67 0.079086
86 68 0.079085
86 69 0.079085
86 70 0.079084
86 71 0.079083
86 72 0.079082
86 73 0.079081
86 74 0.079081
86 75 0.079080
86 76 0.079079
86 77 0.079079
86 78 0.079078
86 79 0.079078
86 80 0.079078
86 81 0.079077
86 82 0.079077
86 83 0.079076
86 84 0.079076
86 85 0.079076
86 86 0.079075
86 87 0.079075
86 88 0.079075
86 89 0.079075
86 90 0.079074
86 91 0.079074
86 92 0.079074
86 93 0.079074
86 94 0.079074
86 95 0.079074
86 96 0.079074
86 97 0.079074
86 98 0.079073
86 99 0.079076

87 0 0.079070
87 1 0.079066
87 2 0.079067
87 3 0.079066
87 4 0.079066
87 5 0.079066
87 6 0.079066
87 7 0.079066
87 8 0.079066
87 9 0.079066
87 10 0.079066
87 11 0.079066
87 12 0.079066
87 13 0.079067
87 14 0.079067
87 15 0.079067
87 16 0.079068
87 17 0.079069
87 18 0.079069
87 19 0.079070
87 20 0.079070
87 21 0.079071
87 22 0.079072
87 23 0.079072
87 24 0.079073
87 25 0.079074
87 26 0.079075
87 27 0.079076
87 28 0.079077
87 29 0.079078
87 30 0.079079
87 31 0.079080
87 32 0.079081
87 33 0.079082
87 34 0.079083
87 35 0.079084
87 36 0.079085
87 37 0.079087
87 38 0.079088
87 39 0.079089
87 40 0.079090
87 41 0.079091
87 42 0.079091
87 43 0.079092
87 44 0.079092
87 45 0.079093
87 46 0.079093
87 47 0.079093
87 48 0.079094
87 49 0.079094
87 50 0.079093
87 51 0.079093
87 52 0.079093
87 53 0.079093
87 54 0.079093
87 55 0.079092
87 56 0.079092
87 57 0.079091
87 58 0.079091
87 59 0.079090
87 60 0.079090
87 61 0.079089
87 62 0.079089
87 63 0.079088
87 64 0.079087
87 65 0.079087
87 66 0.079086
87 67 0.079085
87 68 0.079084
87 69 0.079084
87 70 0.079083
87 71 0.079082
87 72 0.079081
87 73 0.079081
87 74 0.079080
87 75 0.079079
87 76 0.079079
87 77 0.079078
87 78 0.079078
87 79 0.079077
87 80 0.079077
87 81 0.079076
87 82 0.079076
87 83 0.079076
87 84 0.079075
87 85 0.079075
87 86 0.079075
87 87 0.079074
87 88 0.079074
87 89 0.079074
87 90 0.079074
87 91 0.079073
87 92 0.079073
87 93 0.079073
87 94 0.079073
87 95 0.079073
87 96 0.079073
87 97 0.079073
87 98 0.079072
87 99 0.079075

88 0 0.079069
88 1 0.079065
88 2 0.079066
88 3 0.079065
88 4 0.079065
88 5 0.079065
88 6 0.079065
88 7 0.079065
88 8 0.079064
88 9 0.079065
88 10 0.079065
88 11 0.079065
88 12 0.079065
88 13 0.079066
88 14 0.079066
88 15 0.079066
88 16 0.079067
88 17 0.079067
88 18 0.079068
88 19 0.079069
88 20 0.079069
88 21 0.079070
88 22 0.079071
88 23 0.079071
88 24 0.079072
88 25 0.079073
88 26 0.079074
88 27 0.079075
88 28 0.079076
88 29 0.079077
88 30 0.079078
88 31 0.079079
88 32 0.079080
88 33 0.079081
88 34 0.079082
88 35 0.079084
88 36 0.079085
88 37 0.079086
88 38 0.079087
88 39 0.079088
88 40 0.079089
88 41 0.079090
88 42 0.079091
88 43 0.079091
88 44 0.079092
88 45 0.079092
88 46 0.079093
88 47 0.079093
88 48 0.079093
88 49 0.079093
88 50 0.079093
88 51 0.079093
88 52 0.079093
88 53 0.079092
88 54 0.079092
88 55 0.079092
88 56 0.079091
88 57 0.079091
88 58 0.079090
88 59 0.079090
88 60 0.079089
88 61 0.079089
88 62 0.079088
88 63 0.079088
88 64 0.079087
88 65 0.079086
88 66 0.079085
88 67 0.079085
88 68 0.079084
88 69 0.079083
88 70 0.079082
88 71 0.079082
88 72 0.079081
88 73 0.079080
88 74 0.079079
88 75 0.079079
88 76 0.079078
88 77 0.079077
88 78 0.079077
88 79 0.079076
88 80 0.079076
88 81 0.079076
88 82 0.079075
88 83 0.079075
88 84 0.079075
88 85 0.079074
88 86 0.079074
88 87 0.079073
88 88 0.079073
88 89 0.079073
88 90 0.079073
88 91 0.079073
88 92 0.079073
88 93 0.079073
88 94 0.079072
88 95 0.079072
88 96 0.079072
88 97 0.079073
88 98 0.079071
88 99 0.079074

89 0 0.079068
89 1 0.079064
89 2 0.079065
89 3 0.079064
89 4 0.079064
89 5 0.079064
89 6 0.079063
89 7 0.079063
89 8 0.079063
89 9 0.079063
89 10 0.079064
89 11 0.079064
89 12 0.079064
89 13 0.079065
89 14 0.079065
89 15 0.079065
89 16 0.079066
89 17 0.079067
89 18 0.079067
89 19 0.079068
89 20 0.079068
89 21 0.079069
89 22 0.079070
89 23 0.079070
89 24 0.079071
89 25 0.079072
89 26 0.079073
89 27 0.079074
89 28 0.079075
89 29 0.079076
89 30 0.079077
89 31 0.079078
89 32 0.079079
89 33 0.079080
89 34 0.079082
89 35 0.079083
89 36 0.079084
89 37 0.079085
89 38 0.079086
89 39 0.079087
89 40 0.079088
89 41 0.079089
89 42 0.079090
89 43 0.079091
89 44 0.079091
89 45 0.079092
89 46 0.079092
89 47 0.079092
89 48 0.079092
89 49 0.079092
89 50 0.079092
89 51 0.079092
89 52 0.079092
89 53 0.079092
89 54 0.079091
89 55 0.079091
89 56 0.079091
89 57 0.079090
89 58 0.079090
89 59 0.079089
89 60 0.079089
89 61 0.079088
89 62 0.079088
89 63 0.079087
89 64 0.079086
89 65 0.079086
89 66 0.079085
89 67 0.079084
89 68 0.079083
89 69 0.079083
89 70 0.079082
89 71 0.079081
89 72 0.079080
89 73 0.079080
89 74 0.079079
89 75 0.079078
89 76 0.079077
89 77 0.079077
89 78 0.079076
89 79 0.079076
89 80 0.079075
89 81 0.079075
89 82 0.079075
89 83 0.079074
89 84 0.079074
89 85 0.079074
89 86 0.079073
89 87 0.079073
89 88 0.079072
89 89 0.079072
89 90 0.079072
89 91 0.079072
89 92 0.079072
89 93 0.079072
89 94 0.079072
89 95 0.079072
89 96 0.079071
89 97 0.079072
89 98 0.079070
89 99 0.079073

90 0 0.079067
90 1 0.079063
90 2 0.079064
90 3 0.079063
90 4 0.079063
90 5 0.079063
90 6 0.079063
90 7 0.079063
90 8 0.079063
90 9 0.079063
90 10 0.079063
90 11 0.079063
90 12 0.079063
90 13 0.079064
90 14 0.079064
90 15 0.079065
90 16 0.079065
90 17 0.079066
90 18 0.079066
90 19 0.079067
90 20 0.079068
90 21 0.079068
90 22 0.079069
90 23 0.079070
90 24 0.079071
90 25 0.079071
90 26 0.079072
90 27 0.079073
90 28 0.079074
90 29 0.079075
90 30 0.079076
90 31 0.079077
90 32 0.079079
90 33 0.079080
90 34 0.079081
90 35 0.079082
90 36 0.079084
90 37 0.079085
90 38 0.079086
90 39 0.079087
90 40 0.079088
90 41 0.079089
90 42 0.079090
90 43 0.079090
90 44 0.079091
90 45 0.079091
90 46 0.079092
90 47 0.079092
90 48 0.079092
90 49 0.079092
90 50 0.079092
90 51 0.079092
90 52 0.079092
90 53 0.079091
90 54 0.079091
90 55 0.079091
90 56 0.079090
90 57 0.079090
90 58 0.079090
90 59 0.079089
90 60 0.079089
90 61 0.079088
90 62 0.079087
90 63 0.079087
90 64 0.079086
90 65 0.079085
90 66 0.079085
90 67 0.079084
90 68 0.079083
90 69 0.079082
90 70 0.079082
90 71 0.079081
90 72 0.079080
90 73 0.079079
90 74 0.079078
90 75 0.079078
90 76 0.079077
90 77 0.079077
90 78 0.079076
90 79 0.079076
90 80 0.079075
90 81 0.079075
90 82 0.079074
90 83 0.079074
90 84 0.079074
90 85 0.079073
90 86 0.079073
90 87 0.079072
90 88 0.079072
90 89 0.079072
90 90 0.079072
90 91 0.079072
90 92 0.079072
90 93 0.079071
90 94 0.079071
90 95 0.079071
90 96 0.079071
90 97 0.079071
90 98 0.079069
90 99 0.079072

91 0 0.079065
91 1 0.079062
91 2 0.079063
91 3 0.079062
91 4 0.079062
91 5 0.079062
91 6 0.079062
91 7 0.079062
91 8 0.079062
91 9 0.079062
91 10 0.079062
91 11 0.079062
91 12 0.079063
91 13 0.079063
91 14 0.079064
91 15 0.079064
91 16 0.079065
91 17 0.079065
91 18 0.079066
91 19 0.079067
91 20 0.079067
91 21 0.079068
91 22 0.079069
91 23 0.079069
91 24 0.079070
91 25 0.079071
91 26 0.079072
91 27 0.079073
91 28 0.079074
91 29 0.079075
91 30 0.079076
91 31 0.079077
91 32 0.079078
91 33 0.079080
91 34 0.079081
91 35 0.079082
91 36 0.079083
91 37 0.079084
91 38 0.079086
91 39 0.079087
91 40 0.079088
91 41 0.079089
91 42 0.079089
91 43 0.079090
91 44 0.079091
91 45 0.079091
91 46 0.079091
91 47 0.079091
91 48 0.079091
91 49 0.079091
91 50 0.079091
91 51 0.079091
91 52 0.079091
91 53 0.079091
91 54 0.079091
91 55 0.079090
91 56 0.079090
91 57 0.079090
91 58 0.079089
91 59 0.079089
91 60 0.079088
91 61 0.079088
91 62 0.079087
91 63 0.079087
91 64 0.079086
91 65 0.079085
91 66 0.079085
91 67 0.079084
91 68 0.079083
91 69 0.079082
91 70 0.079082
91 71 0.079081
91 72 0.079080
91 73 0.079079
91 74 0.079078
91 75 0.079078
91 76 0.079077
91 77 0.079076
91 78 0.079076
91 79 0.079075
91 80 0.079075
91 81 0.079074
91 82 0.079074
91 83 0.079074
91 84 0.079073
91 85 0.079073
91 86 0.079072
91 87 0.079072
91 88 0.079072
91 89 0.079071
91 90 0.079071
91 91 0.079071
91 92 0.079071
91 93 0.079071
91 94 0.079071
91 95 0.079071
91 96 0.079070
91 97 0.079070
91 98 0.079069
91 99 0.079071

92 0 0.079064
92 1 0.079062
92 2 0.079063
92 3 0.079062
92 4 0.079062
92 5 0.079061
92 6 0.079061
92 7 0.079061
92 8 0.079061
92 9 0.079062
92 10 0.079062
92 11 0.079062
92 12 0.079062
92 13 0.079063
92 14 0.079063
92 15 0.079064
92 16 0.079064
92 17 0.079065
92 18 0.079065
92 19 0.079066
92 20 0.079067
92 21 0.079067
92 22 0.079068
92 23 0.079069
92 24 0.079070
92 25 0.079070
92 26 0.079071
92 27 0.079072
92 28 0.079073
92 29 0.079074
92 30 0.079075
92 31 0.079077
92 32 0.079078
92 33 0.079079
92 34 0.079080
92 35 0.079082
92 36 0.079083
92 37 0.079084
92 38 0.079085
92 39 0.079086
92 40 0.079087
92 41 0.079088
92 42 0.079089
92 43 0.079090
92 44 0.079090
92 45 0.079091
92 46 0.079091
92 47 0.079091
92 48 0.079091
92 49 0.079091
92 50 0.079091
92 51 0.079091
92 52 0.079091
92 53 0.079091
92 54 0.079090
92 55 0.079090
92 56 0.079090
92 57 0.079089
92 58 0.079089
92 59 0.079089
92 60 0.079088
92 61 0.079088
92 62 0.079087
92 63 0.079087
92 64 0.079086
92 65 0.079085
92 66 0.079085
92 67 0.079084
92 68 0.079083
92 69 0.079082
92 70 0.079081
92 71 0.079081
92 72 0.079080
92 73 0.079079
92 74 0.079078
92 75 0.079077
92 76 0.079077
92 77 0.079076
92 78 0.079076
92 79 0.079075
92 80 0.079075
92 81 0.079074
92 82 0.079074
92 83 0.079073
92 84 0.079073
92 85 0.079073
92 86 0.079072
92 87 0.079072
92 88 0.079071
92 89 0.079071
92 90 0.079071
92 91 0.079071
92 92 0.079071
92 93 0.079071
92 94 0.079070
92 95 0.079070
92 96 0.079070
92 97 0.079070
92 98 0.079068
92 99 0.079070

93 0 0.079063
93 1 0.079061
93 2 0.079062
93 3 0.079061
93 4 0.079061
93 5 0.079061
93 6 0.079061
93 7 0.079061
93 8 0.079061
93 9 0.079061
93 10 0.079061
93 11 0.079062
93 12 0.079062
93 13 0.079062
93 14 0.079063
93 15 0.079063
93 16 0.079064
93 17 0.079064
93 18 0.079065
93 19 0.079066
93 20 0.079066
93 21 0.079067
93 22 0.079068
93 23 0.079068
93 24 0.079069
93 25 0.079070
93 26 0.079071
93 27 0.079072
93 28 0.079073
93 29 0.079074
93 30 0.079075
93 31 0.079076
93 32 0.079078
93 33 0.079079
93 34 0.079080
93 35 0.079081
93 36 0.079083
93 37 0.079084
93 38 0.079085
93 39 0.079086
93 40 0.079087
93 41 0.079088
93 42 0.079089
93 43 0.079090
93 44 0.079090
93 45 0.079090
93 46 0.079091
93 47 0.079091
93 48 0.079091
93 49 0.079091
93 50 0.079091
93 51 0.079091
93 52 0.079091
93 53 0.079090
93 54 0.079090
93 55 0.079090
93 56 0.079090
93 57 0.079089
93 58 0.079089
93 59 0.079088
93 60 0.079088
93 61 0.079088
93 62 0.079087
93 63 0.079086
93 64 0.079086
93 65 0.079085
93 66 0.079084
93 67 0.079084
93 68 0.079083
93 69 0.079082
93 70 0.079081
93 71 0.079080
93 72 0.079080
93 73 0.079079
93 74 0.079078
93 75 0.079077
93 76 0.079077
93 77 0.079076
93 78 0.079075
93 79 0.079075
93 80 0.079074
93 81 0.079074
93 82 0.079074
93 83 0.079073
93 84 0.079073
93 85 0.079072
93 86 0.079072
93 87 0.079071
93 88 0.079071
93 89 0.079071
93 90 0.079071
93 91 0.079070
93 92 0.079070
93 93 0.079070
93 94 0.079070
93 95 0.079070
93 96 0.079069
93 97 0.079069
93 98 0.079067
93 99 0.079068

94 0 0.079062
94 1 0.079061
94 2 0.079061
94 3 0.079061
94 4 0.079061
94 5 0.079060
94 6 0.079060
94 7 0.079060
94 8 0.079060
94 9 0.079061
94 10 0.079061
94 11 0.079061
94 12 0.079061
94 13 0.079062
94 14 0.079062
94 15 0.079063
94 16 0.079063
94 17 0.079064
94 18 0.079064
94 19 0.079065
94 20 0.079066
94 21 0.079066
94 22 0.079067
94 23 0.079068
94 24 0.079068
94 25 0.079069
94 26 0.079070
94 27 0.079071
94 28 0.079072
94 29 0.079073
94 30 0.079074
94 31 0.079076
94 32 0.079077
94 33 0.079078
94 34 0.079080
94 35 0.079081
94 36 0.079082
94 37 0.079083
94 38 0.079085
94 39 0.079086
94 40 0.079087
94 41 0.079088
94 42 0.079088
94 43 0.079089
94 44 0.079090
94 45 0.079090
94 46 0.079090
94 47 0.079091
94 48 0.079091
94 49 0.079091
94 50 0.079091
94 51 0.079091
94 52 0.079090
94 53 0.079090
94 54 0.079090
94 55 0.079090
94 56 0.079089
94 57 0.079089
94 58 0.079089
94 59 0.079088
94 60 0.079088
94 61 0.079087
94 62 0.079087
94 63 0.079086
94 64 0.079086
94 65 0.079085
94 66 0.079084
94 67 0.079083
94 68 0.079083
94 69 0.079082
94 70 0.079081
94 71 0.079080
94 72 0.079079
94 73 0.079079
94 74 0.079078
94 75 0.079077
94 76 0.079076
94 77 0.079076
94 78 0.079075
94 79 0.079075
94 80 0.079074
94 81 0.079074
94 82 0.079073
94 83 0.079073
94 84 0.079072
94 85 0.079072
94 86 0.079072
94 87 0.079071
94 88 0.079071
94 89 0.079070
94 90 0.079070
94 91 0.079070
94 92 0.079070
94 93 0.079070
94 94 0.079069
94 95 0.079069
94 96 0.079068
94 97 0.079068
94 98 0.079067
94 99 0.079067

95 0 0.079061
95 1 0.079060
95 2 0.079061
95 3 0.079060
95 4 0.079060
95 5 0.079060
95 6 0.079060
95 7 0.079060
95 8 0.079060
95 9 0.079060
95 10 0.079060
95 11 0.079061
95 12 0.079061
95 13 0.079061
95 14 0.079062
95 15 0.079062
95 16 0.079063
95 17 0.079063
95 18 0.079064
95 19 0.079064
95 20 0.079065
95 21 0.079066
95 22 0.079066
95 23 0.079067
95 24 0.079068
95 25 0.079069
95 26 0.079070
95 27 0.079071
95 28 0.079072
95 29 0.079073
95 30 0.079074
95 31 0.079075
95 32 0.079077
95 33 0.079078
95 34 0.079079
95 35 0.079081
95 36 0.079082
95 37 0.079083
95 38 0.079084
95 39 0.079085
95 40 0.079086
95 41 0.079087
95 42 0.079088
95 43 0.079089
95 44 0.079089
95 45 0.079090
95 46 0.079090
95 47 0.079090
95 48 0.079091
95 49 0.079091
95 50 0.079091
95 51 0.079090
95 52 0.079090
95 53 0.079090
95 54 0.079090
95 55 0.079090
95 56 0.079089
95 57 0.079089
95 58 0.079088
95 59 0.079088
95 60 0.079088
95 61 0.079087
95 62 0.079086
95 63 0.079086
95 64 0.079085
95 65 0.079085
95 66 0.079084
95 67 0.079083
95 68 0.079082
95 69 0.079081
95 70 0.079081
95 71 0.079080
95 72 0.079079
95 73 0.079078
95 74 0.079078
95 75 0.079077
95 76 0.079076
95 77 0.079076
95 78 0.079075
95 79 0.079074
95 80 0.079074
95 81 0.079074
95 82 0.079073
95 83 0.079073
95 84 0.079072
95 85 0.079072
95 86 0.079071
95 87 0.079071
95 88 0.079071
95 89 0.079070
95 90 0.079070
95 91 0.079070
95 92 0.079070
95 93 0.079069
95 94 0.079069
95 95 0.079069
95 96 0.079068
95 97 0.079068
95 98 0.079067
95 99 0.079067

96 0 0.079061
96 1 0.079060
96 2 0.079060
96 3 0.079060
96 4 0.079060
96 5 0.079060
96 6 0.079059
96 7 0.079059
96 8 0.079059
96 9 0.079060
96 10 0.079060
96 11 0.079060
96 12 0.079060
96 13 0.079061
96 14 0.079061
96 15 0.079062
96 16 0.079062
96 17 0.079063
96 18 0.079063
96 19 0.079064
96 20 0.079064
96 21 0.079065
96 22 0.079066
96 23 0.079066
96 24 0.079067
96 25 0.079068
96 26 0.079069
96 27 0.079070
96 28 0.079071
96 29 0.079072
96 30 0.079073
96 31 0.079075
96 32 0.079076
96 33 0.079077
96 34 0.079079
96 35 0.079080
96 36 0.079081
96 37 0.079083
96 38 0.079084
96 39 0.079085
96 40 0.079086
96 41 0.079087
96 42 0.079088
96 43 0.079089
96 44 0.079089
96 45 0.079090
96 46 0.079090
96 47 0.079090
96 48 0.079091
96 49 0.079091
96 50 0.079090
96 51 0.079090
96 52 0.079090
96 53 0.079090
96 54 0.079090
96 55 0.079090
96 56 0.079089
96 57 0.079089
96 58 0.079088
96 59 0.079088
96 60 0.079088
96 61 0.079087
96 62 0.079087
96 63 0.079086
96 64 0.079085
96 65 0.079085
96 66 0.079084
96 67 0.079083
96 68 0.079082
96 69 0.079081
96 70 0.079081
96 71 0.079080
96 72 0.079079
96 73 0.079078
96 74 0.079077
96 75 0.079077
96 76 0.079076
96 77 0.079075
96 78 0.079075
96 79 0.079074
96 80 0.079074
96 81 0.079073
96 82 0.079073
96 83 0.079072
96 84 0.079072
96 85 0.079071
96 86 0.079071
96 87 0.079071
96 88 0.079070
96 89 0.079070
96 90 0.079070
96 91 0.079069
96 92 0.079069
96 93 0.079069
96 94 0.079069
96 95 0.079068
96 96 0.079068
96 97 0.079068
96 98 0.079066
96 99 0.079067

97 0 0.079061
97 1 0.079060
97 2 0.079060
97 3 0.079060
97 4 0.079060
97 5 0.079060
97 6 0.079059
97 7 0.079059
97 8 0.079059
97 9 0.079060
97 10 0.079060
97 11 0.079060
97 12 0.079060
97 13 0.079060
97 14 0.079061
97 15 0.079061
97 16 0.079061
97 17 0.079062
97 18 0.079062
97 19 0.079063
97 20 0.079063
97 21 0.079064
97 22 0.079065
97 23 0.079066
97 24 0.079066
97 25 0.079067
97 26 0.079068
97 27 0.079069
97 28 0.079070
97 29 0.079071
97 30 0.079073
97 31 0.079074
97 32 0.079075
97 33 0.079077
97 34 0.079078
97 35 0.079079
97 36 0.079081
97 37 0.079082
97 38 0.079083
97 39 0.079084
97 40 0.079086
97 41 0.079087
97 42 0.079088
97 43 0.079088
97 44 0.079089
97 45 0.079090
97 46 0.079090
97 47 0.079090
97 48 0.079091
97 49 0.079091
97 50 0.079091
97 51 0.079090
97 52 0.079090
97 53 0.079090
97 54 0.079090
97 55 0.079089
97 56 0.079089
97 57 0.079088
97 58 0.079088
97 59 0.079087
97 60 0.079087
97 61 0.079086
97 62 0.079086
97 63 0.079085
97 64 0.079084
97 65 0.079083
97 66 0.079083
97 67 0.079082
97 68 0.079081
97 69 0.079080
97 70 0.079080
97 71 0.079079
97 72 0.079078
97 73 0.079077
97 74 0.079077
97 75 0.079076
97 76 0.079075
97 77 0.079075
97 78 0.079074
97 79 0.079074
97 80 0.079073
97 81 0.079073
97 82 0.079072
97 83 0.079072
97 84 0.079072
97 85 0.079071
97 86 0.079071
97 87 0.079071
97 88 0.079070
97 89 0.079070
97 90 0.079070
97 91 0.079069
97 92 0.079069
97 93 0.079069
97 94 0.079069
97 95 0.079068
97 96 0.079068
97 97 0.079068
97 98 0.079066
97 99 0.079067

98 0 0.079060
98 1 0.079059
98 2 0.079060
98 3 0.079059
98 4 0.079059
98 5 0.079059
98 6 0.079059
98 7 0.079059
98 8 0.079059
98 9 0.079059
98 10 0.079059
98 11 0.079060
98 12 0.079060
98 13 0.079060
98 14 0.079061
98 15 0.079061
98 16 0.079062
98 17 0.079062
98 18 0.079063
98 19 0.079063
98 20 0.079064
98 21 0.079064
98 22 0.079065
98 23 0.079066
98 24 0.079066
98 25 0.079067
98 26 0.079068
98 27 0.079070
98 28 0.079071
98 29 0.079072
98 30 0.079073
98 31 0.079075
98 32 0.079076
98 33 0.079078
98 34 0.079079
98 35 0.079081
98 36 0.079082
98 37 0.079083
98 38 0.079085
98 39 0.079086
98 40 0.079087
98 41 0.079088
98 42 0.079089
98 43 0.079089
98 44 0.079090
98 45 0.079090
98 46 0.079091
98 47 0.079091
98 48 0.079091
98 49 0.079091
98 50 0.079091
98 51 0.079091
98 52 0.079090
98 53 0.079090
98 54 0.079090
98 55 0.079090
98 56 0.079090
98 57 0.079089
98 58 0.079089
98 59 0.079089
98 60 0.079088
98 61 0.079088
98 62 0.079087
98 63 0.079087
98 64 0.079086
98 65 0.079086
98 66 0.079085
98 67 0.079084
98 68 0.079083
98 69 0.079082
98 70 0.079082
98 71 0.079081
98 72 0.079080
98 73 0.079079
98 74 0.079078
98 75 0.079077
98 76 0.079076
98 77 0.079076
98 78 0.079075
98 79 0.079074
98 80 0.079074
98 81 0.079073
98 82 0.079073
98 83 0.079072
98 84 0.079072
98 85 0.079071
98 86 0.079071
98 87 0.079070
98 88 0.079070
98 89 0.079070
98 90 0.079069
98 91 0.079069
98 92 0.079069
98 93 0.079068
98 94 0.079068
98 95 0.079068
98 96 0.079067
98 97 0.079067
98 98 0.079066
98 99 0.079066

99 0 0.079060
99 1 0.079060
99 2 0.079060
99 3 0.079059
99 4 0.079059
99 5 0.079059
99 6 0.079059
99 7 0.079059
99 8 0.079058
99 9 0.079058
99 10 0.079058
99 11 0.079058
99 12 0.079058
99 13 0.079058
99 14 0.079058
99 15 0.079058
99 16 0.079059
99 17 0.079059
99 18 0.079059
99 19 0.079060
99 20 0.079060
99 21 0.079061
99 22 0.079062
99 23 0.079063
99 24 0.079063
99 25 0.079064
99 26 0.079065
99 27 0.079066
99 28 0.079067
99 29 0.079068
99 30 0.079069
99 31 0.079071
99 32 0.079072
99 33 0.079073
99 34 0.079075
99 35 0.079076
99 36 0.079077
99 37 0.079079
99 38 0.079080
99 39 0.079082
99 40 0.079083
99 41 0.079085
99 42 0.079086
99 43 0.079087
99 44 0.079088
99 45 0.079089
99 46 0.079090
99 47 0.079090
99 48 0.079091
99 49 0.079091
99 50 0.079091
99 51 0.079091
99 52 0.079091
99 53 0.079090
99 54 0.079090
99 55 0.079089
99 56 0.079088
99 57 0.079087
99 58 0.079086
99 59 0.079085
99 60 0.079084
99 61 0.079084
99 62 0.079083
99 63 0.079082
99 64 0.079081
99 65 0.079080
99 66 0.079079
99 67 0.079078
99 68 0.079077
99 69 0.079076
99 70 0.079076
99 71 0.079075
99 72 0.079074
99 73 0.079074
99 74 0.079073
99 75 0.079073
99 76 0.079073
99 77 0.079072
99 78 0.079072
99 79 0.079072
99 80 0.079071
99 81 0.079071
99 82 0.079071
99 83 0.079071
99 84 0.079071
99 85 0.079070
99 86 0.079070
99 87 0.079070
99 88 0.079070
99 89 0.079069
99 90 0.079069
99 91 0.079069
99 92 0.079068
99 93 0.079068
99 94 0.079067
99 95 0.079067
99 96 0.079067
99 97 0.079067
99 98 0.079066
99 99 0.079066

