0 0 0.079083
0 1 0.079083
0 2 0.079083
0 3 0.079083
0 4 0.079084
0 5 0.079086
0 6 0.079087
0 7 0.079088
0 8 0.079090
0 9 0.079091
0 10 0.079092
0 11 0.079093
0 12 0.079093
0 13 0.079094
0 14 0.079094
0 15 0.079095
0 16 0.079095
0 17 0.079096
0 18 0.079096
0 19 0.079096
0 20 0.079097
0 21 0.079097
0 22 0.079097
0 23 0.079097
0 24 0.079096
0 25 0.079096
0 26 0.079096
0 27 0.079095
0 28 0.079095
0 29 0.079094
0 30 0.079094
0 31 0.079093
0 32 0.079093
0 33 0.079093
0 34 0.079092
0 35 0.079092
0 36 0.079092
0 37 0.079092
0 38 0.079093
0 39 0.079093
0 40 0.079093
0 41 0.079094
0 42 0.079094
0 43 0.079095
0 44 0.079095
0 45 0.079095
0 46 0.079095
0 47 0.079095
0 48 0.079095
0 49 0.079095
0 50 0.079094
0 51 0.079094
0 52 0.079093
0 53 0.079093
0 54 0.079092
0 55 0.079092
0 56 0.079092
0 57 0.079091
0 58 0.079092
0 59 0.079092
0 60 0.079092
0 61 0.079092
0 62 0.079092
0 63 0.079092
0 64 0.079092
0 65 0.079091
0 66 0.079091
0 67 0.079090
0 68 0.079089
0 69 0.079089
0 70 0.079088
0 71 0.079088
0 72 0.079088
0 73 0.079088
0 74 0.079088
0 75 0.079089
0 76 0.079089
0 77 0.079089
0 78 0.079089
0 79 0.079089
0 80 0.079089
0 81 0.079088
0 82 0.079088
0 83 0.079087
0 84 0.079087
0 85 0.079087
0 86 0.079087
0 87 0.079086
0 88 0.079086
0 89 0.079086
0 90 0.079086
0 91 0.079085
0 92 0.079085
0 93 0.079084
0 94 0.079084
0 95 0.079084
0 96 0.079084
0 97 0.079086
0 98 0.079087
0 99 0.079087

1 0 0.079083
1 1 0.079084
1 2 0.079084
1 3 0.079084
1 4 0.079085
1 5 0.079086
1 6 0.079087
1 7 0.079089
1 8 0.079090
1 9 0.079091
1 10 0.079092
1 11 0.079092
1 12 0.079093
1 13 0.079093
1 14 0.079094
1 15 0.079094
1 16 0.079095
1 17 0.079095
1 18 0.079096
1 19 0.079096
1 20 0.079096
1 21 0.079097
1 22 0.079097
1 23 0.079097
1 24 0.079096
1 25 0.079096
1 26 0.079096
1 27 0.079095
1 28 0.079095
1 29 0.079094
1 30 0.079093
1 31 0.079093
1 32 0.079092
1 33 0.079092
1 34 0.079092
1 35 0.079092
1 36 0.079092
1 37 0.079092
1 38 0.079093
1 39 0.079093
1 40 0.079094
1 41 0.079094
1 42 0.079095
1 43 0.079095
1 44 0.079096
1 45 0.079096
1 46 0.079096
1 47 0.079096
1 48 0.079095
1 49 0.079095
1 50 0.079095
1 51 0.079094
1 52 0.079093
1 53 0.079093
1 54 0.079092
1 55 0.079092
1 56 0.079092
1 57 0.079092
1 58 0.079092
1 59 0.079093
1 60 0.079093
1 61 0.079093
1 62 0.079093
1 63 0.079093
1 64 0.079092
1 65 0.079092
1 66 0.079091
1 67 0.079090
1 68 0.079089
1 69 0.079088
1 70 0.079088
1 71 0.079087
1 72 0.079087
1 73 0.079088
1 74 0.079088
1 75 0.079089
1 76 0.079089
1 77 0.079090
1 78 0.079090
1 79 0.079090
1 80 0.079090
1 81 0.079089
1 82 0.079088
1 83 0.079088
1 84 0.079087
1 85 0.079087
1 86 0.079086
1 87 0.079086
1 88 0.079086
1 89 0.079085
1 90 0.079085
1 91 0.079084
1 92 0.079084
1 93 0.079083
1 94 0.079083
1 95 0.079083
1 96 0.079084
1 97 0.079086
1 98 0.079088
1 99 0.079087

2 0 0.079083
2 1 0.079084
2 2 0.079084
2 3 0.079085
2 4 0.079086
2 5 0.079087
2 6 0.079088
2 7 0.079089
2 8 0.079090
2 9 0.079091
2 10 0.079092
2 11 0.079093
2 12 0.079094
2 13 0.079094
2 14 0.079095
2 15 0.079095
2 16 0.079096
2 17 0.079096
2 18 0.079096
2 19 0.079097
2 20 0.079097
2 21 0.079097
2 22 0.079097
2 23 0.079097
2 24 0.079097
2 25 0.079096
2 26 0.079096
2 27 0.079096
2 28 0.079095
2 29 0.079095
2 30 0.079095
2 31 0.079094
2 32 0.079094
2 33 0.079094
2 34 0.079093
2 35 0.079093
2 36 0.079093
2 37 0.079093
2 38 0.079094
2 39 0.079094
2 40 0.079094
2 41 0.079095
2 42 0.079095
2 43 0.079095
2 44 0.079095
2 45 0.079095
2 46 0.079096
2 47 0.079095
2 48 0.079095
2 49 0.079095
2 50 0.079095
2 51 0.079094
2 52 0.079094
2 53 0.079093
2 54 0.079093
2 55 0.079093
2 56 0.079092
2 57 0.079093
2 58 0.079093
2 59 0.079093
2 60 0.079093
2 61 0.079093
2 62 0.079093
2 63 0.079093
2 64 0.079092
2 65 0.079092
2 66 0.079091
2 67 0.079091
2 68 0.079090
2 69 0.079089
2 70 0.079089
2 71 0.079089
2 72 0.079089
2 73 0.079089
2 74 0.079089
2 75 0.079089
2 76 0.079089
2 77 0.079089
2 78 0.079089
2 79 0.079089
2 80 0.079089
2 81 0.079089
2 82 0.079088
2 83 0.079088
2 84 0.079088
2 85 0.079087
2 86 0.079087
2 87 0.079087
2 88 0.079087
2 89 0.079086
2 90 0.079086
2 91 0.079086
2 92 0.079085
2 93 0.079085
2 94 0.079085
2 95 0.079085
2 96 0.079086
2 97 0.079087
2 98 0.079088
2 99 0.079087

3 0 0.079083
3 1 0.079085
3 2 0.079085
3 3 0.079086
3 4 0.079087
3 5 0.079088
3 6 0.079089
3 7 0.079090
3 8 0.079091
3 9 0.079092
3 10 0.079093
3 11 0.079094
3 12 0.079094
3 13 0.079095
3 14 0.079095
3 15 0.079096
3 16 0.079096
3 17 0.079096
3 18 0.079097
3 19 0.079097
3 20 0.079097
3 21 0.079097
3 22 0.079097
3 23 0.079097
3 24 0.079097
3 25 0.079097
3 26 0.079097
3 27 0.079096
3 28 0.079096
3 29 0.079095
3 30 0.079095
3 31 0.079095
3 32 0.079094
3 33 0.079094
3 34 0.079094
3 35 0.079094
3 36 0.079094
3 37 0.079094
3 38 0.079095
3 39 0.079095
3 40 0.079095
3 41 0.079096
3 42 0.079096
3 43 0.079096
3 44 0.079096
3 45 0.079096
3 46 0.079097
3 47 0.079096
3 48 0.079096
3 49 0.079096
3 50 0.079096
3 51 0.079095
3 52 0.079095
3 53 0.079094
3 54 0.079094
3 55 0.079094
3 56 0.079093
3 57 0.079093
3 58 0.079093
3 59 0.079093
3 60 0.079093
3 61 0.079093
3 62 0.079093
3 63 0.079093
3 64 0.079093
3 65 0.079092
3 66 0.079092
3 67 0.079091
3 68 0.079091
3 69 0.079090
3 70 0.079090
3 71 0.079089
3 72 0.079089
3 73 0.079089
3 74 0.079089
3 75 0.079089
3 76 0.079089
3 77 0.079089
3 78 0.079089
3 79 0.079089
3 80 0.079089
3 81 0.079088
3 82 0.079088
3 83 0.079088
3 84 0.079088
3 85 0.079088
3 86 0.079088
3 87 0.079088
3 88 0.079088
3 89 0.079087
3 90 0.079087
3 91 0.079086
3 92 0.079086
3 93 0.079086
3 94 0.079086
3 95 0.079086
3 96 0.079087
3 97 0.079088
3 98 0.079088
3 99 0.079087

4 0 0.079084
4 1 0.079086
4 2 0.079086
4 3 0.079087
4 4 0.079088
4 5 0.079089
4 6 0.079090
4 7 0.079091
4 8 0.079092
4 9 0.079093
4 10 0.079094
4 11 0.079094
4 12 0.079095
4 13 0.079095
4 14 0.079096
4 15 0.079096
4 16 0.079096
4 17 0.079097
4 18 0.079097
4 19 0.079097
4 20 0.079097
4 21 0.079097
4 22 0.079097
4 23 0.079097
4 24 0.079097
4 25 0.079097
4 26 0.079097
4 27 0.079097
4 28 0.079096
4 29 0.079096
4 30 0.079096
4 31 0.079095
4 32 0.079095
4 33 0.079095
4 34 0.079095
4 35 0.079095
4 36 0.079095
4 37 0.079095
4 38 0.079096
4 39 0.079096
4 40 0.079096
4 41 0.079096
4 42 0.079097
4 43 0.079097
4 44 0.079097
4 45 0.079097
4 46 0.079097
4 47 0.079097
4 48 0.079097
4 49 0.079097
4 50 0.079096
4 51 0.079096
4 52 0.079095
4 53 0.079095
4 54 0.079095
4 55 0.079094
4 56 0.079094
4 57 0.079094
4 58 0.079094
4 59 0.079094
4 60 0.079093
4 61 0.079093
4 62 0.079093
4 63 0.079093
4 64 0.079093
4 65 0.079093
4 66 0.079092
4 67 0.079092
4 68 0.079091
4 69 0.079091
4 70 0.079090
4 71 0.079090
4 72 0.079090
4 73 0.079089
4 74 0.079089
4 75 0.079089
4 76 0.079089
4 77 0.079089
4 78 0.079089
4 79 0.079089
4 80 0.079089
4 81 0.079089
4 82 0.079089
4 83 0.079089
4 84 0.079089
4 85 0.079089
4 86 0.079089
4 87 0.079089
4 88 0.079089
4 89 0.079088
4 90 0.079088
4 91 0.079088
4 92 0.079087
4 93 0.079087
4 94 0.079087
4 95 0.079087
4 96 0.079088
4 97 0.079089
4 98 0.079090
4 99 0.079089

5 0 0.079085
5 1 0.079087
5 2 0.079087
5 3 0.079088
5 4 0.079089
5 5 0.079090
5 6 0.079091
5 7 0.079092
5 8 0.079093
5 9 0.079094
5 10 0.079094
5 11 0.079095
5 12 0.079096
5 13 0.079096
5 14 0.079097
5 15 0.079097
5 16 0.079097
5 17 0.079097
5 18 0.079098
5 19 0.079098
5 20 0.079098
5 21 0.079098
5 22 0.079098
5 23 0.079098
5 24 0.079098
5 25 0.079098
5 26 0.079097
5 27 0.079097
5 28 0.079097
5 29 0.079097
5 30 0.079096
5 31 0.079096
5 32 0.079096
5 33 0.079096
5 34 0.079096
5 35 0.079096
5 36 0.079096
5 37 0.079096
5 38 0.079096
5 39 0.079097
5 40 0.079097
5 41 0.079097
5 42 0.079097
5 43 0.079097
5 44 0.079098
5 45 0.079098
5 46 0.079098
5 47 0.079098
5 48 0.079097
5 49 0.079097
5 50 0.079097
5 51 0.079097
5 52 0.079096
5 53 0.079096
5 54 0.079095
5 55 0.079095
5 56 0.079095
5 57 0.079094
5 58 0.079094
5 59 0.079094
5 60 0.079094
5 61 0.079094
5 62 0.079094
5 63 0.079094
5 64 0.079093
5 65 0.079093
5 66 0.079093
5 67 0.079093
5 68 0.079092
5 69 0.079092
5 70 0.079091
5 71 0.079091
5 72 0.079090
5 73 0.079090
5 74 0.079090
5 75 0.079089
5 76 0.079089
5 77 0.079089
5 78 0.079089
5 79 0.079089
5 80 0.079089
5 81 0.079089
5 82 0.079089
5 83 0.079089
5 84 0.079090
5 85 0.079090
5 86 0.079090
5 87 0.079090
5 88 0.079090
5 89 0.079090
5 90 0.079089
5 91 0.079089
5 92 0.079089
5 93 0.079088
5 94 0.079088
5 95 0.079089
5 96 0.079089
5 97 0.079090
5 98 0.079091
5 99 0.079090

6 0 0.079087
6 1 0.079088
6 2 0.079088
6 3 0.079089
6 4 0.079090
6 5 0.079091
6 6 0.079092
6 7 0.079093
6 8 0.079093
6 9 0.079094
6 10 0.079095
6 11 0.079096
6 12 0.079096
6 13 0.079097
6 14 0.079097
6 15 0.079098
6 16 0.079098
6 17 0.079098
6 18 0.079098
6 19 0.079098
6 20 0.079098
6 21 0.079098
6 22 0.079098
6 23 0.079098
6 24 0.079098
6 25 0.079098
6 26 0.079098
6 27 0.079098
6 28 0.079098
6 29 0.079097
6 30 0.079097
6 31 0.079097
6 32 0.079097
6 33 0.079097
6 34 0.079097
6 35 0.079097
6 36 0.079097
6 37 0.079097
6 38 0.079097
6 39 0.079097
6 40 0.079098
6 41 0.079098
6 42 0.079098
6 43 0.079098
6 44 0.079098
6 45 0.079098
6 46 0.079098
6 47 0.079098
6 48 0.079098
6 49 0.079098
6 50 0.079098
6 51 0.079097
6 52 0.079097
6 53 0.079097
6 54 0.079096
6 55 0.079096
6 56 0.079095
6 57 0.079095
6 58 0.079095
6 59 0.079094
6 60 0.079094
6 61 0.079094
6 62 0.079094
6 63 0.079094
6 64 0.079094
6 65 0.079094
6 66 0.079094
6 67 0.079093
6 68 0.079093
6 69 0.079092
6 70 0.079092
6 71 0.079091
6 72 0.079091
6 73 0.079090
6 74 0.079090
6 75 0.079090
6 76 0.079090
6 77 0.079089
6 78 0.079089
6 79 0.079090
6 80 0.079090
6 81 0.079090
6 82 0.079090
6 83 0.079090
6 84 0.079090
6 85 0.079091
6 86 0.079091
6 87 0.079091
6 88 0.079091
6 89 0.079091
6 90 0.079091
6 91 0.079090
6 92 0.079090
6 93 0.079090
6 94 0.079090
6 95 0.079090
6 96 0.079090
6 97 0.079091
6 98 0.079092
6 99 0.079091

7 0 0.079088
7 1 0.079090
7 2 0.079090
7 3 0.079090
7 4 0.079091
7 5 0.079092
7 6 0.079093
7 7 0.079094
7 8 0.079094
7 9 0.079095
7 10 0.079096
7 11 0.079097
7 12 0.079097
7 13 0.079098
7 14 0.079098
7 15 0.079098
7 16 0.079098
7 17 0.079099
7 18 0.079099
7 19 0.079099
7 20 0.079099
7 21 0.079099
7 22 0.079099
7 23 0.079099
7 24 0.079099
7 25 0.079099
7 26 0.079098
7 27 0.079098
7 28 0.079098
7 29 0.079098
7 30 0.079098
7 31 0.079098
7 32 0.079097
7 33 0.079097
7 34 0.079097
7 35 0.079097
7 36 0.079098
7 37 0.079098
7 38 0.079098
7 39 0.079098
7 40 0.079098
7 41 0.079099
7 42 0.079099
7 43 0.079099
7 44 0.079099
7 45 0.079099
7 46 0.079099
7 47 0.079099
7 48 0.079099
7 49 0.079099
7 50 0.079098
7 51 0.079098
7 52 0.079098
7 53 0.079097
7 54 0.079097
7 55 0.079097
7 56 0.079096
7 57 0.079096
7 58 0.079095
7 59 0.079095
7 60 0.079095
7 61 0.079095
7 62 0.079094
7 63 0.079094
7 64 0.079094
7 65 0.079094
7 66 0.079094
7 67 0.079094
7 68 0.079094
7 69 0.079093
7 70 0.079093
7 71 0.079092
7 72 0.079092
7 73 0.079091
7 74 0.079091
7 75 0.079090
7 76 0.079090
7 77 0.079090
7 78 0.079090
7 79 0.079090
7 80 0.079091
7 81 0.079091
7 82 0.079091
7 83 0.079091
7 84 0.079092
7 85 0.079092
7 86 0.079092
7 87 0.079092
7 88 0.079092
7 89 0.079092
7 90 0.079092
7 91 0.079092
7 92 0.079092
7 93 0.079092
7 94 0.079092
7 95 0.079092
7 96 0.079092
7 97 0.079093
7 98 0.079093
7 99 0.079092

8 0 0.079089
8 1 0.079091
8 2 0.079091
8 3 0.079092
8 4 0.079093
8 5 0.079093
8 6 0.079094
8 7 0.079095
8 8 0.079096
8 9 0.079096
8 10 0.079097
8 11 0.079098
8 12 0.079098
8 13 0.079099
8 14 0.079099
8 15 0.079099
8 16 0.079099
8 17 0.079100
8 18 0.079100
8 19 0.079100
8 20 0.079100
8 21 0.079100
8 22 0.079100
8 23 0.079099
8 24 0.079099
8 25 0.079099
8 26 0.079099
8 27 0.079099
8 28 0.079098
8 29 0.079098
8 30 0.079098
8 31 0.079098
8 32 0.079098
8 33 0.079098
8 34 0.079098
8 35 0.079098
8 36 0.079098
8 37 0.079099
8 38 0.079099
8 39 0.079099
8 40 0.079099
8 41 0.079099
8 42 0.079099
8 43 0.079099
8 44 0.079099
8 45 0.079099
8 46 0.079099
8 47 0.079099
8 48 0.079099
8 49 0.079099
8 50 0.079099
8 51 0.079099
8 52 0.079098
8 53 0.079098
8 54 0.079098
8 55 0.079097
8 56 0.079097
8 57 0.079096
8 58 0.079096
8 59 0.079095
8 60 0.079095
8 61 0.079095
8 62 0.079095
8 63 0.079095
8 64 0.079095
8 65 0.079095
8 66 0.079095
8 67 0.079094
8 68 0.079094
8 69 0.079093
8 70 0.079093
8 71 0.079092
8 72 0.079092
8 73 0.079091
8 74 0.079091
8 75 0.079091
8 76 0.079091
8 77 0.079091
8 78 0.079091
8 79 0.079091
8 80 0.079092
8 81 0.079092
8 82 0.079092
8 83 0.079093
8 84 0.079093
8 85 0.079093
8 86 0.079093
8 87 0.079093
8 88 0.079094
8 89 0.079093
8 90 0.079093
8 91 0.079093
8 92 0.079093
8 93 0.079093
8 94 0.079093
8 95 0.079093
8 96 0.079093
8 97 0.079093
8 98 0.079094
8 99 0.079093

9 0 0.079091
9 1 0.079092
9 2 0.079092
9 3 0.079093
9 4 0.079093
9 5 0.079094
9 6 0.079095
9 7 0.079096
9 8 0.079096
9 9 0.079097
9 10 0.079098
9 11 0.079098
9 12 0.079099
9 13 0.079099
9 14 0.079100
9 15 0.079100
9 16 0.079100
9 17 0.079100
9 18 0.079100
9 19 0.079100
9 20 0.079100
9 21 0.079100
9 22 0.079100
9 23 0.079100
9 24 0.079100
9 25 0.079099
9 26 0.079099
9 27 0.079099
9 28 0.079099
9 29 0.079099
9 30 0.079098
9 31 0.079098
9 32 0.079098
9 33 0.079098
9 34 0.079098
9 35 0.079099
9 36 0.079099
9 37 0.079099
9 38 0.079099
9 39 0.079099
9 40 0.079099
9 41 0.079100
9 42 0.079100
9 43 0.079100
9 44 0.079100
9 45 0.079100
9 46 0.079100
9 47 0.079100
9 48 0.079100
9 49 0.079100
9 50 0.079100
9 51 0.079099
9 52 0.079099
9 53 0.079099
9 54 0.079098
9 55 0.079098
9 56 0.079097
9 57 0.079097
9 58 0.079096
9 59 0.079096
9 60 0.079096
9 61 0.079095
9 62 0.079095
9 63 0.079095
9 64 0.079095
9 65 0.079095
9 66 0.079095
9 67 0.079095
9 68 0.079094
9 69 0.079094
9 70 0.079094
9 71 0.079093
9 72 0.079093
9 73 0.079092
9 74 0.079092
9 75 0.079092
9 76 0.079092
9 77 0.079092
9 78 0.079092
9 79 0.079092
9 80 0.079093
9 81 0.079093
9 82 0.079094
9 83 0.079094
9 84 0.079094
9 85 0.079094
9 86 0.079094
9 87 0.079095
9 88 0.079095
9 89 0.079095
9 90 0.079095
9 91 0.079094
9 92 0.079094
9 93 0.079094
9 94 0.079094
9 95 0.079094
9 96 0.079094
9 97 0.079094
9 98 0.079095
9 99 0.079094

10 0 0.079091
10 1 0.079093
10 2 0.079093
10 3 0.079094
10 4 0.079094
10 5 0.079095
10 6 0.079095
10 7 0.079096
10 8 0.079097
10 9 0.079098
10 10 0.079098
10 11 0.079099
10 12 0.079099
10 13 0.079100
10 14 0.079100
10 15 0.079101
10 16 0.079101
10 17 0.079101
10 18 0.079101
10 19 0.079101
10 20 0.079101
10 21 0.079101
10 22 0.079101
10 23 0.079100
10 24 0.079100
10 25 0.079100
10 26 0.079100
10 27 0.079099
10 28 0.079099
10 29 0.079099
10 30 0.079099
10 31 0.079099
10 32 0.079099
10 33 0.079099
10 34 0.079099
10 35 0.079099
10 36 0.079099
10 37 0.079099
10 38 0.079099
10 39 0.079099
10 40 0.079100
10 41 0.079100
10 42 0.079100
10 43 0.079100
10 44 0.079100
10 45 0.079100
10 46 0.079100
10 47 0.079100
10 48 0.079100
10 49 0.079100
10 50 0.079100
10 51 0.079100
10 52 0.079099
10 53 0.079099
10 54 0.079098
10 55 0.079098
10 56 0.079097
10 57 0.079097
10 58 0.079096
10 59 0.079096
10 60 0.079096
10 61 0.079095
10 62 0.079095
10 63 0.079095
10 64 0.079095
10 65 0.079095
10 66 0.079095
10 67 0.079095
10 68 0.079095
10 69 0.079094
10 70 0.079094
10 71 0.079093
10 72 0.079093
10 73 0.079093
10 74 0.079092
10 75 0.079092
10 76 0.079092
10 77 0.079093
10 78 0.079093
10 79 0.079093
10 80 0.079094
10 81 0.079094
10 82 0.079094
10 83 0.079095
10 84 0.079095
10 85 0.079095
10 86 0.079095
10 87 0.079095
10 88 0.079095
10 89 0.079095
10 90 0.079095
10 91 0.079095
10 92 0.079095
10 93 0.079095
10 94 0.079095
10 95 0.079095
10 96 0.079095
10 97 0.079095
10 98 0.079095
10 99 0.079095

11 0 0.079093
11 1 0.079093
11 2 0.079094
11 3 0.079094
11 4 0.079095
11 5 0.079096
11 6 0.079096
11 7 0.079097
11 8 0.079098
11 9 0.079098
11 10 0.079099
11 11 0.079099
11 12 0.079100
11 13 0.079100
11 14 0.079101
11 15 0.079101
11 16 0.079101
11 17 0.079101
11 18 0.079101
11 19 0.079101
11 20 0.079101
11 21 0.079101
11 22 0.079101
11 23 0.079101
11 24 0.079100
11 25 0.079100
11 26 0.079100
11 27 0.079099
11 28 0.079099
11 29 0.079099
11 30 0.079099
11 31 0.079099
11 32 0.079099
11 33 0.079099
11 34 0.079099
11 35 0.079099
11 36 0.079099
11 37 0.079099
11 38 0.079099
11 39 0.079100
11 40 0.079100
11 41 0.079100
11 42 0.079100
11 43 0.079100
11 44 0.079100
11 45 0.079100
11 46 0.079100
11 47 0.079100
11 48 0.079100
11 49 0.079100
11 50 0.079100
11 51 0.079100
11 52 0.079100
11 53 0.079099
11 54 0.079099
11 55 0.079098
11 56 0.079098
11 57 0.079097
11 58 0.079097
11 59 0.079096
11 60 0.079096
11 61 0.079096
11 62 0.079096
11 63 0.079096
11 64 0.079096
11 65 0.079096
11 66 0.079095
11 67 0.079095
11 68 0.079095
11 69 0.079095
11 70 0.079094
11 71 0.079094
11 72 0.079094
11 73 0.079093
11 74 0.079093
11 75 0.079093
11 76 0.079093
11 77 0.079094
11 78 0.079094
11 79 0.079094
11 80 0.079095
11 81 0.079095
11 82 0.079095
11 83 0.079096
11 84 0.079096
11 85 0.079096
11 86 0.079096
11 87 0.079096
11 88 0.079096
11 89 0.079096
11 90 0.079096
11 91 0.079096
11 92 0.079096
11 93 0.079096
11 94 0.079096
11 95 0.079096
11 96 0.079096
11 97 0.079096
11 98 0.079096
11 99 0.079096

12 0 0.079093
12 1 0.079094
12 2 0.079094
12 3 0.079095
12 4 0.079095
12 5 0.079096
12 6 0.079097
12 7 0.079097
12 8 0.079098
12 9 0.079099
12 10 0.079099
12 11 0.079100
12 12 0.079100
12 13 0.079101
12 14 0.079101
12 15 0.079102
12 16 0.079102
12 17 0.079102
12 18 0.079102
12 19 0.079102
12 20 0.079102
12 21 0.079102
12 22 0.079101
12 23 0.079101
12 24 0.079101
12 25 0.079100
12 26 0.079100
12 27 0.079100
12 28 0.079099
12 29 0.079099
12 30 0.079099
12 31 0.079099
12 32 0.079099
12 33 0.079099
12 34 0.079099
12 35 0.079099
12 36 0.079099
12 37 0.079099
12 38 0.079099
12 39 0.079099
12 40 0.079100
12 41 0.079100
12 42 0.079100
12 43 0.079100
12 44 0.079100
12 45 0.079100
12 46 0.079100
12 47 0.079100
12 48 0.079100
12 49 0.079100
12 50 0.079100
12 51 0.079100
12 52 0.079100
12 53 0.079099
12 54 0.079099
12 55 0.079098
12 56 0.079098
12 57 0.079097
12 58 0.079097
12 59 0.079096
12 60 0.079096
12 61 0.079096
12 62 0.079096
12 63 0.079096
12 64 0.079096
12 65 0.079096
12 66 0.079096
12 67 0.079095
12 68 0.079095
12 69 0.079095
12 70 0.079095
12 71 0.079094
12 72 0.079094
12 73 0.079094
12 74 0.079094
12 75 0.079094
12 76 0.079094
12 77 0.079095
12 78 0.079095
12 79 0.079095
12 80 0.079096
12 81 0.079096
12 82 0.079096
12 83 0.079096
12 84 0.079096
12 85 0.079096
12 86 0.079097
12 87 0.079097
12 88 0.079097
12 89 0.079097
12 90 0.079097
12 91 0.079097
12 92 0.079097
12 93 0.079097
12 94 0.079096
12 95 0.079096
12 96 0.079096
12 97 0.079096
12 98 0.079096
12 99 0.079096

13 0 0.079094
13 1 0.079095
13 2 0.079095
13 3 0.079096
13 4 0.079096
13 5 0.079097
13 6 0.079097
13 7 0.079098
13 8 0.079098
13 9 0.079099
13 10 0.079100
13 11 0.079100
13 12 0.079101
13 13 0.079101
13 14 0.079102
13 15 0.079102
13 16 0.079102
13 17 0.079102
13 18 0.079102
13 19 0.079102
13 20 0.079102
13 21 0.079102
13 22 0.079102
13 23 0.079101
13 24 0.079101
13 25 0.079100
13 26 0.079100
13 27 0.079100
13 28 0.079099
13 29 0.079099
13 30 0.079099
13 31 0.079099
13 32 0.079099
13 33 0.079099
13 34 0.079099
13 35 0.079099
13 36 0.079099
13 37 0.079099
13 38 0.079099
13 39 0.079099
13 40 0.079100
13 41 0.079100
13 42 0.079100
13 43 0.079100
13 44 0.079100
13 45 0.079100
13 46 0.079100
13 47 0.079101
13 48 0.079101
13 49 0.079101
13 50 0.079101
13 51 0.079100
13 52 0.079100
13 53 0.079100
13 54 0.079099
13 55 0.079098
13 56 0.079098
13 57 0.079097
13 58 0.079097
13 59 0.079096
13 60 0.079096
13 61 0.079096
13 62 0.079096
13 63 0.079096
13 64 0.079096
13 65 0.079096
13 66 0.079096
13 67 0.079096
13 68 0.079095
13 69 0.079095
13 70 0.079095
13 71 0.079095
13 72 0.079095
13 73 0.079095
13 74 0.079095
13 75 0.079095
13 76 0.079095
13 77 0.079096
13 78 0.079096
13 79 0.079096
13 80 0.079097
13 81 0.079097
13 82 0.079097
13 83 0.079097
13 84 0.079097
13 85 0.079097
13 86 0.079097
13 87 0.079097
13 88 0.079097
13 89 0.079097
13 90 0.079097
13 91 0.079097
13 92 0.079097
13 93 0.079097
13 94 0.079097
13 95 0.079097
13 96 0.079097
13 97 0.079096
13 98 0.079097
13 99 0.079097

14 0 0.079095
14 1 0.079095
14 2 0.079096
14 3 0.079096
14 4 0.079096
14 5 0.079097
14 6 0.079098
14 7 0.079098
14 8 0.079099
14 9 0.079099
14 10 0.079100
14 11 0.079101
14 12 0.079101
14 13 0.079102
14 14 0.079102
14 15 0.079102
14 16 0.079103
14 17 0.079103
14 18 0.079103
14 19 0.079103
14 20 0.079102
14 21 0.079102
14 22 0.079102
14 23 0.079101
14 24 0.079101
14 25 0.079100
14 26 0.079100
14 27 0.079099
14 28 0.079099
14 29 0.079099
14 30 0.079098
14 31 0.079098
14 32 0.079098
14 33 0.079098
14 34 0.079098
14 35 0.079099
14 36 0.079099
14 37 0.079099
14 38 0.079099
14 39 0.079099
14 40 0.079099
14 41 0.079099
14 42 0.079100
14 43 0.079100
14 44 0.079100
14 45 0.079100
14 46 0.079100
14 47 0.079100
14 48 0.079100
14 49 0.079100
14 50 0.079100
14 51 0.079100
14 52 0.079100
14 53 0.079099
14 54 0.079099
14 55 0.079098
14 56 0.079098
14 57 0.079097
14 58 0.079097
14 59 0.079096
14 60 0.079096
14 61 0.079096
14 62 0.079096
14 63 0.079096
14 64 0.079096
14 65 0.079096
14 66 0.079096
14 67 0.079096
14 68 0.079096
14 69 0.079095
14 70 0.079095
14 71 0.079095
14 72 0.079095
14 73 0.079095
14 74 0.079095
14 75 0.079096
14 76 0.079096
14 77 0.079096
14 78 0.079097
14 79 0.079097
14 80 0.079097
14 81 0.079097
14 82 0.079098
14 83 0.079098
14 84 0.079098
14 85 0.079098
14 86 0.079098
14 87 0.079098
14 88 0.079098
14 89 0.079098
14 90 0.079098
14 91 0.079098
14 92 0.079098
14 93 0.079097
14 94 0.079097
14 95 0.079097
14 96 0.079097
14 97 0.079097
14 98 0.079097
14 99 0.079098

15 0 0.079096
15 1 0.079096
15 2 0.079096
15 3 0.079097
15 4 0.079097
15 5 0.079097
15 6 0.079098
15 7 0.079099
15 8 0.079099
15 9 0.079100
15 10 0.079100
15 11 0.079101
15 12 0.079101
15 13 0.079102
15 14 0.079102
15 15 0.079102
15 16 0.079103
15 17 0.079103
15 18 0.079103
15 19 0.079103
15 20 0.079102
15 21 0.079102
15 22 0.079102
15 23 0.079101
15 24 0.079101
15 25 0.079100
15 26 0.079100
15 27 0.079099
15 28 0.079099
15 29 0.079098
15 30 0.079098
15 31 0.079098
15 32 0.079098
15 33 0.079098
15 34 0.079098
15 35 0.079098
15 36 0.079099
15 37 0.079099
15 38 0.079099
15 39 0.079099
15 40 0.079099
15 41 0.079099
15 42 0.079100
15 43 0.079100
15 44 0.079100
15 45 0.079100
15 46 0.079100
15 47 0.079101
15 48 0.079101
15 49 0.079101
15 50 0.079101
15 51 0.079100
15 52 0.079100
15 53 0.079099
15 54 0.079099
15 55 0.079098
15 56 0.079098
15 57 0.079097
15 58 0.079097
15 59 0.079096
15 60 0.079096
15 61 0.079096
15 62 0.079096
15 63 0.079096
15 64 0.079096
15 65 0.079096
15 66 0.079096
15 67 0.079096
15 68 0.079096
15 69 0.079096
15 70 0.079096
15 71 0.079096
15 72 0.079096
15 73 0.079096
15 74 0.079096
15 75 0.079097
15 76 0.079097
15 77 0.079097
15 78 0.079098
15 79 0.079098
15 80 0.079098
15 81 0.079098
15 82 0.079098
15 83 0.079098
15 84 0.079098
15 85 0.079098
15 86 0.079098
15 87 0.079098
15 88 0.079098
15 89 0.079098
15 90 0.079098
15 91 0.079098
15 92 0.079098
15 93 0.079098
15 94 0.079098
15 95 0.079097
15 96 0.079097
15 97 0.079097
15 98 0.079097
15 99 0.079098

16 0 0.079096
16 1 0.079096
16 2 0.079096
16 3 0.079097
16 4 0.079097
16 5 0.079098
16 6 0.079098
16 7 0.079099
16 8 0.079099
16 9 0.079100
16 10 0.079100
16 11 0.079101
16 12 0.079101
16 13 0.079102
16 14 0.079102
16 15 0.079102
16 16 0.079103
16 17 0.079103
16 18 0.079103
16 19 0.079103
16 20 0.079102
16 21 0.079102
16 22 0.079101
16 23 0.079101
16 24 0.079100
16 25 0.079100
16 26 0.079099
16 27 0.079099
16 28 0.079099
16 29 0.079098
16 30 0.079098
16 31 0.079098
16 32 0.079098
16 33 0.079098
16 34 0.079098
16 35 0.079098
16 36 0.079098
16 37 0.079099
16 38 0.079099
16 39 0.079099
16 40 0.079099
16 41 0.079099
16 42 0.079099
16 43 0.079100
16 44 0.079100
16 45 0.079100
16 46 0.079100
16 47 0.079101
16 48 0.079101
16 49 0.079101
16 50 0.079101
16 51 0.079100
16 52 0.079100
16 53 0.079099
16 54 0.079099
16 55 0.079098
16 56 0.079098
16 57 0.079097
16 58 0.079097
16 59 0.079096
16 60 0.079096
16 61 0.079096
16 62 0.079096
16 63 0.079096
16 64 0.079096
16 65 0.079096
16 66 0.079096
16 67 0.079096
16 68 0.079096
16 69 0.079096
16 70 0.079096
16 71 0.079096
16 72 0.079096
16 73 0.079096
16 74 0.079097
16 75 0.079097
16 76 0.079098
16 77 0.079098
16 78 0.079098
16 79 0.079099
16 80 0.079099
16 81 0.079099
16 82 0.079099
16 83 0.079098
16 84 0.079098
16 85 0.079098
16 86 0.079098
16 87 0.079098
16 88 0.079098
16 89 0.079098
16 90 0.079098
16 91 0.079098
16 92 0.079098
16 93 0.079098
16 94 0.079098
16 95 0.079098
16 96 0.079097
16 97 0.079097
16 98 0.079097
16 99 0.079098

17 0 0.079097
17 1 0.079097
17 2 0.079097
17 3 0.079097
17 4 0.079098
17 5 0.079098
17 6 0.079098
17 7 0.079099
17 8 0.079099
17 9 0.079100
17 10 0.079100
17 11 0.079101
17 12 0.079101
17 13 0.079102
17 14 0.079102
17 15 0.079102
17 16 0.079102
17 17 0.079103
17 18 0.079102
17 19 0.079102
17 20 0.079102
17 21 0.079102
17 22 0.079101
17 23 0.079101
17 24 0.079100
17 25 0.079100
17 26 0.079099
17 27 0.079099
17 28 0.079098
17 29 0.079098
17 30 0.079098
17 31 0.079098
17 32 0.079098
17 33 0.079098
17 34 0.079098
17 35 0.079098
17 36 0.079098
17 37 0.079099
17 38 0.079099
17 39 0.079099
17 40 0.079099
17 41 0.079099
17 42 0.079099
17 43 0.079100
17 44 0.079100
17 45 0.079100
17 46 0.079101
17 47 0.079101
17 48 0.079101
17 49 0.079101
17 50 0.079101
17 51 0.079100
17 52 0.079100
17 53 0.079100
17 54 0.079099
17 55 0.079098
17 56 0.079098
17 57 0.079097
17 58 0.079097
17 59 0.079097
17 60 0.079097
17 61 0.079097
17 62 0.079097
17 63 0.079097
17 64 0.079097
17 65 0.079097
17 66 0.079097
17 67 0.079096
17 68 0.079096
17 69 0.079096
17 70 0.079096
17 71 0.079097
17 72 0.079097
17 73 0.079097
17 74 0.079098
17 75 0.079098
17 76 0.079098
17 77 0.079099
17 78 0.079099
17 79 0.079099
17 80 0.079099
17 81 0.079099
17 82 0.079099
17 83 0.079099
17 84 0.079099
17 85 0.079098
17 86 0.079098
17 87 0.079098
17 88 0.079098
17 89 0.079098
17 90 0.079098
17 91 0.079098
17 92 0.079098
17 93 0.079098
17 94 0.079098
17 95 0.079098
17 96 0.079098
17 97 0.079098
17 98 0.079098
17 99 0.079099

18 0 0.079097
18 1 0.079097
18 2 0.079097
18 3 0.079098
18 4 0.079098
18 5 0.079098
18 6 0.079099
18 7 0.079099
18 8 0.079099
18 9 0.079100
18 10 0.079100
18 11 0.079101
18 12 0.079101
18 13 0.079101
18 14 0.079102
18 15 0.079102
18 16 0.079102
18 17 0.079102
18 18 0.079102
18 19 0.079102
18 20 0.079102
18 21 0.079101
18 22 0.079101
18 23 0.079100
18 24 0.079100
18 25 0.079099
18 26 0.079099
18 27 0.079098
18 28 0.079098
18 29 0.079098
18 30 0.079098
18 31 0.079098
18 32 0.079098
18 33 0.079098
18 34 0.079098
18 35 0.079098
18 36 0.079098
18 37 0.079098
18 38 0.079099
18 39 0.079099
18 40 0.079099
18 41 0.079099
18 42 0.079099
18 43 0.079100
18 44 0.079100
18 45 0.079100
18 46 0.079101
18 47 0.079101
18 48 0.079101
18 49 0.079101
18 50 0.079101
18 51 0.079101
18 52 0.079100
18 53 0.079100
18 54 0.079099
18 55 0.079098
18 56 0.079098
18 57 0.079097
18 58 0.079097
18 59 0.079097
18 60 0.079097
18 61 0.079097
18 62 0.079097
18 63 0.079097
18 64 0.079097
18 65 0.079097
18 66 0.079097
18 67 0.079097
18 68 0.079097
18 69 0.079097
18 70 0.079097
18 71 0.079097
18 72 0.079097
18 73 0.079098
18 74 0.079098
18 75 0.079099
18 76 0.079099
18 77 0.079099
18 78 0.079100
18 79 0.079100
18 80 0.079100
18 81 0.079099
18 82 0.079099
18 83 0.079099
18 84 0.079099
18 85 0.079098
18 86 0.079098
18 87 0.079098
18 88 0.079098
18 89 0.079098
18 90 0.079098
18 91 0.079098
18 92 0.079099
18 93 0.079098
18 94 0.079098
18 95 0.079098
18 96 0.079098
18 97 0.079098
18 98 0.079098
18 99 0.079099

19 0 0.079098
19 1 0.079097
19 2 0.079098
19 3 0.079098
19 4 0.079098
19 5 0.079098
19 6 0.079099
19 7 0.079099
19 8 0.079099
19 9 0.079100
19 10 0.079100
19 11 0.079100
19 12 0.079101
19 13 0.079101
19 14 0.079101
19 15 0.079102
19 16 0.079102
19 17 0.079102
19 18 0.079102
19 19 0.079101
19 20 0.079101
19 21 0.079101
19 22 0.079100
19 23 0.079100
19 24 0.079099
19 25 0.079099
19 26 0.079098
19 27 0.079098
19 28 0.079098
19 29 0.079097
19 30 0.079097
19 31 0.079097
19 32 0.079098
19 33 0.079098
19 34 0.079098
19 35 0.079098
19 36 0.079098
19 37 0.079098
19 38 0.079099
19 39 0.079099
19 40 0.079099
19 41 0.079099
19 42 0.079100
19 43 0.079100
19 44 0.079100
19 45 0.079101
19 46 0.079101
19 47 0.079101
19 48 0.079101
19 49 0.079101
19 50 0.079101
19 51 0.079100
19 52 0.079100
19 53 0.079099
19 54 0.079099
19 55 0.079098
19 56 0.079098
19 57 0.079098
19 58 0.079097
19 59 0.079097
19 60 0.079097
19 61 0.079097
19 62 0.079097
19 63 0.079097
19 64 0.079097
19 65 0.079097
19 66 0.079097
19 67 0.079097
19 68 0.079097
19 69 0.079097
19 70 0.079097
19 71 0.079098
19 72 0.079098
19 73 0.079098
19 74 0.079099
19 75 0.079099
19 76 0.079099
19 77 0.079100
19 78 0.079100
19 79 0.079100
19 80 0.079100
19 81 0.079099
19 82 0.079099
19 83 0.079099
19 84 0.079099
19 85 0.079098
19 86 0.079098
19 87 0.079098
19 88 0.079098
19 89 0.079098
19 90 0.079098
19 91 0.079098
19 92 0.079099
19 93 0.079098
19 94 0.079098
19 95 0.079098
19 96 0.079098
19 97 0.079098
19 98 0.079098
19 99 0.079099

20 0 0.079098
20 1 0.079097
20 2 0.079098
20 3 0.079098
20 4 0.079098
20 5 0.079099
20 6 0.079099
20 7 0.079099
20 8 0.079099
20 9 0.079100
20 10 0.079100
20 11 0.079100
20 12 0.079100
20 13 0.079101
20 14 0.079101
20 15 0.079101
20 16 0.079101
20 17 0.079101
20 18 0.079101
20 19 0.079101
20 20 0.079101
20 21 0.079100
20 22 0.079100
20 23 0.079099
20 24 0.079099
20 25 0.079098
20 26 0.079098
20 27 0.079098
20 28 0.079097
20 29 0.079097
20 30 0.079097
20 31 0.079097
20 32 0.079097
20 33 0.079098
20 34 0.079098
20 35 0.079098
20 36 0.079098
20 37 0.079098
20 38 0.079099
20 39 0.079099
20 40 0.079099
20 41 0.079099
20 42 0.079100
20 43 0.079100
20 44 0.079100
20 45 0.079101
20 46 0.079101
20 47 0.079101
20 48 0.079101
20 49 0.079101
20 50 0.079101
20 51 0.079101
20 52 0.079100
20 53 0.079100
20 54 0.079099
20 55 0.079099
20 56 0.079098
20 57 0.079098
20 58 0.079098
20 59 0.079098
20 60 0.079098
20 61 0.079098
20 62 0.079098
20 63 0.079098
20 64 0.079098
20 65 0.079098
20 66 0.079098
20 67 0.079098
20 68 0.079097
20 69 0.079098
20 70 0.079098
20 71 0.079098
20 72 0.079098
20 73 0.079099
20 74 0.079099
20 75 0.079100
20 76 0.079100
20 77 0.079100
20 78 0.079100
20 79 0.079100
20 80 0.079100
20 81 0.079100
20 82 0.079099
20 83 0.079099
20 84 0.079099
20 85 0.079098
20 86 0.079098
20 87 0.079098
20 88 0.079098
20 89 0.079098
20 90 0.079099
20 91 0.079099
20 92 0.079099
20 93 0.079099
20 94 0.079099
20 95 0.079098
20 96 0.079098
20 97 0.079099
20 98 0.079099
20 99 0.079099

21 0 0.079098
21 1 0.079098
21 2 0.079098
21 3 0.079098
21 4 0.079098
21 5 0.079099
21 6 0.079099
21 7 0.079099
21 8 0.079099
21 9 0.079100
21 10 0.079100
21 11 0.079100
21 12 0.079100
21 13 0.079100
21 14 0.079101
21 15 0.079101
21 16 0.079101
21 17 0.079101
21 18 0.079101
21 19 0.079100
21 20 0.079100
21 21 0.079100
21 22 0.079099
21 23 0.079099
21 24 0.079098
21 25 0.079098
21 26 0.079098
21 27 0.079097
21 28 0.079097
21 29 0.079097
21 30 0.079097
21 31 0.079097
21 32 0.079097
21 33 0.079098
21 34 0.079098
21 35 0.079098
21 36 0.079098
21 37 0.079099
21 38 0.079099
21 39 0.079099
21 40 0.079099
21 41 0.079100
21 42 0.079100
21 43 0.079100
21 44 0.079101
21 45 0.079101
21 46 0.079101
21 47 0.079101
21 48 0.079101
21 49 0.079101
21 50 0.079101
21 51 0.079101
21 52 0.079100
21 53 0.079100
21 54 0.079100
21 55 0.079099
21 56 0.079099
21 57 0.079099
21 58 0.079098
21 59 0.079098
21 60 0.079098
21 61 0.079098
21 62 0.079098
21 63 0.079098
21 64 0.079098
21 65 0.079098
21 66 0.079098
21 67 0.079098
21 68 0.079098
21 69 0.079098
21 70 0.079098
21 71 0.079098
21 72 0.079099
21 73 0.079099
21 74 0.079100
21 75 0.079100
21 76 0.079100
21 77 0.079100
21 78 0.079101
21 79 0.079100
21 80 0.079100
21 81 0.079100
21 82 0.079099
21 83 0.079099
21 84 0.079099
21 85 0.079098
21 86 0.079098
21 87 0.079098
21 88 0.079098
21 89 0.079099
21 90 0.079099
21 91 0.079099
21 92 0.079099
21 93 0.079099
21 94 0.079099
21 95 0.079099
21 96 0.079099
21 97 0.079099
21 98 0.079099
21 99 0.079099

22 0 0.079098
22 1 0.079098
22 2 0.079098
22 3 0.079099
22 4 0.079099
22 5 0.079099
22 6 0.079099
22 7 0.079099
22 8 0.079100
22 9 0.079100
22 10 0.079100
22 11 0.079100
22 12 0.079100
22 13 0.079100
22 14 0.079100
22 15 0.079100
22 16 0.079100
22 17 0.079100
22 18 0.079100
22 19 0.079100
22 20 0.079100
22 21 0.079099
22 22 0.079099
22 23 0.079098
22 24 0.079098
22 25 0.079098
22 26 0.079097
22 27 0.079097
22 28 0.079097
22 29 0.079097
22 30 0.079097
22 31 0.079097
22 32 0.079097
22 33 0.079098
22 34 0.079098
22 35 0.079098
22 36 0.079098
22 37 0.079099
22 38 0.079099
22 39 0.079099
22 40 0.079100
22 41 0.079100
22 42 0.079100
22 43 0.079101
22 44 0.079101
22 45 0.079101
22 46 0.079102
22 47 0.079102
22 48 0.079102
22 49 0.079102
22 50 0.079101
22 51 0.079101
22 52 0.079101
22 53 0.079100
22 54 0.079100
22 55 0.079100
22 56 0.079099
22 57 0.079099
22 58 0.079099
22 59 0.079099
22 60 0.079099
22 61 0.079099
22 62 0.079099
22 63 0.079099
22 64 0.079099
22 65 0.079098
22 66 0.079098
22 67 0.079098
22 68 0.079098
22 69 0.079098
22 70 0.079098
22 71 0.079099
22 72 0.079099
22 73 0.079099
22 74 0.079100
22 75 0.079100
22 76 0.079101
22 77 0.079101
22 78 0.079101
22 79 0.079101
22 80 0.079100
22 81 0.079100
22 82 0.079100
22 83 0.079099
22 84 0.079099
22 85 0.079099
22 86 0.079098
22 87 0.079098
22 88 0.079099
22 89 0.079099
22 90 0.079099
22 91 0.079099
22 92 0.079100
22 93 0.079100
22 94 0.079100
22 95 0.079099
22 96 0.079099
22 97 0.079099
22 98 0.079099
22 99 0.079099

23 0 0.079098
23 1 0.079098
23 2 0.079098
23 3 0.079099
23 4 0.079099
23 5 0.079099
23 6 0.079099
23 7 0.079100
23 8 0.079100
23 9 0.079100
23 10 0.079100
23 11 0.079100
23 12 0.079100
23 13 0.079100
23 14 0.079100
23 15 0.079100
23 16 0.079100
23 17 0.079100
23 18 0.079100
23 19 0.079099
23 20 0.079099
23 21 0.079099
23 22 0.079098
23 23 0.079098
23 24 0.079098
23 25 0.079097
23 26 0.079097
23 27 0.079097
23 28 0.079097
23 29 0.079097
23 30 0.079097
23 31 0.079097
23 32 0.079097
23 33 0.079098
23 34 0.079098
23 35 0.079098
23 36 0.079099
23 37 0.079099
23 38 0.079099
23 39 0.079099
23 40 0.079100
23 41 0.079100
23 42 0.079101
23 43 0.079101
23 44 0.079101
23 45 0.079102
23 46 0.079102
23 47 0.079102
23 48 0.079102
23 49 0.079102
23 50 0.079102
23 51 0.079102
23 52 0.079101
23 53 0.079101
23 54 0.079100
23 55 0.079100
23 56 0.079100
23 57 0.079100
23 58 0.079100
23 59 0.079100
23 60 0.079099
23 61 0.079099
23 62 0.079099
23 63 0.079099
23 64 0.079099
23 65 0.079099
23 66 0.079099
23 67 0.079098
23 68 0.079098
23 69 0.079098
23 70 0.079098
23 71 0.079099
23 72 0.079099
23 73 0.079100
23 74 0.079100
23 75 0.079100
23 76 0.079101
23 77 0.079101
23 78 0.079101
23 79 0.079101
23 80 0.079101
23 81 0.079100
23 82 0.079100
23 83 0.079099
23 84 0.079099
23 85 0.079099
23 86 0.079099
23 87 0.079099
23 88 0.079099
23 89 0.079099
23 90 0.079100
23 91 0.079100
23 92 0.079100
23 93 0.079100
23 94 0.079100
23 95 0.079100
23 96 0.079100
23 97 0.079099
23 98 0.079099
23 99 0.079099

24 0 0.079098
24 1 0.079098
24 2 0.079099
24 3 0.079099
24 4 0.079099
24 5 0.079099
24 6 0.079099
24 7 0.079100
24 8 0.079100
24 9 0.079100
24 10 0.079100
24 11 0.079100
24 12 0.079100
24 13 0.079100
24 14 0.079100
24 15 0.079100
24 16 0.079099
24 17 0.079099
24 18 0.079099
24 19 0.079099
24 20 0.079099
24 21 0.079098
24 22 0.079098
24 23 0.079098
24 24 0.079097
24 25 0.079097
24 26 0.079097
24 27 0.079097
24 28 0.079097
24 29 0.079097
24 30 0.079097
24 31 0.079097
24 32 0.079098
24 33 0.079098
24 34 0.079098
24 35 0.079098
24 36 0.079099
24 37 0.079099
24 38 0.079099
24 39 0.079100
24 40 0.079100
24 41 0.079101
24 42 0.079101
24 43 0.079101
24 44 0.079102
24 45 0.079102
24 46 0.079102
24 47 0.079102
24 48 0.079102
24 49 0.079102
24 50 0.079102
24 51 0.079102
24 52 0.079102
24 53 0.079101
24 54 0.079101
24 55 0.079101
24 56 0.079100
24 57 0.079100
24 58 0.079100
24 59 0.079100
24 60 0.079100
24 61 0.079100
24 62 0.079100
24 63 0.079100
24 64 0.079100
24 65 0.079099
24 66 0.079099
24 67 0.079099
24 68 0.079099
24 69 0.079098
24 70 0.079099
24 71 0.079099
24 72 0.079099
24 73 0.079100
24 74 0.079100
24 75 0.079101
24 76 0.079101
24 77 0.079101
24 78 0.079101
24 79 0.079101
24 80 0.079101
24 81 0.079100
24 82 0.079100
24 83 0.079100
24 84 0.079099
24 85 0.079099
24 86 0.079099
24 87 0.079099
24 88 0.079099
24 89 0.079100
24 90 0.079100
24 91 0.079100
24 92 0.079100
24 93 0.079100
24 94 0.079100
24 95 0.079100
24 96 0.079100
24 97 0.079100
24 98 0.079100
24 99 0.079099

25 0 0.079097
25 1 0.079099
25 2 0.079099
25 3 0.079099
25 4 0.079099
25 5 0.079100
25 6 0.079100
25 7 0.079100
25 8 0.079100
25 9 0.079100
25 10 0.079100
25 11 0.079100
25 12 0.079099
25 13 0.079099
25 14 0.079099
25 15 0.079099
25 16 0.079099
25 17 0.079099
25 18 0.079099
25 19 0.079098
25 20 0.079098
25 21 0.079098
25 22 0.079098
25 23 0.079097
25 24 0.079097
25 25 0.079097
25 26 0.079097
25 27 0.079097
25 28 0.079097
25 29 0.079097
25 30 0.079097
25 31 0.079097
25 32 0.079098
25 33 0.079098
25 34 0.079098
25 35 0.079099
25 36 0.079099
25 37 0.079099
25 38 0.079100
25 39 0.079100
25 40 0.079100
25 41 0.079101
25 42 0.079101
25 43 0.079102
25 44 0.079102
25 45 0.079103
25 46 0.079103
25 47 0.079103
25 48 0.079103
25 49 0.079103
25 50 0.079103
25 51 0.079102
25 52 0.079102
25 53 0.079102
25 54 0.079101
25 55 0.079101
25 56 0.079101
25 57 0.079101
25 58 0.079101
25 59 0.079101
25 60 0.079101
25 61 0.079101
25 62 0.079100
25 63 0.079100
25 64 0.079100
25 65 0.079099
25 66 0.079099
25 67 0.079099
25 68 0.079099
25 69 0.079099
25 70 0.079099
25 71 0.079099
25 72 0.079099
25 73 0.079100
25 74 0.079101
25 75 0.079101
25 76 0.079101
25 77 0.079102
25 78 0.079102
25 79 0.079101
25 80 0.079101
25 81 0.079101
25 82 0.079100
25 83 0.079100
25 84 0.079099
25 85 0.079099
25 86 0.079099
25 87 0.079099
25 88 0.079100
25 89 0.079100
25 90 0.079100
25 91 0.079101
25 92 0.079101
25 93 0.079101
25 94 0.079101
25 95 0.079100
25 96 0.079100
25 97 0.079100
25 98 0.079100
25 99 0.079099

26 0 0.079098
26 1 0.079099
26 2 0.079099
26 3 0.079099
26 4 0.079099
26 5 0.079100
26 6 0.079100
26 7 0.079100
26 8 0.079100
26 9 0.079100
26 10 0.079100
26 11 0.079099
26 12 0.079099
26 13 0.079099
26 14 0.079099
26 15 0.079099
26 16 0.079099
26 17 0.079098
26 18 0.079098
26 19 0.079098
26 20 0.079098
26 21 0.079097
26 22 0.079097
26 23 0.079097
26 24 0.079097
26 25 0.079097
26 26 0.079097
26 27 0.079097
26 28 0.079097
26 29 0.079097
26 30 0.079097
26 31 0.079097
26 32 0.079098
26 33 0.079098
26 34 0.079098
26 35 0.079099
26 36 0.079099
26 37 0.079099
26 38 0.079100
26 39 0.079100
26 40 0.079101
26 41 0.079101
26 42 0.079102
26 43 0.079102
26 44 0.079103
26 45 0.079103
26 46 0.079103
26 47 0.079103
26 48 0.079103
26 49 0.079103
26 50 0.079103
26 51 0.079103
26 52 0.079103
26 53 0.079102
26 54 0.079102
26 55 0.079102
26 56 0.079102
26 57 0.079102
26 58 0.079102
26 59 0.079101
26 60 0.079101
26 61 0.079101
26 62 0.079101
26 63 0.079101
26 64 0.079100
26 65 0.079100
26 66 0.079099
26 67 0.079099
26 68 0.079099
26 69 0.079099
26 70 0.079099
26 71 0.079099
26 72 0.079100
26 73 0.079100
26 74 0.079101
26 75 0.079101
26 76 0.079102
26 77 0.079102
26 78 0.079102
26 79 0.079102
26 80 0.079101
26 81 0.079101
26 82 0.079100
26 83 0.079100
26 84 0.079100
26 85 0.079099
26 86 0.079099
26 87 0.079100
26 88 0.079100
26 89 0.079100
26 90 0.079101
26 91 0.079101
26 92 0.079101
26 93 0.079101
26 94 0.079101
26 95 0.079101
26 96 0.079100
26 97 0.079100
26 98 0.079100
26 99 0.079099

27 0 0.079098
27 1 0.079099
27 2 0.079099
27 3 0.079099
27 4 0.079099
27 5 0.079100
27 6 0.079100
27 7 0.079100
27 8 0.079100
27 9 0.079100
27 10 0.079100
27 11 0.079099
27 12 0.079099
27 13 0.079099
27 14 0.079099
27 15 0.079098
27 16 0.079098
27 17 0.079098
27 18 0.079098
27 19 0.079098
27 20 0.079097
27 21 0.079097
27 22 0.079097
27 23 0.079097
27 24 0.079097
27 25 0.079096
27 26 0.079096
27 27 0.079096
27 28 0.079097
27 29 0.079097
27 30 0.079097
27 31 0.079097
27 32 0.079098
27 33 0.079098
27 34 0.079098
27 35 0.079099
27 36 0.079099
27 37 0.079100
27 38 0.079100
27 39 0.079101
27 40 0.079101
27 41 0.079102
27 42 0.079102
27 43 0.079103
27 44 0.079103
27 45 0.079103
27 46 0.079104
27 47 0.079104
27 48 0.079104
27 49 0.079104
27 50 0.079104
27 51 0.079103
27 52 0.079103
27 53 0.079103
27 54 0.079103
27 55 0.079102
27 56 0.079102
27 57 0.079102
27 58 0.079102
27 59 0.079102
27 60 0.079102
27 61 0.079102
27 62 0.079101
27 63 0.079101
27 64 0.079100
27 65 0.079100
27 66 0.079099
27 67 0.079099
27 68 0.079099
27 69 0.079099
27 70 0.079099
27 71 0.079099
27 72 0.079100
27 73 0.079100
27 74 0.079101
27 75 0.079102
27 76 0.079102
27 77 0.079102
27 78 0.079102
27 79 0.079102
27 80 0.079102
27 81 0.079101
27 82 0.079101
27 83 0.079100
27 84 0.079100
27 85 0.079100
27 86 0.079100
27 87 0.079100
27 88 0.079100
27 89 0.079101
27 90 0.079101
27 91 0.079101
27 92 0.079102
27 93 0.079101
27 94 0.079101
27 95 0.079101
27 96 0.079101
27 97 0.079100
27 98 0.079100
27 99 0.079099

28 0 0.079098
28 1 0.079099
28 2 0.079099
28 3 0.079099
28 4 0.079099
28 5 0.079100
28 6 0.079100
28 7 0.079100
28 8 0.079100
28 9 0.079100
28 10 0.079099
28 11 0.079099
28 12 0.079099
28 13 0.079099
28 14 0.079098
28 15 0.079098
28 16 0.079098
28 17 0.079098
28 18 0.079097
28 19 0.079097
28 20 0.079097
28 21 0.079097
28 22 0.079096
28 23 0.079096
28 24 0.079096
28 25 0.079096
28 26 0.079096
28 27 0.079096
28 28 0.079097
28 29 0.079097
28 30 0.079097
28 31 0.079097
28 32 0.079098
28 33 0.079098
28 34 0.079099
28 35 0.079099
28 36 0.079099
28 37 0.079100
28 38 0.079100
28 39 0.079101
28 40 0.079101
28 41 0.079102
28 42 0.079102
28 43 0.079103
28 44 0.079103
28 45 0.079104
28 46 0.079104
28 47 0.079104
28 48 0.079104
28 49 0.079104
28 50 0.079104
28 51 0.079104
28 52 0.079104
28 53 0.079103
28 54 0.079103
28 55 0.079103
28 56 0.079103
28 57 0.079103
28 58 0.079103
28 59 0.079103
28 60 0.079102
28 61 0.079102
28 62 0.079102
28 63 0.079101
28 64 0.079100
28 65 0.079100
28 66 0.079099
28 67 0.079099
28 68 0.079099
28 69 0.079099
28 70 0.079099
28 71 0.079099
28 72 0.079100
28 73 0.079101
28 74 0.079101
28 75 0.079102
28 76 0.079102
28 77 0.079103
28 78 0.079103
28 79 0.079102
28 80 0.079102
28 81 0.079101
28 82 0.079101
28 83 0.079100
28 84 0.079100
28 85 0.079100
28 86 0.079100
28 87 0.079100
28 88 0.079101
28 89 0.079101
28 90 0.079101
28 91 0.079102
28 92 0.079102
28 93 0.079102
28 94 0.079102
28 95 0.079101
28 96 0.079101
28 97 0.079100
28 98 0.079100
28 99 0.079099

29 0 0.079098
29 1 0.079099
29 2 0.079099
29 3 0.079099
29 4 0.079099
29 5 0.079100
29 6 0.079100
29 7 0.079100
29 8 0.079100
29 9 0.079100
29 10 0.079099
29 11 0.079099
29 12 0.079099
29 13 0.079099
29 14 0.079098
29 15 0.079098
29 16 0.079098
29 17 0.079097
29 18 0.079097
29 19 0.079097
29 20 0.079097
29 21 0.079096
29 22 0.079096
29 23 0.079096
29 24 0.079096
29 25 0.079096
29 26 0.079096
29 27 0.079096
29 28 0.079096
29 29 0.079097
29 30 0.079097
29 31 0.079098
29 32 0.079098
29 33 0.079098
29 34 0.079099
29 35 0.079099
29 36 0.079100
29 37 0.079100
29 38 0.079101
29 39 0.079101
29 40 0.079102
29 41 0.079102
29 42 0.079103
29 43 0.079103
29 44 0.079104
29 45 0.079104
29 46 0.079104
29 47 0.079104
29 48 0.079105
29 49 0.079105
29 50 0.079104
29 51 0.079104
29 52 0.079104
29 53 0.079104
29 54 0.079104
29 55 0.079104
29 56 0.079104
29 57 0.079103
29 58 0.079103
29 59 0.079103
29 60 0.079103
29 61 0.079102
29 62 0.079102
29 63 0.079101
29 64 0.079100
29 65 0.079100
29 66 0.079099
29 67 0.079099
29 68 0.079099
29 69 0.079099
29 70 0.079099
29 71 0.079099
29 72 0.079100
29 73 0.079101
29 74 0.079102
29 75 0.079102
29 76 0.079103
29 77 0.079103
29 78 0.079103
29 79 0.079103
29 80 0.079102
29 81 0.079102
29 82 0.079101
29 83 0.079100
29 84 0.079100
29 85 0.079100
29 86 0.079100
29 87 0.079100
29 88 0.079101
29 89 0.079101
29 90 0.079102
29 91 0.079102
29 92 0.079102
29 93 0.079102
29 94 0.079102
29 95 0.079101
29 96 0.079101
29 97 0.079100
29 98 0.079100
29 99 0.079099

30 0 0.079098
30 1 0.079098
30 2 0.079099
30 3 0.079099
30 4 0.079099
30 5 0.079100
30 6 0.079100
30 7 0.079100
30 8 0.079100
30 9 0.079100
30 10 0.079099
30 11 0.079099
30 12 0.079099
30 13 0.079098
30 14 0.079098
30 15 0.079098
30 16 0.079097
30 17 0.079097
30 18 0.079097
30 19 0.079096
30 20 0.079096
30 21 0.079096
30 22 0.079096
30 23 0.079096
30 24 0.079096
30 25 0.079096
30 26 0.079096
30 27 0.079096
30 28 0.079096
30 29 0.079097
30 30 0.079097
30 31 0.079098
30 32 0.079098
30 33 0.079098
30 34 0.079099
30 35 0.079099
30 36 0.079100
30 37 0.079100
30 38 0.079101
30 39 0.079101
30 40 0.079102
30 41 0.079103
30 42 0.079103
30 43 0.079104
30 44 0.079104
30 45 0.079104
30 46 0.079105
30 47 0.079105
30 48 0.079105
30 49 0.079105
30 50 0.079105
30 51 0.079105
30 52 0.079105
30 53 0.079104
30 54 0.079104
30 55 0.079104
30 56 0.079104
30 57 0.079104
30 58 0.079104
30 59 0.079103
30 60 0.079103
30 61 0.079103
30 62 0.079102
30 63 0.079101
30 64 0.079101
30 65 0.079100
30 66 0.079099
30 67 0.079099
30 68 0.079099
30 69 0.079099
30 70 0.079099
30 71 0.079100
30 72 0.079100
30 73 0.079101
30 74 0.079102
30 75 0.079103
30 76 0.079103
30 77 0.079103
30 78 0.079103
30 79 0.079103
30 80 0.079102
30 81 0.079102
30 82 0.079101
30 83 0.079101
30 84 0.079100
30 85 0.079100
30 86 0.079100
30 87 0.079101
30 88 0.079101
30 89 0.079101
30 90 0.079102
30 91 0.079102
30 92 0.079102
30 93 0.079102
30 94 0.079102
30 95 0.079101
30 96 0.079100
30 97 0.079100
30 98 0.079100
30 99 0.079099

31 0 0.079098
31 1 0.079098
31 2 0.079099
31 3 0.079099
31 4 0.079099
31 5 0.079100
31 6 0.079100
31 7 0.079100
31 8 0.079100
31 9 0.079100
31 10 0.079099
31 11 0.079099
31 12 0.079099
31 13 0.079098
31 14 0.079098
31 15 0.079097
31 16 0.079097
31 17 0.079097
31 18 0.079096
31 19 0.079096
31 20 0.079096
31 21 0.079096
31 22 0.079096
31 23 0.079096
31 24 0.079096
31 25 0.079096
31 26 0.079096
31 27 0.079096
31 28 0.079096
31 29 0.079097
31 30 0.079097
31 31 0.079098
31 32 0.079098
31 33 0.079099
31 34 0.079099
31 35 0.079100
31 36 0.079100
31 37 0.079101
31 38 0.079101
31 39 0.079102
31 40 0.079102
31 41 0.079103
31 42 0.079103
31 43 0.079104
31 44 0.079104
31 45 0.079105
31 46 0.079105
31 47 0.079105
31 48 0.079105
31 49 0.079105
31 50 0.079105
31 51 0.079105
31 52 0.079105
31 53 0.079105
31 54 0.079105
31 55 0.079105
31 56 0.079105
31 57 0.079104
31 58 0.079104
31 59 0.079104
31 60 0.079103
31 61 0.079103
31 62 0.079102
31 63 0.079101
31 64 0.079101
31 65 0.079100
31 66 0.079099
31 67 0.079099
31 68 0.079099
31 69 0.079099
31 70 0.079100
31 71 0.079100
31 72 0.079101
31 73 0.079102
31 74 0.079102
31 75 0.079103
31 76 0.079103
31 77 0.079104
31 78 0.079103
31 79 0.079103
31 80 0.079102
31 81 0.079102
31 82 0.079101
31 83 0.079101
31 84 0.079100
31 85 0.079100
31 86 0.079101
31 87 0.079101
31 88 0.079101
31 89 0.079102
31 90 0.079102
31 91 0.079102
31 92 0.079102
31 93 0.079102
31 94 0.079101
31 95 0.079101
31 96 0.079100
31 97 0.079100
31 98 0.079100
31 99 0.079099

32 0 0.079098
32 1 0.079098
32 2 0.079099
32 3 0.079099
32 4 0.079099
32 5 0.079099
32 6 0.079099
32 7 0.079100
32 8 0.079100
32 9 0.079099
32 10 0.079099
32 11 0.079099
32 12 0.079098
32 13 0.079098
32 14 0.079098
32 15 0.079097
32 16 0.079097
32 17 0.079096
32 18 0.079096
32 19 0.079096
32 20 0.079096
32 21 0.079095
32 22 0.079095
32 23 0.079095
32 24 0.079095
32 25 0.079096
32 26 0.079096
32 27 0.079096
32 28 0.079096
32 29 0.079097
32 30 0.079097
32 31 0.079098
32 32 0.079098
32 33 0.079099
32 34 0.079099
32 35 0.079100
32 36 0.079100
32 37 0.079101
32 38 0.079101
32 39 0.079102
32 40 0.079103
32 41 0.079103
32 42 0.079104
32 43 0.079104
32 44 0.079105
32 45 0.079105
32 46 0.079106
32 47 0.079106
32 48 0.079106
32 49 0.079106
32 50 0.079106
32 51 0.079106
32 52 0.079106
32 53 0.079106
32 54 0.079106
32 55 0.079105
32 56 0.079105
32 57 0.079105
32 58 0.079105
32 59 0.079104
32 60 0.079104
32 61 0.079103
32 62 0.079102
32 63 0.079101
32 64 0.079101
32 65 0.079100
32 66 0.079100
32 67 0.079099
32 68 0.079099
32 69 0.079100
32 70 0.079100
32 71 0.079101
32 72 0.079101
32 73 0.079102
32 74 0.079103
32 75 0.079103
32 76 0.079104
32 77 0.079104
32 78 0.079104
32 79 0.079103
32 80 0.079103
32 81 0.079102
32 82 0.079101
32 83 0.079101
32 84 0.079101
32 85 0.079100
32 86 0.079101
32 87 0.079101
32 88 0.079101
32 89 0.079102
32 90 0.079102
32 91 0.079102
32 92 0.079102
32 93 0.079102
32 94 0.079101
32 95 0.079101
32 96 0.079100
32 97 0.079100
32 98 0.079099
32 99 0.079099

33 0 0.079098
33 1 0.079098
33 2 0.079099
33 3 0.079099
33 4 0.079099
33 5 0.079099
33 6 0.079099
33 7 0.079099
33 8 0.079099
33 9 0.079099
33 10 0.079099
33 11 0.079099
33 12 0.079098
33 13 0.079098
33 14 0.079097
33 15 0.079097
33 16 0.079097
33 17 0.079096
33 18 0.079096
33 19 0.079096
33 20 0.079095
33 21 0.079095
33 22 0.079095
33 23 0.079095
33 24 0.079095
33 25 0.079095
33 26 0.079096
33 27 0.079096
33 28 0.079097
33 29 0.079097
33 30 0.079098
33 31 0.079098
33 32 0.079099
33 33 0.079099
33 34 0.079100
33 35 0.079100
33 36 0.079101
33 37 0.079101
33 38 0.079102
33 39 0.079102
33 40 0.079103
33 41 0.079104
33 42 0.079104
33 43 0.079105
33 44 0.079105
33 45 0.079106
33 46 0.079106
33 47 0.079106
33 48 0.079106
33 49 0.079107
33 50 0.079107
33 51 0.079107
33 52 0.079106
33 53 0.079106
33 54 0.079106
33 55 0.079106
33 56 0.079106
33 57 0.079105
33 58 0.079105
33 59 0.079105
33 60 0.079104
33 61 0.079103
33 62 0.079102
33 63 0.079102
33 64 0.079101
33 65 0.079100
33 66 0.079100
33 67 0.079100
33 68 0.079100
33 69 0.079100
33 70 0.079101
33 71 0.079101
33 72 0.079102
33 73 0.079103
33 74 0.079103
33 75 0.079104
33 76 0.079104
33 77 0.079104
33 78 0.079104
33 79 0.079103
33 80 0.079103
33 81 0.079102
33 82 0.079101
33 83 0.079101
33 84 0.079101
33 85 0.079101
33 86 0.079101
33 87 0.079101
33 88 0.079101
33 89 0.079102
33 90 0.079102
33 91 0.079102
33 92 0.079102
33 93 0.079102
33 94 0.079101
33 95 0.079101
33 96 0.079100
33 97 0.079100
33 98 0.079099
33 99 0.079099

34 0 0.079098
34 1 0.079098
34 2 0.079099
34 3 0.079099
34 4 0.079099
34 5 0.079099
34 6 0.079099
34 7 0.079099
34 8 0.079099
34 9 0.079099
34 10 0.079099
34 11 0.079098
34 12 0.079098
34 13 0.079098
34 14 0.079097
34 15 0.079097
34 16 0.079096
34 17 0.079096
34 18 0.079096
34 19 0.079095
34 20 0.079095
34 21 0.079095
34 22 0.079095
34 23 0.079095
34 24 0.079095
34 25 0.079095
34 26 0.079096
34 27 0.079096
34 28 0.079097
34 29 0.079097
34 30 0.079098
34 31 0.079098
34 32 0.079099
34 33 0.079099
34 34 0.079100
34 35 0.079100
34 36 0.079101
34 37 0.079102
34 38 0.079102
34 39 0.079103
34 40 0.079103
34 41 0.079104
34 42 0.079105
34 43 0.079105
34 44 0.079106
34 45 0.079106
34 46 0.079106
34 47 0.079107
34 48 0.079107
34 49 0.079107
34 50 0.079107
34 51 0.079107
34 52 0.079107
34 53 0.079107
34 54 0.079107
34 55 0.079107
34 56 0.079106
34 57 0.079106
34 58 0.079106
34 59 0.079105
34 60 0.079104
34 61 0.079103
34 62 0.079103
34 63 0.079102
34 64 0.079101
34 65 0.079101
34 66 0.079100
34 67 0.079100
34 68 0.079100
34 69 0.079101
34 70 0.079101
34 71 0.079102
34 72 0.079103
34 73 0.079103
34 74 0.079104
34 75 0.079104
34 76 0.079104
34 77 0.079104
34 78 0.079104
34 79 0.079103
34 80 0.079103
34 81 0.079102
34 82 0.079102
34 83 0.079101
34 84 0.079101
34 85 0.079101
34 86 0.079101
34 87 0.079101
34 88 0.079102
34 89 0.079102
34 90 0.079102
34 91 0.079102
34 92 0.079102
34 93 0.079102
34 94 0.079101
34 95 0.079100
34 96 0.079100
34 97 0.079100
34 98 0.079099
34 99 0.079099

35 0 0.079098
35 1 0.079098
35 2 0.079099
35 3 0.079099
35 4 0.079099
35 5 0.079099
35 6 0.079099
35 7 0.079099
35 8 0.079099
35 9 0.079099
35 10 0.079099
35 11 0.079098
35 12 0.079098
35 13 0.079098
35 14 0.079097
35 15 0.079097
35 16 0.079096
35 17 0.079096
35 18 0.079095
35 19 0.079095
35 20 0.079095
35 21 0.079095
35 22 0.079095
35 23 0.079095
35 24 0.079095
35 25 0.079095
35 26 0.079096
35 27 0.079096
35 28 0.079097
35 29 0.079097
35 30 0.079098
35 31 0.079099
35 32 0.079099
35 33 0.079100
35 34 0.079100
35 35 0.079101
35 36 0.079101
35 37 0.079102
35 38 0.079103
35 39 0.079103
35 40 0.079104
35 41 0.079104
35 42 0.079105
35 43 0.079106
35 44 0.079106
35 45 0.079107
35 46 0.079107
35 47 0.079107
35 48 0.079108
35 49 0.079108
35 50 0.079108
35 51 0.079108
35 52 0.079108
35 53 0.079108
35 54 0.079108
35 55 0.079107
35 56 0.079107
35 57 0.079107
35 58 0.079106
35 59 0.079105
35 60 0.079105
35 61 0.079104
35 62 0.079103
35 63 0.079102
35 64 0.079102
35 65 0.079101
35 66 0.079101
35 67 0.079101
35 68 0.079101
35 69 0.079102
35 70 0.079102
35 71 0.079103
35 72 0.079103
35 73 0.079104
35 74 0.079104
35 75 0.079105
35 76 0.079105
35 77 0.079104
35 78 0.079104
35 79 0.079103
35 80 0.079103
35 81 0.079102
35 82 0.079102
35 83 0.079101
35 84 0.079101
35 85 0.079101
35 86 0.079101
35 87 0.079102
35 88 0.079102
35 89 0.079102
35 90 0.079102
35 91 0.079102
35 92 0.079102
35 93 0.079102
35 94 0.079101
35 95 0.079101
35 96 0.079100
35 97 0.079100
35 98 0.079099
35 99 0.079099

36 0 0.079099
36 1 0.079098
36 2 0.079099
36 3 0.079099
36 4 0.079099
36 5 0.079099
36 6 0.079099
36 7 0.079099
36 8 0.079099
36 9 0.079099
36 10 0.079099
36 11 0.079098
36 12 0.079098
36 13 0.079097
36 14 0.079097
36 15 0.079096
36 16 0.079096
36 17 0.079096
36 18 0.079095
36 19 0.079095
36 20 0.079095
36 21 0.079095
36 22 0.079095
36 23 0.079095
36 24 0.079095
36 25 0.079095
36 26 0.079096
36 27 0.079096
36 28 0.079097
36 29 0.079098
36 30 0.079098
36 31 0.079099
36 32 0.079100
36 33 0.079100
36 34 0.079101
36 35 0.079101
36 36 0.079102
36 37 0.079102
36 38 0.079103
36 39 0.079104
36 40 0.079104
36 41 0.079105
36 42 0.079105
36 43 0.079106
36 44 0.079107
36 45 0.079107
36 46 0.079108
36 47 0.079108
36 48 0.079108
36 49 0.079109
36 50 0.079109
36 51 0.079109
36 52 0.079109
36 53 0.079109
36 54 0.079109
36 55 0.079108
36 56 0.079108
36 57 0.079107
36 58 0.079107
36 59 0.079106
36 60 0.079105
36 61 0.079104
36 62 0.079104
36 63 0.079103
36 64 0.079102
36 65 0.079102
36 66 0.079102
36 67 0.079102
36 68 0.079102
36 69 0.079102
36 70 0.079103
36 71 0.079103
36 72 0.079104
36 73 0.079104
36 74 0.079105
36 75 0.079105
36 76 0.079105
36 77 0.079105
36 78 0.079104
36 79 0.079104
36 80 0.079103
36 81 0.079103
36 82 0.079102
36 83 0.079102
36 84 0.079102
36 85 0.079102
36 86 0.079102
36 87 0.079102
36 88 0.079102
36 89 0.079102
36 90 0.079103
36 91 0.079103
36 92 0.079102
36 93 0.079102
36 94 0.079102
36 95 0.079101
36 96 0.079100
36 97 0.079100
36 98 0.079100
36 99 0.079099

37 0 0.079099
37 1 0.079099
37 2 0.079099
37 3 0.079099
37 4 0.079099
37 5 0.079099
37 6 0.079099
37 7 0.079099
37 8 0.079099
37 9 0.079099
37 10 0.079098
37 11 0.079098
37 12 0.079098
37 13 0.079097
37 14 0.079097
37 15 0.079096
37 16 0.079096
37 17 0.079096
37 18 0.079095
37 19 0.079095
37 20 0.079095
37 21 0.079095
37 22 0.079095
37 23 0.079095
37 24 0.079095
37 25 0.079096
37 26 0.079096
37 27 0.079097
37 28 0.079097
37 29 0.079098
37 30 0.079099
37 31 0.079099
37 32 0.079100
37 33 0.079100
37 34 0.079101
37 35 0.079102
37 36 0.079102
37 37 0.079103
37 38 0.079103
37 39 0.079104
37 40 0.079105
37 41 0.079105
37 42 0.079106
37 43 0.079107
37 44 0.079107
37 45 0.079108
37 46 0.079109
37 47 0.079109
37 48 0.079109
37 49 0.079110
37 50 0.079110
37 51 0.079110
37 52 0.079110
37 53 0.079110
37 54 0.079110
37 55 0.079109
37 56 0.079109
37 57 0.079108
37 58 0.079107
37 59 0.079107
37 60 0.079106
37 61 0.079105
37 62 0.079104
37 63 0.079104
37 64 0.079103
37 65 0.079103
37 66 0.079103
37 67 0.079103
37 68 0.079103
37 69 0.079103
37 70 0.079104
37 71 0.079104
37 72 0.079105
37 73 0.079105
37 74 0.079105
37 75 0.079105
37 76 0.079105
37 77 0.079105
37 78 0.079104
37 79 0.079104
37 80 0.079103
37 81 0.079103
37 82 0.079103
37 83 0.079102
37 84 0.079102
37 85 0.079102
37 86 0.079102
37 87 0.079103
37 88 0.079103
37 89 0.079103
37 90 0.079103
37 91 0.079103
37 92 0.079103
37 93 0.079102
37 94 0.079102
37 95 0.079101
37 96 0.079101
37 97 0.079101
37 98 0.079100
37 99 0.079100

38 0 0.079100
38 1 0.079099
38 2 0.079100
38 3 0.079099
38 4 0.079099
38 5 0.079099
38 6 0.079099
38 7 0.079099
38 8 0.079099
38 9 0.079099
38 10 0.079099
38 11 0.079098
38 12 0.079098
38 13 0.079097
38 14 0.079097
38 15 0.079096
38 16 0.079096
38 17 0.079096
38 18 0.079095
38 19 0.079095
38 20 0.079095
38 21 0.079095
38 22 0.079095
38 23 0.079095
38 24 0.079095
38 25 0.079096
38 26 0.079096
38 27 0.079097
38 28 0.079098
38 29 0.079098
38 30 0.079099
38 31 0.079100
38 32 0.079100
38 33 0.079101
38 34 0.079102
38 35 0.079102
38 36 0.079103
38 37 0.079103
38 38 0.079104
38 39 0.079105
38 40 0.079105
38 41 0.079106
38 42 0.079107
38 43 0.079107
38 44 0.079108
38 45 0.079109
38 46 0.079109
38 47 0.079110
38 48 0.079110
38 49 0.079111
38 50 0.079111
38 51 0.079111
38 52 0.079111
38 53 0.079111
38 54 0.079111
38 55 0.079110
38 56 0.079110
38 57 0.079109
38 58 0.079108
38 59 0.079107
38 60 0.079107
38 61 0.079106
38 62 0.079105
38 63 0.079105
38 64 0.079104
38 65 0.079104
38 66 0.079104
38 67 0.079104
38 68 0.079104
38 69 0.079105
38 70 0.079105
38 71 0.079105
38 72 0.079105
38 73 0.079106
38 74 0.079106
38 75 0.079105
38 76 0.079105
38 77 0.079105
38 78 0.079105
38 79 0.079104
38 80 0.079104
38 81 0.079103
38 82 0.079103
38 83 0.079103
38 84 0.079103
38 85 0.079103
38 86 0.079103
38 87 0.079103
38 88 0.079103
38 89 0.079103
38 90 0.079103
38 91 0.079103
38 92 0.079103
38 93 0.079103
38 94 0.079102
38 95 0.079102
38 96 0.079102
38 97 0.079102
38 98 0.079101
38 99 0.079101

39 0 0.079100
39 1 0.079100
39 2 0.079100
39 3 0.079100
39 4 0.079100
39 5 0.079100
39 6 0.079100
39 7 0.079099
39 8 0.079099
39 9 0.079099
39 10 0.079099
39 11 0.079098
39 12 0.079098
39 13 0.079098
39 14 0.079097
39 15 0.079097
39 16 0.079096
39 17 0.079096
39 18 0.079095
39 19 0.079095
39 20 0.079095
39 21 0.079095
39 22 0.079095
39 23 0.079095
39 24 0.079096
39 25 0.079096
39 26 0.079097
39 27 0.079097
39 28 0.079098
39 29 0.079099
39 30 0.079100
39 31 0.079100
39 32 0.079101
39 33 0.079101
39 34 0.079102
39 35 0.079103
39 36 0.079103
39 37 0.079104
39 38 0.079104
39 39 0.079105
39 40 0.079106
39 41 0.079107
39 42 0.079107
39 43 0.079108
39 44 0.079109
39 45 0.079110
39 46 0.079110
39 47 0.079111
39 48 0.079111
39 49 0.079112
39 50 0.079112
39 51 0.079112
39 52 0.079112
39 53 0.079112
39 54 0.079112
39 55 0.079111
39 56 0.079111
39 57 0.079110
39 58 0.079109
39 59 0.079108
39 60 0.079107
39 61 0.079107
39 62 0.079106
39 63 0.079106
39 64 0.079105
39 65 0.079105
39 66 0.079105
39 67 0.079105
39 68 0.079105
39 69 0.079106
39 70 0.079106
39 71 0.079106
39 72 0.079106
39 73 0.079106
39 74 0.079106
39 75 0.079106
39 76 0.079106
39 77 0.079105
39 78 0.079105
39 79 0.079105
39 80 0.079104
39 81 0.079104
39 82 0.079104
39 83 0.079104
39 84 0.079104
39 85 0.079104
39 86 0.079104
39 87 0.079104
39 88 0.079104
39 89 0.079104
39 90 0.079104
39 91 0.079104
39 92 0.079104
39 93 0.079103
39 94 0.079103
39 95 0.079103
39 96 0.079103
39 97 0.079102
39 98 0.079102
39 99 0.079101

40 0 0.079101
40 1 0.079101
40 2 0.079101
40 3 0.079100
40 4 0.079100
40 5 0.079100
40 6 0.079100
40 7 0.079100
40 8 0.079099
40 9 0.079099
40 10 0.079099
40 11 0.079099
40 12 0.079098
40 13 0.079098
40 14 0.079097
40 15 0.079097
40 16 0.079096
40 17 0.079096
40 18 0.079096
40 19 0.079096
40 20 0.079095
40 21 0.079095
40 22 0.079095
40 23 0.079096
40 24 0.079096
40 25 0.079097
40 26 0.079097
40 27 0.079098
40 28 0.079099
40 29 0.079099
40 30 0.079100
40 31 0.079101
40 32 0.079101
40 33 0.079102
40 34 0.079102
40 35 0.079103
40 36 0.079104
40 37 0.079104
40 38 0.079105
40 39 0.079106
40 40 0.079106
40 41 0.079107
40 42 0.079108
40 43 0.079109
40 44 0.079110
40 45 0.079111
40 46 0.079111
40 47 0.079112
40 48 0.079113
40 49 0.079113
40 50 0.079113
40 51 0.079113
40 52 0.079113
40 53 0.079113
40 54 0.079113
40 55 0.079112
40 56 0.079112
40 57 0.079111
40 58 0.079110
40 59 0.079109
40 60 0.079108
40 61 0.079108
40 62 0.079107
40 63 0.079107
40 64 0.079106
40 65 0.079106
40 66 0.079106
40 67 0.079106
40 68 0.079106
40 69 0.079107
40 70 0.079107
40 71 0.079107
40 72 0.079107
40 73 0.079107
40 74 0.079106
40 75 0.079106
40 76 0.079106
40 77 0.079105
40 78 0.079105
40 79 0.079105
40 80 0.079105
40 81 0.079105
40 82 0.079104
40 83 0.079104
40 84 0.079104
40 85 0.079104
40 86 0.079104
40 87 0.079104
40 88 0.079104
40 89 0.079104
40 90 0.079104
40 91 0.079104
40 92 0.079104
40 93 0.079104
40 94 0.079104
40 95 0.079104
40 96 0.079104
40 97 0.079103
40 98 0.079103
40 99 0.079102

41 0 0.079102
41 1 0.079102
41 2 0.079101
41 3 0.079101
41 4 0.079101
41 5 0.079101
41 6 0.079100
41 7 0.079100
41 8 0.079100
41 9 0.079099
41 10 0.079099
41 11 0.079099
41 12 0.079099
41 13 0.079098
41 14 0.079098
41 15 0.079097
41 16 0.079097
41 17 0.079096
41 18 0.079096
41 19 0.079096
41 20 0.079096
41 21 0.079096
41 22 0.079096
41 23 0.079096
41 24 0.079097
41 25 0.079097
41 26 0.079098
41 27 0.079098
41 28 0.079099
41 29 0.079100
41 30 0.079100
41 31 0.079101
41 32 0.079102
41 33 0.079102
41 34 0.079103
41 35 0.079104
41 36 0.079104
41 37 0.079105
41 38 0.079105
41 39 0.079106
41 40 0.079107
41 41 0.079108
41 42 0.079109
41 43 0.079110
41 44 0.079111
41 45 0.079112
41 46 0.079112
41 47 0.079113
41 48 0.079114
41 49 0.079114
41 50 0.079115
41 51 0.079115
41 52 0.079115
41 53 0.079114
41 54 0.079114
41 55 0.079113
41 56 0.079113
41 57 0.079112
41 58 0.079111
41 59 0.079110
41 60 0.079109
41 61 0.079109
41 62 0.079108
41 63 0.079108
41 64 0.079107
41 65 0.079107
41 66 0.079107
41 67 0.079107
41 68 0.079107
41 69 0.079108
41 70 0.079107
41 71 0.079107
41 72 0.079107
41 73 0.079107
41 74 0.079107
41 75 0.079106
41 76 0.079106
41 77 0.079106
41 78 0.079106
41 79 0.079105
41 80 0.079105
41 81 0.079105
41 82 0.079105
41 83 0.079105
41 84 0.079105
41 85 0.079105
41 86 0.079105
41 87 0.079105
41 88 0.079105
41 89 0.079105
41 90 0.079105
41 91 0.079105
41 92 0.079105
41 93 0.079105
41 94 0.079105
41 95 0.079105
41 96 0.079105
41 97 0.079104
41 98 0.079104
41 99 0.079103

42 0 0.079103
42 1 0.079103
42 2 0.079102
42 3 0.079102
42 4 0.079101
42 5 0.079101
42 6 0.079101
42 7 0.079100
42 8 0.079100
42 9 0.079100
42 10 0.079100
42 11 0.079099
42 12 0.079099
42 13 0.079099
42 14 0.079098
42 15 0.079098
42 16 0.079097
42 17 0.079097
42 18 0.079097
42 19 0.079096
42 20 0.079096
42 21 0.079096
42 22 0.079096
42 23 0.079097
42 24 0.079097
42 25 0.079098
42 26 0.079098
42 27 0.079099
42 28 0.079099
42 29 0.079100
42 30 0.079101
42 31 0.079102
42 32 0.079102
42 33 0.079103
42 34 0.079103
42 35 0.079104
42 36 0.079105
42 37 0.079105
42 38 0.079106
42 39 0.079107
42 40 0.079108
42 41 0.079109
42 42 0.079110
42 43 0.079111
42 44 0.079112
42 45 0.079113
42 46 0.079113
42 47 0.079114
42 48 0.079115
42 49 0.079115
42 50 0.079116
42 51 0.079116
42 52 0.079116
42 53 0.079116
42 54 0.079115
42 55 0.079114
42 56 0.079114
42 57 0.079113
42 58 0.079112
42 59 0.079111
42 60 0.079110
42 61 0.079110
42 62 0.079109
42 63 0.079109
42 64 0.079108
42 65 0.079108
42 66 0.079108
42 67 0.079108
42 68 0.079108
42 69 0.079108
42 70 0.079108
42 71 0.079108
42 72 0.079108
42 73 0.079107
42 74 0.079107
42 75 0.079107
42 76 0.079106
42 77 0.079106
42 78 0.079106
42 79 0.079106
42 80 0.079106
42 81 0.079106
42 82 0.079106
42 83 0.079106
42 84 0.079106
42 85 0.079106
42 86 0.079105
42 87 0.079105
42 88 0.079105
42 89 0.079105
42 90 0.079105
42 91 0.079105
42 92 0.079105
42 93 0.079105
42 94 0.079105
42 95 0.079105
42 96 0.079105
42 97 0.079105
42 98 0.079105
42 99 0.079104

43 0 0.079103
43 1 0.079103
43 2 0.079103
43 3 0.079102
43 4 0.079102
43 5 0.079102
43 6 0.079101
43 7 0.079101
43 8 0.079101
43 9 0.079100
43 10 0.079100
43 11 0.079100
43 12 0.079099
43 13 0.079099
43 14 0.079099
43 15 0.079098
43 16 0.079098
43 17 0.079097
43 18 0.079097
43 19 0.079097
43 20 0.079097
43 21 0.079097
43 22 0.079097
43 23 0.079097
43 24 0.079097
43 25 0.079098
43 26 0.079099
43 27 0.079099
43 28 0.079100
43 29 0.079101
43 30 0.079101
43 31 0.079102
43 32 0.079103
43 33 0.079103
43 34 0.079104
43 35 0.079104
43 36 0.079105
43 37 0.079106
43 38 0.079107
43 39 0.079107
43 40 0.079108
43 41 0.079109
43 42 0.079110
43 43 0.079111
43 44 0.079113
43 45 0.079114
43 46 0.079114
43 47 0.079115
43 48 0.079116
43 49 0.079116
43 50 0.079117
43 51 0.079117
43 52 0.079117
43 53 0.079116
43 54 0.079116
43 55 0.079115
43 56 0.079114
43 57 0.079114
43 58 0.079113
43 59 0.079112
43 60 0.079111
43 61 0.079110
43 62 0.079110
43 63 0.079110
43 64 0.079109
43 65 0.079109
43 66 0.079109
43 67 0.079109
43 68 0.079109
43 69 0.079109
43 70 0.079109
43 71 0.079108
43 72 0.079108
43 73 0.079107
43 74 0.079107
43 75 0.079107
43 76 0.079106
43 77 0.079106
43 78 0.079106
43 79 0.079106
43 80 0.079106
43 81 0.079106
43 82 0.079106
43 83 0.079106
43 84 0.079106
43 85 0.079106
43 86 0.079106
43 87 0.079106
43 88 0.079106
43 89 0.079106
43 90 0.079105
43 91 0.079106
43 92 0.079106
43 93 0.079106
43 94 0.079106
43 95 0.079106
43 96 0.079106
43 97 0.079106
43 98 0.079106
43 99 0.079105

44 0 0.079104
44 1 0.079104
44 2 0.079103
44 3 0.079103
44 4 0.079103
44 5 0.079102
44 6 0.079102
44 7 0.079101
44 8 0.079101
44 9 0.079101
44 10 0.079101
44 11 0.079100
44 12 0.079100
44 13 0.079099
44 14 0.079099
44 15 0.079099
44 16 0.079098
44 17 0.079098
44 18 0.079098
44 19 0.079097
44 20 0.079097
44 21 0.079097
44 22 0.079097
44 23 0.079097
44 24 0.079098
44 25 0.079098
44 26 0.079099
44 27 0.079100
44 28 0.079100
44 29 0.079101
44 30 0.079102
44 31 0.079102
44 32 0.079103
44 33 0.079103
44 34 0.079104
44 35 0.079105
44 36 0.079105
44 37 0.079106
44 38 0.079107
44 39 0.079108
44 40 0.079109
44 41 0.079110
44 42 0.079111
44 43 0.079112
44 44 0.079113
44 45 0.079114
44 46 0.079115
44 47 0.079116
44 48 0.079117
44 49 0.079117
44 50 0.079118
44 51 0.079118
44 52 0.079118
44 53 0.079117
44 54 0.079117
44 55 0.079116
44 56 0.079115
44 57 0.079114
44 58 0.079113
44 59 0.079112
44 60 0.079112
44 61 0.079111
44 62 0.079111
44 63 0.079110
44 64 0.079110
44 65 0.079110
44 66 0.079110
44 67 0.079110
44 68 0.079110
44 69 0.079109
44 70 0.079109
44 71 0.079108
44 72 0.079108
44 73 0.079108
44 74 0.079107
44 75 0.079107
44 76 0.079107
44 77 0.079106
44 78 0.079106
44 79 0.079106
44 80 0.079107
44 81 0.079107
44 82 0.079107
44 83 0.079107
44 84 0.079106
44 85 0.079106
44 86 0.079106
44 87 0.079106
44 88 0.079106
44 89 0.079106
44 90 0.079106
44 91 0.079106
44 92 0.079106
44 93 0.079106
44 94 0.079106
44 95 0.079107
44 96 0.079107
44 97 0.079106
44 98 0.079107
44 99 0.079106

45 0 0.079104
45 1 0.079104
45 2 0.079103
45 3 0.079103
45 4 0.079103
45 5 0.079102
45 6 0.079102
45 7 0.079102
45 8 0.079102
45 9 0.079101
45 10 0.079101
45 11 0.079101
45 12 0.079100
45 13 0.079100
45 14 0.079100
45 15 0.079099
45 16 0.079099
45 17 0.079098
45 18 0.079098
45 19 0.079098
45 20 0.079098
45 21 0.079097
45 22 0.079098
45 23 0.079098
45 24 0.079098
45 25 0.079099
45 26 0.079099
45 27 0.079100
45 28 0.079100
45 29 0.079101
45 30 0.079102
45 31 0.079102
45 32 0.079103
45 33 0.079104
45 34 0.079104
45 35 0.079105
45 36 0.079106
45 37 0.079107
45 38 0.079107
45 39 0.079108
45 40 0.079109
45 41 0.079110
45 42 0.079112
45 43 0.079113
45 44 0.079114
45 45 0.079115
45 46 0.079116
45 47 0.079117
45 48 0.079118
45 49 0.079118
45 50 0.079118
45 51 0.079118
45 52 0.079118
45 53 0.079118
45 54 0.079117
45 55 0.079116
45 56 0.079115
45 57 0.079115
45 58 0.079114
45 59 0.079113
45 60 0.079112
45 61 0.079111
45 62 0.079111
45 63 0.079111
45 64 0.079111
45 65 0.079110
45 66 0.079110
45 67 0.079110
45 68 0.079110
45 69 0.079109
45 70 0.079109
45 71 0.079108
45 72 0.079108
45 73 0.079107
45 74 0.079107
45 75 0.079107
45 76 0.079107
45 77 0.079107
45 78 0.079107
45 79 0.079107
45 80 0.079107
45 81 0.079107
45 82 0.079107
45 83 0.079107
45 84 0.079107
45 85 0.079106
45 86 0.079106
45 87 0.079106
45 88 0.079106
45 89 0.079106
45 90 0.079106
45 91 0.079106
45 92 0.079106
45 93 0.079106
45 94 0.079107
45 95 0.079107
45 96 0.079107
45 97 0.079107
45 98 0.079107
45 99 0.079106

46 0 0.079104
46 1 0.079104
46 2 0.079103
46 3 0.079103
46 4 0.079103
46 5 0.079103
46 6 0.079102
46 7 0.079102
46 8 0.079102
46 9 0.079102
46 10 0.079101
46 11 0.079101
46 12 0.079101
46 13 0.079100
46 14 0.079100
46 15 0.079099
46 16 0.079099
46 17 0.079099
46 18 0.079098
46 19 0.079098
46 20 0.079098
46 21 0.079098
46 22 0.079098
46 23 0.079098
46 24 0.079098
46 25 0.079099
46 26 0.079099
46 27 0.079100
46 28 0.079101
46 29 0.079101
46 30 0.079102
46 31 0.079103
46 32 0.079103
46 33 0.079104
46 34 0.079105
46 35 0.079105
46 36 0.079106
46 37 0.079107
46 38 0.079108
46 39 0.079109
46 40 0.079110
46 41 0.079111
46 42 0.079112
46 43 0.079113
46 44 0.079114
46 45 0.079115
46 46 0.079116
46 47 0.079117
46 48 0.079118
46 49 0.079118
46 50 0.079119
46 51 0.079119
46 52 0.079118
46 53 0.079118
46 54 0.079117
46 55 0.079116
46 56 0.079116
46 57 0.079115
46 58 0.079114
46 59 0.079113
46 60 0.079112
46 61 0.079112
46 62 0.079111
46 63 0.079111
46 64 0.079111
46 65 0.079111
46 66 0.079110
46 67 0.079110
46 68 0.079110
46 69 0.079109
46 70 0.079109
46 71 0.079108
46 72 0.079108
46 73 0.079107
46 74 0.079107
46 75 0.079107
46 76 0.079106
46 77 0.079106
46 78 0.079107
46 79 0.079107
46 80 0.079107
46 81 0.079107
46 82 0.079107
46 83 0.079107
46 84 0.079107
46 85 0.079106
46 86 0.079106
46 87 0.079106
46 88 0.079106
46 89 0.079106
46 90 0.079106
46 91 0.079106
46 92 0.079106
46 93 0.079107
46 94 0.079107
46 95 0.079107
46 96 0.079107
46 97 0.079107
46 98 0.079107
46 99 0.079107

47 0 0.079104
47 1 0.079104
47 2 0.079103
47 3 0.079103
47 4 0.079103
47 5 0.079103
47 6 0.079103
47 7 0.079102
47 8 0.079102
47 9 0.079102
47 10 0.079102
47 11 0.079101
47 12 0.079101
47 13 0.079101
47 14 0.079100
47 15 0.079100
47 16 0.079099
47 17 0.079099
47 18 0.079098
47 19 0.079098
47 20 0.079098
47 21 0.079098
47 22 0.079098
47 23 0.079098
47 24 0.079099
47 25 0.079099
47 26 0.079099
47 27 0.079100
47 28 0.079101
47 29 0.079101
47 30 0.079102
47 31 0.079103
47 32 0.079103
47 33 0.079104
47 34 0.079105
47 35 0.079105
47 36 0.079106
47 37 0.079107
47 38 0.079108
47 39 0.079109
47 40 0.079110
47 41 0.079111
47 42 0.079112
47 43 0.079113
47 44 0.079115
47 45 0.079116
47 46 0.079117
47 47 0.079117
47 48 0.079118
47 49 0.079118
47 50 0.079119
47 51 0.079119
47 52 0.079118
47 53 0.079118
47 54 0.079117
47 55 0.079116
47 56 0.079115
47 57 0.079115
47 58 0.079114
47 59 0.079113
47 60 0.079112
47 61 0.079112
47 62 0.079111
47 63 0.079111
47 64 0.079111
47 65 0.079110
47 66 0.079110
47 67 0.079110
47 68 0.079109
47 69 0.079109
47 70 0.079108
47 71 0.079108
47 72 0.079107
47 73 0.079107
47 74 0.079106
47 75 0.079106
47 76 0.079106
47 77 0.079106
47 78 0.079106
47 79 0.079107
47 80 0.079107
47 81 0.079107
47 82 0.079107
47 83 0.079107
47 84 0.079106
47 85 0.079106
47 86 0.079106
47 87 0.079106
47 88 0.079106
47 89 0.079106
47 90 0.079106
47 91 0.079106
47 92 0.079106
47 93 0.079106
47 94 0.079107
47 95 0.079107
47 96 0.079107
47 97 0.079107
47 98 0.079107
47 99 0.079107

48 0 0.079104
48 1 0.079104
48 2 0.079103
48 3 0.079103
48 4 0.079103
48 5 0.079103
48 6 0.079103
48 7 0.079102
48 8 0.079102
48 9 0.079102
48 10 0.079102
48 11 0.079101
48 12 0.079101
48 13 0.079101
48 14 0.079100
48 15 0.079100
48 16 0.079099
48 17 0.079099
48 18 0.079099
48 19 0.079098
48 20 0.079098
48 21 0.079098
48 22 0.079098
48 23 0.079098
48 24 0.079099
48 25 0.079099
48 26 0.079100
48 27 0.079100
48 28 0.079101
48 29 0.079101
48 30 0.079102
48 31 0.079103
48 32 0.079103
48 33 0.079104
48 34 0.079105
48 35 0.079105
48 36 0.079106
48 37 0.079107
48 38 0.079108
48 39 0.079109
48 40 0.079110
48 41 0.079111
48 42 0.079112
48 43 0.079113
48 44 0.079115
48 45 0.079116
48 46 0.079117
48 47 0.079117
48 48 0.079118
48 49 0.079118
48 50 0.079118
48 51 0.079118
48 52 0.079118
48 53 0.079118
48 54 0.079117
48 55 0.079116
48 56 0.079115
48 57 0.079114
48 58 0.079113
48 59 0.079113
48 60 0.079112
48 61 0.079111
48 62 0.079111
48 63 0.079111
48 64 0.079110
48 65 0.079110
48 66 0.079110
48 67 0.079109
48 68 0.079109
48 69 0.079108
48 70 0.079108
48 71 0.079107
48 72 0.079107
48 73 0.079106
48 74 0.079106
48 75 0.079106
48 76 0.079106
48 77 0.079106
48 78 0.079106
48 79 0.079106
48 80 0.079106
48 81 0.079106
48 82 0.079106
48 83 0.079106
48 84 0.079106
48 85 0.079106
48 86 0.079106
48 87 0.079106
48 88 0.079106
48 89 0.079106
48 90 0.079106
48 91 0.079106
48 92 0.079106
48 93 0.079106
48 94 0.079106
48 95 0.079107
48 96 0.079107
48 97 0.079106
48 98 0.079107
48 99 0.079107

49 0 0.079104
49 1 0.079103
49 2 0.079103
49 3 0.079103
49 4 0.079103
49 5 0.079103
49 6 0.079102
49 7 0.079102
49 8 0.079102
49 9 0.079102
49 10 0.079102
49 11 0.079101
49 12 0.079101
49 13 0.079101
49 14 0.079100
49 15 0.079100
49 16 0.079099
49 17 0.079099
49 18 0.079099
49 19 0.079098
49 20 0.079098
49 21 0.079098
49 22 0.079098
49 23 0.079098
49 24 0.079099
49 25 0.079099
49 26 0.079099
49 27 0.079100
49 28 0.079101
49 29 0.079101
49 30 0.079102
49 31 0.079103
49 32 0.079103
49 33 0.079104
49 34 0.079105
49 35 0.079105
49 36 0.079106
49 37 0.079107
49 38 0.079108
49 39 0.079109
49 40 0.079110
49 41 0.079111
49 42 0.079112
49 43 0.079113
49 44 0.079114
49 45 0.079115
49 46 0.079116
49 47 0.079117
49 48 0.079117
49 49 0.079118
49 50 0.079118
49 51 0.079118
49 52 0.079117
49 53 0.079117
49 54 0.079116
49 55 0.079115
49 56 0.079115
49 57 0.079114
49 58 0.079113
49 59 0.079112
49 60 0.079112
49 61 0.079111
49 62 0.079111
49 63 0.079110
49 64 0.079110
49 65 0.079110
49 66 0.079109
49 67 0.079109
49 68 0.079108
49 69 0.079108
49 70 0.079107
49 71 0.079107
49 72 0.079106
49 73 0.079106
49 74 0.079106
49 75 0.079105
49 76 0.079106
49 77 0.079106
49 78 0.079106
49 79 0.079106
49 80 0.079106
49 81 0.079106
49 82 0.079106
49 83 0.079106
49 84 0.079106
49 85 0.079105
49 86 0.079105
49 87 0.079105
49 88 0.079105
49 89 0.079105
49 90 0.079105
49 91 0.079106
49 92 0.079106
49 93 0.079106
49 94 0.079106
49 95 0.079106
49 96 0.079106
49 97 0.079106
49 98 0.079106
49 99 0.079106

50 0 0.079103
50 1 0.079103
50 2 0.079103
50 3 0.079102
50 4 0.079102
50 5 0.079102
50 6 0.079102
50 7 0.079102
50 8 0.079102
50 9 0.079102
50 10 0.079101
50 11 0.079101
50 12 0.079101
50 13 0.079100
50 14 0.079100
50 15 0.079100
50 16 0.079099
50 17 0.079099
50 18 0.079098
50 19 0.079098
50 20 0.079098
50 21 0.079098
50 22 0.079098
50 23 0.079098
50 24 0.079098
50 25 0.079099
50 26 0.079099
50 27 0.079100
50 28 0.079100
50 29 0.079101
50 30 0.079102
50 31 0.079102
50 32 0.079103
50 33 0.079104
50 34 0.079104
50 35 0.079105
50 36 0.079106
50 37 0.079107
50 38 0.079108
50 39 0.079109
50 40 0.079110
50 41 0.079111
50 42 0.079112
50 43 0.079113
50 44 0.079114
50 45 0.079115
50 46 0.079116
50 47 0.079116
50 48 0.079117
50 49 0.079117
50 50 0.079117
50 51 0.079117
50 52 0.079117
50 53 0.079116
50 54 0.079116
50 55 0.079115
50 56 0.079114
50 57 0.079113
50 58 0.079112
50 59 0.079112
50 60 0.079111
50 61 0.079110
50 62 0.079110
50 63 0.079110
50 64 0.079109
50 65 0.079109
50 66 0.079109
50 67 0.079108
50 68 0.079108
50 69 0.079107
50 70 0.079106
50 71 0.079106
50 72 0.079106
50 73 0.079105
50 74 0.079105
50 75 0.079105
50 76 0.079105
50 77 0.079105
50 78 0.079105
50 79 0.079106
50 80 0.079106
50 81 0.079106
50 82 0.079105
50 83 0.079105
50 84 0.079105
50 85 0.079105
50 86 0.079105
50 87 0.079105
50 88 0.079105
50 89 0.079105
50 90 0.079105
50 91 0.079105
50 92 0.079105
50 93 0.079105
50 94 0.079105
50 95 0.079106
50 96 0.079106
50 97 0.079105
50 98 0.079105
50 99 0.079106

51 0 0.079103
51 1 0.079102
51 2 0.079102
51 3 0.079102
51 4 0.079102
51 5 0.079102
51 6 0.079102
51 7 0.079102
51 8 0.079102
51 9 0.079101
51 10 0.079101
51 11 0.079101
51 12 0.079101
51 13 0.079100
51 14 0.079100
51 15 0.079099
51 16 0.079099
51 17 0.079098
51 18 0.079098
51 19 0.079098
51 20 0.079098
51 21 0.079098
51 22 0.079098
51 23 0.079098
51 24 0.079098
51 25 0.079099
51 26 0.079099
51 27 0.079100
51 28 0.079100
51 29 0.079101
51 30 0.079102
51 31 0.079102
51 32 0.079103
51 33 0.079104
51 34 0.079104
51 35 0.079105
51 36 0.079106
51 37 0.079107
51 38 0.079107
51 39 0.079108
51 40 0.079109
51 41 0.079110
51 42 0.079111
51 43 0.079112
51 44 0.079113
51 45 0.079114
51 46 0.079115
51 47 0.079115
51 48 0.079116
51 49 0.079116
51 50 0.079116
51 51 0.079116
51 52 0.079116
51 53 0.079115
51 54 0.079115
51 55 0.079114
51 56 0.079113
51 57 0.079112
51 58 0.079112
51 59 0.079111
51 60 0.079110
51 61 0.079110
51 62 0.079109
51 63 0.079109
51 64 0.079109
51 65 0.079108
51 66 0.079108
51 67 0.079107
51 68 0.079107
51 69 0.079106
51 70 0.079106
51 71 0.079105
51 72 0.079105
51 73 0.079105
51 74 0.079105
51 75 0.079105
51 76 0.079105
51 77 0.079105
51 78 0.079105
51 79 0.079105
51 80 0.079105
51 81 0.079105
51 82 0.079105
51 83 0.079105
51 84 0.079105
51 85 0.079104
51 86 0.079104
51 87 0.079104
51 88 0.079104
51 89 0.079105
51 90 0.079105
51 91 0.079105
51 92 0.079105
51 93 0.079105
51 94 0.079105
51 95 0.079105
51 96 0.079105
51 97 0.079105
51 98 0.079105
51 99 0.079105

52 0 0.079102
52 1 0.079101
52 2 0.079101
52 3 0.079101
52 4 0.079101
52 5 0.079101
52 6 0.079101
52 7 0.079101
52 8 0.079101
52 9 0.079101
52 10 0.079101
52 11 0.079100
52 12 0.079100
52 13 0.079100
52 14 0.079099
52 15 0.079099
52 16 0.079099
52 17 0.079098
52 18 0.079098
52 19 0.079098
52 20 0.079097
52 21 0.079097
52 22 0.079098
52 23 0.079098
52 24 0.079098
52 25 0.079098
52 26 0.079099
52 27 0.079099
52 28 0.079100
52 29 0.079101
52 30 0.079101
52 31 0.079102
52 32 0.079103
52 33 0.079103
52 34 0.079104
52 35 0.079105
52 36 0.079105
52 37 0.079106
52 38 0.079107
52 39 0.079108
52 40 0.079109
52 41 0.079110
52 42 0.079111
52 43 0.079112
52 44 0.079112
52 45 0.079113
52 46 0.079114
52 47 0.079114
52 48 0.079115
52 49 0.079115
52 50 0.079115
52 51 0.079115
52 52 0.079115
52 53 0.079114
52 54 0.079114
52 55 0.079113
52 56 0.079112
52 57 0.079112
52 58 0.079111
52 59 0.079110
52 60 0.079110
52 61 0.079109
52 62 0.079109
52 63 0.079108
52 64 0.079108
52 65 0.079107
52 66 0.079107
52 67 0.079107
52 68 0.079106
52 69 0.079105
52 70 0.079105
52 71 0.079105
52 72 0.079104
52 73 0.079104
52 74 0.079104
52 75 0.079104
52 76 0.079104
52 77 0.079104
52 78 0.079105
52 79 0.079105
52 80 0.079105
52 81 0.079105
52 82 0.079104
52 83 0.079104
52 84 0.079104
52 85 0.079104
52 86 0.079104
52 87 0.079104
52 88 0.079104
52 89 0.079104
52 90 0.079104
52 91 0.079105
52 92 0.079104
52 93 0.079104
52 94 0.079104
52 95 0.079104
52 96 0.079104
52 97 0.079104
52 98 0.079104
52 99 0.079105

53 0 0.079101
53 1 0.079101
53 2 0.079101
53 3 0.079100
53 4 0.079100
53 5 0.079100
53 6 0.079101
53 7 0.079100
53 8 0.079100
53 9 0.079100
53 10 0.079100
53 11 0.079100
53 12 0.079100
53 13 0.079099
53 14 0.079099
53 15 0.079098
53 16 0.079098
53 17 0.079098
53 18 0.079097
53 19 0.079097
53 20 0.079097
53 21 0.079097
53 22 0.079097
53 23 0.079097
53 24 0.079098
53 25 0.079098
53 26 0.079099
53 27 0.079099
53 28 0.079100
53 29 0.079100
53 30 0.079101
53 31 0.079102
53 32 0.079102
53 33 0.079103
53 34 0.079104
53 35 0.079104
53 36 0.079105
53 37 0.079106
53 38 0.079106
53 39 0.079107
53 40 0.079108
53 41 0.079109
53 42 0.079110
53 43 0.079111
53 44 0.079112
53 45 0.079112
53 46 0.079113
53 47 0.079113
53 48 0.079114
53 49 0.079114
53 50 0.079114
53 51 0.079114
53 52 0.079114
53 53 0.079113
53 54 0.079113
53 55 0.079112
53 56 0.079111
53 57 0.079111
53 58 0.079110
53 59 0.079109
53 60 0.079109
53 61 0.079108
53 62 0.079108
53 63 0.079108
53 64 0.079107
53 65 0.079107
53 66 0.079106
53 67 0.079106
53 68 0.079105
53 69 0.079105
53 70 0.079104
53 71 0.079104
53 72 0.079104
53 73 0.079104
53 74 0.079104
53 75 0.079104
53 76 0.079104
53 77 0.079104
53 78 0.079104
53 79 0.079104
53 80 0.079104
53 81 0.079104
53 82 0.079104
53 83 0.079104
53 84 0.079104
53 85 0.079104
53 86 0.079104
53 87 0.079104
53 88 0.079104
53 89 0.079104
53 90 0.079104
53 91 0.079104
53 92 0.079104
53 93 0.079104
53 94 0.079104
53 95 0.079104
53 96 0.079103
53 97 0.079104
53 98 0.079103
53 99 0.079104

54 0 0.079101
54 1 0.079100
54 2 0.079100
54 3 0.079100
54 4 0.079100
54 5 0.079100
54 6 0.079100
54 7 0.079100
54 8 0.079100
54 9 0.079100
54 10 0.079099
54 11 0.079099
54 12 0.079099
54 13 0.079099
54 14 0.079098
54 15 0.079098
54 16 0.079098
54 17 0.079097
54 18 0.079097
54 19 0.079097
54 20 0.079097
54 21 0.079097
54 22 0.079097
54 23 0.079097
54 24 0.079098
54 25 0.079098
54 26 0.079098
54 27 0.079099
54 28 0.079100
54 29 0.079100
54 30 0.079101
54 31 0.079101
54 32 0.079102
54 33 0.079103
54 34 0.079103
54 35 0.079104
54 36 0.079104
54 37 0.079105
54 38 0.079106
54 39 0.079107
54 40 0.079108
54 41 0.079108
54 42 0.079109
54 43 0.079110
54 44 0.079111
54 45 0.079111
54 46 0.079112
54 47 0.079112
54 48 0.079113
54 49 0.079113
54 50 0.079113
54 51 0.079113
54 52 0.079113
54 53 0.079112
54 54 0.079112
54 55 0.079111
54 56 0.079111
54 57 0.079110
54 58 0.079109
54 59 0.079109
54 60 0.079108
54 61 0.079108
54 62 0.079107
54 63 0.079107
54 64 0.079106
54 65 0.079106
54 66 0.079106
54 67 0.079105
54 68 0.079105
54 69 0.079104
54 70 0.079104
54 71 0.079104
54 72 0.079104
54 73 0.079104
54 74 0.079104
54 75 0.079104
54 76 0.079104
54 77 0.079104
54 78 0.079104
54 79 0.079104
54 80 0.079104
54 81 0.079104
54 82 0.079104
54 83 0.079104
54 84 0.079103
54 85 0.079103
54 86 0.079103
54 87 0.079103
54 88 0.079103
54 89 0.079104
54 90 0.079104
54 91 0.079104
54 92 0.079104
54 93 0.079103
54 94 0.079103
54 95 0.079103
54 96 0.079103
54 97 0.079103
54 98 0.079103
54 99 0.079103

55 0 0.079100
55 1 0.079099
55 2 0.079099
55 3 0.079099
55 4 0.079099
55 5 0.079099
55 6 0.079099
55 7 0.079099
55 8 0.079099
55 9 0.079099
55 10 0.079099
55 11 0.079099
55 12 0.079098
55 13 0.079098
55 14 0.079098
55 15 0.079097
55 16 0.079097
55 17 0.079097
55 18 0.079097
55 19 0.079097
55 20 0.079097
55 21 0.079097
55 22 0.079097
55 23 0.079097
55 24 0.079097
55 25 0.079098
55 26 0.079098
55 27 0.079099
55 28 0.079099
55 29 0.079100
55 30 0.079100
55 31 0.079101
55 32 0.079102
55 33 0.079102
55 34 0.079103
55 35 0.079103
55 36 0.079104
55 37 0.079105
55 38 0.079105
55 39 0.079106
55 40 0.079107
55 41 0.079108
55 42 0.079108
55 43 0.079109
55 44 0.079110
55 45 0.079110
55 46 0.079111
55 47 0.079112
55 48 0.079112
55 49 0.079112
55 50 0.079112
55 51 0.079112
55 52 0.079112
55 53 0.079111
55 54 0.079111
55 55 0.079110
55 56 0.079110
55 57 0.079109
55 58 0.079109
55 59 0.079108
55 60 0.079107
55 61 0.079107
55 62 0.079107
55 63 0.079106
55 64 0.079106
55 65 0.079105
55 66 0.079105
55 67 0.079105
55 68 0.079104
55 69 0.079104
55 70 0.079104
55 71 0.079103
55 72 0.079103
55 73 0.079103
55 74 0.079103
55 75 0.079104
55 76 0.079104
55 77 0.079104
55 78 0.079104
55 79 0.079104
55 80 0.079104
55 81 0.079104
55 82 0.079103
55 83 0.079103
55 84 0.079103
55 85 0.079103
55 86 0.079103
55 87 0.079103
55 88 0.079103
55 89 0.079103
55 90 0.079103
55 91 0.079103
55 92 0.079103
55 93 0.079103
55 94 0.079103
55 95 0.079102
55 96 0.079102
55 97 0.079102
55 98 0.079102
55 99 0.079103

56 0 0.079099
56 1 0.079098
56 2 0.079099
56 3 0.079098
56 4 0.079098
56 5 0.079098
56 6 0.079098
56 7 0.079098
56 8 0.079098
56 9 0.079098
56 10 0.079098
56 11 0.079098
56 12 0.079098
56 13 0.079098
56 14 0.079097
56 15 0.079097
56 16 0.079097
56 17 0.079097
56 18 0.079096
56 19 0.079096
56 20 0.079096
56 21 0.079096
56 22 0.079097
56 23 0.079097
56 24 0.079097
56 25 0.079098
56 26 0.079098
56 27 0.079099
56 28 0.079099
56 29 0.079100
56 30 0.079100
56 31 0.079101
56 32 0.079101
56 33 0.079102
56 34 0.079102
56 35 0.079103
56 36 0.079104
56 37 0.079104
56 38 0.079105
56 39 0.079106
56 40 0.079106
56 41 0.079107
56 42 0.079108
56 43 0.079108
56 44 0.079109
56 45 0.079110
56 46 0.079110
56 47 0.079111
56 48 0.079111
56 49 0.079111
56 50 0.079111
56 51 0.079111
56 52 0.079111
56 53 0.079111
56 54 0.079110
56 55 0.079110
56 56 0.079109
56 57 0.079108
56 58 0.079108
56 59 0.079107
56 60 0.079107
56 61 0.079106
56 62 0.079106
56 63 0.079106
56 64 0.079105
56 65 0.079105
56 66 0.079104
56 67 0.079104
56 68 0.079104
56 69 0.079104
56 70 0.079103
56 71 0.079103
56 72 0.079103
56 73 0.079103
56 74 0.079103
56 75 0.079104
56 76 0.079104
56 77 0.079104
56 78 0.079104
56 79 0.079104
56 80 0.079104
56 81 0.079103
56 82 0.079103
56 83 0.079103
56 84 0.079103
56 85 0.079103
56 86 0.079103
56 87 0.079103
56 88 0.079103
56 89 0.079103
56 90 0.079103
56 91 0.079103
56 92 0.079103
56 93 0.079103
56 94 0.079102
56 95 0.079102
56 96 0.079102
56 97 0.079102
56 98 0.079102
56 99 0.079102

57 0 0.079099
57 1 0.079098
57 2 0.079098
57 3 0.079098
57 4 0.079098
57 5 0.079098
57 6 0.079098
57 7 0.079098
57 8 0.079098
57 9 0.079098
57 10 0.079098
57 11 0.079097
57 12 0.079097
57 13 0.079097
57 14 0.079097
57 15 0.079097
57 16 0.079096
57 17 0.079096
57 18 0.079096
57 19 0.079096
57 20 0.079096
57 21 0.079096
57 22 0.079097
57 23 0.079097
57 24 0.079097
57 25 0.079098
57 26 0.079098
57 27 0.079098
57 28 0.079099
57 29 0.079099
57 30 0.079100
57 31 0.079100
57 32 0.079101
57 33 0.079102
57 34 0.079102
57 35 0.079103
57 36 0.079103
57 37 0.079104
57 38 0.079104
57 39 0.079105
57 40 0.079106
57 41 0.079106
57 42 0.079107
57 43 0.079108
57 44 0.079108
57 45 0.079109
57 46 0.079109
57 47 0.079110
57 48 0.079110
57 49 0.079110
57 50 0.079110
57 51 0.079110
57 52 0.079110
57 53 0.079110
57 54 0.079109
57 55 0.079109
57 56 0.079108
57 57 0.079108
57 58 0.079107
57 59 0.079107
57 60 0.079106
57 61 0.079106
57 62 0.079105
57 63 0.079105
57 64 0.079105
57 65 0.079104
57 66 0.079104
57 67 0.079104
57 68 0.079104
57 69 0.079103
57 70 0.079103
57 71 0.079103
57 72 0.079103
57 73 0.079103
57 74 0.079103
57 75 0.079104
57 76 0.079104
57 77 0.079104
57 78 0.079104
57 79 0.079104
57 80 0.079104
57 81 0.079103
57 82 0.079103
57 83 0.079103
57 84 0.079103
57 85 0.079103
57 86 0.079103
57 87 0.079103
57 88 0.079103
57 89 0.079103
57 90 0.079103
57 91 0.079103
57 92 0.079102
57 93 0.079102
57 94 0.079102
57 95 0.079102
57 96 0.079101
57 97 0.079101
57 98 0.079101
57 99 0.079102

58 0 0.079098
58 1 0.079097
58 2 0.079097
58 3 0.079097
58 4 0.079097
58 5 0.079097
58 6 0.079097
58 7 0.079097
58 8 0.079097
58 9 0.079097
58 10 0.079097
58 11 0.079097
58 12 0.079097
58 13 0.079097
58 14 0.079096
58 15 0.079096
58 16 0.079096
58 17 0.079096
58 18 0.079096
58 19 0.079096
58 20 0.079096
58 21 0.079096
58 22 0.079096
58 23 0.079097
58 24 0.079097
58 25 0.079097
58 26 0.079098
58 27 0.079098
58 28 0.079099
58 29 0.079099
58 30 0.079100
58 31 0.079100
58 32 0.079101
58 33 0.079101
58 34 0.079102
58 35 0.079102
58 36 0.079103
58 37 0.079103
58 38 0.079104
58 39 0.079104
58 40 0.079105
58 41 0.079106
58 42 0.079106
58 43 0.079107
58 44 0.079107
58 45 0.079108
58 46 0.079108
58 47 0.079109
58 48 0.079109
58 49 0.079109
58 50 0.079110
58 51 0.079109
58 52 0.079109
58 53 0.079109
58 54 0.079109
58 55 0.079108
58 56 0.079108
58 57 0.079107
58 58 0.079107
58 59 0.079106
58 60 0.079106
58 61 0.079105
58 62 0.079105
58 63 0.079104
58 64 0.079104
58 65 0.079104
58 66 0.079104
58 67 0.079104
58 68 0.079103
58 69 0.079103
58 70 0.079103
58 71 0.079103
58 72 0.079103
58 73 0.079103
58 74 0.079104
58 75 0.079104
58 76 0.079104
58 77 0.079104
58 78 0.079104
58 79 0.079104
58 80 0.079103
58 81 0.079103
58 82 0.079103
58 83 0.079103
58 84 0.079103
58 85 0.079103
58 86 0.079103
58 87 0.079103
58 88 0.079103
58 89 0.079103
58 90 0.079102
58 91 0.079102
58 92 0.079102
58 93 0.079102
58 94 0.079101
58 95 0.079101
58 96 0.079101
58 97 0.079101
58 98 0.079101
58 99 0.079101

59 0 0.079097
59 1 0.079097
59 2 0.079097
59 3 0.079096
59 4 0.079096
59 5 0.079096
59 6 0.079096
59 7 0.079096
59 8 0.079096
59 9 0.079096
59 10 0.079096
59 11 0.079096
59 12 0.079096
59 13 0.079096
59 14 0.079096
59 15 0.079096
59 16 0.079096
59 17 0.079096
59 18 0.079096
59 19 0.079096
59 20 0.079096
59 21 0.079096
59 22 0.079096
59 23 0.079097
59 24 0.079097
59 25 0.079097
59 26 0.079098
59 27 0.079098
59 28 0.079099
59 29 0.079099
59 30 0.079100
59 31 0.079100
59 32 0.079100
59 33 0.079101
59 34 0.079101
59 35 0.079102
59 36 0.079102
59 37 0.079103
59 38 0.079103
59 39 0.079104
59 40 0.079104
59 41 0.079105
59 42 0.079106
59 43 0.079106
59 44 0.079107
59 45 0.079107
59 46 0.079108
59 47 0.079108
59 48 0.079108
59 49 0.079109
59 50 0.079109
59 51 0.079109
59 52 0.079109
59 53 0.079108
59 54 0.079108
59 55 0.079107
59 56 0.079107
59 57 0.079106
59 58 0.079106
59 59 0.079105
59 60 0.079105
59 61 0.079105
59 62 0.079104
59 63 0.079104
59 64 0.079104
59 65 0.079104
59 66 0.079103
59 67 0.079103
59 68 0.079103
59 69 0.079103
59 70 0.079103
59 71 0.079103
59 72 0.079103
59 73 0.079103
59 74 0.079104
59 75 0.079104
59 76 0.079104
59 77 0.079104
59 78 0.079104
59 79 0.079104
59 80 0.079103
59 81 0.079103
59 82 0.079103
59 83 0.079103
59 84 0.079103
59 85 0.079102
59 86 0.079102
59 87 0.079102
59 88 0.079102
59 89 0.079102
59 90 0.079102
59 91 0.079102
59 92 0.079102
59 93 0.079101
59 94 0.079101
59 95 0.079101
59 96 0.079101
59 97 0.079101
59 98 0.079100
59 99 0.079101

60 0 0.079096
60 1 0.079096
60 2 0.079096
60 3 0.079096
60 4 0.079096
60 5 0.079096
60 6 0.079096
60 7 0.079096
60 8 0.079096
60 9 0.079096
60 10 0.079096
60 11 0.079096
60 12 0.079096
60 13 0.079096
60 14 0.079096
60 15 0.079096
60 16 0.079096
60 17 0.079096
60 18 0.079096
60 19 0.079096
60 20 0.079096
60 21 0.079096
60 22 0.079097
60 23 0.079097
60 24 0.079097
60 25 0.079098
60 26 0.079098
60 27 0.079098
60 28 0.079099
60 29 0.079099
60 30 0.079099
60 31 0.079100
60 32 0.079100
60 33 0.079101
60 34 0.079101
60 35 0.079101
60 36 0.079102
60 37 0.079102
60 38 0.079103
60 39 0.079103
60 40 0.079104
60 41 0.079104
60 42 0.079105
60 43 0.079105
60 44 0.079106
60 45 0.079106
60 46 0.079107
60 47 0.079107
60 48 0.079108
60 49 0.079108
60 50 0.079108
60 51 0.079108
60 52 0.079108
60 53 0.079107
60 54 0.079107
60 55 0.079107
60 56 0.079106
60 57 0.079106
60 58 0.079105
60 59 0.079105
60 60 0.079104
60 61 0.079104
60 62 0.079104
60 63 0.079104
60 64 0.079103
60 65 0.079103
60 66 0.079103
60 67 0.079103
60 68 0.079103
60 69 0.079103
60 70 0.079103
60 71 0.079103
60 72 0.079103
60 73 0.079103
60 74 0.079104
60 75 0.079104
60 76 0.079104
60 77 0.079104
60 78 0.079104
60 79 0.079103
60 80 0.079103
60 81 0.079103
60 82 0.079103
60 83 0.079102
60 84 0.079102
60 85 0.079102
60 86 0.079102
60 87 0.079102
60 88 0.079102
60 89 0.079102
60 90 0.079101
60 91 0.079101
60 92 0.079101
60 93 0.079101
60 94 0.079101
60 95 0.079101
60 96 0.079100
60 97 0.079100
60 98 0.079100
60 99 0.079100

61 0 0.079096
61 1 0.079096
61 2 0.079096
61 3 0.079095
61 4 0.079095
61 5 0.079095
61 6 0.079095
61 7 0.079095
61 8 0.079096
61 9 0.079096
61 10 0.079096
61 11 0.079096
61 12 0.079096
61 13 0.079096
61 14 0.079096
61 15 0.079096
61 16 0.079096
61 17 0.079096
61 18 0.079096
61 19 0.079096
61 20 0.079096
61 21 0.079096
61 22 0.079097
61 23 0.079097
61 24 0.079097
61 25 0.079098
61 26 0.079098
61 27 0.079098
61 28 0.079099
61 29 0.079099
61 30 0.079099
61 31 0.079100
61 32 0.079100
61 33 0.079100
61 34 0.079101
61 35 0.079101
61 36 0.079101
61 37 0.079102
61 38 0.079102
61 39 0.079103
61 40 0.079103
61 41 0.079104
61 42 0.079104
61 43 0.079105
61 44 0.079105
61 45 0.079106
61 46 0.079106
61 47 0.079107
61 48 0.079107
61 49 0.079107
61 50 0.079107
61 51 0.079107
61 52 0.079107
61 53 0.079107
61 54 0.079106
61 55 0.079106
61 56 0.079105
61 57 0.079105
61 58 0.079105
61 59 0.079104
61 60 0.079104
61 61 0.079104
61 62 0.079103
61 63 0.079103
61 64 0.079103
61 65 0.079103
61 66 0.079103
61 67 0.079103
61 68 0.079103
61 69 0.079103
61 70 0.079103
61 71 0.079103
61 72 0.079103
61 73 0.079103
61 74 0.079103
61 75 0.079104
61 76 0.079104
61 77 0.079103
61 78 0.079103
61 79 0.079103
61 80 0.079103
61 81 0.079103
61 82 0.079102
61 83 0.079102
61 84 0.079102
61 85 0.079102
61 86 0.079102
61 87 0.079102
61 88 0.079101
61 89 0.079101
61 90 0.079101
61 91 0.079101
61 92 0.079101
61 93 0.079100
61 94 0.079100
61 95 0.079100
61 96 0.079100
61 97 0.079100
61 98 0.079100
61 99 0.079100

62 0 0.079095
62 1 0.079095
62 2 0.079095
62 3 0.079095
62 4 0.079095
62 5 0.079095
62 6 0.079095
62 7 0.079095
62 8 0.079095
62 9 0.079095
62 10 0.079095
62 11 0.079095
62 12 0.079095
62 13 0.079095
62 14 0.079095
62 15 0.079096
62 16 0.079096
62 17 0.079096
62 18 0.079096
62 19 0.079096
62 20 0.079096
62 21 0.079097
62 22 0.079097
62 23 0.079097
62 24 0.079097
62 25 0.079098
62 26 0.079098
62 27 0.079098
62 28 0.079099
62 29 0.079099
62 30 0.079099
62 31 0.079099
62 32 0.079100
62 33 0.079100
62 34 0.079100
62 35 0.079101
62 36 0.079101
62 37 0.079101
62 38 0.079102
62 39 0.079102
62 40 0.079103
62 41 0.079103
62 42 0.079104
62 43 0.079104
62 44 0.079104
62 45 0.079105
62 46 0.079105
62 47 0.079106
62 48 0.079106
62 49 0.079106
62 50 0.079106
62 51 0.079106
62 52 0.079106
62 53 0.079106
62 54 0.079106
62 55 0.079105
62 56 0.079105
62 57 0.079104
62 58 0.079104
62 59 0.079103
62 60 0.079103
62 61 0.079103
62 62 0.079103
62 63 0.079103
62 64 0.079103
62 65 0.079103
62 66 0.079103
62 67 0.079103
62 68 0.079103
62 69 0.079103
62 70 0.079103
62 71 0.079103
62 72 0.079103
62 73 0.079103
62 74 0.079103
62 75 0.079103
62 76 0.079103
62 77 0.079103
62 78 0.079103
62 79 0.079103
62 80 0.079103
62 81 0.079102
62 82 0.079102
62 83 0.079102
62 84 0.079102
62 85 0.079101
62 86 0.079101
62 87 0.079101
62 88 0.079101
62 89 0.079101
62 90 0.079100
62 91 0.079100
62 92 0.079100
62 93 0.079100
62 94 0.079100
62 95 0.079100
62 96 0.079100
62 97 0.079100
62 98 0.079100
62 99 0.079099

63 0 0.079094
63 1 0.079094
63 2 0.079094
63 3 0.079094
63 4 0.079094
63 5 0.079094
63 6 0.079094
63 7 0.079095
63 8 0.079095
63 9 0.079095
63 10 0.079095
63 11 0.079095
63 12 0.079095
63 13 0.079095
63 14 0.079095
63 15 0.079095
63 16 0.079096
63 17 0.079096
63 18 0.079096
63 19 0.079096
63 20 0.079096
63 21 0.079097
63 22 0.079097
63 23 0.079097
63 24 0.079098
63 25 0.079098
63 26 0.079098
63 27 0.079098
63 28 0.079099
63 29 0.079099
63 30 0.079099
63 31 0.079099
63 32 0.079100
63 33 0.079100
63 34 0.079100
63 35 0.079100
63 36 0.079101
63 37 0.079101
63 38 0.079101
63 39 0.079102
63 40 0.079102
63 41 0.079102
63 42 0.079103
63 43 0.079103
63 44 0.079104
63 45 0.079104
63 46 0.079105
63 47 0.079105
63 48 0.079105
63 49 0.079105
63 50 0.079105
63 51 0.079105
63 52 0.079105
63 53 0.079105
63 54 0.079105
63 55 0.079104
63 56 0.079104
63 57 0.079103
63 58 0.079103
63 59 0.079103
63 60 0.079103
63 61 0.079102
63 62 0.079102
63 63 0.079102
63 64 0.079102
63 65 0.079102
63 66 0.079102
63 67 0.079102
63 68 0.079103
63 69 0.079103
63 70 0.079103
63 71 0.079103
63 72 0.079103
63 73 0.079103
63 74 0.079103
63 75 0.079103
63 76 0.079103
63 77 0.079103
63 78 0.079103
63 79 0.079103
63 80 0.079102
63 81 0.079102
63 82 0.079102
63 83 0.079101
63 84 0.079101
63 85 0.079101
63 86 0.079101
63 87 0.079101
63 88 0.079100
63 89 0.079100
63 90 0.079100
63 91 0.079100
63 92 0.079099
63 93 0.079099
63 94 0.079099
63 95 0.079099
63 96 0.079099
63 97 0.079099
63 98 0.079099
63 99 0.079099

64 0 0.079094
64 1 0.079094
64 2 0.079094
64 3 0.079094
64 4 0.079094
64 5 0.079094
64 6 0.079094
64 7 0.079094
64 8 0.079094
64 9 0.079094
64 10 0.079095
64 11 0.079095
64 12 0.079095
64 13 0.079095
64 14 0.079095
64 15 0.079095
64 16 0.079096
64 17 0.079096
64 18 0.079096
64 19 0.079096
64 20 0.079097
64 21 0.079097
64 22 0.079097
64 23 0.079098
64 24 0.079098
64 25 0.079098
64 26 0.079098
64 27 0.079099
64 28 0.079099
64 29 0.079099
64 30 0.079099
64 31 0.079099
64 32 0.079099
64 33 0.079100
64 34 0.079100
64 35 0.079100
64 36 0.079100
64 37 0.079101
64 38 0.079101
64 39 0.079101
64 40 0.079101
64 41 0.079102
64 42 0.079102
64 43 0.079103
64 44 0.079103
64 45 0.079103
64 46 0.079104
64 47 0.079104
64 48 0.079104
64 49 0.079104
64 50 0.079105
64 51 0.079105
64 52 0.079104
64 53 0.079104
64 54 0.079104
64 55 0.079103
64 56 0.079103
64 57 0.079103
64 58 0.079102
64 59 0.079102
64 60 0.079102
64 61 0.079102
64 62 0.079102
64 63 0.079102
64 64 0.079102
64 65 0.079102
64 66 0.079102
64 67 0.079102
64 68 0.079102
64 69 0.079102
64 70 0.079103
64 71 0.079103
64 72 0.079103
64 73 0.079103
64 74 0.079103
64 75 0.079103
64 76 0.079103
64 77 0.079103
64 78 0.079103
64 79 0.079102
64 80 0.079102
64 81 0.079102
64 82 0.079101
64 83 0.079101
64 84 0.079101
64 85 0.079101
64 86 0.079100
64 87 0.079100
64 88 0.079100
64 89 0.079099
64 90 0.079099
64 91 0.079099
64 92 0.079099
64 93 0.079099
64 94 0.079099
64 95 0.079099
64 96 0.079099
64 97 0.079099
64 98 0.079099
64 99 0.079099

65 0 0.079093
65 1 0.079093
65 2 0.079093
65 3 0.079093
65 4 0.079093
65 5 0.079093
65 6 0.079094
65 7 0.079094
65 8 0.079094
65 9 0.079094
65 10 0.079094
65 11 0.079094
65 12 0.079095
65 13 0.079095
65 14 0.079095
65 15 0.079095
65 16 0.079096
65 17 0.079096
65 18 0.079096
65 19 0.079097
65 20 0.079097
65 21 0.079097
65 22 0.079098
65 23 0.079098
65 24 0.079098
65 25 0.079098
65 26 0.079099
65 27 0.079099
65 28 0.079099
65 29 0.079099
65 30 0.079099
65 31 0.079099
65 32 0.079099
65 33 0.079100
65 34 0.079100
65 35 0.079100
65 36 0.079100
65 37 0.079100
65 38 0.079100
65 39 0.079101
65 40 0.079101
65 41 0.079101
65 42 0.079101
65 43 0.079102
65 44 0.079102
65 45 0.079103
65 46 0.079103
65 47 0.079103
65 48 0.079104
65 49 0.079104
65 50 0.079104
65 51 0.079104
65 52 0.079104
65 53 0.079103
65 54 0.079103
65 55 0.079103
65 56 0.079102
65 57 0.079102
65 58 0.079102
65 59 0.079102
65 60 0.079102
65 61 0.079101
65 62 0.079101
65 63 0.079102
65 64 0.079102
65 65 0.079102
65 66 0.079102
65 67 0.079102
65 68 0.079102
65 69 0.079102
65 70 0.079102
65 71 0.079103
65 72 0.079103
65 73 0.079103
65 74 0.079103
65 75 0.079103
65 76 0.079103
65 77 0.079103
65 78 0.079102
65 79 0.079102
65 80 0.079102
65 81 0.079101
65 82 0.079101
65 83 0.079101
65 84 0.079100
65 85 0.079100
65 86 0.079100
65 87 0.079100
65 88 0.079099
65 89 0.079099
65 90 0.079099
65 91 0.079098
65 92 0.079098
65 93 0.079098
65 94 0.079098
65 95 0.079098
65 96 0.079098
65 97 0.079098
65 98 0.079098
65 99 0.079098

66 0 0.079092
66 1 0.079092
66 2 0.079093
66 3 0.079093
66 4 0.079093
66 5 0.079093
66 6 0.079093
66 7 0.079093
66 8 0.079093
66 9 0.079094
66 10 0.079094
66 11 0.079094
66 12 0.079095
66 13 0.079095
66 14 0.079095
66 15 0.079096
66 16 0.079096
66 17 0.079096
66 18 0.079097
66 19 0.079097
66 20 0.079097
66 21 0.079098
66 22 0.079098
66 23 0.079098
66 24 0.079098
66 25 0.079099
66 26 0.079099
66 27 0.079099
66 28 0.079099
66 29 0.079099
66 30 0.079099
66 31 0.079099
66 32 0.079099
66 33 0.079099
66 34 0.079100
66 35 0.079100
66 36 0.079100
66 37 0.079100
66 38 0.079100
66 39 0.079100
66 40 0.079100
66 41 0.079101
66 42 0.079101
66 43 0.079101
66 44 0.079102
66 45 0.079102
66 46 0.079102
66 47 0.079103
66 48 0.079103
66 49 0.079103
66 50 0.079103
66 51 0.079103
66 52 0.079103
66 53 0.079102
66 54 0.079102
66 55 0.079102
66 56 0.079102
66 57 0.079101
66 58 0.079101
66 59 0.079101
66 60 0.079101
66 61 0.079101
66 62 0.079101
66 63 0.079101
66 64 0.079101
66 65 0.079102
66 66 0.079102
66 67 0.079102
66 68 0.079102
66 69 0.079102
66 70 0.079102
66 71 0.079102
66 72 0.079103
66 73 0.079103
66 74 0.079103
66 75 0.079103
66 76 0.079103
66 77 0.079103
66 78 0.079102
66 79 0.079102
66 80 0.079102
66 81 0.079101
66 82 0.079101
66 83 0.079100
66 84 0.079100
66 85 0.079100
66 86 0.079099
66 87 0.079099
66 88 0.079099
66 89 0.079098
66 90 0.079098
66 91 0.079098
66 92 0.079098
66 93 0.079098
66 94 0.079098
66 95 0.079098
66 96 0.079098
66 97 0.079098
66 98 0.079098
66 99 0.079098

67 0 0.079092
67 1 0.079092
67 2 0.079092
67 3 0.079092
67 4 0.079092
67 5 0.079092
67 6 0.079093
67 7 0.079093
67 8 0.079093
67 9 0.079093
67 10 0.079094
67 11 0.079094
67 12 0.079094
67 13 0.079095
67 14 0.079095
67 15 0.079096
67 16 0.079096
67 17 0.079097
67 18 0.079097
67 19 0.079097
67 20 0.079098
67 21 0.079098
67 22 0.079098
67 23 0.079099
67 24 0.079099
67 25 0.079099
67 26 0.079099
67 27 0.079099
67 28 0.079099
67 29 0.079099
67 30 0.079099
67 31 0.079099
67 32 0.079099
67 33 0.079099
67 34 0.079099
67 35 0.079100
67 36 0.079100
67 37 0.079100
67 38 0.079100
67 39 0.079100
67 40 0.079100
67 41 0.079100
67 42 0.079100
67 43 0.079101
67 44 0.079101
67 45 0.079101
67 46 0.079102
67 47 0.079102
67 48 0.079102
67 49 0.079102
67 50 0.079102
67 51 0.079102
67 52 0.079102
67 53 0.079102
67 54 0.079101
67 55 0.079101
67 56 0.079101
67 57 0.079101
67 58 0.079101
67 59 0.079101
67 60 0.079101
67 61 0.079101
67 62 0.079101
67 63 0.079101
67 64 0.079101
67 65 0.079102
67 66 0.079102
67 67 0.079102
67 68 0.079102
67 69 0.079102
67 70 0.079102
67 71 0.079103
67 72 0.079103
67 73 0.079103
67 74 0.079103
67 75 0.079103
67 76 0.079103
67 77 0.079103
67 78 0.079102
67 79 0.079102
67 80 0.079101
67 81 0.079101
67 82 0.079101
67 83 0.079100
67 84 0.079100
67 85 0.079100
67 86 0.079099
67 87 0.079099
67 88 0.079099
67 89 0.079098
67 90 0.079098
67 91 0.079098
67 92 0.079097
67 93 0.079097
67 94 0.079097
67 95 0.079097
67 96 0.079097
67 97 0.079097
67 98 0.079097
67 99 0.079097

68 0 0.079091
68 1 0.079091
68 2 0.079091
68 3 0.079091
68 4 0.079092
68 5 0.079092
68 6 0.079092
68 7 0.079092
68 8 0.079093
68 9 0.079093
68 10 0.079094
68 11 0.079094
68 12 0.079094
68 13 0.079095
68 14 0.079095
68 15 0.079096
68 16 0.079096
68 17 0.079097
68 18 0.079097
68 19 0.079098
68 20 0.079098
68 21 0.079098
68 22 0.079099
68 23 0.079099
68 24 0.079099
68 25 0.079099
68 26 0.079099
68 27 0.079100
68 28 0.079100
68 29 0.079100
68 30 0.079100
68 31 0.079100
68 32 0.079100
68 33 0.079100
68 34 0.079100
68 35 0.079099
68 36 0.079099
68 37 0.079099
68 38 0.079099
68 39 0.079100
68 40 0.079100
68 41 0.079100
68 42 0.079100
68 43 0.079100
68 44 0.079101
68 45 0.079101
68 46 0.079101
68 47 0.079101
68 48 0.079101
68 49 0.079102
68 50 0.079101
68 51 0.079101
68 52 0.079101
68 53 0.079101
68 54 0.079101
68 55 0.079101
68 56 0.079101
68 57 0.079100
68 58 0.079100
68 59 0.079101
68 60 0.079101
68 61 0.079101
68 62 0.079101
68 63 0.079101
68 64 0.079101
68 65 0.079102
68 66 0.079102
68 67 0.079102
68 68 0.079102
68 69 0.079102
68 70 0.079103
68 71 0.079103
68 72 0.079103
68 73 0.079103
68 74 0.079103
68 75 0.079103
68 76 0.079103
68 77 0.079103
68 78 0.079102
68 79 0.079102
68 80 0.079101
68 81 0.079101
68 82 0.079101
68 83 0.079100
68 84 0.079100
68 85 0.079100
68 86 0.079099
68 87 0.079099
68 88 0.079098
68 89 0.079098
68 90 0.079098
68 91 0.079097
68 92 0.079097
68 93 0.079097
68 94 0.079097
68 95 0.079097
68 96 0.079097
68 97 0.079097
68 98 0.079097
68 99 0.079097

69 0 0.079090
69 1 0.079090
69 2 0.079091
69 3 0.079091
69 4 0.079091
69 5 0.079091
69 6 0.079092
69 7 0.079092
69 8 0.079092
69 9 0.079093
69 10 0.079093
69 11 0.079094
69 12 0.079095
69 13 0.079095
69 14 0.079096
69 15 0.079096
69 16 0.079097
69 17 0.079097
69 18 0.079098
69 19 0.079098
69 20 0.079099
69 21 0.079099
69 22 0.079099
69 23 0.079099
69 24 0.079100
69 25 0.079100
69 26 0.079100
69 27 0.079100
69 28 0.079100
69 29 0.079100
69 30 0.079100
69 31 0.079100
69 32 0.079100
69 33 0.079100
69 34 0.079100
69 35 0.079100
69 36 0.079099
69 37 0.079099
69 38 0.079099
69 39 0.079099
69 40 0.079099
69 41 0.079100
69 42 0.079100
69 43 0.079100
69 44 0.079100
69 45 0.079100
69 46 0.079101
69 47 0.079101
69 48 0.079101
69 49 0.079101
69 50 0.079101
69 51 0.079101
69 52 0.079101
69 53 0.079100
69 54 0.079100
69 55 0.079100
69 56 0.079100
69 57 0.079100
69 58 0.079100
69 59 0.079100
69 60 0.079101
69 61 0.079101
69 62 0.079101
69 63 0.079101
69 64 0.079102
69 65 0.079102
69 66 0.079102
69 67 0.079102
69 68 0.079102
69 69 0.079103
69 70 0.079103
69 71 0.079103
69 72 0.079103
69 73 0.079103
69 74 0.079103
69 75 0.079103
69 76 0.079103
69 77 0.079103
69 78 0.079103
69 79 0.079102
69 80 0.079102
69 81 0.079101
69 82 0.079101
69 83 0.079100
69 84 0.079100
69 85 0.079100
69 86 0.079099
69 87 0.079099
69 88 0.079098
69 89 0.079098
69 90 0.079098
69 91 0.079097
69 92 0.079097
69 93 0.079097
69 94 0.079097
69 95 0.079096
69 96 0.079096
69 97 0.079096
69 98 0.079096
69 99 0.079096

70 0 0.079090
70 1 0.079090
70 2 0.079090
70 3 0.079090
70 4 0.079091
70 5 0.079091
70 6 0.079091
70 7 0.079092
70 8 0.079092
70 9 0.079093
70 10 0.079093
70 11 0.079094
70 12 0.079095
70 13 0.079095
70 14 0.079096
70 15 0.079097
70 16 0.079097
70 17 0.079098
70 18 0.079098
70 19 0.079099
70 20 0.079099
70 21 0.079099
70 22 0.079100
70 23 0.079100
70 24 0.079100
70 25 0.079100
70 26 0.079100
70 27 0.079100
70 28 0.079100
70 29 0.079100
70 30 0.079100
70 31 0.079100
70 32 0.079100
70 33 0.079100
70 34 0.079100
70 35 0.079100
70 36 0.079100
70 37 0.079099
70 38 0.079099
70 39 0.079099
70 40 0.079099
70 41 0.079099
70 42 0.079100
70 43 0.079100
70 44 0.079100
70 45 0.079100
70 46 0.079100
70 47 0.079101
70 48 0.079101
70 49 0.079101
70 50 0.079100
70 51 0.079100
70 52 0.079100
70 53 0.079100
70 54 0.079100
70 55 0.079100
70 56 0.079100
70 57 0.079100
70 58 0.079100
70 59 0.079100
70 60 0.079101
70 61 0.079101
70 62 0.079101
70 63 0.079102
70 64 0.079102
70 65 0.079102
70 66 0.079102
70 67 0.079102
70 68 0.079103
70 69 0.079103
70 70 0.079103
70 71 0.079103
70 72 0.079103
70 73 0.079104
70 74 0.079104
70 75 0.079104
70 76 0.079103
70 77 0.079103
70 78 0.079103
70 79 0.079102
70 80 0.079102
70 81 0.079101
70 82 0.079101
70 83 0.079100
70 84 0.079100
70 85 0.079100
70 86 0.079099
70 87 0.079099
70 88 0.079099
70 89 0.079098
70 90 0.079098
70 91 0.079097
70 92 0.079097
70 93 0.079097
70 94 0.079096
70 95 0.079096
70 96 0.079096
70 97 0.079096
70 98 0.079096
70 99 0.079096

71 0 0.079089
71 1 0.079089
71 2 0.079090
71 3 0.079090
71 4 0.079090
71 5 0.079091
71 6 0.079091
71 7 0.079092
71 8 0.079092
71 9 0.079093
71 10 0.079094
71 11 0.079094
71 12 0.079095
71 13 0.079096
71 14 0.079096
71 15 0.079097
71 16 0.079098
71 17 0.079098
71 18 0.079099
71 19 0.079099
71 20 0.079100
71 21 0.079100
71 22 0.079100
71 23 0.079100
71 24 0.079101
71 25 0.079101
71 26 0.079101
71 27 0.079101
71 28 0.079101
71 29 0.079101
71 30 0.079101
71 31 0.079101
71 32 0.079100
71 33 0.079100
71 34 0.079100
71 35 0.079100
71 36 0.079100
71 37 0.079100
71 38 0.079100
71 39 0.079099
71 40 0.079099
71 41 0.079100
71 42 0.079100
71 43 0.079100
71 44 0.079100
71 45 0.079100
71 46 0.079100
71 47 0.079100
71 48 0.079100
71 49 0.079100
71 50 0.079100
71 51 0.079100
71 52 0.079100
71 53 0.079100
71 54 0.079099
71 55 0.079100
71 56 0.079100
71 57 0.079100
71 58 0.079100
71 59 0.079101
71 60 0.079101
71 61 0.079101
71 62 0.079102
71 63 0.079102
71 64 0.079102
71 65 0.079102
71 66 0.079102
71 67 0.079103
71 68 0.079103
71 69 0.079103
71 70 0.079103
71 71 0.079103
71 72 0.079104
71 73 0.079104
71 74 0.079104
71 75 0.079104
71 76 0.079104
71 77 0.079103
71 78 0.079103
71 79 0.079103
71 80 0.079102
71 81 0.079102
71 82 0.079101
71 83 0.079101
71 84 0.079100
71 85 0.079100
71 86 0.079100
71 87 0.079099
71 88 0.079099
71 89 0.079098
71 90 0.079098
71 91 0.079097
71 92 0.079097
71 93 0.079097
71 94 0.079096
71 95 0.079096
71 96 0.079096
71 97 0.079096
71 98 0.079096
71 99 0.079095

72 0 0.079089
72 1 0.079089
72 2 0.079089
72 3 0.079089
72 4 0.079090
72 5 0.079090
72 6 0.079091
72 7 0.079092
72 8 0.079092
72 9 0.079093
72 10 0.079094
72 11 0.079095
72 12 0.079095
72 13 0.079096
72 14 0.079097
72 15 0.079098
72 16 0.079098
72 17 0.079099
72 18 0.079099
72 19 0.079100
72 20 0.079100
72 21 0.079100
72 22 0.079101
72 23 0.079101
72 24 0.079101
72 25 0.079101
72 26 0.079101
72 27 0.079101
72 28 0.079101
72 29 0.079101
72 30 0.079101
72 31 0.079101
72 32 0.079101
72 33 0.079101
72 34 0.079100
72 35 0.079100
72 36 0.079100
72 37 0.079100
72 38 0.079100
72 39 0.079100
72 40 0.079100
72 41 0.079100
72 42 0.079100
72 43 0.079100
72 44 0.079100
72 45 0.079100
72 46 0.079100
72 47 0.079100
72 48 0.079100
72 49 0.079100
72 50 0.079100
72 51 0.079100
72 52 0.079099
72 53 0.079099
72 54 0.079099
72 55 0.079099
72 56 0.079100
72 57 0.079100
72 58 0.079100
72 59 0.079101
72 60 0.079101
72 61 0.079101
72 62 0.079102
72 63 0.079102
72 64 0.079102
72 65 0.079102
72 66 0.079103
72 67 0.079103
72 68 0.079103
72 69 0.079103
72 70 0.079103
72 71 0.079104
72 72 0.079104
72 73 0.079104
72 74 0.079104
72 75 0.079104
72 76 0.079104
72 77 0.079104
72 78 0.079103
72 79 0.079103
72 80 0.079102
72 81 0.079102
72 82 0.079101
72 83 0.079101
72 84 0.079101
72 85 0.079100
72 86 0.079100
72 87 0.079100
72 88 0.079099
72 89 0.079099
72 90 0.079098
72 91 0.079098
72 92 0.079097
72 93 0.079097
72 94 0.079096
72 95 0.079096
72 96 0.079096
72 97 0.079096
72 98 0.079095
72 99 0.079095

73 0 0.079089
73 1 0.079089
73 2 0.079089
73 3 0.079089
73 4 0.079090
73 5 0.079090
73 6 0.079091
73 7 0.079092
73 8 0.079092
73 9 0.079093
73 10 0.079094
73 11 0.079095
73 12 0.079096
73 13 0.079097
73 14 0.079097
73 15 0.079098
73 16 0.079099
73 17 0.079099
73 18 0.079100
73 19 0.079100
73 20 0.079101
73 21 0.079101
73 22 0.079101
73 23 0.079101
73 24 0.079101
73 25 0.079101
73 26 0.079101
73 27 0.079101
73 28 0.079101
73 29 0.079101
73 30 0.079101
73 31 0.079101
73 32 0.079101
73 33 0.079101
73 34 0.079101
73 35 0.079100
73 36 0.079100
73 37 0.079100
73 38 0.079100
73 39 0.079100
73 40 0.079100
73 41 0.079100
73 42 0.079100
73 43 0.079100
73 44 0.079100
73 45 0.079100
73 46 0.079100
73 47 0.079100
73 48 0.079100
73 49 0.079100
73 50 0.079099
73 51 0.079099
73 52 0.079099
73 53 0.079099
73 54 0.079099
73 55 0.079099
73 56 0.079099
73 57 0.079100
73 58 0.079100
73 59 0.079101
73 60 0.079101
73 61 0.079102
73 62 0.079102
73 63 0.079102
73 64 0.079102
73 65 0.079102
73 66 0.079103
73 67 0.079103
73 68 0.079103
73 69 0.079103
73 70 0.079103
73 71 0.079104
73 72 0.079104
73 73 0.079104
73 74 0.079104
73 75 0.079104
73 76 0.079104
73 77 0.079104
73 78 0.079103
73 79 0.079103
73 80 0.079102
73 81 0.079102
73 82 0.079102
73 83 0.079101
73 84 0.079101
73 85 0.079101
73 86 0.079100
73 87 0.079100
73 88 0.079099
73 89 0.079099
73 90 0.079098
73 91 0.079098
73 92 0.079097
73 93 0.079097
73 94 0.079096
73 95 0.079096
73 96 0.079096
73 97 0.079096
73 98 0.079095
73 99 0.079095

74 0 0.079089
74 1 0.079089
74 2 0.079089
74 3 0.079089
74 4 0.079090
74 5 0.079090
74 6 0.079091
74 7 0.079092
74 8 0.079093
74 9 0.079094
74 10 0.079095
74 11 0.079095
74 12 0.079096
74 13 0.079097
74 14 0.079098
74 15 0.079099
74 16 0.079099
74 17 0.079100
74 18 0.079100
74 19 0.079101
74 20 0.079101
74 21 0.079101
74 22 0.079101
74 23 0.079102
74 24 0.079102
74 25 0.079102
74 26 0.079102
74 27 0.079102
74 28 0.079102
74 29 0.079102
74 30 0.079102
74 31 0.079101
74 32 0.079101
74 33 0.079101
74 34 0.079101
74 35 0.079101
74 36 0.079100
74 37 0.079100
74 38 0.079100
74 39 0.079100
74 40 0.079100
74 41 0.079100
74 42 0.079100
74 43 0.079100
74 44 0.079100
74 45 0.079100
74 46 0.079100
74 47 0.079100
74 48 0.079100
74 49 0.079099
74 50 0.079099
74 51 0.079099
74 52 0.079099
74 53 0.079099
74 54 0.079099
74 55 0.079099
74 56 0.079099
74 57 0.079100
74 58 0.079100
74 59 0.079101
74 60 0.079101
74 61 0.079102
74 62 0.079102
74 63 0.079102
74 64 0.079102
74 65 0.079102
74 66 0.079102
74 67 0.079102
74 68 0.079103
74 69 0.079103
74 70 0.079103
74 71 0.079103
74 72 0.079104
74 73 0.079104
74 74 0.079104
74 75 0.079104
74 76 0.079104
74 77 0.079104
74 78 0.079103
74 79 0.079103
74 80 0.079102
74 81 0.079102
74 82 0.079102
74 83 0.079101
74 84 0.079101
74 85 0.079101
74 86 0.079100
74 87 0.079100
74 88 0.079100
74 89 0.079099
74 90 0.079099
74 91 0.079098
74 92 0.079098
74 93 0.079097
74 94 0.079097
74 95 0.079096
74 96 0.079096
74 97 0.079096
74 98 0.079096
74 99 0.079095

75 0 0.079089
75 1 0.079089
75 2 0.079089
75 3 0.079089
75 4 0.079090
75 5 0.079091
75 6 0.079091
75 7 0.079092
75 8 0.079093
75 9 0.079094
75 10 0.079095
75 11 0.079096
75 12 0.079097
75 13 0.079098
75 14 0.079098
75 15 0.079099
75 16 0.079100
75 17 0.079100
75 18 0.079101
75 19 0.079101
75 20 0.079101
75 21 0.079101
75 22 0.079102
75 23 0.079102
75 24 0.079102
75 25 0.079102
75 26 0.079102
75 27 0.079102
75 28 0.079102
75 29 0.079102
75 30 0.079102
75 31 0.079101
75 32 0.079101
75 33 0.079101
75 34 0.079101
75 35 0.079101
75 36 0.079100
75 37 0.079100
75 38 0.079100
75 39 0.079100
75 40 0.079100
75 41 0.079100
75 42 0.079100
75 43 0.079100
75 44 0.079100
75 45 0.079100
75 46 0.079100
75 47 0.079100
75 48 0.079100
75 49 0.079099
75 50 0.079099
75 51 0.079099
75 52 0.079099
75 53 0.079099
75 54 0.079099
75 55 0.079099
75 56 0.079099
75 57 0.079100
75 58 0.079100
75 59 0.079101
75 60 0.079101
75 61 0.079102
75 62 0.079102
75 63 0.079102
75 64 0.079102
75 65 0.079102
75 66 0.079102
75 67 0.079102
75 68 0.079102
75 69 0.079102
75 70 0.079103
75 71 0.079103
75 72 0.079103
75 73 0.079103
75 74 0.079104
75 75 0.079104
75 76 0.079104
75 77 0.079103
75 78 0.079103
75 79 0.079103
75 80 0.079102
75 81 0.079102
75 82 0.079102
75 83 0.079101
75 84 0.079101
75 85 0.079101
75 86 0.079101
75 87 0.079100
75 88 0.079100
75 89 0.079099
75 90 0.079099
75 91 0.079098
75 92 0.079098
75 93 0.079097
75 94 0.079097
75 95 0.079096
75 96 0.079096
75 97 0.079096
75 98 0.079096
75 99 0.079096

76 0 0.079088
76 1 0.079089
76 2 0.079089
76 3 0.079090
76 4 0.079090
76 5 0.079091
76 6 0.079092
76 7 0.079092
76 8 0.079093
76 9 0.079094
76 10 0.079095
76 11 0.079096
76 12 0.079097
76 13 0.079098
76 14 0.079099
76 15 0.079099
76 16 0.079100
76 17 0.079100
76 18 0.079101
76 19 0.079101
76 20 0.079101
76 21 0.079102
76 22 0.079102
76 23 0.079102
76 24 0.079102
76 25 0.079102
76 26 0.079102
76 27 0.079102
76 28 0.079102
76 29 0.079102
76 30 0.079102
76 31 0.079101
76 32 0.079101
76 33 0.079101
76 34 0.079101
76 35 0.079101
76 36 0.079100
76 37 0.079101
76 38 0.079101
76 39 0.079102
76 40 0.079102
76 41 0.079102
76 42 0.079101
76 43 0.079101
76 44 0.079100
76 45 0.079099
76 46 0.079099
76 47 0.079098
76 48 0.079098
76 49 0.079098
76 50 0.079098
76 51 0.079099
76 52 0.079100
76 53 0.079100
76 54 0.079101
76 55 0.079101
76 56 0.079101
76 57 0.079101
76 58 0.079101
76 59 0.079100
76 60 0.079099
76 61 0.079099
76 62 0.079098
76 63 0.079098
76 64 0.079098
76 65 0.079098
76 66 0.079098
76 67 0.079098
76 68 0.079098
76 69 0.079098
76 70 0.079097
76 71 0.079097
76 72 0.079096
76 73 0.079096
76 74 0.079096
76 75 0.079096
76 76 0.079096
76 77 0.079096
76 78 0.079097
76 79 0.079097
76 80 0.079098
76 81 0.079098
76 82 0.079099
76 83 0.079099
76 84 0.079098
76 85 0.079098
76 86 0.079098
76 87 0.079097
76 88 0.079097
76 89 0.079097
76 90 0.079097
76 91 0.079097
76 92 0.079098
76 93 0.079098
76 94 0.079098
76 95 0.079099
76 96 0.079099
76 97 0.079099
76 98 0.079100
76 99 0.079100

77 0 0.079096
77 1 0.079097
77 2 0.079097
77 3 0.079097
77 4 0.079098
77 5 0.079098
77 6 0.079098
77 7 0.079099
77 8 0.079099
77 9 0.079099
77 10 0.079099
77 11 0.079099
77 12 0.079099
77 13 0.079099
77 14 0.079099
77 15 0.079099
77 16 0.079098
77 17 0.079098
77 18 0.079098
77 19 0.079098
77 20 0.079098
77 21 0.079097
77 22 0.079097
77 23 0.079097
77 24 0.079097
77 25 0.079097
77 26 0.079097
77 27 0.079097
77 28 0.079097
77 29 0.079097
77 30 0.079097
77 31 0.079098
77 32 0.079098
77 33 0.079098
77 34 0.079099
77 35 0.079099
77 36 0.079100
77 37 0.079101
77 38 0.079101
77 39 0.079101
77 40 0.079101
77 41 0.079101
77 42 0.079101
77 43 0.079100
77 44 0.079099
77 45 0.079099
77 46 0.079098
77 47 0.079098
77 48 0.079097
77 49 0.079098
77 50 0.079098
77 51 0.079099
77 52 0.079099
77 53 0.079100
77 54 0.079101
77 55 0.079101
77 56 0.079101
77 57 0.079101
77 58 0.079100
77 59 0.079100
77 60 0.079099
77 61 0.079099
77 62 0.079098
77 63 0.079098
77 64 0.079098
77 65 0.079098
77 66 0.079098
77 67 0.079098
77 68 0.079098
77 69 0.079098
77 70 0.079098
77 71 0.079097
77 72 0.079097
77 73 0.079096
77 74 0.079096
77 75 0.079096
77 76 0.079096
77 77 0.079097
77 78 0.079097
77 79 0.079098
77 80 0.079099
77 81 0.079099
77 82 0.079099
77 83 0.079099
77 84 0.079099
77 85 0.079098
77 86 0.079098
77 87 0.079098
77 88 0.079097
77 89 0.079097
77 90 0.079097
77 91 0.079097
77 92 0.079098
77 93 0.079098
77 94 0.079099
77 95 0.079099
77 96 0.079099
77 97 0.079099
77 98 0.079100
77 99 0.079100

78 0 0.079097
78 1 0.079097
78 2 0.079097
78 3 0.079097
78 4 0.079097
78 5 0.079098
78 6 0.079098
78 7 0.079098
78 8 0.079098
78 9 0.079099
78 10 0.079099
78 11 0.079099
78 12 0.079099
78 13 0.079099
78 14 0.079098
78 15 0.079098
78 16 0.079098
78 17 0.079098
78 18 0.079098
78 19 0.079097
78 20 0.079097
78 21 0.079097
78 22 0.079097
78 23 0.079097
78 24 0.079097
78 25 0.079097
78 26 0.079097
78 27 0.079097
78 28 0.079097
78 29 0.079097
78 30 0.079097
78 31 0.079097
78 32 0.079098
78 33 0.079098
78 34 0.079099
78 35 0.079099
78 36 0.079100
78 37 0.079100
78 38 0.079101
78 39 0.079101
78 40 0.079101
78 41 0.079101
78 42 0.079100
78 43 0.079100
78 44 0.079099
78 45 0.079098
78 46 0.079097
78 47 0.079097
78 48 0.079097
78 49 0.079097
78 50 0.079097
78 51 0.079098
78 52 0.079099
78 53 0.079100
78 54 0.079100
78 55 0.079101
78 56 0.079101
78 57 0.079100
78 58 0.079100
78 59 0.079100
78 60 0.079099
78 61 0.079099
78 62 0.079098
78 63 0.079098
78 64 0.079098
78 65 0.079099
78 66 0.079099
78 67 0.079099
78 68 0.079099
78 69 0.079099
78 70 0.079098
78 71 0.079098
78 72 0.079097
78 73 0.079097
78 74 0.079097
78 75 0.079097
78 76 0.079097
78 77 0.079097
78 78 0.079098
78 79 0.079099
78 80 0.079099
78 81 0.079099
78 82 0.079100
78 83 0.079099
78 84 0.079099
78 85 0.079099
78 86 0.079098
78 87 0.079098
78 88 0.079097
78 89 0.079097
78 90 0.079097
78 91 0.079098
78 92 0.079098
78 93 0.079098
78 94 0.079099
78 95 0.079099
78 96 0.079099
78 97 0.079099
78 98 0.079100
78 99 0.079100

79 0 0.079097
79 1 0.079097
79 2 0.079097
79 3 0.079097
79 4 0.079097
79 5 0.079098
79 6 0.079098
79 7 0.079098
79 8 0.079098
79 9 0.079099
79 10 0.079099
79 11 0.079099
79 12 0.079099
79 13 0.079099
79 14 0.079099
79 15 0.079098
79 16 0.079098
79 17 0.079098
79 18 0.079098
79 19 0.079097
79 20 0.079097
79 21 0.079097
79 22 0.079096
79 23 0.079096
79 24 0.079096
79 25 0.079096
79 26 0.079096
79 27 0.079096
79 28 0.079096
79 29 0.079096
79 30 0.079096
79 31 0.079097
79 32 0.079097
79 33 0.079098
79 34 0.079099
79 35 0.079099
79 36 0.079100
79 37 0.079101
79 38 0.079101
79 39 0.079101
79 40 0.079101
79 41 0.079101
79 42 0.079100
79 43 0.079099
79 44 0.079098
79 45 0.079098
79 46 0.079097
79 47 0.079096
79 48 0.079096
79 49 0.079096
79 50 0.079097
79 51 0.079098
79 52 0.079098
79 53 0.079099
79 54 0.079100
79 55 0.079100
79 56 0.079100
79 57 0.079100
79 58 0.079100
79 59 0.079099
79 60 0.079099
79 61 0.079099
79 62 0.079099
79 63 0.079099
79 64 0.079099
79 65 0.079099
79 66 0.079099
79 67 0.079099
79 68 0.079099
79 69 0.079099
79 70 0.079099
79 71 0.079098
79 72 0.079098
79 73 0.079097
79 74 0.079097
79 75 0.079097
79 76 0.079097
79 77 0.079098
79 78 0.079099
79 79 0.079099
79 80 0.079100
79 81 0.079100
79 82 0.079100
79 83 0.079100
79 84 0.079099
79 85 0.079099
79 86 0.079098
79 87 0.079098
79 88 0.079098
79 89 0.079097
79 90 0.079098
79 91 0.079098
79 92 0.079098
79 93 0.079098
79 94 0.079099
79 95 0.079099
79 96 0.079099
79 97 0.079099
79 98 0.079100
79 99 0.079100

80 0 0.079097
80 1 0.079097
80 2 0.079097
80 3 0.079097
80 4 0.079097
80 5 0.079098
80 6 0.079098
80 7 0.079098
80 8 0.079099
80 9 0.079099
80 10 0.079099
80 11 0.079099
80 12 0.079099
80 13 0.079099
80 14 0.079099
80 15 0.079099
80 16 0.079099
80 17 0.079098
80 18 0.079098
80 19 0.079098
80 20 0.079097
80 21 0.079097
80 22 0.079096
80 23 0.079096
80 24 0.079096
80 25 0.079096
80 26 0.079095
80 27 0.079095
80 28 0.079096
80 29 0.079096
80 30 0.079096
80 31 0.079097
80 32 0.079097
80 33 0.079098
80 34 0.079099
80 35 0.079100
80 36 0.079100
80 37 0.079101
80 38 0.079101
80 39 0.079101
80 40 0.079101
80 41 0.079101
80 42 0.079100
80 43 0.079099
80 44 0.079098
80 45 0.079097
80 46 0.079096
80 47 0.079096
80 48 0.079096
80 49 0.079096
80 50 0.079096
80 51 0.079097
80 52 0.079098
80 53 0.079099
80 54 0.079099
80 55 0.079100
80 56 0.079100
80 57 0.079100
80 58 0.079100
80 59 0.079100
80 60 0.079099
80 61 0.079099
80 62 0.079099
80 63 0.079099
80 64 0.079100
80 65 0.079100
80 66 0.079100
80 67 0.079100
80 68 0.079100
80 69 0.079100
80 70 0.079099
80 71 0.079098
80 72 0.079098
80 73 0.079097
80 74 0.079097
80 75 0.079097
80 76 0.079098
80 77 0.079098
80 78 0.079099
80 79 0.079099
80 80 0.079100
80 81 0.079100
80 82 0.079100
80 83 0.079100
80 84 0.079099
80 85 0.079099
80 86 0.079098
80 87 0.079098
80 88 0.079098
80 89 0.079098
80 90 0.079098
80 91 0.079098
80 92 0.079098
80 93 0.079099
80 94 0.079099
80 95 0.079099
80 96 0.079099
80 97 0.079100
80 98 0.079100
80 99 0.079100

81 0 0.079097
81 1 0.079097
81 2 0.079097
81 3 0.079097
81 4 0.079098
81 5 0.079098
81 6 0.079099
81 7 0.079099
81 8 0.079099
81 9 0.079100
81 10 0.079100
81 11 0.079100
81 12 0.079100
81 13 0.079100
81 14 0.079100
81 15 0.079100
81 16 0.079099
81 17 0.079099
81 18 0.079098
81 19 0.079098
81 20 0.079097
81 21 0.079097
81 22 0.079096
81 23 0.079096
81 24 0.079095
81 25 0.079095
81 26 0.079095
81 27 0.079095
81 28 0.079095
81 29 0.079096
81 30 0.079096
81 31 0.079097
81 32 0.079098
81 33 0.079098
81 34 0.079099
81 35 0.079100
81 36 0.079101
81 37 0.079101
81 38 0.079102
81 39 0.079102
81 40 0.079101
81 41 0.079101
81 42 0.079100
81 43 0.079099
81 44 0.079098
81 45 0.079097
81 46 0.079096
81 47 0.079095
81 48 0.079095
81 49 0.079095
81 50 0.079096
81 51 0.079097
81 52 0.079098
81 53 0.079098
81 54 0.079099
81 55 0.079100
81 56 0.079100
81 57 0.079100
81 58 0.079100
81 59 0.079100
81 60 0.079100
81 61 0.079100
81 62 0.079100
81 63 0.079100
81 64 0.079100
81 65 0.079101
81 66 0.079101
81 67 0.079101
81 68 0.079100
81 69 0.079100
81 70 0.079099
81 71 0.079098
81 72 0.079098
81 73 0.079097
81 74 0.079097
81 75 0.079097
81 76 0.079098
81 77 0.079098
81 78 0.079099
81 79 0.079100
81 80 0.079100
81 81 0.079100
81 82 0.079100
81 83 0.079100
81 84 0.079099
81 85 0.079099
81 86 0.079098
81 87 0.079098
81 88 0.079098
81 89 0.079098
81 90 0.079098
81 91 0.079098
81 92 0.079099
81 93 0.079099
81 94 0.079099
81 95 0.079099
81 96 0.079099
81 97 0.079099
81 98 0.079100
81 99 0.079100

82 0 0.079097
82 1 0.079097
82 2 0.079097
82 3 0.079098
82 4 0.079098
82 5 0.079099
82 6 0.079099
82 7 0.079100
82 8 0.079100
82 9 0.079101
82 10 0.079101
82 11 0.079101
82 12 0.079101
82 13 0.079101
82 14 0.079101
82 15 0.079101
82 16 0.079100
82 17 0.079100
82 18 0.079099
82 19 0.079098
82 20 0.079097
82 21 0.079097
82 22 0.079096
82 23 0.079096
82 24 0.079095
82 25 0.079095
82 26 0.079095
82 27 0.079095
82 28 0.079095
82 29 0.079096
82 30 0.079096
82 31 0.079097
82 32 0.079098
82 33 0.079099
82 34 0.079100
82 35 0.079101
82 36 0.079101
82 37 0.079102
82 38 0.079102
82 39 0.079102
82 40 0.079102
82 41 0.079101
82 42 0.079100
82 43 0.079099
82 44 0.079098
82 45 0.079097
82 46 0.079096
82 47 0.079095
82 48 0.079095
82 49 0.079095
82 50 0.079096
82 51 0.079097
82 52 0.079097
82 53 0.079098
82 54 0.079099
82 55 0.079100
82 56 0.079100
82 57 0.079100
82 58 0.079101
82 59 0.079101
82 60 0.079101
82 61 0.079101
82 62 0.079101
82 63 0.079101
82 64 0.079101
82 65 0.079101
82 66 0.079101
82 67 0.079101
82 68 0.079100
82 69 0.079100
82 70 0.079099
82 71 0.079098
82 72 0.079097
82 73 0.079097
82 74 0.079097
82 75 0.079097
82 76 0.079098
82 77 0.079098
82 78 0.079099
82 79 0.079099
82 80 0.079100
82 81 0.079100
82 82 0.079100
82 83 0.079099
82 84 0.079099
82 85 0.079098
82 86 0.079098
82 87 0.079098
82 88 0.079098
82 89 0.079098
82 90 0.079098
82 91 0.079098
82 92 0.079099
82 93 0.079099
82 94 0.079099
82 95 0.079099
82 96 0.079100
82 97 0.079100
82 98 0.079100
82 99 0.079100

83 0 0.079097
83 1 0.079098
83 2 0.079098
83 3 0.079099
83 4 0.079099
83 5 0.079100
83 6 0.079101
83 7 0.079101
83 8 0.079102
83 9 0.079102
83 10 0.079102
83 11 0.079102
83 12 0.079102
83 13 0.079102
83 14 0.079102
83 15 0.079101
83 16 0.079101
83 17 0.079100
83 18 0.079099
83 19 0.079098
83 20 0.079097
83 21 0.079097
83 22 0.079096
83 23 0.079095
83 24 0.079095
83 25 0.079095
83 26 0.079095
83 27 0.079095
83 28 0.079095
83 29 0.079096
83 30 0.079097
83 31 0.079097
83 32 0.079098
83 33 0.079099
83 34 0.079100
83 35 0.079101
83 36 0.079102
83 37 0.079102
83 38 0.079102
83 39 0.079102
83 40 0.079102
83 41 0.079101
83 42 0.079100
83 43 0.079099
83 44 0.079098
83 45 0.079097
83 46 0.079096
83 47 0.079095
83 48 0.079095
83 49 0.079095
83 50 0.079096
83 51 0.079097
83 52 0.079097
83 53 0.079098
83 54 0.079099
83 55 0.079100
83 56 0.079100
83 57 0.079101
83 58 0.079101
83 59 0.079101
83 60 0.079101
83 61 0.079101
83 62 0.079102
83 63 0.079102
83 64 0.079102
83 65 0.079102
83 66 0.079101
83 67 0.079101
83 68 0.079100
83 69 0.079099
83 70 0.079098
83 71 0.079098
83 72 0.079097
83 73 0.079097
83 74 0.079096
83 75 0.079097
83 76 0.079097
83 77 0.079098
83 78 0.079099
83 79 0.079099
83 80 0.079099
83 81 0.079099
83 82 0.079099
83 83 0.079099
83 84 0.079098
83 85 0.079098
83 86 0.079098
83 87 0.079097
83 88 0.079097
83 89 0.079098
83 90 0.079098
83 91 0.079098
83 92 0.079099
83 93 0.079099
83 94 0.079099
83 95 0.079099
83 96 0.079099
83 97 0.079099
83 98 0.079100
83 99 0.079100

84 0 0.079097
84 1 0.079098
84 2 0.079099
84 3 0.079099
84 4 0.079100
84 5 0.079101
84 6 0.079102
84 7 0.079102
84 8 0.079103
84 9 0.079103
84 10 0.079103
84 11 0.079103
84 12 0.079103
84 13 0.079103
84 14 0.079102
84 15 0.079102
84 16 0.079101
84 17 0.079100
84 18 0.079099
84 19 0.079098
84 20 0.079098
84 21 0.079097
84 22 0.079096
84 23 0.079095
84 24 0.079095
84 25 0.079095
84 26 0.079095
84 27 0.079095
84 28 0.079095
84 29 0.079096
84 30 0.079097
84 31 0.079097
84 32 0.079098
84 33 0.079099
84 34 0.079100
84 35 0.079101
84 36 0.079102
84 37 0.079102
84 38 0.079102
84 39 0.079102
84 40 0.079102
84 41 0.079101
84 42 0.079100
84 43 0.079099
84 44 0.079098
84 45 0.079097
84 46 0.079096
84 47 0.079095
84 48 0.079095
84 49 0.079095
84 50 0.079096
84 51 0.079097
84 52 0.079098
84 53 0.079098
84 54 0.079099
84 55 0.079100
84 56 0.079101
84 57 0.079101
84 58 0.079101
84 59 0.079102
84 60 0.079102
84 61 0.079102
84 62 0.079102
84 63 0.079102
84 64 0.079102
84 65 0.079102
84 66 0.079101
84 67 0.079101
84 68 0.079100
84 69 0.079099
84 70 0.079098
84 71 0.079097
84 72 0.079096
84 73 0.079096
84 74 0.079096
84 75 0.079096
84 76 0.079097
84 77 0.079098
84 78 0.079099
84 79 0.079099
84 80 0.079099
84 81 0.079099
84 82 0.079099
84 83 0.079099
84 84 0.079098
84 85 0.079098
84 86 0.079097
84 87 0.079097
84 88 0.079097
84 89 0.079097
84 90 0.079098
84 91 0.079098
84 92 0.079098
84 93 0.079099
84 94 0.079099
84 95 0.079099
84 96 0.079099
84 97 0.079099
84 98 0.079100
84 99 0.079099

85 0 0.079098
85 1 0.079099
85 2 0.079099
85 3 0.079100
85 4 0.079101
85 5 0.079102
85 6 0.079103
85 7 0.079103
85 8 0.079103
85 9 0.079104
85 10 0.079104
85 11 0.079103
85 12 0.079103
85 13 0.079103
85 14 0.079102
85 15 0.079102
85 16 0.079101
85 17 0.079100
85 18 0.079099
85 19 0.079099
85 20 0.079098
85 21 0.079097
85 22 0.079096
85 23 0.079096
85 24 0.079095
85 25 0.079095
85 26 0.079095
85 27 0.079095
85 28 0.079095
85 29 0.079096
85 30 0.079097
85 31 0.079097
85 32 0.079098
85 33 0.079099
85 34 0.079100
85 35 0.079101
85 36 0.079102
85 37 0.079102
85 38 0.079102
85 39 0.079102
85 40 0.079102
85 41 0.079101
85 42 0.079100
85 43 0.079099
85 44 0.079098
85 45 0.079097
85 46 0.079096
85 47 0.079095
85 48 0.079095
85 49 0.079095
85 50 0.079096
85 51 0.079097
85 52 0.079098
85 53 0.079099
85 54 0.079100
85 55 0.079100
85 56 0.079101
85 57 0.079101
85 58 0.079102
85 59 0.079102
85 60 0.079102
85 61 0.079102
85 62 0.079102
85 63 0.079102
85 64 0.079102
85 65 0.079101
85 66 0.079101
85 67 0.079100
85 68 0.079099
85 69 0.079098
85 70 0.079097
85 71 0.079096
85 72 0.079095
85 73 0.079095
85 74 0.079095
85 75 0.079096
85 76 0.079097
85 77 0.079098
85 78 0.079098
85 79 0.079099
85 80 0.079099
85 81 0.079099
85 82 0.079099
85 83 0.079098
85 84 0.079097
85 85 0.079097
85 86 0.079097
85 87 0.079096
85 88 0.079096
85 89 0.079096
85 90 0.079097
85 91 0.079097
85 92 0.079098
85 93 0.079098
85 94 0.079098
85 95 0.079099
85 96 0.079099
85 97 0.079099
85 98 0.079099
85 99 0.079099

86 0 0.079099
86 1 0.079100
86 2 0.079100
86 3 0.079101
86 4 0.079102
86 5 0.079103
86 6 0.079103
86 7 0.079104
86 8 0.079104
86 9 0.079104
86 10 0.079104
86 11 0.079103
86 12 0.079103
86 13 0.079103
86 14 0.079102
86 15 0.079101
86 16 0.079101
86 17 0.079100
86 18 0.079099
86 19 0.079098
86 20 0.079098
86 21 0.079097
86 22 0.079096
86 23 0.079096
86 24 0.079095
86 25 0.079095
86 26 0.079095
86 27 0.079095
86 28 0.079096
86 29 0.079096
86 30 0.079097
86 31 0.079097
86 32 0.079098
86 33 0.079099
86 34 0.079100
86 35 0.079101
86 36 0.079101
86 37 0.079102
86 38 0.079102
86 39 0.079102
86 40 0.079101
86 41 0.079101
86 42 0.079100
86 43 0.079099
86 44 0.079098
86 45 0.079097
86 46 0.079096
86 47 0.079096
86 48 0.079095
86 49 0.079096
86 50 0.079096
86 51 0.079097
86 52 0.079098
86 53 0.079099
86 54 0.079100
86 55 0.079101
86 56 0.079101
86 57 0.079102
86 58 0.079102
86 59 0.079102
86 60 0.079102
86 61 0.079102
86 62 0.079102
86 63 0.079102
86 64 0.079101
86 65 0.079101
86 66 0.079100
86 67 0.079099
86 68 0.079098
86 69 0.079097
86 70 0.079096
86 71 0.079095
86 72 0.079095
86 73 0.079095
86 74 0.079095
86 75 0.079096
86 76 0.079097
86 77 0.079098
86 78 0.079099
86 79 0.079099
86 80 0.079099
86 81 0.079099
86 82 0.079098
86 83 0.079098
86 84 0.079097
86 85 0.079096
86 86 0.079096
86 87 0.079095
86 88 0.079095
86 89 0.079095
86 90 0.079096
86 91 0.079096
86 92 0.079097
86 93 0.079097
86 94 0.079098
86 95 0.079098
86 96 0.079098
86 97 0.079098
86 98 0.079099
86 99 0.079099

87 0 0.079099
87 1 0.079100
87 2 0.079101
87 3 0.079102
87 4 0.079102
87 5 0.079103
87 6 0.079103
87 7 0.079104
87 8 0.079104
87 9 0.079104
87 10 0.079103
87 11 0.079103
87 12 0.079102
87 13 0.079102
87 14 0.079101
87 15 0.079101
87 16 0.079100
87 17 0.079099
87 18 0.079099
87 19 0.079098
87 20 0.079098
87 21 0.079097
87 22 0.079097
87 23 0.079096
87 24 0.079096
87 25 0.079096
87 26 0.079095
87 27 0.079095
87 28 0.079096
87 29 0.079096
87 30 0.079096
87 31 0.079097
87 32 0.079098
87 33 0.079098
87 34 0.079099
87 35 0.079100
87 36 0.079100
87 37 0.079101
87 38 0.079101
87 39 0.079101
87 40 0.079101
87 41 0.079100
87 42 0.079100
87 43 0.079099
87 44 0.079098
87 45 0.079097
87 46 0.079096
87 47 0.079096
87 48 0.079096
87 49 0.079096
87 50 0.079096
87 51 0.079097
87 52 0.079098
87 53 0.079099
87 54 0.079100
87 55 0.079101
87 56 0.079101
87 57 0.079102
87 58 0.079102
87 59 0.079102
87 60 0.079102
87 61 0.079102
87 62 0.079102
87 63 0.079101
87 64 0.079101
87 65 0.079100
87 66 0.079099
87 67 0.079098
87 68 0.079097
87 69 0.079096
87 70 0.079095
87 71 0.079094
87 72 0.079094
87 73 0.079094
87 74 0.079095
87 75 0.079096
87 76 0.079097
87 77 0.079098
87 78 0.079099
87 79 0.079099
87 80 0.079099
87 81 0.079099
87 82 0.079098
87 83 0.079097
87 84 0.079096
87 85 0.079095
87 86 0.079095
87 87 0.079094
87 88 0.079094
87 89 0.079094
87 90 0.079095
87 91 0.079095
87 92 0.079096
87 93 0.079096
87 94 0.079097
87 95 0.079097
87 96 0.079098
87 97 0.079098
87 98 0.079099
87 99 0.079098

88 0 0.079100
88 1 0.079101
88 2 0.079101
88 3 0.079102
88 4 0.079103
88 5 0.079103
88 6 0.079103
88 7 0.079103
88 8 0.079103
88 9 0.079103
88 10 0.079102
88 11 0.079101
88 12 0.079101
88 13 0.079100
88 14 0.079100
88 15 0.079099
88 16 0.079099
88 17 0.079098
88 18 0.079098
88 19 0.079098
88 20 0.079097
88 21 0.079097
88 22 0.079097
88 23 0.079096
88 24 0.079096
88 25 0.079096
88 26 0.079096
88 27 0.079096
88 28 0.079096
88 29 0.079096
88 30 0.079096
88 31 0.079097
88 32 0.079097
88 33 0.079098
88 34 0.079098
88 35 0.079099
88 36 0.079100
88 37 0.079100
88 38 0.079101
88 39 0.079101
88 40 0.079101
88 41 0.079100
88 42 0.079099
88 43 0.079099
88 44 0.079098
88 45 0.079097
88 46 0.079096
88 47 0.079096
88 48 0.079096
88 49 0.079096
88 50 0.079096
88 51 0.079097
88 52 0.079098
88 53 0.079099
88 54 0.079100
88 55 0.079101
88 56 0.079102
88 57 0.079102
88 58 0.079102
88 59 0.079103
88 60 0.079102
88 61 0.079102
88 62 0.079102
88 63 0.079101
88 64 0.079100
88 65 0.079099
88 66 0.079098
88 67 0.079097
88 68 0.079096
88 69 0.079095
88 70 0.079094
88 71 0.079094
88 72 0.079094
88 73 0.079094
88 74 0.079095
88 75 0.079096
88 76 0.079098
88 77 0.079099
88 78 0.079100
88 79 0.079100
88 80 0.079100
88 81 0.079099
88 82 0.079098
88 83 0.079097
88 84 0.079096
88 85 0.079095
88 86 0.079094
88 87 0.079093
88 88 0.079093
88 89 0.079093
88 90 0.079093
88 91 0.079094
88 92 0.079095
88 93 0.079095
88 94 0.079096
88 95 0.079097
88 96 0.079097
88 97 0.079098
88 98 0.079099
88 99 0.079098

89 0 0.079100
89 1 0.079101
89 2 0.079102
89 3 0.079102
89 4 0.079103
89 5 0.079103
89 6 0.079103
89 7 0.079103
89 8 0.079102
89 9 0.079101
89 10 0.079100
89 11 0.079100
89 12 0.079099
89 13 0.079098
89 14 0.079098
89 15 0.079098
89 16 0.079097
89 17 0.079097
89 18 0.079097
89 19 0.079097
89 20 0.079097
89 21 0.079097
89 22 0.079097
89 23 0.079097
89 24 0.079096
89 25 0.079096
89 26 0.079096
89 27 0.079096
89 28 0.079096
89 29 0.079096
89 30 0.079096
89 31 0.079096
89 32 0.079097
89 33 0.079097
89 34 0.079098
89 35 0.079099
89 36 0.079099
89 37 0.079100
89 38 0.079100
89 39 0.079100
89 40 0.079100
89 41 0.079100
89 42 0.079099
89 43 0.079099
89 44 0.079098
89 45 0.079097
89 46 0.079096
89 47 0.079096
89 48 0.079096
89 49 0.079096
89 50 0.079096
89 51 0.079097
89 52 0.079098
89 53 0.079099
89 54 0.079100
89 55 0.079101
89 56 0.079101
89 57 0.079102
89 58 0.079102
89 59 0.079103
89 60 0.079103
89 61 0.079102
89 62 0.079102
89 63 0.079101
89 64 0.079100
89 65 0.079099
89 66 0.079097
89 67 0.079096
89 68 0.079095
89 69 0.079094
89 70 0.079093
89 71 0.079093
89 72 0.079093
89 73 0.079094
89 74 0.079096
89 75 0.079097
89 76 0.079098
89 77 0.079100
89 78 0.079100
89 79 0.079101
89 80 0.079100
89 81 0.079100
89 82 0.079098
89 83 0.079097
89 84 0.079095
89 85 0.079094
89 86 0.079093
89 87 0.079092
89 88 0.079092
89 89 0.079092
89 90 0.079092
89 91 0.079093
89 92 0.079094
89 93 0.079095
89 94 0.079096
89 95 0.079096
89 96 0.079097
89 97 0.079098
89 98 0.079098
89 99 0.079098

90 0 0.079101
90 1 0.079102
90 2 0.079102
90 3 0.079103
90 4 0.079103
90 5 0.079103
90 6 0.079102
90 7 0.079102
90 8 0.079101
90 9 0.079100
90 10 0.079099
90 11 0.079098
90 12 0.079097
90 13 0.079097
90 14 0.079096
90 15 0.079096
90 16 0.079096
90 17 0.079096
90 18 0.079096
90 19 0.079096
90 20 0.079097
90 21 0.079097
90 22 0.079097
90 23 0.079097
90 24 0.079096
90 25 0.079096
90 26 0.079096
90 27 0.079096
90 28 0.079096
90 29 0.079095
90 30 0.079096
90 31 0.079096
90 32 0.079096
90 33 0.079097
90 34 0.079097
90 35 0.079098
90 36 0.079099
90 37 0.079100
90 38 0.079100
90 39 0.079100
90 40 0.079100
90 41 0.079100
90 42 0.079100
90 43 0.079099
90 44 0.079098
90 45 0.079098
90 46 0.079097
90 47 0.079096
90 48 0.079096
90 49 0.079096
90 50 0.079096
90 51 0.079097
90 52 0.079098
90 53 0.079099
90 54 0.079100
90 55 0.079101
90 56 0.079102
90 57 0.079102
90 58 0.079103
90 59 0.079103
90 60 0.079103
90 61 0.079102
90 62 0.079102
90 63 0.079101
90 64 0.079100
90 65 0.079098
90 66 0.079097
90 67 0.079096
90 68 0.079094
90 69 0.079094
90 70 0.079093
90 71 0.079093
90 72 0.079094
90 73 0.079095
90 74 0.079096
90 75 0.079098
90 76 0.079099
90 77 0.079101
90 78 0.079101
90 79 0.079102
90 80 0.079101
90 81 0.079100
90 82 0.079099
90 83 0.079097
90 84 0.079095
90 85 0.079094
90 86 0.079092
90 87 0.079091
90 88 0.079091
90 89 0.079090
90 90 0.079091
90 91 0.079092
90 92 0.079093
90 93 0.079094
90 94 0.079095
90 95 0.079096
90 96 0.079097
90 97 0.079098
90 98 0.079099
90 99 0.079098

91 0 0.079101
91 1 0.079103
91 2 0.079103
91 3 0.079103
91 4 0.079103
91 5 0.079102
91 6 0.079102
91 7 0.079101
91 8 0.079100
91 9 0.079098
91 10 0.079097
91 11 0.079096
91 12 0.079095
91 13 0.079095
91 14 0.079094
91 15 0.079094
91 16 0.079094
91 17 0.079095
91 18 0.079095
91 19 0.079096
91 20 0.079096
91 21 0.079096
91 22 0.079096
91 23 0.079096
91 24 0.079096
91 25 0.079096
91 26 0.079096
91 27 0.079096
91 28 0.079095
91 29 0.079095
91 30 0.079095
91 31 0.079096
91 32 0.079096
91 33 0.079096
91 34 0.079097
91 35 0.079098
91 36 0.079099
91 37 0.079100
91 38 0.079100
91 39 0.079101
91 40 0.079101
91 41 0.079101
91 42 0.079100
91 43 0.079099
91 44 0.079099
91 45 0.079098
91 46 0.079097
91 47 0.079096
91 48 0.079096
91 49 0.079096
91 50 0.079096
91 51 0.079097
91 52 0.079098
91 53 0.079099
91 54 0.079100
91 55 0.079101
91 56 0.079102
91 57 0.079103
91 58 0.079103
91 59 0.079103
91 60 0.079103
91 61 0.079103
91 62 0.079102
91 63 0.079101
91 64 0.079099
91 65 0.079098
91 66 0.079097
91 67 0.079095
91 68 0.079094
91 69 0.079093
91 70 0.079093
91 71 0.079093
91 72 0.079094
91 73 0.079095
91 74 0.079097
91 75 0.079099
91 76 0.079100
91 77 0.079101
91 78 0.079102
91 79 0.079102
91 80 0.079102
91 81 0.079101
91 82 0.079099
91 83 0.079097
91 84 0.079095
91 85 0.079093
91 86 0.079092
91 87 0.079090
91 88 0.079090
91 89 0.079090
91 90 0.079090
91 91 0.079091
91 92 0.079092
91 93 0.079094
91 94 0.079095
91 95 0.079096
91 96 0.079097
91 97 0.079098
91 98 0.079099
91 99 0.079098

92 0 0.079102
92 1 0.079103
92 2 0.079103
92 3 0.079103
92 4 0.079103
92 5 0.079102
92 6 0.079101
92 7 0.079100
92 8 0.079098
92 9 0.079097
92 10 0.079096
92 11 0.079095
92 12 0.079094
92 13 0.079093
92 14 0.079093
92 15 0.079093
92 16 0.079093
92 17 0.079094
92 18 0.079094
92 19 0.079095
92 20 0.079095
92 21 0.079096
92 22 0.079096
92 23 0.079096
92 24 0.079096
92 25 0.079096
92 26 0.079096
92 27 0.079095
92 28 0.079095
92 29 0.079095
92 30 0.079095
92 31 0.079095
92 32 0.079096
92 33 0.079097
92 34 0.079097
92 35 0.079098
92 36 0.079099
92 37 0.079100
92 38 0.079101
92 39 0.079101
92 40 0.079101
92 41 0.079101
92 42 0.079101
92 43 0.079100
92 44 0.079099
92 45 0.079098
92 46 0.079098
92 47 0.079097
92 48 0.079096
92 49 0.079096
92 50 0.079097
92 51 0.079097
92 52 0.079098
92 53 0.079099
92 54 0.079100
92 55 0.079102
92 56 0.079103
92 57 0.079103
92 58 0.079104
92 59 0.079104
92 60 0.079104
92 61 0.079103
92 62 0.079102
92 63 0.079101
92 64 0.079100
92 65 0.079098
92 66 0.079096
92 67 0.079095
92 68 0.079094
92 69 0.079094
92 70 0.079093
92 71 0.079094
92 72 0.079095
92 73 0.079096
92 74 0.079098
92 75 0.079100
92 76 0.079101
92 77 0.079102
92 78 0.079103
92 79 0.079103
92 80 0.079102
92 81 0.079101
92 82 0.079099
92 83 0.079097
92 84 0.079095
92 85 0.079093
92 86 0.079092
92 87 0.079090
92 88 0.079090
92 89 0.079089
92 90 0.079090
92 91 0.079091
92 92 0.079092
92 93 0.079094
92 94 0.079095
92 95 0.079096
92 96 0.079097
92 97 0.079098
92 98 0.079099
92 99 0.079099

93 0 0.079103
93 1 0.079104
93 2 0.079103
93 3 0.079103
93 4 0.079102
93 5 0.079102
93 6 0.079101
93 7 0.079099
93 8 0.079098
93 9 0.079096
93 10 0.079095
93 11 0.079094
93 12 0.079093
93 13 0.079092
93 14 0.079092
93 15 0.079092
93 16 0.079093
93 17 0.079093
93 18 0.079094
93 19 0.079094
93 20 0.079095
93 21 0.079095
93 22 0.079095
93 23 0.079095
93 24 0.079095
93 25 0.079095
93 26 0.079095
93 27 0.079095
93 28 0.079095
93 29 0.079095
93 30 0.079095
93 31 0.079096
93 32 0.079096
93 33 0.079097
93 34 0.079098
93 35 0.079099
93 36 0.079100
93 37 0.079101
93 38 0.079101
93 39 0.079102
93 40 0.079102
93 41 0.079102
93 42 0.079101
93 43 0.079101
93 44 0.079100
93 45 0.079099
93 46 0.079098
93 47 0.079097
93 48 0.079097
93 49 0.079097
93 50 0.079097
93 51 0.079097
93 52 0.079098
93 53 0.079100
93 54 0.079101
93 55 0.079102
93 56 0.079103
93 57 0.079104
93 58 0.079104
93 59 0.079105
93 60 0.079104
93 61 0.079103
93 62 0.079102
93 63 0.079101
93 64 0.079099
93 65 0.079098
93 66 0.079096
93 67 0.079095
93 68 0.079094
93 69 0.079094
93 70 0.079094
93 71 0.079094
93 72 0.079095
93 73 0.079097
93 74 0.079098
93 75 0.079100
93 76 0.079101
93 77 0.079102
93 78 0.079103
93 79 0.079103
93 80 0.079102
93 81 0.079101
93 82 0.079099
93 83 0.079098
93 84 0.079096
93 85 0.079093
93 86 0.079092
93 87 0.079090
93 88 0.079089
93 89 0.079089
93 90 0.079090
93 91 0.079091
93 92 0.079092
93 93 0.079094
93 94 0.079095
93 95 0.079096
93 96 0.079098
93 97 0.079099
93 98 0.079100
93 99 0.079100

94 0 0.079103
94 1 0.079104
94 2 0.079103
94 3 0.079103
94 4 0.079102
94 5 0.079102
94 6 0.079100
94 7 0.079099
94 8 0.079097
94 9 0.079096
94 10 0.079095
94 11 0.079094
94 12 0.079093
94 13 0.079092
94 14 0.079092
94 15 0.079092
94 16 0.079092
94 17 0.079093
94 18 0.079093
94 19 0.079094
94 20 0.079094
94 21 0.079095
94 22 0.079095
94 23 0.079095
94 24 0.079095
94 25 0.079095
94 26 0.079095
94 27 0.079095
94 28 0.079095
94 29 0.079095
94 30 0.079095
94 31 0.079096
94 32 0.079097
94 33 0.079097
94 34 0.079098
94 35 0.079099
94 36 0.079100
94 37 0.079101
94 38 0.079102
94 39 0.079103
94 40 0.079103
94 41 0.079103
94 42 0.079102
94 43 0.079101
94 44 0.079100
94 45 0.079099
94 46 0.079098
94 47 0.079098
94 48 0.079097
94 49 0.079097
94 50 0.079097
94 51 0.079098
94 52 0.079099
94 53 0.079100
94 54 0.079101
94 55 0.079103
94 56 0.079104
94 57 0.079105
94 58 0.079105
94 59 0.079105
94 60 0.079104
94 61 0.079103
94 62 0.079102
94 63 0.079101
94 64 0.079099
94 65 0.079098
94 66 0.079097
94 67 0.079095
94 68 0.079095
94 69 0.079094
94 70 0.079095
94 71 0.079095
94 72 0.079096
94 73 0.079097
94 74 0.079099
94 75 0.079100
94 76 0.079101
94 77 0.079102
94 78 0.079102
94 79 0.079102
94 80 0.079102
94 81 0.079101
94 82 0.079099
94 83 0.079098
94 84 0.079096
94 85 0.079094
94 86 0.079092
94 87 0.079091
94 88 0.079090
94 89 0.079090
94 90 0.079090
94 91 0.079091
94 92 0.079093
94 93 0.079094
94 94 0.079096
94 95 0.079097
94 96 0.079100
94 97 0.079100
94 98 0.079101
94 99 0.079101

95 0 0.079106
95 1 0.079106
95 2 0.079106
95 3 0.079106
95 4 0.079105
95 5 0.079104
95 6 0.079103
95 7 0.079102
95 8 0.079100
95 9 0.079099
95 10 0.079098
95 11 0.079097
95 12 0.079096
95 13 0.079095
95 14 0.079095
95 15 0.079095
95 16 0.079095
95 17 0.079095
95 18 0.079095
95 19 0.079095
95 20 0.079095
95 21 0.079095
95 22 0.079095
95 23 0.079095
95 24 0.079095
95 25 0.079095
95 26 0.079096
95 27 0.079096
95 28 0.079096
95 29 0.079097
95 30 0.079098
95 31 0.079098
95 32 0.079099
95 33 0.079100
95 34 0.079101
95 35 0.079102
95 36 0.079103
95 37 0.079104
95 38 0.079104
95 39 0.079104
95 40 0.079104
95 41 0.079104
95 42 0.079103
95 43 0.079103
95 44 0.079102
95 45 0.079101
95 46 0.079101
95 47 0.079100
95 48 0.079100
95 49 0.079100
95 50 0.079101
95 51 0.079101
95 52 0.079102
95 53 0.079103
95 54 0.079104
95 55 0.079105
95 56 0.079105
95 57 0.079105
95 58 0.079105
95 59 0.079105
95 60 0.079105
95 61 0.079104
95 62 0.079103
95 63 0.079102
95 64 0.079101
95 65 0.079100
95 66 0.079099
95 67 0.079098
95 68 0.079098
95 69 0.079097
95 70 0.079098
95 71 0.079098
95 72 0.079098
95 73 0.079099
95 74 0.079099
95 75 0.079100
95 76 0.079101
95 77 0.079101
95 78 0.079101
95 79 0.079101
95 80 0.079101
95 81 0.079100
95 82 0.079099
95 83 0.079098
95 84 0.079097
95 85 0.079096
95 86 0.079095
95 87 0.079094
95 88 0.079094
95 89 0.079094
95 90 0.079094
95 91 0.079095
95 92 0.079096
95 93 0.079097
95 94 0.079098
95 95 0.079099
95 96 0.079100
95 97 0.079100
95 98 0.079101
95 99 0.079101

96 0 0.079106
96 1 0.079107
96 2 0.079106
96 3 0.079106
96 4 0.079105
96 5 0.079104
96 6 0.079103
96 7 0.079102
96 8 0.079100
96 9 0.079099
96 10 0.079098
96 11 0.079097
96 12 0.079096
96 13 0.079095
96 14 0.079095
96 15 0.079095
96 16 0.079094
96 17 0.079094
96 18 0.079094
96 19 0.079095
96 20 0.079095
96 21 0.079095
96 22 0.079095
96 23 0.079095
96 24 0.079095
96 25 0.079096
96 26 0.079096
96 27 0.079096
96 28 0.079097
96 29 0.079097
96 30 0.079098
96 31 0.079099
96 32 0.079100
96 33 0.079101
96 34 0.079102
96 35 0.079103
96 36 0.079103
96 37 0.079104
96 38 0.079105
96 39 0.079105
96 40 0.079105
96 41 0.079105
96 42 0.079104
96 43 0.079103
96 44 0.079103
96 45 0.079102
96 46 0.079101
96 47 0.079101
96 48 0.079100
96 49 0.079101
96 50 0.079101
96 51 0.079102
96 52 0.079102
96 53 0.079103
96 54 0.079104
96 55 0.079105
96 56 0.079106
96 57 0.079106
96 58 0.079106
96 59 0.079106
96 60 0.079105
96 61 0.079104
96 62 0.079103
96 63 0.079102
96 64 0.079101
96 65 0.079100
96 66 0.079099
96 67 0.079098
96 68 0.079098
96 69 0.079097
96 70 0.079097
96 71 0.079098
96 72 0.079098
96 73 0.079099
96 74 0.079099
96 75 0.079100
96 76 0.079101
96 77 0.079101
96 78 0.079101
96 79 0.079101
96 80 0.079101
96 81 0.079100
96 82 0.079099
96 83 0.079098
96 84 0.079097
96 85 0.079096
96 86 0.079095
96 87 0.079094
96 88 0.079094
96 89 0.079094
96 90 0.079094
96 91 0.079095
96 92 0.079096
96 93 0.079097
96 94 0.079098
96 95 0.079100
96 96 0.079101
96 97 0.079101
96 98 0.079102
96 99 0.079102

97 0 0.079106
97 1 0.079107
97 2 0.079106
97 3 0.079106
97 4 0.079105
97 5 0.079104
97 6 0.079103
97 7 0.079102
97 8 0.079100
97 9 0.079099
97 10 0.079098
97 11 0.079097
97 12 0.079096
97 13 0.079095
97 14 0.079095
97 15 0.079095
97 16 0.079094
97 17 0.079094
97 18 0.079094
97 19 0.079095
97 20 0.079095
97 21 0.079095
97 22 0.079095
97 23 0.079095
97 24 0.079095
97 25 0.079096
97 26 0.079096
97 27 0.079096
97 28 0.079097
97 29 0.079097
97 30 0.079098
97 31 0.079099
97 32 0.079100
97 33 0.079101
97 34 0.079102
97 35 0.079103
97 36 0.079104
97 37 0.079104
97 38 0.079105
97 39 0.079105
97 40 0.079105
97 41 0.079104
97 42 0.079104
97 43 0.079103
97 44 0.079102
97 45 0.079102
97 46 0.079101
97 47 0.079101
97 48 0.079100
97 49 0.079100
97 50 0.079101
97 51 0.079101
97 52 0.079102
97 53 0.079103
97 54 0.079104
97 55 0.079105
97 56 0.079105
97 57 0.079105
97 58 0.079105
97 59 0.079105
97 60 0.079104
97 61 0.079104
97 62 0.079103
97 63 0.079101
97 64 0.079100
97 65 0.079100
97 66 0.079099
97 67 0.079098
97 68 0.079098
97 69 0.079098
97 70 0.079098
97 71 0.079098
97 72 0.079098
97 73 0.079099
97 74 0.079099
97 75 0.079100
97 76 0.079100
97 77 0.079101
97 78 0.079101
97 79 0.079101
97 80 0.079101
97 81 0.079100
97 82 0.079099
97 83 0.079098
97 84 0.079097
97 85 0.079096
97 86 0.079095
97 87 0.079094
97 88 0.079094
97 89 0.079094
97 90 0.079095
97 91 0.079096
97 92 0.079097
97 93 0.079098
97 94 0.079099
97 95 0.079100
97 96 0.079101
97 97 0.079101
97 98 0.079102
97 99 0.079102

98 0 0.079108
98 1 0.079108
98 2 0.079107
98 3 0.079107
98 4 0.079106
98 5 0.079105
98 6 0.079103
98 7 0.079102
98 8 0.079101
98 9 0.079100
98 10 0.079098
98 11 0.079097
98 12 0.079096
98 13 0.079096
98 14 0.079095
98 15 0.079095
98 16 0.079095
98 17 0.079095
98 18 0.079095
98 19 0.079095
98 20 0.079095
98 21 0.079095
98 22 0.079095
98 23 0.079095
98 24 0.079095
98 25 0.079096
98 26 0.079096
98 27 0.079096
98 28 0.079097
98 29 0.079098
98 30 0.079098
98 31 0.079099
98 32 0.079100
98 33 0.079101
98 34 0.079102
98 35 0.079103
98 36 0.079104
98 37 0.079105
98 38 0.079105
98 39 0.079105
98 40 0.079105
98 41 0.079105
98 42 0.079104
98 43 0.079104
98 44 0.079103
98 45 0.079102
98 46 0.079101
98 47 0.079101
98 48 0.079101
98 49 0.079101
98 50 0.079101
98 51 0.079102
98 52 0.079103
98 53 0.079104
98 54 0.079104
98 55 0.079105
98 56 0.079106
98 57 0.079106
98 58 0.079106
98 59 0.079105
98 60 0.079105
98 61 0.079104
98 62 0.079103
98 63 0.079102
98 64 0.079101
98 65 0.079100
98 66 0.079099
98 67 0.079098
98 68 0.079098
98 69 0.079098
98 70 0.079098
98 71 0.079098
98 72 0.079098
98 73 0.079099
98 74 0.079100
98 75 0.079100
98 76 0.079101
98 77 0.079101
98 78 0.079102
98 79 0.079102
98 80 0.079101
98 81 0.079101
98 82 0.079100
98 83 0.079099
98 84 0.079097
98 85 0.079096
98 86 0.079095
98 87 0.079095
98 88 0.079095
98 89 0.079095
98 90 0.079096
98 91 0.079096
98 92 0.079097
98 93 0.079098
98 94 0.079099
98 95 0.079100
98 96 0.079101
98 97 0.079102
98 98 0.079103
98 99 0.079103

99 0 0.079108
99 1 0.079108
99 2 0.079107
99 3 0.079107
99 4 0.079106
99 5 0.079105
99 6 0.079103
99 7 0.079102
99 8 0.079100
99 9 0.079099
99 10 0.079098
99 11 0.079097
99 12 0.079096
99 13 0.079095
99 14 0.079095
99 15 0.079095
99 16 0.079094
99 17 0.079094
99 18 0.079095
99 19 0.079095
99 20 0.079095
99 21 0.079095
99 22 0.079095
99 23 0.079095
99 24 0.079095
99 25 0.079096
99 26 0.079096
99 27 0.079096
99 28 0.079097
99 29 0.079097
99 30 0.079098
99 31 0.079099
99 32 0.079100
99 33 0.079101
99 34 0.079102
99 35 0.079103
99 36 0.079104
99 37 0.079105
99 38 0.079105
99 39 0.079106
99 40 0.079105
99 41 0.079105
99 42 0.079104
99 43 0.079104
99 44 0.079103
99 45 0.079102
99 46 0.079101
99 47 0.079101
99 48 0.079100
99 49 0.079100
99 50 0.079101
99 51 0.079101
99 52 0.079102
99 53 0.079103
99 54 0.079104
99 55 0.079105
99 56 0.079106
99 57 0.079106
99 58 0.079106
99 59 0.079106
99 60 0.079105
99 61 0.079104
99 62 0.079103
99 63 0.079102
99 64 0.079100
99 65 0.079099
99 66 0.079098
99 67 0.079098
99 68 0.079097
99 69 0.079097
99 70 0.079097
99 71 0.079098
99 72 0.079098
99 73 0.079098
99 74 0.079099
99 75 0.079100
99 76 0.079100
99 77 0.079101
99 78 0.079101
99 79 0.079101
99 80 0.079101
99 81 0.079100
99 82 0.079100
99 83 0.079099
99 84 0.079097
99 85 0.079096
99 86 0.079095
99 87 0.079094
99 88 0.079094
99 89 0.079094
99 90 0.079095
99 91 0.079096
99 92 0.079097
99 93 0.079098
99 94 0.079099
99 95 0.079100
99 96 0.079101
99 97 0.079102
99 98 0.079103
99 99 0.079103

