0 0 0.079092
0 1 0.079092
0 2 0.079091
0 3 0.079091
0 4 0.079091
0 5 0.079090
0 6 0.079090
0 7 0.079089
0 8 0.079089
0 9 0.079088
0 10 0.079088
0 11 0.079087
0 12 0.079087
0 13 0.079087
0 14 0.079087
0 15 0.079087
0 16 0.079087
0 17 0.079087
0 18 0.079088
0 19 0.079088
0 20 0.079089
0 21 0.079089
0 22 0.079090
0 23 0.079090
0 24 0.079091
0 25 0.079091
0 26 0.079091
0 27 0.079092
0 28 0.079092
0 29 0.079092
0 30 0.079092
0 31 0.079092
0 32 0.079091
0 33 0.079091
0 34 0.079091
0 35 0.079091
0 36 0.079091
0 37 0.079091
0 38 0.079091
0 39 0.079091
0 40 0.079091
0 41 0.079092
0 42 0.079092
0 43 0.079093
0 44 0.079094
0 45 0.079094
0 46 0.079095
0 47 0.079095
0 48 0.079096
0 49 0.079096
0 50 0.079096
0 51 0.079096
0 52 0.079096
0 53 0.079097
0 54 0.079097
0 55 0.079097
0 56 0.079097
0 57 0.079097
0 58 0.079097
0 59 0.079096
0 60 0.079096
0 61 0.079096
0 62 0.079096
0 63 0.079095
0 64 0.079095
0 65 0.079095
0 66 0.079094
0 67 0.079094
0 68 0.079094
0 69 0.079094
0 70 0.079094
0 71 0.079094
0 72 0.079094
0 73 0.079095
0 74 0.079095
0 75 0.079095
0 76 0.079095
0 77 0.079096
0 78 0.079096
0 79 0.079096
0 80 0.079096
0 81 0.079096
0 82 0.079096
0 83 0.079095
0 84 0.079095
0 85 0.079094
0 86 0.079093
0 87 0.079093
0 88 0.079092
0 89 0.079091
0 90 0.079090
0 91 0.079090
0 92 0.079090
0 93 0.079089
0 94 0.079089
0 95 0.079089
0 96 0.079089
0 97 0.079089
0 98 0.079090
0 99 0.079090

1 0 0.079092
1 1 0.079093
1 2 0.079092
1 3 0.079092
1 4 0.079092
1 5 0.079092
1 6 0.079091
1 7 0.079090
1 8 0.079090
1 9 0.079089
1 10 0.079089
1 11 0.079089
1 12 0.079088
1 13 0.079088
1 14 0.079088
1 15 0.079088
1 16 0.079088
1 17 0.079089
1 18 0.079089
1 19 0.079089
1 20 0.079090
1 21 0.079090
1 22 0.079091
1 23 0.079091
1 24 0.079092
1 25 0.079092
1 26 0.079092
1 27 0.079093
1 28 0.079093
1 29 0.079093
1 30 0.079093
1 31 0.079092
1 32 0.079092
1 33 0.079092
1 34 0.079092
1 35 0.079092
1 36 0.079091
1 37 0.079091
1 38 0.079091
1 39 0.079092
1 40 0.079092
1 41 0.079092
1 42 0.079093
1 43 0.079093
1 44 0.079094
1 45 0.079094
1 46 0.079094
1 47 0.079095
1 48 0.079095
1 49 0.079095
1 50 0.079096
1 51 0.079096
1 52 0.079096
1 53 0.079096
1 54 0.079096
1 55 0.079097
1 56 0.079097
1 57 0.079097
1 58 0.079097
1 59 0.079096
1 60 0.079096
1 61 0.079096
1 62 0.079096
1 63 0.079095
1 64 0.079095
1 65 0.079095
1 66 0.079095
1 67 0.079095
1 68 0.079095
1 69 0.079095
1 70 0.079095
1 71 0.079095
1 72 0.079095
1 73 0.079096
1 74 0.079096
1 75 0.079096
1 76 0.079096
1 77 0.079097
1 78 0.079097
1 79 0.079097
1 80 0.079097
1 81 0.079097
1 82 0.079097
1 83 0.079097
1 84 0.079096
1 85 0.079096
1 86 0.079095
1 87 0.079094
1 88 0.079093
1 89 0.079092
1 90 0.079092
1 91 0.079091
1 92 0.079091
1 93 0.079091
1 94 0.079091
1 95 0.079091
1 96 0.079091
1 97 0.079090
1 98 0.079091
1 99 0.079090

2 0 0.079091
2 1 0.079092
2 2 0.079092
2 3 0.079092
2 4 0.079092
2 5 0.079091
2 6 0.079091
2 7 0.079090
2 8 0.079089
2 9 0.079089
2 10 0.079089
2 11 0.079088
2 12 0.079088
2 13 0.079088
2 14 0.079088
2 15 0.079089
2 16 0.079089
2 17 0.079089
2 18 0.079089
2 19 0.079090
2 20 0.079090
2 21 0.079091
2 22 0.079091
2 23 0.079092
2 24 0.079092
2 25 0.079093
2 26 0.079093
2 27 0.079093
2 28 0.079093
2 29 0.079093
2 30 0.079093
2 31 0.079093
2 32 0.079093
2 33 0.079093
2 34 0.079092
2 35 0.079092
2 36 0.079092
2 37 0.079092
2 38 0.079092
2 39 0.079092
2 40 0.079092
2 41 0.079092
2 42 0.079093
2 43 0.079093
2 44 0.079093
2 45 0.079093
2 46 0.079094
2 47 0.079094
2 48 0.079094
2 49 0.079094
2 50 0.079095
2 51 0.079095
2 52 0.079095
2 53 0.079095
2 54 0.079096
2 55 0.079096
2 56 0.079096
2 57 0.079096
2 58 0.079096
2 59 0.079096
2 60 0.079096
2 61 0.079095
2 62 0.079095
2 63 0.079095
2 64 0.079094
2 65 0.079094
2 66 0.079094
2 67 0.079094
2 68 0.079094
2 69 0.079095
2 70 0.079095
2 71 0.079095
2 72 0.079096
2 73 0.079096
2 74 0.079096
2 75 0.079096
2 76 0.079096
2 77 0.079097
2 78 0.079097
2 79 0.079097
2 80 0.079097
2 81 0.079097
2 82 0.079097
2 83 0.079097
2 84 0.079096
2 85 0.079096
2 86 0.079095
2 87 0.079094
2 88 0.079093
2 89 0.079093
2 90 0.079092
2 91 0.079092
2 92 0.079092
2 93 0.079091
2 94 0.079091
2 95 0.079091
2 96 0.079091
2 97 0.079091
2 98 0.079091
2 99 0.079090

3 0 0.079092
3 1 0.079093
3 2 0.079093
3 3 0.079093
3 4 0.079092
3 5 0.079092
3 6 0.079091
3 7 0.079091
3 8 0.079090
3 9 0.079090
3 10 0.079089
3 11 0.079089
3 12 0.079089
3 13 0.079089
3 14 0.079089
3 15 0.079089
3 16 0.079089
3 17 0.079089
3 18 0.079089
3 19 0.079090
3 20 0.079090
3 21 0.079091
3 22 0.079091
3 23 0.079092
3 24 0.079092
3 25 0.079092
3 26 0.079093
3 27 0.079093
3 28 0.079093
3 29 0.079093
3 30 0.079093
3 31 0.079093
3 32 0.079092
3 33 0.079092
3 34 0.079092
3 35 0.079092
3 36 0.079092
3 37 0.079091
3 38 0.079091
3 39 0.079091
3 40 0.079092
3 41 0.079092
3 42 0.079092
3 43 0.079092
3 44 0.079093
3 45 0.079093
3 46 0.079094
3 47 0.079094
3 48 0.079094
3 49 0.079094
3 50 0.079095
3 51 0.079095
3 52 0.079095
3 53 0.079095
3 54 0.079095
3 55 0.079096
3 56 0.079096
3 57 0.079096
3 58 0.079096
3 59 0.079095
3 60 0.079095
3 61 0.079095
3 62 0.079095
3 63 0.079095
3 64 0.079094
3 65 0.079094
3 66 0.079094
3 67 0.079094
3 68 0.079094
3 69 0.079094
3 70 0.079095
3 71 0.079095
3 72 0.079095
3 73 0.079095
3 74 0.079096
3 75 0.079096
3 76 0.079096
3 77 0.079097
3 78 0.079097
3 79 0.079097
3 80 0.079097
3 81 0.079097
3 82 0.079097
3 83 0.079097
3 84 0.079096
3 85 0.079096
3 86 0.079095
3 87 0.079094
3 88 0.079094
3 89 0.079093
3 90 0.079093
3 91 0.079092
3 92 0.079092
3 93 0.079092
3 94 0.079092
3 95 0.079092
3 96 0.079092
3 97 0.079092
3 98 0.079092
3 99 0.079091

4 0 0.079092
4 1 0.079093
4 2 0.079093
4 3 0.079093
4 4 0.079092
4 5 0.079092
4 6 0.079092
4 7 0.079091
4 8 0.079090
4 9 0.079090
4 10 0.079090
4 11 0.079089
4 12 0.079089
4 13 0.079089
4 14 0.079089
4 15 0.079089
4 16 0.079089
4 17 0.079090
4 18 0.079090
4 19 0.079091
4 20 0.079091
4 21 0.079092
4 22 0.079092
4 23 0.079093
4 24 0.079093
4 25 0.079093
4 26 0.079094
4 27 0.079094
4 28 0.079094
4 29 0.079094
4 30 0.079094
4 31 0.079093
4 32 0.079093
4 33 0.079093
4 34 0.079092
4 35 0.079092
4 36 0.079092
4 37 0.079092
4 38 0.079091
4 39 0.079091
4 40 0.079091
4 41 0.079092
4 42 0.079092
4 43 0.079092
4 44 0.079092
4 45 0.079093
4 46 0.079093
4 47 0.079093
4 48 0.079093
4 49 0.079094
4 50 0.079094
4 51 0.079094
4 52 0.079094
4 53 0.079095
4 54 0.079095
4 55 0.079095
4 56 0.079095
4 57 0.079095
4 58 0.079095
4 59 0.079095
4 60 0.079095
4 61 0.079095
4 62 0.079094
4 63 0.079094
4 64 0.079094
4 65 0.079094
4 66 0.079094
4 67 0.079094
4 68 0.079094
4 69 0.079095
4 70 0.079095
4 71 0.079095
4 72 0.079095
4 73 0.079096
4 74 0.079096
4 75 0.079096
4 76 0.079097
4 77 0.079097
4 78 0.079097
4 79 0.079097
4 80 0.079098
4 81 0.079098
4 82 0.079097
4 83 0.079097
4 84 0.079097
4 85 0.079096
4 86 0.079095
4 87 0.079095
4 88 0.079094
4 89 0.079093
4 90 0.079093
4 91 0.079093
4 92 0.079093
4 93 0.079092
4 94 0.079092
4 95 0.079092
4 96 0.079092
4 97 0.079092
4 98 0.079092
4 99 0.079091

5 0 0.079092
5 1 0.079094
5 2 0.079093
5 3 0.079093
5 4 0.079093
5 5 0.079092
5 6 0.079101
5 7 0.079101
5 8 0.079101
5 9 0.079101
5 10 0.079100
5 11 0.079100
5 12 0.079100
5 13 0.079100
5 14 0.079100
5 15 0.079100
5 16 0.079100
5 17 0.079100
5 18 0.079100
5 19 0.079100
5 20 0.079100
5 21 0.079100
5 22 0.079100
5 23 0.079100
5 24 0.079100
5 25 0.079099
5 26 0.079099
5 27 0.079099
5 28 0.079099
5 29 0.079098
5 30 0.079098
5 31 0.079097
5 32 0.079097
5 33 0.079096
5 34 0.079096
5 35 0.079096
5 36 0.079095
5 37 0.079095
5 38 0.079094
5 39 0.079094
5 40 0.079093
5 41 0.079093
5 42 0.079092
5 43 0.079092
5 44 0.079091
5 45 0.079091
5 46 0.079091
5 47 0.079091
5 48 0.079091
5 49 0.079091
5 50 0.079091
5 51 0.079092
5 52 0.079092
5 53 0.079092
5 54 0.079093
5 55 0.079093
5 56 0.079094
5 57 0.079094
5 58 0.079094
5 59 0.079094
5 60 0.079095
5 61 0.079095
5 62 0.079095
5 63 0.079096
5 64 0.079096
5 65 0.079097
5 66 0.079098
5 67 0.079098
5 68 0.079099
5 69 0.079100
5 70 0.079101
5 71 0.079101
5 72 0.079102
5 73 0.079102
5 74 0.079103
5 75 0.079103
5 76 0.079104
5 77 0.079104
5 78 0.079104
5 79 0.079104
5 80 0.079104
5 81 0.079104
5 82 0.079104
5 83 0.079104
5 84 0.079104
5 85 0.079104
5 86 0.079104
5 87 0.079104
5 88 0.079105
5 89 0.079105
5 90 0.079105
5 91 0.079105
5 92 0.079105
5 93 0.079105
5 94 0.079105
5 95 0.079104
5 96 0.079104
5 97 0.079103
5 98 0.079104
5 99 0.079103

6 0 0.079101
6 1 0.079102
6 2 0.079101
6 3 0.079102
6 4 0.079101
6 5 0.079101
6 6 0.079101
6 7 0.079101
6 8 0.079101
6 9 0.079101
6 10 0.079101
6 11 0.079101
6 12 0.079101
6 13 0.079100
6 14 0.079100
6 15 0.079100
6 16 0.079100
6 17 0.079100
6 18 0.079100
6 19 0.079101
6 20 0.079101
6 21 0.079101
6 22 0.079101
6 23 0.079101
6 24 0.079100
6 25 0.079100
6 26 0.079100
6 27 0.079099
6 28 0.079099
6 29 0.079099
6 30 0.079098
6 31 0.079097
6 32 0.079097
6 33 0.079096
6 34 0.079096
6 35 0.079095
6 36 0.079095
6 37 0.079094
6 38 0.079094
6 39 0.079093
6 40 0.079093
6 41 0.079092
6 42 0.079092
6 43 0.079092
6 44 0.079091
6 45 0.079091
6 46 0.079091
6 47 0.079091
6 48 0.079091
6 49 0.079091
6 50 0.079091
6 51 0.079092
6 52 0.079092
6 53 0.079092
6 54 0.079093
6 55 0.079093
6 56 0.079094
6 57 0.079094
6 58 0.079094
6 59 0.079095
6 60 0.079095
6 61 0.079095
6 62 0.079096
6 63 0.079096
6 64 0.079097
6 65 0.079098
6 66 0.079098
6 67 0.079099
6 68 0.079100
6 69 0.079101
6 70 0.079101
6 71 0.079102
6 72 0.079103
6 73 0.079103
6 74 0.079103
6 75 0.079104
6 76 0.079104
6 77 0.079104
6 78 0.079104
6 79 0.079104
6 80 0.079104
6 81 0.079104
6 82 0.079104
6 83 0.079104
6 84 0.079104
6 85 0.079104
6 86 0.079104
6 87 0.079105
6 88 0.079105
6 89 0.079105
6 90 0.079105
6 91 0.079105
6 92 0.079105
6 93 0.079105
6 94 0.079105
6 95 0.079104
6 96 0.079104
6 97 0.079103
6 98 0.079104
6 99 0.079103

7 0 0.079102
7 1 0.079102
7 2 0.079101
7 3 0.079102
7 4 0.079102
7 5 0.079102
7 6 0.079102
7 7 0.079102
7 8 0.079102
7 9 0.079102
7 10 0.079101
7 11 0.079101
7 12 0.079101
7 13 0.079101
7 14 0.079101
7 15 0.079101
7 16 0.079101
7 17 0.079101
7 18 0.079101
7 19 0.079101
7 20 0.079101
7 21 0.079101
7 22 0.079101
7 23 0.079101
7 24 0.079100
7 25 0.079100
7 26 0.079100
7 27 0.079099
7 28 0.079099
7 29 0.079098
7 30 0.079098
7 31 0.079097
7 32 0.079097
7 33 0.079096
7 34 0.079096
7 35 0.079095
7 36 0.079095
7 37 0.079094
7 38 0.079094
7 39 0.079093
7 40 0.079093
7 41 0.079092
7 42 0.079092
7 43 0.079091
7 44 0.079091
7 45 0.079091
7 46 0.079091
7 47 0.079091
7 48 0.079091
7 49 0.079091
7 50 0.079091
7 51 0.079091
7 52 0.079092
7 53 0.079092
7 54 0.079092
7 55 0.079093
7 56 0.079093
7 57 0.079094
7 58 0.079094
7 59 0.079094
7 60 0.079095
7 61 0.079095
7 62 0.079096
7 63 0.079096
7 64 0.079097
7 65 0.079097
7 66 0.079098
7 67 0.079099
7 68 0.079099
7 69 0.079100
7 70 0.079101
7 71 0.079101
7 72 0.079102
7 73 0.079103
7 74 0.079103
7 75 0.079103
7 76 0.079104
7 77 0.079104
7 78 0.079104
7 79 0.079104
7 80 0.079104
7 81 0.079104
7 82 0.079104
7 83 0.079104
7 84 0.079104
7 85 0.079104
7 86 0.079104
7 87 0.079105
7 88 0.079105
7 89 0.079105
7 90 0.079106
7 91 0.079106
7 92 0.079106
7 93 0.079105
7 94 0.079105
7 95 0.079104
7 96 0.079104
7 97 0.079104
7 98 0.079104
7 99 0.079104

8 0 0.079102
8 1 0.079102
8 2 0.079102
8 3 0.079102
8 4 0.079102
8 5 0.079102
8 6 0.079102
8 7 0.079102
8 8 0.079102
8 9 0.079102
8 10 0.079102
8 11 0.079102
8 12 0.079102
8 13 0.079101
8 14 0.079101
8 15 0.079101
8 16 0.079101
8 17 0.079101
8 18 0.079101
8 19 0.079101
8 20 0.079101
8 21 0.079101
8 22 0.079101
8 23 0.079101
8 24 0.079101
8 25 0.079101
8 26 0.079100
8 27 0.079100
8 28 0.079099
8 29 0.079099
8 30 0.079098
8 31 0.079097
8 32 0.079097
8 33 0.079096
8 34 0.079096
8 35 0.079095
8 36 0.079094
8 37 0.079094
8 38 0.079093
8 39 0.079093
8 40 0.079092
8 41 0.079092
8 42 0.079091
8 43 0.079091
8 44 0.079091
8 45 0.079091
8 46 0.079091
8 47 0.079091
8 48 0.079091
8 49 0.079091
8 50 0.079091
8 51 0.079091
8 52 0.079092
8 53 0.079092
8 54 0.079093
8 55 0.079093
8 56 0.079093
8 57 0.079094
8 58 0.079094
8 59 0.079095
8 60 0.079095
8 61 0.079096
8 62 0.079096
8 63 0.079097
8 64 0.079097
8 65 0.079098
8 66 0.079099
8 67 0.079099
8 68 0.079100
8 69 0.079101
8 70 0.079101
8 71 0.079102
8 72 0.079102
8 73 0.079103
8 74 0.079103
8 75 0.079104
8 76 0.079104
8 77 0.079104
8 78 0.079104
8 79 0.079104
8 80 0.079104
8 81 0.079104
8 82 0.079104
8 83 0.079104
8 84 0.079104
8 85 0.079104
8 86 0.079104
8 87 0.079105
8 88 0.079105
8 89 0.079106
8 90 0.079106
8 91 0.079106
8 92 0.079106
8 93 0.079105
8 94 0.079105
8 95 0.079105
8 96 0.079105
8 97 0.079104
8 98 0.079104
8 99 0.079104

9 0 0.079102
9 1 0.079103
9 2 0.079102
9 3 0.079103
9 4 0.079103
9 5 0.079103
9 6 0.079103
9 7 0.079103
9 8 0.079103
9 9 0.079103
9 10 0.079102
9 11 0.079102
9 12 0.079102
9 13 0.079102
9 14 0.079102
9 15 0.079102
9 16 0.079102
9 17 0.079102
9 18 0.079102
9 19 0.079102
9 20 0.079102
9 21 0.079102
9 22 0.079101
9 23 0.079101
9 24 0.079101
9 25 0.079101
9 26 0.079100
9 27 0.079100
9 28 0.079099
9 29 0.079099
9 30 0.079098
9 31 0.079097
9 32 0.079097
9 33 0.079096
9 34 0.079095
9 35 0.079095
9 36 0.079094
9 37 0.079094
9 38 0.079093
9 39 0.079093
9 40 0.079092
9 41 0.079092
9 42 0.079091
9 43 0.079091
9 44 0.079091
9 45 0.079091
9 46 0.079090
9 47 0.079090
9 48 0.079090
9 49 0.079091
9 50 0.079091
9 51 0.079091
9 52 0.079091
9 53 0.079092
9 54 0.079092
9 55 0.079093
9 56 0.079093
9 57 0.079094
9 58 0.079094
9 59 0.079095
9 60 0.079095
9 61 0.079096
9 62 0.079096
9 63 0.079097
9 64 0.079097
9 65 0.079098
9 66 0.079098
9 67 0.079099
9 68 0.079100
9 69 0.079100
9 70 0.079101
9 71 0.079101
9 72 0.079102
9 73 0.079102
9 74 0.079103
9 75 0.079103
9 76 0.079104
9 77 0.079104
9 78 0.079104
9 79 0.079104
9 80 0.079104
9 81 0.079104
9 82 0.079104
9 83 0.079104
9 84 0.079104
9 85 0.079104
9 86 0.079104
9 87 0.079105
9 88 0.079105
9 89 0.079106
9 90 0.079106
9 91 0.079106
9 92 0.079106
9 93 0.079106
9 94 0.079105
9 95 0.079105
9 96 0.079105
9 97 0.079104
9 98 0.079105
9 99 0.079104

10 0 0.079102
10 1 0.079103
10 2 0.079102
10 3 0.079103
10 4 0.079103
10 5 0.079103
10 6 0.079103
10 7 0.079103
10 8 0.079103
10 9 0.079103
10 10 0.079103
10 11 0.079103
10 12 0.079103
10 13 0.079102
10 14 0.079102
10 15 0.079102
10 16 0.079102
10 17 0.079102
10 18 0.079102
10 19 0.079102
10 20 0.079102
10 21 0.079102
10 22 0.079102
10 23 0.079102
10 24 0.079102
10 25 0.079101
10 26 0.079101
10 27 0.079100
10 28 0.079100
10 29 0.079099
10 30 0.079098
10 31 0.079098
10 32 0.079097
10 33 0.079096
10 34 0.079095
10 35 0.079095
10 36 0.079094
10 37 0.079093
10 38 0.079093
10 39 0.079092
10 40 0.079092
10 41 0.079092
10 42 0.079091
10 43 0.079091
10 44 0.079091
10 45 0.079091
10 46 0.079090
10 47 0.079091
10 48 0.079091
10 49 0.079091
10 50 0.079091
10 51 0.079091
10 52 0.079092
10 53 0.079092
10 54 0.079092
10 55 0.079093
10 56 0.079093
10 57 0.079094
10 58 0.079095
10 59 0.079095
10 60 0.079096
10 61 0.079096
10 62 0.079097
10 63 0.079097
10 64 0.079098
10 65 0.079098
10 66 0.079099
10 67 0.079099
10 68 0.079100
10 69 0.079101
10 70 0.079101
10 71 0.079102
10 72 0.079102
10 73 0.079103
10 74 0.079103
10 75 0.079103
10 76 0.079104
10 77 0.079104
10 78 0.079104
10 79 0.079104
10 80 0.079104
10 81 0.079104
10 82 0.079104
10 83 0.079104
10 84 0.079104
10 85 0.079104
10 86 0.079105
10 87 0.079105
10 88 0.079106
10 89 0.079106
10 90 0.079106
10 91 0.079106
10 92 0.079106
10 93 0.079106
10 94 0.079106
10 95 0.079105
10 96 0.079105
10 97 0.079104
10 98 0.079105
10 99 0.079104

11 0 0.079103
11 1 0.079103
11 2 0.079103
11 3 0.079104
11 4 0.079103
11 5 0.079104
11 6 0.079104
11 7 0.079104
11 8 0.079104
11 9 0.079104
11 10 0.079104
11 11 0.079103
11 12 0.079103
11 13 0.079103
11 14 0.079103
11 15 0.079103
11 16 0.079103
11 17 0.079103
11 18 0.079103
11 19 0.079103
11 20 0.079103
11 21 0.079103
11 22 0.079102
11 23 0.079102
11 24 0.079102
11 25 0.079101
11 26 0.079101
11 27 0.079100
11 28 0.079100
11 29 0.079099
11 30 0.079098
11 31 0.079097
11 32 0.079097
11 33 0.079096
11 34 0.079095
11 35 0.079095
11 36 0.079094
11 37 0.079093
11 38 0.079093
11 39 0.079092
11 40 0.079092
11 41 0.079092
11 42 0.079091
11 43 0.079091
11 44 0.079091
11 45 0.079091
11 46 0.079091
11 47 0.079091
11 48 0.079091
11 49 0.079091
11 50 0.079091
11 51 0.079091
11 52 0.079092
11 53 0.079092
11 54 0.079092
11 55 0.079093
11 56 0.079093
11 57 0.079094
11 58 0.079094
11 59 0.079095
11 60 0.079096
11 61 0.079096
11 62 0.079097
11 63 0.079097
11 64 0.079098
11 65 0.079098
11 66 0.079099
11 67 0.079099
11 68 0.079100
11 69 0.079100
11 70 0.079101
11 71 0.079101
11 72 0.079102
11 73 0.079102
11 74 0.079103
11 75 0.079103
11 76 0.079103
11 77 0.079103
11 78 0.079104
11 79 0.079104
11 80 0.079104
11 81 0.079103
11 82 0.079103
11 83 0.079104
11 84 0.079104
11 85 0.079104
11 86 0.079104
11 87 0.079105
11 88 0.079106
11 89 0.079106
11 90 0.079106
11 91 0.079107
11 92 0.079106
11 93 0.079106
11 94 0.079106
11 95 0.079105
11 96 0.079105
11 97 0.079104
11 98 0.079105
11 99 0.079105

12 0 0.079103
12 1 0.079104
12 2 0.079103
12 3 0.079104
12 4 0.079104
12 5 0.079104
12 6 0.079104
12 7 0.079104
12 8 0.079104
12 9 0.079104
12 10 0.079104
12 11 0.079104
12 12 0.079104
12 13 0.079103
12 14 0.079103
12 15 0.079103
12 16 0.079103
12 17 0.079103
12 18 0.079103
12 19 0.079103
12 20 0.079103
12 21 0.079103
12 22 0.079103
12 23 0.079103
12 24 0.079102
12 25 0.079102
12 26 0.079101
12 27 0.079101
12 28 0.079100
12 29 0.079099
12 30 0.079099
12 31 0.079098
12 32 0.079097
12 33 0.079096
12 34 0.079095
12 35 0.079095
12 36 0.079094
12 37 0.079093
12 38 0.079093
12 39 0.079092
12 40 0.079092
12 41 0.079092
12 42 0.079091
12 43 0.079091
12 44 0.079091
12 45 0.079091
12 46 0.079091
12 47 0.079091
12 48 0.079091
12 49 0.079091
12 50 0.079091
12 51 0.079092
12 52 0.079092
12 53 0.079092
12 54 0.079093
12 55 0.079093
12 56 0.079094
12 57 0.079094
12 58 0.079095
12 59 0.079095
12 60 0.079096
12 61 0.079097
12 62 0.079097
12 63 0.079098
12 64 0.079098
12 65 0.079099
12 66 0.079099
12 67 0.079099
12 68 0.079100
12 69 0.079100
12 70 0.079101
12 71 0.079101
12 72 0.079102
12 73 0.079102
12 74 0.079103
12 75 0.079103
12 76 0.079103
12 77 0.079104
12 78 0.079104
12 79 0.079104
12 80 0.079104
12 81 0.079104
12 82 0.079104
12 83 0.079104
12 84 0.079104
12 85 0.079104
12 86 0.079105
12 87 0.079105
12 88 0.079106
12 89 0.079106
12 90 0.079107
12 91 0.079107
12 92 0.079107
12 93 0.079107
12 94 0.079106
12 95 0.079106
12 96 0.079106
12 97 0.079105
12 98 0.079106
12 99 0.079105

13 0 0.079104
13 1 0.079104
13 2 0.079104
13 3 0.079104
13 4 0.079104
13 5 0.079105
13 6 0.079105
13 7 0.079105
13 8 0.079105
13 9 0.079105
13 10 0.079105
13 11 0.079104
13 12 0.079104
13 13 0.079104
13 14 0.079104
13 15 0.079104
13 16 0.079104
13 17 0.079104
13 18 0.079104
13 19 0.079104
13 20 0.079104
13 21 0.079103
13 22 0.079103
13 23 0.079103
13 24 0.079103
13 25 0.079102
13 26 0.079102
13 27 0.079101
13 28 0.079100
13 29 0.079099
13 30 0.079099
13 31 0.079098
13 32 0.079097
13 33 0.079096
13 34 0.079095
13 35 0.079095
13 36 0.079094
13 37 0.079094
13 38 0.079093
13 39 0.079093
13 40 0.079092
13 41 0.079092
13 42 0.079092
13 43 0.079091
13 44 0.079091
13 45 0.079091
13 46 0.079091
13 47 0.079091
13 48 0.079091
13 49 0.079091
13 50 0.079091
13 51 0.079092
13 52 0.079092
13 53 0.079092
13 54 0.079093
13 55 0.079093
13 56 0.079094
13 57 0.079094
13 58 0.079095
13 59 0.079096
13 60 0.079096
13 61 0.079097
13 62 0.079097
13 63 0.079098
13 64 0.079098
13 65 0.079098
13 66 0.079099
13 67 0.079099
13 68 0.079100
13 69 0.079100
13 70 0.079101
13 71 0.079101
13 72 0.079102
13 73 0.079102
13 74 0.079102
13 75 0.079103
13 76 0.079103
13 77 0.079103
13 78 0.079103
13 79 0.079103
13 80 0.079103
13 81 0.079103
13 82 0.079103
13 83 0.079103
13 84 0.079104
13 85 0.079104
13 86 0.079105
13 87 0.079105
13 88 0.079106
13 89 0.079106
13 90 0.079107
13 91 0.079107
13 92 0.079107
13 93 0.079107
13 94 0.079106
13 95 0.079106
13 96 0.079106
13 97 0.079105
13 98 0.079106
13 99 0.079105

14 0 0.079104
14 1 0.079105
14 2 0.079104
14 3 0.079105
14 4 0.079105
14 5 0.079105
14 6 0.079105
14 7 0.079105
14 8 0.079105
14 9 0.079105
14 10 0.079105
14 11 0.079105
14 12 0.079105
14 13 0.079105
14 14 0.079104
14 15 0.079104
14 16 0.079104
14 17 0.079104
14 18 0.079104
14 19 0.079104
14 20 0.079104
14 21 0.079104
14 22 0.079104
14 23 0.079104
14 24 0.079103
14 25 0.079103
14 26 0.079102
14 27 0.079101
14 28 0.079101
14 29 0.079100
14 30 0.079099
14 31 0.079098
14 32 0.079097
14 33 0.079096
14 34 0.079096
14 35 0.079095
14 36 0.079094
14 37 0.079094
14 38 0.079093
14 39 0.079093
14 40 0.079092
14 41 0.079092
14 42 0.079092
14 43 0.079092
14 44 0.079092
14 45 0.079091
14 46 0.079091
14 47 0.079092
14 48 0.079092
14 49 0.079092
14 50 0.079092
14 51 0.079092
14 52 0.079093
14 53 0.079093
14 54 0.079093
14 55 0.079094
14 56 0.079095
14 57 0.079095
14 58 0.079096
14 59 0.079096
14 60 0.079097
14 61 0.079097
14 62 0.079098
14 63 0.079098
14 64 0.079098
14 65 0.079099
14 66 0.079099
14 67 0.079099
14 68 0.079100
14 69 0.079100
14 70 0.079101
14 71 0.079101
14 72 0.079102
14 73 0.079102
14 74 0.079103
14 75 0.079103
14 76 0.079103
14 77 0.079103
14 78 0.079103
14 79 0.079103
14 80 0.079103
14 81 0.079103
14 82 0.079103
14 83 0.079104
14 84 0.079104
14 85 0.079104
14 86 0.079105
14 87 0.079105
14 88 0.079106
14 89 0.079107
14 90 0.079107
14 91 0.079107
14 92 0.079107
14 93 0.079107
14 94 0.079107
14 95 0.079106
14 96 0.079106
14 97 0.079105
14 98 0.079106
14 99 0.079105

15 0 0.079105
15 1 0.079105
15 2 0.079104
15 3 0.079105
15 4 0.079105
15 5 0.079106
15 6 0.079106
15 7 0.079106
15 8 0.079106
15 9 0.079106
15 10 0.079106
15 11 0.079105
15 12 0.079105
15 13 0.079105
15 14 0.079105
15 15 0.079105
15 16 0.079105
15 17 0.079105
15 18 0.079105
15 19 0.079105
15 20 0.079104
15 21 0.079104
15 22 0.079104
15 23 0.079104
15 24 0.079103
15 25 0.079103
15 26 0.079102
15 27 0.079102
15 28 0.079101
15 29 0.079100
15 30 0.079099
15 31 0.079098
15 32 0.079097
15 33 0.079097
15 34 0.079096
15 35 0.079095
15 36 0.079095
15 37 0.079094
15 38 0.079094
15 39 0.079093
15 40 0.079093
15 41 0.079092
15 42 0.079092
15 43 0.079092
15 44 0.079092
15 45 0.079092
15 46 0.079092
15 47 0.079092
15 48 0.079092
15 49 0.079092
15 50 0.079092
15 51 0.079093
15 52 0.079093
15 53 0.079094
15 54 0.079094
15 55 0.079094
15 56 0.079095
15 57 0.079096
15 58 0.079096
15 59 0.079097
15 60 0.079097
15 61 0.079097
15 62 0.079098
15 63 0.079098
15 64 0.079098
15 65 0.079099
15 66 0.079099
15 67 0.079099
15 68 0.079100
15 69 0.079100
15 70 0.079101
15 71 0.079101
15 72 0.079102
15 73 0.079102
15 74 0.079102
15 75 0.079103
15 76 0.079103
15 77 0.079103
15 78 0.079103
15 79 0.079103
15 80 0.079103
15 81 0.079103
15 82 0.079103
15 83 0.079103
15 84 0.079104
15 85 0.079104
15 86 0.079105
15 87 0.079105
15 88 0.079106
15 89 0.079107
15 90 0.079107
15 91 0.079107
15 92 0.079107
15 93 0.079107
15 94 0.079107
15 95 0.079106
15 96 0.079106
15 97 0.079105
15 98 0.079106
15 99 0.079106

16 0 0.079105
16 1 0.079106
16 2 0.079105
16 3 0.079106
16 4 0.079106
16 5 0.079106
16 6 0.079106
16 7 0.079106
16 8 0.079106
16 9 0.079106
16 10 0.079106
16 11 0.079106
16 12 0.079106
16 13 0.079106
16 14 0.079105
16 15 0.079105
16 16 0.079105
16 17 0.079105
16 18 0.079105
16 19 0.079105
16 20 0.079105
16 21 0.079105
16 22 0.079105
16 23 0.079104
16 24 0.079104
16 25 0.079103
16 26 0.079103
16 27 0.079102
16 28 0.079101
16 29 0.079100
16 30 0.079099
16 31 0.079099
16 32 0.079098
16 33 0.079097
16 34 0.079096
16 35 0.079096
16 36 0.079095
16 37 0.079094
16 38 0.079094
16 39 0.079094
16 40 0.079093
16 41 0.079093
16 42 0.079093
16 43 0.079093
16 44 0.079093
16 45 0.079093
16 46 0.079093
16 47 0.079093
16 48 0.079093
16 49 0.079093
16 50 0.079093
16 51 0.079094
16 52 0.079094
16 53 0.079094
16 54 0.079095
16 55 0.079095
16 56 0.079096
16 57 0.079096
16 58 0.079097
16 59 0.079097
16 60 0.079098
16 61 0.079098
16 62 0.079098
16 63 0.079099
16 64 0.079099
16 65 0.079099
16 66 0.079099
16 67 0.079100
16 68 0.079100
16 69 0.079100
16 70 0.079101
16 71 0.079101
16 72 0.079102
16 73 0.079102
16 74 0.079102
16 75 0.079103
16 76 0.079103
16 77 0.079103
16 78 0.079103
16 79 0.079103
16 80 0.079103
16 81 0.079103
16 82 0.079103
16 83 0.079103
16 84 0.079104
16 85 0.079104
16 86 0.079105
16 87 0.079105
16 88 0.079106
16 89 0.079107
16 90 0.079107
16 91 0.079107
16 92 0.079107
16 93 0.079107
16 94 0.079107
16 95 0.079106
16 96 0.079106
16 97 0.079106
16 98 0.079106
16 99 0.079106

17 0 0.079105
17 1 0.079106
17 2 0.079105
17 3 0.079106
17 4 0.079106
17 5 0.079106
17 6 0.079107
17 7 0.079107
17 8 0.079107
17 9 0.079107
17 10 0.079107
17 11 0.079106
17 12 0.079106
17 13 0.079106
17 14 0.079106
17 15 0.079106
17 16 0.079106
17 17 0.079106
17 18 0.079105
17 19 0.079105
17 20 0.079105
17 21 0.079105
17 22 0.079105
17 23 0.079105
17 24 0.079104
17 25 0.079104
17 26 0.079103
17 27 0.079102
17 28 0.079101
17 29 0.079101
17 30 0.079100
17 31 0.079099
17 32 0.079098
17 33 0.079097
17 34 0.079097
17 35 0.079096
17 36 0.079095
17 37 0.079095
17 38 0.079094
17 39 0.079094
17 40 0.079094
17 41 0.079094
17 42 0.079093
17 43 0.079093
17 44 0.079093
17 45 0.079093
17 46 0.079093
17 47 0.079093
17 48 0.079094
17 49 0.079094
17 50 0.079094
17 51 0.079094
17 52 0.079095
17 53 0.079095
17 54 0.079096
17 55 0.079096
17 56 0.079097
17 57 0.079097
17 58 0.079097
17 59 0.079098
17 60 0.079098
17 61 0.079099
17 62 0.079099
17 63 0.079099
17 64 0.079099
17 65 0.079099
17 66 0.079100
17 67 0.079100
17 68 0.079100
17 69 0.079100
17 70 0.079101
17 71 0.079101
17 72 0.079102
17 73 0.079102
17 74 0.079102
17 75 0.079103
17 76 0.079103
17 77 0.079103
17 78 0.079103
17 79 0.079103
17 80 0.079103
17 81 0.079103
17 82 0.079103
17 83 0.079103
17 84 0.079104
17 85 0.079104
17 86 0.079105
17 87 0.079105
17 88 0.079106
17 89 0.079107
17 90 0.079107
17 91 0.079107
17 92 0.079107
17 93 0.079107
17 94 0.079107
17 95 0.079106
17 96 0.079106
17 97 0.079106
17 98 0.079106
17 99 0.079106

18 0 0.079106
18 1 0.079106
18 2 0.079106
18 3 0.079106
18 4 0.079107
18 5 0.079107
18 6 0.079107
18 7 0.079107
18 8 0.079107
18 9 0.079107
18 10 0.079107
18 11 0.079107
18 12 0.079107
18 13 0.079106
18 14 0.079106
18 15 0.079106
18 16 0.079106
18 17 0.079106
18 18 0.079106
18 19 0.079106
18 20 0.079106
18 21 0.079105
18 22 0.079105
18 23 0.079105
18 24 0.079104
18 25 0.079104
18 26 0.079103
18 27 0.079103
18 28 0.079102
18 29 0.079101
18 30 0.079100
18 31 0.079099
18 32 0.079098
18 33 0.079098
18 34 0.079097
18 35 0.079096
18 36 0.079096
18 37 0.079095
18 38 0.079095
18 39 0.079095
18 40 0.079094
18 41 0.079094
18 42 0.079094
18 43 0.079094
18 44 0.079094
18 45 0.079094
18 46 0.079094
18 47 0.079094
18 48 0.079095
18 49 0.079095
18 50 0.079095
18 51 0.079095
18 52 0.079096
18 53 0.079096
18 54 0.079097
18 55 0.079097
18 56 0.079097
18 57 0.079098
18 58 0.079098
18 59 0.079099
18 60 0.079099
18 61 0.079099
18 62 0.079099
18 63 0.079101
18 64 0.079101
18 65 0.079101
18 66 0.079101
18 67 0.079102
18 68 0.079102
18 69 0.079102
18 70 0.079103
18 71 0.079103
18 72 0.079104
18 73 0.079104
18 74 0.079104
18 75 0.079104
18 76 0.079104
18 77 0.079104
18 78 0.079104
18 79 0.079105
18 80 0.079105
18 81 0.079105
18 82 0.079105
18 83 0.079105
18 84 0.079106
18 85 0.079106
18 86 0.079107
18 87 0.079108
18 88 0.079108
18 89 0.079109
18 90 0.079109
18 91 0.079109
18 92 0.079109
18 93 0.079109
18 94 0.079108
18 95 0.079108
18 96 0.079108
18 97 0.079107
18 98 0.079108
18 99 0.079108

19 0 0.079108
19 1 0.079108
19 2 0.079108
19 3 0.079109
19 4 0.079109
19 5 0.079109
19 6 0.079109
19 7 0.079109
19 8 0.079110
19 9 0.079109
19 10 0.079110
19 11 0.079109
19 12 0.079109
19 13 0.079109
19 14 0.079109
19 15 0.079108
19 16 0.079108
19 17 0.079108
19 18 0.079108
19 19 0.079107
19 20 0.079107
19 21 0.079107
19 22 0.079106
19 23 0.079106
19 24 0.079105
19 25 0.079104
19 26 0.079103
19 27 0.079103
19 28 0.079102
19 29 0.079101
19 30 0.079100
19 31 0.079100
19 32 0.079099
19 33 0.079098
19 34 0.079098
19 35 0.079097
19 36 0.079097
19 37 0.079097
19 38 0.079097
19 39 0.079097
19 40 0.079097
19 41 0.079097
19 42 0.079097
19 43 0.079097
19 44 0.079097
19 45 0.079097
19 46 0.079097
19 47 0.079097
19 48 0.079098
19 49 0.079098
19 50 0.079098
19 51 0.079098
19 52 0.079098
19 53 0.079099
19 54 0.079099
19 55 0.079099
19 56 0.079100
19 57 0.079100
19 58 0.079100
19 59 0.079100
19 60 0.079101
19 61 0.079101
19 62 0.079101
19 63 0.079101
19 64 0.079101
19 65 0.079101
19 66 0.079102
19 67 0.079102
19 68 0.079102
19 69 0.079103
19 70 0.079103
19 71 0.079103
19 72 0.079104
19 73 0.079104
19 74 0.079104
19 75 0.079104
19 76 0.079104
19 77 0.079104
19 78 0.079104
19 79 0.079104
19 80 0.079104
19 81 0.079104
19 82 0.079105
19 83 0.079105
19 84 0.079105
19 85 0.079106
19 86 0.079106
19 87 0.079107
19 88 0.079108
19 89 0.079108
19 90 0.079108
19 91 0.079109
19 92 0.079108
19 93 0.079108
19 94 0.079108
19 95 0.079108
19 96 0.079108
19 97 0.079107
19 98 0.079107
19 99 0.079107

20 0 0.079108
20 1 0.079108
20 2 0.079108
20 3 0.079109
20 4 0.079109
20 5 0.079109
20 6 0.079109
20 7 0.079109
20 8 0.079110
20 9 0.079109
20 10 0.079110
20 11 0.079109
20 12 0.079109
20 13 0.079109
20 14 0.079109
20 15 0.079108
20 16 0.079108
20 17 0.079108
20 18 0.079108
20 19 0.079107
20 20 0.079107
20 21 0.079107
20 22 0.079106
20 23 0.079106
20 24 0.079105
20 25 0.079104
20 26 0.079103
20 27 0.079103
20 28 0.079102
20 29 0.079101
20 30 0.079100
20 31 0.079100
20 32 0.079099
20 33 0.079099
20 34 0.079098
20 35 0.079098
20 36 0.079098
20 37 0.079097
20 38 0.079097
20 39 0.079097
20 40 0.079097
20 41 0.079097
20 42 0.079098
20 43 0.079098
20 44 0.079098
20 45 0.079098
20 46 0.079098
20 47 0.079098
20 48 0.079098
20 49 0.079099
20 50 0.079099
20 51 0.079099
20 52 0.079099
20 53 0.079100
20 54 0.079100
20 55 0.079100
20 56 0.079100
20 57 0.079101
20 58 0.079101
20 59 0.079101
20 60 0.079101
20 61 0.079101
20 62 0.079101
20 63 0.079101
20 64 0.079102
20 65 0.079102
20 66 0.079102
20 67 0.079102
20 68 0.079102
20 69 0.079103
20 70 0.079103
20 71 0.079103
20 72 0.079104
20 73 0.079104
20 74 0.079104
20 75 0.079104
20 76 0.079104
20 77 0.079104
20 78 0.079104
20 79 0.079104
20 80 0.079104
20 81 0.079104
20 82 0.079104
20 83 0.079104
20 84 0.079105
20 85 0.079105
20 86 0.079106
20 87 0.079107
20 88 0.079107
20 89 0.079108
20 90 0.079108
20 91 0.079108
20 92 0.079108
20 93 0.079108
20 94 0.079107
20 95 0.079107
20 96 0.079107
20 97 0.079106
20 98 0.079107
20 99 0.079107

21 0 0.079108
21 1 0.079108
21 2 0.079108
21 3 0.079108
21 4 0.079108
21 5 0.079109
21 6 0.079109
21 7 0.079109
21 8 0.079109
21 9 0.079109
21 10 0.079109
21 11 0.079109
21 12 0.079109
21 13 0.079109
21 14 0.079109
21 15 0.079108
21 16 0.079108
21 17 0.079108
21 18 0.079107
21 19 0.079107
21 20 0.079107
21 21 0.079106
21 22 0.079106
21 23 0.079105
21 24 0.079105
21 25 0.079104
21 26 0.079103
21 27 0.079103
21 28 0.079102
21 29 0.079101
21 30 0.079101
21 31 0.079100
21 32 0.079099
21 33 0.079099
21 34 0.079098
21 35 0.079098
21 36 0.079098
21 37 0.079098
21 38 0.079098
21 39 0.079098
21 40 0.079098
21 41 0.079098
21 42 0.079098
21 43 0.079099
21 44 0.079099
21 45 0.079099
21 46 0.079099
21 47 0.079099
21 48 0.079099
21 49 0.079100
21 50 0.079100
21 51 0.079100
21 52 0.079100
21 53 0.079100
21 54 0.079101
21 55 0.079101
21 56 0.079101
21 57 0.079101
21 58 0.079101
21 59 0.079101
21 60 0.079102
21 61 0.079102
21 62 0.079102
21 63 0.079102
21 64 0.079102
21 65 0.079102
21 66 0.079102
21 67 0.079102
21 68 0.079103
21 69 0.079103
21 70 0.079103
21 71 0.079103
21 72 0.079104
21 73 0.079104
21 74 0.079104
21 75 0.079104
21 76 0.079104
21 77 0.079104
21 78 0.079104
21 79 0.079104
21 80 0.079104
21 81 0.079104
21 82 0.079104
21 83 0.079104
21 84 0.079104
21 85 0.079105
21 86 0.079105
21 87 0.079106
21 88 0.079106
21 89 0.079107
21 90 0.079107
21 91 0.079107
21 92 0.079107
21 93 0.079107
21 94 0.079106
21 95 0.079106
21 96 0.079106
21 97 0.079105
21 98 0.079106
21 99 0.079106

22 0 0.079107
22 1 0.079108
22 2 0.079107
22 3 0.079108
22 4 0.079108
22 5 0.079108
22 6 0.079109
22 7 0.079108
22 8 0.079109
22 9 0.079109
22 10 0.079109
22 11 0.079109
22 12 0.079109
22 13 0.079108
22 14 0.079108
22 15 0.079108
22 16 0.079108
22 17 0.079107
22 18 0.079107
22 19 0.079107
22 20 0.079107
22 21 0.079106
22 22 0.079106
22 23 0.079105
22 24 0.079105
22 25 0.079104
22 26 0.079103
22 27 0.079103
22 28 0.079102
22 29 0.079101
22 30 0.079101
22 31 0.079100
22 32 0.079100
22 33 0.079099
22 34 0.079099
22 35 0.079099
22 36 0.079099
22 37 0.079099
22 38 0.079099
22 39 0.079099
22 40 0.079099
22 41 0.079099
22 42 0.079099
22 43 0.079099
22 44 0.079100
22 45 0.079100
22 46 0.079100
22 47 0.079100
22 48 0.079100
22 49 0.079100
22 50 0.079101
22 51 0.079101
22 52 0.079101
22 53 0.079101
22 54 0.079101
22 55 0.079102
22 56 0.079102
22 57 0.079102
22 58 0.079102
22 59 0.079102
22 60 0.079102
22 61 0.079102
22 62 0.079102
22 63 0.079102
22 64 0.079102
22 65 0.079102
22 66 0.079102
22 67 0.079103
22 68 0.079103
22 69 0.079103
22 70 0.079103
22 71 0.079103
22 72 0.079103
22 73 0.079104
22 74 0.079104
22 75 0.079104
22 76 0.079104
22 77 0.079103
22 78 0.079103
22 79 0.079103
22 80 0.079103
22 81 0.079103
22 82 0.079103
22 83 0.079104
22 84 0.079104
22 85 0.079104
22 86 0.079105
22 87 0.079105
22 88 0.079105
22 89 0.079106
22 90 0.079106
22 91 0.079106
22 92 0.079106
22 93 0.079106
22 94 0.079105
22 95 0.079105
22 96 0.079105
22 97 0.079105
22 98 0.079105
22 99 0.079105

23 0 0.079107
23 1 0.079107
23 2 0.079107
23 3 0.079107
23 4 0.079107
23 5 0.079108
23 6 0.079108
23 7 0.079108
23 8 0.079108
23 9 0.079108
23 10 0.079108
23 11 0.079108
23 12 0.079108
23 13 0.079108
23 14 0.079108
23 15 0.079107
23 16 0.079107
23 17 0.079107
23 18 0.079107
23 19 0.079107
23 20 0.079106
23 21 0.079106
23 22 0.079105
23 23 0.079105
23 24 0.079104
23 25 0.079104
23 26 0.079103
23 27 0.079103
23 28 0.079102
23 29 0.079101
23 30 0.079101
23 31 0.079100
23 32 0.079100
23 33 0.079100
23 34 0.079099
23 35 0.079099
23 36 0.079099
23 37 0.079099
23 38 0.079099
23 39 0.079099
23 40 0.079100
23 41 0.079100
23 42 0.079100
23 43 0.079100
23 44 0.079101
23 45 0.079101
23 46 0.079101
23 47 0.079101
23 48 0.079101
23 49 0.079101
23 50 0.079101
23 51 0.079102
23 52 0.079102
23 53 0.079102
23 54 0.079102
23 55 0.079102
23 56 0.079102
23 57 0.079102
23 58 0.079102
23 59 0.079102
23 60 0.079103
23 61 0.079102
23 62 0.079103
23 63 0.079103
23 64 0.079103
23 65 0.079103
23 66 0.079103
23 67 0.079103
23 68 0.079103
23 69 0.079103
23 70 0.079103
23 71 0.079103
23 72 0.079103
23 73 0.079103
23 74 0.079103
23 75 0.079103
23 76 0.079103
23 77 0.079103
23 78 0.079103
23 79 0.079103
23 80 0.079103
23 81 0.079103
23 82 0.079103
23 83 0.079103
23 84 0.079103
23 85 0.079104
23 86 0.079104
23 87 0.079104
23 88 0.079105
23 89 0.079105
23 90 0.079105
23 91 0.079105
23 92 0.079105
23 93 0.079105
23 94 0.079104
23 95 0.079104
23 96 0.079104
23 97 0.079104
23 98 0.079104
23 99 0.079104

24 0 0.079106
24 1 0.079106
24 2 0.079106
24 3 0.079107
24 4 0.079107
24 5 0.079107
24 6 0.079107
24 7 0.079107
24 8 0.079108
24 9 0.079107
24 10 0.079108
24 11 0.079107
24 12 0.079108
24 13 0.079107
24 14 0.079107
24 15 0.079107
24 16 0.079107
24 17 0.079107
24 18 0.079106
24 19 0.079106
24 20 0.079106
24 21 0.079106
24 22 0.079105
24 23 0.079105
24 24 0.079104
24 25 0.079104
24 26 0.079103
24 27 0.079103
24 28 0.079102
24 29 0.079101
24 30 0.079101
24 31 0.079101
24 32 0.079100
24 33 0.079100
24 34 0.079100
24 35 0.079100
24 36 0.079100
24 37 0.079100
24 38 0.079100
24 39 0.079100
24 40 0.079100
24 41 0.079101
24 42 0.079101
24 43 0.079101
24 44 0.079101
24 45 0.079102
24 46 0.079102
24 47 0.079102
24 48 0.079102
24 49 0.079102
24 50 0.079102
24 51 0.079102
24 52 0.079103
24 53 0.079103
24 54 0.079103
24 55 0.079103
24 56 0.079103
24 57 0.079103
24 58 0.079103
24 59 0.079103
24 60 0.079103
24 61 0.079103
24 62 0.079103
24 63 0.079103
24 64 0.079103
24 65 0.079103
24 66 0.079103
24 67 0.079103
24 68 0.079103
24 69 0.079103
24 70 0.079103
24 71 0.079103
24 72 0.079103
24 73 0.079103
24 74 0.079103
24 75 0.079103
24 76 0.079103
24 77 0.079103
24 78 0.079103
24 79 0.079102
24 80 0.079102
24 81 0.079102
24 82 0.079102
24 83 0.079102
24 84 0.079103
24 85 0.079103
24 86 0.079103
24 87 0.079104
24 88 0.079104
24 89 0.079104
24 90 0.079104
24 91 0.079104
24 92 0.079104
24 93 0.079104
24 94 0.079103
24 95 0.079103
24 96 0.079103
24 97 0.079103
24 98 0.079103
24 99 0.079103

25 0 0.079106
25 1 0.079106
25 2 0.079105
25 3 0.079106
25 4 0.079106
25 5 0.079106
25 6 0.079107
25 7 0.079106
25 8 0.079107
25 9 0.079107
25 10 0.079107
25 11 0.079107
25 12 0.079107
25 13 0.079107
25 14 0.079107
25 15 0.079106
25 16 0.079106
25 17 0.079106
25 18 0.079106
25 19 0.079106
25 20 0.079105
25 21 0.079105
25 22 0.079105
25 23 0.079104
25 24 0.079104
25 25 0.079104
25 26 0.079103
25 27 0.079103
25 28 0.079102
25 29 0.079102
25 30 0.079101
25 31 0.079101
25 32 0.079101
25 33 0.079100
25 34 0.079100
25 35 0.079100
25 36 0.079100
25 37 0.079101
25 38 0.079101
25 39 0.079101
25 40 0.079101
25 41 0.079102
25 42 0.079102
25 43 0.079102
25 44 0.079102
25 45 0.079103
25 46 0.079103
25 47 0.079103
25 48 0.079103
25 49 0.079103
25 50 0.079103
25 51 0.079103
25 52 0.079103
25 53 0.079103
25 54 0.079104
25 55 0.079104
25 56 0.079104
25 57 0.079104
25 58 0.079104
25 59 0.079103
25 60 0.079103
25 61 0.079103
25 62 0.079103
25 63 0.079103
25 64 0.079103
25 65 0.079103
25 66 0.079103
25 67 0.079103
25 68 0.079103
25 69 0.079103
25 70 0.079103
25 71 0.079103
25 72 0.079103
25 73 0.079103
25 74 0.079103
25 75 0.079103
25 76 0.079102
25 77 0.079102
25 78 0.079102
25 79 0.079102
25 80 0.079102
25 81 0.079102
25 82 0.079102
25 83 0.079102
25 84 0.079102
25 85 0.079102
25 86 0.079102
25 87 0.079103
25 88 0.079103
25 89 0.079103
25 90 0.079103
25 91 0.079103
25 92 0.079103
25 93 0.079103
25 94 0.079102
25 95 0.079102
25 96 0.079102
25 97 0.079102
25 98 0.079102
25 99 0.079102

26 0 0.079105
26 1 0.079105
26 2 0.079105
26 3 0.079105
26 4 0.079105
26 5 0.079105
26 6 0.079106
26 7 0.079105
26 8 0.079106
26 9 0.079106
26 10 0.079106
26 11 0.079106
26 12 0.079106
26 13 0.079106
26 14 0.079106
26 15 0.079106
26 16 0.079106
26 17 0.079105
26 18 0.079105
26 19 0.079105
26 20 0.079105
26 21 0.079105
26 22 0.079104
26 23 0.079104
26 24 0.079104
26 25 0.079103
26 26 0.079103
26 27 0.079102
26 28 0.079102
26 29 0.079102
26 30 0.079101
26 31 0.079101
26 32 0.079101
26 33 0.079101
26 34 0.079101
26 35 0.079101
26 36 0.079101
26 37 0.079101
26 38 0.079102
26 39 0.079102
26 40 0.079102
26 41 0.079102
26 42 0.079103
26 43 0.079103
26 44 0.079103
26 45 0.079103
26 46 0.079104
26 47 0.079104
26 48 0.079104
26 49 0.079104
26 50 0.079104
26 51 0.079104
26 52 0.079104
26 53 0.079104
26 54 0.079104
26 55 0.079104
26 56 0.079104
26 57 0.079104
26 58 0.079104
26 59 0.079104
26 60 0.079104
26 61 0.079104
26 62 0.079104
26 63 0.079103
26 64 0.079103
26 65 0.079103
26 66 0.079103
26 67 0.079103
26 68 0.079103
26 69 0.079103
26 70 0.079103
26 71 0.079103
26 72 0.079103
26 73 0.079103
26 74 0.079102
26 75 0.079102
26 76 0.079102
26 77 0.079102
26 78 0.079102
26 79 0.079101
26 80 0.079101
26 81 0.079101
26 82 0.079101
26 83 0.079101
26 84 0.079101
26 85 0.079102
26 86 0.079102
26 87 0.079102
26 88 0.079102
26 89 0.079102
26 90 0.079102
26 91 0.079102
26 92 0.079101
26 93 0.079101
26 94 0.079101
26 95 0.079101
26 96 0.079101
26 97 0.079101
26 98 0.079101
26 99 0.079101

27 0 0.079104
27 1 0.079104
27 2 0.079104
27 3 0.079104
27 4 0.079104
27 5 0.079104
27 6 0.079105
27 7 0.079104
27 8 0.079105
27 9 0.079105
27 10 0.079105
27 11 0.079105
27 12 0.079105
27 13 0.079105
27 14 0.079105
27 15 0.079105
27 16 0.079105
27 17 0.079105
27 18 0.079105
27 19 0.079105
27 20 0.079104
27 21 0.079104
27 22 0.079104
27 23 0.079104
27 24 0.079103
27 25 0.079103
27 26 0.079103
27 27 0.079102
27 28 0.079102
27 29 0.079102
27 30 0.079102
27 31 0.079101
27 32 0.079101
27 33 0.079101
27 34 0.079101
27 35 0.079102
27 36 0.079102
27 37 0.079102
27 38 0.079102
27 39 0.079103
27 40 0.079103
27 41 0.079103
27 42 0.079104
27 43 0.079104
27 44 0.079104
27 45 0.079104
27 46 0.079104
27 47 0.079104
27 48 0.079105
27 49 0.079105
27 50 0.079105
27 51 0.079105
27 52 0.079105
27 53 0.079105
27 54 0.079105
27 55 0.079105
27 56 0.079105
27 57 0.079105
27 58 0.079104
27 59 0.079104
27 60 0.079104
27 61 0.079104
27 62 0.079104
27 63 0.079104
27 64 0.079104
27 65 0.079103
27 66 0.079103
27 67 0.079103
27 68 0.079103
27 69 0.079103
27 70 0.079103
27 71 0.079103
27 72 0.079102
27 73 0.079102
27 74 0.079102
27 75 0.079102
27 76 0.079102
27 77 0.079101
27 78 0.079101
27 79 0.079101
27 80 0.079101
27 81 0.079101
27 82 0.079101
27 83 0.079101
27 84 0.079101
27 85 0.079101
27 86 0.079101
27 87 0.079101
27 88 0.079101
27 89 0.079101
27 90 0.079101
27 91 0.079101
27 92 0.079100
27 93 0.079100
27 94 0.079100
27 95 0.079100
27 96 0.079100
27 97 0.079100
27 98 0.079100
27 99 0.079100

28 0 0.079103
28 1 0.079103
28 2 0.079103
28 3 0.079103
28 4 0.079103
28 5 0.079103
28 6 0.079103
28 7 0.079103
28 8 0.079104
28 9 0.079104
28 10 0.079104
28 11 0.079104
28 12 0.079104
28 13 0.079104
28 14 0.079104
28 15 0.079104
28 16 0.079104
28 17 0.079104
28 18 0.079104
28 19 0.079104
28 20 0.079104
28 21 0.079104
28 22 0.079104
28 23 0.079103
28 24 0.079103
28 25 0.079103
28 26 0.079103
28 27 0.079102
28 28 0.079102
28 29 0.079102
28 30 0.079102
28 31 0.079102
28 32 0.079102
28 33 0.079102
28 34 0.079102
28 35 0.079102
28 36 0.079103
28 37 0.079103
28 38 0.079103
28 39 0.079104
28 40 0.079104
28 41 0.079104
28 42 0.079105
28 43 0.079105
28 44 0.079105
28 45 0.079105
28 46 0.079105
28 47 0.079105
28 48 0.079105
28 49 0.079105
28 50 0.079105
28 51 0.079105
28 52 0.079105
28 53 0.079105
28 54 0.079105
28 55 0.079105
28 56 0.079105
28 57 0.079105
28 58 0.079105
28 59 0.079105
28 60 0.079104
28 61 0.079104
28 62 0.079104
28 63 0.079104
28 64 0.079104
28 65 0.079104
28 66 0.079103
28 67 0.079103
28 68 0.079103
28 69 0.079103
28 70 0.079103
28 71 0.079102
28 72 0.079102
28 73 0.079102
28 74 0.079102
28 75 0.079101
28 76 0.079101
28 77 0.079101
28 78 0.079101
28 79 0.079100
28 80 0.079100
28 81 0.079100
28 82 0.079100
28 83 0.079100
28 84 0.079100
28 85 0.079100
28 86 0.079100
28 87 0.079100
28 88 0.079100
28 89 0.079100
28 90 0.079100
28 91 0.079100
28 92 0.079099
28 93 0.079099
28 94 0.079099
28 95 0.079099
28 96 0.079099
28 97 0.079099
28 98 0.079099
28 99 0.079099

29 0 0.079102
29 1 0.079102
29 2 0.079102
29 3 0.079102
29 4 0.079102
29 5 0.079102
29 6 0.079102
29 7 0.079102
29 8 0.079102
29 9 0.079102
29 10 0.079103
29 11 0.079103
29 12 0.079103
29 13 0.079103
29 14 0.079103
29 15 0.079103
29 16 0.079103
29 17 0.079103
29 18 0.079104
29 19 0.079104
29 20 0.079103
29 21 0.079103
29 22 0.079103
29 23 0.079103
29 24 0.079103
29 25 0.079103
29 26 0.079103
29 27 0.079103
29 28 0.079102
29 29 0.079102
29 30 0.079102
29 31 0.079102
29 32 0.079103
29 33 0.079103
29 34 0.079103
29 35 0.079103
29 36 0.079104
29 37 0.079104
29 38 0.079104
29 39 0.079105
29 40 0.079105
29 41 0.079105
29 42 0.079105
29 43 0.079106
29 44 0.079106
29 45 0.079106
29 46 0.079106
29 47 0.079106
29 48 0.079106
29 49 0.079106
29 50 0.079106
29 51 0.079106
29 52 0.079106
29 53 0.079106
29 54 0.079106
29 55 0.079106
29 56 0.079105
29 57 0.079105
29 58 0.079105
29 59 0.079105
29 60 0.079105
29 61 0.079104
29 62 0.079104
29 63 0.079104
29 64 0.079104
29 65 0.079104
29 66 0.079103
29 67 0.079103
29 68 0.079103
29 69 0.079103
29 70 0.079102
29 71 0.079102
29 72 0.079102
29 73 0.079101
29 74 0.079101
29 75 0.079101
29 76 0.079101
29 77 0.079100
29 78 0.079100
29 79 0.079100
29 80 0.079100
29 81 0.079100
29 82 0.079100
29 83 0.079100
29 84 0.079099
29 85 0.079099
29 86 0.079099
29 87 0.079099
29 88 0.079099
29 89 0.079099
29 90 0.079098
29 91 0.079098
29 92 0.079098
29 93 0.079098
29 94 0.079098
29 95 0.079098
29 96 0.079098
29 97 0.079098
29 98 0.079098
29 99 0.079098

30 0 0.079101
30 1 0.079100
30 2 0.079101
30 3 0.079101
30 4 0.079101
30 5 0.079101
30 6 0.079101
30 7 0.079101
30 8 0.079101
30 9 0.079101
30 10 0.079101
30 11 0.079102
30 12 0.079102
30 13 0.079102
30 14 0.079102
30 15 0.079103
30 16 0.079103
30 17 0.079103
30 18 0.079103
30 19 0.079103
30 20 0.079103
30 21 0.079103
30 22 0.079103
30 23 0.079103
30 24 0.079103
30 25 0.079103
30 26 0.079103
30 27 0.079103
30 28 0.079103
30 29 0.079103
30 30 0.079103
30 31 0.079103
30 32 0.079103
30 33 0.079103
30 34 0.079104
30 35 0.079104
30 36 0.079104
30 37 0.079105
30 38 0.079105
30 39 0.079106
30 40 0.079106
30 41 0.079106
30 42 0.079106
30 43 0.079106
30 44 0.079106
30 45 0.079106
30 46 0.079106
30 47 0.079106
30 48 0.079106
30 49 0.079106
30 50 0.079106
30 51 0.079106
30 52 0.079106
30 53 0.079106
30 54 0.079106
30 55 0.079106
30 56 0.079106
30 57 0.079106
30 58 0.079105
30 59 0.079105
30 60 0.079105
30 61 0.079105
30 62 0.079104
30 63 0.079104
30 64 0.079104
30 65 0.079104
30 66 0.079103
30 67 0.079103
30 68 0.079103
30 69 0.079102
30 70 0.079102
30 71 0.079102
30 72 0.079101
30 73 0.079101
30 74 0.079101
30 75 0.079101
30 76 0.079100
30 77 0.079100
30 78 0.079100
30 79 0.079100
30 80 0.079100
30 81 0.079099
30 82 0.079099
30 83 0.079099
30 84 0.079099
30 85 0.079099
30 86 0.079099
30 87 0.079098
30 88 0.079098
30 89 0.079098
30 90 0.079097
30 91 0.079097
30 92 0.079097
30 93 0.079097
30 94 0.079097
30 95 0.079097
30 96 0.079097
30 97 0.079097
30 98 0.079097
30 99 0.079097

31 0 0.079099
31 1 0.079099
31 2 0.079099
31 3 0.079099
31 4 0.079099
31 5 0.079099
31 6 0.079100
31 7 0.079100
31 8 0.079100
31 9 0.079100
31 10 0.079100
31 11 0.079101
31 12 0.079101
31 13 0.079101
31 14 0.079101
31 15 0.079102
31 16 0.079102
31 17 0.079102
31 18 0.079102
31 19 0.079103
31 20 0.079103
31 21 0.079103
31 22 0.079103
31 23 0.079103
31 24 0.079103
31 25 0.079103
31 26 0.079103
31 27 0.079103
31 28 0.079103
31 29 0.079103
31 30 0.079103
31 31 0.079104
31 32 0.079104
31 33 0.079104
31 34 0.079105
31 35 0.079105
31 36 0.079105
31 37 0.079106
31 38 0.079106
31 39 0.079106
31 40 0.079107
31 41 0.079107
31 42 0.079107
31 43 0.079107
31 44 0.079107
31 45 0.079107
31 46 0.079107
31 47 0.079107
31 48 0.079107
31 49 0.079107
31 50 0.079107
31 51 0.079107
31 52 0.079107
31 53 0.079106
31 54 0.079106
31 55 0.079106
31 56 0.079106
31 57 0.079106
31 58 0.079106
31 59 0.079105
31 60 0.079105
31 61 0.079105
31 62 0.079105
31 63 0.079104
31 64 0.079104
31 65 0.079104
31 66 0.079103
31 67 0.079103
31 68 0.079103
31 69 0.079102
31 70 0.079102
31 71 0.079101
31 72 0.079101
31 73 0.079101
31 74 0.079100
31 75 0.079100
31 76 0.079100
31 77 0.079100
31 78 0.079100
31 79 0.079099
31 80 0.079099
31 81 0.079099
31 82 0.079099
31 83 0.079099
31 84 0.079098
31 85 0.079098
31 86 0.079098
31 87 0.079098
31 88 0.079097
31 89 0.079097
31 90 0.079096
31 91 0.079096
31 92 0.079096
31 93 0.079096
31 94 0.079096
31 95 0.079096
31 96 0.079096
31 97 0.079096
31 98 0.079096
31 99 0.079096

32 0 0.079098
32 1 0.079098
32 2 0.079098
32 3 0.079098
32 4 0.079098
32 5 0.079098
32 6 0.079098
32 7 0.079098
32 8 0.079099
32 9 0.079099
32 10 0.079099
32 11 0.079099
32 12 0.079100
32 13 0.079100
32 14 0.079101
32 15 0.079101
32 16 0.079101
32 17 0.079102
32 18 0.079102
32 19 0.079102
32 20 0.079102
32 21 0.079102
32 22 0.079103
32 23 0.079103
32 24 0.079103
32 25 0.079103
32 26 0.079103
32 27 0.079103
32 28 0.079104
32 29 0.079104
32 30 0.079104
32 31 0.079104
32 32 0.079105
32 33 0.079105
32 34 0.079106
32 35 0.079106
32 36 0.079106
32 37 0.079107
32 38 0.079107
32 39 0.079107
32 40 0.079107
32 41 0.079108
32 42 0.079108
32 43 0.079108
32 44 0.079108
32 45 0.079108
32 46 0.079107
32 47 0.079107
32 48 0.079107
32 49 0.079107
32 50 0.079107
32 51 0.079107
32 52 0.079107
32 53 0.079107
32 54 0.079107
32 55 0.079106
32 56 0.079106
32 57 0.079106
32 58 0.079106
32 59 0.079106
32 60 0.079105
32 61 0.079105
32 62 0.079105
32 63 0.079104
32 64 0.079104
32 65 0.079104
32 66 0.079103
32 67 0.079103
32 68 0.079103
32 69 0.079102
32 70 0.079102
32 71 0.079101
32 72 0.079101
32 73 0.079101
32 74 0.079100
32 75 0.079100
32 76 0.079100
32 77 0.079099
32 78 0.079099
32 79 0.079099
32 80 0.079099
32 81 0.079099
32 82 0.079099
32 83 0.079098
32 84 0.079098
32 85 0.079098
32 86 0.079097
32 87 0.079097
32 88 0.079096
32 89 0.079096
32 90 0.079095
32 91 0.079095
32 92 0.079095
32 93 0.079095
32 94 0.079095
32 95 0.079095
32 96 0.079095
32 97 0.079095
32 98 0.079095
32 99 0.079095

33 0 0.079097
33 1 0.079097
33 2 0.079097
33 3 0.079097
33 4 0.079097
33 5 0.079097
33 6 0.079097
33 7 0.079097
33 8 0.079097
33 9 0.079098
33 10 0.079098
33 11 0.079098
33 12 0.079099
33 13 0.079099
33 14 0.079100
33 15 0.079100
33 16 0.079101
33 17 0.079101
33 18 0.079101
33 19 0.079102
33 20 0.079102
33 21 0.079102
33 22 0.079103
33 23 0.079103
33 24 0.079103
33 25 0.079103
33 26 0.079103
33 27 0.079104
33 28 0.079104
33 29 0.079104
33 30 0.079105
33 31 0.079105
33 32 0.079106
33 33 0.079106
33 34 0.079106
33 35 0.079107
33 36 0.079107
33 37 0.079108
33 38 0.079108
33 39 0.079108
33 40 0.079108
33 41 0.079108
33 42 0.079108
33 43 0.079108
33 44 0.079108
33 45 0.079108
33 46 0.079108
33 47 0.079108
33 48 0.079108
33 49 0.079107
33 50 0.079107
33 51 0.079107
33 52 0.079107
33 53 0.079107
33 54 0.079107
33 55 0.079107
33 56 0.079106
33 57 0.079106
33 58 0.079106
33 59 0.079106
33 60 0.079105
33 61 0.079105
33 62 0.079105
33 63 0.079104
33 64 0.079104
33 65 0.079104
33 66 0.079103
33 67 0.079103
33 68 0.079102
33 69 0.079102
33 70 0.079102
33 71 0.079101
33 72 0.079101
33 73 0.079100
33 74 0.079100
33 75 0.079100
33 76 0.079099
33 77 0.079099
33 78 0.079099
33 79 0.079099
33 80 0.079099
33 81 0.079099
33 82 0.079098
33 83 0.079098
33 84 0.079098
33 85 0.079097
33 86 0.079097
33 87 0.079096
33 88 0.079095
33 89 0.079095
33 90 0.079094
33 91 0.079094
33 92 0.079094
33 93 0.079094
33 94 0.079094
33 95 0.079094
33 96 0.079094
33 97 0.079094
33 98 0.079094
33 99 0.079094

34 0 0.079096
34 1 0.079096
34 2 0.079096
34 3 0.079095
34 4 0.079096
34 5 0.079096
34 6 0.079096
34 7 0.079096
34 8 0.079096
34 9 0.079096
34 10 0.079097
34 11 0.079097
34 12 0.079098
34 13 0.079099
34 14 0.079099
34 15 0.079100
34 16 0.079100
34 17 0.079101
34 18 0.079101
34 19 0.079102
34 20 0.079102
34 21 0.079102
34 22 0.079103
34 23 0.079103
34 24 0.079103
34 25 0.079104
34 26 0.079104
34 27 0.079104
34 28 0.079105
34 29 0.079105
34 30 0.079105
34 31 0.079106
34 32 0.079106
34 33 0.079107
34 34 0.079107
34 35 0.079108
34 36 0.079108
34 37 0.079108
34 38 0.079108
34 39 0.079109
34 40 0.079109
34 41 0.079109
34 42 0.079109
34 43 0.079109
34 44 0.079108
34 45 0.079108
34 46 0.079108
34 47 0.079108
34 48 0.079108
34 49 0.079108
34 50 0.079108
34 51 0.079107
34 52 0.079107
34 53 0.079107
34 54 0.079107
34 55 0.079107
34 56 0.079107
34 57 0.079106
34 58 0.079106
34 59 0.079106
34 60 0.079105
34 61 0.079105
34 62 0.079105
34 63 0.079104
34 64 0.079104
34 65 0.079104
34 66 0.079103
34 67 0.079103
34 68 0.079102
34 69 0.079102
34 70 0.079101
34 71 0.079101
34 72 0.079101
34 73 0.079100
34 74 0.079100
34 75 0.079100
34 76 0.079099
34 77 0.079099
34 78 0.079099
34 79 0.079099
34 80 0.079099
34 81 0.079098
34 82 0.079098
34 83 0.079098
34 84 0.079097
34 85 0.079097
34 86 0.079096
34 87 0.079095
34 88 0.079095
34 89 0.079094
34 90 0.079094
34 91 0.079093
34 92 0.079093
34 93 0.079093
34 94 0.079093
34 95 0.079093
34 96 0.079093
34 97 0.079094
34 98 0.079093
34 99 0.079093

35 0 0.079095
35 1 0.079094
35 2 0.079095
35 3 0.079094
35 4 0.079094
35 5 0.079094
35 6 0.079094
35 7 0.079095
35 8 0.079095
35 9 0.079095
35 10 0.079096
35 11 0.079096
35 12 0.079097
35 13 0.079098
35 14 0.079098
35 15 0.079099
35 16 0.079100
35 17 0.079100
35 18 0.079101
35 19 0.079101
35 20 0.079102
35 21 0.079102
35 22 0.079103
35 23 0.079103
35 24 0.079103
35 25 0.079104
35 26 0.079104
35 27 0.079105
35 28 0.079105
35 29 0.079106
35 30 0.079106
35 31 0.079107
35 32 0.079107
35 33 0.079108
35 34 0.079108
35 35 0.079108
35 36 0.079109
35 37 0.079109
35 38 0.079109
35 39 0.079109
35 40 0.079109
35 41 0.079109
35 42 0.079109
35 43 0.079109
35 44 0.079109
35 45 0.079108
35 46 0.079108
35 47 0.079108
35 48 0.079108
35 49 0.079108
35 50 0.079108
35 51 0.079108
35 52 0.079108
35 53 0.079107
35 54 0.079107
35 55 0.079107
35 56 0.079107
35 57 0.079106
35 58 0.079106
35 59 0.079106
35 60 0.079105
35 61 0.079105
35 62 0.079105
35 63 0.079104
35 64 0.079104
35 65 0.079104
35 66 0.079103
35 67 0.079103
35 68 0.079102
35 69 0.079102
35 70 0.079101
35 71 0.079101
35 72 0.079101
35 73 0.079100
35 74 0.079100
35 75 0.079100
35 76 0.079099
35 77 0.079099
35 78 0.079099
35 79 0.079099
35 80 0.079098
35 81 0.079098
35 82 0.079098
35 83 0.079097
35 84 0.079097
35 85 0.079096
35 86 0.079095
35 87 0.079095
35 88 0.079094
35 89 0.079093
35 90 0.079093
35 91 0.079092
35 92 0.079092
35 93 0.079092
35 94 0.079092
35 95 0.079092
35 96 0.079092
35 97 0.079093
35 98 0.079093
35 99 0.079093

36 0 0.079093
36 1 0.079093
36 2 0.079094
36 3 0.079093
36 4 0.079093
36 5 0.079093
36 6 0.079093
36 7 0.079093
36 8 0.079094
36 9 0.079094
36 10 0.079095
36 11 0.079096
36 12 0.079096
36 13 0.079097
36 14 0.079098
36 15 0.079099
36 16 0.079099
36 17 0.079100
36 18 0.079101
36 19 0.079101
36 20 0.079102
36 21 0.079102
36 22 0.079103
36 23 0.079103
36 24 0.079104
36 25 0.079104
36 26 0.079105
36 27 0.079105
36 28 0.079106
36 29 0.079106
36 30 0.079107
36 31 0.079107
36 32 0.079108
36 33 0.079108
36 34 0.079109
36 35 0.079109
36 36 0.079109
36 37 0.079109
36 38 0.079110
36 39 0.079110
36 40 0.079109
36 41 0.079109
36 42 0.079109
36 43 0.079109
36 44 0.079109
36 45 0.079109
36 46 0.079108
36 47 0.079108
36 48 0.079108
36 49 0.079108
36 50 0.079108
36 51 0.079108
36 52 0.079108
36 53 0.079107
36 54 0.079107
36 55 0.079107
36 56 0.079107
36 57 0.079106
36 58 0.079106
36 59 0.079106
36 60 0.079105
36 61 0.079105
36 62 0.079105
36 63 0.079104
36 64 0.079104
36 65 0.079104
36 66 0.079103
36 67 0.079103
36 68 0.079102
36 69 0.079102
36 70 0.079101
36 71 0.079101
36 72 0.079100
36 73 0.079100
36 74 0.079100
36 75 0.079099
36 76 0.079099
36 77 0.079099
36 78 0.079099
36 79 0.079099
36 80 0.079098
36 81 0.079098
36 82 0.079098
36 83 0.079097
36 84 0.079097
36 85 0.079096
36 86 0.079095
36 87 0.079094
36 88 0.079093
36 89 0.079092
36 90 0.079092
36 91 0.079091
36 92 0.079091
36 93 0.079091
36 94 0.079091
36 95 0.079092
36 96 0.079091
36 97 0.079092
36 98 0.079092
36 99 0.079092

37 0 0.079092
37 1 0.079092
37 2 0.079092
37 3 0.079092
37 4 0.079092
37 5 0.079092
37 6 0.079092
37 7 0.079092
37 8 0.079092
37 9 0.079093
37 10 0.079094
37 11 0.079095
37 12 0.079095
37 13 0.079096
37 14 0.079097
37 15 0.079098
37 16 0.079099
37 17 0.079100
37 18 0.079100
37 19 0.079101
37 20 0.079102
37 21 0.079102
37 22 0.079103
37 23 0.079104
37 24 0.079104
37 25 0.079105
37 26 0.079105
37 27 0.079106
37 28 0.079106
37 29 0.079107
37 30 0.079108
37 31 0.079108
37 32 0.079109
37 33 0.079109
37 34 0.079109
37 35 0.079110
37 36 0.079110
37 37 0.079110
37 38 0.079110
37 39 0.079110
37 40 0.079110
37 41 0.079109
37 42 0.079109
37 43 0.079109
37 44 0.079109
37 45 0.079109
37 46 0.079108
37 47 0.079108
37 48 0.079108
37 49 0.079108
37 50 0.079108
37 51 0.079108
37 52 0.079108
37 53 0.079108
37 54 0.079107
37 55 0.079107
37 56 0.079107
37 57 0.079106
37 58 0.079106
37 59 0.079106
37 60 0.079105
37 61 0.079105
37 62 0.079105
37 63 0.079104
37 64 0.079104
37 65 0.079104
37 66 0.079103
37 67 0.079103
37 68 0.079102
37 69 0.079102
37 70 0.079101
37 71 0.079101
37 72 0.079100
37 73 0.079100
37 74 0.079100
37 75 0.079099
37 76 0.079099
37 77 0.079099
37 78 0.079099
37 79 0.079098
37 80 0.079098
37 81 0.079098
37 82 0.079097
37 83 0.079097
37 84 0.079096
37 85 0.079095
37 86 0.079094
37 87 0.079093
37 88 0.079092
37 89 0.079091
37 90 0.079091
37 91 0.079090
37 92 0.079090
37 93 0.079090
37 94 0.079090
37 95 0.079091
37 96 0.079091
37 97 0.079091
37 98 0.079091
37 99 0.079091

38 0 0.079091
38 1 0.079091
38 2 0.079091
38 3 0.079090
38 4 0.079091
38 5 0.079091
38 6 0.079091
38 7 0.079091
38 8 0.079091
38 9 0.079092
38 10 0.079093
38 11 0.079094
38 12 0.079095
38 13 0.079096
38 14 0.079097
38 15 0.079098
38 16 0.079099
38 17 0.079100
38 18 0.079100
38 19 0.079101
38 20 0.079102
38 21 0.079102
38 22 0.079103
38 23 0.079104
38 24 0.079104
38 25 0.079105
38 26 0.079106
38 27 0.079106
38 28 0.079107
38 29 0.079108
38 30 0.079108
38 31 0.079109
38 32 0.079109
38 33 0.079109
38 34 0.079110
38 35 0.079110
38 36 0.079110
38 37 0.079110
38 38 0.079110
38 39 0.079110
38 40 0.079110
38 41 0.079109
38 42 0.079109
38 43 0.079109
38 44 0.079109
38 45 0.079109
38 46 0.079108
38 47 0.079108
38 48 0.079108
38 49 0.079108
38 50 0.079108
38 51 0.079108
38 52 0.079108
38 53 0.079108
38 54 0.079107
38 55 0.079107
38 56 0.079107
38 57 0.079106
38 58 0.079106
38 59 0.079106
38 60 0.079105
38 61 0.079105
38 62 0.079105
38 63 0.079104
38 64 0.079104
38 65 0.079104
38 66 0.079103
38 67 0.079103
38 68 0.079102
38 69 0.079102
38 70 0.079101
38 71 0.079101
38 72 0.079100
38 73 0.079100
38 74 0.079100
38 75 0.079099
38 76 0.079099
38 77 0.079099
38 78 0.079099
38 79 0.079098
38 80 0.079098
38 81 0.079098
38 82 0.079097
38 83 0.079096
38 84 0.079096
38 85 0.079095
38 86 0.079094
38 87 0.079092
38 88 0.079091
38 89 0.079090
38 90 0.079090
38 91 0.079089
38 92 0.079089
38 93 0.079089
38 94 0.079090
38 95 0.079090
38 96 0.079090
38 97 0.079091
38 98 0.079090
38 99 0.079090

39 0 0.079090
39 1 0.079089
39 2 0.079090
39 3 0.079089
39 4 0.079090
39 5 0.079090
39 6 0.079090
39 7 0.079090
39 8 0.079090
39 9 0.079091
39 10 0.079092
39 11 0.079093
39 12 0.079094
39 13 0.079095
39 14 0.079096
39 15 0.079097
39 16 0.079098
39 17 0.079098
39 18 0.079099
39 19 0.079100
39 20 0.079100
39 21 0.079101
39 22 0.079102
39 23 0.079103
39 24 0.079103
39 25 0.079104
39 26 0.079104
39 27 0.079105
39 28 0.079105
39 29 0.079106
39 30 0.079106
39 31 0.079106
39 32 0.079107
39 33 0.079107
39 34 0.079107
39 35 0.079106
39 36 0.079106
39 37 0.079106
39 38 0.079106
39 39 0.079105
39 40 0.079105
39 41 0.079105
39 42 0.079105
39 43 0.079104
39 44 0.079104
39 45 0.079104
39 46 0.079104
39 47 0.079103
39 48 0.079103
39 49 0.079103
39 50 0.079103
39 51 0.079103
39 52 0.079103
39 53 0.079102
39 54 0.079102
39 55 0.079102
39 56 0.079102
39 57 0.079102
39 58 0.079102
39 59 0.079101
39 60 0.079101
39 61 0.079101
39 62 0.079101
39 63 0.079101
39 64 0.079100
39 65 0.079100
39 66 0.079100
39 67 0.079099
39 68 0.079099
39 69 0.079099
39 70 0.079098
39 71 0.079098
39 72 0.079098
39 73 0.079097
39 74 0.079097
39 75 0.079097
39 76 0.079097
39 77 0.079096
39 78 0.079096
39 79 0.079096
39 80 0.079095
39 81 0.079094
39 82 0.079094
39 83 0.079093
39 84 0.079092
39 85 0.079091
39 86 0.079090
39 87 0.079089
39 88 0.079089
39 89 0.079088
39 90 0.079088
39 91 0.079088
39 92 0.079088
39 93 0.079088
39 94 0.079088
39 95 0.079089
39 96 0.079088
39 97 0.079089
39 98 0.079089
39 99 0.079089

40 0 0.079088
40 1 0.079088
40 2 0.079089
40 3 0.079088
40 4 0.079089
40 5 0.079089
40 6 0.079089
40 7 0.079089
40 8 0.079090
40 9 0.079090
40 10 0.079091
40 11 0.079092
40 12 0.079093
40 13 0.079094
40 14 0.079094
40 15 0.079096
40 16 0.079097
40 17 0.079098
40 18 0.079098
40 19 0.079099
40 20 0.079100
40 21 0.079101
40 22 0.079102
40 23 0.079103
40 24 0.079103
40 25 0.079104
40 26 0.079105
40 27 0.079105
40 28 0.079106
40 29 0.079106
40 30 0.079106
40 31 0.079106
40 32 0.079107
40 33 0.079107
40 34 0.079106
40 35 0.079106
40 36 0.079106
40 37 0.079106
40 38 0.079106
40 39 0.079105
40 40 0.079105
40 41 0.079105
40 42 0.079104
40 43 0.079104
40 44 0.079104
40 45 0.079104
40 46 0.079104
40 47 0.079103
40 48 0.079103
40 49 0.079103
40 50 0.079103
40 51 0.079103
40 52 0.079103
40 53 0.079102
40 54 0.079102
40 55 0.079102
40 56 0.079102
40 57 0.079102
40 58 0.079101
40 59 0.079101
40 60 0.079101
40 61 0.079101
40 62 0.079101
40 63 0.079100
40 64 0.079100
40 65 0.079100
40 66 0.079099
40 67 0.079099
40 68 0.079099
40 69 0.079098
40 70 0.079098
40 71 0.079098
40 72 0.079097
40 73 0.079097
40 74 0.079097
40 75 0.079097
40 76 0.079096
40 77 0.079096
40 78 0.079096
40 79 0.079095
40 80 0.079095
40 81 0.079094
40 82 0.079093
40 83 0.079092
40 84 0.079091
40 85 0.079090
40 86 0.079090
40 87 0.079089
40 88 0.079088
40 89 0.079087
40 90 0.079087
40 91 0.079087
40 92 0.079087
40 93 0.079087
40 94 0.079087
40 95 0.079088
40 96 0.079087
40 97 0.079088
40 98 0.079088
40 99 0.079088

41 0 0.079087
41 1 0.079087
41 2 0.079088
41 3 0.079087
41 4 0.079088
41 5 0.079088
41 6 0.079088
41 7 0.079089
41 8 0.079089
41 9 0.079090
41 10 0.079090
41 11 0.079091
41 12 0.079092
41 13 0.079093
41 14 0.079094
41 15 0.079095
41 16 0.079096
41 17 0.079097
41 18 0.079098
41 19 0.079099
41 20 0.079100
41 21 0.079101
41 22 0.079102
41 23 0.079103
41 24 0.079103
41 25 0.079104
41 26 0.079105
41 27 0.079105
41 28 0.079106
41 29 0.079106
41 30 0.079106
41 31 0.079106
41 32 0.079106
41 33 0.079106
41 34 0.079106
41 35 0.079106
41 36 0.079106
41 37 0.079106
41 38 0.079105
41 39 0.079105
41 40 0.079105
41 41 0.079104
41 42 0.079104
41 43 0.079104
41 44 0.079104
41 45 0.079104
41 46 0.079103
41 47 0.079103
41 48 0.079103
41 49 0.079103
41 50 0.079103
41 51 0.079103
41 52 0.079102
41 53 0.079102
41 54 0.079102
41 55 0.079102
41 56 0.079101
41 57 0.079101
41 58 0.079101
41 59 0.079101
41 60 0.079101
41 61 0.079101
41 62 0.079100
41 63 0.079100
41 64 0.079100
41 65 0.079100
41 66 0.079099
41 67 0.079099
41 68 0.079099
41 69 0.079098
41 70 0.079098
41 71 0.079098
41 72 0.079097
41 73 0.079097
41 74 0.079097
41 75 0.079096
41 76 0.079096
41 77 0.079096
41 78 0.079096
41 79 0.079095
41 80 0.079094
41 81 0.079094
41 82 0.079093
41 83 0.079092
41 84 0.079091
41 85 0.079090
41 86 0.079089
41 87 0.079088
41 88 0.079087
41 89 0.079087
41 90 0.079087
41 91 0.079086
41 92 0.079086
41 93 0.079086
41 94 0.079087
41 95 0.079087
41 96 0.079086
41 97 0.079088
41 98 0.079087
41 99 0.079087

42 0 0.079086
42 1 0.079086
42 2 0.079087
42 3 0.079086
42 4 0.079087
42 5 0.079087
42 6 0.079087
42 7 0.079088
42 8 0.079088
42 9 0.079089
42 10 0.079090
42 11 0.079091
42 12 0.079092
42 13 0.079093
42 14 0.079094
42 15 0.079095
42 16 0.079096
42 17 0.079097
42 18 0.079098
42 19 0.079099
42 20 0.079100
42 21 0.079101
42 22 0.079102
42 23 0.079103
42 24 0.079103
42 25 0.079104
42 26 0.079105
42 27 0.079105
42 28 0.079105
42 29 0.079106
42 30 0.079106
42 31 0.079106
42 32 0.079106
42 33 0.079106
42 34 0.079106
42 35 0.079106
42 36 0.079106
42 37 0.079105
42 38 0.079105
42 39 0.079105
42 40 0.079104
42 41 0.079104
42 42 0.079104
42 43 0.079104
42 44 0.079104
42 45 0.079103
42 46 0.079103
42 47 0.079103
42 48 0.079103
42 49 0.079103
42 50 0.079103
42 51 0.079102
42 52 0.079102
42 53 0.079102
42 54 0.079102
42 55 0.079101
42 56 0.079101
42 57 0.079101
42 58 0.079101
42 59 0.079101
42 60 0.079100
42 61 0.079100
42 62 0.079100
42 63 0.079100
42 64 0.079100
42 65 0.079099
42 66 0.079099
42 67 0.079099
42 68 0.079098
42 69 0.079098
42 70 0.079098
42 71 0.079097
42 72 0.079097
42 73 0.079097
42 74 0.079097
42 75 0.079096
42 76 0.079096
42 77 0.079096
42 78 0.079095
42 79 0.079095
42 80 0.079094
42 81 0.079093
42 82 0.079092
42 83 0.079091
42 84 0.079090
42 85 0.079089
42 86 0.079088
42 87 0.079087
42 88 0.079087
42 89 0.079086
42 90 0.079086
42 91 0.079085
42 92 0.079086
42 93 0.079085
42 94 0.079086
42 95 0.079086
42 96 0.079086
42 97 0.079087
42 98 0.079086
42 99 0.079086

43 0 0.079085
43 1 0.079086
43 2 0.079086
43 3 0.079086
43 4 0.079086
43 5 0.079087
43 6 0.079087
43 7 0.079087
43 8 0.079088
43 9 0.079089
43 10 0.079089
43 11 0.079090
43 12 0.079091
43 13 0.079093
43 14 0.079094
43 15 0.079095
43 16 0.079096
43 17 0.079097
43 18 0.079098
43 19 0.079099
43 20 0.079100
43 21 0.079101
43 22 0.079102
43 23 0.079103
43 24 0.079103
43 25 0.079104
43 26 0.079104
43 27 0.079105
43 28 0.079105
43 29 0.079106
43 30 0.079106
43 31 0.079106
43 32 0.079106
43 33 0.079106
43 34 0.079106
43 35 0.079106
43 36 0.079105
43 37 0.079105
43 38 0.079105
43 39 0.079105
43 40 0.079104
43 41 0.079104
43 42 0.079104
43 43 0.079104
43 44 0.079103
43 45 0.079103
43 46 0.079103
43 47 0.079103
43 48 0.079103
43 49 0.079103
43 50 0.079102
43 51 0.079102
43 52 0.079102
43 53 0.079102
43 54 0.079101
43 55 0.079101
43 56 0.079101
43 57 0.079101
43 58 0.079100
43 59 0.079100
43 60 0.079100
43 61 0.079100
43 62 0.079100
43 63 0.079099
43 64 0.079099
43 65 0.079099
43 66 0.079099
43 67 0.079098
43 68 0.079098
43 69 0.079098
43 70 0.079097
43 71 0.079097
43 72 0.079097
43 73 0.079097
43 74 0.079096
43 75 0.079096
43 76 0.079096
43 77 0.079095
43 78 0.079095
43 79 0.079094
43 80 0.079094
43 81 0.079093
43 82 0.079092
43 83 0.079091
43 84 0.079090
43 85 0.079089
43 86 0.079088
43 87 0.079086
43 88 0.079086
43 89 0.079085
43 90 0.079085
43 91 0.079085
43 92 0.079085
43 93 0.079085
43 94 0.079085
43 95 0.079085
43 96 0.079085
43 97 0.079086
43 98 0.079085
43 99 0.079085

44 0 0.079085
44 1 0.079085
44 2 0.079086
44 3 0.079085
44 4 0.079086
44 5 0.079086
44 6 0.079086
44 7 0.079087
44 8 0.079087
44 9 0.079088
44 10 0.079089
44 11 0.079090
44 12 0.079091
44 13 0.079092
44 14 0.079093
44 15 0.079095
44 16 0.079096
44 17 0.079097
44 18 0.079098
44 19 0.079099
44 20 0.079100
44 21 0.079101
44 22 0.079102
44 23 0.079102
44 24 0.079103
44 25 0.079104
44 26 0.079104
44 27 0.079105
44 28 0.079105
44 29 0.079105
44 30 0.079105
44 31 0.079106
44 32 0.079106
44 33 0.079106
44 34 0.079105
44 35 0.079105
44 36 0.079105
44 37 0.079105
44 38 0.079104
44 39 0.079104
44 40 0.079104
44 41 0.079104
44 42 0.079104
44 43 0.079103
44 44 0.079103
44 45 0.079103
44 46 0.079103
44 47 0.079103
44 48 0.079103
44 49 0.079102
44 50 0.079102
44 51 0.079102
44 52 0.079101
44 53 0.079101
44 54 0.079101
44 55 0.079100
44 56 0.079100
44 57 0.079100
44 58 0.079099
44 59 0.079099
44 60 0.079099
44 61 0.079099
44 62 0.079099
44 63 0.079099
44 64 0.079098
44 65 0.079098
44 66 0.079098
44 67 0.079098
44 68 0.079097
44 69 0.079097
44 70 0.079097
44 71 0.079096
44 72 0.079096
44 73 0.079096
44 74 0.079096
44 75 0.079095
44 76 0.079095
44 77 0.079095
44 78 0.079094
44 79 0.079094
44 80 0.079093
44 81 0.079092
44 82 0.079091
44 83 0.079090
44 84 0.079089
44 85 0.079088
44 86 0.079087
44 87 0.079086
44 88 0.079085
44 89 0.079084
44 90 0.079084
44 91 0.079084
44 92 0.079084
44 93 0.079084
44 94 0.079084
44 95 0.079085
44 96 0.079084
44 97 0.079085
44 98 0.079085
44 99 0.079085

45 0 0.079084
45 1 0.079085
45 2 0.079085
45 3 0.079085
45 4 0.079086
45 5 0.079086
45 6 0.079086
45 7 0.079087
45 8 0.079087
45 9 0.079088
45 10 0.079089
45 11 0.079090
45 12 0.079091
45 13 0.079092
45 14 0.079093
45 15 0.079094
45 16 0.079095
45 17 0.079096
45 18 0.079097
45 19 0.079098
45 20 0.079099
45 21 0.079100
45 22 0.079101
45 23 0.079102
45 24 0.079102
45 25 0.079103
45 26 0.079104
45 27 0.079104
45 28 0.079104
45 29 0.079104
45 30 0.079105
45 31 0.079105
45 32 0.079105
45 33 0.079105
45 34 0.079104
45 35 0.079104
45 36 0.079104
45 37 0.079104
45 38 0.079104
45 39 0.079103
45 40 0.079103
45 41 0.079103
45 42 0.079103
45 43 0.079103
45 44 0.079102
45 45 0.079102
45 46 0.079102
45 47 0.079102
45 48 0.079102
45 49 0.079101
45 50 0.079101
45 51 0.079101
45 52 0.079100
45 53 0.079100
45 54 0.079100
45 55 0.079100
45 56 0.079099
45 57 0.079099
45 58 0.079099
45 59 0.079099
45 60 0.079099
45 61 0.079099
45 62 0.079098
45 63 0.079098
45 64 0.079098
45 65 0.079098
45 66 0.079098
45 67 0.079097
45 68 0.079097
45 69 0.079097
45 70 0.079097
45 71 0.079096
45 72 0.079096
45 73 0.079096
45 74 0.079096
45 75 0.079095
45 76 0.079095
45 77 0.079095
45 78 0.079094
45 79 0.079093
45 80 0.079093
45 81 0.079092
45 82 0.079091
45 83 0.079090
45 84 0.079088
45 85 0.079087
45 86 0.079086
45 87 0.079085
45 88 0.079085
45 89 0.079084
45 90 0.079084
45 91 0.079083
45 92 0.079084
45 93 0.079083
45 94 0.079084
45 95 0.079084
45 96 0.079084
45 97 0.079085
45 98 0.079084
45 99 0.079084

46 0 0.079084
46 1 0.079084
46 2 0.079085
46 3 0.079085
46 4 0.079085
46 5 0.079086
46 6 0.079086
46 7 0.079087
46 8 0.079087
46 9 0.079088
46 10 0.079089
46 11 0.079090
46 12 0.079091
46 13 0.079092
46 14 0.079093
46 15 0.079094
46 16 0.079095
46 17 0.079096
46 18 0.079097
46 19 0.079098
46 20 0.079099
46 21 0.079100
46 22 0.079101
46 23 0.079102
46 24 0.079102
46 25 0.079103
46 26 0.079103
46 27 0.079104
46 28 0.079104
46 29 0.079104
46 30 0.079104
46 31 0.079104
46 32 0.079104
46 33 0.079104
46 34 0.079104
46 35 0.079104
46 36 0.079104
46 37 0.079103
46 38 0.079103
46 39 0.079103
46 40 0.079103
46 41 0.079103
46 42 0.079102
46 43 0.079102
46 44 0.079102
46 45 0.079102
46 46 0.079102
46 47 0.079101
46 48 0.079101
46 49 0.079101
46 50 0.079101
46 51 0.079100
46 52 0.079100
46 53 0.079100
46 54 0.079099
46 55 0.079099
46 56 0.079099
46 57 0.079099
46 58 0.079099
46 59 0.079098
46 60 0.079098
46 61 0.079098
46 62 0.079098
46 63 0.079098
46 64 0.079098
46 65 0.079098
46 66 0.079097
46 67 0.079097
46 68 0.079097
46 69 0.079097
46 70 0.079096
46 71 0.079096
46 72 0.079096
46 73 0.079096
46 74 0.079095
46 75 0.079095
46 76 0.079095
46 77 0.079094
46 78 0.079094
46 79 0.079093
46 80 0.079092
46 81 0.079091
46 82 0.079090
46 83 0.079089
46 84 0.079088
46 85 0.079087
46 86 0.079086
46 87 0.079085
46 88 0.079084
46 89 0.079083
46 90 0.079083
46 91 0.079083
46 92 0.079083
46 93 0.079083
46 94 0.079083
46 95 0.079084
46 96 0.079083
46 97 0.079084
46 98 0.079084
46 99 0.079084

47 0 0.079084
47 1 0.079084
47 2 0.079085
47 3 0.079085
47 4 0.079085
47 5 0.079085
47 6 0.079086
47 7 0.079086
47 8 0.079087
47 9 0.079088
47 10 0.079088
47 11 0.079090
47 12 0.079090
47 13 0.079092
47 14 0.079093
47 15 0.079094
47 16 0.079095
47 17 0.079096
47 18 0.079097
47 19 0.079098
47 20 0.079099
47 21 0.079100
47 22 0.079101
47 23 0.079101
47 24 0.079102
47 25 0.079102
47 26 0.079103
47 27 0.079103
47 28 0.079104
47 29 0.079104
47 30 0.079104
47 31 0.079104
47 32 0.079104
47 33 0.079104
47 34 0.079104
47 35 0.079104
47 36 0.079103
47 37 0.079103
47 38 0.079103
47 39 0.079103
47 40 0.079103
47 41 0.079102
47 42 0.079102
47 43 0.079102
47 44 0.079102
47 45 0.079102
47 46 0.079101
47 47 0.079101
47 48 0.079101
47 49 0.079100
47 50 0.079100
47 51 0.079100
47 52 0.079099
47 53 0.079099
47 54 0.079099
47 55 0.079099
47 56 0.079098
47 57 0.079098
47 58 0.079098
47 59 0.079098
47 60 0.079098
47 61 0.079098
47 62 0.079098
47 63 0.079098
47 64 0.079097
47 65 0.079097
47 66 0.079097
47 67 0.079097
47 68 0.079097
47 69 0.079096
47 70 0.079096
47 71 0.079096
47 72 0.079096
47 73 0.079095
47 74 0.079095
47 75 0.079095
47 76 0.079094
47 77 0.079094
47 78 0.079094
47 79 0.079093
47 80 0.079092
47 81 0.079091
47 82 0.079090
47 83 0.079089
47 84 0.079088
47 85 0.079086
47 86 0.079085
47 87 0.079084
47 88 0.079084
47 89 0.079083
47 90 0.079083
47 91 0.079083
47 92 0.079083
47 93 0.079083
47 94 0.079083
47 95 0.079084
47 96 0.079083
47 97 0.079084
47 98 0.079084
47 99 0.079084

48 0 0.079084
48 1 0.079084
48 2 0.079085
48 3 0.079085
48 4 0.079085
48 5 0.079086
48 6 0.079086
48 7 0.079086
48 8 0.079087
48 9 0.079088
48 10 0.079088
48 11 0.079089
48 12 0.079090
48 13 0.079092
48 14 0.079093
48 15 0.079094
48 16 0.079095
48 17 0.079096
48 18 0.079097
48 19 0.079098
48 20 0.079099
48 21 0.079100
48 22 0.079100
48 23 0.079101
48 24 0.079102
48 25 0.079102
48 26 0.079103
48 27 0.079103
48 28 0.079103
48 29 0.079103
48 30 0.079104
48 31 0.079104
48 32 0.079104
48 33 0.079103
48 34 0.079103
48 35 0.079103
48 36 0.079103
48 37 0.079103
48 38 0.079103
48 39 0.079102
48 40 0.079102
48 41 0.079102
48 42 0.079102
48 43 0.079102
48 44 0.079101
48 45 0.079101
48 46 0.079101
48 47 0.079101
48 48 0.079100
48 49 0.079100
48 50 0.079100
48 51 0.079099
48 52 0.079099
48 53 0.079099
48 54 0.079098
48 55 0.079098
48 56 0.079098
48 57 0.079098
48 58 0.079098
48 59 0.079098
48 60 0.079098
48 61 0.079097
48 62 0.079097
48 63 0.079097
48 64 0.079097
48 65 0.079097
48 66 0.079097
48 67 0.079097
48 68 0.079096
48 69 0.079096
48 70 0.079096
48 71 0.079096
48 72 0.079095
48 73 0.079095
48 74 0.079095
48 75 0.079095
48 76 0.079094
48 77 0.079094
48 78 0.079093
48 79 0.079093
48 80 0.079092
48 81 0.079091
48 82 0.079090
48 83 0.079089
48 84 0.079087
48 85 0.079086
48 86 0.079085
48 87 0.079084
48 88 0.079084
48 89 0.079083
48 90 0.079083
48 91 0.079083
48 92 0.079083
48 93 0.079083
48 94 0.079083
48 95 0.079083
48 96 0.079083
48 97 0.079084
48 98 0.079084
48 99 0.079084

49 0 0.079084
49 1 0.079085
49 2 0.079085
49 3 0.079085
49 4 0.079086
49 5 0.079086
49 6 0.079086
49 7 0.079087
49 8 0.079087
49 9 0.079088
49 10 0.079089
49 11 0.079090
49 12 0.079090
49 13 0.079092
49 14 0.079093
49 15 0.079094
49 16 0.079095
49 17 0.079096
49 18 0.079097
49 19 0.079098
49 20 0.079099
49 21 0.079099
49 22 0.079100
49 23 0.079101
49 24 0.079101
49 25 0.079102
49 26 0.079102
49 27 0.079103
49 28 0.079103
49 29 0.079103
49 30 0.079103
49 31 0.079103
49 32 0.079103
49 33 0.079103
49 34 0.079103
49 35 0.079103
49 36 0.079103
49 37 0.079102
49 38 0.079102
49 39 0.079102
49 40 0.079102
49 41 0.079102
49 42 0.079101
49 43 0.079101
49 44 0.079101
49 45 0.079101
49 46 0.079101
49 47 0.079100
49 48 0.079100
49 49 0.079100
49 50 0.079099
49 51 0.079099
49 52 0.079098
49 53 0.079098
49 54 0.079098
49 55 0.079098
49 56 0.079098
49 57 0.079097
49 58 0.079097
49 59 0.079097
49 60 0.079097
49 61 0.079097
49 62 0.079097
49 63 0.079097
49 64 0.079097
49 65 0.079097
49 66 0.079096
49 67 0.079096
49 68 0.079096
49 69 0.079096
49 70 0.079096
49 71 0.079095
49 72 0.079095
49 73 0.079095
49 74 0.079095
49 75 0.079094
49 76 0.079094
49 77 0.079094
49 78 0.079093
49 79 0.079092
49 80 0.079092
49 81 0.079091
49 82 0.079090
49 83 0.079088
49 84 0.079087
49 85 0.079086
49 86 0.079085
49 87 0.079084
49 88 0.079083
49 89 0.079083
49 90 0.079083
49 91 0.079083
49 92 0.079083
49 93 0.079083
49 94 0.079083
49 95 0.079084
49 96 0.079083
49 97 0.079084
49 98 0.079084
49 99 0.079084

50 0 0.079085
50 1 0.079085
50 2 0.079086
50 3 0.079085
50 4 0.079086
50 5 0.079086
50 6 0.079087
50 7 0.079087
50 8 0.079088
50 9 0.079088
50 10 0.079089
50 11 0.079090
50 12 0.079091
50 13 0.079092
50 14 0.079092
50 15 0.079093
50 16 0.079094
50 17 0.079095
50 18 0.079096
50 19 0.079097
50 20 0.079098
50 21 0.079099
50 22 0.079099
50 23 0.079100
50 24 0.079101
50 25 0.079101
50 26 0.079101
50 27 0.079102
50 28 0.079102
50 29 0.079102
50 30 0.079102
50 31 0.079102
50 32 0.079102
50 33 0.079102
50 34 0.079102
50 35 0.079102
50 36 0.079102
50 37 0.079101
50 38 0.079101
50 39 0.079101
50 40 0.079101
50 41 0.079101
50 42 0.079100
50 43 0.079100
50 44 0.079100
50 45 0.079100
50 46 0.079099
50 47 0.079099
50 48 0.079099
50 49 0.079098
50 50 0.079098
50 51 0.079098
50 52 0.079097
50 53 0.079097
50 54 0.079097
50 55 0.079097
50 56 0.079097
50 57 0.079097
50 58 0.079097
50 59 0.079097
50 60 0.079096
50 61 0.079096
50 62 0.079096
50 63 0.079096
50 64 0.079096
50 65 0.079096
50 66 0.079096
50 67 0.079096
50 68 0.079095
50 69 0.079095
50 70 0.079095
50 71 0.079095
50 72 0.079094
50 73 0.079094
50 74 0.079094
50 75 0.079094
50 76 0.079093
50 77 0.079093
50 78 0.079092
50 79 0.079092
50 80 0.079091
50 81 0.079090
50 82 0.079089
50 83 0.079088
50 84 0.079087
50 85 0.079086
50 86 0.079085
50 87 0.079084
50 88 0.079084
50 89 0.079083
50 90 0.079083
50 91 0.079083
50 92 0.079083
50 93 0.079083
50 94 0.079083
50 95 0.079084
50 96 0.079083
50 97 0.079084
50 98 0.079084
50 99 0.079084

51 0 0.079085
51 1 0.079086
51 2 0.079086
51 3 0.079086
51 4 0.079086
51 5 0.079087
51 6 0.079087
51 7 0.079087
51 8 0.079088
51 9 0.079089
51 10 0.079089
51 11 0.079090
51 12 0.079091
51 13 0.079092
51 14 0.079093
51 15 0.079093
51 16 0.079094
51 17 0.079095
51 18 0.079096
51 19 0.079097
51 20 0.079098
51 21 0.079099
51 22 0.079099
51 23 0.079100
51 24 0.079100
51 25 0.079101
51 26 0.079101
51 27 0.079101
51 28 0.079102
51 29 0.079102
51 30 0.079102
51 31 0.079102
51 32 0.079102
51 33 0.079102
51 34 0.079101
51 35 0.079101
51 36 0.079101
51 37 0.079101
51 38 0.079101
51 39 0.079101
51 40 0.079100
51 41 0.079100
51 42 0.079100
51 43 0.079100
51 44 0.079099
51 45 0.079099
51 46 0.079099
51 47 0.079099
51 48 0.079098
51 49 0.079098
51 50 0.079098
51 51 0.079097
51 52 0.079097
51 53 0.079097
51 54 0.079097
51 55 0.079096
51 56 0.079096
51 57 0.079096
51 58 0.079096
51 59 0.079096
51 60 0.079096
51 61 0.079096
51 62 0.079096
51 63 0.079096
51 64 0.079096
51 65 0.079096
51 66 0.079095
51 67 0.079095
51 68 0.079095
51 69 0.079095
51 70 0.079095
51 71 0.079094
51 72 0.079094
51 73 0.079094
51 74 0.079094
51 75 0.079093
51 76 0.079093
51 77 0.079093
51 78 0.079092
51 79 0.079091
51 80 0.079091
51 81 0.079090
51 82 0.079089
51 83 0.079088
51 84 0.079087
51 85 0.079086
51 86 0.079085
51 87 0.079084
51 88 0.079084
51 89 0.079083
51 90 0.079083
51 91 0.079083
51 92 0.079083
51 93 0.079083
51 94 0.079083
51 95 0.079084
51 96 0.079084
51 97 0.079084
51 98 0.079084
51 99 0.079084

52 0 0.079086
52 1 0.079086
52 2 0.079087
52 3 0.079086
52 4 0.079087
52 5 0.079087
52 6 0.079087
52 7 0.079088
52 8 0.079088
52 9 0.079089
52 10 0.079089
52 11 0.079090
52 12 0.079091
52 13 0.079092
52 14 0.079093
52 15 0.079094
52 16 0.079094
52 17 0.079095
52 18 0.079096
52 19 0.079097
52 20 0.079098
52 21 0.079098
52 22 0.079099
52 23 0.079100
52 24 0.079100
52 25 0.079100
52 26 0.079101
52 27 0.079101
52 28 0.079101
52 29 0.079101
52 30 0.079101
52 31 0.079101
52 32 0.079101
52 33 0.079101
52 34 0.079101
52 35 0.079101
52 36 0.079101
52 37 0.079101
52 38 0.079100
52 39 0.079100
52 40 0.079100
52 41 0.079100
52 42 0.079100
52 43 0.079099
52 44 0.079099
52 45 0.079099
52 46 0.079098
52 47 0.079098
52 48 0.079098
52 49 0.079097
52 50 0.079097
52 51 0.079097
52 52 0.079097
52 53 0.079096
52 54 0.079096
52 55 0.079096
52 56 0.079096
52 57 0.079096
52 58 0.079096
52 59 0.079096
52 60 0.079096
52 61 0.079096
52 62 0.079096
52 63 0.079096
52 64 0.079096
52 65 0.079095
52 66 0.079095
52 67 0.079095
52 68 0.079095
52 69 0.079095
52 70 0.079094
52 71 0.079094
52 72 0.079094
52 73 0.079094
52 74 0.079094
52 75 0.079093
52 76 0.079093
52 77 0.079093
52 78 0.079092
52 79 0.079091
52 80 0.079091
52 81 0.079090
52 82 0.079089
52 83 0.079088
52 84 0.079087
52 85 0.079086
52 86 0.079085
52 87 0.079084
52 88 0.079084
52 89 0.079084
52 90 0.079084
52 91 0.079083
52 92 0.079084
52 93 0.079084
52 94 0.079084
52 95 0.079084
52 96 0.079084
52 97 0.079085
52 98 0.079084
52 99 0.079085

53 0 0.079087
53 1 0.079087
53 2 0.079087
53 3 0.079087
53 4 0.079088
53 5 0.079087
53 6 0.079088
53 7 0.079088
53 8 0.079089
53 9 0.079089
53 10 0.079090
53 11 0.079091
53 12 0.079091
53 13 0.079092
53 14 0.079093
53 15 0.079094
53 16 0.079095
53 17 0.079095
53 18 0.079096
53 19 0.079097
53 20 0.079098
53 21 0.079098
53 22 0.079099
53 23 0.079099
53 24 0.079100
53 25 0.079100
53 26 0.079101
53 27 0.079101
53 28 0.079101
53 29 0.079101
53 30 0.079101
53 31 0.079101
53 32 0.079101
53 33 0.079101
53 34 0.079101
53 35 0.079101
53 36 0.079100
53 37 0.079100
53 38 0.079100
53 39 0.079100
53 40 0.079100
53 41 0.079099
53 42 0.079099
53 43 0.079099
53 44 0.079099
53 45 0.079098
53 46 0.079098
53 47 0.079098
53 48 0.079097
53 49 0.079097
53 50 0.079097
53 51 0.079097
53 52 0.079096
53 53 0.079096
53 54 0.079096
53 55 0.079096
53 56 0.079096
53 57 0.079096
53 58 0.079096
53 59 0.079096
53 60 0.079096
53 61 0.079096
53 62 0.079095
53 63 0.079095
53 64 0.079095
53 65 0.079095
53 66 0.079095
53 67 0.079095
53 68 0.079095
53 69 0.079094
53 70 0.079094
53 71 0.079094
53 72 0.079094
53 73 0.079094
53 74 0.079093
53 75 0.079093
53 76 0.079093
53 77 0.079092
53 78 0.079092
53 79 0.079091
53 80 0.079091
53 81 0.079090
53 82 0.079089
53 83 0.079088
53 84 0.079087
53 85 0.079086
53 86 0.079085
53 87 0.079085
53 88 0.079084
53 89 0.079084
53 90 0.079084
53 91 0.079084
53 92 0.079084
53 93 0.079084
53 94 0.079084
53 95 0.079085
53 96 0.079084
53 97 0.079085
53 98 0.079085
53 99 0.079085

54 0 0.079087
54 1 0.079087
54 2 0.079088
54 3 0.079087
54 4 0.079088
54 5 0.079088
54 6 0.079089
54 7 0.079089
54 8 0.079089
54 9 0.079090
54 10 0.079090
54 11 0.079091
54 12 0.079092
54 13 0.079092
54 14 0.079093
54 15 0.079094
54 16 0.079095
54 17 0.079095
54 18 0.079096
54 19 0.079097
54 20 0.079098
54 21 0.079098
54 22 0.079099
54 23 0.079099
54 24 0.079100
54 25 0.079100
54 26 0.079100
54 27 0.079101
54 28 0.079101
54 29 0.079101
54 30 0.079101
54 31 0.079101
54 32 0.079101
54 33 0.079100
54 34 0.079100
54 35 0.079100
54 36 0.079100
54 37 0.079100
54 38 0.079100
54 39 0.079099
54 40 0.079099
54 41 0.079099
54 42 0.079099
54 43 0.079099
54 44 0.079098
54 45 0.079098
54 46 0.079098
54 47 0.079097
54 48 0.079097
54 49 0.079097
54 50 0.079096
54 51 0.079096
54 52 0.079096
54 53 0.079096
54 54 0.079096
54 55 0.079096
54 56 0.079096
54 57 0.079096
54 58 0.079095
54 59 0.079095
54 60 0.079095
54 61 0.079095
54 62 0.079095
54 63 0.079095
54 64 0.079095
54 65 0.079095
54 66 0.079095
54 67 0.079095
54 68 0.079094
54 69 0.079094
54 70 0.079094
54 71 0.079094
54 72 0.079094
54 73 0.079093
54 74 0.079093
54 75 0.079093
54 76 0.079093
54 77 0.079092
54 78 0.079092
54 79 0.079091
54 80 0.079091
54 81 0.079090
54 82 0.079089
54 83 0.079088
54 84 0.079087
54 85 0.079086
54 86 0.079086
54 87 0.079085
54 88 0.079085
54 89 0.079085
54 90 0.079084
54 91 0.079084
54 92 0.079084
54 93 0.079084
54 94 0.079084
54 95 0.079085
54 96 0.079085
54 97 0.079085
54 98 0.079085
54 99 0.079085

55 0 0.079088
55 1 0.079088
55 2 0.079089
55 3 0.079088
55 4 0.079089
55 5 0.079089
55 6 0.079089
55 7 0.079090
55 8 0.079090
55 9 0.079090
55 10 0.079091
55 11 0.079091
55 12 0.079092
55 13 0.079093
55 14 0.079093
55 15 0.079094
55 16 0.079095
55 17 0.079095
55 18 0.079096
55 19 0.079097
55 20 0.079097
55 21 0.079098
55 22 0.079098
55 23 0.079099
55 24 0.079099
55 25 0.079099
55 26 0.079100
55 27 0.079100
55 28 0.079100
55 29 0.079100
55 30 0.079100
55 31 0.079100
55 32 0.079100
55 33 0.079099
55 34 0.079099
55 35 0.079099
55 36 0.079099
55 37 0.079099
55 38 0.079099
55 39 0.079098
55 40 0.079098
55 41 0.079098
55 42 0.079098
55 43 0.079098
55 44 0.079097
55 45 0.079097
55 46 0.079097
55 47 0.079097
55 48 0.079096
55 49 0.079096
55 50 0.079096
55 51 0.079096
55 52 0.079095
55 53 0.079095
55 54 0.079095
55 55 0.079095
55 56 0.079095
55 57 0.079095
55 58 0.079095
55 59 0.079095
55 60 0.079095
55 61 0.079095
55 62 0.079095
55 63 0.079094
55 64 0.079094
55 65 0.079094
55 66 0.079094
55 67 0.079094
55 68 0.079094
55 69 0.079093
55 70 0.079093
55 71 0.079093
55 72 0.079093
55 73 0.079093
55 74 0.079093
55 75 0.079092
55 76 0.079092
55 77 0.079092
55 78 0.079091
55 79 0.079091
55 80 0.079090
55 81 0.079089
55 82 0.079089
55 83 0.079088
55 84 0.079087
55 85 0.079087
55 86 0.079086
55 87 0.079086
55 88 0.079085
55 89 0.079085
55 90 0.079085
55 91 0.079085
55 92 0.079085
55 93 0.079085
55 94 0.079085
55 95 0.079085
55 96 0.079085
55 97 0.079086
55 98 0.079085
55 99 0.079086

56 0 0.079089
56 1 0.079089
56 2 0.079089
56 3 0.079089
56 4 0.079090
56 5 0.079090
56 6 0.079090
56 7 0.079090
56 8 0.079091
56 9 0.079091
56 10 0.079091
56 11 0.079092
56 12 0.079092
56 13 0.079093
56 14 0.079094
56 15 0.079094
56 16 0.079095
56 17 0.079095
56 18 0.079096
56 19 0.079097
56 20 0.079097
56 21 0.079098
56 22 0.079098
56 23 0.079099
56 24 0.079099
56 25 0.079099
56 26 0.079099
56 27 0.079100
56 28 0.079100
56 29 0.079100
56 30 0.079099
56 31 0.079099
56 32 0.079099
56 33 0.079099
56 34 0.079099
56 35 0.079099
56 36 0.079099
56 37 0.079099
56 38 0.079098
56 39 0.079098
56 40 0.079098
56 41 0.079098
56 42 0.079098
56 43 0.079097
56 44 0.079097
56 45 0.079097
56 46 0.079097
56 47 0.079096
56 48 0.079096
56 49 0.079096
56 50 0.079096
56 51 0.079095
56 52 0.079095
56 53 0.079095
56 54 0.079095
56 55 0.079095
56 56 0.079095
56 57 0.079095
56 58 0.079095
56 59 0.079095
56 60 0.079095
56 61 0.079094
56 62 0.079094
56 63 0.079094
56 64 0.079094
56 65 0.079094
56 66 0.079094
56 67 0.079094
56 68 0.079093
56 69 0.079093
56 70 0.079093
56 71 0.079093
56 72 0.079093
56 73 0.079093
56 74 0.079093
56 75 0.079092
56 76 0.079092
56 77 0.079092
56 78 0.079091
56 79 0.079091
56 80 0.079090
56 81 0.079090
56 82 0.079089
56 83 0.079088
56 84 0.079088
56 85 0.079087
56 86 0.079086
56 87 0.079086
56 88 0.079086
56 89 0.079086
56 90 0.079085
56 91 0.079085
56 92 0.079085
56 93 0.079085
56 94 0.079085
56 95 0.079086
56 96 0.079085
56 97 0.079086
56 98 0.079086
56 99 0.079086

57 0 0.079090
57 1 0.079090
57 2 0.079090
57 3 0.079090
57 4 0.079090
57 5 0.079090
57 6 0.079091
57 7 0.079091
57 8 0.079091
57 9 0.079092
57 10 0.079092
57 11 0.079092
57 12 0.079093
57 13 0.079093
57 14 0.079094
57 15 0.079095
57 16 0.079095
57 17 0.079096
57 18 0.079096
57 19 0.079097
57 20 0.079097
57 21 0.079098
57 22 0.079098
57 23 0.079099
57 24 0.079099
57 25 0.079099
57 26 0.079099
57 27 0.079099
57 28 0.079099
57 29 0.079099
57 30 0.079099
57 31 0.079099
57 32 0.079099
57 33 0.079099
57 34 0.079099
57 35 0.079099
57 36 0.079098
57 37 0.079098
57 38 0.079098
57 39 0.079098
57 40 0.079098
57 41 0.079098
57 42 0.079097
57 43 0.079097
57 44 0.079097
57 45 0.079097
57 46 0.079096
57 47 0.079096
57 48 0.079096
57 49 0.079096
57 50 0.079095
57 51 0.079095
57 52 0.079095
57 53 0.079095
57 54 0.079095
57 55 0.079095
57 56 0.079095
57 57 0.079095
57 58 0.079095
57 59 0.079095
57 60 0.079094
57 61 0.079094
57 62 0.079094
57 63 0.079094
57 64 0.079094
57 65 0.079094
57 66 0.079094
57 67 0.079094
57 68 0.079093
57 69 0.079093
57 70 0.079093
57 71 0.079093
57 72 0.079093
57 73 0.079093
57 74 0.079093
57 75 0.079092
57 76 0.079092
57 77 0.079092
57 78 0.079091
57 79 0.079091
57 80 0.079090
57 81 0.079090
57 82 0.079089
57 83 0.079089
57 84 0.079088
57 85 0.079088
57 86 0.079087
57 87 0.079087
57 88 0.079086
57 89 0.079086
57 90 0.079086
57 91 0.079086
57 92 0.079086
57 93 0.079086
57 94 0.079086
57 95 0.079086
57 96 0.079086
57 97 0.079086
57 98 0.079086
57 99 0.079087

58 0 0.079091
58 1 0.079091
58 2 0.079091
58 3 0.079091
58 4 0.079091
58 5 0.079091
58 6 0.079092
58 7 0.079092
58 8 0.079092
58 9 0.079092
58 10 0.079093
58 11 0.079093
58 12 0.079094
58 13 0.079094
58 14 0.079094
58 15 0.079095
58 16 0.079096
58 17 0.079096
58 18 0.079097
58 19 0.079097
58 20 0.079098
58 21 0.079098
58 22 0.079098
58 23 0.079099
58 24 0.079099
58 25 0.079099
58 26 0.079099
58 27 0.079099
58 28 0.079099
58 29 0.079099
58 30 0.079099
58 31 0.079099
58 32 0.079099
58 33 0.079099
58 34 0.079098
58 35 0.079098
58 36 0.079098
58 37 0.079098
58 38 0.079098
58 39 0.079098
58 40 0.079098
58 41 0.079097
58 42 0.079097
58 43 0.079097
58 44 0.079097
58 45 0.079096
58 46 0.079096
58 47 0.079096
58 48 0.079096
58 49 0.079096
58 50 0.079095
58 51 0.079095
58 52 0.079095
58 53 0.079095
58 54 0.079095
58 55 0.079095
58 56 0.079095
58 57 0.079095
58 58 0.079095
58 59 0.079094
58 60 0.079094
58 61 0.079094
58 62 0.079094
58 63 0.079094
58 64 0.079094
58 65 0.079094
58 66 0.079094
58 67 0.079093
58 68 0.079093
58 69 0.079093
58 70 0.079093
58 71 0.079093
58 72 0.079093
58 73 0.079093
58 74 0.079093
58 75 0.079092
58 76 0.079092
58 77 0.079092
58 78 0.079092
58 79 0.079091
58 80 0.079091
58 81 0.079090
58 82 0.079090
58 83 0.079089
58 84 0.079089
58 85 0.079088
58 86 0.079088
58 87 0.079087
58 88 0.079087
58 89 0.079087
58 90 0.079087
58 91 0.079087
58 92 0.079086
58 93 0.079087
58 94 0.079086
58 95 0.079087
58 96 0.079086
58 97 0.079087
58 98 0.079087
58 99 0.079087

59 0 0.079092
59 1 0.079092
59 2 0.079092
59 3 0.079092
59 4 0.079092
59 5 0.079092
59 6 0.079093
59 7 0.079093
59 8 0.079093
59 9 0.079093
59 10 0.079093
59 11 0.079094
59 12 0.079094
59 13 0.079095
59 14 0.079095
59 15 0.079095
59 16 0.079096
59 17 0.079096
59 18 0.079097
59 19 0.079097
59 20 0.079098
59 21 0.079098
59 22 0.079099
59 23 0.079099
59 24 0.079099
59 25 0.079099
59 26 0.079099
59 27 0.079099
59 28 0.079099
59 29 0.079099
59 30 0.079099
59 31 0.079099
59 32 0.079099
59 33 0.079098
59 34 0.079098
59 35 0.079098
59 36 0.079098
59 37 0.079098
59 38 0.079098
59 39 0.079098
59 40 0.079097
59 41 0.079097
59 42 0.079097
59 43 0.079097
59 44 0.079097
59 45 0.079096
59 46 0.079096
59 47 0.079096
59 48 0.079096
59 49 0.079096
59 50 0.079095
59 51 0.079095
59 52 0.079095
59 53 0.079095
59 54 0.079095
59 55 0.079095
59 56 0.079095
59 57 0.079095
59 58 0.079095
59 59 0.079094
59 60 0.079094
59 61 0.079094
59 62 0.079094
59 63 0.079094
59 64 0.079094
59 65 0.079094
59 66 0.079094
59 67 0.079093
59 68 0.079093
59 69 0.079093
59 70 0.079093
59 71 0.079093
59 72 0.079093
59 73 0.079093
59 74 0.079093
59 75 0.079093
59 76 0.079092
59 77 0.079092
59 78 0.079092
59 79 0.079092
59 80 0.079091
59 81 0.079091
59 82 0.079090
59 83 0.079090
59 84 0.079089
59 85 0.079089
59 86 0.079088
59 87 0.079088
59 88 0.079088
59 89 0.079088
59 90 0.079087
59 91 0.079087
59 92 0.079087
59 93 0.079087
59 94 0.079087
59 95 0.079087
59 96 0.079087
59 97 0.079088
59 98 0.079087
59 99 0.079088

60 0 0.079093
60 1 0.079093
60 2 0.079093
60 3 0.079093
60 4 0.079093
60 5 0.079093
60 6 0.079094
60 7 0.079094
60 8 0.079094
60 9 0.079094
60 10 0.079094
60 11 0.079095
60 12 0.079095
60 13 0.079095
60 14 0.079096
60 15 0.079096
60 16 0.079097
60 17 0.079097
60 18 0.079097
60 19 0.079098
60 20 0.079098
60 21 0.079098
60 22 0.079099
60 23 0.079099
60 24 0.079099
60 25 0.079099
60 26 0.079099
60 27 0.079099
60 28 0.079099
60 29 0.079099
60 30 0.079099
60 31 0.079099
60 32 0.079098
60 33 0.079098
60 34 0.079098
60 35 0.079098
60 36 0.079098
60 37 0.079098
60 38 0.079098
60 39 0.079097
60 40 0.079097
60 41 0.079097
60 42 0.079097
60 43 0.079097
60 44 0.079097
60 45 0.079096
60 46 0.079096
60 47 0.079096
60 48 0.079096
60 49 0.079096
60 50 0.079095
60 51 0.079095
60 52 0.079095
60 53 0.079095
60 54 0.079095
60 55 0.079095
60 56 0.079095
60 57 0.079095
60 58 0.079095
60 59 0.079095
60 60 0.079094
60 61 0.079094
60 62 0.079094
60 63 0.079094
60 64 0.079094
60 65 0.079094
60 66 0.079094
60 67 0.079094
60 68 0.079093
60 69 0.079093
60 70 0.079093
60 71 0.079093
60 72 0.079093
60 73 0.079093
60 74 0.079093
60 75 0.079093
60 76 0.079093
60 77 0.079092
60 78 0.079092
60 79 0.079092
60 80 0.079092
60 81 0.079091
60 82 0.079091
60 83 0.079090
60 84 0.079090
60 85 0.079089
60 86 0.079089
60 87 0.079089
60 88 0.079088
60 89 0.079088
60 90 0.079088
60 91 0.079088
60 92 0.079088
60 93 0.079088
60 94 0.079088
60 95 0.079088
60 96 0.079088
60 97 0.079088
60 98 0.079088
60 99 0.079088

61 0 0.079094
61 1 0.079094
61 2 0.079094
61 3 0.079094
61 4 0.079095
61 5 0.079094
61 6 0.079095
61 7 0.079095
61 8 0.079095
61 9 0.079095
61 10 0.079095
61 11 0.079095
61 12 0.079096
61 13 0.079096
61 14 0.079096
61 15 0.079097
61 16 0.079097
61 17 0.079097
61 18 0.079098
61 19 0.079098
61 20 0.079098
61 21 0.079098
61 22 0.079099
61 23 0.079099
61 24 0.079099
61 25 0.079099
61 26 0.079099
61 27 0.079098
61 28 0.079098
61 29 0.079098
61 30 0.079098
61 31 0.079098
61 32 0.079098
61 33 0.079098
61 34 0.079097
61 35 0.079097
61 36 0.079097
61 37 0.079097
61 38 0.079097
61 39 0.079097
61 40 0.079097
61 41 0.079097
61 42 0.079096
61 43 0.079096
61 44 0.079096
61 45 0.079096
61 46 0.079096
61 47 0.079096
61 48 0.079095
61 49 0.079095
61 50 0.079095
61 51 0.079095
61 52 0.079095
61 53 0.079095
61 54 0.079095
61 55 0.079095
61 56 0.079094
61 57 0.079094
61 58 0.079094
61 59 0.079094
61 60 0.079094
61 61 0.079094
61 62 0.079094
61 63 0.079094
61 64 0.079094
61 65 0.079093
61 66 0.079093
61 67 0.079093
61 68 0.079093
61 69 0.079093
61 70 0.079093
61 71 0.079093
61 72 0.079093
61 73 0.079093
61 74 0.079093
61 75 0.079093
61 76 0.079093
61 77 0.079092
61 78 0.079092
61 79 0.079092
61 80 0.079092
61 81 0.079091
61 82 0.079091
61 83 0.079091
61 84 0.079090
61 85 0.079090
61 86 0.079090
61 87 0.079090
61 88 0.079089
61 89 0.079089
61 90 0.079089
61 91 0.079089
61 92 0.079089
61 93 0.079089
61 94 0.079089
61 95 0.079089
61 96 0.079089
61 97 0.079089
61 98 0.079089
61 99 0.079089

62 0 0.079095
62 1 0.079095
62 2 0.079096
62 3 0.079095
62 4 0.079096
62 5 0.079096
62 6 0.079096
62 7 0.079096
62 8 0.079096
62 9 0.079096
62 10 0.079096
62 11 0.079096
62 12 0.079096
62 13 0.079097
62 14 0.079097
62 15 0.079097
62 16 0.079098
62 17 0.079098
62 18 0.079098
62 19 0.079098
62 20 0.079099
62 21 0.079099
62 22 0.079099
62 23 0.079099
62 24 0.079099
62 25 0.079099
62 26 0.079099
62 27 0.079099
62 28 0.079098
62 29 0.079098
62 30 0.079098
62 31 0.079098
62 32 0.079098
62 33 0.079098
62 34 0.079097
62 35 0.079097
62 36 0.079097
62 37 0.079097
62 38 0.079097
62 39 0.079097
62 40 0.079097
62 41 0.079097
62 42 0.079096
62 43 0.079096
62 44 0.079096
62 45 0.079096
62 46 0.079096
62 47 0.079096
62 48 0.079096
62 49 0.079095
62 50 0.079095
62 51 0.079095
62 52 0.079095
62 53 0.079095
62 54 0.079095
62 55 0.079095
62 56 0.079095
62 57 0.079095
62 58 0.079094
62 59 0.079094
62 60 0.079094
62 61 0.079094
62 62 0.079094
62 63 0.079094
62 64 0.079094
62 65 0.079094
62 66 0.079094
62 67 0.079093
62 68 0.079093
62 69 0.079093
62 70 0.079093
62 71 0.079093
62 72 0.079093
62 73 0.079093
62 74 0.079093
62 75 0.079093
62 76 0.079093
62 77 0.079093
62 78 0.079093
62 79 0.079093
62 80 0.079092
62 81 0.079092
62 82 0.079092
62 83 0.079091
62 84 0.079091
62 85 0.079091
62 86 0.079091
62 87 0.079090
62 88 0.079090
62 89 0.079090
62 90 0.079090
62 91 0.079090
62 92 0.079090
62 93 0.079090
62 94 0.079090
62 95 0.079090
62 96 0.079090
62 97 0.079090
62 98 0.079090
62 99 0.079090

63 0 0.079097
63 1 0.079097
63 2 0.079097
63 3 0.079097
63 4 0.079097
63 5 0.079097
63 6 0.079097
63 7 0.079097
63 8 0.079097
63 9 0.079097
63 10 0.079097
63 11 0.079097
63 12 0.079097
63 13 0.079097
63 14 0.079098
63 15 0.079098
63 16 0.079098
63 17 0.079098
63 18 0.079099
63 19 0.079099
63 20 0.079099
63 21 0.079099
63 22 0.079099
63 23 0.079099
63 24 0.079099
63 25 0.079099
63 26 0.079099
63 27 0.079099
63 28 0.079098
63 29 0.079098
63 30 0.079098
63 31 0.079098
63 32 0.079098
63 33 0.079097
63 34 0.079097
63 35 0.079097
63 36 0.079097
63 37 0.079097
63 38 0.079097
63 39 0.079097
63 40 0.079097
63 41 0.079097
63 42 0.079096
63 43 0.079096
63 44 0.079096
63 45 0.079096
63 46 0.079096
63 47 0.079096
63 48 0.079096
63 49 0.079096
63 50 0.079095
63 51 0.079095
63 52 0.079095
63 53 0.079095
63 54 0.079095
63 55 0.079095
63 56 0.079095
63 57 0.079095
63 58 0.079095
63 59 0.079094
63 60 0.079094
63 61 0.079094
63 62 0.079094
63 63 0.079094
63 64 0.079094
63 65 0.079094
63 66 0.079094
63 67 0.079094
63 68 0.079094
63 69 0.079094
63 70 0.079094
63 71 0.079094
63 72 0.079094
63 73 0.079094
63 74 0.079094
63 75 0.079094
63 76 0.079093
63 77 0.079093
63 78 0.079093
63 79 0.079093
63 80 0.079093
63 81 0.079093
63 82 0.079092
63 83 0.079092
63 84 0.079092
63 85 0.079092
63 86 0.079092
63 87 0.079091
63 88 0.079091
63 89 0.079091
63 90 0.079091
63 91 0.079091
63 92 0.079091
63 93 0.079091
63 94 0.079091
63 95 0.079091
63 96 0.079091
63 97 0.079091
63 98 0.079091
63 99 0.079091

64 0 0.079098
64 1 0.079098
64 2 0.079098
64 3 0.079098
64 4 0.079098
64 5 0.079098
64 6 0.079098
64 7 0.079098
64 8 0.079098
64 9 0.079098
64 10 0.079098
64 11 0.079098
64 12 0.079098
64 13 0.079098
64 14 0.079099
64 15 0.079099
64 16 0.079099
64 17 0.079099
64 18 0.079099
64 19 0.079099
64 20 0.079099
64 21 0.079099
64 22 0.079099
64 23 0.079099
64 24 0.079099
64 25 0.079099
64 26 0.079099
64 27 0.079099
64 28 0.079098
64 29 0.079098
64 30 0.079098
64 31 0.079098
64 32 0.079098
64 33 0.079097
64 34 0.079097
64 35 0.079097
64 36 0.079097
64 37 0.079097
64 38 0.079097
64 39 0.079097
64 40 0.079097
64 41 0.079097
64 42 0.079097
64 43 0.079096
64 44 0.079096
64 45 0.079096
64 46 0.079096
64 47 0.079096
64 48 0.079096
64 49 0.079096
64 50 0.079096
64 51 0.079096
64 52 0.079095
64 53 0.079095
64 54 0.079095
64 55 0.079095
64 56 0.079095
64 57 0.079095
64 58 0.079095
64 59 0.079095
64 60 0.079095
64 61 0.079094
64 62 0.079094
64 63 0.079094
64 64 0.079094
64 65 0.079094
64 66 0.079094
64 67 0.079094
64 68 0.079094
64 69 0.079094
64 70 0.079094
64 71 0.079094
64 72 0.079094
64 73 0.079094
64 74 0.079094
64 75 0.079094
64 76 0.079094
64 77 0.079094
64 78 0.079094
64 79 0.079094
64 80 0.079094
64 81 0.079093
64 82 0.079093
64 83 0.079093
64 84 0.079093
64 85 0.079093
64 86 0.079093
64 87 0.079093
64 88 0.079092
64 89 0.079092
64 90 0.079092
64 91 0.079092
64 92 0.079092
64 93 0.079092
64 94 0.079092
64 95 0.079092
64 96 0.079092
64 97 0.079092
64 98 0.079092
64 99 0.079092

65 0 0.079100
65 1 0.079100
65 2 0.079100
65 3 0.079100
65 4 0.079099
65 5 0.079099
65 6 0.079099
65 7 0.079099
65 8 0.079099
65 9 0.079099
65 10 0.079099
65 11 0.079099
65 12 0.079099
65 13 0.079099
65 14 0.079099
65 15 0.079099
65 16 0.079100
65 17 0.079100
65 18 0.079100
65 19 0.079100
65 20 0.079100
65 21 0.079100
65 22 0.079100
65 23 0.079100
65 24 0.079099
65 25 0.079099
65 26 0.079099
65 27 0.079099
65 28 0.079098
65 29 0.079098
65 30 0.079098
65 31 0.079098
65 32 0.079098
65 33 0.079097
65 34 0.079097
65 35 0.079097
65 36 0.079097
65 37 0.079097
65 38 0.079097
65 39 0.079097
65 40 0.079097
65 41 0.079097
65 42 0.079097
65 43 0.079096
65 44 0.079096
65 45 0.079096
65 46 0.079096
65 47 0.079096
65 48 0.079096
65 49 0.079096
65 50 0.079096
65 51 0.079096
65 52 0.079096
65 53 0.079095
65 54 0.079095
65 55 0.079095
65 56 0.079095
65 57 0.079095
65 58 0.079095
65 59 0.079095
65 60 0.079095
65 61 0.079095
65 62 0.079095
65 63 0.079094
65 64 0.079094
65 65 0.079094
65 66 0.079094
65 67 0.079094
65 68 0.079094
65 69 0.079094
65 70 0.079094
65 71 0.079094
65 72 0.079094
65 73 0.079094
65 74 0.079094
65 75 0.079095
65 76 0.079095
65 77 0.079094
65 78 0.079094
65 79 0.079094
65 80 0.079094
65 81 0.079094
65 82 0.079094
65 83 0.079094
65 84 0.079094
65 85 0.079094
65 86 0.079094
65 87 0.079094
65 88 0.079093
65 89 0.079093
65 90 0.079093
65 91 0.079093
65 92 0.079093
65 93 0.079093
65 94 0.079093
65 95 0.079093
65 96 0.079093
65 97 0.079093
65 98 0.079093
65 99 0.079093

66 0 0.079101
66 1 0.079101
66 2 0.079101
66 3 0.079101
66 4 0.079101
66 5 0.079101
66 6 0.079101
66 7 0.079100
66 8 0.079100
66 9 0.079100
66 10 0.079100
66 11 0.079100
66 12 0.079100
66 13 0.079100
66 14 0.079100
66 15 0.079100
66 16 0.079100
66 17 0.079100
66 18 0.079100
66 19 0.079100
66 20 0.079100
66 21 0.079100
66 22 0.079100
66 23 0.079100
66 24 0.079100
66 25 0.079099
66 26 0.079099
66 27 0.079099
66 28 0.079098
66 29 0.079098
66 30 0.079098
66 31 0.079098
66 32 0.079098
66 33 0.079097
66 34 0.079097
66 35 0.079097
66 36 0.079097
66 37 0.079097
66 38 0.079097
66 39 0.079097
66 40 0.079097
66 41 0.079097
66 42 0.079097
66 43 0.079096
66 44 0.079096
66 45 0.079096
66 46 0.079096
66 47 0.079096
66 48 0.079096
66 49 0.079096
66 50 0.079096
66 51 0.079096
66 52 0.079096
66 53 0.079096
66 54 0.079095
66 55 0.079095
66 56 0.079095
66 57 0.079095
66 58 0.079095
66 59 0.079095
66 60 0.079095
66 61 0.079095
66 62 0.079094
66 63 0.079094
66 64 0.079094
66 65 0.079094
66 66 0.079094
66 67 0.079094
66 68 0.079094
66 69 0.079094
66 70 0.079094
66 71 0.079095
66 72 0.079095
66 73 0.079095
66 74 0.079095
66 75 0.079095
66 76 0.079095
66 77 0.079095
66 78 0.079095
66 79 0.079095
66 80 0.079095
66 81 0.079095
66 82 0.079095
66 83 0.079095
66 84 0.079095
66 85 0.079095
66 86 0.079095
66 87 0.079095
66 88 0.079094
66 89 0.079095
66 90 0.079094
66 91 0.079095
66 92 0.079094
66 93 0.079095
66 94 0.079095
66 95 0.079095
66 96 0.079095
66 97 0.079095
66 98 0.079095
66 99 0.079095

67 0 0.079103
67 1 0.079102
67 2 0.079102
67 3 0.079102
67 4 0.079102
67 5 0.079102
67 6 0.079101
67 7 0.079101
67 8 0.079101
67 9 0.079101
67 10 0.079101
67 11 0.079101
67 12 0.079101
67 13 0.079101
67 14 0.079101
67 15 0.079101
67 16 0.079101
67 17 0.079101
67 18 0.079101
67 19 0.079100
67 20 0.079100
67 21 0.079100
67 22 0.079100
67 23 0.079100
67 24 0.079099
67 25 0.079099
67 26 0.079099
67 27 0.079098
67 28 0.079098
67 29 0.079098
67 30 0.079098
67 31 0.079097
67 32 0.079097
67 33 0.079097
67 34 0.079097
67 35 0.079097
67 36 0.079097
67 37 0.079097
67 38 0.079097
67 39 0.079096
67 40 0.079096
67 41 0.079096
67 42 0.079096
67 43 0.079096
67 44 0.079096
67 45 0.079096
67 46 0.079096
67 47 0.079096
67 48 0.079096
67 49 0.079096
67 50 0.079096
67 51 0.079096
67 52 0.079095
67 53 0.079095
67 54 0.079095
67 55 0.079095
67 56 0.079095
67 57 0.079095
67 58 0.079095
67 59 0.079095
67 60 0.079095
67 61 0.079095
67 62 0.079095
67 63 0.079095
67 64 0.079095
67 65 0.079095
67 66 0.079095
67 67 0.079095
67 68 0.079095
67 69 0.079095
67 70 0.079095
67 71 0.079095
67 72 0.079095
67 73 0.079095
67 74 0.079095
67 75 0.079095
67 76 0.079095
67 77 0.079095
67 78 0.079095
67 79 0.079095
67 80 0.079095
67 81 0.079096
67 82 0.079096
67 83 0.079096
67 84 0.079096
67 85 0.079096
67 86 0.079096
67 87 0.079096
67 88 0.079096
67 89 0.079096
67 90 0.079095
67 91 0.079096
67 92 0.079096
67 93 0.079096
67 94 0.079096
67 95 0.079096
67 96 0.079096
67 97 0.079096
67 98 0.079096
67 99 0.079096

68 0 0.079105
68 1 0.079104
68 2 0.079103
68 3 0.079103
68 4 0.079103
68 5 0.079103
68 6 0.079102
68 7 0.079102
68 8 0.079102
68 9 0.079102
68 10 0.079102
68 11 0.079102
68 12 0.079102
68 13 0.079102
68 14 0.079101
68 15 0.079101
68 16 0.079101
68 17 0.079101
68 18 0.079101
68 19 0.079101
68 20 0.079101
68 21 0.079100
68 22 0.079100
68 23 0.079100
68 24 0.079100
68 25 0.079099
68 26 0.079099
68 27 0.079099
68 28 0.079098
68 29 0.079098
68 30 0.079098
68 31 0.079097
68 32 0.079097
68 33 0.079097
68 34 0.079097
68 35 0.079097
68 36 0.079097
68 37 0.079097
68 38 0.079096
68 39 0.079096
68 40 0.079096
68 41 0.079096
68 42 0.079096
68 43 0.079096
68 44 0.079096
68 45 0.079096
68 46 0.079096
68 47 0.079096
68 48 0.079096
68 49 0.079096
68 50 0.079096
68 51 0.079096
68 52 0.079096
68 53 0.079095
68 54 0.079095
68 55 0.079095
68 56 0.079095
68 57 0.079095
68 58 0.079095
68 59 0.079095
68 60 0.079095
68 61 0.079095
68 62 0.079095
68 63 0.079095
68 64 0.079095
68 65 0.079095
68 66 0.079095
68 67 0.079095
68 68 0.079095
68 69 0.079095
68 70 0.079095
68 71 0.079095
68 72 0.079095
68 73 0.079096
68 74 0.079096
68 75 0.079096
68 76 0.079096
68 77 0.079096
68 78 0.079096
68 79 0.079096
68 80 0.079096
68 81 0.079096
68 82 0.079096
68 83 0.079096
68 84 0.079096
68 85 0.079097
68 86 0.079096
68 87 0.079097
68 88 0.079097
68 89 0.079097
68 90 0.079097
68 91 0.079097
68 92 0.079097
68 93 0.079097
68 94 0.079097
68 95 0.079097
68 96 0.079097
68 97 0.079097
68 98 0.079097
68 99 0.079097

69 0 0.079106
69 1 0.079105
69 2 0.079104
69 3 0.079104
69 4 0.079104
69 5 0.079103
69 6 0.079103
69 7 0.079103
69 8 0.079103
69 9 0.079103
69 10 0.079103
69 11 0.079102
69 12 0.079102
69 13 0.079102
69 14 0.079102
69 15 0.079102
69 16 0.079102
69 17 0.079102
69 18 0.079101
69 19 0.079101
69 20 0.079101
69 21 0.079101
69 22 0.079100
69 23 0.079100
69 24 0.079100
69 25 0.079099
69 26 0.079099
69 27 0.079099
69 28 0.079098
69 29 0.079098
69 30 0.079098
69 31 0.079097
69 32 0.079097
69 33 0.079097
69 34 0.079097
69 35 0.079097
69 36 0.079097
69 37 0.079096
69 38 0.079096
69 39 0.079096
69 40 0.079096
69 41 0.079096
69 42 0.079096
69 43 0.079096
69 44 0.079096
69 45 0.079096
69 46 0.079096
69 47 0.079096
69 48 0.079096
69 49 0.079096
69 50 0.079096
69 51 0.079096
69 52 0.079096
69 53 0.079095
69 54 0.079095
69 55 0.079095
69 56 0.079095
69 57 0.079095
69 58 0.079095
69 59 0.079095
69 60 0.079095
69 61 0.079095
69 62 0.079095
69 63 0.079095
69 64 0.079095
69 65 0.079095
69 66 0.079095
69 67 0.079095
69 68 0.079095
69 69 0.079095
69 70 0.079096
69 71 0.079096
69 72 0.079096
69 73 0.079096
69 74 0.079096
69 75 0.079096
69 76 0.079096
69 77 0.079096
69 78 0.079097
69 79 0.079097
69 80 0.079097
69 81 0.079097
69 82 0.079097
69 83 0.079097
69 84 0.079097
69 85 0.079097
69 86 0.079097
69 87 0.079098
69 88 0.079097
69 89 0.079098
69 90 0.079097
69 91 0.079098
69 92 0.079098
69 93 0.079098
69 94 0.079098
69 95 0.079098
69 96 0.079098
69 97 0.079098
69 98 0.079098
69 99 0.079099

70 0 0.079107
70 1 0.079106
70 2 0.079105
70 3 0.079105
70 4 0.079105
70 5 0.079104
70 6 0.079104
70 7 0.079104
70 8 0.079104
70 9 0.079103
70 10 0.079103
70 11 0.079103
70 12 0.079103
70 13 0.079103
70 14 0.079103
70 15 0.079103
70 16 0.079102
70 17 0.079102
70 18 0.079102
70 19 0.079102
70 20 0.079101
70 21 0.079101
70 22 0.079101
70 23 0.079100
70 24 0.079100
70 25 0.079099
70 26 0.079099
70 27 0.079099
70 28 0.079098
70 29 0.079098
70 30 0.079098
70 31 0.079097
70 32 0.079097
70 33 0.079097
70 34 0.079097
70 35 0.079097
70 36 0.079096
70 37 0.079096
70 38 0.079096
70 39 0.079096
70 40 0.079096
70 41 0.079096
70 42 0.079096
70 43 0.079096
70 44 0.079096
70 45 0.079096
70 46 0.079096
70 47 0.079096
70 48 0.079096
70 49 0.079096
70 50 0.079096
70 51 0.079096
70 52 0.079095
70 53 0.079095
70 54 0.079095
70 55 0.079095
70 56 0.079095
70 57 0.079095
70 58 0.079095
70 59 0.079095
70 60 0.079095
70 61 0.079095
70 62 0.079095
70 63 0.079095
70 64 0.079095
70 65 0.079095
70 66 0.079095
70 67 0.079096
70 68 0.079096
70 69 0.079096
70 70 0.079096
70 71 0.079096
70 72 0.079096
70 73 0.079096
70 74 0.079097
70 75 0.079097
70 76 0.079097
70 77 0.079097
70 78 0.079097
70 79 0.079097
70 80 0.079097
70 81 0.079098
70 82 0.079098
70 83 0.079098
70 84 0.079098
70 85 0.079098
70 86 0.079098
70 87 0.079098
70 88 0.079098
70 89 0.079099
70 90 0.079098
70 91 0.079099
70 92 0.079098
70 93 0.079099
70 94 0.079098
70 95 0.079099
70 96 0.079099
70 97 0.079099
70 98 0.079099
70 99 0.079100

71 0 0.079108
71 1 0.079106
71 2 0.079106
71 3 0.079106
71 4 0.079105
71 5 0.079105
71 6 0.079105
71 7 0.079105
71 8 0.079105
71 9 0.079104
71 10 0.079104
71 11 0.079104
71 12 0.079104
71 13 0.079103
71 14 0.079103
71 15 0.079103
71 16 0.079103
71 17 0.079102
71 18 0.079102
71 19 0.079102
71 20 0.079101
71 21 0.079101
71 22 0.079101
71 23 0.079100
71 24 0.079100
71 25 0.079099
71 26 0.079099
71 27 0.079099
71 28 0.079098
71 29 0.079098
71 30 0.079098
71 31 0.079097
71 32 0.079097
71 33 0.079097
71 34 0.079097
71 35 0.079096
71 36 0.079096
71 37 0.079096
71 38 0.079096
71 39 0.079096
71 40 0.079096
71 41 0.079096
71 42 0.079096
71 43 0.079096
71 44 0.079096
71 45 0.079096
71 46 0.079096
71 47 0.079096
71 48 0.079096
71 49 0.079096
71 50 0.079095
71 51 0.079095
71 52 0.079095
71 53 0.079095
71 54 0.079095
71 55 0.079095
71 56 0.079095
71 57 0.079095
71 58 0.079095
71 59 0.079095
71 60 0.079095
71 61 0.079095
71 62 0.079095
71 63 0.079095
71 64 0.079095
71 65 0.079095
71 66 0.079096
71 67 0.079096
71 68 0.079096
71 69 0.079096
71 70 0.079096
71 71 0.079096
71 72 0.079097
71 73 0.079097
71 74 0.079097
71 75 0.079097
71 76 0.079097
71 77 0.079097
71 78 0.079098
71 79 0.079098
71 80 0.079098
71 81 0.079098
71 82 0.079098
71 83 0.079099
71 84 0.079099
71 85 0.079099
71 86 0.079099
71 87 0.079099
71 88 0.079099
71 89 0.079099
71 90 0.079099
71 91 0.079099
71 92 0.079099
71 93 0.079099
71 94 0.079099
71 95 0.079099
71 96 0.079099
71 97 0.079100
71 98 0.079099
71 99 0.079101

72 0 0.079109
72 1 0.079107
72 2 0.079107
72 3 0.079106
72 4 0.079106
72 5 0.079106
72 6 0.079106
72 7 0.079105
72 8 0.079105
72 9 0.079105
72 10 0.079105
72 11 0.079104
72 12 0.079104
72 13 0.079104
72 14 0.079104
72 15 0.079103
72 16 0.079103
72 17 0.079102
72 18 0.079102
72 19 0.079102
72 20 0.079101
72 21 0.079101
72 22 0.079100
72 23 0.079100
72 24 0.079100
72 25 0.079099
72 26 0.079099
72 27 0.079098
72 28 0.079098
72 29 0.079098
72 30 0.079097
72 31 0.079097
72 32 0.079097
72 33 0.079097
72 34 0.079096
72 35 0.079096
72 36 0.079096
72 37 0.079096
72 38 0.079096
72 39 0.079096
72 40 0.079096
72 41 0.079095
72 42 0.079095
72 43 0.079095
72 44 0.079095
72 45 0.079095
72 46 0.079095
72 47 0.079095
72 48 0.079095
72 49 0.079095
72 50 0.079095
72 51 0.079095
72 52 0.079095
72 53 0.079095
72 54 0.079095
72 55 0.079095
72 56 0.079095
72 57 0.079095
72 58 0.079095
72 59 0.079095
72 60 0.079095
72 61 0.079095
72 62 0.079095
72 63 0.079095
72 64 0.079095
72 65 0.079095
72 66 0.079096
72 67 0.079096
72 68 0.079096
72 69 0.079096
72 70 0.079096
72 71 0.079096
72 72 0.079097
72 73 0.079097
72 74 0.079097
72 75 0.079097
72 76 0.079097
72 77 0.079098
72 78 0.079098
72 79 0.079098
72 80 0.079098
72 81 0.079099
72 82 0.079099
72 83 0.079099
72 84 0.079099
72 85 0.079099
72 86 0.079099
72 87 0.079100
72 88 0.079100
72 89 0.079100
72 90 0.079100
72 91 0.079100
72 92 0.079100
72 93 0.079100
72 94 0.079100
72 95 0.079100
72 96 0.079100
72 97 0.079100
72 98 0.079100
72 99 0.079102

73 0 0.079109
73 1 0.079107
73 2 0.079107
73 3 0.079106
73 4 0.079106
73 5 0.079106
73 6 0.079106
73 7 0.079105
73 8 0.079105
73 9 0.079105
73 10 0.079105
73 11 0.079104
73 12 0.079104
73 13 0.079104
73 14 0.079104
73 15 0.079103
73 16 0.079103
73 17 0.079103
73 18 0.079102
73 19 0.079102
73 20 0.079101
73 21 0.079101
73 22 0.079101
73 23 0.079100
73 24 0.079100
73 25 0.079099
73 26 0.079099
73 27 0.079098
73 28 0.079098
73 29 0.079098
73 30 0.079097
73 31 0.079097
73 32 0.079097
73 33 0.079096
73 34 0.079096
73 35 0.079096
73 36 0.079096
73 37 0.079096
73 38 0.079095
73 39 0.079095
73 40 0.079095
73 41 0.079095
73 42 0.079095
73 43 0.079095
73 44 0.079095
73 45 0.079095
73 46 0.079095
73 47 0.079095
73 48 0.079095
73 49 0.079095
73 50 0.079095
73 51 0.079095
73 52 0.079095
73 53 0.079095
73 54 0.079095
73 55 0.079095
73 56 0.079095
73 57 0.079095
73 58 0.079095
73 59 0.079095
73 60 0.079095
73 61 0.079095
73 62 0.079095
73 63 0.079095
73 64 0.079095
73 65 0.079096
73 66 0.079096
73 67 0.079096
73 68 0.079096
73 69 0.079096
73 70 0.079096
73 71 0.079097
73 72 0.079097
73 73 0.079097
73 74 0.079097
73 75 0.079097
73 76 0.079098
73 77 0.079098
73 78 0.079098
73 79 0.079099
73 80 0.079099
73 81 0.079099
73 82 0.079099
73 83 0.079100
73 84 0.079100
73 85 0.079100
73 86 0.079100
73 87 0.079100
73 88 0.079100
73 89 0.079100
73 90 0.079100
73 91 0.079100
73 92 0.079100
73 93 0.079101
73 94 0.079100
73 95 0.079101
73 96 0.079101
73 97 0.079101
73 98 0.079101
73 99 0.079103

74 0 0.079110
74 1 0.079107
74 2 0.079107
74 3 0.079107
74 4 0.079107
74 5 0.079106
74 6 0.079106
74 7 0.079106
74 8 0.079106
74 9 0.079105
74 10 0.079105
74 11 0.079105
74 12 0.079105
74 13 0.079104
74 14 0.079104
74 15 0.079104
74 16 0.079103
74 17 0.079103
74 18 0.079103
74 19 0.079102
74 20 0.079102
74 21 0.079101
74 22 0.079101
74 23 0.079100
74 24 0.079100
74 25 0.079099
74 26 0.079099
74 27 0.079098
74 28 0.079098
74 29 0.079097
74 30 0.079097
74 31 0.079097
74 32 0.079096
74 33 0.079096
74 34 0.079096
74 35 0.079096
74 36 0.079096
74 37 0.079095
74 38 0.079095
74 39 0.079095
74 40 0.079095
74 41 0.079095
74 42 0.079095
74 43 0.079095
74 44 0.079095
74 45 0.079095
74 46 0.079095
74 47 0.079095
74 48 0.079095
74 49 0.079095
74 50 0.079095
74 51 0.079095
74 52 0.079095
74 53 0.079095
74 54 0.079095
74 55 0.079095
74 56 0.079095
74 57 0.079095
74 58 0.079095
74 59 0.079095
74 60 0.079095
74 61 0.079095
74 62 0.079095
74 63 0.079095
74 64 0.079095
74 65 0.079096
74 66 0.079096
74 67 0.079096
74 68 0.079096
74 69 0.079097
74 70 0.079097
74 71 0.079097
74 72 0.079097
74 73 0.079097
74 74 0.079098
74 75 0.079098
74 76 0.079098
74 77 0.079098
74 78 0.079099
74 79 0.079099
74 80 0.079099
74 81 0.079100
74 82 0.079100
74 83 0.079100
74 84 0.079100
74 85 0.079101
74 86 0.079101
74 87 0.079101
74 88 0.079101
74 89 0.079101
74 90 0.079101
74 91 0.079101
74 92 0.079101
74 93 0.079101
74 94 0.079101
74 95 0.079101
74 96 0.079101
74 97 0.079102
74 98 0.079101
74 99 0.079103

75 0 0.079110
75 1 0.079108
75 2 0.079108
75 3 0.079107
75 4 0.079107
75 5 0.079107
75 6 0.079107
75 7 0.079106
75 8 0.079106
75 9 0.079106
75 10 0.079106
75 11 0.079105
75 12 0.079105
75 13 0.079105
75 14 0.079104
75 15 0.079104
75 16 0.079104
75 17 0.079103
75 18 0.079103
75 19 0.079102
75 20 0.079102
75 21 0.079101
75 22 0.079101
75 23 0.079100
75 24 0.079099
75 25 0.079099
75 26 0.079098
75 27 0.079098
75 28 0.079098
75 29 0.079097
75 30 0.079097
75 31 0.079097
75 32 0.079096
75 33 0.079096
75 34 0.079096
75 35 0.079096
75 36 0.079095
75 37 0.079095
75 38 0.079095
75 39 0.079095
75 40 0.079095
75 41 0.079095
75 42 0.079095
75 43 0.079095
75 44 0.079095
75 45 0.079095
75 46 0.079095
75 47 0.079095
75 48 0.079095
75 49 0.079095
75 50 0.079094
75 51 0.079094
75 52 0.079094
75 53 0.079094
75 54 0.079094
75 55 0.079094
75 56 0.079094
75 57 0.079095
75 58 0.079095
75 59 0.079095
75 60 0.079095
75 61 0.079095
75 62 0.079095
75 63 0.079095
75 64 0.079096
75 65 0.079096
75 66 0.079096
75 67 0.079096
75 68 0.079096
75 69 0.079097
75 70 0.079097
75 71 0.079097
75 72 0.079097
75 73 0.079098
75 74 0.079098
75 75 0.079098
75 76 0.079098
75 77 0.079099
75 78 0.079099
75 79 0.079099
75 80 0.079100
75 81 0.079100
75 82 0.079100
75 83 0.079101
75 84 0.079101
75 85 0.079101
75 86 0.079101
75 87 0.079101
75 88 0.079101
75 89 0.079102
75 90 0.079102
75 91 0.079102
75 92 0.079102
75 93 0.079102
75 94 0.079102
75 95 0.079102
75 96 0.079102
75 97 0.079102
75 98 0.079102
75 99 0.079103

76 0 0.079110
76 1 0.079108
76 2 0.079108
76 3 0.079108
76 4 0.079107
76 5 0.079107
76 6 0.079107
76 7 0.079106
76 8 0.079106
76 9 0.079106
76 10 0.079106
76 11 0.079106
76 12 0.079105
76 13 0.079105
76 14 0.079105
76 15 0.079104
76 16 0.079104
76 17 0.079103
76 18 0.079103
76 19 0.079102
76 20 0.079102
76 21 0.079101
76 22 0.079101
76 23 0.079100
76 24 0.079099
76 25 0.079099
76 26 0.079098
76 27 0.079098
76 28 0.079097
76 29 0.079097
76 30 0.079097
76 31 0.079096
76 32 0.079096
76 33 0.079096
76 34 0.079096
76 35 0.079095
76 36 0.079095
76 37 0.079095
76 38 0.079095
76 39 0.079095
76 40 0.079095
76 41 0.079095
76 42 0.079094
76 43 0.079094
76 44 0.079094
76 45 0.079094
76 46 0.079094
76 47 0.079094
76 48 0.079094
76 49 0.079094
76 50 0.079094
76 51 0.079094
76 52 0.079094
76 53 0.079094
76 54 0.079094
76 55 0.079094
76 56 0.079094
76 57 0.079095
76 58 0.079095
76 59 0.079095
76 60 0.079095
76 61 0.079095
76 62 0.079095
76 63 0.079096
76 64 0.079096
76 65 0.079096
76 66 0.079096
76 67 0.079096
76 68 0.079097
76 69 0.079097
76 70 0.079097
76 71 0.079097
76 72 0.079098
76 73 0.079098
76 74 0.079098
76 75 0.079098
76 76 0.079099
76 77 0.079099
76 78 0.079099
76 79 0.079100
76 80 0.079100
76 81 0.079100
76 82 0.079101
76 83 0.079101
76 84 0.079101
76 85 0.079102
76 86 0.079102
76 87 0.079102
76 88 0.079102
76 89 0.079102
76 90 0.079102
76 91 0.079102
76 92 0.079102
76 93 0.079102
76 94 0.079102
76 95 0.079102
76 96 0.079103
76 97 0.079103
76 98 0.079102
76 99 0.079104

77 0 0.079109
77 1 0.079108
77 2 0.079108
77 3 0.079108
77 4 0.079108
77 5 0.079107
77 6 0.079107
77 7 0.079107
77 8 0.079107
77 9 0.079106
77 10 0.079106
77 11 0.079106
77 12 0.079106
77 13 0.079105
77 14 0.079105
77 15 0.079104
77 16 0.079104
77 17 0.079103
77 18 0.079103
77 19 0.079102
77 20 0.079102
77 21 0.079101
77 22 0.079100
77 23 0.079100
77 24 0.079099
77 25 0.079099
77 26 0.079098
77 27 0.079098
77 28 0.079097
77 29 0.079097
77 30 0.079096
77 31 0.079096
77 32 0.079096
77 33 0.079096
77 34 0.079095
77 35 0.079095
77 36 0.079095
77 37 0.079095
77 38 0.079095
77 39 0.079094
77 40 0.079094
77 41 0.079094
77 42 0.079094
77 43 0.079094
77 44 0.079094
77 45 0.079094
77 46 0.079094
77 47 0.079094
77 48 0.079094
77 49 0.079094
77 50 0.079094
77 51 0.079094
77 52 0.079094
77 53 0.079094
77 54 0.079094
77 55 0.079094
77 56 0.079094
77 57 0.079095
77 58 0.079095
77 59 0.079095
77 60 0.079095
77 61 0.079095
77 62 0.079095
77 63 0.079096
77 64 0.079096
77 65 0.079096
77 66 0.079096
77 67 0.079097
77 68 0.079097
77 69 0.079097
77 70 0.079097
77 71 0.079098
77 72 0.079098
77 73 0.079098
77 74 0.079098
77 75 0.079099
77 76 0.079099
77 77 0.079099
77 78 0.079100
77 79 0.079100
77 80 0.079101
77 81 0.079101
77 82 0.079101
77 83 0.079102
77 84 0.079102
77 85 0.079102
77 86 0.079102
77 87 0.079102
77 88 0.079102
77 89 0.079102
77 90 0.079102
77 91 0.079103
77 92 0.079103
77 93 0.079103
77 94 0.079103
77 95 0.079103
77 96 0.079103
77 97 0.079103
77 98 0.079103
77 99 0.079104

78 0 0.079109
78 1 0.079108
78 2 0.079108
78 3 0.079108
78 4 0.079108
78 5 0.079107
78 6 0.079107
78 7 0.079107
78 8 0.079107
78 9 0.079107
78 10 0.079106
78 11 0.079106
78 12 0.079106
78 13 0.079105
78 14 0.079105
78 15 0.079104
78 16 0.079104
78 17 0.079103
78 18 0.079103
78 19 0.079102
78 20 0.079102
78 21 0.079101
78 22 0.079100
78 23 0.079100
78 24 0.079099
78 25 0.079099
78 26 0.079098
78 27 0.079098
78 28 0.079097
78 29 0.079097
78 30 0.079096
78 31 0.079096
78 32 0.079096
78 33 0.079095
78 34 0.079095
78 35 0.079095
78 36 0.079095
78 37 0.079095
78 38 0.079094
78 39 0.079094
78 40 0.079094
78 41 0.079094
78 42 0.079094
78 43 0.079094
78 44 0.079094
78 45 0.079094
78 46 0.079094
78 47 0.079094
78 48 0.079094
78 49 0.079094
78 50 0.079094
78 51 0.079094
78 52 0.079094
78 53 0.079094
78 54 0.079094
78 55 0.079094
78 56 0.079095
78 57 0.079095
78 58 0.079095
78 59 0.079095
78 60 0.079095
78 61 0.079095
78 62 0.079096
78 63 0.079096
78 64 0.079096
78 65 0.079096
78 66 0.079097
78 67 0.079097
78 68 0.079097
78 69 0.079097
78 70 0.079098
78 71 0.079098
78 72 0.079098
78 73 0.079098
78 74 0.079099
78 75 0.079099
78 76 0.079099
78 77 0.079100
78 78 0.079100
78 79 0.079101
78 80 0.079101
78 81 0.079101
78 82 0.079102
78 83 0.079102
78 84 0.079102
78 85 0.079103
78 86 0.079103
78 87 0.079103
78 88 0.079103
78 89 0.079103
78 90 0.079103
78 91 0.079103
78 92 0.079103
78 93 0.079103
78 94 0.079103
78 95 0.079103
78 96 0.079104
78 97 0.079104
78 98 0.079103
78 99 0.079104

79 0 0.079109
79 1 0.079109
79 2 0.079108
79 3 0.079108
79 4 0.079108
79 5 0.079108
79 6 0.079108
79 7 0.079107
79 8 0.079107
79 9 0.079107
79 10 0.079107
79 11 0.079106
79 12 0.079106
79 13 0.079106
79 14 0.079105
79 15 0.079105
79 16 0.079104
79 17 0.079104
79 18 0.079103
79 19 0.079102
79 20 0.079102
79 21 0.079101
79 22 0.079100
79 23 0.079100
79 24 0.079099
79 25 0.079099
79 26 0.079098
79 27 0.079098
79 28 0.079097
79 29 0.079097
79 30 0.079096
79 31 0.079096
79 32 0.079096
79 33 0.079095
79 34 0.079095
79 35 0.079095
79 36 0.079095
79 37 0.079094
79 38 0.079094
79 39 0.079094
79 40 0.079094
79 41 0.079094
79 42 0.079094
79 43 0.079094
79 44 0.079094
79 45 0.079094
79 46 0.079094
79 47 0.079094
79 48 0.079094
79 49 0.079094
79 50 0.079094
79 51 0.079094
79 52 0.079094
79 53 0.079094
79 54 0.079094
79 55 0.079094
79 56 0.079095
79 57 0.079095
79 58 0.079095
79 59 0.079095
79 60 0.079095
79 61 0.079096
79 62 0.079096
79 63 0.079096
79 64 0.079096
79 65 0.079097
79 66 0.079097
79 67 0.079097
79 68 0.079098
79 69 0.079098
79 70 0.079098
79 71 0.079098
79 72 0.079099
79 73 0.079099
79 74 0.079099
79 75 0.079099
79 76 0.079100
79 77 0.079100
79 78 0.079101
79 79 0.079101
79 80 0.079101
79 81 0.079102
79 82 0.079102
79 83 0.079103
79 84 0.079103
79 85 0.079103
79 86 0.079103
79 87 0.079103
79 88 0.079103
79 89 0.079104
79 90 0.079104
79 91 0.079104
79 92 0.079104
79 93 0.079104
79 94 0.079104
79 95 0.079104
79 96 0.079104
79 97 0.079104
79 98 0.079104
79 99 0.079104

80 0 0.079108
80 1 0.079109
80 2 0.079108
80 3 0.079109
80 4 0.079108
80 5 0.079108
80 6 0.079108
80 7 0.079108
80 8 0.079108
80 9 0.079107
80 10 0.079107
80 11 0.079107
80 12 0.079106
80 13 0.079106
80 14 0.079105
80 15 0.079105
80 16 0.079104
80 17 0.079104
80 18 0.079103
80 19 0.079102
80 20 0.079102
80 21 0.079101
80 22 0.079100
80 23 0.079100
80 24 0.079099
80 25 0.079099
80 26 0.079098
80 27 0.079098
80 28 0.079097
80 29 0.079097
80 30 0.079096
80 31 0.079096
80 32 0.079095
80 33 0.079095
80 34 0.079095
80 35 0.079095
80 36 0.079094
80 37 0.079094
80 38 0.079094
80 39 0.079094
80 40 0.079094
80 41 0.079094
80 42 0.079094
80 43 0.079094
80 44 0.079094
80 45 0.079094
80 46 0.079094
80 47 0.079094
80 48 0.079094
80 49 0.079094
80 50 0.079094
80 51 0.079094
80 52 0.079094
80 53 0.079094
80 54 0.079094
80 55 0.079094
80 56 0.079095
80 57 0.079095
80 58 0.079095
80 59 0.079095
80 60 0.079096
80 61 0.079096
80 62 0.079096
80 63 0.079096
80 64 0.079097
80 65 0.079097
80 66 0.079097
80 67 0.079098
80 68 0.079098
80 69 0.079098
80 70 0.079098
80 71 0.079099
80 72 0.079099
80 73 0.079099
80 74 0.079099
80 75 0.079100
80 76 0.079100
80 77 0.079101
80 78 0.079101
80 79 0.079101
80 80 0.079102
80 81 0.079102
80 82 0.079103
80 83 0.079103
80 84 0.079103
80 85 0.079104
80 86 0.079104
80 87 0.079104
80 88 0.079104
80 89 0.079104
80 90 0.079104
80 91 0.079105
80 92 0.079105
80 93 0.079105
80 94 0.079105
80 95 0.079105
80 96 0.079105
80 97 0.079104
80 98 0.079105
80 99 0.079104

81 0 0.079108
81 1 0.079109
81 2 0.079109
81 3 0.079109
81 4 0.079109
81 5 0.079109
81 6 0.079108
81 7 0.079108
81 8 0.079108
81 9 0.079108
81 10 0.079107
81 11 0.079107
81 12 0.079107
81 13 0.079106
81 14 0.079106
81 15 0.079105
81 16 0.079105
81 17 0.079104
81 18 0.079103
81 19 0.079103
81 20 0.079102
81 21 0.079101
81 22 0.079101
81 23 0.079100
81 24 0.079099
81 25 0.079099
81 26 0.079098
81 27 0.079098
81 28 0.079097
81 29 0.079097
81 30 0.079096
81 31 0.079096
81 32 0.079095
81 33 0.079095
81 34 0.079095
81 35 0.079095
81 36 0.079094
81 37 0.079094
81 38 0.079094
81 39 0.079094
81 40 0.079094
81 41 0.079094
81 42 0.079094
81 43 0.079094
81 44 0.079094
81 45 0.079094
81 46 0.079094
81 47 0.079094
81 48 0.079094
81 49 0.079094
81 50 0.079094
81 51 0.079094
81 52 0.079094
81 53 0.079094
81 54 0.079094
81 55 0.079095
81 56 0.079095
81 57 0.079095
81 58 0.079095
81 59 0.079095
81 60 0.079096
81 61 0.079096
81 62 0.079096
81 63 0.079097
81 64 0.079097
81 65 0.079097
81 66 0.079098
81 67 0.079098
81 68 0.079098
81 69 0.079098
81 70 0.079099
81 71 0.079099
81 72 0.079099
81 73 0.079100
81 74 0.079100
81 75 0.079100
81 76 0.079101
81 77 0.079101
81 78 0.079102
81 79 0.079102
81 80 0.079102
81 81 0.079103
81 82 0.079103
81 83 0.079104
81 84 0.079104
81 85 0.079104
81 86 0.079104
81 87 0.079105
81 88 0.079105
81 89 0.079105
81 90 0.079105
81 91 0.079105
81 92 0.079105
81 93 0.079105
81 94 0.079105
81 95 0.079105
81 96 0.079105
81 97 0.079105
81 98 0.079105
81 99 0.079104

82 0 0.079108
82 1 0.079109
82 2 0.079109
82 3 0.079109
82 4 0.079109
82 5 0.079109
82 6 0.079109
82 7 0.079108
82 8 0.079108
82 9 0.079108
82 10 0.079108
82 11 0.079107
82 12 0.079107
82 13 0.079106
82 14 0.079106
82 15 0.079105
82 16 0.079105
82 17 0.079104
82 18 0.079103
82 19 0.079103
82 20 0.079102
82 21 0.079101
82 22 0.079101
82 23 0.079100
82 24 0.079099
82 25 0.079099
82 26 0.079098
82 27 0.079098
82 28 0.079097
82 29 0.079097
82 30 0.079096
82 31 0.079096
82 32 0.079095
82 33 0.079095
82 34 0.079095
82 35 0.079095
82 36 0.079094
82 37 0.079094
82 38 0.079094
82 39 0.079094
82 40 0.079094
82 41 0.079094
82 42 0.079094
82 43 0.079094
82 44 0.079094
82 45 0.079094
82 46 0.079094
82 47 0.079094
82 48 0.079094
82 49 0.079094
82 50 0.079094
82 51 0.079094
82 52 0.079094
82 53 0.079094
82 54 0.079094
82 55 0.079095
82 56 0.079095
82 57 0.079095
82 58 0.079095
82 59 0.079096
82 60 0.079096
82 61 0.079096
82 62 0.079096
82 63 0.079097
82 64 0.079097
82 65 0.079097
82 66 0.079098
82 67 0.079098
82 68 0.079098
82 69 0.079099
82 70 0.079099
82 71 0.079099
82 72 0.079100
82 73 0.079100
82 74 0.079100
82 75 0.079101
82 76 0.079101
82 77 0.079101
82 78 0.079102
82 79 0.079102
82 80 0.079103
82 81 0.079103
82 82 0.079104
82 83 0.079104
82 84 0.079104
82 85 0.079105
82 86 0.079105
82 87 0.079105
82 88 0.079105
82 89 0.079105
82 90 0.079105
82 91 0.079106
82 92 0.079106
82 93 0.079106
82 94 0.079106
82 95 0.079106
82 96 0.079106
82 97 0.079106
82 98 0.079106
82 99 0.079104

83 0 0.079108
83 1 0.079110
83 2 0.079109
83 3 0.079109
83 4 0.079109
83 5 0.079109
83 6 0.079109
83 7 0.079109
83 8 0.079109
83 9 0.079108
83 10 0.079108
83 11 0.079108
83 12 0.079107
83 13 0.079107
83 14 0.079106
83 15 0.079106
83 16 0.079105
83 17 0.079105
83 18 0.079104
83 19 0.079103
83 20 0.079103
83 21 0.079102
83 22 0.079101
83 23 0.079101
83 24 0.079100
83 25 0.079099
83 26 0.079099
83 27 0.079098
83 28 0.079098
83 29 0.079097
83 30 0.079097
83 31 0.079096
83 32 0.079096
83 33 0.079096
83 34 0.079095
83 35 0.079095
83 36 0.079095
83 37 0.079095
83 38 0.079094
83 39 0.079094
83 40 0.079094
83 41 0.079094
83 42 0.079094
83 43 0.079094
83 44 0.079094
83 45 0.079094
83 46 0.079094
83 47 0.079094
83 48 0.079094
83 49 0.079094
83 50 0.079094
83 51 0.079094
83 52 0.079094
83 53 0.079094
83 54 0.079095
83 55 0.079095
83 56 0.079095
83 57 0.079095
83 58 0.079096
83 59 0.079096
83 60 0.079096
83 61 0.079097
83 62 0.079097
83 63 0.079097
83 64 0.079098
83 65 0.079098
83 66 0.079098
83 67 0.079099
83 68 0.079099
83 69 0.079099
83 70 0.079100
83 71 0.079100
83 72 0.079100
83 73 0.079101
83 74 0.079101
83 75 0.079102
83 76 0.079102
83 77 0.079102
83 78 0.079103
83 79 0.079103
83 80 0.079104
83 81 0.079104
83 82 0.079105
83 83 0.079105
83 84 0.079105
83 85 0.079105
83 86 0.079106
83 87 0.079106
83 88 0.079106
83 89 0.079106
83 90 0.079106
83 91 0.079107
83 92 0.079107
83 93 0.079107
83 94 0.079107
83 95 0.079107
83 96 0.079107
83 97 0.079106
83 98 0.079107
83 99 0.079104

84 0 0.079108
84 1 0.079110
84 2 0.079109
84 3 0.079110
84 4 0.079109
84 5 0.079109
84 6 0.079109
84 7 0.079109
84 8 0.079109
84 9 0.079109
84 10 0.079108
84 11 0.079108
84 12 0.079108
84 13 0.079107
84 14 0.079107
84 15 0.079106
84 16 0.079105
84 17 0.079105
84 18 0.079104
84 19 0.079103
84 20 0.079103
84 21 0.079102
84 22 0.079101
84 23 0.079101
84 24 0.079100
84 25 0.079099
84 26 0.079099
84 27 0.079098
84 28 0.079098
84 29 0.079097
84 30 0.079097
84 31 0.079096
84 32 0.079096
84 33 0.079096
84 34 0.079095
84 35 0.079095
84 36 0.079095
84 37 0.079095
84 38 0.079094
84 39 0.079094
84 40 0.079094
84 41 0.079094
84 42 0.079094
84 43 0.079094
84 44 0.079094
84 45 0.079094
84 46 0.079094
84 47 0.079094
84 48 0.079094
84 49 0.079094
84 50 0.079094
84 51 0.079094
84 52 0.079094
84 53 0.079094
84 54 0.079094
84 55 0.079095
84 56 0.079095
84 57 0.079095
84 58 0.079095
84 59 0.079096
84 60 0.079096
84 61 0.079097
84 62 0.079097
84 63 0.079097
84 64 0.079098
84 65 0.079098
84 66 0.079098
84 67 0.079099
84 68 0.079099
84 69 0.079099
84 70 0.079100
84 71 0.079100
84 72 0.079101
84 73 0.079101
84 74 0.079101
84 75 0.079102
84 76 0.079102
84 77 0.079103
84 78 0.079103
84 79 0.079104
84 80 0.079104
84 81 0.079105
84 82 0.079105
84 83 0.079105
84 84 0.079106
84 85 0.079106
84 86 0.079106
84 87 0.079106
84 88 0.079106
84 89 0.079107
84 90 0.079107
84 91 0.079107
84 92 0.079107
84 93 0.079107
84 94 0.079107
84 95 0.079107
84 96 0.079107
84 97 0.079107
84 98 0.079107
84 99 0.079105

85 0 0.079108
85 1 0.079110
85 2 0.079109
85 3 0.079110
85 4 0.079110
85 5 0.079110
85 6 0.079109
85 7 0.079109
85 8 0.079109
85 9 0.079109
85 10 0.079109
85 11 0.079108
85 12 0.079108
85 13 0.079107
85 14 0.079107
85 15 0.079106
85 16 0.079106
85 17 0.079105
85 18 0.079104
85 19 0.079104
85 20 0.079103
85 21 0.079102
85 22 0.079102
85 23 0.079101
85 24 0.079100
85 25 0.079100
85 26 0.079099
85 27 0.079099
85 28 0.079098
85 29 0.079098
85 30 0.079097
85 31 0.079097
85 32 0.079096
85 33 0.079096
85 34 0.079096
85 35 0.079095
85 36 0.079095
85 37 0.079095
85 38 0.079095
85 39 0.079094
85 40 0.079094
85 41 0.079094
85 42 0.079094
85 43 0.079094
85 44 0.079094
85 45 0.079094
85 46 0.079094
85 47 0.079094
85 48 0.079094
85 49 0.079094
85 50 0.079094
85 51 0.079094
85 52 0.079094
85 53 0.079094
85 54 0.079094
85 55 0.079095
85 56 0.079095
85 57 0.079095
85 58 0.079096
85 59 0.079096
85 60 0.079096
85 61 0.079097
85 62 0.079097
85 63 0.079098
85 64 0.079098
85 65 0.079098
85 66 0.079099
85 67 0.079099
85 68 0.079100
85 69 0.079100
85 70 0.079100
85 71 0.079101
85 72 0.079101
85 73 0.079101
85 74 0.079102
85 75 0.079102
85 76 0.079103
85 77 0.079103
85 78 0.079104
85 79 0.079104
85 80 0.079105
85 81 0.079105
85 82 0.079106
85 83 0.079106
85 84 0.079106
85 85 0.079107
85 86 0.079107
85 87 0.079107
85 88 0.079107
85 89 0.079107
85 90 0.079108
85 91 0.079108
85 92 0.079108
85 93 0.079108
85 94 0.079108
85 95 0.079108
85 96 0.079108
85 97 0.079107
85 98 0.079108
85 99 0.079105

86 0 0.079108
86 1 0.079110
86 2 0.079109
86 3 0.079110
86 4 0.079110
86 5 0.079110
86 6 0.079110
86 7 0.079110
86 8 0.079109
86 9 0.079109
86 10 0.079109
86 11 0.079108
86 12 0.079108
86 13 0.079108
86 14 0.079107
86 15 0.079106
86 16 0.079106
86 17 0.079105
86 18 0.079105
86 19 0.079104
86 20 0.079103
86 21 0.079102
86 22 0.079102
86 23 0.079101
86 24 0.079100
86 25 0.079100
86 26 0.079099
86 27 0.079099
86 28 0.079098
86 29 0.079098
86 30 0.079097
86 31 0.079097
86 32 0.079096
86 33 0.079096
86 34 0.079096
86 35 0.079095
86 36 0.079095
86 37 0.079095
86 38 0.079095
86 39 0.079094
86 40 0.079094
86 41 0.079094
86 42 0.079094
86 43 0.079094
86 44 0.079094
86 45 0.079094
86 46 0.079093
86 47 0.079093
86 48 0.079093
86 49 0.079093
86 50 0.079094
86 51 0.079094
86 52 0.079094
86 53 0.079094
86 54 0.079094
86 55 0.079094
86 56 0.079095
86 57 0.079095
86 58 0.079095
86 59 0.079096
86 60 0.079096
86 61 0.079097
86 62 0.079097
86 63 0.079098
86 64 0.079098
86 65 0.079098
86 66 0.079099
86 67 0.079099
86 68 0.079100
86 69 0.079100
86 70 0.079100
86 71 0.079101
86 72 0.079101
86 73 0.079102
86 74 0.079102
86 75 0.079103
86 76 0.079103
86 77 0.079104
86 78 0.079104
86 79 0.079105
86 80 0.079105
86 81 0.079106
86 82 0.079106
86 83 0.079106
86 84 0.079107
86 85 0.079107
86 86 0.079107
86 87 0.079108
86 88 0.079108
86 89 0.079108
86 90 0.079108
86 91 0.079108
86 92 0.079109
86 93 0.079109
86 94 0.079109
86 95 0.079108
86 96 0.079109
86 97 0.079108
86 98 0.079108
86 99 0.079106

87 0 0.079108
87 1 0.079111
87 2 0.079110
87 3 0.079110
87 4 0.079110
87 5 0.079110
87 6 0.079110
87 7 0.079110
87 8 0.079110
87 9 0.079109
87 10 0.079109
87 11 0.079109
87 12 0.079108
87 13 0.079108
87 14 0.079107
87 15 0.079107
87 16 0.079106
87 17 0.079106
87 18 0.079105
87 19 0.079104
87 20 0.079104
87 21 0.079103
87 22 0.079102
87 23 0.079102
87 24 0.079101
87 25 0.079100
87 26 0.079100
87 27 0.079099
87 28 0.079099
87 29 0.079098
87 30 0.079098
87 31 0.079097
87 32 0.079097
87 33 0.079096
87 34 0.079096
87 35 0.079096
87 36 0.079095
87 37 0.079095
87 38 0.079095
87 39 0.079095
87 40 0.079094
87 41 0.079094
87 42 0.079094
87 43 0.079094
87 44 0.079094
87 45 0.079094
87 46 0.079093
87 47 0.079093
87 48 0.079093
87 49 0.079093
87 50 0.079094
87 51 0.079094
87 52 0.079094
87 53 0.079094
87 54 0.079094
87 55 0.079095
87 56 0.079095
87 57 0.079095
87 58 0.079096
87 59 0.079096
87 60 0.079096
87 61 0.079097
87 62 0.079097
87 63 0.079098
87 64 0.079098
87 65 0.079099
87 66 0.079099
87 67 0.079100
87 68 0.079100
87 69 0.079100
87 70 0.079101
87 71 0.079101
87 72 0.079102
87 73 0.079102
87 74 0.079103
87 75 0.079103
87 76 0.079104
87 77 0.079104
87 78 0.079105
87 79 0.079105
87 80 0.079106
87 81 0.079106
87 82 0.079107
87 83 0.079107
87 84 0.079107
87 85 0.079108
87 86 0.079108
87 87 0.079108
87 88 0.079108
87 89 0.079109
87 90 0.079109
87 91 0.079109
87 92 0.079109
87 93 0.079109
87 94 0.079109
87 95 0.079109
87 96 0.079109
87 97 0.079108
87 98 0.079109
87 99 0.079106

88 0 0.079108
88 1 0.079111
88 2 0.079110
88 3 0.079111
88 4 0.079110
88 5 0.079110
88 6 0.079110
88 7 0.079110
88 8 0.079110
88 9 0.079110
88 10 0.079109
88 11 0.079109
88 12 0.079109
88 13 0.079108
88 14 0.079108
88 15 0.079107
88 16 0.079107
88 17 0.079106
88 18 0.079106
88 19 0.079105
88 20 0.079104
88 21 0.079104
88 22 0.079103
88 23 0.079102
88 24 0.079102
88 25 0.079101
88 26 0.079100
88 27 0.079100
88 28 0.079099
88 29 0.079099
88 30 0.079098
88 31 0.079098
88 32 0.079097
88 33 0.079097
88 34 0.079096
88 35 0.079096
88 36 0.079096
88 37 0.079095
88 38 0.079095
88 39 0.079095
88 40 0.079095
88 41 0.079094
88 42 0.079094
88 43 0.079094
88 44 0.079094
88 45 0.079094
88 46 0.079094
88 47 0.079094
88 48 0.079094
88 49 0.079094
88 50 0.079094
88 51 0.079094
88 52 0.079094
88 53 0.079094
88 54 0.079094
88 55 0.079094
88 56 0.079095
88 57 0.079095
88 58 0.079095
88 59 0.079096
88 60 0.079096
88 61 0.079097
88 62 0.079097
88 63 0.079098
88 64 0.079098
88 65 0.079099
88 66 0.079099
88 67 0.079100
88 68 0.079100
88 69 0.079101
88 70 0.079101
88 71 0.079101
88 72 0.079102
88 73 0.079102
88 74 0.079103
88 75 0.079104
88 76 0.079104
88 77 0.079105
88 78 0.079105
88 79 0.079106
88 80 0.079107
88 81 0.079107
88 82 0.079107
88 83 0.079108
88 84 0.079108
88 85 0.079108
88 86 0.079109
88 87 0.079109
88 88 0.079109
88 89 0.079109
88 90 0.079110
88 91 0.079110
88 92 0.079110
88 93 0.079110
88 94 0.079110
88 95 0.079110
88 96 0.079110
88 97 0.079109
88 98 0.079110
88 99 0.079107

89 0 0.079108
89 1 0.079111
89 2 0.079110
89 3 0.079111
89 4 0.079111
89 5 0.079111
89 6 0.079111
89 7 0.079111
89 8 0.079111
89 9 0.079110
89 10 0.079110
89 11 0.079110
89 12 0.079109
89 13 0.079109
89 14 0.079108
89 15 0.079108
89 16 0.079107
89 17 0.079107
89 18 0.079106
89 19 0.079105
89 20 0.079105
89 21 0.079104
89 22 0.079103
89 23 0.079103
89 24 0.079102
89 25 0.079101
89 26 0.079101
89 27 0.079100
89 28 0.079100
89 29 0.079099
89 30 0.079099
89 31 0.079098
89 32 0.079098
89 33 0.079097
89 34 0.079097
89 35 0.079096
89 36 0.079096
89 37 0.079096
89 38 0.079095
89 39 0.079095
89 40 0.079095
89 41 0.079094
89 42 0.079094
89 43 0.079094
89 44 0.079094
89 45 0.079094
89 46 0.079094
89 47 0.079094
89 48 0.079094
89 49 0.079094
89 50 0.079094
89 51 0.079094
89 52 0.079094
89 53 0.079094
89 54 0.079094
89 55 0.079094
89 56 0.079095
89 57 0.079095
89 58 0.079096
89 59 0.079096
89 60 0.079097
89 61 0.079097
89 62 0.079098
89 63 0.079098
89 64 0.079099
89 65 0.079099
89 66 0.079100
89 67 0.079100
89 68 0.079101
89 69 0.079101
89 70 0.079102
89 71 0.079102
89 72 0.079103
89 73 0.079103
89 74 0.079104
89 75 0.079104
89 76 0.079105
89 77 0.079105
89 78 0.079106
89 79 0.079107
89 80 0.079107
89 81 0.079108
89 82 0.079108
89 83 0.079109
89 84 0.079109
89 85 0.079109
89 86 0.079109
89 87 0.079110
89 88 0.079110
89 89 0.079110
89 90 0.079110
89 91 0.079111
89 92 0.079111
89 93 0.079111
89 94 0.079111
89 95 0.079110
89 96 0.079110
89 97 0.079109
89 98 0.079110
89 99 0.079107

90 0 0.079108
90 1 0.079112
90 2 0.079110
90 3 0.079111
90 4 0.079111
90 5 0.079111
90 6 0.079111
90 7 0.079111
90 8 0.079111
90 9 0.079111
90 10 0.079110
90 11 0.079110
90 12 0.079110
90 13 0.079109
90 14 0.079109
90 15 0.079108
90 16 0.079107
90 17 0.079107
90 18 0.079106
90 19 0.079105
90 20 0.079105
90 21 0.079104
90 22 0.079103
90 23 0.079103
90 24 0.079102
90 25 0.079101
90 26 0.079101
90 27 0.079100
90 28 0.079100
90 29 0.079099
90 30 0.079099
90 31 0.079098
90 32 0.079098
90 33 0.079097
90 34 0.079097
90 35 0.079096
90 36 0.079096
90 37 0.079095
90 38 0.079095
90 39 0.079095
90 40 0.079095
90 41 0.079094
90 42 0.079094
90 43 0.079094
90 44 0.079094
90 45 0.079094
90 46 0.079094
90 47 0.079093
90 48 0.079093
90 49 0.079093
90 50 0.079093
90 51 0.079093
90 52 0.079094
90 53 0.079094
90 54 0.079094
90 55 0.079094
90 56 0.079095
90 57 0.079095
90 58 0.079095
90 59 0.079096
90 60 0.079096
90 61 0.079097
90 62 0.079098
90 63 0.079098
90 64 0.079099
90 65 0.079099
90 66 0.079100
90 67 0.079100
90 68 0.079101
90 69 0.079101
90 70 0.079101
90 71 0.079102
90 72 0.079102
90 73 0.079103
90 74 0.079104
90 75 0.079104
90 76 0.079105
90 77 0.079105
90 78 0.079106
90 79 0.079107
90 80 0.079107
90 81 0.079108
90 82 0.079108
90 83 0.079109
90 84 0.079109
90 85 0.079109
90 86 0.079110
90 87 0.079110
90 88 0.079110
90 89 0.079111
90 90 0.079111
90 91 0.079111
90 92 0.079111
90 93 0.079111
90 94 0.079111
90 95 0.079111
90 96 0.079111
90 97 0.079110
90 98 0.079111
90 99 0.079108

91 0 0.079108
91 1 0.079112
91 2 0.079110
91 3 0.079111
91 4 0.079111
91 5 0.079111
91 6 0.079111
91 7 0.079111
91 8 0.079111
91 9 0.079111
91 10 0.079111
91 11 0.079110
91 12 0.079110
91 13 0.079109
91 14 0.079109
91 15 0.079108
91 16 0.079108
91 17 0.079107
91 18 0.079107
91 19 0.079106
91 20 0.079105
91 21 0.079105
91 22 0.079104
91 23 0.079103
91 24 0.079103
91 25 0.079102
91 26 0.079101
91 27 0.079101
91 28 0.079100
91 29 0.079100
91 30 0.079099
91 31 0.079098
91 32 0.079098
91 33 0.079097
91 34 0.079097
91 35 0.079096
91 36 0.079096
91 37 0.079096
91 38 0.079095
91 39 0.079095
91 40 0.079095
91 41 0.079094
91 42 0.079094
91 43 0.079094
91 44 0.079094
91 45 0.079094
91 46 0.079094
91 47 0.079094
91 48 0.079094
91 49 0.079093
91 50 0.079094
91 51 0.079094
91 52 0.079094
91 53 0.079094
91 54 0.079094
91 55 0.079094
91 56 0.079095
91 57 0.079095
91 58 0.079096
91 59 0.079096
91 60 0.079097
91 61 0.079097
91 62 0.079098
91 63 0.079099
91 64 0.079099
91 65 0.079100
91 66 0.079100
91 67 0.079101
91 68 0.079101
91 69 0.079102
91 70 0.079102
91 71 0.079103
91 72 0.079103
91 73 0.079104
91 74 0.079104
91 75 0.079105
91 76 0.079105
91 77 0.079106
91 78 0.079107
91 79 0.079107
91 80 0.079108
91 81 0.079108
91 82 0.079109
91 83 0.079109
91 84 0.079110
91 85 0.079110
91 86 0.079110
91 87 0.079111
91 88 0.079111
91 89 0.079111
91 90 0.079111
91 91 0.079112
91 92 0.079112
91 93 0.079112
91 94 0.079112
91 95 0.079111
91 96 0.079111
91 97 0.079110
91 98 0.079112
91 99 0.079108

92 0 0.079108
92 1 0.079112
92 2 0.079110
92 3 0.079112
92 4 0.079111
92 5 0.079112
92 6 0.079112
92 7 0.079112
92 8 0.079111
92 9 0.079111
92 10 0.079111
92 11 0.079110
92 12 0.079110
92 13 0.079110
92 14 0.079109
92 15 0.079108
92 16 0.079108
92 17 0.079107
92 18 0.079106
92 19 0.079106
92 20 0.079105
92 21 0.079104
92 22 0.079104
92 23 0.079103
92 24 0.079102
92 25 0.079102
92 26 0.079101
92 27 0.079101
92 28 0.079100
92 29 0.079099
92 30 0.079099
92 31 0.079098
92 32 0.079098
92 33 0.079097
92 34 0.079097
92 35 0.079096
92 36 0.079096
92 37 0.079095
92 38 0.079095
92 39 0.079095
92 40 0.079095
92 41 0.079094
92 42 0.079094
92 43 0.079094
92 44 0.079094
92 45 0.079094
92 46 0.079094
92 47 0.079093
92 48 0.079093
92 49 0.079093
92 50 0.079093
92 51 0.079093
92 52 0.079094
92 53 0.079094
92 54 0.079094
92 55 0.079094
92 56 0.079095
92 57 0.079095
92 58 0.079096
92 59 0.079096
92 60 0.079097
92 61 0.079097
92 62 0.079098
92 63 0.079098
92 64 0.079099
92 65 0.079099
92 66 0.079100
92 67 0.079100
92 68 0.079101
92 69 0.079101
92 70 0.079102
92 71 0.079102
92 72 0.079103
92 73 0.079103
92 74 0.079104
92 75 0.079105
92 76 0.079105
92 77 0.079106
92 78 0.079107
92 79 0.079107
92 80 0.079108
92 81 0.079109
92 82 0.079109
92 83 0.079109
92 84 0.079110
92 85 0.079110
92 86 0.079111
92 87 0.079111
92 88 0.079111
92 89 0.079112
92 90 0.079112
92 91 0.079112
92 92 0.079112
92 93 0.079112
92 94 0.079112
92 95 0.079112
92 96 0.079112
92 97 0.079111
92 98 0.079112
92 99 0.079108

93 0 0.079108
93 1 0.079112
93 2 0.079110
93 3 0.079111
93 4 0.079111
93 5 0.079111
93 6 0.079111
93 7 0.079111
93 8 0.079111
93 9 0.079111
93 10 0.079111
93 11 0.079110
93 12 0.079110
93 13 0.079110
93 14 0.079109
93 15 0.079109
93 16 0.079108
93 17 0.079107
93 18 0.079107
93 19 0.079106
93 20 0.079105
93 21 0.079105
93 22 0.079104
93 23 0.079103
93 24 0.079103
93 25 0.079102
93 26 0.079101
93 27 0.079101
93 28 0.079100
93 29 0.079100
93 30 0.079099
93 31 0.079099
93 32 0.079098
93 33 0.079097
93 34 0.079097
93 35 0.079096
93 36 0.079096
93 37 0.079096
93 38 0.079095
93 39 0.079095
93 40 0.079095
93 41 0.079094
93 42 0.079094
93 43 0.079094
93 44 0.079094
93 45 0.079094
93 46 0.079094
93 47 0.079094
93 48 0.079094
93 49 0.079094
93 50 0.079094
93 51 0.079094
93 52 0.079094
93 53 0.079094
93 54 0.079094
93 55 0.079095
93 56 0.079095
93 57 0.079096
93 58 0.079096
93 59 0.079097
93 60 0.079097
93 61 0.079098
93 62 0.079098
93 63 0.079099
93 64 0.079099
93 65 0.079100
93 66 0.079100
93 67 0.079101
93 68 0.079101
93 69 0.079102
93 70 0.079102
93 71 0.079103
93 72 0.079103
93 73 0.079104
93 74 0.079105
93 75 0.079105
93 76 0.079106
93 77 0.079107
93 78 0.079107
93 79 0.079108
93 80 0.079108
93 81 0.079109
93 82 0.079109
93 83 0.079110
93 84 0.079110
93 85 0.079111
93 86 0.079111
93 87 0.079111
93 88 0.079111
93 89 0.079112
93 90 0.079112
93 91 0.079112
93 92 0.079112
93 93 0.079112
93 94 0.079112
93 95 0.079111
93 96 0.079112
93 97 0.079111
93 98 0.079113
93 99 0.079108

94 0 0.079107
94 1 0.079112
94 2 0.079110
94 3 0.079111
94 4 0.079111
94 5 0.079111
94 6 0.079111
94 7 0.079111
94 8 0.079111
94 9 0.079111
94 10 0.079111
94 11 0.079110
94 12 0.079110
94 13 0.079110
94 14 0.079109
94 15 0.079108
94 16 0.079108
94 17 0.079107
94 18 0.079107
94 19 0.079106
94 20 0.079105
94 21 0.079105
94 22 0.079104
94 23 0.079103
94 24 0.079103
94 25 0.079102
94 26 0.079101
94 27 0.079101
94 28 0.079100
94 29 0.079099
94 30 0.079099
94 31 0.079098
94 32 0.079098
94 33 0.079097
94 34 0.079097
94 35 0.079096
94 36 0.079096
94 37 0.079095
94 38 0.079095
94 39 0.079095
94 40 0.079095
94 41 0.079094
94 42 0.079094
94 43 0.079094
94 44 0.079094
94 45 0.079094
94 46 0.079094
94 47 0.079094
94 48 0.079094
94 49 0.079093
94 50 0.079094
94 51 0.079094
94 52 0.079094
94 53 0.079094
94 54 0.079094
94 55 0.079094
94 56 0.079095
94 57 0.079095
94 58 0.079096
94 59 0.079096
94 60 0.079097
94 61 0.079098
94 62 0.079098
94 63 0.079099
94 64 0.079099
94 65 0.079100
94 66 0.079100
94 67 0.079101
94 68 0.079101
94 69 0.079102
94 70 0.079102
94 71 0.079103
94 72 0.079103
94 73 0.079104
94 74 0.079104
94 75 0.079105
94 76 0.079106
94 77 0.079106
94 78 0.079107
94 79 0.079108
94 80 0.079108
94 81 0.079109
94 82 0.079109
94 83 0.079110
94 84 0.079110
94 85 0.079110
94 86 0.079111
94 87 0.079111
94 88 0.079111
94 89 0.079112
94 90 0.079112
94 91 0.079112
94 92 0.079112
94 93 0.079112
94 94 0.079112
94 95 0.079112
94 96 0.079112
94 97 0.079111
94 98 0.079113
94 99 0.079109

95 0 0.079107
95 1 0.079112
95 2 0.079109
95 3 0.079111
95 4 0.079111
95 5 0.079111
95 6 0.079111
95 7 0.079111
95 8 0.079111
95 9 0.079111
95 10 0.079110
95 11 0.079110
95 12 0.079110
95 13 0.079109
95 14 0.079109
95 15 0.079108
95 16 0.079108
95 17 0.079107
95 18 0.079106
95 19 0.079106
95 20 0.079105
95 21 0.079105
95 22 0.079104
95 23 0.079103
95 24 0.079103
95 25 0.079102
95 26 0.079101
95 27 0.079101
95 28 0.079100
95 29 0.079099
95 30 0.079099
95 31 0.079098
95 32 0.079098
95 33 0.079097
95 34 0.079097
95 35 0.079096
95 36 0.079096
95 37 0.079095
95 38 0.079095
95 39 0.079095
95 40 0.079094
95 41 0.079094
95 42 0.079094
95 43 0.079094
95 44 0.079094
95 45 0.079094
95 46 0.079093
95 47 0.079093
95 48 0.079093
95 49 0.079093
95 50 0.079093
95 51 0.079093
95 52 0.079094
95 53 0.079094
95 54 0.079094
95 55 0.079094
95 56 0.079095
95 57 0.079095
95 58 0.079096
95 59 0.079096
95 60 0.079097
95 61 0.079098
95 62 0.079098
95 63 0.079099
95 64 0.079099
95 65 0.079100
95 66 0.079100
95 67 0.079101
95 68 0.079101
95 69 0.079102
95 70 0.079102
95 71 0.079103
95 72 0.079103
95 73 0.079104
95 74 0.079105
95 75 0.079105
95 76 0.079106
95 77 0.079106
95 78 0.079107
95 79 0.079108
95 80 0.079108
95 81 0.079109
95 82 0.079109
95 83 0.079110
95 84 0.079110
95 85 0.079110
95 86 0.079111
95 87 0.079111
95 88 0.079111
95 89 0.079112
95 90 0.079112
95 91 0.079112
95 92 0.079112
95 93 0.079112
95 94 0.079112
95 95 0.079111
95 96 0.079112
95 97 0.079111
95 98 0.079113
95 99 0.079109

96 0 0.079107
96 1 0.079112
96 2 0.079110
96 3 0.079111
96 4 0.079111
96 5 0.079111
96 6 0.079111
96 7 0.079111
96 8 0.079111
96 9 0.079111
96 10 0.079111
96 11 0.079110
96 12 0.079110
96 13 0.079110
96 14 0.079109
96 15 0.079109
96 16 0.079108
96 17 0.079107
96 18 0.079107
96 19 0.079106
96 20 0.079105
96 21 0.079105
96 22 0.079104
96 23 0.079103
96 24 0.079102
96 25 0.079102
96 26 0.079101
96 27 0.079100
96 28 0.079100
96 29 0.079099
96 30 0.079099
96 31 0.079098
96 32 0.079098
96 33 0.079097
96 34 0.079096
96 35 0.079096
96 36 0.079096
96 37 0.079095
96 38 0.079095
96 39 0.079095
96 40 0.079094
96 41 0.079094
96 42 0.079094
96 43 0.079094
96 44 0.079094
96 45 0.079093
96 46 0.079093
96 47 0.079093
96 48 0.079093
96 49 0.079093
96 50 0.079093
96 51 0.079093
96 52 0.079094
96 53 0.079094
96 54 0.079094
96 55 0.079094
96 56 0.079095
96 57 0.079095
96 58 0.079096
96 59 0.079096
96 60 0.079097
96 61 0.079098
96 62 0.079098
96 63 0.079099
96 64 0.079099
96 65 0.079100
96 66 0.079100
96 67 0.079101
96 68 0.079101
96 69 0.079102
96 70 0.079102
96 71 0.079103
96 72 0.079103
96 73 0.079104
96 74 0.079105
96 75 0.079105
96 76 0.079106
96 77 0.079106
96 78 0.079107
96 79 0.079108
96 80 0.079108
96 81 0.079109
96 82 0.079109
96 83 0.079110
96 84 0.079110
96 85 0.079111
96 86 0.079111
96 87 0.079111
96 88 0.079112
96 89 0.079112
96 90 0.079112
96 91 0.079112
96 92 0.079113
96 93 0.079112
96 94 0.079112
96 95 0.079112
96 96 0.079113
96 97 0.079111
96 98 0.079113
96 99 0.079109

97 0 0.079106
97 1 0.079110
97 2 0.079109
97 3 0.079110
97 4 0.079110
97 5 0.079110
97 6 0.079110
97 7 0.079110
97 8 0.079110
97 9 0.079110
97 10 0.079109
97 11 0.079109
97 12 0.079109
97 13 0.079108
97 14 0.079108
97 15 0.079107
97 16 0.079107
97 17 0.079106
97 18 0.079106
97 19 0.079105
97 20 0.079104
97 21 0.079104
97 22 0.079103
97 23 0.079102
97 24 0.079102
97 25 0.079101
97 26 0.079100
97 27 0.079100
97 28 0.079099
97 29 0.079099
97 30 0.079098
97 31 0.079098
97 32 0.079097
97 33 0.079097
97 34 0.079096
97 35 0.079096
97 36 0.079095
97 37 0.079095
97 38 0.079095
97 39 0.079094
97 40 0.079094
97 41 0.079094
97 42 0.079093
97 43 0.079093
97 44 0.079093
97 45 0.079093
97 46 0.079093
97 47 0.079093
97 48 0.079093
97 49 0.079093
97 50 0.079093
97 51 0.079093
97 52 0.079093
97 53 0.079093
97 54 0.079094
97 55 0.079094
97 56 0.079094
97 57 0.079095
97 58 0.079095
97 59 0.079096
97 60 0.079096
97 61 0.079097
97 62 0.079098
97 63 0.079098
97 64 0.079099
97 65 0.079099
97 66 0.079100
97 67 0.079101
97 68 0.079101
97 69 0.079102
97 70 0.079102
97 71 0.079103
97 72 0.079103
97 73 0.079104
97 74 0.079104
97 75 0.079105
97 76 0.079105
97 77 0.079106
97 78 0.079106
97 79 0.079107
97 80 0.079107
97 81 0.079108
97 82 0.079108
97 83 0.079109
97 84 0.079109
97 85 0.079109
97 86 0.079110
97 87 0.079110
97 88 0.079111
97 89 0.079111
97 90 0.079111
97 91 0.079111
97 92 0.079111
97 93 0.079111
97 94 0.079111
97 95 0.079111
97 96 0.079111
97 97 0.079110
97 98 0.079112
97 99 0.079109

98 0 0.079107
98 1 0.079112
98 2 0.079111
98 3 0.079112
98 4 0.079112
98 5 0.079112
98 6 0.079112
98 7 0.079113
98 8 0.079112
98 9 0.079112
98 10 0.079112
98 11 0.079112
98 12 0.079111
98 13 0.079111
98 14 0.079110
98 15 0.079110
98 16 0.079109
98 17 0.079108
98 18 0.079108
98 19 0.079107
98 20 0.079106
98 21 0.079105
98 22 0.079104
98 23 0.079104
98 24 0.079103
98 25 0.079102
98 26 0.079101
98 27 0.079101
98 28 0.079100
98 29 0.079100
98 30 0.079099
98 31 0.079098
98 32 0.079098
98 33 0.079097
98 34 0.079097
98 35 0.079096
98 36 0.079096
98 37 0.079095
98 38 0.079095
98 39 0.079095
98 40 0.079094
98 41 0.079094
98 42 0.079094
98 43 0.079094
98 44 0.079094
98 45 0.079094
98 46 0.079094
98 47 0.079094
98 48 0.079094
98 49 0.079094
98 50 0.079094
98 51 0.079094
98 52 0.079094
98 53 0.079095
98 54 0.079095
98 55 0.079095
98 56 0.079096
98 57 0.079096
98 58 0.079097
98 59 0.079098
98 60 0.079098
98 61 0.079099
98 62 0.079099
98 63 0.079100
98 64 0.079101
98 65 0.079101
98 66 0.079102
98 67 0.079102
98 68 0.079103
98 69 0.079103
98 70 0.079103
98 71 0.079104
98 72 0.079104
98 73 0.079105
98 74 0.079105
98 75 0.079106
98 76 0.079106
98 77 0.079107
98 78 0.079108
98 79 0.079108
98 80 0.079109
98 81 0.079110
98 82 0.079110
98 83 0.079111
98 84 0.079111
98 85 0.079112
98 86 0.079112
98 87 0.079112
98 88 0.079113
98 89 0.079113
98 90 0.079113
98 91 0.079114
98 92 0.079114
98 93 0.079114
98 94 0.079114
98 95 0.079113
98 96 0.079114
98 97 0.079112
98 98 0.079115
98 99 0.079110

99 0 0.079107
99 1 0.079107
99 2 0.079106
99 3 0.079107
99 4 0.079107
99 5 0.079107
99 6 0.079107
99 7 0.079107
99 8 0.079107
99 9 0.079107
99 10 0.079107
99 11 0.079107
99 12 0.079106
99 13 0.079106
99 14 0.079105
99 15 0.079105
99 16 0.079104
99 17 0.079104
99 18 0.079103
99 19 0.079102
99 20 0.079102
99 21 0.079101
99 22 0.079100
99 23 0.079100
99 24 0.079099
99 25 0.079099
99 26 0.079098
99 27 0.079098
99 28 0.079097
99 29 0.079097
99 30 0.079097
99 31 0.079096
99 32 0.079096
99 33 0.079096
99 34 0.079096
99 35 0.079095
99 36 0.079095
99 37 0.079094
99 38 0.079094
99 39 0.079093
99 40 0.079093
99 41 0.079092
99 42 0.079092
99 43 0.079091
99 44 0.079091
99 45 0.079090
99 46 0.079090
99 47 0.079090
99 48 0.079090
99 49 0.079090
99 50 0.079090
99 51 0.079090
99 52 0.079091
99 53 0.079091
99 54 0.079091
99 55 0.079092
99 56 0.079092
99 57 0.079093
99 58 0.079093
99 59 0.079094
99 60 0.079094
99 61 0.079095
99 62 0.079096
99 63 0.079096
99 64 0.079097
99 65 0.079098
99 66 0.079099
99 67 0.079099
99 68 0.079100
99 69 0.079101
99 70 0.079101
99 71 0.079102
99 72 0.079102
99 73 0.079103
99 74 0.079103
99 75 0.079103
99 76 0.079104
99 77 0.079104
99 78 0.079104
99 79 0.079104
99 80 0.079104
99 81 0.079105
99 82 0.079105
99 83 0.079106
99 84 0.079106
99 85 0.079107
99 86 0.079108
99 87 0.079108
99 88 0.079109
99 89 0.079109
99 90 0.079109
99 91 0.079109
99 92 0.079110
99 93 0.079110
99 94 0.079110
99 95 0.079109
99 96 0.079110
99 97 0.079109
99 98 0.079110
99 99 0.079110

