0 0 0.079085
0 1 0.079085
0 2 0.079086
0 3 0.079085
0 4 0.079087
0 5 0.079086
0 6 0.079087
0 7 0.079087
0 8 0.079088
0 9 0.079088
0 10 0.079089
0 11 0.079089
0 12 0.079089
0 13 0.079090
0 14 0.079090
0 15 0.079091
0 16 0.079092
0 17 0.079093
0 18 0.079094
0 19 0.079095
0 20 0.079096
0 21 0.079097
0 22 0.079098
0 23 0.079098
0 24 0.079099
0 25 0.079099
0 26 0.079100
0 27 0.079100
0 28 0.079100
0 29 0.079100
0 30 0.079100
0 31 0.079100
0 32 0.079100
0 33 0.079099
0 34 0.079099
0 35 0.079099
0 36 0.079099
0 37 0.079099
0 38 0.079099
0 39 0.079099
0 40 0.079099
0 41 0.079099
0 42 0.079100
0 43 0.079100
0 44 0.079101
0 45 0.079101
0 46 0.079102
0 47 0.079102
0 48 0.079103
0 49 0.079103
0 50 0.079104
0 51 0.079104
0 52 0.079105
0 53 0.079105
0 54 0.079105
0 55 0.079106
0 56 0.079106
0 57 0.079106
0 58 0.079106
0 59 0.079106
0 60 0.079106
0 61 0.079106
0 62 0.079106
0 63 0.079106
0 64 0.079106
0 65 0.079107
0 66 0.079107
0 67 0.079107
0 68 0.079107
0 69 0.079107
0 70 0.079107
0 71 0.079106
0 72 0.079106
0 73 0.079105
0 74 0.079105
0 75 0.079104
0 76 0.079103
0 77 0.079102
0 78 0.079100
0 79 0.079099
0 80 0.079098
0 81 0.079096
0 82 0.079095
0 83 0.079095
0 84 0.079094
0 85 0.079093
0 86 0.079093
0 87 0.079093
0 88 0.079093
0 89 0.079093
0 90 0.079093
0 91 0.079093
0 92 0.079092
0 93 0.079092
0 94 0.079092
0 95 0.079092
0 96 0.079091
0 97 0.079091
0 98 0.079091
0 99 0.079091

1 0 0.079085
1 1 0.079086
1 2 0.079086
1 3 0.079086
1 4 0.079087
1 5 0.079087
1 6 0.079088
1 7 0.079088
1 8 0.079089
1 9 0.079089
1 10 0.079090
1 11 0.079090
1 12 0.079090
1 13 0.079090
1 14 0.079091
1 15 0.079091
1 16 0.079092
1 17 0.079093
1 18 0.079094
1 19 0.079095
1 20 0.079095
1 21 0.079096
1 22 0.079097
1 23 0.079098
1 24 0.079098
1 25 0.079099
1 26 0.079099
1 27 0.079099
1 28 0.079100
1 29 0.079100
1 30 0.079100
1 31 0.079100
1 32 0.079100
1 33 0.079100
1 34 0.079099
1 35 0.079099
1 36 0.079099
1 37 0.079099
1 38 0.079099
1 39 0.079099
1 40 0.079099
1 41 0.079100
1 42 0.079100
1 43 0.079100
1 44 0.079101
1 45 0.079101
1 46 0.079102
1 47 0.079103
1 48 0.079103
1 49 0.079104
1 50 0.079104
1 51 0.079105
1 52 0.079105
1 53 0.079105
1 54 0.079106
1 55 0.079106
1 56 0.079106
1 57 0.079106
1 58 0.079106
1 59 0.079107
1 60 0.079107
1 61 0.079107
1 62 0.079107
1 63 0.079107
1 64 0.079107
1 65 0.079107
1 66 0.079107
1 67 0.079107
1 68 0.079107
1 69 0.079107
1 70 0.079107
1 71 0.079106
1 72 0.079106
1 73 0.079105
1 74 0.079104
1 75 0.079103
1 76 0.079102
1 77 0.079101
1 78 0.079100
1 79 0.079098
1 80 0.079097
1 81 0.079096
1 82 0.079095
1 83 0.079095
1 84 0.079094
1 85 0.079094
1 86 0.079094
1 87 0.079093
1 88 0.079093
1 89 0.079093
1 90 0.079093
1 91 0.079093
1 92 0.079093
1 93 0.079093
1 94 0.079092
1 95 0.079092
1 96 0.079092
1 97 0.079092
1 98 0.079092
1 99 0.079091

2 0 0.079086
2 1 0.079086
2 2 0.079087
2 3 0.079087
2 4 0.079088
2 5 0.079087
2 6 0.079088
2 7 0.079088
2 8 0.079089
2 9 0.079089
2 10 0.079090
2 11 0.079090
2 12 0.079090
2 13 0.079091
2 14 0.079091
2 15 0.079092
2 16 0.079092
2 17 0.079093
2 18 0.079094
2 19 0.079095
2 20 0.079096
2 21 0.079097
2 22 0.079097
2 23 0.079098
2 24 0.079099
2 25 0.079099
2 26 0.079099
2 27 0.079100
2 28 0.079100
2 29 0.079100
2 30 0.079100
2 31 0.079100
2 32 0.079100
2 33 0.079100
2 34 0.079100
2 35 0.079100
2 36 0.079100
2 37 0.079100
2 38 0.079100
2 39 0.079100
2 40 0.079100
2 41 0.079100
2 42 0.079100
2 43 0.079101
2 44 0.079101
2 45 0.079102
2 46 0.079102
2 47 0.079103
2 48 0.079103
2 49 0.079104
2 50 0.079104
2 51 0.079105
2 52 0.079105
2 53 0.079106
2 54 0.079106
2 55 0.079106
2 56 0.079107
2 57 0.079107
2 58 0.079107
2 59 0.079107
2 60 0.079107
2 61 0.079107
2 62 0.079107
2 63 0.079107
2 64 0.079107
2 65 0.079107
2 66 0.079107
2 67 0.079107
2 68 0.079107
2 69 0.079107
2 70 0.079107
2 71 0.079106
2 72 0.079106
2 73 0.079105
2 74 0.079104
2 75 0.079103
2 76 0.079102
2 77 0.079101
2 78 0.079100
2 79 0.079099
2 80 0.079098
2 81 0.079097
2 82 0.079096
2 83 0.079095
2 84 0.079095
2 85 0.079094
2 86 0.079094
2 87 0.079094
2 88 0.079094
2 89 0.079094
2 90 0.079093
2 91 0.079093
2 92 0.079093
2 93 0.079093
2 94 0.079092
2 95 0.079093
2 96 0.079092
2 97 0.079092
2 98 0.079092
2 99 0.079091

3 0 0.079085
3 1 0.079086
3 2 0.079087
3 3 0.079087
3 4 0.079088
3 5 0.079087
3 6 0.079088
3 7 0.079088
3 8 0.079089
3 9 0.079089
3 10 0.079089
3 11 0.079089
3 12 0.079090
3 13 0.079090
3 14 0.079090
3 15 0.079091
3 16 0.079091
3 17 0.079092
3 18 0.079093
3 19 0.079094
3 20 0.079094
3 21 0.079095
3 22 0.079096
3 23 0.079097
3 24 0.079097
3 25 0.079098
3 26 0.079098
3 27 0.079099
3 28 0.079099
3 29 0.079099
3 30 0.079099
3 31 0.079099
3 32 0.079099
3 33 0.079099
3 34 0.079099
3 35 0.079099
3 36 0.079099
3 37 0.079099
3 38 0.079099
3 39 0.079099
3 40 0.079099
3 41 0.079099
3 42 0.079100
3 43 0.079100
3 44 0.079101
3 45 0.079101
3 46 0.079102
3 47 0.079102
3 48 0.079103
3 49 0.079103
3 50 0.079104
3 51 0.079104
3 52 0.079105
3 53 0.079105
3 54 0.079105
3 55 0.079105
3 56 0.079105
3 57 0.079105
3 58 0.079106
3 59 0.079106
3 60 0.079106
3 61 0.079106
3 62 0.079106
3 63 0.079106
3 64 0.079106
3 65 0.079106
3 66 0.079106
3 67 0.079106
3 68 0.079106
3 69 0.079106
3 70 0.079106
3 71 0.079105
3 72 0.079105
3 73 0.079104
3 74 0.079103
3 75 0.079102
3 76 0.079101
3 77 0.079100
3 78 0.079098
3 79 0.079097
3 80 0.079096
3 81 0.079095
3 82 0.079094
3 83 0.079094
3 84 0.079093
3 85 0.079093
3 86 0.079093
3 87 0.079093
3 88 0.079093
3 89 0.079093
3 90 0.079093
3 91 0.079093
3 92 0.079092
3 93 0.079093
3 94 0.079092
3 95 0.079092
3 96 0.079092
3 97 0.079092
3 98 0.079092
3 99 0.079091

4 0 0.079086
4 1 0.079087
4 2 0.079088
4 3 0.079087
4 4 0.079088
4 5 0.079088
4 6 0.079089
4 7 0.079089
4 8 0.079089
4 9 0.079089
4 10 0.079090
4 11 0.079090
4 12 0.079090
4 13 0.079091
4 14 0.079091
4 15 0.079092
4 16 0.079093
4 17 0.079093
4 18 0.079094
4 19 0.079095
4 20 0.079096
4 21 0.079096
4 22 0.079097
4 23 0.079098
4 24 0.079098
4 25 0.079099
4 26 0.079099
4 27 0.079100
4 28 0.079100
4 29 0.079100
4 30 0.079100
4 31 0.079100
4 32 0.079100
4 33 0.079100
4 34 0.079100
4 35 0.079100
4 36 0.079100
4 37 0.079100
4 38 0.079100
4 39 0.079100
4 40 0.079100
4 41 0.079100
4 42 0.079101
4 43 0.079101
4 44 0.079102
4 45 0.079102
4 46 0.079103
4 47 0.079103
4 48 0.079104
4 49 0.079104
4 50 0.079105
4 51 0.079105
4 52 0.079106
4 53 0.079106
4 54 0.079106
4 55 0.079107
4 56 0.079107
4 57 0.079107
4 58 0.079107
4 59 0.079107
4 60 0.079107
4 61 0.079107
4 62 0.079107
4 63 0.079107
4 64 0.079107
4 65 0.079107
4 66 0.079107
4 67 0.079107
4 68 0.079107
4 69 0.079107
4 70 0.079106
4 71 0.079106
4 72 0.079105
4 73 0.079105
4 74 0.079104
4 75 0.079103
4 76 0.079102
4 77 0.079101
4 78 0.079099
4 79 0.079098
4 80 0.079097
4 81 0.079096
4 82 0.079096
4 83 0.079095
4 84 0.079095
4 85 0.079094
4 86 0.079094
4 87 0.079094
4 88 0.079094
4 89 0.079094
4 90 0.079093
4 91 0.079093
4 92 0.079093
4 93 0.079093
4 94 0.079093
4 95 0.079093
4 96 0.079092
4 97 0.079093
4 98 0.079092
4 99 0.079092

5 0 0.079086
5 1 0.079087
5 2 0.079088
5 3 0.079087
5 4 0.079088
5 5 0.079088
5 6 0.079089
5 7 0.079088
5 8 0.079089
5 9 0.079089
5 10 0.079089
5 11 0.079089
5 12 0.079090
5 13 0.079090
5 14 0.079090
5 15 0.079091
5 16 0.079091
5 17 0.079092
5 18 0.079092
5 19 0.079093
5 20 0.079094
5 21 0.079095
5 22 0.079095
5 23 0.079096
5 24 0.079097
5 25 0.079097
5 26 0.079098
5 27 0.079098
5 28 0.079099
5 29 0.079099
5 30 0.079099
5 31 0.079100
5 32 0.079100
5 33 0.079100
5 34 0.079099
5 35 0.079099
5 36 0.079099
5 37 0.079099
5 38 0.079099
5 39 0.079099
5 40 0.079099
5 41 0.079100
5 42 0.079100
5 43 0.079101
5 44 0.079101
5 45 0.079102
5 46 0.079102
5 47 0.079103
5 48 0.079103
5 49 0.079104
5 50 0.079104
5 51 0.079104
5 52 0.079105
5 53 0.079105
5 54 0.079105
5 55 0.079105
5 56 0.079105
5 57 0.079105
5 58 0.079105
5 59 0.079105
5 60 0.079105
5 61 0.079105
5 62 0.079105
5 63 0.079105
5 64 0.079105
5 65 0.079105
5 66 0.079105
5 67 0.079105
5 68 0.079105
5 69 0.079105
5 70 0.079105
5 71 0.079104
5 72 0.079104
5 73 0.079103
5 74 0.079102
5 75 0.079101
5 76 0.079100
5 77 0.079099
5 78 0.079097
5 79 0.079096
5 80 0.079095
5 81 0.079095
5 82 0.079094
5 83 0.079093
5 84 0.079093
5 85 0.079093
5 86 0.079093
5 87 0.079093
5 88 0.079093
5 89 0.079093
5 90 0.079093
5 91 0.079093
5 92 0.079092
5 93 0.079093
5 94 0.079092
5 95 0.079093
5 96 0.079092
5 97 0.079092
5 98 0.079092
5 99 0.079091

6 0 0.079087
6 1 0.079088
6 2 0.079088
6 3 0.079088
6 4 0.079089
6 5 0.079088
6 6 0.079089
6 7 0.079089
6 8 0.079089
6 9 0.079089
6 10 0.079090
6 11 0.079090
6 12 0.079090
6 13 0.079091
6 14 0.079091
6 15 0.079092
6 16 0.079092
6 17 0.079093
6 18 0.079094
6 19 0.079094
6 20 0.079095
6 21 0.079096
6 22 0.079096
6 23 0.079097
6 24 0.079098
6 25 0.079098
6 26 0.079099
6 27 0.079099
6 28 0.079100
6 29 0.079100
6 30 0.079100
6 31 0.079100
6 32 0.079100
6 33 0.079100
6 34 0.079100
6 35 0.079100
6 36 0.079100
6 37 0.079100
6 38 0.079100
6 39 0.079100
6 40 0.079100
6 41 0.079101
6 42 0.079101
6 43 0.079101
6 44 0.079102
6 45 0.079102
6 46 0.079103
6 47 0.079103
6 48 0.079104
6 49 0.079104
6 50 0.079105
6 51 0.079105
6 52 0.079106
6 53 0.079106
6 54 0.079106
6 55 0.079106
6 56 0.079107
6 57 0.079107
6 58 0.079107
6 59 0.079107
6 60 0.079107
6 61 0.079107
6 62 0.079107
6 63 0.079107
6 64 0.079106
6 65 0.079106
6 66 0.079106
6 67 0.079106
6 68 0.079106
6 69 0.079106
6 70 0.079105
6 71 0.079105
6 72 0.079104
6 73 0.079104
6 74 0.079103
6 75 0.079102
6 76 0.079101
6 77 0.079100
6 78 0.079098
6 79 0.079097
6 80 0.079096
6 81 0.079096
6 82 0.079095
6 83 0.079095
6 84 0.079094
6 85 0.079094
6 86 0.079094
6 87 0.079094
6 88 0.079094
6 89 0.079094
6 90 0.079094
6 91 0.079094
6 92 0.079093
6 93 0.079094
6 94 0.079093
6 95 0.079093
6 96 0.079093
6 97 0.079093
6 98 0.079093
6 99 0.079092

7 0 0.079087
7 1 0.079088
7 2 0.079089
7 3 0.079088
7 4 0.079089
7 5 0.079089
7 6 0.079089
7 7 0.079089
7 8 0.079089
7 9 0.079089
7 10 0.079090
7 11 0.079090
7 12 0.079090
7 13 0.079090
7 14 0.079091
7 15 0.079091
7 16 0.079091
7 17 0.079092
7 18 0.079092
7 19 0.079093
7 20 0.079094
7 21 0.079095
7 22 0.079095
7 23 0.079096
7 24 0.079097
7 25 0.079097
7 26 0.079098
7 27 0.079099
7 28 0.079099
7 29 0.079100
7 30 0.079100
7 31 0.079100
7 32 0.079100
7 33 0.079100
7 34 0.079100
7 35 0.079100
7 36 0.079100
7 37 0.079100
7 38 0.079100
7 39 0.079100
7 40 0.079100
7 41 0.079100
7 42 0.079101
7 43 0.079101
7 44 0.079102
7 45 0.079102
7 46 0.079103
7 47 0.079103
7 48 0.079104
7 49 0.079104
7 50 0.079104
7 51 0.079105
7 52 0.079105
7 53 0.079105
7 54 0.079105
7 55 0.079105
7 56 0.079105
7 57 0.079105
7 58 0.079105
7 59 0.079105
7 60 0.079105
7 61 0.079105
7 62 0.079105
7 63 0.079105
7 64 0.079105
7 65 0.079105
7 66 0.079105
7 67 0.079105
7 68 0.079105
7 69 0.079104
7 70 0.079104
7 71 0.079104
7 72 0.079103
7 73 0.079102
7 74 0.079101
7 75 0.079100
7 76 0.079099
7 77 0.079098
7 78 0.079097
7 79 0.079096
7 80 0.079095
7 81 0.079094
7 82 0.079094
7 83 0.079093
7 84 0.079093
7 85 0.079093
7 86 0.079093
7 87 0.079093
7 88 0.079093
7 89 0.079093
7 90 0.079093
7 91 0.079094
7 92 0.079093
7 93 0.079094
7 94 0.079093
7 95 0.079094
7 96 0.079093
7 97 0.079093
7 98 0.079093
7 99 0.079092

8 0 0.079088
8 1 0.079089
8 2 0.079089
8 3 0.079089
8 4 0.079090
8 5 0.079089
8 6 0.079090
8 7 0.079089
8 8 0.079090
8 9 0.079090
8 10 0.079090
8 11 0.079090
8 12 0.079090
8 13 0.079091
8 14 0.079091
8 15 0.079092
8 16 0.079092
8 17 0.079093
8 18 0.079093
8 19 0.079094
8 20 0.079094
8 21 0.079095
8 22 0.079096
8 23 0.079097
8 24 0.079097
8 25 0.079098
8 26 0.079099
8 27 0.079099
8 28 0.079100
8 29 0.079100
8 30 0.079100
8 31 0.079100
8 32 0.079100
8 33 0.079100
8 34 0.079100
8 35 0.079100
8 36 0.079100
8 37 0.079100
8 38 0.079100
8 39 0.079100
8 40 0.079101
8 41 0.079101
8 42 0.079101
8 43 0.079102
8 44 0.079102
8 45 0.079103
8 46 0.079103
8 47 0.079104
8 48 0.079104
8 49 0.079105
8 50 0.079105
8 51 0.079105
8 52 0.079106
8 53 0.079106
8 54 0.079106
8 55 0.079106
8 56 0.079106
8 57 0.079107
8 58 0.079107
8 59 0.079107
8 60 0.079107
8 61 0.079107
8 62 0.079106
8 63 0.079106
8 64 0.079106
8 65 0.079106
8 66 0.079106
8 67 0.079106
8 68 0.079105
8 69 0.079105
8 70 0.079104
8 71 0.079104
8 72 0.079103
8 73 0.079102
8 74 0.079101
8 75 0.079100
8 76 0.079099
8 77 0.079098
8 78 0.079097
8 79 0.079096
8 80 0.079096
8 81 0.079095
8 82 0.079095
8 83 0.079095
8 84 0.079095
8 85 0.079095
8 86 0.079095
8 87 0.079095
8 88 0.079095
8 89 0.079095
8 90 0.079095
8 91 0.079095
8 92 0.079095
8 93 0.079095
8 94 0.079095
8 95 0.079095
8 96 0.079095
8 97 0.079095
8 98 0.079095
8 99 0.079094

9 0 0.079090
9 1 0.079091
9 2 0.079091
9 3 0.079090
9 4 0.079091
9 5 0.079090
9 6 0.079091
9 7 0.079091
9 8 0.079091
9 9 0.079091
9 10 0.079091
9 11 0.079092
9 12 0.079092
9 13 0.079092
9 14 0.079092
9 15 0.079092
9 16 0.079093
9 17 0.079093
9 18 0.079093
9 19 0.079094
9 20 0.079094
9 21 0.079095
9 22 0.079096
9 23 0.079096
9 24 0.079097
9 25 0.079098
9 26 0.079098
9 27 0.079099
9 28 0.079099
9 29 0.079100
9 30 0.079100
9 31 0.079100
9 32 0.079100
9 33 0.079100
9 34 0.079100
9 35 0.079100
9 36 0.079100
9 37 0.079101
9 38 0.079101
9 39 0.079101
9 40 0.079101
9 41 0.079102
9 42 0.079102
9 43 0.079103
9 44 0.079103
9 45 0.079103
9 46 0.079104
9 47 0.079104
9 48 0.079105
9 49 0.079105
9 50 0.079105
9 51 0.079106
9 52 0.079106
9 53 0.079106
9 54 0.079106
9 55 0.079106
9 56 0.079106
9 57 0.079106
9 58 0.079106
9 59 0.079106
9 60 0.079106
9 61 0.079106
9 62 0.079106
9 63 0.079105
9 64 0.079105
9 65 0.079105
9 66 0.079105
9 67 0.079105
9 68 0.079105
9 69 0.079104
9 70 0.079104
9 71 0.079103
9 72 0.079102
9 73 0.079101
9 74 0.079100
9 75 0.079099
9 76 0.079098
9 77 0.079097
9 78 0.079096
9 79 0.079095
9 80 0.079095
9 81 0.079094
9 82 0.079094
9 83 0.079094
9 84 0.079094
9 85 0.079094
9 86 0.079095
9 87 0.079095
9 88 0.079095
9 89 0.079095
9 90 0.079095
9 91 0.079095
9 92 0.079095
9 93 0.079096
9 94 0.079095
9 95 0.079096
9 96 0.079095
9 97 0.079095
9 98 0.079095
9 99 0.079095

10 0 0.079091
10 1 0.079091
10 2 0.079092
10 3 0.079091
10 4 0.079092
10 5 0.079091
10 6 0.079092
10 7 0.079091
10 8 0.079092
10 9 0.079092
10 10 0.079092
10 11 0.079092
10 12 0.079092
10 13 0.079092
10 14 0.079093
10 15 0.079093
10 16 0.079093
10 17 0.079093
10 18 0.079094
10 19 0.079094
10 20 0.079095
10 21 0.079095
10 22 0.079096
10 23 0.079097
10 24 0.079097
10 25 0.079098
10 26 0.079099
10 27 0.079099
10 28 0.079100
10 29 0.079100
10 30 0.079100
10 31 0.079100
10 32 0.079100
10 33 0.079101
10 34 0.079101
10 35 0.079101
10 36 0.079101
10 37 0.079101
10 38 0.079101
10 39 0.079102
10 40 0.079102
10 41 0.079102
10 42 0.079103
10 43 0.079103
10 44 0.079103
10 45 0.079104
10 46 0.079104
10 47 0.079105
10 48 0.079105
10 49 0.079105
10 50 0.079106
10 51 0.079106
10 52 0.079106
10 53 0.079106
10 54 0.079106
10 55 0.079106
10 56 0.079106
10 57 0.079106
10 58 0.079106
10 59 0.079106
10 60 0.079106
10 61 0.079106
10 62 0.079106
10 63 0.079106
10 64 0.079106
10 65 0.079105
10 66 0.079105
10 67 0.079105
10 68 0.079104
10 69 0.079104
10 70 0.079103
10 71 0.079103
10 72 0.079102
10 73 0.079101
10 74 0.079100
10 75 0.079099
10 76 0.079098
10 77 0.079097
10 78 0.079096
10 79 0.079095
10 80 0.079095
10 81 0.079095
10 82 0.079094
10 83 0.079094
10 84 0.079095
10 85 0.079095
10 86 0.079095
10 87 0.079095
10 88 0.079095
10 89 0.079096
10 90 0.079096
10 91 0.079096
10 92 0.079096
10 93 0.079096
10 94 0.079096
10 95 0.079096
10 96 0.079096
10 97 0.079096
10 98 0.079096
10 99 0.079095

11 0 0.079092
11 1 0.079092
11 2 0.079092
11 3 0.079092
11 4 0.079093
11 5 0.079092
11 6 0.079093
11 7 0.079092
11 8 0.079092
11 9 0.079092
11 10 0.079093
11 11 0.079093
11 12 0.079093
11 13 0.079093
11 14 0.079093
11 15 0.079093
11 16 0.079093
11 17 0.079093
11 18 0.079094
11 19 0.079094
11 20 0.079095
11 21 0.079095
11 22 0.079096
11 23 0.079097
11 24 0.079097
11 25 0.079098
11 26 0.079099
11 27 0.079099
11 28 0.079100
11 29 0.079100
11 30 0.079100
11 31 0.079100
11 32 0.079101
11 33 0.079101
11 34 0.079101
11 35 0.079101
11 36 0.079101
11 37 0.079101
11 38 0.079102
11 39 0.079102
11 40 0.079102
11 41 0.079103
11 42 0.079103
11 43 0.079103
11 44 0.079104
11 45 0.079104
11 46 0.079105
11 47 0.079105
11 48 0.079105
11 49 0.079106
11 50 0.079106
11 51 0.079106
11 52 0.079106
11 53 0.079106
11 54 0.079106
11 55 0.079106
11 56 0.079106
11 57 0.079106
11 58 0.079106
11 59 0.079106
11 60 0.079106
11 61 0.079106
11 62 0.079105
11 63 0.079105
11 64 0.079105
11 65 0.079105
11 66 0.079105
11 67 0.079104
11 68 0.079104
11 69 0.079104
11 70 0.079103
11 71 0.079102
11 72 0.079101
11 73 0.079100
11 74 0.079099
11 75 0.079098
11 76 0.079097
11 77 0.079096
11 78 0.079096
11 79 0.079095
11 80 0.079095
11 81 0.079094
11 82 0.079094
11 83 0.079094
11 84 0.079095
11 85 0.079095
11 86 0.079095
11 87 0.079096
11 88 0.079096
11 89 0.079096
11 90 0.079096
11 91 0.079096
11 92 0.079096
11 93 0.079097
11 94 0.079096
11 95 0.079097
11 96 0.079096
11 97 0.079097
11 98 0.079097
11 99 0.079096

12 0 0.079093
12 1 0.079093
12 2 0.079093
12 3 0.079093
12 4 0.079093
12 5 0.079093
12 6 0.079093
12 7 0.079093
12 8 0.079093
12 9 0.079093
12 10 0.079093
12 11 0.079093
12 12 0.079093
12 13 0.079093
12 14 0.079093
12 15 0.079094
12 16 0.079094
12 17 0.079094
12 18 0.079094
12 19 0.079095
12 20 0.079095
12 21 0.079096
12 22 0.079096
12 23 0.079097
12 24 0.079098
12 25 0.079098
12 26 0.079099
12 27 0.079099
12 28 0.079100
12 29 0.079100
12 30 0.079100
12 31 0.079101
12 32 0.079101
12 33 0.079101
12 34 0.079101
12 35 0.079101
12 36 0.079102
12 37 0.079102
12 38 0.079102
12 39 0.079102
12 40 0.079103
12 41 0.079103
12 42 0.079103
12 43 0.079104
12 44 0.079104
12 45 0.079105
12 46 0.079105
12 47 0.079105
12 48 0.079106
12 49 0.079106
12 50 0.079106
12 51 0.079106
12 52 0.079106
12 53 0.079106
12 54 0.079106
12 55 0.079106
12 56 0.079106
12 57 0.079106
12 58 0.079106
12 59 0.079106
12 60 0.079106
12 61 0.079106
12 62 0.079105
12 63 0.079105
12 64 0.079105
12 65 0.079105
12 66 0.079104
12 67 0.079104
12 68 0.079104
12 69 0.079103
12 70 0.079103
12 71 0.079102
12 72 0.079101
12 73 0.079100
12 74 0.079099
12 75 0.079098
12 76 0.079097
12 77 0.079096
12 78 0.079095
12 79 0.079095
12 80 0.079094
12 81 0.079094
12 82 0.079094
12 83 0.079095
12 84 0.079095
12 85 0.079095
12 86 0.079096
12 87 0.079096
12 88 0.079096
12 89 0.079097
12 90 0.079097
12 91 0.079097
12 92 0.079097
12 93 0.079097
12 94 0.079097
12 95 0.079098
12 96 0.079097
12 97 0.079097
12 98 0.079097
12 99 0.079096

13 0 0.079094
13 1 0.079094
13 2 0.079094
13 3 0.079094
13 4 0.079094
13 5 0.079093
13 6 0.079094
13 7 0.079094
13 8 0.079094
13 9 0.079094
13 10 0.079094
13 11 0.079094
13 12 0.079094
13 13 0.079094
13 14 0.079094
13 15 0.079094
13 16 0.079094
13 17 0.079094
13 18 0.079094
13 19 0.079095
13 20 0.079095
13 21 0.079096
13 22 0.079096
13 23 0.079097
13 24 0.079098
13 25 0.079098
13 26 0.079099
13 27 0.079099
13 28 0.079100
13 29 0.079100
13 30 0.079100
13 31 0.079101
13 32 0.079101
13 33 0.079101
13 34 0.079101
13 35 0.079102
13 36 0.079102
13 37 0.079102
13 38 0.079103
13 39 0.079103
13 40 0.079103
13 41 0.079104
13 42 0.079104
13 43 0.079104
13 44 0.079105
13 45 0.079105
13 46 0.079105
13 47 0.079106
13 48 0.079106
13 49 0.079106
13 50 0.079106
13 51 0.079106
13 52 0.079107
13 53 0.079107
13 54 0.079107
13 55 0.079106
13 56 0.079106
13 57 0.079106
13 58 0.079106
13 59 0.079106
13 60 0.079106
13 61 0.079106
13 62 0.079105
13 63 0.079105
13 64 0.079105
13 65 0.079105
13 66 0.079104
13 67 0.079104
13 68 0.079103
13 69 0.079103
13 70 0.079102
13 71 0.079101
13 72 0.079100
13 73 0.079099
13 74 0.079098
13 75 0.079097
13 76 0.079096
13 77 0.079096
13 78 0.079095
13 79 0.079095
13 80 0.079095
13 81 0.079095
13 82 0.079095
13 83 0.079095
13 84 0.079096
13 85 0.079096
13 86 0.079097
13 87 0.079097
13 88 0.079097
13 89 0.079098
13 90 0.079098
13 91 0.079098
13 92 0.079098
13 93 0.079099
13 94 0.079098
13 95 0.079099
13 96 0.079098
13 97 0.079098
13 98 0.079098
13 99 0.079097

14 0 0.079095
14 1 0.079095
14 2 0.079095
14 3 0.079095
14 4 0.079096
14 5 0.079095
14 6 0.079095
14 7 0.079095
14 8 0.079095
14 9 0.079095
14 10 0.079095
14 11 0.079095
14 12 0.079095
14 13 0.079095
14 14 0.079095
14 15 0.079095
14 16 0.079095
14 17 0.079095
14 18 0.079095
14 19 0.079095
14 20 0.079096
14 21 0.079096
14 22 0.079097
14 23 0.079097
14 24 0.079098
14 25 0.079098
14 26 0.079099
14 27 0.079099
14 28 0.079100
14 29 0.079100
14 30 0.079101
14 31 0.079101
14 32 0.079101
14 33 0.079102
14 34 0.079102
14 35 0.079102
14 36 0.079102
14 37 0.079103
14 38 0.079103
14 39 0.079103
14 40 0.079104
14 41 0.079104
14 42 0.079104
14 43 0.079105
14 44 0.079105
14 45 0.079105
14 46 0.079106
14 47 0.079106
14 48 0.079106
14 49 0.079106
14 50 0.079107
14 51 0.079107
14 52 0.079107
14 53 0.079107
14 54 0.079107
14 55 0.079107
14 56 0.079107
14 57 0.079106
14 58 0.079106
14 59 0.079106
14 60 0.079106
14 61 0.079106
14 62 0.079105
14 63 0.079105
14 64 0.079105
14 65 0.079104
14 66 0.079104
14 67 0.079104
14 68 0.079103
14 69 0.079102
14 70 0.079102
14 71 0.079101
14 72 0.079100
14 73 0.079099
14 74 0.079098
14 75 0.079097
14 76 0.079096
14 77 0.079095
14 78 0.079095
14 79 0.079095
14 80 0.079095
14 81 0.079095
14 82 0.079095
14 83 0.079096
14 84 0.079096
14 85 0.079096
14 86 0.079097
14 87 0.079097
14 88 0.079098
14 89 0.079098
14 90 0.079098
14 91 0.079099
14 92 0.079098
14 93 0.079099
14 94 0.079098
14 95 0.079099
14 96 0.079099
14 97 0.079099
14 98 0.079099
14 99 0.079098

15 0 0.079096
15 1 0.079096
15 2 0.079096
15 3 0.079096
15 4 0.079097
15 5 0.079096
15 6 0.079096
15 7 0.079096
15 8 0.079096
15 9 0.079096
15 10 0.079096
15 11 0.079096
15 12 0.079096
15 13 0.079096
15 14 0.079095
15 15 0.079095
15 16 0.079095
15 17 0.079095
15 18 0.079096
15 19 0.079096
15 20 0.079096
15 21 0.079096
15 22 0.079097
15 23 0.079097
15 24 0.079098
15 25 0.079098
15 26 0.079099
15 27 0.079099
15 28 0.079100
15 29 0.079100
15 30 0.079101
15 31 0.079101
15 32 0.079101
15 33 0.079102
15 34 0.079102
15 35 0.079103
15 36 0.079103
15 37 0.079103
15 38 0.079104
15 39 0.079104
15 40 0.079104
15 41 0.079104
15 42 0.079105
15 43 0.079105
15 44 0.079105
15 45 0.079106
15 46 0.079106
15 47 0.079106
15 48 0.079106
15 49 0.079107
15 50 0.079107
15 51 0.079107
15 52 0.079107
15 53 0.079107
15 54 0.079107
15 55 0.079107
15 56 0.079107
15 57 0.079106
15 58 0.079106
15 59 0.079106
15 60 0.079106
15 61 0.079106
15 62 0.079105
15 63 0.079105
15 64 0.079105
15 65 0.079104
15 66 0.079104
15 67 0.079103
15 68 0.079103
15 69 0.079102
15 70 0.079101
15 71 0.079101
15 72 0.079100
15 73 0.079099
15 74 0.079098
15 75 0.079097
15 76 0.079096
15 77 0.079095
15 78 0.079095
15 79 0.079095
15 80 0.079095
15 81 0.079095
15 82 0.079095
15 83 0.079096
15 84 0.079096
15 85 0.079097
15 86 0.079097
15 87 0.079098
15 88 0.079098
15 89 0.079099
15 90 0.079099
15 91 0.079099
15 92 0.079099
15 93 0.079100
15 94 0.079099
15 95 0.079100
15 96 0.079099
15 97 0.079100
15 98 0.079099
15 99 0.079099

16 0 0.079097
16 1 0.079097
16 2 0.079097
16 3 0.079097
16 4 0.079097
16 5 0.079097
16 6 0.079097
16 7 0.079097
16 8 0.079097
16 9 0.079097
16 10 0.079097
16 11 0.079096
16 12 0.079096
16 13 0.079096
16 14 0.079096
16 15 0.079096
16 16 0.079096
16 17 0.079096
16 18 0.079096
16 19 0.079096
16 20 0.079096
16 21 0.079097
16 22 0.079097
16 23 0.079098
16 24 0.079098
16 25 0.079099
16 26 0.079099
16 27 0.079100
16 28 0.079100
16 29 0.079100
16 30 0.079101
16 31 0.079101
16 32 0.079102
16 33 0.079102
16 34 0.079102
16 35 0.079103
16 36 0.079103
16 37 0.079103
16 38 0.079104
16 39 0.079104
16 40 0.079104
16 41 0.079105
16 42 0.079105
16 43 0.079105
16 44 0.079106
16 45 0.079106
16 46 0.079106
16 47 0.079106
16 48 0.079107
16 49 0.079107
16 50 0.079107
16 51 0.079107
16 52 0.079107
16 53 0.079107
16 54 0.079107
16 55 0.079107
16 56 0.079107
16 57 0.079106
16 58 0.079106
16 59 0.079106
16 60 0.079106
16 61 0.079105
16 62 0.079105
16 63 0.079105
16 64 0.079104
16 65 0.079104
16 66 0.079104
16 67 0.079103
16 68 0.079102
16 69 0.079102
16 70 0.079101
16 71 0.079100
16 72 0.079099
16 73 0.079098
16 74 0.079097
16 75 0.079096
16 76 0.079096
16 77 0.079095
16 78 0.079095
16 79 0.079095
16 80 0.079095
16 81 0.079095
16 82 0.079096
16 83 0.079096
16 84 0.079097
16 85 0.079097
16 86 0.079098
16 87 0.079098
16 88 0.079099
16 89 0.079099
16 90 0.079099
16 91 0.079100
16 92 0.079099
16 93 0.079100
16 94 0.079100
16 95 0.079101
16 96 0.079100
16 97 0.079100
16 98 0.079100
16 99 0.079099

17 0 0.079098
17 1 0.079098
17 2 0.079098
17 3 0.079098
17 4 0.079098
17 5 0.079097
17 6 0.079098
17 7 0.079097
17 8 0.079098
17 9 0.079097
17 10 0.079097
17 11 0.079097
17 12 0.079097
17 13 0.079097
17 14 0.079096
17 15 0.079096
17 16 0.079096
17 17 0.079096
17 18 0.079096
17 19 0.079096
17 20 0.079097
17 21 0.079097
17 22 0.079097
17 23 0.079098
17 24 0.079098
17 25 0.079099
17 26 0.079099
17 27 0.079100
17 28 0.079100
17 29 0.079101
17 30 0.079101
17 31 0.079102
17 32 0.079102
17 33 0.079102
17 34 0.079103
17 35 0.079103
17 36 0.079103
17 37 0.079104
17 38 0.079104
17 39 0.079104
17 40 0.079105
17 41 0.079105
17 42 0.079105
17 43 0.079106
17 44 0.079106
17 45 0.079106
17 46 0.079106
17 47 0.079107
17 48 0.079107
17 49 0.079107
17 50 0.079107
17 51 0.079107
17 52 0.079107
17 53 0.079107
17 54 0.079107
17 55 0.079107
17 56 0.079107
17 57 0.079107
17 58 0.079106
17 59 0.079106
17 60 0.079106
17 61 0.079105
17 62 0.079105
17 63 0.079105
17 64 0.079104
17 65 0.079104
17 66 0.079103
17 67 0.079103
17 68 0.079102
17 69 0.079102
17 70 0.079101
17 71 0.079100
17 72 0.079099
17 73 0.079098
17 74 0.079097
17 75 0.079096
17 76 0.079096
17 77 0.079095
17 78 0.079095
17 79 0.079095
17 80 0.079095
17 81 0.079095
17 82 0.079096
17 83 0.079097
17 84 0.079097
17 85 0.079098
17 86 0.079098
17 87 0.079099
17 88 0.079099
17 89 0.079100
17 90 0.079100
17 91 0.079100
17 92 0.079100
17 93 0.079101
17 94 0.079100
17 95 0.079101
17 96 0.079100
17 97 0.079101
17 98 0.079101
17 99 0.079100

18 0 0.079099
18 1 0.079099
18 2 0.079099
18 3 0.079098
18 4 0.079099
18 5 0.079098
18 6 0.079099
18 7 0.079098
18 8 0.079099
18 9 0.079098
18 10 0.079098
18 11 0.079098
18 12 0.079097
18 13 0.079097
18 14 0.079097
18 15 0.079097
18 16 0.079097
18 17 0.079097
18 18 0.079097
18 19 0.079097
18 20 0.079097
18 21 0.079097
18 22 0.079098
18 23 0.079098
18 24 0.079098
18 25 0.079099
18 26 0.079099
18 27 0.079100
18 28 0.079100
18 29 0.079101
18 30 0.079101
18 31 0.079102
18 32 0.079102
18 33 0.079103
18 34 0.079103
18 35 0.079103
18 36 0.079104
18 37 0.079104
18 38 0.079104
18 39 0.079105
18 40 0.079105
18 41 0.079105
18 42 0.079106
18 43 0.079106
18 44 0.079106
18 45 0.079106
18 46 0.079107
18 47 0.079107
18 48 0.079107
18 49 0.079107
18 50 0.079107
18 51 0.079107
18 52 0.079107
18 53 0.079107
18 54 0.079107
18 55 0.079107
18 56 0.079107
18 57 0.079107
18 58 0.079106
18 59 0.079106
18 60 0.079106
18 61 0.079105
18 62 0.079105
18 63 0.079105
18 64 0.079104
18 65 0.079104
18 66 0.079103
18 67 0.079103
18 68 0.079102
18 69 0.079101
18 70 0.079101
18 71 0.079100
18 72 0.079099
18 73 0.079098
18 74 0.079097
18 75 0.079096
18 76 0.079096
18 77 0.079095
18 78 0.079095
18 79 0.079095
18 80 0.079095
18 81 0.079096
18 82 0.079096
18 83 0.079097
18 84 0.079098
18 85 0.079098
18 86 0.079099
18 87 0.079099
18 88 0.079100
18 89 0.079100
18 90 0.079100
18 91 0.079101
18 92 0.079100
18 93 0.079102
18 94 0.079101
18 95 0.079102
18 96 0.079101
18 97 0.079101
18 98 0.079101
18 99 0.079101

19 0 0.079100
19 1 0.079100
19 2 0.079100
19 3 0.079099
19 4 0.079100
19 5 0.079099
19 6 0.079100
19 7 0.079099
19 8 0.079099
19 9 0.079099
19 10 0.079099
19 11 0.079098
19 12 0.079098
19 13 0.079098
19 14 0.079098
19 15 0.079098
19 16 0.079097
19 17 0.079097
19 18 0.079097
19 19 0.079098
19 20 0.079098
19 21 0.079098
19 22 0.079098
19 23 0.079098
19 24 0.079099
19 25 0.079099
19 26 0.079100
19 27 0.079100
19 28 0.079101
19 29 0.079101
19 30 0.079101
19 31 0.079102
19 32 0.079102
19 33 0.079103
19 34 0.079103
19 35 0.079103
19 36 0.079104
19 37 0.079104
19 38 0.079104
19 39 0.079105
19 40 0.079105
19 41 0.079106
19 42 0.079106
19 43 0.079106
19 44 0.079107
19 45 0.079107
19 46 0.079107
19 47 0.079107
19 48 0.079107
19 49 0.079107
19 50 0.079108
19 51 0.079108
19 52 0.079108
19 53 0.079107
19 54 0.079107
19 55 0.079107
19 56 0.079107
19 57 0.079107
19 58 0.079106
19 59 0.079106
19 60 0.079106
19 61 0.079105
19 62 0.079105
19 63 0.079104
19 64 0.079104
19 65 0.079103
19 66 0.079103
19 67 0.079102
19 68 0.079102
19 69 0.079101
19 70 0.079100
19 71 0.079099
19 72 0.079099
19 73 0.079098
19 74 0.079097
19 75 0.079096
19 76 0.079096
19 77 0.079096
19 78 0.079096
19 79 0.079096
19 80 0.079096
19 81 0.079097
19 82 0.079097
19 83 0.079098
19 84 0.079098
19 85 0.079099
19 86 0.079099
19 87 0.079100
19 88 0.079100
19 89 0.079101
19 90 0.079101
19 91 0.079101
19 92 0.079101
19 93 0.079102
19 94 0.079101
19 95 0.079102
19 96 0.079101
19 97 0.079102
19 98 0.079102
19 99 0.079101

20 0 0.079101
20 1 0.079101
20 2 0.079101
20 3 0.079100
20 4 0.079101
20 5 0.079100
20 6 0.079101
20 7 0.079100
20 8 0.079100
20 9 0.079099
20 10 0.079099
20 11 0.079099
20 12 0.079099
20 13 0.079098
20 14 0.079098
20 15 0.079098
20 16 0.079098
20 17 0.079098
20 18 0.079098
20 19 0.079098
20 20 0.079098
20 21 0.079098
20 22 0.079098
20 23 0.079099
20 24 0.079099
20 25 0.079099
20 26 0.079100
20 27 0.079100
20 28 0.079101
20 29 0.079101
20 30 0.079102
20 31 0.079102
20 32 0.079102
20 33 0.079103
20 34 0.079103
20 35 0.079104
20 36 0.079104
20 37 0.079104
20 38 0.079105
20 39 0.079105
20 40 0.079105
20 41 0.079106
20 42 0.079106
20 43 0.079106
20 44 0.079107
20 45 0.079107
20 46 0.079107
20 47 0.079107
20 48 0.079108
20 49 0.079108
20 50 0.079108
20 51 0.079108
20 52 0.079108
20 53 0.079108
20 54 0.079107
20 55 0.079107
20 56 0.079107
20 57 0.079107
20 58 0.079106
20 59 0.079106
20 60 0.079106
20 61 0.079105
20 62 0.079105
20 63 0.079104
20 64 0.079104
20 65 0.079103
20 66 0.079103
20 67 0.079102
20 68 0.079102
20 69 0.079101
20 70 0.079100
20 71 0.079099
20 72 0.079099
20 73 0.079098
20 74 0.079097
20 75 0.079096
20 76 0.079096
20 77 0.079096
20 78 0.079096
20 79 0.079096
20 80 0.079097
20 81 0.079097
20 82 0.079098
20 83 0.079098
20 84 0.079099
20 85 0.079099
20 86 0.079100
20 87 0.079100
20 88 0.079101
20 89 0.079101
20 90 0.079101
20 91 0.079102
20 92 0.079101
20 93 0.079103
20 94 0.079102
20 95 0.079103
20 96 0.079102
20 97 0.079102
20 98 0.079102
20 99 0.079102

21 0 0.079102
21 1 0.079102
21 2 0.079102
21 3 0.079101
21 4 0.079102
21 5 0.079100
21 6 0.079101
21 7 0.079100
21 8 0.079100
21 9 0.079100
21 10 0.079100
21 11 0.079099
21 12 0.079099
21 13 0.079099
21 14 0.079099
21 15 0.079099
21 16 0.079098
21 17 0.079098
21 18 0.079098
21 19 0.079098
21 20 0.079099
21 21 0.079099
21 22 0.079099
21 23 0.079099
21 24 0.079099
21 25 0.079100
21 26 0.079100
21 27 0.079101
21 28 0.079101
21 29 0.079101
21 30 0.079102
21 31 0.079102
21 32 0.079103
21 33 0.079103
21 34 0.079103
21 35 0.079104
21 36 0.079104
21 37 0.079105
21 38 0.079105
21 39 0.079105
21 40 0.079106
21 41 0.079106
21 42 0.079107
21 43 0.079107
21 44 0.079107
21 45 0.079107
21 46 0.079108
21 47 0.079108
21 48 0.079108
21 49 0.079108
21 50 0.079108
21 51 0.079108
21 52 0.079108
21 53 0.079108
21 54 0.079108
21 55 0.079107
21 56 0.079107
21 57 0.079107
21 58 0.079106
21 59 0.079106
21 60 0.079106
21 61 0.079105
21 62 0.079105
21 63 0.079104
21 64 0.079104
21 65 0.079103
21 66 0.079103
21 67 0.079102
21 68 0.079102
21 69 0.079101
21 70 0.079100
21 71 0.079099
21 72 0.079099
21 73 0.079098
21 74 0.079097
21 75 0.079097
21 76 0.079096
21 77 0.079096
21 78 0.079096
21 79 0.079097
21 80 0.079097
21 81 0.079098
21 82 0.079098
21 83 0.079099
21 84 0.079099
21 85 0.079100
21 86 0.079100
21 87 0.079101
21 88 0.079101
21 89 0.079102
21 90 0.079102
21 91 0.079102
21 92 0.079102
21 93 0.079103
21 94 0.079102
21 95 0.079103
21 96 0.079102
21 97 0.079103
21 98 0.079102
21 99 0.079102

22 0 0.079103
22 1 0.079102
22 2 0.079102
22 3 0.079101
22 4 0.079102
22 5 0.079101
22 6 0.079102
22 7 0.079100
22 8 0.079101
22 9 0.079100
22 10 0.079100
22 11 0.079100
22 12 0.079100
22 13 0.079099
22 14 0.079099
22 15 0.079099
22 16 0.079099
22 17 0.079099
22 18 0.079099
22 19 0.079099
22 20 0.079099
22 21 0.079099
22 22 0.079099
22 23 0.079100
22 24 0.079100
22 25 0.079100
22 26 0.079101
22 27 0.079101
22 28 0.079101
22 29 0.079102
22 30 0.079102
22 31 0.079102
22 32 0.079103
22 33 0.079103
22 34 0.079104
22 35 0.079104
22 36 0.079104
22 37 0.079105
22 38 0.079105
22 39 0.079106
22 40 0.079106
22 41 0.079106
22 42 0.079107
22 43 0.079107
22 44 0.079108
22 45 0.079108
22 46 0.079108
22 47 0.079108
22 48 0.079108
22 49 0.079108
22 50 0.079108
22 51 0.079108
22 52 0.079108
22 53 0.079108
22 54 0.079108
22 55 0.079108
22 56 0.079107
22 57 0.079107
22 58 0.079107
22 59 0.079106
22 60 0.079106
22 61 0.079105
22 62 0.079105
22 63 0.079104
22 64 0.079104
22 65 0.079103
22 66 0.079103
22 67 0.079102
22 68 0.079102
22 69 0.079101
22 70 0.079100
22 71 0.079100
22 72 0.079099
22 73 0.079098
22 74 0.079098
22 75 0.079097
22 76 0.079097
22 77 0.079097
22 78 0.079097
22 79 0.079097
22 80 0.079098
22 81 0.079098
22 82 0.079099
22 83 0.079099
22 84 0.079100
22 85 0.079100
22 86 0.079101
22 87 0.079101
22 88 0.079101
22 89 0.079102
22 90 0.079102
22 91 0.079103
22 92 0.079102
22 93 0.079103
22 94 0.079102
22 95 0.079103
22 96 0.079102
22 97 0.079103
22 98 0.079103
22 99 0.079103

23 0 0.079103
23 1 0.079103
23 2 0.079103
23 3 0.079102
23 4 0.079102
23 5 0.079101
23 6 0.079102
23 7 0.079101
23 8 0.079101
23 9 0.079101
23 10 0.079101
23 11 0.079100
23 12 0.079100
23 13 0.079100
23 14 0.079100
23 15 0.079100
23 16 0.079100
23 17 0.079100
23 18 0.079100
23 19 0.079100
23 20 0.079100
23 21 0.079100
23 22 0.079100
23 23 0.079100
23 24 0.079100
23 25 0.079101
23 26 0.079101
23 27 0.079101
23 28 0.079102
23 29 0.079102
23 30 0.079102
23 31 0.079103
23 32 0.079103
23 33 0.079103
23 34 0.079104
23 35 0.079104
23 36 0.079105
23 37 0.079105
23 38 0.079106
23 39 0.079106
23 40 0.079106
23 41 0.079107
23 42 0.079107
23 43 0.079108
23 44 0.079108
23 45 0.079108
23 46 0.079108
23 47 0.079108
23 48 0.079109
23 49 0.079109
23 50 0.079109
23 51 0.079109
23 52 0.079108
23 53 0.079108
23 54 0.079108
23 55 0.079108
23 56 0.079107
23 57 0.079107
23 58 0.079107
23 59 0.079106
23 60 0.079106
23 61 0.079105
23 62 0.079105
23 63 0.079105
23 64 0.079104
23 65 0.079104
23 66 0.079103
23 67 0.079103
23 68 0.079102
23 69 0.079101
23 70 0.079101
23 71 0.079100
23 72 0.079099
23 73 0.079099
23 74 0.079098
23 75 0.079098
23 76 0.079097
23 77 0.079097
23 78 0.079098
23 79 0.079098
23 80 0.079098
23 81 0.079099
23 82 0.079099
23 83 0.079100
23 84 0.079100
23 85 0.079101
23 86 0.079101
23 87 0.079102
23 88 0.079102
23 89 0.079102
23 90 0.079102
23 91 0.079103
23 92 0.079103
23 93 0.079104
23 94 0.079103
23 95 0.079104
23 96 0.079103
23 97 0.079103
23 98 0.079103
23 99 0.079103

24 0 0.079104
24 1 0.079103
24 2 0.079103
24 3 0.079102
24 4 0.079103
24 5 0.079101
24 6 0.079102
24 7 0.079101
24 8 0.079102
24 9 0.079101
24 10 0.079101
24 11 0.079101
24 12 0.079101
24 13 0.079100
24 14 0.079100
24 15 0.079100
24 16 0.079100
24 17 0.079100
24 18 0.079100
24 19 0.079100
24 20 0.079100
24 21 0.079100
24 22 0.079100
24 23 0.079101
24 24 0.079101
24 25 0.079101
24 26 0.079101
24 27 0.079102
24 28 0.079102
24 29 0.079102
24 30 0.079103
24 31 0.079103
24 32 0.079103
24 33 0.079104
24 34 0.079104
24 35 0.079105
24 36 0.079105
24 37 0.079106
24 38 0.079106
24 39 0.079106
24 40 0.079107
24 41 0.079107
24 42 0.079108
24 43 0.079108
24 44 0.079108
24 45 0.079108
24 46 0.079109
24 47 0.079109
24 48 0.079109
24 49 0.079109
24 50 0.079109
24 51 0.079108
24 52 0.079108
24 53 0.079108
24 54 0.079108
24 55 0.079107
24 56 0.079107
24 57 0.079107
24 58 0.079106
24 59 0.079106
24 60 0.079106
24 61 0.079105
24 62 0.079105
24 63 0.079104
24 64 0.079104
24 65 0.079104
24 66 0.079103
24 67 0.079103
24 68 0.079102
24 69 0.079101
24 70 0.079101
24 71 0.079100
24 72 0.079099
24 73 0.079099
24 74 0.079099
24 75 0.079098
24 76 0.079098
24 77 0.079098
24 78 0.079098
24 79 0.079099
24 80 0.079099
24 81 0.079100
24 82 0.079100
24 83 0.079101
24 84 0.079101
24 85 0.079101
24 86 0.079102
24 87 0.079102
24 88 0.079102
24 89 0.079103
24 90 0.079103
24 91 0.079103
24 92 0.079103
24 93 0.079104
24 94 0.079103
24 95 0.079104
24 96 0.079103
24 97 0.079103
24 98 0.079103
24 99 0.079103

25 0 0.079104
25 1 0.079103
25 2 0.079103
25 3 0.079102
25 4 0.079103
25 5 0.079101
25 6 0.079102
25 7 0.079101
25 8 0.079102
25 9 0.079101
25 10 0.079101
25 11 0.079101
25 12 0.079101
25 13 0.079101
25 14 0.079101
25 15 0.079101
25 16 0.079101
25 17 0.079101
25 18 0.079101
25 19 0.079101
25 20 0.079101
25 21 0.079101
25 22 0.079101
25 23 0.079101
25 24 0.079101
25 25 0.079102
25 26 0.079102
25 27 0.079102
25 28 0.079102
25 29 0.079103
25 30 0.079103
25 31 0.079103
25 32 0.079104
25 33 0.079104
25 34 0.079105
25 35 0.079105
25 36 0.079106
25 37 0.079106
25 38 0.079107
25 39 0.079107
25 40 0.079107
25 41 0.079108
25 42 0.079108
25 43 0.079108
25 44 0.079109
25 45 0.079109
25 46 0.079109
25 47 0.079109
25 48 0.079109
25 49 0.079109
25 50 0.079109
25 51 0.079109
25 52 0.079108
25 53 0.079108
25 54 0.079108
25 55 0.079108
25 56 0.079107
25 57 0.079107
25 58 0.079107
25 59 0.079106
25 60 0.079106
25 61 0.079106
25 62 0.079105
25 63 0.079105
25 64 0.079104
25 65 0.079104
25 66 0.079103
25 67 0.079103
25 68 0.079102
25 69 0.079102
25 70 0.079101
25 71 0.079101
25 72 0.079100
25 73 0.079100
25 74 0.079099
25 75 0.079099
25 76 0.079099
25 77 0.079099
25 78 0.079099
25 79 0.079100
25 80 0.079100
25 81 0.079100
25 82 0.079101
25 83 0.079101
25 84 0.079102
25 85 0.079102
25 86 0.079102
25 87 0.079102
25 88 0.079103
25 89 0.079103
25 90 0.079103
25 91 0.079103
25 92 0.079103
25 93 0.079104
25 94 0.079103
25 95 0.079104
25 96 0.079103
25 97 0.079103
25 98 0.079103
25 99 0.079103

26 0 0.079104
26 1 0.079103
26 2 0.079103
26 3 0.079102
26 4 0.079103
26 5 0.079102
26 6 0.079102
26 7 0.079102
26 8 0.079102
26 9 0.079101
26 10 0.079102
26 11 0.079102
26 12 0.079102
26 13 0.079102
26 14 0.079102
26 15 0.079102
26 16 0.079102
26 17 0.079102
26 18 0.079102
26 19 0.079102
26 20 0.079102
26 21 0.079102
26 22 0.079102
26 23 0.079102
26 24 0.079102
26 25 0.079102
26 26 0.079102
26 27 0.079103
26 28 0.079103
26 29 0.079103
26 30 0.079103
26 31 0.079104
26 32 0.079104
26 33 0.079105
26 34 0.079105
26 35 0.079106
26 36 0.079106
26 37 0.079107
26 38 0.079107
26 39 0.079107
26 40 0.079108
26 41 0.079108
26 42 0.079108
26 43 0.079109
26 44 0.079109
26 45 0.079109
26 46 0.079109
26 47 0.079109
26 48 0.079109
26 49 0.079109
26 50 0.079109
26 51 0.079109
26 52 0.079109
26 53 0.079108
26 54 0.079108
26 55 0.079108
26 56 0.079107
26 57 0.079107
26 58 0.079107
26 59 0.079107
26 60 0.079106
26 61 0.079106
26 62 0.079106
26 63 0.079105
26 64 0.079105
26 65 0.079104
26 66 0.079104
26 67 0.079103
26 68 0.079103
26 69 0.079102
26 70 0.079102
26 71 0.079101
26 72 0.079101
26 73 0.079100
26 74 0.079100
26 75 0.079100
26 76 0.079100
26 77 0.079100
26 78 0.079100
26 79 0.079100
26 80 0.079101
26 81 0.079101
26 82 0.079101
26 83 0.079102
26 84 0.079102
26 85 0.079102
26 86 0.079103
26 87 0.079103
26 88 0.079103
26 89 0.079103
26 90 0.079103
26 91 0.079104
26 92 0.079103
26 93 0.079104
26 94 0.079103
26 95 0.079104
26 96 0.079103
26 97 0.079103
26 98 0.079103
26 99 0.079103

27 0 0.079104
27 1 0.079103
27 2 0.079103
27 3 0.079102
27 4 0.079103
27 5 0.079102
27 6 0.079102
27 7 0.079102
27 8 0.079102
27 9 0.079102
27 10 0.079102
27 11 0.079102
27 12 0.079102
27 13 0.079102
27 14 0.079102
27 15 0.079102
27 16 0.079102
27 17 0.079102
27 18 0.079102
27 19 0.079102
27 20 0.079102
27 21 0.079102
27 22 0.079102
27 23 0.079102
27 24 0.079102
27 25 0.079103
27 26 0.079103
27 27 0.079103
27 28 0.079103
27 29 0.079104
27 30 0.079104
27 31 0.079104
27 32 0.079105
27 33 0.079105
27 34 0.079106
27 35 0.079106
27 36 0.079107
27 37 0.079107
27 38 0.079107
27 39 0.079108
27 40 0.079108
27 41 0.079109
27 42 0.079109
27 43 0.079109
27 44 0.079109
27 45 0.079109
27 46 0.079109
27 47 0.079109
27 48 0.079109
27 49 0.079109
27 50 0.079109
27 51 0.079109
27 52 0.079109
27 53 0.079108
27 54 0.079108
27 55 0.079108
27 56 0.079108
27 57 0.079107
27 58 0.079107
27 59 0.079107
27 60 0.079107
27 61 0.079106
27 62 0.079106
27 63 0.079106
27 64 0.079105
27 65 0.079105
27 66 0.079104
27 67 0.079104
27 68 0.079103
27 69 0.079103
27 70 0.079102
27 71 0.079102
27 72 0.079101
27 73 0.079101
27 74 0.079101
27 75 0.079101
27 76 0.079101
27 77 0.079101
27 78 0.079101
27 79 0.079101
27 80 0.079101
27 81 0.079102
27 82 0.079102
27 83 0.079102
27 84 0.079103
27 85 0.079103
27 86 0.079103
27 87 0.079103
27 88 0.079103
27 89 0.079103
27 90 0.079103
27 91 0.079104
27 92 0.079103
27 93 0.079104
27 94 0.079103
27 95 0.079104
27 96 0.079103
27 97 0.079103
27 98 0.079103
27 99 0.079103

28 0 0.079104
28 1 0.079103
28 2 0.079103
28 3 0.079103
28 4 0.079103
28 5 0.079102
28 6 0.079103
28 7 0.079102
28 8 0.079102
28 9 0.079102
28 10 0.079102
28 11 0.079102
28 12 0.079103
28 13 0.079103
28 14 0.079103
28 15 0.079103
28 16 0.079103
28 17 0.079103
28 18 0.079103
28 19 0.079103
28 20 0.079103
28 21 0.079103
28 22 0.079103
28 23 0.079103
28 24 0.079103
28 25 0.079103
28 26 0.079103
28 27 0.079104
28 28 0.079104
28 29 0.079104
28 30 0.079105
28 31 0.079105
28 32 0.079105
28 33 0.079106
28 34 0.079106
28 35 0.079107
28 36 0.079107
28 37 0.079108
28 38 0.079108
28 39 0.079108
28 40 0.079109
28 41 0.079109
28 42 0.079109
28 43 0.079109
28 44 0.079109
28 45 0.079109
28 46 0.079109
28 47 0.079109
28 48 0.079109
28 49 0.079109
28 50 0.079109
28 51 0.079109
28 52 0.079109
28 53 0.079109
28 54 0.079108
28 55 0.079108
28 56 0.079108
28 57 0.079108
28 58 0.079107
28 59 0.079107
28 60 0.079107
28 61 0.079107
28 62 0.079106
28 63 0.079106
28 64 0.079106
28 65 0.079105
28 66 0.079105
28 67 0.079104
28 68 0.079104
28 69 0.079103
28 70 0.079103
28 71 0.079103
28 72 0.079102
28 73 0.079102
28 74 0.079102
28 75 0.079101
28 76 0.079101
28 77 0.079102
28 78 0.079102
28 79 0.079102
28 80 0.079102
28 81 0.079102
28 82 0.079103
28 83 0.079103
28 84 0.079103
28 85 0.079103
28 86 0.079103
28 87 0.079103
28 88 0.079103
28 89 0.079103
28 90 0.079103
28 91 0.079104
28 92 0.079103
28 93 0.079104
28 94 0.079103
28 95 0.079103
28 96 0.079103
28 97 0.079103
28 98 0.079103
28 99 0.079103

29 0 0.079104
29 1 0.079103
29 2 0.079103
29 3 0.079103
29 4 0.079103
29 5 0.079102
29 6 0.079103
29 7 0.079102
29 8 0.079103
29 9 0.079103
29 10 0.079103
29 11 0.079103
29 12 0.079103
29 13 0.079103
29 14 0.079103
29 15 0.079103
29 16 0.079103
29 17 0.079103
29 18 0.079103
29 19 0.079103
29 20 0.079103
29 21 0.079104
29 22 0.079104
29 23 0.079104
29 24 0.079104
29 25 0.079104
29 26 0.079104
29 27 0.079104
29 28 0.079105
29 29 0.079105
29 30 0.079105
29 31 0.079106
29 32 0.079106
29 33 0.079106
29 34 0.079107
29 35 0.079107
29 36 0.079108
29 37 0.079108
29 38 0.079108
29 39 0.079109
29 40 0.079109
29 41 0.079109
29 42 0.079109
29 43 0.079109
29 44 0.079109
29 45 0.079110
29 46 0.079110
29 47 0.079109
29 48 0.079109
29 49 0.079109
29 50 0.079109
29 51 0.079109
29 52 0.079109
29 53 0.079109
29 54 0.079109
29 55 0.079108
29 56 0.079108
29 57 0.079108
29 58 0.079108
29 59 0.079107
29 60 0.079107
29 61 0.079107
29 62 0.079106
29 63 0.079106
29 64 0.079106
29 65 0.079105
29 66 0.079105
29 67 0.079105
29 68 0.079104
29 69 0.079104
29 70 0.079103
29 71 0.079103
29 72 0.079103
29 73 0.079103
29 74 0.079102
29 75 0.079102
29 76 0.079102
29 77 0.079102
29 78 0.079103
29 79 0.079103
29 80 0.079103
29 81 0.079103
29 82 0.079103
29 83 0.079103
29 84 0.079103
29 85 0.079103
29 86 0.079103
29 87 0.079103
29 88 0.079103
29 89 0.079103
29 90 0.079103
29 91 0.079103
29 92 0.079103
29 93 0.079103
29 94 0.079103
29 95 0.079103
29 96 0.079103
29 97 0.079103
29 98 0.079102
29 99 0.079103

30 0 0.079104
30 1 0.079103
30 2 0.079103
30 3 0.079103
30 4 0.079103
30 5 0.079102
30 6 0.079103
30 7 0.079103
30 8 0.079103
30 9 0.079103
30 10 0.079103
30 11 0.079103
30 12 0.079103
30 13 0.079104
30 14 0.079104
30 15 0.079104
30 16 0.079104
30 17 0.079104
30 18 0.079104
30 19 0.079104
30 20 0.079104
30 21 0.079104
30 22 0.079104
30 23 0.079104
30 24 0.079105
30 25 0.079105
30 26 0.079105
30 27 0.079105
30 28 0.079105
30 29 0.079106
30 30 0.079106
30 31 0.079106
30 32 0.079107
30 33 0.079107
30 34 0.079108
30 35 0.079108
30 36 0.079108
30 37 0.079109
30 38 0.079109
30 39 0.079109
30 40 0.079109
30 41 0.079109
30 42 0.079109
30 43 0.079109
30 44 0.079109
30 45 0.079109
30 46 0.079109
30 47 0.079109
30 48 0.079109
30 49 0.079109
30 50 0.079109
30 51 0.079109
30 52 0.079109
30 53 0.079109
30 54 0.079109
30 55 0.079108
30 56 0.079108
30 57 0.079108
30 58 0.079108
30 59 0.079108
30 60 0.079107
30 61 0.079107
30 62 0.079107
30 63 0.079107
30 64 0.079106
30 65 0.079106
30 66 0.079106
30 67 0.079105
30 68 0.079105
30 69 0.079104
30 70 0.079104
30 71 0.079104
30 72 0.079104
30 73 0.079103
30 74 0.079103
30 75 0.079103
30 76 0.079103
30 77 0.079103
30 78 0.079103
30 79 0.079104
30 80 0.079104
30 81 0.079104
30 82 0.079104
30 83 0.079104
30 84 0.079104
30 85 0.079104
30 86 0.079104
30 87 0.079104
30 88 0.079104
30 89 0.079103
30 90 0.079103
30 91 0.079103
30 92 0.079103
30 93 0.079103
30 94 0.079103
30 95 0.079103
30 96 0.079102
30 97 0.079103
30 98 0.079102
30 99 0.079103

31 0 0.079104
31 1 0.079103
31 2 0.079103
31 3 0.079103
31 4 0.079103
31 5 0.079103
31 6 0.079103
31 7 0.079103
31 8 0.079103
31 9 0.079103
31 10 0.079103
31 11 0.079104
31 12 0.079104
31 13 0.079104
31 14 0.079104
31 15 0.079104
31 16 0.079104
31 17 0.079104
31 18 0.079105
31 19 0.079105
31 20 0.079105
31 21 0.079105
31 22 0.079105
31 23 0.079105
31 24 0.079105
31 25 0.079105
31 26 0.079106
31 27 0.079106
31 28 0.079106
31 29 0.079107
31 30 0.079107
31 31 0.079107
31 32 0.079108
31 33 0.079108
31 34 0.079108
31 35 0.079109
31 36 0.079109
31 37 0.079109
31 38 0.079109
31 39 0.079109
31 40 0.079109
31 41 0.079109
31 42 0.079109
31 43 0.079109
31 44 0.079109
31 45 0.079109
31 46 0.079109
31 47 0.079109
31 48 0.079109
31 49 0.079109
31 50 0.079109
31 51 0.079109
31 52 0.079109
31 53 0.079109
31 54 0.079109
31 55 0.079109
31 56 0.079109
31 57 0.079108
31 58 0.079108
31 59 0.079108
31 60 0.079108
31 61 0.079108
31 62 0.079107
31 63 0.079107
31 64 0.079107
31 65 0.079106
31 66 0.079106
31 67 0.079106
31 68 0.079105
31 69 0.079105
31 70 0.079105
31 71 0.079105
31 72 0.079105
31 73 0.079104
31 74 0.079104
31 75 0.079104
31 76 0.079104
31 77 0.079104
31 78 0.079104
31 79 0.079104
31 80 0.079104
31 81 0.079104
31 82 0.079104
31 83 0.079104
31 84 0.079104
31 85 0.079104
31 86 0.079104
31 87 0.079104
31 88 0.079104
31 89 0.079104
31 90 0.079103
31 91 0.079103
31 92 0.079103
31 93 0.079103
31 94 0.079103
31 95 0.079103
31 96 0.079102
31 97 0.079102
31 98 0.079102
31 99 0.079102

32 0 0.079104
32 1 0.079103
32 2 0.079103
32 3 0.079103
32 4 0.079103
32 5 0.079103
32 6 0.079103
32 7 0.079103
32 8 0.079103
32 9 0.079104
32 10 0.079104
32 11 0.079104
32 12 0.079104
32 13 0.079104
32 14 0.079105
32 15 0.079105
32 16 0.079105
32 17 0.079105
32 18 0.079105
32 19 0.079105
32 20 0.079105
32 21 0.079106
32 22 0.079106
32 23 0.079106
32 24 0.079106
32 25 0.079106
32 26 0.079107
32 27 0.079107
32 28 0.079107
32 29 0.079107
32 30 0.079108
32 31 0.079108
32 32 0.079108
32 33 0.079108
32 34 0.079109
32 35 0.079109
32 36 0.079109
32 37 0.079109
32 38 0.079109
32 39 0.079109
32 40 0.079110
32 41 0.079110
32 42 0.079110
32 43 0.079110
32 44 0.079110
32 45 0.079109
32 46 0.079109
32 47 0.079109
32 48 0.079109
32 49 0.079109
32 50 0.079109
32 51 0.079109
32 52 0.079109
32 53 0.079109
32 54 0.079109
32 55 0.079109
32 56 0.079109
32 57 0.079109
32 58 0.079108
32 59 0.079108
32 60 0.079108
32 61 0.079108
32 62 0.079108
32 63 0.079107
32 64 0.079107
32 65 0.079107
32 66 0.079107
32 67 0.079106
32 68 0.079106
32 69 0.079106
32 70 0.079106
32 71 0.079105
32 72 0.079105
32 73 0.079105
32 74 0.079105
32 75 0.079105
32 76 0.079105
32 77 0.079105
32 78 0.079105
32 79 0.079105
32 80 0.079105
32 81 0.079105
32 82 0.079105
32 83 0.079105
32 84 0.079104
32 85 0.079104
32 86 0.079104
32 87 0.079104
32 88 0.079104
32 89 0.079104
32 90 0.079103
32 91 0.079103
32 92 0.079103
32 93 0.079103
32 94 0.079103
32 95 0.079102
32 96 0.079102
32 97 0.079102
32 98 0.079102
32 99 0.079102

33 0 0.079103
33 1 0.079103
33 2 0.079103
33 3 0.079103
33 4 0.079103
33 5 0.079103
33 6 0.079103
33 7 0.079103
33 8 0.079103
33 9 0.079104
33 10 0.079104
33 11 0.079104
33 12 0.079105
33 13 0.079105
33 14 0.079105
33 15 0.079105
33 16 0.079105
33 17 0.079106
33 18 0.079106
33 19 0.079106
33 20 0.079106
33 21 0.079106
33 22 0.079106
33 23 0.079107
33 24 0.079107
33 25 0.079107
33 26 0.079107
33 27 0.079108
33 28 0.079108
33 29 0.079108
33 30 0.079108
33 31 0.079109
33 32 0.079109
33 33 0.079109
33 34 0.079109
33 35 0.079109
33 36 0.079109
33 37 0.079110
33 38 0.079110
33 39 0.079110
33 40 0.079110
33 41 0.079110
33 42 0.079110
33 43 0.079110
33 44 0.079110
33 45 0.079109
33 46 0.079109
33 47 0.079109
33 48 0.079109
33 49 0.079109
33 50 0.079109
33 51 0.079109
33 52 0.079109
33 53 0.079109
33 54 0.079109
33 55 0.079109
33 56 0.079109
33 57 0.079109
33 58 0.079109
33 59 0.079109
33 60 0.079108
33 61 0.079108
33 62 0.079108
33 63 0.079108
33 64 0.079108
33 65 0.079107
33 66 0.079107
33 67 0.079107
33 68 0.079107
33 69 0.079107
33 70 0.079106
33 71 0.079106
33 72 0.079106
33 73 0.079106
33 74 0.079106
33 75 0.079106
33 76 0.079106
33 77 0.079106
33 78 0.079106
33 79 0.079106
33 80 0.079105
33 81 0.079105
33 82 0.079105
33 83 0.079105
33 84 0.079105
33 85 0.079104
33 86 0.079104
33 87 0.079104
33 88 0.079104
33 89 0.079104
33 90 0.079103
33 91 0.079103
33 92 0.079103
33 93 0.079103
33 94 0.079103
33 95 0.079102
33 96 0.079102
33 97 0.079102
33 98 0.079102
33 99 0.079101

34 0 0.079103
34 1 0.079103
34 2 0.079103
34 3 0.079103
34 4 0.079103
34 5 0.079103
34 6 0.079103
34 7 0.079104
34 8 0.079104
34 9 0.079104
34 10 0.079104
34 11 0.079105
34 12 0.079105
34 13 0.079105
34 14 0.079105
34 15 0.079106
34 16 0.079106
34 17 0.079106
34 18 0.079106
34 19 0.079106
34 20 0.079107
34 21 0.079107
34 22 0.079107
34 23 0.079107
34 24 0.079108
34 25 0.079108
34 26 0.079108
34 27 0.079108
34 28 0.079109
34 29 0.079109
34 30 0.079109
34 31 0.079109
34 32 0.079109
34 33 0.079109
34 34 0.079110
34 35 0.079110
34 36 0.079110
34 37 0.079110
34 38 0.079110
34 39 0.079110
34 40 0.079110
34 41 0.079110
34 42 0.079110
34 43 0.079110
34 44 0.079109
34 45 0.079109
34 46 0.079109
34 47 0.079109
34 48 0.079109
34 49 0.079109
34 50 0.079109
34 51 0.079109
34 52 0.079109
34 53 0.079109
34 54 0.079109
34 55 0.079109
34 56 0.079109
34 57 0.079109
34 58 0.079109
34 59 0.079109
34 60 0.079109
34 61 0.079109
34 62 0.079108
34 63 0.079108
34 64 0.079108
34 65 0.079108
34 66 0.079108
34 67 0.079108
34 68 0.079107
34 69 0.079107
34 70 0.079107
34 71 0.079107
34 72 0.079107
34 73 0.079107
34 74 0.079107
34 75 0.079107
34 76 0.079107
34 77 0.079106
34 78 0.079106
34 79 0.079106
34 80 0.079106
34 81 0.079106
34 82 0.079105
34 83 0.079105
34 84 0.079105
34 85 0.079105
34 86 0.079104
34 87 0.079104
34 88 0.079104
34 89 0.079104
34 90 0.079103
34 91 0.079103
34 92 0.079103
34 93 0.079102
34 94 0.079102
34 95 0.079102
34 96 0.079102
34 97 0.079102
34 98 0.079101
34 99 0.079101

35 0 0.079103
35 1 0.079103
35 2 0.079103
35 3 0.079103
35 4 0.079103
35 5 0.079104
35 6 0.079103
35 7 0.079104
35 8 0.079104
35 9 0.079104
35 10 0.079104
35 11 0.079105
35 12 0.079105
35 13 0.079105
35 14 0.079106
35 15 0.079106
35 16 0.079106
35 17 0.079106
35 18 0.079107
35 19 0.079107
35 20 0.079107
35 21 0.079108
35 22 0.079108
35 23 0.079108
35 24 0.079109
35 25 0.079109
35 26 0.079109
35 27 0.079109
35 28 0.079109
35 29 0.079110
35 30 0.079110
35 31 0.079110
35 32 0.079110
35 33 0.079110
35 34 0.079110
35 35 0.079110
35 36 0.079110
35 37 0.079110
35 38 0.079110
35 39 0.079110
35 40 0.079110
35 41 0.079110
35 42 0.079110
35 43 0.079109
35 44 0.079109
35 45 0.079109
35 46 0.079109
35 47 0.079109
35 48 0.079109
35 49 0.079109
35 50 0.079109
35 51 0.079109
35 52 0.079109
35 53 0.079109
35 54 0.079109
35 55 0.079109
35 56 0.079109
35 57 0.079109
35 58 0.079109
35 59 0.079109
35 60 0.079109
35 61 0.079109
35 62 0.079109
35 63 0.079108
35 64 0.079108
35 65 0.079108
35 66 0.079108
35 67 0.079108
35 68 0.079108
35 69 0.079108
35 70 0.079108
35 71 0.079108
35 72 0.079108
35 73 0.079108
35 74 0.079108
35 75 0.079107
35 76 0.079107
35 77 0.079107
35 78 0.079107
35 79 0.079107
35 80 0.079106
35 81 0.079106
35 82 0.079106
35 83 0.079105
35 84 0.079105
35 85 0.079105
35 86 0.079105
35 87 0.079104
35 88 0.079104
35 89 0.079104
35 90 0.079104
35 91 0.079103
35 92 0.079103
35 93 0.079102
35 94 0.079102
35 95 0.079102
35 96 0.079102
35 97 0.079101
35 98 0.079101
35 99 0.079101

36 0 0.079103
36 1 0.079103
36 2 0.079103
36 3 0.079103
36 4 0.079103
36 5 0.079104
36 6 0.079103
36 7 0.079104
36 8 0.079104
36 9 0.079105
36 10 0.079105
36 11 0.079105
36 12 0.079105
36 13 0.079106
36 14 0.079106
36 15 0.079106
36 16 0.079107
36 17 0.079107
36 18 0.079107
36 19 0.079108
36 20 0.079108
36 21 0.079108
36 22 0.079109
36 23 0.079109
36 24 0.079109
36 25 0.079109
36 26 0.079110
36 27 0.079110
36 28 0.079110
36 29 0.079110
36 30 0.079110
36 31 0.079110
36 32 0.079110
36 33 0.079110
36 34 0.079110
36 35 0.079110
36 36 0.079110
36 37 0.079110
36 38 0.079110
36 39 0.079110
36 40 0.079110
36 41 0.079110
36 42 0.079110
36 43 0.079109
36 44 0.079109
36 45 0.079109
36 46 0.079109
36 47 0.079109
36 48 0.079109
36 49 0.079109
36 50 0.079109
36 51 0.079109
36 52 0.079109
36 53 0.079109
36 54 0.079109
36 55 0.079109
36 56 0.079109
36 57 0.079109
36 58 0.079109
36 59 0.079109
36 60 0.079109
36 61 0.079109
36 62 0.079109
36 63 0.079109
36 64 0.079109
36 65 0.079109
36 66 0.079109
36 67 0.079109
36 68 0.079109
36 69 0.079108
36 70 0.079108
36 71 0.079108
36 72 0.079108
36 73 0.079108
36 74 0.079108
36 75 0.079108
36 76 0.079108
36 77 0.079108
36 78 0.079107
36 79 0.079107
36 80 0.079107
36 81 0.079106
36 82 0.079106
36 83 0.079106
36 84 0.079106
36 85 0.079105
36 86 0.079105
36 87 0.079104
36 88 0.079104
36 89 0.079104
36 90 0.079104
36 91 0.079103
36 92 0.079103
36 93 0.079102
36 94 0.079102
36 95 0.079102
36 96 0.079102
36 97 0.079101
36 98 0.079101
36 99 0.079100

37 0 0.079103
37 1 0.079103
37 2 0.079103
37 3 0.079103
37 4 0.079103
37 5 0.079104
37 6 0.079104
37 7 0.079104
37 8 0.079104
37 9 0.079105
37 10 0.079105
37 11 0.079105
37 12 0.079106
37 13 0.079106
37 14 0.079106
37 15 0.079107
37 16 0.079107
37 17 0.079108
37 18 0.079108
37 19 0.079108
37 20 0.079109
37 21 0.079109
37 22 0.079109
37 23 0.079110
37 24 0.079110
37 25 0.079110
37 26 0.079110
37 27 0.079110
37 28 0.079110
37 29 0.079111
37 30 0.079111
37 31 0.079111
37 32 0.079111
37 33 0.079111
37 34 0.079110
37 35 0.079110
37 36 0.079110
37 37 0.079110
37 38 0.079110
37 39 0.079110
37 40 0.079110
37 41 0.079110
37 42 0.079109
37 43 0.079109
37 44 0.079109
37 45 0.079109
37 46 0.079109
37 47 0.079109
37 48 0.079109
37 49 0.079109
37 50 0.079109
37 51 0.079109
37 52 0.079109
37 53 0.079109
37 54 0.079110
37 55 0.079110
37 56 0.079110
37 57 0.079110
37 58 0.079109
37 59 0.079109
37 60 0.079109
37 61 0.079109
37 62 0.079109
37 63 0.079109
37 64 0.079109
37 65 0.079109
37 66 0.079109
37 67 0.079109
37 68 0.079109
37 69 0.079109
37 70 0.079109
37 71 0.079109
37 72 0.079109
37 73 0.079109
37 74 0.079109
37 75 0.079109
37 76 0.079109
37 77 0.079108
37 78 0.079108
37 79 0.079108
37 80 0.079107
37 81 0.079107
37 82 0.079107
37 83 0.079106
37 84 0.079106
37 85 0.079105
37 86 0.079105
37 87 0.079105
37 88 0.079104
37 89 0.079104
37 90 0.079104
37 91 0.079103
37 92 0.079103
37 93 0.079102
37 94 0.079102
37 95 0.079101
37 96 0.079102
37 97 0.079101
37 98 0.079101
37 99 0.079100

38 0 0.079102
38 1 0.079103
38 2 0.079103
38 3 0.079104
38 4 0.079103
38 5 0.079104
38 6 0.079104
38 7 0.079105
38 8 0.079104
38 9 0.079105
38 10 0.079105
38 11 0.079106
38 12 0.079106
38 13 0.079106
38 14 0.079107
38 15 0.079107
38 16 0.079108
38 17 0.079108
38 18 0.079108
38 19 0.079109
38 20 0.079109
38 21 0.079110
38 22 0.079110
38 23 0.079110
38 24 0.079110
38 25 0.079111
38 26 0.079111
38 27 0.079111
38 28 0.079111
38 29 0.079111
38 30 0.079111
38 31 0.079111
38 32 0.079111
38 33 0.079111
38 34 0.079111
38 35 0.079110
38 36 0.079110
38 37 0.079110
38 38 0.079110
38 39 0.079110
38 40 0.079110
38 41 0.079110
38 42 0.079109
38 43 0.079109
38 44 0.079109
38 45 0.079109
38 46 0.079109
38 47 0.079109
38 48 0.079109
38 49 0.079109
38 50 0.079109
38 51 0.079109
38 52 0.079110
38 53 0.079110
38 54 0.079110
38 55 0.079110
38 56 0.079110
38 57 0.079110
38 58 0.079110
38 59 0.079110
38 60 0.079110
38 61 0.079110
38 62 0.079110
38 63 0.079109
38 64 0.079109
38 65 0.079109
38 66 0.079109
38 67 0.079109
38 68 0.079109
38 69 0.079110
38 70 0.079110
38 71 0.079110
38 72 0.079110
38 73 0.079110
38 74 0.079110
38 75 0.079109
38 76 0.079109
38 77 0.079109
38 78 0.079108
38 79 0.079108
38 80 0.079108
38 81 0.079107
38 82 0.079107
38 83 0.079106
38 84 0.079106
38 85 0.079106
38 86 0.079105
38 87 0.079105
38 88 0.079104
38 89 0.079104
38 90 0.079104
38 91 0.079103
38 92 0.079103
38 93 0.079102
38 94 0.079102
38 95 0.079101
38 96 0.079102
38 97 0.079101
38 98 0.079101
38 99 0.079100

39 0 0.079102
39 1 0.079103
39 2 0.079103
39 3 0.079104
39 4 0.079103
39 5 0.079104
39 6 0.079104
39 7 0.079105
39 8 0.079104
39 9 0.079105
39 10 0.079105
39 11 0.079106
39 12 0.079106
39 13 0.079107
39 14 0.079107
39 15 0.079108
39 16 0.079108
39 17 0.079109
39 18 0.079109
39 19 0.079109
39 20 0.079110
39 21 0.079110
39 22 0.079110
39 23 0.079111
39 24 0.079111
39 25 0.079111
39 26 0.079111
39 27 0.079111
39 28 0.079111
39 29 0.079111
39 30 0.079111
39 31 0.079111
39 32 0.079111
39 33 0.079111
39 34 0.079111
39 35 0.079111
39 36 0.079110
39 37 0.079110
39 38 0.079110
39 39 0.079110
39 40 0.079110
39 41 0.079110
39 42 0.079109
39 43 0.079109
39 44 0.079109
39 45 0.079109
39 46 0.079109
39 47 0.079109
39 48 0.079109
39 49 0.079109
39 50 0.079109
39 51 0.079109
39 52 0.079110
39 53 0.079110
39 54 0.079110
39 55 0.079110
39 56 0.079110
39 57 0.079110
39 58 0.079110
39 59 0.079110
39 60 0.079110
39 61 0.079110
39 62 0.079110
39 63 0.079110
39 64 0.079110
39 65 0.079110
39 66 0.079110
39 67 0.079110
39 68 0.079110
39 69 0.079110
39 70 0.079110
39 71 0.079110
39 72 0.079110
39 73 0.079110
39 74 0.079110
39 75 0.079110
39 76 0.079110
39 77 0.079109
39 78 0.079109
39 79 0.079109
39 80 0.079108
39 81 0.079108
39 82 0.079107
39 83 0.079107
39 84 0.079106
39 85 0.079106
39 86 0.079106
39 87 0.079105
39 88 0.079105
39 89 0.079104
39 90 0.079104
39 91 0.079103
39 92 0.079103
39 93 0.079102
39 94 0.079102
39 95 0.079101
39 96 0.079101
39 97 0.079101
39 98 0.079101
39 99 0.079100

40 0 0.079102
40 1 0.079103
40 2 0.079103
40 3 0.079104
40 4 0.079104
40 5 0.079105
40 6 0.079104
40 7 0.079105
40 8 0.079105
40 9 0.079105
40 10 0.079105
40 11 0.079106
40 12 0.079106
40 13 0.079107
40 14 0.079107
40 15 0.079108
40 16 0.079108
40 17 0.079109
40 18 0.079109
40 19 0.079110
40 20 0.079110
40 21 0.079111
40 22 0.079111
40 23 0.079111
40 24 0.079111
40 25 0.079111
40 26 0.079112
40 27 0.079112
40 28 0.079112
40 29 0.079112
40 30 0.079112
40 31 0.079111
40 32 0.079111
40 33 0.079111
40 34 0.079111
40 35 0.079111
40 36 0.079111
40 37 0.079110
40 38 0.079110
40 39 0.079110
40 40 0.079110
40 41 0.079110
40 42 0.079110
40 43 0.079110
40 44 0.079109
40 45 0.079109
40 46 0.079109
40 47 0.079109
40 48 0.079109
40 49 0.079110
40 50 0.079110
40 51 0.079110
40 52 0.079110
40 53 0.079110
40 54 0.079110
40 55 0.079110
40 56 0.079110
40 57 0.079110
40 58 0.079110
40 59 0.079110
40 60 0.079110
40 61 0.079110
40 62 0.079110
40 63 0.079110
40 64 0.079110
40 65 0.079110
40 66 0.079110
40 67 0.079110
40 68 0.079110
40 69 0.079110
40 70 0.079110
40 71 0.079111
40 72 0.079111
40 73 0.079111
40 74 0.079110
40 75 0.079110
40 76 0.079110
40 77 0.079109
40 78 0.079109
40 79 0.079109
40 80 0.079108
40 81 0.079108
40 82 0.079107
40 83 0.079107
40 84 0.079107
40 85 0.079106
40 86 0.079106
40 87 0.079105
40 88 0.079105
40 89 0.079104
40 90 0.079104
40 91 0.079103
40 92 0.079103
40 93 0.079102
40 94 0.079102
40 95 0.079102
40 96 0.079102
40 97 0.079101
40 98 0.079101
40 99 0.079100

41 0 0.079103
41 1 0.079104
41 2 0.079104
41 3 0.079104
41 4 0.079104
41 5 0.079105
41 6 0.079104
41 7 0.079105
41 8 0.079105
41 9 0.079106
41 10 0.079106
41 11 0.079106
41 12 0.079107
41 13 0.079107
41 14 0.079108
41 15 0.079108
41 16 0.079109
41 17 0.079109
41 18 0.079110
41 19 0.079110
41 20 0.079111
41 21 0.079111
41 22 0.079111
41 23 0.079111
41 24 0.079112
41 25 0.079112
41 26 0.079112
41 27 0.079112
41 28 0.079112
41 29 0.079112
41 30 0.079112
41 31 0.079112
41 32 0.079111
41 33 0.079111
41 34 0.079111
41 35 0.079111
41 36 0.079111
41 37 0.079110
41 38 0.079110
41 39 0.079110
41 40 0.079110
41 41 0.079110
41 42 0.079110
41 43 0.079110
41 44 0.079109
41 45 0.079109
41 46 0.079109
41 47 0.079109
41 48 0.079109
41 49 0.079110
41 50 0.079110
41 51 0.079110
41 52 0.079110
41 53 0.079110
41 54 0.079110
41 55 0.079110
41 56 0.079110
41 57 0.079110
41 58 0.079110
41 59 0.079110
41 60 0.079110
41 61 0.079110
41 62 0.079110
41 63 0.079110
41 64 0.079110
41 65 0.079110
41 66 0.079110
41 67 0.079110
41 68 0.079111
41 69 0.079111
41 70 0.079111
41 71 0.079111
41 72 0.079111
41 73 0.079111
41 74 0.079111
41 75 0.079111
41 76 0.079110
41 77 0.079110
41 78 0.079109
41 79 0.079109
41 80 0.079109
41 81 0.079108
41 82 0.079108
41 83 0.079107
41 84 0.079107
41 85 0.079106
41 86 0.079106
41 87 0.079105
41 88 0.079105
41 89 0.079104
41 90 0.079104
41 91 0.079103
41 92 0.079103
41 93 0.079102
41 94 0.079103
41 95 0.079102
41 96 0.079102
41 97 0.079101
41 98 0.079101
41 99 0.079100

42 0 0.079103
42 1 0.079104
42 2 0.079104
42 3 0.079104
42 4 0.079104
42 5 0.079105
42 6 0.079104
42 7 0.079105
42 8 0.079105
42 9 0.079106
42 10 0.079106
42 11 0.079107
42 12 0.079107
42 13 0.079108
42 14 0.079108
42 15 0.079109
42 16 0.079109
42 17 0.079110
42 18 0.079110
42 19 0.079111
42 20 0.079111
42 21 0.079111
42 22 0.079112
42 23 0.079112
42 24 0.079112
42 25 0.079112
42 26 0.079112
42 27 0.079112
42 28 0.079112
42 29 0.079112
42 30 0.079112
42 31 0.079112
42 32 0.079112
42 33 0.079111
42 34 0.079111
42 35 0.079111
42 36 0.079111
42 37 0.079110
42 38 0.079110
42 39 0.079110
42 40 0.079110
42 41 0.079110
42 42 0.079110
42 43 0.079110
42 44 0.079110
42 45 0.079109
42 46 0.079109
42 47 0.079109
42 48 0.079110
42 49 0.079110
42 50 0.079110
42 51 0.079110
42 52 0.079110
42 53 0.079110
42 54 0.079110
42 55 0.079110
42 56 0.079110
42 57 0.079110
42 58 0.079110
42 59 0.079110
42 60 0.079110
42 61 0.079110
42 62 0.079110
42 63 0.079110
42 64 0.079110
42 65 0.079110
42 66 0.079110
42 67 0.079111
42 68 0.079111
42 69 0.079111
42 70 0.079111
42 71 0.079111
42 72 0.079111
42 73 0.079111
42 74 0.079111
42 75 0.079111
42 76 0.079111
42 77 0.079110
42 78 0.079110
42 79 0.079109
42 80 0.079109
42 81 0.079109
42 82 0.079108
42 83 0.079108
42 84 0.079107
42 85 0.079107
42 86 0.079106
42 87 0.079105
42 88 0.079105
42 89 0.079104
42 90 0.079104
42 91 0.079103
42 92 0.079103
42 93 0.079102
42 94 0.079103
42 95 0.079102
42 96 0.079102
42 97 0.079101
42 98 0.079101
42 99 0.079100

43 0 0.079103
43 1 0.079105
43 2 0.079104
43 3 0.079105
43 4 0.079104
43 5 0.079105
43 6 0.079105
43 7 0.079105
43 8 0.079105
43 9 0.079106
43 10 0.079106
43 11 0.079107
43 12 0.079107
43 13 0.079108
43 14 0.079108
43 15 0.079109
43 16 0.079110
43 17 0.079110
43 18 0.079110
43 19 0.079111
43 20 0.079111
43 21 0.079112
43 22 0.079112
43 23 0.079112
43 24 0.079112
43 25 0.079112
43 26 0.079112
43 27 0.079112
43 28 0.079112
43 29 0.079112
43 30 0.079112
43 31 0.079112
43 32 0.079112
43 33 0.079111
43 34 0.079111
43 35 0.079111
43 36 0.079111
43 37 0.079111
43 38 0.079110
43 39 0.079110
43 40 0.079110
43 41 0.079110
43 42 0.079110
43 43 0.079110
43 44 0.079110
43 45 0.079110
43 46 0.079110
43 47 0.079110
43 48 0.079110
43 49 0.079110
43 50 0.079110
43 51 0.079110
43 52 0.079110
43 53 0.079110
43 54 0.079110
43 55 0.079110
43 56 0.079110
43 57 0.079110
43 58 0.079110
43 59 0.079110
43 60 0.079110
43 61 0.079110
43 62 0.079110
43 63 0.079110
43 64 0.079110
43 65 0.079110
43 66 0.079111
43 67 0.079111
43 68 0.079111
43 69 0.079111
43 70 0.079111
43 71 0.079111
43 72 0.079112
43 73 0.079112
43 74 0.079111
43 75 0.079111
43 76 0.079111
43 77 0.079111
43 78 0.079110
43 79 0.079110
43 80 0.079109
43 81 0.079109
43 82 0.079108
43 83 0.079108
43 84 0.079107
43 85 0.079107
43 86 0.079106
43 87 0.079106
43 88 0.079105
43 89 0.079104
43 90 0.079104
43 91 0.079103
43 92 0.079103
43 93 0.079103
43 94 0.079103
43 95 0.079102
43 96 0.079102
43 97 0.079101
43 98 0.079102
43 99 0.079100

44 0 0.079104
44 1 0.079105
44 2 0.079104
44 3 0.079105
44 4 0.079105
44 5 0.079105
44 6 0.079105
44 7 0.079106
44 8 0.079106
44 9 0.079106
44 10 0.079107
44 11 0.079107
44 12 0.079108
44 13 0.079108
44 14 0.079109
44 15 0.079109
44 16 0.079110
44 17 0.079110
44 18 0.079111
44 19 0.079111
44 20 0.079112
44 21 0.079112
44 22 0.079112
44 23 0.079112
44 24 0.079112
44 25 0.079113
44 26 0.079113
44 27 0.079113
44 28 0.079112
44 29 0.079112
44 30 0.079112
44 31 0.079112
44 32 0.079112
44 33 0.079112
44 34 0.079111
44 35 0.079111
44 36 0.079111
44 37 0.079111
44 38 0.079110
44 39 0.079110
44 40 0.079110
44 41 0.079110
44 42 0.079110
44 43 0.079110
44 44 0.079110
44 45 0.079110
44 46 0.079110
44 47 0.079110
44 48 0.079110
44 49 0.079110
44 50 0.079110
44 51 0.079110
44 52 0.079110
44 53 0.079110
44 54 0.079110
44 55 0.079110
44 56 0.079110
44 57 0.079110
44 58 0.079110
44 59 0.079110
44 60 0.079110
44 61 0.079110
44 62 0.079110
44 63 0.079110
44 64 0.079110
44 65 0.079111
44 66 0.079111
44 67 0.079111
44 68 0.079111
44 69 0.079111
44 70 0.079112
44 71 0.079112
44 72 0.079112
44 73 0.079112
44 74 0.079112
44 75 0.079111
44 76 0.079111
44 77 0.079111
44 78 0.079110
44 79 0.079110
44 80 0.079110
44 81 0.079109
44 82 0.079109
44 83 0.079108
44 84 0.079108
44 85 0.079107
44 86 0.079106
44 87 0.079106
44 88 0.079105
44 89 0.079105
44 90 0.079104
44 91 0.079104
44 92 0.079104
44 93 0.079103
44 94 0.079103
44 95 0.079102
44 96 0.079102
44 97 0.079102
44 98 0.079102
44 99 0.079100

45 0 0.079104
45 1 0.079105
45 2 0.079105
45 3 0.079105
45 4 0.079105
45 5 0.079105
45 6 0.079105
45 7 0.079106
45 8 0.079106
45 9 0.079107
45 10 0.079107
45 11 0.079108
45 12 0.079108
45 13 0.079109
45 14 0.079109
45 15 0.079110
45 16 0.079110
45 17 0.079111
45 18 0.079111
45 19 0.079111
45 20 0.079112
45 21 0.079112
45 22 0.079112
45 23 0.079112
45 24 0.079113
45 25 0.079113
45 26 0.079113
45 27 0.079113
45 28 0.079113
45 29 0.079112
45 30 0.079112
45 31 0.079112
45 32 0.079112
45 33 0.079112
45 34 0.079111
45 35 0.079111
45 36 0.079111
45 37 0.079111
45 38 0.079110
45 39 0.079110
45 40 0.079110
45 41 0.079110
45 42 0.079110
45 43 0.079110
45 44 0.079110
45 45 0.079110
45 46 0.079110
45 47 0.079110
45 48 0.079110
45 49 0.079110
45 50 0.079110
45 51 0.079110
45 52 0.079110
45 53 0.079110
45 54 0.079110
45 55 0.079110
45 56 0.079110
45 57 0.079110
45 58 0.079110
45 59 0.079110
45 60 0.079110
45 61 0.079110
45 62 0.079110
45 63 0.079110
45 64 0.079110
45 65 0.079111
45 66 0.079111
45 67 0.079111
45 68 0.079111
45 69 0.079111
45 70 0.079112
45 71 0.079112
45 72 0.079112
45 73 0.079112
45 74 0.079112
45 75 0.079111
45 76 0.079111
45 77 0.079111
45 78 0.079110
45 79 0.079110
45 80 0.079109
45 81 0.079109
45 82 0.079108
45 83 0.079108
45 84 0.079108
45 85 0.079107
45 86 0.079107
45 87 0.079106
45 88 0.079106
45 89 0.079105
45 90 0.079105
45 91 0.079104
45 92 0.079104
45 93 0.079104
45 94 0.079104
45 95 0.079103
45 96 0.079103
45 97 0.079102
45 98 0.079102
45 99 0.079101

46 0 0.079105
46 1 0.079106
46 2 0.079105
46 3 0.079105
46 4 0.079105
46 5 0.079106
46 6 0.079106
46 7 0.079106
46 8 0.079106
46 9 0.079107
46 10 0.079107
46 11 0.079108
46 12 0.079108
46 13 0.079109
46 14 0.079109
46 15 0.079110
46 16 0.079110
46 17 0.079111
46 18 0.079111
46 19 0.079111
46 20 0.079112
46 21 0.079112
46 22 0.079112
46 23 0.079112
46 24 0.079113
46 25 0.079113
46 26 0.079113
46 27 0.079113
46 28 0.079113
46 29 0.079113
46 30 0.079112
46 31 0.079112
46 32 0.079112
46 33 0.079112
46 34 0.079112
46 35 0.079111
46 36 0.079111
46 37 0.079111
46 38 0.079111
46 39 0.079110
46 40 0.079110
46 41 0.079110
46 42 0.079110
46 43 0.079110
46 44 0.079110
46 45 0.079110
46 46 0.079110
46 47 0.079110
46 48 0.079110
46 49 0.079110
46 50 0.079110
46 51 0.079110
46 52 0.079110
46 53 0.079110
46 54 0.079110
46 55 0.079110
46 56 0.079110
46 57 0.079110
46 58 0.079110
46 59 0.079110
46 60 0.079110
46 61 0.079110
46 62 0.079110
46 63 0.079110
46 64 0.079110
46 65 0.079111
46 66 0.079111
46 67 0.079111
46 68 0.079111
46 69 0.079111
46 70 0.079112
46 71 0.079112
46 72 0.079112
46 73 0.079112
46 74 0.079112
46 75 0.079111
46 76 0.079111
46 77 0.079111
46 78 0.079110
46 79 0.079110
46 80 0.079110
46 81 0.079109
46 82 0.079109
46 83 0.079108
46 84 0.079108
46 85 0.079107
46 86 0.079107
46 87 0.079106
46 88 0.079106
46 89 0.079105
46 90 0.079105
46 91 0.079104
46 92 0.079104
46 93 0.079104
46 94 0.079104
46 95 0.079103
46 96 0.079103
46 97 0.079102
46 98 0.079103
46 99 0.079101

47 0 0.079105
47 1 0.079106
47 2 0.079106
47 3 0.079106
47 4 0.079106
47 5 0.079106
47 6 0.079106
47 7 0.079107
47 8 0.079107
47 9 0.079107
47 10 0.079108
47 11 0.079108
47 12 0.079108
47 13 0.079109
47 14 0.079109
47 15 0.079110
47 16 0.079110
47 17 0.079111
47 18 0.079111
47 19 0.079111
47 20 0.079112
47 21 0.079112
47 22 0.079112
47 23 0.079113
47 24 0.079113
47 25 0.079113
47 26 0.079113
47 27 0.079113
47 28 0.079113
47 29 0.079113
47 30 0.079112
47 31 0.079112
47 32 0.079112
47 33 0.079112
47 34 0.079112
47 35 0.079111
47 36 0.079111
47 37 0.079111
47 38 0.079111
47 39 0.079110
47 40 0.079110
47 41 0.079110
47 42 0.079110
47 43 0.079110
47 44 0.079110
47 45 0.079110
47 46 0.079110
47 47 0.079110
47 48 0.079110
47 49 0.079110
47 50 0.079110
47 51 0.079110
47 52 0.079110
47 53 0.079110
47 54 0.079110
47 55 0.079110
47 56 0.079110
47 57 0.079110
47 58 0.079110
47 59 0.079110
47 60 0.079110
47 61 0.079110
47 62 0.079110
47 63 0.079110
47 64 0.079110
47 65 0.079110
47 66 0.079111
47 67 0.079111
47 68 0.079111
47 69 0.079111
47 70 0.079112
47 71 0.079112
47 72 0.079112
47 73 0.079112
47 74 0.079112
47 75 0.079112
47 76 0.079111
47 77 0.079111
47 78 0.079111
47 79 0.079110
47 80 0.079110
47 81 0.079109
47 82 0.079109
47 83 0.079108
47 84 0.079108
47 85 0.079107
47 86 0.079107
47 87 0.079106
47 88 0.079106
47 89 0.079105
47 90 0.079105
47 91 0.079105
47 92 0.079105
47 93 0.079104
47 94 0.079104
47 95 0.079103
47 96 0.079103
47 97 0.079103
47 98 0.079103
47 99 0.079102

48 0 0.079106
48 1 0.079106
48 2 0.079106
48 3 0.079106
48 4 0.079106
48 5 0.079106
48 6 0.079106
48 7 0.079107
48 8 0.079107
48 9 0.079108
48 10 0.079108
48 11 0.079108
48 12 0.079109
48 13 0.079109
48 14 0.079110
48 15 0.079110
48 16 0.079110
48 17 0.079111
48 18 0.079111
48 19 0.079112
48 20 0.079112
48 21 0.079112
48 22 0.079112
48 23 0.079113
48 24 0.079113
48 25 0.079113
48 26 0.079113
48 27 0.079113
48 28 0.079113
48 29 0.079113
48 30 0.079112
48 31 0.079112
48 32 0.079112
48 33 0.079112
48 34 0.079112
48 35 0.079111
48 36 0.079111
48 37 0.079111
48 38 0.079111
48 39 0.079110
48 40 0.079110
48 41 0.079110
48 42 0.079110
48 43 0.079110
48 44 0.079110
48 45 0.079110
48 46 0.079110
48 47 0.079110
48 48 0.079110
48 49 0.079110
48 50 0.079110
48 51 0.079110
48 52 0.079110
48 53 0.079110
48 54 0.079110
48 55 0.079110
48 56 0.079110
48 57 0.079110
48 58 0.079110
48 59 0.079110
48 60 0.079110
48 61 0.079110
48 62 0.079110
48 63 0.079110
48 64 0.079110
48 65 0.079110
48 66 0.079111
48 67 0.079111
48 68 0.079111
48 69 0.079111
48 70 0.079111
48 71 0.079112
48 72 0.079112
48 73 0.079112
48 74 0.079112
48 75 0.079111
48 76 0.079111
48 77 0.079111
48 78 0.079111
48 79 0.079110
48 80 0.079110
48 81 0.079109
48 82 0.079109
48 83 0.079108
48 84 0.079108
48 85 0.079108
48 86 0.079107
48 87 0.079107
48 88 0.079106
48 89 0.079106
48 90 0.079105
48 91 0.079105
48 92 0.079105
48 93 0.079104
48 94 0.079104
48 95 0.079104
48 96 0.079104
48 97 0.079103
48 98 0.079103
48 99 0.079102

49 0 0.079106
49 1 0.079106
49 2 0.079106
49 3 0.079106
49 4 0.079106
49 5 0.079107
49 6 0.079107
49 7 0.079107
49 8 0.079107
49 9 0.079108
49 10 0.079108
49 11 0.079109
49 12 0.079109
49 13 0.079109
49 14 0.079110
49 15 0.079110
49 16 0.079111
49 17 0.079111
49 18 0.079111
49 19 0.079112
49 20 0.079112
49 21 0.079112
49 22 0.079113
49 23 0.079113
49 24 0.079113
49 25 0.079113
49 26 0.079113
49 27 0.079113
49 28 0.079113
49 29 0.079112
49 30 0.079112
49 31 0.079112
49 32 0.079112
49 33 0.079112
49 34 0.079111
49 35 0.079111
49 36 0.079111
49 37 0.079111
49 38 0.079111
49 39 0.079110
49 40 0.079110
49 41 0.079110
49 42 0.079110
49 43 0.079110
49 44 0.079110
49 45 0.079110
49 46 0.079110
49 47 0.079110
49 48 0.079110
49 49 0.079110
49 50 0.079110
49 51 0.079110
49 52 0.079110
49 53 0.079110
49 54 0.079110
49 55 0.079110
49 56 0.079110
49 57 0.079110
49 58 0.079110
49 59 0.079110
49 60 0.079110
49 61 0.079110
49 62 0.079110
49 63 0.079110
49 64 0.079110
49 65 0.079110
49 66 0.079110
49 67 0.079111
49 68 0.079111
49 69 0.079111
49 70 0.079111
49 71 0.079111
49 72 0.079112
49 73 0.079112
49 74 0.079112
49 75 0.079111
49 76 0.079111
49 77 0.079111
49 78 0.079111
49 79 0.079110
49 80 0.079110
49 81 0.079109
49 82 0.079109
49 83 0.079109
49 84 0.079108
49 85 0.079108
49 86 0.079107
49 87 0.079107
49 88 0.079106
49 89 0.079106
49 90 0.079106
49 91 0.079105
49 92 0.079105
49 93 0.079105
49 94 0.079104
49 95 0.079104
49 96 0.079104
49 97 0.079103
49 98 0.079103
49 99 0.079103

50 0 0.079107
50 1 0.079107
50 2 0.079107
50 3 0.079107
50 4 0.079107
50 5 0.079107
50 6 0.079107
50 7 0.079107
50 8 0.079108
50 9 0.079108
50 10 0.079108
50 11 0.079109
50 12 0.079109
50 13 0.079109
50 14 0.079110
50 15 0.079110
50 16 0.079111
50 17 0.079111
50 18 0.079111
50 19 0.079112
50 20 0.079112
50 21 0.079112
50 22 0.079113
50 23 0.079113
50 24 0.079113
50 25 0.079113
50 26 0.079113
50 27 0.079113
50 28 0.079112
50 29 0.079112
50 30 0.079112
50 31 0.079112
50 32 0.079112
50 33 0.079112
50 34 0.079111
50 35 0.079111
50 36 0.079111
50 37 0.079111
50 38 0.079110
50 39 0.079110
50 40 0.079110
50 41 0.079110
50 42 0.079110
50 43 0.079110
50 44 0.079110
50 45 0.079110
50 46 0.079109
50 47 0.079109
50 48 0.079109
50 49 0.079109
50 50 0.079109
50 51 0.079109
50 52 0.079109
50 53 0.079109
50 54 0.079109
50 55 0.079109
50 56 0.079109
50 57 0.079109
50 58 0.079109
50 59 0.079109
50 60 0.079109
50 61 0.079109
50 62 0.079110
50 63 0.079110
50 64 0.079110
50 65 0.079110
50 66 0.079110
50 67 0.079110
50 68 0.079111
50 69 0.079111
50 70 0.079111
50 71 0.079111
50 72 0.079111
50 73 0.079111
50 74 0.079111
50 75 0.079111
50 76 0.079111
50 77 0.079110
50 78 0.079110
50 79 0.079110
50 80 0.079109
50 81 0.079109
50 82 0.079109
50 83 0.079108
50 84 0.079108
50 85 0.079107
50 86 0.079107
50 87 0.079107
50 88 0.079106
50 89 0.079106
50 90 0.079106
50 91 0.079105
50 92 0.079105
50 93 0.079105
50 94 0.079105
50 95 0.079104
50 96 0.079104
50 97 0.079104
50 98 0.079104
50 99 0.079103

51 0 0.079107
51 1 0.079107
51 2 0.079107
51 3 0.079107
51 4 0.079107
51 5 0.079107
51 6 0.079107
51 7 0.079108
51 8 0.079108
51 9 0.079108
51 10 0.079108
51 11 0.079109
51 12 0.079109
51 13 0.079109
51 14 0.079110
51 15 0.079110
51 16 0.079110
51 17 0.079111
51 18 0.079111
51 19 0.079111
51 20 0.079112
51 21 0.079112
51 22 0.079112
51 23 0.079112
51 24 0.079112
51 25 0.079112
51 26 0.079112
51 27 0.079112
51 28 0.079112
51 29 0.079112
51 30 0.079112
51 31 0.079112
51 32 0.079112
51 33 0.079111
51 34 0.079111
51 35 0.079111
51 36 0.079111
51 37 0.079111
51 38 0.079110
51 39 0.079110
51 40 0.079110
51 41 0.079110
51 42 0.079110
51 43 0.079110
51 44 0.079109
51 45 0.079109
51 46 0.079109
51 47 0.079109
51 48 0.079109
51 49 0.079109
51 50 0.079109
51 51 0.079109
51 52 0.079109
51 53 0.079109
51 54 0.079109
51 55 0.079109
51 56 0.079109
51 57 0.079109
51 58 0.079109
51 59 0.079109
51 60 0.079109
51 61 0.079109
51 62 0.079109
51 63 0.079109
51 64 0.079109
51 65 0.079110
51 66 0.079110
51 67 0.079110
51 68 0.079110
51 69 0.079110
51 70 0.079111
51 71 0.079111
51 72 0.079111
51 73 0.079111
51 74 0.079111
51 75 0.079111
51 76 0.079110
51 77 0.079110
51 78 0.079110
51 79 0.079110
51 80 0.079109
51 81 0.079109
51 82 0.079109
51 83 0.079108
51 84 0.079108
51 85 0.079107
51 86 0.079107
51 87 0.079107
51 88 0.079106
51 89 0.079106
51 90 0.079106
51 91 0.079105
51 92 0.079105
51 93 0.079105
51 94 0.079105
51 95 0.079105
51 96 0.079104
51 97 0.079104
51 98 0.079104
51 99 0.079104

52 0 0.079108
52 1 0.079107
52 2 0.079107
52 3 0.079107
52 4 0.079107
52 5 0.079107
52 6 0.079107
52 7 0.079108
52 8 0.079108
52 9 0.079108
52 10 0.079108
52 11 0.079109
52 12 0.079109
52 13 0.079109
52 14 0.079110
52 15 0.079110
52 16 0.079110
52 17 0.079111
52 18 0.079111
52 19 0.079111
52 20 0.079112
52 21 0.079112
52 22 0.079112
52 23 0.079112
52 24 0.079112
52 25 0.079112
52 26 0.079112
52 27 0.079112
52 28 0.079112
52 29 0.079112
52 30 0.079112
52 31 0.079111
52 32 0.079111
52 33 0.079111
52 34 0.079111
52 35 0.079111
52 36 0.079111
52 37 0.079110
52 38 0.079110
52 39 0.079110
52 40 0.079110
52 41 0.079110
52 42 0.079109
52 43 0.079109
52 44 0.079109
52 45 0.079109
52 46 0.079109
52 47 0.079109
52 48 0.079109
52 49 0.079109
52 50 0.079109
52 51 0.079109
52 52 0.079109
52 53 0.079109
52 54 0.079109
52 55 0.079109
52 56 0.079109
52 57 0.079109
52 58 0.079109
52 59 0.079109
52 60 0.079109
52 61 0.079109
52 62 0.079109
52 63 0.079109
52 64 0.079109
52 65 0.079109
52 66 0.079109
52 67 0.079110
52 68 0.079110
52 69 0.079110
52 70 0.079110
52 71 0.079110
52 72 0.079111
52 73 0.079111
52 74 0.079111
52 75 0.079110
52 76 0.079110
52 77 0.079110
52 78 0.079110
52 79 0.079110
52 80 0.079109
52 81 0.079109
52 82 0.079108
52 83 0.079108
52 84 0.079108
52 85 0.079107
52 86 0.079107
52 87 0.079107
52 88 0.079106
52 89 0.079106
52 90 0.079106
52 91 0.079106
52 92 0.079105
52 93 0.079105
52 94 0.079105
52 95 0.079105
52 96 0.079104
52 97 0.079104
52 98 0.079104
52 99 0.079104

53 0 0.079108
53 1 0.079107
53 2 0.079107
53 3 0.079107
53 4 0.079107
53 5 0.079107
53 6 0.079108
53 7 0.079108
53 8 0.079108
53 9 0.079108
53 10 0.079109
53 11 0.079109
53 12 0.079109
53 13 0.079109
53 14 0.079110
53 15 0.079110
53 16 0.079110
53 17 0.079111
53 18 0.079111
53 19 0.079111
53 20 0.079111
53 21 0.079112
53 22 0.079112
53 23 0.079112
53 24 0.079112
53 25 0.079112
53 26 0.079112
53 27 0.079112
53 28 0.079112
53 29 0.079111
53 30 0.079111
53 31 0.079111
53 32 0.079111
53 33 0.079111
53 34 0.079111
53 35 0.079110
53 36 0.079110
53 37 0.079110
53 38 0.079110
53 39 0.079110
53 40 0.079110
53 41 0.079109
53 42 0.079109
53 43 0.079109
53 44 0.079109
53 45 0.079109
53 46 0.079109
53 47 0.079109
53 48 0.079109
53 49 0.079109
53 50 0.079109
53 51 0.079109
53 52 0.079109
53 53 0.079109
53 54 0.079108
53 55 0.079108
53 56 0.079108
53 57 0.079108
53 58 0.079108
53 59 0.079108
53 60 0.079108
53 61 0.079108
53 62 0.079109
53 63 0.079109
53 64 0.079109
53 65 0.079109
53 66 0.079109
53 67 0.079109
53 68 0.079110
53 69 0.079110
53 70 0.079110
53 71 0.079110
53 72 0.079110
53 73 0.079110
53 74 0.079110
53 75 0.079110
53 76 0.079110
53 77 0.079110
53 78 0.079110
53 79 0.079109
53 80 0.079109
53 81 0.079109
53 82 0.079108
53 83 0.079108
53 84 0.079108
53 85 0.079107
53 86 0.079107
53 87 0.079107
53 88 0.079106
53 89 0.079106
53 90 0.079106
53 91 0.079106
53 92 0.079105
53 93 0.079105
53 94 0.079105
53 95 0.079105
53 96 0.079105
53 97 0.079105
53 98 0.079104
53 99 0.079105

54 0 0.079108
54 1 0.079107
54 2 0.079108
54 3 0.079107
54 4 0.079107
54 5 0.079107
54 6 0.079108
54 7 0.079108
54 8 0.079108
54 9 0.079108
54 10 0.079109
54 11 0.079109
54 12 0.079109
54 13 0.079109
54 14 0.079110
54 15 0.079110
54 16 0.079110
54 17 0.079111
54 18 0.079111
54 19 0.079111
54 20 0.079111
54 21 0.079111
54 22 0.079111
54 23 0.079111
54 24 0.079111
54 25 0.079111
54 26 0.079111
54 27 0.079111
54 28 0.079111
54 29 0.079111
54 30 0.079111
54 31 0.079111
54 32 0.079111
54 33 0.079110
54 34 0.079110
54 35 0.079110
54 36 0.079110
54 37 0.079110
54 38 0.079110
54 39 0.079109
54 40 0.079109
54 41 0.079109
54 42 0.079109
54 43 0.079109
54 44 0.079109
54 45 0.079109
54 46 0.079109
54 47 0.079109
54 48 0.079109
54 49 0.079108
54 50 0.079108
54 51 0.079108
54 52 0.079108
54 53 0.079108
54 54 0.079108
54 55 0.079108
54 56 0.079108
54 57 0.079108
54 58 0.079108
54 59 0.079108
54 60 0.079108
54 61 0.079108
54 62 0.079108
54 63 0.079108
54 64 0.079108
54 65 0.079109
54 66 0.079109
54 67 0.079109
54 68 0.079109
54 69 0.079109
54 70 0.079110
54 71 0.079110
54 72 0.079110
54 73 0.079110
54 74 0.079110
54 75 0.079110
54 76 0.079110
54 77 0.079110
54 78 0.079109
54 79 0.079109
54 80 0.079109
54 81 0.079109
54 82 0.079108
54 83 0.079108
54 84 0.079108
54 85 0.079107
54 86 0.079107
54 87 0.079107
54 88 0.079106
54 89 0.079106
54 90 0.079106
54 91 0.079106
54 92 0.079105
54 93 0.079105
54 94 0.079105
54 95 0.079105
54 96 0.079105
54 97 0.079105
54 98 0.079104
54 99 0.079105

55 0 0.079109
55 1 0.079107
55 2 0.079108
55 3 0.079107
55 4 0.079108
55 5 0.079108
55 6 0.079108
55 7 0.079108
55 8 0.079108
55 9 0.079108
55 10 0.079109
55 11 0.079109
55 12 0.079109
55 13 0.079109
55 14 0.079110
55 15 0.079110
55 16 0.079110
55 17 0.079110
55 18 0.079111
55 19 0.079111
55 20 0.079111
55 21 0.079111
55 22 0.079111
55 23 0.079111
55 24 0.079111
55 25 0.079111
55 26 0.079111
55 27 0.079111
55 28 0.079111
55 29 0.079111
55 30 0.079111
55 31 0.079110
55 32 0.079110
55 33 0.079110
55 34 0.079110
55 35 0.079110
55 36 0.079110
55 37 0.079109
55 38 0.079109
55 39 0.079109
55 40 0.079109
55 41 0.079109
55 42 0.079109
55 43 0.079109
55 44 0.079109
55 45 0.079108
55 46 0.079108
55 47 0.079108
55 48 0.079108
55 49 0.079108
55 50 0.079108
55 51 0.079108
55 52 0.079108
55 53 0.079108
55 54 0.079108
55 55 0.079108
55 56 0.079108
55 57 0.079108
55 58 0.079108
55 59 0.079108
55 60 0.079108
55 61 0.079108
55 62 0.079108
55 63 0.079108
55 64 0.079108
55 65 0.079108
55 66 0.079108
55 67 0.079109
55 68 0.079109
55 69 0.079109
55 70 0.079109
55 71 0.079109
55 72 0.079109
55 73 0.079109
55 74 0.079109
55 75 0.079109
55 76 0.079109
55 77 0.079109
55 78 0.079109
55 79 0.079108
55 80 0.079108
55 81 0.079108
55 82 0.079107
55 83 0.079107
55 84 0.079107
55 85 0.079107
55 86 0.079106
55 87 0.079106
55 88 0.079106
55 89 0.079106
55 90 0.079105
55 91 0.079105
55 92 0.079105
55 93 0.079105
55 94 0.079105
55 95 0.079105
55 96 0.079105
55 97 0.079105
55 98 0.079104
55 99 0.079106

56 0 0.079109
56 1 0.079107
56 2 0.079108
56 3 0.079107
56 4 0.079108
56 5 0.079108
56 6 0.079108
56 7 0.079108
56 8 0.079108
56 9 0.079108
56 10 0.079108
56 11 0.079109
56 12 0.079109
56 13 0.079109
56 14 0.079109
56 15 0.079110
56 16 0.079110
56 17 0.079110
56 18 0.079110
56 19 0.079110
56 20 0.079110
56 21 0.079110
56 22 0.079110
56 23 0.079110
56 24 0.079110
56 25 0.079110
56 26 0.079110
56 27 0.079110
56 28 0.079110
56 29 0.079110
56 30 0.079110
56 31 0.079110
56 32 0.079110
56 33 0.079109
56 34 0.079109
56 35 0.079109
56 36 0.079109
56 37 0.079109
56 38 0.079109
56 39 0.079109
56 40 0.079109
56 41 0.079108
56 42 0.079108
56 43 0.079108
56 44 0.079108
56 45 0.079108
56 46 0.079108
56 47 0.079108
56 48 0.079108
56 49 0.079108
56 50 0.079108
56 51 0.079108
56 52 0.079108
56 53 0.079107
56 54 0.079107
56 55 0.079107
56 56 0.079107
56 57 0.079107
56 58 0.079107
56 59 0.079107
56 60 0.079107
56 61 0.079107
56 62 0.079107
56 63 0.079107
56 64 0.079108
56 65 0.079108
56 66 0.079108
56 67 0.079108
56 68 0.079108
56 69 0.079108
56 70 0.079108
56 71 0.079109
56 72 0.079109
56 73 0.079109
56 74 0.079109
56 75 0.079109
56 76 0.079109
56 77 0.079108
56 78 0.079108
56 79 0.079108
56 80 0.079108
56 81 0.079107
56 82 0.079107
56 83 0.079107
56 84 0.079107
56 85 0.079106
56 86 0.079106
56 87 0.079106
56 88 0.079106
56 89 0.079106
56 90 0.079105
56 91 0.079105
56 92 0.079105
56 93 0.079105
56 94 0.079105
56 95 0.079105
56 96 0.079105
56 97 0.079105
56 98 0.079105
56 99 0.079106

57 0 0.079109
57 1 0.079107
57 2 0.079108
57 3 0.079107
57 4 0.079108
57 5 0.079107
57 6 0.079108
57 7 0.079108
57 8 0.079108
57 9 0.079108
57 10 0.079108
57 11 0.079109
57 12 0.079109
57 13 0.079109
57 14 0.079109
57 15 0.079109
57 16 0.079109
57 17 0.079110
57 18 0.079110
57 19 0.079110
57 20 0.079110
57 21 0.079110
57 22 0.079110
57 23 0.079110
57 24 0.079110
57 25 0.079110
57 26 0.079110
57 27 0.079110
57 28 0.079110
57 29 0.079109
57 30 0.079109
57 31 0.079109
57 32 0.079109
57 33 0.079109
57 34 0.079109
57 35 0.079109
57 36 0.079109
57 37 0.079109
57 38 0.079108
57 39 0.079108
57 40 0.079108
57 41 0.079108
57 42 0.079108
57 43 0.079108
57 44 0.079108
57 45 0.079108
57 46 0.079108
57 47 0.079108
57 48 0.079108
57 49 0.079107
57 50 0.079107
57 51 0.079107
57 52 0.079107
57 53 0.079107
57 54 0.079107
57 55 0.079107
57 56 0.079107
57 57 0.079107
57 58 0.079107
57 59 0.079107
57 60 0.079107
57 61 0.079107
57 62 0.079107
57 63 0.079107
57 64 0.079107
57 65 0.079107
57 66 0.079107
57 67 0.079108
57 68 0.079108
57 69 0.079108
57 70 0.079108
57 71 0.079108
57 72 0.079108
57 73 0.079108
57 74 0.079108
57 75 0.079108
57 76 0.079108
57 77 0.079108
57 78 0.079108
57 79 0.079108
57 80 0.079107
57 81 0.079107
57 82 0.079107
57 83 0.079107
57 84 0.079106
57 85 0.079106
57 86 0.079106
57 87 0.079106
57 88 0.079106
57 89 0.079106
57 90 0.079105
57 91 0.079105
57 92 0.079105
57 93 0.079105
57 94 0.079105
57 95 0.079105
57 96 0.079105
57 97 0.079105
57 98 0.079105
57 99 0.079106

58 0 0.079108
58 1 0.079107
58 2 0.079108
58 3 0.079107
58 4 0.079108
58 5 0.079107
58 6 0.079108
58 7 0.079108
58 8 0.079108
58 9 0.079108
58 10 0.079108
58 11 0.079108
58 12 0.079109
58 13 0.079109
58 14 0.079109
58 15 0.079109
58 16 0.079109
58 17 0.079109
58 18 0.079109
58 19 0.079109
58 20 0.079109
58 21 0.079109
58 22 0.079109
58 23 0.079109
58 24 0.079109
58 25 0.079109
58 26 0.079109
58 27 0.079109
58 28 0.079109
58 29 0.079109
58 30 0.079109
58 31 0.079109
58 32 0.079109
58 33 0.079109
58 34 0.079108
58 35 0.079108
58 36 0.079108
58 37 0.079108
58 38 0.079108
58 39 0.079108
58 40 0.079108
58 41 0.079108
58 42 0.079108
58 43 0.079108
58 44 0.079108
58 45 0.079107
58 46 0.079107
58 47 0.079107
58 48 0.079107
58 49 0.079107
58 50 0.079107
58 51 0.079107
58 52 0.079107
58 53 0.079107
58 54 0.079107
58 55 0.079107
58 56 0.079107
58 57 0.079107
58 58 0.079107
58 59 0.079107
58 60 0.079107
58 61 0.079107
58 62 0.079107
58 63 0.079107
58 64 0.079107
58 65 0.079107
58 66 0.079107
58 67 0.079107
58 68 0.079107
58 69 0.079107
58 70 0.079107
58 71 0.079108
58 72 0.079108
58 73 0.079108
58 74 0.079108
58 75 0.079108
58 76 0.079108
58 77 0.079107
58 78 0.079107
58 79 0.079107
58 80 0.079107
58 81 0.079107
58 82 0.079106
58 83 0.079106
58 84 0.079106
58 85 0.079106
58 86 0.079106
58 87 0.079106
58 88 0.079105
58 89 0.079105
58 90 0.079105
58 91 0.079105
58 92 0.079105
58 93 0.079105
58 94 0.079105
58 95 0.079105
58 96 0.079105
58 97 0.079105
58 98 0.079105
58 99 0.079106

59 0 0.079108
59 1 0.079107
59 2 0.079107
59 3 0.079107
59 4 0.079107
59 5 0.079107
59 6 0.079108
59 7 0.079108
59 8 0.079108
59 9 0.079108
59 10 0.079108
59 11 0.079108
59 12 0.079108
59 13 0.079108
59 14 0.079109
59 15 0.079109
59 16 0.079109
59 17 0.079109
59 18 0.079109
59 19 0.079109
59 20 0.079109
59 21 0.079109
59 22 0.079109
59 23 0.079109
59 24 0.079109
59 25 0.079108
59 26 0.079108
59 27 0.079108
59 28 0.079108
59 29 0.079108
59 30 0.079108
59 31 0.079108
59 32 0.079108
59 33 0.079108
59 34 0.079108
59 35 0.079108
59 36 0.079108
59 37 0.079108
59 38 0.079108
59 39 0.079108
59 40 0.079107
59 41 0.079107
59 42 0.079107
59 43 0.079107
59 44 0.079107
59 45 0.079107
59 46 0.079107
59 47 0.079107
59 48 0.079107
59 49 0.079107
59 50 0.079107
59 51 0.079107
59 52 0.079107
59 53 0.079107
59 54 0.079107
59 55 0.079106
59 56 0.079106
59 57 0.079106
59 58 0.079106
59 59 0.079106
59 60 0.079106
59 61 0.079106
59 62 0.079106
59 63 0.079106
59 64 0.079106
59 65 0.079106
59 66 0.079107
59 67 0.079107
59 68 0.079107
59 69 0.079107
59 70 0.079107
59 71 0.079107
59 72 0.079107
59 73 0.079107
59 74 0.079107
59 75 0.079107
59 76 0.079107
59 77 0.079107
59 78 0.079107
59 79 0.079107
59 80 0.079106
59 81 0.079106
59 82 0.079106
59 83 0.079106
59 84 0.079106
59 85 0.079106
59 86 0.079105
59 87 0.079105
59 88 0.079105
59 89 0.079105
59 90 0.079105
59 91 0.079105
59 92 0.079105
59 93 0.079105
59 94 0.079105
59 95 0.079105
59 96 0.079105
59 97 0.079105
59 98 0.079105
59 99 0.079106

60 0 0.079108
60 1 0.079107
60 2 0.079107
60 3 0.079107
60 4 0.079107
60 5 0.079107
60 6 0.079107
60 7 0.079107
60 8 0.079108
60 9 0.079108
60 10 0.079108
60 11 0.079108
60 12 0.079108
60 13 0.079108
60 14 0.079108
60 15 0.079108
60 16 0.079108
60 17 0.079108
60 18 0.079108
60 19 0.079108
60 20 0.079108
60 21 0.079108
60 22 0.079108
60 23 0.079108
60 24 0.079108
60 25 0.079108
60 26 0.079108
60 27 0.079108
60 28 0.079108
60 29 0.079108
60 30 0.079108
60 31 0.079107
60 32 0.079107
60 33 0.079107
60 34 0.079107
60 35 0.079107
60 36 0.079107
60 37 0.079107
60 38 0.079107
60 39 0.079107
60 40 0.079107
60 41 0.079107
60 42 0.079107
60 43 0.079107
60 44 0.079107
60 45 0.079107
60 46 0.079107
60 47 0.079107
60 48 0.079107
60 49 0.079107
60 50 0.079107
60 51 0.079106
60 52 0.079106
60 53 0.079106
60 54 0.079106
60 55 0.079106
60 56 0.079106
60 57 0.079106
60 58 0.079106
60 59 0.079106
60 60 0.079106
60 61 0.079106
60 62 0.079106
60 63 0.079106
60 64 0.079106
60 65 0.079106
60 66 0.079106
60 67 0.079106
60 68 0.079106
60 69 0.079106
60 70 0.079106
60 71 0.079106
60 72 0.079106
60 73 0.079106
60 74 0.079106
60 75 0.079106
60 76 0.079106
60 77 0.079106
60 78 0.079106
60 79 0.079106
60 80 0.079106
60 81 0.079106
60 82 0.079105
60 83 0.079105
60 84 0.079105
60 85 0.079105
60 86 0.079105
60 87 0.079105
60 88 0.079105
60 89 0.079105
60 90 0.079105
60 91 0.079105
60 92 0.079104
60 93 0.079105
60 94 0.079104
60 95 0.079105
60 96 0.079104
60 97 0.079105
60 98 0.079104
60 99 0.079106

61 0 0.079108
61 1 0.079106
61 2 0.079107
61 3 0.079107
61 4 0.079107
61 5 0.079107
61 6 0.079107
61 7 0.079107
61 8 0.079107
61 9 0.079107
61 10 0.079107
61 11 0.079107
61 12 0.079107
61 13 0.079107
61 14 0.079107
61 15 0.079107
61 16 0.079107
61 17 0.079107
61 18 0.079107
61 19 0.079107
61 20 0.079107
61 21 0.079107
61 22 0.079107
61 23 0.079107
61 24 0.079107
61 25 0.079106
61 26 0.079106
61 27 0.079106
61 28 0.079106
61 29 0.079106
61 30 0.079106
61 31 0.079106
61 32 0.079106
61 33 0.079106
61 34 0.079106
61 35 0.079106
61 36 0.079106
61 37 0.079106
61 38 0.079106
61 39 0.079106
61 40 0.079106
61 41 0.079106
61 42 0.079106
61 43 0.079106
61 44 0.079106
61 45 0.079106
61 46 0.079106
61 47 0.079106
61 48 0.079106
61 49 0.079106
61 50 0.079106
61 51 0.079106
61 52 0.079106
61 53 0.079105
61 54 0.079105
61 55 0.079105
61 56 0.079105
61 57 0.079105
61 58 0.079105
61 59 0.079105
61 60 0.079105
61 61 0.079105
61 62 0.079105
61 63 0.079105
61 64 0.079105
61 65 0.079105
61 66 0.079105
61 67 0.079105
61 68 0.079105
61 69 0.079105
61 70 0.079105
61 71 0.079105
61 72 0.079105
61 73 0.079105
61 74 0.079105
61 75 0.079105
61 76 0.079105
61 77 0.079105
61 78 0.079105
61 79 0.079105
61 80 0.079104
61 81 0.079104
61 82 0.079104
61 83 0.079104
61 84 0.079104
61 85 0.079104
61 86 0.079104
61 87 0.079104
61 88 0.079104
61 89 0.079104
61 90 0.079104
61 91 0.079104
61 92 0.079104
61 93 0.079104
61 94 0.079104
61 95 0.079104
61 96 0.079104
61 97 0.079105
61 98 0.079104
61 99 0.079106

62 0 0.079107
62 1 0.079106
62 2 0.079107
62 3 0.079106
62 4 0.079107
62 5 0.079106
62 6 0.079107
62 7 0.079106
62 8 0.079107
62 9 0.079107
62 10 0.079107
62 11 0.079106
62 12 0.079106
62 13 0.079106
62 14 0.079106
62 15 0.079106
62 16 0.079106
62 17 0.079106
62 18 0.079106
62 19 0.079106
62 20 0.079106
62 21 0.079106
62 22 0.079106
62 23 0.079106
62 24 0.079106
62 25 0.079106
62 26 0.079106
62 27 0.079105
62 28 0.079105
62 29 0.079105
62 30 0.079106
62 31 0.079106
62 32 0.079106
62 33 0.079106
62 34 0.079106
62 35 0.079106
62 36 0.079106
62 37 0.079106
62 38 0.079106
62 39 0.079106
62 40 0.079106
62 41 0.079106
62 42 0.079106
62 43 0.079106
62 44 0.079106
62 45 0.079106
62 46 0.079106
62 47 0.079105
62 48 0.079105
62 49 0.079105
62 50 0.079105
62 51 0.079105
62 52 0.079105
62 53 0.079105
62 54 0.079105
62 55 0.079105
62 56 0.079105
62 57 0.079105
62 58 0.079104
62 59 0.079104
62 60 0.079104
62 61 0.079104
62 62 0.079104
62 63 0.079104
62 64 0.079104
62 65 0.079104
62 66 0.079104
62 67 0.079104
62 68 0.079104
62 69 0.079104
62 70 0.079104
62 71 0.079104
62 72 0.079104
62 73 0.079104
62 74 0.079104
62 75 0.079104
62 76 0.079104
62 77 0.079104
62 78 0.079104
62 79 0.079104
62 80 0.079104
62 81 0.079104
62 82 0.079104
62 83 0.079104
62 84 0.079103
62 85 0.079104
62 86 0.079103
62 87 0.079104
62 88 0.079103
62 89 0.079104
62 90 0.079103
62 91 0.079104
62 92 0.079103
62 93 0.079104
62 94 0.079104
62 95 0.079104
62 96 0.079104
62 97 0.079104
62 98 0.079104
62 99 0.079106

63 0 0.079107
63 1 0.079106
63 2 0.079106
63 3 0.079106
63 4 0.079106
63 5 0.079106
63 6 0.079106
63 7 0.079106
63 8 0.079106
63 9 0.079106
63 10 0.079106
63 11 0.079106
63 12 0.079106
63 13 0.079106
63 14 0.079105
63 15 0.079105
63 16 0.079105
63 17 0.079105
63 18 0.079105
63 19 0.079105
63 20 0.079105
63 21 0.079105
63 22 0.079105
63 23 0.079104
63 24 0.079104
63 25 0.079104
63 26 0.079104
63 27 0.079104
63 28 0.079104
63 29 0.079104
63 30 0.079104
63 31 0.079105
63 32 0.079105
63 33 0.079105
63 34 0.079105
63 35 0.079105
63 36 0.079105
63 37 0.079105
63 38 0.079105
63 39 0.079105
63 40 0.079105
63 41 0.079105
63 42 0.079105
63 43 0.079105
63 44 0.079105
63 45 0.079105
63 46 0.079105
63 47 0.079105
63 48 0.079105
63 49 0.079105
63 50 0.079105
63 51 0.079105
63 52 0.079104
63 53 0.079104
63 54 0.079104
63 55 0.079104
63 56 0.079104
63 57 0.079104
63 58 0.079104
63 59 0.079104
63 60 0.079104
63 61 0.079104
63 62 0.079103
63 63 0.079103
63 64 0.079103
63 65 0.079103
63 66 0.079103
63 67 0.079103
63 68 0.079103
63 69 0.079103
63 70 0.079103
63 71 0.079103
63 72 0.079103
63 73 0.079103
63 74 0.079103
63 75 0.079103
63 76 0.079103
63 77 0.079103
63 78 0.079103
63 79 0.079103
63 80 0.079103
63 81 0.079103
63 82 0.079103
63 83 0.079103
63 84 0.079103
63 85 0.079103
63 86 0.079103
63 87 0.079103
63 88 0.079103
63 89 0.079103
63 90 0.079103
63 91 0.079103
63 92 0.079103
63 93 0.079103
63 94 0.079103
63 95 0.079103
63 96 0.079103
63 97 0.079104
63 98 0.079104
63 99 0.079105

64 0 0.079106
64 1 0.079105
64 2 0.079106
64 3 0.079105
64 4 0.079105
64 5 0.079105
64 6 0.079105
64 7 0.079105
64 8 0.079105
64 9 0.079105
64 10 0.079105
64 11 0.079105
64 12 0.079105
64 13 0.079105
64 14 0.079104
64 15 0.079104
64 16 0.079104
64 17 0.079104
64 18 0.079104
64 19 0.079104
64 20 0.079103
64 21 0.079103
64 22 0.079103
64 23 0.079103
64 24 0.079103
64 25 0.079103
64 26 0.079103
64 27 0.079103
64 28 0.079103
64 29 0.079103
64 30 0.079103
64 31 0.079103
64 32 0.079103
64 33 0.079104
64 34 0.079104
64 35 0.079104
64 36 0.079104
64 37 0.079104
64 38 0.079104
64 39 0.079104
64 40 0.079104
64 41 0.079104
64 42 0.079104
64 43 0.079104
64 44 0.079104
64 45 0.079104
64 46 0.079104
64 47 0.079104
64 48 0.079104
64 49 0.079104
64 50 0.079104
64 51 0.079104
64 52 0.079104
64 53 0.079103
64 54 0.079103
64 55 0.079103
64 56 0.079103
64 57 0.079103
64 58 0.079103
64 59 0.079103
64 60 0.079103
64 61 0.079103
64 62 0.079103
64 63 0.079102
64 64 0.079102
64 65 0.079102
64 66 0.079102
64 67 0.079102
64 68 0.079102
64 69 0.079102
64 70 0.079102
64 71 0.079102
64 72 0.079102
64 73 0.079102
64 74 0.079102
64 75 0.079101
64 76 0.079101
64 77 0.079101
64 78 0.079101
64 79 0.079101
64 80 0.079101
64 81 0.079102
64 82 0.079102
64 83 0.079102
64 84 0.079102
64 85 0.079102
64 86 0.079102
64 87 0.079102
64 88 0.079102
64 89 0.079102
64 90 0.079102
64 91 0.079102
64 92 0.079102
64 93 0.079102
64 94 0.079102
64 95 0.079103
64 96 0.079103
64 97 0.079104
64 98 0.079103
64 99 0.079105

65 0 0.079106
65 1 0.079105
65 2 0.079105
65 3 0.079105
65 4 0.079105
65 5 0.079105
65 6 0.079105
65 7 0.079104
65 8 0.079104
65 9 0.079104
65 10 0.079104
65 11 0.079104
65 12 0.079104
65 13 0.079103
65 14 0.079103
65 15 0.079103
65 16 0.079103
65 17 0.079103
65 18 0.079102
65 19 0.079102
65 20 0.079102
65 21 0.079102
65 22 0.079102
65 23 0.079102
65 24 0.079102
65 25 0.079102
65 26 0.079102
65 27 0.079102
65 28 0.079102
65 29 0.079102
65 30 0.079102
65 31 0.079102
65 32 0.079102
65 33 0.079102
65 34 0.079103
65 35 0.079103
65 36 0.079103
65 37 0.079103
65 38 0.079103
65 39 0.079103
65 40 0.079103
65 41 0.079103
65 42 0.079103
65 43 0.079103
65 44 0.079103
65 45 0.079103
65 46 0.079103
65 47 0.079103
65 48 0.079103
65 49 0.079103
65 50 0.079103
65 51 0.079103
65 52 0.079103
65 53 0.079103
65 54 0.079102
65 55 0.079102
65 56 0.079102
65 57 0.079102
65 58 0.079102
65 59 0.079102
65 60 0.079102
65 61 0.079102
65 62 0.079101
65 63 0.079101
65 64 0.079101
65 65 0.079101
65 66 0.079101
65 67 0.079101
65 68 0.079101
65 69 0.079101
65 70 0.079100
65 71 0.079100
65 72 0.079100
65 73 0.079100
65 74 0.079100
65 75 0.079100
65 76 0.079100
65 77 0.079100
65 78 0.079100
65 79 0.079100
65 80 0.079100
65 81 0.079100
65 82 0.079100
65 83 0.079101
65 84 0.079101
65 85 0.079101
65 86 0.079101
65 87 0.079101
65 88 0.079101
65 89 0.079101
65 90 0.079101
65 91 0.079101
65 92 0.079101
65 93 0.079101
65 94 0.079101
65 95 0.079102
65 96 0.079102
65 97 0.079103
65 98 0.079102
65 99 0.079105

66 0 0.079105
66 1 0.079103
66 2 0.079104
66 3 0.079103
66 4 0.079103
66 5 0.079103
66 6 0.079103
66 7 0.079103
66 8 0.079103
66 9 0.079102
66 10 0.079102
66 11 0.079102
66 12 0.079102
66 13 0.079101
66 14 0.079101
66 15 0.079101
66 16 0.079101
66 17 0.079101
66 18 0.079100
66 19 0.079100
66 20 0.079100
66 21 0.079100
66 22 0.079100
66 23 0.079100
66 24 0.079100
66 25 0.079100
66 26 0.079100
66 27 0.079100
66 28 0.079100
66 29 0.079100
66 30 0.079100
66 31 0.079100
66 32 0.079100
66 33 0.079101
66 34 0.079101
66 35 0.079101
66 36 0.079101
66 37 0.079101
66 38 0.079101
66 39 0.079101
66 40 0.079101
66 41 0.079102
66 42 0.079102
66 43 0.079102
66 44 0.079102
66 45 0.079102
66 46 0.079101
66 47 0.079101
66 48 0.079101
66 49 0.079101
66 50 0.079101
66 51 0.079101
66 52 0.079101
66 53 0.079101
66 54 0.079101
66 55 0.079100
66 56 0.079100
66 57 0.079100
66 58 0.079100
66 59 0.079100
66 60 0.079100
66 61 0.079100
66 62 0.079100
66 63 0.079099
66 64 0.079099
66 65 0.079099
66 66 0.079099
66 67 0.079099
66 68 0.079098
66 69 0.079098
66 70 0.079098
66 71 0.079098
66 72 0.079098
66 73 0.079098
66 74 0.079098
66 75 0.079098
66 76 0.079098
66 77 0.079098
66 78 0.079098
66 79 0.079098
66 80 0.079098
66 81 0.079098
66 82 0.079098
66 83 0.079099
66 84 0.079099
66 85 0.079099
66 86 0.079099
66 87 0.079099
66 88 0.079099
66 89 0.079099
66 90 0.079100
66 91 0.079100
66 92 0.079100
66 93 0.079100
66 94 0.079100
66 95 0.079101
66 96 0.079101
66 97 0.079102
66 98 0.079102
66 99 0.079104

67 0 0.079105
67 1 0.079102
67 2 0.079103
67 3 0.079102
67 4 0.079102
67 5 0.079102
67 6 0.079102
67 7 0.079101
67 8 0.079101
67 9 0.079101
67 10 0.079101
67 11 0.079101
67 12 0.079100
67 13 0.079100
67 14 0.079100
67 15 0.079100
67 16 0.079099
67 17 0.079099
67 18 0.079099
67 19 0.079099
67 20 0.079099
67 21 0.079099
67 22 0.079098
67 23 0.079098
67 24 0.079098
67 25 0.079098
67 26 0.079098
67 27 0.079098
67 28 0.079099
67 29 0.079099
67 30 0.079099
67 31 0.079099
67 32 0.079099
67 33 0.079099
67 34 0.079100
67 35 0.079100
67 36 0.079100
67 37 0.079100
67 38 0.079100
67 39 0.079100
67 40 0.079100
67 41 0.079100
67 42 0.079100
67 43 0.079100
67 44 0.079100
67 45 0.079100
67 46 0.079100
67 47 0.079100
67 48 0.079100
67 49 0.079100
67 50 0.079100
67 51 0.079100
67 52 0.079100
67 53 0.079100
67 54 0.079099
67 55 0.079099
67 56 0.079099
67 57 0.079099
67 58 0.079099
67 59 0.079099
67 60 0.079099
67 61 0.079098
67 62 0.079098
67 63 0.079098
67 64 0.079098
67 65 0.079098
67 66 0.079097
67 67 0.079097
67 68 0.079097
67 69 0.079097
67 70 0.079097
67 71 0.079096
67 72 0.079096
67 73 0.079096
67 74 0.079096
67 75 0.079096
67 76 0.079096
67 77 0.079096
67 78 0.079096
67 79 0.079097
67 80 0.079097
67 81 0.079097
67 82 0.079097
67 83 0.079097
67 84 0.079098
67 85 0.079098
67 86 0.079098
67 87 0.079098
67 88 0.079098
67 89 0.079098
67 90 0.079098
67 91 0.079099
67 92 0.079099
67 93 0.079099
67 94 0.079099
67 95 0.079100
67 96 0.079100
67 97 0.079101
67 98 0.079101
67 99 0.079104

68 0 0.079104
68 1 0.079101
68 2 0.079102
68 3 0.079101
68 4 0.079101
68 5 0.079101
68 6 0.079101
68 7 0.079100
68 8 0.079100
68 9 0.079100
68 10 0.079099
68 11 0.079099
68 12 0.079099
68 13 0.079099
68 14 0.079098
68 15 0.079098
68 16 0.079098
68 17 0.079098
68 18 0.079098
68 19 0.079097
68 20 0.079097
68 21 0.079097
68 22 0.079097
68 23 0.079097
68 24 0.079097
68 25 0.079097
68 26 0.079097
68 27 0.079097
68 28 0.079097
68 29 0.079097
68 30 0.079098
68 31 0.079098
68 32 0.079098
68 33 0.079098
68 34 0.079098
68 35 0.079099
68 36 0.079099
68 37 0.079099
68 38 0.079099
68 39 0.079099
68 40 0.079099
68 41 0.079099
68 42 0.079099
68 43 0.079099
68 44 0.079099
68 45 0.079099
68 46 0.079099
68 47 0.079099
68 48 0.079099
68 49 0.079099
68 50 0.079099
68 51 0.079099
68 52 0.079099
68 53 0.079098
68 54 0.079098
68 55 0.079098
68 56 0.079098
68 57 0.079098
68 58 0.079098
68 59 0.079098
68 60 0.079097
68 61 0.079097
68 62 0.079097
68 63 0.079097
68 64 0.079096
68 65 0.079096
68 66 0.079096
68 67 0.079096
68 68 0.079095
68 69 0.079095
68 70 0.079095
68 71 0.079095
68 72 0.079095
68 73 0.079095
68 74 0.079095
68 75 0.079095
68 76 0.079095
68 77 0.079095
68 78 0.079095
68 79 0.079095
68 80 0.079095
68 81 0.079096
68 82 0.079096
68 83 0.079096
68 84 0.079096
68 85 0.079097
68 86 0.079097
68 87 0.079097
68 88 0.079097
68 89 0.079097
68 90 0.079097
68 91 0.079098
68 92 0.079098
68 93 0.079098
68 94 0.079098
68 95 0.079099
68 96 0.079099
68 97 0.079100
68 98 0.079100
68 99 0.079103

69 0 0.079104
69 1 0.079100
69 2 0.079101
69 3 0.079100
69 4 0.079100
69 5 0.079100
69 6 0.079099
69 7 0.079099
69 8 0.079099
69 9 0.079098
69 10 0.079098
69 11 0.079098
69 12 0.079098
69 13 0.079097
69 14 0.079097
69 15 0.079097
69 16 0.079097
69 17 0.079097
69 18 0.079096
69 19 0.079096
69 20 0.079096
69 21 0.079096
69 22 0.079096
69 23 0.079096
69 24 0.079096
69 25 0.079096
69 26 0.079096
69 27 0.079096
69 28 0.079096
69 29 0.079096
69 30 0.079096
69 31 0.079097
69 32 0.079097
69 33 0.079097
69 34 0.079097
69 35 0.079097
69 36 0.079098
69 37 0.079098
69 38 0.079098
69 39 0.079098
69 40 0.079098
69 41 0.079098
69 42 0.079098
69 43 0.079098
69 44 0.079098
69 45 0.079098
69 46 0.079098
69 47 0.079098
69 48 0.079098
69 49 0.079098
69 50 0.079098
69 51 0.079098
69 52 0.079097
69 53 0.079097
69 54 0.079097
69 55 0.079097
69 56 0.079097
69 57 0.079097
69 58 0.079097
69 59 0.079096
69 60 0.079096
69 61 0.079096
69 62 0.079096
69 63 0.079096
69 64 0.079095
69 65 0.079095
69 66 0.079095
69 67 0.079094
69 68 0.079094
69 69 0.079094
69 70 0.079094
69 71 0.079093
69 72 0.079093
69 73 0.079093
69 74 0.079093
69 75 0.079093
69 76 0.079093
69 77 0.079094
69 78 0.079094
69 79 0.079094
69 80 0.079094
69 81 0.079095
69 82 0.079095
69 83 0.079095
69 84 0.079095
69 85 0.079095
69 86 0.079096
69 87 0.079096
69 88 0.079096
69 89 0.079096
69 90 0.079096
69 91 0.079096
69 92 0.079097
69 93 0.079097
69 94 0.079097
69 95 0.079098
69 96 0.079098
69 97 0.079099
69 98 0.079099
69 99 0.079103

70 0 0.079103
70 1 0.079099
70 2 0.079100
70 3 0.079099
70 4 0.079099
70 5 0.079098
70 6 0.079098
70 7 0.079098
70 8 0.079097
70 9 0.079097
70 10 0.079097
70 11 0.079097
70 12 0.079096
70 13 0.079096
70 14 0.079096
70 15 0.079096
70 16 0.079096
70 17 0.079095
70 18 0.079095
70 19 0.079095
70 20 0.079095
70 21 0.079095
70 22 0.079095
70 23 0.079095
70 24 0.079095
70 25 0.079095
70 26 0.079095
70 27 0.079095
70 28 0.079095
70 29 0.079095
70 30 0.079095
70 31 0.079096
70 32 0.079096
70 33 0.079096
70 34 0.079096
70 35 0.079096
70 36 0.079097
70 37 0.079097
70 38 0.079097
70 39 0.079097
70 40 0.079097
70 41 0.079097
70 42 0.079097
70 43 0.079097
70 44 0.079097
70 45 0.079097
70 46 0.079097
70 47 0.079097
70 48 0.079097
70 49 0.079097
70 50 0.079097
70 51 0.079097
70 52 0.079097
70 53 0.079096
70 54 0.079096
70 55 0.079096
70 56 0.079096
70 57 0.079096
70 58 0.079096
70 59 0.079095
70 60 0.079095
70 61 0.079095
70 62 0.079095
70 63 0.079094
70 64 0.079094
70 65 0.079094
70 66 0.079094
70 67 0.079093
70 68 0.079093
70 69 0.079093
70 70 0.079092
70 71 0.079092
70 72 0.079092
70 73 0.079092
70 74 0.079092
70 75 0.079092
70 76 0.079092
70 77 0.079092
70 78 0.079093
70 79 0.079093
70 80 0.079093
70 81 0.079094
70 82 0.079094
70 83 0.079094
70 84 0.079094
70 85 0.079094
70 86 0.079095
70 87 0.079095
70 88 0.079095
70 89 0.079095
70 90 0.079095
70 91 0.079095
70 92 0.079096
70 93 0.079096
70 94 0.079096
70 95 0.079097
70 96 0.079097
70 97 0.079098
70 98 0.079097
70 99 0.079102

71 0 0.079102
71 1 0.079098
71 2 0.079099
71 3 0.079098
71 4 0.079098
71 5 0.079097
71 6 0.079097
71 7 0.079096
71 8 0.079096
71 9 0.079096
71 10 0.079096
71 11 0.079096
71 12 0.079095
71 13 0.079095
71 14 0.079095
71 15 0.079095
71 16 0.079095
71 17 0.079094
71 18 0.079094
71 19 0.079094
71 20 0.079094
71 21 0.079094
71 22 0.079094
71 23 0.079094
71 24 0.079094
71 25 0.079094
71 26 0.079094
71 27 0.079094
71 28 0.079094
71 29 0.079094
71 30 0.079095
71 31 0.079095
71 32 0.079095
71 33 0.079095
71 34 0.079095
71 35 0.079095
71 36 0.079095
71 37 0.079095
71 38 0.079095
71 39 0.079095
71 40 0.079095
71 41 0.079095
71 42 0.079095
71 43 0.079095
71 44 0.079095
71 45 0.079095
71 46 0.079095
71 47 0.079095
71 48 0.079095
71 49 0.079095
71 50 0.079095
71 51 0.079095
71 52 0.079095
71 53 0.079095
71 54 0.079095
71 55 0.079095
71 56 0.079095
71 57 0.079094
71 58 0.079094
71 59 0.079094
71 60 0.079094
71 61 0.079094
71 62 0.079093
71 63 0.079093
71 64 0.079093
71 65 0.079093
71 66 0.079092
71 67 0.079092
71 68 0.079092
71 69 0.079091
71 70 0.079091
71 71 0.079091
71 72 0.079091
71 73 0.079091
71 74 0.079091
71 75 0.079091
71 76 0.079091
71 77 0.079092
71 78 0.079092
71 79 0.079092
71 80 0.079092
71 81 0.079093
71 82 0.079093
71 83 0.079093
71 84 0.079093
71 85 0.079093
71 86 0.079094
71 87 0.079094
71 88 0.079094
71 89 0.079094
71 90 0.079094
71 91 0.079094
71 92 0.079094
71 93 0.079095
71 94 0.079095
71 95 0.079096
71 96 0.079096
71 97 0.079097
71 98 0.079096
71 99 0.079101

72 0 0.079102
72 1 0.079096
72 2 0.079098
72 3 0.079096
72 4 0.079096
72 5 0.079096
72 6 0.079095
72 7 0.079095
72 8 0.079095
72 9 0.079095
72 10 0.079095
72 11 0.079094
72 12 0.079094
72 13 0.079094
72 14 0.079094
72 15 0.079094
72 16 0.079094
72 17 0.079094
72 18 0.079094
72 19 0.079094
72 20 0.079093
72 21 0.079093
72 22 0.079093
72 23 0.079093
72 24 0.079093
72 25 0.079093
72 26 0.079094
72 27 0.079094
72 28 0.079094
72 29 0.079094
72 30 0.079094
72 31 0.079094
72 32 0.079094
72 33 0.079094
72 34 0.079095
72 35 0.079095
72 36 0.079095
72 37 0.079095
72 38 0.079095
72 39 0.079095
72 40 0.079095
72 41 0.079095
72 42 0.079095
72 43 0.079095
72 44 0.079095
72 45 0.079095
72 46 0.079095
72 47 0.079095
72 48 0.079095
72 49 0.079095
72 50 0.079095
72 51 0.079095
72 52 0.079095
72 53 0.079094
72 54 0.079094
72 55 0.079094
72 56 0.079094
72 57 0.079094
72 58 0.079094
72 59 0.079094
72 60 0.079093
72 61 0.079093
72 62 0.079093
72 63 0.079093
72 64 0.079092
72 65 0.079092
72 66 0.079092
72 67 0.079091
72 68 0.079091
72 69 0.079091
72 70 0.079091
72 71 0.079091
72 72 0.079091
72 73 0.079091
72 74 0.079091
72 75 0.079091
72 76 0.079091
72 77 0.079091
72 78 0.079092
72 79 0.079092
72 80 0.079092
72 81 0.079092
72 82 0.079092
72 83 0.079093
72 84 0.079093
72 85 0.079093
72 86 0.079093
72 87 0.079093
72 88 0.079093
72 89 0.079093
72 90 0.079093
72 91 0.079093
72 92 0.079094
72 93 0.079094
72 94 0.079094
72 95 0.079095
72 96 0.079095
72 97 0.079096
72 98 0.079094
72 99 0.079100

73 0 0.079101
73 1 0.079095
73 2 0.079097
73 3 0.079095
73 4 0.079095
73 5 0.079095
73 6 0.079094
73 7 0.079094
73 8 0.079094
73 9 0.079094
73 10 0.079094
73 11 0.079094
73 12 0.079094
73 13 0.079094
73 14 0.079094
73 15 0.079094
73 16 0.079093
73 17 0.079093
73 18 0.079093
73 19 0.079093
73 20 0.079093
73 21 0.079093
73 22 0.079093
73 23 0.079093
73 24 0.079093
73 25 0.079093
73 26 0.079093
73 27 0.079093
73 28 0.079093
73 29 0.079094
73 30 0.079094
73 31 0.079094
73 32 0.079094
73 33 0.079094
73 34 0.079094
73 35 0.079094
73 36 0.079094
73 37 0.079094
73 38 0.079094
73 39 0.079094
73 40 0.079094
73 41 0.079094
73 42 0.079094
73 43 0.079094
73 44 0.079094
73 45 0.079094
73 46 0.079094
73 47 0.079094
73 48 0.079094
73 49 0.079094
73 50 0.079094
73 51 0.079094
73 52 0.079094
73 53 0.079094
73 54 0.079094
73 55 0.079094
73 56 0.079094
73 57 0.079094
73 58 0.079093
73 59 0.079093
73 60 0.079093
73 61 0.079093
73 62 0.079093
73 63 0.079092
73 64 0.079092
73 65 0.079092
73 66 0.079092
73 67 0.079091
73 68 0.079091
73 69 0.079091
73 70 0.079091
73 71 0.079090
73 72 0.079090
73 73 0.079090
73 74 0.079090
73 75 0.079091
73 76 0.079091
73 77 0.079091
73 78 0.079091
73 79 0.079091
73 80 0.079092
73 81 0.079092
73 82 0.079092
73 83 0.079092
73 84 0.079092
73 85 0.079092
73 86 0.079092
73 87 0.079092
73 88 0.079093
73 89 0.079093
73 90 0.079093
73 91 0.079093
73 92 0.079093
73 93 0.079093
73 94 0.079094
73 95 0.079094
73 96 0.079094
73 97 0.079095
73 98 0.079093
73 99 0.079099

74 0 0.079099
74 1 0.079094
74 2 0.079096
74 3 0.079094
74 4 0.079094
74 5 0.079094
74 6 0.079094
74 7 0.079094
74 8 0.079093
74 9 0.079093
74 10 0.079093
74 11 0.079093
74 12 0.079093
74 13 0.079093
74 14 0.079093
74 15 0.079093
74 16 0.079093
74 17 0.079093
74 18 0.079093
74 19 0.079093
74 20 0.079093
74 21 0.079093
74 22 0.079093
74 23 0.079093
74 24 0.079093
74 25 0.079093
74 26 0.079093
74 27 0.079093
74 28 0.079093
74 29 0.079093
74 30 0.079093
74 31 0.079094
74 32 0.079094
74 33 0.079094
74 34 0.079094
74 35 0.079094
74 36 0.079094
74 37 0.079094
74 38 0.079094
74 39 0.079094
74 40 0.079094
74 41 0.079094
74 42 0.079094
74 43 0.079094
74 44 0.079094
74 45 0.079094
74 46 0.079094
74 47 0.079094
74 48 0.079094
74 49 0.079094
74 50 0.079094
74 51 0.079094
74 52 0.079094
74 53 0.079094
74 54 0.079094
74 55 0.079094
74 56 0.079094
74 57 0.079093
74 58 0.079093
74 59 0.079093
74 60 0.079093
74 61 0.079093
74 62 0.079093
74 63 0.079092
74 64 0.079092
74 65 0.079092
74 66 0.079092
74 67 0.079091
74 68 0.079091
74 69 0.079091
74 70 0.079090
74 71 0.079090
74 72 0.079090
74 73 0.079090
74 74 0.079090
74 75 0.079091
74 76 0.079091
74 77 0.079091
74 78 0.079091
74 79 0.079091
74 80 0.079092
74 81 0.079092
74 82 0.079092
74 83 0.079092
74 84 0.079092
74 85 0.079092
74 86 0.079092
74 87 0.079092
74 88 0.079092
74 89 0.079092
74 90 0.079092
74 91 0.079092
74 92 0.079092
74 93 0.079093
74 94 0.079093
74 95 0.079093
74 96 0.079093
74 97 0.079095
74 98 0.079092
74 99 0.079098

75 0 0.079098
75 1 0.079093
75 2 0.079095
75 3 0.079094
75 4 0.079094
75 5 0.079093
75 6 0.079093
75 7 0.079093
75 8 0.079093
75 9 0.079093
75 10 0.079093
75 11 0.079093
75 12 0.079093
75 13 0.079093
75 14 0.079093
75 15 0.079093
75 16 0.079093
75 17 0.079093
75 18 0.079093
75 19 0.079093
75 20 0.079093
75 21 0.079093
75 22 0.079093
75 23 0.079093
75 24 0.079093
75 25 0.079093
75 26 0.079093
75 27 0.079093
75 28 0.079093
75 29 0.079093
75 30 0.079093
75 31 0.079093
75 32 0.079093
75 33 0.079093
75 34 0.079093
75 35 0.079093
75 36 0.079093
75 37 0.079093
75 38 0.079093
75 39 0.079093
75 40 0.079094
75 41 0.079094
75 42 0.079094
75 43 0.079094
75 44 0.079094
75 45 0.079094
75 46 0.079094
75 47 0.079094
75 48 0.079094
75 49 0.079094
75 50 0.079094
75 51 0.079094
75 52 0.079094
75 53 0.079094
75 54 0.079094
75 55 0.079094
75 56 0.079094
75 57 0.079093
75 58 0.079093
75 59 0.079093
75 60 0.079093
75 61 0.079093
75 62 0.079093
75 63 0.079092
75 64 0.079092
75 65 0.079092
75 66 0.079092
75 67 0.079091
75 68 0.079091
75 69 0.079091
75 70 0.079091
75 71 0.079090
75 72 0.079090
75 73 0.079090
75 74 0.079090
75 75 0.079091
75 76 0.079091
75 77 0.079091
75 78 0.079091
75 79 0.079091
75 80 0.079091
75 81 0.079091
75 82 0.079092
75 83 0.079092
75 84 0.079092
75 85 0.079092
75 86 0.079092
75 87 0.079092
75 88 0.079092
75 89 0.079092
75 90 0.079092
75 91 0.079092
75 92 0.079092
75 93 0.079092
75 94 0.079092
75 95 0.079093
75 96 0.079092
75 97 0.079094
75 98 0.079091
75 99 0.079096

76 0 0.079097
76 1 0.079092
76 2 0.079094
76 3 0.079093
76 4 0.079093
76 5 0.079093
76 6 0.079093
76 7 0.079093
76 8 0.079093
76 9 0.079093
76 10 0.079093
76 11 0.079093
76 12 0.079093
76 13 0.079093
76 14 0.079093
76 15 0.079093
76 16 0.079093
76 17 0.079093
76 18 0.079093
76 19 0.079093
76 20 0.079093
76 21 0.079093
76 22 0.079093
76 23 0.079093
76 24 0.079093
76 25 0.079093
76 26 0.079093
76 27 0.079093
76 28 0.079093
76 29 0.079093
76 30 0.079093
76 31 0.079093
76 32 0.079093
76 33 0.079093
76 34 0.079093
76 35 0.079093
76 36 0.079093
76 37 0.079093
76 38 0.079093
76 39 0.079093
76 40 0.079093
76 41 0.079093
76 42 0.079094
76 43 0.079094
76 44 0.079094
76 45 0.079094
76 46 0.079094
76 47 0.079094
76 48 0.079094
76 49 0.079094
76 50 0.079094
76 51 0.079094
76 52 0.079094
76 53 0.079094
76 54 0.079094
76 55 0.079094
76 56 0.079094
76 57 0.079093
76 58 0.079093
76 59 0.079093
76 60 0.079093
76 61 0.079093
76 62 0.079093
76 63 0.079093
76 64 0.079092
76 65 0.079092
76 66 0.079092
76 67 0.079091
76 68 0.079091
76 69 0.079091
76 70 0.079091
76 71 0.079091
76 72 0.079091
76 73 0.079091
76 74 0.079091
76 75 0.079091
76 76 0.079091
76 77 0.079091
76 78 0.079091
76 79 0.079091
76 80 0.079092
76 81 0.079092
76 82 0.079092
76 83 0.079092
76 84 0.079092
76 85 0.079092
76 86 0.079092
76 87 0.079092
76 88 0.079092
76 89 0.079092
76 90 0.079092
76 91 0.079092
76 92 0.079092
76 93 0.079092
76 94 0.079092
76 95 0.079092
76 96 0.079092
76 97 0.079093
76 98 0.079091
76 99 0.079095

77 0 0.079095
77 1 0.079092
77 2 0.079093
77 3 0.079092
77 4 0.079093
77 5 0.079092
77 6 0.079093
77 7 0.079092
77 8 0.079093
77 9 0.079092
77 10 0.079093
77 11 0.079093
77 12 0.079093
77 13 0.079093
77 14 0.079093
77 15 0.079093
77 16 0.079093
77 17 0.079093
77 18 0.079093
77 19 0.079093
77 20 0.079093
77 21 0.079093
77 22 0.079093
77 23 0.079093
77 24 0.079093
77 25 0.079093
77 26 0.079093
77 27 0.079093
77 28 0.079093
77 29 0.079093
77 30 0.079093
77 31 0.079093
77 32 0.079093
77 33 0.079093
77 34 0.079093
77 35 0.079093
77 36 0.079093
77 37 0.079093
77 38 0.079093
77 39 0.079093
77 40 0.079093
77 41 0.079093
77 42 0.079093
77 43 0.079093
77 44 0.079094
77 45 0.079094
77 46 0.079094
77 47 0.079094
77 48 0.079094
77 49 0.079094
77 50 0.079094
77 51 0.079094
77 52 0.079094
77 53 0.079093
77 54 0.079093
77 55 0.079093
77 56 0.079093
77 57 0.079093
77 58 0.079093
77 59 0.079093
77 60 0.079093
77 61 0.079093
77 62 0.079093
77 63 0.079093
77 64 0.079093
77 65 0.079092
77 66 0.079092
77 67 0.079092
77 68 0.079092
77 69 0.079092
77 70 0.079091
77 71 0.079091
77 72 0.079091
77 73 0.079091
77 74 0.079091
77 75 0.079091
77 76 0.079092
77 77 0.079092
77 78 0.079092
77 79 0.079092
77 80 0.079092
77 81 0.079092
77 82 0.079092
77 83 0.079092
77 84 0.079092
77 85 0.079091
77 86 0.079091
77 87 0.079091
77 88 0.079091
77 89 0.079091
77 90 0.079091
77 91 0.079091
77 92 0.079091
77 93 0.079091
77 94 0.079091
77 95 0.079092
77 96 0.079091
77 97 0.079092
77 98 0.079090
77 99 0.079093

78 0 0.079093
78 1 0.079091
78 2 0.079093
78 3 0.079092
78 4 0.079092
78 5 0.079092
78 6 0.079092
78 7 0.079092
78 8 0.079092
78 9 0.079092
78 10 0.079092
78 11 0.079092
78 12 0.079092
78 13 0.079093
78 14 0.079093
78 15 0.079093
78 16 0.079093
78 17 0.079093
78 18 0.079093
78 19 0.079093
78 20 0.079093
78 21 0.079093
78 22 0.079093
78 23 0.079093
78 24 0.079093
78 25 0.079093
78 26 0.079093
78 27 0.079093
78 28 0.079093
78 29 0.079093
78 30 0.079093
78 31 0.079093
78 32 0.079093
78 33 0.079093
78 34 0.079093
78 35 0.079093
78 36 0.079093
78 37 0.079093
78 38 0.079093
78 39 0.079093
78 40 0.079093
78 41 0.079093
78 42 0.079093
78 43 0.079094
78 44 0.079094
78 45 0.079094
78 46 0.079094
78 47 0.079094
78 48 0.079094
78 49 0.079094
78 50 0.079094
78 51 0.079094
78 52 0.079093
78 53 0.079093
78 54 0.079093
78 55 0.079093
78 56 0.079093
78 57 0.079093
78 58 0.079093
78 59 0.079093
78 60 0.079093
78 61 0.079093
78 62 0.079093
78 63 0.079093
78 64 0.079093
78 65 0.079093
78 66 0.079092
78 67 0.079092
78 68 0.079092
78 69 0.079092
78 70 0.079092
78 71 0.079091
78 72 0.079091
78 73 0.079091
78 74 0.079091
78 75 0.079092
78 76 0.079092
78 77 0.079092
78 78 0.079092
78 79 0.079092
78 80 0.079092
78 81 0.079092
78 82 0.079091
78 83 0.079091
78 84 0.079091
78 85 0.079091
78 86 0.079091
78 87 0.079091
78 88 0.079091
78 89 0.079091
78 90 0.079091
78 91 0.079091
78 92 0.079091
78 93 0.079091
78 94 0.079091
78 95 0.079091
78 96 0.079090
78 97 0.079091
78 98 0.079090
78 99 0.079091

79 0 0.079092
79 1 0.079091
79 2 0.079092
79 3 0.079091
79 4 0.079092
79 5 0.079091
79 6 0.079092
79 7 0.079092
79 8 0.079092
79 9 0.079092
79 10 0.079092
79 11 0.079092
79 12 0.079092
79 13 0.079092
79 14 0.079092
79 15 0.079092
79 16 0.079092
79 17 0.079093
79 18 0.079093
79 19 0.079093
79 20 0.079093
79 21 0.079093
79 22 0.079093
79 23 0.079093
79 24 0.079093
79 25 0.079093
79 26 0.079093
79 27 0.079093
79 28 0.079093
79 29 0.079093
79 30 0.079093
79 31 0.079092
79 32 0.079092
79 33 0.079092
79 34 0.079092
79 35 0.079093
79 36 0.079093
79 37 0.079093
79 38 0.079093
79 39 0.079093
79 40 0.079093
79 41 0.079093
79 42 0.079093
79 43 0.079093
79 44 0.079094
79 45 0.079094
79 46 0.079094
79 47 0.079094
79 48 0.079094
79 49 0.079094
79 50 0.079093
79 51 0.079093
79 52 0.079093
79 53 0.079093
79 54 0.079093
79 55 0.079093
79 56 0.079093
79 57 0.079093
79 58 0.079093
79 59 0.079093
79 60 0.079093
79 61 0.079093
79 62 0.079093
79 63 0.079093
79 64 0.079093
79 65 0.079093
79 66 0.079092
79 67 0.079092
79 68 0.079092
79 69 0.079092
79 70 0.079092
79 71 0.079092
79 72 0.079091
79 73 0.079091
79 74 0.079091
79 75 0.079091
79 76 0.079092
79 77 0.079092
79 78 0.079091
79 79 0.079091
79 80 0.079091
79 81 0.079091
79 82 0.079091
79 83 0.079091
79 84 0.079091
79 85 0.079091
79 86 0.079091
79 87 0.079091
79 88 0.079091
79 89 0.079091
79 90 0.079090
79 91 0.079091
79 92 0.079090
79 93 0.079091
79 94 0.079090
79 95 0.079090
79 96 0.079090
79 97 0.079090
79 98 0.079089
79 99 0.079090

80 0 0.079090
80 1 0.079090
80 2 0.079091
80 3 0.079091
80 4 0.079091
80 5 0.079091
80 6 0.079091
80 7 0.079091
80 8 0.079092
80 9 0.079091
80 10 0.079092
80 11 0.079092
80 12 0.079092
80 13 0.079092
80 14 0.079092
80 15 0.079092
80 16 0.079092
80 17 0.079092
80 18 0.079092
80 19 0.079093
80 20 0.079093
80 21 0.079093
80 22 0.079093
80 23 0.079093
80 24 0.079093
80 25 0.079093
80 26 0.079092
80 27 0.079092
80 28 0.079092
80 29 0.079092
80 30 0.079092
80 31 0.079092
80 32 0.079092
80 33 0.079092
80 34 0.079092
80 35 0.079092
80 36 0.079092
80 37 0.079093
80 38 0.079093
80 39 0.079093
80 40 0.079093
80 41 0.079093
80 42 0.079093
80 43 0.079093
80 44 0.079094
80 45 0.079094
80 46 0.079094
80 47 0.079094
80 48 0.079094
80 49 0.079093
80 50 0.079093
80 51 0.079093
80 52 0.079093
80 53 0.079093
80 54 0.079093
80 55 0.079093
80 56 0.079093
80 57 0.079094
80 58 0.079094
80 59 0.079094
80 60 0.079094
80 61 0.079093
80 62 0.079093
80 63 0.079093
80 64 0.079093
80 65 0.079093
80 66 0.079093
80 67 0.079092
80 68 0.079092
80 69 0.079092
80 70 0.079092
80 71 0.079092
80 72 0.079091
80 73 0.079091
80 74 0.079091
80 75 0.079091
80 76 0.079091
80 77 0.079091
80 78 0.079091
80 79 0.079091
80 80 0.079091
80 81 0.079091
80 82 0.079091
80 83 0.079091
80 84 0.079091
80 85 0.079091
80 86 0.079091
80 87 0.079090
80 88 0.079090
80 89 0.079090
80 90 0.079090
80 91 0.079090
80 92 0.079090
80 93 0.079090
80 94 0.079090
80 95 0.079090
80 96 0.079089
80 97 0.079090
80 98 0.079089
80 99 0.079088

81 0 0.079088
81 1 0.079090
81 2 0.079090
81 3 0.079090
81 4 0.079091
81 5 0.079090
81 6 0.079091
81 7 0.079091
81 8 0.079091
81 9 0.079091
81 10 0.079091
81 11 0.079091
81 12 0.079092
81 13 0.079092
81 14 0.079092
81 15 0.079092
81 16 0.079092
81 17 0.079092
81 18 0.079092
81 19 0.079092
81 20 0.079092
81 21 0.079092
81 22 0.079092
81 23 0.079092
81 24 0.079092
81 25 0.079092
81 26 0.079092
81 27 0.079092
81 28 0.079092
81 29 0.079092
81 30 0.079092
81 31 0.079092
81 32 0.079092
81 33 0.079092
81 34 0.079092
81 35 0.079092
81 36 0.079092
81 37 0.079092
81 38 0.079093
81 39 0.079093
81 40 0.079093
81 41 0.079093
81 42 0.079093
81 43 0.079093
81 44 0.079093
81 45 0.079093
81 46 0.079093
81 47 0.079093
81 48 0.079093
81 49 0.079093
81 50 0.079093
81 51 0.079093
81 52 0.079093
81 53 0.079093
81 54 0.079093
81 55 0.079093
81 56 0.079093
81 57 0.079094
81 58 0.079094
81 59 0.079094
81 60 0.079094
81 61 0.079093
81 62 0.079093
81 63 0.079093
81 64 0.079093
81 65 0.079093
81 66 0.079093
81 67 0.079092
81 68 0.079092
81 69 0.079092
81 70 0.079092
81 71 0.079091
81 72 0.079091
81 73 0.079091
81 74 0.079091
81 75 0.079091
81 76 0.079091
81 77 0.079091
81 78 0.079091
81 79 0.079091
81 80 0.079091
81 81 0.079091
81 82 0.079091
81 83 0.079091
81 84 0.079090
81 85 0.079090
81 86 0.079090
81 87 0.079090
81 88 0.079090
81 89 0.079090
81 90 0.079090
81 91 0.079090
81 92 0.079089
81 93 0.079090
81 94 0.079089
81 95 0.079089
81 96 0.079089
81 97 0.079089
81 98 0.079089
81 99 0.079087

82 0 0.079087
82 1 0.079089
82 2 0.079089
82 3 0.079089
82 4 0.079090
82 5 0.079090
82 6 0.079091
82 7 0.079090
82 8 0.079091
82 9 0.079091
82 10 0.079091
82 11 0.079091
82 12 0.079091
82 13 0.079091
82 14 0.079091
82 15 0.079092
82 16 0.079092
82 17 0.079092
82 18 0.079092
82 19 0.079092
82 20 0.079092
82 21 0.079092
82 22 0.079092
82 23 0.079092
82 24 0.079092
82 25 0.079092
82 26 0.079092
82 27 0.079092
82 28 0.079091
82 29 0.079091
82 30 0.079091
82 31 0.079091
82 32 0.079091
82 33 0.079092
82 34 0.079092
82 35 0.079092
82 36 0.079092
82 37 0.079092
82 38 0.079093
82 39 0.079093
82 40 0.079093
82 41 0.079093
82 42 0.079093
82 43 0.079093
82 44 0.079093
82 45 0.079093
82 46 0.079093
82 47 0.079093
82 48 0.079093
82 49 0.079093
82 50 0.079093
82 51 0.079093
82 52 0.079093
82 53 0.079093
82 54 0.079093
82 55 0.079093
82 56 0.079094
82 57 0.079094
82 58 0.079094
82 59 0.079094
82 60 0.079094
82 61 0.079094
82 62 0.079093
82 63 0.079093
82 64 0.079093
82 65 0.079093
82 66 0.079093
82 67 0.079092
82 68 0.079092
82 69 0.079092
82 70 0.079092
82 71 0.079091
82 72 0.079091
82 73 0.079091
82 74 0.079091
82 75 0.079091
82 76 0.079091
82 77 0.079092
82 78 0.079091
82 79 0.079091
82 80 0.079091
82 81 0.079091
82 82 0.079091
82 83 0.079091
82 84 0.079091
82 85 0.079090
82 86 0.079090
82 87 0.079090
82 88 0.079090
82 89 0.079090
82 90 0.079090
82 91 0.079090
82 92 0.079089
82 93 0.079090
82 94 0.079089
82 95 0.079089
82 96 0.079089
82 97 0.079088
82 98 0.079089
82 99 0.079086

83 0 0.079085
83 1 0.079089
83 2 0.079089
83 3 0.079089
83 4 0.079090
83 5 0.079090
83 6 0.079091
83 7 0.079090
83 8 0.079091
83 9 0.079091
83 10 0.079091
83 11 0.079091
83 12 0.079091
83 13 0.079091
83 14 0.079092
83 15 0.079092
83 16 0.079092
83 17 0.079092
83 18 0.079092
83 19 0.079092
83 20 0.079092
83 21 0.079092
83 22 0.079092
83 23 0.079092
83 24 0.079092
83 25 0.079091
83 26 0.079091
83 27 0.079091
83 28 0.079091
83 29 0.079091
83 30 0.079091
83 31 0.079091
83 32 0.079091
83 33 0.079091
83 34 0.079092
83 35 0.079092
83 36 0.079092
83 37 0.079092
83 38 0.079093
83 39 0.079093
83 40 0.079093
83 41 0.079093
83 42 0.079093
83 43 0.079093
83 44 0.079093
83 45 0.079093
83 46 0.079093
83 47 0.079093
83 48 0.079093
83 49 0.079093
83 50 0.079093
83 51 0.079093
83 52 0.079093
83 53 0.079093
83 54 0.079093
83 55 0.079093
83 56 0.079094
83 57 0.079094
83 58 0.079094
83 59 0.079094
83 60 0.079094
83 61 0.079094
83 62 0.079093
83 63 0.079093
83 64 0.079093
83 65 0.079093
83 66 0.079093
83 67 0.079092
83 68 0.079092
83 69 0.079092
83 70 0.079092
83 71 0.079092
83 72 0.079092
83 73 0.079092
83 74 0.079091
83 75 0.079091
83 76 0.079091
83 77 0.079091
83 78 0.079091
83 79 0.079091
83 80 0.079091
83 81 0.079091
83 82 0.079091
83 83 0.079090
83 84 0.079090
83 85 0.079090
83 86 0.079090
83 87 0.079090
83 88 0.079090
83 89 0.079090
83 90 0.079089
83 91 0.079090
83 92 0.079089
83 93 0.079089
83 94 0.079089
83 95 0.079089
83 96 0.079088
83 97 0.079088
83 98 0.079089
83 99 0.079085

84 0 0.079084
84 1 0.079089
84 2 0.079088
84 3 0.079089
84 4 0.079089
84 5 0.079089
84 6 0.079090
84 7 0.079090
84 8 0.079091
84 9 0.079090
84 10 0.079091
84 11 0.079091
84 12 0.079091
84 13 0.079091
84 14 0.079091
84 15 0.079091
84 16 0.079092
84 17 0.079092
84 18 0.079092
84 19 0.079092
84 20 0.079092
84 21 0.079092
84 22 0.079091
84 23 0.079091
84 24 0.079091
84 25 0.079091
84 26 0.079091
84 27 0.079091
84 28 0.079091
84 29 0.079091
84 30 0.079091
84 31 0.079091
84 32 0.079091
84 33 0.079091
84 34 0.079092
84 35 0.079092
84 36 0.079092
84 37 0.079092
84 38 0.079093
84 39 0.079093
84 40 0.079093
84 41 0.079093
84 42 0.079093
84 43 0.079093
84 44 0.079093
84 45 0.079093
84 46 0.079093
84 47 0.079093
84 48 0.079093
84 49 0.079093
84 50 0.079093
84 51 0.079093
84 52 0.079093
84 53 0.079093
84 54 0.079093
84 55 0.079093
84 56 0.079094
84 57 0.079094
84 58 0.079094
84 59 0.079094
84 60 0.079094
84 61 0.079094
84 62 0.079093
84 63 0.079093
84 64 0.079093
84 65 0.079093
84 66 0.079093
84 67 0.079092
84 68 0.079092
84 69 0.079092
84 70 0.079092
84 71 0.079092
84 72 0.079091
84 73 0.079091
84 74 0.079091
84 75 0.079091
84 76 0.079091
84 77 0.079091
84 78 0.079091
84 79 0.079091
84 80 0.079091
84 81 0.079091
84 82 0.079090
84 83 0.079090
84 84 0.079090
84 85 0.079090
84 86 0.079090
84 87 0.079090
84 88 0.079089
84 89 0.079090
84 90 0.079089
84 91 0.079089
84 92 0.079089
84 93 0.079089
84 94 0.079088
84 95 0.079088
84 96 0.079088
84 97 0.079087
84 98 0.079089
84 99 0.079084

85 0 0.079083
85 1 0.079089
85 2 0.079087
85 3 0.079088
85 4 0.079089
85 5 0.079089
85 6 0.079090
85 7 0.079090
85 8 0.079090
85 9 0.079090
85 10 0.079090
85 11 0.079090
85 12 0.079091
85 13 0.079091
85 14 0.079091
85 15 0.079091
85 16 0.079091
85 17 0.079091
85 18 0.079091
85 19 0.079091
85 20 0.079091
85 21 0.079091
85 22 0.079091
85 23 0.079091
85 24 0.079091
85 25 0.079091
85 26 0.079090
85 27 0.079090
85 28 0.079090
85 29 0.079090
85 30 0.079090
85 31 0.079091
85 32 0.079091
85 33 0.079091
85 34 0.079091
85 35 0.079092
85 36 0.079092
85 37 0.079092
85 38 0.079092
85 39 0.079093
85 40 0.079093
85 41 0.079093
85 42 0.079093
85 43 0.079093
85 44 0.079093
85 45 0.079093
85 46 0.079093
85 47 0.079093
85 48 0.079093
85 49 0.079093
85 50 0.079093
85 51 0.079093
85 52 0.079093
85 53 0.079093
85 54 0.079093
85 55 0.079094
85 56 0.079094
85 57 0.079094
85 58 0.079094
85 59 0.079094
85 60 0.079094
85 61 0.079094
85 62 0.079094
85 63 0.079093
85 64 0.079093
85 65 0.079093
85 66 0.079092
85 67 0.079092
85 68 0.079092
85 69 0.079092
85 70 0.079091
85 71 0.079091
85 72 0.079091
85 73 0.079091
85 74 0.079091
85 75 0.079091
85 76 0.079091
85 77 0.079091
85 78 0.079091
85 79 0.079091
85 80 0.079090
85 81 0.079090
85 82 0.079090
85 83 0.079090
85 84 0.079090
85 85 0.079090
85 86 0.079089
85 87 0.079089
85 88 0.079089
85 89 0.079089
85 90 0.079089
85 91 0.079089
85 92 0.079088
85 93 0.079089
85 94 0.079088
85 95 0.079088
85 96 0.079088
85 97 0.079087
85 98 0.079089
85 99 0.079084

86 0 0.079082
86 1 0.079088
86 2 0.079087
86 3 0.079088
86 4 0.079089
86 5 0.079089
86 6 0.079089
86 7 0.079089
86 8 0.079090
86 9 0.079090
86 10 0.079090
86 11 0.079090
86 12 0.079090
86 13 0.079090
86 14 0.079091
86 15 0.079091
86 16 0.079091
86 17 0.079091
86 18 0.079091
86 19 0.079091
86 20 0.079091
86 21 0.079091
86 22 0.079090
86 23 0.079090
86 24 0.079090
86 25 0.079090
86 26 0.079090
86 27 0.079090
86 28 0.079090
86 29 0.079090
86 30 0.079090
86 31 0.079090
86 32 0.079091
86 33 0.079091
86 34 0.079091
86 35 0.079091
86 36 0.079092
86 37 0.079092
86 38 0.079092
86 39 0.079093
86 40 0.079093
86 41 0.079093
86 42 0.079093
86 43 0.079093
86 44 0.079093
86 45 0.079093
86 46 0.079093
86 47 0.079093
86 48 0.079093
86 49 0.079093
86 50 0.079093
86 51 0.079093
86 52 0.079093
86 53 0.079093
86 54 0.079093
86 55 0.079093
86 56 0.079094
86 57 0.079094
86 58 0.079094
86 59 0.079094
86 60 0.079094
86 61 0.079094
86 62 0.079093
86 63 0.079093
86 64 0.079093
86 65 0.079093
86 66 0.079092
86 67 0.079092
86 68 0.079092
86 69 0.079091
86 70 0.079091
86 71 0.079091
86 72 0.079091
86 73 0.079091
86 74 0.079091
86 75 0.079091
86 76 0.079091
86 77 0.079090
86 78 0.079090
86 79 0.079090
86 80 0.079090
86 81 0.079090
86 82 0.079090
86 83 0.079090
86 84 0.079089
86 85 0.079089
86 86 0.079089
86 87 0.079089
86 88 0.079089
86 89 0.079089
86 90 0.079088
86 91 0.079089
86 92 0.079088
86 93 0.079088
86 94 0.079088
86 95 0.079088
86 96 0.079087
86 97 0.079087
86 98 0.079088
86 99 0.079083

87 0 0.079082
87 1 0.079088
87 2 0.079086
87 3 0.079087
87 4 0.079088
87 5 0.079088
87 6 0.079089
87 7 0.079089
87 8 0.079089
87 9 0.079089
87 10 0.079090
87 11 0.079090
87 12 0.079090
87 13 0.079090
87 14 0.079090
87 15 0.079091
87 16 0.079091
87 17 0.079091
87 18 0.079091
87 19 0.079091
87 20 0.079090
87 21 0.079090
87 22 0.079090
87 23 0.079090
87 24 0.079090
87 25 0.079090
87 26 0.079090
87 27 0.079090
87 28 0.079090
87 29 0.079090
87 30 0.079090
87 31 0.079090
87 32 0.079090
87 33 0.079091
87 34 0.079091
87 35 0.079091
87 36 0.079092
87 37 0.079092
87 38 0.079092
87 39 0.079093
87 40 0.079093
87 41 0.079093
87 42 0.079093
87 43 0.079093
87 44 0.079093
87 45 0.079093
87 46 0.079093
87 47 0.079093
87 48 0.079093
87 49 0.079093
87 50 0.079093
87 51 0.079093
87 52 0.079093
87 53 0.079093
87 54 0.079093
87 55 0.079094
87 56 0.079094
87 57 0.079094
87 58 0.079094
87 59 0.079094
87 60 0.079094
87 61 0.079094
87 62 0.079093
87 63 0.079093
87 64 0.079093
87 65 0.079093
87 66 0.079092
87 67 0.079092
87 68 0.079092
87 69 0.079091
87 70 0.079091
87 71 0.079091
87 72 0.079091
87 73 0.079091
87 74 0.079090
87 75 0.079090
87 76 0.079090
87 77 0.079090
87 78 0.079090
87 79 0.079090
87 80 0.079090
87 81 0.079090
87 82 0.079090
87 83 0.079089
87 84 0.079089
87 85 0.079089
87 86 0.079089
87 87 0.079089
87 88 0.079089
87 89 0.079089
87 90 0.079088
87 91 0.079088
87 92 0.079088
87 93 0.079088
87 94 0.079087
87 95 0.079087
87 96 0.079087
87 97 0.079086
87 98 0.079088
87 99 0.079083

88 0 0.079081
88 1 0.079087
88 2 0.079086
88 3 0.079087
88 4 0.079088
88 5 0.079088
88 6 0.079089
88 7 0.079088
88 8 0.079089
88 9 0.079089
88 10 0.079089
88 11 0.079089
88 12 0.079090
88 13 0.079090
88 14 0.079090
88 15 0.079090
88 16 0.079090
88 17 0.079090
88 18 0.079090
88 19 0.079090
88 20 0.079090
88 21 0.079090
88 22 0.079090
88 23 0.079089
88 24 0.079089
88 25 0.079089
88 26 0.079089
88 27 0.079089
88 28 0.079089
88 29 0.079089
88 30 0.079089
88 31 0.079090
88 32 0.079090
88 33 0.079090
88 34 0.079091
88 35 0.079091
88 36 0.079091
88 37 0.079092
88 38 0.079092
88 39 0.079092
88 40 0.079093
88 41 0.079093
88 42 0.079093
88 43 0.079093
88 44 0.079093
88 45 0.079093
88 46 0.079093
88 47 0.079093
88 48 0.079093
88 49 0.079093
88 50 0.079093
88 51 0.079093
88 52 0.079093
88 53 0.079093
88 54 0.079093
88 55 0.079093
88 56 0.079093
88 57 0.079093
88 58 0.079093
88 59 0.079093
88 60 0.079093
88 61 0.079093
88 62 0.079093
88 63 0.079093
88 64 0.079092
88 65 0.079092
88 66 0.079092
88 67 0.079091
88 68 0.079091
88 69 0.079091
88 70 0.079091
88 71 0.079090
88 72 0.079090
88 73 0.079090
88 74 0.079090
88 75 0.079090
88 76 0.079090
88 77 0.079090
88 78 0.079090
88 79 0.079090
88 80 0.079090
88 81 0.079090
88 82 0.079089
88 83 0.079089
88 84 0.079089
88 85 0.079089
88 86 0.079089
88 87 0.079089
88 88 0.079089
88 89 0.079089
88 90 0.079088
88 91 0.079088
88 92 0.079088
88 93 0.079088
88 94 0.079087
88 95 0.079087
88 96 0.079087
88 97 0.079086
88 98 0.079089
88 99 0.079082

89 0 0.079081
89 1 0.079087
89 2 0.079085
89 3 0.079087
89 4 0.079087
89 5 0.079087
89 6 0.079088
89 7 0.079088
89 8 0.079089
89 9 0.079089
89 10 0.079089
89 11 0.079089
89 12 0.079090
89 13 0.079090
89 14 0.079090
89 15 0.079090
89 16 0.079090
89 17 0.079090
89 18 0.079090
89 19 0.079090
89 20 0.079090
89 21 0.079090
89 22 0.079089
89 23 0.079089
89 24 0.079089
89 25 0.079089
89 26 0.079089
89 27 0.079089
89 28 0.079089
89 29 0.079089
89 30 0.079090
89 31 0.079090
89 32 0.079090
89 33 0.079090
89 34 0.079091
89 35 0.079091
89 36 0.079092
89 37 0.079092
89 38 0.079092
89 39 0.079092
89 40 0.079093
89 41 0.079093
89 42 0.079093
89 43 0.079093
89 44 0.079093
89 45 0.079093
89 46 0.079093
89 47 0.079093
89 48 0.079093
89 49 0.079093
89 50 0.079093
89 51 0.079093
89 52 0.079093
89 53 0.079093
89 54 0.079093
89 55 0.079094
89 56 0.079094
89 57 0.079094
89 58 0.079094
89 59 0.079094
89 60 0.079094
89 61 0.079093
89 62 0.079093
89 63 0.079093
89 64 0.079092
89 65 0.079092
89 66 0.079092
89 67 0.079091
89 68 0.079091
89 69 0.079091
89 70 0.079090
89 71 0.079090
89 72 0.079090
89 73 0.079090
89 74 0.079090
89 75 0.079090
89 76 0.079090
89 77 0.079090
89 78 0.079090
89 79 0.079090
89 80 0.079090
89 81 0.079090
89 82 0.079089
89 83 0.079089
89 84 0.079089
89 85 0.079089
89 86 0.079089
89 87 0.079089
89 88 0.079088
89 89 0.079088
89 90 0.079088
89 91 0.079088
89 92 0.079087
89 93 0.079088
89 94 0.079087
89 95 0.079087
89 96 0.079087
89 97 0.079086
89 98 0.079088
89 99 0.079082

90 0 0.079080
90 1 0.079087
90 2 0.079085
90 3 0.079086
90 4 0.079087
90 5 0.079087
90 6 0.079088
90 7 0.079088
90 8 0.079088
90 9 0.079088
90 10 0.079089
90 11 0.079089
90 12 0.079089
90 13 0.079089
90 14 0.079089
90 15 0.079089
90 16 0.079089
90 17 0.079089
90 18 0.079089
90 19 0.079089
90 20 0.079089
90 21 0.079089
90 22 0.079089
90 23 0.079088
90 24 0.079088
90 25 0.079088
90 26 0.079088
90 27 0.079088
90 28 0.079089
90 29 0.079089
90 30 0.079089
90 31 0.079089
90 32 0.079090
90 33 0.079090
90 34 0.079090
90 35 0.079091
90 36 0.079091
90 37 0.079091
90 38 0.079092
90 39 0.079092
90 40 0.079092
90 41 0.079092
90 42 0.079092
90 43 0.079093
90 44 0.079093
90 45 0.079093
90 46 0.079093
90 47 0.079093
90 48 0.079093
90 49 0.079093
90 50 0.079093
90 51 0.079093
90 52 0.079093
90 53 0.079093
90 54 0.079093
90 55 0.079093
90 56 0.079093
90 57 0.079093
90 58 0.079093
90 59 0.079093
90 60 0.079093
90 61 0.079092
90 62 0.079092
90 63 0.079092
90 64 0.079092
90 65 0.079091
90 66 0.079091
90 67 0.079090
90 68 0.079090
90 69 0.079090
90 70 0.079090
90 71 0.079090
90 72 0.079089
90 73 0.079089
90 74 0.079089
90 75 0.079089
90 76 0.079089
90 77 0.079089
90 78 0.079089
90 79 0.079089
90 80 0.079089
90 81 0.079089
90 82 0.079089
90 83 0.079088
90 84 0.079088
90 85 0.079088
90 86 0.079088
90 87 0.079088
90 88 0.079088
90 89 0.079088
90 90 0.079087
90 91 0.079087
90 92 0.079087
90 93 0.079087
90 94 0.079087
90 95 0.079087
90 96 0.079087
90 97 0.079085
90 98 0.079088
90 99 0.079082

91 0 0.079080
91 1 0.079087
91 2 0.079084
91 3 0.079086
91 4 0.079086
91 5 0.079086
91 6 0.079087
91 7 0.079087
91 8 0.079088
91 9 0.079088
91 10 0.079088
91 11 0.079089
91 12 0.079089
91 13 0.079089
91 14 0.079089
91 15 0.079089
91 16 0.079089
91 17 0.079089
91 18 0.079089
91 19 0.079089
91 20 0.079089
91 21 0.079089
91 22 0.079089
91 23 0.079089
91 24 0.079089
91 25 0.079089
91 26 0.079089
91 27 0.079089
91 28 0.079089
91 29 0.079089
91 30 0.079089
91 31 0.079089
91 32 0.079090
91 33 0.079090
91 34 0.079090
91 35 0.079091
91 36 0.079091
91 37 0.079091
91 38 0.079092
91 39 0.079092
91 40 0.079092
91 41 0.079092
91 42 0.079092
91 43 0.079092
91 44 0.079093
91 45 0.079093
91 46 0.079093
91 47 0.079093
91 48 0.079093
91 49 0.079093
91 50 0.079093
91 51 0.079093
91 52 0.079093
91 53 0.079093
91 54 0.079093
91 55 0.079093
91 56 0.079093
91 57 0.079093
91 58 0.079093
91 59 0.079093
91 60 0.079093
91 61 0.079093
91 62 0.079093
91 63 0.079092
91 64 0.079092
91 65 0.079091
91 66 0.079091
91 67 0.079091
91 68 0.079090
91 69 0.079090
91 70 0.079090
91 71 0.079090
91 72 0.079090
91 73 0.079090
91 74 0.079089
91 75 0.079089
91 76 0.079089
91 77 0.079089
91 78 0.079089
91 79 0.079089
91 80 0.079089
91 81 0.079089
91 82 0.079089
91 83 0.079088
91 84 0.079088
91 85 0.079088
91 86 0.079088
91 87 0.079088
91 88 0.079088
91 89 0.079088
91 90 0.079087
91 91 0.079087
91 92 0.079087
91 93 0.079087
91 94 0.079086
91 95 0.079086
91 96 0.079086
91 97 0.079085
91 98 0.079088
91 99 0.079082

92 0 0.079079
92 1 0.079086
92 2 0.079084
92 3 0.079085
92 4 0.079086
92 5 0.079086
92 6 0.079087
92 7 0.079087
92 8 0.079087
92 9 0.079087
92 10 0.079088
92 11 0.079088
92 12 0.079088
92 13 0.079088
92 14 0.079088
92 15 0.079088
92 16 0.079088
92 17 0.079088
92 18 0.079088
92 19 0.079088
92 20 0.079088
92 21 0.079088
92 22 0.079088
92 23 0.079088
92 24 0.079088
92 25 0.079088
92 26 0.079088
92 27 0.079088
92 28 0.079088
92 29 0.079088
92 30 0.079088
92 31 0.079089
92 32 0.079089
92 33 0.079089
92 34 0.079090
92 35 0.079090
92 36 0.079090
92 37 0.079091
92 38 0.079091
92 39 0.079091
92 40 0.079091
92 41 0.079092
92 42 0.079092
92 43 0.079092
92 44 0.079092
92 45 0.079092
92 46 0.079092
92 47 0.079092
92 48 0.079092
92 49 0.079092
92 50 0.079092
92 51 0.079092
92 52 0.079092
92 53 0.079092
92 54 0.079092
92 55 0.079092
92 56 0.079092
92 57 0.079092
92 58 0.079092
92 59 0.079092
92 60 0.079092
92 61 0.079092
92 62 0.079091
92 63 0.079091
92 64 0.079091
92 65 0.079090
92 66 0.079090
92 67 0.079090
92 68 0.079089
92 69 0.079089
92 70 0.079089
92 71 0.079089
92 72 0.079089
92 73 0.079088
92 74 0.079088
92 75 0.079088
92 76 0.079088
92 77 0.079088
92 78 0.079088
92 79 0.079088
92 80 0.079088
92 81 0.079088
92 82 0.079087
92 83 0.079087
92 84 0.079087
92 85 0.079087
92 86 0.079087
92 87 0.079087
92 88 0.079087
92 89 0.079087
92 90 0.079086
92 91 0.079087
92 92 0.079086
92 93 0.079086
92 94 0.079086
92 95 0.079086
92 96 0.079086
92 97 0.079085
92 98 0.079087
92 99 0.079081

93 0 0.079079
93 1 0.079086
93 2 0.079083
93 3 0.079085
93 4 0.079085
93 5 0.079086
93 6 0.079086
93 7 0.079086
93 8 0.079087
93 9 0.079087
93 10 0.079088
93 11 0.079088
93 12 0.079088
93 13 0.079088
93 14 0.079088
93 15 0.079088
93 16 0.079088
93 17 0.079088
93 18 0.079088
93 19 0.079088
93 20 0.079088
93 21 0.079088
93 22 0.079088
93 23 0.079088
93 24 0.079088
93 25 0.079088
93 26 0.079088
93 27 0.079088
93 28 0.079088
93 29 0.079089
93 30 0.079089
93 31 0.079089
93 32 0.079089
93 33 0.079090
93 34 0.079090
93 35 0.079090
93 36 0.079091
93 37 0.079091
93 38 0.079091
93 39 0.079091
93 40 0.079091
93 41 0.079092
93 42 0.079092
93 43 0.079092
93 44 0.079092
93 45 0.079092
93 46 0.079092
93 47 0.079092
93 48 0.079092
93 49 0.079092
93 50 0.079092
93 51 0.079092
93 52 0.079092
93 53 0.079093
93 54 0.079093
93 55 0.079093
93 56 0.079093
93 57 0.079093
93 58 0.079093
93 59 0.079093
93 60 0.079093
93 61 0.079092
93 62 0.079092
93 63 0.079092
93 64 0.079091
93 65 0.079091
93 66 0.079090
93 67 0.079090
93 68 0.079090
93 69 0.079090
93 70 0.079089
93 71 0.079089
93 72 0.079089
93 73 0.079089
93 74 0.079089
93 75 0.079089
93 76 0.079089
93 77 0.079088
93 78 0.079088
93 79 0.079088
93 80 0.079088
93 81 0.079088
93 82 0.079088
93 83 0.079088
93 84 0.079087
93 85 0.079087
93 86 0.079087
93 87 0.079087
93 88 0.079087
93 89 0.079087
93 90 0.079086
93 91 0.079087
93 92 0.079086
93 93 0.079086
93 94 0.079086
93 95 0.079086
93 96 0.079086
93 97 0.079084
93 98 0.079087
93 99 0.079081

94 0 0.079079
94 1 0.079085
94 2 0.079083
94 3 0.079085
94 4 0.079085
94 5 0.079085
94 6 0.079086
94 7 0.079086
94 8 0.079087
94 9 0.079087
94 10 0.079087
94 11 0.079087
94 12 0.079087
94 13 0.079087
94 14 0.079087
94 15 0.079087
94 16 0.079087
94 17 0.079087
94 18 0.079087
94 19 0.079087
94 20 0.079087
94 21 0.079087
94 22 0.079087
94 23 0.079087
94 24 0.079087
94 25 0.079087
94 26 0.079087
94 27 0.079088
94 28 0.079088
94 29 0.079088
94 30 0.079088
94 31 0.079089
94 32 0.079089
94 33 0.079089
94 34 0.079089
94 35 0.079090
94 36 0.079090
94 37 0.079090
94 38 0.079090
94 39 0.079091
94 40 0.079091
94 41 0.079091
94 42 0.079091
94 43 0.079091
94 44 0.079091
94 45 0.079091
94 46 0.079091
94 47 0.079092
94 48 0.079092
94 49 0.079092
94 50 0.079092
94 51 0.079092
94 52 0.079092
94 53 0.079092
94 54 0.079092
94 55 0.079092
94 56 0.079092
94 57 0.079091
94 58 0.079091
94 59 0.079091
94 60 0.079091
94 61 0.079091
94 62 0.079091
94 63 0.079090
94 64 0.079090
94 65 0.079090
94 66 0.079089
94 67 0.079089
94 68 0.079089
94 69 0.079088
94 70 0.079088
94 71 0.079088
94 72 0.079088
94 73 0.079088
94 74 0.079088
94 75 0.079087
94 76 0.079087
94 77 0.079087
94 78 0.079087
94 79 0.079087
94 80 0.079087
94 81 0.079087
94 82 0.079087
94 83 0.079087
94 84 0.079087
94 85 0.079087
94 86 0.079087
94 87 0.079087
94 88 0.079086
94 89 0.079086
94 90 0.079086
94 91 0.079086
94 92 0.079086
94 93 0.079086
94 94 0.079086
94 95 0.079085
94 96 0.079086
94 97 0.079084
94 98 0.079087
94 99 0.079081

95 0 0.079079
95 1 0.079085
95 2 0.079083
95 3 0.079084
95 4 0.079084
95 5 0.079085
95 6 0.079086
95 7 0.079086
95 8 0.079086
95 9 0.079086
95 10 0.079087
95 11 0.079087
95 12 0.079087
95 13 0.079087
95 14 0.079088
95 15 0.079088
95 16 0.079088
95 17 0.079088
95 18 0.079088
95 19 0.079088
95 20 0.079088
95 21 0.079088
95 22 0.079088
95 23 0.079088
95 24 0.079088
95 25 0.079088
95 26 0.079088
95 27 0.079088
95 28 0.079088
95 29 0.079088
95 30 0.079089
95 31 0.079089
95 32 0.079089
95 33 0.079089
95 34 0.079090
95 35 0.079090
95 36 0.079090
95 37 0.079090
95 38 0.079090
95 39 0.079091
95 40 0.079091
95 41 0.079091
95 42 0.079091
95 43 0.079091
95 44 0.079091
95 45 0.079091
95 46 0.079091
95 47 0.079091
95 48 0.079092
95 49 0.079092
95 50 0.079092
95 51 0.079092
95 52 0.079092
95 53 0.079092
95 54 0.079092
95 55 0.079092
95 56 0.079092
95 57 0.079092
95 58 0.079092
95 59 0.079092
95 60 0.079092
95 61 0.079091
95 62 0.079091
95 63 0.079091
95 64 0.079091
95 65 0.079090
95 66 0.079090
95 67 0.079090
95 68 0.079089
95 69 0.079089
95 70 0.079089
95 71 0.079089
95 72 0.079088
95 73 0.079088
95 74 0.079088
95 75 0.079088
95 76 0.079088
95 77 0.079088
95 78 0.079088
95 79 0.079087
95 80 0.079087
95 81 0.079087
95 82 0.079087
95 83 0.079087
95 84 0.079087
95 85 0.079087
95 86 0.079087
95 87 0.079087
95 88 0.079086
95 89 0.079086
95 90 0.079086
95 91 0.079086
95 92 0.079086
95 93 0.079086
95 94 0.079085
95 95 0.079085
95 96 0.079085
95 97 0.079084
95 98 0.079087
95 99 0.079081

96 0 0.079078
96 1 0.079085
96 2 0.079083
96 3 0.079085
96 4 0.079085
96 5 0.079085
96 6 0.079086
96 7 0.079086
96 8 0.079087
96 9 0.079087
96 10 0.079087
96 11 0.079087
96 12 0.079087
96 13 0.079088
96 14 0.079088
96 15 0.079088
96 16 0.079088
96 17 0.079088
96 18 0.079087
96 19 0.079087
96 20 0.079087
96 21 0.079087
96 22 0.079087
96 23 0.079087
96 24 0.079087
96 25 0.079087
96 26 0.079087
96 27 0.079087
96 28 0.079088
96 29 0.079088
96 30 0.079088
96 31 0.079088
96 32 0.079089
96 33 0.079089
96 34 0.079089
96 35 0.079090
96 36 0.079090
96 37 0.079090
96 38 0.079090
96 39 0.079091
96 40 0.079091
96 41 0.079091
96 42 0.079091
96 43 0.079091
96 44 0.079091
96 45 0.079091
96 46 0.079091
96 47 0.079091
96 48 0.079091
96 49 0.079091
96 50 0.079091
96 51 0.079091
96 52 0.079091
96 53 0.079091
96 54 0.079091
96 55 0.079091
96 56 0.079091
96 57 0.079091
96 58 0.079091
96 59 0.079091
96 60 0.079091
96 61 0.079091
96 62 0.079091
96 63 0.079090
96 64 0.079090
96 65 0.079090
96 66 0.079089
96 67 0.079089
96 68 0.079088
96 69 0.079088
96 70 0.079088
96 71 0.079087
96 72 0.079087
96 73 0.079087
96 74 0.079087
96 75 0.079087
96 76 0.079087
96 77 0.079086
96 78 0.079086
96 79 0.079086
96 80 0.079086
96 81 0.079086
96 82 0.079086
96 83 0.079086
96 84 0.079086
96 85 0.079086
96 86 0.079086
96 87 0.079086
96 88 0.079086
96 89 0.079086
96 90 0.079086
96 91 0.079086
96 92 0.079086
96 93 0.079086
96 94 0.079086
96 95 0.079085
96 96 0.079086
96 97 0.079084
96 98 0.079087
96 99 0.079080

97 0 0.079079
97 1 0.079083
97 2 0.079081
97 3 0.079083
97 4 0.079083
97 5 0.079083
97 6 0.079084
97 7 0.079084
97 8 0.079085
97 9 0.079085
97 10 0.079086
97 11 0.079086
97 12 0.079086
97 13 0.079086
97 14 0.079086
97 15 0.079087
97 16 0.079087
97 17 0.079087
97 18 0.079087
97 19 0.079087
97 20 0.079087
97 21 0.079088
97 22 0.079088
97 23 0.079088
97 24 0.079088
97 25 0.079088
97 26 0.079088
97 27 0.079088
97 28 0.079088
97 29 0.079088
97 30 0.079089
97 31 0.079089
97 32 0.079089
97 33 0.079089
97 34 0.079089
97 35 0.079089
97 36 0.079089
97 37 0.079089
97 38 0.079089
97 39 0.079089
97 40 0.079089
97 41 0.079089
97 42 0.079089
97 43 0.079089
97 44 0.079090
97 45 0.079090
97 46 0.079090
97 47 0.079090
97 48 0.079090
97 49 0.079090
97 50 0.079090
97 51 0.079091
97 52 0.079091
97 53 0.079091
97 54 0.079091
97 55 0.079091
97 56 0.079091
97 57 0.079091
97 58 0.079091
97 59 0.079091
97 60 0.079091
97 61 0.079091
97 62 0.079090
97 63 0.079090
97 64 0.079090
97 65 0.079090
97 66 0.079090
97 67 0.079089
97 68 0.079089
97 69 0.079089
97 70 0.079089
97 71 0.079088
97 72 0.079088
97 73 0.079088
97 74 0.079088
97 75 0.079087
97 76 0.079087
97 77 0.079087
97 78 0.079086
97 79 0.079086
97 80 0.079086
97 81 0.079086
97 82 0.079085
97 83 0.079085
97 84 0.079085
97 85 0.079085
97 86 0.079085
97 87 0.079085
97 88 0.079085
97 89 0.079085
97 90 0.079085
97 91 0.079085
97 92 0.079084
97 93 0.079084
97 94 0.079084
97 95 0.079084
97 96 0.079084
97 97 0.079083
97 98 0.079085
97 99 0.079080

98 0 0.079078
98 1 0.079087
98 2 0.079084
98 3 0.079086
98 4 0.079086
98 5 0.079087
98 6 0.079087
98 7 0.079087
98 8 0.079088
98 9 0.079088
98 10 0.079088
98 11 0.079089
98 12 0.079089
98 13 0.079089
98 14 0.079089
98 15 0.079089
98 16 0.079089
98 17 0.079089
98 18 0.079089
98 19 0.079088
98 20 0.079088
98 21 0.079088
98 22 0.079088
98 23 0.079087
98 24 0.079087
98 25 0.079087
98 26 0.079087
98 27 0.079087
98 28 0.079087
98 29 0.079088
98 30 0.079088
98 31 0.079088
98 32 0.079089
98 33 0.079089
98 34 0.079090
98 35 0.079090
98 36 0.079090
98 37 0.079091
98 38 0.079091
98 39 0.079092
98 40 0.079092
98 41 0.079092
98 42 0.079092
98 43 0.079092
98 44 0.079092
98 45 0.079092
98 46 0.079092
98 47 0.079092
98 48 0.079092
98 49 0.079092
98 50 0.079092
98 51 0.079092
98 52 0.079092
98 53 0.079092
98 54 0.079092
98 55 0.079092
98 56 0.079092
98 57 0.079092
98 58 0.079092
98 59 0.079092
98 60 0.079092
98 61 0.079091
98 62 0.079091
98 63 0.079091
98 64 0.079090
98 65 0.079090
98 66 0.079089
98 67 0.079089
98 68 0.079088
98 69 0.079087
98 70 0.079087
98 71 0.079086
98 72 0.079086
98 73 0.079086
98 74 0.079086
98 75 0.079086
98 76 0.079086
98 77 0.079086
98 78 0.079087
98 79 0.079087
98 80 0.079087
98 81 0.079087
98 82 0.079088
98 83 0.079088
98 84 0.079088
98 85 0.079088
98 86 0.079088
98 87 0.079088
98 88 0.079088
98 89 0.079088
98 90 0.079087
98 91 0.079087
98 92 0.079087
98 93 0.079087
98 94 0.079087
98 95 0.079086
98 96 0.079087
98 97 0.079085
98 98 0.079088
98 99 0.079080

99 0 0.079078
99 1 0.079078
99 2 0.079079
99 3 0.079079
99 4 0.079080
99 5 0.079080
99 6 0.079081
99 7 0.079081
99 8 0.079082
99 9 0.079082
99 10 0.079082
99 11 0.079083
99 12 0.079083
99 13 0.079083
99 14 0.079084
99 15 0.079084
99 16 0.079084
99 17 0.079085
99 18 0.079085
99 19 0.079086
99 20 0.079086
99 21 0.079087
99 22 0.079087
99 23 0.079088
99 24 0.079088
99 25 0.079089
99 26 0.079089
99 27 0.079089
99 28 0.079089
99 29 0.079089
99 30 0.079089
99 31 0.079088
99 32 0.079088
99 33 0.079088
99 34 0.079087
99 35 0.079087
99 36 0.079087
99 37 0.079086
99 38 0.079086
99 39 0.079086
99 40 0.079086
99 41 0.079086
99 42 0.079086
99 43 0.079086
99 44 0.079086
99 45 0.079087
99 46 0.079087
99 47 0.079087
99 48 0.079088
99 49 0.079088
99 50 0.079088
99 51 0.079088
99 52 0.079088
99 53 0.079089
99 54 0.079089
99 55 0.079089
99 56 0.079089
99 57 0.079089
99 58 0.079089
99 59 0.079089
99 60 0.079089
99 61 0.079089
99 62 0.079090
99 63 0.079090
99 64 0.079090
99 65 0.079090
99 66 0.079090
99 67 0.079090
99 68 0.079090
99 69 0.079090
99 70 0.079090
99 71 0.079089
99 72 0.079089
99 73 0.079088
99 74 0.079087
99 75 0.079087
99 76 0.079086
99 77 0.079085
99 78 0.079084
99 79 0.079083
99 80 0.079083
99 81 0.079082
99 82 0.079082
99 83 0.079082
99 84 0.079082
99 85 0.079082
99 86 0.079082
99 87 0.079082
99 88 0.079082
99 89 0.079082
99 90 0.079082
99 91 0.079082
99 92 0.079081
99 93 0.079081
99 94 0.079081
99 95 0.079081
99 96 0.079080
99 97 0.079080
99 98 0.079080
99 99 0.079080

