0 0 0.079128
0 1 0.079128
0 2 0.079127
0 3 0.079128
0 4 0.079128
0 5 0.079128
0 6 0.079128
0 7 0.079127
0 8 0.079127
0 9 0.079126
0 10 0.079125
0 11 0.079124
0 12 0.079123
0 13 0.079122
0 14 0.079120
0 15 0.079119
0 16 0.079117
0 17 0.079116
0 18 0.079114
0 19 0.079112
0 20 0.079110
0 21 0.079109
0 22 0.079107
0 23 0.079105
0 24 0.079104
0 25 0.079102
0 26 0.079100
0 27 0.079098
0 28 0.079097
0 29 0.079095
0 30 0.079094
0 31 0.079092
0 32 0.079091
0 33 0.079089
0 34 0.079088
0 35 0.079087
0 36 0.079086
0 37 0.079085
0 38 0.079084
0 39 0.079083
0 40 0.079082
0 41 0.079081
0 42 0.079081
0 43 0.079080
0 44 0.079080
0 45 0.079079
0 46 0.079079
0 47 0.079079
0 48 0.079079
0 49 0.079079
0 50 0.079080
0 51 0.079080
0 52 0.079080
0 53 0.079081
0 54 0.079082
0 55 0.079082
0 56 0.079083
0 57 0.079084
0 58 0.079085
0 59 0.079086
0 60 0.079087
0 61 0.079089
0 62 0.079090
0 63 0.079091
0 64 0.079092
0 65 0.079094
0 66 0.079095
0 67 0.079097
0 68 0.079098
0 69 0.079099
0 70 0.079101
0 71 0.079102
0 72 0.079104
0 73 0.079105
0 74 0.079107
0 75 0.079108
0 76 0.079110
0 77 0.079111
0 78 0.079113
0 79 0.079114
0 80 0.079115
0 81 0.079117
0 82 0.079118
0 83 0.079119
0 84 0.079120
0 85 0.079122
0 86 0.079123
0 87 0.079124
0 88 0.079125
0 89 0.079126
0 90 0.079127
0 91 0.079128
0 92 0.079129
0 93 0.079129
0 94 0.079130
0 95 0.079131
0 96 0.079132
0 97 0.079133
0 98 0.079133
0 99 0.079133

1 0 0.079128
1 1 0.079127
1 2 0.079127
1 3 0.079127
1 4 0.079127
1 5 0.079127
1 6 0.079127
1 7 0.079127
1 8 0.079126
1 9 0.079126
1 10 0.079125
1 11 0.079124
1 12 0.079123
1 13 0.079121
1 14 0.079120
1 15 0.079118
1 16 0.079117
1 17 0.079115
1 18 0.079114
1 19 0.079112
1 20 0.079110
1 21 0.079108
1 22 0.079107
1 23 0.079105
1 24 0.079103
1 25 0.079101
1 26 0.079100
1 27 0.079098
1 28 0.079096
1 29 0.079095
1 30 0.079093
1 31 0.079092
1 32 0.079090
1 33 0.079089
1 34 0.079088
1 35 0.079086
1 36 0.079085
1 37 0.079084
1 38 0.079083
1 39 0.079082
1 40 0.079082
1 41 0.079081
1 42 0.079080
1 43 0.079080
1 44 0.079079
1 45 0.079079
1 46 0.079079
1 47 0.079079
1 48 0.079079
1 49 0.079079
1 50 0.079079
1 51 0.079080
1 52 0.079080
1 53 0.079081
1 54 0.079081
1 55 0.079082
1 56 0.079083
1 57 0.079084
1 58 0.079085
1 59 0.079086
1 60 0.079087
1 61 0.079088
1 62 0.079089
1 63 0.079091
1 64 0.079092
1 65 0.079093
1 66 0.079095
1 67 0.079096
1 68 0.079098
1 69 0.079099
1 70 0.079100
1 71 0.079102
1 72 0.079103
1 73 0.079105
1 74 0.079106
1 75 0.079108
1 76 0.079109
1 77 0.079111
1 78 0.079112
1 79 0.079113
1 80 0.079115
1 81 0.079116
1 82 0.079117
1 83 0.079118
1 84 0.079120
1 85 0.079121
1 86 0.079122
1 87 0.079123
1 88 0.079124
1 89 0.079125
1 90 0.079126
1 91 0.079127
1 92 0.079128
1 93 0.079129
1 94 0.079129
1 95 0.079130
1 96 0.079131
1 97 0.079132
1 98 0.079133
1 99 0.079133

2 0 0.079127
2 1 0.079127
2 2 0.079126
2 3 0.079126
2 4 0.079126
2 5 0.079126
2 6 0.079126
2 7 0.079125
2 8 0.079125
2 9 0.079124
2 10 0.079124
2 11 0.079123
2 12 0.079122
2 13 0.079120
2 14 0.079119
2 15 0.079118
2 16 0.079116
2 17 0.079115
2 18 0.079113
2 19 0.079112
2 20 0.079110
2 21 0.079108
2 22 0.079107
2 23 0.079105
2 24 0.079104
2 25 0.079102
2 26 0.079100
2 27 0.079099
2 28 0.079097
2 29 0.079096
2 30 0.079094
2 31 0.079093
2 32 0.079092
2 33 0.079090
2 34 0.079089
2 35 0.079088
2 36 0.079087
2 37 0.079086
2 38 0.079085
2 39 0.079084
2 40 0.079083
2 41 0.079083
2 42 0.079082
2 43 0.079082
2 44 0.079081
2 45 0.079081
2 46 0.079081
2 47 0.079081
2 48 0.079081
2 49 0.079081
2 50 0.079081
2 51 0.079081
2 52 0.079082
2 53 0.079082
2 54 0.079083
2 55 0.079084
2 56 0.079084
2 57 0.079085
2 58 0.079086
2 59 0.079087
2 60 0.079088
2 61 0.079089
2 62 0.079091
2 63 0.079092
2 64 0.079093
2 65 0.079094
2 66 0.079096
2 67 0.079097
2 68 0.079099
2 69 0.079100
2 70 0.079101
2 71 0.079103
2 72 0.079104
2 73 0.079106
2 74 0.079107
2 75 0.079108
2 76 0.079110
2 77 0.079111
2 78 0.079113
2 79 0.079114
2 80 0.079115
2 81 0.079117
2 82 0.079118
2 83 0.079119
2 84 0.079120
2 85 0.079122
2 86 0.079123
2 87 0.079124
2 88 0.079125
2 89 0.079126
2 90 0.079127
2 91 0.079128
2 92 0.079128
2 93 0.079129
2 94 0.079130
2 95 0.079131
2 96 0.079132
2 97 0.079133
2 98 0.079134
2 99 0.079134

3 0 0.079127
3 1 0.079127
3 2 0.079126
3 3 0.079126
3 4 0.079125
3 5 0.079125
3 6 0.079125
3 7 0.079125
3 8 0.079125
3 9 0.079124
3 10 0.079123
3 11 0.079122
3 12 0.079121
3 13 0.079120
3 14 0.079119
3 15 0.079118
3 16 0.079116
3 17 0.079115
3 18 0.079113
3 19 0.079112
3 20 0.079110
3 21 0.079109
3 22 0.079107
3 23 0.079105
3 24 0.079104
3 25 0.079102
3 26 0.079101
3 27 0.079099
3 28 0.079098
3 29 0.079096
3 30 0.079095
3 31 0.079093
3 32 0.079092
3 33 0.079091
3 34 0.079090
3 35 0.079088
3 36 0.079087
3 37 0.079086
3 38 0.079085
3 39 0.079085
3 40 0.079084
3 41 0.079083
3 42 0.079083
3 43 0.079082
3 44 0.079082
3 45 0.079082
3 46 0.079081
3 47 0.079081
3 48 0.079081
3 49 0.079081
3 50 0.079082
3 51 0.079082
3 52 0.079082
3 53 0.079083
3 54 0.079084
3 55 0.079084
3 56 0.079085
3 57 0.079086
3 58 0.079087
3 59 0.079088
3 60 0.079089
3 61 0.079090
3 62 0.079091
3 63 0.079092
3 64 0.079094
3 65 0.079095
3 66 0.079096
3 67 0.079098
3 68 0.079099
3 69 0.079100
3 70 0.079102
3 71 0.079103
3 72 0.079105
3 73 0.079106
3 74 0.079107
3 75 0.079109
3 76 0.079110
3 77 0.079112
3 78 0.079113
3 79 0.079114
3 80 0.079116
3 81 0.079117
3 82 0.079118
3 83 0.079119
3 84 0.079121
3 85 0.079122
3 86 0.079123
3 87 0.079124
3 88 0.079125
3 89 0.079126
3 90 0.079127
3 91 0.079128
3 92 0.079129
3 93 0.079129
3 94 0.079130
3 95 0.079131
3 96 0.079132
3 97 0.079133
3 98 0.079134
3 99 0.079135

4 0 0.079126
4 1 0.079126
4 2 0.079125
4 3 0.079125
4 4 0.079125
4 5 0.079125
4 6 0.079124
4 7 0.079124
4 8 0.079124
4 9 0.079123
4 10 0.079123
4 11 0.079122
4 12 0.079121
4 13 0.079120
4 14 0.079119
4 15 0.079117
4 16 0.079116
4 17 0.079114
4 18 0.079113
4 19 0.079112
4 20 0.079110
4 21 0.079108
4 22 0.079107
4 23 0.079105
4 24 0.079104
4 25 0.079102
4 26 0.079101
4 27 0.079099
4 28 0.079098
4 29 0.079096
4 30 0.079095
4 31 0.079094
4 32 0.079092
4 33 0.079091
4 34 0.079090
4 35 0.079089
4 36 0.079088
4 37 0.079087
4 38 0.079086
4 39 0.079085
4 40 0.079085
4 41 0.079084
4 42 0.079083
4 43 0.079083
4 44 0.079082
4 45 0.079082
4 46 0.079082
4 47 0.079082
4 48 0.079082
4 49 0.079082
4 50 0.079082
4 51 0.079083
4 52 0.079083
4 53 0.079084
4 54 0.079084
4 55 0.079085
4 56 0.079086
4 57 0.079086
4 58 0.079087
4 59 0.079088
4 60 0.079089
4 61 0.079090
4 62 0.079091
4 63 0.079093
4 64 0.079094
4 65 0.079095
4 66 0.079096
4 67 0.079098
4 68 0.079099
4 69 0.079100
4 70 0.079102
4 71 0.079103
4 72 0.079105
4 73 0.079106
4 74 0.079107
4 75 0.079109
4 76 0.079110
4 77 0.079112
4 78 0.079113
4 79 0.079114
4 80 0.079116
4 81 0.079117
4 82 0.079118
4 83 0.079119
4 84 0.079121
4 85 0.079122
4 86 0.079123
4 87 0.079124
4 88 0.079125
4 89 0.079126
4 90 0.079127
4 91 0.079128
4 92 0.079128
4 93 0.079129
4 94 0.079130
4 95 0.079131
4 96 0.079132
4 97 0.079133
4 98 0.079134
4 99 0.079134

5 0 0.079126
5 1 0.079126
5 2 0.079125
5 3 0.079125
5 4 0.079124
5 5 0.079124
5 6 0.079124
5 7 0.079124
5 8 0.079123
5 9 0.079123
5 10 0.079122
5 11 0.079122
5 12 0.079121
5 13 0.079119
5 14 0.079118
5 15 0.079117
5 16 0.079116
5 17 0.079114
5 18 0.079113
5 19 0.079111
5 20 0.079110
5 21 0.079108
5 22 0.079107
5 23 0.079105
5 24 0.079104
5 25 0.079102
5 26 0.079101
5 27 0.079099
5 28 0.079098
5 29 0.079097
5 30 0.079095
5 31 0.079094
5 32 0.079093
5 33 0.079091
5 34 0.079090
5 35 0.079089
5 36 0.079088
5 37 0.079087
5 38 0.079086
5 39 0.079086
5 40 0.079085
5 41 0.079084
5 42 0.079084
5 43 0.079083
5 44 0.079083
5 45 0.079083
5 46 0.079082
5 47 0.079082
5 48 0.079082
5 49 0.079082
5 50 0.079083
5 51 0.079083
5 52 0.079083
5 53 0.079084
5 54 0.079084
5 55 0.079085
5 56 0.079086
5 57 0.079087
5 58 0.079088
5 59 0.079088
5 60 0.079089
5 61 0.079091
5 62 0.079092
5 63 0.079093
5 64 0.079094
5 65 0.079095
5 66 0.079097
5 67 0.079098
5 68 0.079099
5 69 0.079101
5 70 0.079102
5 71 0.079103
5 72 0.079105
5 73 0.079106
5 74 0.079107
5 75 0.079109
5 76 0.079110
5 77 0.079111
5 78 0.079113
5 79 0.079114
5 80 0.079115
5 81 0.079117
5 82 0.079118
5 83 0.079119
5 84 0.079121
5 85 0.079122
5 86 0.079123
5 87 0.079124
5 88 0.079125
5 89 0.079126
5 90 0.079127
5 91 0.079128
5 92 0.079128
5 93 0.079129
5 94 0.079130
5 95 0.079131
5 96 0.079132
5 97 0.079133
5 98 0.079134
5 99 0.079134

6 0 0.079126
6 1 0.079126
6 2 0.079125
6 3 0.079124
6 4 0.079124
6 5 0.079124
6 6 0.079124
6 7 0.079123
6 8 0.079123
6 9 0.079122
6 10 0.079122
6 11 0.079121
6 12 0.079120
6 13 0.079119
6 14 0.079118
6 15 0.079117
6 16 0.079115
6 17 0.079114
6 18 0.079113
6 19 0.079111
6 20 0.079110
6 21 0.079108
6 22 0.079107
6 23 0.079105
6 24 0.079104
6 25 0.079102
6 26 0.079101
6 27 0.079099
6 28 0.079098
6 29 0.079097
6 30 0.079095
6 31 0.079094
6 32 0.079093
6 33 0.079092
6 34 0.079090
6 35 0.079089
6 36 0.079088
6 37 0.079087
6 38 0.079086
6 39 0.079086
6 40 0.079085
6 41 0.079084
6 42 0.079084
6 43 0.079083
6 44 0.079083
6 45 0.079083
6 46 0.079083
6 47 0.079083
6 48 0.079083
6 49 0.079083
6 50 0.079083
6 51 0.079083
6 52 0.079084
6 53 0.079084
6 54 0.079085
6 55 0.079085
6 56 0.079086
6 57 0.079087
6 58 0.079088
6 59 0.079089
6 60 0.079089
6 61 0.079091
6 62 0.079092
6 63 0.079093
6 64 0.079094
6 65 0.079095
6 66 0.079096
6 67 0.079098
6 68 0.079099
6 69 0.079100
6 70 0.079102
6 71 0.079103
6 72 0.079104
6 73 0.079106
6 74 0.079107
6 75 0.079108
6 76 0.079110
6 77 0.079111
6 78 0.079113
6 79 0.079114
6 80 0.079115
6 81 0.079116
6 82 0.079118
6 83 0.079119
6 84 0.079120
6 85 0.079121
6 86 0.079123
6 87 0.079124
6 88 0.079125
6 89 0.079126
6 90 0.079126
6 91 0.079127
6 92 0.079128
6 93 0.079128
6 94 0.079129
6 95 0.079130
6 96 0.079132
6 97 0.079132
6 98 0.079133
6 99 0.079134

7 0 0.079126
7 1 0.079126
7 2 0.079124
7 3 0.079124
7 4 0.079124
7 5 0.079123
7 6 0.079123
7 7 0.079123
7 8 0.079123
7 9 0.079122
7 10 0.079121
7 11 0.079121
7 12 0.079120
7 13 0.079119
7 14 0.079118
7 15 0.079116
7 16 0.079115
7 17 0.079114
7 18 0.079112
7 19 0.079111
7 20 0.079109
7 21 0.079108
7 22 0.079107
7 23 0.079105
7 24 0.079104
7 25 0.079102
7 26 0.079101
7 27 0.079099
7 28 0.079098
7 29 0.079096
7 30 0.079095
7 31 0.079094
7 32 0.079093
7 33 0.079091
7 34 0.079090
7 35 0.079089
7 36 0.079088
7 37 0.079087
7 38 0.079086
7 39 0.079086
7 40 0.079085
7 41 0.079084
7 42 0.079084
7 43 0.079083
7 44 0.079083
7 45 0.079083
7 46 0.079082
7 47 0.079082
7 48 0.079082
7 49 0.079083
7 50 0.079083
7 51 0.079083
7 52 0.079083
7 53 0.079084
7 54 0.079084
7 55 0.079085
7 56 0.079086
7 57 0.079087
7 58 0.079087
7 59 0.079088
7 60 0.079089
7 61 0.079090
7 62 0.079091
7 63 0.079093
7 64 0.079094
7 65 0.079095
7 66 0.079096
7 67 0.079097
7 68 0.079099
7 69 0.079100
7 70 0.079101
7 71 0.079103
7 72 0.079104
7 73 0.079105
7 74 0.079107
7 75 0.079108
7 76 0.079109
7 77 0.079111
7 78 0.079112
7 79 0.079113
7 80 0.079115
7 81 0.079116
7 82 0.079117
7 83 0.079119
7 84 0.079120
7 85 0.079121
7 86 0.079122
7 87 0.079123
7 88 0.079124
7 89 0.079125
7 90 0.079126
7 91 0.079126
7 92 0.079127
7 93 0.079128
7 94 0.079129
7 95 0.079130
7 96 0.079131
7 97 0.079132
7 98 0.079133
7 99 0.079134

8 0 0.079126
8 1 0.079125
8 2 0.079124
8 3 0.079124
8 4 0.079123
8 5 0.079123
8 6 0.079123
8 7 0.079122
8 8 0.079122
8 9 0.079121
8 10 0.079121
8 11 0.079120
8 12 0.079119
8 13 0.079118
8 14 0.079117
8 15 0.079116
8 16 0.079115
8 17 0.079113
8 18 0.079112
8 19 0.079110
8 20 0.079109
8 21 0.079108
8 22 0.079106
8 23 0.079105
8 24 0.079103
8 25 0.079102
8 26 0.079100
8 27 0.079099
8 28 0.079097
8 29 0.079096
8 30 0.079095
8 31 0.079093
8 32 0.079092
8 33 0.079091
8 34 0.079090
8 35 0.079089
8 36 0.079088
8 37 0.079087
8 38 0.079086
8 39 0.079085
8 40 0.079085
8 41 0.079084
8 42 0.079083
8 43 0.079083
8 44 0.079083
8 45 0.079082
8 46 0.079082
8 47 0.079082
8 48 0.079082
8 49 0.079082
8 50 0.079082
8 51 0.079083
8 52 0.079083
8 53 0.079084
8 54 0.079084
8 55 0.079085
8 56 0.079085
8 57 0.079086
8 58 0.079087
8 59 0.079088
8 60 0.079089
8 61 0.079090
8 62 0.079091
8 63 0.079092
8 64 0.079093
8 65 0.079094
8 66 0.079096
8 67 0.079097
8 68 0.079098
8 69 0.079099
8 70 0.079101
8 71 0.079102
8 72 0.079103
8 73 0.079105
8 74 0.079106
8 75 0.079107
8 76 0.079109
8 77 0.079110
8 78 0.079111
8 79 0.079113
8 80 0.079114
8 81 0.079115
8 82 0.079117
8 83 0.079118
8 84 0.079119
8 85 0.079120
8 86 0.079121
8 87 0.079122
8 88 0.079123
8 89 0.079124
8 90 0.079125
8 91 0.079126
8 92 0.079126
8 93 0.079127
8 94 0.079128
8 95 0.079129
8 96 0.079130
8 97 0.079131
8 98 0.079132
8 99 0.079133

9 0 0.079125
9 1 0.079124
9 2 0.079123
9 3 0.079123
9 4 0.079122
9 5 0.079122
9 6 0.079122
9 7 0.079122
9 8 0.079121
9 9 0.079121
9 10 0.079120
9 11 0.079119
9 12 0.079119
9 13 0.079118
9 14 0.079116
9 15 0.079115
9 16 0.079114
9 17 0.079113
9 18 0.079111
9 19 0.079110
9 20 0.079108
9 21 0.079107
9 22 0.079106
9 23 0.079104
9 24 0.079103
9 25 0.079101
9 26 0.079100
9 27 0.079098
9 28 0.079097
9 29 0.079096
9 30 0.079094
9 31 0.079093
9 32 0.079092
9 33 0.079091
9 34 0.079089
9 35 0.079088
9 36 0.079087
9 37 0.079086
9 38 0.079086
9 39 0.079085
9 40 0.079084
9 41 0.079084
9 42 0.079083
9 43 0.079083
9 44 0.079082
9 45 0.079082
9 46 0.079082
9 47 0.079082
9 48 0.079082
9 49 0.079082
9 50 0.079082
9 51 0.079082
9 52 0.079083
9 53 0.079083
9 54 0.079084
9 55 0.079084
9 56 0.079085
9 57 0.079086
9 58 0.079086
9 59 0.079087
9 60 0.079088
9 61 0.079089
9 62 0.079090
9 63 0.079091
9 64 0.079093
9 65 0.079094
9 66 0.079095
9 67 0.079096
9 68 0.079097
9 69 0.079099
9 70 0.079100
9 71 0.079101
9 72 0.079103
9 73 0.079104
9 74 0.079105
9 75 0.079107
9 76 0.079108
9 77 0.079109
9 78 0.079111
9 79 0.079112
9 80 0.079113
9 81 0.079114
9 82 0.079116
9 83 0.079117
9 84 0.079118
9 85 0.079119
9 86 0.079120
9 87 0.079121
9 88 0.079122
9 89 0.079123
9 90 0.079124
9 91 0.079125
9 92 0.079125
9 93 0.079126
9 94 0.079127
9 95 0.079128
9 96 0.079129
9 97 0.079130
9 98 0.079131
9 99 0.079132

10 0 0.079124
10 1 0.079123
10 2 0.079122
10 3 0.079122
10 4 0.079121
10 5 0.079121
10 6 0.079121
10 7 0.079121
10 8 0.079120
10 9 0.079120
10 10 0.079119
10 11 0.079119
10 12 0.079118
10 13 0.079117
10 14 0.079116
10 15 0.079114
10 16 0.079113
10 17 0.079112
10 18 0.079111
10 19 0.079109
10 20 0.079108
10 21 0.079106
10 22 0.079105
10 23 0.079103
10 24 0.079102
10 25 0.079100
10 26 0.079099
10 27 0.079098
10 28 0.079096
10 29 0.079095
10 30 0.079094
10 31 0.079092
10 32 0.079091
10 33 0.079090
10 34 0.079089
10 35 0.079088
10 36 0.079087
10 37 0.079086
10 38 0.079085
10 39 0.079084
10 40 0.079083
10 41 0.079083
10 42 0.079082
10 43 0.079082
10 44 0.079082
10 45 0.079081
10 46 0.079081
10 47 0.079081
10 48 0.079081
10 49 0.079081
10 50 0.079081
10 51 0.079082
10 52 0.079082
10 53 0.079082
10 54 0.079083
10 55 0.079083
10 56 0.079084
10 57 0.079085
10 58 0.079086
10 59 0.079087
10 60 0.079088
10 61 0.079089
10 62 0.079090
10 63 0.079091
10 64 0.079092
10 65 0.079093
10 66 0.079094
10 67 0.079095
10 68 0.079097
10 69 0.079098
10 70 0.079099
10 71 0.079100
10 72 0.079102
10 73 0.079103
10 74 0.079104
10 75 0.079106
10 76 0.079107
10 77 0.079108
10 78 0.079109
10 79 0.079111
10 80 0.079112
10 81 0.079113
10 82 0.079114
10 83 0.079116
10 84 0.079117
10 85 0.079118
10 86 0.079119
10 87 0.079120
10 88 0.079121
10 89 0.079122
10 90 0.079123
10 91 0.079123
10 92 0.079124
10 93 0.079125
10 94 0.079126
10 95 0.079126
10 96 0.079128
10 97 0.079128
10 98 0.079129
10 99 0.079130

11 0 0.079123
11 1 0.079122
11 2 0.079121
11 3 0.079121
11 4 0.079121
11 5 0.079120
11 6 0.079120
11 7 0.079120
11 8 0.079119
11 9 0.079119
11 10 0.079118
11 11 0.079118
11 12 0.079117
11 13 0.079116
11 14 0.079115
11 15 0.079114
11 16 0.079112
11 17 0.079111
11 18 0.079110
11 19 0.079108
11 20 0.079107
11 21 0.079105
11 22 0.079104
11 23 0.079102
11 24 0.079101
11 25 0.079100
11 26 0.079098
11 27 0.079097
11 28 0.079095
11 29 0.079094
11 30 0.079093
11 31 0.079091
11 32 0.079090
11 33 0.079089
11 34 0.079088
11 35 0.079087
11 36 0.079086
11 37 0.079085
11 38 0.079084
11 39 0.079083
11 40 0.079083
11 41 0.079082
11 42 0.079082
11 43 0.079081
11 44 0.079081
11 45 0.079080
11 46 0.079080
11 47 0.079080
11 48 0.079080
11 49 0.079080
11 50 0.079080
11 51 0.079081
11 52 0.079081
11 53 0.079082
11 54 0.079082
11 55 0.079083
11 56 0.079083
11 57 0.079084
11 58 0.079085
11 59 0.079086
11 60 0.079087
11 61 0.079088
11 62 0.079089
11 63 0.079090
11 64 0.079091
11 65 0.079092
11 66 0.079093
11 67 0.079094
11 68 0.079096
11 69 0.079097
11 70 0.079098
11 71 0.079099
11 72 0.079101
11 73 0.079102
11 74 0.079103
11 75 0.079104
11 76 0.079106
11 77 0.079107
11 78 0.079108
11 79 0.079109
11 80 0.079111
11 81 0.079112
11 82 0.079113
11 83 0.079114
11 84 0.079116
11 85 0.079117
11 86 0.079118
11 87 0.079119
11 88 0.079120
11 89 0.079121
11 90 0.079121
11 91 0.079122
11 92 0.079123
11 93 0.079123
11 94 0.079124
11 95 0.079125
11 96 0.079126
11 97 0.079127
11 98 0.079128
11 99 0.079128

12 0 0.079121
12 1 0.079121
12 2 0.079120
12 3 0.079120
12 4 0.079119
12 5 0.079119
12 6 0.079119
12 7 0.079119
12 8 0.079118
12 9 0.079118
12 10 0.079117
12 11 0.079117
12 12 0.079116
12 13 0.079115
12 14 0.079114
12 15 0.079112
12 16 0.079111
12 17 0.079110
12 18 0.079109
12 19 0.079107
12 20 0.079106
12 21 0.079104
12 22 0.079103
12 23 0.079101
12 24 0.079100
12 25 0.079099
12 26 0.079097
12 27 0.079096
12 28 0.079094
12 29 0.079093
12 30 0.079092
12 31 0.079091
12 32 0.079089
12 33 0.079088
12 34 0.079087
12 35 0.079086
12 36 0.079085
12 37 0.079084
12 38 0.079083
12 39 0.079082
12 40 0.079082
12 41 0.079081
12 42 0.079081
12 43 0.079080
12 44 0.079080
12 45 0.079080
12 46 0.079079
12 47 0.079079
12 48 0.079079
12 49 0.079079
12 50 0.079079
12 51 0.079080
12 52 0.079080
12 53 0.079081
12 54 0.079081
12 55 0.079082
12 56 0.079082
12 57 0.079083
12 58 0.079084
12 59 0.079085
12 60 0.079086
12 61 0.079086
12 62 0.079087
12 63 0.079089
12 64 0.079090
12 65 0.079091
12 66 0.079092
12 67 0.079093
12 68 0.079094
12 69 0.079096
12 70 0.079097
12 71 0.079098
12 72 0.079099
12 73 0.079101
12 74 0.079102
12 75 0.079103
12 76 0.079104
12 77 0.079106
12 78 0.079107
12 79 0.079108
12 80 0.079109
12 81 0.079111
12 82 0.079112
12 83 0.079113
12 84 0.079114
12 85 0.079115
12 86 0.079116
12 87 0.079117
12 88 0.079118
12 89 0.079119
12 90 0.079120
12 91 0.079120
12 92 0.079121
12 93 0.079122
12 94 0.079123
12 95 0.079123
12 96 0.079125
12 97 0.079125
12 98 0.079126
12 99 0.079126

13 0 0.079120
13 1 0.079119
13 2 0.079119
13 3 0.079119
13 4 0.079118
13 5 0.079118
13 6 0.079118
13 7 0.079117
13 8 0.079117
13 9 0.079117
13 10 0.079116
13 11 0.079115
13 12 0.079115
13 13 0.079114
13 14 0.079112
13 15 0.079111
13 16 0.079110
13 17 0.079109
13 18 0.079107
13 19 0.079106
13 20 0.079105
13 21 0.079103
13 22 0.079102
13 23 0.079100
13 24 0.079099
13 25 0.079097
13 26 0.079096
13 27 0.079095
13 28 0.079093
13 29 0.079092
13 30 0.079091
13 31 0.079089
13 32 0.079088
13 33 0.079087
13 34 0.079086
13 35 0.079085
13 36 0.079084
13 37 0.079083
13 38 0.079082
13 39 0.079081
13 40 0.079081
13 41 0.079080
13 42 0.079080
13 43 0.079079
13 44 0.079079
13 45 0.079078
13 46 0.079078
13 47 0.079078
13 48 0.079078
13 49 0.079078
13 50 0.079078
13 51 0.079079
13 52 0.079079
13 53 0.079079
13 54 0.079080
13 55 0.079080
13 56 0.079081
13 57 0.079082
13 58 0.079083
13 59 0.079083
13 60 0.079084
13 61 0.079085
13 62 0.079086
13 63 0.079087
13 64 0.079088
13 65 0.079089
13 66 0.079091
13 67 0.079092
13 68 0.079093
13 69 0.079094
13 70 0.079095
13 71 0.079097
13 72 0.079098
13 73 0.079099
13 74 0.079100
13 75 0.079102
13 76 0.079103
13 77 0.079104
13 78 0.079105
13 79 0.079107
13 80 0.079108
13 81 0.079109
13 82 0.079110
13 83 0.079111
13 84 0.079112
13 85 0.079113
13 86 0.079114
13 87 0.079115
13 88 0.079116
13 89 0.079117
13 90 0.079118
13 91 0.079119
13 92 0.079119
13 93 0.079120
13 94 0.079121
13 95 0.079122
13 96 0.079123
13 97 0.079123
13 98 0.079124
13 99 0.079124

14 0 0.079118
14 1 0.079118
14 2 0.079117
14 3 0.079117
14 4 0.079117
14 5 0.079117
14 6 0.079116
14 7 0.079116
14 8 0.079116
14 9 0.079115
14 10 0.079115
14 11 0.079114
14 12 0.079113
14 13 0.079112
14 14 0.079111
14 15 0.079110
14 16 0.079109
14 17 0.079107
14 18 0.079106
14 19 0.079105
14 20 0.079103
14 21 0.079102
14 22 0.079101
14 23 0.079099
14 24 0.079098
14 25 0.079096
14 26 0.079095
14 27 0.079093
14 28 0.079092
14 29 0.079091
14 30 0.079090
14 31 0.079088
14 32 0.079087
14 33 0.079086
14 34 0.079085
14 35 0.079084
14 36 0.079083
14 37 0.079082
14 38 0.079081
14 39 0.079080
14 40 0.079080
14 41 0.079079
14 42 0.079078
14 43 0.079078
14 44 0.079078
14 45 0.079077
14 46 0.079077
14 47 0.079077
14 48 0.079077
14 49 0.079077
14 50 0.079077
14 51 0.079077
14 52 0.079078
14 53 0.079078
14 54 0.079079
14 55 0.079079
14 56 0.079080
14 57 0.079081
14 58 0.079081
14 59 0.079082
14 60 0.079083
14 61 0.079084
14 62 0.079085
14 63 0.079086
14 64 0.079087
14 65 0.079088
14 66 0.079089
14 67 0.079090
14 68 0.079092
14 69 0.079093
14 70 0.079094
14 71 0.079095
14 72 0.079096
14 73 0.079098
14 74 0.079099
14 75 0.079100
14 76 0.079101
14 77 0.079102
14 78 0.079104
14 79 0.079105
14 80 0.079106
14 81 0.079107
14 82 0.079108
14 83 0.079110
14 84 0.079111
14 85 0.079112
14 86 0.079113
14 87 0.079114
14 88 0.079114
14 89 0.079115
14 90 0.079116
14 91 0.079117
14 92 0.079117
14 93 0.079118
14 94 0.079119
14 95 0.079120
14 96 0.079121
14 97 0.079121
14 98 0.079122
14 99 0.079122

15 0 0.079117
15 1 0.079116
15 2 0.079116
15 3 0.079116
15 4 0.079115
15 5 0.079115
15 6 0.079115
15 7 0.079115
15 8 0.079114
15 9 0.079114
15 10 0.079113
15 11 0.079113
15 12 0.079112
15 13 0.079111
15 14 0.079110
15 15 0.079109
15 16 0.079107
15 17 0.079106
15 18 0.079105
15 19 0.079103
15 20 0.079102
15 21 0.079101
15 22 0.079099
15 23 0.079098
15 24 0.079096
15 25 0.079095
15 26 0.079094
15 27 0.079092
15 28 0.079091
15 29 0.079090
15 30 0.079088
15 31 0.079087
15 32 0.079086
15 33 0.079085
15 34 0.079084
15 35 0.079083
15 36 0.079082
15 37 0.079081
15 38 0.079080
15 39 0.079079
15 40 0.079078
15 41 0.079078
15 42 0.079077
15 43 0.079077
15 44 0.079076
15 45 0.079076
15 46 0.079076
15 47 0.079076
15 48 0.079076
15 49 0.079076
15 50 0.079076
15 51 0.079076
15 52 0.079077
15 53 0.079077
15 54 0.079077
15 55 0.079078
15 56 0.079079
15 57 0.079079
15 58 0.079080
15 59 0.079081
15 60 0.079082
15 61 0.079083
15 62 0.079083
15 63 0.079084
15 64 0.079086
15 65 0.079087
15 66 0.079088
15 67 0.079089
15 68 0.079090
15 69 0.079091
15 70 0.079092
15 71 0.079094
15 72 0.079095
15 73 0.079096
15 74 0.079097
15 75 0.079098
15 76 0.079100
15 77 0.079101
15 78 0.079102
15 79 0.079103
15 80 0.079104
15 81 0.079105
15 82 0.079107
15 83 0.079108
15 84 0.079109
15 85 0.079110
15 86 0.079111
15 87 0.079112
15 88 0.079113
15 89 0.079113
15 90 0.079114
15 91 0.079115
15 92 0.079116
15 93 0.079116
15 94 0.079117
15 95 0.079118
15 96 0.079119
15 97 0.079119
15 98 0.079119
15 99 0.079120

16 0 0.079115
16 1 0.079114
16 2 0.079114
16 3 0.079114
16 4 0.079114
16 5 0.079114
16 6 0.079114
16 7 0.079113
16 8 0.079113
16 9 0.079112
16 10 0.079112
16 11 0.079111
16 12 0.079110
16 13 0.079109
16 14 0.079108
16 15 0.079107
16 16 0.079106
16 17 0.079105
16 18 0.079103
16 19 0.079102
16 20 0.079101
16 21 0.079099
16 22 0.079098
16 23 0.079096
16 24 0.079095
16 25 0.079094
16 26 0.079092
16 27 0.079091
16 28 0.079090
16 29 0.079088
16 30 0.079087
16 31 0.079086
16 32 0.079084
16 33 0.079083
16 34 0.079082
16 35 0.079081
16 36 0.079080
16 37 0.079079
16 38 0.079078
16 39 0.079078
16 40 0.079077
16 41 0.079076
16 42 0.079076
16 43 0.079075
16 44 0.079075
16 45 0.079075
16 46 0.079075
16 47 0.079074
16 48 0.079074
16 49 0.079074
16 50 0.079075
16 51 0.079075
16 52 0.079075
16 53 0.079076
16 54 0.079076
16 55 0.079077
16 56 0.079077
16 57 0.079078
16 58 0.079079
16 59 0.079079
16 60 0.079080
16 61 0.079081
16 62 0.079082
16 63 0.079083
16 64 0.079084
16 65 0.079085
16 66 0.079086
16 67 0.079087
16 68 0.079088
16 69 0.079090
16 70 0.079091
16 71 0.079092
16 72 0.079093
16 73 0.079094
16 74 0.079095
16 75 0.079097
16 76 0.079098
16 77 0.079099
16 78 0.079100
16 79 0.079101
16 80 0.079102
16 81 0.079103
16 82 0.079105
16 83 0.079106
16 84 0.079107
16 85 0.079108
16 86 0.079109
16 87 0.079110
16 88 0.079110
16 89 0.079111
16 90 0.079112
16 91 0.079113
16 92 0.079113
16 93 0.079114
16 94 0.079115
16 95 0.079116
16 96 0.079117
16 97 0.079117
16 98 0.079117
16 99 0.079118

17 0 0.079113
17 1 0.079113
17 2 0.079113
17 3 0.079113
17 4 0.079112
17 5 0.079112
17 6 0.079112
17 7 0.079112
17 8 0.079111
17 9 0.079111
17 10 0.079110
17 11 0.079110
17 12 0.079109
17 13 0.079108
17 14 0.079107
17 15 0.079106
17 16 0.079104
17 17 0.079103
17 18 0.079102
17 19 0.079100
17 20 0.079099
17 21 0.079098
17 22 0.079096
17 23 0.079095
17 24 0.079094
17 25 0.079092
17 26 0.079091
17 27 0.079089
17 28 0.079088
17 29 0.079087
17 30 0.079086
17 31 0.079084
17 32 0.079083
17 33 0.079082
17 34 0.079081
17 35 0.079080
17 36 0.079079
17 37 0.079078
17 38 0.079077
17 39 0.079076
17 40 0.079076
17 41 0.079075
17 42 0.079075
17 43 0.079074
17 44 0.079074
17 45 0.079073
17 46 0.079073
17 47 0.079073
17 48 0.079073
17 49 0.079073
17 50 0.079073
17 51 0.079073
17 52 0.079074
17 53 0.079074
17 54 0.079075
17 55 0.079075
17 56 0.079076
17 57 0.079076
17 58 0.079077
17 59 0.079078
17 60 0.079079
17 61 0.079080
17 62 0.079080
17 63 0.079081
17 64 0.079082
17 65 0.079083
17 66 0.079085
17 67 0.079086
17 68 0.079087
17 69 0.079088
17 70 0.079089
17 71 0.079090
17 72 0.079091
17 73 0.079092
17 74 0.079094
17 75 0.079095
17 76 0.079096
17 77 0.079097
17 78 0.079098
17 79 0.079099
17 80 0.079100
17 81 0.079102
17 82 0.079103
17 83 0.079104
17 84 0.079105
17 85 0.079106
17 86 0.079107
17 87 0.079107
17 88 0.079108
17 89 0.079109
17 90 0.079110
17 91 0.079111
17 92 0.079111
17 93 0.079112
17 94 0.079113
17 95 0.079114
17 96 0.079114
17 97 0.079115
17 98 0.079115
17 99 0.079115

18 0 0.079111
18 1 0.079111
18 2 0.079111
18 3 0.079111
18 4 0.079111
18 5 0.079111
18 6 0.079110
18 7 0.079110
18 8 0.079110
18 9 0.079109
18 10 0.079109
18 11 0.079108
18 12 0.079107
18 13 0.079106
18 14 0.079105
18 15 0.079104
18 16 0.079103
18 17 0.079102
18 18 0.079100
18 19 0.079099
18 20 0.079098
18 21 0.079096
18 22 0.079095
18 23 0.079093
18 24 0.079092
18 25 0.079091
18 26 0.079089
18 27 0.079088
18 28 0.079087
18 29 0.079085
18 30 0.079084
18 31 0.079083
18 32 0.079082
18 33 0.079081
18 34 0.079079
18 35 0.079078
18 36 0.079077
18 37 0.079077
18 38 0.079076
18 39 0.079075
18 40 0.079074
18 41 0.079074
18 42 0.079073
18 43 0.079073
18 44 0.079072
18 45 0.079072
18 46 0.079072
18 47 0.079072
18 48 0.079072
18 49 0.079072
18 50 0.079072
18 51 0.079072
18 52 0.079072
18 53 0.079073
18 54 0.079073
18 55 0.079074
18 56 0.079074
18 57 0.079075
18 58 0.079076
18 59 0.079076
18 60 0.079077
18 61 0.079078
18 62 0.079079
18 63 0.079080
18 64 0.079081
18 65 0.079082
18 66 0.079083
18 67 0.079084
18 68 0.079085
18 69 0.079086
18 70 0.079087
18 71 0.079088
18 72 0.079090
18 73 0.079091
18 74 0.079092
18 75 0.079093
18 76 0.079094
18 77 0.079095
18 78 0.079096
18 79 0.079097
18 80 0.079098
18 81 0.079100
18 82 0.079101
18 83 0.079102
18 84 0.079103
18 85 0.079103
18 86 0.079104
18 87 0.079105
18 88 0.079106
18 89 0.079107
18 90 0.079108
18 91 0.079108
18 92 0.079109
18 93 0.079110
18 94 0.079111
18 95 0.079112
18 96 0.079112
18 97 0.079112
18 98 0.079112
18 99 0.079113

19 0 0.079109
19 1 0.079109
19 2 0.079109
19 3 0.079109
19 4 0.079109
19 5 0.079109
19 6 0.079109
19 7 0.079109
19 8 0.079108
19 9 0.079108
19 10 0.079107
19 11 0.079106
19 12 0.079105
19 13 0.079105
19 14 0.079103
19 15 0.079102
19 16 0.079101
19 17 0.079100
19 18 0.079099
19 19 0.079097
19 20 0.079096
19 21 0.079095
19 22 0.079093
19 23 0.079092
19 24 0.079091
19 25 0.079089
19 26 0.079088
19 27 0.079086
19 28 0.079085
19 29 0.079084
19 30 0.079083
19 31 0.079081
19 32 0.079080
19 33 0.079079
19 34 0.079078
19 35 0.079077
19 36 0.079076
19 37 0.079075
19 38 0.079074
19 39 0.079074
19 40 0.079073
19 41 0.079072
19 42 0.079072
19 43 0.079071
19 44 0.079071
19 45 0.079071
19 46 0.079070
19 47 0.079070
19 48 0.079070
19 49 0.079070
19 50 0.079070
19 51 0.079071
19 52 0.079071
19 53 0.079071
19 54 0.079072
19 55 0.079072
19 56 0.079073
19 57 0.079073
19 58 0.079074
19 59 0.079075
19 60 0.079076
19 61 0.079076
19 62 0.079077
19 63 0.079078
19 64 0.079079
19 65 0.079080
19 66 0.079081
19 67 0.079082
19 68 0.079083
19 69 0.079084
19 70 0.079085
19 71 0.079087
19 72 0.079088
19 73 0.079089
19 74 0.079090
19 75 0.079091
19 76 0.079092
19 77 0.079093
19 78 0.079094
19 79 0.079095
19 80 0.079096
19 81 0.079097
19 82 0.079098
19 83 0.079099
19 84 0.079100
19 85 0.079101
19 86 0.079102
19 87 0.079103
19 88 0.079104
19 89 0.079105
19 90 0.079105
19 91 0.079106
19 92 0.079107
19 93 0.079108
19 94 0.079109
19 95 0.079109
19 96 0.079110
19 97 0.079110
19 98 0.079109
19 99 0.079110

20 0 0.079108
20 1 0.079107
20 2 0.079108
20 3 0.079108
20 4 0.079108
20 5 0.079107
20 6 0.079107
20 7 0.079107
20 8 0.079107
20 9 0.079106
20 10 0.079105
20 11 0.079105
20 12 0.079104
20 13 0.079103
20 14 0.079102
20 15 0.079101
20 16 0.079100
20 17 0.079098
20 18 0.079097
20 19 0.079096
20 20 0.079094
20 21 0.079093
20 22 0.079092
20 23 0.079090
20 24 0.079089
20 25 0.079088
20 26 0.079086
20 27 0.079085
20 28 0.079084
20 29 0.079082
20 30 0.079081
20 31 0.079080
20 32 0.079079
20 33 0.079078
20 34 0.079077
20 35 0.079076
20 36 0.079075
20 37 0.079074
20 38 0.079073
20 39 0.079072
20 40 0.079071
20 41 0.079071
20 42 0.079070
20 43 0.079070
20 44 0.079070
20 45 0.079069
20 46 0.079069
20 47 0.079069
20 48 0.079069
20 49 0.079069
20 50 0.079069
20 51 0.079069
20 52 0.079069
20 53 0.079070
20 54 0.079070
20 55 0.079071
20 56 0.079071
20 57 0.079072
20 58 0.079072
20 59 0.079073
20 60 0.079074
20 61 0.079075
20 62 0.079076
20 63 0.079077
20 64 0.079077
20 65 0.079078
20 66 0.079079
20 67 0.079080
20 68 0.079082
20 69 0.079083
20 70 0.079084
20 71 0.079085
20 72 0.079086
20 73 0.079087
20 74 0.079088
20 75 0.079089
20 76 0.079090
20 77 0.079091
20 78 0.079092
20 79 0.079093
20 80 0.079094
20 81 0.079095
20 82 0.079096
20 83 0.079097
20 84 0.079098
20 85 0.079099
20 86 0.079100
20 87 0.079101
20 88 0.079102
20 89 0.079102
20 90 0.079103
20 91 0.079104
20 92 0.079105
20 93 0.079106
20 94 0.079106
20 95 0.079107
20 96 0.079107
20 97 0.079108
20 98 0.079107
20 99 0.079107

21 0 0.079106
21 1 0.079105
21 2 0.079106
21 3 0.079106
21 4 0.079106
21 5 0.079106
21 6 0.079106
21 7 0.079105
21 8 0.079105
21 9 0.079104
21 10 0.079104
21 11 0.079103
21 12 0.079102
21 13 0.079101
21 14 0.079100
21 15 0.079099
21 16 0.079098
21 17 0.079097
21 18 0.079095
21 19 0.079094
21 20 0.079093
21 21 0.079091
21 22 0.079090
21 23 0.079089
21 24 0.079087
21 25 0.079086
21 26 0.079085
21 27 0.079083
21 28 0.079082
21 29 0.079081
21 30 0.079080
21 31 0.079078
21 32 0.079077
21 33 0.079076
21 34 0.079075
21 35 0.079074
21 36 0.079073
21 37 0.079072
21 38 0.079071
21 39 0.079071
21 40 0.079070
21 41 0.079069
21 42 0.079069
21 43 0.079068
21 44 0.079068
21 45 0.079068
21 46 0.079068
21 47 0.079067
21 48 0.079067
21 49 0.079067
21 50 0.079068
21 51 0.079068
21 52 0.079068
21 53 0.079068
21 54 0.079069
21 55 0.079069
21 56 0.079070
21 57 0.079070
21 58 0.079071
21 59 0.079072
21 60 0.079072
21 61 0.079073
21 62 0.079074
21 63 0.079075
21 64 0.079076
21 65 0.079077
21 66 0.079078
21 67 0.079079
21 68 0.079080
21 69 0.079081
21 70 0.079082
21 71 0.079083
21 72 0.079084
21 73 0.079085
21 74 0.079086
21 75 0.079087
21 76 0.079088
21 77 0.079089
21 78 0.079090
21 79 0.079091
21 80 0.079092
21 81 0.079093
21 82 0.079094
21 83 0.079095
21 84 0.079096
21 85 0.079097
21 86 0.079098
21 87 0.079099
21 88 0.079099
21 89 0.079100
21 90 0.079101
21 91 0.079102
21 92 0.079103
21 93 0.079103
21 94 0.079104
21 95 0.079105
21 96 0.079105
21 97 0.079105
21 98 0.079104
21 99 0.079105

22 0 0.079104
22 1 0.079103
22 2 0.079104
22 3 0.079104
22 4 0.079104
22 5 0.079104
22 6 0.079104
22 7 0.079104
22 8 0.079103
22 9 0.079103
22 10 0.079102
22 11 0.079101
22 12 0.079100
22 13 0.079100
22 14 0.079099
22 15 0.079097
22 16 0.079096
22 17 0.079095
22 18 0.079094
22 19 0.079093
22 20 0.079091
22 21 0.079090
22 22 0.079089
22 23 0.079087
22 24 0.079086
22 25 0.079085
22 26 0.079083
22 27 0.079082
22 28 0.079081
22 29 0.079079
22 30 0.079078
22 31 0.079077
22 32 0.079076
22 33 0.079075
22 34 0.079074
22 35 0.079073
22 36 0.079072
22 37 0.079071
22 38 0.079070
22 39 0.079069
22 40 0.079069
22 41 0.079068
22 42 0.079067
22 43 0.079067
22 44 0.079067
22 45 0.079066
22 46 0.079066
22 47 0.079066
22 48 0.079066
22 49 0.079066
22 50 0.079066
22 51 0.079066
22 52 0.079066
22 53 0.079067
22 54 0.079067
22 55 0.079068
22 56 0.079068
22 57 0.079069
22 58 0.079069
22 59 0.079070
22 60 0.079071
22 61 0.079072
22 62 0.079072
22 63 0.079073
22 64 0.079074
22 65 0.079075
22 66 0.079076
22 67 0.079077
22 68 0.079078
22 69 0.079079
22 70 0.079080
22 71 0.079081
22 72 0.079082
22 73 0.079083
22 74 0.079084
22 75 0.079085
22 76 0.079086
22 77 0.079087
22 78 0.079088
22 79 0.079089
22 80 0.079090
22 81 0.079091
22 82 0.079092
22 83 0.079093
22 84 0.079094
22 85 0.079095
22 86 0.079096
22 87 0.079096
22 88 0.079097
22 89 0.079098
22 90 0.079099
22 91 0.079100
22 92 0.079100
22 93 0.079101
22 94 0.079102
22 95 0.079102
22 96 0.079103
22 97 0.079103
22 98 0.079102
22 99 0.079102

23 0 0.079102
23 1 0.079101
23 2 0.079102
23 3 0.079102
23 4 0.079103
23 5 0.079103
23 6 0.079102
23 7 0.079102
23 8 0.079102
23 9 0.079101
23 10 0.079100
23 11 0.079100
23 12 0.079099
23 13 0.079098
23 14 0.079097
23 15 0.079096
23 16 0.079095
23 17 0.079093
23 18 0.079092
23 19 0.079091
23 20 0.079090
23 21 0.079088
23 22 0.079087
23 23 0.079086
23 24 0.079084
23 25 0.079083
23 26 0.079082
23 27 0.079080
23 28 0.079079
23 29 0.079078
23 30 0.079077
23 31 0.079076
23 32 0.079074
23 33 0.079073
23 34 0.079072
23 35 0.079071
23 36 0.079070
23 37 0.079069
23 38 0.079069
23 39 0.079068
23 40 0.079067
23 41 0.079067
23 42 0.079066
23 43 0.079066
23 44 0.079065
23 45 0.079065
23 46 0.079065
23 47 0.079065
23 48 0.079065
23 49 0.079065
23 50 0.079065
23 51 0.079065
23 52 0.079065
23 53 0.079065
23 54 0.079066
23 55 0.079066
23 56 0.079067
23 57 0.079067
23 58 0.079068
23 59 0.079068
23 60 0.079069
23 61 0.079070
23 62 0.079071
23 63 0.079072
23 64 0.079072
23 65 0.079073
23 66 0.079074
23 67 0.079075
23 68 0.079076
23 69 0.079077
23 70 0.079078
23 71 0.079079
23 72 0.079080
23 73 0.079081
23 74 0.079082
23 75 0.079083
23 76 0.079084
23 77 0.079085
23 78 0.079086
23 79 0.079087
23 80 0.079088
23 81 0.079089
23 82 0.079090
23 83 0.079091
23 84 0.079092
23 85 0.079093
23 86 0.079094
23 87 0.079094
23 88 0.079095
23 89 0.079096
23 90 0.079097
23 91 0.079097
23 92 0.079098
23 93 0.079099
23 94 0.079100
23 95 0.079100
23 96 0.079100
23 97 0.079100
23 98 0.079099
23 99 0.079099

24 0 0.079100
24 1 0.079100
24 2 0.079101
24 3 0.079101
24 4 0.079101
24 5 0.079101
24 6 0.079101
24 7 0.079100
24 8 0.079100
24 9 0.079099
24 10 0.079099
24 11 0.079098
24 12 0.079097
24 13 0.079096
24 14 0.079095
24 15 0.079094
24 16 0.079093
24 17 0.079092
24 18 0.079091
24 19 0.079089
24 20 0.079088
24 21 0.079087
24 22 0.079085
24 23 0.079084
24 24 0.079083
24 25 0.079082
24 26 0.079080
24 27 0.079079
24 28 0.079078
24 29 0.079076
24 30 0.079075
24 31 0.079074
24 32 0.079073
24 33 0.079072
24 34 0.079071
24 35 0.079070
24 36 0.079069
24 37 0.079068
24 38 0.079067
24 39 0.079067
24 40 0.079066
24 41 0.079065
24 42 0.079065
24 43 0.079064
24 44 0.079064
24 45 0.079064
24 46 0.079063
24 47 0.079063
24 48 0.079063
24 49 0.079063
24 50 0.079063
24 51 0.079063
24 52 0.079064
24 53 0.079064
24 54 0.079064
24 55 0.079065
24 56 0.079065
24 57 0.079066
24 58 0.079066
24 59 0.079067
24 60 0.079068
24 61 0.079068
24 62 0.079069
24 63 0.079070
24 64 0.079071
24 65 0.079072
24 66 0.079073
24 67 0.079074
24 68 0.079075
24 69 0.079076
24 70 0.079077
24 71 0.079078
24 72 0.079079
24 73 0.079080
24 74 0.079081
24 75 0.079082
24 76 0.079083
24 77 0.079084
24 78 0.079084
24 79 0.079085
24 80 0.079086
24 81 0.079087
24 82 0.079088
24 83 0.079089
24 84 0.079090
24 85 0.079091
24 86 0.079091
24 87 0.079092
24 88 0.079093
24 89 0.079094
24 90 0.079095
24 91 0.079095
24 92 0.079096
24 93 0.079097
24 94 0.079098
24 95 0.079098
24 96 0.079098
24 97 0.079098
24 98 0.079096
24 99 0.079097

25 0 0.079098
25 1 0.079098
25 2 0.079099
25 3 0.079099
25 4 0.079099
25 5 0.079099
25 6 0.079099
25 7 0.079099
25 8 0.079098
25 9 0.079098
25 10 0.079097
25 11 0.079096
25 12 0.079096
25 13 0.079095
25 14 0.079094
25 15 0.079093
25 16 0.079091
25 17 0.079090
25 18 0.079089
25 19 0.079088
25 20 0.079087
25 21 0.079085
25 22 0.079084
25 23 0.079083
25 24 0.079081
25 25 0.079080
25 26 0.079079
25 27 0.079078
25 28 0.079076
25 29 0.079075
25 30 0.079074
25 31 0.079073
25 32 0.079072
25 33 0.079070
25 34 0.079069
25 35 0.079068
25 36 0.079068
25 37 0.079067
25 38 0.079066
25 39 0.079065
25 40 0.079064
25 41 0.079064
25 42 0.079063
25 43 0.079063
25 44 0.079063
25 45 0.079062
25 46 0.079062
25 47 0.079062
25 48 0.079062
25 49 0.079062
25 50 0.079062
25 51 0.079062
25 52 0.079062
25 53 0.079062
25 54 0.079063
25 55 0.079063
25 56 0.079064
25 57 0.079064
25 58 0.079065
25 59 0.079065
25 60 0.079066
25 61 0.079067
25 62 0.079068
25 63 0.079068
25 64 0.079069
25 65 0.079070
25 66 0.079071
25 67 0.079072
25 68 0.079073
25 69 0.079074
25 70 0.079075
25 71 0.079076
25 72 0.079077
25 73 0.079078
25 74 0.079079
25 75 0.079080
25 76 0.079081
25 77 0.079082
25 78 0.079083
25 79 0.079084
25 80 0.079084
25 81 0.079085
25 82 0.079086
25 83 0.079087
25 84 0.079088
25 85 0.079089
25 86 0.079089
25 87 0.079090
25 88 0.079091
25 89 0.079092
25 90 0.079092
25 91 0.079093
25 92 0.079094
25 93 0.079095
25 94 0.079095
25 95 0.079096
25 96 0.079096
25 97 0.079095
25 98 0.079094
25 99 0.079094

26 0 0.079097
26 1 0.079096
26 2 0.079097
26 3 0.079098
26 4 0.079098
26 5 0.079098
26 6 0.079098
26 7 0.079097
26 8 0.079097
26 9 0.079096
26 10 0.079096
26 11 0.079095
26 12 0.079094
26 13 0.079093
26 14 0.079092
26 15 0.079091
26 16 0.079090
26 17 0.079089
26 18 0.079088
26 19 0.079086
26 20 0.079085
26 21 0.079084
26 22 0.079083
26 23 0.079081
26 24 0.079080
26 25 0.079079
26 26 0.079077
26 27 0.079076
26 28 0.079075
26 29 0.079074
26 30 0.079072
26 31 0.079071
26 32 0.079070
26 33 0.079069
26 34 0.079068
26 35 0.079067
26 36 0.079066
26 37 0.079065
26 38 0.079065
26 39 0.079064
26 40 0.079063
26 41 0.079063
26 42 0.079062
26 43 0.079062
26 44 0.079061
26 45 0.079061
26 46 0.079061
26 47 0.079061
26 48 0.079060
26 49 0.079060
26 50 0.079060
26 51 0.079061
26 52 0.079061
26 53 0.079061
26 54 0.079061
26 55 0.079062
26 56 0.079062
26 57 0.079063
26 58 0.079063
26 59 0.079064
26 60 0.079065
26 61 0.079065
26 62 0.079066
26 63 0.079067
26 64 0.079068
26 65 0.079069
26 66 0.079069
26 67 0.079070
26 68 0.079071
26 69 0.079072
26 70 0.079073
26 71 0.079074
26 72 0.079075
26 73 0.079076
26 74 0.079077
26 75 0.079078
26 76 0.079079
26 77 0.079080
26 78 0.079081
26 79 0.079082
26 80 0.079083
26 81 0.079083
26 82 0.079084
26 83 0.079085
26 84 0.079086
26 85 0.079087
26 86 0.079087
26 87 0.079088
26 88 0.079089
26 89 0.079090
26 90 0.079090
26 91 0.079091
26 92 0.079092
26 93 0.079093
26 94 0.079093
26 95 0.079094
26 96 0.079094
26 97 0.079093
26 98 0.079092
26 99 0.079092

27 0 0.079095
27 1 0.079094
27 2 0.079096
27 3 0.079096
27 4 0.079096
27 5 0.079096
27 6 0.079096
27 7 0.079096
27 8 0.079095
27 9 0.079095
27 10 0.079094
27 11 0.079093
27 12 0.079093
27 13 0.079092
27 14 0.079091
27 15 0.079090
27 16 0.079088
27 17 0.079087
27 18 0.079086
27 19 0.079085
27 20 0.079084
27 21 0.079082
27 22 0.079081
27 23 0.079080
27 24 0.079079
27 25 0.079077
27 26 0.079076
27 27 0.079075
27 28 0.079074
27 29 0.079072
27 30 0.079071
27 31 0.079070
27 32 0.079069
27 33 0.079068
27 34 0.079067
27 35 0.079066
27 36 0.079065
27 37 0.079064
27 38 0.079063
27 39 0.079063
27 40 0.079062
27 41 0.079061
27 42 0.079061
27 43 0.079060
27 44 0.079060
27 45 0.079060
27 46 0.079059
27 47 0.079059
27 48 0.079059
27 49 0.079059
27 50 0.079059
27 51 0.079059
27 52 0.079060
27 53 0.079060
27 54 0.079060
27 55 0.079060
27 56 0.079061
27 57 0.079061
27 58 0.079062
27 59 0.079063
27 60 0.079063
27 61 0.079064
27 62 0.079065
27 63 0.079065
27 64 0.079066
27 65 0.079067
27 66 0.079068
27 67 0.079069
27 68 0.079070
27 69 0.079071
27 70 0.079072
27 71 0.079073
27 72 0.079073
27 73 0.079074
27 74 0.079075
27 75 0.079076
27 76 0.079077
27 77 0.079078
27 78 0.079079
27 79 0.079080
27 80 0.079081
27 81 0.079082
27 82 0.079082
27 83 0.079083
27 84 0.079084
27 85 0.079085
27 86 0.079085
27 87 0.079086
27 88 0.079087
27 89 0.079088
27 90 0.079088
27 91 0.079089
27 92 0.079090
27 93 0.079091
27 94 0.079091
27 95 0.079092
27 96 0.079091
27 97 0.079091
27 98 0.079089
27 99 0.079090

28 0 0.079093
28 1 0.079093
28 2 0.079094
28 3 0.079095
28 4 0.079095
28 5 0.079095
28 6 0.079095
28 7 0.079094
28 8 0.079094
28 9 0.079093
28 10 0.079093
28 11 0.079092
28 12 0.079091
28 13 0.079090
28 14 0.079089
28 15 0.079088
28 16 0.079087
28 17 0.079086
28 18 0.079085
28 19 0.079083
28 20 0.079082
28 21 0.079081
28 22 0.079080
28 23 0.079078
28 24 0.079077
28 25 0.079076
28 26 0.079075
28 27 0.079073
28 28 0.079072
28 29 0.079071
28 30 0.079070
28 31 0.079069
28 32 0.079068
28 33 0.079067
28 34 0.079066
28 35 0.079065
28 36 0.079064
28 37 0.079063
28 38 0.079062
28 39 0.079061
28 40 0.079061
28 41 0.079060
28 42 0.079060
28 43 0.079059
28 44 0.079059
28 45 0.079058
28 46 0.079058
28 47 0.079058
28 48 0.079058
28 49 0.079058
28 50 0.079058
28 51 0.079058
28 52 0.079058
28 53 0.079059
28 54 0.079059
28 55 0.079059
28 56 0.079060
28 57 0.079060
28 58 0.079061
28 59 0.079061
28 60 0.079062
28 61 0.079063
28 62 0.079063
28 63 0.079064
28 64 0.079065
28 65 0.079066
28 66 0.079067
28 67 0.079067
28 68 0.079068
28 69 0.079069
28 70 0.079070
28 71 0.079071
28 72 0.079072
28 73 0.079073
28 74 0.079074
28 75 0.079075
28 76 0.079076
28 77 0.079076
28 78 0.079077
28 79 0.079078
28 80 0.079079
28 81 0.079080
28 82 0.079081
28 83 0.079081
28 84 0.079082
28 85 0.079083
28 86 0.079084
28 87 0.079084
28 88 0.079085
28 89 0.079086
28 90 0.079087
28 91 0.079087
28 92 0.079088
28 93 0.079089
28 94 0.079089
28 95 0.079090
28 96 0.079089
28 97 0.079089
28 98 0.079087
28 99 0.079087

29 0 0.079092
29 1 0.079091
29 2 0.079093
29 3 0.079093
29 4 0.079094
29 5 0.079094
29 6 0.079093
29 7 0.079093
29 8 0.079093
29 9 0.079092
29 10 0.079091
29 11 0.079091
29 12 0.079090
29 13 0.079089
29 14 0.079088
29 15 0.079087
29 16 0.079086
29 17 0.079084
29 18 0.079083
29 19 0.079082
29 20 0.079081
29 21 0.079080
29 22 0.079078
29 23 0.079077
29 24 0.079076
29 25 0.079075
29 26 0.079073
29 27 0.079072
29 28 0.079071
29 29 0.079070
29 30 0.079069
29 31 0.079068
29 32 0.079066
29 33 0.079065
29 34 0.079064
29 35 0.079063
29 36 0.079063
29 37 0.079062
29 38 0.079061
29 39 0.079060
29 40 0.079060
29 41 0.079059
29 42 0.079058
29 43 0.079058
29 44 0.079058
29 45 0.079057
29 46 0.079057
29 47 0.079057
29 48 0.079057
29 49 0.079057
29 50 0.079057
29 51 0.079057
29 52 0.079057
29 53 0.079057
29 54 0.079058
29 55 0.079058
29 56 0.079058
29 57 0.079059
29 58 0.079059
29 59 0.079060
29 60 0.079061
29 61 0.079061
29 62 0.079062
29 63 0.079063
29 64 0.079064
29 65 0.079064
29 66 0.079065
29 67 0.079066
29 68 0.079067
29 69 0.079068
29 70 0.079069
29 71 0.079070
29 72 0.079070
29 73 0.079071
29 74 0.079072
29 75 0.079073
29 76 0.079074
29 77 0.079075
29 78 0.079076
29 79 0.079077
29 80 0.079077
29 81 0.079078
29 82 0.079079
29 83 0.079080
29 84 0.079080
29 85 0.079081
29 86 0.079082
29 87 0.079082
29 88 0.079083
29 89 0.079084
29 90 0.079085
29 91 0.079086
29 92 0.079086
29 93 0.079087
29 94 0.079087
29 95 0.079088
29 96 0.079087
29 97 0.079087
29 98 0.079085
29 99 0.079085

30 0 0.079090
30 1 0.079090
30 2 0.079092
30 3 0.079092
30 4 0.079092
30 5 0.079092
30 6 0.079092
30 7 0.079092
30 8 0.079091
30 9 0.079091
30 10 0.079090
30 11 0.079089
30 12 0.079088
30 13 0.079087
30 14 0.079086
30 15 0.079085
30 16 0.079084
30 17 0.079083
30 18 0.079082
30 19 0.079081
30 20 0.079080
30 21 0.079078
30 22 0.079077
30 23 0.079076
30 24 0.079075
30 25 0.079073
30 26 0.079072
30 27 0.079071
30 28 0.079070
30 29 0.079069
30 30 0.079068
30 31 0.079066
30 32 0.079065
30 33 0.079064
30 34 0.079063
30 35 0.079062
30 36 0.079061
30 37 0.079061
30 38 0.079060
30 39 0.079059
30 40 0.079059
30 41 0.079058
30 42 0.079057
30 43 0.079057
30 44 0.079057
30 45 0.079056
30 46 0.079056
30 47 0.079056
30 48 0.079056
30 49 0.079056
30 50 0.079056
30 51 0.079056
30 52 0.079056
30 53 0.079056
30 54 0.079057
30 55 0.079057
30 56 0.079057
30 57 0.079058
30 58 0.079058
30 59 0.079059
30 60 0.079059
30 61 0.079060
30 62 0.079061
30 63 0.079062
30 64 0.079062
30 65 0.079063
30 66 0.079064
30 67 0.079065
30 68 0.079066
30 69 0.079066
30 70 0.079067
30 71 0.079068
30 72 0.079069
30 73 0.079070
30 74 0.079071
30 75 0.079072
30 76 0.079073
30 77 0.079073
30 78 0.079074
30 79 0.079075
30 80 0.079076
30 81 0.079077
30 82 0.079077
30 83 0.079078
30 84 0.079079
30 85 0.079079
30 86 0.079080
30 87 0.079081
30 88 0.079082
30 89 0.079082
30 90 0.079083
30 91 0.079084
30 92 0.079085
30 93 0.079085
30 94 0.079086
30 95 0.079086
30 96 0.079085
30 97 0.079085
30 98 0.079083
30 99 0.079083

31 0 0.079089
31 1 0.079089
31 2 0.079090
31 3 0.079091
31 4 0.079091
31 5 0.079091
31 6 0.079091
31 7 0.079091
31 8 0.079090
31 9 0.079090
31 10 0.079089
31 11 0.079088
31 12 0.079087
31 13 0.079086
31 14 0.079085
31 15 0.079084
31 16 0.079083
31 17 0.079082
31 18 0.079081
31 19 0.079080
31 20 0.079079
31 21 0.079077
31 22 0.079076
31 23 0.079075
31 24 0.079074
31 25 0.079072
31 26 0.079071
31 27 0.079070
31 28 0.079069
31 29 0.079068
31 30 0.079067
31 31 0.079065
31 32 0.079064
31 33 0.079063
31 34 0.079062
31 35 0.079061
31 36 0.079061
31 37 0.079060
31 38 0.079059
31 39 0.079058
31 40 0.079058
31 41 0.079057
31 42 0.079056
31 43 0.079056
31 44 0.079056
31 45 0.079055
31 46 0.079055
31 47 0.079055
31 48 0.079055
31 49 0.079055
31 50 0.079055
31 51 0.079055
31 52 0.079055
31 53 0.079055
31 54 0.079056
31 55 0.079056
31 56 0.079056
31 57 0.079057
31 58 0.079057
31 59 0.079058
31 60 0.079058
31 61 0.079059
31 62 0.079060
31 63 0.079060
31 64 0.079061
31 65 0.079062
31 66 0.079063
31 67 0.079064
31 68 0.079064
31 69 0.079065
31 70 0.079066
31 71 0.079067
31 72 0.079068
31 73 0.079069
31 74 0.079069
31 75 0.079070
31 76 0.079071
31 77 0.079072
31 78 0.079073
31 79 0.079074
31 80 0.079074
31 81 0.079075
31 82 0.079076
31 83 0.079077
31 84 0.079077
31 85 0.079078
31 86 0.079079
31 87 0.079079
31 88 0.079080
31 89 0.079081
31 90 0.079081
31 91 0.079082
31 92 0.079083
31 93 0.079084
31 94 0.079084
31 95 0.079084
31 96 0.079084
31 97 0.079083
31 98 0.079081
31 99 0.079081

32 0 0.079088
32 1 0.079088
32 2 0.079089
32 3 0.079090
32 4 0.079090
32 5 0.079090
32 6 0.079090
32 7 0.079090
32 8 0.079089
32 9 0.079088
32 10 0.079088
32 11 0.079087
32 12 0.079086
32 13 0.079085
32 14 0.079084
32 15 0.079083
32 16 0.079082
32 17 0.079081
32 18 0.079080
32 19 0.079079
32 20 0.079077
32 21 0.079076
32 22 0.079075
32 23 0.079074
32 24 0.079073
32 25 0.079071
32 26 0.079070
32 27 0.079069
32 28 0.079068
32 29 0.079067
32 30 0.079066
32 31 0.079064
32 32 0.079063
32 33 0.079062
32 34 0.079061
32 35 0.079060
32 36 0.079060
32 37 0.079059
32 38 0.079058
32 39 0.079057
32 40 0.079057
32 41 0.079056
32 42 0.079056
32 43 0.079055
32 44 0.079055
32 45 0.079054
32 46 0.079054
32 47 0.079054
32 48 0.079054
32 49 0.079054
32 50 0.079054
32 51 0.079054
32 52 0.079054
32 53 0.079054
32 54 0.079055
32 55 0.079055
32 56 0.079055
32 57 0.079056
32 58 0.079056
32 59 0.079057
32 60 0.079057
32 61 0.079058
32 62 0.079059
32 63 0.079059
32 64 0.079060
32 65 0.079061
32 66 0.079062
32 67 0.079062
32 68 0.079063
32 69 0.079064
32 70 0.079065
32 71 0.079066
32 72 0.079067
32 73 0.079067
32 74 0.079068
32 75 0.079069
32 76 0.079070
32 77 0.079071
32 78 0.079072
32 79 0.079072
32 80 0.079073
32 81 0.079074
32 82 0.079075
32 83 0.079075
32 84 0.079076
32 85 0.079077
32 86 0.079077
32 87 0.079078
32 88 0.079079
32 89 0.079079
32 90 0.079080
32 91 0.079081
32 92 0.079082
32 93 0.079082
32 94 0.079083
32 95 0.079083
32 96 0.079082
32 97 0.079081
32 98 0.079079
32 99 0.079079

33 0 0.079087
33 1 0.079087
33 2 0.079088
33 3 0.079089
33 4 0.079089
33 5 0.079089
33 6 0.079089
33 7 0.079089
33 8 0.079088
33 9 0.079087
33 10 0.079087
33 11 0.079086
33 12 0.079085
33 13 0.079084
33 14 0.079083
33 15 0.079082
33 16 0.079081
33 17 0.079080
33 18 0.079079
33 19 0.079078
33 20 0.079077
33 21 0.079075
33 22 0.079074
33 23 0.079073
33 24 0.079072
33 25 0.079071
33 26 0.079069
33 27 0.079068
33 28 0.079067
33 29 0.079066
33 30 0.079065
33 31 0.079064
33 32 0.079063
33 33 0.079062
33 34 0.079061
33 35 0.079060
33 36 0.079059
33 37 0.079058
33 38 0.079057
33 39 0.079057
33 40 0.079056
33 41 0.079055
33 42 0.079055
33 43 0.079054
33 44 0.079054
33 45 0.079054
33 46 0.079053
33 47 0.079053
33 48 0.079053
33 49 0.079053
33 50 0.079053
33 51 0.079053
33 52 0.079053
33 53 0.079054
33 54 0.079054
33 55 0.079054
33 56 0.079055
33 57 0.079055
33 58 0.079055
33 59 0.079056
33 60 0.079057
33 61 0.079057
33 62 0.079058
33 63 0.079058
33 64 0.079059
33 65 0.079060
33 66 0.079061
33 67 0.079061
33 68 0.079062
33 69 0.079063
33 70 0.079064
33 71 0.079065
33 72 0.079066
33 73 0.079066
33 74 0.079067
33 75 0.079068
33 76 0.079069
33 77 0.079070
33 78 0.079070
33 79 0.079071
33 80 0.079072
33 81 0.079073
33 82 0.079073
33 83 0.079074
33 84 0.079075
33 85 0.079075
33 86 0.079076
33 87 0.079077
33 88 0.079077
33 89 0.079078
33 90 0.079079
33 91 0.079079
33 92 0.079080
33 93 0.079081
33 94 0.079081
33 95 0.079081
33 96 0.079081
33 97 0.079080
33 98 0.079078
33 99 0.079078

34 0 0.079086
34 1 0.079086
34 2 0.079087
34 3 0.079088
34 4 0.079088
34 5 0.079088
34 6 0.079088
34 7 0.079088
34 8 0.079087
34 9 0.079087
34 10 0.079086
34 11 0.079085
34 12 0.079084
34 13 0.079083
34 14 0.079082
34 15 0.079081
34 16 0.079080
34 17 0.079079
34 18 0.079078
34 19 0.079077
34 20 0.079076
34 21 0.079075
34 22 0.079073
34 23 0.079072
34 24 0.079071
34 25 0.079070
34 26 0.079069
34 27 0.079067
34 28 0.079066
34 29 0.079065
34 30 0.079064
34 31 0.079063
34 32 0.079062
34 33 0.079061
34 34 0.079060
34 35 0.079059
34 36 0.079058
34 37 0.079057
34 38 0.079057
34 39 0.079056
34 40 0.079055
34 41 0.079055
34 42 0.079054
34 43 0.079054
34 44 0.079053
34 45 0.079053
34 46 0.079053
34 47 0.079053
34 48 0.079052
34 49 0.079052
34 50 0.079052
34 51 0.079052
34 52 0.079053
34 53 0.079053
34 54 0.079053
34 55 0.079053
34 56 0.079054
34 57 0.079054
34 58 0.079055
34 59 0.079055
34 60 0.079056
34 61 0.079056
34 62 0.079057
34 63 0.079058
34 64 0.079058
34 65 0.079059
34 66 0.079060
34 67 0.079061
34 68 0.079061
34 69 0.079062
34 70 0.079063
34 71 0.079064
34 72 0.079065
34 73 0.079065
34 74 0.079066
34 75 0.079067
34 76 0.079068
34 77 0.079069
34 78 0.079069
34 79 0.079070
34 80 0.079071
34 81 0.079072
34 82 0.079072
34 83 0.079073
34 84 0.079074
34 85 0.079074
34 86 0.079075
34 87 0.079075
34 88 0.079076
34 89 0.079077
34 90 0.079077
34 91 0.079078
34 92 0.079079
34 93 0.079080
34 94 0.079080
34 95 0.079080
34 96 0.079079
34 97 0.079079
34 98 0.079076
34 99 0.079076

35 0 0.079085
35 1 0.079085
35 2 0.079087
35 3 0.079087
35 4 0.079087
35 5 0.079087
35 6 0.079087
35 7 0.079087
35 8 0.079086
35 9 0.079086
35 10 0.079085
35 11 0.079084
35 12 0.079083
35 13 0.079082
35 14 0.079082
35 15 0.079081
35 16 0.079079
35 17 0.079078
35 18 0.079077
35 19 0.079076
35 20 0.079075
35 21 0.079074
35 22 0.079073
35 23 0.079071
35 24 0.079070
35 25 0.079069
35 26 0.079068
35 27 0.079067
35 28 0.079066
35 29 0.079064
35 30 0.079063
35 31 0.079062
35 32 0.079061
35 33 0.079060
35 34 0.079059
35 35 0.079058
35 36 0.079057
35 37 0.079057
35 38 0.079056
35 39 0.079055
35 40 0.079055
35 41 0.079054
35 42 0.079054
35 43 0.079053
35 44 0.079053
35 45 0.079052
35 46 0.079052
35 47 0.079052
35 48 0.079052
35 49 0.079052
35 50 0.079052
35 51 0.079052
35 52 0.079052
35 53 0.079052
35 54 0.079052
35 55 0.079053
35 56 0.079053
35 57 0.079054
35 58 0.079054
35 59 0.079055
35 60 0.079055
35 61 0.079056
35 62 0.079056
35 63 0.079057
35 64 0.079058
35 65 0.079058
35 66 0.079059
35 67 0.079060
35 68 0.079061
35 69 0.079061
35 70 0.079062
35 71 0.079063
35 72 0.079064
35 73 0.079065
35 74 0.079065
35 75 0.079066
35 76 0.079067
35 77 0.079068
35 78 0.079068
35 79 0.079069
35 80 0.079070
35 81 0.079071
35 82 0.079071
35 83 0.079072
35 84 0.079072
35 85 0.079073
35 86 0.079074
35 87 0.079074
35 88 0.079075
35 89 0.079076
35 90 0.079076
35 91 0.079077
35 92 0.079078
35 93 0.079078
35 94 0.079079
35 95 0.079079
35 96 0.079078
35 97 0.079077
35 98 0.079075
35 99 0.079075

36 0 0.079085
36 1 0.079084
36 2 0.079086
36 3 0.079086
36 4 0.079087
36 5 0.079087
36 6 0.079087
36 7 0.079086
36 8 0.079086
36 9 0.079085
36 10 0.079084
36 11 0.079084
36 12 0.079083
36 13 0.079082
36 14 0.079081
36 15 0.079080
36 16 0.079079
36 17 0.079078
36 18 0.079077
36 19 0.079076
36 20 0.079074
36 21 0.079073
36 22 0.079072
36 23 0.079071
36 24 0.079070
36 25 0.079069
36 26 0.079067
36 27 0.079066
36 28 0.079065
36 29 0.079064
36 30 0.079063
36 31 0.079062
36 32 0.079061
36 33 0.079060
36 34 0.079059
36 35 0.079058
36 36 0.079057
36 37 0.079056
36 38 0.079055
36 39 0.079055
36 40 0.079054
36 41 0.079054
36 42 0.079053
36 43 0.079053
36 44 0.079052
36 45 0.079052
36 46 0.079052
36 47 0.079051
36 48 0.079051
36 49 0.079051
36 50 0.079051
36 51 0.079051
36 52 0.079052
36 53 0.079052
36 54 0.079052
36 55 0.079052
36 56 0.079053
36 57 0.079053
36 58 0.079053
36 59 0.079054
36 60 0.079055
36 61 0.079055
36 62 0.079056
36 63 0.079082
36 64 0.079082
36 65 0.079081
36 66 0.079081
36 67 0.079081
36 68 0.079081
36 69 0.079081
36 70 0.079081
36 71 0.079081
36 72 0.079080
36 73 0.079080
36 74 0.079080
36 75 0.079080
36 76 0.079080
36 77 0.079080
36 78 0.079079
36 79 0.079079
36 80 0.079079
36 81 0.079079
36 82 0.079079
36 83 0.079079
36 84 0.079079
36 85 0.079079
36 86 0.079079
36 87 0.079079
36 88 0.079079
36 89 0.079079
36 90 0.079078
36 91 0.079078
36 92 0.079078
36 93 0.079078
36 94 0.079077
36 95 0.079077
36 96 0.079077
36 97 0.079077
36 98 0.079075
36 99 0.079075

37 0 0.079079
37 1 0.079079
37 2 0.079080
37 3 0.079079
37 4 0.079080
37 5 0.079080
37 6 0.079080
37 7 0.079080
37 8 0.079080
37 9 0.079081
37 10 0.079081
37 11 0.079081
37 12 0.079081
37 13 0.079081
37 14 0.079081
37 15 0.079081
37 16 0.079081
37 17 0.079081
37 18 0.079081
37 19 0.079081
37 20 0.079081
37 21 0.079081
37 22 0.079080
37 23 0.079080
37 24 0.079080
37 25 0.079080
37 26 0.079080
37 27 0.079080
37 28 0.079080
37 29 0.079080
37 30 0.079081
37 31 0.079081
37 32 0.079081
37 33 0.079081
37 34 0.079081
37 35 0.079081
37 36 0.079081
37 37 0.079081
37 38 0.079081
37 39 0.079081
37 40 0.079081
37 41 0.079081
37 42 0.079082
37 43 0.079082
37 44 0.079082
37 45 0.079082
37 46 0.079082
37 47 0.079082
37 48 0.079082
37 49 0.079082
37 50 0.079082
37 51 0.079082
37 52 0.079083
37 53 0.079083
37 54 0.079083
37 55 0.079083
37 56 0.079083
37 57 0.079083
37 58 0.079083
37 59 0.079083
37 60 0.079083
37 61 0.079083
37 62 0.079083
37 63 0.079083
37 64 0.079082
37 65 0.079082
37 66 0.079082
37 67 0.079082
37 68 0.079082
37 69 0.079082
37 70 0.079082
37 71 0.079081
37 72 0.079081
37 73 0.079081
37 74 0.079081
37 75 0.079081
37 76 0.079080
37 77 0.079080
37 78 0.079080
37 79 0.079080
37 80 0.079080
37 81 0.079080
37 82 0.079079
37 83 0.079079
37 84 0.079079
37 85 0.079079
37 86 0.079079
37 87 0.079079
37 88 0.079079
37 89 0.079079
37 90 0.079079
37 91 0.079079
37 92 0.079078
37 93 0.079078
37 94 0.079078
37 95 0.079077
37 96 0.079077
37 97 0.079077
37 98 0.079076
37 99 0.079076

38 0 0.079079
38 1 0.079079
38 2 0.079080
38 3 0.079080
38 4 0.079080
38 5 0.079080
38 6 0.079080
38 7 0.079080
38 8 0.079081
38 9 0.079081
38 10 0.079081
38 11 0.079081
38 12 0.079081
38 13 0.079081
38 14 0.079081
38 15 0.079081
38 16 0.079081
38 17 0.079081
38 18 0.079081
38 19 0.079081
38 20 0.079081
38 21 0.079081
38 22 0.079081
38 23 0.079081
38 24 0.079081
38 25 0.079081
38 26 0.079081
38 27 0.079081
38 28 0.079081
38 29 0.079081
38 30 0.079081
38 31 0.079081
38 32 0.079081
38 33 0.079081
38 34 0.079081
38 35 0.079082
38 36 0.079082
38 37 0.079082
38 38 0.079082
38 39 0.079082
38 40 0.079082
38 41 0.079082
38 42 0.079082
38 43 0.079083
38 44 0.079083
38 45 0.079083
38 46 0.079083
38 47 0.079083
38 48 0.079083
38 49 0.079083
38 50 0.079083
38 51 0.079083
38 52 0.079084
38 53 0.079084
38 54 0.079084
38 55 0.079084
38 56 0.079084
38 57 0.079084
38 58 0.079084
38 59 0.079084
38 60 0.079084
38 61 0.079084
38 62 0.079084
38 63 0.079084
38 64 0.079083
38 65 0.079083
38 66 0.079083
38 67 0.079083
38 68 0.079083
38 69 0.079083
38 70 0.079082
38 71 0.079082
38 72 0.079082
38 73 0.079082
38 74 0.079082
38 75 0.079081
38 76 0.079081
38 77 0.079081
38 78 0.079081
38 79 0.079081
38 80 0.079080
38 81 0.079080
38 82 0.079080
38 83 0.079080
38 84 0.079080
38 85 0.079080
38 86 0.079080
38 87 0.079080
38 88 0.079080
38 89 0.079079
38 90 0.079079
38 91 0.079079
38 92 0.079079
38 93 0.079078
38 94 0.079078
38 95 0.079078
38 96 0.079077
38 97 0.079077
38 98 0.079076
38 99 0.079076

39 0 0.079080
39 1 0.079080
39 2 0.079080
39 3 0.079080
39 4 0.079080
39 5 0.079080
39 6 0.079081
39 7 0.079081
39 8 0.079081
39 9 0.079081
39 10 0.079081
39 11 0.079081
39 12 0.079081
39 13 0.079081
39 14 0.079081
39 15 0.079081
39 16 0.079081
39 17 0.079081
39 18 0.079081
39 19 0.079081
39 20 0.079081
39 21 0.079081
39 22 0.079081
39 23 0.079081
39 24 0.079082
39 25 0.079082
39 26 0.079082
39 27 0.079082
39 28 0.079082
39 29 0.079082
39 30 0.079082
39 31 0.079082
39 32 0.079082
39 33 0.079082
39 34 0.079082
39 35 0.079082
39 36 0.079082
39 37 0.079083
39 38 0.079083
39 39 0.079083
39 40 0.079083
39 41 0.079083
39 42 0.079083
39 43 0.079083
39 44 0.079084
39 45 0.079084
39 46 0.079084
39 47 0.079084
39 48 0.079084
39 49 0.079084
39 50 0.079084
39 51 0.079085
39 52 0.079085
39 53 0.079085
39 54 0.079085
39 55 0.079085
39 56 0.079085
39 57 0.079085
39 58 0.079085
39 59 0.079085
39 60 0.079085
39 61 0.079085
39 62 0.079085
39 63 0.079085
39 64 0.079084
39 65 0.079084
39 66 0.079084
39 67 0.079084
39 68 0.079084
39 69 0.079084
39 70 0.079083
39 71 0.079083
39 72 0.079083
39 73 0.079083
39 74 0.079082
39 75 0.079082
39 76 0.079082
39 77 0.079082
39 78 0.079082
39 79 0.079081
39 80 0.079081
39 81 0.079081
39 82 0.079081
39 83 0.079081
39 84 0.079081
39 85 0.079080
39 86 0.079080
39 87 0.079080
39 88 0.079080
39 89 0.079080
39 90 0.079080
39 91 0.079079
39 92 0.079079
39 93 0.079079
39 94 0.079078
39 95 0.079078
39 96 0.079078
39 97 0.079078
39 98 0.079077
39 99 0.079077

40 0 0.079080
40 1 0.079080
40 2 0.079081
40 3 0.079081
40 4 0.079081
40 5 0.079081
40 6 0.079081
40 7 0.079081
40 8 0.079081
40 9 0.079082
40 10 0.079082
40 11 0.079082
40 12 0.079082
40 13 0.079082
40 14 0.079082
40 15 0.079082
40 16 0.079082
40 17 0.079082
40 18 0.079082
40 19 0.079082
40 20 0.079082
40 21 0.079082
40 22 0.079082
40 23 0.079082
40 24 0.079082
40 25 0.079082
40 26 0.079082
40 27 0.079082
40 28 0.079082
40 29 0.079083
40 30 0.079083
40 31 0.079083
40 32 0.079083
40 33 0.079083
40 34 0.079083
40 35 0.079083
40 36 0.079083
40 37 0.079084
40 38 0.079084
40 39 0.079084
40 40 0.079084
40 41 0.079084
40 42 0.079084
40 43 0.079084
40 44 0.079085
40 45 0.079085
40 46 0.079085
40 47 0.079085
40 48 0.079085
40 49 0.079085
40 50 0.079086
40 51 0.079086
40 52 0.079086
40 53 0.079086
40 54 0.079086
40 55 0.079086
40 56 0.079086
40 57 0.079086
40 58 0.079086
40 59 0.079086
40 60 0.079086
40 61 0.079086
40 62 0.079086
40 63 0.079086
40 64 0.079085
40 65 0.079085
40 66 0.079085
40 67 0.079085
40 68 0.079085
40 69 0.079085
40 70 0.079084
40 71 0.079084
40 72 0.079084
40 73 0.079084
40 74 0.079083
40 75 0.079083
40 76 0.079083
40 77 0.079083
40 78 0.079082
40 79 0.079082
40 80 0.079082
40 81 0.079082
40 82 0.079082
40 83 0.079081
40 84 0.079081
40 85 0.079081
40 86 0.079081
40 87 0.079081
40 88 0.079081
40 89 0.079081
40 90 0.079080
40 91 0.079080
40 92 0.079080
40 93 0.079079
40 94 0.079079
40 95 0.079079
40 96 0.079078
40 97 0.079078
40 98 0.079077
40 99 0.079077

41 0 0.079081
41 1 0.079081
41 2 0.079081
41 3 0.079081
41 4 0.079081
41 5 0.079082
41 6 0.079082
41 7 0.079082
41 8 0.079082
41 9 0.079082
41 10 0.079082
41 11 0.079082
41 12 0.079082
41 13 0.079083
41 14 0.079083
41 15 0.079083
41 16 0.079083
41 17 0.079083
41 18 0.079083
41 19 0.079083
41 20 0.079083
41 21 0.079083
41 22 0.079083
41 23 0.079083
41 24 0.079083
41 25 0.079083
41 26 0.079083
41 27 0.079083
41 28 0.079083
41 29 0.079083
41 30 0.079083
41 31 0.079084
41 32 0.079084
41 33 0.079084
41 34 0.079084
41 35 0.079084
41 36 0.079084
41 37 0.079084
41 38 0.079085
41 39 0.079085
41 40 0.079085
41 41 0.079085
41 42 0.079085
41 43 0.079086
41 44 0.079086
41 45 0.079086
41 46 0.079086
41 47 0.079086
41 48 0.079086
41 49 0.079087
41 50 0.079087
41 51 0.079087
41 52 0.079087
41 53 0.079087
41 54 0.079087
41 55 0.079087
41 56 0.079087
41 57 0.079087
41 58 0.079087
41 59 0.079087
41 60 0.079087
41 61 0.079087
41 62 0.079087
41 63 0.079087
41 64 0.079087
41 65 0.079086
41 66 0.079086
41 67 0.079086
41 68 0.079086
41 69 0.079086
41 70 0.079085
41 71 0.079085
41 72 0.079085
41 73 0.079085
41 74 0.079084
41 75 0.079084
41 76 0.079084
41 77 0.079084
41 78 0.079083
41 79 0.079083
41 80 0.079083
41 81 0.079083
41 82 0.079082
41 83 0.079082
41 84 0.079082
41 85 0.079082
41 86 0.079082
41 87 0.079082
41 88 0.079082
41 89 0.079081
41 90 0.079081
41 91 0.079081
41 92 0.079080
41 93 0.079080
41 94 0.079080
41 95 0.079079
41 96 0.079079
41 97 0.079079
41 98 0.079078
41 99 0.079078

42 0 0.079081
42 1 0.079081
42 2 0.079082
42 3 0.079082
42 4 0.079082
42 5 0.079082
42 6 0.079082
42 7 0.079083
42 8 0.079083
42 9 0.079083
42 10 0.079083
42 11 0.079083
42 12 0.079083
42 13 0.079083
42 14 0.079083
42 15 0.079083
42 16 0.079083
42 17 0.079083
42 18 0.079083
42 19 0.079083
42 20 0.079083
42 21 0.079083
42 22 0.079084
42 23 0.079084
42 24 0.079084
42 25 0.079084
42 26 0.079084
42 27 0.079084
42 28 0.079084
42 29 0.079084
42 30 0.079084
42 31 0.079084
42 32 0.079085
42 33 0.079085
42 34 0.079085
42 35 0.079085
42 36 0.079085
42 37 0.079085
42 38 0.079086
42 39 0.079086
42 40 0.079086
42 41 0.079086
42 42 0.079086
42 43 0.079087
42 44 0.079087
42 45 0.079087
42 46 0.079087
42 47 0.079087
42 48 0.079088
42 49 0.079088
42 50 0.079088
42 51 0.079088
42 52 0.079088
42 53 0.079088
42 54 0.079088
42 55 0.079088
42 56 0.079088
42 57 0.079088
42 58 0.079088
42 59 0.079088
42 60 0.079088
42 61 0.079088
42 62 0.079088
42 63 0.079088
42 64 0.079088
42 65 0.079088
42 66 0.079087
42 67 0.079087
42 68 0.079087
42 69 0.079087
42 70 0.079086
42 71 0.079086
42 72 0.079086
42 73 0.079086
42 74 0.079085
42 75 0.079085
42 76 0.079085
42 77 0.079085
42 78 0.079084
42 79 0.079084
42 80 0.079084
42 81 0.079084
42 82 0.079083
42 83 0.079083
42 84 0.079083
42 85 0.079083
42 86 0.079083
42 87 0.079082
42 88 0.079082
42 89 0.079082
42 90 0.079082
42 91 0.079082
42 92 0.079081
42 93 0.079081
42 94 0.079080
42 95 0.079080
42 96 0.079080
42 97 0.079080
42 98 0.079079
42 99 0.079078

43 0 0.079082
43 1 0.079082
43 2 0.079083
43 3 0.079083
43 4 0.079083
43 5 0.079083
43 6 0.079083
43 7 0.079083
43 8 0.079083
43 9 0.079084
43 10 0.079084
43 11 0.079084
43 12 0.079084
43 13 0.079084
43 14 0.079084
43 15 0.079084
43 16 0.079084
43 17 0.079084
43 18 0.079084
43 19 0.079084
43 20 0.079084
43 21 0.079084
43 22 0.079084
43 23 0.079084
43 24 0.079084
43 25 0.079085
43 26 0.079085
43 27 0.079085
43 28 0.079085
43 29 0.079085
43 30 0.079085
43 31 0.079085
43 32 0.079086
43 33 0.079086
43 34 0.079086
43 35 0.079086
43 36 0.079086
43 37 0.079086
43 38 0.079087
43 39 0.079087
43 40 0.079087
43 41 0.079087
43 42 0.079088
43 43 0.079088
43 44 0.079088
43 45 0.079088
43 46 0.079088
43 47 0.079089
43 48 0.079089
43 49 0.079089
43 50 0.079089
43 51 0.079089
43 52 0.079089
43 53 0.079089
43 54 0.079089
43 55 0.079089
43 56 0.079089
43 57 0.079089
43 58 0.079089
43 59 0.079089
43 60 0.079089
43 61 0.079089
43 62 0.079089
43 63 0.079089
43 64 0.079089
43 65 0.079089
43 66 0.079089
43 67 0.079088
43 68 0.079088
43 69 0.079088
43 70 0.079088
43 71 0.079087
43 72 0.079087
43 73 0.079087
43 74 0.079086
43 75 0.079086
43 76 0.079086
43 77 0.079086
43 78 0.079085
43 79 0.079085
43 80 0.079085
43 81 0.079085
43 82 0.079084
43 83 0.079084
43 84 0.079084
43 85 0.079084
43 86 0.079084
43 87 0.079083
43 88 0.079083
43 89 0.079083
43 90 0.079083
43 91 0.079082
43 92 0.079082
43 93 0.079082
43 94 0.079081
43 95 0.079081
43 96 0.079080
43 97 0.079081
43 98 0.079079
43 99 0.079079

44 0 0.079083
44 1 0.079083
44 2 0.079084
44 3 0.079084
44 4 0.079084
44 5 0.079084
44 6 0.079084
44 7 0.079084
44 8 0.079084
44 9 0.079084
44 10 0.079085
44 11 0.079085
44 12 0.079085
44 13 0.079085
44 14 0.079085
44 15 0.079085
44 16 0.079085
44 17 0.079085
44 18 0.079085
44 19 0.079085
44 20 0.079085
44 21 0.079085
44 22 0.079085
44 23 0.079085
44 24 0.079085
44 25 0.079086
44 26 0.079086
44 27 0.079086
44 28 0.079086
44 29 0.079086
44 30 0.079086
44 31 0.079086
44 32 0.079087
44 33 0.079087
44 34 0.079087
44 35 0.079087
44 36 0.079087
44 37 0.079088
44 38 0.079088
44 39 0.079088
44 40 0.079088
44 41 0.079088
44 42 0.079089
44 43 0.079089
44 44 0.079089
44 45 0.079089
44 46 0.079089
44 47 0.079090
44 48 0.079090
44 49 0.079090
44 50 0.079090
44 51 0.079090
44 52 0.079090
44 53 0.079091
44 54 0.079091
44 55 0.079091
44 56 0.079091
44 57 0.079091
44 58 0.079091
44 59 0.079091
44 60 0.079091
44 61 0.079090
44 62 0.079090
44 63 0.079090
44 64 0.079090
44 65 0.079090
44 66 0.079090
44 67 0.079090
44 68 0.079089
44 69 0.079089
44 70 0.079089
44 71 0.079088
44 72 0.079088
44 73 0.079088
44 74 0.079088
44 75 0.079087
44 76 0.079087
44 77 0.079087
44 78 0.079086
44 79 0.079086
44 80 0.079086
44 81 0.079086
44 82 0.079085
44 83 0.079085
44 84 0.079085
44 85 0.079085
44 86 0.079085
44 87 0.079084
44 88 0.079084
44 89 0.079084
44 90 0.079084
44 91 0.079083
44 92 0.079083
44 93 0.079083
44 94 0.079082
44 95 0.079082
44 96 0.079081
44 97 0.079081
44 98 0.079080
44 99 0.079080

45 0 0.079084
45 1 0.079084
45 2 0.079085
45 3 0.079085
45 4 0.079085
45 5 0.079085
45 6 0.079085
45 7 0.079085
45 8 0.079085
45 9 0.079085
45 10 0.079085
45 11 0.079086
45 12 0.079086
45 13 0.079086
45 14 0.079086
45 15 0.079086
45 16 0.079086
45 17 0.079086
45 18 0.079086
45 19 0.079086
45 20 0.079086
45 21 0.079086
45 22 0.079086
45 23 0.079086
45 24 0.079086
45 25 0.079086
45 26 0.079087
45 27 0.079087
45 28 0.079087
45 29 0.079087
45 30 0.079087
45 31 0.079087
45 32 0.079088
45 33 0.079088
45 34 0.079088
45 35 0.079088
45 36 0.079088
45 37 0.079089
45 38 0.079089
45 39 0.079089
45 40 0.079089
45 41 0.079090
45 42 0.079090
45 43 0.079090
45 44 0.079090
45 45 0.079090
45 46 0.079091
45 47 0.079091
45 48 0.079091
45 49 0.079091
45 50 0.079091
45 51 0.079092
45 52 0.079092
45 53 0.079092
45 54 0.079092
45 55 0.079092
45 56 0.079092
45 57 0.079092
45 58 0.079092
45 59 0.079092
45 60 0.079092
45 61 0.079092
45 62 0.079092
45 63 0.079091
45 64 0.079091
45 65 0.079091
45 66 0.079091
45 67 0.079091
45 68 0.079091
45 69 0.079090
45 70 0.079090
45 71 0.079090
45 72 0.079089
45 73 0.079089
45 74 0.079089
45 75 0.079088
45 76 0.079088
45 77 0.079088
45 78 0.079088
45 79 0.079087
45 80 0.079087
45 81 0.079087
45 82 0.079086
45 83 0.079086
45 84 0.079086
45 85 0.079086
45 86 0.079086
45 87 0.079085
45 88 0.079085
45 89 0.079085
45 90 0.079085
45 91 0.079084
45 92 0.079084
45 93 0.079084
45 94 0.079083
45 95 0.079083
45 96 0.079082
45 97 0.079082
45 98 0.079082
45 99 0.079081

46 0 0.079085
46 1 0.079085
46 2 0.079086
46 3 0.079086
46 4 0.079086
46 5 0.079086
46 6 0.079086
46 7 0.079086
46 8 0.079086
46 9 0.079086
46 10 0.079086
46 11 0.079087
46 12 0.079087
46 13 0.079087
46 14 0.079087
46 15 0.079087
46 16 0.079087
46 17 0.079087
46 18 0.079087
46 19 0.079087
46 20 0.079087
46 21 0.079087
46 22 0.079087
46 23 0.079087
46 24 0.079087
46 25 0.079088
46 26 0.079088
46 27 0.079088
46 28 0.079088
46 29 0.079088
46 30 0.079088
46 31 0.079088
46 32 0.079089
46 33 0.079089
46 34 0.079089
46 35 0.079089
46 36 0.079090
46 37 0.079090
46 38 0.079090
46 39 0.079090
46 40 0.079090
46 41 0.079091
46 42 0.079091
46 43 0.079091
46 44 0.079091
46 45 0.079092
46 46 0.079092
46 47 0.079092
46 48 0.079092
46 49 0.079092
46 50 0.079093
46 51 0.079093
46 52 0.079093
46 53 0.079093
46 54 0.079093
46 55 0.079093
46 56 0.079093
46 57 0.079093
46 58 0.079093
46 59 0.079093
46 60 0.079093
46 61 0.079093
46 62 0.079093
46 63 0.079093
46 64 0.079093
46 65 0.079092
46 66 0.079092
46 67 0.079092
46 68 0.079092
46 69 0.079091
46 70 0.079091
46 71 0.079091
46 72 0.079091
46 73 0.079090
46 74 0.079090
46 75 0.079090
46 76 0.079089
46 77 0.079089
46 78 0.079089
46 79 0.079088
46 80 0.079088
46 81 0.079088
46 82 0.079088
46 83 0.079087
46 84 0.079087
46 85 0.079087
46 86 0.079087
46 87 0.079086
46 88 0.079086
46 89 0.079086
46 90 0.079086
46 91 0.079085
46 92 0.079085
46 93 0.079085
46 94 0.079084
46 95 0.079084
46 96 0.079084
46 97 0.079084
46 98 0.079083
46 99 0.079083

47 0 0.079087
47 1 0.079087
47 2 0.079087
47 3 0.079087
47 4 0.079087
47 5 0.079087
47 6 0.079087
47 7 0.079087
47 8 0.079087
47 9 0.079087
47 10 0.079088
47 11 0.079088
47 12 0.079088
47 13 0.079088
47 14 0.079088
47 15 0.079088
47 16 0.079088
47 17 0.079088
47 18 0.079088
47 19 0.079088
47 20 0.079088
47 21 0.079088
47 22 0.079088
47 23 0.079088
47 24 0.079089
47 25 0.079089
47 26 0.079089
47 27 0.079089
47 28 0.079089
47 29 0.079089
47 30 0.079089
47 31 0.079090
47 32 0.079090
47 33 0.079090
47 34 0.079090
47 35 0.079090
47 36 0.079091
47 37 0.079091
47 38 0.079091
47 39 0.079091
47 40 0.079092
47 41 0.079092
47 42 0.079092
47 43 0.079092
47 44 0.079093
47 45 0.079093
47 46 0.079093
47 47 0.079093
47 48 0.079094
47 49 0.079094
47 50 0.079094
47 51 0.079094
47 52 0.079094
47 53 0.079094
47 54 0.079094
47 55 0.079094
47 56 0.079094
47 57 0.079094
47 58 0.079094
47 59 0.079094
47 60 0.079094
47 61 0.079094
47 62 0.079094
47 63 0.079094
47 64 0.079094
47 65 0.079094
47 66 0.079094
47 67 0.079093
47 68 0.079093
47 69 0.079093
47 70 0.079092
47 71 0.079092
47 72 0.079092
47 73 0.079092
47 74 0.079091
47 75 0.079091
47 76 0.079091
47 77 0.079090
47 78 0.079090
47 79 0.079090
47 80 0.079089
47 81 0.079089
47 82 0.079089
47 83 0.079089
47 84 0.079088
47 85 0.079088
47 86 0.079088
47 87 0.079088
47 88 0.079087
47 89 0.079087
47 90 0.079087
47 91 0.079087
47 92 0.079086
47 93 0.079086
47 94 0.079086
47 95 0.079085
47 96 0.079085
47 97 0.079085
47 98 0.079084
47 99 0.079084

48 0 0.079088
48 1 0.079088
48 2 0.079088
48 3 0.079088
48 4 0.079088
48 5 0.079088
48 6 0.079088
48 7 0.079089
48 8 0.079089
48 9 0.079089
48 10 0.079089
48 11 0.079089
48 12 0.079089
48 13 0.079089
48 14 0.079089
48 15 0.079089
48 16 0.079089
48 17 0.079089
48 18 0.079089
48 19 0.079089
48 20 0.079089
48 21 0.079089
48 22 0.079089
48 23 0.079090
48 24 0.079090
48 25 0.079090
48 26 0.079090
48 27 0.079090
48 28 0.079090
48 29 0.079090
48 30 0.079091
48 31 0.079091
48 32 0.079091
48 33 0.079091
48 34 0.079091
48 35 0.079092
48 36 0.079092
48 37 0.079092
48 38 0.079092
48 39 0.079093
48 40 0.079093
48 41 0.079093
48 42 0.079093
48 43 0.079094
48 44 0.079094
48 45 0.079094
48 46 0.079094
48 47 0.079095
48 48 0.079095
48 49 0.079095
48 50 0.079095
48 51 0.079095
48 52 0.079095
48 53 0.079096
48 54 0.079096
48 55 0.079096
48 56 0.079096
48 57 0.079096
48 58 0.079096
48 59 0.079096
48 60 0.079096
48 61 0.079096
48 62 0.079095
48 63 0.079095
48 64 0.079095
48 65 0.079095
48 66 0.079095
48 67 0.079095
48 68 0.079094
48 69 0.079094
48 70 0.079094
48 71 0.079093
48 72 0.079093
48 73 0.079093
48 74 0.079093
48 75 0.079092
48 76 0.079092
48 77 0.079092
48 78 0.079091
48 79 0.079091
48 80 0.079091
48 81 0.079090
48 82 0.079090
48 83 0.079090
48 84 0.079090
48 85 0.079089
48 86 0.079089
48 87 0.079089
48 88 0.079089
48 89 0.079088
48 90 0.079088
48 91 0.079088
48 92 0.079087
48 93 0.079087
48 94 0.079087
48 95 0.079086
48 96 0.079086
48 97 0.079086
48 98 0.079085
48 99 0.079085

49 0 0.079089
49 1 0.079089
49 2 0.079090
49 3 0.079090
49 4 0.079090
49 5 0.079090
49 6 0.079090
49 7 0.079090
49 8 0.079090
49 9 0.079090
49 10 0.079090
49 11 0.079090
49 12 0.079090
49 13 0.079090
49 14 0.079090
49 15 0.079090
49 16 0.079090
49 17 0.079090
49 18 0.079090
49 19 0.079090
49 20 0.079090
49 21 0.079091
49 22 0.079091
49 23 0.079091
49 24 0.079091
49 25 0.079091
49 26 0.079091
49 27 0.079091
49 28 0.079091
49 29 0.079092
49 30 0.079092
49 31 0.079092
49 32 0.079092
49 33 0.079092
49 34 0.079093
49 35 0.079093
49 36 0.079093
49 37 0.079093
49 38 0.079094
49 39 0.079094
49 40 0.079094
49 41 0.079094
49 42 0.079095
49 43 0.079095
49 44 0.079095
49 45 0.079095
49 46 0.079096
49 47 0.079096
49 48 0.079096
49 49 0.079096
49 50 0.079096
49 51 0.079097
49 52 0.079097
49 53 0.079097
49 54 0.079097
49 55 0.079097
49 56 0.079097
49 57 0.079097
49 58 0.079097
49 59 0.079097
49 60 0.079097
49 61 0.079097
49 62 0.079097
49 63 0.079097
49 64 0.079096
49 65 0.079096
49 66 0.079096
49 67 0.079096
49 68 0.079096
49 69 0.079095
49 70 0.079095
49 71 0.079095
49 72 0.079095
49 73 0.079094
49 74 0.079094
49 75 0.079094
49 76 0.079093
49 77 0.079093
49 78 0.079093
49 79 0.079092
49 80 0.079092
49 81 0.079092
49 82 0.079091
49 83 0.079091
49 84 0.079091
49 85 0.079091
49 86 0.079090
49 87 0.079090
49 88 0.079090
49 89 0.079090
49 90 0.079089
49 91 0.079089
49 92 0.079089
49 93 0.079088
49 94 0.079088
49 95 0.079088
49 96 0.079087
49 97 0.079087
49 98 0.079087
49 99 0.079087

50 0 0.079091
50 1 0.079091
50 2 0.079091
50 3 0.079091
50 4 0.079091
50 5 0.079091
50 6 0.079091
50 7 0.079091
50 8 0.079091
50 9 0.079091
50 10 0.079091
50 11 0.079091
50 12 0.079091
50 13 0.079091
50 14 0.079091
50 15 0.079092
50 16 0.079092
50 17 0.079092
50 18 0.079092
50 19 0.079092
50 20 0.079092
50 21 0.079092
50 22 0.079092
50 23 0.079092
50 24 0.079092
50 25 0.079092
50 26 0.079092
50 27 0.079092
50 28 0.079093
50 29 0.079093
50 30 0.079093
50 31 0.079093
50 32 0.079093
50 33 0.079094
50 34 0.079094
50 35 0.079094
50 36 0.079094
50 37 0.079095
50 38 0.079095
50 39 0.079095
50 40 0.079095
50 41 0.079096
50 42 0.079096
50 43 0.079096
50 44 0.079096
50 45 0.079097
50 46 0.079097
50 47 0.079097
50 48 0.079097
50 49 0.079097
50 50 0.079098
50 51 0.079098
50 52 0.079098
50 53 0.079098
50 54 0.079098
50 55 0.079098
50 56 0.079098
50 57 0.079098
50 58 0.079098
50 59 0.079098
50 60 0.079098
50 61 0.079098
50 62 0.079098
50 63 0.079098
50 64 0.079098
50 65 0.079098
50 66 0.079097
50 67 0.079097
50 68 0.079097
50 69 0.079097
50 70 0.079096
50 71 0.079096
50 72 0.079096
50 73 0.079096
50 74 0.079095
50 75 0.079095
50 76 0.079095
50 77 0.079094
50 78 0.079094
50 79 0.079094
50 80 0.079093
50 81 0.079093
50 82 0.079093
50 83 0.079092
50 84 0.079092
50 85 0.079092
50 86 0.079092
50 87 0.079091
50 88 0.079091
50 89 0.079091
50 90 0.079091
50 91 0.079090
50 92 0.079090
50 93 0.079090
50 94 0.079089
50 95 0.079089
50 96 0.079089
50 97 0.079089
50 98 0.079088
50 99 0.079088

51 0 0.079092
51 1 0.079092
51 2 0.079093
51 3 0.079093
51 4 0.079093
51 5 0.079093
51 6 0.079093
51 7 0.079093
51 8 0.079093
51 9 0.079093
51 10 0.079093
51 11 0.079093
51 12 0.079093
51 13 0.079093
51 14 0.079093
51 15 0.079093
51 16 0.079093
51 17 0.079093
51 18 0.079093
51 19 0.079093
51 20 0.079093
51 21 0.079093
51 22 0.079093
51 23 0.079093
51 24 0.079093
51 25 0.079093
51 26 0.079094
51 27 0.079094
51 28 0.079094
51 29 0.079094
51 30 0.079094
51 31 0.079094
51 32 0.079095
51 33 0.079095
51 34 0.079095
51 35 0.079095
51 36 0.079095
51 37 0.079096
51 38 0.079096
51 39 0.079096
51 40 0.079096
51 41 0.079097
51 42 0.079097
51 43 0.079097
51 44 0.079098
51 45 0.079098
51 46 0.079098
51 47 0.079098
51 48 0.079098
51 49 0.079099
51 50 0.079099
51 51 0.079099
51 52 0.079099
51 53 0.079099
51 54 0.079099
51 55 0.079099
51 56 0.079100
51 57 0.079100
51 58 0.079100
51 59 0.079100
51 60 0.079100
51 61 0.079099
51 62 0.079099
51 63 0.079099
51 64 0.079099
51 65 0.079099
51 66 0.079099
51 67 0.079099
51 68 0.079098
51 69 0.079098
51 70 0.079098
51 71 0.079097
51 72 0.079097
51 73 0.079097
51 74 0.079097
51 75 0.079096
51 76 0.079096
51 77 0.079096
51 78 0.079095
51 79 0.079095
51 80 0.079095
51 81 0.079094
51 82 0.079094
51 83 0.079094
51 84 0.079094
51 85 0.079093
51 86 0.079093
51 87 0.079093
51 88 0.079093
51 89 0.079092
51 90 0.079092
51 91 0.079092
51 92 0.079092
51 93 0.079091
51 94 0.079091
51 95 0.079091
51 96 0.079090
51 97 0.079090
51 98 0.079090
51 99 0.079090

52 0 0.079094
52 1 0.079094
52 2 0.079094
52 3 0.079094
52 4 0.079094
52 5 0.079094
52 6 0.079094
52 7 0.079094
52 8 0.079094
52 9 0.079094
52 10 0.079094
52 11 0.079094
52 12 0.079094
52 13 0.079094
52 14 0.079094
52 15 0.079094
52 16 0.079094
52 17 0.079094
52 18 0.079094
52 19 0.079094
52 20 0.079094
52 21 0.079094
52 22 0.079094
52 23 0.079095
52 24 0.079095
52 25 0.079095
52 26 0.079095
52 27 0.079095
52 28 0.079095
52 29 0.079095
52 30 0.079095
52 31 0.079096
52 32 0.079096
52 33 0.079096
52 34 0.079096
52 35 0.079096
52 36 0.079097
52 37 0.079097
52 38 0.079097
52 39 0.079097
52 40 0.079098
52 41 0.079098
52 42 0.079098
52 43 0.079098
52 44 0.079099
52 45 0.079099
52 46 0.079099
52 47 0.079099
52 48 0.079100
52 49 0.079100
52 50 0.079100
52 51 0.079100
52 52 0.079100
52 53 0.079101
52 54 0.079101
52 55 0.079101
52 56 0.079101
52 57 0.079101
52 58 0.079101
52 59 0.079101
52 60 0.079101
52 61 0.079101
52 62 0.079101
52 63 0.079101
52 64 0.079100
52 65 0.079100
52 66 0.079100
52 67 0.079100
52 68 0.079100
52 69 0.079099
52 70 0.079099
52 71 0.079099
52 72 0.079099
52 73 0.079098
52 74 0.079098
52 75 0.079098
52 76 0.079097
52 77 0.079097
52 78 0.079097
52 79 0.079096
52 80 0.079096
52 81 0.079096
52 82 0.079095
52 83 0.079095
52 84 0.079095
52 85 0.079095
52 86 0.079094
52 87 0.079094
52 88 0.079094
52 89 0.079094
52 90 0.079093
52 91 0.079093
52 92 0.079093
52 93 0.079093
52 94 0.079092
52 95 0.079092
52 96 0.079092
52 97 0.079092
52 98 0.079091
52 99 0.079091

53 0 0.079096
53 1 0.079096
53 2 0.079096
53 3 0.079096
53 4 0.079096
53 5 0.079096
53 6 0.079096
53 7 0.079096
53 8 0.079096
53 9 0.079096
53 10 0.079096
53 11 0.079096
53 12 0.079096
53 13 0.079096
53 14 0.079096
53 15 0.079096
53 16 0.079096
53 17 0.079096
53 18 0.079096
53 19 0.079096
53 20 0.079096
53 21 0.079096
53 22 0.079096
53 23 0.079096
53 24 0.079096
53 25 0.079096
53 26 0.079096
53 27 0.079096
53 28 0.079096
53 29 0.079097
53 30 0.079097
53 31 0.079097
53 32 0.079097
53 33 0.079097
53 34 0.079097
53 35 0.079098
53 36 0.079098
53 37 0.079098
53 38 0.079098
53 39 0.079099
53 40 0.079099
53 41 0.079099
53 42 0.079099
53 43 0.079100
53 44 0.079100
53 45 0.079100
53 46 0.079100
53 47 0.079101
53 48 0.079101
53 49 0.079101
53 50 0.079101
53 51 0.079101
53 52 0.079102
53 53 0.079102
53 54 0.079102
53 55 0.079102
53 56 0.079102
53 57 0.079102
53 58 0.079102
53 59 0.079102
53 60 0.079102
53 61 0.079102
53 62 0.079102
53 63 0.079102
53 64 0.079102
53 65 0.079101
53 66 0.079101
53 67 0.079101
53 68 0.079101
53 69 0.079101
53 70 0.079100
53 71 0.079100
53 72 0.079100
53 73 0.079100
53 74 0.079099
53 75 0.079099
53 76 0.079099
53 77 0.079098
53 78 0.079098
53 79 0.079098
53 80 0.079097
53 81 0.079097
53 82 0.079097
53 83 0.079097
53 84 0.079096
53 85 0.079096
53 86 0.079096
53 87 0.079096
53 88 0.079095
53 89 0.079095
53 90 0.079095
53 91 0.079095
53 92 0.079094
53 93 0.079094
53 94 0.079094
53 95 0.079094
53 96 0.079093
53 97 0.079093
53 98 0.079093
53 99 0.079093

54 0 0.079098
54 1 0.079098
54 2 0.079098
54 3 0.079097
54 4 0.079097
54 5 0.079097
54 6 0.079097
54 7 0.079097
54 8 0.079097
54 9 0.079097
54 10 0.079097
54 11 0.079097
54 12 0.079097
54 13 0.079097
54 14 0.079097
54 15 0.079097
54 16 0.079097
54 17 0.079097
54 18 0.079097
54 19 0.079097
54 20 0.079097
54 21 0.079097
54 22 0.079097
54 23 0.079097
54 24 0.079097
54 25 0.079097
54 26 0.079097
54 27 0.079098
54 28 0.079098
54 29 0.079098
54 30 0.079098
54 31 0.079098
54 32 0.079098
54 33 0.079098
54 34 0.079099
54 35 0.079099
54 36 0.079099
54 37 0.079099
54 38 0.079100
54 39 0.079100
54 40 0.079100
54 41 0.079100
54 42 0.079101
54 43 0.079101
54 44 0.079101
54 45 0.079101
54 46 0.079102
54 47 0.079102
54 48 0.079102
54 49 0.079102
54 50 0.079102
54 51 0.079103
54 52 0.079103
54 53 0.079103
54 54 0.079103
54 55 0.079103
54 56 0.079103
54 57 0.079103
54 58 0.079103
54 59 0.079103
54 60 0.079103
54 61 0.079103
54 62 0.079103
54 63 0.079103
54 64 0.079103
54 65 0.079103
54 66 0.079103
54 67 0.079102
54 68 0.079102
54 69 0.079102
54 70 0.079102
54 71 0.079101
54 72 0.079101
54 73 0.079101
54 74 0.079101
54 75 0.079100
54 76 0.079100
54 77 0.079100
54 78 0.079099
54 79 0.079099
54 80 0.079099
54 81 0.079099
54 82 0.079098
54 83 0.079098
54 84 0.079098
54 85 0.079098
54 86 0.079097
54 87 0.079097
54 88 0.079097
54 89 0.079097
54 90 0.079096
54 91 0.079096
54 92 0.079096
54 93 0.079096
54 94 0.079096
54 95 0.079095
54 96 0.079095
54 97 0.079095
54 98 0.079095
54 99 0.079095

55 0 0.079099
55 1 0.079099
55 2 0.079099
55 3 0.079099
55 4 0.079099
55 5 0.079099
55 6 0.079099
55 7 0.079099
55 8 0.079099
55 9 0.079099
55 10 0.079099
55 11 0.079099
55 12 0.079099
55 13 0.079099
55 14 0.079099
55 15 0.079099
55 16 0.079099
55 17 0.079099
55 18 0.079099
55 19 0.079099
55 20 0.079099
55 21 0.079099
55 22 0.079099
55 23 0.079099
55 24 0.079099
55 25 0.079099
55 26 0.079099
55 27 0.079099
55 28 0.079099
55 29 0.079099
55 30 0.079099
55 31 0.079099
55 32 0.079100
55 33 0.079100
55 34 0.079100
55 35 0.079100
55 36 0.079100
55 37 0.079100
55 38 0.079101
55 39 0.079101
55 40 0.079101
55 41 0.079101
55 42 0.079102
55 43 0.079102
55 44 0.079102
55 45 0.079102
55 46 0.079103
55 47 0.079103
55 48 0.079103
55 49 0.079103
55 50 0.079103
55 51 0.079104
55 52 0.079104
55 53 0.079104
55 54 0.079104
55 55 0.079104
55 56 0.079104
55 57 0.079104
55 58 0.079104
55 59 0.079104
55 60 0.079104
55 61 0.079104
55 62 0.079104
55 63 0.079104
55 64 0.079104
55 65 0.079104
55 66 0.079104
55 67 0.079104
55 68 0.079103
55 69 0.079103
55 70 0.079103
55 71 0.079103
55 72 0.079103
55 73 0.079102
55 74 0.079102
55 75 0.079102
55 76 0.079101
55 77 0.079101
55 78 0.079101
55 79 0.079101
55 80 0.079100
55 81 0.079100
55 82 0.079100
55 83 0.079099
55 84 0.079099
55 85 0.079099
55 86 0.079099
55 87 0.079099
55 88 0.079098
55 89 0.079098
55 90 0.079098
55 91 0.079098
55 92 0.079098
55 93 0.079097
55 94 0.079097
55 95 0.079097
55 96 0.079097
55 97 0.079097
55 98 0.079096
55 99 0.079096

56 0 0.079101
56 1 0.079101
56 2 0.079101
56 3 0.079101
56 4 0.079101
56 5 0.079101
56 6 0.079101
56 7 0.079101
56 8 0.079101
56 9 0.079100
56 10 0.079100
56 11 0.079100
56 12 0.079100
56 13 0.079100
56 14 0.079100
56 15 0.079100
56 16 0.079100
56 17 0.079100
56 18 0.079100
56 19 0.079100
56 20 0.079100
56 21 0.079100
56 22 0.079100
56 23 0.079100
56 24 0.079100
56 25 0.079100
56 26 0.079100
56 27 0.079100
56 28 0.079100
56 29 0.079100
56 30 0.079100
56 31 0.079101
56 32 0.079101
56 33 0.079101
56 34 0.079101
56 35 0.079101
56 36 0.079101
56 37 0.079102
56 38 0.079102
56 39 0.079102
56 40 0.079102
56 41 0.079103
56 42 0.079103
56 43 0.079103
56 44 0.079103
56 45 0.079103
56 46 0.079104
56 47 0.079104
56 48 0.079104
56 49 0.079104
56 50 0.079105
56 51 0.079105
56 52 0.079105
56 53 0.079105
56 54 0.079105
56 55 0.079105
56 56 0.079105
56 57 0.079105
56 58 0.079106
56 59 0.079106
56 60 0.079106
56 61 0.079106
56 62 0.079105
56 63 0.079105
56 64 0.079105
56 65 0.079105
56 66 0.079105
56 67 0.079105
56 68 0.079105
56 69 0.079105
56 70 0.079104
56 71 0.079104
56 72 0.079104
56 73 0.079104
56 74 0.079103
56 75 0.079103
56 76 0.079103
56 77 0.079103
56 78 0.079102
56 79 0.079102
56 80 0.079102
56 81 0.079101
56 82 0.079101
56 83 0.079101
56 84 0.079101
56 85 0.079101
56 86 0.079100
56 87 0.079100
56 88 0.079100
56 89 0.079100
56 90 0.079100
56 91 0.079099
56 92 0.079099
56 93 0.079099
56 94 0.079099
56 95 0.079099
56 96 0.079098
56 97 0.079098
56 98 0.079098
56 99 0.079098

57 0 0.079103
57 1 0.079103
57 2 0.079103
57 3 0.079103
57 4 0.079103
57 5 0.079103
57 6 0.079102
57 7 0.079102
57 8 0.079102
57 9 0.079102
57 10 0.079102
57 11 0.079102
57 12 0.079102
57 13 0.079102
57 14 0.079102
57 15 0.079102
57 16 0.079102
57 17 0.079102
57 18 0.079102
57 19 0.079102
57 20 0.079101
57 21 0.079101
57 22 0.079101
57 23 0.079101
57 24 0.079101
57 25 0.079101
57 26 0.079101
57 27 0.079101
57 28 0.079102
57 29 0.079102
57 30 0.079102
57 31 0.079102
57 32 0.079102
57 33 0.079102
57 34 0.079102
57 35 0.079102
57 36 0.079103
57 37 0.079103
57 38 0.079103
57 39 0.079103
57 40 0.079103
57 41 0.079104
57 42 0.079104
57 43 0.079104
57 44 0.079104
57 45 0.079105
57 46 0.079105
57 47 0.079105
57 48 0.079105
57 49 0.079105
57 50 0.079106
57 51 0.079106
57 52 0.079106
57 53 0.079106
57 54 0.079106
57 55 0.079106
57 56 0.079106
57 57 0.079107
57 58 0.079107
57 59 0.079107
57 60 0.079107
57 61 0.079107
57 62 0.079107
57 63 0.079107
57 64 0.079106
57 65 0.079106
57 66 0.079106
57 67 0.079106
57 68 0.079106
57 69 0.079106
57 70 0.079106
57 71 0.079105
57 72 0.079105
57 73 0.079105
57 74 0.079105
57 75 0.079104
57 76 0.079104
57 77 0.079104
57 78 0.079104
57 79 0.079103
57 80 0.079103
57 81 0.079103
57 82 0.079103
57 83 0.079102
57 84 0.079102
57 85 0.079102
57 86 0.079102
57 87 0.079102
57 88 0.079101
57 89 0.079101
57 90 0.079101
57 91 0.079101
57 92 0.079101
57 93 0.079101
57 94 0.079101
57 95 0.079100
57 96 0.079100
57 97 0.079100
57 98 0.079100
57 99 0.079100

58 0 0.079105
58 1 0.079105
58 2 0.079105
58 3 0.079105
58 4 0.079104
58 5 0.079104
58 6 0.079104
58 7 0.079104
58 8 0.079104
58 9 0.079104
58 10 0.079104
58 11 0.079104
58 12 0.079104
58 13 0.079103
58 14 0.079103
58 15 0.079103
58 16 0.079103
58 17 0.079103
58 18 0.079103
58 19 0.079103
58 20 0.079103
58 21 0.079103
58 22 0.079103
58 23 0.079103
58 24 0.079103
58 25 0.079103
58 26 0.079103
58 27 0.079103
58 28 0.079103
58 29 0.079103
58 30 0.079103
58 31 0.079103
58 32 0.079103
58 33 0.079103
58 34 0.079103
58 35 0.079104
58 36 0.079104
58 37 0.079104
58 38 0.079104
58 39 0.079104
58 40 0.079104
58 41 0.079105
58 42 0.079105
58 43 0.079105
58 44 0.079105
58 45 0.079105
58 46 0.079106
58 47 0.079106
58 48 0.079106
58 49 0.079106
58 50 0.079107
58 51 0.079107
58 52 0.079107
58 53 0.079107
58 54 0.079107
58 55 0.079107
58 56 0.079107
58 57 0.079108
58 58 0.079108
58 59 0.079108
58 60 0.079108
58 61 0.079108
58 62 0.079108
58 63 0.079108
58 64 0.079108
58 65 0.079107
58 66 0.079107
58 67 0.079107
58 68 0.079107
58 69 0.079107
58 70 0.079107
58 71 0.079107
58 72 0.079106
58 73 0.079106
58 74 0.079106
58 75 0.079106
58 76 0.079106
58 77 0.079105
58 78 0.079105
58 79 0.079105
58 80 0.079105
58 81 0.079104
58 82 0.079104
58 83 0.079104
58 84 0.079104
58 85 0.079104
58 86 0.079103
58 87 0.079103
58 88 0.079103
58 89 0.079103
58 90 0.079103
58 91 0.079103
58 92 0.079102
58 93 0.079102
58 94 0.079102
58 95 0.079102
58 96 0.079102
58 97 0.079102
58 98 0.079102
58 99 0.079102

59 0 0.079107
59 1 0.079107
59 2 0.079106
59 3 0.079106
59 4 0.079106
59 5 0.079106
59 6 0.079106
59 7 0.079106
59 8 0.079106
59 9 0.079106
59 10 0.079105
59 11 0.079105
59 12 0.079105
59 13 0.079105
59 14 0.079105
59 15 0.079105
59 16 0.079105
59 17 0.079105
59 18 0.079105
59 19 0.079105
59 20 0.079104
59 21 0.079104
59 22 0.079104
59 23 0.079104
59 24 0.079104
59 25 0.079104
59 26 0.079104
59 27 0.079104
59 28 0.079104
59 29 0.079104
59 30 0.079104
59 31 0.079104
59 32 0.079104
59 33 0.079104
59 34 0.079104
59 35 0.079105
59 36 0.079105
59 37 0.079105
59 38 0.079105
59 39 0.079105
59 40 0.079105
59 41 0.079106
59 42 0.079106
59 43 0.079106
59 44 0.079106
59 45 0.079106
59 46 0.079107
59 47 0.079107
59 48 0.079107
59 49 0.079107
59 50 0.079107
59 51 0.079108
59 52 0.079108
59 53 0.079108
59 54 0.079108
59 55 0.079108
59 56 0.079108
59 57 0.079108
59 58 0.079109
59 59 0.079109
59 60 0.079109
59 61 0.079109
59 62 0.079109
59 63 0.079109
59 64 0.079109
59 65 0.079109
59 66 0.079108
59 67 0.079108
59 68 0.079108
59 69 0.079108
59 70 0.079108
59 71 0.079108
59 72 0.079108
59 73 0.079107
59 74 0.079107
59 75 0.079107
59 76 0.079107
59 77 0.079107
59 78 0.079106
59 79 0.079106
59 80 0.079106
59 81 0.079106
59 82 0.079106
59 83 0.079105
59 84 0.079105
59 85 0.079105
59 86 0.079105
59 87 0.079105
59 88 0.079105
59 89 0.079104
59 90 0.079104
59 91 0.079104
59 92 0.079104
59 93 0.079104
59 94 0.079104
59 95 0.079104
59 96 0.079104
59 97 0.079104
59 98 0.079104
59 99 0.079103

60 0 0.079109
60 1 0.079109
60 2 0.079108
60 3 0.079108
60 4 0.079108
60 5 0.079108
60 6 0.079108
60 7 0.079108
60 8 0.079107
60 9 0.079107
60 10 0.079107
60 11 0.079107
60 12 0.079107
60 13 0.079107
60 14 0.079107
60 15 0.079107
60 16 0.079106
60 17 0.079106
60 18 0.079106
60 19 0.079106
60 20 0.079106
60 21 0.079106
60 22 0.079106
60 23 0.079106
60 24 0.079105
60 25 0.079105
60 26 0.079105
60 27 0.079105
60 28 0.079105
60 29 0.079105
60 30 0.079105
60 31 0.079105
60 32 0.079105
60 33 0.079105
60 34 0.079106
60 35 0.079106
60 36 0.079106
60 37 0.079106
60 38 0.079106
60 39 0.079106
60 40 0.079106
60 41 0.079106
60 42 0.079107
60 43 0.079107
60 44 0.079107
60 45 0.079107
60 46 0.079107
60 47 0.079108
60 48 0.079108
60 49 0.079108
60 50 0.079108
60 51 0.079108
60 52 0.079109
60 53 0.079109
60 54 0.079109
60 55 0.079109
60 56 0.079109
60 57 0.079109
60 58 0.079109
60 59 0.079110
60 60 0.079110
60 61 0.079110
60 62 0.079110
60 63 0.079110
60 64 0.079110
60 65 0.079110
60 66 0.079110
60 67 0.079109
60 68 0.079109
60 69 0.079109
60 70 0.079109
60 71 0.079109
60 72 0.079109
60 73 0.079109
60 74 0.079109
60 75 0.079108
60 76 0.079108
60 77 0.079108
60 78 0.079108
60 79 0.079108
60 80 0.079107
60 81 0.079107
60 82 0.079107
60 83 0.079107
60 84 0.079107
60 85 0.079107
60 86 0.079106
60 87 0.079106
60 88 0.079106
60 89 0.079106
60 90 0.079106
60 91 0.079106
60 92 0.079106
60 93 0.079106
60 94 0.079106
60 95 0.079106
60 96 0.079106
60 97 0.079105
60 98 0.079105
60 99 0.079105

61 0 0.079110
61 1 0.079110
61 2 0.079110
61 3 0.079110
61 4 0.079110
61 5 0.079110
61 6 0.079110
61 7 0.079109
61 8 0.079109
61 9 0.079109
61 10 0.079109
61 11 0.079109
61 12 0.079109
61 13 0.079108
61 14 0.079108
61 15 0.079108
61 16 0.079108
61 17 0.079108
61 18 0.079108
61 19 0.079107
61 20 0.079107
61 21 0.079107
61 22 0.079107
61 23 0.079107
61 24 0.079107
61 25 0.079107
61 26 0.079107
61 27 0.079107
61 28 0.079106
61 29 0.079106
61 30 0.079106
61 31 0.079106
61 32 0.079106
61 33 0.079106
61 34 0.079107
61 35 0.079107
61 36 0.079107
61 37 0.079107
61 38 0.079107
61 39 0.079107
61 40 0.079107
61 41 0.079107
61 42 0.079108
61 43 0.079108
61 44 0.079108
61 45 0.079108
61 46 0.079108
61 47 0.079108
61 48 0.079109
61 49 0.079109
61 50 0.079109
61 51 0.079109
61 52 0.079109
61 53 0.079110
61 54 0.079110
61 55 0.079110
61 56 0.079110
61 57 0.079110
61 58 0.079110
61 59 0.079110
61 60 0.079110
61 61 0.079110
61 62 0.079111
61 63 0.079111
61 64 0.079111
61 65 0.079111
61 66 0.079111
61 67 0.079110
61 68 0.079110
61 69 0.079110
61 70 0.079110
61 71 0.079110
61 72 0.079110
61 73 0.079110
61 74 0.079110
61 75 0.079110
61 76 0.079109
61 77 0.079109
61 78 0.079109
61 79 0.079109
61 80 0.079109
61 81 0.079109
61 82 0.079108
61 83 0.079108
61 84 0.079108
61 85 0.079108
61 86 0.079108
61 87 0.079108
61 88 0.079108
61 89 0.079108
61 90 0.079108
61 91 0.079107
61 92 0.079107
61 93 0.079107
61 94 0.079107
61 95 0.079107
61 96 0.079107
61 97 0.079107
61 98 0.079107
61 99 0.079107

62 0 0.079112
62 1 0.079112
62 2 0.079112
62 3 0.079112
62 4 0.079112
62 5 0.079112
62 6 0.079111
62 7 0.079111
62 8 0.079111
62 9 0.079111
62 10 0.079111
62 11 0.079110
62 12 0.079110
62 13 0.079110
62 14 0.079110
62 15 0.079110
62 16 0.079110
62 17 0.079109
62 18 0.079109
62 19 0.079109
62 20 0.079109
62 21 0.079109
62 22 0.079108
62 23 0.079108
62 24 0.079108
62 25 0.079108
62 26 0.079108
62 27 0.079108
62 28 0.079108
62 29 0.079108
62 30 0.079108
62 31 0.079107
62 32 0.079107
62 33 0.079107
62 34 0.079108
62 35 0.079108
62 36 0.079108
62 37 0.079108
62 38 0.079108
62 39 0.079108
62 40 0.079108
62 41 0.079108
62 42 0.079108
62 43 0.079108
62 44 0.079109
62 45 0.079109
62 46 0.079109
62 47 0.079109
62 48 0.079109
62 49 0.079110
62 50 0.079110
62 51 0.079110
62 52 0.079110
62 53 0.079110
62 54 0.079110
62 55 0.079111
62 56 0.079111
62 57 0.079111
62 58 0.079111
62 59 0.079111
62 60 0.079111
62 61 0.079111
62 62 0.079111
62 63 0.079111
62 64 0.079111
62 65 0.079111
62 66 0.079111
62 67 0.079111
62 68 0.079111
62 69 0.079111
62 70 0.079111
62 71 0.079111
62 72 0.079111
62 73 0.079111
62 74 0.079111
62 75 0.079111
62 76 0.079111
62 77 0.079111
62 78 0.079110
62 79 0.079110
62 80 0.079110
62 81 0.079110
62 82 0.079110
62 83 0.079110
62 84 0.079110
62 85 0.079110
62 86 0.079109
62 87 0.079109
62 88 0.079109
62 89 0.079109
62 90 0.079109
62 91 0.079109
62 92 0.079109
62 93 0.079109
62 94 0.079109
62 95 0.079109
62 96 0.079109
62 97 0.079109
62 98 0.079109
62 99 0.079109

63 0 0.079114
63 1 0.079114
63 2 0.079114
63 3 0.079114
63 4 0.079114
63 5 0.079113
63 6 0.079113
63 7 0.079113
63 8 0.079113
63 9 0.079113
63 10 0.079112
63 11 0.079112
63 12 0.079112
63 13 0.079112
63 14 0.079112
63 15 0.079111
63 16 0.079111
63 17 0.079111
63 18 0.079111
63 19 0.079110
63 20 0.079110
63 21 0.079110
63 22 0.079110
63 23 0.079110
63 24 0.079109
63 25 0.079109
63 26 0.079109
63 27 0.079109
63 28 0.079109
63 29 0.079109
63 30 0.079109
63 31 0.079109
63 32 0.079108
63 33 0.079108
63 34 0.079108
63 35 0.079108
63 36 0.079108
63 37 0.079109
63 38 0.079109
63 39 0.079109
63 40 0.079109
63 41 0.079109
63 42 0.079109
63 43 0.079109
63 44 0.079109
63 45 0.079109
63 46 0.079110
63 47 0.079110
63 48 0.079110
63 49 0.079110
63 50 0.079110
63 51 0.079111
63 52 0.079111
63 53 0.079111
63 54 0.079111
63 55 0.079111
63 56 0.079111
63 57 0.079112
63 58 0.079112
63 59 0.079112
63 60 0.079112
63 61 0.079112
63 62 0.079112
63 63 0.079112
63 64 0.079112
63 65 0.079112
63 66 0.079112
63 67 0.079112
63 68 0.079112
63 69 0.079112
63 70 0.079112
63 71 0.079112
63 72 0.079112
63 73 0.079112
63 74 0.079112
63 75 0.079112
63 76 0.079112
63 77 0.079112
63 78 0.079112
63 79 0.079112
63 80 0.079112
63 81 0.079111
63 82 0.079111
63 83 0.079111
63 84 0.079111
63 85 0.079111
63 86 0.079111
63 87 0.079111
63 88 0.079111
63 89 0.079111
63 90 0.079111
63 91 0.079111
63 92 0.079111
63 93 0.079111
63 94 0.079111
63 95 0.079111
63 96 0.079111
63 97 0.079111
63 98 0.079111
63 99 0.079111

64 0 0.079116
64 1 0.079116
64 2 0.079116
64 3 0.079116
64 4 0.079115
64 5 0.079115
64 6 0.079115
64 7 0.079115
64 8 0.079114
64 9 0.079114
64 10 0.079114
64 11 0.079114
64 12 0.079114
64 13 0.079113
64 14 0.079113
64 15 0.079113
64 16 0.079113
64 17 0.079112
64 18 0.079112
64 19 0.079112
64 20 0.079112
64 21 0.079111
64 22 0.079111
64 23 0.079111
64 24 0.079111
64 25 0.079110
64 26 0.079110
64 27 0.079110
64 28 0.079110
64 29 0.079110
64 30 0.079110
64 31 0.079109
64 32 0.079109
64 33 0.079109
64 34 0.079109
64 35 0.079109
64 36 0.079109
64 37 0.079109
64 38 0.079109
64 39 0.079109
64 40 0.079109
64 41 0.079110
64 42 0.079110
64 43 0.079110
64 44 0.079110
64 45 0.079110
64 46 0.079110
64 47 0.079110
64 48 0.079111
64 49 0.079111
64 50 0.079111
64 51 0.079111
64 52 0.079111
64 53 0.079111
64 54 0.079112
64 55 0.079112
64 56 0.079112
64 57 0.079112
64 58 0.079112
64 59 0.079112
64 60 0.079113
64 61 0.079113
64 62 0.079113
64 63 0.079113
64 64 0.079113
64 65 0.079113
64 66 0.079113
64 67 0.079113
64 68 0.079113
64 69 0.079113
64 70 0.079113
64 71 0.079113
64 72 0.079113
64 73 0.079113
64 74 0.079113
64 75 0.079113
64 76 0.079113
64 77 0.079113
64 78 0.079113
64 79 0.079113
64 80 0.079113
64 81 0.079113
64 82 0.079113
64 83 0.079113
64 84 0.079113
64 85 0.079112
64 86 0.079112
64 87 0.079112
64 88 0.079112
64 89 0.079112
64 90 0.079112
64 91 0.079112
64 92 0.079112
64 93 0.079112
64 94 0.079113
64 95 0.079113
64 96 0.079113
64 97 0.079112
64 98 0.079113
64 99 0.079113

65 0 0.079118
65 1 0.079118
65 2 0.079117
65 3 0.079117
65 4 0.079117
65 5 0.079117
65 6 0.079117
65 7 0.079116
65 8 0.079116
65 9 0.079116
65 10 0.079116
65 11 0.079115
65 12 0.079115
65 13 0.079115
65 14 0.079115
65 15 0.079114
65 16 0.079114
65 17 0.079114
65 18 0.079114
65 19 0.079113
65 20 0.079113
65 21 0.079113
65 22 0.079112
65 23 0.079112
65 24 0.079112
65 25 0.079112
65 26 0.079111
65 27 0.079111
65 28 0.079111
65 29 0.079111
65 30 0.079111
65 31 0.079110
65 32 0.079110
65 33 0.079110
65 34 0.079110
65 35 0.079110
65 36 0.079110
65 37 0.079110
65 38 0.079110
65 39 0.079110
65 40 0.079110
65 41 0.079110
65 42 0.079110
65 43 0.079110
65 44 0.079110
65 45 0.079111
65 46 0.079111
65 47 0.079111
65 48 0.079111
65 49 0.079111
65 50 0.079111
65 51 0.079112
65 52 0.079112
65 53 0.079112
65 54 0.079112
65 55 0.079112
65 56 0.079113
65 57 0.079113
65 58 0.079113
65 59 0.079113
65 60 0.079113
65 61 0.079113
65 62 0.079114
65 63 0.079114
65 64 0.079114
65 65 0.079114
65 66 0.079114
65 67 0.079114
65 68 0.079114
65 69 0.079114
65 70 0.079114
65 71 0.079114
65 72 0.079114
65 73 0.079114
65 74 0.079114
65 75 0.079114
65 76 0.079114
65 77 0.079114
65 78 0.079114
65 79 0.079114
65 80 0.079114
65 81 0.079114
65 82 0.079114
65 83 0.079114
65 84 0.079114
65 85 0.079114
65 86 0.079114
65 87 0.079114
65 88 0.079114
65 89 0.079114
65 90 0.079114
65 91 0.079114
65 92 0.079114
65 93 0.079114
65 94 0.079114
65 95 0.079114
65 96 0.079114
65 97 0.079114
65 98 0.079115
65 99 0.079114

66 0 0.079120
66 1 0.079120
66 2 0.079119
66 3 0.079119
66 4 0.079119
66 5 0.079119
66 6 0.079118
66 7 0.079118
66 8 0.079118
66 9 0.079118
66 10 0.079117
66 11 0.079117
66 12 0.079117
66 13 0.079117
66 14 0.079116
66 15 0.079116
66 16 0.079116
66 17 0.079115
66 18 0.079115
66 19 0.079115
66 20 0.079114
66 21 0.079114
66 22 0.079114
66 23 0.079113
66 24 0.079113
66 25 0.079113
66 26 0.079112
66 27 0.079112
66 28 0.079112
66 29 0.079112
66 30 0.079111
66 31 0.079111
66 32 0.079111
66 33 0.079111
66 34 0.079111
66 35 0.079111
66 36 0.079111
66 37 0.079111
66 38 0.079111
66 39 0.079111
66 40 0.079111
66 41 0.079111
66 42 0.079111
66 43 0.079111
66 44 0.079111
66 45 0.079111
66 46 0.079111
66 47 0.079111
66 48 0.079111
66 49 0.079112
66 50 0.079112
66 51 0.079112
66 52 0.079112
66 53 0.079112
66 54 0.079113
66 55 0.079113
66 56 0.079113
66 57 0.079113
66 58 0.079113
66 59 0.079114
66 60 0.079114
66 61 0.079114
66 62 0.079114
66 63 0.079114
66 64 0.079114
66 65 0.079115
66 66 0.079115
66 67 0.079115
66 68 0.079115
66 69 0.079115
66 70 0.079115
66 71 0.079115
66 72 0.079115
66 73 0.079115
66 74 0.079115
66 75 0.079115
66 76 0.079115
66 77 0.079115
66 78 0.079115
66 79 0.079115
66 80 0.079115
66 81 0.079115
66 82 0.079115
66 83 0.079115
66 84 0.079115
66 85 0.079115
66 86 0.079115
66 87 0.079115
66 88 0.079115
66 89 0.079115
66 90 0.079115
66 91 0.079116
66 92 0.079116
66 93 0.079116
66 94 0.079116
66 95 0.079116
66 96 0.079116
66 97 0.079116
66 98 0.079116
66 99 0.079116

67 0 0.079122
67 1 0.079122
67 2 0.079121
67 3 0.079121
67 4 0.079121
67 5 0.079120
67 6 0.079120
67 7 0.079120
67 8 0.079120
67 9 0.079119
67 10 0.079119
67 11 0.079119
67 12 0.079118
67 13 0.079118
67 14 0.079118
67 15 0.079117
67 16 0.079117
67 17 0.079117
67 18 0.079116
67 19 0.079116
67 20 0.079116
67 21 0.079115
67 22 0.079115
67 23 0.079114
67 24 0.079114
67 25 0.079114
67 26 0.079113
67 27 0.079113
67 28 0.079113
67 29 0.079112
67 30 0.079112
67 31 0.079112
67 32 0.079112
67 33 0.079112
67 34 0.079111
67 35 0.079111
67 36 0.079111
67 37 0.079111
67 38 0.079111
67 39 0.079111
67 40 0.079111
67 41 0.079111
67 42 0.079111
67 43 0.079111
67 44 0.079111
67 45 0.079111
67 46 0.079111
67 47 0.079112
67 48 0.079112
67 49 0.079112
67 50 0.079112
67 51 0.079112
67 52 0.079112
67 53 0.079113
67 54 0.079113
67 55 0.079113
67 56 0.079113
67 57 0.079113
67 58 0.079114
67 59 0.079114
67 60 0.079114
67 61 0.079114
67 62 0.079115
67 63 0.079115
67 64 0.079115
67 65 0.079115
67 66 0.079115
67 67 0.079115
67 68 0.079116
67 69 0.079116
67 70 0.079116
67 71 0.079116
67 72 0.079116
67 73 0.079116
67 74 0.079116
67 75 0.079116
67 76 0.079116
67 77 0.079116
67 78 0.079116
67 79 0.079116
67 80 0.079117
67 81 0.079117
67 82 0.079117
67 83 0.079117
67 84 0.079117
67 85 0.079117
67 86 0.079117
67 87 0.079117
67 88 0.079117
67 89 0.079117
67 90 0.079117
67 91 0.079117
67 92 0.079117
67 93 0.079117
67 94 0.079117
67 95 0.079118
67 96 0.079118
67 97 0.079118
67 98 0.079118
67 99 0.079118

68 0 0.079124
68 1 0.079123
68 2 0.079123
68 3 0.079123
68 4 0.079122
68 5 0.079122
68 6 0.079122
68 7 0.079122
68 8 0.079121
68 9 0.079121
68 10 0.079121
68 11 0.079120
68 12 0.079120
68 13 0.079120
68 14 0.079119
68 15 0.079119
68 16 0.079119
68 17 0.079118
68 18 0.079118
68 19 0.079117
68 20 0.079117
68 21 0.079116
68 22 0.079116
68 23 0.079116
68 24 0.079115
68 25 0.079115
68 26 0.079114
68 27 0.079114
68 28 0.079114
68 29 0.079113
68 30 0.079113
68 31 0.079113
68 32 0.079112
68 33 0.079112
68 34 0.079112
68 35 0.079112
68 36 0.079112
68 37 0.079112
68 38 0.079111
68 39 0.079111
68 40 0.079111
68 41 0.079111
68 42 0.079111
68 43 0.079111
68 44 0.079111
68 45 0.079112
68 46 0.079112
68 47 0.079112
68 48 0.079112
68 49 0.079112
68 50 0.079112
68 51 0.079112
68 52 0.079113
68 53 0.079113
68 54 0.079113
68 55 0.079113
68 56 0.079114
68 57 0.079114
68 58 0.079114
68 59 0.079114
68 60 0.079114
68 61 0.079115
68 62 0.079115
68 63 0.079115
68 64 0.079115
68 65 0.079116
68 66 0.079116
68 67 0.079116
68 68 0.079116
68 69 0.079116
68 70 0.079117
68 71 0.079117
68 72 0.079117
68 73 0.079117
68 74 0.079117
68 75 0.079117
68 76 0.079117
68 77 0.079117
68 78 0.079117
68 79 0.079118
68 80 0.079118
68 81 0.079118
68 82 0.079118
68 83 0.079118
68 84 0.079118
68 85 0.079118
68 86 0.079118
68 87 0.079118
68 88 0.079118
68 89 0.079118
68 90 0.079118
68 91 0.079119
68 92 0.079119
68 93 0.079119
68 94 0.079119
68 95 0.079119
68 96 0.079119
68 97 0.079119
68 98 0.079120
68 99 0.079120

69 0 0.079125
69 1 0.079125
69 2 0.079124
69 3 0.079124
69 4 0.079124
69 5 0.079124
69 6 0.079124
69 7 0.079123
69 8 0.079123
69 9 0.079123
69 10 0.079122
69 11 0.079122
69 12 0.079122
69 13 0.079121
69 14 0.079121
69 15 0.079120
69 16 0.079120
69 17 0.079119
69 18 0.079119
69 19 0.079119
69 20 0.079118
69 21 0.079118
69 22 0.079117
69 23 0.079117
69 24 0.079116
69 25 0.079116
69 26 0.079115
69 27 0.079115
69 28 0.079114
69 29 0.079114
69 30 0.079114
69 31 0.079113
69 32 0.079113
69 33 0.079113
69 34 0.079112
69 35 0.079112
69 36 0.079112
69 37 0.079112
69 38 0.079112
69 39 0.079112
69 40 0.079112
69 41 0.079112
69 42 0.079112
69 43 0.079112
69 44 0.079112
69 45 0.079112
69 46 0.079112
69 47 0.079112
69 48 0.079112
69 49 0.079112
69 50 0.079112
69 51 0.079113
69 52 0.079113
69 53 0.079113
69 54 0.079113
69 55 0.079113
69 56 0.079114
69 57 0.079114
69 58 0.079114
69 59 0.079114
69 60 0.079115
69 61 0.079115
69 62 0.079115
69 63 0.079116
69 64 0.079116
69 65 0.079116
69 66 0.079116
69 67 0.079117
69 68 0.079117
69 69 0.079117
69 70 0.079117
69 71 0.079117
69 72 0.079118
69 73 0.079118
69 74 0.079118
69 75 0.079118
69 76 0.079118
69 77 0.079118
69 78 0.079118
69 79 0.079119
69 80 0.079119
69 81 0.079119
69 82 0.079119
69 83 0.079119
69 84 0.079119
69 85 0.079119
69 86 0.079119
69 87 0.079119
69 88 0.079119
69 89 0.079120
69 90 0.079120
69 91 0.079120
69 92 0.079120
69 93 0.079120
69 94 0.079121
69 95 0.079121
69 96 0.079121
69 97 0.079121
69 98 0.079121
69 99 0.079121

70 0 0.079127
70 1 0.079127
70 2 0.079126
70 3 0.079126
70 4 0.079126
70 5 0.079125
70 6 0.079125
70 7 0.079125
70 8 0.079125
70 9 0.079124
70 10 0.079124
70 11 0.079123
70 12 0.079123
70 13 0.079123
70 14 0.079122
70 15 0.079122
70 16 0.079121
70 17 0.079121
70 18 0.079120
70 19 0.079120
70 20 0.079119
70 21 0.079119
70 22 0.079118
70 23 0.079118
70 24 0.079117
70 25 0.079117
70 26 0.079116
70 27 0.079116
70 28 0.079115
70 29 0.079115
70 30 0.079114
70 31 0.079114
70 32 0.079114
70 33 0.079113
70 34 0.079113
70 35 0.079113
70 36 0.079112
70 37 0.079112
70 38 0.079112
70 39 0.079112
70 40 0.079112
70 41 0.079112
70 42 0.079112
70 43 0.079112
70 44 0.079112
70 45 0.079112
70 46 0.079112
70 47 0.079112
70 48 0.079112
70 49 0.079112
70 50 0.079112
70 51 0.079113
70 52 0.079113
70 53 0.079113
70 54 0.079113
70 55 0.079114
70 56 0.079114
70 57 0.079114
70 58 0.079114
70 59 0.079115
70 60 0.079115
70 61 0.079115
70 62 0.079116
70 63 0.079116
70 64 0.079116
70 65 0.079116
70 66 0.079117
70 67 0.079117
70 68 0.079117
70 69 0.079118
70 70 0.079118
70 71 0.079118
70 72 0.079118
70 73 0.079118
70 74 0.079119
70 75 0.079119
70 76 0.079119
70 77 0.079119
70 78 0.079119
70 79 0.079119
70 80 0.079120
70 81 0.079120
70 82 0.079120
70 83 0.079120
70 84 0.079120
70 85 0.079120
70 86 0.079120
70 87 0.079121
70 88 0.079121
70 89 0.079121
70 90 0.079121
70 91 0.079121
70 92 0.079122
70 93 0.079122
70 94 0.079122
70 95 0.079122
70 96 0.079122
70 97 0.079122
70 98 0.079123
70 99 0.079123

71 0 0.079129
71 1 0.079128
71 2 0.079128
71 3 0.079128
71 4 0.079127
71 5 0.079127
71 6 0.079127
71 7 0.079126
71 8 0.079126
71 9 0.079126
71 10 0.079125
71 11 0.079125
71 12 0.079124
71 13 0.079124
71 14 0.079124
71 15 0.079123
71 16 0.079123
71 17 0.079122
71 18 0.079121
71 19 0.079121
71 20 0.079120
71 21 0.079120
71 22 0.079119
71 23 0.079118
71 24 0.079118
71 25 0.079117
71 26 0.079117
71 27 0.079116
71 28 0.079116
71 29 0.079115
71 30 0.079115
71 31 0.079114
71 32 0.079114
71 33 0.079114
71 34 0.079113
71 35 0.079113
71 36 0.079113
71 37 0.079112
71 38 0.079112
71 39 0.079112
71 40 0.079112
71 41 0.079112
71 42 0.079112
71 43 0.079112
71 44 0.079112
71 45 0.079112
71 46 0.079112
71 47 0.079112
71 48 0.079112
71 49 0.079112
71 50 0.079112
71 51 0.079113
71 52 0.079113
71 53 0.079113
71 54 0.079113
71 55 0.079114
71 56 0.079114
71 57 0.079114
71 58 0.079114
71 59 0.079115
71 60 0.079115
71 61 0.079115
71 62 0.079116
71 63 0.079116
71 64 0.079116
71 65 0.079117
71 66 0.079117
71 67 0.079117
71 68 0.079118
71 69 0.079118
71 70 0.079118
71 71 0.079119
71 72 0.079119
71 73 0.079119
71 74 0.079119
71 75 0.079120
71 76 0.079120
71 77 0.079120
71 78 0.079120
71 79 0.079120
71 80 0.079121
71 81 0.079121
71 82 0.079121
71 83 0.079121
71 84 0.079121
71 85 0.079121
71 86 0.079122
71 87 0.079122
71 88 0.079122
71 89 0.079122
71 90 0.079122
71 91 0.079123
71 92 0.079123
71 93 0.079123
71 94 0.079123
71 95 0.079124
71 96 0.079124
71 97 0.079124
71 98 0.079124
71 99 0.079124

72 0 0.079130
72 1 0.079130
72 2 0.079129
72 3 0.079129
72 4 0.079129
72 5 0.079129
72 6 0.079128
72 7 0.079128
72 8 0.079128
72 9 0.079127
72 10 0.079127
72 11 0.079126
72 12 0.079126
72 13 0.079125
72 14 0.079125
72 15 0.079124
72 16 0.079124
72 17 0.079123
72 18 0.079123
72 19 0.079122
72 20 0.079121
72 21 0.079121
72 22 0.079120
72 23 0.079119
72 24 0.079119
72 25 0.079118
72 26 0.079117
72 27 0.079117
72 28 0.079116
72 29 0.079116
72 30 0.079115
72 31 0.079115
72 32 0.079114
72 33 0.079114
72 34 0.079114
72 35 0.079113
72 36 0.079113
72 37 0.079113
72 38 0.079112
72 39 0.079112
72 40 0.079112
72 41 0.079112
72 42 0.079112
72 43 0.079112
72 44 0.079112
72 45 0.079112
72 46 0.079112
72 47 0.079112
72 48 0.079112
72 49 0.079112
72 50 0.079112
72 51 0.079112
72 52 0.079113
72 53 0.079113
72 54 0.079113
72 55 0.079113
72 56 0.079114
72 57 0.079114
72 58 0.079114
72 59 0.079115
72 60 0.079115
72 61 0.079115
72 62 0.079116
72 63 0.079116
72 64 0.079117
72 65 0.079117
72 66 0.079117
72 67 0.079118
72 68 0.079118
72 69 0.079118
72 70 0.079119
72 71 0.079119
72 72 0.079119
72 73 0.079120
72 74 0.079120
72 75 0.079120
72 76 0.079120
72 77 0.079121
72 78 0.079121
72 79 0.079121
72 80 0.079121
72 81 0.079122
72 82 0.079122
72 83 0.079122
72 84 0.079122
72 85 0.079122
72 86 0.079123
72 87 0.079123
72 88 0.079123
72 89 0.079123
72 90 0.079124
72 91 0.079124
72 92 0.079124
72 93 0.079124
72 94 0.079125
72 95 0.079125
72 96 0.079125
72 97 0.079125
72 98 0.079125
72 99 0.079126

73 0 0.079132
73 1 0.079131
73 2 0.079131
73 3 0.079131
73 4 0.079130
73 5 0.079130
73 6 0.079130
73 7 0.079129
73 8 0.079129
73 9 0.079129
73 10 0.079128
73 11 0.079128
73 12 0.079127
73 13 0.079127
73 14 0.079126
73 15 0.079125
73 16 0.079125
73 17 0.079124
73 18 0.079124
73 19 0.079123
73 20 0.079122
73 21 0.079122
73 22 0.079121
73 23 0.079120
73 24 0.079119
73 25 0.079119
73 26 0.079118
73 27 0.079117
73 28 0.079117
73 29 0.079116
73 30 0.079116
73 31 0.079115
73 32 0.079115
73 33 0.079114
73 34 0.079114
73 35 0.079113
73 36 0.079113
73 37 0.079113
73 38 0.079112
73 39 0.079112
73 40 0.079112
73 41 0.079112
73 42 0.079112
73 43 0.079112
73 44 0.079112
73 45 0.079112
73 46 0.079112
73 47 0.079112
73 48 0.079112
73 49 0.079112
73 50 0.079112
73 51 0.079112
73 52 0.079112
73 53 0.079113
73 54 0.079113
73 55 0.079113
73 56 0.079114
73 57 0.079114
73 58 0.079114
73 59 0.079115
73 60 0.079115
73 61 0.079115
73 62 0.079116
73 63 0.079116
73 64 0.079117
73 65 0.079117
73 66 0.079117
73 67 0.079118
73 68 0.079118
73 69 0.079119
73 70 0.079119
73 71 0.079119
73 72 0.079120
73 73 0.079120
73 74 0.079120
73 75 0.079121
73 76 0.079121
73 77 0.079121
73 78 0.079122
73 79 0.079122
73 80 0.079122
73 81 0.079122
73 82 0.079123
73 83 0.079123
73 84 0.079123
73 85 0.079123
73 86 0.079124
73 87 0.079124
73 88 0.079124
73 89 0.079124
73 90 0.079125
73 91 0.079125
73 92 0.079125
73 93 0.079126
73 94 0.079126
73 95 0.079126
73 96 0.079126
73 97 0.079126
73 98 0.079127
73 99 0.079127

74 0 0.079133
74 1 0.079133
74 2 0.079132
74 3 0.079132
74 4 0.079132
74 5 0.079131
74 6 0.079131
74 7 0.079131
74 8 0.079130
74 9 0.079130
74 10 0.079129
74 11 0.079129
74 12 0.079128
74 13 0.079128
74 14 0.079127
74 15 0.079127
74 16 0.079126
74 17 0.079125
74 18 0.079125
74 19 0.079124
74 20 0.079123
74 21 0.079122
74 22 0.079122
74 23 0.079121
74 24 0.079120
74 25 0.079119
74 26 0.079119
74 27 0.079118
74 28 0.079117
74 29 0.079117
74 30 0.079116
74 31 0.079115
74 32 0.079115
74 33 0.079114
74 34 0.079114
74 35 0.079114
74 36 0.079113
74 37 0.079113
74 38 0.079112
74 39 0.079112
74 40 0.079112
74 41 0.079112
74 42 0.079112
74 43 0.079111
74 44 0.079111
74 45 0.079111
74 46 0.079111
74 47 0.079111
74 48 0.079111
74 49 0.079112
74 50 0.079112
74 51 0.079112
74 52 0.079112
74 53 0.079112
74 54 0.079113
74 55 0.079113
74 56 0.079113
74 57 0.079114
74 58 0.079114
74 59 0.079114
74 60 0.079115
74 61 0.079115
74 62 0.079116
74 63 0.079116
74 64 0.079117
74 65 0.079117
74 66 0.079117
74 67 0.079118
74 68 0.079118
74 69 0.079119
74 70 0.079119
74 71 0.079120
74 72 0.079120
74 73 0.079120
74 74 0.079121
74 75 0.079121
74 76 0.079121
74 77 0.079122
74 78 0.079122
74 79 0.079122
74 80 0.079123
74 81 0.079123
74 82 0.079123
74 83 0.079124
74 84 0.079124
74 85 0.079124
74 86 0.079124
74 87 0.079125
74 88 0.079125
74 89 0.079125
74 90 0.079126
74 91 0.079126
74 92 0.079126
74 93 0.079127
74 94 0.079127
74 95 0.079127
74 96 0.079128
74 97 0.079127
74 98 0.079128
74 99 0.079128

75 0 0.079134
75 1 0.079134
75 2 0.079133
75 3 0.079133
75 4 0.079133
75 5 0.079133
75 6 0.079132
75 7 0.079132
75 8 0.079132
75 9 0.079131
75 10 0.079131
75 11 0.079130
75 12 0.079130
75 13 0.079129
75 14 0.079128
75 15 0.079128
75 16 0.079127
75 17 0.079126
75 18 0.079126
75 19 0.079125
75 20 0.079124
75 21 0.079123
75 22 0.079122
75 23 0.079122
75 24 0.079121
75 25 0.079120
75 26 0.079119
75 27 0.079118
75 28 0.079118
75 29 0.079117
75 30 0.079116
75 31 0.079116
75 32 0.079115
75 33 0.079115
75 34 0.079114
75 35 0.079114
75 36 0.079113
75 37 0.079113
75 38 0.079112
75 39 0.079112
75 40 0.079112
75 41 0.079112
75 42 0.079111
75 43 0.079111
75 44 0.079111
75 45 0.079111
75 46 0.079111
75 47 0.079111
75 48 0.079111
75 49 0.079111
75 50 0.079111
75 51 0.079112
75 52 0.079112
75 53 0.079112
75 54 0.079112
75 55 0.079113
75 56 0.079113
75 57 0.079113
75 58 0.079114
75 59 0.079114
75 60 0.079115
75 61 0.079115
75 62 0.079116
75 63 0.079116
75 64 0.079117
75 65 0.079117
75 66 0.079118
75 67 0.079118
75 68 0.079118
75 69 0.079119
75 70 0.079119
75 71 0.079120
75 72 0.079120
75 73 0.079121
75 74 0.079121
75 75 0.079122
75 76 0.079122
75 77 0.079122
75 78 0.079123
75 79 0.079123
75 80 0.079123
75 81 0.079124
75 82 0.079124
75 83 0.079124
75 84 0.079125
75 85 0.079125
75 86 0.079125
75 87 0.079126
75 88 0.079126
75 89 0.079126
75 90 0.079127
75 91 0.079127
75 92 0.079127
75 93 0.079128
75 94 0.079128
75 95 0.079128
75 96 0.079129
75 97 0.079129
75 98 0.079129
75 99 0.079129

76 0 0.079135
76 1 0.079135
76 2 0.079134
76 3 0.079135
76 4 0.079134
76 5 0.079134
76 6 0.079133
76 7 0.079133
76 8 0.079133
76 9 0.079132
76 10 0.079132
76 11 0.079131
76 12 0.079131
76 13 0.079130
76 14 0.079129
76 15 0.079129
76 16 0.079128
76 17 0.079127
76 18 0.079126
76 19 0.079126
76 20 0.079125
76 21 0.079124
76 22 0.079123
76 23 0.079122
76 24 0.079121
76 25 0.079120
76 26 0.079120
76 27 0.079119
76 28 0.079118
76 29 0.079117
76 30 0.079117
76 31 0.079116
76 32 0.079115
76 33 0.079115
76 34 0.079114
76 35 0.079114
76 36 0.079113
76 37 0.079113
76 38 0.079112
76 39 0.079112
76 40 0.079112
76 41 0.079111
76 42 0.079111
76 43 0.079111
76 44 0.079111
76 45 0.079111
76 46 0.079111
76 47 0.079111
76 48 0.079111
76 49 0.079111
76 50 0.079111
76 51 0.079111
76 52 0.079112
76 53 0.079112
76 54 0.079112
76 55 0.079112
76 56 0.079113
76 57 0.079113
76 58 0.079114
76 59 0.079114
76 60 0.079114
76 61 0.079115
76 62 0.079115
76 63 0.079116
76 64 0.079116
76 65 0.079117
76 66 0.079117
76 67 0.079118
76 68 0.079119
76 69 0.079119
76 70 0.079120
76 71 0.079120
76 72 0.079120
76 73 0.079121
76 74 0.079121
76 75 0.079122
76 76 0.079122
76 77 0.079123
76 78 0.079123
76 79 0.079123
76 80 0.079124
76 81 0.079124
76 82 0.079125
76 83 0.079125
76 84 0.079125
76 85 0.079126
76 86 0.079126
76 87 0.079126
76 88 0.079127
76 89 0.079127
76 90 0.079128
76 91 0.079128
76 92 0.079128
76 93 0.079129
76 94 0.079129
76 95 0.079129
76 96 0.079130
76 97 0.079130
76 98 0.079130
76 99 0.079130

77 0 0.079137
77 1 0.079136
77 2 0.079136
77 3 0.079136
77 4 0.079135
77 5 0.079135
77 6 0.079135
77 7 0.079134
77 8 0.079134
77 9 0.079133
77 10 0.079133
77 11 0.079132
77 12 0.079132
77 13 0.079131
77 14 0.079130
77 15 0.079130
77 16 0.079129
77 17 0.079128
77 18 0.079127
77 19 0.079126
77 20 0.079125
77 21 0.079125
77 22 0.079124
77 23 0.079123
77 24 0.079122
77 25 0.079121
77 26 0.079120
77 27 0.079119
77 28 0.079118
77 29 0.079118
77 30 0.079117
77 31 0.079116
77 32 0.079115
77 33 0.079115
77 34 0.079114
77 35 0.079114
77 36 0.079113
77 37 0.079113
77 38 0.079112
77 39 0.079112
77 40 0.079111
77 41 0.079111
77 42 0.079111
77 43 0.079111
77 44 0.079110
77 45 0.079110
77 46 0.079110
77 47 0.079110
77 48 0.079110
77 49 0.079111
77 50 0.079111
77 51 0.079111
77 52 0.079111
77 53 0.079111
77 54 0.079112
77 55 0.079112
77 56 0.079112
77 57 0.079113
77 58 0.079113
77 59 0.079114
77 60 0.079114
77 61 0.079115
77 62 0.079115
77 63 0.079116
77 64 0.079116
77 65 0.079117
77 66 0.079117
77 67 0.079118
77 68 0.079118
77 69 0.079119
77 70 0.079120
77 71 0.079120
77 72 0.079121
77 73 0.079121
77 74 0.079122
77 75 0.079122
77 76 0.079123
77 77 0.079123
77 78 0.079123
77 79 0.079124
77 80 0.079124
77 81 0.079125
77 82 0.079125
77 83 0.079125
77 84 0.079126
77 85 0.079126
77 86 0.079127
77 87 0.079127
77 88 0.079127
77 89 0.079128
77 90 0.079128
77 91 0.079129
77 92 0.079129
77 93 0.079130
77 94 0.079130
77 95 0.079130
77 96 0.079131
77 97 0.079130
77 98 0.079131
77 99 0.079131

78 0 0.079138
78 1 0.079137
78 2 0.079137
78 3 0.079137
78 4 0.079136
78 5 0.079136
78 6 0.079136
78 7 0.079135
78 8 0.079135
78 9 0.079135
78 10 0.079134
78 11 0.079133
78 12 0.079133
78 13 0.079132
78 14 0.079131
78 15 0.079131
78 16 0.079130
78 17 0.079129
78 18 0.079128
78 19 0.079127
78 20 0.079126
78 21 0.079125
78 22 0.079124
78 23 0.079123
78 24 0.079122
78 25 0.079121
78 26 0.079120
78 27 0.079120
78 28 0.079119
78 29 0.079118
78 30 0.079117
78 31 0.079116
78 32 0.079115
78 33 0.079115
78 34 0.079114
78 35 0.079113
78 36 0.079113
78 37 0.079112
78 38 0.079112
78 39 0.079111
78 40 0.079111
78 41 0.079111
78 42 0.079111
78 43 0.079110
78 44 0.079110
78 45 0.079110
78 46 0.079110
78 47 0.079110
78 48 0.079110
78 49 0.079110
78 50 0.079110
78 51 0.079110
78 52 0.079111
78 53 0.079111
78 54 0.079111
78 55 0.079112
78 56 0.079112
78 57 0.079112
78 58 0.079113
78 59 0.079113
78 60 0.079114
78 61 0.079114
78 62 0.079115
78 63 0.079116
78 64 0.079116
78 65 0.079117
78 66 0.079117
78 67 0.079118
78 68 0.079118
78 69 0.079119
78 70 0.079120
78 71 0.079120
78 72 0.079121
78 73 0.079121
78 74 0.079122
78 75 0.079122
78 76 0.079123
78 77 0.079123
78 78 0.079124
78 79 0.079124
78 80 0.079125
78 81 0.079125
78 82 0.079126
78 83 0.079126
78 84 0.079126
78 85 0.079127
78 86 0.079127
78 87 0.079128
78 88 0.079128
78 89 0.079129
78 90 0.079129
78 91 0.079130
78 92 0.079130
78 93 0.079130
78 94 0.079131
78 95 0.079131
78 96 0.079131
78 97 0.079131
78 98 0.079132
78 99 0.079132

79 0 0.079139
79 1 0.079138
79 2 0.079138
79 3 0.079138
79 4 0.079137
79 5 0.079137
79 6 0.079137
79 7 0.079136
79 8 0.079136
79 9 0.079136
79 10 0.079135
79 11 0.079134
79 12 0.079134
79 13 0.079133
79 14 0.079132
79 15 0.079132
79 16 0.079131
79 17 0.079130
79 18 0.079129
79 19 0.079128
79 20 0.079127
79 21 0.079126
79 22 0.079125
79 23 0.079124
79 24 0.079123
79 25 0.079122
79 26 0.079121
79 27 0.079120
79 28 0.079119
79 29 0.079118
79 30 0.079117
79 31 0.079116
79 32 0.079115
79 33 0.079115
79 34 0.079114
79 35 0.079113
79 36 0.079113
79 37 0.079112
79 38 0.079112
79 39 0.079111
79 40 0.079111
79 41 0.079110
79 42 0.079110
79 43 0.079110
79 44 0.079110
79 45 0.079110
79 46 0.079110
79 47 0.079110
79 48 0.079110
79 49 0.079110
79 50 0.079110
79 51 0.079110
79 52 0.079110
79 53 0.079111
79 54 0.079111
79 55 0.079111
79 56 0.079112
79 57 0.079112
79 58 0.079113
79 59 0.079113
79 60 0.079114
79 61 0.079114
79 62 0.079115
79 63 0.079115
79 64 0.079116
79 65 0.079117
79 66 0.079117
79 67 0.079118
79 68 0.079118
79 69 0.079119
79 70 0.079120
79 71 0.079120
79 72 0.079121
79 73 0.079121
79 74 0.079122
79 75 0.079122
79 76 0.079123
79 77 0.079124
79 78 0.079124
79 79 0.079125
79 80 0.079125
79 81 0.079126
79 82 0.079126
79 83 0.079126
79 84 0.079127
79 85 0.079127
79 86 0.079128
79 87 0.079128
79 88 0.079129
79 89 0.079129
79 90 0.079130
79 91 0.079130
79 92 0.079131
79 93 0.079131
79 94 0.079131
79 95 0.079132
79 96 0.079132
79 97 0.079132
79 98 0.079132
79 99 0.079133

80 0 0.079139
80 1 0.079139
80 2 0.079139
80 3 0.079139
80 4 0.079138
80 5 0.079138
80 6 0.079138
80 7 0.079137
80 8 0.079137
80 9 0.079136
80 10 0.079136
80 11 0.079135
80 12 0.079135
80 13 0.079134
80 14 0.079133
80 15 0.079132
80 16 0.079131
80 17 0.079130
80 18 0.079130
80 19 0.079128
80 20 0.079127
80 21 0.079126
80 22 0.079125
80 23 0.079124
80 24 0.079123
80 25 0.079122
80 26 0.079121
80 27 0.079120
80 28 0.079119
80 29 0.079118
80 30 0.079117
80 31 0.079116
80 32 0.079116
80 33 0.079115
80 34 0.079114
80 35 0.079113
80 36 0.079113
80 37 0.079112
80 38 0.079111
80 39 0.079111
80 40 0.079111
80 41 0.079110
80 42 0.079110
80 43 0.079110
80 44 0.079109
80 45 0.079109
80 46 0.079109
80 47 0.079109
80 48 0.079109
80 49 0.079109
80 50 0.079109
80 51 0.079110
80 52 0.079110
80 53 0.079110
80 54 0.079110
80 55 0.079111
80 56 0.079111
80 57 0.079112
80 58 0.079112
80 59 0.079113
80 60 0.079113
80 61 0.079114
80 62 0.079114
80 63 0.079115
80 64 0.079116
80 65 0.079116
80 66 0.079117
80 67 0.079118
80 68 0.079118
80 69 0.079119
80 70 0.079120
80 71 0.079120
80 72 0.079121
80 73 0.079121
80 74 0.079122
80 75 0.079123
80 76 0.079123
80 77 0.079124
80 78 0.079124
80 79 0.079125
80 80 0.079125
80 81 0.079126
80 82 0.079126
80 83 0.079127
80 84 0.079127
80 85 0.079128
80 86 0.079128
80 87 0.079129
80 88 0.079129
80 89 0.079130
80 90 0.079130
80 91 0.079131
80 92 0.079131
80 93 0.079132
80 94 0.079132
80 95 0.079132
80 96 0.079133
80 97 0.079133
80 98 0.079133
80 99 0.079133

81 0 0.079140
81 1 0.079140
81 2 0.079140
81 3 0.079140
81 4 0.079139
81 5 0.079139
81 6 0.079139
81 7 0.079138
81 8 0.079138
81 9 0.079137
81 10 0.079137
81 11 0.079136
81 12 0.079136
81 13 0.079135
81 14 0.079134
81 15 0.079133
81 16 0.079132
81 17 0.079131
81 18 0.079130
81 19 0.079129
81 20 0.079128
81 21 0.079127
81 22 0.079126
81 23 0.079125
81 24 0.079124
81 25 0.079122
81 26 0.079121
81 27 0.079120
81 28 0.079119
81 29 0.079118
81 30 0.079117
81 31 0.079116
81 32 0.079116
81 33 0.079115
81 34 0.079114
81 35 0.079113
81 36 0.079112
81 37 0.079112
81 38 0.079111
81 39 0.079111
81 40 0.079110
81 41 0.079110
81 42 0.079109
81 43 0.079109
81 44 0.079109
81 45 0.079109
81 46 0.079109
81 47 0.079109
81 48 0.079109
81 49 0.079109
81 50 0.079109
81 51 0.079109
81 52 0.079109
81 53 0.079110
81 54 0.079110
81 55 0.079110
81 56 0.079111
81 57 0.079111
81 58 0.079112
81 59 0.079112
81 60 0.079113
81 61 0.079114
81 62 0.079114
81 63 0.079115
81 64 0.079115
81 65 0.079116
81 66 0.079117
81 67 0.079117
81 68 0.079118
81 69 0.079119
81 70 0.079119
81 71 0.079120
81 72 0.079121
81 73 0.079121
81 74 0.079122
81 75 0.079123
81 76 0.079123
81 77 0.079124
81 78 0.079124
81 79 0.079125
81 80 0.079126
81 81 0.079126
81 82 0.079127
81 83 0.079127
81 84 0.079128
81 85 0.079128
81 86 0.079129
81 87 0.079129
81 88 0.079130
81 89 0.079130
81 90 0.079131
81 91 0.079131
81 92 0.079132
81 93 0.079132
81 94 0.079133
81 95 0.079133
81 96 0.079133
81 97 0.079133
81 98 0.079134
81 99 0.079134

82 0 0.079141
82 1 0.079141
82 2 0.079140
82 3 0.079140
82 4 0.079140
82 5 0.079140
82 6 0.079140
82 7 0.079139
82 8 0.079139
82 9 0.079138
82 10 0.079138
82 11 0.079137
82 12 0.079136
82 13 0.079136
82 14 0.079135
82 15 0.079134
82 16 0.079133
82 17 0.079132
82 18 0.079131
82 19 0.079130
82 20 0.079129
82 21 0.079127
82 22 0.079126
82 23 0.079125
82 24 0.079124
82 25 0.079123
82 26 0.079122
82 27 0.079121
82 28 0.079119
82 29 0.079118
82 30 0.079117
82 31 0.079116
82 32 0.079116
82 33 0.079115
82 34 0.079114
82 35 0.079113
82 36 0.079112
82 37 0.079112
82 38 0.079111
82 39 0.079110
82 40 0.079110
82 41 0.079110
82 42 0.079109
82 43 0.079109
82 44 0.079109
82 45 0.079108
82 46 0.079108
82 47 0.079108
82 48 0.079108
82 49 0.079108
82 50 0.079108
82 51 0.079109
82 52 0.079109
82 53 0.079109
82 54 0.079110
82 55 0.079110
82 56 0.079110
82 57 0.079111
82 58 0.079111
82 59 0.079112
82 60 0.079113
82 61 0.079113
82 62 0.079114
82 63 0.079115
82 64 0.079115
82 65 0.079116
82 66 0.079117
82 67 0.079117
82 68 0.079118
82 69 0.079119
82 70 0.079119
82 71 0.079120
82 72 0.079121
82 73 0.079121
82 74 0.079122
82 75 0.079123
82 76 0.079123
82 77 0.079124
82 78 0.079125
82 79 0.079125
82 80 0.079126
82 81 0.079126
82 82 0.079127
82 83 0.079128
82 84 0.079128
82 85 0.079129
82 86 0.079129
82 87 0.079130
82 88 0.079130
82 89 0.079131
82 90 0.079131
82 91 0.079132
82 92 0.079133
82 93 0.079133
82 94 0.079133
82 95 0.079134
82 96 0.079134
82 97 0.079134
82 98 0.079134
82 99 0.079135

83 0 0.079142
83 1 0.079141
83 2 0.079141
83 3 0.079141
83 4 0.079141
83 5 0.079141
83 6 0.079140
83 7 0.079140
83 8 0.079140
83 9 0.079139
83 10 0.079139
83 11 0.079138
83 12 0.079137
83 13 0.079136
83 14 0.079136
83 15 0.079135
83 16 0.079134
83 17 0.079133
83 18 0.079131
83 19 0.079130
83 20 0.079129
83 21 0.079128
83 22 0.079127
83 23 0.079126
83 24 0.079124
83 25 0.079123
83 26 0.079122
83 27 0.079121
83 28 0.079120
83 29 0.079119
83 30 0.079118
83 31 0.079117
83 32 0.079116
83 33 0.079115
83 34 0.079114
83 35 0.079113
83 36 0.079112
83 37 0.079112
83 38 0.079111
83 39 0.079110
83 40 0.079110
83 41 0.079109
83 42 0.079109
83 43 0.079109
83 44 0.079108
83 45 0.079108
83 46 0.079108
83 47 0.079108
83 48 0.079108
83 49 0.079108
83 50 0.079108
83 51 0.079108
83 52 0.079109
83 53 0.079109
83 54 0.079109
83 55 0.079110
83 56 0.079110
83 57 0.079111
83 58 0.079111
83 59 0.079112
83 60 0.079112
83 61 0.079113
83 62 0.079114
83 63 0.079114
83 64 0.079115
83 65 0.079116
83 66 0.079116
83 67 0.079117
83 68 0.079118
83 69 0.079119
83 70 0.079119
83 71 0.079120
83 72 0.079121
83 73 0.079121
83 74 0.079122
83 75 0.079123
83 76 0.079124
83 77 0.079124
83 78 0.079125
83 79 0.079125
83 80 0.079126
83 81 0.079127
83 82 0.079127
83 83 0.079128
83 84 0.079128
83 85 0.079129
83 86 0.079130
83 87 0.079130
83 88 0.079131
83 89 0.079131
83 90 0.079132
83 91 0.079133
83 92 0.079133
83 93 0.079133
83 94 0.079134
83 95 0.079134
83 96 0.079135
83 97 0.079135
83 98 0.079135
83 99 0.079135

84 0 0.079143
84 1 0.079142
84 2 0.079142
84 3 0.079142
84 4 0.079142
84 5 0.079142
84 6 0.079141
84 7 0.079141
84 8 0.079140
84 9 0.079140
84 10 0.079139
84 11 0.079139
84 12 0.079138
84 13 0.079137
84 14 0.079136
84 15 0.079135
84 16 0.079134
84 17 0.079133
84 18 0.079132
84 19 0.079131
84 20 0.079130
84 21 0.079128
84 22 0.079127
84 23 0.079126
84 24 0.079125
84 25 0.079123
84 26 0.079122
84 27 0.079121
84 28 0.079120
84 29 0.079119
84 30 0.079118
84 31 0.079117
84 32 0.079116
84 33 0.079115
84 34 0.079114
84 35 0.079113
84 36 0.079112
84 37 0.079111
84 38 0.079111
84 39 0.079110
84 40 0.079110
84 41 0.079109
84 42 0.079109
84 43 0.079108
84 44 0.079108
84 45 0.079108
84 46 0.079108
84 47 0.079108
84 48 0.079108
84 49 0.079108
84 50 0.079108
84 51 0.079108
84 52 0.079108
84 53 0.079109
84 54 0.079109
84 55 0.079109
84 56 0.079110
84 57 0.079110
84 58 0.079111
84 59 0.079111
84 60 0.079112
84 61 0.079113
84 62 0.079113
84 63 0.079114
84 64 0.079115
84 65 0.079116
84 66 0.079116
84 67 0.079117
84 68 0.079118
84 69 0.079119
84 70 0.079119
84 71 0.079120
84 72 0.079121
84 73 0.079122
84 74 0.079122
84 75 0.079123
84 76 0.079124
84 77 0.079124
84 78 0.079125
84 79 0.079126
84 80 0.079126
84 81 0.079127
84 82 0.079128
84 83 0.079128
84 84 0.079129
84 85 0.079129
84 86 0.079130
84 87 0.079131
84 88 0.079131
84 89 0.079132
84 90 0.079132
84 91 0.079133
84 92 0.079134
84 93 0.079134
84 94 0.079134
84 95 0.079135
84 96 0.079135
84 97 0.079135
84 98 0.079135
84 99 0.079136

85 0 0.079143
85 1 0.079143
85 2 0.079143
85 3 0.079143
85 4 0.079142
85 5 0.079142
85 6 0.079142
85 7 0.079142
85 8 0.079141
85 9 0.079141
85 10 0.079140
85 11 0.079140
85 12 0.079139
85 13 0.079138
85 14 0.079137
85 15 0.079136
85 16 0.079135
85 17 0.079134
85 18 0.079133
85 19 0.079131
85 20 0.079130
85 21 0.079129
85 22 0.079128
85 23 0.079126
85 24 0.079125
85 25 0.079124
85 26 0.079123
85 27 0.079121
85 28 0.079120
85 29 0.079119
85 30 0.079118
85 31 0.079117
85 32 0.079116
85 33 0.079115
85 34 0.079114
85 35 0.079113
85 36 0.079112
85 37 0.079111
85 38 0.079111
85 39 0.079110
85 40 0.079109
85 41 0.079109
85 42 0.079109
85 43 0.079108
85 44 0.079108
85 45 0.079108
85 46 0.079107
85 47 0.079107
85 48 0.079107
85 49 0.079107
85 50 0.079108
85 51 0.079108
85 52 0.079108
85 53 0.079108
85 54 0.079109
85 55 0.079109
85 56 0.079110
85 57 0.079110
85 58 0.079111
85 59 0.079111
85 60 0.079112
85 61 0.079113
85 62 0.079113
85 63 0.079114
85 64 0.079115
85 65 0.079115
85 66 0.079116
85 67 0.079117
85 68 0.079118
85 69 0.079119
85 70 0.079119
85 71 0.079120
85 72 0.079121
85 73 0.079122
85 74 0.079122
85 75 0.079123
85 76 0.079124
85 77 0.079124
85 78 0.079125
85 79 0.079126
85 80 0.079127
85 81 0.079127
85 82 0.079128
85 83 0.079128
85 84 0.079129
85 85 0.079130
85 86 0.079130
85 87 0.079131
85 88 0.079132
85 89 0.079132
85 90 0.079133
85 91 0.079133
85 92 0.079134
85 93 0.079134
85 94 0.079135
85 95 0.079135
85 96 0.079135
85 97 0.079136
85 98 0.079135
85 99 0.079136

86 0 0.079144
86 1 0.079144
86 2 0.079143
86 3 0.079143
86 4 0.079143
86 5 0.079143
86 6 0.079143
86 7 0.079142
86 8 0.079142
86 9 0.079142
86 10 0.079141
86 11 0.079140
86 12 0.079140
86 13 0.079139
86 14 0.079138
86 15 0.079137
86 16 0.079136
86 17 0.079135
86 18 0.079133
86 19 0.079132
86 20 0.079131
86 21 0.079129
86 22 0.079128
86 23 0.079127
86 24 0.079126
86 25 0.079124
86 26 0.079123
86 27 0.079122
86 28 0.079120
86 29 0.079119
86 30 0.079118
86 31 0.079117
86 32 0.079116
86 33 0.079115
86 34 0.079114
86 35 0.079113
86 36 0.079112
86 37 0.079111
86 38 0.079111
86 39 0.079110
86 40 0.079109
86 41 0.079109
86 42 0.079108
86 43 0.079108
86 44 0.079108
86 45 0.079107
86 46 0.079107
86 47 0.079107
86 48 0.079107
86 49 0.079107
86 50 0.079107
86 51 0.079108
86 52 0.079108
86 53 0.079108
86 54 0.079108
86 55 0.079109
86 56 0.079109
86 57 0.079110
86 58 0.079110
86 59 0.079111
86 60 0.079112
86 61 0.079112
86 62 0.079113
86 63 0.079114
86 64 0.079115
86 65 0.079115
86 66 0.079116
86 67 0.079117
86 68 0.079118
86 69 0.079119
86 70 0.079119
86 71 0.079120
86 72 0.079121
86 73 0.079122
86 74 0.079122
86 75 0.079123
86 76 0.079124
86 77 0.079125
86 78 0.079125
86 79 0.079126
86 80 0.079127
86 81 0.079127
86 82 0.079128
86 83 0.079129
86 84 0.079129
86 85 0.079130
86 86 0.079131
86 87 0.079131
86 88 0.079132
86 89 0.079133
86 90 0.079133
86 91 0.079134
86 92 0.079134
86 93 0.079135
86 94 0.079135
86 95 0.079136
86 96 0.079136
86 97 0.079136
86 98 0.079136
86 99 0.079136

87 0 0.079145
87 1 0.079144
87 2 0.079144
87 3 0.079144
87 4 0.079144
87 5 0.079144
87 6 0.079143
87 7 0.079143
87 8 0.079143
87 9 0.079142
87 10 0.079142
87 11 0.079141
87 12 0.079140
87 13 0.079139
87 14 0.079138
87 15 0.079137
87 16 0.079136
87 17 0.079135
87 18 0.079134
87 19 0.079133
87 20 0.079131
87 21 0.079130
87 22 0.079129
87 23 0.079127
87 24 0.079126
87 25 0.079125
87 26 0.079123
87 27 0.079122
87 28 0.079121
87 29 0.079120
87 30 0.079118
87 31 0.079117
87 32 0.079116
87 33 0.079115
87 34 0.079114
87 35 0.079113
87 36 0.079112
87 37 0.079111
87 38 0.079111
87 39 0.079110
87 40 0.079109
87 41 0.079109
87 42 0.079108
87 43 0.079108
87 44 0.079108
87 45 0.079107
87 46 0.079107
87 47 0.079107
87 48 0.079107
87 49 0.079107
87 50 0.079107
87 51 0.079107
87 52 0.079108
87 53 0.079108
87 54 0.079108
87 55 0.079109
87 56 0.079109
87 57 0.079110
87 58 0.079110
87 59 0.079111
87 60 0.079112
87 61 0.079112
87 62 0.079113
87 63 0.079114
87 64 0.079115
87 65 0.079115
87 66 0.079116
87 67 0.079117
87 68 0.079118
87 69 0.079119
87 70 0.079119
87 71 0.079120
87 72 0.079121
87 73 0.079122
87 74 0.079123
87 75 0.079123
87 76 0.079124
87 77 0.079125
87 78 0.079126
87 79 0.079126
87 80 0.079127
87 81 0.079128
87 82 0.079128
87 83 0.079129
87 84 0.079130
87 85 0.079130
87 86 0.079131
87 87 0.079132
87 88 0.079132
87 89 0.079133
87 90 0.079134
87 91 0.079134
87 92 0.079135
87 93 0.079135
87 94 0.079136
87 95 0.079136
87 96 0.079136
87 97 0.079136
87 98 0.079136
87 99 0.079137

88 0 0.079145
88 1 0.079145
88 2 0.079145
88 3 0.079145
88 4 0.079145
88 5 0.079144
88 6 0.079144
88 7 0.079144
88 8 0.079143
88 9 0.079143
88 10 0.079142
88 11 0.079142
88 12 0.079141
88 13 0.079140
88 14 0.079139
88 15 0.079138
88 16 0.079137
88 17 0.079136
88 18 0.079135
88 19 0.079133
88 20 0.079132
88 21 0.079131
88 22 0.079129
88 23 0.079128
88 24 0.079126
88 25 0.079125
88 26 0.079124
88 27 0.079122
88 28 0.079121
88 29 0.079120
88 30 0.079119
88 31 0.079117
88 32 0.079116
88 33 0.079115
88 34 0.079114
88 35 0.079113
88 36 0.079112
88 37 0.079111
88 38 0.079111
88 39 0.079110
88 40 0.079109
88 41 0.079109
88 42 0.079108
88 43 0.079108
88 44 0.079108
88 45 0.079107
88 46 0.079107
88 47 0.079107
88 48 0.079107
88 49 0.079107
88 50 0.079107
88 51 0.079107
88 52 0.079108
88 53 0.079108
88 54 0.079108
88 55 0.079109
88 56 0.079109
88 57 0.079110
88 58 0.079110
88 59 0.079111
88 60 0.079112
88 61 0.079112
88 62 0.079113
88 63 0.079114
88 64 0.079115
88 65 0.079115
88 66 0.079116
88 67 0.079117
88 68 0.079118
88 69 0.079119
88 70 0.079119
88 71 0.079120
88 72 0.079121
88 73 0.079122
88 74 0.079123
88 75 0.079123
88 76 0.079124
88 77 0.079125
88 78 0.079126
88 79 0.079126
88 80 0.079127
88 81 0.079128
88 82 0.079129
88 83 0.079129
88 84 0.079130
88 85 0.079131
88 86 0.079131
88 87 0.079132
88 88 0.079133
88 89 0.079133
88 90 0.079134
88 91 0.079135
88 92 0.079135
88 93 0.079135
88 94 0.079136
88 95 0.079136
88 96 0.079137
88 97 0.079137
88 98 0.079136
88 99 0.079137

89 0 0.079146
89 1 0.079145
89 2 0.079146
89 3 0.079145
89 4 0.079145
89 5 0.079145
89 6 0.079145
89 7 0.079145
89 8 0.079144
89 9 0.079144
89 10 0.079143
89 11 0.079142
89 12 0.079142
89 13 0.079141
89 14 0.079140
89 15 0.079139
89 16 0.079138
89 17 0.079136
89 18 0.079135
89 19 0.079134
89 20 0.079132
89 21 0.079131
89 22 0.079130
89 23 0.079128
89 24 0.079127
89 25 0.079125
89 26 0.079124
89 27 0.079123
89 28 0.079121
89 29 0.079120
89 30 0.079119
89 31 0.079118
89 32 0.079117
89 33 0.079115
89 34 0.079114
89 35 0.079113
89 36 0.079112
89 37 0.079112
89 38 0.079111
89 39 0.079110
89 40 0.079109
89 41 0.079109
89 42 0.079108
89 43 0.079108
89 44 0.079108
89 45 0.079107
89 46 0.079107
89 47 0.079107
89 48 0.079107
89 49 0.079107
89 50 0.079107
89 51 0.079107
89 52 0.079108
89 53 0.079108
89 54 0.079108
89 55 0.079109
89 56 0.079109
89 57 0.079110
89 58 0.079110
89 59 0.079111
89 60 0.079112
89 61 0.079112
89 62 0.079113
89 63 0.079114
89 64 0.079115
89 65 0.079115
89 66 0.079116
89 67 0.079117
89 68 0.079118
89 69 0.079119
89 70 0.079120
89 71 0.079120
89 72 0.079121
89 73 0.079122
89 74 0.079123
89 75 0.079124
89 76 0.079124
89 77 0.079125
89 78 0.079126
89 79 0.079127
89 80 0.079127
89 81 0.079128
89 82 0.079129
89 83 0.079129
89 84 0.079130
89 85 0.079131
89 86 0.079132
89 87 0.079132
89 88 0.079133
89 89 0.079134
89 90 0.079134
89 91 0.079135
89 92 0.079135
89 93 0.079136
89 94 0.079136
89 95 0.079136
89 96 0.079137
89 97 0.079137
89 98 0.079136
89 99 0.079137

90 0 0.079147
90 1 0.079146
90 2 0.079146
90 3 0.079146
90 4 0.079146
90 5 0.079146
90 6 0.079146
90 7 0.079145
90 8 0.079145
90 9 0.079144
90 10 0.079144
90 11 0.079143
90 12 0.079142
90 13 0.079141
90 14 0.079140
90 15 0.079139
90 16 0.079138
90 17 0.079137
90 18 0.079136
90 19 0.079134
90 20 0.079133
90 21 0.079132
90 22 0.079130
90 23 0.079129
90 24 0.079127
90 25 0.079126
90 26 0.079124
90 27 0.079123
90 28 0.079122
90 29 0.079120
90 30 0.079119
90 31 0.079118
90 32 0.079117
90 33 0.079116
90 34 0.079115
90 35 0.079114
90 36 0.079113
90 37 0.079112
90 38 0.079111
90 39 0.079110
90 40 0.079110
90 41 0.079109
90 42 0.079108
90 43 0.079108
90 44 0.079108
90 45 0.079107
90 46 0.079107
90 47 0.079107
90 48 0.079107
90 49 0.079107
90 50 0.079107
90 51 0.079107
90 52 0.079108
90 53 0.079108
90 54 0.079108
90 55 0.079109
90 56 0.079109
90 57 0.079110
90 58 0.079110
90 59 0.079111
90 60 0.079112
90 61 0.079112
90 62 0.079113
90 63 0.079114
90 64 0.079115
90 65 0.079116
90 66 0.079116
90 67 0.079117
90 68 0.079118
90 69 0.079119
90 70 0.079120
90 71 0.079120
90 72 0.079121
90 73 0.079122
90 74 0.079123
90 75 0.079124
90 76 0.079124
90 77 0.079125
90 78 0.079126
90 79 0.079127
90 80 0.079128
90 81 0.079128
90 82 0.079129
90 83 0.079130
90 84 0.079130
90 85 0.079131
90 86 0.079132
90 87 0.079133
90 88 0.079133
90 89 0.079134
90 90 0.079134
90 91 0.079135
90 92 0.079136
90 93 0.079136
90 94 0.079136
90 95 0.079137
90 96 0.079137
90 97 0.079137
90 98 0.079137
90 99 0.079137

91 0 0.079147
91 1 0.079147
91 2 0.079147
91 3 0.079147
91 4 0.079147
91 5 0.079146
91 6 0.079146
91 7 0.079146
91 8 0.079146
91 9 0.079145
91 10 0.079145
91 11 0.079144
91 12 0.079143
91 13 0.079142
91 14 0.079141
91 15 0.079140
91 16 0.079139
91 17 0.079138
91 18 0.079136
91 19 0.079135
91 20 0.079133
91 21 0.079132
91 22 0.079131
91 23 0.079129
91 24 0.079128
91 25 0.079126
91 26 0.079125
91 27 0.079123
91 28 0.079122
91 29 0.079121
91 30 0.079119
91 31 0.079118
91 32 0.079117
91 33 0.079116
91 34 0.079115
91 35 0.079114
91 36 0.079113
91 37 0.079112
91 38 0.079111
91 39 0.079110
91 40 0.079110
91 41 0.079109
91 42 0.079109
91 43 0.079108
91 44 0.079108
91 45 0.079107
91 46 0.079107
91 47 0.079107
91 48 0.079107
91 49 0.079107
91 50 0.079107
91 51 0.079107
91 52 0.079108
91 53 0.079108
91 54 0.079108
91 55 0.079109
91 56 0.079109
91 57 0.079110
91 58 0.079110
91 59 0.079111
91 60 0.079112
91 61 0.079112
91 62 0.079113
91 63 0.079114
91 64 0.079115
91 65 0.079116
91 66 0.079116
91 67 0.079117
91 68 0.079118
91 69 0.079119
91 70 0.079120
91 71 0.079121
91 72 0.079121
91 73 0.079122
91 74 0.079123
91 75 0.079124
91 76 0.079125
91 77 0.079125
91 78 0.079126
91 79 0.079127
91 80 0.079128
91 81 0.079128
91 82 0.079129
91 83 0.079130
91 84 0.079131
91 85 0.079131
91 86 0.079132
91 87 0.079133
91 88 0.079133
91 89 0.079134
91 90 0.079135
91 91 0.079135
91 92 0.079136
91 93 0.079136
91 94 0.079136
91 95 0.079137
91 96 0.079137
91 97 0.079137
91 98 0.079137
91 99 0.079137

92 0 0.079148
92 1 0.079147
92 2 0.079147
92 3 0.079147
92 4 0.079147
92 5 0.079147
92 6 0.079147
92 7 0.079147
92 8 0.079146
92 9 0.079146
92 10 0.079145
92 11 0.079144
92 12 0.079144
92 13 0.079143
92 14 0.079142
92 15 0.079141
92 16 0.079139
92 17 0.079138
92 18 0.079137
92 19 0.079135
92 20 0.079134
92 21 0.079132
92 22 0.079131
92 23 0.079130
92 24 0.079128
92 25 0.079127
92 26 0.079125
92 27 0.079124
92 28 0.079122
92 29 0.079121
92 30 0.079120
92 31 0.079118
92 32 0.079117
92 33 0.079116
92 34 0.079115
92 35 0.079114
92 36 0.079113
92 37 0.079112
92 38 0.079111
92 39 0.079110
92 40 0.079110
92 41 0.079109
92 42 0.079109
92 43 0.079108
92 44 0.079108
92 45 0.079107
92 46 0.079107
92 47 0.079107
92 48 0.079107
92 49 0.079107
92 50 0.079107
92 51 0.079107
92 52 0.079108
92 53 0.079108
92 54 0.079108
92 55 0.079109
92 56 0.079109
92 57 0.079110
92 58 0.079110
92 59 0.079111
92 60 0.079112
92 61 0.079112
92 62 0.079113
92 63 0.079114
92 64 0.079115
92 65 0.079116
92 66 0.079116
92 67 0.079117
92 68 0.079118
92 69 0.079119
92 70 0.079120
92 71 0.079121
92 72 0.079122
92 73 0.079122
92 74 0.079123
92 75 0.079124
92 76 0.079125
92 77 0.079125
92 78 0.079126
92 79 0.079127
92 80 0.079128
92 81 0.079128
92 82 0.079129
92 83 0.079130
92 84 0.079131
92 85 0.079131
92 86 0.079132
92 87 0.079133
92 88 0.079133
92 89 0.079134
92 90 0.079135
92 91 0.079135
92 92 0.079136
92 93 0.079136
92 94 0.079136
92 95 0.079137
92 96 0.079137
92 97 0.079137
92 98 0.079137
92 99 0.079137

93 0 0.079148
93 1 0.079148
93 2 0.079148
93 3 0.079148
93 4 0.079148
93 5 0.079148
93 6 0.079147
93 7 0.079147
93 8 0.079147
93 9 0.079146
93 10 0.079146
93 11 0.079145
93 12 0.079144
93 13 0.079143
93 14 0.079142
93 15 0.079141
93 16 0.079140
93 17 0.079139
93 18 0.079137
93 19 0.079136
93 20 0.079134
93 21 0.079133
93 22 0.079131
93 23 0.079130
93 24 0.079128
93 25 0.079127
93 26 0.079126
93 27 0.079124
93 28 0.079123
93 29 0.079121
93 30 0.079120
93 31 0.079119
93 32 0.079118
93 33 0.079116
93 34 0.079115
93 35 0.079114
93 36 0.079113
93 37 0.079112
93 38 0.079111
93 39 0.079111
93 40 0.079110
93 41 0.079109
93 42 0.079109
93 43 0.079108
93 44 0.079108
93 45 0.079108
93 46 0.079107
93 47 0.079107
93 48 0.079107
93 49 0.079107
93 50 0.079107
93 51 0.079107
93 52 0.079108
93 53 0.079108
93 54 0.079108
93 55 0.079109
93 56 0.079109
93 57 0.079110
93 58 0.079110
93 59 0.079111
93 60 0.079112
93 61 0.079113
93 62 0.079113
93 63 0.079114
93 64 0.079115
93 65 0.079116
93 66 0.079117
93 67 0.079117
93 68 0.079118
93 69 0.079119
93 70 0.079120
93 71 0.079121
93 72 0.079122
93 73 0.079122
93 74 0.079123
93 75 0.079124
93 76 0.079125
93 77 0.079126
93 78 0.079126
93 79 0.079127
93 80 0.079128
93 81 0.079129
93 82 0.079129
93 83 0.079130
93 84 0.079131
93 85 0.079131
93 86 0.079132
93 87 0.079133
93 88 0.079133
93 89 0.079134
93 90 0.079135
93 91 0.079135
93 92 0.079136
93 93 0.079136
93 94 0.079136
93 95 0.079137
93 96 0.079124
93 97 0.079124
93 98 0.079124
93 99 0.079125

94 0 0.079140
94 1 0.079139
94 2 0.079139
94 3 0.079139
94 4 0.079139
94 5 0.079139
94 6 0.079138
94 7 0.079138
94 8 0.079138
94 9 0.079137
94 10 0.079137
94 11 0.079136
94 12 0.079135
94 13 0.079135
94 14 0.079134
94 15 0.079133
94 16 0.079132
94 17 0.079131
94 18 0.079129
94 19 0.079128
94 20 0.079127
94 21 0.079126
94 22 0.079124
94 23 0.079123
94 24 0.079122
94 25 0.079121
94 26 0.079119
94 27 0.079118
94 28 0.079117
94 29 0.079116
94 30 0.079114
94 31 0.079113
94 32 0.079112
94 33 0.079111
94 34 0.079110
94 35 0.079109
94 36 0.079108
94 37 0.079108
94 38 0.079107
94 39 0.079106
94 40 0.079105
94 41 0.079105
94 42 0.079104
94 43 0.079104
94 44 0.079104
94 45 0.079103
94 46 0.079103
94 47 0.079103
94 48 0.079103
94 49 0.079103
94 50 0.079103
94 51 0.079103
94 52 0.079103
94 53 0.079103
94 54 0.079104
94 55 0.079104
94 56 0.079104
94 57 0.079105
94 58 0.079105
94 59 0.079106
94 60 0.079106
94 61 0.079107
94 62 0.079107
94 63 0.079108
94 64 0.079109
94 65 0.079109
94 66 0.079110
94 67 0.079110
94 68 0.079111
94 69 0.079112
94 70 0.079112
94 71 0.079113
94 72 0.079113
94 73 0.079114
94 74 0.079115
94 75 0.079115
94 76 0.079116
94 77 0.079116
94 78 0.079117
94 79 0.079117
94 80 0.079118
94 81 0.079118
94 82 0.079119
94 83 0.079119
94 84 0.079120
94 85 0.079120
94 86 0.079121
94 87 0.079121
94 88 0.079122
94 89 0.079122
94 90 0.079123
94 91 0.079123
94 92 0.079123
94 93 0.079124
94 94 0.079124
94 95 0.079124
94 96 0.079124
94 97 0.079124
94 98 0.079124
94 99 0.079125

95 0 0.079140
95 1 0.079139
95 2 0.079139
95 3 0.079139
95 4 0.079139
95 5 0.079139
95 6 0.079139
95 7 0.079138
95 8 0.079138
95 9 0.079137
95 10 0.079137
95 11 0.079136
95 12 0.079136
95 13 0.079135
95 14 0.079134
95 15 0.079133
95 16 0.079132
95 17 0.079131
95 18 0.079130
95 19 0.079128
95 20 0.079127
95 21 0.079126
95 22 0.079125
95 23 0.079123
95 24 0.079122
95 25 0.079121
95 26 0.079119
95 27 0.079118
95 28 0.079117
95 29 0.079116
95 30 0.079114
95 31 0.079113
95 32 0.079112
95 33 0.079111
95 34 0.079110
95 35 0.079109
95 36 0.079108
95 37 0.079107
95 38 0.079107
95 39 0.079106
95 40 0.079105
95 41 0.079105
95 42 0.079104
95 43 0.079104
95 44 0.079104
95 45 0.079103
95 46 0.079103
95 47 0.079103
95 48 0.079103
95 49 0.079103
95 50 0.079103
95 51 0.079103
95 52 0.079103
95 53 0.079103
95 54 0.079104
95 55 0.079104
95 56 0.079104
95 57 0.079105
95 58 0.079105
95 59 0.079106
95 60 0.079106
95 61 0.079107
95 62 0.079107
95 63 0.079108
95 64 0.079109
95 65 0.079109
95 66 0.079110
95 67 0.079110
95 68 0.079111
95 69 0.079112
95 70 0.079112
95 71 0.079113
95 72 0.079113
95 73 0.079114
95 74 0.079114
95 75 0.079115
95 76 0.079116
95 77 0.079116
95 78 0.079117
95 79 0.079117
95 80 0.079118
95 81 0.079118
95 82 0.079119
95 83 0.079119
95 84 0.079120
95 85 0.079120
95 86 0.079121
95 87 0.079121
95 88 0.079122
95 89 0.079122
95 90 0.079122
95 91 0.079123
95 92 0.079123
95 93 0.079123
95 94 0.079123
95 95 0.079124
95 96 0.079124
95 97 0.079124
95 98 0.079123
95 99 0.079124

96 0 0.079140
96 1 0.079139
96 2 0.079140
96 3 0.079140
96 4 0.079139
96 5 0.079139
96 6 0.079139
96 7 0.079139
96 8 0.079138
96 9 0.079138
96 10 0.079137
96 11 0.079137
96 12 0.079136
96 13 0.079135
96 14 0.079134
96 15 0.079133
96 16 0.079132
96 17 0.079131
96 18 0.079130
96 19 0.079129
96 20 0.079127
96 21 0.079126
96 22 0.079125
96 23 0.079123
96 24 0.079122
96 25 0.079121
96 26 0.079119
96 27 0.079118
96 28 0.079117
96 29 0.079116
96 30 0.079114
96 31 0.079113
96 32 0.079112
96 33 0.079111
96 34 0.079110
96 35 0.079109
96 36 0.079108
96 37 0.079107
96 38 0.079107
96 39 0.079106
96 40 0.079105
96 41 0.079105
96 42 0.079104
96 43 0.079104
96 44 0.079103
96 45 0.079103
96 46 0.079103
96 47 0.079103
96 48 0.079103
96 49 0.079103
96 50 0.079103
96 51 0.079103
96 52 0.079103
96 53 0.079103
96 54 0.079103
96 55 0.079104
96 56 0.079104
96 57 0.079105
96 58 0.079105
96 59 0.079106
96 60 0.079106
96 61 0.079107
96 62 0.079107
96 63 0.079108
96 64 0.079108
96 65 0.079109
96 66 0.079110
96 67 0.079110
96 68 0.079111
96 69 0.079111
96 70 0.079112
96 71 0.079113
96 72 0.079113
96 73 0.079114
96 74 0.079114
96 75 0.079115
96 76 0.079115
96 77 0.079116
96 78 0.079117
96 79 0.079117
96 80 0.079118
96 81 0.079118
96 82 0.079119
96 83 0.079119
96 84 0.079120
96 85 0.079120
96 86 0.079121
96 87 0.079121
96 88 0.079122
96 89 0.079122
96 90 0.079122
96 91 0.079123
96 92 0.079123
96 93 0.079123
96 94 0.079123
96 95 0.079123
96 96 0.079124
96 97 0.079124
96 98 0.079123
96 99 0.079124

97 0 0.079140
97 1 0.079139
97 2 0.079140
97 3 0.079139
97 4 0.079139
97 5 0.079139
97 6 0.079139
97 7 0.079139
97 8 0.079138
97 9 0.079138
97 10 0.079137
97 11 0.079137
97 12 0.079136
97 13 0.079135
97 14 0.079134
97 15 0.079133
97 16 0.079132
97 17 0.079131
97 18 0.079130
97 19 0.079129
97 20 0.079128
97 21 0.079126
97 22 0.079125
97 23 0.079124
97 24 0.079122
97 25 0.079121
97 26 0.079120
97 27 0.079118
97 28 0.079117
97 29 0.079116
97 30 0.079115
97 31 0.079114
97 32 0.079112
97 33 0.079111
97 34 0.079110
97 35 0.079109
97 36 0.079109
97 37 0.079108
97 38 0.079107
97 39 0.079106
97 40 0.079106
97 41 0.079105
97 42 0.079105
97 43 0.079104
97 44 0.079104
97 45 0.079103
97 46 0.079103
97 47 0.079103
97 48 0.079103
97 49 0.079103
97 50 0.079103
97 51 0.079103
97 52 0.079103
97 53 0.079103
97 54 0.079104
97 55 0.079104
97 56 0.079104
97 57 0.079105
97 58 0.079105
97 59 0.079106
97 60 0.079106
97 61 0.079107
97 62 0.079107
97 63 0.079108
97 64 0.079109
97 65 0.079109
97 66 0.079110
97 67 0.079110
97 68 0.079111
97 69 0.079112
97 70 0.079112
97 71 0.079113
97 72 0.079113
97 73 0.079114
97 74 0.079114
97 75 0.079115
97 76 0.079116
97 77 0.079116
97 78 0.079117
97 79 0.079117
97 80 0.079118
97 81 0.079118
97 82 0.079119
97 83 0.079119
97 84 0.079120
97 85 0.079120
97 86 0.079121
97 87 0.079121
97 88 0.079122
97 89 0.079122
97 90 0.079122
97 91 0.079123
97 92 0.079123
97 93 0.079123
97 94 0.079123
97 95 0.079123
97 96 0.079124
97 97 0.079124
97 98 0.079123
97 99 0.079124

98 0 0.079140
98 1 0.079139
98 2 0.079140
98 3 0.079140
98 4 0.079139
98 5 0.079139
98 6 0.079139
98 7 0.079139
98 8 0.079138
98 9 0.079138
98 10 0.079137
98 11 0.079137
98 12 0.079136
98 13 0.079135
98 14 0.079134
98 15 0.079133
98 16 0.079132
98 17 0.079131
98 18 0.079130
98 19 0.079129
98 20 0.079127
98 21 0.079126
98 22 0.079125
98 23 0.079123
98 24 0.079122
98 25 0.079121
98 26 0.079119
98 27 0.079118
98 28 0.079117
98 29 0.079116
98 30 0.079114
98 31 0.079113
98 32 0.079112
98 33 0.079111
98 34 0.079110
98 35 0.079109
98 36 0.079108
98 37 0.079107
98 38 0.079107
98 39 0.079106
98 40 0.079105
98 41 0.079105
98 42 0.079104
98 43 0.079104
98 44 0.079103
98 45 0.079103
98 46 0.079103
98 47 0.079103
98 48 0.079102
98 49 0.079102
98 50 0.079102
98 51 0.079103
98 52 0.079103
98 53 0.079103
98 54 0.079103
98 55 0.079104
98 56 0.079104
98 57 0.079104
98 58 0.079105
98 59 0.079105
98 60 0.079106
98 61 0.079106
98 62 0.079107
98 63 0.079108
98 64 0.079108
98 65 0.079109
98 66 0.079109
98 67 0.079110
98 68 0.079111
98 69 0.079111
98 70 0.079112
98 71 0.079112
98 72 0.079113
98 73 0.079113
98 74 0.079114
98 75 0.079114
98 76 0.079115
98 77 0.079116
98 78 0.079116
98 79 0.079117
98 80 0.079117
98 81 0.079118
98 82 0.079118
98 83 0.079119
98 84 0.079119
98 85 0.079120
98 86 0.079120
98 87 0.079121
98 88 0.079121
98 89 0.079121
98 90 0.079122
98 91 0.079122
98 92 0.079122
98 93 0.079122
98 94 0.079123
98 95 0.079123
98 96 0.079123
98 97 0.079123
98 98 0.079122
98 99 0.079123

99 0 0.079140
99 1 0.079140
99 2 0.079141
99 3 0.079140
99 4 0.079140
99 5 0.079140
99 6 0.079140
99 7 0.079140
99 8 0.079139
99 9 0.079139
99 10 0.079138
99 11 0.079138
99 12 0.079137
99 13 0.079136
99 14 0.079135
99 15 0.079134
99 16 0.079133
99 17 0.079132
99 18 0.079131
99 19 0.079129
99 20 0.079128
99 21 0.079127
99 22 0.079125
99 23 0.079124
99 24 0.079123
99 25 0.079121
99 26 0.079120
99 27 0.079119
99 28 0.079117
99 29 0.079116
99 30 0.079115
99 31 0.079114
99 32 0.079113
99 33 0.079111
99 34 0.079110
99 35 0.079109
99 36 0.079109
99 37 0.079108
99 38 0.079107
99 39 0.079106
99 40 0.079106
99 41 0.079105
99 42 0.079104
99 43 0.079104
99 44 0.079104
99 45 0.079103
99 46 0.079103
99 47 0.079103
99 48 0.079103
99 49 0.079103
99 50 0.079103
99 51 0.079103
99 52 0.079103
99 53 0.079103
99 54 0.079104
99 55 0.079104
99 56 0.079104
99 57 0.079105
99 58 0.079105
99 59 0.079106
99 60 0.079106
99 61 0.079107
99 62 0.079107
99 63 0.079108
99 64 0.079109
99 65 0.079109
99 66 0.079110
99 67 0.079110
99 68 0.079111
99 69 0.079112
99 70 0.079112
99 71 0.079113
99 72 0.079113
99 73 0.079114
99 74 0.079115
99 75 0.079115
99 76 0.079116
99 77 0.079116
99 78 0.079117
99 79 0.079117
99 80 0.079118
99 81 0.079118
99 82 0.079119
99 83 0.079119
99 84 0.079120
99 85 0.079121
99 86 0.079121
99 87 0.079121
99 88 0.079122
99 89 0.079122
99 90 0.079123
99 91 0.079123
99 92 0.079123
99 93 0.079123
99 94 0.079124
99 95 0.079124
99 96 0.079124
99 97 0.079124
99 98 0.079123
99 99 0.079123

