0 0 0.079446
0 1 0.079446
0 2 0.079446
0 3 0.079447
0 4 0.079447
0 5 0.079447
0 6 0.079447
0 7 0.079448
0 8 0.079448
0 9 0.079448
0 10 0.079448
0 11 0.079448
0 12 0.079449
0 13 0.079449
0 14 0.079449
0 15 0.079448
0 16 0.079448
0 17 0.079448
0 18 0.079448
0 19 0.079448
0 20 0.079447
0 21 0.079447
0 22 0.079447
0 23 0.079446
0 24 0.079446
0 25 0.079446
0 26 0.079445
0 27 0.079445
0 28 0.079445
0 29 0.079444
0 30 0.079444
0 31 0.079444
0 32 0.079444
0 33 0.079444
0 34 0.079444
0 35 0.079444
0 36 0.079444
0 37 0.079444
0 38 0.079444
0 39 0.079444
0 40 0.079445
0 41 0.079445
0 42 0.079445
0 43 0.079445
0 44 0.079445
0 45 0.079445
0 46 0.079444
0 47 0.079444
0 48 0.079444
0 49 0.079443
0 50 0.079443
0 51 0.079442
0 52 0.079441
0 53 0.079441
0 54 0.079440
0 55 0.079439
0 56 0.079439
0 57 0.079439
0 58 0.079438
0 59 0.079438
0 60 0.079438
0 61 0.079438
0 62 0.079438
0 63 0.079438
0 64 0.079438
0 65 0.079439
0 66 0.079439
0 67 0.079440
0 68 0.079440
0 69 0.079441
0 70 0.079442
0 71 0.079442
0 72 0.079443
0 73 0.079444
0 74 0.079444
0 75 0.079445
0 76 0.079445
0 77 0.079446
0 78 0.079446
0 79 0.079446
0 80 0.079447
0 81 0.079447
0 82 0.079448
0 83 0.079448
0 84 0.079449
0 85 0.079449
0 86 0.079449
0 87 0.079449
0 88 0.079450
0 89 0.079450
0 90 0.079450
0 91 0.079450
0 92 0.079451
0 93 0.079451
0 94 0.079451
0 95 0.079452
0 96 0.079452
0 97 0.079452
0 98 0.079453
0 99 0.079453

1 0 0.079446
1 1 0.079437
1 2 0.079445
1 3 0.079438
1 4 0.079443
1 5 0.079440
1 6 0.079442
1 7 0.079441
1 8 0.079442
1 9 0.079441
1 10 0.079441
1 11 0.079441
1 12 0.079441
1 13 0.079441
1 14 0.079441
1 15 0.079441
1 16 0.079441
1 17 0.079441
1 18 0.079441
1 19 0.079441
1 20 0.079441
1 21 0.079441
1 22 0.079441
1 23 0.079440
1 24 0.079440
1 25 0.079440
1 26 0.079440
1 27 0.079440
1 28 0.079440
1 29 0.079439
1 30 0.079439
1 31 0.079439
1 32 0.079439
1 33 0.079439
1 34 0.079439
1 35 0.079438
1 36 0.079438
1 37 0.079438
1 38 0.079438
1 39 0.079438
1 40 0.079438
1 41 0.079438
1 42 0.079439
1 43 0.079439
1 44 0.079439
1 45 0.079439
1 46 0.079440
1 47 0.079440
1 48 0.079441
1 49 0.079441
1 50 0.079442
1 51 0.079442
1 52 0.079443
1 53 0.079444
1 54 0.079444
1 55 0.079445
1 56 0.079446
1 57 0.079446
1 58 0.079447
1 59 0.079447
1 60 0.079448
1 61 0.079448
1 62 0.079449
1 63 0.079449
1 64 0.079450
1 65 0.079450
1 66 0.079450
1 67 0.079450
1 68 0.079450
1 69 0.079451
1 70 0.079451
1 71 0.079451
1 72 0.079451
1 73 0.079451
1 74 0.079451
1 75 0.079451
1 76 0.079451
1 77 0.079451
1 78 0.079451
1 79 0.079451
1 80 0.079451
1 81 0.079451
1 82 0.079451
1 83 0.079451
1 84 0.079451
1 85 0.079450
1 86 0.079450
1 87 0.079450
1 88 0.079450
1 89 0.079450
1 90 0.079449
1 91 0.079449
1 92 0.079448
1 93 0.079450
1 94 0.079447
1 95 0.079450
1 96 0.079445
1 97 0.079451
1 98 0.079443
1 99 0.079453

2 0 0.079446
2 1 0.079444
2 2 0.079447
2 3 0.079445
2 4 0.079448
2 5 0.079446
2 6 0.079448
2 7 0.079447
2 8 0.079448
2 9 0.079448
2 10 0.079448
2 11 0.079448
2 12 0.079448
2 13 0.079448
2 14 0.079448
2 15 0.079448
2 16 0.079448
2 17 0.079448
2 18 0.079448
2 19 0.079447
2 20 0.079447
2 21 0.079447
2 22 0.079446
2 23 0.079446
2 24 0.079446
2 25 0.079445
2 26 0.079445
2 27 0.079445
2 28 0.079445
2 29 0.079444
2 30 0.079444
2 31 0.079444
2 32 0.079444
2 33 0.079444
2 34 0.079444
2 35 0.079444
2 36 0.079444
2 37 0.079444
2 38 0.079445
2 39 0.079445
2 40 0.079445
2 41 0.079445
2 42 0.079445
2 43 0.079445
2 44 0.079445
2 45 0.079445
2 46 0.079445
2 47 0.079445
2 48 0.079445
2 49 0.079444
2 50 0.079444
2 51 0.079444
2 52 0.079443
2 53 0.079443
2 54 0.079443
2 55 0.079442
2 56 0.079442
2 57 0.079442
2 58 0.079442
2 59 0.079441
2 60 0.079441
2 61 0.079441
2 62 0.079441
2 63 0.079442
2 64 0.079442
2 65 0.079442
2 66 0.079442
2 67 0.079443
2 68 0.079443
2 69 0.079444
2 70 0.079444
2 71 0.079444
2 72 0.079445
2 73 0.079445
2 74 0.079446
2 75 0.079446
2 76 0.079446
2 77 0.079447
2 78 0.079447
2 79 0.079447
2 80 0.079448
2 81 0.079448
2 82 0.079448
2 83 0.079449
2 84 0.079449
2 85 0.079449
2 86 0.079449
2 87 0.079450
2 88 0.079450
2 89 0.079450
2 90 0.079450
2 91 0.079451
2 92 0.079450
2 93 0.079451
2 94 0.079450
2 95 0.079452
2 96 0.079450
2 97 0.079453
2 98 0.079451
2 99 0.079453

3 0 0.079447
3 1 0.079438
3 2 0.079446
3 3 0.079440
3 4 0.079444
3 5 0.079441
3 6 0.079443
3 7 0.079442
3 8 0.079443
3 9 0.079442
3 10 0.079443
3 11 0.079443
3 12 0.079443
3 13 0.079442
3 14 0.079442
3 15 0.079442
3 16 0.079442
3 17 0.079442
3 18 0.079442
3 19 0.079442
3 20 0.079442
3 21 0.079441
3 22 0.079441
3 23 0.079441
3 24 0.079441
3 25 0.079441
3 26 0.079441
3 27 0.079440
3 28 0.079440
3 29 0.079440
3 30 0.079440
3 31 0.079440
3 32 0.079440
3 33 0.079440
3 34 0.079440
3 35 0.079440
3 36 0.079439
3 37 0.079439
3 38 0.079439
3 39 0.079440
3 40 0.079440
3 41 0.079440
3 42 0.079440
3 43 0.079440
3 44 0.079440
3 45 0.079441
3 46 0.079441
3 47 0.079441
3 48 0.079442
3 49 0.079442
3 50 0.079442
3 51 0.079443
3 52 0.079443
3 53 0.079444
3 54 0.079444
3 55 0.079445
3 56 0.079445
3 57 0.079446
3 58 0.079446
3 59 0.079446
3 60 0.079447
3 61 0.079447
3 62 0.079448
3 63 0.079448
3 64 0.079448
3 65 0.079448
3 66 0.079449
3 67 0.079449
3 68 0.079449
3 69 0.079449
3 70 0.079449
3 71 0.079450
3 72 0.079450
3 73 0.079450
3 74 0.079450
3 75 0.079450
3 76 0.079450
3 77 0.079450
3 78 0.079450
3 79 0.079450
3 80 0.079450
3 81 0.079450
3 82 0.079450
3 83 0.079450
3 84 0.079450
3 85 0.079450
3 86 0.079450
3 87 0.079450
3 88 0.079450
3 89 0.079450
3 90 0.079449
3 91 0.079450
3 92 0.079449
3 93 0.079450
3 94 0.079448
3 95 0.079451
3 96 0.079446
3 97 0.079452
3 98 0.079445
3 99 0.079454

4 0 0.079447
4 1 0.079443
4 2 0.079448
4 3 0.079444
4 4 0.079448
4 5 0.079445
4 6 0.079448
4 7 0.079446
4 8 0.079448
4 9 0.079447
4 10 0.079448
4 11 0.079448
4 12 0.079448
4 13 0.079448
4 14 0.079448
4 15 0.079447
4 16 0.079447
4 17 0.079447
4 18 0.079447
4 19 0.079447
4 20 0.079446
4 21 0.079446
4 22 0.079446
4 23 0.079445
4 24 0.079445
4 25 0.079445
4 26 0.079445
4 27 0.079444
4 28 0.079444
4 29 0.079444
4 30 0.079444
4 31 0.079444
4 32 0.079444
4 33 0.079444
4 34 0.079444
4 35 0.079444
4 36 0.079444
4 37 0.079444
4 38 0.079444
4 39 0.079445
4 40 0.079445
4 41 0.079445
4 42 0.079445
4 43 0.079445
4 44 0.079445
4 45 0.079445
4 46 0.079445
4 47 0.079445
4 48 0.079445
4 49 0.079445
4 50 0.079445
4 51 0.079445
4 52 0.079445
4 53 0.079444
4 54 0.079444
4 55 0.079444
4 56 0.079444
4 57 0.079444
4 58 0.079444
4 59 0.079444
4 60 0.079444
4 61 0.079444
4 62 0.079444
4 63 0.079444
4 64 0.079444
4 65 0.079444
4 66 0.079445
4 67 0.079445
4 68 0.079445
4 69 0.079445
4 70 0.079446
4 71 0.079446
4 72 0.079446
4 73 0.079447
4 74 0.079447
4 75 0.079447
4 76 0.079447
4 77 0.079448
4 78 0.079448
4 79 0.079448
4 80 0.079448
4 81 0.079448
4 82 0.079449
4 83 0.079449
4 84 0.079449
4 85 0.079449
4 86 0.079449
4 87 0.079450
4 88 0.079450
4 89 0.079450
4 90 0.079450
4 91 0.079451
4 92 0.079450
4 93 0.079451
4 94 0.079450
4 95 0.079452
4 96 0.079449
4 97 0.079453
4 98 0.079449
4 99 0.079454

5 0 0.079448
5 1 0.079439
5 2 0.079447
5 3 0.079441
5 4 0.079446
5 5 0.079442
5 6 0.079445
5 7 0.079443
5 8 0.079445
5 9 0.079444
5 10 0.079444
5 11 0.079444
5 12 0.079444
5 13 0.079444
5 14 0.079444
5 15 0.079443
5 16 0.079443
5 17 0.079443
5 18 0.079443
5 19 0.079443
5 20 0.079442
5 21 0.079442
5 22 0.079442
5 23 0.079442
5 24 0.079442
5 25 0.079442
5 26 0.079441
5 27 0.079441
5 28 0.079441
5 29 0.079441
5 30 0.079441
5 31 0.079441
5 32 0.079441
5 33 0.079441
5 34 0.079441
5 35 0.079441
5 36 0.079441
5 37 0.079441
5 38 0.079441
5 39 0.079441
5 40 0.079441
5 41 0.079441
5 42 0.079441
5 43 0.079441
5 44 0.079442
5 45 0.079442
5 46 0.079442
5 47 0.079442
5 48 0.079443
5 49 0.079443
5 50 0.079443
5 51 0.079444
5 52 0.079444
5 53 0.079444
5 54 0.079445
5 55 0.079445
5 56 0.079445
5 57 0.079446
5 58 0.079446
5 59 0.079446
5 60 0.079447
5 61 0.079447
5 62 0.079447
5 63 0.079448
5 64 0.079448
5 65 0.079448
5 66 0.079448
5 67 0.079448
5 68 0.079449
5 69 0.079449
5 70 0.079449
5 71 0.079449
5 72 0.079449
5 73 0.079449
5 74 0.079449
5 75 0.079449
5 76 0.079449
5 77 0.079449
5 78 0.079449
5 79 0.079449
5 80 0.079450
5 81 0.079450
5 82 0.079450
5 83 0.079450
5 84 0.079450
5 85 0.079450
5 86 0.079450
5 87 0.079450
5 88 0.079450
5 89 0.079450
5 90 0.079449
5 91 0.079450
5 92 0.079449
5 93 0.079451
5 94 0.079448
5 95 0.079452
5 96 0.079447
5 97 0.079453
5 98 0.079446
5 99 0.079454

6 0 0.079448
6 1 0.079441
6 2 0.079448
6 3 0.079443
6 4 0.079448
6 5 0.079445
6 6 0.079448
6 7 0.079446
6 8 0.079447
6 9 0.079447
6 10 0.079447
6 11 0.079447
6 12 0.079447
6 13 0.079447
6 14 0.079447
6 15 0.079447
6 16 0.079447
6 17 0.079446
6 18 0.079446
6 19 0.079446
6 20 0.079446
6 21 0.079445
6 22 0.079445
6 23 0.079445
6 24 0.079444
6 25 0.079444
6 26 0.079444
6 27 0.079444
6 28 0.079444
6 29 0.079444
6 30 0.079444
6 31 0.079444
6 32 0.079444
6 33 0.079444
6 34 0.079444
6 35 0.079444
6 36 0.079444
6 37 0.079444
6 38 0.079444
6 39 0.079444
6 40 0.079445
6 41 0.079445
6 42 0.079445
6 43 0.079445
6 44 0.079445
6 45 0.079445
6 46 0.079445
6 47 0.079445
6 48 0.079445
6 49 0.079445
6 50 0.079445
6 51 0.079445
6 52 0.079445
6 53 0.079445
6 54 0.079445
6 55 0.079445
6 56 0.079445
6 57 0.079445
6 58 0.079445
6 59 0.079445
6 60 0.079445
6 61 0.079445
6 62 0.079445
6 63 0.079445
6 64 0.079446
6 65 0.079446
6 66 0.079446
6 67 0.079446
6 68 0.079446
6 69 0.079447
6 70 0.079447
6 71 0.079447
6 72 0.079447
6 73 0.079447
6 74 0.079448
6 75 0.079448
6 76 0.079448
6 77 0.079448
6 78 0.079448
6 79 0.079448
6 80 0.079449
6 81 0.079449
6 82 0.079449
6 83 0.079449
6 84 0.079449
6 85 0.079449
6 86 0.079449
6 87 0.079450
6 88 0.079450
6 89 0.079450
6 90 0.079450
6 91 0.079451
6 92 0.079450
6 93 0.079452
6 94 0.079449
6 95 0.079453
6 96 0.079448
6 97 0.079454
6 98 0.079448
6 99 0.079455

7 0 0.079448
7 1 0.079440
7 2 0.079448
7 3 0.079442
7 4 0.079447
7 5 0.079443
7 6 0.079446
7 7 0.079444
7 8 0.079446
7 9 0.079445
7 10 0.079445
7 11 0.079445
7 12 0.079445
7 13 0.079445
7 14 0.079445
7 15 0.079444
7 16 0.079444
7 17 0.079444
7 18 0.079444
7 19 0.079444
7 20 0.079443
7 21 0.079443
7 22 0.079443
7 23 0.079443
7 24 0.079442
7 25 0.079442
7 26 0.079442
7 27 0.079442
7 28 0.079442
7 29 0.079442
7 30 0.079442
7 31 0.079442
7 32 0.079442
7 33 0.079442
7 34 0.079442
7 35 0.079442
7 36 0.079442
7 37 0.079442
7 38 0.079442
7 39 0.079442
7 40 0.079442
7 41 0.079442
7 42 0.079442
7 43 0.079443
7 44 0.079443
7 45 0.079443
7 46 0.079443
7 47 0.079443
7 48 0.079444
7 49 0.079444
7 50 0.079444
7 51 0.079444
7 52 0.079445
7 53 0.079445
7 54 0.079445
7 55 0.079446
7 56 0.079446
7 57 0.079446
7 58 0.079446
7 59 0.079447
7 60 0.079447
7 61 0.079447
7 62 0.079447
7 63 0.079448
7 64 0.079448
7 65 0.079448
7 66 0.079448
7 67 0.079448
7 68 0.079448
7 69 0.079449
7 70 0.079449
7 71 0.079449
7 72 0.079449
7 73 0.079449
7 74 0.079449
7 75 0.079449
7 76 0.079449
7 77 0.079449
7 78 0.079449
7 79 0.079449
7 80 0.079449
7 81 0.079449
7 82 0.079449
7 83 0.079449
7 84 0.079450
7 85 0.079450
7 86 0.079450
7 87 0.079450
7 88 0.079450
7 89 0.079450
7 90 0.079450
7 91 0.079451
7 92 0.079449
7 93 0.079451
7 94 0.079448
7 95 0.079452
7 96 0.079447
7 97 0.079454
7 98 0.079446
7 99 0.079455

8 0 0.079449
8 1 0.079441
8 2 0.079449
8 3 0.079443
8 4 0.079448
8 5 0.079444
8 6 0.079448
8 7 0.079446
8 8 0.079447
8 9 0.079446
8 10 0.079447
8 11 0.079447
8 12 0.079447
8 13 0.079447
8 14 0.079446
8 15 0.079446
8 16 0.079446
8 17 0.079446
8 18 0.079446
8 19 0.079445
8 20 0.079445
8 21 0.079445
8 22 0.079444
8 23 0.079444
8 24 0.079444
8 25 0.079444
8 26 0.079444
8 27 0.079444
8 28 0.079444
8 29 0.079444
8 30 0.079444
8 31 0.079444
8 32 0.079444
8 33 0.079444
8 34 0.079444
8 35 0.079444
8 36 0.079444
8 37 0.079444
8 38 0.079444
8 39 0.079444
8 40 0.079445
8 41 0.079445
8 42 0.079445
8 43 0.079445
8 44 0.079445
8 45 0.079445
8 46 0.079446
8 47 0.079446
8 48 0.079446
8 49 0.079446
8 50 0.079446
8 51 0.079446
8 52 0.079446
8 53 0.079446
8 54 0.079446
8 55 0.079446
8 56 0.079446
8 57 0.079446
8 58 0.079446
8 59 0.079446
8 60 0.079446
8 61 0.079446
8 62 0.079446
8 63 0.079447
8 64 0.079447
8 65 0.079447
8 66 0.079447
8 67 0.079447
8 68 0.079447
8 69 0.079448
8 70 0.079448
8 71 0.079448
8 72 0.079448
8 73 0.079448
8 74 0.079448
8 75 0.079448
8 76 0.079448
8 77 0.079448
8 78 0.079449
8 79 0.079449
8 80 0.079449
8 81 0.079449
8 82 0.079449
8 83 0.079449
8 84 0.079449
8 85 0.079449
8 86 0.079450
8 87 0.079450
8 88 0.079450
8 89 0.079450
8 90 0.079450
8 91 0.079451
8 92 0.079449
8 93 0.079452
8 94 0.079449
8 95 0.079453
8 96 0.079448
8 97 0.079454
8 98 0.079447
8 99 0.079455

9 0 0.079449
9 1 0.079440
9 2 0.079449
9 3 0.079442
9 4 0.079448
9 5 0.079444
9 6 0.079447
9 7 0.079445
9 8 0.079446
9 9 0.079445
9 10 0.079446
9 11 0.079446
9 12 0.079446
9 13 0.079445
9 14 0.079445
9 15 0.079445
9 16 0.079445
9 17 0.079445
9 18 0.079444
9 19 0.079444
9 20 0.079444
9 21 0.079444
9 22 0.079443
9 23 0.079443
9 24 0.079443
9 25 0.079443
9 26 0.079443
9 27 0.079443
9 28 0.079443
9 29 0.079442
9 30 0.079442
9 31 0.079442
9 32 0.079442
9 33 0.079442
9 34 0.079442
9 35 0.079443
9 36 0.079443
9 37 0.079443
9 38 0.079443
9 39 0.079443
9 40 0.079443
9 41 0.079443
9 42 0.079443
9 43 0.079444
9 44 0.079444
9 45 0.079444
9 46 0.079444
9 47 0.079444
9 48 0.079445
9 49 0.079445
9 50 0.079445
9 51 0.079445
9 52 0.079446
9 53 0.079446
9 54 0.079446
9 55 0.079446
9 56 0.079446
9 57 0.079447
9 58 0.079447
9 59 0.079447
9 60 0.079447
9 61 0.079447
9 62 0.079448
9 63 0.079448
9 64 0.079448
9 65 0.079448
9 66 0.079448
9 67 0.079449
9 68 0.079449
9 69 0.079449
9 70 0.079449
9 71 0.079449
9 72 0.079449
9 73 0.079449
9 74 0.079449
9 75 0.079449
9 76 0.079449
9 77 0.079449
9 78 0.079449
9 79 0.079449
9 80 0.079449
9 81 0.079449
9 82 0.079449
9 83 0.079450
9 84 0.079450
9 85 0.079450
9 86 0.079450
9 87 0.079450
9 88 0.079450
9 89 0.079450
9 90 0.079450
9 91 0.079451
9 92 0.079449
9 93 0.079452
9 94 0.079449
9 95 0.079453
9 96 0.079447
9 97 0.079454
9 98 0.079446
9 99 0.079455

10 0 0.079450
10 1 0.079441
10 2 0.079449
10 3 0.079442
10 4 0.079448
10 5 0.079444
10 6 0.079448
10 7 0.079445
10 8 0.079447
10 9 0.079446
10 10 0.079447
10 11 0.079446
10 12 0.079447
10 13 0.079446
10 14 0.079446
10 15 0.079446
10 16 0.079446
10 17 0.079445
10 18 0.079445
10 19 0.079445
10 20 0.079445
10 21 0.079444
10 22 0.079444
10 23 0.079444
10 24 0.079444
10 25 0.079444
10 26 0.079444
10 27 0.079444
10 28 0.079444
10 29 0.079444
10 30 0.079444
10 31 0.079444
10 32 0.079444
10 33 0.079444
10 34 0.079444
10 35 0.079444
10 36 0.079444
10 37 0.079444
10 38 0.079444
10 39 0.079445
10 40 0.079445
10 41 0.079445
10 42 0.079445
10 43 0.079445
10 44 0.079445
10 45 0.079446
10 46 0.079446
10 47 0.079446
10 48 0.079446
10 49 0.079446
10 50 0.079446
10 51 0.079446
10 52 0.079447
10 53 0.079447
10 54 0.079447
10 55 0.079447
10 56 0.079447
10 57 0.079447
10 58 0.079447
10 59 0.079447
10 60 0.079447
10 61 0.079447
10 62 0.079447
10 63 0.079447
10 64 0.079448
10 65 0.079448
10 66 0.079448
10 67 0.079448
10 68 0.079448
10 69 0.079448
10 70 0.079448
10 71 0.079448
10 72 0.079449
10 73 0.079449
10 74 0.079449
10 75 0.079449
10 76 0.079449
10 77 0.079449
10 78 0.079449
10 79 0.079449
10 80 0.079449
10 81 0.079449
10 82 0.079449
10 83 0.079449
10 84 0.079450
10 85 0.079450
10 86 0.079450
10 87 0.079450
10 88 0.079450
10 89 0.079450
10 90 0.079450
10 91 0.079451
10 92 0.079449
10 93 0.079452
10 94 0.079449
10 95 0.079453
10 96 0.079448
10 97 0.079455
10 98 0.079446
10 99 0.079455

11 0 0.079449
11 1 0.079441
11 2 0.079449
11 3 0.079442
11 4 0.079448
11 5 0.079444
11 6 0.079447
11 7 0.079445
11 8 0.079447
11 9 0.079446
11 10 0.079446
11 11 0.079446
11 12 0.079446
11 13 0.079446
11 14 0.079446
11 15 0.079445
11 16 0.079445
11 17 0.079445
11 18 0.079445
11 19 0.079444
11 20 0.079444
11 21 0.079444
11 22 0.079444
11 23 0.079444
11 24 0.079443
11 25 0.079443
11 26 0.079443
11 27 0.079443
11 28 0.079443
11 29 0.079443
11 30 0.079443
11 31 0.079443
11 32 0.079443
11 33 0.079443
11 34 0.079443
11 35 0.079443
11 36 0.079443
11 37 0.079444
11 38 0.079444
11 39 0.079444
11 40 0.079444
11 41 0.079444
11 42 0.079444
11 43 0.079445
11 44 0.079445
11 45 0.079445
11 46 0.079445
11 47 0.079445
11 48 0.079446
11 49 0.079446
11 50 0.079446
11 51 0.079446
11 52 0.079446
11 53 0.079447
11 54 0.079447
11 55 0.079447
11 56 0.079447
11 57 0.079447
11 58 0.079448
11 59 0.079448
11 60 0.079448
11 61 0.079448
11 62 0.079448
11 63 0.079448
11 64 0.079449
11 65 0.079449
11 66 0.079449
11 67 0.079449
11 68 0.079449
11 69 0.079449
11 70 0.079449
11 71 0.079449
11 72 0.079449
11 73 0.079449
11 74 0.079449
11 75 0.079449
11 76 0.079449
11 77 0.079449
11 78 0.079449
11 79 0.079449
11 80 0.079450
11 81 0.079450
11 82 0.079450
11 83 0.079450
11 84 0.079450
11 85 0.079450
11 86 0.079450
11 87 0.079450
11 88 0.079450
11 89 0.079451
11 90 0.079450
11 91 0.079451
11 92 0.079450
11 93 0.079452
11 94 0.079449
11 95 0.079453
11 96 0.079448
11 97 0.079455
11 98 0.079446
11 99 0.079455

12 0 0.079450
12 1 0.079441
12 2 0.079449
12 3 0.079442
12 4 0.079449
12 5 0.079444
12 6 0.079448
12 7 0.079445
12 8 0.079447
12 9 0.079446
12 10 0.079447
12 11 0.079446
12 12 0.079446
12 13 0.079446
12 14 0.079446
12 15 0.079446
12 16 0.079446
12 17 0.079445
12 18 0.079445
12 19 0.079445
12 20 0.079445
12 21 0.079444
12 22 0.079444
12 23 0.079444
12 24 0.079444
12 25 0.079444
12 26 0.079444
12 27 0.079444
12 28 0.079444
12 29 0.079444
12 30 0.079444
12 31 0.079444
12 32 0.079444
12 33 0.079444
12 34 0.079444
12 35 0.079444
12 36 0.079444
12 37 0.079445
12 38 0.079445
12 39 0.079445
12 40 0.079445
12 41 0.079445
12 42 0.079446
12 43 0.079446
12 44 0.079446
12 45 0.079446
12 46 0.079446
12 47 0.079446
12 48 0.079447
12 49 0.079447
12 50 0.079447
12 51 0.079447
12 52 0.079447
12 53 0.079447
12 54 0.079447
12 55 0.079447
12 56 0.079448
12 57 0.079448
12 58 0.079448
12 59 0.079448
12 60 0.079448
12 61 0.079448
12 62 0.079448
12 63 0.079448
12 64 0.079448
12 65 0.079449
12 66 0.079449
12 67 0.079449
12 68 0.079449
12 69 0.079449
12 70 0.079449
12 71 0.079449
12 72 0.079449
12 73 0.079449
12 74 0.079449
12 75 0.079449
12 76 0.079449
12 77 0.079449
12 78 0.079449
12 79 0.079449
12 80 0.079449
12 81 0.079450
12 82 0.079450
12 83 0.079450
12 84 0.079450
12 85 0.079450
12 86 0.079450
12 87 0.079450
12 88 0.079450
12 89 0.079451
12 90 0.079450
12 91 0.079451
12 92 0.079450
12 93 0.079452
12 94 0.079449
12 95 0.079453
12 96 0.079447
12 97 0.079455
12 98 0.079446
12 99 0.079455

13 0 0.079450
13 1 0.079441
13 2 0.079449
13 3 0.079442
13 4 0.079448
13 5 0.079444
13 6 0.079448
13 7 0.079445
13 8 0.079447
13 9 0.079446
13 10 0.079447
13 11 0.079446
13 12 0.079446
13 13 0.079446
13 14 0.079446
13 15 0.079446
13 16 0.079445
13 17 0.079445
13 18 0.079445
13 19 0.079445
13 20 0.079444
13 21 0.079444
13 22 0.079444
13 23 0.079444
13 24 0.079444
13 25 0.079444
13 26 0.079444
13 27 0.079444
13 28 0.079444
13 29 0.079444
13 30 0.079444
13 31 0.079444
13 32 0.079444
13 33 0.079444
13 34 0.079444
13 35 0.079444
13 36 0.079444
13 37 0.079444
13 38 0.079444
13 39 0.079445
13 40 0.079445
13 41 0.079445
13 42 0.079445
13 43 0.079445
13 44 0.079446
13 45 0.079446
13 46 0.079446
13 47 0.079446
13 48 0.079446
13 49 0.079447
13 50 0.079447
13 51 0.079447
13 52 0.079447
13 53 0.079447
13 54 0.079448
13 55 0.079448
13 56 0.079448
13 57 0.079448
13 58 0.079448
13 59 0.079448
13 60 0.079448
13 61 0.079449
13 62 0.079449
13 63 0.079449
13 64 0.079449
13 65 0.079449
13 66 0.079449
13 67 0.079449
13 68 0.079449
13 69 0.079449
13 70 0.079450
13 71 0.079450
13 72 0.079450
13 73 0.079450
13 74 0.079450
13 75 0.079450
13 76 0.079450
13 77 0.079450
13 78 0.079450
13 79 0.079450
13 80 0.079450
13 81 0.079450
13 82 0.079450
13 83 0.079450
13 84 0.079450
13 85 0.079450
13 86 0.079450
13 87 0.079451
13 88 0.079450
13 89 0.079451
13 90 0.079450
13 91 0.079452
13 92 0.079450
13 93 0.079452
13 94 0.079449
13 95 0.079454
13 96 0.079448
13 97 0.079455
13 98 0.079446
13 99 0.079455

14 0 0.079450
14 1 0.079441
14 2 0.079450
14 3 0.079442
14 4 0.079449
14 5 0.079444
14 6 0.079448
14 7 0.079445
14 8 0.079447
14 9 0.079446
14 10 0.079447
14 11 0.079446
14 12 0.079446
14 13 0.079446
14 14 0.079446
14 15 0.079446
14 16 0.079445
14 17 0.079445
14 18 0.079445
14 19 0.079445
14 20 0.079445
14 21 0.079444
14 22 0.079444
14 23 0.079444
14 24 0.079444
14 25 0.079444
14 26 0.079444
14 27 0.079444
14 28 0.079444
14 29 0.079444
14 30 0.079444
14 31 0.079444
14 32 0.079444
14 33 0.079444
14 34 0.079444
14 35 0.079445
14 36 0.079445
14 37 0.079445
14 38 0.079445
14 39 0.079445
14 40 0.079446
14 41 0.079446
14 42 0.079446
14 43 0.079446
14 44 0.079446
14 45 0.079447
14 46 0.079447
14 47 0.079447
14 48 0.079447
14 49 0.079447
14 50 0.079447
14 51 0.079448
14 52 0.079448
14 53 0.079448
14 54 0.079448
14 55 0.079448
14 56 0.079448
14 57 0.079448
14 58 0.079448
14 59 0.079449
14 60 0.079449
14 61 0.079449
14 62 0.079449
14 63 0.079449
14 64 0.079449
14 65 0.079449
14 66 0.079449
14 67 0.079449
14 68 0.079449
14 69 0.079450
14 70 0.079450
14 71 0.079450
14 72 0.079450
14 73 0.079450
14 74 0.079450
14 75 0.079450
14 76 0.079450
14 77 0.079450
14 78 0.079450
14 79 0.079450
14 80 0.079450
14 81 0.079450
14 82 0.079450
14 83 0.079450
14 84 0.079450
14 85 0.079450
14 86 0.079450
14 87 0.079451
14 88 0.079450
14 89 0.079451
14 90 0.079450
14 91 0.079452
14 92 0.079450
14 93 0.079452
14 94 0.079449
14 95 0.079454
14 96 0.079448
14 97 0.079455
14 98 0.079446
14 99 0.079455

15 0 0.079450
15 1 0.079441
15 2 0.079449
15 3 0.079442
15 4 0.079448
15 5 0.079444
15 6 0.079448
15 7 0.079445
15 8 0.079447
15 9 0.079446
15 10 0.079447
15 11 0.079446
15 12 0.079446
15 13 0.079446
15 14 0.079446
15 15 0.079446
15 16 0.079445
15 17 0.079445
15 18 0.079445
15 19 0.079445
15 20 0.079445
15 21 0.079444
15 22 0.079444
15 23 0.079444
15 24 0.079444
15 25 0.079444
15 26 0.079444
15 27 0.079444
15 28 0.079444
15 29 0.079444
15 30 0.079444
15 31 0.079444
15 32 0.079444
15 33 0.079444
15 34 0.079444
15 35 0.079445
15 36 0.079445
15 37 0.079445
15 38 0.079445
15 39 0.079445
15 40 0.079445
15 41 0.079446
15 42 0.079446
15 43 0.079446
15 44 0.079446
15 45 0.079447
15 46 0.079447
15 47 0.079447
15 48 0.079447
15 49 0.079447
15 50 0.079448
15 51 0.079448
15 52 0.079448
15 53 0.079448
15 54 0.079448
15 55 0.079448
15 56 0.079449
15 57 0.079449
15 58 0.079449
15 59 0.079449
15 60 0.079449
15 61 0.079449
15 62 0.079449
15 63 0.079449
15 64 0.079450
15 65 0.079450
15 66 0.079450
15 67 0.079450
15 68 0.079450
15 69 0.079450
15 70 0.079450
15 71 0.079450
15 72 0.079450
15 73 0.079450
15 74 0.079450
15 75 0.079450
15 76 0.079450
15 77 0.079450
15 78 0.079450
15 79 0.079450
15 80 0.079450
15 81 0.079450
15 82 0.079450
15 83 0.079450
15 84 0.079451
15 85 0.079451
15 86 0.079451
15 87 0.079451
15 88 0.079451
15 89 0.079451
15 90 0.079451
15 91 0.079452
15 92 0.079450
15 93 0.079453
15 94 0.079449
15 95 0.079454
15 96 0.079448
15 97 0.079455
15 98 0.079447
15 99 0.079456

16 0 0.079450
16 1 0.079441
16 2 0.079450
16 3 0.079442
16 4 0.079449
16 5 0.079444
16 6 0.079448
16 7 0.079445
16 8 0.079447
16 9 0.079446
16 10 0.079447
16 11 0.079446
16 12 0.079446
16 13 0.079446
16 14 0.079446
16 15 0.079446
16 16 0.079445
16 17 0.079445
16 18 0.079445
16 19 0.079445
16 20 0.079445
16 21 0.079445
16 22 0.079445
16 23 0.079444
16 24 0.079444
16 25 0.079444
16 26 0.079444
16 27 0.079444
16 28 0.079444
16 29 0.079444
16 30 0.079444
16 31 0.079445
16 32 0.079445
16 33 0.079445
16 34 0.079445
16 35 0.079445
16 36 0.079445
16 37 0.079445
16 38 0.079446
16 39 0.079446
16 40 0.079446
16 41 0.079446
16 42 0.079446
16 43 0.079447
16 44 0.079447
16 45 0.079447
16 46 0.079447
16 47 0.079448
16 48 0.079448
16 49 0.079448
16 50 0.079448
16 51 0.079448
16 52 0.079448
16 53 0.079449
16 54 0.079449
16 55 0.079449
16 56 0.079449
16 57 0.079449
16 58 0.079449
16 59 0.079449
16 60 0.079449
16 61 0.079449
16 62 0.079450
16 63 0.079450
16 64 0.079450
16 65 0.079450
16 66 0.079450
16 67 0.079450
16 68 0.079450
16 69 0.079450
16 70 0.079450
16 71 0.079450
16 72 0.079450
16 73 0.079450
16 74 0.079450
16 75 0.079450
16 76 0.079450
16 77 0.079450
16 78 0.079450
16 79 0.079450
16 80 0.079450
16 81 0.079450
16 82 0.079451
16 83 0.079451
16 84 0.079451
16 85 0.079451
16 86 0.079451
16 87 0.079451
16 88 0.079451
16 89 0.079452
16 90 0.079451
16 91 0.079452
16 92 0.079450
16 93 0.079453
16 94 0.079449
16 95 0.079454
16 96 0.079448
16 97 0.079455
16 98 0.079447
16 99 0.079456

17 0 0.079450
17 1 0.079441
17 2 0.079449
17 3 0.079442
17 4 0.079448
17 5 0.079444
17 6 0.079448
17 7 0.079445
17 8 0.079447
17 9 0.079446
17 10 0.079446
17 11 0.079446
17 12 0.079446
17 13 0.079446
17 14 0.079446
17 15 0.079445
17 16 0.079445
17 17 0.079445
17 18 0.079445
17 19 0.079445
17 20 0.079445
17 21 0.079445
17 22 0.079445
17 23 0.079445
17 24 0.079445
17 25 0.079445
17 26 0.079445
17 27 0.079445
17 28 0.079445
17 29 0.079445
17 30 0.079445
17 31 0.079445
17 32 0.079445
17 33 0.079445
17 34 0.079445
17 35 0.079445
17 36 0.079445
17 37 0.079446
17 38 0.079446
17 39 0.079446
17 40 0.079446
17 41 0.079446
17 42 0.079447
17 43 0.079447
17 44 0.079447
17 45 0.079447
17 46 0.079448
17 47 0.079448
17 48 0.079448
17 49 0.079448
17 50 0.079448
17 51 0.079449
17 52 0.079449
17 53 0.079449
17 54 0.079449
17 55 0.079449
17 56 0.079449
17 57 0.079449
17 58 0.079449
17 59 0.079450
17 60 0.079450
17 61 0.079450
17 62 0.079450
17 63 0.079450
17 64 0.079450
17 65 0.079450
17 66 0.079450
17 67 0.079450
17 68 0.079450
17 69 0.079450
17 70 0.079450
17 71 0.079450
17 72 0.079451
17 73 0.079451
17 74 0.079451
17 75 0.079451
17 76 0.079451
17 77 0.079451
17 78 0.079451
17 79 0.079451
17 80 0.079451
17 81 0.079451
17 82 0.079451
17 83 0.079451
17 84 0.079451
17 85 0.079451
17 86 0.079451
17 87 0.079451
17 88 0.079451
17 89 0.079452
17 90 0.079451
17 91 0.079452
17 92 0.079450
17 93 0.079453
17 94 0.079449
17 95 0.079454
17 96 0.079448
17 97 0.079455
17 98 0.079447
17 99 0.079456

18 0 0.079450
18 1 0.079441
18 2 0.079449
18 3 0.079442
18 4 0.079448
18 5 0.079444
18 6 0.079447
18 7 0.079445
18 8 0.079447
18 9 0.079446
18 10 0.079446
18 11 0.079446
18 12 0.079446
18 13 0.079446
18 14 0.079446
18 15 0.079445
18 16 0.079445
18 17 0.079445
18 18 0.079445
18 19 0.079445
18 20 0.079445
18 21 0.079445
18 22 0.079445
18 23 0.079445
18 24 0.079445
18 25 0.079445
18 26 0.079445
18 27 0.079445
18 28 0.079445
18 29 0.079445
18 30 0.079445
18 31 0.079445
18 32 0.079445
18 33 0.079445
18 34 0.079445
18 35 0.079446
18 36 0.079446
18 37 0.079446
18 38 0.079446
18 39 0.079446
18 40 0.079447
18 41 0.079447
18 42 0.079447
18 43 0.079447
18 44 0.079448
18 45 0.079448
18 46 0.079448
18 47 0.079448
18 48 0.079448
18 49 0.079449
18 50 0.079449
18 51 0.079449
18 52 0.079449
18 53 0.079449
18 54 0.079449
18 55 0.079449
18 56 0.079450
18 57 0.079450
18 58 0.079450
18 59 0.079450
18 60 0.079450
18 61 0.079450
18 62 0.079450
18 63 0.079450
18 64 0.079450
18 65 0.079450
18 66 0.079451
18 67 0.079451
18 68 0.079451
18 69 0.079451
18 70 0.079451
18 71 0.079451
18 72 0.079451
18 73 0.079451
18 74 0.079451
18 75 0.079451
18 76 0.079451
18 77 0.079451
18 78 0.079451
18 79 0.079451
18 80 0.079451
18 81 0.079451
18 82 0.079451
18 83 0.079451
18 84 0.079451
18 85 0.079451
18 86 0.079451
18 87 0.079452
18 88 0.079451
18 89 0.079452
18 90 0.079451
18 91 0.079452
18 92 0.079451
18 93 0.079453
18 94 0.079450
18 95 0.079454
18 96 0.079448
18 97 0.079455
18 98 0.079447
18 99 0.079456

19 0 0.079450
19 1 0.079441
19 2 0.079449
19 3 0.079442
19 4 0.079448
19 5 0.079444
19 6 0.079447
19 7 0.079445
19 8 0.079447
19 9 0.079445
19 10 0.079446
19 11 0.079446
19 12 0.079446
19 13 0.079446
19 14 0.079446
19 15 0.079445
19 16 0.079445
19 17 0.079445
19 18 0.079445
19 19 0.079445
19 20 0.079445
19 21 0.079445
19 22 0.079445
19 23 0.079445
19 24 0.079445
19 25 0.079445
19 26 0.079445
19 27 0.079445
19 28 0.079445
19 29 0.079445
19 30 0.079445
19 31 0.079445
19 32 0.079445
19 33 0.079446
19 34 0.079446
19 35 0.079446
19 36 0.079446
19 37 0.079446
19 38 0.079446
19 39 0.079447
19 40 0.079447
19 41 0.079447
19 42 0.079447
19 43 0.079448
19 44 0.079448
19 45 0.079448
19 46 0.079448
19 47 0.079448
19 48 0.079449
19 49 0.079449
19 50 0.079449
19 51 0.079449
19 52 0.079449
19 53 0.079449
19 54 0.079450
19 55 0.079450
19 56 0.079450
19 57 0.079450
19 58 0.079450
19 59 0.079450
19 60 0.079450
19 61 0.079450
19 62 0.079450
19 63 0.079451
19 64 0.079451
19 65 0.079451
19 66 0.079451
19 67 0.079451
19 68 0.079451
19 69 0.079451
19 70 0.079451
19 71 0.079451
19 72 0.079451
19 73 0.079451
19 74 0.079451
19 75 0.079451
19 76 0.079451
19 77 0.079451
19 78 0.079451
19 79 0.079451
19 80 0.079451
19 81 0.079451
19 82 0.079451
19 83 0.079451
19 84 0.079451
19 85 0.079452
19 86 0.079452
19 87 0.079452
19 88 0.079451
19 89 0.079452
19 90 0.079451
19 91 0.079453
19 92 0.079451
19 93 0.079453
19 94 0.079450
19 95 0.079454
19 96 0.079448
19 97 0.079455
19 98 0.079447
19 99 0.079456

20 0 0.079450
20 1 0.079441
20 2 0.079449
20 3 0.079442
20 4 0.079448
20 5 0.079444
20 6 0.079447
20 7 0.079445
20 8 0.079447
20 9 0.079445
20 10 0.079446
20 11 0.079446
20 12 0.079446
20 13 0.079446
20 14 0.079446
20 15 0.079445
20 16 0.079445
20 17 0.079445
20 18 0.079445
20 19 0.079445
20 20 0.079445
20 21 0.079445
20 22 0.079445
20 23 0.079445
20 24 0.079445
20 25 0.079445
20 26 0.079445
20 27 0.079445
20 28 0.079445
20 29 0.079445
20 30 0.079446
20 31 0.079446
20 32 0.079446
20 33 0.079446
20 34 0.079446
20 35 0.079446
20 36 0.079446
20 37 0.079447
20 38 0.079447
20 39 0.079447
20 40 0.079447
20 41 0.079447
20 42 0.079448
20 43 0.079448
20 44 0.079448
20 45 0.079448
20 46 0.079449
20 47 0.079449
20 48 0.079449
20 49 0.079449
20 50 0.079449
20 51 0.079450
20 52 0.079450
20 53 0.079450
20 54 0.079450
20 55 0.079450
20 56 0.079450
20 57 0.079450
20 58 0.079450
20 59 0.079450
20 60 0.079451
20 61 0.079451
20 62 0.079451
20 63 0.079451
20 64 0.079451
20 65 0.079451
20 66 0.079451
20 67 0.079451
20 68 0.079451
20 69 0.079451
20 70 0.079451
20 71 0.079451
20 72 0.079451
20 73 0.079451
20 74 0.079451
20 75 0.079451
20 76 0.079451
20 77 0.079451
20 78 0.079451
20 79 0.079451
20 80 0.079451
20 81 0.079451
20 82 0.079452
20 83 0.079452
20 84 0.079452
20 85 0.079452
20 86 0.079452
20 87 0.079452
20 88 0.079452
20 89 0.079452
20 90 0.079451
20 91 0.079453
20 92 0.079451
20 93 0.079453
20 94 0.079450
20 95 0.079454
20 96 0.079449
20 97 0.079455
20 98 0.079447
20 99 0.079456

21 0 0.079449
21 1 0.079441
21 2 0.079449
21 3 0.079442
21 4 0.079448
21 5 0.079443
21 6 0.079447
21 7 0.079445
21 8 0.079446
21 9 0.079445
21 10 0.079446
21 11 0.079445
21 12 0.079446
21 13 0.079446
21 14 0.079446
21 15 0.079445
21 16 0.079445
21 17 0.079445
21 18 0.079445
21 19 0.079445
21 20 0.079445
21 21 0.079445
21 22 0.079445
21 23 0.079445
21 24 0.079445
21 25 0.079445
21 26 0.079445
21 27 0.079445
21 28 0.079446
21 29 0.079446
21 30 0.079446
21 31 0.079446
21 32 0.079446
21 33 0.079446
21 34 0.079446
21 35 0.079446
21 36 0.079447
21 37 0.079447
21 38 0.079447
21 39 0.079447
21 40 0.079447
21 41 0.079448
21 42 0.079448
21 43 0.079448
21 44 0.079448
21 45 0.079449
21 46 0.079449
21 47 0.079449
21 48 0.079449
21 49 0.079449
21 50 0.079450
21 51 0.079450
21 52 0.079450
21 53 0.079450
21 54 0.079450
21 55 0.079450
21 56 0.079450
21 57 0.079451
21 58 0.079451
21 59 0.079451
21 60 0.079451
21 61 0.079451
21 62 0.079451
21 63 0.079451
21 64 0.079451
21 65 0.079451
21 66 0.079451
21 67 0.079451
21 68 0.079451
21 69 0.079451
21 70 0.079451
21 71 0.079451
21 72 0.079451
21 73 0.079451
21 74 0.079451
21 75 0.079451
21 76 0.079451
21 77 0.079451
21 78 0.079452
21 79 0.079452
21 80 0.079452
21 81 0.079452
21 82 0.079452
21 83 0.079452
21 84 0.079452
21 85 0.079452
21 86 0.079452
21 87 0.079452
21 88 0.079452
21 89 0.079453
21 90 0.079452
21 91 0.079453
21 92 0.079451
21 93 0.079454
21 94 0.079450
21 95 0.079455
21 96 0.079449
21 97 0.079456
21 98 0.079448
21 99 0.079456

22 0 0.079449
22 1 0.079441
22 2 0.079449
22 3 0.079442
22 4 0.079448
22 5 0.079443
22 6 0.079447
22 7 0.079444
22 8 0.079446
22 9 0.079445
22 10 0.079446
22 11 0.079445
22 12 0.079446
22 13 0.079445
22 14 0.079446
22 15 0.079445
22 16 0.079445
22 17 0.079445
22 18 0.079445
22 19 0.079445
22 20 0.079445
22 21 0.079445
22 22 0.079445
22 23 0.079445
22 24 0.079446
22 25 0.079446
22 26 0.079446
22 27 0.079446
22 28 0.079446
22 29 0.079446
22 30 0.079446
22 31 0.079446
22 32 0.079446
22 33 0.079446
22 34 0.079447
22 35 0.079447
22 36 0.079447
22 37 0.079447
22 38 0.079447
22 39 0.079448
22 40 0.079448
22 41 0.079448
22 42 0.079448
22 43 0.079448
22 44 0.079449
22 45 0.079449
22 46 0.079449
22 47 0.079449
22 48 0.079450
22 49 0.079450
22 50 0.079450
22 51 0.079450
22 52 0.079450
22 53 0.079450
22 54 0.079450
22 55 0.079451
22 56 0.079451
22 57 0.079451
22 58 0.079451
22 59 0.079451
22 60 0.079451
22 61 0.079451
22 62 0.079451
22 63 0.079451
22 64 0.079451
22 65 0.079451
22 66 0.079451
22 67 0.079451
22 68 0.079451
22 69 0.079452
22 70 0.079452
22 71 0.079452
22 72 0.079452
22 73 0.079452
22 74 0.079452
22 75 0.079452
22 76 0.079452
22 77 0.079452
22 78 0.079452
22 79 0.079452
22 80 0.079452
22 81 0.079452
22 82 0.079452
22 83 0.079452
22 84 0.079452
22 85 0.079452
22 86 0.079452
22 87 0.079452
22 88 0.079452
22 89 0.079453
22 90 0.079452
22 91 0.079453
22 92 0.079451
22 93 0.079454
22 94 0.079450
22 95 0.079455
22 96 0.079449
22 97 0.079456
22 98 0.079448
22 99 0.079456

23 0 0.079449
23 1 0.079441
23 2 0.079448
23 3 0.079442
23 4 0.079448
23 5 0.079443
23 6 0.079447
23 7 0.079444
23 8 0.079446
23 9 0.079445
23 10 0.079446
23 11 0.079445
23 12 0.079446
23 13 0.079445
23 14 0.079446
23 15 0.079445
23 16 0.079445
23 17 0.079445
23 18 0.079445
23 19 0.079445
23 20 0.079446
23 21 0.079446
23 22 0.079446
23 23 0.079446
23 24 0.079446
23 25 0.079446
23 26 0.079446
23 27 0.079446
23 28 0.079446
23 29 0.079446
23 30 0.079446
23 31 0.079446
23 32 0.079447
23 33 0.079447
23 34 0.079447
23 35 0.079447
23 36 0.079447
23 37 0.079447
23 38 0.079448
23 39 0.079448
23 40 0.079448
23 41 0.079448
23 42 0.079449
23 43 0.079449
23 44 0.079449
23 45 0.079449
23 46 0.079449
23 47 0.079450
23 48 0.079450
23 49 0.079450
23 50 0.079450
23 51 0.079450
23 52 0.079450
23 53 0.079451
23 54 0.079451
23 55 0.079451
23 56 0.079451
23 57 0.079451
23 58 0.079451
23 59 0.079451
23 60 0.079451
23 61 0.079451
23 62 0.079451
23 63 0.079451
23 64 0.079452
23 65 0.079452
23 66 0.079452
23 67 0.079452
23 68 0.079452
23 69 0.079452
23 70 0.079452
23 71 0.079452
23 72 0.079452
23 73 0.079452
23 74 0.079452
23 75 0.079452
23 76 0.079452
23 77 0.079452
23 78 0.079452
23 79 0.079452
23 80 0.079452
23 81 0.079452
23 82 0.079452
23 83 0.079452
23 84 0.079452
23 85 0.079452
23 86 0.079452
23 87 0.079453
23 88 0.079452
23 89 0.079453
23 90 0.079452
23 91 0.079453
23 92 0.079451
23 93 0.079454
23 94 0.079450
23 95 0.079455
23 96 0.079449
23 97 0.079456
23 98 0.079448
23 99 0.079456

24 0 0.079449
24 1 0.079441
24 2 0.079448
24 3 0.079442
24 4 0.079447
24 5 0.079443
24 6 0.079447
24 7 0.079444
24 8 0.079446
24 9 0.079445
24 10 0.079446
24 11 0.079445
24 12 0.079446
24 13 0.079445
24 14 0.079446
24 15 0.079445
24 16 0.079446
24 17 0.079445
24 18 0.079446
24 19 0.079446
24 20 0.079446
24 21 0.079446
24 22 0.079446
24 23 0.079446
24 24 0.079446
24 25 0.079446
24 26 0.079446
24 27 0.079446
24 28 0.079446
24 29 0.079446
24 30 0.079447
24 31 0.079447
24 32 0.079447
24 33 0.079447
24 34 0.079447
24 35 0.079447
24 36 0.079448
24 37 0.079448
24 38 0.079448
24 39 0.079448
24 40 0.079448
24 41 0.079449
24 42 0.079449
24 43 0.079449
24 44 0.079449
24 45 0.079449
24 46 0.079450
24 47 0.079450
24 48 0.079450
24 49 0.079450
24 50 0.079450
24 51 0.079450
24 52 0.079451
24 53 0.079451
24 54 0.079451
24 55 0.079451
24 56 0.079451
24 57 0.079451
24 58 0.079451
24 59 0.079451
24 60 0.079451
24 61 0.079451
24 62 0.079452
24 63 0.079452
24 64 0.079452
24 65 0.079452
24 66 0.079452
24 67 0.079452
24 68 0.079452
24 69 0.079452
24 70 0.079452
24 71 0.079452
24 72 0.079452
24 73 0.079452
24 74 0.079452
24 75 0.079452
24 76 0.079452
24 77 0.079452
24 78 0.079452
24 79 0.079452
24 80 0.079452
24 81 0.079452
24 82 0.079452
24 83 0.079452
24 84 0.079452
24 85 0.079453
24 86 0.079452
24 87 0.079453
24 88 0.079452
24 89 0.079453
24 90 0.079452
24 91 0.079453
24 92 0.079452
24 93 0.079454
24 94 0.079451
24 95 0.079455
24 96 0.079449
24 97 0.079456
24 98 0.079448
24 99 0.079456

25 0 0.079449
25 1 0.079440
25 2 0.079448
25 3 0.079442
25 4 0.079447
25 5 0.079443
25 6 0.079447
25 7 0.079444
25 8 0.079446
25 9 0.079445
25 10 0.079446
25 11 0.079445
25 12 0.079446
25 13 0.079445
25 14 0.079445
25 15 0.079445
25 16 0.079446
25 17 0.079446
25 18 0.079446
25 19 0.079446
25 20 0.079446
25 21 0.079446
25 22 0.079446
25 23 0.079446
25 24 0.079446
25 25 0.079446
25 26 0.079446
25 27 0.079446
25 28 0.079447
25 29 0.079447
25 30 0.079447
25 31 0.079447
25 32 0.079447
25 33 0.079447
25 34 0.079447
25 35 0.079448
25 36 0.079448
25 37 0.079448
25 38 0.079448
25 39 0.079448
25 40 0.079449
25 41 0.079449
25 42 0.079449
25 43 0.079449
25 44 0.079449
25 45 0.079450
25 46 0.079450
25 47 0.079450
25 48 0.079450
25 49 0.079450
25 50 0.079450
25 51 0.079451
25 52 0.079451
25 53 0.079451
25 54 0.079451
25 55 0.079451
25 56 0.079451
25 57 0.079451
25 58 0.079451
25 59 0.079451
25 60 0.079452
25 61 0.079452
25 62 0.079452
25 63 0.079452
25 64 0.079452
25 65 0.079452
25 66 0.079452
25 67 0.079452
25 68 0.079452
25 69 0.079452
25 70 0.079452
25 71 0.079452
25 72 0.079452
25 73 0.079452
25 74 0.079452
25 75 0.079452
25 76 0.079452
25 77 0.079452
25 78 0.079452
25 79 0.079452
25 80 0.079452
25 81 0.079453
25 82 0.079453
25 83 0.079453
25 84 0.079453
25 85 0.079453
25 86 0.079453
25 87 0.079453
25 88 0.079453
25 89 0.079453
25 90 0.079452
25 91 0.079454
25 92 0.079452
25 93 0.079454
25 94 0.079451
25 95 0.079455
25 96 0.079450
25 97 0.079456
25 98 0.079448
25 99 0.079457

26 0 0.079449
26 1 0.079440
26 2 0.079448
26 3 0.079442
26 4 0.079447
26 5 0.079443
26 6 0.079447
26 7 0.079444
26 8 0.079446
26 9 0.079445
26 10 0.079446
26 11 0.079445
26 12 0.079446
26 13 0.079445
26 14 0.079446
26 15 0.079445
26 16 0.079446
26 17 0.079446
26 18 0.079446
26 19 0.079446
26 20 0.079446
26 21 0.079446
26 22 0.079446
26 23 0.079446
26 24 0.079446
26 25 0.079447
26 26 0.079447
26 27 0.079447
26 28 0.079447
26 29 0.079447
26 30 0.079447
26 31 0.079447
26 32 0.079447
26 33 0.079448
26 34 0.079448
26 35 0.079448
26 36 0.079448
26 37 0.079448
26 38 0.079448
26 39 0.079449
26 40 0.079449
26 41 0.079449
26 42 0.079449
26 43 0.079449
26 44 0.079450
26 45 0.079450
26 46 0.079450
26 47 0.079450
26 48 0.079450
26 49 0.079451
26 50 0.079451
26 51 0.079451
26 52 0.079451
26 53 0.079451
26 54 0.079451
26 55 0.079451
26 56 0.079451
26 57 0.079451
26 58 0.079452
26 59 0.079452
26 60 0.079452
26 61 0.079452
26 62 0.079452
26 63 0.079452
26 64 0.079452
26 65 0.079452
26 66 0.079452
26 67 0.079452
26 68 0.079452
26 69 0.079452
26 70 0.079452
26 71 0.079452
26 72 0.079452
26 73 0.079452
26 74 0.079452
26 75 0.079452
26 76 0.079452
26 77 0.079452
26 78 0.079452
26 79 0.079453
26 80 0.079453
26 81 0.079453
26 82 0.079453
26 83 0.079453
26 84 0.079453
26 85 0.079453
26 86 0.079453
26 87 0.079453
26 88 0.079453
26 89 0.079453
26 90 0.079452
26 91 0.079454
26 92 0.079452
26 93 0.079454
26 94 0.079451
26 95 0.079455
26 96 0.079450
26 97 0.079456
26 98 0.079449
26 99 0.079457

27 0 0.079448
27 1 0.079440
27 2 0.079448
27 3 0.079441
27 4 0.079447
27 5 0.079443
27 6 0.079446
27 7 0.079444
27 8 0.079446
27 9 0.079444
27 10 0.079446
27 11 0.079445
27 12 0.079446
27 13 0.079445
27 14 0.079446
27 15 0.079445
27 16 0.079446
27 17 0.079446
27 18 0.079446
27 19 0.079446
27 20 0.079446
27 21 0.079446
27 22 0.079446
27 23 0.079446
27 24 0.079447
27 25 0.079447
27 26 0.079447
27 27 0.079447
27 28 0.079447
27 29 0.079447
27 30 0.079447
27 31 0.079448
27 32 0.079448
27 33 0.079448
27 34 0.079448
27 35 0.079448
27 36 0.079448
27 37 0.079448
27 38 0.079449
27 39 0.079449
27 40 0.079449
27 41 0.079449
27 42 0.079449
27 43 0.079450
27 44 0.079450
27 45 0.079450
27 46 0.079450
27 47 0.079450
27 48 0.079450
27 49 0.079451
27 50 0.079451
27 51 0.079451
27 52 0.079451
27 53 0.079451
27 54 0.079451
27 55 0.079451
27 56 0.079451
27 57 0.079452
27 58 0.079452
27 59 0.079452
27 60 0.079452
27 61 0.079452
27 62 0.079452
27 63 0.079452
27 64 0.079452
27 65 0.079452
27 66 0.079452
27 67 0.079452
27 68 0.079452
27 69 0.079452
27 70 0.079452
27 71 0.079452
27 72 0.079452
27 73 0.079452
27 74 0.079452
27 75 0.079452
27 76 0.079452
27 77 0.079453
27 78 0.079453
27 79 0.079453
27 80 0.079453
27 81 0.079453
27 82 0.079453
27 83 0.079453
27 84 0.079453
27 85 0.079453
27 86 0.079453
27 87 0.079453
27 88 0.079453
27 89 0.079454
27 90 0.079453
27 91 0.079454
27 92 0.079452
27 93 0.079455
27 94 0.079451
27 95 0.079456
27 96 0.079450
27 97 0.079457
27 98 0.079449
27 99 0.079457

28 0 0.079448
28 1 0.079440
28 2 0.079448
28 3 0.079441
28 4 0.079447
28 5 0.079443
28 6 0.079446
28 7 0.079444
28 8 0.079446
28 9 0.079444
28 10 0.079446
28 11 0.079445
28 12 0.079446
28 13 0.079445
28 14 0.079446
28 15 0.079446
28 16 0.079446
28 17 0.079446
28 18 0.079446
28 19 0.079446
28 20 0.079446
28 21 0.079446
28 22 0.079446
28 23 0.079447
28 24 0.079447
28 25 0.079447
28 26 0.079447
28 27 0.079447
28 28 0.079447
28 29 0.079447
28 30 0.079448
28 31 0.079448
28 32 0.079448
28 33 0.079448
28 34 0.079448
28 35 0.079448
28 36 0.079448
28 37 0.079449
28 38 0.079449
28 39 0.079449
28 40 0.079449
28 41 0.079449
28 42 0.079449
28 43 0.079450
28 44 0.079450
28 45 0.079450
28 46 0.079450
28 47 0.079450
28 48 0.079451
28 49 0.079451
28 50 0.079451
28 51 0.079451
28 52 0.079451
28 53 0.079451
28 54 0.079451
28 55 0.079451
28 56 0.079452
28 57 0.079452
28 58 0.079452
28 59 0.079452
28 60 0.079452
28 61 0.079452
28 62 0.079452
28 63 0.079452
28 64 0.079452
28 65 0.079452
28 66 0.079452
28 67 0.079452
28 68 0.079452
28 69 0.079452
28 70 0.079452
28 71 0.079452
28 72 0.079452
28 73 0.079452
28 74 0.079452
28 75 0.079453
28 76 0.079453
28 77 0.079453
28 78 0.079453
28 79 0.079453
28 80 0.079453
28 81 0.079453
28 82 0.079453
28 83 0.079453
28 84 0.079453
28 85 0.079453
28 86 0.079453
28 87 0.079454
28 88 0.079453
28 89 0.079454
28 90 0.079453
28 91 0.079454
28 92 0.079452
28 93 0.079455
28 94 0.079451
28 95 0.079456
28 96 0.079450
28 97 0.079457
28 98 0.079449
28 99 0.079458

29 0 0.079448
29 1 0.079440
29 2 0.079448
29 3 0.079441
29 4 0.079447
29 5 0.079442
29 6 0.079446
29 7 0.079444
29 8 0.079446
29 9 0.079444
29 10 0.079446
29 11 0.079445
29 12 0.079446
29 13 0.079445
29 14 0.079446
29 15 0.079446
29 16 0.079446
29 17 0.079446
29 18 0.079446
29 19 0.079446
29 20 0.079446
29 21 0.079446
29 22 0.079447
29 23 0.079447
29 24 0.079447
29 25 0.079447
29 26 0.079447
29 27 0.079447
29 28 0.079448
29 29 0.079448
29 30 0.079448
29 31 0.079448
29 32 0.079448
29 33 0.079448
29 34 0.079448
29 35 0.079449
29 36 0.079449
29 37 0.079449
29 38 0.079449
29 39 0.079449
29 40 0.079449
29 41 0.079449
29 42 0.079450
29 43 0.079450
29 44 0.079450
29 45 0.079450
29 46 0.079450
29 47 0.079451
29 48 0.079451
29 49 0.079451
29 50 0.079451
29 51 0.079451
29 52 0.079451
29 53 0.079451
29 54 0.079451
29 55 0.079452
29 56 0.079452
29 57 0.079452
29 58 0.079452
29 59 0.079452
29 60 0.079452
29 61 0.079452
29 62 0.079452
29 63 0.079452
29 64 0.079452
29 65 0.079452
29 66 0.079452
29 67 0.079452
29 68 0.079452
29 69 0.079452
29 70 0.079452
29 71 0.079452
29 72 0.079452
29 73 0.079452
29 74 0.079453
29 75 0.079453
29 76 0.079453
29 77 0.079453
29 78 0.079453
29 79 0.079453
29 80 0.079453
29 81 0.079453
29 82 0.079453
29 83 0.079453
29 84 0.079453
29 85 0.079453
29 86 0.079453
29 87 0.079454
29 88 0.079453
29 89 0.079454
29 90 0.079453
29 91 0.079454
29 92 0.079452
29 93 0.079455
29 94 0.079451
29 95 0.079456
29 96 0.079450
29 97 0.079457
29 98 0.079449
29 99 0.079458

30 0 0.079449
30 1 0.079440
30 2 0.079448
30 3 0.079441
30 4 0.079447
30 5 0.079442
30 6 0.079446
30 7 0.079444
30 8 0.079446
30 9 0.079444
30 10 0.079446
30 11 0.079445
30 12 0.079446
30 13 0.079445
30 14 0.079446
30 15 0.079446
30 16 0.079446
30 17 0.079446
30 18 0.079446
30 19 0.079446
30 20 0.079447
30 21 0.079447
30 22 0.079447
30 23 0.079447
30 24 0.079447
30 25 0.079447
30 26 0.079448
30 27 0.079448
30 28 0.079448
30 29 0.079448
30 30 0.079448
30 31 0.079448
30 32 0.079448
30 33 0.079449
30 34 0.079449
30 35 0.079449
30 36 0.079449
30 37 0.079449
30 38 0.079449
30 39 0.079449
30 40 0.079449
30 41 0.079450
30 42 0.079450
30 43 0.079450
30 44 0.079450
30 45 0.079450
30 46 0.079450
30 47 0.079451
30 48 0.079451
30 49 0.079451
30 50 0.079451
30 51 0.079451
30 52 0.079451
30 53 0.079451
30 54 0.079451
30 55 0.079452
30 56 0.079452
30 57 0.079452
30 58 0.079452
30 59 0.079452
30 60 0.079452
30 61 0.079452
30 62 0.079452
30 63 0.079452
30 64 0.079452
30 65 0.079452
30 66 0.079452
30 67 0.079452
30 68 0.079452
30 69 0.079452
30 70 0.079452
30 71 0.079452
30 72 0.079453
30 73 0.079453
30 74 0.079453
30 75 0.079453
30 76 0.079453
30 77 0.079453
30 78 0.079453
30 79 0.079453
30 80 0.079453
30 81 0.079453
30 82 0.079453
30 83 0.079453
30 84 0.079453
30 85 0.079454
30 86 0.079453
30 87 0.079454
30 88 0.079453
30 89 0.079454
30 90 0.079453
30 91 0.079455
30 92 0.079452
30 93 0.079455
30 94 0.079451
30 95 0.079456
30 96 0.079450
30 97 0.079457
30 98 0.079449
30 99 0.079459

31 0 0.079449
31 1 0.079439
31 2 0.079448
31 3 0.079441
31 4 0.079447
31 5 0.079442
31 6 0.079446
31 7 0.079443
31 8 0.079446
31 9 0.079444
31 10 0.079446
31 11 0.079445
31 12 0.079446
31 13 0.079445
31 14 0.079446
31 15 0.079446
31 16 0.079446
31 17 0.079446
31 18 0.079446
31 19 0.079446
31 20 0.079447
31 21 0.079447
31 22 0.079447
31 23 0.079447
31 24 0.079447
31 25 0.079448
31 26 0.079448
31 27 0.079448
31 28 0.079448
31 29 0.079448
31 30 0.079448
31 31 0.079448
31 32 0.079449
31 33 0.079449
31 34 0.079449
31 35 0.079449
31 36 0.079449
31 37 0.079449
31 38 0.079449
31 39 0.079449
31 40 0.079449
31 41 0.079450
31 42 0.079450
31 43 0.079450
31 44 0.079450
31 45 0.079450
31 46 0.079450
31 47 0.079451
31 48 0.079451
31 49 0.079451
31 50 0.079451
31 51 0.079451
31 52 0.079451
31 53 0.079451
31 54 0.079452
31 55 0.079452
31 56 0.079452
31 57 0.079452
31 58 0.079452
31 59 0.079452
31 60 0.079452
31 61 0.079452
31 62 0.079452
31 63 0.079452
31 64 0.079452
31 65 0.079452
31 66 0.079452
31 67 0.079452
31 68 0.079452
31 69 0.079452
31 70 0.079452
31 71 0.079453
31 72 0.079453
31 73 0.079453
31 74 0.079453
31 75 0.079453
31 76 0.079453
31 77 0.079453
31 78 0.079453
31 79 0.079453
31 80 0.079453
31 81 0.079453
31 82 0.079453
31 83 0.079454
31 84 0.079454
31 85 0.079454
31 86 0.079454
31 87 0.079454
31 88 0.079453
31 89 0.079454
31 90 0.079453
31 91 0.079455
31 92 0.079452
31 93 0.079456
31 94 0.079451
31 95 0.079457
31 96 0.079450
31 97 0.079458
31 98 0.079449
31 99 0.079459

32 0 0.079449
32 1 0.079439
32 2 0.079448
32 3 0.079441
32 4 0.079447
32 5 0.079442
32 6 0.079447
32 7 0.079443
32 8 0.079446
32 9 0.079444
32 10 0.079446
32 11 0.079445
32 12 0.079446
32 13 0.079445
32 14 0.079446
32 15 0.079446
32 16 0.079446
32 17 0.079446
32 18 0.079447
32 19 0.079447
32 20 0.079447
32 21 0.079447
32 22 0.079447
32 23 0.079448
32 24 0.079448
32 25 0.079448
32 26 0.079448
32 27 0.079448
32 28 0.079448
32 29 0.079448
32 30 0.079449
32 31 0.079449
32 32 0.079449
32 33 0.079449
32 34 0.079449
32 35 0.079449
32 36 0.079449
32 37 0.079449
32 38 0.079449
32 39 0.079450
32 40 0.079450
32 41 0.079450
32 42 0.079450
32 43 0.079450
32 44 0.079450
32 45 0.079450
32 46 0.079451
32 47 0.079451
32 48 0.079451
32 49 0.079451
32 50 0.079451
32 51 0.079451
32 52 0.079451
32 53 0.079451
32 54 0.079452
32 55 0.079452
32 56 0.079452
32 57 0.079452
32 58 0.079452
32 59 0.079452
32 60 0.079452
32 61 0.079452
32 62 0.079452
32 63 0.079452
32 64 0.079452
32 65 0.079452
32 66 0.079452
32 67 0.079452
32 68 0.079452
32 69 0.079452
32 70 0.079453
32 71 0.079453
32 72 0.079453
32 73 0.079453
32 74 0.079453
32 75 0.079453
32 76 0.079453
32 77 0.079453
32 78 0.079453
32 79 0.079453
32 80 0.079453
32 81 0.079454
32 82 0.079454
32 83 0.079454
32 84 0.079454
32 85 0.079454
32 86 0.079454
32 87 0.079454
32 88 0.079453
32 89 0.079455
32 90 0.079453
32 91 0.079455
32 92 0.079452
32 93 0.079456
32 94 0.079452
32 95 0.079457
32 96 0.079450
32 97 0.079458
32 98 0.079449
32 99 0.079459

33 0 0.079449
33 1 0.079439
33 2 0.079448
33 3 0.079441
33 4 0.079448
33 5 0.079442
33 6 0.079447
33 7 0.079443
33 8 0.079446
33 9 0.079444
33 10 0.079446
33 11 0.079445
33 12 0.079446
33 13 0.079446
33 14 0.079446
33 15 0.079446
33 16 0.079446
33 17 0.079446
33 18 0.079447
33 19 0.079447
33 20 0.079447
33 21 0.079447
33 22 0.079448
33 23 0.079448
33 24 0.079448
33 25 0.079448
33 26 0.079448
33 27 0.079448
33 28 0.079449
33 29 0.079449
33 30 0.079449
33 31 0.079449
33 32 0.079449
33 33 0.079449
33 34 0.079449
33 35 0.079449
33 36 0.079449
33 37 0.079449
33 38 0.079450
33 39 0.079450
33 40 0.079450
33 41 0.079450
33 42 0.079450
33 43 0.079450
33 44 0.079450
33 45 0.079450
33 46 0.079451
33 47 0.079451
33 48 0.079451
33 49 0.079451
33 50 0.079451
33 51 0.079451
33 52 0.079451
33 53 0.079452
33 54 0.079452
33 55 0.079452
33 56 0.079452
33 57 0.079452
33 58 0.079452
33 59 0.079452
33 60 0.079452
33 61 0.079452
33 62 0.079452
33 63 0.079452
33 64 0.079452
33 65 0.079452
33 66 0.079452
33 67 0.079452
33 68 0.079452
33 69 0.079453
33 70 0.079453
33 71 0.079453
33 72 0.079453
33 73 0.079453
33 74 0.079453
33 75 0.079453
33 76 0.079453
33 77 0.079453
33 78 0.079453
33 79 0.079454
33 80 0.079454
33 81 0.079454
33 82 0.079454
33 83 0.079454
33 84 0.079454
33 85 0.079454
33 86 0.079454
33 87 0.079454
33 88 0.079454
33 89 0.079455
33 90 0.079453
33 91 0.079455
33 92 0.079453
33 93 0.079456
33 94 0.079452
33 95 0.079457
33 96 0.079450
33 97 0.079459
33 98 0.079449
33 99 0.079460

34 0 0.079450
34 1 0.079439
34 2 0.079449
34 3 0.079441
34 4 0.079448
34 5 0.079442
34 6 0.079447
34 7 0.079444
34 8 0.079446
34 9 0.079444
34 10 0.079446
34 11 0.079445
34 12 0.079446
34 13 0.079446
34 14 0.079446
34 15 0.079446
34 16 0.079447
34 17 0.079447
34 18 0.079447
34 19 0.079447
34 20 0.079447
34 21 0.079448
34 22 0.079448
34 23 0.079448
34 24 0.079448
34 25 0.079448
34 26 0.079449
34 27 0.079449
34 28 0.079449
34 29 0.079449
34 30 0.079449
34 31 0.079449
34 32 0.079449
34 33 0.079449
34 34 0.079449
34 35 0.079449
34 36 0.079449
34 37 0.079450
34 38 0.079450
34 39 0.079450
34 40 0.079450
34 41 0.079450
34 42 0.079450
34 43 0.079450
34 44 0.079450
34 45 0.079450
34 46 0.079451
34 47 0.079451
34 48 0.079451
34 49 0.079451
34 50 0.079451
34 51 0.079451
34 52 0.079451
34 53 0.079452
34 54 0.079452
34 55 0.079452
34 56 0.079452
34 57 0.079452
34 58 0.079452
34 59 0.079452
34 60 0.079452
34 61 0.079452
34 62 0.079452
34 63 0.079452
34 64 0.079452
34 65 0.079452
34 66 0.079452
34 67 0.079452
34 68 0.079453
34 69 0.079453
34 70 0.079453
34 71 0.079453
34 72 0.079453
34 73 0.079453
34 74 0.079453
34 75 0.079453
34 76 0.079453
34 77 0.079453
34 78 0.079454
34 79 0.079454
34 80 0.079454
34 81 0.079454
34 82 0.079454
34 83 0.079454
34 84 0.079454
34 85 0.079454
34 86 0.079454
34 87 0.079455
34 88 0.079454
34 89 0.079455
34 90 0.079453
34 91 0.079456
34 92 0.079453
34 93 0.079456
34 94 0.079452
34 95 0.079457
34 96 0.079451
34 97 0.079459
34 98 0.079449
34 99 0.079460

35 0 0.079450
35 1 0.079439
35 2 0.079449
35 3 0.079441
35 4 0.079448
35 5 0.079442
35 6 0.079447
35 7 0.079444
35 8 0.079447
35 9 0.079445
35 10 0.079446
35 11 0.079445
35 12 0.079446
35 13 0.079446
35 14 0.079447
35 15 0.079446
35 16 0.079447
35 17 0.079447
35 18 0.079447
35 19 0.079447
35 20 0.079448
35 21 0.079448
35 22 0.079448
35 23 0.079448
35 24 0.079448
35 25 0.079449
35 26 0.079449
35 27 0.079449
35 28 0.079449
35 29 0.079449
35 30 0.079449
35 31 0.079449
35 32 0.079449
35 33 0.079449
35 34 0.079450
35 35 0.079450
35 36 0.079450
35 37 0.079450
35 38 0.079450
35 39 0.079450
35 40 0.079450
35 41 0.079450
35 42 0.079450
35 43 0.079450
35 44 0.079451
35 45 0.079451
35 46 0.079451
35 47 0.079451
35 48 0.079451
35 49 0.079451
35 50 0.079451
35 51 0.079451
35 52 0.079452
35 53 0.079452
35 54 0.079452
35 55 0.079452
35 56 0.079452
35 57 0.079452
35 58 0.079452
35 59 0.079452
35 60 0.079452
35 61 0.079452
35 62 0.079452
35 63 0.079452
35 64 0.079452
35 65 0.079452
35 66 0.079453
35 67 0.079453
35 68 0.079453
35 69 0.079453
35 70 0.079453
35 71 0.079453
35 72 0.079453
35 73 0.079453
35 74 0.079453
35 75 0.079453
35 76 0.079453
35 77 0.079454
35 78 0.079454
35 79 0.079454
35 80 0.079454
35 81 0.079454
35 82 0.079454
35 83 0.079454
35 84 0.079454
35 85 0.079455
35 86 0.079454
35 87 0.079455
35 88 0.079454
35 89 0.079455
35 90 0.079454
35 91 0.079456
35 92 0.079453
35 93 0.079457
35 94 0.079452
35 95 0.079458
35 96 0.079451
35 97 0.079459
35 98 0.079449
35 99 0.079461

36 0 0.079450
36 1 0.079439
36 2 0.079449
36 3 0.079441
36 4 0.079448
36 5 0.079442
36 6 0.079447
36 7 0.079444
36 8 0.079447
36 9 0.079445
36 10 0.079447
36 11 0.079446
36 12 0.079447
36 13 0.079446
36 14 0.079447
36 15 0.079447
36 16 0.079447
36 17 0.079447
36 18 0.079448
36 19 0.079448
36 20 0.079448
36 21 0.079448
36 22 0.079448
36 23 0.079449
36 24 0.079449
36 25 0.079449
36 26 0.079449
36 27 0.079449
36 28 0.079449
36 29 0.079449
36 30 0.079449
36 31 0.079450
36 32 0.079450
36 33 0.079450
36 34 0.079450
36 35 0.079450
36 36 0.079450
36 37 0.079450
36 38 0.079450
36 39 0.079450
36 40 0.079450
36 41 0.079450
36 42 0.079450
36 43 0.079450
36 44 0.079451
36 45 0.079451
36 46 0.079451
36 47 0.079451
36 48 0.079451
36 49 0.079451
36 50 0.079451
36 51 0.079451
36 52 0.079452
36 53 0.079452
36 54 0.079452
36 55 0.079452
36 56 0.079452
36 57 0.079452
36 58 0.079452
36 59 0.079452
36 60 0.079452
36 61 0.079452
36 62 0.079452
36 63 0.079452
36 64 0.079452
36 65 0.079453
36 66 0.079453
36 67 0.079453
36 68 0.079453
36 69 0.079453
36 70 0.079453
36 71 0.079453
36 72 0.079453
36 73 0.079453
36 74 0.079453
36 75 0.079453
36 76 0.079454
36 77 0.079454
36 78 0.079454
36 79 0.079454
36 80 0.079454
36 81 0.079454
36 82 0.079454
36 83 0.079454
36 84 0.079454
36 85 0.079455
36 86 0.079454
36 87 0.079455
36 88 0.079454
36 89 0.079455
36 90 0.079454
36 91 0.079456
36 92 0.079453
36 93 0.079457
36 94 0.079452
36 95 0.079458
36 96 0.079451
36 97 0.079460
36 98 0.079449
36 99 0.079461

37 0 0.079451
37 1 0.079439
37 2 0.079449
37 3 0.079441
37 4 0.079448
37 5 0.079442
37 6 0.079448
37 7 0.079444
37 8 0.079447
37 9 0.079445
37 10 0.079447
37 11 0.079446
37 12 0.079447
37 13 0.079446
37 14 0.079447
37 15 0.079447
37 16 0.079447
37 17 0.079447
37 18 0.079448
37 19 0.079448
37 20 0.079448
37 21 0.079448
37 22 0.079449
37 23 0.079449
37 24 0.079449
37 25 0.079449
37 26 0.079449
37 27 0.079449
37 28 0.079450
37 29 0.079450
37 30 0.079450
37 31 0.079450
37 32 0.079450
37 33 0.079450
37 34 0.079450
37 35 0.079450
37 36 0.079450
37 37 0.079450
37 38 0.079450
37 39 0.079450
37 40 0.079450
37 41 0.079450
37 42 0.079450
37 43 0.079451
37 44 0.079451
37 45 0.079451
37 46 0.079451
37 47 0.079451
37 48 0.079451
37 49 0.079451
37 50 0.079451
37 51 0.079452
37 52 0.079452
37 53 0.079452
37 54 0.079452
37 55 0.079452
37 56 0.079452
37 57 0.079452
37 58 0.079452
37 59 0.079452
37 60 0.079452
37 61 0.079452
37 62 0.079452
37 63 0.079453
37 64 0.079453
37 65 0.079453
37 66 0.079453
37 67 0.079453
37 68 0.079453
37 69 0.079453
37 70 0.079453
37 71 0.079453
37 72 0.079453
37 73 0.079453
37 74 0.079453
37 75 0.079454
37 76 0.079454
37 77 0.079454
37 78 0.079454
37 79 0.079454
37 80 0.079454
37 81 0.079454
37 82 0.079454
37 83 0.079455
37 84 0.079454
37 85 0.079455
37 86 0.079454
37 87 0.079455
37 88 0.079454
37 89 0.079456
37 90 0.079454
37 91 0.079456
37 92 0.079453
37 93 0.079457
37 94 0.079452
37 95 0.079458
37 96 0.079451
37 97 0.079460
37 98 0.079450
37 99 0.079462

38 0 0.079451
38 1 0.079439
38 2 0.079450
38 3 0.079441
38 4 0.079449
38 5 0.079443
38 6 0.079448
38 7 0.079444
38 8 0.079447
38 9 0.079445
38 10 0.079447
38 11 0.079446
38 12 0.079447
38 13 0.079447
38 14 0.079447
38 15 0.079447
38 16 0.079448
38 17 0.079448
38 18 0.079448
38 19 0.079448
38 20 0.079448
38 21 0.079449
38 22 0.079449
38 23 0.079449
38 24 0.079449
38 25 0.079449
38 26 0.079450
38 27 0.079450
38 28 0.079450
38 29 0.079450
38 30 0.079450
38 31 0.079450
38 32 0.079450
38 33 0.079450
38 34 0.079450
38 35 0.079450
38 36 0.079450
38 37 0.079450
38 38 0.079450
38 39 0.079450
38 40 0.079450
38 41 0.079450
38 42 0.079451
38 43 0.079451
38 44 0.079451
38 45 0.079451
38 46 0.079451
38 47 0.079451
38 48 0.079451
38 49 0.079451
38 50 0.079452
38 51 0.079452
38 52 0.079452
38 53 0.079452
38 54 0.079452
38 55 0.079452
38 56 0.079452
38 57 0.079452
38 58 0.079452
38 59 0.079452
38 60 0.079452
38 61 0.079453
38 62 0.079453
38 63 0.079453
38 64 0.079453
38 65 0.079453
38 66 0.079453
38 67 0.079453
38 68 0.079453
38 69 0.079453
38 70 0.079453
38 71 0.079453
38 72 0.079453
38 73 0.079453
38 74 0.079454
38 75 0.079454
38 76 0.079454
38 77 0.079454
38 78 0.079454
38 79 0.079454
38 80 0.079454
38 81 0.079455
38 82 0.079455
38 83 0.079455
38 84 0.079455
38 85 0.079455
38 86 0.079455
38 87 0.079455
38 88 0.079454
38 89 0.079456
38 90 0.079454
38 91 0.079457
38 92 0.079453
38 93 0.079457
38 94 0.079452
38 95 0.079459
38 96 0.079451
38 97 0.079460
38 98 0.079450
38 99 0.079462

39 0 0.079451
39 1 0.079439
39 2 0.079450
39 3 0.079441
39 4 0.079449
39 5 0.079443
39 6 0.079448
39 7 0.079444
39 8 0.079448
39 9 0.079445
39 10 0.079447
39 11 0.079446
39 12 0.079447
39 13 0.079447
39 14 0.079448
39 15 0.079447
39 16 0.079448
39 17 0.079448
39 18 0.079448
39 19 0.079448
39 20 0.079449
39 21 0.079449
39 22 0.079449
39 23 0.079449
39 24 0.079450
39 25 0.079450
39 26 0.079450
39 27 0.079450
39 28 0.079450
39 29 0.079450
39 30 0.079450
39 31 0.079450
39 32 0.079450
39 33 0.079450
39 34 0.079450
39 35 0.079450
39 36 0.079450
39 37 0.079450
39 38 0.079450
39 39 0.079451
39 40 0.079451
39 41 0.079451
39 42 0.079451
39 43 0.079451
39 44 0.079451
39 45 0.079451
39 46 0.079451
39 47 0.079451
39 48 0.079451
39 49 0.079452
39 50 0.079452
39 51 0.079452
39 52 0.079452
39 53 0.079452
39 54 0.079452
39 55 0.079452
39 56 0.079452
39 57 0.079452
39 58 0.079453
39 59 0.079453
39 60 0.079453
39 61 0.079453
39 62 0.079453
39 63 0.079453
39 64 0.079453
39 65 0.079453
39 66 0.079453
39 67 0.079453
39 68 0.079453
39 69 0.079453
39 70 0.079453
39 71 0.079453
39 72 0.079454
39 73 0.079454
39 74 0.079454
39 75 0.079454
39 76 0.079454
39 77 0.079454
39 78 0.079454
39 79 0.079455
39 80 0.079455
39 81 0.079455
39 82 0.079455
39 83 0.079455
39 84 0.079455
39 85 0.079455
39 86 0.079455
39 87 0.079456
39 88 0.079455
39 89 0.079456
39 90 0.079454
39 91 0.079457
39 92 0.079454
39 93 0.079458
39 94 0.079453
39 95 0.079459
39 96 0.079451
39 97 0.079460
39 98 0.079450
39 99 0.079462

40 0 0.079451
40 1 0.079439
40 2 0.079450
40 3 0.079441
40 4 0.079449
40 5 0.079443
40 6 0.079448
40 7 0.079445
40 8 0.079448
40 9 0.079446
40 10 0.079448
40 11 0.079447
40 12 0.079448
40 13 0.079447
40 14 0.079448
40 15 0.079448
40 16 0.079448
40 17 0.079448
40 18 0.079449
40 19 0.079449
40 20 0.079449
40 21 0.079449
40 22 0.079450
40 23 0.079450
40 24 0.079450
40 25 0.079450
40 26 0.079450
40 27 0.079450
40 28 0.079450
40 29 0.079450
40 30 0.079450
40 31 0.079450
40 32 0.079450
40 33 0.079450
40 34 0.079450
40 35 0.079450
40 36 0.079451
40 37 0.079451
40 38 0.079451
40 39 0.079451
40 40 0.079451
40 41 0.079451
40 42 0.079451
40 43 0.079451
40 44 0.079451
40 45 0.079451
40 46 0.079451
40 47 0.079451
40 48 0.079452
40 49 0.079452
40 50 0.079452
40 51 0.079452
40 52 0.079452
40 53 0.079452
40 54 0.079452
40 55 0.079452
40 56 0.079452
40 57 0.079453
40 58 0.079453
40 59 0.079453
40 60 0.079453
40 61 0.079453
40 62 0.079453
40 63 0.079453
40 64 0.079453
40 65 0.079453
40 66 0.079453
40 67 0.079453
40 68 0.079453
40 69 0.079453
40 70 0.079453
40 71 0.079454
40 72 0.079454
40 73 0.079454
40 74 0.079454
40 75 0.079454
40 76 0.079454
40 77 0.079454
40 78 0.079455
40 79 0.079455
40 80 0.079455
40 81 0.079455
40 82 0.079455
40 83 0.079455
40 84 0.079455
40 85 0.079456
40 86 0.079455
40 87 0.079456
40 88 0.079455
40 89 0.079456
40 90 0.079454
40 91 0.079457
40 92 0.079454
40 93 0.079458
40 94 0.079453
40 95 0.079459
40 96 0.079452
40 97 0.079461
40 98 0.079450
40 99 0.079462

41 0 0.079451
41 1 0.079440
41 2 0.079450
41 3 0.079442
41 4 0.079449
41 5 0.079443
41 6 0.079449
41 7 0.079445
41 8 0.079448
41 9 0.079446
41 10 0.079448
41 11 0.079447
41 12 0.079448
41 13 0.079447
41 14 0.079448
41 15 0.079448
41 16 0.079449
41 17 0.079449
41 18 0.079449
41 19 0.079449
41 20 0.079449
41 21 0.079450
41 22 0.079450
41 23 0.079450
41 24 0.079450
41 25 0.079450
41 26 0.079450
41 27 0.079450
41 28 0.079451
41 29 0.079451
41 30 0.079451
41 31 0.079451
41 32 0.079451
41 33 0.079451
41 34 0.079451
41 35 0.079451
41 36 0.079451
41 37 0.079451
41 38 0.079451
41 39 0.079451
41 40 0.079451
41 41 0.079451
41 42 0.079451
41 43 0.079451
41 44 0.079451
41 45 0.079451
41 46 0.079451
41 47 0.079452
41 48 0.079452
41 49 0.079452
41 50 0.079452
41 51 0.079452
41 52 0.079452
41 53 0.079452
41 54 0.079452
41 55 0.079453
41 56 0.079453
41 57 0.079453
41 58 0.079453
41 59 0.079453
41 60 0.079453
41 61 0.079453
41 62 0.079453
41 63 0.079453
41 64 0.079453
41 65 0.079453
41 66 0.079453
41 67 0.079453
41 68 0.079453
41 69 0.079454
41 70 0.079454
41 71 0.079454
41 72 0.079454
41 73 0.079454
41 74 0.079454
41 75 0.079454
41 76 0.079454
41 77 0.079455
41 78 0.079455
41 79 0.079455
41 80 0.079455
41 81 0.079455
41 82 0.079455
41 83 0.079455
41 84 0.079455
41 85 0.079456
41 86 0.079455
41 87 0.079456
41 88 0.079455
41 89 0.079457
41 90 0.079455
41 91 0.079457
41 92 0.079454
41 93 0.079458
41 94 0.079453
41 95 0.079459
41 96 0.079452
41 97 0.079461
41 98 0.079451
41 99 0.079462

42 0 0.079451
42 1 0.079440
42 2 0.079450
42 3 0.079442
42 4 0.079449
42 5 0.079444
42 6 0.079449
42 7 0.079445
42 8 0.079448
42 9 0.079446
42 10 0.079448
42 11 0.079447
42 12 0.079448
42 13 0.079448
42 14 0.079449
42 15 0.079449
42 16 0.079449
42 17 0.079449
42 18 0.079449
42 19 0.079450
42 20 0.079450
42 21 0.079450
42 22 0.079450
42 23 0.079450
42 24 0.079451
42 25 0.079451
42 26 0.079451
42 27 0.079451
42 28 0.079451
42 29 0.079451
42 30 0.079451
42 31 0.079451
42 32 0.079451
42 33 0.079451
42 34 0.079451
42 35 0.079451
42 36 0.079451
42 37 0.079451
42 38 0.079451
42 39 0.079451
42 40 0.079451
42 41 0.079451
42 42 0.079451
42 43 0.079451
42 44 0.079451
42 45 0.079452
42 46 0.079452
42 47 0.079452
42 48 0.079452
42 49 0.079452
42 50 0.079452
42 51 0.079452
42 52 0.079452
42 53 0.079453
42 54 0.079453
42 55 0.079453
42 56 0.079453
42 57 0.079453
42 58 0.079453
42 59 0.079453
42 60 0.079453
42 61 0.079453
42 62 0.079453
42 63 0.079453
42 64 0.079453
42 65 0.079453
42 66 0.079454
42 67 0.079454
42 68 0.079454
42 69 0.079454
42 70 0.079454
42 71 0.079454
42 72 0.079454
42 73 0.079454
42 74 0.079454
42 75 0.079455
42 76 0.079455
42 77 0.079455
42 78 0.079455
42 79 0.079455
42 80 0.079455
42 81 0.079455
42 82 0.079455
42 83 0.079456
42 84 0.079456
42 85 0.079456
42 86 0.079456
42 87 0.079456
42 88 0.079455
42 89 0.079457
42 90 0.079455
42 91 0.079457
42 92 0.079454
42 93 0.079458
42 94 0.079453
42 95 0.079459
42 96 0.079452
42 97 0.079461
42 98 0.079451
42 99 0.079462

43 0 0.079451
43 1 0.079441
43 2 0.079450
43 3 0.079443
43 4 0.079450
43 5 0.079444
43 6 0.079449
43 7 0.079446
43 8 0.079449
43 9 0.079447
43 10 0.079449
43 11 0.079448
43 12 0.079449
43 13 0.079448
43 14 0.079449
43 15 0.079449
43 16 0.079449
43 17 0.079449
43 18 0.079450
43 19 0.079450
43 20 0.079450
43 21 0.079450
43 22 0.079451
43 23 0.079451
43 24 0.079451
43 25 0.079451
43 26 0.079451
43 27 0.079451
43 28 0.079451
43 29 0.079451
43 30 0.079451
43 31 0.079451
43 32 0.079451
43 33 0.079451
43 34 0.079451
43 35 0.079451
43 36 0.079451
43 37 0.079451
43 38 0.079451
43 39 0.079451
43 40 0.079451
43 41 0.079451
43 42 0.079451
43 43 0.079452
43 44 0.079452
43 45 0.079452
43 46 0.079452
43 47 0.079452
43 48 0.079452
43 49 0.079452
43 50 0.079452
43 51 0.079453
43 52 0.079453
43 53 0.079453
43 54 0.079453
43 55 0.079453
43 56 0.079453
43 57 0.079453
43 58 0.079453
43 59 0.079453
43 60 0.079453
43 61 0.079453
43 62 0.079453
43 63 0.079454
43 64 0.079454
43 65 0.079454
43 66 0.079454
43 67 0.079454
43 68 0.079454
43 69 0.079454
43 70 0.079454
43 71 0.079454
43 72 0.079454
43 73 0.079455
43 74 0.079455
43 75 0.079455
43 76 0.079455
43 77 0.079455
43 78 0.079455
43 79 0.079455
43 80 0.079455
43 81 0.079456
43 82 0.079456
43 83 0.079456
43 84 0.079456
43 85 0.079456
43 86 0.079456
43 87 0.079457
43 88 0.079456
43 89 0.079457
43 90 0.079455
43 91 0.079458
43 92 0.079455
43 93 0.079458
43 94 0.079454
43 95 0.079460
43 96 0.079453
43 97 0.079461
43 98 0.079452
43 99 0.079462

44 0 0.079451
44 1 0.079441
44 2 0.079450
44 3 0.079443
44 4 0.079450
44 5 0.079445
44 6 0.079449
44 7 0.079446
44 8 0.079449
44 9 0.079447
44 10 0.079449
44 11 0.079448
44 12 0.079449
44 13 0.079449
44 14 0.079450
44 15 0.079449
44 16 0.079450
44 17 0.079450
44 18 0.079450
44 19 0.079450
44 20 0.079451
44 21 0.079451
44 22 0.079451
44 23 0.079451
44 24 0.079451
44 25 0.079451
44 26 0.079451
44 27 0.079452
44 28 0.079452
44 29 0.079452
44 30 0.079452
44 31 0.079452
44 32 0.079452
44 33 0.079452
44 34 0.079452
44 35 0.079452
44 36 0.079452
44 37 0.079452
44 38 0.079452
44 39 0.079452
44 40 0.079452
44 41 0.079452
44 42 0.079452
44 43 0.079452
44 44 0.079452
44 45 0.079452
44 46 0.079452
44 47 0.079452
44 48 0.079452
44 49 0.079453
44 50 0.079453
44 51 0.079453
44 52 0.079453
44 53 0.079453
44 54 0.079453
44 55 0.079453
44 56 0.079453
44 57 0.079453
44 58 0.079453
44 59 0.079454
44 60 0.079454
44 61 0.079454
44 62 0.079454
44 63 0.079454
44 64 0.079454
44 65 0.079454
44 66 0.079454
44 67 0.079454
44 68 0.079454
44 69 0.079454
44 70 0.079454
44 71 0.079454
44 72 0.079455
44 73 0.079455
44 74 0.079455
44 75 0.079455
44 76 0.079455
44 77 0.079455
44 78 0.079455
44 79 0.079456
44 80 0.079456
44 81 0.079456
44 82 0.079456
44 83 0.079456
44 84 0.079456
44 85 0.079456
44 86 0.079456
44 87 0.079457
44 88 0.079456
44 89 0.079457
44 90 0.079456
44 91 0.079458
44 92 0.079455
44 93 0.079459
44 94 0.079454
44 95 0.079460
44 96 0.079453
44 97 0.079461
44 98 0.079452
44 99 0.079462

45 0 0.079450
45 1 0.079442
45 2 0.079450
45 3 0.079444
45 4 0.079450
45 5 0.079445
45 6 0.079450
45 7 0.079447
45 8 0.079449
45 9 0.079448
45 10 0.079449
45 11 0.079448
45 12 0.079450
45 13 0.079449
45 14 0.079450
45 15 0.079450
45 16 0.079450
45 17 0.079450
45 18 0.079451
45 19 0.079451
45 20 0.079451
45 21 0.079451
45 22 0.079451
45 23 0.079451
45 24 0.079452
45 25 0.079452
45 26 0.079452
45 27 0.079452
45 28 0.079452
45 29 0.079452
45 30 0.079452
45 31 0.079452
45 32 0.079452
45 33 0.079452
45 34 0.079452
45 35 0.079452
45 36 0.079452
45 37 0.079452
45 38 0.079452
45 39 0.079452
45 40 0.079452
45 41 0.079452
45 42 0.079452
45 43 0.079452
45 44 0.079452
45 45 0.079452
45 46 0.079452
45 47 0.079452
45 48 0.079453
45 49 0.079453
45 50 0.079453
45 51 0.079453
45 52 0.079453
45 53 0.079453
45 54 0.079453
45 55 0.079453
45 56 0.079454
45 57 0.079454
45 58 0.079454
45 59 0.079454
45 60 0.079454
45 61 0.079454
45 62 0.079454
45 63 0.079454
45 64 0.079454
45 65 0.079454
45 66 0.079454
45 67 0.079454
45 68 0.079454
45 69 0.079455
45 70 0.079455
45 71 0.079455
45 72 0.079455
45 73 0.079455
45 74 0.079455
45 75 0.079455
45 76 0.079455
45 77 0.079456
45 78 0.079456
45 79 0.079456
45 80 0.079456
45 81 0.079456
45 82 0.079456
45 83 0.079456
45 84 0.079456
45 85 0.079457
45 86 0.079456
45 87 0.079457
45 88 0.079456
45 89 0.079457
45 90 0.079456
45 91 0.079458
45 92 0.079455
45 93 0.079459
45 94 0.079455
45 95 0.079460
45 96 0.079454
45 97 0.079461
45 98 0.079453
45 99 0.079462

46 0 0.079450
46 1 0.079443
46 2 0.079450
46 3 0.079444
46 4 0.079450
46 5 0.079446
46 6 0.079450
46 7 0.079447
46 8 0.079450
46 9 0.079448
46 10 0.079450
46 11 0.079449
46 12 0.079450
46 13 0.079450
46 14 0.079450
46 15 0.079450
46 16 0.079451
46 17 0.079451
46 18 0.079451
46 19 0.079451
46 20 0.079451
46 21 0.079452
46 22 0.079452
46 23 0.079452
46 24 0.079452
46 25 0.079452
46 26 0.079452
46 27 0.079452
46 28 0.079452
46 29 0.079452
46 30 0.079452
46 31 0.079452
46 32 0.079452
46 33 0.079452
46 34 0.079452
46 35 0.079452
46 36 0.079452
46 37 0.079452
46 38 0.079452
46 39 0.079452
46 40 0.079452
46 41 0.079452
46 42 0.079452
46 43 0.079452
46 44 0.079452
46 45 0.079453
46 46 0.079453
46 47 0.079453
46 48 0.079453
46 49 0.079453
46 50 0.079453
46 51 0.079453
46 52 0.079453
46 53 0.079454
46 54 0.079454
46 55 0.079454
46 56 0.079454
46 57 0.079454
46 58 0.079454
46 59 0.079454
46 60 0.079454
46 61 0.079454
46 62 0.079454
46 63 0.079454
46 64 0.079454
46 65 0.079454
46 66 0.079455
46 67 0.079455
46 68 0.079455
46 69 0.079455
46 70 0.079455
46 71 0.079455
46 72 0.079455
46 73 0.079455
46 74 0.079455
46 75 0.079456
46 76 0.079456
46 77 0.079456
46 78 0.079456
46 79 0.079456
46 80 0.079456
46 81 0.079456
46 82 0.079456
46 83 0.079457
46 84 0.079457
46 85 0.079457
46 86 0.079457
46 87 0.079457
46 88 0.079456
46 89 0.079458
46 90 0.079456
46 91 0.079458
46 92 0.079456
46 93 0.079459
46 94 0.079455
46 95 0.079460
46 96 0.079454
46 97 0.079461
46 98 0.079454
46 99 0.079461

47 0 0.079450
47 1 0.079444
47 2 0.079450
47 3 0.079445
47 4 0.079450
47 5 0.079446
47 6 0.079450
47 7 0.079447
47 8 0.079450
47 9 0.079448
47 10 0.079450
47 11 0.079449
47 12 0.079450
47 13 0.079450
47 14 0.079451
47 15 0.079451
47 16 0.079451
47 17 0.079451
47 18 0.079451
47 19 0.079452
47 20 0.079452
47 21 0.079452
47 22 0.079452
47 23 0.079452
47 24 0.079452
47 25 0.079452
47 26 0.079452
47 27 0.079452
47 28 0.079452
47 29 0.079453
47 30 0.079452
47 31 0.079452
47 32 0.079452
47 33 0.079452
47 34 0.079452
47 35 0.079452
47 36 0.079452
47 37 0.079452
47 38 0.079452
47 39 0.079452
47 40 0.079452
47 41 0.079452
47 42 0.079453
47 43 0.079453
47 44 0.079453
47 45 0.079453
47 46 0.079453
47 47 0.079453
47 48 0.079453
47 49 0.079453
47 50 0.079453
47 51 0.079454
47 52 0.079454
47 53 0.079454
47 54 0.079454
47 55 0.079454
47 56 0.079454
47 57 0.079454
47 58 0.079454
47 59 0.079454
47 60 0.079454
47 61 0.079454
47 62 0.079455
47 63 0.079455
47 64 0.079455
47 65 0.079455
47 66 0.079455
47 67 0.079455
47 68 0.079455
47 69 0.079455
47 70 0.079455
47 71 0.079455
47 72 0.079455
47 73 0.079456
47 74 0.079456
47 75 0.079456
47 76 0.079456
47 77 0.079456
47 78 0.079456
47 79 0.079456
47 80 0.079456
47 81 0.079457
47 82 0.079457
47 83 0.079457
47 84 0.079457
47 85 0.079457
47 86 0.079457
47 87 0.079458
47 88 0.079457
47 89 0.079458
47 90 0.079457
47 91 0.079458
47 92 0.079456
47 93 0.079459
47 94 0.079456
47 95 0.079460
47 96 0.079455
47 97 0.079460
47 98 0.079455
47 99 0.079460

48 0 0.079449
48 1 0.079445
48 2 0.079450
48 3 0.079446
48 4 0.079450
48 5 0.079447
48 6 0.079450
48 7 0.079448
48 8 0.079450
48 9 0.079449
48 10 0.079450
48 11 0.079450
48 12 0.079451
48 13 0.079450
48 14 0.079451
48 15 0.079451
48 16 0.079451
48 17 0.079452
48 18 0.079452
48 19 0.079452
48 20 0.079452
48 21 0.079452
48 22 0.079452
48 23 0.079453
48 24 0.079453
48 25 0.079453
48 26 0.079453
48 27 0.079453
48 28 0.079453
48 29 0.079453
48 30 0.079453
48 31 0.079453
48 32 0.079453
48 33 0.079453
48 34 0.079453
48 35 0.079453
48 36 0.079453
48 37 0.079453
48 38 0.079453
48 39 0.079453
48 40 0.079453
48 41 0.079453
48 42 0.079453
48 43 0.079453
48 44 0.079453
48 45 0.079453
48 46 0.079453
48 47 0.079453
48 48 0.079453
48 49 0.079454
48 50 0.079454
48 51 0.079454
48 52 0.079454
48 53 0.079454
48 54 0.079454
48 55 0.079454
48 56 0.079454
48 57 0.079454
48 58 0.079455
48 59 0.079455
48 60 0.079455
48 61 0.079455
48 62 0.079455
48 63 0.079455
48 64 0.079455
48 65 0.079455
48 66 0.079455
48 67 0.079455
48 68 0.079455
48 69 0.079455
48 70 0.079455
48 71 0.079456
48 72 0.079456
48 73 0.079456
48 74 0.079456
48 75 0.079456
48 76 0.079456
48 77 0.079456
48 78 0.079457
48 79 0.079457
48 80 0.079457
48 81 0.079457
48 82 0.079457
48 83 0.079457
48 84 0.079457
48 85 0.079457
48 86 0.079457
48 87 0.079458
48 88 0.079457
48 89 0.079458
48 90 0.079457
48 91 0.079458
48 92 0.079457
48 93 0.079459
48 94 0.079456
48 95 0.079460
48 96 0.079456
48 97 0.079460
48 98 0.079455
48 99 0.079460

49 0 0.079448
49 1 0.079446
49 2 0.079449
49 3 0.079446
49 4 0.079450
49 5 0.079447
49 6 0.079450
49 7 0.079448
49 8 0.079450
49 9 0.079449
49 10 0.079451
49 11 0.079450
49 12 0.079451
49 13 0.079451
49 14 0.079451
49 15 0.079451
49 16 0.079452
49 17 0.079452
49 18 0.079452
49 19 0.079452
49 20 0.079453
49 21 0.079453
49 22 0.079453
49 23 0.079453
49 24 0.079453
49 25 0.079453
49 26 0.079453
49 27 0.079453
49 28 0.079453
49 29 0.079453
49 30 0.079453
49 31 0.079453
49 32 0.079453
49 33 0.079453
49 34 0.079453
49 35 0.079453
49 36 0.079453
49 37 0.079453
49 38 0.079453
49 39 0.079453
49 40 0.079453
49 41 0.079453
49 42 0.079453
49 43 0.079453
49 44 0.079453
49 45 0.079453
49 46 0.079454
49 47 0.079454
49 48 0.079454
49 49 0.079454
49 50 0.079454
49 51 0.079454
49 52 0.079454
49 53 0.079454
49 54 0.079454
49 55 0.079455
49 56 0.079455
49 57 0.079455
49 58 0.079455
49 59 0.079455
49 60 0.079455
49 61 0.079455
49 62 0.079455
49 63 0.079455
49 64 0.079455
49 65 0.079455
49 66 0.079455
49 67 0.079455
49 68 0.079455
49 69 0.079456
49 70 0.079456
49 71 0.079456
49 72 0.079456
49 73 0.079456
49 74 0.079456
49 75 0.079456
49 76 0.079456
49 77 0.079457
49 78 0.079457
49 79 0.079457
49 80 0.079457
49 81 0.079457
49 82 0.079457
49 83 0.079457
49 84 0.079457
49 85 0.079458
49 86 0.079457
49 87 0.079458
49 88 0.079457
49 89 0.079458
49 90 0.079457
49 91 0.079459
49 92 0.079457
49 93 0.079459
49 94 0.079457
49 95 0.079459
49 96 0.079456
49 97 0.079460
49 98 0.079456
49 99 0.079459

50 0 0.079447
50 1 0.079447
50 2 0.079449
50 3 0.079447
50 4 0.079450
50 5 0.079448
50 6 0.079450
50 7 0.079449
50 8 0.079451
50 9 0.079450
50 10 0.079451
50 11 0.079451
50 12 0.079451
50 13 0.079451
50 14 0.079452
50 15 0.079452
50 16 0.079452
50 17 0.079452
50 18 0.079453
50 19 0.079453
50 20 0.079453
50 21 0.079453
50 22 0.079453
50 23 0.079453
50 24 0.079453
50 25 0.079453
50 26 0.079453
50 27 0.079453
50 28 0.079453
50 29 0.079453
50 30 0.079453
50 31 0.079453
50 32 0.079453
50 33 0.079453
50 34 0.079453
50 35 0.079453
50 36 0.079453
50 37 0.079453
50 38 0.079453
50 39 0.079453
50 40 0.079453
50 41 0.079453
50 42 0.079453
50 43 0.079453
50 44 0.079454
50 45 0.079454
50 46 0.079454
50 47 0.079454
50 48 0.079454
50 49 0.079454
50 50 0.079454
50 51 0.079454
50 52 0.079455
50 53 0.079455
50 54 0.079455
50 55 0.079455
50 56 0.079455
50 57 0.079455
50 58 0.079455
50 59 0.079455
50 60 0.079455
50 61 0.079455
50 62 0.079455
50 63 0.079455
50 64 0.079455
50 65 0.079456
50 66 0.079456
50 67 0.079456
50 68 0.079456
50 69 0.079456
50 70 0.079456
50 71 0.079456
50 72 0.079456
50 73 0.079456
50 74 0.079456
50 75 0.079457
50 76 0.079457
50 77 0.079457
50 78 0.079457
50 79 0.079457
50 80 0.079457
50 81 0.079457
50 82 0.079458
50 83 0.079458
50 84 0.079458
50 85 0.079458
50 86 0.079458
50 87 0.079458
50 88 0.079458
50 89 0.079458
50 90 0.079458
50 91 0.079459
50 92 0.079458
50 93 0.079459
50 94 0.079457
50 95 0.079459
50 96 0.079457
50 97 0.079459
50 98 0.079457
50 99 0.079459

51 0 0.079447
51 1 0.079448
51 2 0.079449
51 3 0.079448
51 4 0.079450
51 5 0.079449
51 6 0.079450
51 7 0.079450
51 8 0.079451
51 9 0.079450
51 10 0.079451
51 11 0.079451
51 12 0.079452
51 13 0.079452
51 14 0.079452
51 15 0.079452
51 16 0.079453
51 17 0.079453
51 18 0.079453
51 19 0.079453
51 20 0.079453
51 21 0.079453
51 22 0.079453
51 23 0.079454
51 24 0.079454
51 25 0.079454
51 26 0.079454
51 27 0.079454
51 28 0.079454
51 29 0.079454
51 30 0.079454
51 31 0.079454
51 32 0.079454
51 33 0.079454
51 34 0.079454
51 35 0.079454
51 36 0.079454
51 37 0.079454
51 38 0.079454
51 39 0.079454
51 40 0.079454
51 41 0.079454
51 42 0.079454
51 43 0.079454
51 44 0.079454
51 45 0.079454
51 46 0.079454
51 47 0.079454
51 48 0.079454
51 49 0.079454
51 50 0.079455
51 51 0.079455
51 52 0.079455
51 53 0.079455
51 54 0.079455
51 55 0.079455
51 56 0.079455
51 57 0.079455
51 58 0.079455
51 59 0.079455
51 60 0.079456
51 61 0.079456
51 62 0.079456
51 63 0.079456
51 64 0.079456
51 65 0.079456
51 66 0.079456
51 67 0.079456
51 68 0.079456
51 69 0.079456
51 70 0.079456
51 71 0.079456
51 72 0.079456
51 73 0.079457
51 74 0.079457
51 75 0.079457
51 76 0.079457
51 77 0.079457
51 78 0.079457
51 79 0.079457
51 80 0.079458
51 81 0.079458
51 82 0.079458
51 83 0.079458
51 84 0.079458
51 85 0.079458
51 86 0.079458
51 87 0.079458
51 88 0.079458
51 89 0.079459
51 90 0.079458
51 91 0.079459
51 92 0.079458
51 93 0.079459
51 94 0.079458
51 95 0.079459
51 96 0.079458
51 97 0.079459
51 98 0.079458
51 99 0.079458

52 0 0.079446
52 1 0.079449
52 2 0.079448
52 3 0.079449
52 4 0.079450
52 5 0.079449
52 6 0.079450
52 7 0.079450
52 8 0.079451
52 9 0.079451
52 10 0.079451
52 11 0.079451
52 12 0.079452
52 13 0.079452
52 14 0.079452
52 15 0.079453
52 16 0.079453
52 17 0.079453
52 18 0.079453
52 19 0.079453
52 20 0.079454
52 21 0.079454
52 22 0.079454
52 23 0.079454
52 24 0.079454
52 25 0.079454
52 26 0.079454
52 27 0.079454
52 28 0.079454
52 29 0.079454
52 30 0.079454
52 31 0.079454
52 32 0.079454
52 33 0.079454
52 34 0.079454
52 35 0.079454
52 36 0.079454
52 37 0.079454
52 38 0.079454
52 39 0.079454
52 40 0.079454
52 41 0.079454
52 42 0.079454
52 43 0.079454
52 44 0.079454
52 45 0.079454
52 46 0.079454
52 47 0.079454
52 48 0.079455
52 49 0.079455
52 50 0.079455
52 51 0.079455
52 52 0.079455
52 53 0.079455
52 54 0.079455
52 55 0.079455
52 56 0.079456
52 57 0.079456
52 58 0.079456
52 59 0.079456
52 60 0.079456
52 61 0.079456
52 62 0.079456
52 63 0.079456
52 64 0.079456
52 65 0.079456
52 66 0.079456
52 67 0.079456
52 68 0.079456
52 69 0.079456
52 70 0.079457
52 71 0.079457
52 72 0.079457
52 73 0.079457
52 74 0.079457
52 75 0.079457
52 76 0.079457
52 77 0.079457
52 78 0.079458
52 79 0.079458
52 80 0.079458
52 81 0.079458
52 82 0.079458
52 83 0.079458
52 84 0.079458
52 85 0.079458
52 86 0.079458
52 87 0.079459
52 88 0.079458
52 89 0.079459
52 90 0.079458
52 91 0.079459
52 92 0.079458
52 93 0.079459
52 94 0.079458
52 95 0.079459
52 96 0.079459
52 97 0.079459
52 98 0.079459
52 99 0.079457

53 0 0.079445
53 1 0.079450
53 2 0.079448
53 3 0.079450
53 4 0.079450
53 5 0.079450
53 6 0.079450
53 7 0.079451
53 8 0.079451
53 9 0.079451
53 10 0.079452
53 11 0.079452
53 12 0.079452
53 13 0.079452
53 14 0.079453
53 15 0.079453
53 16 0.079453
53 17 0.079453
53 18 0.079454
53 19 0.079454
53 20 0.079454
53 21 0.079454
53 22 0.079454
53 23 0.079454
53 24 0.079454
53 25 0.079454
53 26 0.079454
53 27 0.079454
53 28 0.079454
53 29 0.079454
53 30 0.079454
53 31 0.079454
53 32 0.079454
53 33 0.079454
53 34 0.079454
53 35 0.079454
53 36 0.079454
53 37 0.079454
53 38 0.079454
53 39 0.079454
53 40 0.079454
53 41 0.079454
53 42 0.079454
53 43 0.079454
53 44 0.079454
53 45 0.079455
53 46 0.079455
53 47 0.079455
53 48 0.079455
53 49 0.079455
53 50 0.079455
53 51 0.079455
53 52 0.079455
53 53 0.079456
53 54 0.079456
53 55 0.079456
53 56 0.079456
53 57 0.079456
53 58 0.079456
53 59 0.079456
53 60 0.079456
53 61 0.079456
53 62 0.079456
53 63 0.079456
53 64 0.079456
53 65 0.079456
53 66 0.079456
53 67 0.079456
53 68 0.079457
53 69 0.079457
53 70 0.079457
53 71 0.079457
53 72 0.079457
53 73 0.079457
53 74 0.079457
53 75 0.079457
53 76 0.079458
53 77 0.079458
53 78 0.079458
53 79 0.079458
53 80 0.079458
53 81 0.079458
53 82 0.079458
53 83 0.079458
53 84 0.079458
53 85 0.079459
53 86 0.079459
53 87 0.079459
53 88 0.079459
53 89 0.079459
53 90 0.079459
53 91 0.079459
53 92 0.079459
53 93 0.079459
53 94 0.079459
53 95 0.079459
53 96 0.079459
53 97 0.079458
53 98 0.079460
53 99 0.079456

54 0 0.079445
54 1 0.079451
54 2 0.079448
54 3 0.079450
54 4 0.079449
54 5 0.079450
54 6 0.079450
54 7 0.079451
54 8 0.079451
54 9 0.079452
54 10 0.079452
54 11 0.079452
54 12 0.079452
54 13 0.079453
54 14 0.079453
54 15 0.079453
54 16 0.079453
54 17 0.079454
54 18 0.079454
54 19 0.079454
54 20 0.079454
54 21 0.079454
54 22 0.079454
54 23 0.079454
54 24 0.079454
54 25 0.079455
54 26 0.079455
54 27 0.079455
54 28 0.079455
54 29 0.079455
54 30 0.079454
54 31 0.079454
54 32 0.079454
54 33 0.079454
54 34 0.079454
54 35 0.079454
54 36 0.079454
54 37 0.079454
54 38 0.079454
54 39 0.079454
54 40 0.079454
54 41 0.079454
54 42 0.079454
54 43 0.079455
54 44 0.079455
54 45 0.079455
54 46 0.079455
54 47 0.079455
54 48 0.079455
54 49 0.079455
54 50 0.079455
54 51 0.079456
54 52 0.079456
54 53 0.079456
54 54 0.079456
54 55 0.079456
54 56 0.079456
54 57 0.079456
54 58 0.079456
54 59 0.079456
54 60 0.079456
54 61 0.079456
54 62 0.079456
54 63 0.079456
54 64 0.079456
54 65 0.079457
54 66 0.079457
54 67 0.079457
54 68 0.079457
54 69 0.079457
54 70 0.079457
54 71 0.079457
54 72 0.079457
54 73 0.079457
54 74 0.079457
54 75 0.079458
54 76 0.079458
54 77 0.079458
54 78 0.079458
54 79 0.079458
54 80 0.079458
54 81 0.079458
54 82 0.079458
54 83 0.079459
54 84 0.079459
54 85 0.079459
54 86 0.079459
54 87 0.079459
54 88 0.079459
54 89 0.079459
54 90 0.079459
54 91 0.079459
54 92 0.079459
54 93 0.079459
54 94 0.079459
54 95 0.079459
54 96 0.079460
54 97 0.079458
54 98 0.079461
54 99 0.079456

55 0 0.079444
55 1 0.079452
55 2 0.079447
55 3 0.079451
55 4 0.079449
55 5 0.079451
55 6 0.079451
55 7 0.079451
55 8 0.079451
55 9 0.079452
55 10 0.079452
55 11 0.079453
55 12 0.079453
55 13 0.079453
55 14 0.079453
55 15 0.079454
55 16 0.079454
55 17 0.079454
55 18 0.079454
55 19 0.079454
55 20 0.079454
55 21 0.079455
55 22 0.079455
55 23 0.079455
55 24 0.079455
55 25 0.079455
55 26 0.079455
55 27 0.079455
55 28 0.079455
55 29 0.079455
55 30 0.079455
55 31 0.079455
55 32 0.079455
55 33 0.079455
55 34 0.079455
55 35 0.079455
55 36 0.079455
55 37 0.079455
55 38 0.079455
55 39 0.079455
55 40 0.079455
55 41 0.079455
55 42 0.079455
55 43 0.079455
55 44 0.079455
55 45 0.079455
55 46 0.079455
55 47 0.079455
55 48 0.079455
55 49 0.079456
55 50 0.079456
55 51 0.079456
55 52 0.079456
55 53 0.079456
55 54 0.079456
55 55 0.079456
55 56 0.079456
55 57 0.079456
55 58 0.079456
55 59 0.079456
55 60 0.079457
55 61 0.079457
55 62 0.079457
55 63 0.079457
55 64 0.079457
55 65 0.079457
55 66 0.079457
55 67 0.079457
55 68 0.079457
55 69 0.079457
55 70 0.079457
55 71 0.079457
55 72 0.079457
55 73 0.079458
55 74 0.079458
55 75 0.079458
55 76 0.079458
55 77 0.079458
55 78 0.079458
55 79 0.079458
55 80 0.079458
55 81 0.079459
55 82 0.079459
55 83 0.079459
55 84 0.079459
55 85 0.079459
55 86 0.079459
55 87 0.079459
55 88 0.079459
55 89 0.079459
55 90 0.079459
55 91 0.079459
55 92 0.079460
55 93 0.079459
55 94 0.079460
55 95 0.079459
55 96 0.079461
55 97 0.079457
55 98 0.079462
55 99 0.079455

56 0 0.079443
56 1 0.079453
56 2 0.079447
56 3 0.079452
56 4 0.079449
56 5 0.079452
56 6 0.079451
56 7 0.079452
56 8 0.079451
56 9 0.079452
56 10 0.079452
56 11 0.079453
56 12 0.079453
56 13 0.079453
56 14 0.079453
56 15 0.079454
56 16 0.079454
56 17 0.079454
56 18 0.079454
56 19 0.079454
56 20 0.079455
56 21 0.079455
56 22 0.079455
56 23 0.079455
56 24 0.079455
56 25 0.079455
56 26 0.079455
56 27 0.079455
56 28 0.079455
56 29 0.079455
56 30 0.079455
56 31 0.079455
56 32 0.079455
56 33 0.079455
56 34 0.079455
56 35 0.079455
56 36 0.079455
56 37 0.079455
56 38 0.079455
56 39 0.079455
56 40 0.079455
56 41 0.079455
56 42 0.079455
56 43 0.079455
56 44 0.079455
56 45 0.079455
56 46 0.079455
56 47 0.079455
56 48 0.079456
56 49 0.079456
56 50 0.079456
56 51 0.079456
56 52 0.079456
56 53 0.079456
56 54 0.079456
56 55 0.079456
56 56 0.079456
56 57 0.079457
56 58 0.079457
56 59 0.079457
56 60 0.079457
56 61 0.079457
56 62 0.079457
56 63 0.079457
56 64 0.079457
56 65 0.079457
56 66 0.079457
56 67 0.079457
56 68 0.079457
56 69 0.079457
56 70 0.079457
56 71 0.079457
56 72 0.079458
56 73 0.079458
56 74 0.079458
56 75 0.079458
56 76 0.079458
56 77 0.079458
56 78 0.079458
56 79 0.079458
56 80 0.079459
56 81 0.079459
56 82 0.079459
56 83 0.079459
56 84 0.079459
56 85 0.079459
56 86 0.079459
56 87 0.079459
56 88 0.079459
56 89 0.079459
56 90 0.079460
56 91 0.079459
56 92 0.079460
56 93 0.079459
56 94 0.079460
56 95 0.079458
56 96 0.079461
56 97 0.079457
56 98 0.079463
56 99 0.079454

57 0 0.079443
57 1 0.079454
57 2 0.079447
57 3 0.079452
57 4 0.079449
57 5 0.079452
57 6 0.079451
57 7 0.079452
57 8 0.079452
57 9 0.079453
57 10 0.079452
57 11 0.079453
57 12 0.079453
57 13 0.079454
57 14 0.079454
57 15 0.079454
57 16 0.079454
57 17 0.079454
57 18 0.079454
57 19 0.079455
57 20 0.079455
57 21 0.079455
57 22 0.079455
57 23 0.079455
57 24 0.079455
57 25 0.079455
57 26 0.079455
57 27 0.079455
57 28 0.079455
57 29 0.079455
57 30 0.079455
57 31 0.079455
57 32 0.079455
57 33 0.079455
57 34 0.079455
57 35 0.079455
57 36 0.079455
57 37 0.079455
57 38 0.079455
57 39 0.079455
57 40 0.079455
57 41 0.079455
57 42 0.079455
57 43 0.079455
57 44 0.079455
57 45 0.079455
57 46 0.079456
57 47 0.079456
57 48 0.079456
57 49 0.079456
57 50 0.079456
57 51 0.079456
57 52 0.079456
57 53 0.079456
57 54 0.079456
57 55 0.079457
57 56 0.079457
57 57 0.079457
57 58 0.079457
57 59 0.079457
57 60 0.079457
57 61 0.079457
57 62 0.079457
57 63 0.079457
57 64 0.079457
57 65 0.079457
57 66 0.079457
57 67 0.079457
57 68 0.079457
57 69 0.079457
57 70 0.079458
57 71 0.079458
57 72 0.079458
57 73 0.079458
57 74 0.079458
57 75 0.079458
57 76 0.079458
57 77 0.079458
57 78 0.079459
57 79 0.079459
57 80 0.079459
57 81 0.079459
57 82 0.079459
57 83 0.079459
57 84 0.079459
57 85 0.079459
57 86 0.079460
57 87 0.079459
57 88 0.079460
57 89 0.079459
57 90 0.079460
57 91 0.079459
57 92 0.079460
57 93 0.079459
57 94 0.079461
57 95 0.079458
57 96 0.079462
57 97 0.079457
57 98 0.079464
57 99 0.079454

58 0 0.079442
58 1 0.079454
58 2 0.079447
58 3 0.079453
58 4 0.079449
58 5 0.079452
58 6 0.079451
58 7 0.079453
58 8 0.079452
58 9 0.079453
58 10 0.079453
58 11 0.079453
58 12 0.079453
58 13 0.079454
58 14 0.079454
58 15 0.079454
58 16 0.079454
58 17 0.079455
58 18 0.079455
58 19 0.079455
58 20 0.079455
58 21 0.079455
58 22 0.079455
58 23 0.079455
58 24 0.079455
58 25 0.079455
58 26 0.079455
58 27 0.079455
58 28 0.079455
58 29 0.079455
58 30 0.079455
58 31 0.079455
58 32 0.079455
58 33 0.079455
58 34 0.079455
58 35 0.079455
58 36 0.079455
58 37 0.079455
58 38 0.079455
58 39 0.079455
58 40 0.079455
58 41 0.079455
58 42 0.079455
58 43 0.079455
58 44 0.079456
58 45 0.079456
58 46 0.079456
58 47 0.079456
58 48 0.079456
58 49 0.079456
58 50 0.079456
58 51 0.079456
58 52 0.079456
58 53 0.079457
58 54 0.079457
58 55 0.079457
58 56 0.079457
58 57 0.079457
58 58 0.079457
58 59 0.079457
58 60 0.079457
58 61 0.079457
58 62 0.079457
58 63 0.079457
58 64 0.079457
58 65 0.079457
58 66 0.079457
58 67 0.079457
58 68 0.079458
58 69 0.079458
58 70 0.079458
58 71 0.079458
58 72 0.079458
58 73 0.079458
58 74 0.079458
58 75 0.079458
58 76 0.079458
58 77 0.079459
58 78 0.079459
58 79 0.079459
58 80 0.079459
58 81 0.079459
58 82 0.079459
58 83 0.079459
58 84 0.079459
58 85 0.079459
58 86 0.079460
58 87 0.079459
58 88 0.079460
58 89 0.079459
58 90 0.079460
58 91 0.079459
58 92 0.079461
58 93 0.079459
58 94 0.079461
58 95 0.079458
58 96 0.079462
58 97 0.079456
58 98 0.079464
58 99 0.079453

59 0 0.079442
59 1 0.079455
59 2 0.079446
59 3 0.079453
59 4 0.079449
59 5 0.079453
59 6 0.079451
59 7 0.079453
59 8 0.079452
59 9 0.079453
59 10 0.079453
59 11 0.079454
59 12 0.079453
59 13 0.079454
59 14 0.079454
59 15 0.079454
59 16 0.079454
59 17 0.079455
59 18 0.079455
59 19 0.079455
59 20 0.079455
59 21 0.079455
59 22 0.079455
59 23 0.079455
59 24 0.079456
59 25 0.079456
59 26 0.079456
59 27 0.079456
59 28 0.079456
59 29 0.079456
59 30 0.079456
59 31 0.079456
59 32 0.079455
59 33 0.079455
59 34 0.079455
59 35 0.079455
59 36 0.079455
59 37 0.079455
59 38 0.079455
59 39 0.079455
59 40 0.079455
59 41 0.079455
59 42 0.079456
59 43 0.079456
59 44 0.079456
59 45 0.079456
59 46 0.079456
59 47 0.079456
59 48 0.079456
59 49 0.079456
59 50 0.079456
59 51 0.079457
59 52 0.079457
59 53 0.079457
59 54 0.079457
59 55 0.079457
59 56 0.079457
59 57 0.079457
59 58 0.079457
59 59 0.079457
59 60 0.079457
59 61 0.079457
59 62 0.079457
59 63 0.079457
59 64 0.079457
59 65 0.079458
59 66 0.079458
59 67 0.079458
59 68 0.079458
59 69 0.079458
59 70 0.079458
59 71 0.079458
59 72 0.079458
59 73 0.079458
59 74 0.079458
59 75 0.079458
59 76 0.079459
59 77 0.079459
59 78 0.079459
59 79 0.079459
59 80 0.079459
59 81 0.079459
59 82 0.079459
59 83 0.079459
59 84 0.079460
59 85 0.079459
59 86 0.079460
59 87 0.079460
59 88 0.079460
59 89 0.079459
59 90 0.079460
59 91 0.079459
59 92 0.079461
59 93 0.079459
59 94 0.079461
59 95 0.079458
59 96 0.079463
59 97 0.079456
59 98 0.079465
59 99 0.079453

60 0 0.079442
60 1 0.079456
60 2 0.079446
60 3 0.079454
60 4 0.079449
60 5 0.079453
60 6 0.079451
60 7 0.079453
60 8 0.079452
60 9 0.079453
60 10 0.079453
60 11 0.079454
60 12 0.079454
60 13 0.079454
60 14 0.079454
60 15 0.079455
60 16 0.079455
60 17 0.079455
60 18 0.079455
60 19 0.079455
60 20 0.079455
60 21 0.079455
60 22 0.079456
60 23 0.079456
60 24 0.079456
60 25 0.079456
60 26 0.079456
60 27 0.079456
60 28 0.079456
60 29 0.079456
60 30 0.079456
60 31 0.079456
60 32 0.079456
60 33 0.079456
60 34 0.079456
60 35 0.079456
60 36 0.079455
60 37 0.079455
60 38 0.079455
60 39 0.079456
60 40 0.079456
60 41 0.079456
60 42 0.079456
60 43 0.079456
60 44 0.079456
60 45 0.079456
60 46 0.079456
60 47 0.079456
60 48 0.079456
60 49 0.079456
60 50 0.079457
60 51 0.079457
60 52 0.079457
60 53 0.079457
60 54 0.079457
60 55 0.079457
60 56 0.079457
60 57 0.079457
60 58 0.079457
60 59 0.079457
60 60 0.079457
60 61 0.079457
60 62 0.079457
60 63 0.079457
60 64 0.079458
60 65 0.079458
60 66 0.079458
60 67 0.079458
60 68 0.079458
60 69 0.079458
60 70 0.079458
60 71 0.079458
60 72 0.079458
60 73 0.079458
60 74 0.079458
60 75 0.079458
60 76 0.079459
60 77 0.079459
60 78 0.079459
60 79 0.079459
60 80 0.079459
60 81 0.079459
60 82 0.079459
60 83 0.079459
60 84 0.079460
60 85 0.079460
60 86 0.079460
60 87 0.079460
60 88 0.079460
60 89 0.079460
60 90 0.079461
60 91 0.079459
60 92 0.079461
60 93 0.079459
60 94 0.079462
60 95 0.079458
60 96 0.079463
60 97 0.079456
60 98 0.079466
60 99 0.079452

61 0 0.079442
61 1 0.079456
61 2 0.079446
61 3 0.079454
61 4 0.079449
61 5 0.079454
61 6 0.079451
61 7 0.079453
61 8 0.079452
61 9 0.079454
61 10 0.079453
61 11 0.079454
61 12 0.079454
61 13 0.079454
61 14 0.079454
61 15 0.079455
61 16 0.079455
61 17 0.079455
61 18 0.079455
61 19 0.079455
61 20 0.079455
61 21 0.079456
61 22 0.079456
61 23 0.079456
61 24 0.079456
61 25 0.079456
61 26 0.079456
61 27 0.079456
61 28 0.079456
61 29 0.079456
61 30 0.079456
61 31 0.079456
61 32 0.079456
61 33 0.079456
61 34 0.079456
61 35 0.079456
61 36 0.079456
61 37 0.079456
61 38 0.079456
61 39 0.079456
61 40 0.079456
61 41 0.079456
61 42 0.079456
61 43 0.079456
61 44 0.079456
61 45 0.079456
61 46 0.079456
61 47 0.079456
61 48 0.079456
61 49 0.079457
61 50 0.079457
61 51 0.079457
61 52 0.079457
61 53 0.079457
61 54 0.079457
61 55 0.079457
61 56 0.079457
61 57 0.079457
61 58 0.079457
61 59 0.079457
61 60 0.079457
61 61 0.079458
61 62 0.079458
61 63 0.079458
61 64 0.079458
61 65 0.079458
61 66 0.079458
61 67 0.079458
61 68 0.079458
61 69 0.079458
61 70 0.079458
61 71 0.079458
61 72 0.079458
61 73 0.079458
61 74 0.079458
61 75 0.079459
61 76 0.079459
61 77 0.079459
61 78 0.079459
61 79 0.079459
61 80 0.079459
61 81 0.079459
61 82 0.079460
61 83 0.079460
61 84 0.079460
61 85 0.079460
61 86 0.079460
61 87 0.079460
61 88 0.079460
61 89 0.079460
61 90 0.079461
61 91 0.079459
61 92 0.079461
61 93 0.079459
61 94 0.079462
61 95 0.079458
61 96 0.079463
61 97 0.079456
61 98 0.079466
61 99 0.079452

62 0 0.079442
62 1 0.079457
62 2 0.079446
62 3 0.079455
62 4 0.079449
62 5 0.079454
62 6 0.079451
62 7 0.079454
62 8 0.079452
62 9 0.079454
62 10 0.079453
62 11 0.079454
62 12 0.079454
62 13 0.079454
62 14 0.079454
62 15 0.079455
62 16 0.079455
62 17 0.079455
62 18 0.079455
62 19 0.079455
62 20 0.079456
62 21 0.079456
62 22 0.079456
62 23 0.079456
62 24 0.079456
62 25 0.079456
62 26 0.079456
62 27 0.079456
62 28 0.079456
62 29 0.079456
62 30 0.079456
62 31 0.079456
62 32 0.079456
62 33 0.079456
62 34 0.079456
62 35 0.079456
62 36 0.079456
62 37 0.079456
62 38 0.079456
62 39 0.079456
62 40 0.079456
62 41 0.079456
62 42 0.079456
62 43 0.079456
62 44 0.079456
62 45 0.079456
62 46 0.079456
62 47 0.079456
62 48 0.079457
62 49 0.079457
62 50 0.079457
62 51 0.079457
62 52 0.079457
62 53 0.079457
62 54 0.079457
62 55 0.079457
62 56 0.079457
62 57 0.079457
62 58 0.079458
62 59 0.079458
62 60 0.079458
62 61 0.079458
62 62 0.079458
62 63 0.079458
62 64 0.079458
62 65 0.079458
62 66 0.079458
62 67 0.079458
62 68 0.079458
62 69 0.079458
62 70 0.079458
62 71 0.079458
62 72 0.079458
62 73 0.079458
62 74 0.079459
62 75 0.079459
62 76 0.079459
62 77 0.079459
62 78 0.079459
62 79 0.079459
62 80 0.079459
62 81 0.079459
62 82 0.079460
62 83 0.079460
62 84 0.079460
62 85 0.079460
62 86 0.079460
62 87 0.079460
62 88 0.079460
62 89 0.079460
62 90 0.079461
62 91 0.079459
62 92 0.079461
62 93 0.079459
62 94 0.079462
62 95 0.079458
62 96 0.079464
62 97 0.079456
62 98 0.079466
62 99 0.079452

63 0 0.079442
63 1 0.079457
63 2 0.079446
63 3 0.079455
63 4 0.079449
63 5 0.079454
63 6 0.079451
63 7 0.079454
63 8 0.079452
63 9 0.079454
63 10 0.079453
63 11 0.079454
63 12 0.079454
63 13 0.079455
63 14 0.079454
63 15 0.079455
63 16 0.079455
63 17 0.079455
63 18 0.079455
63 19 0.079456
63 20 0.079456
63 21 0.079456
63 22 0.079456
63 23 0.079456
63 24 0.079456
63 25 0.079456
63 26 0.079456
63 27 0.079456
63 28 0.079456
63 29 0.079456
63 30 0.079456
63 31 0.079456
63 32 0.079456
63 33 0.079456
63 34 0.079456
63 35 0.079456
63 36 0.079456
63 37 0.079456
63 38 0.079456
63 39 0.079456
63 40 0.079456
63 41 0.079456
63 42 0.079456
63 43 0.079456
63 44 0.079456
63 45 0.079456
63 46 0.079456
63 47 0.079457
63 48 0.079457
63 49 0.079457
63 50 0.079457
63 51 0.079457
63 52 0.079457
63 53 0.079457
63 54 0.079457
63 55 0.079457
63 56 0.079458
63 57 0.079458
63 58 0.079458
63 59 0.079458
63 60 0.079458
63 61 0.079458
63 62 0.079458
63 63 0.079458
63 64 0.079458
63 65 0.079458
63 66 0.079458
63 67 0.079458
63 68 0.079458
63 69 0.079458
63 70 0.079458
63 71 0.079458
63 72 0.079458
63 73 0.079458
63 74 0.079459
63 75 0.079459
63 76 0.079459
63 77 0.079459
63 78 0.079459
63 79 0.079459
63 80 0.079459
63 81 0.079459
63 82 0.079460
63 83 0.079460
63 84 0.079460
63 85 0.079460
63 86 0.079460
63 87 0.079460
63 88 0.079461
63 89 0.079460
63 90 0.079461
63 91 0.079459
63 92 0.079461
63 93 0.079459
63 94 0.079462
63 95 0.079458
63 96 0.079464
63 97 0.079456
63 98 0.079466
63 99 0.079452

64 0 0.079442
64 1 0.079457
64 2 0.079446
64 3 0.079455
64 4 0.079449
64 5 0.079454
64 6 0.079451
64 7 0.079454
64 8 0.079452
64 9 0.079454
64 10 0.079453
64 11 0.079454
64 12 0.079454
64 13 0.079455
64 14 0.079454
64 15 0.079455
64 16 0.079455
64 17 0.079455
64 18 0.079455
64 19 0.079456
64 20 0.079456
64 21 0.079456
64 22 0.079456
64 23 0.079456
64 24 0.079456
64 25 0.079456
64 26 0.079456
64 27 0.079456
64 28 0.079456
64 29 0.079456
64 30 0.079456
64 31 0.079456
64 32 0.079456
64 33 0.079456
64 34 0.079456
64 35 0.079456
64 36 0.079456
64 37 0.079456
64 38 0.079456
64 39 0.079456
64 40 0.079456
64 41 0.079456
64 42 0.079456
64 43 0.079456
64 44 0.079456
64 45 0.079456
64 46 0.079457
64 47 0.079457
64 48 0.079457
64 49 0.079457
64 50 0.079457
64 51 0.079457
64 52 0.079457
64 53 0.079457
64 54 0.079457
64 55 0.079458
64 56 0.079458
64 57 0.079458
64 58 0.079458
64 59 0.079458
64 60 0.079458
64 61 0.079458
64 62 0.079458
64 63 0.079458
64 64 0.079458
64 65 0.079458
64 66 0.079458
64 67 0.079458
64 68 0.079458
64 69 0.079458
64 70 0.079458
64 71 0.079459
64 72 0.079459
64 73 0.079459
64 74 0.079459
64 75 0.079459
64 76 0.079459
64 77 0.079459
64 78 0.079459
64 79 0.079459
64 80 0.079460
64 81 0.079460
64 82 0.079460
64 83 0.079460
64 84 0.079460
64 85 0.079460
64 86 0.079460
64 87 0.079460
64 88 0.079461
64 89 0.079460
64 90 0.079461
64 91 0.079459
64 92 0.079462
64 93 0.079459
64 94 0.079462
64 95 0.079458
64 96 0.079464
64 97 0.079456
64 98 0.079467
64 99 0.079452

65 0 0.079442
65 1 0.079457
65 2 0.079447
65 3 0.079455
65 4 0.079449
65 5 0.079454
65 6 0.079451
65 7 0.079454
65 8 0.079452
65 9 0.079454
65 10 0.079453
65 11 0.079454
65 12 0.079454
65 13 0.079455
65 14 0.079455
65 15 0.079455
65 16 0.079455
65 17 0.079455
65 18 0.079456
65 19 0.079456
65 20 0.079456
65 21 0.079456
65 22 0.079456
65 23 0.079456
65 24 0.079456
65 25 0.079456
65 26 0.079456
65 27 0.079456
65 28 0.079456
65 29 0.079456
65 30 0.079456
65 31 0.079456
65 32 0.079456
65 33 0.079456
65 34 0.079456
65 35 0.079456
65 36 0.079456
65 37 0.079456
65 38 0.079456
65 39 0.079456
65 40 0.079456
65 41 0.079456
65 42 0.079456
65 43 0.079456
65 44 0.079457
65 45 0.079457
65 46 0.079457
65 47 0.079457
65 48 0.079457
65 49 0.079457
65 50 0.079457
65 51 0.079457
65 52 0.079457
65 53 0.079458
65 54 0.079458
65 55 0.079458
65 56 0.079458
65 57 0.079458
65 58 0.079458
65 59 0.079458
65 60 0.079458
65 61 0.079458
65 62 0.079458
65 63 0.079458
65 64 0.079458
65 65 0.079458
65 66 0.079458
65 67 0.079458
65 68 0.079458
65 69 0.079458
65 70 0.079458
65 71 0.079459
65 72 0.079459
65 73 0.079459
65 74 0.079459
65 75 0.079459
65 76 0.079459
65 77 0.079459
65 78 0.079459
65 79 0.079459
65 80 0.079460
65 81 0.079460
65 82 0.079460
65 83 0.079460
65 84 0.079460
65 85 0.079460
65 86 0.079460
65 87 0.079460
65 88 0.079461
65 89 0.079460
65 90 0.079461
65 91 0.079459
65 92 0.079462
65 93 0.079459
65 94 0.079462
65 95 0.079458
65 96 0.079464
65 97 0.079456
65 98 0.079467
65 99 0.079452

66 0 0.079443
66 1 0.079457
66 2 0.079447
66 3 0.079455
66 4 0.079449
66 5 0.079454
66 6 0.079451
66 7 0.079454
66 8 0.079452
66 9 0.079454
66 10 0.079453
66 11 0.079454
66 12 0.079454
66 13 0.079455
66 14 0.079455
66 15 0.079455
66 16 0.079455
66 17 0.079455
66 18 0.079456
66 19 0.079456
66 20 0.079456
66 21 0.079456
66 22 0.079456
66 23 0.079456
66 24 0.079456
66 25 0.079456
66 26 0.079456
66 27 0.079456
66 28 0.079457
66 29 0.079457
66 30 0.079456
66 31 0.079456
66 32 0.079456
66 33 0.079456
66 34 0.079456
66 35 0.079456
66 36 0.079456
66 37 0.079456
66 38 0.079456
66 39 0.079456
66 40 0.079456
66 41 0.079456
66 42 0.079457
66 43 0.079457
66 44 0.079457
66 45 0.079457
66 46 0.079457
66 47 0.079457
66 48 0.079457
66 49 0.079457
66 50 0.079457
66 51 0.079457
66 52 0.079458
66 53 0.079458
66 54 0.079458
66 55 0.079458
66 56 0.079458
66 57 0.079458
66 58 0.079458
66 59 0.079458
66 60 0.079458
66 61 0.079458
66 62 0.079458
66 63 0.079458
66 64 0.079458
66 65 0.079458
66 66 0.079458
66 67 0.079458
66 68 0.079458
66 69 0.079458
66 70 0.079458
66 71 0.079459
66 72 0.079459
66 73 0.079459
66 74 0.079459
66 75 0.079459
66 76 0.079459
66 77 0.079459
66 78 0.079459
66 79 0.079459
66 80 0.079460
66 81 0.079460
66 82 0.079460
66 83 0.079460
66 84 0.079460
66 85 0.079460
66 86 0.079460
66 87 0.079460
66 88 0.079461
66 89 0.079460
66 90 0.079461
66 91 0.079460
66 92 0.079462
66 93 0.079459
66 94 0.079462
66 95 0.079458
66 96 0.079464
66 97 0.079456
66 98 0.079466
66 99 0.079452

67 0 0.079443
67 1 0.079458
67 2 0.079447
67 3 0.079455
67 4 0.079450
67 5 0.079454
67 6 0.079451
67 7 0.079454
67 8 0.079452
67 9 0.079454
67 10 0.079453
67 11 0.079454
67 12 0.079454
67 13 0.079455
67 14 0.079455
67 15 0.079455
67 16 0.079455
67 17 0.079455
67 18 0.079456
67 19 0.079456
67 20 0.079456
67 21 0.079456
67 22 0.079456
67 23 0.079456
67 24 0.079456
67 25 0.079457
67 26 0.079457
67 27 0.079457
67 28 0.079457
67 29 0.079457
67 30 0.079457
67 31 0.079457
67 32 0.079457
67 33 0.079457
67 34 0.079457
67 35 0.079457
67 36 0.079457
67 37 0.079457
67 38 0.079457
67 39 0.079457
67 40 0.079457
67 41 0.079457
67 42 0.079457
67 43 0.079457
67 44 0.079457
67 45 0.079457
67 46 0.079457
67 47 0.079457
67 48 0.079457
67 49 0.079457
67 50 0.079457
67 51 0.079458
67 52 0.079458
67 53 0.079458
67 54 0.079458
67 55 0.079458
67 56 0.079458
67 57 0.079458
67 58 0.079458
67 59 0.079458
67 60 0.079458
67 61 0.079458
67 62 0.079458
67 63 0.079458
67 64 0.079458
67 65 0.079458
67 66 0.079458
67 67 0.079458
67 68 0.079458
67 69 0.079459
67 70 0.079459
67 71 0.079459
67 72 0.079459
67 73 0.079459
67 74 0.079459
67 75 0.079459
67 76 0.079459
67 77 0.079459
67 78 0.079459
67 79 0.079460
67 80 0.079460
67 81 0.079460
67 82 0.079460
67 83 0.079460
67 84 0.079460
67 85 0.079460
67 86 0.079461
67 87 0.079460
67 88 0.079461
67 89 0.079460
67 90 0.079461
67 91 0.079460
67 92 0.079462
67 93 0.079459
67 94 0.079462
67 95 0.079458
67 96 0.079464
67 97 0.079456
67 98 0.079466
67 99 0.079452

68 0 0.079444
68 1 0.079458
68 2 0.079447
68 3 0.079455
68 4 0.079450
68 5 0.079454
68 6 0.079451
68 7 0.079454
68 8 0.079452
68 9 0.079454
68 10 0.079453
68 11 0.079454
68 12 0.079454
68 13 0.079455
68 14 0.079455
68 15 0.079455
68 16 0.079455
68 17 0.079455
68 18 0.079456
68 19 0.079456
68 20 0.079456
68 21 0.079456
68 22 0.079456
68 23 0.079456
68 24 0.079457
68 25 0.079457
68 26 0.079457
68 27 0.079457
68 28 0.079457
68 29 0.079457
68 30 0.079457
68 31 0.079457
68 32 0.079457
68 33 0.079457
68 34 0.079457
68 35 0.079457
68 36 0.079457
68 37 0.079457
68 38 0.079457
68 39 0.079457
68 40 0.079457
68 41 0.079457
68 42 0.079457
68 43 0.079457
68 44 0.079457
68 45 0.079457
68 46 0.079457
68 47 0.079457
68 48 0.079457
68 49 0.079457
68 50 0.079458
68 51 0.079458
68 52 0.079458
68 53 0.079458
68 54 0.079458
68 55 0.079458
68 56 0.079458
68 57 0.079458
68 58 0.079458
68 59 0.079458
68 60 0.079458
68 61 0.079458
68 62 0.079458
68 63 0.079458
68 64 0.079458
68 65 0.079458
68 66 0.079458
68 67 0.079458
68 68 0.079459
68 69 0.079459
68 70 0.079459
68 71 0.079459
68 72 0.079459
68 73 0.079459
68 74 0.079459
68 75 0.079459
68 76 0.079459
68 77 0.079459
68 78 0.079460
68 79 0.079460
68 80 0.079460
68 81 0.079460
68 82 0.079460
68 83 0.079460
68 84 0.079460
68 85 0.079460
68 86 0.079461
68 87 0.079460
68 88 0.079461
68 89 0.079460
68 90 0.079461
68 91 0.079460
68 92 0.079462
68 93 0.079459
68 94 0.079462
68 95 0.079458
68 96 0.079464
68 97 0.079456
68 98 0.079466
68 99 0.079453

69 0 0.079444
69 1 0.079458
69 2 0.079448
69 3 0.079455
69 4 0.079450
69 5 0.079454
69 6 0.079451
69 7 0.079454
69 8 0.079452
69 9 0.079454
69 10 0.079453
69 11 0.079454
69 12 0.079454
69 13 0.079455
69 14 0.079455
69 15 0.079455
69 16 0.079455
69 17 0.079455
69 18 0.079456
69 19 0.079456
69 20 0.079456
69 21 0.079456
69 22 0.079456
69 23 0.079456
69 24 0.079457
69 25 0.079457
69 26 0.079457
69 27 0.079457
69 28 0.079457
69 29 0.079457
69 30 0.079457
69 31 0.079457
69 32 0.079457
69 33 0.079457
69 34 0.079457
69 35 0.079457
69 36 0.079457
69 37 0.079457
69 38 0.079457
69 39 0.079457
69 40 0.079457
69 41 0.079457
69 42 0.079457
69 43 0.079457
69 44 0.079457
69 45 0.079457
69 46 0.079457
69 47 0.079457
69 48 0.079458
69 49 0.079458
69 50 0.079458
69 51 0.079458
69 52 0.079458
69 53 0.079458
69 54 0.079458
69 55 0.079458
69 56 0.079458
69 57 0.079458
69 58 0.079458
69 59 0.079458
69 60 0.079458
69 61 0.079459
69 62 0.079459
69 63 0.079459
69 64 0.079459
69 65 0.079459
69 66 0.079459
69 67 0.079459
69 68 0.079459
69 69 0.079459
69 70 0.079459
69 71 0.079459
69 72 0.079459
69 73 0.079459
69 74 0.079459
69 75 0.079459
69 76 0.079459
69 77 0.079459
69 78 0.079460
69 79 0.079460
69 80 0.079460
69 81 0.079460
69 82 0.079460
69 83 0.079460
69 84 0.079460
69 85 0.079460
69 86 0.079461
69 87 0.079460
69 88 0.079461
69 89 0.079460
69 90 0.079461
69 91 0.079460
69 92 0.079462
69 93 0.079459
69 94 0.079462
69 95 0.079458
69 96 0.079464
69 97 0.079456
69 98 0.079466
69 99 0.079453

70 0 0.079445
70 1 0.079457
70 2 0.079448
70 3 0.079455
70 4 0.079450
70 5 0.079454
70 6 0.079452
70 7 0.079454
70 8 0.079452
70 9 0.079454
70 10 0.079453
70 11 0.079454
70 12 0.079454
70 13 0.079455
70 14 0.079455
70 15 0.079455
70 16 0.079455
70 17 0.079456
70 18 0.079456
70 19 0.079456
70 20 0.079456
70 21 0.079456
70 22 0.079456
70 23 0.079457
70 24 0.079457
70 25 0.079457
70 26 0.079457
70 27 0.079457
70 28 0.079457
70 29 0.079457
70 30 0.079457
70 31 0.079457
70 32 0.079457
70 33 0.079457
70 34 0.079457
70 35 0.079457
70 36 0.079457
70 37 0.079457
70 38 0.079457
70 39 0.079457
70 40 0.079457
70 41 0.079457
70 42 0.079457
70 43 0.079457
70 44 0.079457
70 45 0.079457
70 46 0.079457
70 47 0.079458
70 48 0.079458
70 49 0.079458
70 50 0.079458
70 51 0.079458
70 52 0.079458
70 53 0.079458
70 54 0.079458
70 55 0.079458
70 56 0.079459
70 57 0.079459
70 58 0.079459
70 59 0.079459
70 60 0.079459
70 61 0.079459
70 62 0.079459
70 63 0.079459
70 64 0.079459
70 65 0.079459
70 66 0.079459
70 67 0.079459
70 68 0.079459
70 69 0.079459
70 70 0.079459
70 71 0.079459
70 72 0.079459
70 73 0.079459
70 74 0.079459
70 75 0.079459
70 76 0.079459
70 77 0.079460
70 78 0.079460
70 79 0.079460
70 80 0.079460
70 81 0.079460
70 82 0.079460
70 83 0.079460
70 84 0.079460
70 85 0.079460
70 86 0.079461
70 87 0.079460
70 88 0.079461
70 89 0.079460
70 90 0.079461
70 91 0.079460
70 92 0.079462
70 93 0.079459
70 94 0.079462
70 95 0.079458
70 96 0.079463
70 97 0.079456
70 98 0.079466
70 99 0.079453

71 0 0.079446
71 1 0.079457
71 2 0.079448
71 3 0.079455
71 4 0.079450
71 5 0.079454
71 6 0.079452
71 7 0.079454
71 8 0.079453
71 9 0.079454
71 10 0.079453
71 11 0.079454
71 12 0.079454
71 13 0.079455
71 14 0.079455
71 15 0.079455
71 16 0.079455
71 17 0.079456
71 18 0.079456
71 19 0.079456
71 20 0.079456
71 21 0.079456
71 22 0.079456
71 23 0.079457
71 24 0.079457
71 25 0.079457
71 26 0.079457
71 27 0.079457
71 28 0.079457
71 29 0.079457
71 30 0.079457
71 31 0.079457
71 32 0.079457
71 33 0.079457
71 34 0.079457
71 35 0.079457
71 36 0.079457
71 37 0.079457
71 38 0.079457
71 39 0.079457
71 40 0.079457
71 41 0.079457
71 42 0.079457
71 43 0.079457
71 44 0.079457
71 45 0.079458
71 46 0.079458
71 47 0.079458
71 48 0.079458
71 49 0.079458
71 50 0.079458
71 51 0.079458
71 52 0.079458
71 53 0.079458
71 54 0.079459
71 55 0.079459
71 56 0.079459
71 57 0.079459
71 58 0.079459
71 59 0.079459
71 60 0.079459
71 61 0.079459
71 62 0.079459
71 63 0.079459
71 64 0.079459
71 65 0.079459
71 66 0.079459
71 67 0.079459
71 68 0.079459
71 69 0.079459
71 70 0.079459
71 71 0.079459
71 72 0.079459
71 73 0.079459
71 74 0.079459
71 75 0.079459
71 76 0.079460
71 77 0.079460
71 78 0.079460
71 79 0.079460
71 80 0.079460
71 81 0.079460
71 82 0.079460
71 83 0.079460
71 84 0.079460
71 85 0.079460
71 86 0.079461
71 87 0.079460
71 88 0.079461
71 89 0.079460
71 90 0.079461
71 91 0.079460
71 92 0.079461
71 93 0.079459
71 94 0.079462
71 95 0.079458
71 96 0.079463
71 97 0.079456
71 98 0.079465
71 99 0.079453

72 0 0.079446
72 1 0.079457
72 2 0.079449
72 3 0.079455
72 4 0.079451
72 5 0.079454
72 6 0.079452
72 7 0.079454
72 8 0.079453
72 9 0.079454
72 10 0.079453
72 11 0.079454
72 12 0.079454
72 13 0.079455
72 14 0.079455
72 15 0.079455
72 16 0.079455
72 17 0.079456
72 18 0.079456
72 19 0.079456
72 20 0.079456
72 21 0.079456
72 22 0.079457
72 23 0.079457
72 24 0.079457
72 25 0.079457
72 26 0.079457
72 27 0.079457
72 28 0.079457
72 29 0.079457
72 30 0.079457
72 31 0.079457
72 32 0.079457
72 33 0.079457
72 34 0.079457
72 35 0.079457
72 36 0.079457
72 37 0.079457
72 38 0.079457
72 39 0.079457
72 40 0.079457
72 41 0.079457
72 42 0.079458
72 43 0.079458
72 44 0.079458
72 45 0.079458
72 46 0.079458
72 47 0.079458
72 48 0.079458
72 49 0.079458
72 50 0.079458
72 51 0.079458
72 52 0.079459
72 53 0.079459
72 54 0.079459
72 55 0.079459
72 56 0.079459
72 57 0.079459
72 58 0.079459
72 59 0.079459
72 60 0.079459
72 61 0.079459
72 62 0.079459
72 63 0.079459
72 64 0.079459
72 65 0.079459
72 66 0.079459
72 67 0.079459
72 68 0.079459
72 69 0.079459
72 70 0.079459
72 71 0.079459
72 72 0.079459
72 73 0.079459
72 74 0.079459
72 75 0.079460
72 76 0.079460
72 77 0.079460
72 78 0.079460
72 79 0.079460
72 80 0.079460
72 81 0.079460
72 82 0.079460
72 83 0.079460
72 84 0.079461
72 85 0.079460
72 86 0.079461
72 87 0.079460
72 88 0.079461
72 89 0.079460
72 90 0.079461
72 91 0.079460
72 92 0.079461
72 93 0.079459
72 94 0.079462
72 95 0.079458
72 96 0.079463
72 97 0.079456
72 98 0.079465
72 99 0.079454

73 0 0.079447
73 1 0.079457
73 2 0.079449
73 3 0.079455
73 4 0.079451
73 5 0.079454
73 6 0.079452
73 7 0.079454
73 8 0.079453
73 9 0.079454
73 10 0.079453
73 11 0.079454
73 12 0.079454
73 13 0.079455
73 14 0.079455
73 15 0.079455
73 16 0.079455
73 17 0.079456
73 18 0.079456
73 19 0.079456
73 20 0.079456
73 21 0.079456
73 22 0.079457
73 23 0.079457
73 24 0.079457
73 25 0.079457
73 26 0.079457
73 27 0.079457
73 28 0.079457
73 29 0.079457
73 30 0.079457
73 31 0.079457
73 32 0.079458
73 33 0.079458
73 34 0.079458
73 35 0.079458
73 36 0.079458
73 37 0.079458
73 38 0.079458
73 39 0.079458
73 40 0.079458
73 41 0.079458
73 42 0.079458
73 43 0.079458
73 44 0.079458
73 45 0.079458
73 46 0.079458
73 47 0.079458
73 48 0.079458
73 49 0.079458
73 50 0.079459
73 51 0.079459
73 52 0.079459
73 53 0.079459
73 54 0.079459
73 55 0.079459
73 56 0.079459
73 57 0.079459
73 58 0.079459
73 59 0.079459
73 60 0.079459
73 61 0.079459
73 62 0.079459
73 63 0.079459
73 64 0.079459
73 65 0.079459
73 66 0.079459
73 67 0.079459
73 68 0.079459
73 69 0.079459
73 70 0.079459
73 71 0.079459
73 72 0.079459
73 73 0.079459
73 74 0.079460
73 75 0.079460
73 76 0.079460
73 77 0.079460
73 78 0.079460
73 79 0.079460
73 80 0.079460
73 81 0.079460
73 82 0.079460
73 83 0.079460
73 84 0.079461
73 85 0.079460
73 86 0.079461
73 87 0.079460
73 88 0.079461
73 89 0.079460
73 90 0.079461
73 91 0.079460
73 92 0.079461
73 93 0.079459
73 94 0.079462
73 95 0.079458
73 96 0.079463
73 97 0.079456
73 98 0.079465
73 99 0.079454

74 0 0.079447
74 1 0.079457
74 2 0.079449
74 3 0.079455
74 4 0.079451
74 5 0.079454
74 6 0.079452
74 7 0.079454
74 8 0.079453
74 9 0.079454
74 10 0.079453
74 11 0.079454
74 12 0.079454
74 13 0.079455
74 14 0.079455
74 15 0.079455
74 16 0.079455
74 17 0.079456
74 18 0.079456
74 19 0.079456
74 20 0.079456
74 21 0.079457
74 22 0.079457
74 23 0.079457
74 24 0.079457
74 25 0.079457
74 26 0.079457
74 27 0.079457
74 28 0.079457
74 29 0.079458
74 30 0.079458
74 31 0.079458
74 32 0.079458
74 33 0.079458
74 34 0.079458
74 35 0.079458
74 36 0.079458
74 37 0.079458
74 38 0.079458
74 39 0.079458
74 40 0.079458
74 41 0.079458
74 42 0.079458
74 43 0.079458
74 44 0.079458
74 45 0.079458
74 46 0.079458
74 47 0.079458
74 48 0.079459
74 49 0.079459
74 50 0.079459
74 51 0.079459
74 52 0.079459
74 53 0.079459
74 54 0.079459
74 55 0.079459
74 56 0.079459
74 57 0.079459
74 58 0.079459
74 59 0.079459
74 60 0.079460
74 61 0.079460
74 62 0.079459
74 63 0.079459
74 64 0.079459
74 65 0.079459
74 66 0.079459
74 67 0.079459
74 68 0.079459
74 69 0.079459
74 70 0.079459
74 71 0.079460
74 72 0.079460
74 73 0.079460
74 74 0.079460
74 75 0.079460
74 76 0.079460
74 77 0.079460
74 78 0.079460
74 79 0.079460
74 80 0.079460
74 81 0.079460
74 82 0.079460
74 83 0.079460
74 84 0.079461
74 85 0.079460
74 86 0.079461
74 87 0.079460
74 88 0.079461
74 89 0.079460
74 90 0.079461
74 91 0.079460
74 92 0.079461
74 93 0.079459
74 94 0.079462
74 95 0.079458
74 96 0.079463
74 97 0.079457
74 98 0.079464
74 99 0.079454

75 0 0.079447
75 1 0.079457
75 2 0.079449
75 3 0.079455
75 4 0.079451
75 5 0.079454
75 6 0.079452
75 7 0.079454
75 8 0.079453
75 9 0.079454
75 10 0.079453
75 11 0.079454
75 12 0.079454
75 13 0.079455
75 14 0.079455
75 15 0.079455
75 16 0.079455
75 17 0.079456
75 18 0.079456
75 19 0.079456
75 20 0.079456
75 21 0.079457
75 22 0.079457
75 23 0.079457
75 24 0.079457
75 25 0.079457
75 26 0.079457
75 27 0.079458
75 28 0.079458
75 29 0.079458
75 30 0.079458
75 31 0.079458
75 32 0.079458
75 33 0.079458
75 34 0.079458
75 35 0.079458
75 36 0.079458
75 37 0.079458
75 38 0.079458
75 39 0.079458
75 40 0.079458
75 41 0.079458
75 42 0.079458
75 43 0.079458
75 44 0.079458
75 45 0.079458
75 46 0.079459
75 47 0.079459
75 48 0.079459
75 49 0.079459
75 50 0.079459
75 51 0.079459
75 52 0.079459
75 53 0.079459
75 54 0.079459
75 55 0.079460
75 56 0.079460
75 57 0.079460
75 58 0.079460
75 59 0.079460
75 60 0.079460
75 61 0.079460
75 62 0.079460
75 63 0.079460
75 64 0.079460
75 65 0.079460
75 66 0.079460
75 67 0.079460
75 68 0.079460
75 69 0.079460
75 70 0.079460
75 71 0.079460
75 72 0.079460
75 73 0.079460
75 74 0.079460
75 75 0.079460
75 76 0.079460
75 77 0.079460
75 78 0.079460
75 79 0.079460
75 80 0.079460
75 81 0.079460
75 82 0.079461
75 83 0.079461
75 84 0.079461
75 85 0.079461
75 86 0.079461
75 87 0.079460
75 88 0.079461
75 89 0.079460
75 90 0.079461
75 91 0.079460
75 92 0.079461
75 93 0.079459
75 94 0.079462
75 95 0.079458
75 96 0.079463
75 97 0.079457
75 98 0.079464
75 99 0.079454

76 0 0.079448
76 1 0.079457
76 2 0.079450
76 3 0.079455
76 4 0.079451
76 5 0.079454
76 6 0.079452
76 7 0.079454
76 8 0.079453
76 9 0.079454
76 10 0.079453
76 11 0.079454
76 12 0.079454
76 13 0.079455
76 14 0.079455
76 15 0.079455
76 16 0.079455
76 17 0.079456
76 18 0.079456
76 19 0.079456
76 20 0.079456
76 21 0.079457
76 22 0.079457
76 23 0.079457
76 24 0.079457
76 25 0.079457
76 26 0.079458
76 27 0.079458
76 28 0.079458
76 29 0.079458
76 30 0.079458
76 31 0.079458
76 32 0.079458
76 33 0.079458
76 34 0.079458
76 35 0.079458
76 36 0.079458
76 37 0.079458
76 38 0.079458
76 39 0.079458
76 40 0.079458
76 41 0.079458
76 42 0.079458
76 43 0.079458
76 44 0.079459
76 45 0.079459
76 46 0.079459
76 47 0.079459
76 48 0.079459
76 49 0.079459
76 50 0.079459
76 51 0.079459
76 52 0.079459
76 53 0.079460
76 54 0.079460
76 55 0.079460
76 56 0.079460
76 57 0.079460
76 58 0.079460
76 59 0.079460
76 60 0.079460
76 61 0.079460
76 62 0.079460
76 63 0.079460
76 64 0.079460
76 65 0.079460
76 66 0.079460
76 67 0.079460
76 68 0.079460
76 69 0.079460
76 70 0.079460
76 71 0.079460
76 72 0.079460
76 73 0.079460
76 74 0.079460
76 75 0.079460
76 76 0.079460
76 77 0.079460
76 78 0.079460
76 79 0.079460
76 80 0.079460
76 81 0.079461
76 82 0.079461
76 83 0.079461
76 84 0.079461
76 85 0.079461
76 86 0.079461
76 87 0.079460
76 88 0.079461
76 89 0.079460
76 90 0.079461
76 91 0.079460
76 92 0.079461
76 93 0.079459
76 94 0.079462
76 95 0.079458
76 96 0.079462
76 97 0.079457
76 98 0.079464
76 99 0.079455

77 0 0.079448
77 1 0.079457
77 2 0.079450
77 3 0.079455
77 4 0.079451
77 5 0.079454
77 6 0.079452
77 7 0.079454
77 8 0.079453
77 9 0.079454
77 10 0.079453
77 11 0.079454
77 12 0.079454
77 13 0.079455
77 14 0.079455
77 15 0.079455
77 16 0.079455
77 17 0.079456
77 18 0.079456
77 19 0.079456
77 20 0.079456
77 21 0.079457
77 22 0.079457
77 23 0.079457
77 24 0.079457
77 25 0.079458
77 26 0.079458
77 27 0.079458
77 28 0.079458
77 29 0.079458
77 30 0.079458
77 31 0.079458
77 32 0.079458
77 33 0.079458
77 34 0.079458
77 35 0.079458
77 36 0.079458
77 37 0.079458
77 38 0.079458
77 39 0.079458
77 40 0.079459
77 41 0.079459
77 42 0.079459
77 43 0.079459
77 44 0.079459
77 45 0.079459
77 46 0.079459
77 47 0.079459
77 48 0.079459
77 49 0.079459
77 50 0.079460
77 51 0.079460
77 52 0.079460
77 53 0.079460
77 54 0.079460
77 55 0.079460
77 56 0.079460
77 57 0.079460
77 58 0.079460
77 59 0.079460
77 60 0.079460
77 61 0.079460
77 62 0.079460
77 63 0.079460
77 64 0.079460
77 65 0.079460
77 66 0.079460
77 67 0.079460
77 68 0.079460
77 69 0.079460
77 70 0.079460
77 71 0.079460
77 72 0.079460
77 73 0.079460
77 74 0.079460
77 75 0.079460
77 76 0.079460
77 77 0.079460
77 78 0.079460
77 79 0.079460
77 80 0.079461
77 81 0.079461
77 82 0.079461
77 83 0.079461
77 84 0.079461
77 85 0.079461
77 86 0.079461
77 87 0.079461
77 88 0.079461
77 89 0.079460
77 90 0.079461
77 91 0.079460
77 92 0.079461
77 93 0.079459
77 94 0.079462
77 95 0.079458
77 96 0.079462
77 97 0.079457
77 98 0.079464
77 99 0.079455

78 0 0.079448
78 1 0.079457
78 2 0.079450
78 3 0.079455
78 4 0.079451
78 5 0.079454
78 6 0.079452
78 7 0.079454
78 8 0.079453
78 9 0.079454
78 10 0.079453
78 11 0.079454
78 12 0.079454
78 13 0.079455
78 14 0.079455
78 15 0.079455
78 16 0.079455
78 17 0.079456
78 18 0.079456
78 19 0.079456
78 20 0.079457
78 21 0.079457
78 22 0.079457
78 23 0.079457
78 24 0.079457
78 25 0.079458
78 26 0.079458
78 27 0.079458
78 28 0.079458
78 29 0.079458
78 30 0.079458
78 31 0.079458
78 32 0.079458
78 33 0.079458
78 34 0.079458
78 35 0.079458
78 36 0.079458
78 37 0.079459
78 38 0.079459
78 39 0.079459
78 40 0.079459
78 41 0.079459
78 42 0.079459
78 43 0.079459
78 44 0.079459
78 45 0.079459
78 46 0.079459
78 47 0.079459
78 48 0.079460
78 49 0.079460
78 50 0.079460
78 51 0.079460
78 52 0.079460
78 53 0.079460
78 54 0.079460
78 55 0.079460
78 56 0.079460
78 57 0.079460
78 58 0.079460
78 59 0.079460
78 60 0.079460
78 61 0.079460
78 62 0.079460
78 63 0.079460
78 64 0.079460
78 65 0.079460
78 66 0.079460
78 67 0.079460
78 68 0.079460
78 69 0.079460
78 70 0.079460
78 71 0.079460
78 72 0.079460
78 73 0.079460
78 74 0.079460
78 75 0.079460
78 76 0.079460
78 77 0.079460
78 78 0.079461
78 79 0.079461
78 80 0.079461
78 81 0.079461
78 82 0.079461
78 83 0.079461
78 84 0.079461
78 85 0.079461
78 86 0.079461
78 87 0.079461
78 88 0.079461
78 89 0.079460
78 90 0.079461
78 91 0.079460
78 92 0.079461
78 93 0.079459
78 94 0.079461
78 95 0.079459
78 96 0.079462
78 97 0.079457
78 98 0.079463
78 99 0.079455

79 0 0.079449
79 1 0.079457
79 2 0.079450
79 3 0.079455
79 4 0.079452
79 5 0.079454
79 6 0.079452
79 7 0.079454
79 8 0.079453
79 9 0.079454
79 10 0.079453
79 11 0.079454
79 12 0.079454
79 13 0.079455
79 14 0.079455
79 15 0.079455
79 16 0.079455
79 17 0.079456
79 18 0.079456
79 19 0.079456
79 20 0.079457
79 21 0.079457
79 22 0.079457
79 23 0.079457
79 24 0.079458
79 25 0.079458
79 26 0.079458
79 27 0.079458
79 28 0.079458
79 29 0.079458
79 30 0.079458
79 31 0.079458
79 32 0.079459
79 33 0.079459
79 34 0.079459
79 35 0.079459
79 36 0.079459
79 37 0.079459
79 38 0.079459
79 39 0.079459
79 40 0.079459
79 41 0.079459
79 42 0.079459
79 43 0.079459
79 44 0.079459
79 45 0.079459
79 46 0.079460
79 47 0.079460
79 48 0.079460
79 49 0.079460
79 50 0.079460
79 51 0.079460
79 52 0.079460
79 53 0.079460
79 54 0.079460
79 55 0.079460
79 56 0.079461
79 57 0.079461
79 58 0.079461
79 59 0.079461
79 60 0.079461
79 61 0.079461
79 62 0.079461
79 63 0.079460
79 64 0.079460
79 65 0.079460
79 66 0.079460
79 67 0.079460
79 68 0.079460
79 69 0.079460
79 70 0.079460
79 71 0.079460
79 72 0.079460
79 73 0.079460
79 74 0.079460
79 75 0.079460
79 76 0.079461
79 77 0.079461
79 78 0.079461
79 79 0.079461
79 80 0.079461
79 81 0.079461
79 82 0.079461
79 83 0.079461
79 84 0.079461
79 85 0.079461
79 86 0.079461
79 87 0.079461
79 88 0.079461
79 89 0.079460
79 90 0.079461
79 91 0.079460
79 92 0.079461
79 93 0.079459
79 94 0.079461
79 95 0.079459
79 96 0.079462
79 97 0.079457
79 98 0.079463
79 99 0.079455

80 0 0.079449
80 1 0.079456
80 2 0.079451
80 3 0.079455
80 4 0.079452
80 5 0.079454
80 6 0.079452
80 7 0.079454
80 8 0.079453
80 9 0.079454
80 10 0.079453
80 11 0.079454
80 12 0.079454
80 13 0.079455
80 14 0.079455
80 15 0.079455
80 16 0.079455
80 17 0.079456
80 18 0.079456
80 19 0.079456
80 20 0.079457
80 21 0.079457
80 22 0.079457
80 23 0.079457
80 24 0.079458
80 25 0.079458
80 26 0.079458
80 27 0.079458
80 28 0.079458
80 29 0.079458
80 30 0.079458
80 31 0.079459
80 32 0.079459
80 33 0.079459
80 34 0.079459
80 35 0.079459
80 36 0.079459
80 37 0.079459
80 38 0.079459
80 39 0.079459
80 40 0.079459
80 41 0.079459
80 42 0.079459
80 43 0.079459
80 44 0.079459
80 45 0.079460
80 46 0.079460
80 47 0.079460
80 48 0.079460
80 49 0.079460
80 50 0.079460
80 51 0.079460
80 52 0.079460
80 53 0.079461
80 54 0.079461
80 55 0.079461
80 56 0.079461
80 57 0.079461
80 58 0.079461
80 59 0.079461
80 60 0.079461
80 61 0.079461
80 62 0.079461
80 63 0.079461
80 64 0.079461
80 65 0.079461
80 66 0.079461
80 67 0.079461
80 68 0.079461
80 69 0.079461
80 70 0.079461
80 71 0.079461
80 72 0.079461
80 73 0.079461
80 74 0.079461
80 75 0.079461
80 76 0.079461
80 77 0.079461
80 78 0.079461
80 79 0.079461
80 80 0.079461
80 81 0.079461
80 82 0.079461
80 83 0.079461
80 84 0.079461
80 85 0.079461
80 86 0.079461
80 87 0.079461
80 88 0.079461
80 89 0.079460
80 90 0.079461
80 91 0.079460
80 92 0.079461
80 93 0.079459
80 94 0.079461
80 95 0.079459
80 96 0.079462
80 97 0.079457
80 98 0.079463
80 99 0.079455

81 0 0.079450
81 1 0.079456
81 2 0.079451
81 3 0.079455
81 4 0.079452
81 5 0.079454
81 6 0.079452
81 7 0.079454
81 8 0.079453
81 9 0.079454
81 10 0.079454
81 11 0.079454
81 12 0.079454
81 13 0.079455
81 14 0.079455
81 15 0.079455
81 16 0.079455
81 17 0.079456
81 18 0.079456
81 19 0.079456
81 20 0.079457
81 21 0.079457
81 22 0.079457
81 23 0.079458
81 24 0.079458
81 25 0.079458
81 26 0.079458
81 27 0.079458
81 28 0.079458
81 29 0.079459
81 30 0.079459
81 31 0.079459
81 32 0.079459
81 33 0.079459
81 34 0.079459
81 35 0.079459
81 36 0.079459
81 37 0.079459
81 38 0.079459
81 39 0.079459
81 40 0.079459
81 41 0.079459
81 42 0.079460
81 43 0.079460
81 44 0.079460
81 45 0.079460
81 46 0.079460
81 47 0.079460
81 48 0.079460
81 49 0.079460
81 50 0.079461
81 51 0.079461
81 52 0.079461
81 53 0.079461
81 54 0.079461
81 55 0.079461
81 56 0.079461
81 57 0.079461
81 58 0.079461
81 59 0.079461
81 60 0.079461
81 61 0.079461
81 62 0.079461
81 63 0.079461
81 64 0.079461
81 65 0.079461
81 66 0.079461
81 67 0.079461
81 68 0.079461
81 69 0.079461
81 70 0.079461
81 71 0.079461
81 72 0.079461
81 73 0.079461
81 74 0.079461
81 75 0.079461
81 76 0.079461
81 77 0.079461
81 78 0.079461
81 79 0.079461
81 80 0.079461
81 81 0.079461
81 82 0.079461
81 83 0.079461
81 84 0.079461
81 85 0.079461
81 86 0.079461
81 87 0.079461
81 88 0.079461
81 89 0.079460
81 90 0.079461
81 91 0.079460
81 92 0.079461
81 93 0.079459
81 94 0.079461
81 95 0.079459
81 96 0.079462
81 97 0.079457
81 98 0.079463
81 99 0.079456

82 0 0.079450
82 1 0.079456
82 2 0.079451
82 3 0.079455
82 4 0.079452
82 5 0.079454
82 6 0.079453
82 7 0.079454
82 8 0.079453
82 9 0.079454
82 10 0.079454
82 11 0.079454
82 12 0.079454
82 13 0.079455
82 14 0.079455
82 15 0.079455
82 16 0.079456
82 17 0.079456
82 18 0.079456
82 19 0.079457
82 20 0.079457
82 21 0.079457
82 22 0.079457
82 23 0.079458
82 24 0.079458
82 25 0.079458
82 26 0.079458
82 27 0.079458
82 28 0.079458
82 29 0.079459
82 30 0.079459
82 31 0.079459
82 32 0.079459
82 33 0.079459
82 34 0.079459
82 35 0.079459
82 36 0.079459
82 37 0.079459
82 38 0.079459
82 39 0.079459
82 40 0.079459
82 41 0.079460
82 42 0.079460
82 43 0.079460
82 44 0.079460
82 45 0.079460
82 46 0.079460
82 47 0.079460
82 48 0.079460
82 49 0.079461
82 50 0.079461
82 51 0.079461
82 52 0.079461
82 53 0.079461
82 54 0.079461
82 55 0.079461
82 56 0.079461
82 57 0.079461
82 58 0.079461
82 59 0.079461
82 60 0.079461
82 61 0.079461
82 62 0.079461
82 63 0.079461
82 64 0.079461
82 65 0.079461
82 66 0.079461
82 67 0.079461
82 68 0.079461
82 69 0.079461
82 70 0.079461
82 71 0.079461
82 72 0.079461
82 73 0.079461
82 74 0.079461
82 75 0.079461
82 76 0.079461
82 77 0.079461
82 78 0.079461
82 79 0.079461
82 80 0.079461
82 81 0.079461
82 82 0.079461
82 83 0.079461
82 84 0.079461
82 85 0.079461
82 86 0.079461
82 87 0.079461
82 88 0.079461
82 89 0.079460
82 90 0.079461
82 91 0.079460
82 92 0.079461
82 93 0.079460
82 94 0.079461
82 95 0.079459
82 96 0.079461
82 97 0.079458
82 98 0.079462
82 99 0.079456

83 0 0.079450
83 1 0.079456
83 2 0.079451
83 3 0.079455
83 4 0.079452
83 5 0.079454
83 6 0.079453
83 7 0.079454
83 8 0.079453
83 9 0.079454
83 10 0.079454
83 11 0.079454
83 12 0.079454
83 13 0.079455
83 14 0.079455
83 15 0.079455
83 16 0.079456
83 17 0.079456
83 18 0.079456
83 19 0.079457
83 20 0.079457
83 21 0.079457
83 22 0.079457
83 23 0.079458
83 24 0.079458
83 25 0.079458
83 26 0.079458
83 27 0.079458
83 28 0.079459
83 29 0.079459
83 30 0.079459
83 31 0.079459
83 32 0.079459
83 33 0.079459
83 34 0.079459
83 35 0.079459
83 36 0.079459
83 37 0.079459
83 38 0.079460
83 39 0.079460
83 40 0.079460
83 41 0.079460
83 42 0.079460
83 43 0.079460
83 44 0.079460
83 45 0.079460
83 46 0.079460
83 47 0.079461
83 48 0.079461
83 49 0.079461
83 50 0.079461
83 51 0.079461
83 52 0.079461
83 53 0.079461
83 54 0.079461
83 55 0.079461
83 56 0.079461
83 57 0.079462
83 58 0.079462
83 59 0.079462
83 60 0.079461
83 61 0.079461
83 62 0.079461
83 63 0.079461
83 64 0.079461
83 65 0.079461
83 66 0.079461
83 67 0.079461
83 68 0.079461
83 69 0.079461
83 70 0.079461
83 71 0.079461
83 72 0.079461
83 73 0.079461
83 74 0.079461
83 75 0.079461
83 76 0.079461
83 77 0.079461
83 78 0.079461
83 79 0.079461
83 80 0.079461
83 81 0.079461
83 82 0.079461
83 83 0.079461
83 84 0.079461
83 85 0.079461
83 86 0.079461
83 87 0.079461
83 88 0.079461
83 89 0.079460
83 90 0.079461
83 91 0.079460
83 92 0.079461
83 93 0.079460
83 94 0.079461
83 95 0.079459
83 96 0.079461
83 97 0.079458
83 98 0.079462
83 99 0.079456

84 0 0.079451
84 1 0.079456
84 2 0.079452
84 3 0.079455
84 4 0.079452
84 5 0.079454
84 6 0.079453
84 7 0.079454
84 8 0.079453
84 9 0.079454
84 10 0.079454
84 11 0.079454
84 12 0.079454
84 13 0.079455
84 14 0.079455
84 15 0.079455
84 16 0.079456
84 17 0.079456
84 18 0.079456
84 19 0.079457
84 20 0.079457
84 21 0.079457
84 22 0.079457
84 23 0.079458
84 24 0.079458
84 25 0.079458
84 26 0.079458
84 27 0.079458
84 28 0.079459
84 29 0.079459
84 30 0.079459
84 31 0.079459
84 32 0.079459
84 33 0.079459
84 34 0.079459
84 35 0.079459
84 36 0.079459
84 37 0.079459
84 38 0.079459
84 39 0.079460
84 40 0.079460
84 41 0.079460
84 42 0.079460
84 43 0.079460
84 44 0.079460
84 45 0.079460
84 46 0.079460
84 47 0.079461
84 48 0.079461
84 49 0.079461
84 50 0.079461
84 51 0.079461
84 52 0.079461
84 53 0.079461
84 54 0.079462
84 55 0.079462
84 56 0.079462
84 57 0.079462
84 58 0.079462
84 59 0.079462
84 60 0.079462
84 61 0.079462
84 62 0.079462
84 63 0.079462
84 64 0.079462
84 65 0.079462
84 66 0.079461
84 67 0.079461
84 68 0.079461
84 69 0.079461
84 70 0.079461
84 71 0.079461
84 72 0.079461
84 73 0.079461
84 74 0.079461
84 75 0.079461
84 76 0.079461
84 77 0.079461
84 78 0.079461
84 79 0.079461
84 80 0.079461
84 81 0.079461
84 82 0.079461
84 83 0.079461
84 84 0.079461
84 85 0.079461
84 86 0.079461
84 87 0.079461
84 88 0.079461
84 89 0.079460
84 90 0.079461
84 91 0.079460
84 92 0.079461
84 93 0.079460
84 94 0.079461
84 95 0.079459
84 96 0.079461
84 97 0.079458
84 98 0.079462
84 99 0.079456

85 0 0.079451
85 1 0.079455
85 2 0.079452
85 3 0.079454
85 4 0.079452
85 5 0.079454
85 6 0.079453
85 7 0.079454
85 8 0.079453
85 9 0.079454
85 10 0.079454
85 11 0.079454
85 12 0.079454
85 13 0.079455
85 14 0.079455
85 15 0.079456
85 16 0.079456
85 17 0.079456
85 18 0.079456
85 19 0.079457
85 20 0.079457
85 21 0.079457
85 22 0.079458
85 23 0.079458
85 24 0.079458
85 25 0.079458
85 26 0.079459
85 27 0.079459
85 28 0.079459
85 29 0.079459
85 30 0.079459
85 31 0.079459
85 32 0.079459
85 33 0.079459
85 34 0.079459
85 35 0.079460
85 36 0.079460
85 37 0.079460
85 38 0.079460
85 39 0.079460
85 40 0.079460
85 41 0.079460
85 42 0.079460
85 43 0.079461
85 44 0.079461
85 45 0.079461
85 46 0.079461
85 47 0.079461
85 48 0.079461
85 49 0.079461
85 50 0.079461
85 51 0.079462
85 52 0.079462
85 53 0.079462
85 54 0.079462
85 55 0.079462
85 56 0.079462
85 57 0.079462
85 58 0.079462
85 59 0.079462
85 60 0.079462
85 61 0.079462
85 62 0.079462
85 63 0.079462
85 64 0.079462
85 65 0.079461
85 66 0.079461
85 67 0.079461
85 68 0.079461
85 69 0.079461
85 70 0.079461
85 71 0.079461
85 72 0.079461
85 73 0.079461
85 74 0.079461
85 75 0.079461
85 76 0.079461
85 77 0.079461
85 78 0.079461
85 79 0.079461
85 80 0.079461
85 81 0.079461
85 82 0.079461
85 83 0.079461
85 84 0.079461
85 85 0.079461
85 86 0.079461
85 87 0.079461
85 88 0.079461
85 89 0.079460
85 90 0.079461
85 91 0.079460
85 92 0.079461
85 93 0.079460
85 94 0.079461
85 95 0.079459
85 96 0.079461
85 97 0.079458
85 98 0.079462
85 99 0.079457

86 0 0.079451
86 1 0.079455
86 2 0.079452
86 3 0.079454
86 4 0.079453
86 5 0.079454
86 6 0.079453
86 7 0.079454
86 8 0.079453
86 9 0.079454
86 10 0.079454
86 11 0.079454
86 12 0.079454
86 13 0.079455
86 14 0.079455
86 15 0.079455
86 16 0.079456
86 17 0.079456
86 18 0.079456
86 19 0.079457
86 20 0.079457
86 21 0.079457
86 22 0.079458
86 23 0.079458
86 24 0.079458
86 25 0.079458
86 26 0.079458
86 27 0.079458
86 28 0.079459
86 29 0.079459
86 30 0.079459
86 31 0.079459
86 32 0.079459
86 33 0.079459
86 34 0.079459
86 35 0.079459
86 36 0.079459
86 37 0.079459
86 38 0.079460
86 39 0.079460
86 40 0.079460
86 41 0.079460
86 42 0.079460
86 43 0.079460
86 44 0.079460
86 45 0.079461
86 46 0.079461
86 47 0.079461
86 48 0.079461
86 49 0.079461
86 50 0.079461
86 51 0.079461
86 52 0.079462
86 53 0.079462
86 54 0.079462
86 55 0.079462
86 56 0.079462
86 57 0.079462
86 58 0.079462
86 59 0.079462
86 60 0.079462
86 61 0.079462
86 62 0.079462
86 63 0.079462
86 64 0.079462
86 65 0.079462
86 66 0.079462
86 67 0.079462
86 68 0.079462
86 69 0.079462
86 70 0.079462
86 71 0.079461
86 72 0.079461
86 73 0.079461
86 74 0.079461
86 75 0.079461
86 76 0.079461
86 77 0.079461
86 78 0.079461
86 79 0.079461
86 80 0.079461
86 81 0.079461
86 82 0.079461
86 83 0.079461
86 84 0.079461
86 85 0.079461
86 86 0.079461
86 87 0.079461
86 88 0.079461
86 89 0.079460
86 90 0.079461
86 91 0.079460
86 92 0.079461
86 93 0.079460
86 94 0.079461
86 95 0.079459
86 96 0.079461
86 97 0.079458
86 98 0.079461
86 99 0.079457

87 0 0.079452
87 1 0.079455
87 2 0.079452
87 3 0.079454
87 4 0.079453
87 5 0.079454
87 6 0.079453
87 7 0.079454
87 8 0.079454
87 9 0.079454
87 10 0.079454
87 11 0.079455
87 12 0.079455
87 13 0.079455
87 14 0.079455
87 15 0.079456
87 16 0.079456
87 17 0.079456
87 18 0.079457
87 19 0.079457
87 20 0.079457
87 21 0.079457
87 22 0.079458
87 23 0.079458
87 24 0.079458
87 25 0.079458
87 26 0.079459
87 27 0.079459
87 28 0.079459
87 29 0.079459
87 30 0.079459
87 31 0.079459
87 32 0.079459
87 33 0.079460
87 34 0.079460
87 35 0.079460
87 36 0.079460
87 37 0.079460
87 38 0.079460
87 39 0.079460
87 40 0.079461
87 41 0.079461
87 42 0.079461
87 43 0.079461
87 44 0.079461
87 45 0.079461
87 46 0.079461
87 47 0.079462
87 48 0.079462
87 49 0.079462
87 50 0.079462
87 51 0.079462
87 52 0.079462
87 53 0.079462
87 54 0.079462
87 55 0.079462
87 56 0.079462
87 57 0.079462
87 58 0.079462
87 59 0.079462
87 60 0.079462
87 61 0.079462
87 62 0.079462
87 63 0.079462
87 64 0.079462
87 65 0.079462
87 66 0.079462
87 67 0.079462
87 68 0.079461
87 69 0.079461
87 70 0.079461
87 71 0.079461
87 72 0.079461
87 73 0.079461
87 74 0.079461
87 75 0.079461
87 76 0.079461
87 77 0.079461
87 78 0.079461
87 79 0.079461
87 80 0.079461
87 81 0.079461
87 82 0.079461
87 83 0.079461
87 84 0.079461
87 85 0.079461
87 86 0.079461
87 87 0.079460
87 88 0.079461
87 89 0.079460
87 90 0.079461
87 91 0.079460
87 92 0.079460
87 93 0.079460
87 94 0.079460
87 95 0.079459
87 96 0.079461
87 97 0.079458
87 98 0.079461
87 99 0.079458

88 0 0.079452
88 1 0.079455
88 2 0.079452
88 3 0.079454
88 4 0.079453
88 5 0.079454
88 6 0.079453
88 7 0.079454
88 8 0.079454
88 9 0.079454
88 10 0.079454
88 11 0.079454
88 12 0.079454
88 13 0.079455
88 14 0.079455
88 15 0.079455
88 16 0.079456
88 17 0.079456
88 18 0.079456
88 19 0.079457
88 20 0.079457
88 21 0.079457
88 22 0.079457
88 23 0.079458
88 24 0.079458
88 25 0.079458
88 26 0.079458
88 27 0.079458
88 28 0.079458
88 29 0.079459
88 30 0.079459
88 31 0.079459
88 32 0.079459
88 33 0.079459
88 34 0.079459
88 35 0.079459
88 36 0.079459
88 37 0.079459
88 38 0.079460
88 39 0.079460
88 40 0.079460
88 41 0.079460
88 42 0.079460
88 43 0.079460
88 44 0.079460
88 45 0.079461
88 46 0.079461
88 47 0.079461
88 48 0.079461
88 49 0.079461
88 50 0.079461
88 51 0.079462
88 52 0.079462
88 53 0.079462
88 54 0.079462
88 55 0.079462
88 56 0.079462
88 57 0.079462
88 58 0.079462
88 59 0.079462
88 60 0.079462
88 61 0.079462
88 62 0.079462
88 63 0.079462
88 64 0.079462
88 65 0.079462
88 66 0.079462
88 67 0.079462
88 68 0.079462
88 69 0.079462
88 70 0.079462
88 71 0.079462
88 72 0.079462
88 73 0.079462
88 74 0.079462
88 75 0.079462
88 76 0.079461
88 77 0.079461
88 78 0.079461
88 79 0.079461
88 80 0.079461
88 81 0.079461
88 82 0.079461
88 83 0.079461
88 84 0.079461
88 85 0.079461
88 86 0.079461
88 87 0.079461
88 88 0.079461
88 89 0.079460
88 90 0.079461
88 91 0.079460
88 92 0.079460
88 93 0.079460
88 94 0.079460
88 95 0.079459
88 96 0.079460
88 97 0.079459
88 98 0.079461
88 99 0.079458

89 0 0.079452
89 1 0.079454
89 2 0.079453
89 3 0.079454
89 4 0.079453
89 5 0.079454
89 6 0.079454
89 7 0.079454
89 8 0.079454
89 9 0.079455
89 10 0.079454
89 11 0.079455
89 12 0.079455
89 13 0.079455
89 14 0.079456
89 15 0.079456
89 16 0.079456
89 17 0.079456
89 18 0.079457
89 19 0.079457
89 20 0.079457
89 21 0.079458
89 22 0.079458
89 23 0.079458
89 24 0.079458
89 25 0.079459
89 26 0.079459
89 27 0.079459
89 28 0.079459
89 29 0.079459
89 30 0.079459
89 31 0.079460
89 32 0.079460
89 33 0.079460
89 34 0.079460
89 35 0.079460
89 36 0.079460
89 37 0.079460
89 38 0.079461
89 39 0.079461
89 40 0.079461
89 41 0.079461
89 42 0.079461
89 43 0.079461
89 44 0.079462
89 45 0.079462
89 46 0.079462
89 47 0.079462
89 48 0.079462
89 49 0.079462
89 50 0.079462
89 51 0.079462
89 52 0.079463
89 53 0.079463
89 54 0.079463
89 55 0.079463
89 56 0.079463
89 57 0.079463
89 58 0.079463
89 59 0.079462
89 60 0.079462
89 61 0.079462
89 62 0.079462
89 63 0.079462
89 64 0.079462
89 65 0.079462
89 66 0.079462
89 67 0.079462
89 68 0.079462
89 69 0.079461
89 70 0.079461
89 71 0.079461
89 72 0.079461
89 73 0.079461
89 74 0.079461
89 75 0.079461
89 76 0.079461
89 77 0.079461
89 78 0.079461
89 79 0.079461
89 80 0.079461
89 81 0.079461
89 82 0.079461
89 83 0.079461
89 84 0.079461
89 85 0.079461
89 86 0.079461
89 87 0.079460
89 88 0.079460
89 89 0.079460
89 90 0.079460
89 91 0.079460
89 92 0.079460
89 93 0.079460
89 94 0.079460
89 95 0.079459
89 96 0.079460
89 97 0.079459
89 98 0.079460
89 99 0.079458

90 0 0.079453
90 1 0.079454
90 2 0.079453
90 3 0.079454
90 4 0.079453
90 5 0.079454
90 6 0.079453
90 7 0.079454
90 8 0.079453
90 9 0.079454
90 10 0.079454
90 11 0.079454
90 12 0.079454
90 13 0.079455
90 14 0.079455
90 15 0.079455
90 16 0.079455
90 17 0.079456
90 18 0.079456
90 19 0.079456
90 20 0.079456
90 21 0.079457
90 22 0.079457
90 23 0.079457
90 24 0.079457
90 25 0.079458
90 26 0.079458
90 27 0.079458
90 28 0.079458
90 29 0.079458
90 30 0.079458
90 31 0.079459
90 32 0.079459
90 33 0.079459
90 34 0.079459
90 35 0.079459
90 36 0.079459
90 37 0.079459
90 38 0.079459
90 39 0.079459
90 40 0.079460
90 41 0.079460
90 42 0.079460
90 43 0.079460
90 44 0.079460
90 45 0.079460
90 46 0.079461
90 47 0.079461
90 48 0.079461
90 49 0.079461
90 50 0.079462
90 51 0.079462
90 52 0.079462
90 53 0.079462
90 54 0.079462
90 55 0.079463
90 56 0.079463
90 57 0.079463
90 58 0.079463
90 59 0.079463
90 60 0.079463
90 61 0.079463
90 62 0.079463
90 63 0.079463
90 64 0.079463
90 65 0.079463
90 66 0.079463
90 67 0.079462
90 68 0.079462
90 69 0.079462
90 70 0.079462
90 71 0.079462
90 72 0.079462
90 73 0.079462
90 74 0.079462
90 75 0.079462
90 76 0.079462
90 77 0.079462
90 78 0.079461
90 79 0.079461
90 80 0.079461
90 81 0.079461
90 82 0.079461
90 83 0.079461
90 84 0.079461
90 85 0.079461
90 86 0.079461
90 87 0.079460
90 88 0.079460
90 89 0.079460
90 90 0.079460
90 91 0.079460
90 92 0.079460
90 93 0.079460
90 94 0.079460
90 95 0.079459
90 96 0.079460
90 97 0.079459
90 98 0.079460
90 99 0.079459

91 0 0.079453
91 1 0.079454
91 2 0.079454
91 3 0.079454
91 4 0.079454
91 5 0.079454
91 6 0.079454
91 7 0.079454
91 8 0.079455
91 9 0.079455
91 10 0.079455
91 11 0.079455
91 12 0.079455
91 13 0.079456
91 14 0.079456
91 15 0.079456
91 16 0.079457
91 17 0.079457
91 18 0.079457
91 19 0.079457
91 20 0.079458
91 21 0.079458
91 22 0.079458
91 23 0.079458
91 24 0.079459
91 25 0.079459
91 26 0.079459
91 27 0.079459
91 28 0.079459
91 29 0.079459
91 30 0.079460
91 31 0.079460
91 32 0.079460
91 33 0.079460
91 34 0.079460
91 35 0.079461
91 36 0.079461
91 37 0.079461
91 38 0.079461
91 39 0.079461
91 40 0.079461
91 41 0.079462
91 42 0.079462
91 43 0.079462
91 44 0.079462
91 45 0.079462
91 46 0.079462
91 47 0.079463
91 48 0.079463
91 49 0.079463
91 50 0.079463
91 51 0.079463
91 52 0.079463
91 53 0.079463
91 54 0.079463
91 55 0.079463
91 56 0.079463
91 57 0.079463
91 58 0.079463
91 59 0.079463
91 60 0.079462
91 61 0.079462
91 62 0.079462
91 63 0.079462
91 64 0.079462
91 65 0.079462
91 66 0.079462
91 67 0.079462
91 68 0.079461
91 69 0.079461
91 70 0.079461
91 71 0.079461
91 72 0.079461
91 73 0.079461
91 74 0.079461
91 75 0.079461
91 76 0.079461
91 77 0.079461
91 78 0.079461
91 79 0.079461
91 80 0.079461
91 81 0.079461
91 82 0.079461
91 83 0.079461
91 84 0.079461
91 85 0.079460
91 86 0.079460
91 87 0.079460
91 88 0.079460
91 89 0.079460
91 90 0.079460
91 91 0.079460
91 92 0.079460
91 93 0.079460
91 94 0.079460
91 95 0.079460
91 96 0.079460
91 97 0.079460
91 98 0.079460
91 99 0.079459

92 0 0.079453
92 1 0.079453
92 2 0.079453
92 3 0.079453
92 4 0.079453
92 5 0.079453
92 6 0.079453
92 7 0.079453
92 8 0.079453
92 9 0.079454
92 10 0.079454
92 11 0.079454
92 12 0.079454
92 13 0.079454
92 14 0.079454
92 15 0.079455
92 16 0.079455
92 17 0.079455
92 18 0.079455
92 19 0.079456
92 20 0.079456
92 21 0.079456
92 22 0.079456
92 23 0.079457
92 24 0.079457
92 25 0.079457
92 26 0.079457
92 27 0.079457
92 28 0.079458
92 29 0.079458
92 30 0.079458
92 31 0.079458
92 32 0.079458
92 33 0.079458
92 34 0.079458
92 35 0.079459
92 36 0.079459
92 37 0.079459
92 38 0.079459
92 39 0.079459
92 40 0.079459
92 41 0.079459
92 42 0.079460
92 43 0.079460
92 44 0.079460
92 45 0.079460
92 46 0.079460
92 47 0.079461
92 48 0.079461
92 49 0.079461
92 50 0.079462
92 51 0.079462
92 52 0.079462
92 53 0.079462
92 54 0.079463
92 55 0.079463
92 56 0.079463
92 57 0.079463
92 58 0.079463
92 59 0.079463
92 60 0.079463
92 61 0.079463
92 62 0.079463
92 63 0.079463
92 64 0.079463
92 65 0.079463
92 66 0.079463
92 67 0.079463
92 68 0.079463
92 69 0.079463
92 70 0.079463
92 71 0.079462
92 72 0.079462
92 73 0.079462
92 74 0.079462
92 75 0.079462
92 76 0.079462
92 77 0.079462
92 78 0.079461
92 79 0.079461
92 80 0.079461
92 81 0.079461
92 82 0.079461
92 83 0.079461
92 84 0.079461
92 85 0.079461
92 86 0.079461
92 87 0.079460
92 88 0.079460
92 89 0.079460
92 90 0.079460
92 91 0.079460
92 92 0.079460
92 93 0.079460
92 94 0.079459
92 95 0.079460
92 96 0.079459
92 97 0.079460
92 98 0.079459
92 99 0.079459

93 0 0.079454
93 1 0.079454
93 2 0.079454
93 3 0.079454
93 4 0.079455
93 5 0.079455
93 6 0.079455
93 7 0.079455
93 8 0.079455
93 9 0.079455
93 10 0.079456
93 11 0.079456
93 12 0.079456
93 13 0.079456
93 14 0.079457
93 15 0.079457
93 16 0.079457
93 17 0.079457
93 18 0.079458
93 19 0.079458
93 20 0.079458
93 21 0.079458
93 22 0.079458
93 23 0.079459
93 24 0.079459
93 25 0.079459
93 26 0.079459
93 27 0.079459
93 28 0.079460
93 29 0.079460
93 30 0.079460
93 31 0.079460
93 32 0.079460
93 33 0.079461
93 34 0.079461
93 35 0.079461
93 36 0.079461
93 37 0.079462
93 38 0.079462
93 39 0.079462
93 40 0.079462
93 41 0.079462
93 42 0.079463
93 43 0.079463
93 44 0.079463
93 45 0.079463
93 46 0.079463
93 47 0.079463
93 48 0.079463
93 49 0.079463
93 50 0.079463
93 51 0.079463
93 52 0.079463
93 53 0.079463
93 54 0.079463
93 55 0.079463
93 56 0.079463
93 57 0.079463
93 58 0.079463
93 59 0.079462
93 60 0.079462
93 61 0.079462
93 62 0.079462
93 63 0.079462
93 64 0.079462
93 65 0.079462
93 66 0.079461
93 67 0.079461
93 68 0.079461
93 69 0.079461
93 70 0.079461
93 71 0.079461
93 72 0.079461
93 73 0.079461
93 74 0.079461
93 75 0.079461
93 76 0.079461
93 77 0.079461
93 78 0.079460
93 79 0.079460
93 80 0.079460
93 81 0.079460
93 82 0.079460
93 83 0.079460
93 84 0.079460
93 85 0.079460
93 86 0.079460
93 87 0.079460
93 88 0.079460
93 89 0.079460
93 90 0.079460
93 91 0.079460
93 92 0.079460
93 93 0.079460
93 94 0.079460
93 95 0.079460
93 96 0.079460
93 97 0.079460
93 98 0.079460
93 99 0.079460

94 0 0.079454
94 1 0.079451
94 2 0.079454
94 3 0.079452
94 4 0.079453
94 5 0.079452
94 6 0.079453
94 7 0.079453
94 8 0.079453
94 9 0.079453
94 10 0.079453
94 11 0.079453
94 12 0.079453
94 13 0.079453
94 14 0.079453
94 15 0.079454
94 16 0.079454
94 17 0.079454
94 18 0.079454
94 19 0.079455
94 20 0.079455
94 21 0.079455
94 22 0.079455
94 23 0.079456
94 24 0.079456
94 25 0.079456
94 26 0.079456
94 27 0.079457
94 28 0.079457
94 29 0.079457
94 30 0.079457
94 31 0.079457
94 32 0.079458
94 33 0.079458
94 34 0.079458
94 35 0.079458
94 36 0.079458
94 37 0.079458
94 38 0.079458
94 39 0.079459
94 40 0.079459
94 41 0.079459
94 42 0.079459
94 43 0.079459
94 44 0.079460
94 45 0.079460
94 46 0.079460
94 47 0.079460
94 48 0.079461
94 49 0.079461
94 50 0.079461
94 51 0.079462
94 52 0.079462
94 53 0.079463
94 54 0.079463
94 55 0.079463
94 56 0.079463
94 57 0.079464
94 58 0.079464
94 59 0.079464
94 60 0.079464
94 61 0.079464
94 62 0.079464
94 63 0.079464
94 64 0.079464
94 65 0.079464
94 66 0.079464
94 67 0.079464
94 68 0.079464
94 69 0.079463
94 70 0.079463
94 71 0.079463
94 72 0.079463
94 73 0.079463
94 74 0.079462
94 75 0.079462
94 76 0.079462
94 77 0.079462
94 78 0.079462
94 79 0.079461
94 80 0.079461
94 81 0.079461
94 82 0.079461
94 83 0.079461
94 84 0.079461
94 85 0.079460
94 86 0.079460
94 87 0.079460
94 88 0.079460
94 89 0.079460
94 90 0.079460
94 91 0.079460
94 92 0.079459
94 93 0.079460
94 94 0.079459
94 95 0.079460
94 96 0.079458
94 97 0.079460
94 98 0.079457
94 99 0.079460

95 0 0.079455
95 1 0.079454
95 2 0.079455
95 3 0.079455
95 4 0.079456
95 5 0.079455
95 6 0.079456
95 7 0.079456
95 8 0.079456
95 9 0.079456
95 10 0.079457
95 11 0.079457
95 12 0.079457
95 13 0.079457
95 14 0.079457
95 15 0.079458
95 16 0.079458
95 17 0.079458
95 18 0.079458
95 19 0.079458
95 20 0.079459
95 21 0.079459
95 22 0.079459
95 23 0.079459
95 24 0.079459
95 25 0.079459
95 26 0.079460
95 27 0.079460
95 28 0.079460
95 29 0.079460
95 30 0.079461
95 31 0.079461
95 32 0.079461
95 33 0.079461
95 34 0.079462
95 35 0.079462
95 36 0.079462
95 37 0.079462
95 38 0.079462
95 39 0.079463
95 40 0.079463
95 41 0.079463
95 42 0.079463
95 43 0.079463
95 44 0.079464
95 45 0.079464
95 46 0.079464
95 47 0.079464
95 48 0.079464
95 49 0.079464
95 50 0.079464
95 51 0.079464
95 52 0.079463
95 53 0.079463
95 54 0.079463
95 55 0.079463
95 56 0.079463
95 57 0.079462
95 58 0.079462
95 59 0.079462
95 60 0.079462
95 61 0.079462
95 62 0.079461
95 63 0.079461
95 64 0.079461
95 65 0.079461
95 66 0.079461
95 67 0.079461
95 68 0.079460
95 69 0.079460
95 70 0.079460
95 71 0.079460
95 72 0.079460
95 73 0.079460
95 74 0.079460
95 75 0.079460
95 76 0.079460
95 77 0.079460
95 78 0.079460
95 79 0.079460
95 80 0.079460
95 81 0.079460
95 82 0.079460
95 83 0.079460
95 84 0.079460
95 85 0.079460
95 86 0.079460
95 87 0.079460
95 88 0.079460
95 89 0.079460
95 90 0.079460
95 91 0.079460
95 92 0.079460
95 93 0.079460
95 94 0.079460
95 95 0.079461
95 96 0.079460
95 97 0.079461
95 98 0.079460
95 99 0.079461

96 0 0.079455
96 1 0.079449
96 2 0.079454
96 3 0.079450
96 4 0.079453
96 5 0.079451
96 6 0.079452
96 7 0.079451
96 8 0.079452
96 9 0.079452
96 10 0.079452
96 11 0.079452
96 12 0.079452
96 13 0.079452
96 14 0.079452
96 15 0.079453
96 16 0.079453
96 17 0.079453
96 18 0.079453
96 19 0.079453
96 20 0.079454
96 21 0.079454
96 22 0.079454
96 23 0.079455
96 24 0.079455
96 25 0.079455
96 26 0.079456
96 27 0.079456
96 28 0.079456
96 29 0.079456
96 30 0.079457
96 31 0.079457
96 32 0.079457
96 33 0.079457
96 34 0.079457
96 35 0.079457
96 36 0.079458
96 37 0.079458
96 38 0.079458
96 39 0.079458
96 40 0.079458
96 41 0.079458
96 42 0.079459
96 43 0.079459
96 44 0.079459
96 45 0.079459
96 46 0.079460
96 47 0.079460
96 48 0.079461
96 49 0.079461
96 50 0.079462
96 51 0.079462
96 52 0.079463
96 53 0.079463
96 54 0.079463
96 55 0.079464
96 56 0.079464
96 57 0.079465
96 58 0.079465
96 59 0.079465
96 60 0.079465
96 61 0.079466
96 62 0.079466
96 63 0.079466
96 64 0.079466
96 65 0.079465
96 66 0.079465
96 67 0.079465
96 68 0.079465
96 69 0.079465
96 70 0.079464
96 71 0.079464
96 72 0.079464
96 73 0.079463
96 74 0.079463
96 75 0.079463
96 76 0.079463
96 77 0.079462
96 78 0.079462
96 79 0.079462
96 80 0.079462
96 81 0.079461
96 82 0.079461
96 83 0.079461
96 84 0.079461
96 85 0.079460
96 86 0.079460
96 87 0.079460
96 88 0.079460
96 89 0.079460
96 90 0.079459
96 91 0.079459
96 92 0.079459
96 93 0.079459
96 94 0.079458
96 95 0.079460
96 96 0.079457
96 97 0.079460
96 98 0.079455
96 99 0.079461

97 0 0.079456
97 1 0.079455
97 2 0.079456
97 3 0.079456
97 4 0.079457
97 5 0.079456
97 6 0.079457
97 7 0.079457
97 8 0.079457
97 9 0.079457
97 10 0.079458
97 11 0.079458
97 12 0.079458
97 13 0.079458
97 14 0.079458
97 15 0.079458
97 16 0.079458
97 17 0.079459
97 18 0.079459
97 19 0.079459
97 20 0.079459
97 21 0.079459
97 22 0.079459
97 23 0.079459
97 24 0.079460
97 25 0.079460
97 26 0.079460
97 27 0.079460
97 28 0.079460
97 29 0.079461
97 30 0.079461
97 31 0.079461
97 32 0.079462
97 33 0.079462
97 34 0.079462
97 35 0.079462
97 36 0.079463
97 37 0.079463
97 38 0.079463
97 39 0.079464
97 40 0.079464
97 41 0.079464
97 42 0.079464
97 43 0.079464
97 44 0.079464
97 45 0.079464
97 46 0.079464
97 47 0.079464
97 48 0.079464
97 49 0.079464
97 50 0.079464
97 51 0.079464
97 52 0.079463
97 53 0.079463
97 54 0.079463
97 55 0.079462
97 56 0.079462
97 57 0.079462
97 58 0.079461
97 59 0.079461
97 60 0.079461
97 61 0.079460
97 62 0.079460
97 63 0.079460
97 64 0.079460
97 65 0.079459
97 66 0.079459
97 67 0.079459
97 68 0.079459
97 69 0.079459
97 70 0.079459
97 71 0.079459
97 72 0.079459
97 73 0.079459
97 74 0.079459
97 75 0.079459
97 76 0.079459
97 77 0.079459
97 78 0.079459
97 79 0.079459
97 80 0.079459
97 81 0.079459
97 82 0.079459
97 83 0.079459
97 84 0.079459
97 85 0.079459
97 86 0.079459
97 87 0.079459
97 88 0.079460
97 89 0.079460
97 90 0.079460
97 91 0.079460
97 92 0.079460
97 93 0.079461
97 94 0.079460
97 95 0.079461
97 96 0.079461
97 97 0.079462
97 98 0.079461
97 99 0.079462

98 0 0.079457
98 1 0.079447
98 2 0.079455
98 3 0.079449
98 4 0.079453
98 5 0.079450
98 6 0.079452
98 7 0.079450
98 8 0.079451
98 9 0.079451
98 10 0.079451
98 11 0.079451
98 12 0.079451
98 13 0.079451
98 14 0.079451
98 15 0.079451
98 16 0.079452
98 17 0.079452
98 18 0.079452
98 19 0.079452
98 20 0.079453
98 21 0.079453
98 22 0.079453
98 23 0.079454
98 24 0.079454
98 25 0.079454
98 26 0.079455
98 27 0.079455
98 28 0.079455
98 29 0.079456
98 30 0.079456
98 31 0.079456
98 32 0.079456
98 33 0.079457
98 34 0.079457
98 35 0.079457
98 36 0.079457
98 37 0.079457
98 38 0.079457
98 39 0.079457
98 40 0.079458
98 41 0.079458
98 42 0.079458
98 43 0.079458
98 44 0.079459
98 45 0.079459
98 46 0.079460
98 47 0.079460
98 48 0.079461
98 49 0.079461
98 50 0.079462
98 51 0.079463
98 52 0.079463
98 53 0.079464
98 54 0.079465
98 55 0.079465
98 56 0.079466
98 57 0.079466
98 58 0.079467
98 59 0.079467
98 60 0.079468
98 61 0.079468
98 62 0.079468
98 63 0.079468
98 64 0.079468
98 65 0.079468
98 66 0.079467
98 67 0.079467
98 68 0.079467
98 69 0.079466
98 70 0.079466
98 71 0.079466
98 72 0.079465
98 73 0.079465
98 74 0.079464
98 75 0.079464
98 76 0.079464
98 77 0.079463
98 78 0.079463
98 79 0.079462
98 80 0.079462
98 81 0.079462
98 82 0.079461
98 83 0.079461
98 84 0.079461
98 85 0.079460
98 86 0.079460
98 87 0.079460
98 88 0.079460
98 89 0.079459
98 90 0.079459
98 91 0.079459
98 92 0.079458
98 93 0.079459
98 94 0.079457
98 95 0.079460
98 96 0.079455
98 97 0.079461
98 98 0.079453
98 99 0.079462

99 0 0.079457
99 1 0.079457
99 2 0.079457
99 3 0.079457
99 4 0.079457
99 5 0.079457
99 6 0.079457
99 7 0.079457
99 8 0.079458
99 9 0.079458
99 10 0.079458
99 11 0.079458
99 12 0.079458
99 13 0.079458
99 14 0.079458
99 15 0.079458
99 16 0.079458
99 17 0.079458
99 18 0.079459
99 19 0.079459
99 20 0.079459
99 21 0.079459
99 22 0.079459
99 23 0.079459
99 24 0.079459
99 25 0.079460
99 26 0.079460
99 27 0.079460
99 28 0.079460
99 29 0.079461
99 30 0.079461
99 31 0.079461
99 32 0.079462
99 33 0.079462
99 34 0.079463
99 35 0.079463
99 36 0.079463
99 37 0.079464
99 38 0.079464
99 39 0.079464
99 40 0.079464
99 41 0.079465
99 42 0.079465
99 43 0.079465
99 44 0.079465
99 45 0.079465
99 46 0.079464
99 47 0.079464
99 48 0.079464
99 49 0.079464
99 50 0.079463
99 51 0.079463
99 52 0.079462
99 53 0.079462
99 54 0.079461
99 55 0.079461
99 56 0.079460
99 57 0.079460
99 58 0.079459
99 59 0.079459
99 60 0.079458
99 61 0.079458
99 62 0.079458
99 63 0.079458
99 64 0.079457
99 65 0.079457
99 66 0.079457
99 67 0.079457
99 68 0.079457
99 69 0.079457
99 70 0.079457
99 71 0.079457
99 72 0.079457
99 73 0.079457
99 74 0.079457
99 75 0.079457
99 76 0.079457
99 77 0.079457
99 78 0.079457
99 79 0.079457
99 80 0.079457
99 81 0.079457
99 82 0.079458
99 83 0.079458
99 84 0.079458
99 85 0.079458
99 86 0.079459
99 87 0.079459
99 88 0.079459
99 89 0.079460
99 90 0.079460
99 91 0.079460
99 92 0.079460
99 93 0.079461
99 94 0.079461
99 95 0.079461
99 96 0.079462
99 97 0.079462
99 98 0.079462
99 99 0.079462

