0 0 0.079446
0 1 0.079446
0 2 0.079446
0 3 0.079447
0 4 0.079447
0 5 0.079447
0 6 0.079447
0 7 0.079448
0 8 0.079448
0 9 0.079448
0 10 0.079448
0 11 0.079448
0 12 0.079449
0 13 0.079449
0 14 0.079449
0 15 0.079448
0 16 0.079448
0 17 0.079448
0 18 0.079448
0 19 0.079448
0 20 0.079447
0 21 0.079447
0 22 0.079447
0 23 0.079446
0 24 0.079446
0 25 0.079446
0 26 0.079445
0 27 0.079445
0 28 0.079445
0 29 0.079444
0 30 0.079444
0 31 0.079444
0 32 0.079444
0 33 0.079444
0 34 0.079444
0 35 0.079444
0 36 0.079444
0 37 0.079444
0 38 0.079444
0 39 0.079444
0 40 0.079445
0 41 0.079445
0 42 0.079445
0 43 0.079445
0 44 0.079445
0 45 0.079445
0 46 0.079444
0 47 0.079444
0 48 0.079444
0 49 0.079443
0 50 0.079443
0 51 0.079442
0 52 0.079441
0 53 0.079441
0 54 0.079440
0 55 0.079439
0 56 0.079439
0 57 0.079439
0 58 0.079438
0 59 0.079438
0 60 0.079438
0 61 0.079438
0 62 0.079438
0 63 0.079438
0 64 0.079438
0 65 0.079439
0 66 0.079439
0 67 0.079440
0 68 0.079440
0 69 0.079441
0 70 0.079442
0 71 0.079442
0 72 0.079443
0 73 0.079444
0 74 0.079444
0 75 0.079445
0 76 0.079445
0 77 0.079446
0 78 0.079446
0 79 0.079446
0 80 0.079447
0 81 0.079447
0 82 0.079448
0 83 0.079448
0 84 0.079449
0 85 0.079449
0 86 0.079449
0 87 0.079449
0 88 0.079450
0 89 0.079450
0 90 0.079450
0 91 0.079450
0 92 0.079451
0 93 0.079451
0 94 0.079451
0 95 0.079452
0 96 0.079452
0 97 0.079452
0 98 0.079453
0 99 0.079453

1 0 0.079446
1 1 0.079450
1 2 0.079449
1 3 0.079450
1 4 0.079450
1 5 0.079451
1 6 0.079451
1 7 0.079451
1 8 0.079452
1 9 0.079452
1 10 0.079452
1 11 0.079452
1 12 0.079451
1 13 0.079451
1 14 0.079451
1 15 0.079451
1 16 0.079450
1 17 0.079450
1 18 0.079450
1 19 0.079449
1 20 0.079449
1 21 0.079448
1 22 0.079448
1 23 0.079448
1 24 0.079447
1 25 0.079447
1 26 0.079447
1 27 0.079446
1 28 0.079446
1 29 0.079446
1 30 0.079445
1 31 0.079445
1 32 0.079445
1 33 0.079445
1 34 0.079444
1 35 0.079444
1 36 0.079444
1 37 0.079443
1 38 0.079443
1 39 0.079443
1 40 0.079443
1 41 0.079442
1 42 0.079442
1 43 0.079442
1 44 0.079441
1 45 0.079441
1 46 0.079441
1 47 0.079440
1 48 0.079440
1 49 0.079440
1 50 0.079440
1 51 0.079440
1 52 0.079439
1 53 0.079439
1 54 0.079439
1 55 0.079439
1 56 0.079439
1 57 0.079439
1 58 0.079439
1 59 0.079439
1 60 0.079440
1 61 0.079440
1 62 0.079440
1 63 0.079440
1 64 0.079441
1 65 0.079441
1 66 0.079442
1 67 0.079442
1 68 0.079442
1 69 0.079443
1 70 0.079443
1 71 0.079444
1 72 0.079445
1 73 0.079445
1 74 0.079446
1 75 0.079446
1 76 0.079447
1 77 0.079447
1 78 0.079448
1 79 0.079448
1 80 0.079449
1 81 0.079449
1 82 0.079450
1 83 0.079450
1 84 0.079451
1 85 0.079451
1 86 0.079452
1 87 0.079452
1 88 0.079452
1 89 0.079452
1 90 0.079453
1 91 0.079453
1 92 0.079453
1 93 0.079453
1 94 0.079454
1 95 0.079454
1 96 0.079454
1 97 0.079454
1 98 0.079456
1 99 0.079453

2 0 0.079446
2 1 0.079449
2 2 0.079448
2 3 0.079449
2 4 0.079449
2 5 0.079449
2 6 0.079449
2 7 0.079450
2 8 0.079450
2 9 0.079450
2 10 0.079450
2 11 0.079450
2 12 0.079450
2 13 0.079450
2 14 0.079450
2 15 0.079450
2 16 0.079449
2 17 0.079449
2 18 0.079449
2 19 0.079448
2 20 0.079448
2 21 0.079448
2 22 0.079448
2 23 0.079447
2 24 0.079447
2 25 0.079447
2 26 0.079446
2 27 0.079446
2 28 0.079446
2 29 0.079446
2 30 0.079445
2 31 0.079445
2 32 0.079445
2 33 0.079445
2 34 0.079444
2 35 0.079444
2 36 0.079444
2 37 0.079444
2 38 0.079444
2 39 0.079443
2 40 0.079443
2 41 0.079443
2 42 0.079443
2 43 0.079443
2 44 0.079443
2 45 0.079442
2 46 0.079442
2 47 0.079442
2 48 0.079442
2 49 0.079441
2 50 0.079441
2 51 0.079441
2 52 0.079441
2 53 0.079440
2 54 0.079440
2 55 0.079440
2 56 0.079440
2 57 0.079440
2 58 0.079440
2 59 0.079440
2 60 0.079440
2 61 0.079440
2 62 0.079440
2 63 0.079440
2 64 0.079441
2 65 0.079441
2 66 0.079441
2 67 0.079442
2 68 0.079442
2 69 0.079443
2 70 0.079443
2 71 0.079444
2 72 0.079444
2 73 0.079445
2 74 0.079445
2 75 0.079446
2 76 0.079446
2 77 0.079447
2 78 0.079447
2 79 0.079448
2 80 0.079448
2 81 0.079449
2 82 0.079449
2 83 0.079450
2 84 0.079450
2 85 0.079450
2 86 0.079451
2 87 0.079451
2 88 0.079451
2 89 0.079452
2 90 0.079452
2 91 0.079452
2 92 0.079452
2 93 0.079453
2 94 0.079453
2 95 0.079453
2 96 0.079454
2 97 0.079453
2 98 0.079455
2 99 0.079453

3 0 0.079447
3 1 0.079451
3 2 0.079449
3 3 0.079450
3 4 0.079450
3 5 0.079451
3 6 0.079451
3 7 0.079451
3 8 0.079451
3 9 0.079451
3 10 0.079451
3 11 0.079451
3 12 0.079451
3 13 0.079451
3 14 0.079451
3 15 0.079450
3 16 0.079450
3 17 0.079450
3 18 0.079450
3 19 0.079449
3 20 0.079449
3 21 0.079449
3 22 0.079448
3 23 0.079448
3 24 0.079448
3 25 0.079447
3 26 0.079447
3 27 0.079447
3 28 0.079447
3 29 0.079446
3 30 0.079446
3 31 0.079446
3 32 0.079445
3 33 0.079445
3 34 0.079445
3 35 0.079445
3 36 0.079444
3 37 0.079444
3 38 0.079444
3 39 0.079443
3 40 0.079443
3 41 0.079443
3 42 0.079442
3 43 0.079442
3 44 0.079442
3 45 0.079442
3 46 0.079441
3 47 0.079441
3 48 0.079441
3 49 0.079441
3 50 0.079441
3 51 0.079441
3 52 0.079440
3 53 0.079440
3 54 0.079440
3 55 0.079440
3 56 0.079440
3 57 0.079440
3 58 0.079440
3 59 0.079441
3 60 0.079441
3 61 0.079441
3 62 0.079441
3 63 0.079441
3 64 0.079442
3 65 0.079442
3 66 0.079442
3 67 0.079443
3 68 0.079443
3 69 0.079444
3 70 0.079444
3 71 0.079445
3 72 0.079445
3 73 0.079446
3 74 0.079446
3 75 0.079447
3 76 0.079447
3 77 0.079448
3 78 0.079448
3 79 0.079449
3 80 0.079449
3 81 0.079450
3 82 0.079450
3 83 0.079451
3 84 0.079451
3 85 0.079451
3 86 0.079452
3 87 0.079452
3 88 0.079452
3 89 0.079453
3 90 0.079453
3 91 0.079453
3 92 0.079453
3 93 0.079454
3 94 0.079454
3 95 0.079454
3 96 0.079455
3 97 0.079454
3 98 0.079457
3 99 0.079454

4 0 0.079447
4 1 0.079451
4 2 0.079449
4 3 0.079450
4 4 0.079450
4 5 0.079451
4 6 0.079451
4 7 0.079451
4 8 0.079451
4 9 0.079451
4 10 0.079451
4 11 0.079451
4 12 0.079451
4 13 0.079451
4 14 0.079451
4 15 0.079450
4 16 0.079450
4 17 0.079450
4 18 0.079449
4 19 0.079449
4 20 0.079449
4 21 0.079449
4 22 0.079448
4 23 0.079448
4 24 0.079448
4 25 0.079447
4 26 0.079447
4 27 0.079447
4 28 0.079447
4 29 0.079446
4 30 0.079446
4 31 0.079446
4 32 0.079446
4 33 0.079445
4 34 0.079445
4 35 0.079445
4 36 0.079444
4 37 0.079444
4 38 0.079444
4 39 0.079443
4 40 0.079443
4 41 0.079443
4 42 0.079442
4 43 0.079442
4 44 0.079442
4 45 0.079442
4 46 0.079442
4 47 0.079441
4 48 0.079441
4 49 0.079441
4 50 0.079441
4 51 0.079441
4 52 0.079441
4 53 0.079441
4 54 0.079441
4 55 0.079441
4 56 0.079441
4 57 0.079441
4 58 0.079441
4 59 0.079441
4 60 0.079441
4 61 0.079441
4 62 0.079442
4 63 0.079442
4 64 0.079442
4 65 0.079442
4 66 0.079443
4 67 0.079443
4 68 0.079444
4 69 0.079444
4 70 0.079444
4 71 0.079445
4 72 0.079445
4 73 0.079446
4 74 0.079446
4 75 0.079447
4 76 0.079447
4 77 0.079448
4 78 0.079448
4 79 0.079449
4 80 0.079449
4 81 0.079450
4 82 0.079450
4 83 0.079451
4 84 0.079451
4 85 0.079452
4 86 0.079452
4 87 0.079452
4 88 0.079453
4 89 0.079453
4 90 0.079453
4 91 0.079453
4 92 0.079454
4 93 0.079454
4 94 0.079454
4 95 0.079454
4 96 0.079455
4 97 0.079454
4 98 0.079457
4 99 0.079454

5 0 0.079448
5 1 0.079452
5 2 0.079449
5 3 0.079451
5 4 0.079451
5 5 0.079451
5 6 0.079451
5 7 0.079451
5 8 0.079451
5 9 0.079452
5 10 0.079452
5 11 0.079452
5 12 0.079451
5 13 0.079451
5 14 0.079451
5 15 0.079451
5 16 0.079450
5 17 0.079450
5 18 0.079450
5 19 0.079449
5 20 0.079449
5 21 0.079449
5 22 0.079449
5 23 0.079448
5 24 0.079448
5 25 0.079448
5 26 0.079448
5 27 0.079447
5 28 0.079447
5 29 0.079447
5 30 0.079447
5 31 0.079446
5 32 0.079446
5 33 0.079446
5 34 0.079445
5 35 0.079445
5 36 0.079445
5 37 0.079444
5 38 0.079444
5 39 0.079443
5 40 0.079443
5 41 0.079443
5 42 0.079442
5 43 0.079442
5 44 0.079442
5 45 0.079442
5 46 0.079441
5 47 0.079441
5 48 0.079441
5 49 0.079441
5 50 0.079441
5 51 0.079441
5 52 0.079441
5 53 0.079441
5 54 0.079441
5 55 0.079441
5 56 0.079441
5 57 0.079441
5 58 0.079441
5 59 0.079441
5 60 0.079442
5 61 0.079442
5 62 0.079442
5 63 0.079442
5 64 0.079443
5 65 0.079443
5 66 0.079443
5 67 0.079444
5 68 0.079444
5 69 0.079444
5 70 0.079445
5 71 0.079445
5 72 0.079446
5 73 0.079446
5 74 0.079447
5 75 0.079447
5 76 0.079448
5 77 0.079448
5 78 0.079449
5 79 0.079449
5 80 0.079450
5 81 0.079450
5 82 0.079451
5 83 0.079451
5 84 0.079452
5 85 0.079452
5 86 0.079452
5 87 0.079453
5 88 0.079453
5 89 0.079453
5 90 0.079454
5 91 0.079454
5 92 0.079454
5 93 0.079454
5 94 0.079455
5 95 0.079455
5 96 0.079456
5 97 0.079455
5 98 0.079457
5 99 0.079454

6 0 0.079448
6 1 0.079452
6 2 0.079450
6 3 0.079451
6 4 0.079451
6 5 0.079452
6 6 0.079452
6 7 0.079452
6 8 0.079452
6 9 0.079452
6 10 0.079452
6 11 0.079452
6 12 0.079452
6 13 0.079452
6 14 0.079451
6 15 0.079451
6 16 0.079451
6 17 0.079450
6 18 0.079450
6 19 0.079450
6 20 0.079449
6 21 0.079449
6 22 0.079449
6 23 0.079449
6 24 0.079448
6 25 0.079448
6 26 0.079448
6 27 0.079448
6 28 0.079447
6 29 0.079447
6 30 0.079447
6 31 0.079447
6 32 0.079446
6 33 0.079446
6 34 0.079446
6 35 0.079445
6 36 0.079445
6 37 0.079444
6 38 0.079444
6 39 0.079444
6 40 0.079443
6 41 0.079443
6 42 0.079442
6 43 0.079442
6 44 0.079442
6 45 0.079442
6 46 0.079441
6 47 0.079441
6 48 0.079441
6 49 0.079441
6 50 0.079441
6 51 0.079441
6 52 0.079441
6 53 0.079441
6 54 0.079441
6 55 0.079441
6 56 0.079441
6 57 0.079441
6 58 0.079442
6 59 0.079442
6 60 0.079442
6 61 0.079442
6 62 0.079442
6 63 0.079443
6 64 0.079443
6 65 0.079443
6 66 0.079444
6 67 0.079444
6 68 0.079444
6 69 0.079445
6 70 0.079445
6 71 0.079446
6 72 0.079446
6 73 0.079447
6 74 0.079447
6 75 0.079448
6 76 0.079448
6 77 0.079449
6 78 0.079449
6 79 0.079450
6 80 0.079450
6 81 0.079451
6 82 0.079451
6 83 0.079452
6 84 0.079452
6 85 0.079453
6 86 0.079453
6 87 0.079453
6 88 0.079454
6 89 0.079454
6 90 0.079454
6 91 0.079454
6 92 0.079455
6 93 0.079455
6 94 0.079455
6 95 0.079455
6 96 0.079456
6 97 0.079455
6 98 0.079458
6 99 0.079455

7 0 0.079448
7 1 0.079452
7 2 0.079450
7 3 0.079452
7 4 0.079451
7 5 0.079452
7 6 0.079452
7 7 0.079452
7 8 0.079452
7 9 0.079452
7 10 0.079452
7 11 0.079452
7 12 0.079452
7 13 0.079452
7 14 0.079451
7 15 0.079451
7 16 0.079451
7 17 0.079450
7 18 0.079450
7 19 0.079450
7 20 0.079449
7 21 0.079449
7 22 0.079449
7 23 0.079449
7 24 0.079448
7 25 0.079448
7 26 0.079448
7 27 0.079448
7 28 0.079448
7 29 0.079447
7 30 0.079447
7 31 0.079447
7 32 0.079447
7 33 0.079446
7 34 0.079446
7 35 0.079445
7 36 0.079445
7 37 0.079444
7 38 0.079444
7 39 0.079444
7 40 0.079443
7 41 0.079443
7 42 0.079442
7 43 0.079442
7 44 0.079442
7 45 0.079442
7 46 0.079441
7 47 0.079441
7 48 0.079441
7 49 0.079441
7 50 0.079441
7 51 0.079441
7 52 0.079441
7 53 0.079441
7 54 0.079441
7 55 0.079441
7 56 0.079442
7 57 0.079442
7 58 0.079442
7 59 0.079442
7 60 0.079442
7 61 0.079442
7 62 0.079443
7 63 0.079443
7 64 0.079443
7 65 0.079444
7 66 0.079444
7 67 0.079444
7 68 0.079445
7 69 0.079445
7 70 0.079446
7 71 0.079446
7 72 0.079447
7 73 0.079447
7 74 0.079447
7 75 0.079448
7 76 0.079448
7 77 0.079449
7 78 0.079449
7 79 0.079450
7 80 0.079450
7 81 0.079451
7 82 0.079451
7 83 0.079452
7 84 0.079452
7 85 0.079453
7 86 0.079453
7 87 0.079454
7 88 0.079454
7 89 0.079454
7 90 0.079455
7 91 0.079455
7 92 0.079455
7 93 0.079455
7 94 0.079456
7 95 0.079456
7 96 0.079456
7 97 0.079455
7 98 0.079458
7 99 0.079455

8 0 0.079449
8 1 0.079453
8 2 0.079451
8 3 0.079452
8 4 0.079452
8 5 0.079452
8 6 0.079452
8 7 0.079452
8 8 0.079452
8 9 0.079453
8 10 0.079452
8 11 0.079452
8 12 0.079452
8 13 0.079452
8 14 0.079452
8 15 0.079451
8 16 0.079451
8 17 0.079451
8 18 0.079450
8 19 0.079450
8 20 0.079450
8 21 0.079449
8 22 0.079449
8 23 0.079449
8 24 0.079449
8 25 0.079448
8 26 0.079448
8 27 0.079448
8 28 0.079448
8 29 0.079448
8 30 0.079447
8 31 0.079447
8 32 0.079447
8 33 0.079446
8 34 0.079446
8 35 0.079446
8 36 0.079445
8 37 0.079445
8 38 0.079444
8 39 0.079444
8 40 0.079443
8 41 0.079443
8 42 0.079442
8 43 0.079442
8 44 0.079442
8 45 0.079442
8 46 0.079442
8 47 0.079441
8 48 0.079441
8 49 0.079441
8 50 0.079441
8 51 0.079441
8 52 0.079441
8 53 0.079441
8 54 0.079441
8 55 0.079442
8 56 0.079442
8 57 0.079442
8 58 0.079442
8 59 0.079442
8 60 0.079442
8 61 0.079443
8 62 0.079443
8 63 0.079443
8 64 0.079443
8 65 0.079444
8 66 0.079444
8 67 0.079444
8 68 0.079445
8 69 0.079445
8 70 0.079446
8 71 0.079446
8 72 0.079447
8 73 0.079447
8 74 0.079448
8 75 0.079448
8 76 0.079449
8 77 0.079449
8 78 0.079450
8 79 0.079450
8 80 0.079451
8 81 0.079451
8 82 0.079452
8 83 0.079452
8 84 0.079453
8 85 0.079453
8 86 0.079454
8 87 0.079454
8 88 0.079454
8 89 0.079455
8 90 0.079455
8 91 0.079455
8 92 0.079455
8 93 0.079456
8 94 0.079456
8 95 0.079456
8 96 0.079457
8 97 0.079456
8 98 0.079458
8 99 0.079455

9 0 0.079449
9 1 0.079453
9 2 0.079451
9 3 0.079452
9 4 0.079452
9 5 0.079452
9 6 0.079452
9 7 0.079453
9 8 0.079453
9 9 0.079453
9 10 0.079453
9 11 0.079452
9 12 0.079452
9 13 0.079452
9 14 0.079452
9 15 0.079451
9 16 0.079451
9 17 0.079451
9 18 0.079450
9 19 0.079450
9 20 0.079450
9 21 0.079449
9 22 0.079449
9 23 0.079449
9 24 0.079449
9 25 0.079448
9 26 0.079448
9 27 0.079448
9 28 0.079448
9 29 0.079448
9 30 0.079447
9 31 0.079447
9 32 0.079447
9 33 0.079446
9 34 0.079446
9 35 0.079446
9 36 0.079445
9 37 0.079445
9 38 0.079444
9 39 0.079444
9 40 0.079443
9 41 0.079443
9 42 0.079442
9 43 0.079442
9 44 0.079442
9 45 0.079442
9 46 0.079442
9 47 0.079442
9 48 0.079441
9 49 0.079441
9 50 0.079441
9 51 0.079441
9 52 0.079442
9 53 0.079442
9 54 0.079442
9 55 0.079442
9 56 0.079442
9 57 0.079442
9 58 0.079442
9 59 0.079442
9 60 0.079443
9 61 0.079443
9 62 0.079443
9 63 0.079443
9 64 0.079444
9 65 0.079444
9 66 0.079444
9 67 0.079445
9 68 0.079445
9 69 0.079446
9 70 0.079446
9 71 0.079446
9 72 0.079447
9 73 0.079447
9 74 0.079448
9 75 0.079448
9 76 0.079449
9 77 0.079449
9 78 0.079450
9 79 0.079450
9 80 0.079451
9 81 0.079451
9 82 0.079452
9 83 0.079452
9 84 0.079453
9 85 0.079453
9 86 0.079454
9 87 0.079454
9 88 0.079454
9 89 0.079455
9 90 0.079455
9 91 0.079455
9 92 0.079456
9 93 0.079456
9 94 0.079456
9 95 0.079456
9 96 0.079457
9 97 0.079456
9 98 0.079458
9 99 0.079455

10 0 0.079450
10 1 0.079453
10 2 0.079451
10 3 0.079452
10 4 0.079452
10 5 0.079452
10 6 0.079452
10 7 0.079453
10 8 0.079453
10 9 0.079453
10 10 0.079453
10 11 0.079452
10 12 0.079452
10 13 0.079452
10 14 0.079452
10 15 0.079451
10 16 0.079451
10 17 0.079451
10 18 0.079450
10 19 0.079450
10 20 0.079450
10 21 0.079449
10 22 0.079449
10 23 0.079449
10 24 0.079449
10 25 0.079448
10 26 0.079448
10 27 0.079448
10 28 0.079448
10 29 0.079448
10 30 0.079447
10 31 0.079447
10 32 0.079447
10 33 0.079446
10 34 0.079446
10 35 0.079446
10 36 0.079445
10 37 0.079445
10 38 0.079444
10 39 0.079444
10 40 0.079443
10 41 0.079443
10 42 0.079443
10 43 0.079442
10 44 0.079442
10 45 0.079442
10 46 0.079442
10 47 0.079442
10 48 0.079442
10 49 0.079442
10 50 0.079442
10 51 0.079442
10 52 0.079442
10 53 0.079442
10 54 0.079442
10 55 0.079442
10 56 0.079442
10 57 0.079442
10 58 0.079442
10 59 0.079443
10 60 0.079443
10 61 0.079443
10 62 0.079443
10 63 0.079443
10 64 0.079444
10 65 0.079444
10 66 0.079444
10 67 0.079445
10 68 0.079445
10 69 0.079446
10 70 0.079446
10 71 0.079447
10 72 0.079447
10 73 0.079447
10 74 0.079448
10 75 0.079448
10 76 0.079449
10 77 0.079449
10 78 0.079450
10 79 0.079450
10 80 0.079451
10 81 0.079452
10 82 0.079452
10 83 0.079453
10 84 0.079453
10 85 0.079454
10 86 0.079454
10 87 0.079454
10 88 0.079455
10 89 0.079455
10 90 0.079456
10 91 0.079456
10 92 0.079456
10 93 0.079456
10 94 0.079456
10 95 0.079456
10 96 0.079457
10 97 0.079456
10 98 0.079458
10 99 0.079455

11 0 0.079449
11 1 0.079453
11 2 0.079451
11 3 0.079452
11 4 0.079452
11 5 0.079453
11 6 0.079453
11 7 0.079453
11 8 0.079453
11 9 0.079453
11 10 0.079453
11 11 0.079453
11 12 0.079452
11 13 0.079452
11 14 0.079452
11 15 0.079451
11 16 0.079451
11 17 0.079451
11 18 0.079450
11 19 0.079450
11 20 0.079450
11 21 0.079449
11 22 0.079449
11 23 0.079449
11 24 0.079449
11 25 0.079448
11 26 0.079448
11 27 0.079448
11 28 0.079448
11 29 0.079448
11 30 0.079447
11 31 0.079447
11 32 0.079447
11 33 0.079446
11 34 0.079446
11 35 0.079446
11 36 0.079445
11 37 0.079445
11 38 0.079444
11 39 0.079444
11 40 0.079443
11 41 0.079443
11 42 0.079443
11 43 0.079442
11 44 0.079442
11 45 0.079442
11 46 0.079442
11 47 0.079442
11 48 0.079442
11 49 0.079442
11 50 0.079442
11 51 0.079442
11 52 0.079442
11 53 0.079442
11 54 0.079442
11 55 0.079442
11 56 0.079442
11 57 0.079442
11 58 0.079442
11 59 0.079443
11 60 0.079443
11 61 0.079443
11 62 0.079443
11 63 0.079444
11 64 0.079444
11 65 0.079444
11 66 0.079444
11 67 0.079445
11 68 0.079445
11 69 0.079446
11 70 0.079446
11 71 0.079447
11 72 0.079447
11 73 0.079448
11 74 0.079448
11 75 0.079449
11 76 0.079449
11 77 0.079450
11 78 0.079450
11 79 0.079451
11 80 0.079451
11 81 0.079452
11 82 0.079452
11 83 0.079453
11 84 0.079453
11 85 0.079454
11 86 0.079454
11 87 0.079454
11 88 0.079455
11 89 0.079455
11 90 0.079455
11 91 0.079456
11 92 0.079456
11 93 0.079456
11 94 0.079456
11 95 0.079456
11 96 0.079457
11 97 0.079456
11 98 0.079458
11 99 0.079455

12 0 0.079450
12 1 0.079453
12 2 0.079451
12 3 0.079452
12 4 0.079452
12 5 0.079452
12 6 0.079452
12 7 0.079453
12 8 0.079453
12 9 0.079453
12 10 0.079453
12 11 0.079452
12 12 0.079452
12 13 0.079452
12 14 0.079452
12 15 0.079451
12 16 0.079451
12 17 0.079450
12 18 0.079450
12 19 0.079450
12 20 0.079450
12 21 0.079449
12 22 0.079449
12 23 0.079449
12 24 0.079449
12 25 0.079448
12 26 0.079448
12 27 0.079448
12 28 0.079448
12 29 0.079448
12 30 0.079447
12 31 0.079447
12 32 0.079447
12 33 0.079446
12 34 0.079446
12 35 0.079446
12 36 0.079445
12 37 0.079445
12 38 0.079444
12 39 0.079444
12 40 0.079443
12 41 0.079443
12 42 0.079443
12 43 0.079442
12 44 0.079442
12 45 0.079442
12 46 0.079442
12 47 0.079442
12 48 0.079442
12 49 0.079442
12 50 0.079442
12 51 0.079442
12 52 0.079442
12 53 0.079442
12 54 0.079442
12 55 0.079442
12 56 0.079442
12 57 0.079442
12 58 0.079443
12 59 0.079443
12 60 0.079443
12 61 0.079443
12 62 0.079443
12 63 0.079444
12 64 0.079444
12 65 0.079444
12 66 0.079444
12 67 0.079445
12 68 0.079445
12 69 0.079446
12 70 0.079446
12 71 0.079447
12 72 0.079447
12 73 0.079448
12 74 0.079448
12 75 0.079448
12 76 0.079449
12 77 0.079449
12 78 0.079450
12 79 0.079450
12 80 0.079451
12 81 0.079452
12 82 0.079452
12 83 0.079453
12 84 0.079453
12 85 0.079454
12 86 0.079454
12 87 0.079455
12 88 0.079455
12 89 0.079455
12 90 0.079456
12 91 0.079456
12 92 0.079456
12 93 0.079456
12 94 0.079457
12 95 0.079456
12 96 0.079457
12 97 0.079456
12 98 0.079458
12 99 0.079455

13 0 0.079450
13 1 0.079453
13 2 0.079451
13 3 0.079452
13 4 0.079452
13 5 0.079452
13 6 0.079452
13 7 0.079453
13 8 0.079452
13 9 0.079452
13 10 0.079452
13 11 0.079452
13 12 0.079452
13 13 0.079452
13 14 0.079451
13 15 0.079451
13 16 0.079451
13 17 0.079450
13 18 0.079450
13 19 0.079450
13 20 0.079449
13 21 0.079449
13 22 0.079449
13 23 0.079449
13 24 0.079448
13 25 0.079448
13 26 0.079448
13 27 0.079448
13 28 0.079448
13 29 0.079448
13 30 0.079447
13 31 0.079447
13 32 0.079447
13 33 0.079446
13 34 0.079446
13 35 0.079445
13 36 0.079445
13 37 0.079444
13 38 0.079444
13 39 0.079444
13 40 0.079443
13 41 0.079443
13 42 0.079443
13 43 0.079443
13 44 0.079442
13 45 0.079442
13 46 0.079442
13 47 0.079442
13 48 0.079442
13 49 0.079442
13 50 0.079442
13 51 0.079442
13 52 0.079442
13 53 0.079442
13 54 0.079442
13 55 0.079442
13 56 0.079442
13 57 0.079443
13 58 0.079443
13 59 0.079443
13 60 0.079443
13 61 0.079443
13 62 0.079443
13 63 0.079444
13 64 0.079444
13 65 0.079444
13 66 0.079445
13 67 0.079445
13 68 0.079445
13 69 0.079446
13 70 0.079446
13 71 0.079447
13 72 0.079447
13 73 0.079447
13 74 0.079448
13 75 0.079448
13 76 0.079449
13 77 0.079449
13 78 0.079450
13 79 0.079450
13 80 0.079451
13 81 0.079452
13 82 0.079452
13 83 0.079453
13 84 0.079453
13 85 0.079454
13 86 0.079454
13 87 0.079455
13 88 0.079455
13 89 0.079455
13 90 0.079456
13 91 0.079456
13 92 0.079456
13 93 0.079456
13 94 0.079457
13 95 0.079456
13 96 0.079457
13 97 0.079456
13 98 0.079458
13 99 0.079455

14 0 0.079450
14 1 0.079453
14 2 0.079451
14 3 0.079452
14 4 0.079452
14 5 0.079452
14 6 0.079452
14 7 0.079452
14 8 0.079452
14 9 0.079452
14 10 0.079452
14 11 0.079452
14 12 0.079452
14 13 0.079452
14 14 0.079451
14 15 0.079451
14 16 0.079450
14 17 0.079450
14 18 0.079450
14 19 0.079449
14 20 0.079449
14 21 0.079449
14 22 0.079449
14 23 0.079449
14 24 0.079448
14 25 0.079448
14 26 0.079448
14 27 0.079448
14 28 0.079448
14 29 0.079447
14 30 0.079447
14 31 0.079447
14 32 0.079447
14 33 0.079446
14 34 0.079446
14 35 0.079445
14 36 0.079445
14 37 0.079444
14 38 0.079444
14 39 0.079444
14 40 0.079443
14 41 0.079443
14 42 0.079443
14 43 0.079443
14 44 0.079443
14 45 0.079442
14 46 0.079442
14 47 0.079442
14 48 0.079442
14 49 0.079442
14 50 0.079442
14 51 0.079442
14 52 0.079442
14 53 0.079442
14 54 0.079443
14 55 0.079443
14 56 0.079443
14 57 0.079443
14 58 0.079443
14 59 0.079443
14 60 0.079443
14 61 0.079443
14 62 0.079443
14 63 0.079444
14 64 0.079444
14 65 0.079444
14 66 0.079445
14 67 0.079445
14 68 0.079445
14 69 0.079446
14 70 0.079446
14 71 0.079447
14 72 0.079447
14 73 0.079447
14 74 0.079448
14 75 0.079448
14 76 0.079449
14 77 0.079449
14 78 0.079450
14 79 0.079450
14 80 0.079451
14 81 0.079451
14 82 0.079452
14 83 0.079453
14 84 0.079453
14 85 0.079454
14 86 0.079454
14 87 0.079455
14 88 0.079455
14 89 0.079455
14 90 0.079456
14 91 0.079456
14 92 0.079456
14 93 0.079456
14 94 0.079457
14 95 0.079456
14 96 0.079457
14 97 0.079456
14 98 0.079458
14 99 0.079455

15 0 0.079450
15 1 0.079452
15 2 0.079451
15 3 0.079452
15 4 0.079452
15 5 0.079452
15 6 0.079452
15 7 0.079452
15 8 0.079452
15 9 0.079452
15 10 0.079452
15 11 0.079452
15 12 0.079452
15 13 0.079451
15 14 0.079451
15 15 0.079451
15 16 0.079450
15 17 0.079450
15 18 0.079450
15 19 0.079449
15 20 0.079449
15 21 0.079449
15 22 0.079449
15 23 0.079448
15 24 0.079448
15 25 0.079448
15 26 0.079448
15 27 0.079448
15 28 0.079447
15 29 0.079447
15 30 0.079447
15 31 0.079447
15 32 0.079446
15 33 0.079446
15 34 0.079446
15 35 0.079445
15 36 0.079445
15 37 0.079444
15 38 0.079444
15 39 0.079444
15 40 0.079443
15 41 0.079443
15 42 0.079443
15 43 0.079443
15 44 0.079443
15 45 0.079443
15 46 0.079443
15 47 0.079443
15 48 0.079443
15 49 0.079443
15 50 0.079443
15 51 0.079443
15 52 0.079443
15 53 0.079443
15 54 0.079443
15 55 0.079443
15 56 0.079443
15 57 0.079443
15 58 0.079443
15 59 0.079443
15 60 0.079443
15 61 0.079443
15 62 0.079444
15 63 0.079444
15 64 0.079444
15 65 0.079444
15 66 0.079445
15 67 0.079445
15 68 0.079445
15 69 0.079446
15 70 0.079446
15 71 0.079447
15 72 0.079447
15 73 0.079447
15 74 0.079448
15 75 0.079448
15 76 0.079449
15 77 0.079449
15 78 0.079450
15 79 0.079450
15 80 0.079451
15 81 0.079451
15 82 0.079452
15 83 0.079453
15 84 0.079453
15 85 0.079454
15 86 0.079454
15 87 0.079455
15 88 0.079455
15 89 0.079455
15 90 0.079456
15 91 0.079456
15 92 0.079456
15 93 0.079456
15 94 0.079457
15 95 0.079457
15 96 0.079457
15 97 0.079456
15 98 0.079458
15 99 0.079456

16 0 0.079450
16 1 0.079452
16 2 0.079451
16 3 0.079452
16 4 0.079452
16 5 0.079452
16 6 0.079452
16 7 0.079452
16 8 0.079452
16 9 0.079452
16 10 0.079452
16 11 0.079452
16 12 0.079451
16 13 0.079451
16 14 0.079451
16 15 0.079450
16 16 0.079450
16 17 0.079450
16 18 0.079449
16 19 0.079449
16 20 0.079449
16 21 0.079449
16 22 0.079448
16 23 0.079448
16 24 0.079448
16 25 0.079448
16 26 0.079448
16 27 0.079448
16 28 0.079447
16 29 0.079447
16 30 0.079447
16 31 0.079447
16 32 0.079446
16 33 0.079446
16 34 0.079446
16 35 0.079445
16 36 0.079445
16 37 0.079444
16 38 0.079444
16 39 0.079444
16 40 0.079443
16 41 0.079443
16 42 0.079443
16 43 0.079443
16 44 0.079443
16 45 0.079443
16 46 0.079443
16 47 0.079443
16 48 0.079443
16 49 0.079443
16 50 0.079443
16 51 0.079443
16 52 0.079443
16 53 0.079443
16 54 0.079443
16 55 0.079443
16 56 0.079443
16 57 0.079443
16 58 0.079443
16 59 0.079443
16 60 0.079443
16 61 0.079443
16 62 0.079444
16 63 0.079444
16 64 0.079444
16 65 0.079444
16 66 0.079445
16 67 0.079445
16 68 0.079445
16 69 0.079446
16 70 0.079446
16 71 0.079447
16 72 0.079447
16 73 0.079447
16 74 0.079448
16 75 0.079448
16 76 0.079449
16 77 0.079449
16 78 0.079450
16 79 0.079450
16 80 0.079451
16 81 0.079451
16 82 0.079452
16 83 0.079453
16 84 0.079453
16 85 0.079454
16 86 0.079454
16 87 0.079455
16 88 0.079455
16 89 0.079455
16 90 0.079456
16 91 0.079456
16 92 0.079456
16 93 0.079456
16 94 0.079457
16 95 0.079456
16 96 0.079457
16 97 0.079456
16 98 0.079458
16 99 0.079456

17 0 0.079450
17 1 0.079452
17 2 0.079451
17 3 0.079452
17 4 0.079451
17 5 0.079452
17 6 0.079452
17 7 0.079452
17 8 0.079452
17 9 0.079452
17 10 0.079452
17 11 0.079451
17 12 0.079451
17 13 0.079451
17 14 0.079451
17 15 0.079450
17 16 0.079450
17 17 0.079450
17 18 0.079449
17 19 0.079449
17 20 0.079449
17 21 0.079449
17 22 0.079448
17 23 0.079448
17 24 0.079448
17 25 0.079448
17 26 0.079448
17 27 0.079447
17 28 0.079447
17 29 0.079447
17 30 0.079447
17 31 0.079447
17 32 0.079446
17 33 0.079446
17 34 0.079445
17 35 0.079445
17 36 0.079445
17 37 0.079444
17 38 0.079444
17 39 0.079444
17 40 0.079443
17 41 0.079443
17 42 0.079443
17 43 0.079443
17 44 0.079443
17 45 0.079443
17 46 0.079443
17 47 0.079443
17 48 0.079443
17 49 0.079443
17 50 0.079443
17 51 0.079443
17 52 0.079443
17 53 0.079443
17 54 0.079443
17 55 0.079443
17 56 0.079443
17 57 0.079443
17 58 0.079443
17 59 0.079443
17 60 0.079444
17 61 0.079444
17 62 0.079444
17 63 0.079444
17 64 0.079444
17 65 0.079444
17 66 0.079445
17 67 0.079445
17 68 0.079445
17 69 0.079446
17 70 0.079446
17 71 0.079447
17 72 0.079447
17 73 0.079447
17 74 0.079448
17 75 0.079448
17 76 0.079449
17 77 0.079449
17 78 0.079450
17 79 0.079450
17 80 0.079451
17 81 0.079451
17 82 0.079452
17 83 0.079453
17 84 0.079453
17 85 0.079454
17 86 0.079454
17 87 0.079454
17 88 0.079455
17 89 0.079455
17 90 0.079456
17 91 0.079456
17 92 0.079456
17 93 0.079456
17 94 0.079457
17 95 0.079456
17 96 0.079457
17 97 0.079456
17 98 0.079458
17 99 0.079456

18 0 0.079450
18 1 0.079452
18 2 0.079451
18 3 0.079452
18 4 0.079451
18 5 0.079452
18 6 0.079452
18 7 0.079452
18 8 0.079452
18 9 0.079452
18 10 0.079451
18 11 0.079451
18 12 0.079451
18 13 0.079451
18 14 0.079450
18 15 0.079450
18 16 0.079450
18 17 0.079449
18 18 0.079449
18 19 0.079449
18 20 0.079449
18 21 0.079448
18 22 0.079448
18 23 0.079448
18 24 0.079448
18 25 0.079448
18 26 0.079448
18 27 0.079447
18 28 0.079447
18 29 0.079447
18 30 0.079447
18 31 0.079446
18 32 0.079446
18 33 0.079446
18 34 0.079445
18 35 0.079445
18 36 0.079445
18 37 0.079444
18 38 0.079444
18 39 0.079444
18 40 0.079444
18 41 0.079443
18 42 0.079443
18 43 0.079443
18 44 0.079443
18 45 0.079443
18 46 0.079443
18 47 0.079443
18 48 0.079444
18 49 0.079444
18 50 0.079444
18 51 0.079444
18 52 0.079444
18 53 0.079444
18 54 0.079444
18 55 0.079443
18 56 0.079443
18 57 0.079443
18 58 0.079444
18 59 0.079444
18 60 0.079444
18 61 0.079444
18 62 0.079444
18 63 0.079444
18 64 0.079444
18 65 0.079445
18 66 0.079445
18 67 0.079445
18 68 0.079446
18 69 0.079446
18 70 0.079446
18 71 0.079447
18 72 0.079447
18 73 0.079447
18 74 0.079448
18 75 0.079448
18 76 0.079449
18 77 0.079449
18 78 0.079450
18 79 0.079450
18 80 0.079451
18 81 0.079451
18 82 0.079452
18 83 0.079453
18 84 0.079453
18 85 0.079454
18 86 0.079454
18 87 0.079455
18 88 0.079455
18 89 0.079455
18 90 0.079456
18 91 0.079456
18 92 0.079456
18 93 0.079456
18 94 0.079457
18 95 0.079456
18 96 0.079457
18 97 0.079456
18 98 0.079458
18 99 0.079456

19 0 0.079450
19 1 0.079451
19 2 0.079451
19 3 0.079451
19 4 0.079451
19 5 0.079451
19 6 0.079451
19 7 0.079452
19 8 0.079452
19 9 0.079451
19 10 0.079451
19 11 0.079451
19 12 0.079451
19 13 0.079451
19 14 0.079450
19 15 0.079450
19 16 0.079450
19 17 0.079449
19 18 0.079449
19 19 0.079449
19 20 0.079449
19 21 0.079448
19 22 0.079448
19 23 0.079448
19 24 0.079448
19 25 0.079448
19 26 0.079447
19 27 0.079447
19 28 0.079447
19 29 0.079447
19 30 0.079447
19 31 0.079446
19 32 0.079446
19 33 0.079446
19 34 0.079445
19 35 0.079445
19 36 0.079445
19 37 0.079444
19 38 0.079444
19 39 0.079444
19 40 0.079444
19 41 0.079444
19 42 0.079443
19 43 0.079443
19 44 0.079444
19 45 0.079444
19 46 0.079444
19 47 0.079444
19 48 0.079444
19 49 0.079444
19 50 0.079444
19 51 0.079444
19 52 0.079444
19 53 0.079444
19 54 0.079444
19 55 0.079444
19 56 0.079444
19 57 0.079444
19 58 0.079444
19 59 0.079444
19 60 0.079444
19 61 0.079444
19 62 0.079444
19 63 0.079444
19 64 0.079444
19 65 0.079445
19 66 0.079445
19 67 0.079445
19 68 0.079446
19 69 0.079446
19 70 0.079446
19 71 0.079447
19 72 0.079447
19 73 0.079447
19 74 0.079448
19 75 0.079448
19 76 0.079449
19 77 0.079449
19 78 0.079450
19 79 0.079450
19 80 0.079451
19 81 0.079452
19 82 0.079452
19 83 0.079453
19 84 0.079453
19 85 0.079454
19 86 0.079454
19 87 0.079455
19 88 0.079455
19 89 0.079455
19 90 0.079456
19 91 0.079456
19 92 0.079456
19 93 0.079456
19 94 0.079457
19 95 0.079457
19 96 0.079457
19 97 0.079456
19 98 0.079458
19 99 0.079456

20 0 0.079450
20 1 0.079451
20 2 0.079450
20 3 0.079451
20 4 0.079451
20 5 0.079451
20 6 0.079451
20 7 0.079451
20 8 0.079451
20 9 0.079451
20 10 0.079451
20 11 0.079451
20 12 0.079451
20 13 0.079451
20 14 0.079450
20 15 0.079450
20 16 0.079450
20 17 0.079449
20 18 0.079449
20 19 0.079449
20 20 0.079449
20 21 0.079448
20 22 0.079448
20 23 0.079448
20 24 0.079448
20 25 0.079448
20 26 0.079447
20 27 0.079447
20 28 0.079447
20 29 0.079447
20 30 0.079447
20 31 0.079446
20 32 0.079446
20 33 0.079446
20 34 0.079445
20 35 0.079445
20 36 0.079445
20 37 0.079444
20 38 0.079444
20 39 0.079444
20 40 0.079444
20 41 0.079444
20 42 0.079444
20 43 0.079444
20 44 0.079444
20 45 0.079444
20 46 0.079444
20 47 0.079444
20 48 0.079444
20 49 0.079444
20 50 0.079444
20 51 0.079444
20 52 0.079444
20 53 0.079444
20 54 0.079444
20 55 0.079444
20 56 0.079444
20 57 0.079444
20 58 0.079444
20 59 0.079444
20 60 0.079444
20 61 0.079444
20 62 0.079444
20 63 0.079444
20 64 0.079445
20 65 0.079445
20 66 0.079445
20 67 0.079445
20 68 0.079446
20 69 0.079446
20 70 0.079446
20 71 0.079447
20 72 0.079447
20 73 0.079448
20 74 0.079448
20 75 0.079448
20 76 0.079449
20 77 0.079449
20 78 0.079450
20 79 0.079450
20 80 0.079451
20 81 0.079452
20 82 0.079452
20 83 0.079453
20 84 0.079453
20 85 0.079454
20 86 0.079454
20 87 0.079455
20 88 0.079455
20 89 0.079455
20 90 0.079456
20 91 0.079456
20 92 0.079456
20 93 0.079456
20 94 0.079457
20 95 0.079457
20 96 0.079457
20 97 0.079457
20 98 0.079458
20 99 0.079456

21 0 0.079449
21 1 0.079451
21 2 0.079450
21 3 0.079451
21 4 0.079451
21 5 0.079451
21 6 0.079451
21 7 0.079451
21 8 0.079451
21 9 0.079451
21 10 0.079451
21 11 0.079451
21 12 0.079451
21 13 0.079451
21 14 0.079450
21 15 0.079450
21 16 0.079450
21 17 0.079449
21 18 0.079449
21 19 0.079449
21 20 0.079448
21 21 0.079448
21 22 0.079448
21 23 0.079448
21 24 0.079448
21 25 0.079447
21 26 0.079447
21 27 0.079447
21 28 0.079447
21 29 0.079447
21 30 0.079446
21 31 0.079446
21 32 0.079446
21 33 0.079446
21 34 0.079445
21 35 0.079445
21 36 0.079445
21 37 0.079444
21 38 0.079444
21 39 0.079444
21 40 0.079444
21 41 0.079444
21 42 0.079444
21 43 0.079444
21 44 0.079444
21 45 0.079444
21 46 0.079444
21 47 0.079444
21 48 0.079444
21 49 0.079444
21 50 0.079444
21 51 0.079444
21 52 0.079444
21 53 0.079444
21 54 0.079444
21 55 0.079444
21 56 0.079444
21 57 0.079444
21 58 0.079444
21 59 0.079444
21 60 0.079444
21 61 0.079444
21 62 0.079444
21 63 0.079445
21 64 0.079445
21 65 0.079445
21 66 0.079445
21 67 0.079446
21 68 0.079446
21 69 0.079446
21 70 0.079447
21 71 0.079447
21 72 0.079447
21 73 0.079448
21 74 0.079448
21 75 0.079449
21 76 0.079449
21 77 0.079449
21 78 0.079450
21 79 0.079451
21 80 0.079451
21 81 0.079452
21 82 0.079452
21 83 0.079453
21 84 0.079453
21 85 0.079454
21 86 0.079454
21 87 0.079455
21 88 0.079455
21 89 0.079455
21 90 0.079456
21 91 0.079456
21 92 0.079456
21 93 0.079456
21 94 0.079457
21 95 0.079457
21 96 0.079457
21 97 0.079457
21 98 0.079458
21 99 0.079456

22 0 0.079449
22 1 0.079451
22 2 0.079450
22 3 0.079451
22 4 0.079451
22 5 0.079451
22 6 0.079451
22 7 0.079451
22 8 0.079451
22 9 0.079451
22 10 0.079451
22 11 0.079451
22 12 0.079451
22 13 0.079451
22 14 0.079450
22 15 0.079450
22 16 0.079450
22 17 0.079449
22 18 0.079449
22 19 0.079449
22 20 0.079448
22 21 0.079448
22 22 0.079448
22 23 0.079448
22 24 0.079448
22 25 0.079448
22 26 0.079447
22 27 0.079447
22 28 0.079447
22 29 0.079447
22 30 0.079447
22 31 0.079446
22 32 0.079446
22 33 0.079446
22 34 0.079445
22 35 0.079445
22 36 0.079445
22 37 0.079444
22 38 0.079444
22 39 0.079444
22 40 0.079444
22 41 0.079444
22 42 0.079444
22 43 0.079444
22 44 0.079444
22 45 0.079445
22 46 0.079445
22 47 0.079445
22 48 0.079445
22 49 0.079445
22 50 0.079445
22 51 0.079445
22 52 0.079445
22 53 0.079445
22 54 0.079445
22 55 0.079445
22 56 0.079445
22 57 0.079445
22 58 0.079445
22 59 0.079445
22 60 0.079445
22 61 0.079445
22 62 0.079445
22 63 0.079445
22 64 0.079445
22 65 0.079445
22 66 0.079445
22 67 0.079446
22 68 0.079446
22 69 0.079446
22 70 0.079447
22 71 0.079447
22 72 0.079447
22 73 0.079448
22 74 0.079448
22 75 0.079449
22 76 0.079449
22 77 0.079450
22 78 0.079450
22 79 0.079451
22 80 0.079451
22 81 0.079452
22 82 0.079452
22 83 0.079453
22 84 0.079453
22 85 0.079454
22 86 0.079454
22 87 0.079455
22 88 0.079455
22 89 0.079456
22 90 0.079456
22 91 0.079456
22 92 0.079456
22 93 0.079456
22 94 0.079457
22 95 0.079457
22 96 0.079457
22 97 0.079457
22 98 0.079458
22 99 0.079456

23 0 0.079449
23 1 0.079451
23 2 0.079450
23 3 0.079451
23 4 0.079451
23 5 0.079451
23 6 0.079451
23 7 0.079451
23 8 0.079451
23 9 0.079451
23 10 0.079451
23 11 0.079451
23 12 0.079451
23 13 0.079451
23 14 0.079450
23 15 0.079450
23 16 0.079450
23 17 0.079449
23 18 0.079449
23 19 0.079449
23 20 0.079449
23 21 0.079448
23 22 0.079448
23 23 0.079448
23 24 0.079448
23 25 0.079448
23 26 0.079447
23 27 0.079447
23 28 0.079447
23 29 0.079447
23 30 0.079447
23 31 0.079446
23 32 0.079446
23 33 0.079446
23 34 0.079445
23 35 0.079445
23 36 0.079445
23 37 0.079445
23 38 0.079444
23 39 0.079444
23 40 0.079444
23 41 0.079444
23 42 0.079444
23 43 0.079445
23 44 0.079445
23 45 0.079445
23 46 0.079445
23 47 0.079445
23 48 0.079445
23 49 0.079445
23 50 0.079445
23 51 0.079445
23 52 0.079445
23 53 0.079445
23 54 0.079445
23 55 0.079445
23 56 0.079445
23 57 0.079445
23 58 0.079445
23 59 0.079445
23 60 0.079445
23 61 0.079445
23 62 0.079445
23 63 0.079445
23 64 0.079445
23 65 0.079445
23 66 0.079446
23 67 0.079446
23 68 0.079446
23 69 0.079447
23 70 0.079447
23 71 0.079447
23 72 0.079448
23 73 0.079448
23 74 0.079448
23 75 0.079449
23 76 0.079449
23 77 0.079450
23 78 0.079450
23 79 0.079451
23 80 0.079451
23 81 0.079452
23 82 0.079453
23 83 0.079453
23 84 0.079454
23 85 0.079454
23 86 0.079455
23 87 0.079455
23 88 0.079455
23 89 0.079456
23 90 0.079456
23 91 0.079456
23 92 0.079456
23 93 0.079457
23 94 0.079457
23 95 0.079457
23 96 0.079457
23 97 0.079457
23 98 0.079458
23 99 0.079456

24 0 0.079449
24 1 0.079451
24 2 0.079450
24 3 0.079451
24 4 0.079451
24 5 0.079451
24 6 0.079451
24 7 0.079451
24 8 0.079451
24 9 0.079451
24 10 0.079451
24 11 0.079451
24 12 0.079451
24 13 0.079451
24 14 0.079450
24 15 0.079450
24 16 0.079450
24 17 0.079449
24 18 0.079449
24 19 0.079449
24 20 0.079449
24 21 0.079448
24 22 0.079448
24 23 0.079448
24 24 0.079448
24 25 0.079448
24 26 0.079447
24 27 0.079447
24 28 0.079447
24 29 0.079447
24 30 0.079447
24 31 0.079446
24 32 0.079446
24 33 0.079446
24 34 0.079445
24 35 0.079445
24 36 0.079445
24 37 0.079445
24 38 0.079445
24 39 0.079445
24 40 0.079445
24 41 0.079445
24 42 0.079445
24 43 0.079445
24 44 0.079445
24 45 0.079445
24 46 0.079445
24 47 0.079446
24 48 0.079446
24 49 0.079446
24 50 0.079446
24 51 0.079446
24 52 0.079446
24 53 0.079445
24 54 0.079445
24 55 0.079445
24 56 0.079445
24 57 0.079445
24 58 0.079445
24 59 0.079445
24 60 0.079445
24 61 0.079445
24 62 0.079445
24 63 0.079445
24 64 0.079445
24 65 0.079446
24 66 0.079446
24 67 0.079446
24 68 0.079446
24 69 0.079447
24 70 0.079447
24 71 0.079447
24 72 0.079448
24 73 0.079448
24 74 0.079449
24 75 0.079449
24 76 0.079449
24 77 0.079450
24 78 0.079451
24 79 0.079451
24 80 0.079452
24 81 0.079452
24 82 0.079453
24 83 0.079453
24 84 0.079454
24 85 0.079454
24 86 0.079455
24 87 0.079455
24 88 0.079456
24 89 0.079456
24 90 0.079456
24 91 0.079456
24 92 0.079457
24 93 0.079457
24 94 0.079457
24 95 0.079457
24 96 0.079457
24 97 0.079457
24 98 0.079458
24 99 0.079456

25 0 0.079449
25 1 0.079451
25 2 0.079450
25 3 0.079451
25 4 0.079451
25 5 0.079451
25 6 0.079451
25 7 0.079451
25 8 0.079451
25 9 0.079451
25 10 0.079451
25 11 0.079451
25 12 0.079451
25 13 0.079451
25 14 0.079450
25 15 0.079450
25 16 0.079450
25 17 0.079450
25 18 0.079449
25 19 0.079449
25 20 0.079449
25 21 0.079449
25 22 0.079448
25 23 0.079448
25 24 0.079448
25 25 0.079448
25 26 0.079448
25 27 0.079447
25 28 0.079447
25 29 0.079447
25 30 0.079447
25 31 0.079446
25 32 0.079446
25 33 0.079446
25 34 0.079446
25 35 0.079445
25 36 0.079445
25 37 0.079445
25 38 0.079445
25 39 0.079445
25 40 0.079445
25 41 0.079445
25 42 0.079445
25 43 0.079445
25 44 0.079445
25 45 0.079446
25 46 0.079446
25 47 0.079446
25 48 0.079446
25 49 0.079446
25 50 0.079446
25 51 0.079446
25 52 0.079446
25 53 0.079446
25 54 0.079445
25 55 0.079445
25 56 0.079445
25 57 0.079445
25 58 0.079445
25 59 0.079445
25 60 0.079445
25 61 0.079445
25 62 0.079445
25 63 0.079445
25 64 0.079446
25 65 0.079446
25 66 0.079446
25 67 0.079446
25 68 0.079447
25 69 0.079447
25 70 0.079447
25 71 0.079447
25 72 0.079448
25 73 0.079448
25 74 0.079449
25 75 0.079449
25 76 0.079450
25 77 0.079450
25 78 0.079451
25 79 0.079451
25 80 0.079452
25 81 0.079452
25 82 0.079453
25 83 0.079453
25 84 0.079454
25 85 0.079454
25 86 0.079455
25 87 0.079455
25 88 0.079456
25 89 0.079456
25 90 0.079456
25 91 0.079456
25 92 0.079457
25 93 0.079457
25 94 0.079457
25 95 0.079457
25 96 0.079458
25 97 0.079457
25 98 0.079458
25 99 0.079457

26 0 0.079449
26 1 0.079451
26 2 0.079450
26 3 0.079451
26 4 0.079451
26 5 0.079451
26 6 0.079451
26 7 0.079451
26 8 0.079451
26 9 0.079451
26 10 0.079451
26 11 0.079451
26 12 0.079451
26 13 0.079451
26 14 0.079450
26 15 0.079450
26 16 0.079450
26 17 0.079450
26 18 0.079449
26 19 0.079449
26 20 0.079449
26 21 0.079448
26 22 0.079448
26 23 0.079448
26 24 0.079448
26 25 0.079448
26 26 0.079447
26 27 0.079447
26 28 0.079447
26 29 0.079447
26 30 0.079447
26 31 0.079446
26 32 0.079446
26 33 0.079446
26 34 0.079445
26 35 0.079445
26 36 0.079445
26 37 0.079445
26 38 0.079445
26 39 0.079445
26 40 0.079445
26 41 0.079445
26 42 0.079445
26 43 0.079445
26 44 0.079446
26 45 0.079446
26 46 0.079446
26 47 0.079446
26 48 0.079446
26 49 0.079446
26 50 0.079446
26 51 0.079446
26 52 0.079446
26 53 0.079446
26 54 0.079446
26 55 0.079446
26 56 0.079446
26 57 0.079445
26 58 0.079445
26 59 0.079445
26 60 0.079445
26 61 0.079445
26 62 0.079446
26 63 0.079446
26 64 0.079446
26 65 0.079446
26 66 0.079446
26 67 0.079446
26 68 0.079447
26 69 0.079447
26 70 0.079447
26 71 0.079448
26 72 0.079448
26 73 0.079448
26 74 0.079449
26 75 0.079449
26 76 0.079450
26 77 0.079450
26 78 0.079451
26 79 0.079451
26 80 0.079452
26 81 0.079452
26 82 0.079453
26 83 0.079454
26 84 0.079454
26 85 0.079455
26 86 0.079455
26 87 0.079455
26 88 0.079456
26 89 0.079456
26 90 0.079456
26 91 0.079457
26 92 0.079457
26 93 0.079457
26 94 0.079457
26 95 0.079457
26 96 0.079458
26 97 0.079457
26 98 0.079458
26 99 0.079457

27 0 0.079448
27 1 0.079450
27 2 0.079450
27 3 0.079451
27 4 0.079451
27 5 0.079451
27 6 0.079451
27 7 0.079451
27 8 0.079451
27 9 0.079451
27 10 0.079451
27 11 0.079451
27 12 0.079451
27 13 0.079451
27 14 0.079450
27 15 0.079450
27 16 0.079450
27 17 0.079450
27 18 0.079449
27 19 0.079449
27 20 0.079449
27 21 0.079449
27 22 0.079448
27 23 0.079448
27 24 0.079448
27 25 0.079448
27 26 0.079448
27 27 0.079447
27 28 0.079447
27 29 0.079447
27 30 0.079447
27 31 0.079446
27 32 0.079446
27 33 0.079446
27 34 0.079446
27 35 0.079445
27 36 0.079445
27 37 0.079445
27 38 0.079445
27 39 0.079445
27 40 0.079445
27 41 0.079445
27 42 0.079445
27 43 0.079446
27 44 0.079446
27 45 0.079446
27 46 0.079446
27 47 0.079446
27 48 0.079446
27 49 0.079446
27 50 0.079446
27 51 0.079446
27 52 0.079446
27 53 0.079446
27 54 0.079446
27 55 0.079446
27 56 0.079446
27 57 0.079446
27 58 0.079446
27 59 0.079446
27 60 0.079446
27 61 0.079446
27 62 0.079446
27 63 0.079446
27 64 0.079446
27 65 0.079446
27 66 0.079446
27 67 0.079447
27 68 0.079447
27 69 0.079447
27 70 0.079447
27 71 0.079448
27 72 0.079448
27 73 0.079449
27 74 0.079449
27 75 0.079449
27 76 0.079450
27 77 0.079450
27 78 0.079451
27 79 0.079451
27 80 0.079452
27 81 0.079453
27 82 0.079453
27 83 0.079454
27 84 0.079454
27 85 0.079455
27 86 0.079455
27 87 0.079456
27 88 0.079456
27 89 0.079456
27 90 0.079456
27 91 0.079457
27 92 0.079457
27 93 0.079457
27 94 0.079457
27 95 0.079457
27 96 0.079458
27 97 0.079458
27 98 0.079459
27 99 0.079457

28 0 0.079448
28 1 0.079450
28 2 0.079450
28 3 0.079451
28 4 0.079451
28 5 0.079451
28 6 0.079451
28 7 0.079451
28 8 0.079451
28 9 0.079451
28 10 0.079451
28 11 0.079451
28 12 0.079451
28 13 0.079451
28 14 0.079451
28 15 0.079450
28 16 0.079450
28 17 0.079450
28 18 0.079449
28 19 0.079449
28 20 0.079449
28 21 0.079449
28 22 0.079448
28 23 0.079448
28 24 0.079448
28 25 0.079448
28 26 0.079448
28 27 0.079447
28 28 0.079447
28 29 0.079447
28 30 0.079447
28 31 0.079446
28 32 0.079446
28 33 0.079446
28 34 0.079446
28 35 0.079445
28 36 0.079445
28 37 0.079445
28 38 0.079445
28 39 0.079445
28 40 0.079445
28 41 0.079445
28 42 0.079446
28 43 0.079446
28 44 0.079446
28 45 0.079446
28 46 0.079446
28 47 0.079447
28 48 0.079447
28 49 0.079447
28 50 0.079447
28 51 0.079446
28 52 0.079446
28 53 0.079446
28 54 0.079446
28 55 0.079446
28 56 0.079446
28 57 0.079446
28 58 0.079446
28 59 0.079446
28 60 0.079446
28 61 0.079446
28 62 0.079446
28 63 0.079446
28 64 0.079446
28 65 0.079446
28 66 0.079446
28 67 0.079447
28 68 0.079447
28 69 0.079447
28 70 0.079448
28 71 0.079448
28 72 0.079448
28 73 0.079449
28 74 0.079449
28 75 0.079450
28 76 0.079450
28 77 0.079451
28 78 0.079451
28 79 0.079452
28 80 0.079452
28 81 0.079453
28 82 0.079453
28 83 0.079454
28 84 0.079454
28 85 0.079455
28 86 0.079455
28 87 0.079456
28 88 0.079456
28 89 0.079456
28 90 0.079456
28 91 0.079457
28 92 0.079457
28 93 0.079457
28 94 0.079457
28 95 0.079458
28 96 0.079458
28 97 0.079458
28 98 0.079459
28 99 0.079458

29 0 0.079448
29 1 0.079450
29 2 0.079450
29 3 0.079450
29 4 0.079451
29 5 0.079451
29 6 0.079451
29 7 0.079451
29 8 0.079451
29 9 0.079451
29 10 0.079451
29 11 0.079451
29 12 0.079451
29 13 0.079451
29 14 0.079450
29 15 0.079450
29 16 0.079450
29 17 0.079450
29 18 0.079449
29 19 0.079449
29 20 0.079449
29 21 0.079449
29 22 0.079448
29 23 0.079448
29 24 0.079448
29 25 0.079448
29 26 0.079448
29 27 0.079447
29 28 0.079447
29 29 0.079447
29 30 0.079447
29 31 0.079446
29 32 0.079446
29 33 0.079446
29 34 0.079446
29 35 0.079445
29 36 0.079445
29 37 0.079445
29 38 0.079445
29 39 0.079445
29 40 0.079445
29 41 0.079446
29 42 0.079446
29 43 0.079446
29 44 0.079446
29 45 0.079447
29 46 0.079447
29 47 0.079447
29 48 0.079447
29 49 0.079447
29 50 0.079447
29 51 0.079447
29 52 0.079447
29 53 0.079446
29 54 0.079446
29 55 0.079446
29 56 0.079446
29 57 0.079446
29 58 0.079446
29 59 0.079446
29 60 0.079446
29 61 0.079446
29 62 0.079446
29 63 0.079446
29 64 0.079446
29 65 0.079446
29 66 0.079447
29 67 0.079447
29 68 0.079447
29 69 0.079447
29 70 0.079448
29 71 0.079448
29 72 0.079448
29 73 0.079449
29 74 0.079449
29 75 0.079450
29 76 0.079450
29 77 0.079451
29 78 0.079451
29 79 0.079452
29 80 0.079452
29 81 0.079453
29 82 0.079454
29 83 0.079454
29 84 0.079455
29 85 0.079455
29 86 0.079455
29 87 0.079456
29 88 0.079456
29 89 0.079456
29 90 0.079457
29 91 0.079457
29 92 0.079457
29 93 0.079457
29 94 0.079458
29 95 0.079458
29 96 0.079458
29 97 0.079458
29 98 0.079459
29 99 0.079458

30 0 0.079449
30 1 0.079450
30 2 0.079450
30 3 0.079450
30 4 0.079450
30 5 0.079451
30 6 0.079451
30 7 0.079451
30 8 0.079451
30 9 0.079451
30 10 0.079451
30 11 0.079451
30 12 0.079451
30 13 0.079451
30 14 0.079451
30 15 0.079450
30 16 0.079450
30 17 0.079450
30 18 0.079449
30 19 0.079449
30 20 0.079449
30 21 0.079449
30 22 0.079448
30 23 0.079448
30 24 0.079448
30 25 0.079448
30 26 0.079448
30 27 0.079447
30 28 0.079447
30 29 0.079447
30 30 0.079447
30 31 0.079446
30 32 0.079446
30 33 0.079446
30 34 0.079446
30 35 0.079445
30 36 0.079445
30 37 0.079445
30 38 0.079445
30 39 0.079445
30 40 0.079446
30 41 0.079446
30 42 0.079446
30 43 0.079446
30 44 0.079446
30 45 0.079447
30 46 0.079447
30 47 0.079447
30 48 0.079447
30 49 0.079447
30 50 0.079447
30 51 0.079447
30 52 0.079447
30 53 0.079446
30 54 0.079446
30 55 0.079446
30 56 0.079446
30 57 0.079446
30 58 0.079446
30 59 0.079446
30 60 0.079446
30 61 0.079446
30 62 0.079446
30 63 0.079446
30 64 0.079446
30 65 0.079446
30 66 0.079447
30 67 0.079447
30 68 0.079447
30 69 0.079447
30 70 0.079448
30 71 0.079448
30 72 0.079448
30 73 0.079449
30 74 0.079449
30 75 0.079450
30 76 0.079450
30 77 0.079451
30 78 0.079451
30 79 0.079452
30 80 0.079452
30 81 0.079453
30 82 0.079454
30 83 0.079454
30 84 0.079455
30 85 0.079455
30 86 0.079456
30 87 0.079456
30 88 0.079456
30 89 0.079457
30 90 0.079457
30 91 0.079457
30 92 0.079457
30 93 0.079457
30 94 0.079458
30 95 0.079458
30 96 0.079458
30 97 0.079458
30 98 0.079459
30 99 0.079459

31 0 0.079449
31 1 0.079450
31 2 0.079450
31 3 0.079450
31 4 0.079450
31 5 0.079451
31 6 0.079451
31 7 0.079451
31 8 0.079451
31 9 0.079451
31 10 0.079451
31 11 0.079451
31 12 0.079451
31 13 0.079451
31 14 0.079450
31 15 0.079450
31 16 0.079450
31 17 0.079450
31 18 0.079449
31 19 0.079449
31 20 0.079449
31 21 0.079449
31 22 0.079448
31 23 0.079448
31 24 0.079448
31 25 0.079448
31 26 0.079447
31 27 0.079447
31 28 0.079447
31 29 0.079447
31 30 0.079446
31 31 0.079446
31 32 0.079446
31 33 0.079446
31 34 0.079446
31 35 0.079445
31 36 0.079445
31 37 0.079445
31 38 0.079445
31 39 0.079445
31 40 0.079446
31 41 0.079446
31 42 0.079446
31 43 0.079446
31 44 0.079447
31 45 0.079447
31 46 0.079447
31 47 0.079447
31 48 0.079447
31 49 0.079447
31 50 0.079447
31 51 0.079447
31 52 0.079447
31 53 0.079447
31 54 0.079446
31 55 0.079446
31 56 0.079446
31 57 0.079446
31 58 0.079446
31 59 0.079446
31 60 0.079446
31 61 0.079446
31 62 0.079446
31 63 0.079446
31 64 0.079446
31 65 0.079446
31 66 0.079447
31 67 0.079447
31 68 0.079447
31 69 0.079447
31 70 0.079448
31 71 0.079448
31 72 0.079448
31 73 0.079449
31 74 0.079449
31 75 0.079450
31 76 0.079450
31 77 0.079451
31 78 0.079451
31 79 0.079452
31 80 0.079453
31 81 0.079453
31 82 0.079454
31 83 0.079454
31 84 0.079455
31 85 0.079455
31 86 0.079456
31 87 0.079456
31 88 0.079456
31 89 0.079457
31 90 0.079457
31 91 0.079457
31 92 0.079457
31 93 0.079457
31 94 0.079458
31 95 0.079458
31 96 0.079458
31 97 0.079458
31 98 0.079459
31 99 0.079459

32 0 0.079449
32 1 0.079450
32 2 0.079450
32 3 0.079450
32 4 0.079450
32 5 0.079451
32 6 0.079451
32 7 0.079451
32 8 0.079451
32 9 0.079451
32 10 0.079451
32 11 0.079451
32 12 0.079451
32 13 0.079451
32 14 0.079450
32 15 0.079450
32 16 0.079450
32 17 0.079449
32 18 0.079449
32 19 0.079449
32 20 0.079449
32 21 0.079448
32 22 0.079448
32 23 0.079448
32 24 0.079448
32 25 0.079448
32 26 0.079447
32 27 0.079447
32 28 0.079447
32 29 0.079447
32 30 0.079446
32 31 0.079446
32 32 0.079446
32 33 0.079446
32 34 0.079446
32 35 0.079445
32 36 0.079445
32 37 0.079445
32 38 0.079445
32 39 0.079446
32 40 0.079446
32 41 0.079446
32 42 0.079446
32 43 0.079446
32 44 0.079447
32 45 0.079447
32 46 0.079447
32 47 0.079447
32 48 0.079447
32 49 0.079447
32 50 0.079447
32 51 0.079447
32 52 0.079447
32 53 0.079447
32 54 0.079446
32 55 0.079446
32 56 0.079446
32 57 0.079446
32 58 0.079446
32 59 0.079446
32 60 0.079446
32 61 0.079446
32 62 0.079446
32 63 0.079446
32 64 0.079446
32 65 0.079446
32 66 0.079447
32 67 0.079447
32 68 0.079447
32 69 0.079447
32 70 0.079448
32 71 0.079448
32 72 0.079448
32 73 0.079449
32 74 0.079449
32 75 0.079450
32 76 0.079450
32 77 0.079451
32 78 0.079451
32 79 0.079452
32 80 0.079453
32 81 0.079453
32 82 0.079454
32 83 0.079454
32 84 0.079455
32 85 0.079455
32 86 0.079456
32 87 0.079456
32 88 0.079456
32 89 0.079457
32 90 0.079457
32 91 0.079457
32 92 0.079457
32 93 0.079458
32 94 0.079458
32 95 0.079458
32 96 0.079459
32 97 0.079459
32 98 0.079459
32 99 0.079459

33 0 0.079449
33 1 0.079450
33 2 0.079450
33 3 0.079450
33 4 0.079450
33 5 0.079450
33 6 0.079451
33 7 0.079451
33 8 0.079451
33 9 0.079451
33 10 0.079451
33 11 0.079451
33 12 0.079451
33 13 0.079450
33 14 0.079450
33 15 0.079450
33 16 0.079450
33 17 0.079449
33 18 0.079449
33 19 0.079449
33 20 0.079449
33 21 0.079448
33 22 0.079448
33 23 0.079448
33 24 0.079448
33 25 0.079447
33 26 0.079447
33 27 0.079447
33 28 0.079447
33 29 0.079447
33 30 0.079446
33 31 0.079446
33 32 0.079446
33 33 0.079446
33 34 0.079446
33 35 0.079445
33 36 0.079445
33 37 0.079445
33 38 0.079446
33 39 0.079446
33 40 0.079446
33 41 0.079446
33 42 0.079446
33 43 0.079447
33 44 0.079447
33 45 0.079447
33 46 0.079447
33 47 0.079447
33 48 0.079447
33 49 0.079447
33 50 0.079447
33 51 0.079447
33 52 0.079447
33 53 0.079446
33 54 0.079446
33 55 0.079446
33 56 0.079446
33 57 0.079446
33 58 0.079446
33 59 0.079446
33 60 0.079446
33 61 0.079446
33 62 0.079446
33 63 0.079446
33 64 0.079446
33 65 0.079446
33 66 0.079446
33 67 0.079447
33 68 0.079447
33 69 0.079447
33 70 0.079448
33 71 0.079448
33 72 0.079448
33 73 0.079449
33 74 0.079449
33 75 0.079450
33 76 0.079450
33 77 0.079451
33 78 0.079451
33 79 0.079452
33 80 0.079453
33 81 0.079453
33 82 0.079454
33 83 0.079454
33 84 0.079455
33 85 0.079455
33 86 0.079456
33 87 0.079456
33 88 0.079456
33 89 0.079457
33 90 0.079457
33 91 0.079457
33 92 0.079457
33 93 0.079458
33 94 0.079458
33 95 0.079458
33 96 0.079459
33 97 0.079459
33 98 0.079460
33 99 0.079460

34 0 0.079450
34 1 0.079450
34 2 0.079450
34 3 0.079450
34 4 0.079450
34 5 0.079450
34 6 0.079451
34 7 0.079451
34 8 0.079451
34 9 0.079451
34 10 0.079451
34 11 0.079450
34 12 0.079450
34 13 0.079450
34 14 0.079450
34 15 0.079450
34 16 0.079449
34 17 0.079449
34 18 0.079449
34 19 0.079449
34 20 0.079448
34 21 0.079448
34 22 0.079448
34 23 0.079448
34 24 0.079448
34 25 0.079447
34 26 0.079447
34 27 0.079447
34 28 0.079447
34 29 0.079447
34 30 0.079446
34 31 0.079446
34 32 0.079446
34 33 0.079446
34 34 0.079446
34 35 0.079445
34 36 0.079445
34 37 0.079445
34 38 0.079446
34 39 0.079446
34 40 0.079446
34 41 0.079446
34 42 0.079446
34 43 0.079447
34 44 0.079447
34 45 0.079447
34 46 0.079447
34 47 0.079447
34 48 0.079447
34 49 0.079447
34 50 0.079447
34 51 0.079447
34 52 0.079446
34 53 0.079446
34 54 0.079446
34 55 0.079446
34 56 0.079446
34 57 0.079446
34 58 0.079446
34 59 0.079446
34 60 0.079446
34 61 0.079446
34 62 0.079446
34 63 0.079446
34 64 0.079446
34 65 0.079446
34 66 0.079446
34 67 0.079447
34 68 0.079447
34 69 0.079447
34 70 0.079448
34 71 0.079448
34 72 0.079448
34 73 0.079449
34 74 0.079449
34 75 0.079450
34 76 0.079450
34 77 0.079451
34 78 0.079451
34 79 0.079452
34 80 0.079453
34 81 0.079453
34 82 0.079454
34 83 0.079454
34 84 0.079455
34 85 0.079455
34 86 0.079456
34 87 0.079456
34 88 0.079456
34 89 0.079457
34 90 0.079457
34 91 0.079457
34 92 0.079457
34 93 0.079458
34 94 0.079458
34 95 0.079458
34 96 0.079459
34 97 0.079459
34 98 0.079460
34 99 0.079460

35 0 0.079450
35 1 0.079449
35 2 0.079450
35 3 0.079450
35 4 0.079450
35 5 0.079450
35 6 0.079450
35 7 0.079450
35 8 0.079450
35 9 0.079450
35 10 0.079450
35 11 0.079450
35 12 0.079450
35 13 0.079450
35 14 0.079450
35 15 0.079449
35 16 0.079449
35 17 0.079449
35 18 0.079449
35 19 0.079449
35 20 0.079448
35 21 0.079448
35 22 0.079448
35 23 0.079448
35 24 0.079448
35 25 0.079447
35 26 0.079447
35 27 0.079447
35 28 0.079447
35 29 0.079446
35 30 0.079446
35 31 0.079446
35 32 0.079446
35 33 0.079446
35 34 0.079446
35 35 0.079445
35 36 0.079445
35 37 0.079445
35 38 0.079446
35 39 0.079446
35 40 0.079446
35 41 0.079446
35 42 0.079446
35 43 0.079447
35 44 0.079447
35 45 0.079447
35 46 0.079447
35 47 0.079447
35 48 0.079447
35 49 0.079447
35 50 0.079447
35 51 0.079447
35 52 0.079446
35 53 0.079446
35 54 0.079446
35 55 0.079446
35 56 0.079446
35 57 0.079446
35 58 0.079446
35 59 0.079445
35 60 0.079445
35 61 0.079445
35 62 0.079446
35 63 0.079446
35 64 0.079446
35 65 0.079446
35 66 0.079446
35 67 0.079446
35 68 0.079447
35 69 0.079447
35 70 0.079447
35 71 0.079448
35 72 0.079448
35 73 0.079449
35 74 0.079449
35 75 0.079450
35 76 0.079450
35 77 0.079451
35 78 0.079451
35 79 0.079452
35 80 0.079453
35 81 0.079453
35 82 0.079454
35 83 0.079454
35 84 0.079455
35 85 0.079455
35 86 0.079456
35 87 0.079456
35 88 0.079456
35 89 0.079457
35 90 0.079457
35 91 0.079457
35 92 0.079457
35 93 0.079458
35 94 0.079458
35 95 0.079458
35 96 0.079459
35 97 0.079459
35 98 0.079460
35 99 0.079461

36 0 0.079450
36 1 0.079449
36 2 0.079450
36 3 0.079450
36 4 0.079450
36 5 0.079450
36 6 0.079450
36 7 0.079450
36 8 0.079450
36 9 0.079450
36 10 0.079450
36 11 0.079450
36 12 0.079450
36 13 0.079450
36 14 0.079450
36 15 0.079449
36 16 0.079449
36 17 0.079449
36 18 0.079449
36 19 0.079448
36 20 0.079448
36 21 0.079448
36 22 0.079448
36 23 0.079447
36 24 0.079447
36 25 0.079447
36 26 0.079447
36 27 0.079447
36 28 0.079447
36 29 0.079446
36 30 0.079446
36 31 0.079446
36 32 0.079446
36 33 0.079446
36 34 0.079446
36 35 0.079445
36 36 0.079445
36 37 0.079446
36 38 0.079446
36 39 0.079446
36 40 0.079446
36 41 0.079446
36 42 0.079446
36 43 0.079447
36 44 0.079447
36 45 0.079447
36 46 0.079447
36 47 0.079447
36 48 0.079447
36 49 0.079447
36 50 0.079446
36 51 0.079446
36 52 0.079446
36 53 0.079446
36 54 0.079446
36 55 0.079446
36 56 0.079445
36 57 0.079445
36 58 0.079445
36 59 0.079445
36 60 0.079445
36 61 0.079445
36 62 0.079445
36 63 0.079445
36 64 0.079446
36 65 0.079446
36 66 0.079446
36 67 0.079446
36 68 0.079447
36 69 0.079447
36 70 0.079447
36 71 0.079448
36 72 0.079448
36 73 0.079449
36 74 0.079449
36 75 0.079450
36 76 0.079450
36 77 0.079451
36 78 0.079451
36 79 0.079452
36 80 0.079453
36 81 0.079453
36 82 0.079454
36 83 0.079454
36 84 0.079455
36 85 0.079455
36 86 0.079456
36 87 0.079456
36 88 0.079456
36 89 0.079457
36 90 0.079457
36 91 0.079457
36 92 0.079457
36 93 0.079458
36 94 0.079458
36 95 0.079458
36 96 0.079459
36 97 0.079459
36 98 0.079460
36 99 0.079461

37 0 0.079451
37 1 0.079449
37 2 0.079450
37 3 0.079450
37 4 0.079450
37 5 0.079450
37 6 0.079450
37 7 0.079450
37 8 0.079450
37 9 0.079450
37 10 0.079450
37 11 0.079450
37 12 0.079450
37 13 0.079449
37 14 0.079449
37 15 0.079449
37 16 0.079449
37 17 0.079449
37 18 0.079448
37 19 0.079448
37 20 0.079448
37 21 0.079448
37 22 0.079448
37 23 0.079447
37 24 0.079447
37 25 0.079447
37 26 0.079447
37 27 0.079447
37 28 0.079447
37 29 0.079446
37 30 0.079446
37 31 0.079446
37 32 0.079446
37 33 0.079446
37 34 0.079446
37 35 0.079446
37 36 0.079446
37 37 0.079446
37 38 0.079446
37 39 0.079446
37 40 0.079446
37 41 0.079446
37 42 0.079446
37 43 0.079447
37 44 0.079447
37 45 0.079447
37 46 0.079447
37 47 0.079447
37 48 0.079447
37 49 0.079446
37 50 0.079446
37 51 0.079446
37 52 0.079446
37 53 0.079446
37 54 0.079445
37 55 0.079445
37 56 0.079445
37 57 0.079445
37 58 0.079445
37 59 0.079445
37 60 0.079445
37 61 0.079445
37 62 0.079445
37 63 0.079445
37 64 0.079445
37 65 0.079445
37 66 0.079446
37 67 0.079446
37 68 0.079446
37 69 0.079447
37 70 0.079447
37 71 0.079447
37 72 0.079448
37 73 0.079448
37 74 0.079449
37 75 0.079449
37 76 0.079450
37 77 0.079451
37 78 0.079451
37 79 0.079452
37 80 0.079452
37 81 0.079453
37 82 0.079454
37 83 0.079454
37 84 0.079455
37 85 0.079455
37 86 0.079456
37 87 0.079456
37 88 0.079456
37 89 0.079456
37 90 0.079457
37 91 0.079457
37 92 0.079457
37 93 0.079458
37 94 0.079458
37 95 0.079458
37 96 0.079459
37 97 0.079460
37 98 0.079460
37 99 0.079462

38 0 0.079451
38 1 0.079449
38 2 0.079449
38 3 0.079449
38 4 0.079449
38 5 0.079449
38 6 0.079450
38 7 0.079450
38 8 0.079450
38 9 0.079450
38 10 0.079450
38 11 0.079449
38 12 0.079449
38 13 0.079449
38 14 0.079449
38 15 0.079449
38 16 0.079449
38 17 0.079448
38 18 0.079448
38 19 0.079448
38 20 0.079448
38 21 0.079448
38 22 0.079447
38 23 0.079447
38 24 0.079447
38 25 0.079447
38 26 0.079447
38 27 0.079447
38 28 0.079447
38 29 0.079446
38 30 0.079446
38 31 0.079446
38 32 0.079446
38 33 0.079446
38 34 0.079446
38 35 0.079446
38 36 0.079446
38 37 0.079446
38 38 0.079446
38 39 0.079446
38 40 0.079446
38 41 0.079446
38 42 0.079446
38 43 0.079446
38 44 0.079447
38 45 0.079447
38 46 0.079447
38 47 0.079447
38 48 0.079446
38 49 0.079446
38 50 0.079446
38 51 0.079446
38 52 0.079446
38 53 0.079445
38 54 0.079445
38 55 0.079445
38 56 0.079445
38 57 0.079445
38 58 0.079445
38 59 0.079445
38 60 0.079445
38 61 0.079445
38 62 0.079445
38 63 0.079445
38 64 0.079445
38 65 0.079445
38 66 0.079445
38 67 0.079446
38 68 0.079446
38 69 0.079446
38 70 0.079447
38 71 0.079447
38 72 0.079448
38 73 0.079448
38 74 0.079449
38 75 0.079449
38 76 0.079450
38 77 0.079451
38 78 0.079451
38 79 0.079452
38 80 0.079452
38 81 0.079453
38 82 0.079454
38 83 0.079454
38 84 0.079455
38 85 0.079455
38 86 0.079455
38 87 0.079456
38 88 0.079456
38 89 0.079456
38 90 0.079457
38 91 0.079457
38 92 0.079457
38 93 0.079457
38 94 0.079458
38 95 0.079458
38 96 0.079459
38 97 0.079460
38 98 0.079460
38 99 0.079462

39 0 0.079451
39 1 0.079449
39 2 0.079449
39 3 0.079449
39 4 0.079449
39 5 0.079449
39 6 0.079449
39 7 0.079449
39 8 0.079449
39 9 0.079449
39 10 0.079449
39 11 0.079449
39 12 0.079449
39 13 0.079449
39 14 0.079449
39 15 0.079449
39 16 0.079448
39 17 0.079448
39 18 0.079448
39 19 0.079448
39 20 0.079448
39 21 0.079448
39 22 0.079447
39 23 0.079447
39 24 0.079447
39 25 0.079447
39 26 0.079447
39 27 0.079447
39 28 0.079447
39 29 0.079446
39 30 0.079446
39 31 0.079446
39 32 0.079446
39 33 0.079446
39 34 0.079446
39 35 0.079446
39 36 0.079446
39 37 0.079446
39 38 0.079446
39 39 0.079446
39 40 0.079446
39 41 0.079446
39 42 0.079446
39 43 0.079446
39 44 0.079446
39 45 0.079446
39 46 0.079446
39 47 0.079446
39 48 0.079446
39 49 0.079446
39 50 0.079446
39 51 0.079446
39 52 0.079445
39 53 0.079445
39 54 0.079445
39 55 0.079445
39 56 0.079445
39 57 0.079445
39 58 0.079445
39 59 0.079444
39 60 0.079444
39 61 0.079445
39 62 0.079445
39 63 0.079445
39 64 0.079445
39 65 0.079445
39 66 0.079445
39 67 0.079446
39 68 0.079446
39 69 0.079446
39 70 0.079447
39 71 0.079447
39 72 0.079448
39 73 0.079448
39 74 0.079449
39 75 0.079449
39 76 0.079450
39 77 0.079450
39 78 0.079451
39 79 0.079452
39 80 0.079452
39 81 0.079453
39 82 0.079453
39 83 0.079454
39 84 0.079454
39 85 0.079455
39 86 0.079455
39 87 0.079456
39 88 0.079456
39 89 0.079456
39 90 0.079456
39 91 0.079457
39 92 0.079457
39 93 0.079457
39 94 0.079458
39 95 0.079458
39 96 0.079459
39 97 0.079460
39 98 0.079459
39 99 0.079462

40 0 0.079451
40 1 0.079449
40 2 0.079449
40 3 0.079449
40 4 0.079449
40 5 0.079449
40 6 0.079449
40 7 0.079449
40 8 0.079449
40 9 0.079449
40 10 0.079449
40 11 0.079449
40 12 0.079449
40 13 0.079449
40 14 0.079449
40 15 0.079448
40 16 0.079448
40 17 0.079448
40 18 0.079448
40 19 0.079448
40 20 0.079448
40 21 0.079447
40 22 0.079447
40 23 0.079447
40 24 0.079447
40 25 0.079447
40 26 0.079447
40 27 0.079447
40 28 0.079447
40 29 0.079446
40 30 0.079446
40 31 0.079446
40 32 0.079446
40 33 0.079446
40 34 0.079446
40 35 0.079446
40 36 0.079446
40 37 0.079446
40 38 0.079446
40 39 0.079446
40 40 0.079446
40 41 0.079446
40 42 0.079446
40 43 0.079446
40 44 0.079446
40 45 0.079446
40 46 0.079446
40 47 0.079446
40 48 0.079446
40 49 0.079446
40 50 0.079445
40 51 0.079445
40 52 0.079445
40 53 0.079445
40 54 0.079445
40 55 0.079444
40 56 0.079444
40 57 0.079444
40 58 0.079444
40 59 0.079444
40 60 0.079444
40 61 0.079444
40 62 0.079444
40 63 0.079444
40 64 0.079444
40 65 0.079445
40 66 0.079445
40 67 0.079445
40 68 0.079446
40 69 0.079446
40 70 0.079446
40 71 0.079447
40 72 0.079447
40 73 0.079448
40 74 0.079448
40 75 0.079449
40 76 0.079450
40 77 0.079450
40 78 0.079451
40 79 0.079451
40 80 0.079452
40 81 0.079453
40 82 0.079453
40 83 0.079454
40 84 0.079454
40 85 0.079455
40 86 0.079455
40 87 0.079455
40 88 0.079456
40 89 0.079456
40 90 0.079456
40 91 0.079456
40 92 0.079457
40 93 0.079457
40 94 0.079458
40 95 0.079458
40 96 0.079459
40 97 0.079459
40 98 0.079459
40 99 0.079462

41 0 0.079451
41 1 0.079448
41 2 0.079449
41 3 0.079449
41 4 0.079449
41 5 0.079449
41 6 0.079449
41 7 0.079449
41 8 0.079449
41 9 0.079449
41 10 0.079449
41 11 0.079449
41 12 0.079449
41 13 0.079448
41 14 0.079448
41 15 0.079448
41 16 0.079448
41 17 0.079448
41 18 0.079448
41 19 0.079448
41 20 0.079448
41 21 0.079447
41 22 0.079447
41 23 0.079447
41 24 0.079447
41 25 0.079447
41 26 0.079447
41 27 0.079447
41 28 0.079447
41 29 0.079447
41 30 0.079446
41 31 0.079446
41 32 0.079446
41 33 0.079446
41 34 0.079446
41 35 0.079446
41 36 0.079446
41 37 0.079446
41 38 0.079446
41 39 0.079446
41 40 0.079446
41 41 0.079446
41 42 0.079446
41 43 0.079446
41 44 0.079446
41 45 0.079446
41 46 0.079446
41 47 0.079446
41 48 0.079446
41 49 0.079445
41 50 0.079445
41 51 0.079445
41 52 0.079445
41 53 0.079444
41 54 0.079444
41 55 0.079444
41 56 0.079444
41 57 0.079444
41 58 0.079444
41 59 0.079444
41 60 0.079444
41 61 0.079444
41 62 0.079444
41 63 0.079444
41 64 0.079444
41 65 0.079444
41 66 0.079445
41 67 0.079445
41 68 0.079445
41 69 0.079446
41 70 0.079446
41 71 0.079447
41 72 0.079447
41 73 0.079448
41 74 0.079448
41 75 0.079449
41 76 0.079449
41 77 0.079450
41 78 0.079451
41 79 0.079451
41 80 0.079452
41 81 0.079452
41 82 0.079453
41 83 0.079454
41 84 0.079454
41 85 0.079454
41 86 0.079455
41 87 0.079455
41 88 0.079455
41 89 0.079456
41 90 0.079456
41 91 0.079456
41 92 0.079456
41 93 0.079457
41 94 0.079457
41 95 0.079458
41 96 0.079458
41 97 0.079459
41 98 0.079459
41 99 0.079462

42 0 0.079451
42 1 0.079448
42 2 0.079449
42 3 0.079448
42 4 0.079448
42 5 0.079448
42 6 0.079448
42 7 0.079448
42 8 0.079448
42 9 0.079448
42 10 0.079448
42 11 0.079448
42 12 0.079448
42 13 0.079448
42 14 0.079448
42 15 0.079448
42 16 0.079448
42 17 0.079448
42 18 0.079448
42 19 0.079448
42 20 0.079447
42 21 0.079447
42 22 0.079447
42 23 0.079447
42 24 0.079447
42 25 0.079447
42 26 0.079447
42 27 0.079447
42 28 0.079447
42 29 0.079447
42 30 0.079447
42 31 0.079446
42 32 0.079446
42 33 0.079446
42 34 0.079446
42 35 0.079446
42 36 0.079446
42 37 0.079446
42 38 0.079446
42 39 0.079446
42 40 0.079446
42 41 0.079446
42 42 0.079446
42 43 0.079446
42 44 0.079446
42 45 0.079446
42 46 0.079446
42 47 0.079446
42 48 0.079445
42 49 0.079445
42 50 0.079445
42 51 0.079445
42 52 0.079444
42 53 0.079444
42 54 0.079444
42 55 0.079444
42 56 0.079444
42 57 0.079444
42 58 0.079444
42 59 0.079444
42 60 0.079444
42 61 0.079444
42 62 0.079444
42 63 0.079444
42 64 0.079444
42 65 0.079444
42 66 0.079445
42 67 0.079445
42 68 0.079445
42 69 0.079446
42 70 0.079446
42 71 0.079446
42 72 0.079447
42 73 0.079447
42 74 0.079448
42 75 0.079449
42 76 0.079449
42 77 0.079450
42 78 0.079450
42 79 0.079451
42 80 0.079452
42 81 0.079452
42 82 0.079453
42 83 0.079453
42 84 0.079454
42 85 0.079454
42 86 0.079455
42 87 0.079455
42 88 0.079455
42 89 0.079456
42 90 0.079456
42 91 0.079456
42 92 0.079456
42 93 0.079457
42 94 0.079457
42 95 0.079458
42 96 0.079458
42 97 0.079459
42 98 0.079459
42 99 0.079462

43 0 0.079451
43 1 0.079448
43 2 0.079449
43 3 0.079448
43 4 0.079448
43 5 0.079448
43 6 0.079448
43 7 0.079448
43 8 0.079448
43 9 0.079448
43 10 0.079448
43 11 0.079448
43 12 0.079448
43 13 0.079448
43 14 0.079448
43 15 0.079448
43 16 0.079448
43 17 0.079448
43 18 0.079448
43 19 0.079448
43 20 0.079447
43 21 0.079447
43 22 0.079447
43 23 0.079447
43 24 0.079447
43 25 0.079447
43 26 0.079447
43 27 0.079447
43 28 0.079447
43 29 0.079447
43 30 0.079447
43 31 0.079447
43 32 0.079447
43 33 0.079446
43 34 0.079446
43 35 0.079446
43 36 0.079446
43 37 0.079446
43 38 0.079446
43 39 0.079446
43 40 0.079446
43 41 0.079446
43 42 0.079446
43 43 0.079446
43 44 0.079446
43 45 0.079446
43 46 0.079446
43 47 0.079445
43 48 0.079445
43 49 0.079445
43 50 0.079445
43 51 0.079444
43 52 0.079444
43 53 0.079444
43 54 0.079444
43 55 0.079444
43 56 0.079444
43 57 0.079443
43 58 0.079443
43 59 0.079443
43 60 0.079443
43 61 0.079443
43 62 0.079444
43 63 0.079444
43 64 0.079444
43 65 0.079444
43 66 0.079444
43 67 0.079445
43 68 0.079445
43 69 0.079445
43 70 0.079446
43 71 0.079446
43 72 0.079447
43 73 0.079447
43 74 0.079448
43 75 0.079448
43 76 0.079449
43 77 0.079450
43 78 0.079450
43 79 0.079451
43 80 0.079451
43 81 0.079452
43 82 0.079452
43 83 0.079453
43 84 0.079453
43 85 0.079454
43 86 0.079454
43 87 0.079455
43 88 0.079455
43 89 0.079455
43 90 0.079455
43 91 0.079456
43 92 0.079456
43 93 0.079457
43 94 0.079457
43 95 0.079458
43 96 0.079458
43 97 0.079459
43 98 0.079458
43 99 0.079462

44 0 0.079451
44 1 0.079447
44 2 0.079449
44 3 0.079448
44 4 0.079448
44 5 0.079448
44 6 0.079448
44 7 0.079448
44 8 0.079448
44 9 0.079448
44 10 0.079448
44 11 0.079448
44 12 0.079448
44 13 0.079448
44 14 0.079448
44 15 0.079448
44 16 0.079448
44 17 0.079448
44 18 0.079448
44 19 0.079448
44 20 0.079447
44 21 0.079447
44 22 0.079447
44 23 0.079447
44 24 0.079447
44 25 0.079447
44 26 0.079447
44 27 0.079447
44 28 0.079447
44 29 0.079447
44 30 0.079447
44 31 0.079447
44 32 0.079447
44 33 0.079447
44 34 0.079447
44 35 0.079446
44 36 0.079446
44 37 0.079446
44 38 0.079446
44 39 0.079446
44 40 0.079446
44 41 0.079446
44 42 0.079446
44 43 0.079446
44 44 0.079446
44 45 0.079445
44 46 0.079445
44 47 0.079445
44 48 0.079445
44 49 0.079444
44 50 0.079444
44 51 0.079444
44 52 0.079444
44 53 0.079444
44 54 0.079443
44 55 0.079443
44 56 0.079443
44 57 0.079443
44 58 0.079443
44 59 0.079443
44 60 0.079443
44 61 0.079443
44 62 0.079443
44 63 0.079444
44 64 0.079444
44 65 0.079444
44 66 0.079444
44 67 0.079444
44 68 0.079445
44 69 0.079445
44 70 0.079446
44 71 0.079446
44 72 0.079447
44 73 0.079447
44 74 0.079448
44 75 0.079448
44 76 0.079449
44 77 0.079449
44 78 0.079450
44 79 0.079450
44 80 0.079451
44 81 0.079452
44 82 0.079452
44 83 0.079453
44 84 0.079453
44 85 0.079454
44 86 0.079454
44 87 0.079454
44 88 0.079455
44 89 0.079455
44 90 0.079455
44 91 0.079455
44 92 0.079456
44 93 0.079456
44 94 0.079457
44 95 0.079457
44 96 0.079458
44 97 0.079459
44 98 0.079458
44 99 0.079462

45 0 0.079450
45 1 0.079447
45 2 0.079448
45 3 0.079448
45 4 0.079448
45 5 0.079448
45 6 0.079448
45 7 0.079448
45 8 0.079448
45 9 0.079448
45 10 0.079448
45 11 0.079448
45 12 0.079448
45 13 0.079448
45 14 0.079448
45 15 0.079448
45 16 0.079448
45 17 0.079447
45 18 0.079447
45 19 0.079447
45 20 0.079447
45 21 0.079447
45 22 0.079447
45 23 0.079447
45 24 0.079447
45 25 0.079447
45 26 0.079447
45 27 0.079447
45 28 0.079447
45 29 0.079447
45 30 0.079447
45 31 0.079447
45 32 0.079447
45 33 0.079447
45 34 0.079447
45 35 0.079447
45 36 0.079447
45 37 0.079446
45 38 0.079446
45 39 0.079446
45 40 0.079446
45 41 0.079446
45 42 0.079446
45 43 0.079446
45 44 0.079446
45 45 0.079445
45 46 0.079445
45 47 0.079445
45 48 0.079445
45 49 0.079444
45 50 0.079444
45 51 0.079444
45 52 0.079444
45 53 0.079444
45 54 0.079443
45 55 0.079443
45 56 0.079443
45 57 0.079443
45 58 0.079443
45 59 0.079443
45 60 0.079443
45 61 0.079443
45 62 0.079443
45 63 0.079444
45 64 0.079444
45 65 0.079444
45 66 0.079444
45 67 0.079444
45 68 0.079445
45 69 0.079445
45 70 0.079446
45 71 0.079446
45 72 0.079447
45 73 0.079447
45 74 0.079448
45 75 0.079448
45 76 0.079449
45 77 0.079449
45 78 0.079450
45 79 0.079450
45 80 0.079451
45 81 0.079451
45 82 0.079452
45 83 0.079452
45 84 0.079453
45 85 0.079453
45 86 0.079454
45 87 0.079454
45 88 0.079454
45 89 0.079455
45 90 0.079455
45 91 0.079455
45 92 0.079456
45 93 0.079456
45 94 0.079457
45 95 0.079457
45 96 0.079458
45 97 0.079459
45 98 0.079458
45 99 0.079462

46 0 0.079450
46 1 0.079447
46 2 0.079448
46 3 0.079448
46 4 0.079448
46 5 0.079447
46 6 0.079448
46 7 0.079447
46 8 0.079448
46 9 0.079448
46 10 0.079448
46 11 0.079448
46 12 0.079448
46 13 0.079448
46 14 0.079448
46 15 0.079448
46 16 0.079447
46 17 0.079447
46 18 0.079447
46 19 0.079447
46 20 0.079447
46 21 0.079447
46 22 0.079447
46 23 0.079447
46 24 0.079447
46 25 0.079447
46 26 0.079447
46 27 0.079447
46 28 0.079447
46 29 0.079447
46 30 0.079447
46 31 0.079447
46 32 0.079447
46 33 0.079447
46 34 0.079447
46 35 0.079447
46 36 0.079447
46 37 0.079446
46 38 0.079446
46 39 0.079446
46 40 0.079446
46 41 0.079446
46 42 0.079446
46 43 0.079446
46 44 0.079445
46 45 0.079445
46 46 0.079445
46 47 0.079445
46 48 0.079444
46 49 0.079444
46 50 0.079444
46 51 0.079444
46 52 0.079443
46 53 0.079443
46 54 0.079443
46 55 0.079443
46 56 0.079443
46 57 0.079443
46 58 0.079443
46 59 0.079443
46 60 0.079443
46 61 0.079443
46 62 0.079443
46 63 0.079443
46 64 0.079444
46 65 0.079444
46 66 0.079444
46 67 0.079444
46 68 0.079445
46 69 0.079445
46 70 0.079446
46 71 0.079446
46 72 0.079446
46 73 0.079447
46 74 0.079447
46 75 0.079448
46 76 0.079448
46 77 0.079449
46 78 0.079449
46 79 0.079450
46 80 0.079451
46 81 0.079451
46 82 0.079452
46 83 0.079452
46 84 0.079453
46 85 0.079453
46 86 0.079453
46 87 0.079454
46 88 0.079454
46 89 0.079454
46 90 0.079455
46 91 0.079455
46 92 0.079455
46 93 0.079456
46 94 0.079456
46 95 0.079457
46 96 0.079457
46 97 0.079458
46 98 0.079458
46 99 0.079461

47 0 0.079450
47 1 0.079447
47 2 0.079448
47 3 0.079447
47 4 0.079447
47 5 0.079447
47 6 0.079447
47 7 0.079447
47 8 0.079447
47 9 0.079447
47 10 0.079447
47 11 0.079447
47 12 0.079447
47 13 0.079447
47 14 0.079447
47 15 0.079447
47 16 0.079447
47 17 0.079447
47 18 0.079447
47 19 0.079447
47 20 0.079447
47 21 0.079447
47 22 0.079447
47 23 0.079447
47 24 0.079448
47 25 0.079448
47 26 0.079448
47 27 0.079447
47 28 0.079447
47 29 0.079447
47 30 0.079447
47 31 0.079447
47 32 0.079447
47 33 0.079447
47 34 0.079447
47 35 0.079447
47 36 0.079447
47 37 0.079447
47 38 0.079446
47 39 0.079446
47 40 0.079446
47 41 0.079446
47 42 0.079446
47 43 0.079445
47 44 0.079445
47 45 0.079445
47 46 0.079445
47 47 0.079444
47 48 0.079444
47 49 0.079444
47 50 0.079444
47 51 0.079443
47 52 0.079443
47 53 0.079443
47 54 0.079443
47 55 0.079443
47 56 0.079443
47 57 0.079443
47 58 0.079443
47 59 0.079443
47 60 0.079443
47 61 0.079443
47 62 0.079443
47 63 0.079443
47 64 0.079444
47 65 0.079444
47 66 0.079444
47 67 0.079444
47 68 0.079445
47 69 0.079445
47 70 0.079445
47 71 0.079446
47 72 0.079446
47 73 0.079447
47 74 0.079447
47 75 0.079448
47 76 0.079448
47 77 0.079449
47 78 0.079449
47 79 0.079450
47 80 0.079450
47 81 0.079451
47 82 0.079451
47 83 0.079452
47 84 0.079452
47 85 0.079453
47 86 0.079453
47 87 0.079453
47 88 0.079454
47 89 0.079454
47 90 0.079454
47 91 0.079455
47 92 0.079455
47 93 0.079456
47 94 0.079456
47 95 0.079457
47 96 0.079457
47 97 0.079458
47 98 0.079457
47 99 0.079460

48 0 0.079449
48 1 0.079446
48 2 0.079447
48 3 0.079447
48 4 0.079447
48 5 0.079447
48 6 0.079447
48 7 0.079447
48 8 0.079447
48 9 0.079447
48 10 0.079447
48 11 0.079447
48 12 0.079447
48 13 0.079447
48 14 0.079447
48 15 0.079447
48 16 0.079447
48 17 0.079447
48 18 0.079447
48 19 0.079447
48 20 0.079447
48 21 0.079447
48 22 0.079447
48 23 0.079448
48 24 0.079448
48 25 0.079448
48 26 0.079448
48 27 0.079448
48 28 0.079448
48 29 0.079448
48 30 0.079447
48 31 0.079447
48 32 0.079447
48 33 0.079447
48 34 0.079447
48 35 0.079447
48 36 0.079447
48 37 0.079447
48 38 0.079446
48 39 0.079446
48 40 0.079446
48 41 0.079446
48 42 0.079445
48 43 0.079445
48 44 0.079445
48 45 0.079445
48 46 0.079444
48 47 0.079444
48 48 0.079444
48 49 0.079444
48 50 0.079443
48 51 0.079443
48 52 0.079443
48 53 0.079443
48 54 0.079443
48 55 0.079443
48 56 0.079443
48 57 0.079443
48 58 0.079443
48 59 0.079443
48 60 0.079443
48 61 0.079443
48 62 0.079443
48 63 0.079443
48 64 0.079444
48 65 0.079444
48 66 0.079444
48 67 0.079444
48 68 0.079445
48 69 0.079445
48 70 0.079445
48 71 0.079446
48 72 0.079446
48 73 0.079447
48 74 0.079447
48 75 0.079448
48 76 0.079448
48 77 0.079449
48 78 0.079449
48 79 0.079450
48 80 0.079450
48 81 0.079451
48 82 0.079451
48 83 0.079451
48 84 0.079452
48 85 0.079452
48 86 0.079453
48 87 0.079453
48 88 0.079453
48 89 0.079454
48 90 0.079454
48 91 0.079455
48 92 0.079455
48 93 0.079455
48 94 0.079456
48 95 0.079456
48 96 0.079457
48 97 0.079457
48 98 0.079457
48 99 0.079460

49 0 0.079448
49 1 0.079446
49 2 0.079447
49 3 0.079447
49 4 0.079447
49 5 0.079447
49 6 0.079447
49 7 0.079447
49 8 0.079447
49 9 0.079447
49 10 0.079447
49 11 0.079447
49 12 0.079447
49 13 0.079447
49 14 0.079447
49 15 0.079447
49 16 0.079447
49 17 0.079447
49 18 0.079447
49 19 0.079447
49 20 0.079447
49 21 0.079448
49 22 0.079448
49 23 0.079448
49 24 0.079448
49 25 0.079448
49 26 0.079448
49 27 0.079448
49 28 0.079448
49 29 0.079448
49 30 0.079448
49 31 0.079447
49 32 0.079447
49 33 0.079447
49 34 0.079447
49 35 0.079447
49 36 0.079447
49 37 0.079447
49 38 0.079446
49 39 0.079446
49 40 0.079446
49 41 0.079446
49 42 0.079445
49 43 0.079445
49 44 0.079445
49 45 0.079444
49 46 0.079444
49 47 0.079444
49 48 0.079444
49 49 0.079443
49 50 0.079443
49 51 0.079443
49 52 0.079443
49 53 0.079443
49 54 0.079443
49 55 0.079443
49 56 0.079443
49 57 0.079443
49 58 0.079443
49 59 0.079443
49 60 0.079443
49 61 0.079443
49 62 0.079443
49 63 0.079444
49 64 0.079444
49 65 0.079444
49 66 0.079444
49 67 0.079444
49 68 0.079445
49 69 0.079445
49 70 0.079445
49 71 0.079446
49 72 0.079446
49 73 0.079447
49 74 0.079447
49 75 0.079447
49 76 0.079448
49 77 0.079448
49 78 0.079449
49 79 0.079449
49 80 0.079450
49 81 0.079450
49 82 0.079451
49 83 0.079451
49 84 0.079452
49 85 0.079452
49 86 0.079452
49 87 0.079453
49 88 0.079453
49 89 0.079453
49 90 0.079454
49 91 0.079454
49 92 0.079455
49 93 0.079455
49 94 0.079455
49 95 0.079456
49 96 0.079456
49 97 0.079457
49 98 0.079457
49 99 0.079459

50 0 0.079447
50 1 0.079446
50 2 0.079447
50 3 0.079447
50 4 0.079447
50 5 0.079447
50 6 0.079447
50 7 0.079447
50 8 0.079447
50 9 0.079447
50 10 0.079447
50 11 0.079447
50 12 0.079447
50 13 0.079447
50 14 0.079447
50 15 0.079447
50 16 0.079447
50 17 0.079447
50 18 0.079447
50 19 0.079447
50 20 0.079447
50 21 0.079447
50 22 0.079447
50 23 0.079448
50 24 0.079448
50 25 0.079448
50 26 0.079448
50 27 0.079448
50 28 0.079448
50 29 0.079448
50 30 0.079448
50 31 0.079448
50 32 0.079447
50 33 0.079447
50 34 0.079447
50 35 0.079447
50 36 0.079447
50 37 0.079447
50 38 0.079446
50 39 0.079446
50 40 0.079446
50 41 0.079445
50 42 0.079445
50 43 0.079445
50 44 0.079445
50 45 0.079444
50 46 0.079444
50 47 0.079444
50 48 0.079443
50 49 0.079443
50 50 0.079443
50 51 0.079443
50 52 0.079443
50 53 0.079443
50 54 0.079443
50 55 0.079443
50 56 0.079443
50 57 0.079443
50 58 0.079443
50 59 0.079443
50 60 0.079443
50 61 0.079443
50 62 0.079443
50 63 0.079444
50 64 0.079444
50 65 0.079444
50 66 0.079444
50 67 0.079444
50 68 0.079445
50 69 0.079445
50 70 0.079445
50 71 0.079446
50 72 0.079446
50 73 0.079446
50 74 0.079447
50 75 0.079447
50 76 0.079448
50 77 0.079448
50 78 0.079449
50 79 0.079449
50 80 0.079450
50 81 0.079450
50 82 0.079450
50 83 0.079451
50 84 0.079451
50 85 0.079452
50 86 0.079452
50 87 0.079453
50 88 0.079453
50 89 0.079453
50 90 0.079454
50 91 0.079454
50 92 0.079454
50 93 0.079455
50 94 0.079455
50 95 0.079456
50 96 0.079456
50 97 0.079457
50 98 0.079456
50 99 0.079459

51 0 0.079447
51 1 0.079446
51 2 0.079446
51 3 0.079446
51 4 0.079446
51 5 0.079447
51 6 0.079447
51 7 0.079447
51 8 0.079447
51 9 0.079447
51 10 0.079447
51 11 0.079447
51 12 0.079447
51 13 0.079447
51 14 0.079447
51 15 0.079447
51 16 0.079447
51 17 0.079447
51 18 0.079447
51 19 0.079447
51 20 0.079447
51 21 0.079447
51 22 0.079448
51 23 0.079448
51 24 0.079448
51 25 0.079448
51 26 0.079448
51 27 0.079448
51 28 0.079448
51 29 0.079448
51 30 0.079448
51 31 0.079448
51 32 0.079447
51 33 0.079447
51 34 0.079447
51 35 0.079447
51 36 0.079447
51 37 0.079447
51 38 0.079446
51 39 0.079446
51 40 0.079446
51 41 0.079445
51 42 0.079445
51 43 0.079445
51 44 0.079444
51 45 0.079444
51 46 0.079444
51 47 0.079443
51 48 0.079443
51 49 0.079443
51 50 0.079443
51 51 0.079443
51 52 0.079443
51 53 0.079443
51 54 0.079443
51 55 0.079443
51 56 0.079443
51 57 0.079443
51 58 0.079443
51 59 0.079443
51 60 0.079443
51 61 0.079443
51 62 0.079444
51 63 0.079444
51 64 0.079444
51 65 0.079444
51 66 0.079444
51 67 0.079444
51 68 0.079445
51 69 0.079445
51 70 0.079445
51 71 0.079446
51 72 0.079446
51 73 0.079446
51 74 0.079447
51 75 0.079447
51 76 0.079448
51 77 0.079448
51 78 0.079448
51 79 0.079449
51 80 0.079449
51 81 0.079450
51 82 0.079450
51 83 0.079451
51 84 0.079451
51 85 0.079451
51 86 0.079452
51 87 0.079452
51 88 0.079453
51 89 0.079453
51 90 0.079453
51 91 0.079454
51 92 0.079454
51 93 0.079454
51 94 0.079455
51 95 0.079455
51 96 0.079456
51 97 0.079456
51 98 0.079456
51 99 0.079458

52 0 0.079446
52 1 0.079445
52 2 0.079446
52 3 0.079446
52 4 0.079446
52 5 0.079447
52 6 0.079447
52 7 0.079447
52 8 0.079447
52 9 0.079447
52 10 0.079447
52 11 0.079447
52 12 0.079447
52 13 0.079447
52 14 0.079447
52 15 0.079447
52 16 0.079447
52 17 0.079447
52 18 0.079447
52 19 0.079447
52 20 0.079447
52 21 0.079447
52 22 0.079447
52 23 0.079448
52 24 0.079448
52 25 0.079448
52 26 0.079448
52 27 0.079448
52 28 0.079448
52 29 0.079448
52 30 0.079448
52 31 0.079448
52 32 0.079447
52 33 0.079447
52 34 0.079447
52 35 0.079447
52 36 0.079447
52 37 0.079446
52 38 0.079446
52 39 0.079446
52 40 0.079445
52 41 0.079445
52 42 0.079445
52 43 0.079444
52 44 0.079444
52 45 0.079444
52 46 0.079444
52 47 0.079443
52 48 0.079443
52 49 0.079443
52 50 0.079443
52 51 0.079443
52 52 0.079443
52 53 0.079443
52 54 0.079443
52 55 0.079443
52 56 0.079443
52 57 0.079443
52 58 0.079443
52 59 0.079443
52 60 0.079444
52 61 0.079444
52 62 0.079444
52 63 0.079444
52 64 0.079444
52 65 0.079444
52 66 0.079444
52 67 0.079445
52 68 0.079445
52 69 0.079445
52 70 0.079445
52 71 0.079446
52 72 0.079446
52 73 0.079446
52 74 0.079447
52 75 0.079447
52 76 0.079448
52 77 0.079448
52 78 0.079448
52 79 0.079449
52 80 0.079449
52 81 0.079450
52 82 0.079450
52 83 0.079450
52 84 0.079451
52 85 0.079451
52 86 0.079452
52 87 0.079452
52 88 0.079452
52 89 0.079453
52 90 0.079453
52 91 0.079453
52 92 0.079454
52 93 0.079454
52 94 0.079455
52 95 0.079455
52 96 0.079455
52 97 0.079456
52 98 0.079456
52 99 0.079457

53 0 0.079445
53 1 0.079445
53 2 0.079446
53 3 0.079446
53 4 0.079446
53 5 0.079446
53 6 0.079447
53 7 0.079447
53 8 0.079447
53 9 0.079447
53 10 0.079447
53 11 0.079447
53 12 0.079447
53 13 0.079447
53 14 0.079447
53 15 0.079447
53 16 0.079447
53 17 0.079447
53 18 0.079447
53 19 0.079447
53 20 0.079447
53 21 0.079447
53 22 0.079447
53 23 0.079447
53 24 0.079448
53 25 0.079448
53 26 0.079448
53 27 0.079448
53 28 0.079448
53 29 0.079448
53 30 0.079448
53 31 0.079448
53 32 0.079447
53 33 0.079447
53 34 0.079447
53 35 0.079447
53 36 0.079447
53 37 0.079446
53 38 0.079446
53 39 0.079446
53 40 0.079445
53 41 0.079445
53 42 0.079445
53 43 0.079444
53 44 0.079444
53 45 0.079444
53 46 0.079443
53 47 0.079443
53 48 0.079443
53 49 0.079443
53 50 0.079443
53 51 0.079443
53 52 0.079443
53 53 0.079443
53 54 0.079443
53 55 0.079443
53 56 0.079443
53 57 0.079443
53 58 0.079443
53 59 0.079444
53 60 0.079444
53 61 0.079444
53 62 0.079444
53 63 0.079444
53 64 0.079444
53 65 0.079444
53 66 0.079444
53 67 0.079445
53 68 0.079445
53 69 0.079445
53 70 0.079445
53 71 0.079446
53 72 0.079446
53 73 0.079446
53 74 0.079447
53 75 0.079447
53 76 0.079447
53 77 0.079448
53 78 0.079448
53 79 0.079449
53 80 0.079449
53 81 0.079449
53 82 0.079450
53 83 0.079450
53 84 0.079450
53 85 0.079451
53 86 0.079451
53 87 0.079452
53 88 0.079452
53 89 0.079452
53 90 0.079453
53 91 0.079453
53 92 0.079454
53 93 0.079454
53 94 0.079454
53 95 0.079455
53 96 0.079455
53 97 0.079456
53 98 0.079456
53 99 0.079456

54 0 0.079445
54 1 0.079445
54 2 0.079446
54 3 0.079446
54 4 0.079446
54 5 0.079446
54 6 0.079447
54 7 0.079447
54 8 0.079447
54 9 0.079447
54 10 0.079447
54 11 0.079447
54 12 0.079447
54 13 0.079447
54 14 0.079447
54 15 0.079447
54 16 0.079447
54 17 0.079447
54 18 0.079447
54 19 0.079447
54 20 0.079447
54 21 0.079447
54 22 0.079447
54 23 0.079447
54 24 0.079448
54 25 0.079448
54 26 0.079448
54 27 0.079448
54 28 0.079448
54 29 0.079448
54 30 0.079448
54 31 0.079448
54 32 0.079447
54 33 0.079447
54 34 0.079447
54 35 0.079447
54 36 0.079447
54 37 0.079446
54 38 0.079446
54 39 0.079446
54 40 0.079445
54 41 0.079445
54 42 0.079444
54 43 0.079444
54 44 0.079444
54 45 0.079443
54 46 0.079443
54 47 0.079443
54 48 0.079443
54 49 0.079443
54 50 0.079443
54 51 0.079443
54 52 0.079443
54 53 0.079443
54 54 0.079443
54 55 0.079443
54 56 0.079443
54 57 0.079444
54 58 0.079444
54 59 0.079444
54 60 0.079444
54 61 0.079444
54 62 0.079444
54 63 0.079444
54 64 0.079444
54 65 0.079444
54 66 0.079445
54 67 0.079445
54 68 0.079445
54 69 0.079445
54 70 0.079446
54 71 0.079446
54 72 0.079446
54 73 0.079446
54 74 0.079447
54 75 0.079447
54 76 0.079447
54 77 0.079448
54 78 0.079448
54 79 0.079448
54 80 0.079449
54 81 0.079449
54 82 0.079450
54 83 0.079450
54 84 0.079450
54 85 0.079451
54 86 0.079451
54 87 0.079451
54 88 0.079452
54 89 0.079452
54 90 0.079453
54 91 0.079453
54 92 0.079453
54 93 0.079454
54 94 0.079454
54 95 0.079455
54 96 0.079455
54 97 0.079455
54 98 0.079456
54 99 0.079456

55 0 0.079444
55 1 0.079445
55 2 0.079445
55 3 0.079446
55 4 0.079446
55 5 0.079446
55 6 0.079446
55 7 0.079447
55 8 0.079447
55 9 0.079447
55 10 0.079447
55 11 0.079447
55 12 0.079447
55 13 0.079447
55 14 0.079447
55 15 0.079447
55 16 0.079447
55 17 0.079447
55 18 0.079447
55 19 0.079447
55 20 0.079447
55 21 0.079447
55 22 0.079447
55 23 0.079447
55 24 0.079447
55 25 0.079448
55 26 0.079448
55 27 0.079448
55 28 0.079448
55 29 0.079448
55 30 0.079448
55 31 0.079448
55 32 0.079447
55 33 0.079447
55 34 0.079447
55 35 0.079447
55 36 0.079447
55 37 0.079446
55 38 0.079446
55 39 0.079446
55 40 0.079445
55 41 0.079445
55 42 0.079444
55 43 0.079444
55 44 0.079444
55 45 0.079443
55 46 0.079443
55 47 0.079443
55 48 0.079443
55 49 0.079443
55 50 0.079443
55 51 0.079443
55 52 0.079443
55 53 0.079443
55 54 0.079443
55 55 0.079443
55 56 0.079443
55 57 0.079444
55 58 0.079444
55 59 0.079444
55 60 0.079444
55 61 0.079444
55 62 0.079444
55 63 0.079444
55 64 0.079444
55 65 0.079444
55 66 0.079445
55 67 0.079445
55 68 0.079445
55 69 0.079445
55 70 0.079446
55 71 0.079446
55 72 0.079446
55 73 0.079446
55 74 0.079447
55 75 0.079447
55 76 0.079447
55 77 0.079448
55 78 0.079448
55 79 0.079448
55 80 0.079449
55 81 0.079449
55 82 0.079449
55 83 0.079450
55 84 0.079450
55 85 0.079450
55 86 0.079451
55 87 0.079451
55 88 0.079452
55 89 0.079452
55 90 0.079452
55 91 0.079453
55 92 0.079453
55 93 0.079454
55 94 0.079454
55 95 0.079454
55 96 0.079455
55 97 0.079455
55 98 0.079455
55 99 0.079455

56 0 0.079443
56 1 0.079445
56 2 0.079445
56 3 0.079446
56 4 0.079446
56 5 0.079446
56 6 0.079446
56 7 0.079447
56 8 0.079447
56 9 0.079447
56 10 0.079447
56 11 0.079447
56 12 0.079447
56 13 0.079447
56 14 0.079447
56 15 0.079447
56 16 0.079447
56 17 0.079447
56 18 0.079447
56 19 0.079447
56 20 0.079447
56 21 0.079447
56 22 0.079447
56 23 0.079447
56 24 0.079447
56 25 0.079448
56 26 0.079448
56 27 0.079448
56 28 0.079448
56 29 0.079448
56 30 0.079448
56 31 0.079448
56 32 0.079447
56 33 0.079447
56 34 0.079447
56 35 0.079447
56 36 0.079447
56 37 0.079446
56 38 0.079446
56 39 0.079445
56 40 0.079445
56 41 0.079445
56 42 0.079444
56 43 0.079444
56 44 0.079444
56 45 0.079443
56 46 0.079443
56 47 0.079443
56 48 0.079443
56 49 0.079443
56 50 0.079443
56 51 0.079443
56 52 0.079443
56 53 0.079443
56 54 0.079443
56 55 0.079443
56 56 0.079444
56 57 0.079444
56 58 0.079444
56 59 0.079444
56 60 0.079444
56 61 0.079444
56 62 0.079444
56 63 0.079444
56 64 0.079445
56 65 0.079445
56 66 0.079445
56 67 0.079445
56 68 0.079445
56 69 0.079445
56 70 0.079446
56 71 0.079446
56 72 0.079446
56 73 0.079446
56 74 0.079447
56 75 0.079447
56 76 0.079447
56 77 0.079448
56 78 0.079448
56 79 0.079448
56 80 0.079449
56 81 0.079449
56 82 0.079449
56 83 0.079450
56 84 0.079450
56 85 0.079450
56 86 0.079451
56 87 0.079451
56 88 0.079451
56 89 0.079452
56 90 0.079452
56 91 0.079453
56 92 0.079453
56 93 0.079453
56 94 0.079454
56 95 0.079454
56 96 0.079454
56 97 0.079455
56 98 0.079455
56 99 0.079454

57 0 0.079443
57 1 0.079445
57 2 0.079445
57 3 0.079446
57 4 0.079446
57 5 0.079446
57 6 0.079446
57 7 0.079447
57 8 0.079447
57 9 0.079447
57 10 0.079447
57 11 0.079447
57 12 0.079447
57 13 0.079447
57 14 0.079447
57 15 0.079447
57 16 0.079447
57 17 0.079447
57 18 0.079447
57 19 0.079447
57 20 0.079447
57 21 0.079447
57 22 0.079447
57 23 0.079447
57 24 0.079447
57 25 0.079447
57 26 0.079448
57 27 0.079448
57 28 0.079448
57 29 0.079448
57 30 0.079448
57 31 0.079448
57 32 0.079447
57 33 0.079447
57 34 0.079447
57 35 0.079447
57 36 0.079447
57 37 0.079446
57 38 0.079446
57 39 0.079445
57 40 0.079445
57 41 0.079445
57 42 0.079444
57 43 0.079444
57 44 0.079443
57 45 0.079443
57 46 0.079443
57 47 0.079443
57 48 0.079443
57 49 0.079443
57 50 0.079443
57 51 0.079443
57 52 0.079443
57 53 0.079443
57 54 0.079443
57 55 0.079444
57 56 0.079444
57 57 0.079444
57 58 0.079444
57 59 0.079444
57 60 0.079444
57 61 0.079444
57 62 0.079444
57 63 0.079445
57 64 0.079445
57 65 0.079445
57 66 0.079445
57 67 0.079445
57 68 0.079445
57 69 0.079446
57 70 0.079446
57 71 0.079446
57 72 0.079446
57 73 0.079447
57 74 0.079447
57 75 0.079447
57 76 0.079447
57 77 0.079448
57 78 0.079448
57 79 0.079448
57 80 0.079449
57 81 0.079449
57 82 0.079449
57 83 0.079449
57 84 0.079450
57 85 0.079450
57 86 0.079451
57 87 0.079451
57 88 0.079451
57 89 0.079452
57 90 0.079452
57 91 0.079452
57 92 0.079453
57 93 0.079453
57 94 0.079454
57 95 0.079454
57 96 0.079454
57 97 0.079454
57 98 0.079455
57 99 0.079454

58 0 0.079442
58 1 0.079445
58 2 0.079445
58 3 0.079446
58 4 0.079446
58 5 0.079446
58 6 0.079447
58 7 0.079447
58 8 0.079447
58 9 0.079447
58 10 0.079447
58 11 0.079447
58 12 0.079447
58 13 0.079447
58 14 0.079447
58 15 0.079447
58 16 0.079447
58 17 0.079447
58 18 0.079447
58 19 0.079447
58 20 0.079447
58 21 0.079447
58 22 0.079447
58 23 0.079447
58 24 0.079447
58 25 0.079447
58 26 0.079448
58 27 0.079448
58 28 0.079448
58 29 0.079448
58 30 0.079448
58 31 0.079448
58 32 0.079447
58 33 0.079447
58 34 0.079447
58 35 0.079447
58 36 0.079446
58 37 0.079446
58 38 0.079446
58 39 0.079445
58 40 0.079445
58 41 0.079444
58 42 0.079444
58 43 0.079444
58 44 0.079443
58 45 0.079443
58 46 0.079443
58 47 0.079443
58 48 0.079443
58 49 0.079443
58 50 0.079443
58 51 0.079443
58 52 0.079443
58 53 0.079443
58 54 0.079443
58 55 0.079444
58 56 0.079444
58 57 0.079444
58 58 0.079444
58 59 0.079444
58 60 0.079444
58 61 0.079444
58 62 0.079445
58 63 0.079445
58 64 0.079445
58 65 0.079445
58 66 0.079445
58 67 0.079445
58 68 0.079445
58 69 0.079446
58 70 0.079446
58 71 0.079446
58 72 0.079446
58 73 0.079447
58 74 0.079447
58 75 0.079447
58 76 0.079447
58 77 0.079448
58 78 0.079448
58 79 0.079448
58 80 0.079448
58 81 0.079449
58 82 0.079449
58 83 0.079449
58 84 0.079450
58 85 0.079450
58 86 0.079450
58 87 0.079451
58 88 0.079451
58 89 0.079451
58 90 0.079452
58 91 0.079452
58 92 0.079453
58 93 0.079453
58 94 0.079454
58 95 0.079454
58 96 0.079454
58 97 0.079454
58 98 0.079455
58 99 0.079453

59 0 0.079442
59 1 0.079445
59 2 0.079445
59 3 0.079446
59 4 0.079446
59 5 0.079446
59 6 0.079447
59 7 0.079447
59 8 0.079447
59 9 0.079447
59 10 0.079447
59 11 0.079447
59 12 0.079447
59 13 0.079447
59 14 0.079447
59 15 0.079447
59 16 0.079447
59 17 0.079447
59 18 0.079447
59 19 0.079447
59 20 0.079447
59 21 0.079447
59 22 0.079447
59 23 0.079447
59 24 0.079447
59 25 0.079447
59 26 0.079448
59 27 0.079448
59 28 0.079448
59 29 0.079448
59 30 0.079448
59 31 0.079448
59 32 0.079447
59 33 0.079447
59 34 0.079447
59 35 0.079447
59 36 0.079446
59 37 0.079446
59 38 0.079446
59 39 0.079445
59 40 0.079445
59 41 0.079444
59 42 0.079444
59 43 0.079444
59 44 0.079443
59 45 0.079443
59 46 0.079443
59 47 0.079443
59 48 0.079443
59 49 0.079443
59 50 0.079443
59 51 0.079443
59 52 0.079443
59 53 0.079443
59 54 0.079443
59 55 0.079444
59 56 0.079444
59 57 0.079444
59 58 0.079444
59 59 0.079444
59 60 0.079444
59 61 0.079445
59 62 0.079445
59 63 0.079445
59 64 0.079445
59 65 0.079445
59 66 0.079445
59 67 0.079445
59 68 0.079446
59 69 0.079446
59 70 0.079446
59 71 0.079446
59 72 0.079446
59 73 0.079447
59 74 0.079447
59 75 0.079447
59 76 0.079447
59 77 0.079448
59 78 0.079448
59 79 0.079448
59 80 0.079448
59 81 0.079449
59 82 0.079449
59 83 0.079449
59 84 0.079450
59 85 0.079450
59 86 0.079450
59 87 0.079451
59 88 0.079451
59 89 0.079451
59 90 0.079452
59 91 0.079452
59 92 0.079453
59 93 0.079453
59 94 0.079453
59 95 0.079454
59 96 0.079454
59 97 0.079454
59 98 0.079455
59 99 0.079453

60 0 0.079442
60 1 0.079445
60 2 0.079445
60 3 0.079446
60 4 0.079446
60 5 0.079446
60 6 0.079447
60 7 0.079447
60 8 0.079447
60 9 0.079447
60 10 0.079447
60 11 0.079447
60 12 0.079447
60 13 0.079447
60 14 0.079447
60 15 0.079447
60 16 0.079447
60 17 0.079447
60 18 0.079447
60 19 0.079447
60 20 0.079447
60 21 0.079447
60 22 0.079447
60 23 0.079447
60 24 0.079447
60 25 0.079448
60 26 0.079448
60 27 0.079448
60 28 0.079448
60 29 0.079448
60 30 0.079448
60 31 0.079448
60 32 0.079447
60 33 0.079447
60 34 0.079447
60 35 0.079447
60 36 0.079446
60 37 0.079446
60 38 0.079446
60 39 0.079445
60 40 0.079445
60 41 0.079444
60 42 0.079444
60 43 0.079444
60 44 0.079443
60 45 0.079443
60 46 0.079443
60 47 0.079443
60 48 0.079443
60 49 0.079443
60 50 0.079443
60 51 0.079443
60 52 0.079443
60 53 0.079443
60 54 0.079444
60 55 0.079444
60 56 0.079444
60 57 0.079444
60 58 0.079444
60 59 0.079444
60 60 0.079445
60 61 0.079445
60 62 0.079445
60 63 0.079445
60 64 0.079445
60 65 0.079445
60 66 0.079445
60 67 0.079445
60 68 0.079446
60 69 0.079446
60 70 0.079446
60 71 0.079446
60 72 0.079446
60 73 0.079447
60 74 0.079447
60 75 0.079447
60 76 0.079447
60 77 0.079448
60 78 0.079448
60 79 0.079448
60 80 0.079448
60 81 0.079449
60 82 0.079449
60 83 0.079449
60 84 0.079449
60 85 0.079450
60 86 0.079450
60 87 0.079450
60 88 0.079451
60 89 0.079451
60 90 0.079452
60 91 0.079452
60 92 0.079453
60 93 0.079453
60 94 0.079453
60 95 0.079453
60 96 0.079454
60 97 0.079454
60 98 0.079455
60 99 0.079452

61 0 0.079442
61 1 0.079445
61 2 0.079445
61 3 0.079446
61 4 0.079446
61 5 0.079447
61 6 0.079447
61 7 0.079447
61 8 0.079447
61 9 0.079447
61 10 0.079447
61 11 0.079447
61 12 0.079447
61 13 0.079447
61 14 0.079447
61 15 0.079447
61 16 0.079447
61 17 0.079447
61 18 0.079447
61 19 0.079447
61 20 0.079447
61 21 0.079447
61 22 0.079447
61 23 0.079447
61 24 0.079448
61 25 0.079448
61 26 0.079448
61 27 0.079448
61 28 0.079448
61 29 0.079448
61 30 0.079448
61 31 0.079448
61 32 0.079447
61 33 0.079447
61 34 0.079447
61 35 0.079447
61 36 0.079446
61 37 0.079446
61 38 0.079446
61 39 0.079445
61 40 0.079445
61 41 0.079444
61 42 0.079444
61 43 0.079444
61 44 0.079443
61 45 0.079443
61 46 0.079443
61 47 0.079443
61 48 0.079443
61 49 0.079443
61 50 0.079443
61 51 0.079443
61 52 0.079443
61 53 0.079443
61 54 0.079444
61 55 0.079444
61 56 0.079444
61 57 0.079444
61 58 0.079444
61 59 0.079445
61 60 0.079445
61 61 0.079445
61 62 0.079445
61 63 0.079445
61 64 0.079445
61 65 0.079445
61 66 0.079445
61 67 0.079446
61 68 0.079446
61 69 0.079446
61 70 0.079446
61 71 0.079446
61 72 0.079446
61 73 0.079447
61 74 0.079447
61 75 0.079447
61 76 0.079447
61 77 0.079448
61 78 0.079448
61 79 0.079448
61 80 0.079448
61 81 0.079449
61 82 0.079449
61 83 0.079449
61 84 0.079449
61 85 0.079450
61 86 0.079450
61 87 0.079450
61 88 0.079451
61 89 0.079451
61 90 0.079452
61 91 0.079452
61 92 0.079453
61 93 0.079453
61 94 0.079453
61 95 0.079453
61 96 0.079454
61 97 0.079453
61 98 0.079455
61 99 0.079452

62 0 0.079442
62 1 0.079445
62 2 0.079445
62 3 0.079446
62 4 0.079446
62 5 0.079447
62 6 0.079447
62 7 0.079447
62 8 0.079447
62 9 0.079447
62 10 0.079447
62 11 0.079447
62 12 0.079447
62 13 0.079447
62 14 0.079447
62 15 0.079447
62 16 0.079447
62 17 0.079447
62 18 0.079447
62 19 0.079447
62 20 0.079447
62 21 0.079447
62 22 0.079447
62 23 0.079447
62 24 0.079448
62 25 0.079448
62 26 0.079448
62 27 0.079448
62 28 0.079448
62 29 0.079448
62 30 0.079448
62 31 0.079448
62 32 0.079448
62 33 0.079447
62 34 0.079447
62 35 0.079447
62 36 0.079447
62 37 0.079446
62 38 0.079446
62 39 0.079445
62 40 0.079445
62 41 0.079444
62 42 0.079444
62 43 0.079444
62 44 0.079443
62 45 0.079443
62 46 0.079443
62 47 0.079443
62 48 0.079443
62 49 0.079443
62 50 0.079443
62 51 0.079443
62 52 0.079443
62 53 0.079443
62 54 0.079444
62 55 0.079444
62 56 0.079444
62 57 0.079444
62 58 0.079444
62 59 0.079445
62 60 0.079445
62 61 0.079445
62 62 0.079445
62 63 0.079445
62 64 0.079445
62 65 0.079445
62 66 0.079445
62 67 0.079446
62 68 0.079446
62 69 0.079446
62 70 0.079446
62 71 0.079446
62 72 0.079447
62 73 0.079447
62 74 0.079447
62 75 0.079447
62 76 0.079447
62 77 0.079448
62 78 0.079448
62 79 0.079448
62 80 0.079448
62 81 0.079449
62 82 0.079449
62 83 0.079449
62 84 0.079449
62 85 0.079450
62 86 0.079450
62 87 0.079450
62 88 0.079451
62 89 0.079451
62 90 0.079452
62 91 0.079452
62 92 0.079452
62 93 0.079453
62 94 0.079453
62 95 0.079453
62 96 0.079454
62 97 0.079453
62 98 0.079455
62 99 0.079452

63 0 0.079442
63 1 0.079446
63 2 0.079445
63 3 0.079446
63 4 0.079446
63 5 0.079447
63 6 0.079447
63 7 0.079447
63 8 0.079447
63 9 0.079448
63 10 0.079448
63 11 0.079448
63 12 0.079447
63 13 0.079447
63 14 0.079447
63 15 0.079447
63 16 0.079447
63 17 0.079447
63 18 0.079447
63 19 0.079447
63 20 0.079447
63 21 0.079447
63 22 0.079448
63 23 0.079448
63 24 0.079448
63 25 0.079448
63 26 0.079448
63 27 0.079448
63 28 0.079448
63 29 0.079448
63 30 0.079448
63 31 0.079448
63 32 0.079448
63 33 0.079447
63 34 0.079447
63 35 0.079447
63 36 0.079447
63 37 0.079446
63 38 0.079446
63 39 0.079445
63 40 0.079445
63 41 0.079445
63 42 0.079444
63 43 0.079444
63 44 0.079443
63 45 0.079443
63 46 0.079443
63 47 0.079443
63 48 0.079443
63 49 0.079443
63 50 0.079443
63 51 0.079443
63 52 0.079443
63 53 0.079444
63 54 0.079444
63 55 0.079444
63 56 0.079444
63 57 0.079444
63 58 0.079445
63 59 0.079445
63 60 0.079445
63 61 0.079445
63 62 0.079445
63 63 0.079445
63 64 0.079445
63 65 0.079445
63 66 0.079446
63 67 0.079446
63 68 0.079446
63 69 0.079446
63 70 0.079446
63 71 0.079446
63 72 0.079447
63 73 0.079447
63 74 0.079447
63 75 0.079447
63 76 0.079447
63 77 0.079448
63 78 0.079448
63 79 0.079448
63 80 0.079448
63 81 0.079449
63 82 0.079449
63 83 0.079449
63 84 0.079449
63 85 0.079450
63 86 0.079450
63 87 0.079450
63 88 0.079451
63 89 0.079451
63 90 0.079452
63 91 0.079452
63 92 0.079452
63 93 0.079453
63 94 0.079453
63 95 0.079453
63 96 0.079454
63 97 0.079453
63 98 0.079455
63 99 0.079452

64 0 0.079442
64 1 0.079446
64 2 0.079445
64 3 0.079446
64 4 0.079446
64 5 0.079447
64 6 0.079447
64 7 0.079447
64 8 0.079448
64 9 0.079448
64 10 0.079448
64 11 0.079448
64 12 0.079448
64 13 0.079448
64 14 0.079448
64 15 0.079448
64 16 0.079448
64 17 0.079448
64 18 0.079448
64 19 0.079448
64 20 0.079448
64 21 0.079448
64 22 0.079448
64 23 0.079448
64 24 0.079448
64 25 0.079448
64 26 0.079448
64 27 0.079448
64 28 0.079448
64 29 0.079448
64 30 0.079448
64 31 0.079448
64 32 0.079448
64 33 0.079448
64 34 0.079447
64 35 0.079447
64 36 0.079447
64 37 0.079446
64 38 0.079446
64 39 0.079446
64 40 0.079445
64 41 0.079445
64 42 0.079444
64 43 0.079444
64 44 0.079444
64 45 0.079443
64 46 0.079443
64 47 0.079443
64 48 0.079443
64 49 0.079443
64 50 0.079443
64 51 0.079443
64 52 0.079444
64 53 0.079444
64 54 0.079444
64 55 0.079444
64 56 0.079444
64 57 0.079445
64 58 0.079445
64 59 0.079445
64 60 0.079445
64 61 0.079445
64 62 0.079445
64 63 0.079445
64 64 0.079445
64 65 0.079446
64 66 0.079446
64 67 0.079446
64 68 0.079446
64 69 0.079446
64 70 0.079446
64 71 0.079446
64 72 0.079447
64 73 0.079447
64 74 0.079447
64 75 0.079447
64 76 0.079448
64 77 0.079448
64 78 0.079448
64 79 0.079448
64 80 0.079448
64 81 0.079449
64 82 0.079449
64 83 0.079449
64 84 0.079449
64 85 0.079450
64 86 0.079450
64 87 0.079450
64 88 0.079451
64 89 0.079451
64 90 0.079451
64 91 0.079452
64 92 0.079452
64 93 0.079453
64 94 0.079453
64 95 0.079453
64 96 0.079454
64 97 0.079453
64 98 0.079455
64 99 0.079452

65 0 0.079442
65 1 0.079446
65 2 0.079445
65 3 0.079446
65 4 0.079447
65 5 0.079447
65 6 0.079447
65 7 0.079448
65 8 0.079448
65 9 0.079448
65 10 0.079448
65 11 0.079448
65 12 0.079448
65 13 0.079448
65 14 0.079448
65 15 0.079448
65 16 0.079448
65 17 0.079448
65 18 0.079448
65 19 0.079448
65 20 0.079448
65 21 0.079448
65 22 0.079448
65 23 0.079448
65 24 0.079448
65 25 0.079448
65 26 0.079448
65 27 0.079448
65 28 0.079448
65 29 0.079448
65 30 0.079448
65 31 0.079448
65 32 0.079448
65 33 0.079448
65 34 0.079448
65 35 0.079447
65 36 0.079447
65 37 0.079447
65 38 0.079446
65 39 0.079446
65 40 0.079445
65 41 0.079445
65 42 0.079445
65 43 0.079444
65 44 0.079444
65 45 0.079444
65 46 0.079443
65 47 0.079443
65 48 0.079443
65 49 0.079443
65 50 0.079443
65 51 0.079443
65 52 0.079444
65 53 0.079444
65 54 0.079444
65 55 0.079444
65 56 0.079444
65 57 0.079445
65 58 0.079445
65 59 0.079445
65 60 0.079445
65 61 0.079445
65 62 0.079445
65 63 0.079445
65 64 0.079446
65 65 0.079446
65 66 0.079446
65 67 0.079446
65 68 0.079446
65 69 0.079446
65 70 0.079446
65 71 0.079447
65 72 0.079447
65 73 0.079447
65 74 0.079447
65 75 0.079447
65 76 0.079448
65 77 0.079448
65 78 0.079448
65 79 0.079448
65 80 0.079448
65 81 0.079449
65 82 0.079449
65 83 0.079449
65 84 0.079450
65 85 0.079450
65 86 0.079450
65 87 0.079450
65 88 0.079451
65 89 0.079451
65 90 0.079452
65 91 0.079452
65 92 0.079452
65 93 0.079453
65 94 0.079453
65 95 0.079453
65 96 0.079454
65 97 0.079453
65 98 0.079455
65 99 0.079452

66 0 0.079443
66 1 0.079446
66 2 0.079446
66 3 0.079447
66 4 0.079447
66 5 0.079447
66 6 0.079448
66 7 0.079448
66 8 0.079448
66 9 0.079448
66 10 0.079448
66 11 0.079448
66 12 0.079448
66 13 0.079448
66 14 0.079448
66 15 0.079448
66 16 0.079448
66 17 0.079448
66 18 0.079448
66 19 0.079448
66 20 0.079448
66 21 0.079448
66 22 0.079448
66 23 0.079448
66 24 0.079448
66 25 0.079448
66 26 0.079448
66 27 0.079448
66 28 0.079448
66 29 0.079448
66 30 0.079448
66 31 0.079448
66 32 0.079448
66 33 0.079448
66 34 0.079448
66 35 0.079448
66 36 0.079447
66 37 0.079447
66 38 0.079446
66 39 0.079446
66 40 0.079446
66 41 0.079445
66 42 0.079445
66 43 0.079444
66 44 0.079444
66 45 0.079444
66 46 0.079444
66 47 0.079444
66 48 0.079444
66 49 0.079444
66 50 0.079444
66 51 0.079444
66 52 0.079444
66 53 0.079444
66 54 0.079444
66 55 0.079444
66 56 0.079445
66 57 0.079445
66 58 0.079445
66 59 0.079445
66 60 0.079445
66 61 0.079445
66 62 0.079446
66 63 0.079446
66 64 0.079446
66 65 0.079446
66 66 0.079446
66 67 0.079446
66 68 0.079446
66 69 0.079446
66 70 0.079447
66 71 0.079447
66 72 0.079447
66 73 0.079447
66 74 0.079447
66 75 0.079448
66 76 0.079448
66 77 0.079448
66 78 0.079448
66 79 0.079448
66 80 0.079449
66 81 0.079449
66 82 0.079449
66 83 0.079449
66 84 0.079450
66 85 0.079450
66 86 0.079450
66 87 0.079450
66 88 0.079451
66 89 0.079451
66 90 0.079452
66 91 0.079452
66 92 0.079452
66 93 0.079453
66 94 0.079453
66 95 0.079453
66 96 0.079454
66 97 0.079453
66 98 0.079455
66 99 0.079452

67 0 0.079443
67 1 0.079446
67 2 0.079446
67 3 0.079447
67 4 0.079447
67 5 0.079448
67 6 0.079448
67 7 0.079448
67 8 0.079448
67 9 0.079448
67 10 0.079448
67 11 0.079448
67 12 0.079448
67 13 0.079448
67 14 0.079448
67 15 0.079448
67 16 0.079448
67 17 0.079448
67 18 0.079448
67 19 0.079448
67 20 0.079448
67 21 0.079448
67 22 0.079448
67 23 0.079448
67 24 0.079448
67 25 0.079449
67 26 0.079449
67 27 0.079449
67 28 0.079449
67 29 0.079449
67 30 0.079449
67 31 0.079448
67 32 0.079448
67 33 0.079448
67 34 0.079448
67 35 0.079448
67 36 0.079447
67 37 0.079447
67 38 0.079447
67 39 0.079446
67 40 0.079446
67 41 0.079446
67 42 0.079445
67 43 0.079445
67 44 0.079444
67 45 0.079444
67 46 0.079444
67 47 0.079444
67 48 0.079444
67 49 0.079444
67 50 0.079444
67 51 0.079444
67 52 0.079444
67 53 0.079444
67 54 0.079445
67 55 0.079445
67 56 0.079445
67 57 0.079445
67 58 0.079445
67 59 0.079445
67 60 0.079445
67 61 0.079446
67 62 0.079446
67 63 0.079446
67 64 0.079446
67 65 0.079446
67 66 0.079446
67 67 0.079446
67 68 0.079446
67 69 0.079447
67 70 0.079447
67 71 0.079447
67 72 0.079447
67 73 0.079447
67 74 0.079448
67 75 0.079448
67 76 0.079448
67 77 0.079448
67 78 0.079448
67 79 0.079449
67 80 0.079449
67 81 0.079449
67 82 0.079449
67 83 0.079450
67 84 0.079450
67 85 0.079450
67 86 0.079450
67 87 0.079451
67 88 0.079451
67 89 0.079451
67 90 0.079452
67 91 0.079452
67 92 0.079452
67 93 0.079453
67 94 0.079453
67 95 0.079453
67 96 0.079454
67 97 0.079453
67 98 0.079455
67 99 0.079452

68 0 0.079444
68 1 0.079447
68 2 0.079446
68 3 0.079447
68 4 0.079447
68 5 0.079448
68 6 0.079448
68 7 0.079448
68 8 0.079449
68 9 0.079449
68 10 0.079449
68 11 0.079449
68 12 0.079449
68 13 0.079449
68 14 0.079449
68 15 0.079449
68 16 0.079449
68 17 0.079449
68 18 0.079449
68 19 0.079449
68 20 0.079449
68 21 0.079449
68 22 0.079449
68 23 0.079449
68 24 0.079449
68 25 0.079449
68 26 0.079449
68 27 0.079449
68 28 0.079449
68 29 0.079449
68 30 0.079449
68 31 0.079449
68 32 0.079449
68 33 0.079449
68 34 0.079448
68 35 0.079448
68 36 0.079448
68 37 0.079448
68 38 0.079447
68 39 0.079447
68 40 0.079446
68 41 0.079446
68 42 0.079446
68 43 0.079445
68 44 0.079445
68 45 0.079445
68 46 0.079445
68 47 0.079444
68 48 0.079444
68 49 0.079444
68 50 0.079444
68 51 0.079444
68 52 0.079445
68 53 0.079445
68 54 0.079445
68 55 0.079445
68 56 0.079445
68 57 0.079445
68 58 0.079445
68 59 0.079446
68 60 0.079446
68 61 0.079446
68 62 0.079446
68 63 0.079446
68 64 0.079446
68 65 0.079446
68 66 0.079446
68 67 0.079447
68 68 0.079447
68 69 0.079447
68 70 0.079447
68 71 0.079447
68 72 0.079447
68 73 0.079448
68 74 0.079448
68 75 0.079448
68 76 0.079448
68 77 0.079449
68 78 0.079449
68 79 0.079449
68 80 0.079449
68 81 0.079449
68 82 0.079450
68 83 0.079450
68 84 0.079450
68 85 0.079450
68 86 0.079451
68 87 0.079451
68 88 0.079451
68 89 0.079451
68 90 0.079452
68 91 0.079452
68 92 0.079452
68 93 0.079453
68 94 0.079453
68 95 0.079453
68 96 0.079454
68 97 0.079454
68 98 0.079455
68 99 0.079453

69 0 0.079444
69 1 0.079447
69 2 0.079447
69 3 0.079448
69 4 0.079448
69 5 0.079448
69 6 0.079448
69 7 0.079449
69 8 0.079449
69 9 0.079449
69 10 0.079449
69 11 0.079449
69 12 0.079449
69 13 0.079449
69 14 0.079449
69 15 0.079449
69 16 0.079449
69 17 0.079449
69 18 0.079449
69 19 0.079449
69 20 0.079449
69 21 0.079449
69 22 0.079449
69 23 0.079449
69 24 0.079449
69 25 0.079449
69 26 0.079449
69 27 0.079449
69 28 0.079449
69 29 0.079449
69 30 0.079449
69 31 0.079449
69 32 0.079449
69 33 0.079449
69 34 0.079449
69 35 0.079449
69 36 0.079448
69 37 0.079448
69 38 0.079448
69 39 0.079447
69 40 0.079447
69 41 0.079447
69 42 0.079446
69 43 0.079446
69 44 0.079446
69 45 0.079445
69 46 0.079445
69 47 0.079445
69 48 0.079445
69 49 0.079445
69 50 0.079445
69 51 0.079445
69 52 0.079445
69 53 0.079445
69 54 0.079445
69 55 0.079445
69 56 0.079445
69 57 0.079446
69 58 0.079446
69 59 0.079446
69 60 0.079446
69 61 0.079446
69 62 0.079446
69 63 0.079446
69 64 0.079446
69 65 0.079446
69 66 0.079446
69 67 0.079447
69 68 0.079447
69 69 0.079447
69 70 0.079447
69 71 0.079447
69 72 0.079448
69 73 0.079448
69 74 0.079448
69 75 0.079448
69 76 0.079448
69 77 0.079449
69 78 0.079449
69 79 0.079449
69 80 0.079449
69 81 0.079449
69 82 0.079450
69 83 0.079450
69 84 0.079450
69 85 0.079450
69 86 0.079451
69 87 0.079451
69 88 0.079451
69 89 0.079451
69 90 0.079452
69 91 0.079452
69 92 0.079453
69 93 0.079453
69 94 0.079453
69 95 0.079454
69 96 0.079454
69 97 0.079454
69 98 0.079455
69 99 0.079453

70 0 0.079445
70 1 0.079448
70 2 0.079447
70 3 0.079448
70 4 0.079448
70 5 0.079449
70 6 0.079449
70 7 0.079449
70 8 0.079449
70 9 0.079449
70 10 0.079449
70 11 0.079449
70 12 0.079449
70 13 0.079449
70 14 0.079449
70 15 0.079449
70 16 0.079449
70 17 0.079449
70 18 0.079449
70 19 0.079449
70 20 0.079449
70 21 0.079449
70 22 0.079449
70 23 0.079449
70 24 0.079449
70 25 0.079449
70 26 0.079449
70 27 0.079449
70 28 0.079449
70 29 0.079449
70 30 0.079449
70 31 0.079449
70 32 0.079449
70 33 0.079449
70 34 0.079449
70 35 0.079449
70 36 0.079449
70 37 0.079448
70 38 0.079448
70 39 0.079448
70 40 0.079447
70 41 0.079447
70 42 0.079446
70 43 0.079446
70 44 0.079446
70 45 0.079445
70 46 0.079445
70 47 0.079445
70 48 0.079445
70 49 0.079445
70 50 0.079445
70 51 0.079445
70 52 0.079445
70 53 0.079445
70 54 0.079445
70 55 0.079446
70 56 0.079446
70 57 0.079446
70 58 0.079446
70 59 0.079446
70 60 0.079446
70 61 0.079446
70 62 0.079446
70 63 0.079446
70 64 0.079447
70 65 0.079447
70 66 0.079447
70 67 0.079447
70 68 0.079447
70 69 0.079447
70 70 0.079447
70 71 0.079448
70 72 0.079448
70 73 0.079448
70 74 0.079448
70 75 0.079449
70 76 0.079449
70 77 0.079449
70 78 0.079449
70 79 0.079449
70 80 0.079450
70 81 0.079450
70 82 0.079450
70 83 0.079450
70 84 0.079450
70 85 0.079451
70 86 0.079451
70 87 0.079451
70 88 0.079451
70 89 0.079452
70 90 0.079452
70 91 0.079452
70 92 0.079453
70 93 0.079453
70 94 0.079453
70 95 0.079454
70 96 0.079454
70 97 0.079454
70 98 0.079455
70 99 0.079453

71 0 0.079446
71 1 0.079448
71 2 0.079447
71 3 0.079448
71 4 0.079449
71 5 0.079449
71 6 0.079449
71 7 0.079450
71 8 0.079450
71 9 0.079450
71 10 0.079450
71 11 0.079450
71 12 0.079450
71 13 0.079450
71 14 0.079450
71 15 0.079450
71 16 0.079450
71 17 0.079450
71 18 0.079450
71 19 0.079450
71 20 0.079450
71 21 0.079450
71 22 0.079450
71 23 0.079450
71 24 0.079450
71 25 0.079450
71 26 0.079450
71 27 0.079450
71 28 0.079450
71 29 0.079450
71 30 0.079450
71 31 0.079450
71 32 0.079450
71 33 0.079450
71 34 0.079449
71 35 0.079449
71 36 0.079449
71 37 0.079449
71 38 0.079448
71 39 0.079448
71 40 0.079448
71 41 0.079447
71 42 0.079447
71 43 0.079447
71 44 0.079446
71 45 0.079446
71 46 0.079446
71 47 0.079446
71 48 0.079446
71 49 0.079446
71 50 0.079446
71 51 0.079446
71 52 0.079446
71 53 0.079446
71 54 0.079446
71 55 0.079446
71 56 0.079446
71 57 0.079446
71 58 0.079446
71 59 0.079446
71 60 0.079446
71 61 0.079447
71 62 0.079447
71 63 0.079447
71 64 0.079447
71 65 0.079447
71 66 0.079447
71 67 0.079447
71 68 0.079447
71 69 0.079447
71 70 0.079448
71 71 0.079448
71 72 0.079448
71 73 0.079448
71 74 0.079449
71 75 0.079449
71 76 0.079449
71 77 0.079449
71 78 0.079450
71 79 0.079450
71 80 0.079450
71 81 0.079450
71 82 0.079450
71 83 0.079451
71 84 0.079451
71 85 0.079451
71 86 0.079451
71 87 0.079451
71 88 0.079452
71 89 0.079452
71 90 0.079452
71 91 0.079453
71 92 0.079453
71 93 0.079453
71 94 0.079454
71 95 0.079454
71 96 0.079454
71 97 0.079454
71 98 0.079455
71 99 0.079453

72 0 0.079446
72 1 0.079448
72 2 0.079448
72 3 0.079449
72 4 0.079449
72 5 0.079449
72 6 0.079450
72 7 0.079450
72 8 0.079450
72 9 0.079450
72 10 0.079450
72 11 0.079450
72 12 0.079450
72 13 0.079450
72 14 0.079450
72 15 0.079450
72 16 0.079450
72 17 0.079450
72 18 0.079450
72 19 0.079450
72 20 0.079450
72 21 0.079450
72 22 0.079450
72 23 0.079450
72 24 0.079450
72 25 0.079450
72 26 0.079450
72 27 0.079450
72 28 0.079450
72 29 0.079450
72 30 0.079450
72 31 0.079450
72 32 0.079450
72 33 0.079450
72 34 0.079450
72 35 0.079450
72 36 0.079450
72 37 0.079449
72 38 0.079449
72 39 0.079449
72 40 0.079448
72 41 0.079448
72 42 0.079448
72 43 0.079447
72 44 0.079447
72 45 0.079447
72 46 0.079446
72 47 0.079446
72 48 0.079446
72 49 0.079446
72 50 0.079446
72 51 0.079446
72 52 0.079446
72 53 0.079446
72 54 0.079446
72 55 0.079446
72 56 0.079446
72 57 0.079446
72 58 0.079447
72 59 0.079447
72 60 0.079447
72 61 0.079447
72 62 0.079447
72 63 0.079447
72 64 0.079447
72 65 0.079447
72 66 0.079447
72 67 0.079447
72 68 0.079448
72 69 0.079448
72 70 0.079448
72 71 0.079448
72 72 0.079449
72 73 0.079449
72 74 0.079449
72 75 0.079449
72 76 0.079449
72 77 0.079450
72 78 0.079450
72 79 0.079450
72 80 0.079450
72 81 0.079450
72 82 0.079451
72 83 0.079451
72 84 0.079451
72 85 0.079451
72 86 0.079451
72 87 0.079452
72 88 0.079452
72 89 0.079452
72 90 0.079452
72 91 0.079453
72 92 0.079453
72 93 0.079453
72 94 0.079454
72 95 0.079454
72 96 0.079454
72 97 0.079454
72 98 0.079455
72 99 0.079454

73 0 0.079447
73 1 0.079449
73 2 0.079448
73 3 0.079449
73 4 0.079449
73 5 0.079450
73 6 0.079450
73 7 0.079450
73 8 0.079451
73 9 0.079451
73 10 0.079451
73 11 0.079451
73 12 0.079451
73 13 0.079451
73 14 0.079451
73 15 0.079451
73 16 0.079451
73 17 0.079451
73 18 0.079450
73 19 0.079450
73 20 0.079450
73 21 0.079450
73 22 0.079450
73 23 0.079451
73 24 0.079451
73 25 0.079451
73 26 0.079451
73 27 0.079451
73 28 0.079451
73 29 0.079451
73 30 0.079451
73 31 0.079451
73 32 0.079451
73 33 0.079450
73 34 0.079450
73 35 0.079450
73 36 0.079450
73 37 0.079450
73 38 0.079450
73 39 0.079449
73 40 0.079449
73 41 0.079449
73 42 0.079448
73 43 0.079448
73 44 0.079448
73 45 0.079447
73 46 0.079447
73 47 0.079447
73 48 0.079447
73 49 0.079447
73 50 0.079447
73 51 0.079446
73 52 0.079446
73 53 0.079447
73 54 0.079447
73 55 0.079447
73 56 0.079447
73 57 0.079447
73 58 0.079447
73 59 0.079447
73 60 0.079447
73 61 0.079447
73 62 0.079447
73 63 0.079447
73 64 0.079447
73 65 0.079447
73 66 0.079448
73 67 0.079448
73 68 0.079448
73 69 0.079448
73 70 0.079448
73 71 0.079449
73 72 0.079449
73 73 0.079449
73 74 0.079449
73 75 0.079450
73 76 0.079450
73 77 0.079450
73 78 0.079450
73 79 0.079450
73 80 0.079451
73 81 0.079451
73 82 0.079451
73 83 0.079451
73 84 0.079451
73 85 0.079452
73 86 0.079452
73 87 0.079452
73 88 0.079452
73 89 0.079452
73 90 0.079453
73 91 0.079453
73 92 0.079453
73 93 0.079454
73 94 0.079454
73 95 0.079454
73 96 0.079455
73 97 0.079454
73 98 0.079456
73 99 0.079454

74 0 0.079447
74 1 0.079449
74 2 0.079449
74 3 0.079450
74 4 0.079450
74 5 0.079450
74 6 0.079450
74 7 0.079451
74 8 0.079451
74 9 0.079451
74 10 0.079451
74 11 0.079451
74 12 0.079451
74 13 0.079451
74 14 0.079451
74 15 0.079451
74 16 0.079451
74 17 0.079451
74 18 0.079451
74 19 0.079451
74 20 0.079451
74 21 0.079451
74 22 0.079451
74 23 0.079451
74 24 0.079451
74 25 0.079451
74 26 0.079451
74 27 0.079451
74 28 0.079451
74 29 0.079451
74 30 0.079451
74 31 0.079451
74 32 0.079451
74 33 0.079451
74 34 0.079451
74 35 0.079451
74 36 0.079451
74 37 0.079450
74 38 0.079450
74 39 0.079450
74 40 0.079450
74 41 0.079449
74 42 0.079449
74 43 0.079449
74 44 0.079448
74 45 0.079448
74 46 0.079448
74 47 0.079448
74 48 0.079447
74 49 0.079447
74 50 0.079447
74 51 0.079447
74 52 0.079447
74 53 0.079447
74 54 0.079447
74 55 0.079447
74 56 0.079447
74 57 0.079447
74 58 0.079447
74 59 0.079448
74 60 0.079448
74 61 0.079448
74 62 0.079448
74 63 0.079448
74 64 0.079448
74 65 0.079448
74 66 0.079448
74 67 0.079448
74 68 0.079448
74 69 0.079449
74 70 0.079449
74 71 0.079449
74 72 0.079449
74 73 0.079450
74 74 0.079450
74 75 0.079450
74 76 0.079450
74 77 0.079451
74 78 0.079451
74 79 0.079451
74 80 0.079451
74 81 0.079451
74 82 0.079451
74 83 0.079452
74 84 0.079452
74 85 0.079452
74 86 0.079452
74 87 0.079452
74 88 0.079452
74 89 0.079453
74 90 0.079453
74 91 0.079453
74 92 0.079454
74 93 0.079454
74 94 0.079454
74 95 0.079454
74 96 0.079455
74 97 0.079455
74 98 0.079456
74 99 0.079454

75 0 0.079447
75 1 0.079450
75 2 0.079449
75 3 0.079450
75 4 0.079450
75 5 0.079451
75 6 0.079451
75 7 0.079451
75 8 0.079451
75 9 0.079452
75 10 0.079452
75 11 0.079452
75 12 0.079452
75 13 0.079452
75 14 0.079452
75 15 0.079452
75 16 0.079451
75 17 0.079451
75 18 0.079451
75 19 0.079451
75 20 0.079451
75 21 0.079451
75 22 0.079451
75 23 0.079451
75 24 0.079451
75 25 0.079451
75 26 0.079452
75 27 0.079452
75 28 0.079452
75 29 0.079452
75 30 0.079452
75 31 0.079452
75 32 0.079452
75 33 0.079452
75 34 0.079451
75 35 0.079451
75 36 0.079451
75 37 0.079451
75 38 0.079451
75 39 0.079451
75 40 0.079450
75 41 0.079450
75 42 0.079450
75 43 0.079449
75 44 0.079449
75 45 0.079449
75 46 0.079449
75 47 0.079448
75 48 0.079448
75 49 0.079448
75 50 0.079448
75 51 0.079448
75 52 0.079448
75 53 0.079448
75 54 0.079448
75 55 0.079448
75 56 0.079448
75 57 0.079448
75 58 0.079448
75 59 0.079448
75 60 0.079448
75 61 0.079448
75 62 0.079448
75 63 0.079448
75 64 0.079448
75 65 0.079448
75 66 0.079448
75 67 0.079449
75 68 0.079449
75 69 0.079449
75 70 0.079449
75 71 0.079449
75 72 0.079450
75 73 0.079450
75 74 0.079450
75 75 0.079450
75 76 0.079451
75 77 0.079451
75 78 0.079451
75 79 0.079451
75 80 0.079451
75 81 0.079452
75 82 0.079452
75 83 0.079452
75 84 0.079452
75 85 0.079452
75 86 0.079452
75 87 0.079453
75 88 0.079453
75 89 0.079453
75 90 0.079453
75 91 0.079454
75 92 0.079454
75 93 0.079454
75 94 0.079454
75 95 0.079455
75 96 0.079455
75 97 0.079455
75 98 0.079456
75 99 0.079454

76 0 0.079448
76 1 0.079450
76 2 0.079450
76 3 0.079450
76 4 0.079451
76 5 0.079451
76 6 0.079451
76 7 0.079452
76 8 0.079452
76 9 0.079452
76 10 0.079452
76 11 0.079452
76 12 0.079452
76 13 0.079452
76 14 0.079452
76 15 0.079452
76 16 0.079452
76 17 0.079452
76 18 0.079452
76 19 0.079452
76 20 0.079452
76 21 0.079452
76 22 0.079452
76 23 0.079452
76 24 0.079452
76 25 0.079452
76 26 0.079452
76 27 0.079452
76 28 0.079452
76 29 0.079452
76 30 0.079452
76 31 0.079452
76 32 0.079452
76 33 0.079452
76 34 0.079452
76 35 0.079452
76 36 0.079452
76 37 0.079452
76 38 0.079451
76 39 0.079451
76 40 0.079451
76 41 0.079451
76 42 0.079450
76 43 0.079450
76 44 0.079450
76 45 0.079450
76 46 0.079449
76 47 0.079449
76 48 0.079449
76 49 0.079449
76 50 0.079448
76 51 0.079448
76 52 0.079448
76 53 0.079448
76 54 0.079448
76 55 0.079448
76 56 0.079448
76 57 0.079448
76 58 0.079448
76 59 0.079448
76 60 0.079448
76 61 0.079448
76 62 0.079448
76 63 0.079449
76 64 0.079449
76 65 0.079449
76 66 0.079449
76 67 0.079449
76 68 0.079449
76 69 0.079449
76 70 0.079450
76 71 0.079450
76 72 0.079450
76 73 0.079450
76 74 0.079451
76 75 0.079451
76 76 0.079451
76 77 0.079451
76 78 0.079451
76 79 0.079452
76 80 0.079452
76 81 0.079452
76 82 0.079452
76 83 0.079452
76 84 0.079452
76 85 0.079453
76 86 0.079453
76 87 0.079453
76 88 0.079453
76 89 0.079453
76 90 0.079454
76 91 0.079454
76 92 0.079454
76 93 0.079454
76 94 0.079455
76 95 0.079455
76 96 0.079455
76 97 0.079455
76 98 0.079456
76 99 0.079455

77 0 0.079448
77 1 0.079451
77 2 0.079450
77 3 0.079451
77 4 0.079451
77 5 0.079451
77 6 0.079452
77 7 0.079452
77 8 0.079452
77 9 0.079452
77 10 0.079452
77 11 0.079452
77 12 0.079453
77 13 0.079452
77 14 0.079452
77 15 0.079452
77 16 0.079452
77 17 0.079452
77 18 0.079452
77 19 0.079452
77 20 0.079452
77 21 0.079452
77 22 0.079452
77 23 0.079452
77 24 0.079452
77 25 0.079452
77 26 0.079452
77 27 0.079453
77 28 0.079453
77 29 0.079453
77 30 0.079453
77 31 0.079453
77 32 0.079453
77 33 0.079453
77 34 0.079453
77 35 0.079453
77 36 0.079452
77 37 0.079452
77 38 0.079452
77 39 0.079452
77 40 0.079452
77 41 0.079451
77 42 0.079451
77 43 0.079451
77 44 0.079451
77 45 0.079450
77 46 0.079450
77 47 0.079450
77 48 0.079450
77 49 0.079449
77 50 0.079449
77 51 0.079449
77 52 0.079449
77 53 0.079449
77 54 0.079449
77 55 0.079449
77 56 0.079449
77 57 0.079449
77 58 0.079449
77 59 0.079449
77 60 0.079449
77 61 0.079449
77 62 0.079449
77 63 0.079449
77 64 0.079449
77 65 0.079449
77 66 0.079449
77 67 0.079449
77 68 0.079449
77 69 0.079450
77 70 0.079450
77 71 0.079450
77 72 0.079450
77 73 0.079451
77 74 0.079451
77 75 0.079451
77 76 0.079451
77 77 0.079452
77 78 0.079452
77 79 0.079452
77 80 0.079452
77 81 0.079452
77 82 0.079452
77 83 0.079453
77 84 0.079453
77 85 0.079453
77 86 0.079453
77 87 0.079453
77 88 0.079453
77 89 0.079454
77 90 0.079454
77 91 0.079454
77 92 0.079454
77 93 0.079455
77 94 0.079455
77 95 0.079455
77 96 0.079456
77 97 0.079455
77 98 0.079457
77 99 0.079455

78 0 0.079448
78 1 0.079451
78 2 0.079450
78 3 0.079451
78 4 0.079451
78 5 0.079452
78 6 0.079452
78 7 0.079452
78 8 0.079453
78 9 0.079453
78 10 0.079453
78 11 0.079453
78 12 0.079453
78 13 0.079453
78 14 0.079453
78 15 0.079453
78 16 0.079453
78 17 0.079453
78 18 0.079453
78 19 0.079453
78 20 0.079453
78 21 0.079453
78 22 0.079453
78 23 0.079453
78 24 0.079453
78 25 0.079453
78 26 0.079453
78 27 0.079453
78 28 0.079453
78 29 0.079453
78 30 0.079453
78 31 0.079453
78 32 0.079453
78 33 0.079453
78 34 0.079453
78 35 0.079453
78 36 0.079453
78 37 0.079453
78 38 0.079453
78 39 0.079453
78 40 0.079452
78 41 0.079452
78 42 0.079452
78 43 0.079452
78 44 0.079451
78 45 0.079451
78 46 0.079451
78 47 0.079450
78 48 0.079450
78 49 0.079450
78 50 0.079450
78 51 0.079450
78 52 0.079449
78 53 0.079449
78 54 0.079449
78 55 0.079449
78 56 0.079449
78 57 0.079449
78 58 0.079449
78 59 0.079449
78 60 0.079449
78 61 0.079449
78 62 0.079449
78 63 0.079449
78 64 0.079449
78 65 0.079449
78 66 0.079449
78 67 0.079450
78 68 0.079450
78 69 0.079450
78 70 0.079450
78 71 0.079451
78 72 0.079451
78 73 0.079451
78 74 0.079451
78 75 0.079451
78 76 0.079452
78 77 0.079452
78 78 0.079452
78 79 0.079452
78 80 0.079452
78 81 0.079453
78 82 0.079453
78 83 0.079453
78 84 0.079453
78 85 0.079453
78 86 0.079453
78 87 0.079454
78 88 0.079454
78 89 0.079454
78 90 0.079454
78 91 0.079455
78 92 0.079455
78 93 0.079455
78 94 0.079455
78 95 0.079456
78 96 0.079456
78 97 0.079456
78 98 0.079457
78 99 0.079455

79 0 0.079449
79 1 0.079451
79 2 0.079451
79 3 0.079452
79 4 0.079452
79 5 0.079452
79 6 0.079453
79 7 0.079453
79 8 0.079453
79 9 0.079453
79 10 0.079453
79 11 0.079453
79 12 0.079453
79 13 0.079453
79 14 0.079453
79 15 0.079453
79 16 0.079453
79 17 0.079453
79 18 0.079453
79 19 0.079453
79 20 0.079453
79 21 0.079453
79 22 0.079453
79 23 0.079453
79 24 0.079453
79 25 0.079453
79 26 0.079453
79 27 0.079454
79 28 0.079454
79 29 0.079454
79 30 0.079454
79 31 0.079454
79 32 0.079454
79 33 0.079454
79 34 0.079454
79 35 0.079454
79 36 0.079454
79 37 0.079454
79 38 0.079453
79 39 0.079453
79 40 0.079453
79 41 0.079453
79 42 0.079453
79 43 0.079452
79 44 0.079452
79 45 0.079452
79 46 0.079451
79 47 0.079451
79 48 0.079451
79 49 0.079451
79 50 0.079450
79 51 0.079450
79 52 0.079450
79 53 0.079450
79 54 0.079450
79 55 0.079450
79 56 0.079450
79 57 0.079450
79 58 0.079450
79 59 0.079450
79 60 0.079450
79 61 0.079450
79 62 0.079450
79 63 0.079450
79 64 0.079450
79 65 0.079450
79 66 0.079450
79 67 0.079450
79 68 0.079450
79 69 0.079450
79 70 0.079451
79 71 0.079451
79 72 0.079451
79 73 0.079451
79 74 0.079452
79 75 0.079452
79 76 0.079452
79 77 0.079452
79 78 0.079452
79 79 0.079453
79 80 0.079453
79 81 0.079453
79 82 0.079453
79 83 0.079453
79 84 0.079453
79 85 0.079454
79 86 0.079454
79 87 0.079454
79 88 0.079454
79 89 0.079454
79 90 0.079455
79 91 0.079455
79 92 0.079455
79 93 0.079455
79 94 0.079456
79 95 0.079456
79 96 0.079456
79 97 0.079456
79 98 0.079457
79 99 0.079455

80 0 0.079449
80 1 0.079452
80 2 0.079451
80 3 0.079452
80 4 0.079452
80 5 0.079453
80 6 0.079453
80 7 0.079453
80 8 0.079454
80 9 0.079454
80 10 0.079454
80 11 0.079454
80 12 0.079454
80 13 0.079454
80 14 0.079454
80 15 0.079454
80 16 0.079454
80 17 0.079454
80 18 0.079454
80 19 0.079454
80 20 0.079454
80 21 0.079454
80 22 0.079454
80 23 0.079454
80 24 0.079454
80 25 0.079454
80 26 0.079454
80 27 0.079454
80 28 0.079454
80 29 0.079454
80 30 0.079454
80 31 0.079454
80 32 0.079454
80 33 0.079454
80 34 0.079454
80 35 0.079454
80 36 0.079454
80 37 0.079454
80 38 0.079454
80 39 0.079454
80 40 0.079454
80 41 0.079454
80 42 0.079453
80 43 0.079453
80 44 0.079453
80 45 0.079452
80 46 0.079452
80 47 0.079452
80 48 0.079451
80 49 0.079451
80 50 0.079451
80 51 0.079451
80 52 0.079451
80 53 0.079450
80 54 0.079450
80 55 0.079450
80 56 0.079450
80 57 0.079450
80 58 0.079450
80 59 0.079450
80 60 0.079450
80 61 0.079450
80 62 0.079450
80 63 0.079450
80 64 0.079450
80 65 0.079450
80 66 0.079450
80 67 0.079450
80 68 0.079451
80 69 0.079451
80 70 0.079451
80 71 0.079451
80 72 0.079451
80 73 0.079452
80 74 0.079452
80 75 0.079452
80 76 0.079452
80 77 0.079453
80 78 0.079453
80 79 0.079453
80 80 0.079453
80 81 0.079453
80 82 0.079453
80 83 0.079454
80 84 0.079454
80 85 0.079454
80 86 0.079454
80 87 0.079454
80 88 0.079454
80 89 0.079455
80 90 0.079455
80 91 0.079455
80 92 0.079455
80 93 0.079456
80 94 0.079456
80 95 0.079456
80 96 0.079457
80 97 0.079456
80 98 0.079458
80 99 0.079455

81 0 0.079450
81 1 0.079452
81 2 0.079451
81 3 0.079452
81 4 0.079453
81 5 0.079453
81 6 0.079453
81 7 0.079454
81 8 0.079454
81 9 0.079454
81 10 0.079454
81 11 0.079454
81 12 0.079454
81 13 0.079454
81 14 0.079454
81 15 0.079454
81 16 0.079454
81 17 0.079454
81 18 0.079454
81 19 0.079454
81 20 0.079454
81 21 0.079454
81 22 0.079454
81 23 0.079454
81 24 0.079454
81 25 0.079454
81 26 0.079455
81 27 0.079455
81 28 0.079455
81 29 0.079455
81 30 0.079455
81 31 0.079455
81 32 0.079455
81 33 0.079455
81 34 0.079455
81 35 0.079455
81 36 0.079455
81 37 0.079455
81 38 0.079455
81 39 0.079455
81 40 0.079454
81 41 0.079454
81 42 0.079454
81 43 0.079454
81 44 0.079453
81 45 0.079453
81 46 0.079453
81 47 0.079452
81 48 0.079452
81 49 0.079452
81 50 0.079452
81 51 0.079451
81 52 0.079451
81 53 0.079451
81 54 0.079451
81 55 0.079451
81 56 0.079451
81 57 0.079451
81 58 0.079450
81 59 0.079450
81 60 0.079450
81 61 0.079450
81 62 0.079450
81 63 0.079450
81 64 0.079450
81 65 0.079450
81 66 0.079451
81 67 0.079451
81 68 0.079451
81 69 0.079451
81 70 0.079451
81 71 0.079452
81 72 0.079452
81 73 0.079452
81 74 0.079452
81 75 0.079452
81 76 0.079453
81 77 0.079453
81 78 0.079453
81 79 0.079453
81 80 0.079453
81 81 0.079454
81 82 0.079454
81 83 0.079454
81 84 0.079454
81 85 0.079454
81 86 0.079454
81 87 0.079455
81 88 0.079455
81 89 0.079455
81 90 0.079455
81 91 0.079456
81 92 0.079456
81 93 0.079456
81 94 0.079456
81 95 0.079456
81 96 0.079457
81 97 0.079456
81 98 0.079458
81 99 0.079456

82 0 0.079450
82 1 0.079453
82 2 0.079452
82 3 0.079453
82 4 0.079453
82 5 0.079453
82 6 0.079454
82 7 0.079454
82 8 0.079454
82 9 0.079454
82 10 0.079455
82 11 0.079455
82 12 0.079455
82 13 0.079455
82 14 0.079455
82 15 0.079455
82 16 0.079455
82 17 0.079455
82 18 0.079455
82 19 0.079455
82 20 0.079455
82 21 0.079455
82 22 0.079455
82 23 0.079455
82 24 0.079455
82 25 0.079455
82 26 0.079455
82 27 0.079455
82 28 0.079455
82 29 0.079455
82 30 0.079455
82 31 0.079455
82 32 0.079455
82 33 0.079455
82 34 0.079455
82 35 0.079455
82 36 0.079455
82 37 0.079455
82 38 0.079455
82 39 0.079455
82 40 0.079455
82 41 0.079455
82 42 0.079455
82 43 0.079454
82 44 0.079454
82 45 0.079454
82 46 0.079453
82 47 0.079453
82 48 0.079453
82 49 0.079452
82 50 0.079452
82 51 0.079452
82 52 0.079452
82 53 0.079452
82 54 0.079451
82 55 0.079451
82 56 0.079451
82 57 0.079451
82 58 0.079451
82 59 0.079451
82 60 0.079451
82 61 0.079451
82 62 0.079451
82 63 0.079451
82 64 0.079451
82 65 0.079451
82 66 0.079451
82 67 0.079451
82 68 0.079451
82 69 0.079451
82 70 0.079452
82 71 0.079452
82 72 0.079452
82 73 0.079452
82 74 0.079452
82 75 0.079453
82 76 0.079453
82 77 0.079453
82 78 0.079453
82 79 0.079453
82 80 0.079454
82 81 0.079454
82 82 0.079454
82 83 0.079454
82 84 0.079454
82 85 0.079455
82 86 0.079455
82 87 0.079455
82 88 0.079455
82 89 0.079455
82 90 0.079455
82 91 0.079456
82 92 0.079456
82 93 0.079456
82 94 0.079456
82 95 0.079457
82 96 0.079457
82 97 0.079457
82 98 0.079458
82 99 0.079456

83 0 0.079450
83 1 0.079453
83 2 0.079452
83 3 0.079453
83 4 0.079453
83 5 0.079454
83 6 0.079454
83 7 0.079454
83 8 0.079455
83 9 0.079455
83 10 0.079455
83 11 0.079455
83 12 0.079455
83 13 0.079455
83 14 0.079455
83 15 0.079455
83 16 0.079455
83 17 0.079455
83 18 0.079455
83 19 0.079455
83 20 0.079455
83 21 0.079455
83 22 0.079455
83 23 0.079455
83 24 0.079455
83 25 0.079455
83 26 0.079455
83 27 0.079456
83 28 0.079456
83 29 0.079456
83 30 0.079456
83 31 0.079456
83 32 0.079456
83 33 0.079456
83 34 0.079456
83 35 0.079456
83 36 0.079456
83 37 0.079456
83 38 0.079456
83 39 0.079456
83 40 0.079456
83 41 0.079455
83 42 0.079455
83 43 0.079455
83 44 0.079455
83 45 0.079454
83 46 0.079454
83 47 0.079454
83 48 0.079453
83 49 0.079453
83 50 0.079453
83 51 0.079452
83 52 0.079452
83 53 0.079452
83 54 0.079452
83 55 0.079452
83 56 0.079452
83 57 0.079451
83 58 0.079451
83 59 0.079451
83 60 0.079451
83 61 0.079451
83 62 0.079451
83 63 0.079451
83 64 0.079451
83 65 0.079451
83 66 0.079451
83 67 0.079451
83 68 0.079452
83 69 0.079452
83 70 0.079452
83 71 0.079452
83 72 0.079452
83 73 0.079453
83 74 0.079453
83 75 0.079453
83 76 0.079453
83 77 0.079453
83 78 0.079454
83 79 0.079454
83 80 0.079454
83 81 0.079454
83 82 0.079454
83 83 0.079455
83 84 0.079455
83 85 0.079455
83 86 0.079455
83 87 0.079455
83 88 0.079455
83 89 0.079456
83 90 0.079456
83 91 0.079456
83 92 0.079456
83 93 0.079457
83 94 0.079457
83 95 0.079457
83 96 0.079457
83 97 0.079457
83 98 0.079458
83 99 0.079456

84 0 0.079451
84 1 0.079453
84 2 0.079453
84 3 0.079453
84 4 0.079454
84 5 0.079454
84 6 0.079455
84 7 0.079455
84 8 0.079455
84 9 0.079455
84 10 0.079455
84 11 0.079455
84 12 0.079456
84 13 0.079456
84 14 0.079456
84 15 0.079456
84 16 0.079456
84 17 0.079456
84 18 0.079456
84 19 0.079456
84 20 0.079456
84 21 0.079456
84 22 0.079456
84 23 0.079456
84 24 0.079456
84 25 0.079456
84 26 0.079456
84 27 0.079456
84 28 0.079456
84 29 0.079456
84 30 0.079456
84 31 0.079456
84 32 0.079456
84 33 0.079456
84 34 0.079457
84 35 0.079457
84 36 0.079457
84 37 0.079457
84 38 0.079457
84 39 0.079456
84 40 0.079456
84 41 0.079456
84 42 0.079456
84 43 0.079456
84 44 0.079455
84 45 0.079455
84 46 0.079455
84 47 0.079454
84 48 0.079454
84 49 0.079454
84 50 0.079453
84 51 0.079453
84 52 0.079453
84 53 0.079453
84 54 0.079452
84 55 0.079452
84 56 0.079452
84 57 0.079452
84 58 0.079452
84 59 0.079452
84 60 0.079452
84 61 0.079452
84 62 0.079452
84 63 0.079452
84 64 0.079452
84 65 0.079452
84 66 0.079452
84 67 0.079452
84 68 0.079452
84 69 0.079452
84 70 0.079452
84 71 0.079452
84 72 0.079453
84 73 0.079453
84 74 0.079453
84 75 0.079453
84 76 0.079453
84 77 0.079454
84 78 0.079454
84 79 0.079454
84 80 0.079454
84 81 0.079454
84 82 0.079455
84 83 0.079455
84 84 0.079455
84 85 0.079455
84 86 0.079455
84 87 0.079456
84 88 0.079456
84 89 0.079456
84 90 0.079456
84 91 0.079456
84 92 0.079457
84 93 0.079457
84 94 0.079457
84 95 0.079457
84 96 0.079458
84 97 0.079457
84 98 0.079459
84 99 0.079456

85 0 0.079451
85 1 0.079454
85 2 0.079453
85 3 0.079454
85 4 0.079454
85 5 0.079455
85 6 0.079455
85 7 0.079455
85 8 0.079456
85 9 0.079456
85 10 0.079456
85 11 0.079456
85 12 0.079456
85 13 0.079456
85 14 0.079456
85 15 0.079456
85 16 0.079456
85 17 0.079456
85 18 0.079456
85 19 0.079456
85 20 0.079456
85 21 0.079456
85 22 0.079456
85 23 0.079456
85 24 0.079456
85 25 0.079456
85 26 0.079456
85 27 0.079456
85 28 0.079457
85 29 0.079457
85 30 0.079457
85 31 0.079457
85 32 0.079457
85 33 0.079457
85 34 0.079457
85 35 0.079457
85 36 0.079457
85 37 0.079457
85 38 0.079457
85 39 0.079457
85 40 0.079457
85 41 0.079457
85 42 0.079456
85 43 0.079456
85 44 0.079456
85 45 0.079456
85 46 0.079455
85 47 0.079455
85 48 0.079454
85 49 0.079454
85 50 0.079454
85 51 0.079454
85 52 0.079453
85 53 0.079453
85 54 0.079453
85 55 0.079453
85 56 0.079453
85 57 0.079452
85 58 0.079452
85 59 0.079452
85 60 0.079452
85 61 0.079452
85 62 0.079452
85 63 0.079452
85 64 0.079452
85 65 0.079452
85 66 0.079452
85 67 0.079452
85 68 0.079452
85 69 0.079452
85 70 0.079453
85 71 0.079453
85 72 0.079453
85 73 0.079453
85 74 0.079453
85 75 0.079453
85 76 0.079454
85 77 0.079454
85 78 0.079454
85 79 0.079454
85 80 0.079455
85 81 0.079455
85 82 0.079455
85 83 0.079455
85 84 0.079455
85 85 0.079456
85 86 0.079456
85 87 0.079456
85 88 0.079456
85 89 0.079456
85 90 0.079456
85 91 0.079457
85 92 0.079457
85 93 0.079457
85 94 0.079457
85 95 0.079458
85 96 0.079458
85 97 0.079458
85 98 0.079459
85 99 0.079457

86 0 0.079451
86 1 0.079454
86 2 0.079453
86 3 0.079454
86 4 0.079454
86 5 0.079455
86 6 0.079455
86 7 0.079456
86 8 0.079456
86 9 0.079456
86 10 0.079456
86 11 0.079456
86 12 0.079456
86 13 0.079456
86 14 0.079456
86 15 0.079456
86 16 0.079456
86 17 0.079456
86 18 0.079456
86 19 0.079456
86 20 0.079456
86 21 0.079457
86 22 0.079457
86 23 0.079457
86 24 0.079457
86 25 0.079457
86 26 0.079457
86 27 0.079457
86 28 0.079457
86 29 0.079457
86 30 0.079457
86 31 0.079457
86 32 0.079457
86 33 0.079457
86 34 0.079457
86 35 0.079457
86 36 0.079457
86 37 0.079457
86 38 0.079457
86 39 0.079457
86 40 0.079457
86 41 0.079457
86 42 0.079457
86 43 0.079457
86 44 0.079456
86 45 0.079456
86 46 0.079456
86 47 0.079455
86 48 0.079455
86 49 0.079455
86 50 0.079454
86 51 0.079454
86 52 0.079454
86 53 0.079454
86 54 0.079453
86 55 0.079453
86 56 0.079453
86 57 0.079453
86 58 0.079453
86 59 0.079453
86 60 0.079453
86 61 0.079453
86 62 0.079453
86 63 0.079452
86 64 0.079452
86 65 0.079452
86 66 0.079452
86 67 0.079453
86 68 0.079453
86 69 0.079453
86 70 0.079453
86 71 0.079453
86 72 0.079453
86 73 0.079453
86 74 0.079454
86 75 0.079454
86 76 0.079454
86 77 0.079454
86 78 0.079454
86 79 0.079455
86 80 0.079455
86 81 0.079455
86 82 0.079455
86 83 0.079455
86 84 0.079456
86 85 0.079456
86 86 0.079456
86 87 0.079456
86 88 0.079456
86 89 0.079457
86 90 0.079457
86 91 0.079457
86 92 0.079457
86 93 0.079457
86 94 0.079458
86 95 0.079458
86 96 0.079458
86 97 0.079458
86 98 0.079459
86 99 0.079457

87 0 0.079452
87 1 0.079454
87 2 0.079454
87 3 0.079455
87 4 0.079455
87 5 0.079455
87 6 0.079456
87 7 0.079456
87 8 0.079456
87 9 0.079456
87 10 0.079457
87 11 0.079457
87 12 0.079457
87 13 0.079457
87 14 0.079457
87 15 0.079457
87 16 0.079457
87 17 0.079457
87 18 0.079457
87 19 0.079457
87 20 0.079457
87 21 0.079457
87 22 0.079457
87 23 0.079457
87 24 0.079457
87 25 0.079457
87 26 0.079457
87 27 0.079457
87 28 0.079457
87 29 0.079457
87 30 0.079457
87 31 0.079457
87 32 0.079458
87 33 0.079458
87 34 0.079458
87 35 0.079458
87 36 0.079458
87 37 0.079458
87 38 0.079458
87 39 0.079458
87 40 0.079458
87 41 0.079458
87 42 0.079457
87 43 0.079457
87 44 0.079457
87 45 0.079457
87 46 0.079456
87 47 0.079456
87 48 0.079456
87 49 0.079455
87 50 0.079455
87 51 0.079455
87 52 0.079454
87 53 0.079454
87 54 0.079454
87 55 0.079454
87 56 0.079454
87 57 0.079453
87 58 0.079453
87 59 0.079453
87 60 0.079453
87 61 0.079453
87 62 0.079453
87 63 0.079453
87 64 0.079453
87 65 0.079453
87 66 0.079453
87 67 0.079453
87 68 0.079453
87 69 0.079453
87 70 0.079453
87 71 0.079453
87 72 0.079453
87 73 0.079454
87 74 0.079454
87 75 0.079454
87 76 0.079454
87 77 0.079454
87 78 0.079455
87 79 0.079455
87 80 0.079455
87 81 0.079455
87 82 0.079455
87 83 0.079456
87 84 0.079456
87 85 0.079456
87 86 0.079456
87 87 0.079456
87 88 0.079457
87 89 0.079457
87 90 0.079457
87 91 0.079457
87 92 0.079457
87 93 0.079458
87 94 0.079458
87 95 0.079458
87 96 0.079459
87 97 0.079458
87 98 0.079460
87 99 0.079458

88 0 0.079452
88 1 0.079455
88 2 0.079454
88 3 0.079455
88 4 0.079455
88 5 0.079455
88 6 0.079456
88 7 0.079456
88 8 0.079457
88 9 0.079457
88 10 0.079457
88 11 0.079457
88 12 0.079457
88 13 0.079457
88 14 0.079457
88 15 0.079457
88 16 0.079457
88 17 0.079457
88 18 0.079457
88 19 0.079457
88 20 0.079457
88 21 0.079457
88 22 0.079457
88 23 0.079457
88 24 0.079457
88 25 0.079457
88 26 0.079457
88 27 0.079457
88 28 0.079457
88 29 0.079458
88 30 0.079458
88 31 0.079458
88 32 0.079458
88 33 0.079458
88 34 0.079458
88 35 0.079458
88 36 0.079458
88 37 0.079458
88 38 0.079458
88 39 0.079458
88 40 0.079458
88 41 0.079458
88 42 0.079458
88 43 0.079458
88 44 0.079457
88 45 0.079457
88 46 0.079457
88 47 0.079456
88 48 0.079456
88 49 0.079456
88 50 0.079455
88 51 0.079455
88 52 0.079455
88 53 0.079455
88 54 0.079454
88 55 0.079454
88 56 0.079454
88 57 0.079454
88 58 0.079454
88 59 0.079454
88 60 0.079454
88 61 0.079453
88 62 0.079453
88 63 0.079453
88 64 0.079453
88 65 0.079453
88 66 0.079453
88 67 0.079453
88 68 0.079453
88 69 0.079453
88 70 0.079453
88 71 0.079454
88 72 0.079454
88 73 0.079454
88 74 0.079454
88 75 0.079454
88 76 0.079454
88 77 0.079455
88 78 0.079455
88 79 0.079455
88 80 0.079455
88 81 0.079455
88 82 0.079456
88 83 0.079456
88 84 0.079456
88 85 0.079456
88 86 0.079456
88 87 0.079457
88 88 0.079457
88 89 0.079457
88 90 0.079457
88 91 0.079458
88 92 0.079458
88 93 0.079458
88 94 0.079458
88 95 0.079458
88 96 0.079459
88 97 0.079459
88 98 0.079460
88 99 0.079458

89 0 0.079452
89 1 0.079455
89 2 0.079454
89 3 0.079455
89 4 0.079455
89 5 0.079456
89 6 0.079456
89 7 0.079456
89 8 0.079457
89 9 0.079457
89 10 0.079457
89 11 0.079457
89 12 0.079457
89 13 0.079457
89 14 0.079457
89 15 0.079457
89 16 0.079457
89 17 0.079457
89 18 0.079457
89 19 0.079457
89 20 0.079457
89 21 0.079457
89 22 0.079458
89 23 0.079458
89 24 0.079458
89 25 0.079458
89 26 0.079458
89 27 0.079458
89 28 0.079458
89 29 0.079458
89 30 0.079458
89 31 0.079458
89 32 0.079458
89 33 0.079458
89 34 0.079458
89 35 0.079458
89 36 0.079458
89 37 0.079458
89 38 0.079458
89 39 0.079458
89 40 0.079458
89 41 0.079458
89 42 0.079458
89 43 0.079458
89 44 0.079458
89 45 0.079457
89 46 0.079457
89 47 0.079457
89 48 0.079457
89 49 0.079456
89 50 0.079456
89 51 0.079456
89 52 0.079455
89 53 0.079455
89 54 0.079455
89 55 0.079455
89 56 0.079454
89 57 0.079454
89 58 0.079454
89 59 0.079454
89 60 0.079454
89 61 0.079454
89 62 0.079454
89 63 0.079454
89 64 0.079454
89 65 0.079454
89 66 0.079454
89 67 0.079454
89 68 0.079454
89 69 0.079454
89 70 0.079454
89 71 0.079454
89 72 0.079454
89 73 0.079454
89 74 0.079454
89 75 0.079454
89 76 0.079455
89 77 0.079455
89 78 0.079455
89 79 0.079455
89 80 0.079455
89 81 0.079456
89 82 0.079456
89 83 0.079456
89 84 0.079456
89 85 0.079457
89 86 0.079457
89 87 0.079457
89 88 0.079457
89 89 0.079457
89 90 0.079458
89 91 0.079458
89 92 0.079458
89 93 0.079458
89 94 0.079459
89 95 0.079459
89 96 0.079459
89 97 0.079459
89 98 0.079460
89 99 0.079458

90 0 0.079453
90 1 0.079455
90 2 0.079455
90 3 0.079455
90 4 0.079456
90 5 0.079456
90 6 0.079457
90 7 0.079457
90 8 0.079457
90 9 0.079457
90 10 0.079458
90 11 0.079458
90 12 0.079458
90 13 0.079458
90 14 0.079458
90 15 0.079458
90 16 0.079458
90 17 0.079458
90 18 0.079458
90 19 0.079458
90 20 0.079458
90 21 0.079458
90 22 0.079458
90 23 0.079458
90 24 0.079458
90 25 0.079458
90 26 0.079458
90 27 0.079458
90 28 0.079458
90 29 0.079458
90 30 0.079458
90 31 0.079458
90 32 0.079458
90 33 0.079458
90 34 0.079459
90 35 0.079459
90 36 0.079459
90 37 0.079459
90 38 0.079459
90 39 0.079459
90 40 0.079459
90 41 0.079459
90 42 0.079458
90 43 0.079458
90 44 0.079458
90 45 0.079458
90 46 0.079457
90 47 0.079457
90 48 0.079457
90 49 0.079457
90 50 0.079456
90 51 0.079456
90 52 0.079456
90 53 0.079456
90 54 0.079455
90 55 0.079455
90 56 0.079455
90 57 0.079455
90 58 0.079455
90 59 0.079455
90 60 0.079454
90 61 0.079454
90 62 0.079454
90 63 0.079454
90 64 0.079454
90 65 0.079454
90 66 0.079454
90 67 0.079454
90 68 0.079454
90 69 0.079454
90 70 0.079454
90 71 0.079454
90 72 0.079454
90 73 0.079454
90 74 0.079455
90 75 0.079455
90 76 0.079455
90 77 0.079455
90 78 0.079455
90 79 0.079456
90 80 0.079456
90 81 0.079456
90 82 0.079456
90 83 0.079456
90 84 0.079457
90 85 0.079457
90 86 0.079457
90 87 0.079457
90 88 0.079457
90 89 0.079458
90 90 0.079458
90 91 0.079458
90 92 0.079458
90 93 0.079459
90 94 0.079459
90 95 0.079459
90 96 0.079459
90 97 0.079459
90 98 0.079460
90 99 0.079459

91 0 0.079453
91 1 0.079455
91 2 0.079455
91 3 0.079456
91 4 0.079456
91 5 0.079456
91 6 0.079457
91 7 0.079457
91 8 0.079457
91 9 0.079458
91 10 0.079458
91 11 0.079458
91 12 0.079458
91 13 0.079458
91 14 0.079458
91 15 0.079458
91 16 0.079458
91 17 0.079458
91 18 0.079458
91 19 0.079458
91 20 0.079458
91 21 0.079458
91 22 0.079458
91 23 0.079458
91 24 0.079458
91 25 0.079458
91 26 0.079458
91 27 0.079458
91 28 0.079458
91 29 0.079458
91 30 0.079459
91 31 0.079459
91 32 0.079459
91 33 0.079459
91 34 0.079459
91 35 0.079459
91 36 0.079459
91 37 0.079459
91 38 0.079459
91 39 0.079459
91 40 0.079459
91 41 0.079459
91 42 0.079459
91 43 0.079459
91 44 0.079458
91 45 0.079458
91 46 0.079458
91 47 0.079458
91 48 0.079457
91 49 0.079457
91 50 0.079457
91 51 0.079457
91 52 0.079456
91 53 0.079456
91 54 0.079456
91 55 0.079456
91 56 0.079456
91 57 0.079455
91 58 0.079455
91 59 0.079455
91 60 0.079455
91 61 0.079455
91 62 0.079455
91 63 0.079455
91 64 0.079455
91 65 0.079454
91 66 0.079454
91 67 0.079454
91 68 0.079454
91 69 0.079454
91 70 0.079454
91 71 0.079455
91 72 0.079455
91 73 0.079455
91 74 0.079455
91 75 0.079455
91 76 0.079455
91 77 0.079455
91 78 0.079456
91 79 0.079456
91 80 0.079456
91 81 0.079456
91 82 0.079457
91 83 0.079457
91 84 0.079457
91 85 0.079457
91 86 0.079457
91 87 0.079458
91 88 0.079458
91 89 0.079458
91 90 0.079458
91 91 0.079459
91 92 0.079459
91 93 0.079459
91 94 0.079459
91 95 0.079459
91 96 0.079460
91 97 0.079460
91 98 0.079461
91 99 0.079459

92 0 0.079453
92 1 0.079456
92 2 0.079455
92 3 0.079456
92 4 0.079456
92 5 0.079457
92 6 0.079457
92 7 0.079457
92 8 0.079458
92 9 0.079458
92 10 0.079458
92 11 0.079458
92 12 0.079458
92 13 0.079458
92 14 0.079458
92 15 0.079458
92 16 0.079458
92 17 0.079458
92 18 0.079458
92 19 0.079458
92 20 0.079458
92 21 0.079458
92 22 0.079458
92 23 0.079458
92 24 0.079458
92 25 0.079458
92 26 0.079458
92 27 0.079459
92 28 0.079459
92 29 0.079459
92 30 0.079459
92 31 0.079459
92 32 0.079459
92 33 0.079459
92 34 0.079459
92 35 0.079459
92 36 0.079459
92 37 0.079459
92 38 0.079459
92 39 0.079459
92 40 0.079459
92 41 0.079459
92 42 0.079459
92 43 0.079459
92 44 0.079459
92 45 0.079459
92 46 0.079458
92 47 0.079458
92 48 0.079458
92 49 0.079458
92 50 0.079457
92 51 0.079457
92 52 0.079457
92 53 0.079457
92 54 0.079456
92 55 0.079456
92 56 0.079456
92 57 0.079456
92 58 0.079456
92 59 0.079456
92 60 0.079456
92 61 0.079455
92 62 0.079455
92 63 0.079455
92 64 0.079455
92 65 0.079455
92 66 0.079455
92 67 0.079455
92 68 0.079455
92 69 0.079455
92 70 0.079455
92 71 0.079455
92 72 0.079455
92 73 0.079455
92 74 0.079455
92 75 0.079455
92 76 0.079456
92 77 0.079456
92 78 0.079456
92 79 0.079456
92 80 0.079456
92 81 0.079457
92 82 0.079457
92 83 0.079457
92 84 0.079457
92 85 0.079458
92 86 0.079458
92 87 0.079458
92 88 0.079458
92 89 0.079458
92 90 0.079458
92 91 0.079459
92 92 0.079459
92 93 0.079459
92 94 0.079460
92 95 0.079460
92 96 0.079460
92 97 0.079460
92 98 0.079461
92 99 0.079459

93 0 0.079454
93 1 0.079456
93 2 0.079456
93 3 0.079456
93 4 0.079457
93 5 0.079457
93 6 0.079457
93 7 0.079458
93 8 0.079458
93 9 0.079458
93 10 0.079458
93 11 0.079458
93 12 0.079458
93 13 0.079458
93 14 0.079458
93 15 0.079458
93 16 0.079458
93 17 0.079458
93 18 0.079458
93 19 0.079458
93 20 0.079458
93 21 0.079458
93 22 0.079458
93 23 0.079459
93 24 0.079459
93 25 0.079459
93 26 0.079459
93 27 0.079459
93 28 0.079459
93 29 0.079459
93 30 0.079459
93 31 0.079459
93 32 0.079459
93 33 0.079460
93 34 0.079460
93 35 0.079460
93 36 0.079460
93 37 0.079460
93 38 0.079460
93 39 0.079460
93 40 0.079460
93 41 0.079460
93 42 0.079460
93 43 0.079459
93 44 0.079459
93 45 0.079459
93 46 0.079459
93 47 0.079459
93 48 0.079458
93 49 0.079458
93 50 0.079458
93 51 0.079458
93 52 0.079457
93 53 0.079457
93 54 0.079457
93 55 0.079457
93 56 0.079457
93 57 0.079456
93 58 0.079456
93 59 0.079456
93 60 0.079456
93 61 0.079456
93 62 0.079456
93 63 0.079456
93 64 0.079456
93 65 0.079456
93 66 0.079455
93 67 0.079455
93 68 0.079455
93 69 0.079455
93 70 0.079455
93 71 0.079455
93 72 0.079456
93 73 0.079456
93 74 0.079456
93 75 0.079456
93 76 0.079456
93 77 0.079456
93 78 0.079456
93 79 0.079457
93 80 0.079457
93 81 0.079457
93 82 0.079457
93 83 0.079457
93 84 0.079458
93 85 0.079458
93 86 0.079458
93 87 0.079458
93 88 0.079458
93 89 0.079459
93 90 0.079459
93 91 0.079459
93 92 0.079459
93 93 0.079460
93 94 0.079460
93 95 0.079460
93 96 0.079461
93 97 0.079460
93 98 0.079461
93 99 0.079460

94 0 0.079454
94 1 0.079456
94 2 0.079456
94 3 0.079457
94 4 0.079457
94 5 0.079457
94 6 0.079458
94 7 0.079458
94 8 0.079458
94 9 0.079458
94 10 0.079459
94 11 0.079459
94 12 0.079459
94 13 0.079459
94 14 0.079459
94 15 0.079459
94 16 0.079459
94 17 0.079459
94 18 0.079459
94 19 0.079459
94 20 0.079459
94 21 0.079459
94 22 0.079459
94 23 0.079459
94 24 0.079459
94 25 0.079459
94 26 0.079459
94 27 0.079459
94 28 0.079459
94 29 0.079459
94 30 0.079460
94 31 0.079460
94 32 0.079460
94 33 0.079460
94 34 0.079460
94 35 0.079460
94 36 0.079460
94 37 0.079460
94 38 0.079460
94 39 0.079460
94 40 0.079460
94 41 0.079460
94 42 0.079460
94 43 0.079460
94 44 0.079460
94 45 0.079459
94 46 0.079459
94 47 0.079459
94 48 0.079459
94 49 0.079459
94 50 0.079458
94 51 0.079458
94 52 0.079458
94 53 0.079458
94 54 0.079458
94 55 0.079457
94 56 0.079457
94 57 0.079457
94 58 0.079457
94 59 0.079457
94 60 0.079457
94 61 0.079457
94 62 0.079456
94 63 0.079456
94 64 0.079456
94 65 0.079456
94 66 0.079456
94 67 0.079456
94 68 0.079456
94 69 0.079456
94 70 0.079456
94 71 0.079456
94 72 0.079456
94 73 0.079456
94 74 0.079456
94 75 0.079456
94 76 0.079457
94 77 0.079457
94 78 0.079457
94 79 0.079457
94 80 0.079457
94 81 0.079457
94 82 0.079458
94 83 0.079458
94 84 0.079458
94 85 0.079458
94 86 0.079458
94 87 0.079459
94 88 0.079459
94 89 0.079459
94 90 0.079459
94 91 0.079460
94 92 0.079460
94 93 0.079460
94 94 0.079460
94 95 0.079461
94 96 0.079461
94 97 0.079461
94 98 0.079462
94 99 0.079460

95 0 0.079455
95 1 0.079457
95 2 0.079456
95 3 0.079457
95 4 0.079457
95 5 0.079458
95 6 0.079458
95 7 0.079458
95 8 0.079458
95 9 0.079459
95 10 0.079459
95 11 0.079459
95 12 0.079459
95 13 0.079459
95 14 0.079459
95 15 0.079459
95 16 0.079459
95 17 0.079459
95 18 0.079459
95 19 0.079459
95 20 0.079459
95 21 0.079459
95 22 0.079459
95 23 0.079459
95 24 0.079459
95 25 0.079459
95 26 0.079459
95 27 0.079459
95 28 0.079460
95 29 0.079460
95 30 0.079460
95 31 0.079460
95 32 0.079460
95 33 0.079460
95 34 0.079460
95 35 0.079461
95 36 0.079461
95 37 0.079461
95 38 0.079461
95 39 0.079461
95 40 0.079461
95 41 0.079461
95 42 0.079461
95 43 0.079460
95 44 0.079460
95 45 0.079460
95 46 0.079460
95 47 0.079460
95 48 0.079459
95 49 0.079459
95 50 0.079459
95 51 0.079459
95 52 0.079459
95 53 0.079458
95 54 0.079458
95 55 0.079458
95 56 0.079458
95 57 0.079458
95 58 0.079457
95 59 0.079457
95 60 0.079457
95 61 0.079457
95 62 0.079457
95 63 0.079457
95 64 0.079457
95 65 0.079457
95 66 0.079456
95 67 0.079456
95 68 0.079456
95 69 0.079456
95 70 0.079456
95 71 0.079456
95 72 0.079456
95 73 0.079456
95 74 0.079457
95 75 0.079457
95 76 0.079457
95 77 0.079457
95 78 0.079457
95 79 0.079457
95 80 0.079458
95 81 0.079458
95 82 0.079458
95 83 0.079458
95 84 0.079458
95 85 0.079459
95 86 0.079459
95 87 0.079459
95 88 0.079459
95 89 0.079460
95 90 0.079460
95 91 0.079460
95 92 0.079460
95 93 0.079461
95 94 0.079461
95 95 0.079461
95 96 0.079461
95 97 0.079461
95 98 0.079462
95 99 0.079461

96 0 0.079455
96 1 0.079458
96 2 0.079457
96 3 0.079458
96 4 0.079458
96 5 0.079459
96 6 0.079459
96 7 0.079459
96 8 0.079459
96 9 0.079459
96 10 0.079460
96 11 0.079460
96 12 0.079460
96 13 0.079460
96 14 0.079460
96 15 0.079459
96 16 0.079459
96 17 0.079459
96 18 0.079459
96 19 0.079459
96 20 0.079459
96 21 0.079459
96 22 0.079459
96 23 0.079460
96 24 0.079460
96 25 0.079460
96 26 0.079460
96 27 0.079460
96 28 0.079460
96 29 0.079460
96 30 0.079460
96 31 0.079461
96 32 0.079461
96 33 0.079461
96 34 0.079461
96 35 0.079461
96 36 0.079461
96 37 0.079461
96 38 0.079461
96 39 0.079461
96 40 0.079461
96 41 0.079461
96 42 0.079461
96 43 0.079461
96 44 0.079461
96 45 0.079460
96 46 0.079460
96 47 0.079460
96 48 0.079460
96 49 0.079460
96 50 0.079459
96 51 0.079459
96 52 0.079459
96 53 0.079459
96 54 0.079459
96 55 0.079458
96 56 0.079458
96 57 0.079458
96 58 0.079458
96 59 0.079458
96 60 0.079458
96 61 0.079458
96 62 0.079457
96 63 0.079457
96 64 0.079457
96 65 0.079457
96 66 0.079457
96 67 0.079457
96 68 0.079457
96 69 0.079457
96 70 0.079457
96 71 0.079457
96 72 0.079457
96 73 0.079457
96 74 0.079457
96 75 0.079457
96 76 0.079457
96 77 0.079457
96 78 0.079458
96 79 0.079458
96 80 0.079458
96 81 0.079458
96 82 0.079458
96 83 0.079459
96 84 0.079459
96 85 0.079459
96 86 0.079459
96 87 0.079460
96 88 0.079460
96 89 0.079460
96 90 0.079460
96 91 0.079461
96 92 0.079461
96 93 0.079461
96 94 0.079461
96 95 0.079462
96 96 0.079462
96 97 0.079462
96 98 0.079463
96 99 0.079461

97 0 0.079456
97 1 0.079457
97 2 0.079457
97 3 0.079457
97 4 0.079457
97 5 0.079458
97 6 0.079458
97 7 0.079458
97 8 0.079458
97 9 0.079459
97 10 0.079459
97 11 0.079459
97 12 0.079459
97 13 0.079459
97 14 0.079459
97 15 0.079459
97 16 0.079459
97 17 0.079459
97 18 0.079459
97 19 0.079459
97 20 0.079459
97 21 0.079459
97 22 0.079459
97 23 0.079459
97 24 0.079459
97 25 0.079460
97 26 0.079460
97 27 0.079460
97 28 0.079460
97 29 0.079460
97 30 0.079461
97 31 0.079461
97 32 0.079461
97 33 0.079461
97 34 0.079461
97 35 0.079462
97 36 0.079462
97 37 0.079462
97 38 0.079462
97 39 0.079462
97 40 0.079462
97 41 0.079462
97 42 0.079462
97 43 0.079462
97 44 0.079462
97 45 0.079462
97 46 0.079461
97 47 0.079461
97 48 0.079461
97 49 0.079461
97 50 0.079460
97 51 0.079460
97 52 0.079460
97 53 0.079460
97 54 0.079460
97 55 0.079459
97 56 0.079459
97 57 0.079459
97 58 0.079459
97 59 0.079458
97 60 0.079458
97 61 0.079458
97 62 0.079458
97 63 0.079458
97 64 0.079457
97 65 0.079457
97 66 0.079457
97 67 0.079457
97 68 0.079457
97 69 0.079457
97 70 0.079457
97 71 0.079457
97 72 0.079457
97 73 0.079457
97 74 0.079457
97 75 0.079457
97 76 0.079457
97 77 0.079457
97 78 0.079457
97 79 0.079458
97 80 0.079458
97 81 0.079458
97 82 0.079458
97 83 0.079458
97 84 0.079459
97 85 0.079459
97 86 0.079459
97 87 0.079459
97 88 0.079460
97 89 0.079460
97 90 0.079460
97 91 0.079460
97 92 0.079461
97 93 0.079461
97 94 0.079461
97 95 0.079461
97 96 0.079462
97 97 0.079462
97 98 0.079463
97 99 0.079462

98 0 0.079457
98 1 0.079459
98 2 0.079459
98 3 0.079460
98 4 0.079460
98 5 0.079460
98 6 0.079460
98 7 0.079461
98 8 0.079461
98 9 0.079461
98 10 0.079461
98 11 0.079461
98 12 0.079461
98 13 0.079461
98 14 0.079460
98 15 0.079460
98 16 0.079460
98 17 0.079460
98 18 0.079460
98 19 0.079460
98 20 0.079460
98 21 0.079460
98 22 0.079460
98 23 0.079460
98 24 0.079460
98 25 0.079460
98 26 0.079461
98 27 0.079461
98 28 0.079461
98 29 0.079461
98 30 0.079461
98 31 0.079462
98 32 0.079462
98 33 0.079462
98 34 0.079462
98 35 0.079462
98 36 0.079462
98 37 0.079462
98 38 0.079462
98 39 0.079462
98 40 0.079462
98 41 0.079462
98 42 0.079461
98 43 0.079461
98 44 0.079461
98 45 0.079461
98 46 0.079460
98 47 0.079460
98 48 0.079460
98 49 0.079460
98 50 0.079460
98 51 0.079460
98 52 0.079460
98 53 0.079459
98 54 0.079459
98 55 0.079459
98 56 0.079459
98 57 0.079459
98 58 0.079459
98 59 0.079459
98 60 0.079459
98 61 0.079459
98 62 0.079459
98 63 0.079459
98 64 0.079459
98 65 0.079458
98 66 0.079458
98 67 0.079458
98 68 0.079458
98 69 0.079458
98 70 0.079458
98 71 0.079458
98 72 0.079458
98 73 0.079458
98 74 0.079458
98 75 0.079458
98 76 0.079458
98 77 0.079458
98 78 0.079459
98 79 0.079459
98 80 0.079459
98 81 0.079459
98 82 0.079459
98 83 0.079460
98 84 0.079460
98 85 0.079460
98 86 0.079460
98 87 0.079461
98 88 0.079461
98 89 0.079461
98 90 0.079462
98 91 0.079462
98 92 0.079462
98 93 0.079462
98 94 0.079463
98 95 0.079463
98 96 0.079463
98 97 0.079463
98 98 0.079464
98 99 0.079462

99 0 0.079457
99 1 0.079457
99 2 0.079457
99 3 0.079457
99 4 0.079457
99 5 0.079457
99 6 0.079457
99 7 0.079457
99 8 0.079458
99 9 0.079458
99 10 0.079458
99 11 0.079458
99 12 0.079458
99 13 0.079458
99 14 0.079458
99 15 0.079458
99 16 0.079458
99 17 0.079458
99 18 0.079459
99 19 0.079459
99 20 0.079459
99 21 0.079459
99 22 0.079459
99 23 0.079459
99 24 0.079459
99 25 0.079460
99 26 0.079460
99 27 0.079460
99 28 0.079460
99 29 0.079461
99 30 0.079461
99 31 0.079461
99 32 0.079462
99 33 0.079462
99 34 0.079463
99 35 0.079463
99 36 0.079463
99 37 0.079464
99 38 0.079464
99 39 0.079464
99 40 0.079464
99 41 0.079465
99 42 0.079465
99 43 0.079465
99 44 0.079465
99 45 0.079465
99 46 0.079464
99 47 0.079464
99 48 0.079464
99 49 0.079464
99 50 0.079463
99 51 0.079463
99 52 0.079462
99 53 0.079462
99 54 0.079461
99 55 0.079461
99 56 0.079460
99 57 0.079460
99 58 0.079459
99 59 0.079459
99 60 0.079458
99 61 0.079458
99 62 0.079458
99 63 0.079458
99 64 0.079457
99 65 0.079457
99 66 0.079457
99 67 0.079457
99 68 0.079457
99 69 0.079457
99 70 0.079457
99 71 0.079457
99 72 0.079457
99 73 0.079457
99 74 0.079457
99 75 0.079457
99 76 0.079457
99 77 0.079457
99 78 0.079457
99 79 0.079457
99 80 0.079457
99 81 0.079457
99 82 0.079458
99 83 0.079458
99 84 0.079458
99 85 0.079458
99 86 0.079459
99 87 0.079459
99 88 0.079459
99 89 0.079460
99 90 0.079460
99 91 0.079460
99 92 0.079460
99 93 0.079461
99 94 0.079461
99 95 0.079461
99 96 0.079462
99 97 0.079462
99 98 0.079462
99 99 0.079462

