0 0 0.079765
0 1 0.079765
0 2 0.079763
0 3 0.079762
0 4 0.079761
0 5 0.079760
0 6 0.079758
0 7 0.079757
0 8 0.079755
0 9 0.079753
0 10 0.079751
0 11 0.079749
0 12 0.079746
0 13 0.079744
0 14 0.079741
0 15 0.079738
0 16 0.079735
0 17 0.079732
0 18 0.079728
0 19 0.079725
0 20 0.079721
0 21 0.079717
0 22 0.079713
0 23 0.079709
0 24 0.079705
0 25 0.079700
0 26 0.079696
0 27 0.079692
0 28 0.079687
0 29 0.079683
0 30 0.079678
0 31 0.079674
0 32 0.079669
0 33 0.079664
0 34 0.079660
0 35 0.079655
0 36 0.079651
0 37 0.079646
0 38 0.079642
0 39 0.079638
0 40 0.079633
0 41 0.079629
0 42 0.079625
0 43 0.079621
0 44 0.079617
0 45 0.079613
0 46 0.079609
0 47 0.079605
0 48 0.079602
0 49 0.079598
0 50 0.079595
0 51 0.079592
0 52 0.079589
0 53 0.079586
0 54 0.079583
0 55 0.079580
0 56 0.079578
0 57 0.079575
0 58 0.079573
0 59 0.079571
0 60 0.079568
0 61 0.079566
0 62 0.079565
0 63 0.079563
0 64 0.079561
0 65 0.079560
0 66 0.079558
0 67 0.079557
0 68 0.079556
0 69 0.079555
0 70 0.079554
0 71 0.079553
0 72 0.079552
0 73 0.079551
0 74 0.079550
0 75 0.079550
0 76 0.079549
0 77 0.079548
0 78 0.079548
0 79 0.079547
0 80 0.079547
0 81 0.079546
0 82 0.079546
0 83 0.079545
0 84 0.079545
0 85 0.079544
0 86 0.079544
0 87 0.079543
0 88 0.079543
0 89 0.079542
0 90 0.079541
0 91 0.079541
0 92 0.079540
0 93 0.079540
0 94 0.079539
0 95 0.079539
0 96 0.079538
0 97 0.079538
0 98 0.079537
0 99 0.079537

1 0 0.079765
1 1 0.079765
1 2 0.079763
1 3 0.079763
1 4 0.079761
1 5 0.079760
1 6 0.079759
1 7 0.079757
1 8 0.079755
1 9 0.079753
1 10 0.079751
1 11 0.079749
1 12 0.079747
1 13 0.079744
1 14 0.079741
1 15 0.079738
1 16 0.079735
1 17 0.079732
1 18 0.079728
1 19 0.079725
1 20 0.079721
1 21 0.079717
1 22 0.079713
1 23 0.079709
1 24 0.079705
1 25 0.079700
1 26 0.079696
1 27 0.079691
1 28 0.079687
1 29 0.079682
1 30 0.079678
1 31 0.079673
1 32 0.079669
1 33 0.079664
1 34 0.079660
1 35 0.079655
1 36 0.079651
1 37 0.079646
1 38 0.079642
1 39 0.079637
1 40 0.079633
1 41 0.079629
1 42 0.079625
1 43 0.079620
1 44 0.079616
1 45 0.079613
1 46 0.079609
1 47 0.079605
1 48 0.079602
1 49 0.079598
1 50 0.079595
1 51 0.079592
1 52 0.079588
1 53 0.079585
1 54 0.079583
1 55 0.079580
1 56 0.079577
1 57 0.079575
1 58 0.079573
1 59 0.079570
1 60 0.079568
1 61 0.079566
1 62 0.079564
1 63 0.079563
1 64 0.079561
1 65 0.079560
1 66 0.079558
1 67 0.079557
1 68 0.079556
1 69 0.079555
1 70 0.079554
1 71 0.079553
1 72 0.079552
1 73 0.079551
1 74 0.079550
1 75 0.079550
1 76 0.079549
1 77 0.079548
1 78 0.079548
1 79 0.079547
1 80 0.079547
1 81 0.079546
1 82 0.079546
1 83 0.079546
1 84 0.079545
1 85 0.079545
1 86 0.079544
1 87 0.079544
1 88 0.079543
1 89 0.079542
1 90 0.079542
1 91 0.079541
1 92 0.079541
1 93 0.079540
1 94 0.079540
1 95 0.079539
1 96 0.079539
1 97 0.079538
1 98 0.079538
1 99 0.079537

2 0 0.079763
2 1 0.079763
2 2 0.079761
2 3 0.079761
2 4 0.079760
2 5 0.079758
2 6 0.079757
2 7 0.079755
2 8 0.079753
2 9 0.079751
2 10 0.079749
2 11 0.079747
2 12 0.079744
2 13 0.079742
2 14 0.079739
2 15 0.079736
2 16 0.079733
2 17 0.079729
2 18 0.079726
2 19 0.079722
2 20 0.079719
2 21 0.079715
2 22 0.079711
2 23 0.079707
2 24 0.079703
2 25 0.079698
2 26 0.079694
2 27 0.079690
2 28 0.079685
2 29 0.079681
2 30 0.079676
2 31 0.079672
2 32 0.079667
2 33 0.079663
2 34 0.079658
2 35 0.079654
2 36 0.079649
2 37 0.079645
2 38 0.079640
2 39 0.079636
2 40 0.079632
2 41 0.079627
2 42 0.079623
2 43 0.079619
2 44 0.079615
2 45 0.079611
2 46 0.079608
2 47 0.079604
2 48 0.079600
2 49 0.079597
2 50 0.079594
2 51 0.079590
2 52 0.079587
2 53 0.079584
2 54 0.079581
2 55 0.079579
2 56 0.079576
2 57 0.079574
2 58 0.079571
2 59 0.079569
2 60 0.079567
2 61 0.079565
2 62 0.079563
2 63 0.079561
2 64 0.079560
2 65 0.079558
2 66 0.079557
2 67 0.079555
2 68 0.079554
2 69 0.079553
2 70 0.079552
2 71 0.079551
2 72 0.079550
2 73 0.079549
2 74 0.079549
2 75 0.079548
2 76 0.079547
2 77 0.079547
2 78 0.079546
2 79 0.079545
2 80 0.079545
2 81 0.079544
2 82 0.079544
2 83 0.079543
2 84 0.079543
2 85 0.079543
2 86 0.079542
2 87 0.079542
2 88 0.079541
2 89 0.079541
2 90 0.079540
2 91 0.079540
2 92 0.079539
2 93 0.079539
2 94 0.079538
2 95 0.079538
2 96 0.079537
2 97 0.079537
2 98 0.079536
2 99 0.079536

3 0 0.079762
3 1 0.079762
3 2 0.079761
3 3 0.079760
3 4 0.079759
3 5 0.079757
3 6 0.079756
3 7 0.079754
3 8 0.079752
3 9 0.079750
3 10 0.079748
3 11 0.079746
3 12 0.079743
3 13 0.079741
3 14 0.079738
3 15 0.079735
3 16 0.079732
3 17 0.079728
3 18 0.079725
3 19 0.079721
3 20 0.079718
3 21 0.079714
3 22 0.079710
3 23 0.079706
3 24 0.079702
3 25 0.079697
3 26 0.079693
3 27 0.079689
3 28 0.079684
3 29 0.079680
3 30 0.079675
3 31 0.079671
3 32 0.079666
3 33 0.079662
3 34 0.079657
3 35 0.079653
3 36 0.079648
3 37 0.079644
3 38 0.079639
3 39 0.079635
3 40 0.079631
3 41 0.079626
3 42 0.079622
3 43 0.079618
3 44 0.079614
3 45 0.079610
3 46 0.079607
3 47 0.079603
3 48 0.079599
3 49 0.079596
3 50 0.079593
3 51 0.079589
3 52 0.079586
3 53 0.079583
3 54 0.079580
3 55 0.079578
3 56 0.079575
3 57 0.079573
3 58 0.079570
3 59 0.079568
3 60 0.079566
3 61 0.079564
3 62 0.079562
3 63 0.079560
3 64 0.079559
3 65 0.079557
3 66 0.079556
3 67 0.079554
3 68 0.079553
3 69 0.079552
3 70 0.079551
3 71 0.079550
3 72 0.079549
3 73 0.079548
3 74 0.079548
3 75 0.079547
3 76 0.079546
3 77 0.079546
3 78 0.079545
3 79 0.079545
3 80 0.079544
3 81 0.079544
3 82 0.079543
3 83 0.079543
3 84 0.079542
3 85 0.079542
3 86 0.079541
3 87 0.079541
3 88 0.079540
3 89 0.079540
3 90 0.079539
3 91 0.079539
3 92 0.079538
3 93 0.079538
3 94 0.079537
3 95 0.079537
3 96 0.079537
3 97 0.079536
3 98 0.079536
3 99 0.079535

4 0 0.079761
4 1 0.079761
4 2 0.079759
4 3 0.079758
4 4 0.079757
4 5 0.079756
4 6 0.079754
4 7 0.079753
4 8 0.079751
4 9 0.079749
4 10 0.079747
4 11 0.079744
4 12 0.079742
4 13 0.079739
4 14 0.079736
4 15 0.079733
4 16 0.079730
4 17 0.079727
4 18 0.079723
4 19 0.079720
4 20 0.079716
4 21 0.079712
4 22 0.079708
4 23 0.079704
4 24 0.079700
4 25 0.079696
4 26 0.079691
4 27 0.079687
4 28 0.079683
4 29 0.079678
4 30 0.079674
4 31 0.079669
4 32 0.079665
4 33 0.079660
4 34 0.079656
4 35 0.079651
4 36 0.079647
4 37 0.079642
4 38 0.079638
4 39 0.079634
4 40 0.079629
4 41 0.079625
4 42 0.079621
4 43 0.079617
4 44 0.079613
4 45 0.079609
4 46 0.079605
4 47 0.079602
4 48 0.079598
4 49 0.079595
4 50 0.079591
4 51 0.079588
4 52 0.079585
4 53 0.079582
4 54 0.079579
4 55 0.079576
4 56 0.079574
4 57 0.079571
4 58 0.079569
4 59 0.079567
4 60 0.079565
4 61 0.079563
4 62 0.079561
4 63 0.079559
4 64 0.079557
4 65 0.079556
4 66 0.079554
4 67 0.079553
4 68 0.079552
4 69 0.079551
4 70 0.079550
4 71 0.079549
4 72 0.079548
4 73 0.079547
4 74 0.079546
4 75 0.079545
4 76 0.079545
4 77 0.079544
4 78 0.079544
4 79 0.079543
4 80 0.079543
4 81 0.079542
4 82 0.079542
4 83 0.079541
4 84 0.079541
4 85 0.079540
4 86 0.079540
4 87 0.079539
4 88 0.079539
4 89 0.079538
4 90 0.079537
4 91 0.079537
4 92 0.079536
4 93 0.079536
4 94 0.079536
4 95 0.079535
4 96 0.079535
4 97 0.079534
4 98 0.079534
4 99 0.079533

5 0 0.079758
5 1 0.079758
5 2 0.079757
5 3 0.079756
5 4 0.079755
5 5 0.079753
5 6 0.079752
5 7 0.079750
5 8 0.079748
5 9 0.079746
5 10 0.079744
5 11 0.079742
5 12 0.079739
5 13 0.079737
5 14 0.079734
5 15 0.079731
5 16 0.079728
5 17 0.079724
5 18 0.079721
5 19 0.079717
5 20 0.079714
5 21 0.079710
5 22 0.079706
5 23 0.079702
5 24 0.079698
5 25 0.079693
5 26 0.079689
5 27 0.079685
5 28 0.079680
5 29 0.079676
5 30 0.079671
5 31 0.079667
5 32 0.079663
5 33 0.079658
5 34 0.079654
5 35 0.079649
5 36 0.079645
5 37 0.079640
5 38 0.079636
5 39 0.079632
5 40 0.079627
5 41 0.079623
5 42 0.079619
5 43 0.079615
5 44 0.079611
5 45 0.079607
5 46 0.079603
5 47 0.079600
5 48 0.079596
5 49 0.079593
5 50 0.079589
5 51 0.079586
5 52 0.079583
5 53 0.079580
5 54 0.079577
5 55 0.079575
5 56 0.079572
5 57 0.079570
5 58 0.079567
5 59 0.079565
5 60 0.079563
5 61 0.079561
5 62 0.079559
5 63 0.079557
5 64 0.079555
5 65 0.079554
5 66 0.079552
5 67 0.079551
5 68 0.079550
5 69 0.079549
5 70 0.079548
5 71 0.079547
5 72 0.079546
5 73 0.079545
5 74 0.079544
5 75 0.079543
5 76 0.079543
5 77 0.079542
5 78 0.079541
5 79 0.079541
5 80 0.079540
5 81 0.079540
5 82 0.079539
5 83 0.079539
5 84 0.079538
5 85 0.079538
5 86 0.079537
5 87 0.079537
5 88 0.079537
5 89 0.079536
5 90 0.079537
5 91 0.079536
5 92 0.079536
5 93 0.079535
5 94 0.079535
5 95 0.079534
5 96 0.079534
5 97 0.079533
5 98 0.079533
5 99 0.079533

6 0 0.079757
6 1 0.079757
6 2 0.079756
6 3 0.079755
6 4 0.079754
6 5 0.079753
6 6 0.079751
6 7 0.079749
6 8 0.079747
6 9 0.079745
6 10 0.079743
6 11 0.079741
6 12 0.079738
6 13 0.079736
6 14 0.079733
6 15 0.079730
6 16 0.079726
6 17 0.079723
6 18 0.079720
6 19 0.079716
6 20 0.079712
6 21 0.079709
6 22 0.079705
6 23 0.079701
6 24 0.079696
6 25 0.079692
6 26 0.079688
6 27 0.079684
6 28 0.079679
6 29 0.079675
6 30 0.079670
6 31 0.079666
6 32 0.079661
6 33 0.079657
6 34 0.079652
6 35 0.079648
6 36 0.079643
6 37 0.079639
6 38 0.079635
6 39 0.079630
6 40 0.079626
6 41 0.079622
6 42 0.079618
6 43 0.079614
6 44 0.079610
6 45 0.079606
6 46 0.079602
6 47 0.079598
6 48 0.079595
6 49 0.079591
6 50 0.079588
6 51 0.079585
6 52 0.079582
6 53 0.079579
6 54 0.079576
6 55 0.079573
6 56 0.079571
6 57 0.079568
6 58 0.079566
6 59 0.079564
6 60 0.079561
6 61 0.079559
6 62 0.079558
6 63 0.079556
6 64 0.079554
6 65 0.079553
6 66 0.079551
6 67 0.079550
6 68 0.079549
6 69 0.079547
6 70 0.079546
6 71 0.079545
6 72 0.079544
6 73 0.079544
6 74 0.079543
6 75 0.079542
6 76 0.079541
6 77 0.079541
6 78 0.079540
6 79 0.079540
6 80 0.079539
6 81 0.079539
6 82 0.079538
6 83 0.079538
6 84 0.079537
6 85 0.079537
6 86 0.079536
6 87 0.079536
6 88 0.079535
6 89 0.079535
6 90 0.079534
6 91 0.079534
6 92 0.079533
6 93 0.079533
6 94 0.079532
6 95 0.079532
6 96 0.079532
6 97 0.079531
6 98 0.079531
6 99 0.079530

7 0 0.079754
7 1 0.079754
7 2 0.079753
7 3 0.079752
7 4 0.079751
7 5 0.079749
7 6 0.079748
7 7 0.079746
7 8 0.079744
7 9 0.079742
7 10 0.079740
7 11 0.079738
7 12 0.079735
7 13 0.079733
7 14 0.079730
7 15 0.079727
7 16 0.079723
7 17 0.079720
7 18 0.079717
7 19 0.079713
7 20 0.079709
7 21 0.079706
7 22 0.079702
7 23 0.079698
7 24 0.079694
7 25 0.079689
7 26 0.079685
7 27 0.079681
7 28 0.079676
7 29 0.079672
7 30 0.079668
7 31 0.079663
7 32 0.079659
7 33 0.079654
7 34 0.079650
7 35 0.079645
7 36 0.079641
7 37 0.079636
7 38 0.079632
7 39 0.079628
7 40 0.079624
7 41 0.079619
7 42 0.079615
7 43 0.079611
7 44 0.079607
7 45 0.079603
7 46 0.079600
7 47 0.079596
7 48 0.079593
7 49 0.079589
7 50 0.079586
7 51 0.079583
7 52 0.079580
7 53 0.079577
7 54 0.079574
7 55 0.079571
7 56 0.079568
7 57 0.079566
7 58 0.079563
7 59 0.079561
7 60 0.079559
7 61 0.079557
7 62 0.079555
7 63 0.079553
7 64 0.079552
7 65 0.079550
7 66 0.079549
7 67 0.079547
7 68 0.079546
7 69 0.079545
7 70 0.079544
7 71 0.079543
7 72 0.079542
7 73 0.079541
7 74 0.079540
7 75 0.079539
7 76 0.079539
7 77 0.079538
7 78 0.079538
7 79 0.079537
7 80 0.079536
7 81 0.079536
7 82 0.079535
7 83 0.079535
7 84 0.079535
7 85 0.079534
7 86 0.079534
7 87 0.079533
7 88 0.079533
7 89 0.079532
7 90 0.079532
7 91 0.079532
7 92 0.079531
7 93 0.079531
7 94 0.079531
7 95 0.079530
7 96 0.079530
7 97 0.079529
7 98 0.079529
7 99 0.079528

8 0 0.079752
8 1 0.079752
8 2 0.079751
8 3 0.079750
8 4 0.079749
8 5 0.079747
8 6 0.079746
8 7 0.079744
8 8 0.079742
8 9 0.079740
8 10 0.079738
8 11 0.079736
8 12 0.079733
8 13 0.079730
8 14 0.079727
8 15 0.079724
8 16 0.079721
8 17 0.079718
8 18 0.079714
8 19 0.079711
8 20 0.079707
8 21 0.079703
8 22 0.079699
8 23 0.079695
8 24 0.079691
8 25 0.079687
8 26 0.079683
8 27 0.079678
8 28 0.079674
8 29 0.079670
8 30 0.079665
8 31 0.079661
8 32 0.079656
8 33 0.079652
8 34 0.079647
8 35 0.079643
8 36 0.079639
8 37 0.079634
8 38 0.079630
8 39 0.079626
8 40 0.079621
8 41 0.079617
8 42 0.079613
8 43 0.079609
8 44 0.079605
8 45 0.079601
8 46 0.079598
8 47 0.079594
8 48 0.079590
8 49 0.079587
8 50 0.079584
8 51 0.079580
8 52 0.079577
8 53 0.079574
8 54 0.079572
8 55 0.079569
8 56 0.079566
8 57 0.079564
8 58 0.079561
8 59 0.079559
8 60 0.079557
8 61 0.079555
8 62 0.079553
8 63 0.079551
8 64 0.079550
8 65 0.079548
8 66 0.079547
8 67 0.079545
8 68 0.079544
8 69 0.079543
8 70 0.079542
8 71 0.079541
8 72 0.079540
8 73 0.079539
8 74 0.079538
8 75 0.079537
8 76 0.079537
8 77 0.079536
8 78 0.079535
8 79 0.079535
8 80 0.079534
8 81 0.079534
8 82 0.079533
8 83 0.079533
8 84 0.079533
8 85 0.079532
8 86 0.079532
8 87 0.079531
8 88 0.079531
8 89 0.079530
8 90 0.079530
8 91 0.079530
8 92 0.079529
8 93 0.079529
8 94 0.079529
8 95 0.079528
8 96 0.079528
8 97 0.079527
8 98 0.079527
8 99 0.079526

9 0 0.079750
9 1 0.079750
9 2 0.079748
9 3 0.079748
9 4 0.079747
9 5 0.079745
9 6 0.079744
9 7 0.079742
9 8 0.079740
9 9 0.079738
9 10 0.079736
9 11 0.079733
9 12 0.079731
9 13 0.079728
9 14 0.079725
9 15 0.079722
9 16 0.079719
9 17 0.079715
9 18 0.079712
9 19 0.079708
9 20 0.079705
9 21 0.079701
9 22 0.079697
9 23 0.079693
9 24 0.079689
9 25 0.079685
9 26 0.079680
9 27 0.079676
9 28 0.079672
9 29 0.079667
9 30 0.079663
9 31 0.079658
9 32 0.079654
9 33 0.079649
9 34 0.079645
9 35 0.079641
9 36 0.079636
9 37 0.079632
9 38 0.079627
9 39 0.079623
9 40 0.079619
9 41 0.079615
9 42 0.079611
9 43 0.079607
9 44 0.079603
9 45 0.079599
9 46 0.079595
9 47 0.079592
9 48 0.079588
9 49 0.079585
9 50 0.079581
9 51 0.079578
9 52 0.079575
9 53 0.079572
9 54 0.079569
9 55 0.079567
9 56 0.079564
9 57 0.079561
9 58 0.079559
9 59 0.079557
9 60 0.079555
9 61 0.079553
9 62 0.079551
9 63 0.079549
9 64 0.079547
9 65 0.079546
9 66 0.079544
9 67 0.079543
9 68 0.079542
9 69 0.079540
9 70 0.079539
9 71 0.079538
9 72 0.079537
9 73 0.079536
9 74 0.079536
9 75 0.079535
9 76 0.079534
9 77 0.079534
9 78 0.079533
9 79 0.079533
9 80 0.079532
9 81 0.079531
9 82 0.079531
9 83 0.079530
9 84 0.079530
9 85 0.079529
9 86 0.079529
9 87 0.079529
9 88 0.079528
9 89 0.079528
9 90 0.079527
9 91 0.079527
9 92 0.079526
9 93 0.079526
9 94 0.079526
9 95 0.079525
9 96 0.079525
9 97 0.079524
9 98 0.079524
9 99 0.079523

10 0 0.079746
10 1 0.079746
10 2 0.079745
10 3 0.079744
10 4 0.079743
10 5 0.079741
10 6 0.079740
10 7 0.079738
10 8 0.079736
10 9 0.079734
10 10 0.079732
10 11 0.079730
10 12 0.079727
10 13 0.079724
10 14 0.079721
10 15 0.079718
10 16 0.079715
10 17 0.079712
10 18 0.079709
10 19 0.079705
10 20 0.079701
10 21 0.079697
10 22 0.079694
10 23 0.079690
10 24 0.079685
10 25 0.079681
10 26 0.079677
10 27 0.079673
10 28 0.079668
10 29 0.079664
10 30 0.079660
10 31 0.079655
10 32 0.079651
10 33 0.079646
10 34 0.079642
10 35 0.079638
10 36 0.079633
10 37 0.079629
10 38 0.079624
10 39 0.079620
10 40 0.079616
10 41 0.079612
10 42 0.079608
10 43 0.079604
10 44 0.079600
10 45 0.079596
10 46 0.079592
10 47 0.079589
10 48 0.079585
10 49 0.079582
10 50 0.079578
10 51 0.079575
10 52 0.079572
10 53 0.079569
10 54 0.079566
10 55 0.079564
10 56 0.079561
10 57 0.079559
10 58 0.079556
10 59 0.079554
10 60 0.079552
10 61 0.079550
10 62 0.079548
10 63 0.079546
10 64 0.079544
10 65 0.079543
10 66 0.079541
10 67 0.079540
10 68 0.079539
10 69 0.079537
10 70 0.079536
10 71 0.079535
10 72 0.079534
10 73 0.079533
10 74 0.079533
10 75 0.079532
10 76 0.079531
10 77 0.079531
10 78 0.079530
10 79 0.079530
10 80 0.079529
10 81 0.079529
10 82 0.079528
10 83 0.079528
10 84 0.079528
10 85 0.079527
10 86 0.079527
10 87 0.079526
10 88 0.079526
10 89 0.079526
10 90 0.079525
10 91 0.079525
10 92 0.079525
10 93 0.079524
10 94 0.079524
10 95 0.079523
10 96 0.079523
10 97 0.079522
10 98 0.079522
10 99 0.079522

11 0 0.079744
11 1 0.079744
11 2 0.079743
11 3 0.079742
11 4 0.079741
11 5 0.079740
11 6 0.079738
11 7 0.079736
11 8 0.079734
11 9 0.079732
11 10 0.079730
11 11 0.079728
11 12 0.079725
11 13 0.079722
11 14 0.079719
11 15 0.079716
11 16 0.079713
11 17 0.079710
11 18 0.079706
11 19 0.079703
11 20 0.079699
11 21 0.079695
11 22 0.079691
11 23 0.079687
11 24 0.079683
11 25 0.079679
11 26 0.079675
11 27 0.079670
11 28 0.079666
11 29 0.079662
11 30 0.079657
11 31 0.079653
11 32 0.079648
11 33 0.079644
11 34 0.079640
11 35 0.079635
11 36 0.079631
11 37 0.079626
11 38 0.079622
11 39 0.079618
11 40 0.079614
11 41 0.079609
11 42 0.079605
11 43 0.079601
11 44 0.079597
11 45 0.079594
11 46 0.079590
11 47 0.079586
11 48 0.079583
11 49 0.079579
11 50 0.079576
11 51 0.079573
11 52 0.079570
11 53 0.079567
11 54 0.079564
11 55 0.079561
11 56 0.079558
11 57 0.079556
11 58 0.079554
11 59 0.079551
11 60 0.079549
11 61 0.079547
11 62 0.079545
11 63 0.079544
11 64 0.079542
11 65 0.079540
11 66 0.079539
11 67 0.079537
11 68 0.079536
11 69 0.079535
11 70 0.079534
11 71 0.079533
11 72 0.079532
11 73 0.079531
11 74 0.079530
11 75 0.079529
11 76 0.079529
11 77 0.079528
11 78 0.079528
11 79 0.079527
11 80 0.079526
11 81 0.079526
11 82 0.079525
11 83 0.079525
11 84 0.079524
11 85 0.079524
11 86 0.079524
11 87 0.079523
11 88 0.079523
11 89 0.079522
11 90 0.079522
11 91 0.079522
11 92 0.079521
11 93 0.079521
11 94 0.079520
11 95 0.079520
11 96 0.079520
11 97 0.079519
11 98 0.079519
11 99 0.079518

12 0 0.079740
12 1 0.079740
12 2 0.079739
12 3 0.079738
12 4 0.079737
12 5 0.079736
12 6 0.079734
12 7 0.079732
12 8 0.079731
12 9 0.079728
12 10 0.079726
12 11 0.079724
12 12 0.079721
12 13 0.079718
12 14 0.079716
12 15 0.079713
12 16 0.079709
12 17 0.079706
12 18 0.079703
12 19 0.079699
12 20 0.079695
12 21 0.079692
12 22 0.079688
12 23 0.079684
12 24 0.079680
12 25 0.079675
12 26 0.079671
12 27 0.079667
12 28 0.079663
12 29 0.079658
12 30 0.079654
12 31 0.079649
12 32 0.079645
12 33 0.079641
12 34 0.079636
12 35 0.079632
12 36 0.079627
12 37 0.079623
12 38 0.079619
12 39 0.079614
12 40 0.079610
12 41 0.079606
12 42 0.079602
12 43 0.079598
12 44 0.079594
12 45 0.079590
12 46 0.079587
12 47 0.079583
12 48 0.079579
12 49 0.079576
12 50 0.079573
12 51 0.079570
12 52 0.079566
12 53 0.079563
12 54 0.079561
12 55 0.079558
12 56 0.079555
12 57 0.079553
12 58 0.079550
12 59 0.079548
12 60 0.079546
12 61 0.079544
12 62 0.079542
12 63 0.079540
12 64 0.079539
12 65 0.079537
12 66 0.079536
12 67 0.079534
12 68 0.079533
12 69 0.079532
12 70 0.079531
12 71 0.079530
12 72 0.079529
12 73 0.079528
12 74 0.079527
12 75 0.079526
12 76 0.079525
12 77 0.079525
12 78 0.079524
12 79 0.079524
12 80 0.079523
12 81 0.079523
12 82 0.079522
12 83 0.079522
12 84 0.079521
12 85 0.079521
12 86 0.079521
12 87 0.079520
12 88 0.079520
12 89 0.079519
12 90 0.079519
12 91 0.079519
12 92 0.079518
12 93 0.079518
12 94 0.079518
12 95 0.079517
12 96 0.079517
12 97 0.079516
12 98 0.079516
12 99 0.079516

13 0 0.079737
13 1 0.079737
13 2 0.079736
13 3 0.079735
13 4 0.079734
13 5 0.079732
13 6 0.079731
13 7 0.079729
13 8 0.079727
13 9 0.079725
13 10 0.079723
13 11 0.079721
13 12 0.079718
13 13 0.079715
13 14 0.079712
13 15 0.079709
13 16 0.079706
13 17 0.079703
13 18 0.079699
13 19 0.079696
13 20 0.079692
13 21 0.079688
13 22 0.079684
13 23 0.079680
13 24 0.079676
13 25 0.079672
13 26 0.079668
13 27 0.079664
13 28 0.079659
13 29 0.079655
13 30 0.079651
13 31 0.079646
13 32 0.079642
13 33 0.079637
13 34 0.079633
13 35 0.079628
13 36 0.079624
13 37 0.079620
13 38 0.079615
13 39 0.079611
13 40 0.079607
13 41 0.079603
13 42 0.079599
13 43 0.079595
13 44 0.079591
13 45 0.079587
13 46 0.079583
13 47 0.079580
13 48 0.079576
13 49 0.079573
13 50 0.079570
13 51 0.079566
13 52 0.079563
13 53 0.079560
13 54 0.079557
13 55 0.079555
13 56 0.079552
13 57 0.079550
13 58 0.079547
13 59 0.079545
13 60 0.079543
13 61 0.079541
13 62 0.079539
13 63 0.079537
13 64 0.079536
13 65 0.079534
13 66 0.079532
13 67 0.079531
13 68 0.079530
13 69 0.079529
13 70 0.079527
13 71 0.079526
13 72 0.079526
13 73 0.079525
13 74 0.079524
13 75 0.079523
13 76 0.079522
13 77 0.079522
13 78 0.079521
13 79 0.079521
13 80 0.079520
13 81 0.079520
13 82 0.079519
13 83 0.079519
13 84 0.079518
13 85 0.079518
13 86 0.079518
13 87 0.079517
13 88 0.079517
13 89 0.079517
13 90 0.079516
13 91 0.079516
13 92 0.079515
13 93 0.079515
13 94 0.079515
13 95 0.079514
13 96 0.079514
13 97 0.079513
13 98 0.079513
13 99 0.079513

14 0 0.079734
14 1 0.079734
14 2 0.079733
14 3 0.079732
14 4 0.079731
14 5 0.079729
14 6 0.079728
14 7 0.079726
14 8 0.079724
14 9 0.079722
14 10 0.079720
14 11 0.079717
14 12 0.079715
14 13 0.079712
14 14 0.079709
14 15 0.079706
14 16 0.079703
14 17 0.079699
14 18 0.079696
14 19 0.079692
14 20 0.079689
14 21 0.079685
14 22 0.079681
14 23 0.079677
14 24 0.079673
14 25 0.079669
14 26 0.079665
14 27 0.079660
14 28 0.079656
14 29 0.079652
14 30 0.079647
14 31 0.079643
14 32 0.079638
14 33 0.079634
14 34 0.079629
14 35 0.079625
14 36 0.079621
14 37 0.079616
14 38 0.079612
14 39 0.079608
14 40 0.079604
14 41 0.079600
14 42 0.079595
14 43 0.079591
14 44 0.079588
14 45 0.079584
14 46 0.079580
14 47 0.079576
14 48 0.079573
14 49 0.079570
14 50 0.079566
14 51 0.079563
14 52 0.079560
14 53 0.079557
14 54 0.079554
14 55 0.079551
14 56 0.079549
14 57 0.079546
14 58 0.079544
14 59 0.079542
14 60 0.079540
14 61 0.079538
14 62 0.079536
14 63 0.079534
14 64 0.079532
14 65 0.079531
14 66 0.079529
14 67 0.079528
14 68 0.079527
14 69 0.079525
14 70 0.079524
14 71 0.079523
14 72 0.079522
14 73 0.079521
14 74 0.079520
14 75 0.079520
14 76 0.079519
14 77 0.079518
14 78 0.079518
14 79 0.079517
14 80 0.079517
14 81 0.079516
14 82 0.079516
14 83 0.079515
14 84 0.079515
14 85 0.079514
14 86 0.079514
14 87 0.079513
14 88 0.079513
14 89 0.079513
14 90 0.079512
14 91 0.079512
14 92 0.079512
14 93 0.079511
14 94 0.079511
14 95 0.079510
14 96 0.079510
14 97 0.079510
14 98 0.079509
14 99 0.079509

15 0 0.079729
15 1 0.079730
15 2 0.079728
15 3 0.079727
15 4 0.079726
15 5 0.079725
15 6 0.079723
15 7 0.079722
15 8 0.079720
15 9 0.079718
15 10 0.079715
15 11 0.079713
15 12 0.079710
15 13 0.079708
15 14 0.079705
15 15 0.079702
15 16 0.079699
15 17 0.079695
15 18 0.079692
15 19 0.079688
15 20 0.079685
15 21 0.079681
15 22 0.079677
15 23 0.079673
15 24 0.079669
15 25 0.079665
15 26 0.079660
15 27 0.079656
15 28 0.079652
15 29 0.079648
15 30 0.079643
15 31 0.079639
15 32 0.079634
15 33 0.079630
15 34 0.079626
15 35 0.079621
15 36 0.079617
15 37 0.079613
15 38 0.079608
15 39 0.079604
15 40 0.079600
15 41 0.079596
15 42 0.079592
15 43 0.079588
15 44 0.079584
15 45 0.079580
15 46 0.079576
15 47 0.079573
15 48 0.079569
15 49 0.079566
15 50 0.079563
15 51 0.079559
15 52 0.079556
15 53 0.079553
15 54 0.079550
15 55 0.079548
15 56 0.079545
15 57 0.079543
15 58 0.079540
15 59 0.079538
15 60 0.079536
15 61 0.079534
15 62 0.079532
15 63 0.079530
15 64 0.079528
15 65 0.079527
15 66 0.079525
15 67 0.079524
15 68 0.079523
15 69 0.079521
15 70 0.079520
15 71 0.079519
15 72 0.079519
15 73 0.079518
15 74 0.079517
15 75 0.079516
15 76 0.079516
15 77 0.079515
15 78 0.079514
15 79 0.079514
15 80 0.079513
15 81 0.079513
15 82 0.079512
15 83 0.079512
15 84 0.079512
15 85 0.079511
15 86 0.079511
15 87 0.079510
15 88 0.079510
15 89 0.079510
15 90 0.079509
15 91 0.079509
15 92 0.079509
15 93 0.079508
15 94 0.079508
15 95 0.079508
15 96 0.079507
15 97 0.079507
15 98 0.079506
15 99 0.079506

16 0 0.079726
16 1 0.079726
16 2 0.079725
16 3 0.079724
16 4 0.079723
16 5 0.079722
16 6 0.079720
16 7 0.079718
16 8 0.079717
16 9 0.079715
16 10 0.079712
16 11 0.079710
16 12 0.079707
16 13 0.079704
16 14 0.079702
16 15 0.079699
16 16 0.079695
16 17 0.079692
16 18 0.079689
16 19 0.079685
16 20 0.079681
16 21 0.079677
16 22 0.079674
16 23 0.079670
16 24 0.079665
16 25 0.079661
16 26 0.079657
16 27 0.079653
16 28 0.079649
16 29 0.079644
16 30 0.079640
16 31 0.079635
16 32 0.079631
16 33 0.079627
16 34 0.079622
16 35 0.079618
16 36 0.079613
16 37 0.079609
16 38 0.079605
16 39 0.079601
16 40 0.079596
16 41 0.079592
16 42 0.079588
16 43 0.079584
16 44 0.079580
16 45 0.079577
16 46 0.079573
16 47 0.079569
16 48 0.079566
16 49 0.079562
16 50 0.079559
16 51 0.079556
16 52 0.079553
16 53 0.079550
16 54 0.079547
16 55 0.079544
16 56 0.079542
16 57 0.079539
16 58 0.079537
16 59 0.079535
16 60 0.079532
16 61 0.079530
16 62 0.079528
16 63 0.079527
16 64 0.079525
16 65 0.079523
16 66 0.079522
16 67 0.079521
16 68 0.079519
16 69 0.079518
16 70 0.079517
16 71 0.079516
16 72 0.079515
16 73 0.079514
16 74 0.079513
16 75 0.079512
16 76 0.079512
16 77 0.079511
16 78 0.079510
16 79 0.079510
16 80 0.079509
16 81 0.079509
16 82 0.079508
16 83 0.079508
16 84 0.079508
16 85 0.079507
16 86 0.079507
16 87 0.079506
16 88 0.079506
16 89 0.079506
16 90 0.079505
16 91 0.079505
16 92 0.079505
16 93 0.079504
16 94 0.079504
16 95 0.079504
16 96 0.079503
16 97 0.079503
16 98 0.079502
16 99 0.079502

17 0 0.079722
17 1 0.079722
17 2 0.079721
17 3 0.079720
17 4 0.079719
17 5 0.079717
17 6 0.079716
17 7 0.079714
17 8 0.079712
17 9 0.079710
17 10 0.079708
17 11 0.079705
17 12 0.079703
17 13 0.079700
17 14 0.079697
17 15 0.079694
17 16 0.079691
17 17 0.079688
17 18 0.079684
17 19 0.079681
17 20 0.079677
17 21 0.079673
17 22 0.079669
17 23 0.079665
17 24 0.079661
17 25 0.079657
17 26 0.079653
17 27 0.079649
17 28 0.079644
17 29 0.079640
17 30 0.079636
17 31 0.079631
17 32 0.079627
17 33 0.079622
17 34 0.079618
17 35 0.079614
17 36 0.079609
17 37 0.079605
17 38 0.079601
17 39 0.079596
17 40 0.079592
17 41 0.079588
17 42 0.079584
17 43 0.079580
17 44 0.079576
17 45 0.079573
17 46 0.079569
17 47 0.079565
17 48 0.079562
17 49 0.079558
17 50 0.079555
17 51 0.079552
17 52 0.079549
17 53 0.079546
17 54 0.079543
17 55 0.079540
17 56 0.079538
17 57 0.079535
17 58 0.079533
17 59 0.079531
17 60 0.079528
17 61 0.079526
17 62 0.079524
17 63 0.079523
17 64 0.079521
17 65 0.079519
17 66 0.079518
17 67 0.079517
17 68 0.079515
17 69 0.079514
17 70 0.079513
17 71 0.079512
17 72 0.079511
17 73 0.079510
17 74 0.079509
17 75 0.079509
17 76 0.079508
17 77 0.079507
17 78 0.079507
17 79 0.079506
17 80 0.079506
17 81 0.079505
17 82 0.079505
17 83 0.079504
17 84 0.079504
17 85 0.079504
17 86 0.079503
17 87 0.079503
17 88 0.079502
17 89 0.079502
17 90 0.079502
17 91 0.079501
17 92 0.079501
17 93 0.079501
17 94 0.079500
17 95 0.079500
17 96 0.079500
17 97 0.079499
17 98 0.079499
17 99 0.079499

18 0 0.079718
18 1 0.079718
18 2 0.079716
18 3 0.079716
18 4 0.079715
18 5 0.079713
18 6 0.079712
18 7 0.079710
18 8 0.079708
18 9 0.079706
18 10 0.079704
18 11 0.079701
18 12 0.079699
18 13 0.079696
18 14 0.079693
18 15 0.079690
18 16 0.079687
18 17 0.079683
18 18 0.079680
18 19 0.079676
18 20 0.079673
18 21 0.079669
18 22 0.079665
18 23 0.079661
18 24 0.079657
18 25 0.079653
18 26 0.079649
18 27 0.079644
18 28 0.079640
18 29 0.079636
18 30 0.079631
18 31 0.079627
18 32 0.079623
18 33 0.079618
18 34 0.079614
18 35 0.079610
18 36 0.079605
18 37 0.079601
18 38 0.079597
18 39 0.079592
18 40 0.079588
18 41 0.079584
18 42 0.079580
18 43 0.079576
18 44 0.079572
18 45 0.079568
18 46 0.079565
18 47 0.079561
18 48 0.079558
18 49 0.079554
18 50 0.079551
18 51 0.079548
18 52 0.079545
18 53 0.079542
18 54 0.079539
18 55 0.079536
18 56 0.079534
18 57 0.079531
18 58 0.079529
18 59 0.079526
18 60 0.079524
18 61 0.079522
18 62 0.079520
18 63 0.079519
18 64 0.079517
18 65 0.079515
18 66 0.079514
18 67 0.079513
18 68 0.079511
18 69 0.079510
18 70 0.079509
18 71 0.079508
18 72 0.079507
18 73 0.079506
18 74 0.079505
18 75 0.079505
18 76 0.079504
18 77 0.079503
18 78 0.079503
18 79 0.079502
18 80 0.079502
18 81 0.079501
18 82 0.079501
18 83 0.079500
18 84 0.079500
18 85 0.079500
18 86 0.079499
18 87 0.079499
18 88 0.079499
18 89 0.079498
18 90 0.079498
18 91 0.079498
18 92 0.079497
18 93 0.079497
18 94 0.079497
18 95 0.079496
18 96 0.079496
18 97 0.079495
18 98 0.079495
18 99 0.079495

19 0 0.079713
19 1 0.079713
19 2 0.079712
19 3 0.079711
19 4 0.079710
19 5 0.079709
19 6 0.079707
19 7 0.079706
19 8 0.079704
19 9 0.079702
19 10 0.079699
19 11 0.079697
19 12 0.079694
19 13 0.079692
19 14 0.079689
19 15 0.079686
19 16 0.079683
19 17 0.079679
19 18 0.079676
19 19 0.079672
19 20 0.079669
19 21 0.079665
19 22 0.079661
19 23 0.079657
19 24 0.079653
19 25 0.079649
19 26 0.079644
19 27 0.079640
19 28 0.079636
19 29 0.079632
19 30 0.079627
19 31 0.079623
19 32 0.079618
19 33 0.079614
19 34 0.079610
19 35 0.079605
19 36 0.079601
19 37 0.079597
19 38 0.079592
19 39 0.079588
19 40 0.079584
19 41 0.079580
19 42 0.079576
19 43 0.079572
19 44 0.079568
19 45 0.079564
19 46 0.079561
19 47 0.079557
19 48 0.079554
19 49 0.079550
19 50 0.079547
19 51 0.079544
19 52 0.079541
19 53 0.079538
19 54 0.079535
19 55 0.079532
19 56 0.079530
19 57 0.079527
19 58 0.079525
19 59 0.079522
19 60 0.079520
19 61 0.079518
19 62 0.079516
19 63 0.079515
19 64 0.079513
19 65 0.079511
19 66 0.079510
19 67 0.079508
19 68 0.079507
19 69 0.079506
19 70 0.079505
19 71 0.079504
19 72 0.079503
19 73 0.079502
19 74 0.079501
19 75 0.079500
19 76 0.079500
19 77 0.079499
19 78 0.079498
19 79 0.079498
19 80 0.079497
19 81 0.079497
19 82 0.079496
19 83 0.079496
19 84 0.079496
19 85 0.079495
19 86 0.079495
19 87 0.079495
19 88 0.079494
19 89 0.079494
19 90 0.079494
19 91 0.079493
19 92 0.079493
19 93 0.079493
19 94 0.079492
19 95 0.079492
19 96 0.079492
19 97 0.079491
19 98 0.079491
19 99 0.079490

20 0 0.079708
20 1 0.079708
20 2 0.079707
20 3 0.079707
20 4 0.079705
20 5 0.079704
20 6 0.079703
20 7 0.079701
20 8 0.079699
20 9 0.079697
20 10 0.079695
20 11 0.079692
20 12 0.079690
20 13 0.079687
20 14 0.079684
20 15 0.079681
20 16 0.079678
20 17 0.079675
20 18 0.079671
20 19 0.079668
20 20 0.079664
20 21 0.079660
20 22 0.079656
20 23 0.079652
20 24 0.079648
20 25 0.079644
20 26 0.079640
20 27 0.079636
20 28 0.079631
20 29 0.079627
20 30 0.079623
20 31 0.079618
20 32 0.079614
20 33 0.079610
20 34 0.079605
20 35 0.079601
20 36 0.079597
20 37 0.079592
20 38 0.079588
20 39 0.079584
20 40 0.079580
20 41 0.079576
20 42 0.079572
20 43 0.079568
20 44 0.079564
20 45 0.079560
20 46 0.079556
20 47 0.079553
20 48 0.079549
20 49 0.079546
20 50 0.079542
20 51 0.079539
20 52 0.079536
20 53 0.079533
20 54 0.079530
20 55 0.079528
20 56 0.079525
20 57 0.079523
20 58 0.079520
20 59 0.079518
20 60 0.079516
20 61 0.079514
20 62 0.079512
20 63 0.079510
20 64 0.079509
20 65 0.079507
20 66 0.079505
20 67 0.079504
20 68 0.079503
20 69 0.079502
20 70 0.079501
20 71 0.079500
20 72 0.079499
20 73 0.079498
20 74 0.079497
20 75 0.079496
20 76 0.079496
20 77 0.079495
20 78 0.079494
20 79 0.079494
20 80 0.079493
20 81 0.079493
20 82 0.079492
20 83 0.079492
20 84 0.079492
20 85 0.079491
20 86 0.079491
20 87 0.079491
20 88 0.079490
20 89 0.079490
20 90 0.079490
20 91 0.079489
20 92 0.079489
20 93 0.079489
20 94 0.079488
20 95 0.079488
20 96 0.079488
20 97 0.079487
20 98 0.079487
20 99 0.079487

21 0 0.079704
21 1 0.079704
21 2 0.079703
21 3 0.079702
21 4 0.079701
21 5 0.079700
21 6 0.079698
21 7 0.079697
21 8 0.079695
21 9 0.079693
21 10 0.079690
21 11 0.079688
21 12 0.079686
21 13 0.079683
21 14 0.079680
21 15 0.079677
21 16 0.079674
21 17 0.079670
21 18 0.079667
21 19 0.079663
21 20 0.079660
21 21 0.079656
21 22 0.079652
21 23 0.079648
21 24 0.079644
21 25 0.079640
21 26 0.079636
21 27 0.079631
21 28 0.079627
21 29 0.079623
21 30 0.079618
21 31 0.079614
21 32 0.079610
21 33 0.079605
21 34 0.079601
21 35 0.079596
21 36 0.079592
21 37 0.079588
21 38 0.079584
21 39 0.079579
21 40 0.079575
21 41 0.079571
21 42 0.079567
21 43 0.079563
21 44 0.079559
21 45 0.079555
21 46 0.079552
21 47 0.079548
21 48 0.079545
21 49 0.079541
21 50 0.079538
21 51 0.079535
21 52 0.079532
21 53 0.079529
21 54 0.079526
21 55 0.079523
21 56 0.079521
21 57 0.079518
21 58 0.079516
21 59 0.079514
21 60 0.079512
21 61 0.079510
21 62 0.079508
21 63 0.079506
21 64 0.079504
21 65 0.079503
21 66 0.079501
21 67 0.079500
21 68 0.079498
21 69 0.079497
21 70 0.079496
21 71 0.079495
21 72 0.079494
21 73 0.079493
21 74 0.079492
21 75 0.079492
21 76 0.079491
21 77 0.079490
21 78 0.079490
21 79 0.079489
21 80 0.079489
21 81 0.079488
21 82 0.079488
21 83 0.079487
21 84 0.079487
21 85 0.079487
21 86 0.079486
21 87 0.079486
21 88 0.079486
21 89 0.079485
21 90 0.079485
21 91 0.079485
21 92 0.079484
21 93 0.079484
21 94 0.079484
21 95 0.079483
21 96 0.079483
21 97 0.079483
21 98 0.079482
21 99 0.079482

22 0 0.079699
22 1 0.079699
22 2 0.079698
22 3 0.079697
22 4 0.079696
22 5 0.079695
22 6 0.079693
22 7 0.079692
22 8 0.079690
22 9 0.079688
22 10 0.079685
22 11 0.079683
22 12 0.079680
22 13 0.079678
22 14 0.079675
22 15 0.079672
22 16 0.079669
22 17 0.079665
22 18 0.079662
22 19 0.079658
22 20 0.079655
22 21 0.079651
22 22 0.079647
22 23 0.079643
22 24 0.079639
22 25 0.079635
22 26 0.079631
22 27 0.079627
22 28 0.079622
22 29 0.079618
22 30 0.079614
22 31 0.079609
22 32 0.079605
22 33 0.079601
22 34 0.079596
22 35 0.079592
22 36 0.079588
22 37 0.079583
22 38 0.079579
22 39 0.079575
22 40 0.079571
22 41 0.079567
22 42 0.079563
22 43 0.079559
22 44 0.079555
22 45 0.079551
22 46 0.079547
22 47 0.079544
22 48 0.079540
22 49 0.079537
22 50 0.079534
22 51 0.079530
22 52 0.079527
22 53 0.079524
22 54 0.079522
22 55 0.079519
22 56 0.079516
22 57 0.079514
22 58 0.079511
22 59 0.079509
22 60 0.079507
22 61 0.079505
22 62 0.079503
22 63 0.079501
22 64 0.079500
22 65 0.079498
22 66 0.079497
22 67 0.079495
22 68 0.079494
22 69 0.079493
22 70 0.079492
22 71 0.079491
22 72 0.079490
22 73 0.079489
22 74 0.079488
22 75 0.079487
22 76 0.079487
22 77 0.079486
22 78 0.079485
22 79 0.079485
22 80 0.079484
22 81 0.079484
22 82 0.079483
22 83 0.079483
22 84 0.079483
22 85 0.079482
22 86 0.079482
22 87 0.079482
22 88 0.079481
22 89 0.079481
22 90 0.079481
22 91 0.079480
22 92 0.079480
22 93 0.079480
22 94 0.079480
22 95 0.079479
22 96 0.079479
22 97 0.079478
22 98 0.079478
22 99 0.079478

23 0 0.079695
23 1 0.079694
23 2 0.079693
23 3 0.079693
23 4 0.079691
23 5 0.079690
23 6 0.079689
23 7 0.079687
23 8 0.079685
23 9 0.079683
23 10 0.079681
23 11 0.079678
23 12 0.079676
23 13 0.079673
23 14 0.079670
23 15 0.079667
23 16 0.079664
23 17 0.079661
23 18 0.079657
23 19 0.079654
23 20 0.079650
23 21 0.079646
23 22 0.079642
23 23 0.079638
23 24 0.079634
23 25 0.079630
23 26 0.079626
23 27 0.079622
23 28 0.079618
23 29 0.079613
23 30 0.079609
23 31 0.079605
23 32 0.079600
23 33 0.079596
23 34 0.079591
23 35 0.079587
23 36 0.079583
23 37 0.079578
23 38 0.079574
23 39 0.079570
23 40 0.079566
23 41 0.079562
23 42 0.079558
23 43 0.079554
23 44 0.079550
23 45 0.079546
23 46 0.079543
23 47 0.079539
23 48 0.079535
23 49 0.079532
23 50 0.079529
23 51 0.079526
23 52 0.079523
23 53 0.079520
23 54 0.079517
23 55 0.079514
23 56 0.079511
23 57 0.079509
23 58 0.079507
23 59 0.079504
23 60 0.079502
23 61 0.079500
23 62 0.079498
23 63 0.079497
23 64 0.079495
23 65 0.079493
23 66 0.079492
23 67 0.079491
23 68 0.079489
23 69 0.079488
23 70 0.079487
23 71 0.079486
23 72 0.079485
23 73 0.079484
23 74 0.079483
23 75 0.079483
23 76 0.079482
23 77 0.079481
23 78 0.079481
23 79 0.079480
23 80 0.079480
23 81 0.079479
23 82 0.079479
23 83 0.079479
23 84 0.079478
23 85 0.079478
23 86 0.079477
23 87 0.079477
23 88 0.079477
23 89 0.079477
23 90 0.079476
23 91 0.079476
23 92 0.079476
23 93 0.079475
23 94 0.079475
23 95 0.079475
23 96 0.079474
23 97 0.079474
23 98 0.079474
23 99 0.079473

24 0 0.079690
24 1 0.079690
24 2 0.079688
24 3 0.079688
24 4 0.079687
24 5 0.079685
24 6 0.079684
24 7 0.079682
24 8 0.079680
24 9 0.079678
24 10 0.079676
24 11 0.079673
24 12 0.079671
24 13 0.079668
24 14 0.079665
24 15 0.079662
24 16 0.079659
24 17 0.079656
24 18 0.079652
24 19 0.079649
24 20 0.079645
24 21 0.079641
24 22 0.079638
24 23 0.079634
24 24 0.079630
24 25 0.079625
24 26 0.079621
24 27 0.079617
24 28 0.079613
24 29 0.079608
24 30 0.079604
24 31 0.079600
24 32 0.079595
24 33 0.079591
24 34 0.079587
24 35 0.079582
24 36 0.079578
24 37 0.079574
24 38 0.079569
24 39 0.079565
24 40 0.079561
24 41 0.079557
24 42 0.079553
24 43 0.079549
24 44 0.079545
24 45 0.079542
24 46 0.079538
24 47 0.079534
24 48 0.079531
24 49 0.079527
24 50 0.079524
24 51 0.079521
24 52 0.079518
24 53 0.079515
24 54 0.079513
24 55 0.079510
24 56 0.079507
24 57 0.079505
24 58 0.079502
24 59 0.079500
24 60 0.079498
24 61 0.079496
24 62 0.079494
24 63 0.079492
24 64 0.079490
24 65 0.079489
24 66 0.079487
24 67 0.079486
24 68 0.079485
24 69 0.079483
24 70 0.079482
24 71 0.079481
24 72 0.079480
24 73 0.079479
24 74 0.079479
24 75 0.079478
24 76 0.079477
24 77 0.079477
24 78 0.079476
24 79 0.079475
24 80 0.079475
24 81 0.079474
24 82 0.079474
24 83 0.079474
24 84 0.079473
24 85 0.079473
24 86 0.079473
24 87 0.079472
24 88 0.079472
24 89 0.079472
24 90 0.079471
24 91 0.079471
24 92 0.079471
24 93 0.079470
24 94 0.079470
24 95 0.079470
24 96 0.079469
24 97 0.079469
24 98 0.079469
24 99 0.079468

25 0 0.079684
25 1 0.079684
25 2 0.079683
25 3 0.079682
25 4 0.079681
25 5 0.079680
25 6 0.079678
25 7 0.079677
25 8 0.079675
25 9 0.079673
25 10 0.079670
25 11 0.079668
25 12 0.079666
25 13 0.079663
25 14 0.079660
25 15 0.079657
25 16 0.079654
25 17 0.079651
25 18 0.079647
25 19 0.079644
25 20 0.079640
25 21 0.079636
25 22 0.079632
25 23 0.079629
25 24 0.079625
25 25 0.079620
25 26 0.079616
25 27 0.079612
25 28 0.079608
25 29 0.079604
25 30 0.079599
25 31 0.079595
25 32 0.079591
25 33 0.079586
25 34 0.079582
25 35 0.079578
25 36 0.079573
25 37 0.079569
25 38 0.079565
25 39 0.079561
25 40 0.079556
25 41 0.079552
25 42 0.079548
25 43 0.079544
25 44 0.079541
25 45 0.079537
25 46 0.079533
25 47 0.079529
25 48 0.079526
25 49 0.079523
25 50 0.079519
25 51 0.079516
25 52 0.079513
25 53 0.079509
25 54 0.079507
25 55 0.079504
25 56 0.079501
25 57 0.079499
25 58 0.079497
25 59 0.079494
25 60 0.079492
25 61 0.079490
25 62 0.079488
25 63 0.079487
25 64 0.079485
25 65 0.079483
25 66 0.079482
25 67 0.079481
25 68 0.079479
25 69 0.079478
25 70 0.079477
25 71 0.079476
25 72 0.079475
25 73 0.079474
25 74 0.079474
25 75 0.079473
25 76 0.079472
25 77 0.079472
25 78 0.079471
25 79 0.079471
25 80 0.079470
25 81 0.079470
25 82 0.079470
25 83 0.079469
25 84 0.079469
25 85 0.079469
25 86 0.079468
25 87 0.079468
25 88 0.079468
25 89 0.079467
25 90 0.079467
25 91 0.079467
25 92 0.079467
25 93 0.079466
25 94 0.079466
25 95 0.079466
25 96 0.079465
25 97 0.079465
25 98 0.079465
25 99 0.079464

26 0 0.079680
26 1 0.079680
26 2 0.079678
26 3 0.079678
26 4 0.079677
26 5 0.079675
26 6 0.079674
26 7 0.079672
26 8 0.079670
26 9 0.079668
26 10 0.079666
26 11 0.079663
26 12 0.079661
26 13 0.079658
26 14 0.079655
26 15 0.079652
26 16 0.079649
26 17 0.079646
26 18 0.079642
26 19 0.079639
26 20 0.079635
26 21 0.079631
26 22 0.079627
26 23 0.079623
26 24 0.079619
26 25 0.079615
26 26 0.079611
26 27 0.079607
26 28 0.079602
26 29 0.079598
26 30 0.079594
26 31 0.079589
26 32 0.079585
26 33 0.079581
26 34 0.079576
26 35 0.079572
26 36 0.079568
26 37 0.079563
26 38 0.079559
26 39 0.079555
26 40 0.079551
26 41 0.079547
26 42 0.079543
26 43 0.079539
26 44 0.079535
26 45 0.079531
26 46 0.079528
26 47 0.079524
26 48 0.079520
26 49 0.079517
26 50 0.079514
26 51 0.079511
26 52 0.079508
26 53 0.079505
26 54 0.079502
26 55 0.079500
26 56 0.079497
26 57 0.079494
26 58 0.079492
26 59 0.079490
26 60 0.079488
26 61 0.079486
26 62 0.079484
26 63 0.079482
26 64 0.079480
26 65 0.079479
26 66 0.079477
26 67 0.079476
26 68 0.079475
26 69 0.079474
26 70 0.079472
26 71 0.079471
26 72 0.079470
26 73 0.079470
26 74 0.079469
26 75 0.079468
26 76 0.079467
26 77 0.079467
26 78 0.079466
26 79 0.079466
26 80 0.079465
26 81 0.079465
26 82 0.079464
26 83 0.079464
26 84 0.079464
26 85 0.079463
26 86 0.079463
26 87 0.079463
26 88 0.079462
26 89 0.079462
26 90 0.079462
26 91 0.079462
26 92 0.079461
26 93 0.079461
26 94 0.079461
26 95 0.079460
26 96 0.079460
26 97 0.079460
26 98 0.079459
26 99 0.079459

27 0 0.079674
27 1 0.079674
27 2 0.079673
27 3 0.079672
27 4 0.079671
27 5 0.079669
27 6 0.079668
27 7 0.079666
27 8 0.079665
27 9 0.079662
27 10 0.079660
27 11 0.079658
27 12 0.079655
27 13 0.079653
27 14 0.079650
27 15 0.079647
27 16 0.079644
27 17 0.079640
27 18 0.079637
27 19 0.079633
27 20 0.079630
27 21 0.079626
27 22 0.079622
27 23 0.079618
27 24 0.079614
27 25 0.079610
27 26 0.079606
27 27 0.079602
27 28 0.079597
27 29 0.079593
27 30 0.079589
27 31 0.079585
27 32 0.079580
27 33 0.079576
27 34 0.079571
27 35 0.079567
27 36 0.079563
27 37 0.079559
27 38 0.079554
27 39 0.079550
27 40 0.079546
27 41 0.079542
27 42 0.079538
27 43 0.079534
27 44 0.079530
27 45 0.079526
27 46 0.079523
27 47 0.079519
27 48 0.079516
27 49 0.079512
27 50 0.079509
27 51 0.079506
27 52 0.079503
27 53 0.079500
27 54 0.079497
27 55 0.079494
27 56 0.079492
27 57 0.079489
27 58 0.079487
27 59 0.079485
27 60 0.079483
27 61 0.079481
27 62 0.079479
27 63 0.079477
27 64 0.079475
27 65 0.079474
27 66 0.079472
27 67 0.079471
27 68 0.079470
27 69 0.079468
27 70 0.079467
27 71 0.079466
27 72 0.079465
27 73 0.079465
27 74 0.079464
27 75 0.079463
27 76 0.079462
27 77 0.079462
27 78 0.079461
27 79 0.079461
27 80 0.079460
27 81 0.079460
27 82 0.079460
27 83 0.079459
27 84 0.079459
27 85 0.079459
27 86 0.079458
27 87 0.079458
27 88 0.079458
27 89 0.079457
27 90 0.079457
27 91 0.079457
27 92 0.079456
27 93 0.079456
27 94 0.079456
27 95 0.079455
27 96 0.079455
27 97 0.079455
27 98 0.079454
27 99 0.079454

28 0 0.079669
28 1 0.079669
28 2 0.079668
28 3 0.079667
28 4 0.079666
28 5 0.079664
28 6 0.079663
28 7 0.079661
28 8 0.079659
28 9 0.079657
28 10 0.079655
28 11 0.079653
28 12 0.079650
28 13 0.079648
28 14 0.079645
28 15 0.079642
28 16 0.079639
28 17 0.079635
28 18 0.079632
28 19 0.079628
28 20 0.079625
28 21 0.079621
28 22 0.079617
28 23 0.079613
28 24 0.079609
28 25 0.079605
28 26 0.079601
28 27 0.079597
28 28 0.079592
28 29 0.079588
28 30 0.079584
28 31 0.079579
28 32 0.079575
28 33 0.079571
28 34 0.079566
28 35 0.079562
28 36 0.079558
28 37 0.079553
28 38 0.079549
28 39 0.079545
28 40 0.079541
28 41 0.079537
28 42 0.079533
28 43 0.079529
28 44 0.079525
28 45 0.079521
28 46 0.079517
28 47 0.079514
28 48 0.079510
28 49 0.079507
28 50 0.079504
28 51 0.079500
28 52 0.079497
28 53 0.079495
28 54 0.079492
28 55 0.079489
28 56 0.079486
28 57 0.079484
28 58 0.079482
28 59 0.079479
28 60 0.079477
28 61 0.079475
28 62 0.079473
28 63 0.079472
28 64 0.079470
28 65 0.079468
28 66 0.079467
28 67 0.079466
28 68 0.079464
28 69 0.079463
28 70 0.079462
28 71 0.079461
28 72 0.079460
28 73 0.079460
28 74 0.079459
28 75 0.079458
28 76 0.079457
28 77 0.079457
28 78 0.079456
28 79 0.079456
28 80 0.079455
28 81 0.079455
28 82 0.079455
28 83 0.079454
28 84 0.079454
28 85 0.079454
28 86 0.079453
28 87 0.079453
28 88 0.079453
28 89 0.079453
28 90 0.079452
28 91 0.079452
28 92 0.079452
28 93 0.079451
28 94 0.079451
28 95 0.079451
28 96 0.079451
28 97 0.079450
28 98 0.079450
28 99 0.079450

29 0 0.079663
29 1 0.079663
29 2 0.079662
29 3 0.079662
29 4 0.079661
29 5 0.079659
29 6 0.079658
29 7 0.079656
29 8 0.079654
29 9 0.079652
29 10 0.079650
29 11 0.079648
29 12 0.079645
29 13 0.079642
29 14 0.079640
29 15 0.079637
29 16 0.079633
29 17 0.079630
29 18 0.079627
29 19 0.079623
29 20 0.079619
29 21 0.079616
29 22 0.079612
29 23 0.079608
29 24 0.079604
29 25 0.079600
29 26 0.079595
29 27 0.079591
29 28 0.079587
29 29 0.079583
29 30 0.079578
29 31 0.079574
29 32 0.079570
29 33 0.079565
29 34 0.079561
29 35 0.079557
29 36 0.079552
29 37 0.079548
29 38 0.079544
29 39 0.079539
29 40 0.079535
29 41 0.079531
29 42 0.079527
29 43 0.079524
29 44 0.079520
29 45 0.079516
29 46 0.079513
29 47 0.079509
29 48 0.079506
29 49 0.079502
29 50 0.079499
29 51 0.079496
29 52 0.079493
29 53 0.079490
29 54 0.079487
29 55 0.079484
29 56 0.079482
29 57 0.079479
29 58 0.079477
29 59 0.079475
29 60 0.079473
29 61 0.079471
29 62 0.079469
29 63 0.079467
29 64 0.079465
29 65 0.079464
29 66 0.079462
29 67 0.079461
29 68 0.079460
29 69 0.079458
29 70 0.079457
29 71 0.079456
29 72 0.079455
29 73 0.079455
29 74 0.079454
29 75 0.079453
29 76 0.079452
29 77 0.079452
29 78 0.079451
29 79 0.079451
29 80 0.079450
29 81 0.079450
29 82 0.079449
29 83 0.079449
29 84 0.079449
29 85 0.079448
29 86 0.079448
29 87 0.079448
29 88 0.079447
29 89 0.079447
29 90 0.079447
29 91 0.079447
29 92 0.079446
29 93 0.079446
29 94 0.079446
29 95 0.079445
29 96 0.079445
29 97 0.079445
29 98 0.079444
29 99 0.079444

30 0 0.079658
30 1 0.079657
30 2 0.079656
30 3 0.079656
30 4 0.079655
30 5 0.079653
30 6 0.079652
30 7 0.079650
30 8 0.079648
30 9 0.079646
30 10 0.079644
30 11 0.079642
30 12 0.079639
30 13 0.079637
30 14 0.079634
30 15 0.079631
30 16 0.079628
30 17 0.079624
30 18 0.079621
30 19 0.079618
30 20 0.079614
30 21 0.079610
30 22 0.079606
30 23 0.079602
30 24 0.079598
30 25 0.079594
30 26 0.079590
30 27 0.079586
30 28 0.079582
30 29 0.079578
30 30 0.079573
30 31 0.079569
30 32 0.079565
30 33 0.079560
30 34 0.079556
30 35 0.079551
30 36 0.079547
30 37 0.079543
30 38 0.079539
30 39 0.079535
30 40 0.079530
30 41 0.079526
30 42 0.079523
30 43 0.079518
30 44 0.079514
30 45 0.079510
30 46 0.079507
30 47 0.079503
30 48 0.079500
30 49 0.079496
30 50 0.079493
30 51 0.079490
30 52 0.079487
30 53 0.079484
30 54 0.079481
30 55 0.079479
30 56 0.079476
30 57 0.079474
30 58 0.079471
30 59 0.079469
30 60 0.079467
30 61 0.079465
30 62 0.079463
30 63 0.079461
30 64 0.079460
30 65 0.079458
30 66 0.079457
30 67 0.079455
30 68 0.079454
30 69 0.079453
30 70 0.079452
30 71 0.079451
30 72 0.079450
30 73 0.079449
30 74 0.079449
30 75 0.079448
30 76 0.079447
30 77 0.079447
30 78 0.079446
30 79 0.079446
30 80 0.079445
30 81 0.079445
30 82 0.079445
30 83 0.079444
30 84 0.079444
30 85 0.079444
30 86 0.079443
30 87 0.079443
30 88 0.079443
30 89 0.079443
30 90 0.079442
30 91 0.079442
30 92 0.079442
30 93 0.079441
30 94 0.079441
30 95 0.079441
30 96 0.079441
30 97 0.079440
30 98 0.079440
30 99 0.079440

31 0 0.079653
31 1 0.079653
31 2 0.079652
31 3 0.079651
31 4 0.079650
31 5 0.079649
31 6 0.079647
31 7 0.079646
31 8 0.079644
31 9 0.079642
31 10 0.079639
31 11 0.079637
31 12 0.079635
31 13 0.079632
31 14 0.079629
31 15 0.079626
31 16 0.079623
31 17 0.079620
31 18 0.079616
31 19 0.079613
31 20 0.079609
31 21 0.079605
31 22 0.079601
31 23 0.079597
31 24 0.079593
31 25 0.079589
31 26 0.079585
31 27 0.079581
31 28 0.079576
31 29 0.079572
31 30 0.079568
31 31 0.079563
31 32 0.079559
31 33 0.079555
31 34 0.079550
31 35 0.079546
31 36 0.079542
31 37 0.079538
31 38 0.079533
31 39 0.079529
31 40 0.079525
31 41 0.079521
31 42 0.079517
31 43 0.079513
31 44 0.079510
31 45 0.079506
31 46 0.079502
31 47 0.079499
31 48 0.079495
31 49 0.079492
31 50 0.079489
31 51 0.079485
31 52 0.079482
31 53 0.079479
31 54 0.079477
31 55 0.079474
31 56 0.079471
31 57 0.079469
31 58 0.079467
31 59 0.079464
31 60 0.079462
31 61 0.079460
31 62 0.079458
31 63 0.079457
31 64 0.079455
31 65 0.079453
31 66 0.079452
31 67 0.079451
31 68 0.079449
31 69 0.079448
31 70 0.079447
31 71 0.079446
31 72 0.079445
31 73 0.079444
31 74 0.079444
31 75 0.079443
31 76 0.079442
31 77 0.079442
31 78 0.079441
31 79 0.079441
31 80 0.079440
31 81 0.079440
31 82 0.079439
31 83 0.079439
31 84 0.079439
31 85 0.079438
31 86 0.079438
31 87 0.079438
31 88 0.079437
31 89 0.079437
31 90 0.079437
31 91 0.079437
31 92 0.079436
31 93 0.079436
31 94 0.079436
31 95 0.079435
31 96 0.079435
31 97 0.079435
31 98 0.079434
31 99 0.079434

32 0 0.079647
32 1 0.079647
32 2 0.079646
32 3 0.079645
32 4 0.079644
32 5 0.079643
32 6 0.079641
32 7 0.079640
32 8 0.079638
32 9 0.079636
32 10 0.079634
32 11 0.079631
32 12 0.079629
32 13 0.079626
32 14 0.079623
32 15 0.079620
32 16 0.079617
32 17 0.079614
32 18 0.079611
32 19 0.079607
32 20 0.079603
32 21 0.079600
32 22 0.079596
32 23 0.079592
32 24 0.079588
32 25 0.079584
32 26 0.079580
32 27 0.079576
32 28 0.079571
32 29 0.079567
32 30 0.079563
32 31 0.079558
32 32 0.079554
32 33 0.079550
32 34 0.079545
32 35 0.079541
32 36 0.079537
32 37 0.079532
32 38 0.079528
32 39 0.079524
32 40 0.079520
32 41 0.079516
32 42 0.079512
32 43 0.079508
32 44 0.079504
32 45 0.079500
32 46 0.079496
32 47 0.079493
32 48 0.079490
32 49 0.079486
32 50 0.079483
32 51 0.079480
32 52 0.079477
32 53 0.079474
32 54 0.079471
32 55 0.079468
32 56 0.079466
32 57 0.079463
32 58 0.079461
32 59 0.079459
32 60 0.079457
32 61 0.079455
32 62 0.079453
32 63 0.079451
32 64 0.079449
32 65 0.079448
32 66 0.079447
32 67 0.079445
32 68 0.079444
32 69 0.079443
32 70 0.079442
32 71 0.079441
32 72 0.079440
32 73 0.079439
32 74 0.079438
32 75 0.079438
32 76 0.079437
32 77 0.079436
32 78 0.079436
32 79 0.079435
32 80 0.079435
32 81 0.079434
32 82 0.079434
32 83 0.079434
32 84 0.079433
32 85 0.079433
32 86 0.079433
32 87 0.079433
32 88 0.079432
32 89 0.079432
32 90 0.079432
32 91 0.079432
32 92 0.079431
32 93 0.079431
32 94 0.079431
32 95 0.079430
32 96 0.079430
32 97 0.079430
32 98 0.079429
32 99 0.079429

33 0 0.079642
33 1 0.079641
33 2 0.079641
33 3 0.079640
33 4 0.079639
33 5 0.079637
33 6 0.079636
33 7 0.079634
33 8 0.079633
33 9 0.079631
33 10 0.079628
33 11 0.079626
33 12 0.079624
33 13 0.079621
33 14 0.079618
33 15 0.079615
33 16 0.079612
33 17 0.079609
33 18 0.079605
33 19 0.079602
33 20 0.079598
33 21 0.079594
33 22 0.079590
33 23 0.079586
33 24 0.079582
33 25 0.079578
33 26 0.079574
33 27 0.079570
33 28 0.079566
33 29 0.079562
33 30 0.079557
33 31 0.079553
33 32 0.079549
33 33 0.079544
33 34 0.079540
33 35 0.079535
33 36 0.079531
33 37 0.079527
33 38 0.079523
33 39 0.079518
33 40 0.079514
33 41 0.079510
33 42 0.079506
33 43 0.079502
33 44 0.079498
33 45 0.079495
33 46 0.079491
33 47 0.079487
33 48 0.079484
33 49 0.079481
33 50 0.079477
33 51 0.079474
33 52 0.079471
33 53 0.079468
33 54 0.079465
33 55 0.079463
33 56 0.079460
33 57 0.079458
33 58 0.079455
33 59 0.079453
33 60 0.079451
33 61 0.079449
33 62 0.079447
33 63 0.079446
33 64 0.079444
33 65 0.079442
33 66 0.079441
33 67 0.079440
33 68 0.079439
33 69 0.079437
33 70 0.079436
33 71 0.079435
33 72 0.079434
33 73 0.079434
33 74 0.079433
33 75 0.079432
33 76 0.079432
33 77 0.079431
33 78 0.079431
33 79 0.079430
33 80 0.079430
33 81 0.079429
33 82 0.079429
33 83 0.079429
33 84 0.079428
33 85 0.079428
33 86 0.079428
33 87 0.079428
33 88 0.079427
33 89 0.079427
33 90 0.079427
33 91 0.079427
33 92 0.079426
33 93 0.079426
33 94 0.079426
33 95 0.079425
33 96 0.079425
33 97 0.079425
33 98 0.079424
33 99 0.079424

34 0 0.079636
34 1 0.079636
34 2 0.079635
34 3 0.079634
34 4 0.079633
34 5 0.079632
34 6 0.079631
34 7 0.079629
34 8 0.079627
34 9 0.079625
34 10 0.079623
34 11 0.079621
34 12 0.079618
34 13 0.079616
34 14 0.079613
34 15 0.079610
34 16 0.079607
34 17 0.079603
34 18 0.079600
34 19 0.079596
34 20 0.079593
34 21 0.079589
34 22 0.079585
34 23 0.079581
34 24 0.079577
34 25 0.079573
34 26 0.079569
34 27 0.079565
34 28 0.079560
34 29 0.079556
34 30 0.079552
34 31 0.079547
34 32 0.079543
34 33 0.079539
34 34 0.079535
34 35 0.079531
34 36 0.079526
34 37 0.079522
34 38 0.079518
34 39 0.079514
34 40 0.079510
34 41 0.079506
34 42 0.079502
34 43 0.079498
34 44 0.079494
34 45 0.079490
34 46 0.079487
34 47 0.079483
34 48 0.079480
34 49 0.079476
34 50 0.079473
34 51 0.079470
34 52 0.079467
34 53 0.079464
34 54 0.079461
34 55 0.079459
34 56 0.079456
34 57 0.079454
34 58 0.079451
34 59 0.079449
34 60 0.079447
34 61 0.079445
34 62 0.079443
34 63 0.079441
34 64 0.079440
34 65 0.079438
34 66 0.079437
34 67 0.079435
34 68 0.079434
34 69 0.079433
34 70 0.079432
34 71 0.079431
34 72 0.079430
34 73 0.079429
34 74 0.079428
34 75 0.079427
34 76 0.079427
34 77 0.079426
34 78 0.079426
34 79 0.079425
34 80 0.079425
34 81 0.079424
34 82 0.079424
34 83 0.079423
34 84 0.079423
34 85 0.079423
34 86 0.079422
34 87 0.079422
34 88 0.079422
34 89 0.079422
34 90 0.079421
34 91 0.079421
34 92 0.079421
34 93 0.079421
34 94 0.079420
34 95 0.079420
34 96 0.079420
34 97 0.079419
34 98 0.079419
34 99 0.079419

35 0 0.079630
35 1 0.079630
35 2 0.079629
35 3 0.079629
35 4 0.079628
35 5 0.079626
35 6 0.079625
35 7 0.079623
35 8 0.079621
35 9 0.079620
35 10 0.079617
35 11 0.079615
35 12 0.079613
35 13 0.079610
35 14 0.079607
35 15 0.079604
35 16 0.079601
35 17 0.079598
35 18 0.079594
35 19 0.079591
35 20 0.079587
35 21 0.079584
35 22 0.079580
35 23 0.079576
35 24 0.079572
35 25 0.079568
35 26 0.079564
35 27 0.079560
35 28 0.079555
35 29 0.079551
35 30 0.079547
35 31 0.079542
35 32 0.079538
35 33 0.079533
35 34 0.079529
35 35 0.079524
35 36 0.079520
35 37 0.079516
35 38 0.079512
35 39 0.079507
35 40 0.079503
35 41 0.079499
35 42 0.079495
35 43 0.079491
35 44 0.079487
35 45 0.079484
35 46 0.079480
35 47 0.079476
35 48 0.079473
35 49 0.079470
35 50 0.079466
35 51 0.079463
35 52 0.079460
35 53 0.079457
35 54 0.079454
35 55 0.079452
35 56 0.079449
35 57 0.079447
35 58 0.079445
35 59 0.079442
35 60 0.079440
35 61 0.079438
35 62 0.079437
35 63 0.079435
35 64 0.079433
35 65 0.079432
35 66 0.079430
35 67 0.079429
35 68 0.079428
35 69 0.079427
35 70 0.079426
35 71 0.079425
35 72 0.079424
35 73 0.079423
35 74 0.079422
35 75 0.079422
35 76 0.079421
35 77 0.079421
35 78 0.079420
35 79 0.079420
35 80 0.079419
35 81 0.079419
35 82 0.079419
35 83 0.079418
35 84 0.079418
35 85 0.079418
35 86 0.079418
35 87 0.079417
35 88 0.079417
35 89 0.079417
35 90 0.079417
35 91 0.079416
35 92 0.079416
35 93 0.079416
35 94 0.079416
35 95 0.079415
35 96 0.079415
35 97 0.079415
35 98 0.079414
35 99 0.079414

36 0 0.079625
36 1 0.079625
36 2 0.079624
36 3 0.079624
36 4 0.079623
36 5 0.079621
36 6 0.079620
36 7 0.079618
36 8 0.079617
36 9 0.079615
36 10 0.079612
36 11 0.079610
36 12 0.079607
36 13 0.079605
36 14 0.079602
36 15 0.079599
36 16 0.079596
36 17 0.079592
36 18 0.079589
36 19 0.079586
36 20 0.079582
36 21 0.079578
36 22 0.079574
36 23 0.079570
36 24 0.079566
36 25 0.079562
36 26 0.079558
36 27 0.079554
36 28 0.079550
36 29 0.079545
36 30 0.079541
36 31 0.079537
36 32 0.079532
36 33 0.079528
36 34 0.079524
36 35 0.079520
36 36 0.079516
36 37 0.079511
36 38 0.079507
36 39 0.079503
36 40 0.079499
36 41 0.079495
36 42 0.079491
36 43 0.079487
36 44 0.079483
36 45 0.079479
36 46 0.079476
36 47 0.079472
36 48 0.079469
36 49 0.079465
36 50 0.079462
36 51 0.079459
36 52 0.079456
36 53 0.079453
36 54 0.079450
36 55 0.079448
36 56 0.079445
36 57 0.079443
36 58 0.079440
36 59 0.079438
36 60 0.079436
36 61 0.079434
36 62 0.079432
36 63 0.079430
36 64 0.079429
36 65 0.079427
36 66 0.079426
36 67 0.079425
36 68 0.079423
36 69 0.079422
36 70 0.079421
36 71 0.079420
36 72 0.079419
36 73 0.079418
36 74 0.079418
36 75 0.079417
36 76 0.079416
36 77 0.079416
36 78 0.079415
36 79 0.079415
36 80 0.079414
36 81 0.079414
36 82 0.079413
36 83 0.079413
36 84 0.079413
36 85 0.079413
36 86 0.079412
36 87 0.079412
36 88 0.079412
36 89 0.079411
36 90 0.079411
36 91 0.079411
36 92 0.079411
36 93 0.079410
36 94 0.079410
36 95 0.079410
36 96 0.079410
36 97 0.079409
36 98 0.079409
36 99 0.079409

37 0 0.079620
37 1 0.079619
37 2 0.079619
37 3 0.079618
37 4 0.079617
37 5 0.079616
37 6 0.079614
37 7 0.079613
37 8 0.079611
37 9 0.079609
37 10 0.079607
37 11 0.079604
37 12 0.079602
37 13 0.079599
37 14 0.079596
37 15 0.079593
37 16 0.079590
37 17 0.079587
37 18 0.079584
37 19 0.079580
37 20 0.079577
37 21 0.079573
37 22 0.079569
37 23 0.079565
37 24 0.079561
37 25 0.079557
37 26 0.079553
37 27 0.079549
37 28 0.079545
37 29 0.079540
37 30 0.079536
37 31 0.079532
37 32 0.079527
37 33 0.079523
37 34 0.079519
37 35 0.079514
37 36 0.079510
37 37 0.079506
37 38 0.079502
37 39 0.079497
37 40 0.079493
37 41 0.079489
37 42 0.079485
37 43 0.079481
37 44 0.079478
37 45 0.079474
37 46 0.079470
37 47 0.079467
37 48 0.079463
37 49 0.079460
37 50 0.079457
37 51 0.079454
37 52 0.079451
37 53 0.079448
37 54 0.079445
37 55 0.079442
37 56 0.079440
37 57 0.079437
37 58 0.079435
37 59 0.079433
37 60 0.079431
37 61 0.079429
37 62 0.079427
37 63 0.079425
37 64 0.079423
37 65 0.079422
37 66 0.079420
37 67 0.079419
37 68 0.079418
37 69 0.079417
37 70 0.079416
37 71 0.079415
37 72 0.079414
37 73 0.079413
37 74 0.079412
37 75 0.079412
37 76 0.079411
37 77 0.079410
37 78 0.079410
37 79 0.079409
37 80 0.079409
37 81 0.079409
37 82 0.079408
37 83 0.079408
37 84 0.079408
37 85 0.079407
37 86 0.079407
37 87 0.079407
37 88 0.079407
37 89 0.079406
37 90 0.079406
37 91 0.079406
37 92 0.079406
37 93 0.079405
37 94 0.079405
37 95 0.079405
37 96 0.079405
37 97 0.079404
37 98 0.079404
37 99 0.079404

38 0 0.079614
38 1 0.079614
38 2 0.079613
38 3 0.079613
38 4 0.079612
38 5 0.079610
38 6 0.079609
38 7 0.079607
38 8 0.079606
38 9 0.079604
38 10 0.079601
38 11 0.079599
38 12 0.079597
38 13 0.079594
38 14 0.079591
38 15 0.079588
38 16 0.079585
38 17 0.079582
38 18 0.079578
38 19 0.079575
38 20 0.079571
38 21 0.079568
38 22 0.079564
38 23 0.079560
38 24 0.079556
38 25 0.079552
38 26 0.079548
38 27 0.079543
38 28 0.079539
38 29 0.079535
38 30 0.079531
38 31 0.079526
38 32 0.079522
38 33 0.079517
38 34 0.079513
38 35 0.079509
38 36 0.079504
38 37 0.079500
38 38 0.079496
38 39 0.079492
38 40 0.079488
38 41 0.079484
38 42 0.079480
38 43 0.079476
38 44 0.079472
38 45 0.079468
38 46 0.079465
38 47 0.079461
38 48 0.079458
38 49 0.079454
38 50 0.079451
38 51 0.079448
38 52 0.079445
38 53 0.079442
38 54 0.079439
38 55 0.079437
38 56 0.079434
38 57 0.079432
38 58 0.079429
38 59 0.079427
38 60 0.079425
38 61 0.079423
38 62 0.079421
38 63 0.079420
38 64 0.079418
38 65 0.079416
38 66 0.079415
38 67 0.079414
38 68 0.079413
38 69 0.079411
38 70 0.079410
38 71 0.079409
38 72 0.079409
38 73 0.079408
38 74 0.079407
38 75 0.079406
38 76 0.079406
38 77 0.079405
38 78 0.079405
38 79 0.079404
38 80 0.079404
38 81 0.079404
38 82 0.079403
38 83 0.079403
38 84 0.079403
38 85 0.079402
38 86 0.079402
38 87 0.079402
38 88 0.079402
38 89 0.079401
38 90 0.079401
38 91 0.079401
38 92 0.079401
38 93 0.079401
38 94 0.079400
38 95 0.079400
38 96 0.079400
38 97 0.079399
38 98 0.079399
38 99 0.079399

39 0 0.079609
39 1 0.079609
39 2 0.079608
39 3 0.079607
39 4 0.079606
39 5 0.079605
39 6 0.079604
39 7 0.079602
39 8 0.079600
39 9 0.079598
39 10 0.079596
39 11 0.079594
39 12 0.079591
39 13 0.079589
39 14 0.079586
39 15 0.079583
39 16 0.079580
39 17 0.079577
39 18 0.079573
39 19 0.079570
39 20 0.079566
39 21 0.079562
39 22 0.079558
39 23 0.079555
39 24 0.079551
39 25 0.079547
39 26 0.079543
39 27 0.079538
39 28 0.079534
39 29 0.079530
39 30 0.079526
39 31 0.079521
39 32 0.079517
39 33 0.079513
39 34 0.079509
39 35 0.079504
39 36 0.079500
39 37 0.079496
39 38 0.079492
39 39 0.079488
39 40 0.079484
39 41 0.079479
39 42 0.079476
39 43 0.079472
39 44 0.079468
39 45 0.079464
39 46 0.079461
39 47 0.079457
39 48 0.079454
39 49 0.079450
39 50 0.079447
39 51 0.079444
39 52 0.079441
39 53 0.079438
39 54 0.079435
39 55 0.079433
39 56 0.079430
39 57 0.079428
39 58 0.079425
39 59 0.079423
39 60 0.079421
39 61 0.079419
39 62 0.079417
39 63 0.079415
39 64 0.079414
39 65 0.079412
39 66 0.079411
39 67 0.079409
39 68 0.079408
39 69 0.079407
39 70 0.079406
39 71 0.079405
39 72 0.079404
39 73 0.079403
39 74 0.079402
39 75 0.079402
39 76 0.079401
39 77 0.079400
39 78 0.079400
39 79 0.079399
39 80 0.079399
39 81 0.079399
39 82 0.079398
39 83 0.079398
39 84 0.079398
39 85 0.079397
39 86 0.079397
39 87 0.079397
39 88 0.079396
39 89 0.079396
39 90 0.079396
39 91 0.079396
39 92 0.079395
39 93 0.079395
39 94 0.079395
39 95 0.079395
39 96 0.079394
39 97 0.079394
39 98 0.079394
39 99 0.079394

40 0 0.079603
40 1 0.079603
40 2 0.079602
40 3 0.079602
40 4 0.079601
40 5 0.079600
40 6 0.079598
40 7 0.079597
40 8 0.079595
40 9 0.079593
40 10 0.079591
40 11 0.079589
40 12 0.079586
40 13 0.079583
40 14 0.079581
40 15 0.079578
40 16 0.079575
40 17 0.079571
40 18 0.079568
40 19 0.079565
40 20 0.079561
40 21 0.079557
40 22 0.079554
40 23 0.079549
40 24 0.079545
40 25 0.079541
40 26 0.079537
40 27 0.079533
40 28 0.079529
40 29 0.079524
40 30 0.079520
40 31 0.079516
40 32 0.079511
40 33 0.079507
40 34 0.079502
40 35 0.079498
40 36 0.079494
40 37 0.079490
40 38 0.079485
40 39 0.079481
40 40 0.079477
40 41 0.079473
40 42 0.079469
40 43 0.079465
40 44 0.079461
40 45 0.079458
40 46 0.079454
40 47 0.079450
40 48 0.079447
40 49 0.079444
40 50 0.079440
40 51 0.079437
40 52 0.079434
40 53 0.079431
40 54 0.079429
40 55 0.079426
40 56 0.079423
40 57 0.079421
40 58 0.079419
40 59 0.079417
40 60 0.079415
40 61 0.079413
40 62 0.079411
40 63 0.079409
40 64 0.079407
40 65 0.079406
40 66 0.079405
40 67 0.079403
40 68 0.079402
40 69 0.079401
40 70 0.079400
40 71 0.079399
40 72 0.079398
40 73 0.079397
40 74 0.079397
40 75 0.079396
40 76 0.079396
40 77 0.079395
40 78 0.079395
40 79 0.079394
40 80 0.079394
40 81 0.079393
40 82 0.079393
40 83 0.079393
40 84 0.079393
40 85 0.079392
40 86 0.079392
40 87 0.079392
40 88 0.079392
40 89 0.079391
40 90 0.079391
40 91 0.079391
40 92 0.079391
40 93 0.079391
40 94 0.079390
40 95 0.079390
40 96 0.079390
40 97 0.079389
40 98 0.079389
40 99 0.079389

41 0 0.079599
41 1 0.079598
41 2 0.079598
41 3 0.079597
41 4 0.079596
41 5 0.079595
41 6 0.079593
41 7 0.079592
41 8 0.079590
41 9 0.079588
41 10 0.079586
41 11 0.079583
41 12 0.079581
41 13 0.079578
41 14 0.079575
41 15 0.079573
41 16 0.079569
41 17 0.079566
41 18 0.079563
41 19 0.079559
41 20 0.079556
41 21 0.079552
41 22 0.079548
41 23 0.079544
41 24 0.079540
41 25 0.079536
41 26 0.079532
41 27 0.079528
41 28 0.079524
41 29 0.079519
41 30 0.079515
41 31 0.079511
41 32 0.079507
41 33 0.079502
41 34 0.079498
41 35 0.079494
41 36 0.079489
41 37 0.079485
41 38 0.079481
41 39 0.079477
41 40 0.079473
41 41 0.079469
41 42 0.079465
41 43 0.079461
41 44 0.079457
41 45 0.079453
41 46 0.079450
41 47 0.079446
41 48 0.079443
41 49 0.079439
41 50 0.079436
41 51 0.079433
41 52 0.079430
41 53 0.079427
41 54 0.079424
41 55 0.079422
41 56 0.079419
41 57 0.079417
41 58 0.079415
41 59 0.079412
41 60 0.079410
41 61 0.079408
41 62 0.079406
41 63 0.079405
41 64 0.079403
41 65 0.079402
41 66 0.079400
41 67 0.079399
41 68 0.079398
41 69 0.079397
41 70 0.079395
41 71 0.079395
41 72 0.079394
41 73 0.079393
41 74 0.079392
41 75 0.079391
41 76 0.079391
41 77 0.079390
41 78 0.079390
41 79 0.079389
41 80 0.079389
41 81 0.079389
41 82 0.079388
41 83 0.079388
41 84 0.079388
41 85 0.079387
41 86 0.079387
41 87 0.079387
41 88 0.079387
41 89 0.079386
41 90 0.079386
41 91 0.079386
41 92 0.079386
41 93 0.079385
41 94 0.079385
41 95 0.079385
41 96 0.079385
41 97 0.079384
41 98 0.079384
41 99 0.079384

42 0 0.079593
42 1 0.079593
42 2 0.079592
42 3 0.079591
42 4 0.079591
42 5 0.079589
42 6 0.079588
42 7 0.079586
42 8 0.079585
42 9 0.079583
42 10 0.079581
42 11 0.079578
42 12 0.079576
42 13 0.079573
42 14 0.079570
42 15 0.079567
42 16 0.079564
42 17 0.079561
42 18 0.079558
42 19 0.079554
42 20 0.079551
42 21 0.079547
42 22 0.079543
42 23 0.079539
42 24 0.079535
42 25 0.079531
42 26 0.079527
42 27 0.079523
42 28 0.079519
42 29 0.079514
42 30 0.079510
42 31 0.079506
42 32 0.079501
42 33 0.079497
42 34 0.079493
42 35 0.079488
42 36 0.079484
42 37 0.079480
42 38 0.079476
42 39 0.079472
42 40 0.079468
42 41 0.079464
42 42 0.079460
42 43 0.079456
42 44 0.079452
42 45 0.079448
42 46 0.079445
42 47 0.079441
42 48 0.079438
42 49 0.079434
42 50 0.079431
42 51 0.079428
42 52 0.079425
42 53 0.079422
42 54 0.079419
42 55 0.079417
42 56 0.079414
42 57 0.079412
42 58 0.079409
42 59 0.079407
42 60 0.079405
42 61 0.079403
42 62 0.079401
42 63 0.079400
42 64 0.079398
42 65 0.079397
42 66 0.079395
42 67 0.079394
42 68 0.079393
42 69 0.079391
42 70 0.079390
42 71 0.079389
42 72 0.079389
42 73 0.079388
42 74 0.079387
42 75 0.079386
42 76 0.079386
42 77 0.079385
42 78 0.079385
42 79 0.079384
42 80 0.079384
42 81 0.079384
42 82 0.079383
42 83 0.079383
42 84 0.079383
42 85 0.079382
42 86 0.079382
42 87 0.079382
42 88 0.079382
42 89 0.079382
42 90 0.079381
42 91 0.079381
42 92 0.079381
42 93 0.079381
42 94 0.079380
42 95 0.079380
42 96 0.079380
42 97 0.079380
42 98 0.079379
42 99 0.079379

43 0 0.079588
43 1 0.079588
43 2 0.079587
43 3 0.079586
43 4 0.079585
43 5 0.079584
43 6 0.079583
43 7 0.079581
43 8 0.079580
43 9 0.079578
43 10 0.079576
43 11 0.079573
43 12 0.079571
43 13 0.079568
43 14 0.079565
43 15 0.079562
43 16 0.079559
43 17 0.079556
43 18 0.079553
43 19 0.079549
43 20 0.079546
43 21 0.079542
43 22 0.079538
43 23 0.079534
43 24 0.079530
43 25 0.079526
43 26 0.079522
43 27 0.079518
43 28 0.079513
43 29 0.079509
43 30 0.079505
43 31 0.079501
43 32 0.079496
43 33 0.079492
43 34 0.079488
43 35 0.079483
43 36 0.079479
43 37 0.079475
43 38 0.079471
43 39 0.079466
43 40 0.079462
43 41 0.079458
43 42 0.079454
43 43 0.079450
43 44 0.079447
43 45 0.079443
43 46 0.079439
43 47 0.079436
43 48 0.079432
43 49 0.079429
43 50 0.079426
43 51 0.079423
43 52 0.079420
43 53 0.079417
43 54 0.079414
43 55 0.079411
43 56 0.079409
43 57 0.079407
43 58 0.079404
43 59 0.079402
43 60 0.079400
43 61 0.079398
43 62 0.079396
43 63 0.079395
43 64 0.079393
43 65 0.079391
43 66 0.079390
43 67 0.079389
43 68 0.079388
43 69 0.079386
43 70 0.079385
43 71 0.079384
43 72 0.079384
43 73 0.079383
43 74 0.079382
43 75 0.079381
43 76 0.079381
43 77 0.079380
43 78 0.079380
43 79 0.079379
43 80 0.079379
43 81 0.079379
43 82 0.079378
43 83 0.079378
43 84 0.079378
43 85 0.079378
43 86 0.079377
43 87 0.079377
43 88 0.079377
43 89 0.079377
43 90 0.079377
43 91 0.079376
43 92 0.079376
43 93 0.079376
43 94 0.079376
43 95 0.079375
43 96 0.079375
43 97 0.079375
43 98 0.079374
43 99 0.079374

44 0 0.079583
44 1 0.079583
44 2 0.079582
44 3 0.079581
44 4 0.079581
44 5 0.079579
44 6 0.079578
44 7 0.079576
44 8 0.079575
44 9 0.079573
44 10 0.079571
44 11 0.079568
44 12 0.079566
44 13 0.079563
44 14 0.079560
44 15 0.079557
44 16 0.079554
44 17 0.079551
44 18 0.079548
44 19 0.079544
44 20 0.079541
44 21 0.079537
44 22 0.079533
44 23 0.079529
44 24 0.079525
44 25 0.079521
44 26 0.079517
44 27 0.079513
44 28 0.079509
44 29 0.079505
44 30 0.079500
44 31 0.079496
44 32 0.079492
44 33 0.079487
44 34 0.079483
44 35 0.079479
44 36 0.079475
44 37 0.079470
44 38 0.079466
44 39 0.079462
44 40 0.079458
44 41 0.079454
44 42 0.079450
44 43 0.079446
44 44 0.079442
44 45 0.079439
44 46 0.079435
44 47 0.079432
44 48 0.079428
44 49 0.079425
44 50 0.079422
44 51 0.079418
44 52 0.079415
44 53 0.079413
44 54 0.079410
44 55 0.079407
44 56 0.079405
44 57 0.079402
44 58 0.079400
44 59 0.079398
44 60 0.079396
44 61 0.079394
44 62 0.079392
44 63 0.079390
44 64 0.079389
44 65 0.079387
44 66 0.079386
44 67 0.079384
44 68 0.079383
44 69 0.079382
44 70 0.079381
44 71 0.079380
44 72 0.079379
44 73 0.079378
44 74 0.079378
44 75 0.079377
44 76 0.079376
44 77 0.079376
44 78 0.079375
44 79 0.079375
44 80 0.079374
44 81 0.079374
44 82 0.079374
44 83 0.079373
44 84 0.079373
44 85 0.079373
44 86 0.079373
44 87 0.079372
44 88 0.079372
44 89 0.079372
44 90 0.079372
44 91 0.079371
44 92 0.079371
44 93 0.079371
44 94 0.079371
44 95 0.079370
44 96 0.079370
44 97 0.079370
44 98 0.079370
44 99 0.079370

45 0 0.079578
45 1 0.079578
45 2 0.079577
45 3 0.079576
45 4 0.079576
45 5 0.079574
45 6 0.079573
45 7 0.079571
45 8 0.079570
45 9 0.079568
45 10 0.079566
45 11 0.079563
45 12 0.079561
45 13 0.079558
45 14 0.079556
45 15 0.079553
45 16 0.079550
45 17 0.079546
45 18 0.079543
45 19 0.079539
45 20 0.079536
45 21 0.079532
45 22 0.079528
45 23 0.079524
45 24 0.079520
45 25 0.079516
45 26 0.079512
45 27 0.079508
45 28 0.079504
45 29 0.079499
45 30 0.079495
45 31 0.079491
45 32 0.079486
45 33 0.079482
45 34 0.079478
45 35 0.079474
45 36 0.079469
45 37 0.079465
45 38 0.079461
45 39 0.079457
45 40 0.079453
45 41 0.079449
45 42 0.079445
45 43 0.079441
45 44 0.079437
45 45 0.079433
45 46 0.079430
45 47 0.079426
45 48 0.079423
45 49 0.079419
45 50 0.079416
45 51 0.079413
45 52 0.079410
45 53 0.079407
45 54 0.079404
45 55 0.079402
45 56 0.079399
45 57 0.079397
45 58 0.079395
45 59 0.079392
45 60 0.079390
45 61 0.079388
45 62 0.079387
45 63 0.079385
45 64 0.079383
45 65 0.079382
45 66 0.079380
45 67 0.079379
45 68 0.079378
45 69 0.079377
45 70 0.079376
45 71 0.079375
45 72 0.079374
45 73 0.079373
45 74 0.079373
45 75 0.079372
45 76 0.079371
45 77 0.079371
45 78 0.079370
45 79 0.079370
45 80 0.079370
45 81 0.079369
45 82 0.079369
45 83 0.079369
45 84 0.079368
45 85 0.079368
45 86 0.079368
45 87 0.079368
45 88 0.079367
45 89 0.079367
45 90 0.079367
45 91 0.079367
45 92 0.079367
45 93 0.079366
45 94 0.079366
45 95 0.079366
45 96 0.079366
45 97 0.079365
45 98 0.079365
45 99 0.079365

46 0 0.079573
46 1 0.079573
46 2 0.079573
46 3 0.079572
46 4 0.079571
46 5 0.079570
46 6 0.079568
46 7 0.079567
46 8 0.079565
46 9 0.079563
46 10 0.079561
46 11 0.079559
46 12 0.079556
46 13 0.079554
46 14 0.079551
46 15 0.079548
46 16 0.079545
46 17 0.079541
46 18 0.079538
46 19 0.079535
46 20 0.079531
46 21 0.079527
46 22 0.079524
46 23 0.079520
46 24 0.079516
46 25 0.079512
46 26 0.079508
46 27 0.079503
46 28 0.079499
46 29 0.079495
46 30 0.079491
46 31 0.079486
46 32 0.079482
46 33 0.079478
46 34 0.079473
46 35 0.079469
46 36 0.079465
46 37 0.079461
46 38 0.079457
46 39 0.079452
46 40 0.079448
46 41 0.079444
46 42 0.079440
46 43 0.079437
46 44 0.079433
46 45 0.079429
46 46 0.079425
46 47 0.079422
46 48 0.079419
46 49 0.079415
46 50 0.079412
46 51 0.079409
46 52 0.079406
46 53 0.079403
46 54 0.079400
46 55 0.079398
46 56 0.079395
46 57 0.079393
46 58 0.079390
46 59 0.079388
46 60 0.079386
46 61 0.079384
46 62 0.079382
46 63 0.079381
46 64 0.079379
46 65 0.079378
46 66 0.079376
46 67 0.079375
46 68 0.079374
46 69 0.079373
46 70 0.079371
46 71 0.079371
46 72 0.079370
46 73 0.079369
46 74 0.079368
46 75 0.079367
46 76 0.079367
46 77 0.079366
46 78 0.079366
46 79 0.079365
46 80 0.079365
46 81 0.079365
46 82 0.079364
46 83 0.079364
46 84 0.079364
46 85 0.079364
46 86 0.079363
46 87 0.079363
46 88 0.079363
46 89 0.079363
46 90 0.079362
46 91 0.079362
46 92 0.079362
46 93 0.079362
46 94 0.079362
46 95 0.079361
46 96 0.079361
46 97 0.079361
46 98 0.079360
46 99 0.079360

47 0 0.079569
47 1 0.079568
47 2 0.079568
47 3 0.079567
47 4 0.079566
47 5 0.079565
47 6 0.079564
47 7 0.079562
47 8 0.079560
47 9 0.079558
47 10 0.079556
47 11 0.079554
47 12 0.079551
47 13 0.079549
47 14 0.079546
47 15 0.079543
47 16 0.079540
47 17 0.079537
47 18 0.079533
47 19 0.079530
47 20 0.079526
47 21 0.079523
47 22 0.079519
47 23 0.079515
47 24 0.079511
47 25 0.079507
47 26 0.079503
47 27 0.079499
47 28 0.079494
47 29 0.079490
47 30 0.079486
47 31 0.079482
47 32 0.079477
47 33 0.079473
47 34 0.079469
47 35 0.079464
47 36 0.079460
47 37 0.079456
47 38 0.079452
47 39 0.079448
47 40 0.079443
47 41 0.079439
47 42 0.079435
47 43 0.079432
47 44 0.079428
47 45 0.079424
47 46 0.079421
47 47 0.079417
47 48 0.079414
47 49 0.079410
47 50 0.079407
47 51 0.079404
47 52 0.079401
47 53 0.079398
47 54 0.079395
47 55 0.079393
47 56 0.079390
47 57 0.079388
47 58 0.079386
47 59 0.079383
47 60 0.079381
47 61 0.079379
47 62 0.079378
47 63 0.079376
47 64 0.079374
47 65 0.079373
47 66 0.079371
47 67 0.079370
47 68 0.079369
47 69 0.079368
47 70 0.079367
47 71 0.079366
47 72 0.079365
47 73 0.079364
47 74 0.079363
47 75 0.079363
47 76 0.079362
47 77 0.079362
47 78 0.079361
47 79 0.079361
47 80 0.079360
47 81 0.079360
47 82 0.079360
47 83 0.079360
47 84 0.079359
47 85 0.079359
47 86 0.079359
47 87 0.079359
47 88 0.079358
47 89 0.079358
47 90 0.079358
47 91 0.079358
47 92 0.079358
47 93 0.079357
47 94 0.079357
47 95 0.079357
47 96 0.079357
47 97 0.079356
47 98 0.079356
47 99 0.079356

48 0 0.079564
48 1 0.079564
48 2 0.079563
48 3 0.079562
48 4 0.079562
48 5 0.079560
48 6 0.079559
48 7 0.079557
48 8 0.079556
48 9 0.079554
48 10 0.079552
48 11 0.079549
48 12 0.079547
48 13 0.079544
48 14 0.079541
48 15 0.079539
48 16 0.079535
48 17 0.079532
48 18 0.079529
48 19 0.079525
48 20 0.079522
48 21 0.079518
48 22 0.079514
48 23 0.079510
48 24 0.079506
48 25 0.079502
48 26 0.079498
48 27 0.079494
48 28 0.079490
48 29 0.079485
48 30 0.079481
48 31 0.079477
48 32 0.079473
48 33 0.079468
48 34 0.079464
48 35 0.079460
48 36 0.079455
48 37 0.079451
48 38 0.079447
48 39 0.079443
48 40 0.079439
48 41 0.079435
48 42 0.079431
48 43 0.079427
48 44 0.079423
48 45 0.079419
48 46 0.079416
48 47 0.079412
48 48 0.079409
48 49 0.079406
48 50 0.079402
48 51 0.079399
48 52 0.079396
48 53 0.079393
48 54 0.079391
48 55 0.079388
48 56 0.079386
48 57 0.079383
48 58 0.079381
48 59 0.079379
48 60 0.079377
48 61 0.079375
48 62 0.079373
48 63 0.079371
48 64 0.079370
48 65 0.079368
48 66 0.079367
48 67 0.079365
48 68 0.079364
48 69 0.079363
48 70 0.079362
48 71 0.079361
48 72 0.079360
48 73 0.079360
48 74 0.079359
48 75 0.079358
48 76 0.079358
48 77 0.079357
48 78 0.079357
48 79 0.079356
48 80 0.079356
48 81 0.079356
48 82 0.079355
48 83 0.079355
48 84 0.079355
48 85 0.079355
48 86 0.079354
48 87 0.079354
48 88 0.079354
48 89 0.079354
48 90 0.079354
48 91 0.079353
48 92 0.079353
48 93 0.079353
48 94 0.079353
48 95 0.079352
48 96 0.079352
48 97 0.079352
48 98 0.079352
48 99 0.079351

49 0 0.079560
49 1 0.079559
49 2 0.079559
49 3 0.079558
49 4 0.079557
49 5 0.079556
49 6 0.079554
49 7 0.079553
49 8 0.079551
49 9 0.079549
49 10 0.079547
49 11 0.079545
49 12 0.079542
49 13 0.079540
49 14 0.079537
49 15 0.079534
49 16 0.079531
49 17 0.079528
49 18 0.079524
49 19 0.079521
49 20 0.079517
49 21 0.079514
49 22 0.079510
49 23 0.079506
49 24 0.079502
49 25 0.079498
49 26 0.079494
49 27 0.079490
49 28 0.079486
49 29 0.079481
49 30 0.079477
49 31 0.079473
49 32 0.079469
49 33 0.079464
49 34 0.079460
49 35 0.079456
49 36 0.079452
49 37 0.079447
49 38 0.079443
49 39 0.079439
49 40 0.079435
49 41 0.079431
49 42 0.079427
49 43 0.079423
49 44 0.079419
49 45 0.079416
49 46 0.079412
49 47 0.079409
49 48 0.079405
49 49 0.079402
49 50 0.079399
49 51 0.079396
49 52 0.079393
49 53 0.079390
49 54 0.079387
49 55 0.079384
49 56 0.079382
49 57 0.079379
49 58 0.079377
49 59 0.079375
49 60 0.079373
49 61 0.079371
49 62 0.079369
49 63 0.079367
49 64 0.079366
49 65 0.079364
49 66 0.079363
49 67 0.079362
49 68 0.079360
49 69 0.079359
49 70 0.079358
49 71 0.079357
49 72 0.079356
49 73 0.079356
49 74 0.079355
49 75 0.079354
49 76 0.079354
49 77 0.079353
49 78 0.079353
49 79 0.079352
49 80 0.079352
49 81 0.079351
49 82 0.079351
49 83 0.079351
49 84 0.079351
49 85 0.079350
49 86 0.079350
49 87 0.079350
49 88 0.079350
49 89 0.079349
49 90 0.079349
49 91 0.079349
49 92 0.079349
49 93 0.079349
49 94 0.079348
49 95 0.079348
49 96 0.079348
49 97 0.079348
49 98 0.079347
49 99 0.079347

50 0 0.079555
50 1 0.079555
50 2 0.079554
50 3 0.079554
50 4 0.079553
50 5 0.079552
50 6 0.079550
50 7 0.079549
50 8 0.079547
50 9 0.079545
50 10 0.079543
50 11 0.079541
50 12 0.079538
50 13 0.079536
50 14 0.079533
50 15 0.079530
50 16 0.079527
50 17 0.079523
50 18 0.079520
50 19 0.079517
50 20 0.079513
50 21 0.079509
50 22 0.079505
50 23 0.079501
50 24 0.079497
50 25 0.079493
50 26 0.079489
50 27 0.079485
50 28 0.079481
50 29 0.079477
50 30 0.079472
50 31 0.079468
50 32 0.079464
50 33 0.079459
50 34 0.079455
50 35 0.079451
50 36 0.079446
50 37 0.079442
50 38 0.079438
50 39 0.079434
50 40 0.079430
50 41 0.079426
50 42 0.079422
50 43 0.079418
50 44 0.079414
50 45 0.079410
50 46 0.079407
50 47 0.079403
50 48 0.079400
50 49 0.079397
50 50 0.079393
50 51 0.079390
50 52 0.079387
50 53 0.079384
50 54 0.079382
50 55 0.079379
50 56 0.079377
50 57 0.079374
50 58 0.079372
50 59 0.079370
50 60 0.079368
50 61 0.079366
50 62 0.079364
50 63 0.079362
50 64 0.079361
50 65 0.079359
50 66 0.079358
50 67 0.079357
50 68 0.079355
50 69 0.079354
50 70 0.079353
50 71 0.079352
50 72 0.079352
50 73 0.079351
50 74 0.079350
50 75 0.079350
50 76 0.079349
50 77 0.079349
50 78 0.079348
50 79 0.079348
50 80 0.079347
50 81 0.079347
50 82 0.079347
50 83 0.079346
50 84 0.079346
50 85 0.079346
50 86 0.079346
50 87 0.079346
50 88 0.079345
50 89 0.079345
50 90 0.079345
50 91 0.079345
50 92 0.079345
50 93 0.079344
50 94 0.079344
50 95 0.079344
50 96 0.079344
50 97 0.079343
50 98 0.079343
50 99 0.079343

51 0 0.079551
51 1 0.079551
51 2 0.079550
51 3 0.079549
51 4 0.079548
51 5 0.079547
51 6 0.079546
51 7 0.079544
51 8 0.079542
51 9 0.079541
51 10 0.079538
51 11 0.079536
51 12 0.079534
51 13 0.079531
51 14 0.079528
51 15 0.079526
51 16 0.079522
51 17 0.079519
51 18 0.079516
51 19 0.079512
51 20 0.079509
51 21 0.079505
51 22 0.079501
51 23 0.079498
51 24 0.079494
51 25 0.079490
51 26 0.079485
51 27 0.079481
51 28 0.079477
51 29 0.079473
51 30 0.079469
51 31 0.079464
51 32 0.079460
51 33 0.079456
51 34 0.079452
51 35 0.079447
51 36 0.079443
51 37 0.079439
51 38 0.079435
51 39 0.079431
51 40 0.079427
51 41 0.079423
51 42 0.079419
51 43 0.079415
51 44 0.079411
51 45 0.079407
51 46 0.079404
51 47 0.079400
51 48 0.079397
51 49 0.079393
51 50 0.079390
51 51 0.079387
51 52 0.079384
51 53 0.079381
51 54 0.079379
51 55 0.079376
51 56 0.079373
51 57 0.079371
51 58 0.079369
51 59 0.079367
51 60 0.079365
51 61 0.079363
51 62 0.079361
51 63 0.079359
51 64 0.079357
51 65 0.079356
51 66 0.079355
51 67 0.079353
51 68 0.079352
51 69 0.079351
51 70 0.079350
51 71 0.079349
51 72 0.079348
51 73 0.079347
51 74 0.079347
51 75 0.079346
51 76 0.079345
51 77 0.079345
51 78 0.079344
51 79 0.079344
51 80 0.079343
51 81 0.079343
51 82 0.079343
51 83 0.079342
51 84 0.079342
51 85 0.079342
51 86 0.079342
51 87 0.079341
51 88 0.079341
51 89 0.079341
51 90 0.079341
51 91 0.079341
51 92 0.079340
51 93 0.079340
51 94 0.079340
51 95 0.079340
51 96 0.079340
51 97 0.079339
51 98 0.079339
51 99 0.079339

52 0 0.079546
52 1 0.079546
52 2 0.079546
52 3 0.079545
52 4 0.079544
52 5 0.079543
52 6 0.079542
52 7 0.079540
52 8 0.079538
52 9 0.079536
52 10 0.079534
52 11 0.079532
52 12 0.079530
52 13 0.079527
52 14 0.079524
52 15 0.079521
52 16 0.079518
52 17 0.079515
52 18 0.079512
52 19 0.079508
52 20 0.079505
52 21 0.079501
52 22 0.079497
52 23 0.079493
52 24 0.079489
52 25 0.079485
52 26 0.079481
52 27 0.079477
52 28 0.079473
52 29 0.079468
52 30 0.079464
52 31 0.079460
52 32 0.079456
52 33 0.079451
52 34 0.079447
52 35 0.079443
52 36 0.079439
52 37 0.079434
52 38 0.079430
52 39 0.079426
52 40 0.079422
52 41 0.079418
52 42 0.079414
52 43 0.079410
52 44 0.079406
52 45 0.079403
52 46 0.079399
52 47 0.079396
52 48 0.079392
52 49 0.079389
52 50 0.079386
52 51 0.079383
52 52 0.079380
52 53 0.079377
52 54 0.079374
52 55 0.079371
52 56 0.079369
52 57 0.079366
52 58 0.079364
52 59 0.079362
52 60 0.079360
52 61 0.079358
52 62 0.079356
52 63 0.079355
52 64 0.079353
52 65 0.079351
52 66 0.079350
52 67 0.079349
52 68 0.079348
52 69 0.079347
52 70 0.079346
52 71 0.079345
52 72 0.079344
52 73 0.079343
52 74 0.079342
52 75 0.079342
52 76 0.079341
52 77 0.079341
52 78 0.079340
52 79 0.079340
52 80 0.079339
52 81 0.079339
52 82 0.079339
52 83 0.079338
52 84 0.079338
52 85 0.079338
52 86 0.079338
52 87 0.079337
52 88 0.079337
52 89 0.079337
52 90 0.079337
52 91 0.079337
52 92 0.079337
52 93 0.079336
52 94 0.079336
52 95 0.079336
52 96 0.079336
52 97 0.079335
52 98 0.079335
52 99 0.079335

53 0 0.079543
53 1 0.079543
53 2 0.079542
53 3 0.079541
53 4 0.079540
53 5 0.079539
53 6 0.079538
53 7 0.079536
53 8 0.079534
53 9 0.079533
53 10 0.079530
53 11 0.079528
53 12 0.079526
53 13 0.079523
53 14 0.079520
53 15 0.079517
53 16 0.079514
53 17 0.079511
53 18 0.079508
53 19 0.079504
53 20 0.079501
53 21 0.079497
53 22 0.079493
53 23 0.079489
53 24 0.079485
53 25 0.079481
53 26 0.079477
53 27 0.079473
53 28 0.079468
53 29 0.079464
53 30 0.079460
53 31 0.079456
53 32 0.079451
53 33 0.079447
53 34 0.079443
53 35 0.079438
53 36 0.079434
53 37 0.079430
53 38 0.079426
53 39 0.079422
53 40 0.079417
53 41 0.079413
53 42 0.079410
53 43 0.079406
53 44 0.079402
53 45 0.079398
53 46 0.079395
53 47 0.079391
53 48 0.079388
53 49 0.079384
53 50 0.079381
53 51 0.079378
53 52 0.079375
53 53 0.079372
53 54 0.079370
53 55 0.079367
53 56 0.079364
53 57 0.079362
53 58 0.079360
53 59 0.079358
53 60 0.079356
53 61 0.079354
53 62 0.079352
53 63 0.079350
53 64 0.079349
53 65 0.079347
53 66 0.079346
53 67 0.079345
53 68 0.079343
53 69 0.079342
53 70 0.079341
53 71 0.079340
53 72 0.079340
53 73 0.079339
53 74 0.079338
53 75 0.079338
53 76 0.079337
53 77 0.079337
53 78 0.079336
53 79 0.079336
53 80 0.079335
53 81 0.079335
53 82 0.079335
53 83 0.079334
53 84 0.079334
53 85 0.079334
53 86 0.079334
53 87 0.079334
53 88 0.079333
53 89 0.079333
53 90 0.079333
53 91 0.079333
53 92 0.079333
53 93 0.079332
53 94 0.079332
53 95 0.079332
53 96 0.079332
53 97 0.079331
53 98 0.079331
53 99 0.079331

54 0 0.079538
54 1 0.079538
54 2 0.079538
54 3 0.079537
54 4 0.079536
54 5 0.079535
54 6 0.079534
54 7 0.079532
54 8 0.079530
54 9 0.079528
54 10 0.079526
54 11 0.079524
54 12 0.079522
54 13 0.079519
54 14 0.079516
54 15 0.079513
54 16 0.079510
54 17 0.079507
54 18 0.079504
54 19 0.079500
54 20 0.079497
54 21 0.079493
54 22 0.079489
54 23 0.079486
54 24 0.079482
54 25 0.079478
54 26 0.079474
54 27 0.079469
54 28 0.079465
54 29 0.079461
54 30 0.079457
54 31 0.079452
54 32 0.079448
54 33 0.079444
54 34 0.079440
54 35 0.079435
54 36 0.079431
54 37 0.079427
54 38 0.079423
54 39 0.079419
54 40 0.079415
54 41 0.079411
54 42 0.079407
54 43 0.079403
54 44 0.079399
54 45 0.079396
54 46 0.079392
54 47 0.079388
54 48 0.079385
54 49 0.079382
54 50 0.079379
54 51 0.079375
54 52 0.079373
54 53 0.079370
54 54 0.079367
54 55 0.079364
54 56 0.079362
54 57 0.079359
54 58 0.079357
54 59 0.079355
54 60 0.079353
54 61 0.079351
54 62 0.079349
54 63 0.079347
54 64 0.079346
54 65 0.079344
54 66 0.079343
54 67 0.079342
54 68 0.079340
54 69 0.079339
54 70 0.079338
54 71 0.079337
54 72 0.079336
54 73 0.079336
54 74 0.079335
54 75 0.079334
54 76 0.079334
54 77 0.079333
54 78 0.079333
54 79 0.079332
54 80 0.079332
54 81 0.079331
54 82 0.079331
54 83 0.079331
54 84 0.079331
54 85 0.079330
54 86 0.079330
54 87 0.079330
54 88 0.079330
54 89 0.079329
54 90 0.079329
54 91 0.079329
54 92 0.079329
54 93 0.079329
54 94 0.079328
54 95 0.079328
54 96 0.079328
54 97 0.079328
54 98 0.079327
54 99 0.079327

55 0 0.079535
55 1 0.079535
55 2 0.079534
55 3 0.079534
55 4 0.079533
55 5 0.079531
55 6 0.079530
55 7 0.079529
55 8 0.079527
55 9 0.079525
55 10 0.079523
55 11 0.079521
55 12 0.079518
55 13 0.079515
55 14 0.079513
55 15 0.079510
55 16 0.079507
55 17 0.079503
55 18 0.079500
55 19 0.079496
55 20 0.079493
55 21 0.079489
55 22 0.079485
55 23 0.079481
55 24 0.079477
55 25 0.079473
55 26 0.079469
55 27 0.079465
55 28 0.079461
55 29 0.079456
55 30 0.079452
55 31 0.079448
55 32 0.079443
55 33 0.079439
55 34 0.079435
55 35 0.079431
55 36 0.079426
55 37 0.079422
55 38 0.079418
55 39 0.079414
55 40 0.079410
55 41 0.079406
55 42 0.079402
55 43 0.079398
55 44 0.079394
55 45 0.079390
55 46 0.079387
55 47 0.079383
55 48 0.079380
55 49 0.079376
55 50 0.079373
55 51 0.079370
55 52 0.079367
55 53 0.079364
55 54 0.079362
55 55 0.079359
55 56 0.079357
55 57 0.079354
55 58 0.079352
55 59 0.079350
55 60 0.079348
55 61 0.079346
55 62 0.079344
55 63 0.079342
55 64 0.079341
55 65 0.079339
55 66 0.079338
55 67 0.079337
55 68 0.079336
55 69 0.079335
55 70 0.079334
55 71 0.079333
55 72 0.079332
55 73 0.079331
55 74 0.079331
55 75 0.079330
55 76 0.079329
55 77 0.079329
55 78 0.079328
55 79 0.079328
55 80 0.079328
55 81 0.079327
55 82 0.079327
55 83 0.079327
55 84 0.079327
55 85 0.079326
55 86 0.079326
55 87 0.079326
55 88 0.079326
55 89 0.079326
55 90 0.079326
55 91 0.079325
55 92 0.079325
55 93 0.079325
55 94 0.079325
55 95 0.079324
55 96 0.079324
55 97 0.079324
55 98 0.079324
55 99 0.079323

56 0 0.079531
56 1 0.079531
56 2 0.079530
56 3 0.079530
56 4 0.079529
56 5 0.079528
56 6 0.079526
56 7 0.079525
56 8 0.079523
56 9 0.079521
56 10 0.079519
56 11 0.079517
56 12 0.079514
56 13 0.079512
56 14 0.079509
56 15 0.079506
56 16 0.079503
56 17 0.079500
56 18 0.079496
56 19 0.079493
56 20 0.079489
56 21 0.079486
56 22 0.079482
56 23 0.079478
56 24 0.079474
56 25 0.079470
56 26 0.079466
56 27 0.079462
56 28 0.079458
56 29 0.079453
56 30 0.079449
56 31 0.079445
56 32 0.079441
56 33 0.079436
56 34 0.079432
56 35 0.079428
56 36 0.079424
56 37 0.079419
56 38 0.079415
56 39 0.079411
56 40 0.079407
56 41 0.079403
56 42 0.079399
56 43 0.079395
56 44 0.079392
56 45 0.079388
56 46 0.079384
56 47 0.079381
56 48 0.079377
56 49 0.079374
56 50 0.079371
56 51 0.079368
56 52 0.079365
56 53 0.079362
56 54 0.079359
56 55 0.079357
56 56 0.079354
56 57 0.079352
56 58 0.079350
56 59 0.079347
56 60 0.079345
56 61 0.079343
56 62 0.079342
56 63 0.079340
56 64 0.079338
56 65 0.079337
56 66 0.079335
56 67 0.079334
56 68 0.079333
56 69 0.079332
56 70 0.079331
56 71 0.079330
56 72 0.079329
56 73 0.079328
56 74 0.079327
56 75 0.079327
56 76 0.079326
56 77 0.079326
56 78 0.079325
56 79 0.079325
56 80 0.079324
56 81 0.079324
56 82 0.079324
56 83 0.079323
56 84 0.079323
56 85 0.079323
56 86 0.079323
56 87 0.079323
56 88 0.079322
56 89 0.079322
56 90 0.079322
56 91 0.079322
56 92 0.079322
56 93 0.079321
56 94 0.079321
56 95 0.079321
56 96 0.079321
56 97 0.079320
56 98 0.079320
56 99 0.079320

57 0 0.079528
57 1 0.079528
57 2 0.079527
57 3 0.079526
57 4 0.079525
57 5 0.079524
57 6 0.079523
57 7 0.079521
57 8 0.079520
57 9 0.079518
57 10 0.079516
57 11 0.079513
57 12 0.079511
57 13 0.079508
57 14 0.079505
57 15 0.079503
57 16 0.079499
57 17 0.079496
57 18 0.079493
57 19 0.079489
57 20 0.079486
57 21 0.079482
57 22 0.079478
57 23 0.079474
57 24 0.079470
57 25 0.079466
57 26 0.079462
57 27 0.079458
57 28 0.079454
57 29 0.079450
57 30 0.079445
57 31 0.079441
57 32 0.079437
57 33 0.079433
57 34 0.079428
57 35 0.079424
57 36 0.079420
57 37 0.079416
57 38 0.079411
57 39 0.079407
57 40 0.079403
57 41 0.079399
57 42 0.079395
57 43 0.079391
57 44 0.079388
57 45 0.079384
57 46 0.079380
57 47 0.079377
57 48 0.079374
57 49 0.079370
57 50 0.079367
57 51 0.079364
57 52 0.079361
57 53 0.079358
57 54 0.079355
57 55 0.079353
57 56 0.079350
57 57 0.079348
57 58 0.079346
57 59 0.079344
57 60 0.079341
57 61 0.079340
57 62 0.079338
57 63 0.079336
57 64 0.079334
57 65 0.079333
57 66 0.079332
57 67 0.079330
57 68 0.079329
57 69 0.079328
57 70 0.079327
57 71 0.079326
57 72 0.079325
57 73 0.079325
57 74 0.079324
57 75 0.079323
57 76 0.079323
57 77 0.079322
57 78 0.079322
57 79 0.079321
57 80 0.079321
57 81 0.079321
57 82 0.079320
57 83 0.079320
57 84 0.079320
57 85 0.079320
57 86 0.079319
57 87 0.079319
57 88 0.079319
57 89 0.079319
57 90 0.079319
57 91 0.079318
57 92 0.079318
57 93 0.079318
57 94 0.079318
57 95 0.079318
57 96 0.079317
57 97 0.079317
57 98 0.079317
57 99 0.079317

58 0 0.079524
58 1 0.079524
58 2 0.079524
58 3 0.079523
58 4 0.079522
58 5 0.079521
58 6 0.079519
58 7 0.079518
58 8 0.079516
58 9 0.079514
58 10 0.079512
58 11 0.079510
58 12 0.079507
58 13 0.079505
58 14 0.079502
58 15 0.079499
58 16 0.079496
58 17 0.079493
58 18 0.079489
58 19 0.079486
58 20 0.079482
58 21 0.079479
58 22 0.079475
58 23 0.079471
58 24 0.079467
58 25 0.079463
58 26 0.079459
58 27 0.079455
58 28 0.079450
58 29 0.079446
58 30 0.079442
58 31 0.079438
58 32 0.079433
58 33 0.079429
58 34 0.079425
58 35 0.079420
58 36 0.079416
58 37 0.079412
58 38 0.079408
58 39 0.079404
58 40 0.079399
58 41 0.079395
58 42 0.079392
58 43 0.079388
58 44 0.079384
58 45 0.079380
58 46 0.079377
58 47 0.079373
58 48 0.079370
58 49 0.079366
58 50 0.079363
58 51 0.079360
58 52 0.079357
58 53 0.079354
58 54 0.079352
58 55 0.079349
58 56 0.079347
58 57 0.079344
58 58 0.079342
58 59 0.079340
58 60 0.079338
58 61 0.079336
58 62 0.079334
58 63 0.079332
58 64 0.079331
58 65 0.079329
58 66 0.079328
58 67 0.079327
58 68 0.079326
58 69 0.079325
58 70 0.079324
58 71 0.079323
58 72 0.079322
58 73 0.079321
58 74 0.079320
58 75 0.079320
58 76 0.079319
58 77 0.079319
58 78 0.079318
58 79 0.079318
58 80 0.079318
58 81 0.079317
58 82 0.079317
58 83 0.079317
58 84 0.079316
58 85 0.079316
58 86 0.079316
58 87 0.079316
58 88 0.079316
58 89 0.079315
58 90 0.079315
58 91 0.079315
58 92 0.079315
58 93 0.079315
58 94 0.079314
58 95 0.079314
58 96 0.079314
58 97 0.079314
58 98 0.079313
58 99 0.079313

59 0 0.079521
59 1 0.079521
59 2 0.079520
59 3 0.079519
59 4 0.079518
59 5 0.079517
59 6 0.079516
59 7 0.079514
59 8 0.079513
59 9 0.079511
59 10 0.079509
59 11 0.079507
59 12 0.079504
59 13 0.079501
59 14 0.079499
59 15 0.079496
59 16 0.079493
59 17 0.079490
59 18 0.079486
59 19 0.079483
59 20 0.079479
59 21 0.079476
59 22 0.079472
59 23 0.079468
59 24 0.079464
59 25 0.079460
59 26 0.079456
59 27 0.079452
59 28 0.079448
59 29 0.079443
59 30 0.079439
59 31 0.079435
59 32 0.079431
59 33 0.079426
59 34 0.079422
59 35 0.079418
59 36 0.079414
59 37 0.079409
59 38 0.079405
59 39 0.079401
59 40 0.079397
59 41 0.079393
59 42 0.079389
59 43 0.079385
59 44 0.079382
59 45 0.079378
59 46 0.079374
59 47 0.079371
59 48 0.079368
59 49 0.079364
59 50 0.079361
59 51 0.079358
59 52 0.079355
59 53 0.079352
59 54 0.079349
59 55 0.079347
59 56 0.079344
59 57 0.079342
59 58 0.079340
59 59 0.079337
59 60 0.079335
59 61 0.079334
59 62 0.079332
59 63 0.079330
59 64 0.079328
59 65 0.079327
59 66 0.079326
59 67 0.079324
59 68 0.079323
59 69 0.079322
59 70 0.079321
59 71 0.079320
59 72 0.079319
59 73 0.079318
59 74 0.079318
59 75 0.079317
59 76 0.079316
59 77 0.079316
59 78 0.079315
59 79 0.079315
59 80 0.079315
59 81 0.079314
59 82 0.079314
59 83 0.079313
59 84 0.079313
59 85 0.079313
59 86 0.079313
59 87 0.079313
59 88 0.079312
59 89 0.079312
59 90 0.079312
59 91 0.079312
59 92 0.079312
59 93 0.079311
59 94 0.079311
59 95 0.079311
59 96 0.079311
59 97 0.079311
59 98 0.079310
59 99 0.079310

60 0 0.079518
60 1 0.079518
60 2 0.079517
60 3 0.079517
60 4 0.079516
60 5 0.079514
60 6 0.079513
60 7 0.079512
60 8 0.079510
60 9 0.079508
60 10 0.079506
60 11 0.079504
60 12 0.079501
60 13 0.079498
60 14 0.079496
60 15 0.079493
60 16 0.079490
60 17 0.079486
60 18 0.079483
60 19 0.079480
60 20 0.079476
60 21 0.079472
60 22 0.079468
60 23 0.079465
60 24 0.079461
60 25 0.079456
60 26 0.079452
60 27 0.079448
60 28 0.079444
60 29 0.079440
60 30 0.079435
60 31 0.079431
60 32 0.079427
60 33 0.079422
60 34 0.079418
60 35 0.079414
60 36 0.079410
60 37 0.079405
60 38 0.079401
60 39 0.079397
60 40 0.079393
60 41 0.079389
60 42 0.079385
60 43 0.079381
60 44 0.079377
60 45 0.079374
60 46 0.079370
60 47 0.079367
60 48 0.079363
60 49 0.079360
60 50 0.079357
60 51 0.079354
60 52 0.079351
60 53 0.079348
60 54 0.079345
60 55 0.079343
60 56 0.079340
60 57 0.079338
60 58 0.079335
60 59 0.079333
60 60 0.079331
60 61 0.079329
60 62 0.079328
60 63 0.079326
60 64 0.079324
60 65 0.079323
60 66 0.079322
60 67 0.079320
60 68 0.079319
60 69 0.079318
60 70 0.079317
60 71 0.079316
60 72 0.079315
60 73 0.079315
60 74 0.079314
60 75 0.079313
60 76 0.079313
60 77 0.079312
60 78 0.079312
60 79 0.079312
60 80 0.079311
60 81 0.079311
60 82 0.079311
60 83 0.079310
60 84 0.079310
60 85 0.079310
60 86 0.079310
60 87 0.079309
60 88 0.079309
60 89 0.079309
60 90 0.079309
60 91 0.079309
60 92 0.079308
60 93 0.079308
60 94 0.079308
60 95 0.079308
60 96 0.079308
60 97 0.079307
60 98 0.079307
60 99 0.079307

61 0 0.079515
61 1 0.079515
61 2 0.079514
61 3 0.079513
61 4 0.079512
61 5 0.079511
61 6 0.079510
61 7 0.079508
61 8 0.079507
61 9 0.079505
61 10 0.079503
61 11 0.079500
61 12 0.079498
61 13 0.079495
61 14 0.079493
61 15 0.079490
61 16 0.079487
61 17 0.079483
61 18 0.079480
61 19 0.079477
61 20 0.079473
61 21 0.079469
61 22 0.079466
61 23 0.079462
61 24 0.079458
61 25 0.079454
61 26 0.079450
61 27 0.079445
61 28 0.079441
61 29 0.079437
61 30 0.079433
61 31 0.079429
61 32 0.079424
61 33 0.079420
61 34 0.079416
61 35 0.079411
61 36 0.079407
61 37 0.079403
61 38 0.079399
61 39 0.079395
61 40 0.079391
61 41 0.079387
61 42 0.079383
61 43 0.079379
61 44 0.079375
61 45 0.079371
61 46 0.079368
61 47 0.079364
61 48 0.079361
61 49 0.079358
61 50 0.079354
61 51 0.079351
61 52 0.079348
61 53 0.079346
61 54 0.079343
61 55 0.079340
61 56 0.079338
61 57 0.079335
61 58 0.079333
61 59 0.079331
61 60 0.079329
61 61 0.079327
61 62 0.079325
61 63 0.079324
61 64 0.079322
61 65 0.079320
61 66 0.079319
61 67 0.079318
61 68 0.079317
61 69 0.079316
61 70 0.079315
61 71 0.079314
61 72 0.079313
61 73 0.079312
61 74 0.079311
61 75 0.079311
61 76 0.079310
61 77 0.079310
61 78 0.079309
61 79 0.079309
61 80 0.079308
61 81 0.079308
61 82 0.079308
61 83 0.079307
61 84 0.079307
61 85 0.079307
61 86 0.079307
61 87 0.079307
61 88 0.079306
61 89 0.079306
61 90 0.079306
61 91 0.079306
61 92 0.079306
61 93 0.079305
61 94 0.079305
61 95 0.079305
61 96 0.079305
61 97 0.079304
61 98 0.079304
61 99 0.079304

62 0 0.079512
62 1 0.079512
62 2 0.079511
62 3 0.079510
62 4 0.079510
62 5 0.079508
62 6 0.079507
62 7 0.079506
62 8 0.079504
62 9 0.079502
62 10 0.079500
62 11 0.079498
62 12 0.079495
62 13 0.079493
62 14 0.079490
62 15 0.079487
62 16 0.079484
62 17 0.079481
62 18 0.079477
62 19 0.079474
62 20 0.079470
62 21 0.079466
62 22 0.079463
62 23 0.079459
62 24 0.079455
62 25 0.079451
62 26 0.079447
62 27 0.079443
62 28 0.079438
62 29 0.079434
62 30 0.079430
62 31 0.079426
62 32 0.079421
62 33 0.079417
62 34 0.079413
62 35 0.079409
62 36 0.079404
62 37 0.079400
62 38 0.079396
62 39 0.079392
62 40 0.079388
62 41 0.079384
62 42 0.079380
62 43 0.079376
62 44 0.079372
62 45 0.079369
62 46 0.079365
62 47 0.079361
62 48 0.079358
62 49 0.079355
62 50 0.079352
62 51 0.079349
62 52 0.079346
62 53 0.079343
62 54 0.079340
62 55 0.079337
62 56 0.079335
62 57 0.079333
62 58 0.079330
62 59 0.079328
62 60 0.079326
62 61 0.079324
62 62 0.079322
62 63 0.079321
62 64 0.079319
62 65 0.079318
62 66 0.079316
62 67 0.079315
62 68 0.079314
62 69 0.079313
62 70 0.079312
62 71 0.079311
62 72 0.079310
62 73 0.079309
62 74 0.079308
62 75 0.079308
62 76 0.079307
62 77 0.079307
62 78 0.079306
62 79 0.079306
62 80 0.079306
62 81 0.079305
62 82 0.079305
62 83 0.079305
62 84 0.079304
62 85 0.079304
62 86 0.079304
62 87 0.079304
62 88 0.079303
62 89 0.079303
62 90 0.079303
62 91 0.079303
62 92 0.079303
62 93 0.079303
62 94 0.079302
62 95 0.079302
62 96 0.079302
62 97 0.079302
62 98 0.079301
62 99 0.079301

63 0 0.079509
63 1 0.079509
63 2 0.079508
63 3 0.079508
63 4 0.079507
63 5 0.079506
63 6 0.079504
63 7 0.079503
63 8 0.079501
63 9 0.079499
63 10 0.079497
63 11 0.079495
63 12 0.079492
63 13 0.079490
63 14 0.079487
63 15 0.079484
63 16 0.079481
63 17 0.079478
63 18 0.079474
63 19 0.079471
63 20 0.079467
63 21 0.079464
63 22 0.079460
63 23 0.079456
63 24 0.079452
63 25 0.079448
63 26 0.079444
63 27 0.079440
63 28 0.079436
63 29 0.079431
63 30 0.079427
63 31 0.079423
63 32 0.079418
63 33 0.079414
63 34 0.079410
63 35 0.079406
63 36 0.079401
63 37 0.079397
63 38 0.079393
63 39 0.079389
63 40 0.079385
63 41 0.079381
63 42 0.079377
63 43 0.079373
63 44 0.079369
63 45 0.079366
63 46 0.079362
63 47 0.079359
63 48 0.079355
63 49 0.079352
63 50 0.079349
63 51 0.079346
63 52 0.079343
63 53 0.079340
63 54 0.079337
63 55 0.079334
63 56 0.079332
63 57 0.079330
63 58 0.079327
63 59 0.079325
63 60 0.079323
63 61 0.079321
63 62 0.079320
63 63 0.079318
63 64 0.079316
63 65 0.079315
63 66 0.079313
63 67 0.079312
63 68 0.079311
63 69 0.079310
63 70 0.079309
63 71 0.079308
63 72 0.079307
63 73 0.079306
63 74 0.079306
63 75 0.079305
63 76 0.079304
63 77 0.079304
63 78 0.079304
63 79 0.079303
63 80 0.079303
63 81 0.079302
63 82 0.079302
63 83 0.079302
63 84 0.079302
63 85 0.079301
63 86 0.079301
63 87 0.079301
63 88 0.079301
63 89 0.079301
63 90 0.079300
63 91 0.079300
63 92 0.079300
63 93 0.079300
63 94 0.079300
63 95 0.079299
63 96 0.079299
63 97 0.079299
63 98 0.079299
63 99 0.079298

64 0 0.079506
64 1 0.079506
64 2 0.079506
64 3 0.079505
64 4 0.079504
64 5 0.079503
64 6 0.079502
64 7 0.079500
64 8 0.079498
64 9 0.079496
64 10 0.079494
64 11 0.079492
64 12 0.079490
64 13 0.079487
64 14 0.079484
64 15 0.079481
64 16 0.079478
64 17 0.079475
64 18 0.079472
64 19 0.079468
64 20 0.079465
64 21 0.079461
64 22 0.079457
64 23 0.079453
64 24 0.079449
64 25 0.079445
64 26 0.079441
64 27 0.079437
64 28 0.079433
64 29 0.079429
64 30 0.079425
64 31 0.079420
64 32 0.079416
64 33 0.079412
64 34 0.079407
64 35 0.079403
64 36 0.079399
64 37 0.079395
64 38 0.079391
64 39 0.079387
64 40 0.079383
64 41 0.079379
64 42 0.079375
64 43 0.079371
64 44 0.079367
64 45 0.079363
64 46 0.079360
64 47 0.079356
64 48 0.079353
64 49 0.079350
64 50 0.079346
64 51 0.079343
64 52 0.079340
64 53 0.079338
64 54 0.079335
64 55 0.079332
64 56 0.079330
64 57 0.079327
64 58 0.079325
64 59 0.079323
64 60 0.079321
64 61 0.079319
64 62 0.079317
64 63 0.079315
64 64 0.079314
64 65 0.079312
64 66 0.079311
64 67 0.079310
64 68 0.079308
64 69 0.079307
64 70 0.079306
64 71 0.079305
64 72 0.079305
64 73 0.079304
64 74 0.079303
64 75 0.079302
64 76 0.079302
64 77 0.079301
64 78 0.079301
64 79 0.079301
64 80 0.079300
64 81 0.079300
64 82 0.079300
64 83 0.079299
64 84 0.079299
64 85 0.079299
64 86 0.079299
64 87 0.079298
64 88 0.079298
64 89 0.079298
64 90 0.079298
64 91 0.079298
64 92 0.079297
64 93 0.079297
64 94 0.079297
64 95 0.079297
64 96 0.079296
64 97 0.079296
64 98 0.079296
64 99 0.079296

65 0 0.079504
65 1 0.079504
65 2 0.079503
65 3 0.079503
65 4 0.079502
65 5 0.079501
65 6 0.079499
65 7 0.079498
65 8 0.079496
65 9 0.079494
65 10 0.079492
65 11 0.079490
65 12 0.079487
65 13 0.079485
65 14 0.079482
65 15 0.079479
65 16 0.079476
65 17 0.079473
65 18 0.079469
65 19 0.079466
65 20 0.079462
65 21 0.079459
65 22 0.079455
65 23 0.079451
65 24 0.079447
65 25 0.079443
65 26 0.079439
65 27 0.079435
65 28 0.079430
65 29 0.079426
65 30 0.079422
65 31 0.079418
65 32 0.079413
65 33 0.079409
65 34 0.079405
65 35 0.079401
65 36 0.079396
65 37 0.079392
65 38 0.079388
65 39 0.079384
65 40 0.079380
65 41 0.079376
65 42 0.079372
65 43 0.079368
65 44 0.079364
65 45 0.079360
65 46 0.079357
65 47 0.079353
65 48 0.079350
65 49 0.079347
65 50 0.079344
65 51 0.079340
65 52 0.079337
65 53 0.079335
65 54 0.079332
65 55 0.079329
65 56 0.079327
65 57 0.079324
65 58 0.079322
65 59 0.079320
65 60 0.079318
65 61 0.079316
65 62 0.079314
65 63 0.079313
65 64 0.079311
65 65 0.079310
65 66 0.079308
65 67 0.079307
65 68 0.079306
65 69 0.079305
65 70 0.079304
65 71 0.079303
65 72 0.079302
65 73 0.079301
65 74 0.079301
65 75 0.079300
65 76 0.079299
65 77 0.079299
65 78 0.079298
65 79 0.079298
65 80 0.079298
65 81 0.079297
65 82 0.079297
65 83 0.079297
65 84 0.079297
65 85 0.079296
65 86 0.079296
65 87 0.079296
65 88 0.079296
65 89 0.079295
65 90 0.079295
65 91 0.079295
65 92 0.079295
65 93 0.079295
65 94 0.079294
65 95 0.079294
65 96 0.079294
65 97 0.079294
65 98 0.079293
65 99 0.079293

66 0 0.079501
66 1 0.079502
66 2 0.079501
66 3 0.079500
66 4 0.079499
66 5 0.079498
66 6 0.079497
66 7 0.079495
66 8 0.079493
66 9 0.079492
66 10 0.079489
66 11 0.079487
66 12 0.079485
66 13 0.079482
66 14 0.079479
66 15 0.079476
66 16 0.079473
66 17 0.079470
66 18 0.079467
66 19 0.079463
66 20 0.079460
66 21 0.079456
66 22 0.079452
66 23 0.079449
66 24 0.079445
66 25 0.079441
66 26 0.079436
66 27 0.079432
66 28 0.079428
66 29 0.079424
66 30 0.079420
66 31 0.079415
66 32 0.079411
66 33 0.079407
66 34 0.079403
66 35 0.079398
66 36 0.079394
66 37 0.079390
66 38 0.079386
66 39 0.079382
66 40 0.079378
66 41 0.079374
66 42 0.079370
66 43 0.079366
66 44 0.079362
66 45 0.079358
66 46 0.079355
66 47 0.079351
66 48 0.079348
66 49 0.079345
66 50 0.079342
66 51 0.079338
66 52 0.079335
66 53 0.079333
66 54 0.079330
66 55 0.079327
66 56 0.079325
66 57 0.079322
66 58 0.079320
66 59 0.079318
66 60 0.079316
66 61 0.079314
66 62 0.079312
66 63 0.079310
66 64 0.079309
66 65 0.079307
66 66 0.079306
66 67 0.079305
66 68 0.079304
66 69 0.079302
66 70 0.079301
66 71 0.079301
66 72 0.079300
66 73 0.079299
66 74 0.079298
66 75 0.079298
66 76 0.079297
66 77 0.079297
66 78 0.079296
66 79 0.079296
66 80 0.079295
66 81 0.079295
66 82 0.079295
66 83 0.079294
66 84 0.079294
66 85 0.079294
66 86 0.079294
66 87 0.079294
66 88 0.079293
66 89 0.079293
66 90 0.079293
66 91 0.079293
66 92 0.079293
66 93 0.079292
66 94 0.079292
66 95 0.079292
66 96 0.079292
66 97 0.079291
66 98 0.079291
66 99 0.079291

67 0 0.079499
67 1 0.079500
67 2 0.079499
67 3 0.079498
67 4 0.079497
67 5 0.079496
67 6 0.079495
67 7 0.079493
67 8 0.079491
67 9 0.079489
67 10 0.079487
67 11 0.079485
67 12 0.079483
67 13 0.079480
67 14 0.079477
67 15 0.079474
67 16 0.079471
67 17 0.079468
67 18 0.079465
67 19 0.079461
67 20 0.079458
67 21 0.079454
67 22 0.079450
67 23 0.079446
67 24 0.079442
67 25 0.079438
67 26 0.079434
67 27 0.079430
67 28 0.079426
67 29 0.079422
67 30 0.079417
67 31 0.079413
67 32 0.079409
67 33 0.079404
67 34 0.079400
67 35 0.079396
67 36 0.079392
67 37 0.079387
67 38 0.079383
67 39 0.079379
67 40 0.079375
67 41 0.079371
67 42 0.079367
67 43 0.079363
67 44 0.079360
67 45 0.079356
67 46 0.079352
67 47 0.079349
67 48 0.079345
67 49 0.079342
67 50 0.079339
67 51 0.079336
67 52 0.079333
67 53 0.079330
67 54 0.079327
67 55 0.079325
67 56 0.079322
67 57 0.079320
67 58 0.079318
67 59 0.079316
67 60 0.079314
67 61 0.079311
67 62 0.079310
67 63 0.079308
67 64 0.079306
67 65 0.079305
67 66 0.079304
67 67 0.079302
67 68 0.079301
67 69 0.079300
67 70 0.079299
67 71 0.079298
67 72 0.079297
67 73 0.079297
67 74 0.079296
67 75 0.079295
67 76 0.079295
67 77 0.079294
67 78 0.079294
67 79 0.079293
67 80 0.079293
67 81 0.079293
67 82 0.079292
67 83 0.079292
67 84 0.079292
67 85 0.079292
67 86 0.079292
67 87 0.079291
67 88 0.079291
67 89 0.079291
67 90 0.079291
67 91 0.079291
67 92 0.079290
67 93 0.079290
67 94 0.079290
67 95 0.079290
67 96 0.079289
67 97 0.079289
67 98 0.079289
67 99 0.079288

68 0 0.079497
68 1 0.079497
68 2 0.079497
68 3 0.079496
68 4 0.079495
68 5 0.079494
68 6 0.079493
68 7 0.079491
68 8 0.079489
68 9 0.079487
68 10 0.079485
68 11 0.079483
68 12 0.079480
68 13 0.079478
68 14 0.079475
68 15 0.079472
68 16 0.079469
68 17 0.079466
68 18 0.079462
68 19 0.079459
68 20 0.079455
68 21 0.079452
68 22 0.079448
68 23 0.079444
68 24 0.079440
68 25 0.079436
68 26 0.079432
68 27 0.079428
68 28 0.079424
68 29 0.079419
68 30 0.079415
68 31 0.079411
68 32 0.079407
68 33 0.079402
68 34 0.079398
68 35 0.079394
68 36 0.079389
68 37 0.079385
68 38 0.079381
68 39 0.079377
68 40 0.079373
68 41 0.079369
68 42 0.079365
68 43 0.079361
68 44 0.079357
68 45 0.079354
68 46 0.079350
68 47 0.079347
68 48 0.079343
68 49 0.079340
68 50 0.079337
68 51 0.079334
68 52 0.079331
68 53 0.079328
68 54 0.079325
68 55 0.079323
68 56 0.079320
68 57 0.079318
68 58 0.079316
68 59 0.079313
68 60 0.079312
68 61 0.079310
68 62 0.079308
68 63 0.079306
68 64 0.079305
68 65 0.079303
68 66 0.079302
68 67 0.079301
68 68 0.079299
68 69 0.079298
68 70 0.079297
68 71 0.079296
68 72 0.079296
68 73 0.079295
68 74 0.079294
68 75 0.079293
68 76 0.079293
68 77 0.079292
68 78 0.079292
68 79 0.079291
68 80 0.079291
68 81 0.079291
68 82 0.079290
68 83 0.079290
68 84 0.079290
68 85 0.079289
68 86 0.079289
68 87 0.079289
68 88 0.079289
68 89 0.079289
68 90 0.079288
68 91 0.079288
68 92 0.079288
68 93 0.079288
68 94 0.079288
68 95 0.079287
68 96 0.079287
68 97 0.079287
68 98 0.079287
68 99 0.079286

69 0 0.079495
69 1 0.079495
69 2 0.079494
69 3 0.079494
69 4 0.079493
69 5 0.079491
69 6 0.079490
69 7 0.079489
69 8 0.079487
69 9 0.079485
69 10 0.079483
69 11 0.079481
69 12 0.079478
69 13 0.079476
69 14 0.079473
69 15 0.079470
69 16 0.079467
69 17 0.079464
69 18 0.079460
69 19 0.079457
69 20 0.079453
69 21 0.079450
69 22 0.079446
69 23 0.079442
69 24 0.079438
69 25 0.079434
69 26 0.079430
69 27 0.079426
69 28 0.079422
69 29 0.079417
69 30 0.079413
69 31 0.079409
69 32 0.079405
69 33 0.079400
69 34 0.079396
69 35 0.079392
69 36 0.079388
69 37 0.079384
69 38 0.079379
69 39 0.079375
69 40 0.079371
69 41 0.079367
69 42 0.079363
69 43 0.079360
69 44 0.079356
69 45 0.079352
69 46 0.079349
69 47 0.079345
69 48 0.079342
69 49 0.079338
69 50 0.079335
69 51 0.079332
69 52 0.079329
69 53 0.079326
69 54 0.079324
69 55 0.079321
69 56 0.079318
69 57 0.079316
69 58 0.079314
69 59 0.079312
69 60 0.079310
69 61 0.079307
69 62 0.079305
69 63 0.079304
69 64 0.079302
69 65 0.079301
69 66 0.079299
69 67 0.079298
69 68 0.079297
69 69 0.079296
69 70 0.079295
69 71 0.079294
69 72 0.079293
69 73 0.079292
69 74 0.079292
69 75 0.079291
69 76 0.079291
69 77 0.079290
69 78 0.079290
69 79 0.079289
69 80 0.079289
69 81 0.079288
69 82 0.079288
69 83 0.079288
69 84 0.079288
69 85 0.079287
69 86 0.079287
69 87 0.079287
69 88 0.079287
69 89 0.079287
69 90 0.079286
69 91 0.079286
69 92 0.079286
69 93 0.079286
69 94 0.079286
69 95 0.079285
69 96 0.079285
69 97 0.079285
69 98 0.079285
69 99 0.079284

70 0 0.079493
70 1 0.079494
70 2 0.079493
70 3 0.079492
70 4 0.079491
70 5 0.079490
70 6 0.079489
70 7 0.079487
70 8 0.079485
70 9 0.079483
70 10 0.079481
70 11 0.079479
70 12 0.079477
70 13 0.079474
70 14 0.079471
70 15 0.079468
70 16 0.079465
70 17 0.079462
70 18 0.079459
70 19 0.079455
70 20 0.079451
70 21 0.079448
70 22 0.079444
70 23 0.079440
70 24 0.079436
70 25 0.079432
70 26 0.079428
70 27 0.079424
70 28 0.079419
70 29 0.079415
70 30 0.079411
70 31 0.079407
70 32 0.079402
70 33 0.079398
70 34 0.079394
70 35 0.079390
70 36 0.079385
70 37 0.079381
70 38 0.079377
70 39 0.079373
70 40 0.079369
70 41 0.079365
70 42 0.079361
70 43 0.079357
70 44 0.079353
70 45 0.079350
70 46 0.079346
70 47 0.079342
70 48 0.079339
70 49 0.079336
70 50 0.079333
70 51 0.079330
70 52 0.079327
70 53 0.079324
70 54 0.079321
70 55 0.079319
70 56 0.079316
70 57 0.079314
70 58 0.079311
70 59 0.079309
70 60 0.079307
70 61 0.079306
70 62 0.079304
70 63 0.079302
70 64 0.079301
70 65 0.079299
70 66 0.079298
70 67 0.079296
70 68 0.079295
70 69 0.079294
70 70 0.079293
70 71 0.079292
70 72 0.079291
70 73 0.079291
70 74 0.079290
70 75 0.079289
70 76 0.079289
70 77 0.079288
70 78 0.079288
70 79 0.079287
70 80 0.079287
70 81 0.079286
70 82 0.079286
70 83 0.079286
70 84 0.079286
70 85 0.079285
70 86 0.079285
70 87 0.079285
70 88 0.079285
70 89 0.079284
70 90 0.079284
70 91 0.079284
70 92 0.079284
70 93 0.079284
70 94 0.079283
70 95 0.079283
70 96 0.079283
70 97 0.079283
70 98 0.079282
70 99 0.079282

71 0 0.079491
71 1 0.079491
71 2 0.079491
71 3 0.079490
71 4 0.079489
71 5 0.079488
71 6 0.079486
71 7 0.079485
71 8 0.079483
71 9 0.079481
71 10 0.079479
71 11 0.079477
71 12 0.079474
71 13 0.079472
71 14 0.079469
71 15 0.079466
71 16 0.079463
71 17 0.079460
71 18 0.079457
71 19 0.079453
71 20 0.079449
71 21 0.079446
71 22 0.079442
71 23 0.079438
71 24 0.079434
71 25 0.079430
71 26 0.079426
71 27 0.079422
71 28 0.079418
71 29 0.079414
71 30 0.079409
71 31 0.079405
71 32 0.079401
71 33 0.079397
71 34 0.079392
71 35 0.079388
71 36 0.079384
71 37 0.079380
71 38 0.079376
71 39 0.079371
71 40 0.079367
71 41 0.079363
71 42 0.079360
71 43 0.079356
71 44 0.079352
71 45 0.079348
71 46 0.079345
71 47 0.079341
71 48 0.079338
71 49 0.079335
71 50 0.079331
71 51 0.079328
71 52 0.079325
71 53 0.079322
71 54 0.079320
71 55 0.079317
71 56 0.079315
71 57 0.079312
71 58 0.079310
71 59 0.079308
71 60 0.079306
71 61 0.079304
71 62 0.079302
71 63 0.079300
71 64 0.079299
71 65 0.079297
71 66 0.079296
71 67 0.079295
71 68 0.079293
71 69 0.079292
71 70 0.079291
71 71 0.079290
71 72 0.079289
71 73 0.079289
71 74 0.079288
71 75 0.079287
71 76 0.079287
71 77 0.079286
71 78 0.079286
71 79 0.079285
71 80 0.079285
71 81 0.079285
71 82 0.079284
71 83 0.079284
71 84 0.079284
71 85 0.079284
71 86 0.079283
71 87 0.079283
71 88 0.079283
71 89 0.079283
71 90 0.079282
71 91 0.079282
71 92 0.079282
71 93 0.079282
71 94 0.079282
71 95 0.079281
71 96 0.079281
71 97 0.079281
71 98 0.079281
71 99 0.079280

72 0 0.079490
72 1 0.079490
72 2 0.079489
72 3 0.079488
72 4 0.079487
72 5 0.079486
72 6 0.079485
72 7 0.079483
72 8 0.079482
72 9 0.079480
72 10 0.079478
72 11 0.079475
72 12 0.079473
72 13 0.079470
72 14 0.079467
72 15 0.079464
72 16 0.079461
72 17 0.079458
72 18 0.079455
72 19 0.079451
72 20 0.079448
72 21 0.079444
72 22 0.079440
72 23 0.079436
72 24 0.079432
72 25 0.079428
72 26 0.079424
72 27 0.079420
72 28 0.079416
72 29 0.079412
72 30 0.079408
72 31 0.079403
72 32 0.079399
72 33 0.079395
72 34 0.079390
72 35 0.079386
72 36 0.079382
72 37 0.079378
72 38 0.079374
72 39 0.079370
72 40 0.079366
72 41 0.079362
72 42 0.079358
72 43 0.079354
72 44 0.079350
72 45 0.079346
72 46 0.079343
72 47 0.079339
72 48 0.079336
72 49 0.079333
72 50 0.079329
72 51 0.079326
72 52 0.079323
72 53 0.079321
72 54 0.079318
72 55 0.079315
72 56 0.079313
72 57 0.079310
72 58 0.079308
72 59 0.079306
72 60 0.079304
72 61 0.079302
72 62 0.079300
72 63 0.079298
72 64 0.079297
72 65 0.079295
72 66 0.079294
72 67 0.079293
72 68 0.079291
72 69 0.079290
72 70 0.079289
72 71 0.079288
72 72 0.079288
72 73 0.079287
72 74 0.079286
72 75 0.079286
72 76 0.079285
72 77 0.079285
72 78 0.079284
72 79 0.079284
72 80 0.079283
72 81 0.079283
72 82 0.079283
72 83 0.079282
72 84 0.079282
72 85 0.079282
72 86 0.079282
72 87 0.079281
72 88 0.079281
72 89 0.079281
72 90 0.079281
72 91 0.079281
72 92 0.079280
72 93 0.079280
72 94 0.079280
72 95 0.079280
72 96 0.079280
72 97 0.079279
72 98 0.079279
72 99 0.079278

73 0 0.079488
73 1 0.079489
73 2 0.079488
73 3 0.079487
73 4 0.079486
73 5 0.079485
73 6 0.079483
73 7 0.079482
73 8 0.079480
73 9 0.079478
73 10 0.079476
73 11 0.079474
73 12 0.079471
73 13 0.079469
73 14 0.079466
73 15 0.079463
73 16 0.079460
73 17 0.079457
73 18 0.079453
73 19 0.079450
73 20 0.079446
73 21 0.079442
73 22 0.079439
73 23 0.079435
73 24 0.079431
73 25 0.079427
73 26 0.079423
73 27 0.079418
73 28 0.079414
73 29 0.079410
73 30 0.079406
73 31 0.079401
73 32 0.079397
73 33 0.079393
73 34 0.079389
73 35 0.079384
73 36 0.079380
73 37 0.079376
73 38 0.079372
73 39 0.079368
73 40 0.079364
73 41 0.079360
73 42 0.079356
73 43 0.079352
73 44 0.079348
73 45 0.079344
73 46 0.079341
73 47 0.079337
73 48 0.079334
73 49 0.079331
73 50 0.079328
73 51 0.079325
73 52 0.079322
73 53 0.079319
73 54 0.079316
73 55 0.079314
73 56 0.079311
73 57 0.079309
73 58 0.079307
73 59 0.079305
73 60 0.079302
73 61 0.079301
73 62 0.079299
73 63 0.079297
73 64 0.079296
73 65 0.079294
73 66 0.079293
73 67 0.079291
73 68 0.079290
73 69 0.079289
73 70 0.079288
73 71 0.079287
73 72 0.079286
73 73 0.079285
73 74 0.079285
73 75 0.079284
73 76 0.079283
73 77 0.079283
73 78 0.079282
73 79 0.079282
73 80 0.079282
73 81 0.079281
73 82 0.079281
73 83 0.079281
73 84 0.079280
73 85 0.079280
73 86 0.079280
73 87 0.079280
73 88 0.079279
73 89 0.079279
73 90 0.079279
73 91 0.079279
73 92 0.079278
73 93 0.079278
73 94 0.079278
73 95 0.079278
73 96 0.079278
73 97 0.079277
73 98 0.079277
73 99 0.079276

74 0 0.079486
74 1 0.079487
74 2 0.079486
74 3 0.079485
74 4 0.079484
74 5 0.079483
74 6 0.079482
74 7 0.079480
74 8 0.079478
74 9 0.079476
74 10 0.079474
74 11 0.079472
74 12 0.079469
74 13 0.079467
74 14 0.079464
74 15 0.079461
74 16 0.079458
74 17 0.079455
74 18 0.079451
74 19 0.079448
74 20 0.079444
74 21 0.079441
74 22 0.079437
74 23 0.079433
74 24 0.079429
74 25 0.079425
74 26 0.079421
74 27 0.079417
74 28 0.079413
74 29 0.079409
74 30 0.079404
74 31 0.079400
74 32 0.079396
74 33 0.079392
74 34 0.079387
74 35 0.079383
74 36 0.079379
74 37 0.079375
74 38 0.079371
74 39 0.079367
74 40 0.079363
74 41 0.079359
74 42 0.079355
74 43 0.079351
74 44 0.079347
74 45 0.079343
74 46 0.079340
74 47 0.079336
74 48 0.079333
74 49 0.079330
74 50 0.079327
74 51 0.079323
74 52 0.079320
74 53 0.079317
74 54 0.079314
74 55 0.079312
74 56 0.079309
74 57 0.079307
74 58 0.079305
74 59 0.079303
74 60 0.079301
74 61 0.079299
74 62 0.079297
74 63 0.079295
74 64 0.079293
74 65 0.079292
74 66 0.079291
74 67 0.079289
74 68 0.079288
74 69 0.079287
74 70 0.079286
74 71 0.079285
74 72 0.079284
74 73 0.079284
74 74 0.079283
74 75 0.079282
74 76 0.079282
74 77 0.079281
74 78 0.079281
74 79 0.079280
74 80 0.079280
74 81 0.079280
74 82 0.079279
74 83 0.079279
74 84 0.079279
74 85 0.079279
74 86 0.079278
74 87 0.079278
74 88 0.079278
74 89 0.079278
74 90 0.079278
74 91 0.079277
74 92 0.079277
74 93 0.079277
74 94 0.079277
74 95 0.079276
74 96 0.079276
74 97 0.079276
74 98 0.079276
74 99 0.079275

75 0 0.079485
75 1 0.079486
75 2 0.079485
75 3 0.079484
75 4 0.079483
75 5 0.079482
75 6 0.079481
75 7 0.079479
75 8 0.079477
75 9 0.079475
75 10 0.079473
75 11 0.079471
75 12 0.079468
75 13 0.079466
75 14 0.079463
75 15 0.079460
75 16 0.079457
75 17 0.079454
75 18 0.079450
75 19 0.079447
75 20 0.079443
75 21 0.079439
75 22 0.079436
75 23 0.079432
75 24 0.079428
75 25 0.079424
75 26 0.079420
75 27 0.079415
75 28 0.079411
75 29 0.079407
75 30 0.079403
75 31 0.079398
75 32 0.079394
75 33 0.079390
75 34 0.079386
75 35 0.079381
75 36 0.079377
75 37 0.079373
75 38 0.079369
75 39 0.079365
75 40 0.079361
75 41 0.079357
75 42 0.079353
75 43 0.079349
75 44 0.079345
75 45 0.079341
75 46 0.079338
75 47 0.079334
75 48 0.079331
75 49 0.079328
75 50 0.079325
75 51 0.079322
75 52 0.079319
75 53 0.079316
75 54 0.079313
75 55 0.079311
75 56 0.079308
75 57 0.079306
75 58 0.079303
75 59 0.079301
75 60 0.079299
75 61 0.079297
75 62 0.079296
75 63 0.079294
75 64 0.079292
75 65 0.079291
75 66 0.079289
75 67 0.079288
75 68 0.079287
75 69 0.079286
75 70 0.079285
75 71 0.079284
75 72 0.079283
75 73 0.079282
75 74 0.079281
75 75 0.079281
75 76 0.079280
75 77 0.079280
75 78 0.079279
75 79 0.079279
75 80 0.079278
75 81 0.079278
75 82 0.079278
75 83 0.079277
75 84 0.079277
75 85 0.079277
75 86 0.079277
75 87 0.079276
75 88 0.079276
75 89 0.079276
75 90 0.079276
75 91 0.079276
75 92 0.079275
75 93 0.079275
75 94 0.079275
75 95 0.079275
75 96 0.079274
75 97 0.079274
75 98 0.079274
75 99 0.079273

76 0 0.079483
76 1 0.079484
76 2 0.079483
76 3 0.079482
76 4 0.079481
76 5 0.079480
76 6 0.079479
76 7 0.079477
76 8 0.079475
76 9 0.079473
76 10 0.079471
76 11 0.079469
76 12 0.079467
76 13 0.079464
76 14 0.079461
76 15 0.079458
76 16 0.079455
76 17 0.079452
76 18 0.079449
76 19 0.079445
76 20 0.079442
76 21 0.079438
76 22 0.079434
76 23 0.079430
76 24 0.079426
76 25 0.079422
76 26 0.079418
76 27 0.079414
76 28 0.079410
76 29 0.079406
76 30 0.079401
76 31 0.079397
76 32 0.079393
76 33 0.079389
76 34 0.079384
76 35 0.079380
76 36 0.079376
76 37 0.079372
76 38 0.079368
76 39 0.079364
76 40 0.079359
76 41 0.079356
76 42 0.079352
76 43 0.079348
76 44 0.079344
76 45 0.079340
76 46 0.079337
76 47 0.079333
76 48 0.079330
76 49 0.079327
76 50 0.079324
76 51 0.079320
76 52 0.079317
76 53 0.079315
76 54 0.079312
76 55 0.079309
76 56 0.079307
76 57 0.079304
76 58 0.079302
76 59 0.079300
76 60 0.079298
76 61 0.079296
76 62 0.079294
76 63 0.079292
76 64 0.079291
76 65 0.079289
76 66 0.079288
76 67 0.079287
76 68 0.079285
76 69 0.079284
76 70 0.079283
76 71 0.079282
76 72 0.079282
76 73 0.079281
76 74 0.079280
76 75 0.079279
76 76 0.079279
76 77 0.079278
76 78 0.079278
76 79 0.079277
76 80 0.079277
76 81 0.079277
76 82 0.079276
76 83 0.079276
76 84 0.079276
76 85 0.079276
76 86 0.079275
76 87 0.079275
76 88 0.079275
76 89 0.079275
76 90 0.079275
76 91 0.079274
76 92 0.079274
76 93 0.079274
76 94 0.079274
76 95 0.079273
76 96 0.079273
76 97 0.079273
76 98 0.079273
76 99 0.079272

77 0 0.079482
77 1 0.079483
77 2 0.079482
77 3 0.079481
77 4 0.079480
77 5 0.079479
77 6 0.079478
77 7 0.079476
77 8 0.079474
77 9 0.079472
77 10 0.079470
77 11 0.079468
77 12 0.079465
77 13 0.079463
77 14 0.079460
77 15 0.079457
77 16 0.079454
77 17 0.079451
77 18 0.079447
77 19 0.079444
77 20 0.079440
77 21 0.079437
77 22 0.079433
77 23 0.079429
77 24 0.079425
77 25 0.079421
77 26 0.079417
77 27 0.079413
77 28 0.079409
77 29 0.079404
77 30 0.079400
77 31 0.079396
77 32 0.079392
77 33 0.079387
77 34 0.079383
77 35 0.079379
77 36 0.079375
77 37 0.079370
77 38 0.079366
77 39 0.079362
77 40 0.079358
77 41 0.079354
77 42 0.079350
77 43 0.079346
77 44 0.079343
77 45 0.079339
77 46 0.079335
77 47 0.079332
77 48 0.079328
77 49 0.079325
77 50 0.079322
77 51 0.079319
77 52 0.079316
77 53 0.079313
77 54 0.079310
77 55 0.079308
77 56 0.079305
77 57 0.079303
77 58 0.079301
77 59 0.079298
77 60 0.079296
77 61 0.079295
77 62 0.079293
77 63 0.079291
77 64 0.079289
77 65 0.079288
77 66 0.079287
77 67 0.079285
77 68 0.079284
77 69 0.079283
77 70 0.079282
77 71 0.079281
77 72 0.079280
77 73 0.079280
77 74 0.079279
77 75 0.079278
77 76 0.079278
77 77 0.079277
77 78 0.079277
77 79 0.079276
77 80 0.079276
77 81 0.079276
77 82 0.079275
77 83 0.079275
77 84 0.079275
77 85 0.079274
77 86 0.079274
77 87 0.079274
77 88 0.079274
77 89 0.079274
77 90 0.079273
77 91 0.079273
77 92 0.079273
77 93 0.079273
77 94 0.079273
77 95 0.079272
77 96 0.079272
77 97 0.079272
77 98 0.079272
77 99 0.079271

78 0 0.079481
78 1 0.079482
78 2 0.079481
78 3 0.079480
78 4 0.079479
78 5 0.079478
78 6 0.079477
78 7 0.079475
78 8 0.079473
78 9 0.079471
78 10 0.079469
78 11 0.079467
78 12 0.079464
78 13 0.079462
78 14 0.079459
78 15 0.079456
78 16 0.079453
78 17 0.079450
78 18 0.079446
78 19 0.079443
78 20 0.079439
78 21 0.079435
78 22 0.079432
78 23 0.079428
78 24 0.079424
78 25 0.079420
78 26 0.079416
78 27 0.079411
78 28 0.079407
78 29 0.079403
78 30 0.079399
78 31 0.079394
78 32 0.079390
78 33 0.079386
78 34 0.079382
78 35 0.079377
78 36 0.079373
78 37 0.079369
78 38 0.079365
78 39 0.079361
78 40 0.079357
78 41 0.079353
78 42 0.079349
78 43 0.079345
78 44 0.079341
78 45 0.079338
78 46 0.079334
78 47 0.079331
78 48 0.079327
78 49 0.079324
78 50 0.079321
78 51 0.079318
78 52 0.079315
78 53 0.079312
78 54 0.079309
78 55 0.079307
78 56 0.079304
78 57 0.079302
78 58 0.079300
78 59 0.079298
78 60 0.079295
78 61 0.079294
78 62 0.079292
78 63 0.079290
78 64 0.079288
78 65 0.079287
78 66 0.079286
78 67 0.079284
78 68 0.079283
78 69 0.079282
78 70 0.079281
78 71 0.079280
78 72 0.079279
78 73 0.079278
78 74 0.079278
78 75 0.079277
78 76 0.079276
78 77 0.079276
78 78 0.079275
78 79 0.079275
78 80 0.079275
78 81 0.079274
78 82 0.079274
78 83 0.079274
78 84 0.079273
78 85 0.079273
78 86 0.079273
78 87 0.079273
78 88 0.079272
78 89 0.079272
78 90 0.079272
78 91 0.079272
78 92 0.079271
78 93 0.079271
78 94 0.079271
78 95 0.079271
78 96 0.079271
78 97 0.079270
78 98 0.079270
78 99 0.079269

79 0 0.079480
79 1 0.079480
79 2 0.079479
79 3 0.079479
79 4 0.079478
79 5 0.079476
79 6 0.079475
79 7 0.079474
79 8 0.079472
79 9 0.079470
79 10 0.079468
79 11 0.079465
79 12 0.079463
79 13 0.079460
79 14 0.079458
79 15 0.079455
79 16 0.079451
79 17 0.079448
79 18 0.079445
79 19 0.079441
79 20 0.079438
79 21 0.079434
79 22 0.079430
79 23 0.079426
79 24 0.079423
79 25 0.079418
79 26 0.079414
79 27 0.079410
79 28 0.079406
79 29 0.079402
79 30 0.079398
79 31 0.079393
79 32 0.079389
79 33 0.079385
79 34 0.079381
79 35 0.079376
79 36 0.079372
79 37 0.079368
79 38 0.079364
79 39 0.079360
79 40 0.079356
79 41 0.079352
79 42 0.079348
79 43 0.079344
79 44 0.079340
79 45 0.079336
79 46 0.079333
79 47 0.079329
79 48 0.079326
79 49 0.079323
79 50 0.079320
79 51 0.079316
79 52 0.079313
79 53 0.079311
79 54 0.079308
79 55 0.079305
79 56 0.079303
79 57 0.079300
79 58 0.079298
79 59 0.079296
79 60 0.079294
79 61 0.079292
79 62 0.079290
79 63 0.079289
79 64 0.079287
79 65 0.079285
79 66 0.079284
79 67 0.079283
79 68 0.079282
79 69 0.079281
79 70 0.079280
79 71 0.079279
79 72 0.079278
79 73 0.079277
79 74 0.079276
79 75 0.079276
79 76 0.079275
79 77 0.079275
79 78 0.079274
79 79 0.079274
79 80 0.079273
79 81 0.079273
79 82 0.079273
79 83 0.079272
79 84 0.079272
79 85 0.079272
79 86 0.079272
79 87 0.079271
79 88 0.079271
79 89 0.079271
79 90 0.079271
79 91 0.079271
79 92 0.079270
79 93 0.079270
79 94 0.079270
79 95 0.079270
79 96 0.079270
79 97 0.079269
79 98 0.079269
79 99 0.079268

80 0 0.079479
80 1 0.079480
80 2 0.079479
80 3 0.079478
80 4 0.079477
80 5 0.079476
80 6 0.079475
80 7 0.079473
80 8 0.079471
80 9 0.079469
80 10 0.079467
80 11 0.079465
80 12 0.079462
80 13 0.079460
80 14 0.079457
80 15 0.079454
80 16 0.079451
80 17 0.079447
80 18 0.079444
80 19 0.079441
80 20 0.079437
80 21 0.079433
80 22 0.079429
80 23 0.079425
80 24 0.079421
80 25 0.079417
80 26 0.079413
80 27 0.079409
80 28 0.079405
80 29 0.079401
80 30 0.079396
80 31 0.079392
80 32 0.079388
80 33 0.079384
80 34 0.079379
80 35 0.079375
80 36 0.079371
80 37 0.079367
80 38 0.079363
80 39 0.079358
80 40 0.079354
80 41 0.079350
80 42 0.079347
80 43 0.079343
80 44 0.079339
80 45 0.079335
80 46 0.079332
80 47 0.079328
80 48 0.079325
80 49 0.079322
80 50 0.079318
80 51 0.079315
80 52 0.079312
80 53 0.079310
80 54 0.079307
80 55 0.079304
80 56 0.079302
80 57 0.079299
80 58 0.079297
80 59 0.079295
80 60 0.079293
80 61 0.079291
80 62 0.079289
80 63 0.079288
80 64 0.079286
80 65 0.079284
80 66 0.079283
80 67 0.079282
80 68 0.079281
80 69 0.079279
80 70 0.079278
80 71 0.079277
80 72 0.079277
80 73 0.079276
80 74 0.079275
80 75 0.079274
80 76 0.079274
80 77 0.079273
80 78 0.079273
80 79 0.079272
80 80 0.079272
80 81 0.079272
80 82 0.079271
80 83 0.079271
80 84 0.079271
80 85 0.079270
80 86 0.079270
80 87 0.079270
80 88 0.079270
80 89 0.079270
80 90 0.079269
80 91 0.079269
80 92 0.079269
80 93 0.079269
80 94 0.079268
80 95 0.079268
80 96 0.079268
80 97 0.079268
80 98 0.079268
80 99 0.079267

81 0 0.079478
81 1 0.079478
81 2 0.079477
81 3 0.079477
81 4 0.079476
81 5 0.079474
81 6 0.079473
81 7 0.079471
81 8 0.079470
81 9 0.079468
81 10 0.079466
81 11 0.079463
81 12 0.079461
81 13 0.079458
81 14 0.079455
81 15 0.079452
81 16 0.079449
81 17 0.079446
81 18 0.079443
81 19 0.079439
81 20 0.079436
81 21 0.079432
81 22 0.079428
81 23 0.079424
81 24 0.079420
81 25 0.079416
81 26 0.079412
81 27 0.079408
81 28 0.079404
81 29 0.079400
81 30 0.079395
81 31 0.079391
81 32 0.079387
81 33 0.079383
81 34 0.079378
81 35 0.079374
81 36 0.079370
81 37 0.079366
81 38 0.079362
81 39 0.079358
81 40 0.079353
81 41 0.079349
81 42 0.079346
81 43 0.079342
81 44 0.079338
81 45 0.079334
81 46 0.079331
81 47 0.079327
81 48 0.079324
81 49 0.079321
81 50 0.079317
81 51 0.079314
81 52 0.079311
81 53 0.079309
81 54 0.079306
81 55 0.079303
81 56 0.079301
81 57 0.079298
81 58 0.079296
81 59 0.079294
81 60 0.079292
81 61 0.079290
81 62 0.079288
81 63 0.079286
81 64 0.079285
81 65 0.079283
81 66 0.079282
81 67 0.079281
81 68 0.079279
81 69 0.079278
81 70 0.079277
81 71 0.079276
81 72 0.079275
81 73 0.079275
81 74 0.079274
81 75 0.079273
81 76 0.079273
81 77 0.079272
81 78 0.079272
81 79 0.079271
81 80 0.079271
81 81 0.079271
81 82 0.079270
81 83 0.079270
81 84 0.079270
81 85 0.079269
81 86 0.079269
81 87 0.079269
81 88 0.079269
81 89 0.079269
81 90 0.079268
81 91 0.079268
81 92 0.079268
81 93 0.079268
81 94 0.079268
81 95 0.079267
81 96 0.079267
81 97 0.079267
81 98 0.079267
81 99 0.079266

82 0 0.079477
82 1 0.079478
82 2 0.079477
82 3 0.079476
82 4 0.079475
82 5 0.079474
82 6 0.079472
82 7 0.079471
82 8 0.079469
82 9 0.079467
82 10 0.079465
82 11 0.079462
82 12 0.079460
82 13 0.079457
82 14 0.079454
82 15 0.079451
82 16 0.079448
82 17 0.079445
82 18 0.079442
82 19 0.079438
82 20 0.079435
82 21 0.079431
82 22 0.079427
82 23 0.079423
82 24 0.079419
82 25 0.079415
82 26 0.079411
82 27 0.079407
82 28 0.079403
82 29 0.079399
82 30 0.079394
82 31 0.079390
82 32 0.079386
82 33 0.079382
82 34 0.079377
82 35 0.079373
82 36 0.079369
82 37 0.079365
82 38 0.079360
82 39 0.079356
82 40 0.079352
82 41 0.079348
82 42 0.079345
82 43 0.079341
82 44 0.079337
82 45 0.079333
82 46 0.079330
82 47 0.079326
82 48 0.079323
82 49 0.079320
82 50 0.079316
82 51 0.079313
82 52 0.079310
82 53 0.079308
82 54 0.079305
82 55 0.079302
82 56 0.079300
82 57 0.079297
82 58 0.079295
82 59 0.079293
82 60 0.079291
82 61 0.079289
82 62 0.079287
82 63 0.079285
82 64 0.079284
82 65 0.079282
82 66 0.079281
82 67 0.079280
82 68 0.079278
82 69 0.079277
82 70 0.079276
82 71 0.079275
82 72 0.079274
82 73 0.079274
82 74 0.079273
82 75 0.079272
82 76 0.079272
82 77 0.079271
82 78 0.079271
82 79 0.079270
82 80 0.079270
82 81 0.079270
82 82 0.079269
82 83 0.079269
82 84 0.079269
82 85 0.079268
82 86 0.079268
82 87 0.079268
82 88 0.079268
82 89 0.079268
82 90 0.079267
82 91 0.079267
82 92 0.079267
82 93 0.079267
82 94 0.079267
82 95 0.079266
82 96 0.079266
82 97 0.079266
82 98 0.079266
82 99 0.079265

83 0 0.079476
83 1 0.079477
83 2 0.079476
83 3 0.079475
83 4 0.079474
83 5 0.079473
83 6 0.079471
83 7 0.079470
83 8 0.079468
83 9 0.079466
83 10 0.079464
83 11 0.079462
83 12 0.079459
83 13 0.079456
83 14 0.079454
83 15 0.079451
83 16 0.079447
83 17 0.079444
83 18 0.079441
83 19 0.079437
83 20 0.079434
83 21 0.079430
83 22 0.079426
83 23 0.079422
83 24 0.079418
83 25 0.079414
83 26 0.079410
83 27 0.079406
83 28 0.079402
83 29 0.079398
83 30 0.079393
83 31 0.079389
83 32 0.079385
83 33 0.079381
83 34 0.079376
83 35 0.079372
83 36 0.079368
83 37 0.079364
83 38 0.079360
83 39 0.079356
83 40 0.079351
83 41 0.079348
83 42 0.079344
83 43 0.079340
83 44 0.079336
83 45 0.079332
83 46 0.079329
83 47 0.079325
83 48 0.079322
83 49 0.079319
83 50 0.079316
83 51 0.079313
83 52 0.079310
83 53 0.079307
83 54 0.079304
83 55 0.079301
83 56 0.079299
83 57 0.079296
83 58 0.079294
83 59 0.079292
83 60 0.079290
83 61 0.079288
83 62 0.079286
83 63 0.079284
83 64 0.079283
83 65 0.079281
83 66 0.079280
83 67 0.079279
83 68 0.079277
83 69 0.079276
83 70 0.079275
83 71 0.079274
83 72 0.079273
83 73 0.079273
83 74 0.079272
83 75 0.079271
83 76 0.079271
83 77 0.079270
83 78 0.079270
83 79 0.079269
83 80 0.079269
83 81 0.079268
83 82 0.079268
83 83 0.079268
83 84 0.079268
83 85 0.079267
83 86 0.079267
83 87 0.079267
83 88 0.079267
83 89 0.079266
83 90 0.079266
83 91 0.079266
83 92 0.079266
83 93 0.079266
83 94 0.079265
83 95 0.079265
83 96 0.079265
83 97 0.079264
83 98 0.079264
83 99 0.079263

84 0 0.079475
84 1 0.079476
84 2 0.079475
84 3 0.079474
84 4 0.079473
84 5 0.079472
84 6 0.079470
84 7 0.079469
84 8 0.079467
84 9 0.079465
84 10 0.079463
84 11 0.079460
84 12 0.079458
84 13 0.079455
84 14 0.079452
84 15 0.079449
84 16 0.079446
84 17 0.079443
84 18 0.079440
84 19 0.079436
84 20 0.079433
84 21 0.079429
84 22 0.079425
84 23 0.079421
84 24 0.079417
84 25 0.079413
84 26 0.079409
84 27 0.079405
84 28 0.079401
84 29 0.079397
84 30 0.079392
84 31 0.079388
84 32 0.079384
84 33 0.079380
84 34 0.079375
84 35 0.079371
84 36 0.079367
84 37 0.079363
84 38 0.079359
84 39 0.079354
84 40 0.079350
84 41 0.079346
84 42 0.079343
84 43 0.079339
84 44 0.079335
84 45 0.079331
84 46 0.079328
84 47 0.079324
84 48 0.079321
84 49 0.079318
84 50 0.079314
84 51 0.079311
84 52 0.079308
84 53 0.079306
84 54 0.079303
84 55 0.079300
84 56 0.079298
84 57 0.079295
84 58 0.079293
84 59 0.079291
84 60 0.079289
84 61 0.079287
84 62 0.079285
84 63 0.079283
84 64 0.079282
84 65 0.079280
84 66 0.079279
84 67 0.079278
84 68 0.079276
84 69 0.079275
84 70 0.079274
84 71 0.079273
84 72 0.079272
84 73 0.079272
84 74 0.079271
84 75 0.079270
84 76 0.079270
84 77 0.079269
84 78 0.079269
84 79 0.079268
84 80 0.079268
84 81 0.079268
84 82 0.079267
84 83 0.079267
84 84 0.079267
84 85 0.079266
84 86 0.079266
84 87 0.079266
84 88 0.079266
84 89 0.079266
84 90 0.079265
84 91 0.079265
84 92 0.079265
84 93 0.079265
84 94 0.079265
84 95 0.079264
84 96 0.079264
84 97 0.079264
84 98 0.079264
84 99 0.079263

85 0 0.079475
85 1 0.079475
85 2 0.079474
85 3 0.079474
85 4 0.079473
85 5 0.079471
85 6 0.079470
85 7 0.079468
85 8 0.079466
85 9 0.079464
85 10 0.079462
85 11 0.079460
85 12 0.079457
85 13 0.079455
85 14 0.079452
85 15 0.079449
85 16 0.079446
85 17 0.079442
85 18 0.079439
85 19 0.079435
85 20 0.079432
85 21 0.079428
85 22 0.079424
85 23 0.079420
85 24 0.079416
85 25 0.079412
85 26 0.079408
85 27 0.079404
85 28 0.079400
85 29 0.079396
85 30 0.079391
85 31 0.079387
85 32 0.079383
85 33 0.079379
85 34 0.079374
85 35 0.079370
85 36 0.079366
85 37 0.079362
85 38 0.079358
85 39 0.079354
85 40 0.079350
85 41 0.079346
85 42 0.079342
85 43 0.079338
85 44 0.079334
85 45 0.079331
85 46 0.079327
85 47 0.079324
85 48 0.079320
85 49 0.079317
85 50 0.079314
85 51 0.079311
85 52 0.079308
85 53 0.079305
85 54 0.079302
85 55 0.079299
85 56 0.079297
85 57 0.079295
85 58 0.079292
85 59 0.079290
85 60 0.079288
85 61 0.079286
85 62 0.079284
85 63 0.079283
85 64 0.079281
85 65 0.079279
85 66 0.079278
85 67 0.079277
85 68 0.079276
85 69 0.079274
85 70 0.079273
85 71 0.079272
85 72 0.079272
85 73 0.079271
85 74 0.079270
85 75 0.079269
85 76 0.079269
85 77 0.079268
85 78 0.079268
85 79 0.079267
85 80 0.079267
85 81 0.079267
85 82 0.079266
85 83 0.079266
85 84 0.079266
85 85 0.079265
85 86 0.079265
85 87 0.079265
85 88 0.079265
85 89 0.079265
85 90 0.079264
85 91 0.079264
85 92 0.079264
85 93 0.079264
85 94 0.079263
85 95 0.079263
85 96 0.079263
85 97 0.079263
85 98 0.079263
85 99 0.079262

86 0 0.079474
86 1 0.079474
86 2 0.079473
86 3 0.079472
86 4 0.079471
86 5 0.079470
86 6 0.079469
86 7 0.079467
86 8 0.079465
86 9 0.079463
86 10 0.079461
86 11 0.079459
86 12 0.079456
86 13 0.079454
86 14 0.079451
86 15 0.079448
86 16 0.079445
86 17 0.079441
86 18 0.079438
86 19 0.079434
86 20 0.079431
86 21 0.079427
86 22 0.079423
86 23 0.079419
86 24 0.079416
86 25 0.079411
86 26 0.079407
86 27 0.079403
86 28 0.079399
86 29 0.079395
86 30 0.079391
86 31 0.079386
86 32 0.079382
86 33 0.079378
86 34 0.079374
86 35 0.079369
86 36 0.079365
86 37 0.079361
86 38 0.079357
86 39 0.079353
86 40 0.079349
86 41 0.079345
86 42 0.079341
86 43 0.079337
86 44 0.079333
86 45 0.079330
86 46 0.079326
86 47 0.079323
86 48 0.079319
86 49 0.079316
86 50 0.079313
86 51 0.079310
86 52 0.079307
86 53 0.079304
86 54 0.079301
86 55 0.079299
86 56 0.079296
86 57 0.079294
86 58 0.079291
86 59 0.079289
86 60 0.079287
86 61 0.079285
86 62 0.079283
86 63 0.079282
86 64 0.079280
86 65 0.079279
86 66 0.079277
86 67 0.079276
86 68 0.079275
86 69 0.079274
86 70 0.079273
86 71 0.079272
86 72 0.079271
86 73 0.079270
86 74 0.079269
86 75 0.079269
86 76 0.079268
86 77 0.079267
86 78 0.079267
86 79 0.079267
86 80 0.079266
86 81 0.079266
86 82 0.079265
86 83 0.079265
86 84 0.079265
86 85 0.079265
86 86 0.079264
86 87 0.079264
86 88 0.079264
86 89 0.079264
86 90 0.079264
86 91 0.079263
86 92 0.079263
86 93 0.079263
86 94 0.079263
86 95 0.079262
86 96 0.079262
86 97 0.079262
86 98 0.079262
86 99 0.079261

87 0 0.079473
87 1 0.079474
87 2 0.079473
87 3 0.079472
87 4 0.079471
87 5 0.079470
87 6 0.079468
87 7 0.079466
87 8 0.079465
87 9 0.079463
87 10 0.079460
87 11 0.079458
87 12 0.079456
87 13 0.079453
87 14 0.079450
87 15 0.079447
87 16 0.079444
87 17 0.079441
87 18 0.079437
87 19 0.079434
87 20 0.079430
87 21 0.079426
87 22 0.079423
87 23 0.079419
87 24 0.079415
87 25 0.079411
87 26 0.079407
87 27 0.079402
87 28 0.079398
87 29 0.079394
87 30 0.079390
87 31 0.079386
87 32 0.079381
87 33 0.079377
87 34 0.079373
87 35 0.079369
87 36 0.079364
87 37 0.079360
87 38 0.079356
87 39 0.079352
87 40 0.079348
87 41 0.079344
87 42 0.079340
87 43 0.079336
87 44 0.079333
87 45 0.079329
87 46 0.079325
87 47 0.079322
87 48 0.079319
87 49 0.079315
87 50 0.079312
87 51 0.079309
87 52 0.079306
87 53 0.079303
87 54 0.079300
87 55 0.079298
87 56 0.079295
87 57 0.079293
87 58 0.079291
87 59 0.079288
87 60 0.079286
87 61 0.079285
87 62 0.079283
87 63 0.079281
87 64 0.079279
87 65 0.079278
87 66 0.079276
87 67 0.079275
87 68 0.079274
87 69 0.079273
87 70 0.079272
87 71 0.079271
87 72 0.079270
87 73 0.079269
87 74 0.079268
87 75 0.079268
87 76 0.079267
87 77 0.079267
87 78 0.079266
87 79 0.079266
87 80 0.079265
87 81 0.079265
87 82 0.079265
87 83 0.079264
87 84 0.079264
87 85 0.079264
87 86 0.079264
87 87 0.079263
87 88 0.079263
87 89 0.079263
87 90 0.079263
87 91 0.079263
87 92 0.079263
87 93 0.079262
87 94 0.079262
87 95 0.079262
87 96 0.079262
87 97 0.079261
87 98 0.079261
87 99 0.079260

88 0 0.079473
88 1 0.079473
88 2 0.079472
88 3 0.079471
88 4 0.079470
88 5 0.079469
88 6 0.079468
88 7 0.079466
88 8 0.079464
88 9 0.079462
88 10 0.079460
88 11 0.079457
88 12 0.079455
88 13 0.079452
88 14 0.079449
88 15 0.079446
88 16 0.079443
88 17 0.079440
88 18 0.079436
88 19 0.079433
88 20 0.079429
88 21 0.079426
88 22 0.079422
88 23 0.079418
88 24 0.079414
88 25 0.079410
88 26 0.079406
88 27 0.079402
88 28 0.079397
88 29 0.079393
88 30 0.079389
88 31 0.079385
88 32 0.079380
88 33 0.079376
88 34 0.079372
88 35 0.079368
88 36 0.079364
88 37 0.079359
88 38 0.079355
88 39 0.079351
88 40 0.079347
88 41 0.079343
88 42 0.079339
88 43 0.079336
88 44 0.079332
88 45 0.079328
88 46 0.079325
88 47 0.079321
88 48 0.079318
88 49 0.079315
88 50 0.079311
88 51 0.079308
88 52 0.079305
88 53 0.079302
88 54 0.079300
88 55 0.079297
88 56 0.079295
88 57 0.079292
88 58 0.079290
88 59 0.079288
88 60 0.079286
88 61 0.079284
88 62 0.079282
88 63 0.079280
88 64 0.079279
88 65 0.079277
88 66 0.079276
88 67 0.079274
88 68 0.079273
88 69 0.079272
88 70 0.079271
88 71 0.079270
88 72 0.079269
88 73 0.079268
88 74 0.079268
88 75 0.079267
88 76 0.079266
88 77 0.079266
88 78 0.079265
88 79 0.079265
88 80 0.079264
88 81 0.079264
88 82 0.079264
88 83 0.079263
88 84 0.079263
88 85 0.079263
88 86 0.079263
88 87 0.079262
88 88 0.079262
88 89 0.079262
88 90 0.079262
88 91 0.079262
88 92 0.079262
88 93 0.079261
88 94 0.079261
88 95 0.079261
88 96 0.079261
88 97 0.079260
88 98 0.079260
88 99 0.079259

89 0 0.079471
89 1 0.079472
89 2 0.079471
89 3 0.079470
89 4 0.079469
89 5 0.079468
89 6 0.079467
89 7 0.079465
89 8 0.079463
89 9 0.079461
89 10 0.079459
89 11 0.079456
89 12 0.079454
89 13 0.079451
89 14 0.079448
89 15 0.079445
89 16 0.079442
89 17 0.079439
89 18 0.079436
89 19 0.079432
89 20 0.079429
89 21 0.079425
89 22 0.079421
89 23 0.079417
89 24 0.079413
89 25 0.079409
89 26 0.079405
89 27 0.079401
89 28 0.079397
89 29 0.079392
89 30 0.079388
89 31 0.079384
89 32 0.079380
89 33 0.079375
89 34 0.079371
89 35 0.079367
89 36 0.079363
89 37 0.079359
89 38 0.079354
89 39 0.079350
89 40 0.079346
89 41 0.079342
89 42 0.079339
89 43 0.079335
89 44 0.079331
89 45 0.079327
89 46 0.079324
89 47 0.079320
89 48 0.079317
89 49 0.079314
89 50 0.079310
89 51 0.079307
89 52 0.079304
89 53 0.079302
89 54 0.079299
89 55 0.079296
89 56 0.079294
89 57 0.079291
89 58 0.079289
89 59 0.079287
89 60 0.079285
89 61 0.079283
89 62 0.079281
89 63 0.079279
89 64 0.079278
89 65 0.079276
89 66 0.079275
89 67 0.079273
89 68 0.079272
89 69 0.079271
89 70 0.079270
89 71 0.079269
89 72 0.079268
89 73 0.079267
89 74 0.079267
89 75 0.079266
89 76 0.079265
89 77 0.079265
89 78 0.079264
89 79 0.079264
89 80 0.079263
89 81 0.079263
89 82 0.079263
89 83 0.079263
89 84 0.079262
89 85 0.079262
89 86 0.079262
89 87 0.079262
89 88 0.079261
89 89 0.079261
89 90 0.079261
89 91 0.079261
89 92 0.079261
89 93 0.079260
89 94 0.079260
89 95 0.079260
89 96 0.079260
89 97 0.079259
89 98 0.079259
89 99 0.079258

90 0 0.079471
90 1 0.079472
90 2 0.079471
90 3 0.079470
90 4 0.079469
90 5 0.079467
90 6 0.079466
90 7 0.079464
90 8 0.079462
90 9 0.079460
90 10 0.079458
90 11 0.079456
90 12 0.079453
90 13 0.079450
90 14 0.079447
90 15 0.079444
90 16 0.079441
90 17 0.079438
90 18 0.079435
90 19 0.079431
90 20 0.079427
90 21 0.079424
90 22 0.079420
90 23 0.079416
90 24 0.079412
90 25 0.079408
90 26 0.079404
90 27 0.079400
90 28 0.079396
90 29 0.079391
90 30 0.079387
90 31 0.079383
90 32 0.079379
90 33 0.079374
90 34 0.079370
90 35 0.079366
90 36 0.079362
90 37 0.079358
90 38 0.079354
90 39 0.079350
90 40 0.079346
90 41 0.079342
90 42 0.079338
90 43 0.079334
90 44 0.079330
90 45 0.079327
90 46 0.079323
90 47 0.079320
90 48 0.079316
90 49 0.079313
90 50 0.079310
90 51 0.079307
90 52 0.079304
90 53 0.079301
90 54 0.079298
90 55 0.079295
90 56 0.079293
90 57 0.079291
90 58 0.079288
90 59 0.079286
90 60 0.079284
90 61 0.079282
90 62 0.079280
90 63 0.079278
90 64 0.079277
90 65 0.079275
90 66 0.079274
90 67 0.079272
90 68 0.079271
90 69 0.079270
90 70 0.079269
90 71 0.079268
90 72 0.079267
90 73 0.079266
90 74 0.079266
90 75 0.079265
90 76 0.079264
90 77 0.079264
90 78 0.079263
90 79 0.079263
90 80 0.079262
90 81 0.079262
90 82 0.079262
90 83 0.079261
90 84 0.079261
90 85 0.079261
90 86 0.079261
90 87 0.079260
90 88 0.079260
90 89 0.079260
90 90 0.079260
90 91 0.079260
90 92 0.079260
90 93 0.079259
90 94 0.079259
90 95 0.079259
90 96 0.079259
90 97 0.079258
90 98 0.079258
90 99 0.079257

91 0 0.079470
91 1 0.079471
91 2 0.079469
91 3 0.079469
91 4 0.079468
91 5 0.079466
91 6 0.079465
91 7 0.079463
91 8 0.079461
91 9 0.079459
91 10 0.079457
91 11 0.079455
91 12 0.079452
91 13 0.079449
91 14 0.079447
91 15 0.079444
91 16 0.079440
91 17 0.079437
91 18 0.079434
91 19 0.079430
91 20 0.079427
91 21 0.079423
91 22 0.079419
91 23 0.079415
91 24 0.079411
91 25 0.079407
91 26 0.079403
91 27 0.079399
91 28 0.079395
91 29 0.079391
91 30 0.079386
91 31 0.079382
91 32 0.079378
91 33 0.079374
91 34 0.079370
91 35 0.079365
91 36 0.079361
91 37 0.079357
91 38 0.079353
91 39 0.079349
91 40 0.079345
91 41 0.079341
91 42 0.079337
91 43 0.079333
91 44 0.079330
91 45 0.079326
91 46 0.079322
91 47 0.079319
91 48 0.079316
91 49 0.079312
91 50 0.079309
91 51 0.079306
91 52 0.079303
91 53 0.079300
91 54 0.079297
91 55 0.079295
91 56 0.079292
91 57 0.079290
91 58 0.079288
91 59 0.079285
91 60 0.079283
91 61 0.079281
91 62 0.079280
91 63 0.079278
91 64 0.079276
91 65 0.079275
91 66 0.079273
91 67 0.079272
91 68 0.079271
91 69 0.079269
91 70 0.079268
91 71 0.079267
91 72 0.079267
91 73 0.079266
91 74 0.079265
91 75 0.079264
91 76 0.079264
91 77 0.079263
91 78 0.079263
91 79 0.079262
91 80 0.079262
91 81 0.079261
91 82 0.079261
91 83 0.079261
91 84 0.079261
91 85 0.079260
91 86 0.079260
91 87 0.079260
91 88 0.079260
91 89 0.079260
91 90 0.079259
91 91 0.079259
91 92 0.079259
91 93 0.079259
91 94 0.079259
91 95 0.079258
91 96 0.079258
91 97 0.079258
91 98 0.079258
91 99 0.079257

92 0 0.079470
92 1 0.079470
92 2 0.079469
92 3 0.079468
92 4 0.079467
92 5 0.079466
92 6 0.079464
92 7 0.079463
92 8 0.079461
92 9 0.079459
92 10 0.079456
92 11 0.079454
92 12 0.079452
92 13 0.079449
92 14 0.079446
92 15 0.079443
92 16 0.079440
92 17 0.079436
92 18 0.079433
92 19 0.079430
92 20 0.079426
92 21 0.079422
92 22 0.079418
92 23 0.079414
92 24 0.079411
92 25 0.079407
92 26 0.079402
92 27 0.079398
92 28 0.079394
92 29 0.079390
92 30 0.079386
92 31 0.079382
92 32 0.079377
92 33 0.079373
92 34 0.079369
92 35 0.079365
92 36 0.079360
92 37 0.079356
92 38 0.079352
92 39 0.079348
92 40 0.079344
92 41 0.079340
92 42 0.079336
92 43 0.079333
92 44 0.079329
92 45 0.079325
92 46 0.079322
92 47 0.079318
92 48 0.079315
92 49 0.079312
92 50 0.079308
92 51 0.079305
92 52 0.079302
92 53 0.079300
92 54 0.079297
92 55 0.079294
92 56 0.079292
92 57 0.079289
92 58 0.079287
92 59 0.079285
92 60 0.079283
92 61 0.079281
92 62 0.079279
92 63 0.079277
92 64 0.079275
92 65 0.079274
92 66 0.079272
92 67 0.079271
92 68 0.079270
92 69 0.079269
92 70 0.079268
92 71 0.079267
92 72 0.079266
92 73 0.079265
92 74 0.079264
92 75 0.079264
92 76 0.079263
92 77 0.079262
92 78 0.079262
92 79 0.079261
92 80 0.079261
92 81 0.079261
92 82 0.079260
92 83 0.079260
92 84 0.079260
92 85 0.079260
92 86 0.079260
92 87 0.079259
92 88 0.079259
92 89 0.079259
92 90 0.079259
92 91 0.079259
92 92 0.079259
92 93 0.079258
92 94 0.079258
92 95 0.079258
92 96 0.079258
92 97 0.079257
92 98 0.079257
92 99 0.079256

93 0 0.079469
93 1 0.079470
93 2 0.079468
93 3 0.079468
93 4 0.079467
93 5 0.079465
93 6 0.079464
93 7 0.079462
93 8 0.079460
93 9 0.079458
93 10 0.079456
93 11 0.079453
93 12 0.079450
93 13 0.079448
93 14 0.079445
93 15 0.079442
93 16 0.079439
93 17 0.079435
93 18 0.079432
93 19 0.079428
93 20 0.079425
93 21 0.079421
93 22 0.079417
93 23 0.079413
93 24 0.079409
93 25 0.079405
93 26 0.079401
93 27 0.079397
93 28 0.079393
93 29 0.079389
93 30 0.079385
93 31 0.079381
93 32 0.079376
93 33 0.079372
93 34 0.079368
93 35 0.079364
93 36 0.079360
93 37 0.079356
93 38 0.079351
93 39 0.079347
93 40 0.079343
93 41 0.079339
93 42 0.079336
93 43 0.079332
93 44 0.079328
93 45 0.079324
93 46 0.079321
93 47 0.079317
93 48 0.079314
93 49 0.079311
93 50 0.079308
93 51 0.079305
93 52 0.079302
93 53 0.079299
93 54 0.079296
93 55 0.079293
93 56 0.079291
93 57 0.079288
93 58 0.079286
93 59 0.079284
93 60 0.079282
93 61 0.079280
93 62 0.079278
93 63 0.079276
93 64 0.079275
93 65 0.079273
93 66 0.079272
93 67 0.079270
93 68 0.079269
93 69 0.079268
93 70 0.079267
93 71 0.079266
93 72 0.079265
93 73 0.079264
93 74 0.079263
93 75 0.079263
93 76 0.079262
93 77 0.079261
93 78 0.079261
93 79 0.079260
93 80 0.079260
93 81 0.079260
93 82 0.079259
93 83 0.079259
93 84 0.079259
93 85 0.079259
93 86 0.079258
93 87 0.079258
93 88 0.079258
93 89 0.079258
93 90 0.079258
93 91 0.079258
93 92 0.079257
93 93 0.079257
93 94 0.079257
93 95 0.079257
93 96 0.079257
93 97 0.079256
93 98 0.079256
93 99 0.079255

94 0 0.079468
94 1 0.079469
94 2 0.079467
94 3 0.079467
94 4 0.079466
94 5 0.079464
94 6 0.079463
94 7 0.079461
94 8 0.079459
94 9 0.079457
94 10 0.079455
94 11 0.079453
94 12 0.079450
94 13 0.079447
94 14 0.079445
94 15 0.079441
94 16 0.079438
94 17 0.079435
94 18 0.079431
94 19 0.079428
94 20 0.079424
94 21 0.079421
94 22 0.079417
94 23 0.079413
94 24 0.079409
94 25 0.079405
94 26 0.079401
94 27 0.079397
94 28 0.079393
94 29 0.079388
94 30 0.079384
94 31 0.079380
94 32 0.079376
94 33 0.079372
94 34 0.079367
94 35 0.079363
94 36 0.079359
94 37 0.079355
94 38 0.079351
94 39 0.079347
94 40 0.079343
94 41 0.079339
94 42 0.079335
94 43 0.079331
94 44 0.079328
94 45 0.079324
94 46 0.079320
94 47 0.079317
94 48 0.079313
94 49 0.079310
94 50 0.079307
94 51 0.079304
94 52 0.079301
94 53 0.079298
94 54 0.079295
94 55 0.079293
94 56 0.079290
94 57 0.079288
94 58 0.079286
94 59 0.079283
94 60 0.079281
94 61 0.079279
94 62 0.079277
94 63 0.079276
94 64 0.079274
94 65 0.079272
94 66 0.079271
94 67 0.079270
94 68 0.079268
94 69 0.079267
94 70 0.079266
94 71 0.079265
94 72 0.079264
94 73 0.079263
94 74 0.079263
94 75 0.079262
94 76 0.079261
94 77 0.079261
94 78 0.079260
94 79 0.079260
94 80 0.079259
94 81 0.079259
94 82 0.079259
94 83 0.079259
94 84 0.079258
94 85 0.079258
94 86 0.079258
94 87 0.079258
94 88 0.079258
94 89 0.079257
94 90 0.079257
94 91 0.079257
94 92 0.079257
94 93 0.079257
94 94 0.079257
94 95 0.079256
94 96 0.079256
94 97 0.079256
94 98 0.079256
94 99 0.079255

95 0 0.079468
95 1 0.079468
95 2 0.079467
95 3 0.079466
95 4 0.079465
95 5 0.079464
95 6 0.079463
95 7 0.079461
95 8 0.079459
95 9 0.079457
95 10 0.079454
95 11 0.079452
95 12 0.079449
95 13 0.079446
95 14 0.079443
95 15 0.079440
95 16 0.079437
95 17 0.079434
95 18 0.079430
95 19 0.079427
95 20 0.079423
95 21 0.079419
95 22 0.079416
95 23 0.079412
95 24 0.079408
95 25 0.079404
95 26 0.079400
95 27 0.079396
95 28 0.079392
95 29 0.079387
95 30 0.079383
95 31 0.079379
95 32 0.079375
95 33 0.079371
95 34 0.079366
95 35 0.079362
95 36 0.079358
95 37 0.079354
95 38 0.079350
95 39 0.079346
95 40 0.079342
95 41 0.079338
95 42 0.079334
95 43 0.079330
95 44 0.079327
95 45 0.079323
95 46 0.079320
95 47 0.079316
95 48 0.079313
95 49 0.079309
95 50 0.079306
95 51 0.079303
95 52 0.079300
95 53 0.079297
95 54 0.079295
95 55 0.079292
95 56 0.079289
95 57 0.079287
95 58 0.079285
95 59 0.079283
95 60 0.079280
95 61 0.079278
95 62 0.079277
95 63 0.079275
95 64 0.079273
95 65 0.079272
95 66 0.079270
95 67 0.079269
95 68 0.079267
95 69 0.079266
95 70 0.079265
95 71 0.079264
95 72 0.079263
95 73 0.079262
95 74 0.079262
95 75 0.079261
95 76 0.079260
95 77 0.079260
95 78 0.079259
95 79 0.079259
95 80 0.079258
95 81 0.079258
95 82 0.079258
95 83 0.079257
95 84 0.079257
95 85 0.079257
95 86 0.079257
95 87 0.079257
95 88 0.079256
95 89 0.079256
95 90 0.079256
95 91 0.079256
95 92 0.079256
95 93 0.079256
95 94 0.079256
95 95 0.079255
95 96 0.079255
95 97 0.079255
95 98 0.079255
95 99 0.079254

96 0 0.079467
96 1 0.079468
96 2 0.079466
96 3 0.079466
96 4 0.079465
96 5 0.079463
96 6 0.079462
96 7 0.079460
96 8 0.079458
96 9 0.079456
96 10 0.079453
96 11 0.079451
96 12 0.079448
96 13 0.079446
96 14 0.079443
96 15 0.079439
96 16 0.079436
96 17 0.079433
96 18 0.079430
96 19 0.079426
96 20 0.079422
96 21 0.079419
96 22 0.079415
96 23 0.079411
96 24 0.079407
96 25 0.079403
96 26 0.079399
96 27 0.079395
96 28 0.079391
96 29 0.079387
96 30 0.079383
96 31 0.079378
96 32 0.079374
96 33 0.079370
96 34 0.079366
96 35 0.079362
96 36 0.079358
96 37 0.079353
96 38 0.079349
96 39 0.079345
96 40 0.079341
96 41 0.079337
96 42 0.079334
96 43 0.079330
96 44 0.079326
96 45 0.079323
96 46 0.079319
96 47 0.079316
96 48 0.079312
96 49 0.079309
96 50 0.079306
96 51 0.079303
96 52 0.079300
96 53 0.079297
96 54 0.079294
96 55 0.079291
96 56 0.079289
96 57 0.079286
96 58 0.079284
96 59 0.079282
96 60 0.079280
96 61 0.079278
96 62 0.079276
96 63 0.079274
96 64 0.079273
96 65 0.079271
96 66 0.079269
96 67 0.079268
96 68 0.079267
96 69 0.079266
96 70 0.079265
96 71 0.079264
96 72 0.079263
96 73 0.079262
96 74 0.079261
96 75 0.079260
96 76 0.079260
96 77 0.079259
96 78 0.079258
96 79 0.079258
96 80 0.079258
96 81 0.079257
96 82 0.079257
96 83 0.079257
96 84 0.079256
96 85 0.079256
96 86 0.079256
96 87 0.079256
96 88 0.079256
96 89 0.079256
96 90 0.079256
96 91 0.079256
96 92 0.079256
96 93 0.079255
96 94 0.079255
96 95 0.079255
96 96 0.079255
96 97 0.079254
96 98 0.079254
96 99 0.079254

97 0 0.079466
97 1 0.079467
97 2 0.079466
97 3 0.079465
97 4 0.079464
97 5 0.079462
97 6 0.079461
97 7 0.079459
97 8 0.079457
97 9 0.079455
97 10 0.079453
97 11 0.079450
97 12 0.079447
97 13 0.079445
97 14 0.079442
97 15 0.079439
97 16 0.079435
97 17 0.079432
97 18 0.079429
97 19 0.079425
97 20 0.079422
97 21 0.079418
97 22 0.079414
97 23 0.079410
97 24 0.079406
97 25 0.079402
97 26 0.079398
97 27 0.079394
97 28 0.079390
97 29 0.079386
97 30 0.079382
97 31 0.079378
97 32 0.079373
97 33 0.079369
97 34 0.079365
97 35 0.079361
97 36 0.079357
97 37 0.079353
97 38 0.079349
97 39 0.079345
97 40 0.079341
97 41 0.079337
97 42 0.079333
97 43 0.079329
97 44 0.079326
97 45 0.079322
97 46 0.079318
97 47 0.079315
97 48 0.079312
97 49 0.079308
97 50 0.079305
97 51 0.079302
97 52 0.079299
97 53 0.079296
97 54 0.079294
97 55 0.079291
97 56 0.079288
97 57 0.079286
97 58 0.079284
97 59 0.079281
97 60 0.079279
97 61 0.079277
97 62 0.079275
97 63 0.079274
97 64 0.079272
97 65 0.079270
97 66 0.079269
97 67 0.079267
97 68 0.079266
97 69 0.079265
97 70 0.079264
97 71 0.079263
97 72 0.079262
97 73 0.079261
97 74 0.079260
97 75 0.079259
97 76 0.079259
97 77 0.079258
97 78 0.079258
97 79 0.079257
97 80 0.079257
97 81 0.079256
97 82 0.079256
97 83 0.079256
97 84 0.079256
97 85 0.079255
97 86 0.079255
97 87 0.079255
97 88 0.079255
97 89 0.079255
97 90 0.079255
97 91 0.079255
97 92 0.079255
97 93 0.079255
97 94 0.079255
97 95 0.079254
97 96 0.079254
97 97 0.079254
97 98 0.079254
97 99 0.079253

98 0 0.079466
98 1 0.079467
98 2 0.079465
98 3 0.079465
98 4 0.079464
98 5 0.079462
98 6 0.079461
98 7 0.079459
98 8 0.079457
98 9 0.079454
98 10 0.079452
98 11 0.079449
98 12 0.079447
98 13 0.079444
98 14 0.079441
98 15 0.079438
98 16 0.079434
98 17 0.079431
98 18 0.079428
98 19 0.079424
98 20 0.079420
98 21 0.079417
98 22 0.079413
98 23 0.079409
98 24 0.079405
98 25 0.079401
98 26 0.079397
98 27 0.079393
98 28 0.079389
98 29 0.079385
98 30 0.079381
98 31 0.079377
98 32 0.079373
98 33 0.079368
98 34 0.079364
98 35 0.079360
98 36 0.079356
98 37 0.079352
98 38 0.079348
98 39 0.079344
98 40 0.079340
98 41 0.079336
98 42 0.079332
98 43 0.079328
98 44 0.079325
98 45 0.079321
98 46 0.079318
98 47 0.079314
98 48 0.079311
98 49 0.079308
98 50 0.079304
98 51 0.079301
98 52 0.079298
98 53 0.079295
98 54 0.079293
98 55 0.079290
98 56 0.079288
98 57 0.079285
98 58 0.079283
98 59 0.079281
98 60 0.079278
98 61 0.079276
98 62 0.079275
98 63 0.079273
98 64 0.079271
98 65 0.079269
98 66 0.079268
98 67 0.079267
98 68 0.079265
98 69 0.079264
98 70 0.079263
98 71 0.079262
98 72 0.079261
98 73 0.079260
98 74 0.079259
98 75 0.079259
98 76 0.079258
98 77 0.079257
98 78 0.079257
98 79 0.079256
98 80 0.079256
98 81 0.079256
98 82 0.079255
98 83 0.079255
98 84 0.079255
98 85 0.079255
98 86 0.079254
98 87 0.079254
98 88 0.079254
98 89 0.079254
98 90 0.079254
98 91 0.079254
98 92 0.079254
98 93 0.079254
98 94 0.079254
98 95 0.079254
98 96 0.079254
98 97 0.079253
98 98 0.079253
98 99 0.079252

99 0 0.079466
99 1 0.079466
99 2 0.079465
99 3 0.079464
99 4 0.079463
99 5 0.079461
99 6 0.079460
99 7 0.079458
99 8 0.079456
99 9 0.079454
99 10 0.079451
99 11 0.079449
99 12 0.079446
99 13 0.079443
99 14 0.079440
99 15 0.079437
99 16 0.079434
99 17 0.079430
99 18 0.079427
99 19 0.079424
99 20 0.079420
99 21 0.079416
99 22 0.079412
99 23 0.079409
99 24 0.079405
99 25 0.079401
99 26 0.079397
99 27 0.079393
99 28 0.079389
99 29 0.079385
99 30 0.079380
99 31 0.079376
99 32 0.079372
99 33 0.079368
99 34 0.079364
99 35 0.079360
99 36 0.079356
99 37 0.079352
99 38 0.079348
99 39 0.079344
99 40 0.079340
99 41 0.079336
99 42 0.079332
99 43 0.079328
99 44 0.079324
99 45 0.079321
99 46 0.079317
99 47 0.079314
99 48 0.079311
99 49 0.079307
99 50 0.079304
99 51 0.079301
99 52 0.079298
99 53 0.079295
99 54 0.079292
99 55 0.079290
99 56 0.079287
99 57 0.079285
99 58 0.079282
99 59 0.079280
99 60 0.079278
99 61 0.079276
99 62 0.079274
99 63 0.079272
99 64 0.079271
99 65 0.079269
99 66 0.079267
99 67 0.079266
99 68 0.079265
99 69 0.079263
99 70 0.079262
99 71 0.079261
99 72 0.079260
99 73 0.079259
99 74 0.079259
99 75 0.079258
99 76 0.079257
99 77 0.079257
99 78 0.079256
99 79 0.079256
99 80 0.079255
99 81 0.079255
99 82 0.079254
99 83 0.079254
99 84 0.079254
99 85 0.079254
99 86 0.079254
99 87 0.079253
99 88 0.079253
99 89 0.079253
99 90 0.079253
99 91 0.079253
99 92 0.079253
99 93 0.079253
99 94 0.079253
99 95 0.079253
99 96 0.079253
99 97 0.079252
99 98 0.079252
99 99 0.079252

