0 0 0.079542
0 1 0.079542
0 2 0.079542
0 3 0.079542
0 4 0.079543
0 5 0.079543
0 6 0.079543
0 7 0.079544
0 8 0.079544
0 9 0.079544
0 10 0.079545
0 11 0.079545
0 12 0.079545
0 13 0.079546
0 14 0.079546
0 15 0.079546
0 16 0.079547
0 17 0.079547
0 18 0.079547
0 19 0.079548
0 20 0.079548
0 21 0.079548
0 22 0.079549
0 23 0.079549
0 24 0.079549
0 25 0.079549
0 26 0.079549
0 27 0.079549
0 28 0.079549
0 29 0.079549
0 30 0.079549
0 31 0.079549
0 32 0.079549
0 33 0.079549
0 34 0.079548
0 35 0.079548
0 36 0.079548
0 37 0.079547
0 38 0.079547
0 39 0.079546
0 40 0.079545
0 41 0.079544
0 42 0.079543
0 43 0.079542
0 44 0.079541
0 45 0.079540
0 46 0.079539
0 47 0.079538
0 48 0.079537
0 49 0.079535
0 50 0.079534
0 51 0.079532
0 52 0.079531
0 53 0.079529
0 54 0.079528
0 55 0.079526
0 56 0.079524
0 57 0.079522
0 58 0.079521
0 59 0.079519
0 60 0.079517
0 61 0.079516
0 62 0.079514
0 63 0.079512
0 64 0.079511
0 65 0.079509
0 66 0.079508
0 67 0.079506
0 68 0.079505
0 69 0.079503
0 70 0.079502
0 71 0.079500
0 72 0.079499
0 73 0.079498
0 74 0.079497
0 75 0.079496
0 76 0.079494
0 77 0.079493
0 78 0.079492
0 79 0.079491
0 80 0.079490
0 81 0.079490
0 82 0.079489
0 83 0.079488
0 84 0.079487
0 85 0.079487
0 86 0.079486
0 87 0.079486
0 88 0.079485
0 89 0.079485
0 90 0.079485
0 91 0.079485
0 92 0.079484
0 93 0.079484
0 94 0.079484
0 95 0.079485
0 96 0.079484
0 97 0.079485
0 98 0.079485
0 99 0.079485

1 0 0.079542
1 1 0.079545
1 2 0.079544
1 3 0.079545
1 4 0.079546
1 5 0.079546
1 6 0.079547
1 7 0.079547
1 8 0.079548
1 9 0.079548
1 10 0.079548
1 11 0.079548
1 12 0.079549
1 13 0.079549
1 14 0.079549
1 15 0.079549
1 16 0.079550
1 17 0.079550
1 18 0.079550
1 19 0.079550
1 20 0.079550
1 21 0.079550
1 22 0.079550
1 23 0.079551
1 24 0.079551
1 25 0.079551
1 26 0.079551
1 27 0.079550
1 28 0.079550
1 29 0.079550
1 30 0.079550
1 31 0.079550
1 32 0.079549
1 33 0.079549
1 34 0.079548
1 35 0.079548
1 36 0.079547
1 37 0.079547
1 38 0.079546
1 39 0.079545
1 40 0.079545
1 41 0.079544
1 42 0.079543
1 43 0.079542
1 44 0.079541
1 45 0.079540
1 46 0.079539
1 47 0.079537
1 48 0.079536
1 49 0.079535
1 50 0.079533
1 51 0.079532
1 52 0.079531
1 53 0.079529
1 54 0.079528
1 55 0.079526
1 56 0.079525
1 57 0.079523
1 58 0.079521
1 59 0.079520
1 60 0.079518
1 61 0.079517
1 62 0.079515
1 63 0.079514
1 64 0.079512
1 65 0.079511
1 66 0.079509
1 67 0.079508
1 68 0.079506
1 69 0.079505
1 70 0.079503
1 71 0.079502
1 72 0.079501
1 73 0.079499
1 74 0.079498
1 75 0.079497
1 76 0.079496
1 77 0.079495
1 78 0.079494
1 79 0.079493
1 80 0.079492
1 81 0.079491
1 82 0.079490
1 83 0.079489
1 84 0.079489
1 85 0.079488
1 86 0.079487
1 87 0.079487
1 88 0.079487
1 89 0.079486
1 90 0.079486
1 91 0.079486
1 92 0.079486
1 93 0.079486
1 94 0.079486
1 95 0.079486
1 96 0.079486
1 97 0.079486
1 98 0.079487
1 99 0.079485

2 0 0.079542
2 1 0.079545
2 2 0.079544
2 3 0.079545
2 4 0.079546
2 5 0.079546
2 6 0.079547
2 7 0.079547
2 8 0.079547
2 9 0.079548
2 10 0.079548
2 11 0.079548
2 12 0.079549
2 13 0.079549
2 14 0.079549
2 15 0.079549
2 16 0.079550
2 17 0.079550
2 18 0.079550
2 19 0.079550
2 20 0.079550
2 21 0.079551
2 22 0.079551
2 23 0.079551
2 24 0.079551
2 25 0.079551
2 26 0.079551
2 27 0.079551
2 28 0.079551
2 29 0.079550
2 30 0.079550
2 31 0.079550
2 32 0.079550
2 33 0.079549
2 34 0.079549
2 35 0.079548
2 36 0.079548
2 37 0.079547
2 38 0.079546
2 39 0.079546
2 40 0.079545
2 41 0.079544
2 42 0.079543
2 43 0.079542
2 44 0.079541
2 45 0.079540
2 46 0.079539
2 47 0.079538
2 48 0.079536
2 49 0.079535
2 50 0.079534
2 51 0.079532
2 52 0.079531
2 53 0.079529
2 54 0.079528
2 55 0.079526
2 56 0.079525
2 57 0.079523
2 58 0.079522
2 59 0.079520
2 60 0.079519
2 61 0.079517
2 62 0.079516
2 63 0.079514
2 64 0.079512
2 65 0.079511
2 66 0.079509
2 67 0.079508
2 68 0.079507
2 69 0.079505
2 70 0.079504
2 71 0.079502
2 72 0.079501
2 73 0.079500
2 74 0.079499
2 75 0.079497
2 76 0.079496
2 77 0.079495
2 78 0.079494
2 79 0.079493
2 80 0.079492
2 81 0.079491
2 82 0.079491
2 83 0.079490
2 84 0.079489
2 85 0.079489
2 86 0.079488
2 87 0.079488
2 88 0.079487
2 89 0.079487
2 90 0.079487
2 91 0.079487
2 92 0.079486
2 93 0.079486
2 94 0.079486
2 95 0.079486
2 96 0.079486
2 97 0.079486
2 98 0.079488
2 99 0.079486

3 0 0.079543
3 1 0.079546
3 2 0.079545
3 3 0.079546
3 4 0.079547
3 5 0.079547
3 6 0.079548
3 7 0.079548
3 8 0.079549
3 9 0.079549
3 10 0.079549
3 11 0.079550
3 12 0.079550
3 13 0.079550
3 14 0.079550
3 15 0.079551
3 16 0.079551
3 17 0.079551
3 18 0.079551
3 19 0.079551
3 20 0.079551
3 21 0.079551
3 22 0.079552
3 23 0.079552
3 24 0.079552
3 25 0.079551
3 26 0.079551
3 27 0.079551
3 28 0.079551
3 29 0.079551
3 30 0.079551
3 31 0.079550
3 32 0.079550
3 33 0.079550
3 34 0.079549
3 35 0.079549
3 36 0.079548
3 37 0.079547
3 38 0.079547
3 39 0.079546
3 40 0.079545
3 41 0.079544
3 42 0.079543
3 43 0.079542
3 44 0.079541
3 45 0.079540
3 46 0.079539
3 47 0.079538
3 48 0.079537
3 49 0.079535
3 50 0.079534
3 51 0.079533
3 52 0.079531
3 53 0.079530
3 54 0.079528
3 55 0.079527
3 56 0.079525
3 57 0.079524
3 58 0.079522
3 59 0.079521
3 60 0.079519
3 61 0.079518
3 62 0.079516
3 63 0.079515
3 64 0.079513
3 65 0.079512
3 66 0.079510
3 67 0.079509
3 68 0.079507
3 69 0.079506
3 70 0.079504
3 71 0.079503
3 72 0.079502
3 73 0.079501
3 74 0.079499
3 75 0.079498
3 76 0.079497
3 77 0.079496
3 78 0.079495
3 79 0.079494
3 80 0.079493
3 81 0.079492
3 82 0.079491
3 83 0.079491
3 84 0.079490
3 85 0.079489
3 86 0.079489
3 87 0.079488
3 88 0.079488
3 89 0.079488
3 90 0.079487
3 91 0.079487
3 92 0.079487
3 93 0.079487
3 94 0.079487
3 95 0.079487
3 96 0.079487
3 97 0.079487
3 98 0.079488
3 99 0.079486

4 0 0.079543
4 1 0.079547
4 2 0.079546
4 3 0.079547
4 4 0.079548
4 5 0.079548
4 6 0.079549
4 7 0.079549
4 8 0.079550
4 9 0.079550
4 10 0.079550
4 11 0.079551
4 12 0.079551
4 13 0.079551
4 14 0.079551
4 15 0.079551
4 16 0.079552
4 17 0.079552
4 18 0.079552
4 19 0.079552
4 20 0.079552
4 21 0.079552
4 22 0.079552
4 23 0.079552
4 24 0.079552
4 25 0.079552
4 26 0.079552
4 27 0.079552
4 28 0.079552
4 29 0.079551
4 30 0.079551
4 31 0.079551
4 32 0.079550
4 33 0.079550
4 34 0.079549
4 35 0.079549
4 36 0.079548
4 37 0.079548
4 38 0.079547
4 39 0.079546
4 40 0.079545
4 41 0.079544
4 42 0.079543
4 43 0.079542
4 44 0.079541
4 45 0.079540
4 46 0.079539
4 47 0.079538
4 48 0.079537
4 49 0.079535
4 50 0.079534
4 51 0.079533
4 52 0.079531
4 53 0.079530
4 54 0.079528
4 55 0.079527
4 56 0.079525
4 57 0.079524
4 58 0.079522
4 59 0.079521
4 60 0.079519
4 61 0.079518
4 62 0.079516
4 63 0.079515
4 64 0.079514
4 65 0.079512
4 66 0.079511
4 67 0.079509
4 68 0.079508
4 69 0.079506
4 70 0.079505
4 71 0.079504
4 72 0.079502
4 73 0.079501
4 74 0.079500
4 75 0.079499
4 76 0.079498
4 77 0.079497
4 78 0.079496
4 79 0.079495
4 80 0.079494
4 81 0.079493
4 82 0.079492
4 83 0.079491
4 84 0.079491
4 85 0.079490
4 86 0.079489
4 87 0.079489
4 88 0.079489
4 89 0.079488
4 90 0.079488
4 91 0.079488
4 92 0.079487
4 93 0.079487
4 94 0.079487
4 95 0.079487
4 96 0.079488
4 97 0.079487
4 98 0.079489
4 99 0.079487

5 0 0.079543
5 1 0.079547
5 2 0.079546
5 3 0.079547
5 4 0.079548
5 5 0.079549
5 6 0.079549
5 7 0.079550
5 8 0.079550
5 9 0.079550
5 10 0.079551
5 11 0.079551
5 12 0.079551
5 13 0.079552
5 14 0.079552
5 15 0.079552
5 16 0.079552
5 17 0.079552
5 18 0.079552
5 19 0.079552
5 20 0.079552
5 21 0.079552
5 22 0.079553
5 23 0.079552
5 24 0.079552
5 25 0.079552
5 26 0.079552
5 27 0.079552
5 28 0.079552
5 29 0.079552
5 30 0.079551
5 31 0.079551
5 32 0.079550
5 33 0.079550
5 34 0.079549
5 35 0.079549
5 36 0.079548
5 37 0.079548
5 38 0.079547
5 39 0.079546
5 40 0.079545
5 41 0.079544
5 42 0.079543
5 43 0.079542
5 44 0.079541
5 45 0.079540
5 46 0.079539
5 47 0.079538
5 48 0.079537
5 49 0.079535
5 50 0.079534
5 51 0.079533
5 52 0.079531
5 53 0.079530
5 54 0.079528
5 55 0.079527
5 56 0.079526
5 57 0.079524
5 58 0.079523
5 59 0.079521
5 60 0.079520
5 61 0.079518
5 62 0.079517
5 63 0.079515
5 64 0.079514
5 65 0.079512
5 66 0.079511
5 67 0.079509
5 68 0.079508
5 69 0.079507
5 70 0.079505
5 71 0.079504
5 72 0.079503
5 73 0.079501
5 74 0.079500
5 75 0.079499
5 76 0.079498
5 77 0.079497
5 78 0.079496
5 79 0.079495
5 80 0.079494
5 81 0.079493
5 82 0.079492
5 83 0.079492
5 84 0.079491
5 85 0.079490
5 86 0.079490
5 87 0.079489
5 88 0.079489
5 89 0.079489
5 90 0.079488
5 91 0.079488
5 92 0.079488
5 93 0.079488
5 94 0.079488
5 95 0.079488
5 96 0.079488
5 97 0.079488
5 98 0.079489
5 99 0.079487

6 0 0.079544
6 1 0.079548
6 2 0.079547
6 3 0.079548
6 4 0.079549
6 5 0.079549
6 6 0.079550
6 7 0.079551
6 8 0.079551
6 9 0.079551
6 10 0.079552
6 11 0.079552
6 12 0.079552
6 13 0.079552
6 14 0.079553
6 15 0.079553
6 16 0.079553
6 17 0.079553
6 18 0.079553
6 19 0.079553
6 20 0.079553
6 21 0.079553
6 22 0.079553
6 23 0.079553
6 24 0.079553
6 25 0.079553
6 26 0.079553
6 27 0.079552
6 28 0.079552
6 29 0.079552
6 30 0.079552
6 31 0.079551
6 32 0.079551
6 33 0.079550
6 34 0.079550
6 35 0.079549
6 36 0.079549
6 37 0.079548
6 38 0.079547
6 39 0.079546
6 40 0.079546
6 41 0.079545
6 42 0.079544
6 43 0.079543
6 44 0.079542
6 45 0.079541
6 46 0.079539
6 47 0.079538
6 48 0.079537
6 49 0.079536
6 50 0.079534
6 51 0.079533
6 52 0.079532
6 53 0.079530
6 54 0.079529
6 55 0.079527
6 56 0.079526
6 57 0.079524
6 58 0.079523
6 59 0.079521
6 60 0.079520
6 61 0.079518
6 62 0.079517
6 63 0.079516
6 64 0.079514
6 65 0.079513
6 66 0.079511
6 67 0.079510
6 68 0.079508
6 69 0.079507
6 70 0.079506
6 71 0.079504
6 72 0.079503
6 73 0.079502
6 74 0.079501
6 75 0.079500
6 76 0.079498
6 77 0.079497
6 78 0.079496
6 79 0.079495
6 80 0.079494
6 81 0.079494
6 82 0.079493
6 83 0.079492
6 84 0.079491
6 85 0.079491
6 86 0.079490
6 87 0.079490
6 88 0.079489
6 89 0.079489
6 90 0.079489
6 91 0.079488
6 92 0.079488
6 93 0.079488
6 94 0.079488
6 95 0.079488
6 96 0.079488
6 97 0.079488
6 98 0.079489
6 99 0.079487

7 0 0.079544
7 1 0.079548
7 2 0.079547
7 3 0.079548
7 4 0.079549
7 5 0.079550
7 6 0.079550
7 7 0.079551
7 8 0.079551
7 9 0.079551
7 10 0.079552
7 11 0.079552
7 12 0.079552
7 13 0.079552
7 14 0.079553
7 15 0.079553
7 16 0.079553
7 17 0.079553
7 18 0.079553
7 19 0.079553
7 20 0.079553
7 21 0.079553
7 22 0.079553
7 23 0.079553
7 24 0.079553
7 25 0.079553
7 26 0.079553
7 27 0.079553
7 28 0.079552
7 29 0.079552
7 30 0.079552
7 31 0.079551
7 32 0.079551
7 33 0.079550
7 34 0.079550
7 35 0.079549
7 36 0.079548
7 37 0.079548
7 38 0.079547
7 39 0.079546
7 40 0.079545
7 41 0.079544
7 42 0.079544
7 43 0.079543
7 44 0.079541
7 45 0.079540
7 46 0.079539
7 47 0.079538
7 48 0.079537
7 49 0.079535
7 50 0.079534
7 51 0.079533
7 52 0.079531
7 53 0.079530
7 54 0.079529
7 55 0.079527
7 56 0.079526
7 57 0.079524
7 58 0.079523
7 59 0.079521
7 60 0.079520
7 61 0.079518
7 62 0.079517
7 63 0.079516
7 64 0.079514
7 65 0.079513
7 66 0.079511
7 67 0.079510
7 68 0.079508
7 69 0.079507
7 70 0.079506
7 71 0.079504
7 72 0.079503
7 73 0.079502
7 74 0.079501
7 75 0.079500
7 76 0.079498
7 77 0.079497
7 78 0.079496
7 79 0.079495
7 80 0.079494
7 81 0.079494
7 82 0.079493
7 83 0.079492
7 84 0.079491
7 85 0.079491
7 86 0.079490
7 87 0.079490
7 88 0.079489
7 89 0.079489
7 90 0.079489
7 91 0.079489
7 92 0.079488
7 93 0.079488
7 94 0.079488
7 95 0.079488
7 96 0.079488
7 97 0.079488
7 98 0.079489
7 99 0.079487

8 0 0.079544
8 1 0.079548
8 2 0.079547
8 3 0.079549
8 4 0.079549
8 5 0.079550
8 6 0.079551
8 7 0.079551
8 8 0.079552
8 9 0.079552
8 10 0.079552
8 11 0.079552
8 12 0.079553
8 13 0.079553
8 14 0.079553
8 15 0.079553
8 16 0.079553
8 17 0.079553
8 18 0.079553
8 19 0.079553
8 20 0.079553
8 21 0.079553
8 22 0.079553
8 23 0.079553
8 24 0.079553
8 25 0.079553
8 26 0.079553
8 27 0.079553
8 28 0.079552
8 29 0.079552
8 30 0.079552
8 31 0.079551
8 32 0.079551
8 33 0.079550
8 34 0.079550
8 35 0.079549
8 36 0.079548
8 37 0.079548
8 38 0.079547
8 39 0.079546
8 40 0.079545
8 41 0.079544
8 42 0.079543
8 43 0.079542
8 44 0.079541
8 45 0.079540
8 46 0.079539
8 47 0.079538
8 48 0.079537
8 49 0.079535
8 50 0.079534
8 51 0.079533
8 52 0.079531
8 53 0.079530
8 54 0.079528
8 55 0.079527
8 56 0.079526
8 57 0.079524
8 58 0.079523
8 59 0.079521
8 60 0.079520
8 61 0.079518
8 62 0.079517
8 63 0.079516
8 64 0.079514
8 65 0.079513
8 66 0.079511
8 67 0.079510
8 68 0.079509
8 69 0.079507
8 70 0.079506
8 71 0.079504
8 72 0.079503
8 73 0.079502
8 74 0.079501
8 75 0.079500
8 76 0.079498
8 77 0.079497
8 78 0.079496
8 79 0.079495
8 80 0.079494
8 81 0.079494
8 82 0.079493
8 83 0.079492
8 84 0.079491
8 85 0.079491
8 86 0.079490
8 87 0.079490
8 88 0.079489
8 89 0.079489
8 90 0.079489
8 91 0.079489
8 92 0.079488
8 93 0.079488
8 94 0.079488
8 95 0.079488
8 96 0.079488
8 97 0.079488
8 98 0.079489
8 99 0.079487

9 0 0.079544
9 1 0.079548
9 2 0.079547
9 3 0.079549
9 4 0.079549
9 5 0.079550
9 6 0.079551
9 7 0.079551
9 8 0.079552
9 9 0.079552
9 10 0.079552
9 11 0.079552
9 12 0.079553
9 13 0.079553
9 14 0.079553
9 15 0.079553
9 16 0.079553
9 17 0.079553
9 18 0.079553
9 19 0.079553
9 20 0.079553
9 21 0.079553
9 22 0.079553
9 23 0.079553
9 24 0.079553
9 25 0.079553
9 26 0.079553
9 27 0.079553
9 28 0.079552
9 29 0.079552
9 30 0.079552
9 31 0.079551
9 32 0.079551
9 33 0.079550
9 34 0.079550
9 35 0.079549
9 36 0.079548
9 37 0.079548
9 38 0.079547
9 39 0.079546
9 40 0.079545
9 41 0.079544
9 42 0.079543
9 43 0.079542
9 44 0.079541
9 45 0.079540
9 46 0.079539
9 47 0.079538
9 48 0.079536
9 49 0.079535
9 50 0.079534
9 51 0.079532
9 52 0.079531
9 53 0.079530
9 54 0.079528
9 55 0.079527
9 56 0.079525
9 57 0.079524
9 58 0.079523
9 59 0.079521
9 60 0.079520
9 61 0.079518
9 62 0.079517
9 63 0.079515
9 64 0.079514
9 65 0.079513
9 66 0.079511
9 67 0.079510
9 68 0.079508
9 69 0.079507
9 70 0.079506
9 71 0.079504
9 72 0.079503
9 73 0.079502
9 74 0.079501
9 75 0.079499
9 76 0.079498
9 77 0.079497
9 78 0.079496
9 79 0.079495
9 80 0.079494
9 81 0.079493
9 82 0.079493
9 83 0.079492
9 84 0.079491
9 85 0.079491
9 86 0.079490
9 87 0.079490
9 88 0.079489
9 89 0.079489
9 90 0.079489
9 91 0.079488
9 92 0.079488
9 93 0.079488
9 94 0.079488
9 95 0.079488
9 96 0.079488
9 97 0.079488
9 98 0.079489
9 99 0.079487

10 0 0.079544
10 1 0.079548
10 2 0.079547
10 3 0.079549
10 4 0.079549
10 5 0.079550
10 6 0.079551
10 7 0.079551
10 8 0.079552
10 9 0.079552
10 10 0.079552
10 11 0.079552
10 12 0.079553
10 13 0.079553
10 14 0.079553
10 15 0.079553
10 16 0.079553
10 17 0.079553
10 18 0.079553
10 19 0.079553
10 20 0.079553
10 21 0.079553
10 22 0.079553
10 23 0.079553
10 24 0.079553
10 25 0.079553
10 26 0.079553
10 27 0.079552
10 28 0.079552
10 29 0.079552
10 30 0.079551
10 31 0.079551
10 32 0.079550
10 33 0.079550
10 34 0.079549
10 35 0.079549
10 36 0.079548
10 37 0.079547
10 38 0.079546
10 39 0.079546
10 40 0.079545
10 41 0.079544
10 42 0.079543
10 43 0.079542
10 44 0.079541
10 45 0.079540
10 46 0.079538
10 47 0.079537
10 48 0.079536
10 49 0.079535
10 50 0.079533
10 51 0.079532
10 52 0.079531
10 53 0.079529
10 54 0.079528
10 55 0.079527
10 56 0.079525
10 57 0.079524
10 58 0.079522
10 59 0.079521
10 60 0.079519
10 61 0.079518
10 62 0.079517
10 63 0.079515
10 64 0.079514
10 65 0.079512
10 66 0.079511
10 67 0.079509
10 68 0.079508
10 69 0.079507
10 70 0.079505
10 71 0.079504
10 72 0.079503
10 73 0.079502
10 74 0.079500
10 75 0.079499
10 76 0.079498
10 77 0.079497
10 78 0.079496
10 79 0.079495
10 80 0.079494
10 81 0.079493
10 82 0.079493
10 83 0.079492
10 84 0.079491
10 85 0.079491
10 86 0.079490
10 87 0.079489
10 88 0.079489
10 89 0.079489
10 90 0.079488
10 91 0.079488
10 92 0.079488
10 93 0.079488
10 94 0.079488
10 95 0.079488
10 96 0.079488
10 97 0.079487
10 98 0.079489
10 99 0.079486

11 0 0.079544
11 1 0.079548
11 2 0.079547
11 3 0.079549
11 4 0.079549
11 5 0.079550
11 6 0.079551
11 7 0.079551
11 8 0.079552
11 9 0.079552
11 10 0.079552
11 11 0.079552
11 12 0.079553
11 13 0.079553
11 14 0.079553
11 15 0.079553
11 16 0.079553
11 17 0.079553
11 18 0.079553
11 19 0.079553
11 20 0.079553
11 21 0.079553
11 22 0.079553
11 23 0.079553
11 24 0.079553
11 25 0.079553
11 26 0.079552
11 27 0.079552
11 28 0.079552
11 29 0.079552
11 30 0.079551
11 31 0.079551
11 32 0.079550
11 33 0.079550
11 34 0.079549
11 35 0.079548
11 36 0.079548
11 37 0.079547
11 38 0.079546
11 39 0.079545
11 40 0.079545
11 41 0.079544
11 42 0.079543
11 43 0.079542
11 44 0.079541
11 45 0.079539
11 46 0.079538
11 47 0.079537
11 48 0.079536
11 49 0.079535
11 50 0.079533
11 51 0.079532
11 52 0.079530
11 53 0.079529
11 54 0.079528
11 55 0.079526
11 56 0.079525
11 57 0.079523
11 58 0.079522
11 59 0.079521
11 60 0.079519
11 61 0.079518
11 62 0.079516
11 63 0.079515
11 64 0.079513
11 65 0.079512
11 66 0.079511
11 67 0.079509
11 68 0.079508
11 69 0.079506
11 70 0.079505
11 71 0.079504
11 72 0.079503
11 73 0.079501
11 74 0.079500
11 75 0.079499
11 76 0.079498
11 77 0.079497
11 78 0.079496
11 79 0.079495
11 80 0.079494
11 81 0.079493
11 82 0.079492
11 83 0.079491
11 84 0.079491
11 85 0.079490
11 86 0.079490
11 87 0.079489
11 88 0.079489
11 89 0.079488
11 90 0.079488
11 91 0.079488
11 92 0.079488
11 93 0.079488
11 94 0.079487
11 95 0.079487
11 96 0.079487
11 97 0.079487
11 98 0.079489
11 99 0.079486

12 0 0.079544
12 1 0.079548
12 2 0.079547
12 3 0.079549
12 4 0.079549
12 5 0.079550
12 6 0.079550
12 7 0.079551
12 8 0.079551
12 9 0.079552
12 10 0.079552
12 11 0.079552
12 12 0.079552
12 13 0.079553
12 14 0.079553
12 15 0.079553
12 16 0.079553
12 17 0.079553
12 18 0.079553
12 19 0.079553
12 20 0.079553
12 21 0.079553
12 22 0.079553
12 23 0.079553
12 24 0.079552
12 25 0.079552
12 26 0.079552
12 27 0.079552
12 28 0.079551
12 29 0.079551
12 30 0.079551
12 31 0.079550
12 32 0.079550
12 33 0.079549
12 34 0.079549
12 35 0.079548
12 36 0.079547
12 37 0.079546
12 38 0.079546
12 39 0.079545
12 40 0.079544
12 41 0.079543
12 42 0.079542
12 43 0.079541
12 44 0.079540
12 45 0.079539
12 46 0.079538
12 47 0.079536
12 48 0.079535
12 49 0.079534
12 50 0.079533
12 51 0.079531
12 52 0.079530
12 53 0.079529
12 54 0.079527
12 55 0.079526
12 56 0.079524
12 57 0.079523
12 58 0.079521
12 59 0.079520
12 60 0.079519
12 61 0.079517
12 62 0.079516
12 63 0.079514
12 64 0.079513
12 65 0.079511
12 66 0.079510
12 67 0.079509
12 68 0.079507
12 69 0.079506
12 70 0.079505
12 71 0.079503
12 72 0.079502
12 73 0.079501
12 74 0.079500
12 75 0.079498
12 76 0.079497
12 77 0.079496
12 78 0.079495
12 79 0.079494
12 80 0.079493
12 81 0.079492
12 82 0.079492
12 83 0.079491
12 84 0.079490
12 85 0.079490
12 86 0.079489
12 87 0.079489
12 88 0.079488
12 89 0.079488
12 90 0.079488
12 91 0.079487
12 92 0.079487
12 93 0.079487
12 94 0.079487
12 95 0.079487
12 96 0.079487
12 97 0.079487
12 98 0.079488
12 99 0.079485

13 0 0.079544
13 1 0.079548
13 2 0.079547
13 3 0.079548
13 4 0.079549
13 5 0.079549
13 6 0.079550
13 7 0.079551
13 8 0.079551
13 9 0.079551
13 10 0.079552
13 11 0.079552
13 12 0.079552
13 13 0.079552
13 14 0.079552
13 15 0.079552
13 16 0.079552
13 17 0.079553
13 18 0.079553
13 19 0.079553
13 20 0.079553
13 21 0.079552
13 22 0.079552
13 23 0.079552
13 24 0.079552
13 25 0.079552
13 26 0.079552
13 27 0.079551
13 28 0.079551
13 29 0.079551
13 30 0.079550
13 31 0.079550
13 32 0.079549
13 33 0.079549
13 34 0.079548
13 35 0.079547
13 36 0.079547
13 37 0.079546
13 38 0.079545
13 39 0.079544
13 40 0.079543
13 41 0.079542
13 42 0.079541
13 43 0.079540
13 44 0.079539
13 45 0.079538
13 46 0.079537
13 47 0.079536
13 48 0.079535
13 49 0.079533
13 50 0.079532
13 51 0.079531
13 52 0.079529
13 53 0.079528
13 54 0.079527
13 55 0.079525
13 56 0.079524
13 57 0.079522
13 58 0.079521
13 59 0.079519
13 60 0.079518
13 61 0.079517
13 62 0.079515
13 63 0.079514
13 64 0.079512
13 65 0.079511
13 66 0.079510
13 67 0.079508
13 68 0.079507
13 69 0.079505
13 70 0.079504
13 71 0.079503
13 72 0.079502
13 73 0.079500
13 74 0.079499
13 75 0.079498
13 76 0.079497
13 77 0.079496
13 78 0.079495
13 79 0.079494
13 80 0.079493
13 81 0.079492
13 82 0.079491
13 83 0.079490
13 84 0.079490
13 85 0.079489
13 86 0.079489
13 87 0.079488
13 88 0.079488
13 89 0.079487
13 90 0.079487
13 91 0.079487
13 92 0.079487
13 93 0.079486
13 94 0.079486
13 95 0.079486
13 96 0.079486
13 97 0.079486
13 98 0.079487
13 99 0.079485

14 0 0.079543
14 1 0.079547
14 2 0.079547
14 3 0.079548
14 4 0.079548
14 5 0.079549
14 6 0.079550
14 7 0.079550
14 8 0.079551
14 9 0.079551
14 10 0.079551
14 11 0.079551
14 12 0.079552
14 13 0.079552
14 14 0.079552
14 15 0.079552
14 16 0.079552
14 17 0.079552
14 18 0.079552
14 19 0.079552
14 20 0.079552
14 21 0.079552
14 22 0.079552
14 23 0.079552
14 24 0.079552
14 25 0.079551
14 26 0.079551
14 27 0.079551
14 28 0.079550
14 29 0.079550
14 30 0.079550
14 31 0.079549
14 32 0.079549
14 33 0.079548
14 34 0.079547
14 35 0.079547
14 36 0.079546
14 37 0.079545
14 38 0.079545
14 39 0.079544
14 40 0.079543
14 41 0.079542
14 42 0.079541
14 43 0.079540
14 44 0.079539
14 45 0.079538
14 46 0.079536
14 47 0.079535
14 48 0.079534
14 49 0.079533
14 50 0.079531
14 51 0.079530
14 52 0.079529
14 53 0.079527
14 54 0.079526
14 55 0.079525
14 56 0.079523
14 57 0.079522
14 58 0.079520
14 59 0.079519
14 60 0.079517
14 61 0.079516
14 62 0.079515
14 63 0.079513
14 64 0.079512
14 65 0.079510
14 66 0.079509
14 67 0.079507
14 68 0.079506
14 69 0.079505
14 70 0.079503
14 71 0.079502
14 72 0.079501
14 73 0.079500
14 74 0.079498
14 75 0.079497
14 76 0.079496
14 77 0.079495
14 78 0.079494
14 79 0.079493
14 80 0.079492
14 81 0.079491
14 82 0.079490
14 83 0.079490
14 84 0.079489
14 85 0.079488
14 86 0.079488
14 87 0.079487
14 88 0.079487
14 89 0.079487
14 90 0.079486
14 91 0.079486
14 92 0.079486
14 93 0.079486
14 94 0.079486
14 95 0.079485
14 96 0.079486
14 97 0.079485
14 98 0.079487
14 99 0.079484

15 0 0.079543
15 1 0.079547
15 2 0.079546
15 3 0.079547
15 4 0.079548
15 5 0.079549
15 6 0.079549
15 7 0.079550
15 8 0.079550
15 9 0.079550
15 10 0.079551
15 11 0.079551
15 12 0.079551
15 13 0.079551
15 14 0.079551
15 15 0.079551
15 16 0.079551
15 17 0.079551
15 18 0.079551
15 19 0.079551
15 20 0.079551
15 21 0.079551
15 22 0.079551
15 23 0.079551
15 24 0.079551
15 25 0.079551
15 26 0.079550
15 27 0.079550
15 28 0.079550
15 29 0.079549
15 30 0.079549
15 31 0.079548
15 32 0.079548
15 33 0.079547
15 34 0.079547
15 35 0.079546
15 36 0.079545
15 37 0.079544
15 38 0.079544
15 39 0.079543
15 40 0.079542
15 41 0.079541
15 42 0.079540
15 43 0.079539
15 44 0.079538
15 45 0.079537
15 46 0.079536
15 47 0.079534
15 48 0.079533
15 49 0.079532
15 50 0.079530
15 51 0.079529
15 52 0.079528
15 53 0.079526
15 54 0.079525
15 55 0.079524
15 56 0.079522
15 57 0.079521
15 58 0.079519
15 59 0.079518
15 60 0.079517
15 61 0.079515
15 62 0.079514
15 63 0.079512
15 64 0.079511
15 65 0.079509
15 66 0.079508
15 67 0.079507
15 68 0.079505
15 69 0.079504
15 70 0.079503
15 71 0.079501
15 72 0.079500
15 73 0.079499
15 74 0.079498
15 75 0.079496
15 76 0.079495
15 77 0.079494
15 78 0.079493
15 79 0.079492
15 80 0.079491
15 81 0.079490
15 82 0.079490
15 83 0.079489
15 84 0.079488
15 85 0.079488
15 86 0.079487
15 87 0.079487
15 88 0.079486
15 89 0.079486
15 90 0.079485
15 91 0.079485
15 92 0.079485
15 93 0.079485
15 94 0.079485
15 95 0.079485
15 96 0.079485
15 97 0.079484
15 98 0.079486
15 99 0.079484

16 0 0.079543
16 1 0.079546
16 2 0.079546
16 3 0.079547
16 4 0.079548
16 5 0.079548
16 6 0.079549
16 7 0.079549
16 8 0.079550
16 9 0.079550
16 10 0.079550
16 11 0.079550
16 12 0.079550
16 13 0.079551
16 14 0.079551
16 15 0.079551
16 16 0.079551
16 17 0.079551
16 18 0.079551
16 19 0.079551
16 20 0.079551
16 21 0.079551
16 22 0.079551
16 23 0.079550
16 24 0.079550
16 25 0.079550
16 26 0.079550
16 27 0.079549
16 28 0.079549
16 29 0.079549
16 30 0.079548
16 31 0.079548
16 32 0.079547
16 33 0.079547
16 34 0.079546
16 35 0.079545
16 36 0.079545
16 37 0.079544
16 38 0.079543
16 39 0.079542
16 40 0.079541
16 41 0.079540
16 42 0.079539
16 43 0.079538
16 44 0.079537
16 45 0.079536
16 46 0.079535
16 47 0.079534
16 48 0.079532
16 49 0.079531
16 50 0.079530
16 51 0.079529
16 52 0.079527
16 53 0.079526
16 54 0.079524
16 55 0.079523
16 56 0.079522
16 57 0.079520
16 58 0.079519
16 59 0.079517
16 60 0.079516
16 61 0.079514
16 62 0.079513
16 63 0.079512
16 64 0.079510
16 65 0.079509
16 66 0.079507
16 67 0.079506
16 68 0.079504
16 69 0.079503
16 70 0.079502
16 71 0.079500
16 72 0.079499
16 73 0.079498
16 74 0.079497
16 75 0.079496
16 76 0.079494
16 77 0.079493
16 78 0.079492
16 79 0.079491
16 80 0.079490
16 81 0.079490
16 82 0.079489
16 83 0.079488
16 84 0.079487
16 85 0.079487
16 86 0.079486
16 87 0.079486
16 88 0.079485
16 89 0.079485
16 90 0.079485
16 91 0.079484
16 92 0.079484
16 93 0.079484
16 94 0.079484
16 95 0.079484
16 96 0.079484
16 97 0.079484
16 98 0.079485
16 99 0.079483

17 0 0.079543
17 1 0.079546
17 2 0.079545
17 3 0.079546
17 4 0.079547
17 5 0.079547
17 6 0.079548
17 7 0.079548
17 8 0.079549
17 9 0.079549
17 10 0.079549
17 11 0.079549
17 12 0.079550
17 13 0.079550
17 14 0.079550
17 15 0.079550
17 16 0.079550
17 17 0.079550
17 18 0.079550
17 19 0.079550
17 20 0.079550
17 21 0.079550
17 22 0.079550
17 23 0.079550
17 24 0.079549
17 25 0.079549
17 26 0.079549
17 27 0.079548
17 28 0.079548
17 29 0.079548
17 30 0.079547
17 31 0.079547
17 32 0.079546
17 33 0.079546
17 34 0.079545
17 35 0.079544
17 36 0.079544
17 37 0.079543
17 38 0.079542
17 39 0.079541
17 40 0.079540
17 41 0.079539
17 42 0.079538
17 43 0.079537
17 44 0.079536
17 45 0.079535
17 46 0.079534
17 47 0.079533
17 48 0.079531
17 49 0.079530
17 50 0.079529
17 51 0.079527
17 52 0.079526
17 53 0.079525
17 54 0.079523
17 55 0.079522
17 56 0.079521
17 57 0.079519
17 58 0.079518
17 59 0.079516
17 60 0.079515
17 61 0.079513
17 62 0.079512
17 63 0.079510
17 64 0.079509
17 65 0.079508
17 66 0.079506
17 67 0.079505
17 68 0.079503
17 69 0.079502
17 70 0.079501
17 71 0.079499
17 72 0.079498
17 73 0.079497
17 74 0.079496
17 75 0.079495
17 76 0.079493
17 77 0.079492
17 78 0.079491
17 79 0.079490
17 80 0.079489
17 81 0.079489
17 82 0.079488
17 83 0.079487
17 84 0.079486
17 85 0.079486
17 86 0.079485
17 87 0.079485
17 88 0.079484
17 89 0.079484
17 90 0.079484
17 91 0.079483
17 92 0.079483
17 93 0.079483
17 94 0.079483
17 95 0.079483
17 96 0.079483
17 97 0.079483
17 98 0.079484
17 99 0.079482

18 0 0.079542
18 1 0.079545
18 2 0.079545
18 3 0.079546
18 4 0.079546
18 5 0.079547
18 6 0.079547
18 7 0.079548
18 8 0.079548
18 9 0.079548
18 10 0.079549
18 11 0.079549
18 12 0.079549
18 13 0.079549
18 14 0.079549
18 15 0.079549
18 16 0.079549
18 17 0.079549
18 18 0.079549
18 19 0.079549
18 20 0.079549
18 21 0.079549
18 22 0.079549
18 23 0.079549
18 24 0.079548
18 25 0.079548
18 26 0.079548
18 27 0.079548
18 28 0.079547
18 29 0.079547
18 30 0.079546
18 31 0.079546
18 32 0.079545
18 33 0.079545
18 34 0.079544
18 35 0.079543
18 36 0.079543
18 37 0.079542
18 38 0.079541
18 39 0.079540
18 40 0.079539
18 41 0.079538
18 42 0.079537
18 43 0.079536
18 44 0.079535
18 45 0.079534
18 46 0.079533
18 47 0.079532
18 48 0.079530
18 49 0.079529
18 50 0.079528
18 51 0.079526
18 52 0.079525
18 53 0.079524
18 54 0.079522
18 55 0.079521
18 56 0.079519
18 57 0.079518
18 58 0.079517
18 59 0.079515
18 60 0.079514
18 61 0.079512
18 62 0.079511
18 63 0.079509
18 64 0.079508
18 65 0.079507
18 66 0.079505
18 67 0.079504
18 68 0.079502
18 69 0.079501
18 70 0.079500
18 71 0.079498
18 72 0.079497
18 73 0.079496
18 74 0.079495
18 75 0.079494
18 76 0.079492
18 77 0.079491
18 78 0.079490
18 79 0.079489
18 80 0.079488
18 81 0.079487
18 82 0.079487
18 83 0.079486
18 84 0.079485
18 85 0.079485
18 86 0.079484
18 87 0.079484
18 88 0.079483
18 89 0.079483
18 90 0.079482
18 91 0.079482
18 92 0.079482
18 93 0.079482
18 94 0.079482
18 95 0.079482
18 96 0.079482
18 97 0.079482
18 98 0.079483
18 99 0.079481

19 0 0.079541
19 1 0.079544
19 2 0.079544
19 3 0.079545
19 4 0.079545
19 5 0.079546
19 6 0.079546
19 7 0.079547
19 8 0.079547
19 9 0.079547
19 10 0.079548
19 11 0.079548
19 12 0.079548
19 13 0.079548
19 14 0.079548
19 15 0.079548
19 16 0.079548
19 17 0.079548
19 18 0.079548
19 19 0.079548
19 20 0.079548
19 21 0.079548
19 22 0.079548
19 23 0.079548
19 24 0.079548
19 25 0.079547
19 26 0.079547
19 27 0.079547
19 28 0.079546
19 29 0.079546
19 30 0.079545
19 31 0.079545
19 32 0.079544
19 33 0.079544
19 34 0.079543
19 35 0.079542
19 36 0.079542
19 37 0.079541
19 38 0.079540
19 39 0.079539
19 40 0.079538
19 41 0.079537
19 42 0.079536
19 43 0.079535
19 44 0.079534
19 45 0.079533
19 46 0.079532
19 47 0.079531
19 48 0.079529
19 49 0.079528
19 50 0.079527
19 51 0.079525
19 52 0.079524
19 53 0.079523
19 54 0.079521
19 55 0.079520
19 56 0.079518
19 57 0.079517
19 58 0.079515
19 59 0.079514
19 60 0.079513
19 61 0.079511
19 62 0.079510
19 63 0.079508
19 64 0.079507
19 65 0.079505
19 66 0.079504
19 67 0.079503
19 68 0.079501
19 69 0.079500
19 70 0.079499
19 71 0.079497
19 72 0.079496
19 73 0.079495
19 74 0.079494
19 75 0.079492
19 76 0.079491
19 77 0.079490
19 78 0.079489
19 79 0.079488
19 80 0.079487
19 81 0.079486
19 82 0.079486
19 83 0.079485
19 84 0.079484
19 85 0.079483
19 86 0.079483
19 87 0.079482
19 88 0.079482
19 89 0.079482
19 90 0.079481
19 91 0.079481
19 92 0.079481
19 93 0.079481
19 94 0.079481
19 95 0.079480
19 96 0.079481
19 97 0.079480
19 98 0.079482
19 99 0.079480

20 0 0.079541
20 1 0.079544
20 2 0.079543
20 3 0.079544
20 4 0.079544
20 5 0.079545
20 6 0.079545
20 7 0.079546
20 8 0.079546
20 9 0.079546
20 10 0.079547
20 11 0.079547
20 12 0.079547
20 13 0.079547
20 14 0.079547
20 15 0.079547
20 16 0.079547
20 17 0.079547
20 18 0.079547
20 19 0.079547
20 20 0.079547
20 21 0.079547
20 22 0.079547
20 23 0.079547
20 24 0.079546
20 25 0.079546
20 26 0.079546
20 27 0.079546
20 28 0.079545
20 29 0.079545
20 30 0.079544
20 31 0.079544
20 32 0.079543
20 33 0.079543
20 34 0.079542
20 35 0.079541
20 36 0.079540
20 37 0.079540
20 38 0.079539
20 39 0.079538
20 40 0.079537
20 41 0.079536
20 42 0.079535
20 43 0.079534
20 44 0.079533
20 45 0.079532
20 46 0.079531
20 47 0.079529
20 48 0.079528
20 49 0.079527
20 50 0.079525
20 51 0.079524
20 52 0.079523
20 53 0.079521
20 54 0.079520
20 55 0.079519
20 56 0.079517
20 57 0.079516
20 58 0.079514
20 59 0.079513
20 60 0.079511
20 61 0.079510
20 62 0.079509
20 63 0.079507
20 64 0.079506
20 65 0.079504
20 66 0.079503
20 67 0.079501
20 68 0.079500
20 69 0.079499
20 70 0.079497
20 71 0.079496
20 72 0.079495
20 73 0.079494
20 74 0.079492
20 75 0.079491
20 76 0.079490
20 77 0.079489
20 78 0.079488
20 79 0.079487
20 80 0.079486
20 81 0.079485
20 82 0.079484
20 83 0.079484
20 84 0.079483
20 85 0.079482
20 86 0.079482
20 87 0.079481
20 88 0.079481
20 89 0.079480
20 90 0.079480
20 91 0.079480
20 92 0.079480
20 93 0.079479
20 94 0.079479
20 95 0.079479
20 96 0.079479
20 97 0.079479
20 98 0.079480
20 99 0.079479

21 0 0.079540
21 1 0.079543
21 2 0.079542
21 3 0.079543
21 4 0.079544
21 5 0.079544
21 6 0.079545
21 7 0.079545
21 8 0.079545
21 9 0.079546
21 10 0.079546
21 11 0.079546
21 12 0.079546
21 13 0.079546
21 14 0.079546
21 15 0.079546
21 16 0.079546
21 17 0.079546
21 18 0.079546
21 19 0.079546
21 20 0.079546
21 21 0.079546
21 22 0.079546
21 23 0.079546
21 24 0.079545
21 25 0.079545
21 26 0.079545
21 27 0.079544
21 28 0.079544
21 29 0.079544
21 30 0.079543
21 31 0.079543
21 32 0.079542
21 33 0.079541
21 34 0.079541
21 35 0.079540
21 36 0.079539
21 37 0.079538
21 38 0.079538
21 39 0.079537
21 40 0.079536
21 41 0.079535
21 42 0.079534
21 43 0.079533
21 44 0.079532
21 45 0.079530
21 46 0.079529
21 47 0.079528
21 48 0.079527
21 49 0.079525
21 50 0.079524
21 51 0.079523
21 52 0.079521
21 53 0.079520
21 54 0.079519
21 55 0.079517
21 56 0.079516
21 57 0.079514
21 58 0.079513
21 59 0.079512
21 60 0.079510
21 61 0.079509
21 62 0.079507
21 63 0.079506
21 64 0.079504
21 65 0.079503
21 66 0.079501
21 67 0.079500
21 68 0.079499
21 69 0.079497
21 70 0.079496
21 71 0.079495
21 72 0.079493
21 73 0.079492
21 74 0.079491
21 75 0.079490
21 76 0.079489
21 77 0.079488
21 78 0.079487
21 79 0.079486
21 80 0.079485
21 81 0.079484
21 82 0.079483
21 83 0.079482
21 84 0.079481
21 85 0.079481
21 86 0.079480
21 87 0.079480
21 88 0.079479
21 89 0.079479
21 90 0.079479
21 91 0.079478
21 92 0.079478
21 93 0.079478
21 94 0.079478
21 95 0.079478
21 96 0.079478
21 97 0.079478
21 98 0.079479
21 99 0.079477

22 0 0.079539
22 1 0.079542
22 2 0.079541
22 3 0.079542
22 4 0.079543
22 5 0.079543
22 6 0.079543
22 7 0.079544
22 8 0.079544
22 9 0.079544
22 10 0.079545
22 11 0.079545
22 12 0.079545
22 13 0.079545
22 14 0.079545
22 15 0.079545
22 16 0.079545
22 17 0.079545
22 18 0.079545
22 19 0.079545
22 20 0.079545
22 21 0.079545
22 22 0.079545
22 23 0.079544
22 24 0.079544
22 25 0.079544
22 26 0.079543
22 27 0.079543
22 28 0.079543
22 29 0.079542
22 30 0.079542
22 31 0.079541
22 32 0.079541
22 33 0.079540
22 34 0.079539
22 35 0.079539
22 36 0.079538
22 37 0.079537
22 38 0.079536
22 39 0.079535
22 40 0.079534
22 41 0.079533
22 42 0.079532
22 43 0.079531
22 44 0.079530
22 45 0.079529
22 46 0.079528
22 47 0.079527
22 48 0.079525
22 49 0.079524
22 50 0.079523
22 51 0.079521
22 52 0.079520
22 53 0.079519
22 54 0.079517
22 55 0.079516
22 56 0.079514
22 57 0.079513
22 58 0.079512
22 59 0.079510
22 60 0.079509
22 61 0.079507
22 62 0.079506
22 63 0.079504
22 64 0.079503
22 65 0.079502
22 66 0.079500
22 67 0.079499
22 68 0.079497
22 69 0.079496
22 70 0.079495
22 71 0.079493
22 72 0.079492
22 73 0.079491
22 74 0.079490
22 75 0.079488
22 76 0.079487
22 77 0.079486
22 78 0.079485
22 79 0.079484
22 80 0.079483
22 81 0.079482
22 82 0.079481
22 83 0.079481
22 84 0.079480
22 85 0.079479
22 86 0.079479
22 87 0.079478
22 88 0.079478
22 89 0.079478
22 90 0.079477
22 91 0.079477
22 92 0.079477
22 93 0.079477
22 94 0.079477
22 95 0.079476
22 96 0.079477
22 97 0.079476
22 98 0.079478
22 99 0.079476

23 0 0.079538
23 1 0.079541
23 2 0.079540
23 3 0.079541
23 4 0.079541
23 5 0.079542
23 6 0.079542
23 7 0.079543
23 8 0.079543
23 9 0.079543
23 10 0.079543
23 11 0.079544
23 12 0.079544
23 13 0.079544
23 14 0.079544
23 15 0.079544
23 16 0.079544
23 17 0.079544
23 18 0.079544
23 19 0.079544
23 20 0.079544
23 21 0.079543
23 22 0.079543
23 23 0.079543
23 24 0.079543
23 25 0.079543
23 26 0.079542
23 27 0.079542
23 28 0.079541
23 29 0.079541
23 30 0.079540
23 31 0.079540
23 32 0.079539
23 33 0.079539
23 34 0.079538
23 35 0.079537
23 36 0.079537
23 37 0.079536
23 38 0.079535
23 39 0.079534
23 40 0.079533
23 41 0.079532
23 42 0.079531
23 43 0.079530
23 44 0.079529
23 45 0.079528
23 46 0.079526
23 47 0.079525
23 48 0.079524
23 49 0.079523
23 50 0.079521
23 51 0.079520
23 52 0.079519
23 53 0.079517
23 54 0.079516
23 55 0.079514
23 56 0.079513
23 57 0.079512
23 58 0.079510
23 59 0.079509
23 60 0.079507
23 61 0.079506
23 62 0.079504
23 63 0.079503
23 64 0.079501
23 65 0.079500
23 66 0.079499
23 67 0.079497
23 68 0.079496
23 69 0.079494
23 70 0.079493
23 71 0.079492
23 72 0.079491
23 73 0.079489
23 74 0.079488
23 75 0.079487
23 76 0.079486
23 77 0.079485
23 78 0.079484
23 79 0.079483
23 80 0.079482
23 81 0.079481
23 82 0.079480
23 83 0.079479
23 84 0.079479
23 85 0.079478
23 86 0.079477
23 87 0.079477
23 88 0.079476
23 89 0.079476
23 90 0.079476
23 91 0.079475
23 92 0.079475
23 93 0.079475
23 94 0.079475
23 95 0.079475
23 96 0.079475
23 97 0.079475
23 98 0.079476
23 99 0.079475

24 0 0.079538
24 1 0.079539
24 2 0.079539
24 3 0.079540
24 4 0.079540
24 5 0.079541
24 6 0.079541
24 7 0.079542
24 8 0.079542
24 9 0.079542
24 10 0.079542
24 11 0.079542
24 12 0.079542
24 13 0.079543
24 14 0.079543
24 15 0.079543
24 16 0.079543
24 17 0.079543
24 18 0.079543
24 19 0.079542
24 20 0.079542
24 21 0.079542
24 22 0.079542
24 23 0.079542
24 24 0.079541
24 25 0.079541
24 26 0.079541
24 27 0.079540
24 28 0.079540
24 29 0.079540
24 30 0.079539
24 31 0.079539
24 32 0.079538
24 33 0.079537
24 34 0.079537
24 35 0.079536
24 36 0.079535
24 37 0.079534
24 38 0.079533
24 39 0.079532
24 40 0.079532
24 41 0.079531
24 42 0.079529
24 43 0.079528
24 44 0.079527
24 45 0.079526
24 46 0.079525
24 47 0.079524
24 48 0.079522
24 49 0.079521
24 50 0.079520
24 51 0.079518
24 52 0.079517
24 53 0.079516
24 54 0.079514
24 55 0.079513
24 56 0.079511
24 57 0.079510
24 58 0.079508
24 59 0.079507
24 60 0.079506
24 61 0.079504
24 62 0.079503
24 63 0.079501
24 64 0.079500
24 65 0.079498
24 66 0.079497
24 67 0.079496
24 68 0.079494
24 69 0.079493
24 70 0.079491
24 71 0.079490
24 72 0.079489
24 73 0.079488
24 74 0.079486
24 75 0.079485
24 76 0.079484
24 77 0.079483
24 78 0.079482
24 79 0.079481
24 80 0.079480
24 81 0.079479
24 82 0.079478
24 83 0.079478
24 84 0.079477
24 85 0.079476
24 86 0.079476
24 87 0.079475
24 88 0.079475
24 89 0.079474
24 90 0.079474
24 91 0.079474
24 92 0.079474
24 93 0.079473
24 94 0.079473
24 95 0.079473
24 96 0.079474
24 97 0.079473
24 98 0.079474
24 99 0.079473

25 0 0.079537
25 1 0.079538
25 2 0.079538
25 3 0.079539
25 4 0.079539
25 5 0.079539
25 6 0.079540
25 7 0.079540
25 8 0.079540
25 9 0.079541
25 10 0.079541
25 11 0.079541
25 12 0.079541
25 13 0.079541
25 14 0.079541
25 15 0.079541
25 16 0.079541
25 17 0.079541
25 18 0.079541
25 19 0.079541
25 20 0.079541
25 21 0.079541
25 22 0.079540
25 23 0.079540
25 24 0.079540
25 25 0.079540
25 26 0.079539
25 27 0.079539
25 28 0.079538
25 29 0.079538
25 30 0.079537
25 31 0.079537
25 32 0.079536
25 33 0.079536
25 34 0.079535
25 35 0.079534
25 36 0.079533
25 37 0.079533
25 38 0.079532
25 39 0.079531
25 40 0.079530
25 41 0.079529
25 42 0.079528
25 43 0.079527
25 44 0.079526
25 45 0.079524
25 46 0.079523
25 47 0.079522
25 48 0.079521
25 49 0.079519
25 50 0.079518
25 51 0.079517
25 52 0.079515
25 53 0.079514
25 54 0.079513
25 55 0.079511
25 56 0.079510
25 57 0.079508
25 58 0.079507
25 59 0.079505
25 60 0.079504
25 61 0.079503
25 62 0.079501
25 63 0.079500
25 64 0.079498
25 65 0.079497
25 66 0.079495
25 67 0.079494
25 68 0.079493
25 69 0.079491
25 70 0.079490
25 71 0.079489
25 72 0.079487
25 73 0.079486
25 74 0.079485
25 75 0.079484
25 76 0.079482
25 77 0.079481
25 78 0.079480
25 79 0.079479
25 80 0.079478
25 81 0.079477
25 82 0.079477
25 83 0.079476
25 84 0.079475
25 85 0.079475
25 86 0.079474
25 87 0.079473
25 88 0.079473
25 89 0.079473
25 90 0.079472
25 91 0.079472
25 92 0.079472
25 93 0.079472
25 94 0.079472
25 95 0.079472
25 96 0.079472
25 97 0.079472
25 98 0.079473
25 99 0.079472

26 0 0.079535
26 1 0.079537
26 2 0.079537
26 3 0.079538
26 4 0.079538
26 5 0.079538
26 6 0.079539
26 7 0.079539
26 8 0.079539
26 9 0.079539
26 10 0.079540
26 11 0.079540
26 12 0.079540
26 13 0.079540
26 14 0.079540
26 15 0.079540
26 16 0.079540
26 17 0.079540
26 18 0.079540
26 19 0.079540
26 20 0.079539
26 21 0.079539
26 22 0.079539
26 23 0.079539
26 24 0.079539
26 25 0.079538
26 26 0.079538
26 27 0.079537
26 28 0.079537
26 29 0.079537
26 30 0.079536
26 31 0.079535
26 32 0.079535
26 33 0.079534
26 34 0.079533
26 35 0.079533
26 36 0.079532
26 37 0.079531
26 38 0.079530
26 39 0.079529
26 40 0.079528
26 41 0.079527
26 42 0.079526
26 43 0.079525
26 44 0.079524
26 45 0.079523
26 46 0.079522
26 47 0.079520
26 48 0.079519
26 49 0.079518
26 50 0.079516
26 51 0.079515
26 52 0.079514
26 53 0.079512
26 54 0.079511
26 55 0.079509
26 56 0.079508
26 57 0.079507
26 58 0.079505
26 59 0.079504
26 60 0.079502
26 61 0.079501
26 62 0.079499
26 63 0.079498
26 64 0.079496
26 65 0.079495
26 66 0.079494
26 67 0.079492
26 68 0.079491
26 69 0.079489
26 70 0.079488
26 71 0.079487
26 72 0.079485
26 73 0.079484
26 74 0.079483
26 75 0.079482
26 76 0.079481
26 77 0.079480
26 78 0.079478
26 79 0.079477
26 80 0.079477
26 81 0.079476
26 82 0.079475
26 83 0.079474
26 84 0.079473
26 85 0.079473
26 86 0.079472
26 87 0.079472
26 88 0.079471
26 89 0.079471
26 90 0.079470
26 91 0.079470
26 92 0.079470
26 93 0.079470
26 94 0.079470
26 95 0.079470
26 96 0.079470
26 97 0.079470
26 98 0.079471
26 99 0.079470

27 0 0.079534
27 1 0.079536
27 2 0.079535
27 3 0.079536
27 4 0.079536
27 5 0.079537
27 6 0.079537
27 7 0.079537
27 8 0.079538
27 9 0.079538
27 10 0.079538
27 11 0.079538
27 12 0.079538
27 13 0.079538
27 14 0.079538
27 15 0.079538
27 16 0.079538
27 17 0.079538
27 18 0.079538
27 19 0.079538
27 20 0.079538
27 21 0.079538
27 22 0.079537
27 23 0.079537
27 24 0.079537
27 25 0.079536
27 26 0.079536
27 27 0.079536
27 28 0.079535
27 29 0.079535
27 30 0.079534
27 31 0.079534
27 32 0.079533
27 33 0.079532
27 34 0.079532
27 35 0.079531
27 36 0.079530
27 37 0.079529
27 38 0.079528
27 39 0.079527
27 40 0.079526
27 41 0.079525
27 42 0.079524
27 43 0.079523
27 44 0.079522
27 45 0.079521
27 46 0.079520
27 47 0.079518
27 48 0.079517
27 49 0.079516
27 50 0.079515
27 51 0.079513
27 52 0.079512
27 53 0.079510
27 54 0.079509
27 55 0.079508
27 56 0.079506
27 57 0.079505
27 58 0.079503
27 59 0.079502
27 60 0.079500
27 61 0.079499
27 62 0.079497
27 63 0.079496
27 64 0.079495
27 65 0.079493
27 66 0.079492
27 67 0.079490
27 68 0.079489
27 69 0.079488
27 70 0.079486
27 71 0.079485
27 72 0.079484
27 73 0.079482
27 74 0.079481
27 75 0.079480
27 76 0.079479
27 77 0.079478
27 78 0.079477
27 79 0.079476
27 80 0.079475
27 81 0.079474
27 82 0.079473
27 83 0.079472
27 84 0.079472
27 85 0.079471
27 86 0.079470
27 87 0.079470
27 88 0.079469
27 89 0.079469
27 90 0.079469
27 91 0.079468
27 92 0.079468
27 93 0.079468
27 94 0.079468
27 95 0.079468
27 96 0.079468
27 97 0.079468
27 98 0.079469
27 99 0.079468

28 0 0.079533
28 1 0.079534
28 2 0.079534
28 3 0.079535
28 4 0.079535
28 5 0.079535
28 6 0.079535
28 7 0.079536
28 8 0.079536
28 9 0.079536
28 10 0.079536
28 11 0.079536
28 12 0.079537
28 13 0.079537
28 14 0.079537
28 15 0.079537
28 16 0.079537
28 17 0.079536
28 18 0.079536
28 19 0.079536
28 20 0.079536
28 21 0.079536
28 22 0.079536
28 23 0.079535
28 24 0.079535
28 25 0.079535
28 26 0.079534
28 27 0.079534
28 28 0.079533
28 29 0.079533
28 30 0.079532
28 31 0.079532
28 32 0.079531
28 33 0.079531
28 34 0.079530
28 35 0.079529
28 36 0.079528
28 37 0.079527
28 38 0.079527
28 39 0.079526
28 40 0.079525
28 41 0.079524
28 42 0.079523
28 43 0.079521
28 44 0.079520
28 45 0.079519
28 46 0.079518
28 47 0.079517
28 48 0.079515
28 49 0.079514
28 50 0.079513
28 51 0.079511
28 52 0.079510
28 53 0.079509
28 54 0.079507
28 55 0.079506
28 56 0.079504
28 57 0.079503
28 58 0.079501
28 59 0.079500
28 60 0.079498
28 61 0.079497
28 62 0.079496
28 63 0.079494
28 64 0.079493
28 65 0.079491
28 66 0.079490
28 67 0.079488
28 68 0.079487
28 69 0.079486
28 70 0.079484
28 71 0.079483
28 72 0.079482
28 73 0.079480
28 74 0.079479
28 75 0.079478
28 76 0.079477
28 77 0.079476
28 78 0.079475
28 79 0.079474
28 80 0.079473
28 81 0.079472
28 82 0.079471
28 83 0.079470
28 84 0.079470
28 85 0.079469
28 86 0.079468
28 87 0.079468
28 88 0.079467
28 89 0.079467
28 90 0.079467
28 91 0.079466
28 92 0.079466
28 93 0.079466
28 94 0.079466
28 95 0.079466
28 96 0.079466
28 97 0.079466
28 98 0.079467
28 99 0.079466

29 0 0.079532
29 1 0.079533
29 2 0.079532
29 3 0.079533
29 4 0.079533
29 5 0.079534
29 6 0.079534
29 7 0.079534
29 8 0.079534
29 9 0.079535
29 10 0.079535
29 11 0.079535
29 12 0.079535
29 13 0.079535
29 14 0.079535
29 15 0.079535
29 16 0.079535
29 17 0.079535
29 18 0.079535
29 19 0.079535
29 20 0.079534
29 21 0.079534
29 22 0.079534
29 23 0.079534
29 24 0.079533
29 25 0.079533
29 26 0.079533
29 27 0.079532
29 28 0.079532
29 29 0.079531
29 30 0.079531
29 31 0.079530
29 32 0.079529
29 33 0.079529
29 34 0.079528
29 35 0.079527
29 36 0.079526
29 37 0.079525
29 38 0.079525
29 39 0.079524
29 40 0.079523
29 41 0.079522
29 42 0.079520
29 43 0.079519
29 44 0.079518
29 45 0.079517
29 46 0.079516
29 47 0.079514
29 48 0.079513
29 49 0.079512
29 50 0.079511
29 51 0.079509
29 52 0.079508
29 53 0.079506
29 54 0.079505
29 55 0.079504
29 56 0.079502
29 57 0.079501
29 58 0.079499
29 59 0.079498
29 60 0.079496
29 61 0.079495
29 62 0.079493
29 63 0.079492
29 64 0.079491
29 65 0.079489
29 66 0.079488
29 67 0.079486
29 68 0.079485
29 69 0.079483
29 70 0.079482
29 71 0.079481
29 72 0.079479
29 73 0.079478
29 74 0.079477
29 75 0.079476
29 76 0.079475
29 77 0.079474
29 78 0.079473
29 79 0.079472
29 80 0.079471
29 81 0.079470
29 82 0.079469
29 83 0.079468
29 84 0.079467
29 85 0.079467
29 86 0.079466
29 87 0.079466
29 88 0.079465
29 89 0.079465
29 90 0.079465
29 91 0.079464
29 92 0.079464
29 93 0.079464
29 94 0.079464
29 95 0.079464
29 96 0.079464
29 97 0.079464
29 98 0.079465
29 99 0.079465

30 0 0.079530
30 1 0.079531
30 2 0.079531
30 3 0.079531
30 4 0.079531
30 5 0.079532
30 6 0.079532
30 7 0.079532
30 8 0.079533
30 9 0.079533
30 10 0.079533
30 11 0.079533
30 12 0.079533
30 13 0.079533
30 14 0.079533
30 15 0.079533
30 16 0.079533
30 17 0.079533
30 18 0.079533
30 19 0.079533
30 20 0.079532
30 21 0.079532
30 22 0.079532
30 23 0.079532
30 24 0.079531
30 25 0.079531
30 26 0.079531
30 27 0.079530
30 28 0.079530
30 29 0.079529
30 30 0.079529
30 31 0.079528
30 32 0.079527
30 33 0.079527
30 34 0.079526
30 35 0.079525
30 36 0.079524
30 37 0.079523
30 38 0.079522
30 39 0.079522
30 40 0.079521
30 41 0.079519
30 42 0.079518
30 43 0.079518
30 44 0.079516
30 45 0.079515
30 46 0.079514
30 47 0.079513
30 48 0.079511
30 49 0.079510
30 50 0.079509
30 51 0.079507
30 52 0.079506
30 53 0.079505
30 54 0.079503
30 55 0.079502
30 56 0.079500
30 57 0.079499
30 58 0.079497
30 59 0.079496
30 60 0.079494
30 61 0.079493
30 62 0.079491
30 63 0.079490
30 64 0.079489
30 65 0.079487
30 66 0.079486
30 67 0.079484
30 68 0.079483
30 69 0.079481
30 70 0.079480
30 71 0.079479
30 72 0.079478
30 73 0.079476
30 74 0.079475
30 75 0.079474
30 76 0.079473
30 77 0.079472
30 78 0.079471
30 79 0.079470
30 80 0.079469
30 81 0.079468
30 82 0.079467
30 83 0.079466
30 84 0.079465
30 85 0.079465
30 86 0.079464
30 87 0.079464
30 88 0.079463
30 89 0.079463
30 90 0.079462
30 91 0.079462
30 92 0.079462
30 93 0.079462
30 94 0.079462
30 95 0.079462
30 96 0.079462
30 97 0.079462
30 98 0.079463
30 99 0.079463

31 0 0.079529
31 1 0.079529
31 2 0.079529
31 3 0.079530
31 4 0.079530
31 5 0.079530
31 6 0.079530
31 7 0.079531
31 8 0.079531
31 9 0.079531
31 10 0.079531
31 11 0.079531
31 12 0.079531
31 13 0.079531
31 14 0.079531
31 15 0.079531
31 16 0.079531
31 17 0.079531
31 18 0.079531
31 19 0.079531
31 20 0.079531
31 21 0.079530
31 22 0.079530
31 23 0.079530
31 24 0.079530
31 25 0.079529
31 26 0.079529
31 27 0.079528
31 28 0.079528
31 29 0.079527
31 30 0.079527
31 31 0.079526
31 32 0.079526
31 33 0.079525
31 34 0.079524
31 35 0.079523
31 36 0.079522
31 37 0.079522
31 38 0.079521
31 39 0.079520
31 40 0.079519
31 41 0.079518
31 42 0.079516
31 43 0.079515
31 44 0.079514
31 45 0.079513
31 46 0.079512
31 47 0.079510
31 48 0.079509
31 49 0.079508
31 50 0.079506
31 51 0.079505
31 52 0.079504
31 53 0.079502
31 54 0.079501
31 55 0.079499
31 56 0.079498
31 57 0.079497
31 58 0.079495
31 59 0.079494
31 60 0.079492
31 61 0.079491
31 62 0.079489
31 63 0.079488
31 64 0.079486
31 65 0.079485
31 66 0.079483
31 67 0.079482
31 68 0.079481
31 69 0.079479
31 70 0.079478
31 71 0.079477
31 72 0.079475
31 73 0.079474
31 74 0.079473
31 75 0.079472
31 76 0.079470
31 77 0.079469
31 78 0.079468
31 79 0.079467
31 80 0.079466
31 81 0.079466
31 82 0.079465
31 83 0.079464
31 84 0.079463
31 85 0.079463
31 86 0.079462
31 87 0.079461
31 88 0.079461
31 89 0.079461
31 90 0.079460
31 91 0.079460
31 92 0.079460
31 93 0.079460
31 94 0.079460
31 95 0.079460
31 96 0.079460
31 97 0.079460
31 98 0.079460
31 99 0.079461

32 0 0.079527
32 1 0.079527
32 2 0.079527
32 3 0.079528
32 4 0.079528
32 5 0.079528
32 6 0.079529
32 7 0.079529
32 8 0.079529
32 9 0.079529
32 10 0.079529
32 11 0.079529
32 12 0.079529
32 13 0.079529
32 14 0.079529
32 15 0.079529
32 16 0.079529
32 17 0.079529
32 18 0.079529
32 19 0.079529
32 20 0.079529
32 21 0.079528
32 22 0.079528
32 23 0.079528
32 24 0.079527
32 25 0.079527
32 26 0.079527
32 27 0.079526
32 28 0.079526
32 29 0.079525
32 30 0.079525
32 31 0.079524
32 32 0.079523
32 33 0.079523
32 34 0.079522
32 35 0.079521
32 36 0.079520
32 37 0.079519
32 38 0.079518
32 39 0.079517
32 40 0.079516
32 41 0.079515
32 42 0.079514
32 43 0.079513
32 44 0.079512
32 45 0.079511
32 46 0.079510
32 47 0.079508
32 48 0.079507
32 49 0.079506
32 50 0.079504
32 51 0.079503
32 52 0.079502
32 53 0.079500
32 54 0.079499
32 55 0.079497
32 56 0.079496
32 57 0.079494
32 58 0.079493
32 59 0.079491
32 60 0.079490
32 61 0.079489
32 62 0.079487
32 63 0.079486
32 64 0.079484
32 65 0.079483
32 66 0.079481
32 67 0.079480
32 68 0.079478
32 69 0.079477
32 70 0.079476
32 71 0.079474
32 72 0.079473
32 73 0.079472
32 74 0.079471
32 75 0.079469
32 76 0.079468
32 77 0.079467
32 78 0.079466
32 79 0.079465
32 80 0.079464
32 81 0.079463
32 82 0.079462
32 83 0.079462
32 84 0.079461
32 85 0.079460
32 86 0.079460
32 87 0.079459
32 88 0.079459
32 89 0.079458
32 90 0.079458
32 91 0.079458
32 92 0.079458
32 93 0.079457
32 94 0.079457
32 95 0.079457
32 96 0.079458
32 97 0.079458
32 98 0.079458
32 99 0.079458

33 0 0.079525
33 1 0.079526
33 2 0.079526
33 3 0.079526
33 4 0.079526
33 5 0.079527
33 6 0.079527
33 7 0.079527
33 8 0.079527
33 9 0.079527
33 10 0.079527
33 11 0.079527
33 12 0.079527
33 13 0.079527
33 14 0.079527
33 15 0.079527
33 16 0.079527
33 17 0.079527
33 18 0.079527
33 19 0.079527
33 20 0.079527
33 21 0.079526
33 22 0.079526
33 23 0.079526
33 24 0.079525
33 25 0.079525
33 26 0.079525
33 27 0.079524
33 28 0.079524
33 29 0.079523
33 30 0.079522
33 31 0.079522
33 32 0.079521
33 33 0.079521
33 34 0.079520
33 35 0.079519
33 36 0.079518
33 37 0.079517
33 38 0.079516
33 39 0.079515
33 40 0.079514
33 41 0.079513
33 42 0.079512
33 43 0.079511
33 44 0.079510
33 45 0.079509
33 46 0.079507
33 47 0.079506
33 48 0.079505
33 49 0.079503
33 50 0.079502
33 51 0.079501
33 52 0.079499
33 53 0.079498
33 54 0.079496
33 55 0.079495
33 56 0.079494
33 57 0.079492
33 58 0.079491
33 59 0.079489
33 60 0.079488
33 61 0.079486
33 62 0.079485
33 63 0.079483
33 64 0.079482
33 65 0.079480
33 66 0.079479
33 67 0.079477
33 68 0.079476
33 69 0.079475
33 70 0.079473
33 71 0.079472
33 72 0.079471
33 73 0.079469
33 74 0.079468
33 75 0.079467
33 76 0.079466
33 77 0.079465
33 78 0.079464
33 79 0.079463
33 80 0.079462
33 81 0.079461
33 82 0.079460
33 83 0.079459
33 84 0.079459
33 85 0.079458
33 86 0.079457
33 87 0.079457
33 88 0.079456
33 89 0.079456
33 90 0.079456
33 91 0.079455
33 92 0.079455
33 93 0.079455
33 94 0.079455
33 95 0.079455
33 96 0.079455
33 97 0.079456
33 98 0.079456
33 99 0.079456

34 0 0.079524
34 1 0.079524
34 2 0.079524
34 3 0.079524
34 4 0.079524
34 5 0.079525
34 6 0.079525
34 7 0.079525
34 8 0.079525
34 9 0.079525
34 10 0.079525
34 11 0.079525
34 12 0.079525
34 13 0.079525
34 14 0.079525
34 15 0.079525
34 16 0.079525
34 17 0.079525
34 18 0.079525
34 19 0.079525
34 20 0.079525
34 21 0.079524
34 22 0.079524
34 23 0.079524
34 24 0.079523
34 25 0.079523
34 26 0.079522
34 27 0.079522
34 28 0.079521
34 29 0.079521
34 30 0.079520
34 31 0.079520
34 32 0.079519
34 33 0.079518
34 34 0.079517
34 35 0.079517
34 36 0.079516
34 37 0.079515
34 38 0.079514
34 39 0.079513
34 40 0.079512
34 41 0.079511
34 42 0.079510
34 43 0.079509
34 44 0.079507
34 45 0.079506
34 46 0.079505
34 47 0.079504
34 48 0.079502
34 49 0.079501
34 50 0.079500
34 51 0.079498
34 52 0.079497
34 53 0.079495
34 54 0.079494
34 55 0.079493
34 56 0.079491
34 57 0.079490
34 58 0.079488
34 59 0.079487
34 60 0.079485
34 61 0.079484
34 62 0.079482
34 63 0.079481
34 64 0.079479
34 65 0.079478
34 66 0.079476
34 67 0.079475
34 68 0.079474
34 69 0.079472
34 70 0.079471
34 71 0.079470
34 72 0.079468
34 73 0.079467
34 74 0.079466
34 75 0.079465
34 76 0.079463
34 77 0.079462
34 78 0.079461
34 79 0.079460
34 80 0.079459
34 81 0.079459
34 82 0.079458
34 83 0.079457
34 84 0.079456
34 85 0.079456
34 86 0.079455
34 87 0.079454
34 88 0.079454
34 89 0.079454
34 90 0.079453
34 91 0.079453
34 92 0.079453
34 93 0.079453
34 94 0.079453
34 95 0.079453
34 96 0.079453
34 97 0.079453
34 98 0.079453
34 99 0.079454

35 0 0.079522
35 1 0.079522
35 2 0.079522
35 3 0.079522
35 4 0.079522
35 5 0.079522
35 6 0.079523
35 7 0.079523
35 8 0.079523
35 9 0.079523
35 10 0.079523
35 11 0.079523
35 12 0.079523
35 13 0.079523
35 14 0.079523
35 15 0.079523
35 16 0.079523
35 17 0.079523
35 18 0.079523
35 19 0.079522
35 20 0.079522
35 21 0.079522
35 22 0.079522
35 23 0.079521
35 24 0.079521
35 25 0.079521
35 26 0.079520
35 27 0.079520
35 28 0.079519
35 29 0.079519
35 30 0.079518
35 31 0.079517
35 32 0.079516
35 33 0.079516
35 34 0.079515
35 35 0.079514
35 36 0.079514
35 37 0.079513
35 38 0.079512
35 39 0.079511
35 40 0.079510
35 41 0.079509
35 42 0.079508
35 43 0.079506
35 44 0.079505
35 45 0.079504
35 46 0.079503
35 47 0.079501
35 48 0.079500
35 49 0.079499
35 50 0.079497
35 51 0.079496
35 52 0.079495
35 53 0.079493
35 54 0.079492
35 55 0.079490
35 56 0.079489
35 57 0.079487
35 58 0.079486
35 59 0.079484
35 60 0.079483
35 61 0.079481
35 62 0.079480
35 63 0.079478
35 64 0.079477
35 65 0.079476
35 66 0.079474
35 67 0.079473
35 68 0.079471
35 69 0.079470
35 70 0.079469
35 71 0.079467
35 72 0.079466
35 73 0.079465
35 74 0.079463
35 75 0.079462
35 76 0.079461
35 77 0.079460
35 78 0.079459
35 79 0.079458
35 80 0.079457
35 81 0.079456
35 82 0.079455
35 83 0.079455
35 84 0.079454
35 85 0.079453
35 86 0.079453
35 87 0.079452
35 88 0.079452
35 89 0.079451
35 90 0.079451
35 91 0.079451
35 92 0.079450
35 93 0.079450
35 94 0.079450
35 95 0.079450
35 96 0.079451
35 97 0.079451
35 98 0.079451
35 99 0.079452

36 0 0.079520
36 1 0.079520
36 2 0.079520
36 3 0.079520
36 4 0.079520
36 5 0.079520
36 6 0.079521
36 7 0.079521
36 8 0.079521
36 9 0.079521
36 10 0.079521
36 11 0.079521
36 12 0.079521
36 13 0.079521
36 14 0.079521
36 15 0.079521
36 16 0.079521
36 17 0.079521
36 18 0.079521
36 19 0.079520
36 20 0.079520
36 21 0.079520
36 22 0.079520
36 23 0.079519
36 24 0.079519
36 25 0.079518
36 26 0.079518
36 27 0.079518
36 28 0.079517
36 29 0.079516
36 30 0.079516
36 31 0.079515
36 32 0.079514
36 33 0.079514
36 34 0.079513
36 35 0.079512
36 36 0.079511
36 37 0.079510
36 38 0.079509
36 39 0.079508
36 40 0.079507
36 41 0.079506
36 42 0.079505
36 43 0.079504
36 44 0.079503
36 45 0.079501
36 46 0.079500
36 47 0.079499
36 48 0.079498
36 49 0.079496
36 50 0.079495
36 51 0.079493
36 52 0.079492
36 53 0.079491
36 54 0.079489
36 55 0.079488
36 56 0.079486
36 57 0.079485
36 58 0.079483
36 59 0.079482
36 60 0.079480
36 61 0.079479
36 62 0.079477
36 63 0.079476
36 64 0.079474
36 65 0.079473
36 66 0.079472
36 67 0.079470
36 68 0.079469
36 69 0.079467
36 70 0.079466
36 71 0.079465
36 72 0.079463
36 73 0.079462
36 74 0.079461
36 75 0.079460
36 76 0.079459
36 77 0.079457
36 78 0.079456
36 79 0.079455
36 80 0.079455
36 81 0.079454
36 82 0.079453
36 83 0.079452
36 84 0.079451
36 85 0.079451
36 86 0.079450
36 87 0.079450
36 88 0.079449
36 89 0.079449
36 90 0.079448
36 91 0.079448
36 92 0.079448
36 93 0.079448
36 94 0.079448
36 95 0.079448
36 96 0.079448
36 97 0.079448
36 98 0.079449
36 99 0.079449

37 0 0.079518
37 1 0.079517
37 2 0.079518
37 3 0.079518
37 4 0.079518
37 5 0.079518
37 6 0.079518
37 7 0.079518
37 8 0.079519
37 9 0.079519
37 10 0.079519
37 11 0.079519
37 12 0.079519
37 13 0.079519
37 14 0.079519
37 15 0.079519
37 16 0.079519
37 17 0.079518
37 18 0.079518
37 19 0.079518
37 20 0.079518
37 21 0.079517
37 22 0.079517
37 23 0.079517
37 24 0.079516
37 25 0.079516
37 26 0.079516
37 27 0.079515
37 28 0.079515
37 29 0.079514
37 30 0.079513
37 31 0.079513
37 32 0.079512
37 33 0.079511
37 34 0.079510
37 35 0.079510
37 36 0.079509
37 37 0.079508
37 38 0.079507
37 39 0.079506
37 40 0.079505
37 41 0.079504
37 42 0.079502
37 43 0.079501
37 44 0.079500
37 45 0.079499
37 46 0.079498
37 47 0.079496
37 48 0.079495
37 49 0.079494
37 50 0.079492
37 51 0.079491
37 52 0.079489
37 53 0.079488
37 54 0.079487
37 55 0.079485
37 56 0.079484
37 57 0.079482
37 58 0.079481
37 59 0.079479
37 60 0.079478
37 61 0.079476
37 62 0.079475
37 63 0.079473
37 64 0.079472
37 65 0.079470
37 66 0.079469
37 67 0.079468
37 68 0.079466
37 69 0.079465
37 70 0.079463
37 71 0.079462
37 72 0.079461
37 73 0.079460
37 74 0.079458
37 75 0.079457
37 76 0.079456
37 77 0.079455
37 78 0.079454
37 79 0.079453
37 80 0.079452
37 81 0.079451
37 82 0.079450
37 83 0.079449
37 84 0.079449
37 85 0.079448
37 86 0.079448
37 87 0.079447
37 88 0.079447
37 89 0.079446
37 90 0.079446
37 91 0.079446
37 92 0.079445
37 93 0.079445
37 94 0.079445
37 95 0.079445
37 96 0.079446
37 97 0.079446
37 98 0.079446
37 99 0.079447

38 0 0.079516
38 1 0.079515
38 2 0.079515
38 3 0.079516
38 4 0.079516
38 5 0.079516
38 6 0.079516
38 7 0.079516
38 8 0.079516
38 9 0.079516
38 10 0.079516
38 11 0.079516
38 12 0.079517
38 13 0.079516
38 14 0.079516
38 15 0.079516
38 16 0.079516
38 17 0.079516
38 18 0.079516
38 19 0.079516
38 20 0.079515
38 21 0.079515
38 22 0.079515
38 23 0.079514
38 24 0.079514
38 25 0.079514
38 26 0.079513
38 27 0.079513
38 28 0.079512
38 29 0.079512
38 30 0.079511
38 31 0.079510
38 32 0.079509
38 33 0.079509
38 34 0.079508
38 35 0.079507
38 36 0.079506
38 37 0.079505
38 38 0.079504
38 39 0.079503
38 40 0.079502
38 41 0.079501
38 42 0.079500
38 43 0.079499
38 44 0.079498
38 45 0.079496
38 46 0.079495
38 47 0.079494
38 48 0.079492
38 49 0.079491
38 50 0.079490
38 51 0.079488
38 52 0.079487
38 53 0.079485
38 54 0.079484
38 55 0.079483
38 56 0.079481
38 57 0.079480
38 58 0.079478
38 59 0.079477
38 60 0.079475
38 61 0.079474
38 62 0.079472
38 63 0.079471
38 64 0.079469
38 65 0.079468
38 66 0.079466
38 67 0.079465
38 68 0.079464
38 69 0.079462
38 70 0.079461
38 71 0.079459
38 72 0.079458
38 73 0.079457
38 74 0.079456
38 75 0.079455
38 76 0.079453
38 77 0.079452
38 78 0.079451
38 79 0.079450
38 80 0.079449
38 81 0.079448
38 82 0.079448
38 83 0.079447
38 84 0.079446
38 85 0.079446
38 86 0.079445
38 87 0.079444
38 88 0.079444
38 89 0.079444
38 90 0.079443
38 91 0.079443
38 92 0.079443
38 93 0.079443
38 94 0.079443
38 95 0.079443
38 96 0.079443
38 97 0.079443
38 98 0.079443
38 99 0.079444

39 0 0.079513
39 1 0.079513
39 2 0.079513
39 3 0.079513
39 4 0.079513
39 5 0.079514
39 6 0.079514
39 7 0.079514
39 8 0.079514
39 9 0.079514
39 10 0.079514
39 11 0.079514
39 12 0.079514
39 13 0.079514
39 14 0.079514
39 15 0.079514
39 16 0.079514
39 17 0.079514
39 18 0.079514
39 19 0.079513
39 20 0.079513
39 21 0.079513
39 22 0.079512
39 23 0.079512
39 24 0.079512
39 25 0.079511
39 26 0.079511
39 27 0.079510
39 28 0.079510
39 29 0.079509
39 30 0.079508
39 31 0.079508
39 32 0.079507
39 33 0.079506
39 34 0.079505
39 35 0.079505
39 36 0.079504
39 37 0.079503
39 38 0.079502
39 39 0.079501
39 40 0.079500
39 41 0.079499
39 42 0.079497
39 43 0.079496
39 44 0.079495
39 45 0.079494
39 46 0.079493
39 47 0.079491
39 48 0.079490
39 49 0.079489
39 50 0.079487
39 51 0.079486
39 52 0.079484
39 53 0.079483
39 54 0.079481
39 55 0.079480
39 56 0.079479
39 57 0.079477
39 58 0.079476
39 59 0.079474
39 60 0.079473
39 61 0.079471
39 62 0.079470
39 63 0.079468
39 64 0.079467
39 65 0.079465
39 66 0.079464
39 67 0.079462
39 68 0.079461
39 69 0.079460
39 70 0.079458
39 71 0.079457
39 72 0.079456
39 73 0.079454
39 74 0.079453
39 75 0.079452
39 76 0.079451
39 77 0.079450
39 78 0.079449
39 79 0.079448
39 80 0.079447
39 81 0.079446
39 82 0.079445
39 83 0.079444
39 84 0.079444
39 85 0.079443
39 86 0.079442
39 87 0.079442
39 88 0.079441
39 89 0.079441
39 90 0.079441
39 91 0.079440
39 92 0.079440
39 93 0.079440
39 94 0.079440
39 95 0.079440
39 96 0.079440
39 97 0.079441
39 98 0.079441
39 99 0.079441

40 0 0.079511
40 1 0.079511
40 2 0.079511
40 3 0.079511
40 4 0.079511
40 5 0.079511
40 6 0.079511
40 7 0.079512
40 8 0.079512
40 9 0.079512
40 10 0.079512
40 11 0.079512
40 12 0.079512
40 13 0.079512
40 14 0.079512
40 15 0.079512
40 16 0.079511
40 17 0.079511
40 18 0.079511
40 19 0.079511
40 20 0.079511
40 21 0.079510
40 22 0.079510
40 23 0.079510
40 24 0.079509
40 25 0.079509
40 26 0.079508
40 27 0.079508
40 28 0.079507
40 29 0.079506
40 30 0.079506
40 31 0.079505
40 32 0.079504
40 33 0.079504
40 34 0.079503
40 35 0.079502
40 36 0.079501
40 37 0.079500
40 38 0.079499
40 39 0.079498
40 40 0.079497
40 41 0.079496
40 42 0.079495
40 43 0.079494
40 44 0.079492
40 45 0.079491
40 46 0.079490
40 47 0.079488
40 48 0.079487
40 49 0.079486
40 50 0.079484
40 51 0.079483
40 52 0.079482
40 53 0.079480
40 54 0.079479
40 55 0.079477
40 56 0.079476
40 57 0.079474
40 58 0.079473
40 59 0.079471
40 60 0.079470
40 61 0.079468
40 62 0.079467
40 63 0.079465
40 64 0.079464
40 65 0.079462
40 66 0.079461
40 67 0.079460
40 68 0.079458
40 69 0.079457
40 70 0.079455
40 71 0.079454
40 72 0.079453
40 73 0.079452
40 74 0.079450
40 75 0.079449
40 76 0.079448
40 77 0.079447
40 78 0.079446
40 79 0.079445
40 80 0.079444
40 81 0.079443
40 82 0.079442
40 83 0.079442
40 84 0.079441
40 85 0.079440
40 86 0.079440
40 87 0.079439
40 88 0.079439
40 89 0.079438
40 90 0.079438
40 91 0.079438
40 92 0.079437
40 93 0.079437
40 94 0.079437
40 95 0.079437
40 96 0.079438
40 97 0.079438
40 98 0.079438
40 99 0.079439

41 0 0.079509
41 1 0.079508
41 2 0.079508
41 3 0.079509
41 4 0.079509
41 5 0.079509
41 6 0.079509
41 7 0.079509
41 8 0.079509
41 9 0.079509
41 10 0.079509
41 11 0.079509
41 12 0.079509
41 13 0.079509
41 14 0.079509
41 15 0.079509
41 16 0.079509
41 17 0.079509
41 18 0.079509
41 19 0.079508
41 20 0.079508
41 21 0.079508
41 22 0.079507
41 23 0.079507
41 24 0.079507
41 25 0.079506
41 26 0.079506
41 27 0.079505
41 28 0.079505
41 29 0.079504
41 30 0.079503
41 31 0.079503
41 32 0.079502
41 33 0.079501
41 34 0.079500
41 35 0.079499
41 36 0.079498
41 37 0.079497
41 38 0.079496
41 39 0.079495
41 40 0.079494
41 41 0.079493
41 42 0.079492
41 43 0.079491
41 44 0.079490
41 45 0.079488
41 46 0.079487
41 47 0.079486
41 48 0.079484
41 49 0.079483
41 50 0.079482
41 51 0.079480
41 52 0.079479
41 53 0.079477
41 54 0.079476
41 55 0.079474
41 56 0.079473
41 57 0.079471
41 58 0.079470
41 59 0.079469
41 60 0.079467
41 61 0.079466
41 62 0.079464
41 63 0.079463
41 64 0.079461
41 65 0.079460
41 66 0.079458
41 67 0.079457
41 68 0.079455
41 69 0.079454
41 70 0.079453
41 71 0.079451
41 72 0.079450
41 73 0.079449
41 74 0.079448
41 75 0.079446
41 76 0.079445
41 77 0.079444
41 78 0.079443
41 79 0.079442
41 80 0.079441
41 81 0.079440
41 82 0.079440
41 83 0.079439
41 84 0.079438
41 85 0.079437
41 86 0.079437
41 87 0.079436
41 88 0.079436
41 89 0.079435
41 90 0.079435
41 91 0.079435
41 92 0.079435
41 93 0.079435
41 94 0.079435
41 95 0.079435
41 96 0.079435
41 97 0.079435
41 98 0.079435
41 99 0.079436

42 0 0.079506
42 1 0.079506
42 2 0.079506
42 3 0.079506
42 4 0.079506
42 5 0.079506
42 6 0.079506
42 7 0.079507
42 8 0.079507
42 9 0.079507
42 10 0.079507
42 11 0.079507
42 12 0.079507
42 13 0.079507
42 14 0.079507
42 15 0.079507
42 16 0.079506
42 17 0.079506
42 18 0.079506
42 19 0.079506
42 20 0.079505
42 21 0.079505
42 22 0.079505
42 23 0.079504
42 24 0.079504
42 25 0.079504
42 26 0.079503
42 27 0.079502
42 28 0.079502
42 29 0.079501
42 30 0.079501
42 31 0.079500
42 32 0.079499
42 33 0.079498
42 34 0.079497
42 35 0.079497
42 36 0.079496
42 37 0.079495
42 38 0.079494
42 39 0.079493
42 40 0.079492
42 41 0.079490
42 42 0.079489
42 43 0.079488
42 44 0.079487
42 45 0.079486
42 46 0.079484
42 47 0.079483
42 48 0.079482
42 49 0.079480
42 50 0.079479
42 51 0.079477
42 52 0.079476
42 53 0.079475
42 54 0.079473
42 55 0.079472
42 56 0.079470
42 57 0.079469
42 58 0.079467
42 59 0.079466
42 60 0.079464
42 61 0.079463
42 62 0.079461
42 63 0.079460
42 64 0.079458
42 65 0.079457
42 66 0.079455
42 67 0.079454
42 68 0.079453
42 69 0.079451
42 70 0.079450
42 71 0.079449
42 72 0.079447
42 73 0.079446
42 74 0.079445
42 75 0.079444
42 76 0.079442
42 77 0.079441
42 78 0.079440
42 79 0.079439
42 80 0.079438
42 81 0.079438
42 82 0.079437
42 83 0.079436
42 84 0.079435
42 85 0.079435
42 86 0.079434
42 87 0.079434
42 88 0.079433
42 89 0.079433
42 90 0.079432
42 91 0.079432
42 92 0.079432
42 93 0.079432
42 94 0.079432
42 95 0.079432
42 96 0.079432
42 97 0.079432
42 98 0.079432
42 99 0.079433

43 0 0.079504
43 1 0.079503
43 2 0.079503
43 3 0.079504
43 4 0.079504
43 5 0.079504
43 6 0.079504
43 7 0.079504
43 8 0.079504
43 9 0.079504
43 10 0.079504
43 11 0.079504
43 12 0.079504
43 13 0.079504
43 14 0.079504
43 15 0.079504
43 16 0.079504
43 17 0.079504
43 18 0.079504
43 19 0.079503
43 20 0.079503
43 21 0.079503
43 22 0.079502
43 23 0.079502
43 24 0.079501
43 25 0.079501
43 26 0.079500
43 27 0.079500
43 28 0.079499
43 29 0.079499
43 30 0.079498
43 31 0.079497
43 32 0.079497
43 33 0.079496
43 34 0.079495
43 35 0.079494
43 36 0.079493
43 37 0.079492
43 38 0.079491
43 39 0.079490
43 40 0.079489
43 41 0.079488
43 42 0.079487
43 43 0.079485
43 44 0.079484
43 45 0.079483
43 46 0.079482
43 47 0.079480
43 48 0.079479
43 49 0.079478
43 50 0.079476
43 51 0.079475
43 52 0.079473
43 53 0.079472
43 54 0.079470
43 55 0.079469
43 56 0.079467
43 57 0.079466
43 58 0.079464
43 59 0.079463
43 60 0.079461
43 61 0.079460
43 62 0.079458
43 63 0.079457
43 64 0.079456
43 65 0.079454
43 66 0.079453
43 67 0.079451
43 68 0.079450
43 69 0.079448
43 70 0.079447
43 71 0.079446
43 72 0.079444
43 73 0.079443
43 74 0.079442
43 75 0.079441
43 76 0.079440
43 77 0.079439
43 78 0.079438
43 79 0.079437
43 80 0.079436
43 81 0.079435
43 82 0.079434
43 83 0.079433
43 84 0.079433
43 85 0.079432
43 86 0.079431
43 87 0.079431
43 88 0.079430
43 89 0.079430
43 90 0.079430
43 91 0.079429
43 92 0.079429
43 93 0.079429
43 94 0.079429
43 95 0.079429
43 96 0.079429
43 97 0.079430
43 98 0.079430
43 99 0.079430

44 0 0.079501
44 1 0.079501
44 2 0.079501
44 3 0.079501
44 4 0.079501
44 5 0.079501
44 6 0.079501
44 7 0.079502
44 8 0.079502
44 9 0.079502
44 10 0.079502
44 11 0.079502
44 12 0.079502
44 13 0.079502
44 14 0.079502
44 15 0.079501
44 16 0.079501
44 17 0.079501
44 18 0.079501
44 19 0.079501
44 20 0.079500
44 21 0.079500
44 22 0.079500
44 23 0.079499
44 24 0.079499
44 25 0.079498
44 26 0.079498
44 27 0.079497
44 28 0.079496
44 29 0.079496
44 30 0.079495
44 31 0.079494
44 32 0.079494
44 33 0.079493
44 34 0.079492
44 35 0.079491
44 36 0.079490
44 37 0.079489
44 38 0.079488
44 39 0.079487
44 40 0.079486
44 41 0.079485
44 42 0.079484
44 43 0.079482
44 44 0.079481
44 45 0.079480
44 46 0.079479
44 47 0.079477
44 48 0.079476
44 49 0.079475
44 50 0.079473
44 51 0.079472
44 52 0.079470
44 53 0.079469
44 54 0.079467
44 55 0.079466
44 56 0.079464
44 57 0.079463
44 58 0.079461
44 59 0.079460
44 60 0.079459
44 61 0.079457
44 62 0.079456
44 63 0.079454
44 64 0.079453
44 65 0.079451
44 66 0.079450
44 67 0.079448
44 68 0.079447
44 69 0.079445
44 70 0.079444
44 71 0.079443
44 72 0.079442
44 73 0.079440
44 74 0.079439
44 75 0.079438
44 76 0.079437
44 77 0.079436
44 78 0.079435
44 79 0.079434
44 80 0.079433
44 81 0.079432
44 82 0.079431
44 83 0.079430
44 84 0.079430
44 85 0.079429
44 86 0.079428
44 87 0.079428
44 88 0.079427
44 89 0.079427
44 90 0.079427
44 91 0.079426
44 92 0.079426
44 93 0.079426
44 94 0.079426
44 95 0.079426
44 96 0.079427
44 97 0.079427
44 98 0.079427
44 99 0.079428

45 0 0.079498
45 1 0.079498
45 2 0.079498
45 3 0.079498
45 4 0.079499
45 5 0.079499
45 6 0.079499
45 7 0.079499
45 8 0.079499
45 9 0.079499
45 10 0.079499
45 11 0.079499
45 12 0.079499
45 13 0.079499
45 14 0.079499
45 15 0.079499
45 16 0.079499
45 17 0.079499
45 18 0.079498
45 19 0.079498
45 20 0.079498
45 21 0.079497
45 22 0.079497
45 23 0.079497
45 24 0.079496
45 25 0.079496
45 26 0.079495
45 27 0.079495
45 28 0.079494
45 29 0.079493
45 30 0.079493
45 31 0.079492
45 32 0.079491
45 33 0.079490
45 34 0.079489
45 35 0.079489
45 36 0.079488
45 37 0.079487
45 38 0.079486
45 39 0.079484
45 40 0.079483
45 41 0.079482
45 42 0.079481
45 43 0.079480
45 44 0.079479
45 45 0.079477
45 46 0.079476
45 47 0.079475
45 48 0.079473
45 49 0.079472
45 50 0.079471
45 51 0.079469
45 52 0.079468
45 53 0.079466
45 54 0.079465
45 55 0.079463
45 56 0.079462
45 57 0.079460
45 58 0.079459
45 59 0.079457
45 60 0.079456
45 61 0.079454
45 62 0.079453
45 63 0.079451
45 64 0.079450
45 65 0.079448
45 66 0.079447
45 67 0.079445
45 68 0.079444
45 69 0.079443
45 70 0.079441
45 71 0.079440
45 72 0.079439
45 73 0.079437
45 74 0.079436
45 75 0.079435
45 76 0.079434
45 77 0.079433
45 78 0.079432
45 79 0.079431
45 80 0.079430
45 81 0.079429
45 82 0.079428
45 83 0.079428
45 84 0.079427
45 85 0.079426
45 86 0.079426
45 87 0.079425
45 88 0.079425
45 89 0.079424
45 90 0.079424
45 91 0.079424
45 92 0.079423
45 93 0.079423
45 94 0.079423
45 95 0.079423
45 96 0.079424
45 97 0.079424
45 98 0.079424
45 99 0.079425

46 0 0.079496
46 1 0.079495
46 2 0.079496
46 3 0.079496
46 4 0.079496
46 5 0.079496
46 6 0.079496
46 7 0.079496
46 8 0.079496
46 9 0.079497
46 10 0.079497
46 11 0.079497
46 12 0.079496
46 13 0.079496
46 14 0.079496
46 15 0.079496
46 16 0.079496
46 17 0.079496
46 18 0.079496
46 19 0.079495
46 20 0.079495
46 21 0.079495
46 22 0.079494
46 23 0.079494
46 24 0.079493
46 25 0.079493
46 26 0.079492
46 27 0.079492
46 28 0.079491
46 29 0.079490
46 30 0.079490
46 31 0.079489
46 32 0.079488
46 33 0.079487
46 34 0.079486
46 35 0.079486
46 36 0.079485
46 37 0.079484
46 38 0.079483
46 39 0.079482
46 40 0.079480
46 41 0.079479
46 42 0.079478
46 43 0.079477
46 44 0.079476
46 45 0.079474
46 46 0.079473
46 47 0.079472
46 48 0.079470
46 49 0.079469
46 50 0.079467
46 51 0.079466
46 52 0.079465
46 53 0.079463
46 54 0.079462
46 55 0.079460
46 56 0.079459
46 57 0.079457
46 58 0.079456
46 59 0.079454
46 60 0.079453
46 61 0.079451
46 62 0.079450
46 63 0.079448
46 64 0.079447
46 65 0.079445
46 66 0.079444
46 67 0.079442
46 68 0.079441
46 69 0.079440
46 70 0.079438
46 71 0.079437
46 72 0.079436
46 73 0.079435
46 74 0.079433
46 75 0.079432
46 76 0.079431
46 77 0.079430
46 78 0.079429
46 79 0.079428
46 80 0.079427
46 81 0.079426
46 82 0.079425
46 83 0.079425
46 84 0.079424
46 85 0.079423
46 86 0.079423
46 87 0.079422
46 88 0.079422
46 89 0.079421
46 90 0.079421
46 91 0.079421
46 92 0.079421
46 93 0.079420
46 94 0.079421
46 95 0.079421
46 96 0.079421
46 97 0.079421
46 98 0.079421
46 99 0.079422

47 0 0.079493
47 1 0.079493
47 2 0.079493
47 3 0.079493
47 4 0.079493
47 5 0.079493
47 6 0.079494
47 7 0.079494
47 8 0.079494
47 9 0.079494
47 10 0.079494
47 11 0.079494
47 12 0.079494
47 13 0.079494
47 14 0.079494
47 15 0.079493
47 16 0.079493
47 17 0.079493
47 18 0.079493
47 19 0.079493
47 20 0.079492
47 21 0.079492
47 22 0.079492
47 23 0.079491
47 24 0.079491
47 25 0.079490
47 26 0.079490
47 27 0.079489
47 28 0.079488
47 29 0.079488
47 30 0.079487
47 31 0.079486
47 32 0.079485
47 33 0.079485
47 34 0.079484
47 35 0.079483
47 36 0.079482
47 37 0.079481
47 38 0.079480
47 39 0.079479
47 40 0.079478
47 41 0.079476
47 42 0.079475
47 43 0.079474
47 44 0.079473
47 45 0.079472
47 46 0.079470
47 47 0.079469
47 48 0.079467
47 49 0.079466
47 50 0.079465
47 51 0.079463
47 52 0.079462
47 53 0.079460
47 54 0.079459
47 55 0.079457
47 56 0.079456
47 57 0.079454
47 58 0.079453
47 59 0.079451
47 60 0.079450
47 61 0.079448
47 62 0.079447
47 63 0.079445
47 64 0.079444
47 65 0.079442
47 66 0.079441
47 67 0.079440
47 68 0.079438
47 69 0.079437
47 70 0.079435
47 71 0.079434
47 72 0.079433
47 73 0.079432
47 74 0.079430
47 75 0.079429
47 76 0.079428
47 77 0.079427
47 78 0.079426
47 79 0.079425
47 80 0.079424
47 81 0.079423
47 82 0.079423
47 83 0.079422
47 84 0.079421
47 85 0.079420
47 86 0.079420
47 87 0.079419
47 88 0.079419
47 89 0.079418
47 90 0.079418
47 91 0.079418
47 92 0.079418
47 93 0.079418
47 94 0.079418
47 95 0.079418
47 96 0.079418
47 97 0.079418
47 98 0.079418
47 99 0.079419

48 0 0.079490
48 1 0.079490
48 2 0.079490
48 3 0.079490
48 4 0.079490
48 5 0.079491
48 6 0.079491
48 7 0.079491
48 8 0.079491
48 9 0.079491
48 10 0.079491
48 11 0.079491
48 12 0.079491
48 13 0.079491
48 14 0.079491
48 15 0.079491
48 16 0.079491
48 17 0.079490
48 18 0.079490
48 19 0.079490
48 20 0.079490
48 21 0.079489
48 22 0.079489
48 23 0.079488
48 24 0.079488
48 25 0.079487
48 26 0.079487
48 27 0.079486
48 28 0.079486
48 29 0.079485
48 30 0.079484
48 31 0.079483
48 32 0.079483
48 33 0.079482
48 34 0.079481
48 35 0.079480
48 36 0.079479
48 37 0.079478
48 38 0.079477
48 39 0.079476
48 40 0.079475
48 41 0.079474
48 42 0.079472
48 43 0.079471
48 44 0.079470
48 45 0.079469
48 46 0.079467
48 47 0.079466
48 48 0.079465
48 49 0.079463
48 50 0.079462
48 51 0.079460
48 52 0.079459
48 53 0.079457
48 54 0.079456
48 55 0.079454
48 56 0.079453
48 57 0.079451
48 58 0.079450
48 59 0.079448
48 60 0.079447
48 61 0.079445
48 62 0.079444
48 63 0.079442
48 64 0.079441
48 65 0.079439
48 66 0.079438
48 67 0.079437
48 68 0.079435
48 69 0.079434
48 70 0.079433
48 71 0.079431
48 72 0.079430
48 73 0.079429
48 74 0.079428
48 75 0.079426
48 76 0.079425
48 77 0.079424
48 78 0.079423
48 79 0.079422
48 80 0.079421
48 81 0.079420
48 82 0.079420
48 83 0.079419
48 84 0.079418
48 85 0.079418
48 86 0.079417
48 87 0.079416
48 88 0.079416
48 89 0.079416
48 90 0.079415
48 91 0.079415
48 92 0.079415
48 93 0.079415
48 94 0.079415
48 95 0.079415
48 96 0.079415
48 97 0.079415
48 98 0.079415
48 99 0.079416

49 0 0.079487
49 1 0.079487
49 2 0.079487
49 3 0.079488
49 4 0.079488
49 5 0.079488
49 6 0.079488
49 7 0.079488
49 8 0.079488
49 9 0.079488
49 10 0.079488
49 11 0.079488
49 12 0.079488
49 13 0.079488
49 14 0.079488
49 15 0.079488
49 16 0.079488
49 17 0.079488
49 18 0.079487
49 19 0.079487
49 20 0.079487
49 21 0.079486
49 22 0.079486
49 23 0.079486
49 24 0.079485
49 25 0.079485
49 26 0.079484
49 27 0.079483
49 28 0.079483
49 29 0.079482
49 30 0.079481
49 31 0.079481
49 32 0.079480
49 33 0.079479
49 34 0.079478
49 35 0.079477
49 36 0.079476
49 37 0.079475
49 38 0.079474
49 39 0.079473
49 40 0.079472
49 41 0.079471
49 42 0.079469
49 43 0.079468
49 44 0.079467
49 45 0.079466
49 46 0.079464
49 47 0.079463
49 48 0.079462
49 49 0.079460
49 50 0.079459
49 51 0.079457
49 52 0.079456
49 53 0.079454
49 54 0.079453
49 55 0.079451
49 56 0.079450
49 57 0.079448
49 58 0.079447
49 59 0.079445
49 60 0.079444
49 61 0.079442
49 62 0.079441
49 63 0.079439
49 64 0.079438
49 65 0.079437
49 66 0.079435
49 67 0.079434
49 68 0.079432
49 69 0.079431
49 70 0.079430
49 71 0.079428
49 72 0.079427
49 73 0.079426
49 74 0.079425
49 75 0.079423
49 76 0.079422
49 77 0.079421
49 78 0.079420
49 79 0.079419
49 80 0.079418
49 81 0.079418
49 82 0.079417
49 83 0.079416
49 84 0.079415
49 85 0.079415
49 86 0.079414
49 87 0.079414
49 88 0.079413
49 89 0.079413
49 90 0.079412
49 91 0.079412
49 92 0.079412
49 93 0.079412
49 94 0.079412
49 95 0.079412
49 96 0.079412
49 97 0.079412
49 98 0.079412
49 99 0.079413

50 0 0.079484
50 1 0.079484
50 2 0.079485
50 3 0.079485
50 4 0.079485
50 5 0.079485
50 6 0.079485
50 7 0.079486
50 8 0.079486
50 9 0.079486
50 10 0.079486
50 11 0.079486
50 12 0.079486
50 13 0.079486
50 14 0.079485
50 15 0.079485
50 16 0.079485
50 17 0.079485
50 18 0.079485
50 19 0.079484
50 20 0.079484
50 21 0.079484
50 22 0.079483
50 23 0.079483
50 24 0.079482
50 25 0.079482
50 26 0.079481
50 27 0.079481
50 28 0.079480
50 29 0.079479
50 30 0.079479
50 31 0.079478
50 32 0.079477
50 33 0.079476
50 34 0.079475
50 35 0.079474
50 36 0.079473
50 37 0.079472
50 38 0.079471
50 39 0.079470
50 40 0.079469
50 41 0.079468
50 42 0.079467
50 43 0.079465
50 44 0.079464
50 45 0.079463
50 46 0.079461
50 47 0.079460
50 48 0.079459
50 49 0.079457
50 50 0.079456
50 51 0.079454
50 52 0.079453
50 53 0.079451
50 54 0.079450
50 55 0.079448
50 56 0.079447
50 57 0.079445
50 58 0.079444
50 59 0.079442
50 60 0.079441
50 61 0.079439
50 62 0.079438
50 63 0.079436
50 64 0.079435
50 65 0.079434
50 66 0.079432
50 67 0.079431
50 68 0.079429
50 69 0.079428
50 70 0.079427
50 71 0.079425
50 72 0.079424
50 73 0.079423
50 74 0.079422
50 75 0.079420
50 76 0.079419
50 77 0.079418
50 78 0.079417
50 79 0.079416
50 80 0.079415
50 81 0.079415
50 82 0.079414
50 83 0.079413
50 84 0.079412
50 85 0.079412
50 86 0.079411
50 87 0.079411
50 88 0.079410
50 89 0.079410
50 90 0.079409
50 91 0.079409
50 92 0.079409
50 93 0.079409
50 94 0.079409
50 95 0.079409
50 96 0.079409
50 97 0.079409
50 98 0.079409
50 99 0.079409

51 0 0.079481
51 1 0.079482
51 2 0.079482
51 3 0.079482
51 4 0.079482
51 5 0.079482
51 6 0.079483
51 7 0.079483
51 8 0.079483
51 9 0.079483
51 10 0.079483
51 11 0.079483
51 12 0.079483
51 13 0.079483
51 14 0.079483
51 15 0.079483
51 16 0.079482
51 17 0.079482
51 18 0.079482
51 19 0.079482
51 20 0.079481
51 21 0.079481
51 22 0.079480
51 23 0.079480
51 24 0.079479
51 25 0.079479
51 26 0.079478
51 27 0.079478
51 28 0.079477
51 29 0.079476
51 30 0.079476
51 31 0.079475
51 32 0.079474
51 33 0.079473
51 34 0.079472
51 35 0.079471
51 36 0.079470
51 37 0.079469
51 38 0.079468
51 39 0.079467
51 40 0.079466
51 41 0.079465
51 42 0.079464
51 43 0.079462
51 44 0.079461
51 45 0.079460
51 46 0.079458
51 47 0.079457
51 48 0.079456
51 49 0.079454
51 50 0.079453
51 51 0.079451
51 52 0.079450
51 53 0.079448
51 54 0.079447
51 55 0.079445
51 56 0.079444
51 57 0.079442
51 58 0.079441
51 59 0.079439
51 60 0.079438
51 61 0.079436
51 62 0.079435
51 63 0.079433
51 64 0.079432
51 65 0.079431
51 66 0.079429
51 67 0.079428
51 68 0.079426
51 69 0.079425
51 70 0.079424
51 71 0.079422
51 72 0.079421
51 73 0.079420
51 74 0.079419
51 75 0.079417
51 76 0.079416
51 77 0.079415
51 78 0.079414
51 79 0.079413
51 80 0.079412
51 81 0.079412
51 82 0.079411
51 83 0.079410
51 84 0.079409
51 85 0.079409
51 86 0.079408
51 87 0.079408
51 88 0.079407
51 89 0.079407
51 90 0.079407
51 91 0.079406
51 92 0.079406
51 93 0.079406
51 94 0.079406
51 95 0.079406
51 96 0.079406
51 97 0.079406
51 98 0.079406
51 99 0.079406

52 0 0.079478
52 1 0.079479
52 2 0.079479
52 3 0.079479
52 4 0.079479
52 5 0.079480
52 6 0.079480
52 7 0.079480
52 8 0.079480
52 9 0.079480
52 10 0.079480
52 11 0.079480
52 12 0.079480
52 13 0.079480
52 14 0.079480
52 15 0.079480
52 16 0.079480
52 17 0.079479
52 18 0.079479
52 19 0.079479
52 20 0.079478
52 21 0.079478
52 22 0.079478
52 23 0.079477
52 24 0.079477
52 25 0.079476
52 26 0.079476
52 27 0.079475
52 28 0.079474
52 29 0.079474
52 30 0.079473
52 31 0.079472
52 32 0.079471
52 33 0.079470
52 34 0.079469
52 35 0.079468
52 36 0.079467
52 37 0.079466
52 38 0.079465
52 39 0.079464
52 40 0.079463
52 41 0.079462
52 42 0.079461
52 43 0.079459
52 44 0.079458
52 45 0.079457
52 46 0.079455
52 47 0.079454
52 48 0.079453
52 49 0.079451
52 50 0.079450
52 51 0.079448
52 52 0.079447
52 53 0.079445
52 54 0.079444
52 55 0.079442
52 56 0.079441
52 57 0.079439
52 58 0.079438
52 59 0.079436
52 60 0.079435
52 61 0.079433
52 62 0.079432
52 63 0.079430
52 64 0.079429
52 65 0.079428
52 66 0.079426
52 67 0.079425
52 68 0.079423
52 69 0.079422
52 70 0.079421
52 71 0.079419
52 72 0.079418
52 73 0.079417
52 74 0.079416
52 75 0.079415
52 76 0.079413
52 77 0.079412
52 78 0.079411
52 79 0.079410
52 80 0.079410
52 81 0.079409
52 82 0.079408
52 83 0.079407
52 84 0.079406
52 85 0.079406
52 86 0.079405
52 87 0.079405
52 88 0.079404
52 89 0.079404
52 90 0.079404
52 91 0.079403
52 92 0.079403
52 93 0.079403
52 94 0.079403
52 95 0.079403
52 96 0.079403
52 97 0.079403
52 98 0.079404
52 99 0.079403

53 0 0.079475
53 1 0.079476
53 2 0.079476
53 3 0.079476
53 4 0.079477
53 5 0.079477
53 6 0.079477
53 7 0.079477
53 8 0.079477
53 9 0.079477
53 10 0.079477
53 11 0.079477
53 12 0.079477
53 13 0.079477
53 14 0.079477
53 15 0.079477
53 16 0.079477
53 17 0.079477
53 18 0.079476
53 19 0.079476
53 20 0.079476
53 21 0.079475
53 22 0.079475
53 23 0.079474
53 24 0.079474
53 25 0.079473
53 26 0.079473
53 27 0.079472
53 28 0.079471
53 29 0.079471
53 30 0.079470
53 31 0.079469
53 32 0.079468
53 33 0.079467
53 34 0.079467
53 35 0.079466
53 36 0.079465
53 37 0.079463
53 38 0.079462
53 39 0.079461
53 40 0.079460
53 41 0.079459
53 42 0.079458
53 43 0.079456
53 44 0.079455
53 45 0.079454
53 46 0.079452
53 47 0.079451
53 48 0.079450
53 49 0.079448
53 50 0.079447
53 51 0.079445
53 52 0.079444
53 53 0.079442
53 54 0.079441
53 55 0.079439
53 56 0.079438
53 57 0.079436
53 58 0.079435
53 59 0.079433
53 60 0.079432
53 61 0.079430
53 62 0.079429
53 63 0.079427
53 64 0.079426
53 65 0.079425
53 66 0.079423
53 67 0.079422
53 68 0.079420
53 69 0.079419
53 70 0.079418
53 71 0.079416
53 72 0.079415
53 73 0.079414
53 74 0.079413
53 75 0.079412
53 76 0.079410
53 77 0.079409
53 78 0.079408
53 79 0.079407
53 80 0.079407
53 81 0.079406
53 82 0.079405
53 83 0.079404
53 84 0.079404
53 85 0.079403
53 86 0.079402
53 87 0.079402
53 88 0.079401
53 89 0.079401
53 90 0.079401
53 91 0.079401
53 92 0.079400
53 93 0.079400
53 94 0.079400
53 95 0.079400
53 96 0.079400
53 97 0.079400
53 98 0.079401
53 99 0.079400

54 0 0.079472
54 1 0.079473
54 2 0.079473
54 3 0.079474
54 4 0.079474
54 5 0.079474
54 6 0.079474
54 7 0.079474
54 8 0.079475
54 9 0.079475
54 10 0.079475
54 11 0.079475
54 12 0.079475
54 13 0.079475
54 14 0.079474
54 15 0.079474
54 16 0.079474
54 17 0.079474
54 18 0.079474
54 19 0.079473
54 20 0.079473
54 21 0.079472
54 22 0.079472
54 23 0.079472
54 24 0.079471
54 25 0.079471
54 26 0.079470
54 27 0.079469
54 28 0.079469
54 29 0.079468
54 30 0.079467
54 31 0.079466
54 32 0.079465
54 33 0.079465
54 34 0.079464
54 35 0.079463
54 36 0.079462
54 37 0.079461
54 38 0.079459
54 39 0.079458
54 40 0.079457
54 41 0.079456
54 42 0.079455
54 43 0.079453
54 44 0.079452
54 45 0.079451
54 46 0.079450
54 47 0.079448
54 48 0.079447
54 49 0.079445
54 50 0.079444
54 51 0.079442
54 52 0.079441
54 53 0.079439
54 54 0.079438
54 55 0.079436
54 56 0.079435
54 57 0.079433
54 58 0.079432
54 59 0.079430
54 60 0.079429
54 61 0.079427
54 62 0.079426
54 63 0.079425
54 64 0.079423
54 65 0.079422
54 66 0.079420
54 67 0.079419
54 68 0.079417
54 69 0.079416
54 70 0.079415
54 71 0.079413
54 72 0.079412
54 73 0.079411
54 74 0.079410
54 75 0.079409
54 76 0.079408
54 77 0.079407
54 78 0.079406
54 79 0.079405
54 80 0.079404
54 81 0.079403
54 82 0.079402
54 83 0.079401
54 84 0.079401
54 85 0.079400
54 86 0.079400
54 87 0.079399
54 88 0.079399
54 89 0.079398
54 90 0.079398
54 91 0.079398
54 92 0.079397
54 93 0.079397
54 94 0.079397
54 95 0.079397
54 96 0.079397
54 97 0.079398
54 98 0.079398
54 99 0.079397

55 0 0.079469
55 1 0.079470
55 2 0.079470
55 3 0.079471
55 4 0.079471
55 5 0.079471
55 6 0.079472
55 7 0.079472
55 8 0.079472
55 9 0.079472
55 10 0.079472
55 11 0.079472
55 12 0.079472
55 13 0.079472
55 14 0.079472
55 15 0.079471
55 16 0.079471
55 17 0.079471
55 18 0.079471
55 19 0.079470
55 20 0.079470
55 21 0.079470
55 22 0.079469
55 23 0.079469
55 24 0.079468
55 25 0.079468
55 26 0.079467
55 27 0.079466
55 28 0.079466
55 29 0.079465
55 30 0.079464
55 31 0.079463
55 32 0.079463
55 33 0.079462
55 34 0.079461
55 35 0.079460
55 36 0.079459
55 37 0.079458
55 38 0.079457
55 39 0.079455
55 40 0.079454
55 41 0.079453
55 42 0.079452
55 43 0.079451
55 44 0.079449
55 45 0.079448
55 46 0.079447
55 47 0.079445
55 48 0.079444
55 49 0.079442
55 50 0.079441
55 51 0.079439
55 52 0.079438
55 53 0.079436
55 54 0.079435
55 55 0.079433
55 56 0.079432
55 57 0.079430
55 58 0.079429
55 59 0.079427
55 60 0.079426
55 61 0.079424
55 62 0.079423
55 63 0.079421
55 64 0.079420
55 65 0.079419
55 66 0.079417
55 67 0.079416
55 68 0.079414
55 69 0.079413
55 70 0.079412
55 71 0.079410
55 72 0.079409
55 73 0.079408
55 74 0.079407
55 75 0.079406
55 76 0.079405
55 77 0.079404
55 78 0.079403
55 79 0.079402
55 80 0.079401
55 81 0.079400
55 82 0.079399
55 83 0.079398
55 84 0.079398
55 85 0.079397
55 86 0.079397
55 87 0.079396
55 88 0.079396
55 89 0.079395
55 90 0.079395
55 91 0.079395
55 92 0.079395
55 93 0.079395
55 94 0.079395
55 95 0.079395
55 96 0.079395
55 97 0.079395
55 98 0.079395
55 99 0.079394

56 0 0.079466
56 1 0.079467
56 2 0.079468
56 3 0.079468
56 4 0.079468
56 5 0.079469
56 6 0.079469
56 7 0.079469
56 8 0.079469
56 9 0.079469
56 10 0.079469
56 11 0.079469
56 12 0.079469
56 13 0.079469
56 14 0.079469
56 15 0.079469
56 16 0.079469
56 17 0.079468
56 18 0.079468
56 19 0.079468
56 20 0.079467
56 21 0.079467
56 22 0.079466
56 23 0.079466
56 24 0.079465
56 25 0.079465
56 26 0.079464
56 27 0.079464
56 28 0.079463
56 29 0.079462
56 30 0.079461
56 31 0.079461
56 32 0.079460
56 33 0.079459
56 34 0.079458
56 35 0.079457
56 36 0.079456
56 37 0.079455
56 38 0.079454
56 39 0.079453
56 40 0.079451
56 41 0.079450
56 42 0.079449
56 43 0.079448
56 44 0.079446
56 45 0.079445
56 46 0.079444
56 47 0.079442
56 48 0.079441
56 49 0.079439
56 50 0.079438
56 51 0.079436
56 52 0.079435
56 53 0.079433
56 54 0.079432
56 55 0.079431
56 56 0.079429
56 57 0.079428
56 58 0.079426
56 59 0.079425
56 60 0.079423
56 61 0.079422
56 62 0.079420
56 63 0.079419
56 64 0.079417
56 65 0.079416
56 66 0.079414
56 67 0.079413
56 68 0.079412
56 69 0.079410
56 70 0.079409
56 71 0.079408
56 72 0.079406
56 73 0.079405
56 74 0.079404
56 75 0.079403
56 76 0.079402
56 77 0.079401
56 78 0.079400
56 79 0.079399
56 80 0.079398
56 81 0.079397
56 82 0.079396
56 83 0.079396
56 84 0.079395
56 85 0.079394
56 86 0.079394
56 87 0.079393
56 88 0.079393
56 89 0.079392
56 90 0.079392
56 91 0.079392
56 92 0.079392
56 93 0.079392
56 94 0.079392
56 95 0.079392
56 96 0.079392
56 97 0.079392
56 98 0.079392
56 99 0.079391

57 0 0.079463
57 1 0.079465
57 2 0.079465
57 3 0.079465
57 4 0.079466
57 5 0.079466
57 6 0.079466
57 7 0.079466
57 8 0.079466
57 9 0.079466
57 10 0.079467
57 11 0.079466
57 12 0.079466
57 13 0.079466
57 14 0.079466
57 15 0.079466
57 16 0.079466
57 17 0.079466
57 18 0.079465
57 19 0.079465
57 20 0.079465
57 21 0.079464
57 22 0.079464
57 23 0.079463
57 24 0.079463
57 25 0.079462
57 26 0.079461
57 27 0.079461
57 28 0.079460
57 29 0.079459
57 30 0.079459
57 31 0.079458
57 32 0.079457
57 33 0.079456
57 34 0.079455
57 35 0.079454
57 36 0.079453
57 37 0.079452
57 38 0.079451
57 39 0.079450
57 40 0.079448
57 41 0.079447
57 42 0.079446
57 43 0.079445
57 44 0.079443
57 45 0.079442
57 46 0.079441
57 47 0.079439
57 48 0.079438
57 49 0.079436
57 50 0.079435
57 51 0.079433
57 52 0.079432
57 53 0.079430
57 54 0.079429
57 55 0.079427
57 56 0.079426
57 57 0.079424
57 58 0.079423
57 59 0.079422
57 60 0.079420
57 61 0.079419
57 62 0.079417
57 63 0.079416
57 64 0.079414
57 65 0.079413
57 66 0.079411
57 67 0.079410
57 68 0.079409
57 69 0.079407
57 70 0.079406
57 71 0.079405
57 72 0.079403
57 73 0.079402
57 74 0.079401
57 75 0.079400
57 76 0.079399
57 77 0.079398
57 78 0.079397
57 79 0.079396
57 80 0.079395
57 81 0.079394
57 82 0.079393
57 83 0.079393
57 84 0.079392
57 85 0.079391
57 86 0.079391
57 87 0.079390
57 88 0.079390
57 89 0.079390
57 90 0.079389
57 91 0.079389
57 92 0.079389
57 93 0.079389
57 94 0.079389
57 95 0.079389
57 96 0.079389
57 97 0.079389
57 98 0.079389
57 99 0.079388

58 0 0.079461
58 1 0.079462
58 2 0.079462
58 3 0.079462
58 4 0.079463
58 5 0.079463
58 6 0.079463
58 7 0.079464
58 8 0.079464
58 9 0.079464
58 10 0.079464
58 11 0.079464
58 12 0.079464
58 13 0.079464
58 14 0.079463
58 15 0.079463
58 16 0.079463
58 17 0.079463
58 18 0.079463
58 19 0.079462
58 20 0.079462
58 21 0.079461
58 22 0.079461
58 23 0.079460
58 24 0.079460
58 25 0.079459
58 26 0.079459
58 27 0.079458
58 28 0.079457
58 29 0.079457
58 30 0.079456
58 31 0.079455
58 32 0.079454
58 33 0.079453
58 34 0.079452
58 35 0.079451
58 36 0.079450
58 37 0.079449
58 38 0.079448
58 39 0.079447
58 40 0.079446
58 41 0.079444
58 42 0.079443
58 43 0.079442
58 44 0.079440
58 45 0.079439
58 46 0.079438
58 47 0.079436
58 48 0.079435
58 49 0.079433
58 50 0.079432
58 51 0.079431
58 52 0.079429
58 53 0.079428
58 54 0.079426
58 55 0.079425
58 56 0.079423
58 57 0.079422
58 58 0.079420
58 59 0.079419
58 60 0.079417
58 61 0.079416
58 62 0.079414
58 63 0.079413
58 64 0.079411
58 65 0.079410
58 66 0.079408
58 67 0.079407
58 68 0.079406
58 69 0.079404
58 70 0.079403
58 71 0.079402
58 72 0.079400
58 73 0.079399
58 74 0.079398
58 75 0.079397
58 76 0.079396
58 77 0.079395
58 78 0.079394
58 79 0.079393
58 80 0.079392
58 81 0.079391
58 82 0.079391
58 83 0.079390
58 84 0.079389
58 85 0.079389
58 86 0.079388
58 87 0.079388
58 88 0.079387
58 89 0.079387
58 90 0.079387
58 91 0.079386
58 92 0.079386
58 93 0.079386
58 94 0.079386
58 95 0.079386
58 96 0.079386
58 97 0.079386
58 98 0.079387
58 99 0.079386

59 0 0.079458
59 1 0.079459
59 2 0.079459
59 3 0.079460
59 4 0.079460
59 5 0.079460
59 6 0.079461
59 7 0.079461
59 8 0.079461
59 9 0.079461
59 10 0.079461
59 11 0.079461
59 12 0.079461
59 13 0.079461
59 14 0.079461
59 15 0.079461
59 16 0.079460
59 17 0.079460
59 18 0.079460
59 19 0.079460
59 20 0.079459
59 21 0.079459
59 22 0.079458
59 23 0.079458
59 24 0.079457
59 25 0.079457
59 26 0.079456
59 27 0.079455
59 28 0.079455
59 29 0.079454
59 30 0.079453
59 31 0.079452
59 32 0.079451
59 33 0.079450
59 34 0.079449
59 35 0.079448
59 36 0.079447
59 37 0.079446
59 38 0.079445
59 39 0.079444
59 40 0.079443
59 41 0.079441
59 42 0.079440
59 43 0.079439
59 44 0.079437
59 45 0.079436
59 46 0.079435
59 47 0.079433
59 48 0.079432
59 49 0.079431
59 50 0.079429
59 51 0.079428
59 52 0.079426
59 53 0.079425
59 54 0.079423
59 55 0.079422
59 56 0.079420
59 57 0.079419
59 58 0.079417
59 59 0.079416
59 60 0.079414
59 61 0.079413
59 62 0.079411
59 63 0.079410
59 64 0.079408
59 65 0.079407
59 66 0.079406
59 67 0.079404
59 68 0.079403
59 69 0.079401
59 70 0.079400
59 71 0.079399
59 72 0.079398
59 73 0.079396
59 74 0.079395
59 75 0.079394
59 76 0.079393
59 77 0.079392
59 78 0.079391
59 79 0.079390
59 80 0.079389
59 81 0.079388
59 82 0.079388
59 83 0.079387
59 84 0.079386
59 85 0.079386
59 86 0.079385
59 87 0.079385
59 88 0.079384
59 89 0.079384
59 90 0.079384
59 91 0.079383
59 92 0.079383
59 93 0.079383
59 94 0.079383
59 95 0.079383
59 96 0.079383
59 97 0.079383
59 98 0.079384
59 99 0.079383

60 0 0.079455
60 1 0.079456
60 2 0.079457
60 3 0.079457
60 4 0.079458
60 5 0.079458
60 6 0.079458
60 7 0.079458
60 8 0.079458
60 9 0.079458
60 10 0.079459
60 11 0.079458
60 12 0.079458
60 13 0.079458
60 14 0.079458
60 15 0.079458
60 16 0.079458
60 17 0.079457
60 18 0.079457
60 19 0.079457
60 20 0.079456
60 21 0.079456
60 22 0.079456
60 23 0.079455
60 24 0.079454
60 25 0.079454
60 26 0.079453
60 27 0.079453
60 28 0.079452
60 29 0.079451
60 30 0.079450
60 31 0.079449
60 32 0.079448
60 33 0.079447
60 34 0.079446
60 35 0.079445
60 36 0.079444
60 37 0.079443
60 38 0.079442
60 39 0.079441
60 40 0.079440
60 41 0.079439
60 42 0.079437
60 43 0.079436
60 44 0.079435
60 45 0.079433
60 46 0.079432
60 47 0.079430
60 48 0.079429
60 49 0.079428
60 50 0.079426
60 51 0.079425
60 52 0.079423
60 53 0.079422
60 54 0.079420
60 55 0.079419
60 56 0.079417
60 57 0.079416
60 58 0.079414
60 59 0.079413
60 60 0.079411
60 61 0.079410
60 62 0.079408
60 63 0.079407
60 64 0.079405
60 65 0.079404
60 66 0.079403
60 67 0.079401
60 68 0.079400
60 69 0.079398
60 70 0.079397
60 71 0.079396
60 72 0.079395
60 73 0.079394
60 74 0.079392
60 75 0.079391
60 76 0.079390
60 77 0.079389
60 78 0.079388
60 79 0.079387
60 80 0.079386
60 81 0.079386
60 82 0.079385
60 83 0.079384
60 84 0.079384
60 85 0.079383
60 86 0.079383
60 87 0.079382
60 88 0.079382
60 89 0.079381
60 90 0.079381
60 91 0.079381
60 92 0.079381
60 93 0.079381
60 94 0.079381
60 95 0.079381
60 96 0.079381
60 97 0.079381
60 98 0.079381
60 99 0.079380

61 0 0.079452
61 1 0.079454
61 2 0.079454
61 3 0.079454
61 4 0.079455
61 5 0.079455
61 6 0.079456
61 7 0.079456
61 8 0.079456
61 9 0.079456
61 10 0.079456
61 11 0.079456
61 12 0.079456
61 13 0.079456
61 14 0.079456
61 15 0.079455
61 16 0.079455
61 17 0.079455
61 18 0.079455
61 19 0.079454
61 20 0.079454
61 21 0.079453
61 22 0.079453
61 23 0.079452
61 24 0.079452
61 25 0.079451
61 26 0.079450
61 27 0.079450
61 28 0.079449
61 29 0.079448
61 30 0.079447
61 31 0.079447
61 32 0.079446
61 33 0.079445
61 34 0.079444
61 35 0.079443
61 36 0.079442
61 37 0.079440
61 38 0.079439
61 39 0.079438
61 40 0.079437
61 41 0.079436
61 42 0.079434
61 43 0.079433
61 44 0.079432
61 45 0.079430
61 46 0.079429
61 47 0.079428
61 48 0.079426
61 49 0.079425
61 50 0.079423
61 51 0.079422
61 52 0.079420
61 53 0.079419
61 54 0.079417
61 55 0.079416
61 56 0.079414
61 57 0.079413
61 58 0.079411
61 59 0.079410
61 60 0.079408
61 61 0.079407
61 62 0.079405
61 63 0.079404
61 64 0.079403
61 65 0.079401
61 66 0.079400
61 67 0.079398
61 68 0.079397
61 69 0.079396
61 70 0.079394
61 71 0.079393
61 72 0.079392
61 73 0.079391
61 74 0.079390
61 75 0.079389
61 76 0.079388
61 77 0.079386
61 78 0.079386
61 79 0.079385
61 80 0.079384
61 81 0.079383
61 82 0.079382
61 83 0.079381
61 84 0.079381
61 85 0.079380
61 86 0.079380
61 87 0.079379
61 88 0.079379
61 89 0.079379
61 90 0.079378
61 91 0.079378
61 92 0.079378
61 93 0.079378
61 94 0.079378
61 95 0.079378
61 96 0.079378
61 97 0.079378
61 98 0.079379
61 99 0.079377

62 0 0.079449
62 1 0.079451
62 2 0.079451
62 3 0.079452
62 4 0.079452
62 5 0.079453
62 6 0.079453
62 7 0.079453
62 8 0.079453
62 9 0.079453
62 10 0.079453
62 11 0.079453
62 12 0.079453
62 13 0.079453
62 14 0.079453
62 15 0.079453
62 16 0.079453
62 17 0.079452
62 18 0.079452
62 19 0.079452
62 20 0.079451
62 21 0.079451
62 22 0.079450
62 23 0.079450
62 24 0.079449
62 25 0.079448
62 26 0.079448
62 27 0.079447
62 28 0.079446
62 29 0.079446
62 30 0.079445
62 31 0.079444
62 32 0.079443
62 33 0.079442
62 34 0.079441
62 35 0.079440
62 36 0.079439
62 37 0.079438
62 38 0.079437
62 39 0.079435
62 40 0.079434
62 41 0.079433
62 42 0.079432
62 43 0.079430
62 44 0.079429
62 45 0.079428
62 46 0.079426
62 47 0.079425
62 48 0.079423
62 49 0.079422
62 50 0.079420
62 51 0.079419
62 52 0.079417
62 53 0.079416
62 54 0.079414
62 55 0.079413
62 56 0.079411
62 57 0.079410
62 58 0.079408
62 59 0.079407
62 60 0.079405
62 61 0.079404
62 62 0.079403
62 63 0.079401
62 64 0.079400
62 65 0.079398
62 66 0.079397
62 67 0.079396
62 68 0.079394
62 69 0.079393
62 70 0.079392
62 71 0.079390
62 72 0.079389
62 73 0.079388
62 74 0.079387
62 75 0.079386
62 76 0.079385
62 77 0.079384
62 78 0.079383
62 79 0.079382
62 80 0.079381
62 81 0.079380
62 82 0.079379
62 83 0.079379
62 84 0.079378
62 85 0.079378
62 86 0.079377
62 87 0.079377
62 88 0.079376
62 89 0.079376
62 90 0.079376
62 91 0.079375
62 92 0.079375
62 93 0.079375
62 94 0.079375
62 95 0.079375
62 96 0.079375
62 97 0.079375
62 98 0.079376
62 99 0.079375

63 0 0.079447
63 1 0.079449
63 2 0.079449
63 3 0.079449
63 4 0.079450
63 5 0.079450
63 6 0.079450
63 7 0.079451
63 8 0.079451
63 9 0.079451
63 10 0.079451
63 11 0.079451
63 12 0.079451
63 13 0.079451
63 14 0.079450
63 15 0.079450
63 16 0.079450
63 17 0.079450
63 18 0.079449
63 19 0.079449
63 20 0.079449
63 21 0.079448
63 22 0.079448
63 23 0.079447
63 24 0.079446
63 25 0.079446
63 26 0.079445
63 27 0.079444
63 28 0.079444
63 29 0.079443
63 30 0.079442
63 31 0.079441
63 32 0.079440
63 33 0.079439
63 34 0.079438
63 35 0.079437
63 36 0.079436
63 37 0.079435
63 38 0.079434
63 39 0.079433
63 40 0.079431
63 41 0.079430
63 42 0.079429
63 43 0.079427
63 44 0.079426
63 45 0.079425
63 46 0.079423
63 47 0.079422
63 48 0.079420
63 49 0.079419
63 50 0.079418
63 51 0.079416
63 52 0.079415
63 53 0.079413
63 54 0.079412
63 55 0.079410
63 56 0.079409
63 57 0.079407
63 58 0.079406
63 59 0.079404
63 60 0.079403
63 61 0.079401
63 62 0.079400
63 63 0.079398
63 64 0.079397
63 65 0.079396
63 66 0.079394
63 67 0.079393
63 68 0.079391
63 69 0.079390
63 70 0.079389
63 71 0.079388
63 72 0.079387
63 73 0.079385
63 74 0.079384
63 75 0.079383
63 76 0.079382
63 77 0.079381
63 78 0.079380
63 79 0.079379
63 80 0.079378
63 81 0.079378
63 82 0.079377
63 83 0.079376
63 84 0.079376
63 85 0.079375
63 86 0.079375
63 87 0.079374
63 88 0.079374
63 89 0.079373
63 90 0.079373
63 91 0.079373
63 92 0.079373
63 93 0.079373
63 94 0.079373
63 95 0.079373
63 96 0.079373
63 97 0.079373
63 98 0.079373
63 99 0.079372

64 0 0.079444
64 1 0.079446
64 2 0.079446
64 3 0.079447
64 4 0.079447
64 5 0.079448
64 6 0.079448
64 7 0.079448
64 8 0.079448
64 9 0.079448
64 10 0.079448
64 11 0.079448
64 12 0.079448
64 13 0.079448
64 14 0.079448
64 15 0.079448
64 16 0.079447
64 17 0.079447
64 18 0.079447
64 19 0.079446
64 20 0.079446
64 21 0.079446
64 22 0.079445
64 23 0.079444
64 24 0.079444
64 25 0.079443
64 26 0.079443
64 27 0.079442
64 28 0.079441
64 29 0.079440
64 30 0.079439
64 31 0.079438
64 32 0.079437
64 33 0.079437
64 34 0.079435
64 35 0.079434
64 36 0.079433
64 37 0.079432
64 38 0.079431
64 39 0.079430
64 40 0.079429
64 41 0.079427
64 42 0.079426
64 43 0.079425
64 44 0.079423
64 45 0.079422
64 46 0.079421
64 47 0.079419
64 48 0.079418
64 49 0.079416
64 50 0.079415
64 51 0.079413
64 52 0.079412
64 53 0.079410
64 54 0.079409
64 55 0.079407
64 56 0.079406
64 57 0.079404
64 58 0.079403
64 59 0.079401
64 60 0.079400
64 61 0.079399
64 62 0.079397
64 63 0.079396
64 64 0.079394
64 65 0.079393
64 66 0.079391
64 67 0.079390
64 68 0.079389
64 69 0.079388
64 70 0.079386
64 71 0.079385
64 72 0.079384
64 73 0.079383
64 74 0.079381
64 75 0.079380
64 76 0.079379
64 77 0.079378
64 78 0.079377
64 79 0.079376
64 80 0.079376
64 81 0.079375
64 82 0.079374
64 83 0.079373
64 84 0.079373
64 85 0.079372
64 86 0.079372
64 87 0.079371
64 88 0.079371
64 89 0.079371
64 90 0.079370
64 91 0.079370
64 92 0.079370
64 93 0.079370
64 94 0.079370
64 95 0.079370
64 96 0.079370
64 97 0.079370
64 98 0.079371
64 99 0.079370

65 0 0.079442
65 1 0.079444
65 2 0.079444
65 3 0.079444
65 4 0.079445
65 5 0.079445
65 6 0.079445
65 7 0.079446
65 8 0.079446
65 9 0.079446
65 10 0.079446
65 11 0.079446
65 12 0.079446
65 13 0.079446
65 14 0.079445
65 15 0.079445
65 16 0.079445
65 17 0.079445
65 18 0.079444
65 19 0.079444
65 20 0.079443
65 21 0.079443
65 22 0.079442
65 23 0.079442
65 24 0.079441
65 25 0.079441
65 26 0.079440
65 27 0.079439
65 28 0.079438
65 29 0.079438
65 30 0.079437
65 31 0.079436
65 32 0.079435
65 33 0.079434
65 34 0.079433
65 35 0.079432
65 36 0.079431
65 37 0.079430
65 38 0.079428
65 39 0.079427
65 40 0.079426
65 41 0.079425
65 42 0.079423
65 43 0.079422
65 44 0.079421
65 45 0.079419
65 46 0.079418
65 47 0.079416
65 48 0.079415
65 49 0.079414
65 50 0.079412
65 51 0.079411
65 52 0.079409
65 53 0.079408
65 54 0.079406
65 55 0.079405
65 56 0.079403
65 57 0.079402
65 58 0.079400
65 59 0.079399
65 60 0.079397
65 61 0.079396
65 62 0.079394
65 63 0.079393
65 64 0.079391
65 65 0.079390
65 66 0.079389
65 67 0.079387
65 68 0.079386
65 69 0.079385
65 70 0.079383
65 71 0.079382
65 72 0.079381
65 73 0.079380
65 74 0.079379
65 75 0.079378
65 76 0.079377
65 77 0.079376
65 78 0.079375
65 79 0.079374
65 80 0.079373
65 81 0.079372
65 82 0.079372
65 83 0.079371
65 84 0.079370
65 85 0.079370
65 86 0.079369
65 87 0.079369
65 88 0.079369
65 89 0.079368
65 90 0.079368
65 91 0.079368
65 92 0.079368
65 93 0.079368
65 94 0.079368
65 95 0.079368
65 96 0.079368
65 97 0.079368
65 98 0.079368
65 99 0.079367

66 0 0.079440
66 1 0.079441
66 2 0.079442
66 3 0.079442
66 4 0.079443
66 5 0.079443
66 6 0.079443
66 7 0.079443
66 8 0.079443
66 9 0.079443
66 10 0.079444
66 11 0.079443
66 12 0.079443
66 13 0.079443
66 14 0.079443
66 15 0.079443
66 16 0.079443
66 17 0.079442
66 18 0.079442
66 19 0.079441
66 20 0.079441
66 21 0.079441
66 22 0.079440
66 23 0.079439
66 24 0.079439
66 25 0.079438
66 26 0.079437
66 27 0.079437
66 28 0.079436
66 29 0.079435
66 30 0.079434
66 31 0.079433
66 32 0.079432
66 33 0.079431
66 34 0.079430
66 35 0.079429
66 36 0.079428
66 37 0.079427
66 38 0.079426
66 39 0.079425
66 40 0.079423
66 41 0.079422
66 42 0.079421
66 43 0.079419
66 44 0.079418
66 45 0.079417
66 46 0.079415
66 47 0.079414
66 48 0.079412
66 49 0.079411
66 50 0.079409
66 51 0.079408
66 52 0.079406
66 53 0.079405
66 54 0.079403
66 55 0.079402
66 56 0.079400
66 57 0.079399
66 58 0.079397
66 59 0.079396
66 60 0.079395
66 61 0.079393
66 62 0.079392
66 63 0.079390
66 64 0.079389
66 65 0.079388
66 66 0.079386
66 67 0.079385
66 68 0.079384
66 69 0.079382
66 70 0.079381
66 71 0.079380
66 72 0.079379
66 73 0.079377
66 74 0.079376
66 75 0.079375
66 76 0.079374
66 77 0.079373
66 78 0.079372
66 79 0.079371
66 80 0.079371
66 81 0.079370
66 82 0.079369
66 83 0.079368
66 84 0.079368
66 85 0.079367
66 86 0.079367
66 87 0.079366
66 88 0.079366
66 89 0.079366
66 90 0.079366
66 91 0.079365
66 92 0.079365
66 93 0.079365
66 94 0.079365
66 95 0.079365
66 96 0.079365
66 97 0.079366
66 98 0.079366
66 99 0.079365

67 0 0.079437
67 1 0.079439
67 2 0.079439
67 3 0.079440
67 4 0.079440
67 5 0.079440
67 6 0.079441
67 7 0.079441
67 8 0.079441
67 9 0.079441
67 10 0.079441
67 11 0.079441
67 12 0.079441
67 13 0.079441
67 14 0.079441
67 15 0.079440
67 16 0.079440
67 17 0.079440
67 18 0.079439
67 19 0.079439
67 20 0.079439
67 21 0.079438
67 22 0.079438
67 23 0.079437
67 24 0.079436
67 25 0.079436
67 26 0.079435
67 27 0.079434
67 28 0.079433
67 29 0.079433
67 30 0.079432
67 31 0.079431
67 32 0.079430
67 33 0.079429
67 34 0.079428
67 35 0.079427
67 36 0.079426
67 37 0.079424
67 38 0.079423
67 39 0.079422
67 40 0.079421
67 41 0.079419
67 42 0.079418
67 43 0.079417
67 44 0.079415
67 45 0.079414
67 46 0.079413
67 47 0.079411
67 48 0.079410
67 49 0.079408
67 50 0.079407
67 51 0.079405
67 52 0.079404
67 53 0.079402
67 54 0.079401
67 55 0.079399
67 56 0.079398
67 57 0.079396
67 58 0.079395
67 59 0.079393
67 60 0.079392
67 61 0.079390
67 62 0.079389
67 63 0.079388
67 64 0.079386
67 65 0.079385
67 66 0.079383
67 67 0.079382
67 68 0.079381
67 69 0.079380
67 70 0.079378
67 71 0.079377
67 72 0.079376
67 73 0.079375
67 74 0.079374
67 75 0.079373
67 76 0.079372
67 77 0.079371
67 78 0.079370
67 79 0.079369
67 80 0.079368
67 81 0.079367
67 82 0.079367
67 83 0.079366
67 84 0.079365
67 85 0.079365
67 86 0.079364
67 87 0.079364
67 88 0.079364
67 89 0.079363
67 90 0.079363
67 91 0.079363
67 92 0.079363
67 93 0.079363
67 94 0.079363
67 95 0.079363
67 96 0.079363
67 97 0.079363
67 98 0.079364
67 99 0.079363

68 0 0.079435
68 1 0.079437
68 2 0.079437
68 3 0.079437
68 4 0.079438
68 5 0.079438
68 6 0.079439
68 7 0.079439
68 8 0.079439
68 9 0.079439
68 10 0.079439
68 11 0.079439
68 12 0.079439
68 13 0.079439
68 14 0.079438
68 15 0.079438
68 16 0.079438
68 17 0.079437
68 18 0.079437
68 19 0.079437
68 20 0.079436
68 21 0.079436
68 22 0.079435
68 23 0.079435
68 24 0.079434
68 25 0.079433
68 26 0.079433
68 27 0.079432
68 28 0.079431
68 29 0.079430
68 30 0.079429
68 31 0.079428
68 32 0.079427
68 33 0.079426
68 34 0.079425
68 35 0.079424
68 36 0.079423
68 37 0.079422
68 38 0.079421
68 39 0.079419
68 40 0.079418
68 41 0.079417
68 42 0.079416
68 43 0.079414
68 44 0.079413
68 45 0.079411
68 46 0.079410
68 47 0.079409
68 48 0.079407
68 49 0.079406
68 50 0.079404
68 51 0.079403
68 52 0.079401
68 53 0.079400
68 54 0.079398
68 55 0.079397
68 56 0.079395
68 57 0.079394
68 58 0.079392
68 59 0.079391
68 60 0.079389
68 61 0.079388
68 62 0.079387
68 63 0.079385
68 64 0.079384
68 65 0.079382
68 66 0.079381
68 67 0.079380
68 68 0.079378
68 69 0.079377
68 70 0.079376
68 71 0.079375
68 72 0.079374
68 73 0.079372
68 74 0.079371
68 75 0.079370
68 76 0.079369
68 77 0.079368
68 78 0.079367
68 79 0.079367
68 80 0.079366
68 81 0.079365
68 82 0.079364
68 83 0.079364
68 84 0.079363
68 85 0.079363
68 86 0.079362
68 87 0.079362
68 88 0.079361
68 89 0.079361
68 90 0.079361
68 91 0.079361
68 92 0.079361
68 93 0.079361
68 94 0.079361
68 95 0.079361
68 96 0.079361
68 97 0.079361
68 98 0.079361
68 99 0.079360

69 0 0.079433
69 1 0.079435
69 2 0.079435
69 3 0.079435
69 4 0.079436
69 5 0.079436
69 6 0.079436
69 7 0.079436
69 8 0.079437
69 9 0.079437
69 10 0.079437
69 11 0.079437
69 12 0.079436
69 13 0.079436
69 14 0.079436
69 15 0.079436
69 16 0.079436
69 17 0.079435
69 18 0.079435
69 19 0.079434
69 20 0.079434
69 21 0.079433
69 22 0.079433
69 23 0.079432
69 24 0.079432
69 25 0.079431
69 26 0.079430
69 27 0.079429
69 28 0.079429
69 29 0.079428
69 30 0.079427
69 31 0.079426
69 32 0.079425
69 33 0.079424
69 34 0.079423
69 35 0.079422
69 36 0.079421
69 37 0.079419
69 38 0.079418
69 39 0.079417
69 40 0.079416
69 41 0.079414
69 42 0.079413
69 43 0.079412
69 44 0.079410
69 45 0.079409
69 46 0.079408
69 47 0.079406
69 48 0.079405
69 49 0.079403
69 50 0.079402
69 51 0.079400
69 52 0.079399
69 53 0.079397
69 54 0.079396
69 55 0.079394
69 56 0.079393
69 57 0.079391
69 58 0.079390
69 59 0.079388
69 60 0.079387
69 61 0.079385
69 62 0.079384
69 63 0.079383
69 64 0.079381
69 65 0.079380
69 66 0.079379
69 67 0.079377
69 68 0.079376
69 69 0.079375
69 70 0.079373
69 71 0.079372
69 72 0.079371
69 73 0.079370
69 74 0.079369
69 75 0.079368
69 76 0.079367
69 77 0.079366
69 78 0.079365
69 79 0.079364
69 80 0.079363
69 81 0.079363
69 82 0.079362
69 83 0.079361
69 84 0.079361
69 85 0.079360
69 86 0.079360
69 87 0.079359
69 88 0.079359
69 89 0.079359
69 90 0.079358
69 91 0.079358
69 92 0.079358
69 93 0.079358
69 94 0.079358
69 95 0.079359
69 96 0.079359
69 97 0.079359
69 98 0.079359
69 99 0.079358

70 0 0.079431
70 1 0.079432
70 2 0.079433
70 3 0.079433
70 4 0.079434
70 5 0.079434
70 6 0.079434
70 7 0.079434
70 8 0.079434
70 9 0.079434
70 10 0.079434
70 11 0.079434
70 12 0.079434
70 13 0.079434
70 14 0.079434
70 15 0.079434
70 16 0.079433
70 17 0.079433
70 18 0.079433
70 19 0.079432
70 20 0.079432
70 21 0.079431
70 22 0.079431
70 23 0.079430
70 24 0.079429
70 25 0.079429
70 26 0.079428
70 27 0.079427
70 28 0.079426
70 29 0.079425
70 30 0.079424
70 31 0.079423
70 32 0.079422
70 33 0.079421
70 34 0.079420
70 35 0.079419
70 36 0.079418
70 37 0.079417
70 38 0.079416
70 39 0.079414
70 40 0.079413
70 41 0.079412
70 42 0.079411
70 43 0.079409
70 44 0.079408
70 45 0.079406
70 46 0.079405
70 47 0.079404
70 48 0.079402
70 49 0.079401
70 50 0.079399
70 51 0.079398
70 52 0.079396
70 53 0.079395
70 54 0.079393
70 55 0.079392
70 56 0.079390
70 57 0.079389
70 58 0.079387
70 59 0.079386
70 60 0.079384
70 61 0.079383
70 62 0.079382
70 63 0.079380
70 64 0.079379
70 65 0.079378
70 66 0.079376
70 67 0.079375
70 68 0.079374
70 69 0.079372
70 70 0.079371
70 71 0.079370
70 72 0.079369
70 73 0.079368
70 74 0.079367
70 75 0.079366
70 76 0.079365
70 77 0.079364
70 78 0.079363
70 79 0.079362
70 80 0.079361
70 81 0.079360
70 82 0.079360
70 83 0.079359
70 84 0.079359
70 85 0.079358
70 86 0.079358
70 87 0.079357
70 88 0.079357
70 89 0.079357
70 90 0.079356
70 91 0.079356
70 92 0.079356
70 93 0.079356
70 94 0.079356
70 95 0.079356
70 96 0.079356
70 97 0.079357
70 98 0.079357
70 99 0.079356

71 0 0.079429
71 1 0.079430
71 2 0.079431
71 3 0.079431
71 4 0.079432
71 5 0.079432
71 6 0.079432
71 7 0.079432
71 8 0.079432
71 9 0.079432
71 10 0.079432
71 11 0.079432
71 12 0.079432
71 13 0.079432
71 14 0.079432
71 15 0.079432
71 16 0.079431
71 17 0.079431
71 18 0.079430
71 19 0.079430
71 20 0.079429
71 21 0.079429
71 22 0.079428
71 23 0.079428
71 24 0.079427
71 25 0.079426
71 26 0.079426
71 27 0.079425
71 28 0.079424
71 29 0.079423
71 30 0.079422
71 31 0.079421
71 32 0.079420
71 33 0.079419
71 34 0.079418
71 35 0.079417
71 36 0.079416
71 37 0.079415
71 38 0.079413
71 39 0.079412
71 40 0.079411
71 41 0.079410
71 42 0.079408
71 43 0.079407
71 44 0.079406
71 45 0.079404
71 46 0.079403
71 47 0.079401
71 48 0.079400
71 49 0.079398
71 50 0.079397
71 51 0.079395
71 52 0.079394
71 53 0.079392
71 54 0.079391
71 55 0.079390
71 56 0.079388
71 57 0.079387
71 58 0.079385
71 59 0.079384
71 60 0.079382
71 61 0.079381
71 62 0.079379
71 63 0.079378
71 64 0.079377
71 65 0.079375
71 66 0.079374
71 67 0.079373
71 68 0.079371
71 69 0.079370
71 70 0.079369
71 71 0.079368
71 72 0.079367
71 73 0.079365
71 74 0.079364
71 75 0.079363
71 76 0.079362
71 77 0.079361
71 78 0.079361
71 79 0.079360
71 80 0.079359
71 81 0.079358
71 82 0.079358
71 83 0.079357
71 84 0.079356
71 85 0.079356
71 86 0.079355
71 87 0.079355
71 88 0.079355
71 89 0.079354
71 90 0.079354
71 91 0.079354
71 92 0.079354
71 93 0.079354
71 94 0.079354
71 95 0.079354
71 96 0.079354
71 97 0.079355
71 98 0.079355
71 99 0.079354

72 0 0.079427
72 1 0.079428
72 2 0.079429
72 3 0.079429
72 4 0.079430
72 5 0.079430
72 6 0.079430
72 7 0.079430
72 8 0.079430
72 9 0.079430
72 10 0.079430
72 11 0.079430
72 12 0.079430
72 13 0.079430
72 14 0.079430
72 15 0.079429
72 16 0.079429
72 17 0.079429
72 18 0.079428
72 19 0.079428
72 20 0.079427
72 21 0.079427
72 22 0.079426
72 23 0.079426
72 24 0.079425
72 25 0.079424
72 26 0.079423
72 27 0.079423
72 28 0.079422
72 29 0.079421
72 30 0.079420
72 31 0.079419
72 32 0.079418
72 33 0.079417
72 34 0.079416
72 35 0.079415
72 36 0.079414
72 37 0.079412
72 38 0.079411
72 39 0.079410
72 40 0.079409
72 41 0.079407
72 42 0.079406
72 43 0.079405
72 44 0.079403
72 45 0.079402
72 46 0.079400
72 47 0.079399
72 48 0.079398
72 49 0.079396
72 50 0.079395
72 51 0.079393
72 52 0.079392
72 53 0.079390
72 54 0.079389
72 55 0.079387
72 56 0.079386
72 57 0.079384
72 58 0.079383
72 59 0.079381
72 60 0.079380
72 61 0.079378
72 62 0.079377
72 63 0.079376
72 64 0.079374
72 65 0.079373
72 66 0.079372
72 67 0.079370
72 68 0.079369
72 69 0.079368
72 70 0.079367
72 71 0.079365
72 72 0.079364
72 73 0.079363
72 74 0.079362
72 75 0.079361
72 76 0.079360
72 77 0.079359
72 78 0.079358
72 79 0.079358
72 80 0.079357
72 81 0.079356
72 82 0.079355
72 83 0.079355
72 84 0.079354
72 85 0.079354
72 86 0.079353
72 87 0.079353
72 88 0.079353
72 89 0.079352
72 90 0.079352
72 91 0.079352
72 92 0.079352
72 93 0.079352
72 94 0.079352
72 95 0.079352
72 96 0.079352
72 97 0.079353
72 98 0.079353
72 99 0.079352

73 0 0.079425
73 1 0.079426
73 2 0.079427
73 3 0.079427
73 4 0.079428
73 5 0.079428
73 6 0.079428
73 7 0.079428
73 8 0.079428
73 9 0.079428
73 10 0.079428
73 11 0.079428
73 12 0.079428
73 13 0.079428
73 14 0.079428
73 15 0.079427
73 16 0.079427
73 17 0.079427
73 18 0.079426
73 19 0.079426
73 20 0.079425
73 21 0.079425
73 22 0.079424
73 23 0.079424
73 24 0.079423
73 25 0.079422
73 26 0.079421
73 27 0.079421
73 28 0.079420
73 29 0.079419
73 30 0.079418
73 31 0.079417
73 32 0.079416
73 33 0.079415
73 34 0.079414
73 35 0.079413
73 36 0.079411
73 37 0.079410
73 38 0.079409
73 39 0.079408
73 40 0.079406
73 41 0.079405
73 42 0.079404
73 43 0.079402
73 44 0.079401
73 45 0.079400
73 46 0.079398
73 47 0.079397
73 48 0.079395
73 49 0.079394
73 50 0.079392
73 51 0.079391
73 52 0.079389
73 53 0.079388
73 54 0.079387
73 55 0.079385
73 56 0.079384
73 57 0.079382
73 58 0.079381
73 59 0.079379
73 60 0.079378
73 61 0.079376
73 62 0.079375
73 63 0.079374
73 64 0.079372
73 65 0.079371
73 66 0.079370
73 67 0.079368
73 68 0.079367
73 69 0.079366
73 70 0.079365
73 71 0.079363
73 72 0.079362
73 73 0.079361
73 74 0.079360
73 75 0.079359
73 76 0.079358
73 77 0.079357
73 78 0.079356
73 79 0.079356
73 80 0.079355
73 81 0.079354
73 82 0.079353
73 83 0.079353
73 84 0.079352
73 85 0.079352
73 86 0.079351
73 87 0.079351
73 88 0.079351
73 89 0.079350
73 90 0.079350
73 91 0.079350
73 92 0.079350
73 93 0.079350
73 94 0.079350
73 95 0.079350
73 96 0.079350
73 97 0.079351
73 98 0.079351
73 99 0.079350

74 0 0.079424
74 1 0.079425
74 2 0.079425
74 3 0.079425
74 4 0.079426
74 5 0.079426
74 6 0.079426
74 7 0.079426
74 8 0.079427
74 9 0.079427
74 10 0.079427
74 11 0.079426
74 12 0.079426
74 13 0.079426
74 14 0.079426
74 15 0.079426
74 16 0.079425
74 17 0.079425
74 18 0.079424
74 19 0.079424
74 20 0.079423
74 21 0.079423
74 22 0.079422
74 23 0.079422
74 24 0.079421
74 25 0.079420
74 26 0.079419
74 27 0.079419
74 28 0.079418
74 29 0.079417
74 30 0.079416
74 31 0.079415
74 32 0.079414
74 33 0.079413
74 34 0.079412
74 35 0.079411
74 36 0.079409
74 37 0.079408
74 38 0.079407
74 39 0.079406
74 40 0.079404
74 41 0.079403
74 42 0.079402
74 43 0.079400
74 44 0.079399
74 45 0.079398
74 46 0.079396
74 47 0.079395
74 48 0.079393
74 49 0.079392
74 50 0.079390
74 51 0.079389
74 52 0.079387
74 53 0.079386
74 54 0.079384
74 55 0.079383
74 56 0.079381
74 57 0.079380
74 58 0.079378
74 59 0.079377
74 60 0.079375
74 61 0.079374
74 62 0.079373
74 63 0.079371
74 64 0.079370
74 65 0.079369
74 66 0.079367
74 67 0.079366
74 68 0.079365
74 69 0.079364
74 70 0.079362
74 71 0.079361
74 72 0.079360
74 73 0.079359
74 74 0.079358
74 75 0.079357
74 76 0.079356
74 77 0.079355
74 78 0.079354
74 79 0.079353
74 80 0.079353
74 81 0.079352
74 82 0.079351
74 83 0.079351
74 84 0.079350
74 85 0.079350
74 86 0.079349
74 87 0.079349
74 88 0.079348
74 89 0.079348
74 90 0.079348
74 91 0.079348
74 92 0.079348
74 93 0.079348
74 94 0.079348
74 95 0.079348
74 96 0.079348
74 97 0.079349
74 98 0.079349
74 99 0.079349

75 0 0.079422
75 1 0.079423
75 2 0.079423
75 3 0.079424
75 4 0.079424
75 5 0.079424
75 6 0.079425
75 7 0.079425
75 8 0.079425
75 9 0.079425
75 10 0.079425
75 11 0.079425
75 12 0.079424
75 13 0.079424
75 14 0.079424
75 15 0.079424
75 16 0.079423
75 17 0.079423
75 18 0.079422
75 19 0.079422
75 20 0.079421
75 21 0.079421
75 22 0.079420
75 23 0.079420
75 24 0.079419
75 25 0.079418
75 26 0.079417
75 27 0.079417
75 28 0.079416
75 29 0.079415
75 30 0.079414
75 31 0.079413
75 32 0.079412
75 33 0.079411
75 34 0.079410
75 35 0.079408
75 36 0.079407
75 37 0.079406
75 38 0.079405
75 39 0.079404
75 40 0.079402
75 41 0.079401
75 42 0.079400
75 43 0.079398
75 44 0.079397
75 45 0.079395
75 46 0.079394
75 47 0.079393
75 48 0.079391
75 49 0.079390
75 50 0.079388
75 51 0.079387
75 52 0.079385
75 53 0.079384
75 54 0.079382
75 55 0.079381
75 56 0.079379
75 57 0.079378
75 58 0.079376
75 59 0.079375
75 60 0.079374
75 61 0.079372
75 62 0.079371
75 63 0.079369
75 64 0.079368
75 65 0.079367
75 66 0.079365
75 67 0.079364
75 68 0.079363
75 69 0.079362
75 70 0.079360
75 71 0.079359
75 72 0.079358
75 73 0.079357
75 74 0.079356
75 75 0.079355
75 76 0.079354
75 77 0.079353
75 78 0.079352
75 79 0.079352
75 80 0.079351
75 81 0.079350
75 82 0.079349
75 83 0.079349
75 84 0.079348
75 85 0.079348
75 86 0.079347
75 87 0.079347
75 88 0.079347
75 89 0.079346
75 90 0.079346
75 91 0.079346
75 92 0.079346
75 93 0.079346
75 94 0.079346
75 95 0.079347
75 96 0.079347
75 97 0.079347
75 98 0.079347
75 99 0.079347

76 0 0.079420
76 1 0.079421
76 2 0.079422
76 3 0.079422
76 4 0.079422
76 5 0.079423
76 6 0.079423
76 7 0.079423
76 8 0.079423
76 9 0.079423
76 10 0.079423
76 11 0.079423
76 12 0.079423
76 13 0.079422
76 14 0.079422
76 15 0.079422
76 16 0.079422
76 17 0.079421
76 18 0.079421
76 19 0.079420
76 20 0.079420
76 21 0.079419
76 22 0.079418
76 23 0.079418
76 24 0.079417
76 25 0.079416
76 26 0.079416
76 27 0.079415
76 28 0.079414
76 29 0.079413
76 30 0.079412
76 31 0.079411
76 32 0.079410
76 33 0.079409
76 34 0.079408
76 35 0.079407
76 36 0.079405
76 37 0.079404
76 38 0.079403
76 39 0.079402
76 40 0.079400
76 41 0.079399
76 42 0.079398
76 43 0.079396
76 44 0.079395
76 45 0.079393
76 46 0.079392
76 47 0.079391
76 48 0.079389
76 49 0.079388
76 50 0.079386
76 51 0.079385
76 52 0.079383
76 53 0.079382
76 54 0.079380
76 55 0.079379
76 56 0.079377
76 57 0.079376
76 58 0.079374
76 59 0.079373
76 60 0.079372
76 61 0.079370
76 62 0.079369
76 63 0.079367
76 64 0.079366
76 65 0.079365
76 66 0.079363
76 67 0.079362
76 68 0.079361
76 69 0.079360
76 70 0.079359
76 71 0.079357
76 72 0.079356
76 73 0.079355
76 74 0.079354
76 75 0.079353
76 76 0.079352
76 77 0.079351
76 78 0.079351
76 79 0.079350
76 80 0.079349
76 81 0.079348
76 82 0.079348
76 83 0.079347
76 84 0.079347
76 85 0.079346
76 86 0.079346
76 87 0.079345
76 88 0.079345
76 89 0.079345
76 90 0.079345
76 91 0.079344
76 92 0.079344
76 93 0.079344
76 94 0.079344
76 95 0.079345
76 96 0.079345
76 97 0.079345
76 98 0.079345
76 99 0.079345

77 0 0.079419
77 1 0.079420
77 2 0.079420
77 3 0.079420
77 4 0.079421
77 5 0.079421
77 6 0.079421
77 7 0.079421
77 8 0.079421
77 9 0.079421
77 10 0.079421
77 11 0.079421
77 12 0.079421
77 13 0.079421
77 14 0.079421
77 15 0.079420
77 16 0.079420
77 17 0.079419
77 18 0.079419
77 19 0.079418
77 20 0.079418
77 21 0.079417
77 22 0.079417
77 23 0.079416
77 24 0.079415
77 25 0.079415
77 26 0.079414
77 27 0.079413
77 28 0.079412
77 29 0.079411
77 30 0.079410
77 31 0.079409
77 32 0.079408
77 33 0.079407
77 34 0.079406
77 35 0.079405
77 36 0.079404
77 37 0.079402
77 38 0.079401
77 39 0.079400
77 40 0.079398
77 41 0.079397
77 42 0.079396
77 43 0.079394
77 44 0.079393
77 45 0.079392
77 46 0.079390
77 47 0.079389
77 48 0.079387
77 49 0.079386
77 50 0.079384
77 51 0.079383
77 52 0.079381
77 53 0.079380
77 54 0.079378
77 55 0.079377
77 56 0.079375
77 57 0.079374
77 58 0.079373
77 59 0.079371
77 60 0.079370
77 61 0.079368
77 62 0.079367
77 63 0.079366
77 64 0.079364
77 65 0.079363
77 66 0.079362
77 67 0.079360
77 68 0.079359
77 69 0.079358
77 70 0.079357
77 71 0.079356
77 72 0.079354
77 73 0.079353
77 74 0.079352
77 75 0.079351
77 76 0.079351
77 77 0.079350
77 78 0.079349
77 79 0.079348
77 80 0.079347
77 81 0.079347
77 82 0.079346
77 83 0.079345
77 84 0.079345
77 85 0.079344
77 86 0.079344
77 87 0.079344
77 88 0.079343
77 89 0.079343
77 90 0.079343
77 91 0.079343
77 92 0.079343
77 93 0.079343
77 94 0.079343
77 95 0.079343
77 96 0.079343
77 97 0.079344
77 98 0.079344
77 99 0.079344

78 0 0.079418
78 1 0.079418
78 2 0.079419
78 3 0.079419
78 4 0.079419
78 5 0.079419
78 6 0.079420
78 7 0.079420
78 8 0.079420
78 9 0.079420
78 10 0.079420
78 11 0.079420
78 12 0.079419
78 13 0.079419
78 14 0.079419
78 15 0.079419
78 16 0.079418
78 17 0.079418
78 18 0.079417
78 19 0.079417
78 20 0.079416
78 21 0.079416
78 22 0.079415
78 23 0.079414
78 24 0.079414
78 25 0.079413
78 26 0.079412
78 27 0.079411
78 28 0.079410
78 29 0.079409
78 30 0.079408
78 31 0.079407
78 32 0.079406
78 33 0.079405
78 34 0.079404
78 35 0.079403
78 36 0.079402
78 37 0.079401
78 38 0.079399
78 39 0.079398
78 40 0.079397
78 41 0.079395
78 42 0.079394
78 43 0.079393
78 44 0.079391
78 45 0.079390
78 46 0.079388
78 47 0.079387
78 48 0.079386
78 49 0.079384
78 50 0.079383
78 51 0.079381
78 52 0.079380
78 53 0.079378
78 54 0.079377
78 55 0.079375
78 56 0.079374
78 57 0.079372
78 58 0.079371
78 59 0.079369
78 60 0.079368
78 61 0.079367
78 62 0.079365
78 63 0.079364
78 64 0.079362
78 65 0.079361
78 66 0.079360
78 67 0.079359
78 68 0.079357
78 69 0.079356
78 70 0.079355
78 71 0.079354
78 72 0.079353
78 73 0.079352
78 74 0.079351
78 75 0.079350
78 76 0.079349
78 77 0.079348
78 78 0.079347
78 79 0.079346
78 80 0.079346
78 81 0.079345
78 82 0.079344
78 83 0.079344
78 84 0.079343
78 85 0.079343
78 86 0.079342
78 87 0.079342
78 88 0.079342
78 89 0.079342
78 90 0.079341
78 91 0.079341
78 92 0.079341
78 93 0.079341
78 94 0.079341
78 95 0.079342
78 96 0.079342
78 97 0.079342
78 98 0.079342
78 99 0.079342

79 0 0.079416
79 1 0.079417
79 2 0.079417
79 3 0.079418
79 4 0.079418
79 5 0.079418
79 6 0.079418
79 7 0.079418
79 8 0.079418
79 9 0.079418
79 10 0.079418
79 11 0.079418
79 12 0.079418
79 13 0.079418
79 14 0.079417
79 15 0.079417
79 16 0.079417
79 17 0.079416
79 18 0.079416
79 19 0.079415
79 20 0.079415
79 21 0.079414
79 22 0.079414
79 23 0.079413
79 24 0.079412
79 25 0.079411
79 26 0.079411
79 27 0.079410
79 28 0.079409
79 29 0.079408
79 30 0.079407
79 31 0.079406
79 32 0.079405
79 33 0.079404
79 34 0.079403
79 35 0.079401
79 36 0.079400
79 37 0.079399
79 38 0.079398
79 39 0.079396
79 40 0.079395
79 41 0.079394
79 42 0.079392
79 43 0.079391
79 44 0.079390
79 45 0.079388
79 46 0.079387
79 47 0.079385
79 48 0.079384
79 49 0.079382
79 50 0.079381
79 51 0.079379
79 52 0.079378
79 53 0.079376
79 54 0.079375
79 55 0.079373
79 56 0.079372
79 57 0.079371
79 58 0.079369
79 59 0.079368
79 60 0.079366
79 61 0.079365
79 62 0.079364
79 63 0.079362
79 64 0.079361
79 65 0.079360
79 66 0.079358
79 67 0.079357
79 68 0.079356
79 69 0.079355
79 70 0.079353
79 71 0.079352
79 72 0.079351
79 73 0.079350
79 74 0.079349
79 75 0.079348
79 76 0.079347
79 77 0.079346
79 78 0.079346
79 79 0.079345
79 80 0.079344
79 81 0.079343
79 82 0.079343
79 83 0.079342
79 84 0.079342
79 85 0.079341
79 86 0.079341
79 87 0.079341
79 88 0.079340
79 89 0.079340
79 90 0.079340
79 91 0.079340
79 92 0.079340
79 93 0.079340
79 94 0.079340
79 95 0.079340
79 96 0.079340
79 97 0.079341
79 98 0.079341
79 99 0.079341

80 0 0.079415
80 1 0.079415
80 2 0.079416
80 3 0.079416
80 4 0.079417
80 5 0.079417
80 6 0.079417
80 7 0.079417
80 8 0.079417
80 9 0.079417
80 10 0.079417
80 11 0.079417
80 12 0.079417
80 13 0.079416
80 14 0.079416
80 15 0.079416
80 16 0.079415
80 17 0.079415
80 18 0.079414
80 19 0.079414
80 20 0.079413
80 21 0.079413
80 22 0.079412
80 23 0.079411
80 24 0.079411
80 25 0.079410
80 26 0.079409
80 27 0.079408
80 28 0.079407
80 29 0.079406
80 30 0.079405
80 31 0.079404
80 32 0.079403
80 33 0.079402
80 34 0.079401
80 35 0.079400
80 36 0.079399
80 37 0.079397
80 38 0.079396
80 39 0.079395
80 40 0.079394
80 41 0.079392
80 42 0.079391
80 43 0.079389
80 44 0.079388
80 45 0.079387
80 46 0.079385
80 47 0.079384
80 48 0.079382
80 49 0.079381
80 50 0.079379
80 51 0.079378
80 52 0.079376
80 53 0.079375
80 54 0.079373
80 55 0.079372
80 56 0.079371
80 57 0.079369
80 58 0.079368
80 59 0.079366
80 60 0.079365
80 61 0.079363
80 62 0.079362
80 63 0.079361
80 64 0.079359
80 65 0.079358
80 66 0.079357
80 67 0.079356
80 68 0.079354
80 69 0.079353
80 70 0.079352
80 71 0.079351
80 72 0.079350
80 73 0.079349
80 74 0.079348
80 75 0.079347
80 76 0.079346
80 77 0.079345
80 78 0.079344
80 79 0.079344
80 80 0.079343
80 81 0.079342
80 82 0.079342
80 83 0.079341
80 84 0.079340
80 85 0.079340
80 86 0.079340
80 87 0.079339
80 88 0.079339
80 89 0.079339
80 90 0.079339
80 91 0.079339
80 92 0.079338
80 93 0.079339
80 94 0.079339
80 95 0.079339
80 96 0.079339
80 97 0.079340
80 98 0.079339
80 99 0.079340

81 0 0.079414
81 1 0.079414
81 2 0.079415
81 3 0.079415
81 4 0.079416
81 5 0.079416
81 6 0.079416
81 7 0.079416
81 8 0.079416
81 9 0.079416
81 10 0.079416
81 11 0.079416
81 12 0.079415
81 13 0.079415
81 14 0.079415
81 15 0.079415
81 16 0.079414
81 17 0.079414
81 18 0.079413
81 19 0.079413
81 20 0.079412
81 21 0.079412
81 22 0.079411
81 23 0.079410
81 24 0.079409
81 25 0.079409
81 26 0.079408
81 27 0.079407
81 28 0.079406
81 29 0.079405
81 30 0.079404
81 31 0.079403
81 32 0.079402
81 33 0.079401
81 34 0.079400
81 35 0.079398
81 36 0.079397
81 37 0.079396
81 38 0.079395
81 39 0.079393
81 40 0.079392
81 41 0.079391
81 42 0.079389
81 43 0.079388
81 44 0.079387
81 45 0.079385
81 46 0.079384
81 47 0.079382
81 48 0.079381
81 49 0.079379
81 50 0.079378
81 51 0.079376
81 52 0.079375
81 53 0.079373
81 54 0.079372
81 55 0.079370
81 56 0.079369
81 57 0.079368
81 58 0.079366
81 59 0.079365
81 60 0.079363
81 61 0.079362
81 62 0.079361
81 63 0.079359
81 64 0.079358
81 65 0.079357
81 66 0.079355
81 67 0.079354
81 68 0.079353
81 69 0.079352
81 70 0.079351
81 71 0.079350
81 72 0.079348
81 73 0.079347
81 74 0.079346
81 75 0.079346
81 76 0.079345
81 77 0.079344
81 78 0.079343
81 79 0.079342
81 80 0.079341
81 81 0.079341
81 82 0.079340
81 83 0.079340
81 84 0.079339
81 85 0.079339
81 86 0.079338
81 87 0.079338
81 88 0.079338
81 89 0.079337
81 90 0.079337
81 91 0.079337
81 92 0.079337
81 93 0.079337
81 94 0.079337
81 95 0.079338
81 96 0.079338
81 97 0.079338
81 98 0.079338
81 99 0.079338

82 0 0.079413
82 1 0.079413
82 2 0.079414
82 3 0.079414
82 4 0.079414
82 5 0.079414
82 6 0.079415
82 7 0.079415
82 8 0.079415
82 9 0.079415
82 10 0.079415
82 11 0.079414
82 12 0.079414
82 13 0.079414
82 14 0.079414
82 15 0.079413
82 16 0.079413
82 17 0.079412
82 18 0.079412
82 19 0.079411
82 20 0.079411
82 21 0.079410
82 22 0.079410
82 23 0.079409
82 24 0.079408
82 25 0.079407
82 26 0.079406
82 27 0.079406
82 28 0.079405
82 29 0.079404
82 30 0.079403
82 31 0.079402
82 32 0.079401
82 33 0.079399
82 34 0.079398
82 35 0.079397
82 36 0.079396
82 37 0.079395
82 38 0.079393
82 39 0.079392
82 40 0.079391
82 41 0.079389
82 42 0.079388
82 43 0.079387
82 44 0.079385
82 45 0.079384
82 46 0.079382
82 47 0.079381
82 48 0.079379
82 49 0.079378
82 50 0.079376
82 51 0.079375
82 52 0.079373
82 53 0.079372
82 54 0.079371
82 55 0.079369
82 56 0.079368
82 57 0.079366
82 58 0.079365
82 59 0.079363
82 60 0.079362
82 61 0.079361
82 62 0.079359
82 63 0.079358
82 64 0.079357
82 65 0.079355
82 66 0.079354
82 67 0.079353
82 68 0.079352
82 69 0.079350
82 70 0.079349
82 71 0.079348
82 72 0.079347
82 73 0.079346
82 74 0.079345
82 75 0.079344
82 76 0.079343
82 77 0.079342
82 78 0.079342
82 79 0.079341
82 80 0.079340
82 81 0.079340
82 82 0.079339
82 83 0.079338
82 84 0.079338
82 85 0.079337
82 86 0.079337
82 87 0.079337
82 88 0.079336
82 89 0.079336
82 90 0.079336
82 91 0.079336
82 92 0.079336
82 93 0.079336
82 94 0.079336
82 95 0.079337
82 96 0.079337
82 97 0.079337
82 98 0.079337
82 99 0.079337

83 0 0.079412
83 1 0.079412
83 2 0.079413
83 3 0.079413
83 4 0.079413
83 5 0.079413
83 6 0.079414
83 7 0.079414
83 8 0.079414
83 9 0.079414
83 10 0.079413
83 11 0.079413
83 12 0.079413
83 13 0.079413
83 14 0.079413
83 15 0.079412
83 16 0.079412
83 17 0.079411
83 18 0.079411
83 19 0.079410
83 20 0.079410
83 21 0.079409
83 22 0.079408
83 23 0.079408
83 24 0.079407
83 25 0.079406
83 26 0.079405
83 27 0.079404
83 28 0.079403
83 29 0.079402
83 30 0.079401
83 31 0.079400
83 32 0.079399
83 33 0.079398
83 34 0.079397
83 35 0.079396
83 36 0.079395
83 37 0.079393
83 38 0.079392
83 39 0.079391
83 40 0.079390
83 41 0.079388
83 42 0.079387
83 43 0.079385
83 44 0.079384
83 45 0.079383
83 46 0.079381
83 47 0.079380
83 48 0.079378
83 49 0.079377
83 50 0.079375
83 51 0.079374
83 52 0.079372
83 53 0.079371
83 54 0.079369
83 55 0.079368
83 56 0.079366
83 57 0.079365
83 58 0.079364
83 59 0.079362
83 60 0.079361
83 61 0.079359
83 62 0.079358
83 63 0.079357
83 64 0.079355
83 65 0.079354
83 66 0.079353
83 67 0.079352
83 68 0.079351
83 69 0.079349
83 70 0.079348
83 71 0.079347
83 72 0.079346
83 73 0.079345
83 74 0.079344
83 75 0.079343
83 76 0.079342
83 77 0.079341
83 78 0.079341
83 79 0.079340
83 80 0.079339
83 81 0.079339
83 82 0.079338
83 83 0.079337
83 84 0.079337
83 85 0.079336
83 86 0.079336
83 87 0.079336
83 88 0.079335
83 89 0.079335
83 90 0.079335
83 91 0.079335
83 92 0.079335
83 93 0.079335
83 94 0.079335
83 95 0.079336
83 96 0.079336
83 97 0.079336
83 98 0.079336
83 99 0.079336

84 0 0.079411
84 1 0.079411
84 2 0.079412
84 3 0.079412
84 4 0.079413
84 5 0.079413
84 6 0.079413
84 7 0.079413
84 8 0.079413
84 9 0.079413
84 10 0.079413
84 11 0.079412
84 12 0.079412
84 13 0.079412
84 14 0.079412
84 15 0.079411
84 16 0.079411
84 17 0.079410
84 18 0.079410
84 19 0.079409
84 20 0.079409
84 21 0.079408
84 22 0.079407
84 23 0.079407
84 24 0.079406
84 25 0.079405
84 26 0.079404
84 27 0.079403
84 28 0.079402
84 29 0.079401
84 30 0.079400
84 31 0.079399
84 32 0.079398
84 33 0.079397
84 34 0.079396
84 35 0.079395
84 36 0.079393
84 37 0.079392
84 38 0.079391
84 39 0.079390
84 40 0.079388
84 41 0.079387
84 42 0.079386
84 43 0.079384
84 44 0.079383
84 45 0.079381
84 46 0.079380
84 47 0.079378
84 48 0.079377
84 49 0.079375
84 50 0.079374
84 51 0.079372
84 52 0.079371
84 53 0.079369
84 54 0.079368
84 55 0.079367
84 56 0.079365
84 57 0.079364
84 58 0.079362
84 59 0.079361
84 60 0.079359
84 61 0.079358
84 62 0.079357
84 63 0.079355
84 64 0.079354
84 65 0.079353
84 66 0.079352
84 67 0.079350
84 68 0.079349
84 69 0.079348
84 70 0.079347
84 71 0.079346
84 72 0.079345
84 73 0.079344
84 74 0.079343
84 75 0.079342
84 76 0.079341
84 77 0.079340
84 78 0.079339
84 79 0.079339
84 80 0.079338
84 81 0.079337
84 82 0.079337
84 83 0.079336
84 84 0.079336
84 85 0.079335
84 86 0.079335
84 87 0.079335
84 88 0.079334
84 89 0.079334
84 90 0.079334
84 91 0.079334
84 92 0.079334
84 93 0.079334
84 94 0.079334
84 95 0.079334
84 96 0.079334
84 97 0.079335
84 98 0.079335
84 99 0.079335

85 0 0.079410
85 1 0.079410
85 2 0.079411
85 3 0.079411
85 4 0.079412
85 5 0.079412
85 6 0.079412
85 7 0.079412
85 8 0.079412
85 9 0.079412
85 10 0.079412
85 11 0.079411
85 12 0.079411
85 13 0.079411
85 14 0.079411
85 15 0.079410
85 16 0.079410
85 17 0.079409
85 18 0.079409
85 19 0.079408
85 20 0.079408
85 21 0.079407
85 22 0.079406
85 23 0.079406
85 24 0.079405
85 25 0.079404
85 26 0.079403
85 27 0.079402
85 28 0.079401
85 29 0.079400
85 30 0.079399
85 31 0.079398
85 32 0.079397
85 33 0.079396
85 34 0.079395
85 35 0.079394
85 36 0.079392
85 37 0.079391
85 38 0.079390
85 39 0.079389
85 40 0.079387
85 41 0.079386
85 42 0.079385
85 43 0.079383
85 44 0.079382
85 45 0.079380
85 46 0.079379
85 47 0.079377
85 48 0.079376
85 49 0.079374
85 50 0.079373
85 51 0.079371
85 52 0.079370
85 53 0.079368
85 54 0.079367
85 55 0.079366
85 56 0.079364
85 57 0.079363
85 58 0.079361
85 59 0.079360
85 60 0.079358
85 61 0.079357
85 62 0.079356
85 63 0.079354
85 64 0.079353
85 65 0.079352
85 66 0.079351
85 67 0.079349
85 68 0.079348
85 69 0.079347
85 70 0.079346
85 71 0.079345
85 72 0.079344
85 73 0.079343
85 74 0.079342
85 75 0.079341
85 76 0.079340
85 77 0.079339
85 78 0.079339
85 79 0.079338
85 80 0.079337
85 81 0.079337
85 82 0.079336
85 83 0.079335
85 84 0.079335
85 85 0.079334
85 86 0.079334
85 87 0.079334
85 88 0.079333
85 89 0.079333
85 90 0.079333
85 91 0.079333
85 92 0.079333
85 93 0.079333
85 94 0.079333
85 95 0.079334
85 96 0.079334
85 97 0.079334
85 98 0.079334
85 99 0.079335

86 0 0.079410
86 1 0.079410
86 2 0.079410
86 3 0.079410
86 4 0.079411
86 5 0.079411
86 6 0.079411
86 7 0.079411
86 8 0.079411
86 9 0.079411
86 10 0.079411
86 11 0.079411
86 12 0.079411
86 13 0.079410
86 14 0.079410
86 15 0.079410
86 16 0.079409
86 17 0.079409
86 18 0.079408
86 19 0.079408
86 20 0.079407
86 21 0.079406
86 22 0.079406
86 23 0.079405
86 24 0.079404
86 25 0.079403
86 26 0.079402
86 27 0.079401
86 28 0.079400
86 29 0.079399
86 30 0.079398
86 31 0.079397
86 32 0.079396
86 33 0.079395
86 34 0.079394
86 35 0.079393
86 36 0.079392
86 37 0.079390
86 38 0.079389
86 39 0.079388
86 40 0.079386
86 41 0.079385
86 42 0.079384
86 43 0.079382
86 44 0.079381
86 45 0.079379
86 46 0.079378
86 47 0.079376
86 48 0.079375
86 49 0.079373
86 50 0.079372
86 51 0.079370
86 52 0.079369
86 53 0.079368
86 54 0.079366
86 55 0.079365
86 56 0.079363
86 57 0.079362
86 58 0.079360
86 59 0.079359
86 60 0.079358
86 61 0.079356
86 62 0.079355
86 63 0.079354
86 64 0.079352
86 65 0.079351
86 66 0.079350
86 67 0.079349
86 68 0.079347
86 69 0.079346
86 70 0.079345
86 71 0.079344
86 72 0.079343
86 73 0.079342
86 74 0.079341
86 75 0.079340
86 76 0.079339
86 77 0.079339
86 78 0.079338
86 79 0.079337
86 80 0.079336
86 81 0.079336
86 82 0.079335
86 83 0.079335
86 84 0.079334
86 85 0.079334
86 86 0.079333
86 87 0.079333
86 88 0.079333
86 89 0.079332
86 90 0.079332
86 91 0.079332
86 92 0.079332
86 93 0.079332
86 94 0.079332
86 95 0.079333
86 96 0.079333
86 97 0.079334
86 98 0.079333
86 99 0.079334

87 0 0.079409
87 1 0.079409
87 2 0.079410
87 3 0.079410
87 4 0.079410
87 5 0.079410
87 6 0.079411
87 7 0.079411
87 8 0.079411
87 9 0.079410
87 10 0.079410
87 11 0.079410
87 12 0.079410
87 13 0.079410
87 14 0.079409
87 15 0.079409
87 16 0.079408
87 17 0.079408
87 18 0.079407
87 19 0.079407
87 20 0.079406
87 21 0.079406
87 22 0.079405
87 23 0.079404
87 24 0.079403
87 25 0.079403
87 26 0.079402
87 27 0.079401
87 28 0.079400
87 29 0.079399
87 30 0.079398
87 31 0.079397
87 32 0.079395
87 33 0.079394
87 34 0.079393
87 35 0.079392
87 36 0.079391
87 37 0.079389
87 38 0.079388
87 39 0.079387
87 40 0.079385
87 41 0.079384
87 42 0.079383
87 43 0.079381
87 44 0.079380
87 45 0.079378
87 46 0.079377
87 47 0.079376
87 48 0.079374
87 49 0.079373
87 50 0.079371
87 51 0.079370
87 52 0.079368
87 53 0.079367
87 54 0.079365
87 55 0.079364
87 56 0.079362
87 57 0.079361
87 58 0.079359
87 59 0.079358
87 60 0.079357
87 61 0.079355
87 62 0.079354
87 63 0.079353
87 64 0.079351
87 65 0.079350
87 66 0.079349
87 67 0.079348
87 68 0.079347
87 69 0.079345
87 70 0.079344
87 71 0.079343
87 72 0.079342
87 73 0.079341
87 74 0.079340
87 75 0.079339
87 76 0.079339
87 77 0.079338
87 78 0.079337
87 79 0.079336
87 80 0.079336
87 81 0.079335
87 82 0.079334
87 83 0.079334
87 84 0.079333
87 85 0.079333
87 86 0.079333
87 87 0.079332
87 88 0.079332
87 89 0.079332
87 90 0.079332
87 91 0.079332
87 92 0.079332
87 93 0.079332
87 94 0.079332
87 95 0.079332
87 96 0.079332
87 97 0.079333
87 98 0.079333
87 99 0.079333

88 0 0.079409
88 1 0.079409
88 2 0.079409
88 3 0.079409
88 4 0.079410
88 5 0.079410
88 6 0.079410
88 7 0.079410
88 8 0.079410
88 9 0.079410
88 10 0.079410
88 11 0.079410
88 12 0.079409
88 13 0.079409
88 14 0.079409
88 15 0.079408
88 16 0.079408
88 17 0.079407
88 18 0.079407
88 19 0.079406
88 20 0.079406
88 21 0.079405
88 22 0.079404
88 23 0.079404
88 24 0.079403
88 25 0.079402
88 26 0.079401
88 27 0.079400
88 28 0.079399
88 29 0.079398
88 30 0.079397
88 31 0.079396
88 32 0.079395
88 33 0.079394
88 34 0.079392
88 35 0.079391
88 36 0.079390
88 37 0.079389
88 38 0.079387
88 39 0.079386
88 40 0.079385
88 41 0.079383
88 42 0.079382
88 43 0.079381
88 44 0.079379
88 45 0.079378
88 46 0.079376
88 47 0.079375
88 48 0.079373
88 49 0.079372
88 50 0.079370
88 51 0.079369
88 52 0.079367
88 53 0.079366
88 54 0.079365
88 55 0.079363
88 56 0.079362
88 57 0.079360
88 58 0.079359
88 59 0.079357
88 60 0.079356
88 61 0.079355
88 62 0.079353
88 63 0.079352
88 64 0.079351
88 65 0.079350
88 66 0.079348
88 67 0.079347
88 68 0.079346
88 69 0.079345
88 70 0.079344
88 71 0.079343
88 72 0.079342
88 73 0.079341
88 74 0.079340
88 75 0.079339
88 76 0.079338
88 77 0.079337
88 78 0.079337
88 79 0.079336
88 80 0.079335
88 81 0.079335
88 82 0.079334
88 83 0.079333
88 84 0.079333
88 85 0.079333
88 86 0.079332
88 87 0.079332
88 88 0.079332
88 89 0.079331
88 90 0.079331
88 91 0.079331
88 92 0.079331
88 93 0.079331
88 94 0.079331
88 95 0.079332
88 96 0.079332
88 97 0.079332
88 98 0.079332
88 99 0.079333

89 0 0.079408
89 1 0.079408
89 2 0.079409
89 3 0.079409
89 4 0.079409
89 5 0.079409
89 6 0.079410
89 7 0.079410
89 8 0.079410
89 9 0.079410
89 10 0.079409
89 11 0.079409
89 12 0.079409
89 13 0.079409
89 14 0.079408
89 15 0.079408
89 16 0.079407
89 17 0.079407
89 18 0.079406
89 19 0.079406
89 20 0.079405
89 21 0.079404
89 22 0.079404
89 23 0.079403
89 24 0.079402
89 25 0.079401
89 26 0.079400
89 27 0.079399
89 28 0.079398
89 29 0.079397
89 30 0.079396
89 31 0.079395
89 32 0.079394
89 33 0.079393
89 34 0.079392
89 35 0.079391
89 36 0.079389
89 37 0.079388
89 38 0.079387
89 39 0.079385
89 40 0.079384
89 41 0.079383
89 42 0.079381
89 43 0.079380
89 44 0.079378
89 45 0.079377
89 46 0.079376
89 47 0.079374
89 48 0.079373
89 49 0.079371
89 50 0.079370
89 51 0.079368
89 52 0.079367
89 53 0.079365
89 54 0.079364
89 55 0.079362
89 56 0.079361
89 57 0.079359
89 58 0.079358
89 59 0.079357
89 60 0.079355
89 61 0.079354
89 62 0.079353
89 63 0.079351
89 64 0.079350
89 65 0.079349
89 66 0.079348
89 67 0.079346
89 68 0.079345
89 69 0.079344
89 70 0.079343
89 71 0.079342
89 72 0.079341
89 73 0.079340
89 74 0.079339
89 75 0.079338
89 76 0.079337
89 77 0.079337
89 78 0.079336
89 79 0.079335
89 80 0.079334
89 81 0.079334
89 82 0.079333
89 83 0.079333
89 84 0.079332
89 85 0.079332
89 86 0.079331
89 87 0.079331
89 88 0.079331
89 89 0.079331
89 90 0.079331
89 91 0.079330
89 92 0.079330
89 93 0.079331
89 94 0.079331
89 95 0.079331
89 96 0.079331
89 97 0.079332
89 98 0.079332
89 99 0.079332

90 0 0.079408
90 1 0.079408
90 2 0.079409
90 3 0.079409
90 4 0.079409
90 5 0.079409
90 6 0.079409
90 7 0.079409
90 8 0.079409
90 9 0.079409
90 10 0.079409
90 11 0.079409
90 12 0.079409
90 13 0.079408
90 14 0.079408
90 15 0.079407
90 16 0.079407
90 17 0.079407
90 18 0.079406
90 19 0.079405
90 20 0.079405
90 21 0.079404
90 22 0.079403
90 23 0.079403
90 24 0.079402
90 25 0.079401
90 26 0.079400
90 27 0.079399
90 28 0.079398
90 29 0.079397
90 30 0.079396
90 31 0.079395
90 32 0.079394
90 33 0.079393
90 34 0.079391
90 35 0.079390
90 36 0.079389
90 37 0.079388
90 38 0.079386
90 39 0.079385
90 40 0.079384
90 41 0.079382
90 42 0.079381
90 43 0.079379
90 44 0.079378
90 45 0.079377
90 46 0.079375
90 47 0.079374
90 48 0.079372
90 49 0.079371
90 50 0.079369
90 51 0.079368
90 52 0.079366
90 53 0.079365
90 54 0.079363
90 55 0.079362
90 56 0.079360
90 57 0.079359
90 58 0.079358
90 59 0.079356
90 60 0.079355
90 61 0.079354
90 62 0.079352
90 63 0.079351
90 64 0.079350
90 65 0.079348
90 66 0.079347
90 67 0.079346
90 68 0.079345
90 69 0.079344
90 70 0.079343
90 71 0.079342
90 72 0.079341
90 73 0.079340
90 74 0.079339
90 75 0.079338
90 76 0.079337
90 77 0.079336
90 78 0.079336
90 79 0.079335
90 80 0.079334
90 81 0.079334
90 82 0.079333
90 83 0.079333
90 84 0.079332
90 85 0.079332
90 86 0.079331
90 87 0.079331
90 88 0.079331
90 89 0.079330
90 90 0.079330
90 91 0.079330
90 92 0.079330
90 93 0.079330
90 94 0.079331
90 95 0.079331
90 96 0.079331
90 97 0.079332
90 98 0.079331
90 99 0.079332

91 0 0.079408
91 1 0.079408
91 2 0.079409
91 3 0.079409
91 4 0.079409
91 5 0.079409
91 6 0.079409
91 7 0.079409
91 8 0.079409
91 9 0.079409
91 10 0.079409
91 11 0.079409
91 12 0.079408
91 13 0.079408
91 14 0.079408
91 15 0.079407
91 16 0.079407
91 17 0.079406
91 18 0.079406
91 19 0.079405
91 20 0.079405
91 21 0.079404
91 22 0.079403
91 23 0.079402
91 24 0.079402
91 25 0.079401
91 26 0.079400
91 27 0.079399
91 28 0.079398
91 29 0.079397
91 30 0.079396
91 31 0.079395
91 32 0.079393
91 33 0.079392
91 34 0.079391
91 35 0.079390
91 36 0.079389
91 37 0.079387
91 38 0.079386
91 39 0.079385
91 40 0.079383
91 41 0.079382
91 42 0.079380
91 43 0.079379
91 44 0.079378
91 45 0.079376
91 46 0.079375
91 47 0.079373
91 48 0.079372
91 49 0.079370
91 50 0.079369
91 51 0.079367
91 52 0.079366
91 53 0.079364
91 54 0.079363
91 55 0.079361
91 56 0.079360
91 57 0.079359
91 58 0.079357
91 59 0.079356
91 60 0.079355
91 61 0.079353
91 62 0.079352
91 63 0.079351
91 64 0.079349
91 65 0.079348
91 66 0.079347
91 67 0.079346
91 68 0.079345
91 69 0.079344
91 70 0.079343
91 71 0.079341
91 72 0.079340
91 73 0.079340
91 74 0.079339
91 75 0.079338
91 76 0.079337
91 77 0.079336
91 78 0.079335
91 79 0.079335
91 80 0.079334
91 81 0.079333
91 82 0.079333
91 83 0.079332
91 84 0.079332
91 85 0.079331
91 86 0.079331
91 87 0.079331
91 88 0.079330
91 89 0.079330
91 90 0.079330
91 91 0.079330
91 92 0.079330
91 93 0.079330
91 94 0.079330
91 95 0.079331
91 96 0.079331
91 97 0.079331
91 98 0.079331
91 99 0.079332

92 0 0.079408
92 1 0.079408
92 2 0.079408
92 3 0.079408
92 4 0.079409
92 5 0.079409
92 6 0.079409
92 7 0.079409
92 8 0.079409
92 9 0.079409
92 10 0.079409
92 11 0.079408
92 12 0.079408
92 13 0.079408
92 14 0.079408
92 15 0.079407
92 16 0.079407
92 17 0.079406
92 18 0.079406
92 19 0.079405
92 20 0.079404
92 21 0.079404
92 22 0.079403
92 23 0.079402
92 24 0.079401
92 25 0.079400
92 26 0.079400
92 27 0.079399
92 28 0.079398
92 29 0.079397
92 30 0.079395
92 31 0.079394
92 32 0.079393
92 33 0.079392
92 34 0.079391
92 35 0.079390
92 36 0.079388
92 37 0.079387
92 38 0.079386
92 39 0.079384
92 40 0.079383
92 41 0.079382
92 42 0.079380
92 43 0.079379
92 44 0.079377
92 45 0.079376
92 46 0.079374
92 47 0.079373
92 48 0.079371
92 49 0.079370
92 50 0.079369
92 51 0.079367
92 52 0.079366
92 53 0.079364
92 54 0.079363
92 55 0.079361
92 56 0.079360
92 57 0.079358
92 58 0.079357
92 59 0.079356
92 60 0.079354
92 61 0.079353
92 62 0.079352
92 63 0.079350
92 64 0.079349
92 65 0.079348
92 66 0.079347
92 67 0.079346
92 68 0.079344
92 69 0.079343
92 70 0.079342
92 71 0.079341
92 72 0.079340
92 73 0.079339
92 74 0.079338
92 75 0.079338
92 76 0.079337
92 77 0.079336
92 78 0.079335
92 79 0.079335
92 80 0.079334
92 81 0.079333
92 82 0.079333
92 83 0.079332
92 84 0.079332
92 85 0.079331
92 86 0.079331
92 87 0.079331
92 88 0.079330
92 89 0.079330
92 90 0.079330
92 91 0.079330
92 92 0.079330
92 93 0.079330
92 94 0.079330
92 95 0.079331
92 96 0.079331
92 97 0.079331
92 98 0.079331
92 99 0.079332

93 0 0.079408
93 1 0.079408
93 2 0.079409
93 3 0.079409
93 4 0.079409
93 5 0.079409
93 6 0.079409
93 7 0.079409
93 8 0.079409
93 9 0.079409
93 10 0.079409
93 11 0.079409
93 12 0.079408
93 13 0.079408
93 14 0.079408
93 15 0.079407
93 16 0.079407
93 17 0.079406
93 18 0.079406
93 19 0.079405
93 20 0.079405
93 21 0.079404
93 22 0.079403
93 23 0.079402
93 24 0.079401
93 25 0.079401
93 26 0.079400
93 27 0.079399
93 28 0.079398
93 29 0.079397
93 30 0.079395
93 31 0.079394
93 32 0.079393
93 33 0.079392
93 34 0.079391
93 35 0.079390
93 36 0.079388
93 37 0.079387
93 38 0.079386
93 39 0.079384
93 40 0.079383
93 41 0.079382
93 42 0.079380
93 43 0.079379
93 44 0.079377
93 45 0.079376
93 46 0.079374
93 47 0.079373
93 48 0.079371
93 49 0.079370
93 50 0.079368
93 51 0.079367
93 52 0.079366
93 53 0.079364
93 54 0.079363
93 55 0.079361
93 56 0.079360
93 57 0.079358
93 58 0.079357
93 59 0.079356
93 60 0.079354
93 61 0.079353
93 62 0.079352
93 63 0.079350
93 64 0.079349
93 65 0.079348
93 66 0.079347
93 67 0.079346
93 68 0.079345
93 69 0.079344
93 70 0.079342
93 71 0.079341
93 72 0.079341
93 73 0.079340
93 74 0.079339
93 75 0.079338
93 76 0.079337
93 77 0.079336
93 78 0.079335
93 79 0.079335
93 80 0.079334
93 81 0.079334
93 82 0.079333
93 83 0.079332
93 84 0.079332
93 85 0.079332
93 86 0.079331
93 87 0.079331
93 88 0.079331
93 89 0.079330
93 90 0.079330
93 91 0.079330
93 92 0.079330
93 93 0.079330
93 94 0.079331
93 95 0.079331
93 96 0.079331
93 97 0.079331
93 98 0.079331
93 99 0.079332

94 0 0.079408
94 1 0.079408
94 2 0.079409
94 3 0.079409
94 4 0.079409
94 5 0.079409
94 6 0.079409
94 7 0.079409
94 8 0.079409
94 9 0.079409
94 10 0.079409
94 11 0.079409
94 12 0.079408
94 13 0.079408
94 14 0.079408
94 15 0.079407
94 16 0.079407
94 17 0.079406
94 18 0.079406
94 19 0.079405
94 20 0.079405
94 21 0.079404
94 22 0.079403
94 23 0.079402
94 24 0.079401
94 25 0.079401
94 26 0.079400
94 27 0.079399
94 28 0.079398
94 29 0.079397
94 30 0.079395
94 31 0.079394
94 32 0.079393
94 33 0.079392
94 34 0.079391
94 35 0.079390
94 36 0.079388
94 37 0.079387
94 38 0.079386
94 39 0.079384
94 40 0.079383
94 41 0.079381
94 42 0.079380
94 43 0.079379
94 44 0.079377
94 45 0.079376
94 46 0.079374
94 47 0.079373
94 48 0.079371
94 49 0.079370
94 50 0.079368
94 51 0.079367
94 52 0.079365
94 53 0.079364
94 54 0.079362
94 55 0.079361
94 56 0.079360
94 57 0.079358
94 58 0.079357
94 59 0.079355
94 60 0.079354
94 61 0.079353
94 62 0.079352
94 63 0.079350
94 64 0.079349
94 65 0.079348
94 66 0.079347
94 67 0.079346
94 68 0.079344
94 69 0.079343
94 70 0.079342
94 71 0.079341
94 72 0.079340
94 73 0.079339
94 74 0.079339
94 75 0.079338
94 76 0.079337
94 77 0.079336
94 78 0.079335
94 79 0.079335
94 80 0.079334
94 81 0.079333
94 82 0.079333
94 83 0.079332
94 84 0.079332
94 85 0.079332
94 86 0.079331
94 87 0.079331
94 88 0.079331
94 89 0.079330
94 90 0.079330
94 91 0.079330
94 92 0.079330
94 93 0.079330
94 94 0.079330
94 95 0.079331
94 96 0.079331
94 97 0.079331
94 98 0.079331
94 99 0.079332

95 0 0.079408
95 1 0.079408
95 2 0.079409
95 3 0.079409
95 4 0.079409
95 5 0.079409
95 6 0.079410
95 7 0.079410
95 8 0.079410
95 9 0.079409
95 10 0.079409
95 11 0.079409
95 12 0.079409
95 13 0.079409
95 14 0.079408
95 15 0.079408
95 16 0.079407
95 17 0.079407
95 18 0.079406
95 19 0.079406
95 20 0.079405
95 21 0.079404
95 22 0.079403
95 23 0.079403
95 24 0.079402
95 25 0.079401
95 26 0.079400
95 27 0.079399
95 28 0.079398
95 29 0.079397
95 30 0.079396
95 31 0.079395
95 32 0.079393
95 33 0.079392
95 34 0.079391
95 35 0.079390
95 36 0.079388
95 37 0.079387
95 38 0.079386
95 39 0.079384
95 40 0.079383
95 41 0.079382
95 42 0.079380
95 43 0.079379
95 44 0.079377
95 45 0.079376
95 46 0.079374
95 47 0.079373
95 48 0.079371
95 49 0.079370
95 50 0.079369
95 51 0.079367
95 52 0.079366
95 53 0.079364
95 54 0.079363
95 55 0.079361
95 56 0.079360
95 57 0.079358
95 58 0.079357
95 59 0.079356
95 60 0.079354
95 61 0.079353
95 62 0.079352
95 63 0.079351
95 64 0.079349
95 65 0.079348
95 66 0.079347
95 67 0.079346
95 68 0.079345
95 69 0.079344
95 70 0.079343
95 71 0.079342
95 72 0.079341
95 73 0.079340
95 74 0.079339
95 75 0.079338
95 76 0.079337
95 77 0.079337
95 78 0.079336
95 79 0.079335
95 80 0.079335
95 81 0.079334
95 82 0.079334
95 83 0.079333
95 84 0.079333
95 85 0.079332
95 86 0.079332
95 87 0.079331
95 88 0.079331
95 89 0.079331
95 90 0.079331
95 91 0.079331
95 92 0.079331
95 93 0.079331
95 94 0.079331
95 95 0.079331
95 96 0.079331
95 97 0.079332
95 98 0.079332
95 99 0.079332

96 0 0.079408
96 1 0.079409
96 2 0.079409
96 3 0.079409
96 4 0.079410
96 5 0.079410
96 6 0.079410
96 7 0.079410
96 8 0.079410
96 9 0.079410
96 10 0.079410
96 11 0.079410
96 12 0.079409
96 13 0.079409
96 14 0.079409
96 15 0.079408
96 16 0.079408
96 17 0.079407
96 18 0.079407
96 19 0.079406
96 20 0.079405
96 21 0.079405
96 22 0.079404
96 23 0.079403
96 24 0.079402
96 25 0.079401
96 26 0.079400
96 27 0.079399
96 28 0.079398
96 29 0.079397
96 30 0.079396
96 31 0.079395
96 32 0.079394
96 33 0.079393
96 34 0.079391
96 35 0.079390
96 36 0.079389
96 37 0.079388
96 38 0.079386
96 39 0.079385
96 40 0.079383
96 41 0.079382
96 42 0.079381
96 43 0.079379
96 44 0.079378
96 45 0.079376
96 46 0.079375
96 47 0.079373
96 48 0.079372
96 49 0.079370
96 50 0.079369
96 51 0.079367
96 52 0.079366
96 53 0.079364
96 54 0.079363
96 55 0.079361
96 56 0.079360
96 57 0.079359
96 58 0.079357
96 59 0.079356
96 60 0.079355
96 61 0.079353
96 62 0.079352
96 63 0.079351
96 64 0.079350
96 65 0.079348
96 66 0.079347
96 67 0.079346
96 68 0.079345
96 69 0.079344
96 70 0.079343
96 71 0.079342
96 72 0.079341
96 73 0.079340
96 74 0.079339
96 75 0.079339
96 76 0.079338
96 77 0.079337
96 78 0.079336
96 79 0.079336
96 80 0.079335
96 81 0.079334
96 82 0.079334
96 83 0.079333
96 84 0.079333
96 85 0.079333
96 86 0.079332
96 87 0.079332
96 88 0.079332
96 89 0.079331
96 90 0.079331
96 91 0.079331
96 92 0.079331
96 93 0.079331
96 94 0.079331
96 95 0.079332
96 96 0.079332
96 97 0.079332
96 98 0.079332
96 99 0.079332

97 0 0.079409
97 1 0.079409
97 2 0.079410
97 3 0.079410
97 4 0.079410
97 5 0.079410
97 6 0.079410
97 7 0.079410
97 8 0.079410
97 9 0.079410
97 10 0.079410
97 11 0.079410
97 12 0.079410
97 13 0.079409
97 14 0.079409
97 15 0.079408
97 16 0.079408
97 17 0.079407
97 18 0.079407
97 19 0.079406
97 20 0.079406
97 21 0.079405
97 22 0.079404
97 23 0.079403
97 24 0.079403
97 25 0.079402
97 26 0.079401
97 27 0.079400
97 28 0.079399
97 29 0.079398
97 30 0.079397
97 31 0.079395
97 32 0.079394
97 33 0.079393
97 34 0.079392
97 35 0.079391
97 36 0.079389
97 37 0.079388
97 38 0.079387
97 39 0.079385
97 40 0.079384
97 41 0.079382
97 42 0.079381
97 43 0.079380
97 44 0.079378
97 45 0.079377
97 46 0.079375
97 47 0.079374
97 48 0.079372
97 49 0.079371
97 50 0.079369
97 51 0.079368
97 52 0.079366
97 53 0.079365
97 54 0.079363
97 55 0.079362
97 56 0.079360
97 57 0.079359
97 58 0.079358
97 59 0.079356
97 60 0.079355
97 61 0.079354
97 62 0.079352
97 63 0.079351
97 64 0.079350
97 65 0.079349
97 66 0.079348
97 67 0.079347
97 68 0.079345
97 69 0.079344
97 70 0.079343
97 71 0.079342
97 72 0.079342
97 73 0.079341
97 74 0.079340
97 75 0.079339
97 76 0.079338
97 77 0.079337
97 78 0.079337
97 79 0.079336
97 80 0.079336
97 81 0.079335
97 82 0.079334
97 83 0.079334
97 84 0.079334
97 85 0.079333
97 86 0.079333
97 87 0.079332
97 88 0.079332
97 89 0.079332
97 90 0.079332
97 91 0.079332
97 92 0.079332
97 93 0.079332
97 94 0.079332
97 95 0.079332
97 96 0.079332
97 97 0.079333
97 98 0.079332
97 99 0.079333

98 0 0.079410
98 1 0.079410
98 2 0.079411
98 3 0.079411
98 4 0.079412
98 5 0.079412
98 6 0.079412
98 7 0.079412
98 8 0.079412
98 9 0.079412
98 10 0.079412
98 11 0.079411
98 12 0.079411
98 13 0.079411
98 14 0.079410
98 15 0.079410
98 16 0.079409
98 17 0.079409
98 18 0.079408
98 19 0.079408
98 20 0.079407
98 21 0.079406
98 22 0.079405
98 23 0.079404
98 24 0.079403
98 25 0.079402
98 26 0.079401
98 27 0.079400
98 28 0.079399
98 29 0.079398
98 30 0.079397
98 31 0.079396
98 32 0.079395
98 33 0.079393
98 34 0.079392
98 35 0.079391
98 36 0.079389
98 37 0.079388
98 38 0.079387
98 39 0.079385
98 40 0.079384
98 41 0.079382
98 42 0.079381
98 43 0.079380
98 44 0.079378
98 45 0.079377
98 46 0.079375
98 47 0.079374
98 48 0.079372
98 49 0.079371
98 50 0.079369
98 51 0.079368
98 52 0.079366
98 53 0.079365
98 54 0.079363
98 55 0.079362
98 56 0.079361
98 57 0.079359
98 58 0.079358
98 59 0.079357
98 60 0.079355
98 61 0.079354
98 62 0.079353
98 63 0.079352
98 64 0.079350
98 65 0.079349
98 66 0.079348
98 67 0.079347
98 68 0.079346
98 69 0.079345
98 70 0.079344
98 71 0.079343
98 72 0.079342
98 73 0.079341
98 74 0.079340
98 75 0.079340
98 76 0.079339
98 77 0.079338
98 78 0.079337
98 79 0.079337
98 80 0.079336
98 81 0.079336
98 82 0.079335
98 83 0.079335
98 84 0.079334
98 85 0.079334
98 86 0.079333
98 87 0.079333
98 88 0.079333
98 89 0.079333
98 90 0.079332
98 91 0.079332
98 92 0.079332
98 93 0.079332
98 94 0.079332
98 95 0.079333
98 96 0.079333
98 97 0.079333
98 98 0.079333
98 99 0.079333

99 0 0.079410
99 1 0.079410
99 2 0.079410
99 3 0.079410
99 4 0.079410
99 5 0.079410
99 6 0.079410
99 7 0.079410
99 8 0.079410
99 9 0.079410
99 10 0.079410
99 11 0.079410
99 12 0.079410
99 13 0.079409
99 14 0.079409
99 15 0.079409
99 16 0.079408
99 17 0.079408
99 18 0.079407
99 19 0.079407
99 20 0.079406
99 21 0.079405
99 22 0.079405
99 23 0.079404
99 24 0.079403
99 25 0.079402
99 26 0.079401
99 27 0.079401
99 28 0.079400
99 29 0.079399
99 30 0.079397
99 31 0.079396
99 32 0.079395
99 33 0.079394
99 34 0.079393
99 35 0.079392
99 36 0.079390
99 37 0.079389
99 38 0.079388
99 39 0.079386
99 40 0.079385
99 41 0.079384
99 42 0.079382
99 43 0.079381
99 44 0.079379
99 45 0.079378
99 46 0.079376
99 47 0.079375
99 48 0.079373
99 49 0.079371
99 50 0.079370
99 51 0.079368
99 52 0.079367
99 53 0.079365
99 54 0.079364
99 55 0.079362
99 56 0.079361
99 57 0.079359
99 58 0.079358
99 59 0.079356
99 60 0.079355
99 61 0.079354
99 62 0.079352
99 63 0.079351
99 64 0.079350
99 65 0.079349
99 66 0.079348
99 67 0.079347
99 68 0.079346
99 69 0.079345
99 70 0.079344
99 71 0.079343
99 72 0.079342
99 73 0.079341
99 74 0.079340
99 75 0.079339
99 76 0.079339
99 77 0.079338
99 78 0.079337
99 79 0.079337
99 80 0.079336
99 81 0.079336
99 82 0.079335
99 83 0.079335
99 84 0.079334
99 85 0.079334
99 86 0.079333
99 87 0.079333
99 88 0.079333
99 89 0.079333
99 90 0.079333
99 91 0.079332
99 92 0.079332
99 93 0.079332
99 94 0.079332
99 95 0.079333
99 96 0.079333
99 97 0.079333
99 98 0.079333
99 99 0.079333

