0 0 0.079425
0 1 0.079425
0 2 0.079425
0 3 0.079424
0 4 0.079424
0 5 0.079424
0 6 0.079423
0 7 0.079424
0 8 0.079424
0 9 0.079424
0 10 0.079424
0 11 0.079424
0 12 0.079425
0 13 0.079425
0 14 0.079425
0 15 0.079426
0 16 0.079426
0 17 0.079427
0 18 0.079428
0 19 0.079429
0 20 0.079429
0 21 0.079430
0 22 0.079431
0 23 0.079432
0 24 0.079433
0 25 0.079434
0 26 0.079435
0 27 0.079436
0 28 0.079437
0 29 0.079439
0 30 0.079440
0 31 0.079441
0 32 0.079442
0 33 0.079444
0 34 0.079445
0 35 0.079446
0 36 0.079447
0 37 0.079448
0 38 0.079449
0 39 0.079450
0 40 0.079450
0 41 0.079451
0 42 0.079451
0 43 0.079452
0 44 0.079452
0 45 0.079452
0 46 0.079453
0 47 0.079453
0 48 0.079453
0 49 0.079453
0 50 0.079452
0 51 0.079452
0 52 0.079452
0 53 0.079452
0 54 0.079452
0 55 0.079451
0 56 0.079451
0 57 0.079451
0 58 0.079450
0 59 0.079450
0 60 0.079450
0 61 0.079450
0 62 0.079449
0 63 0.079449
0 64 0.079449
0 65 0.079449
0 66 0.079449
0 67 0.079449
0 68 0.079450
0 69 0.079450
0 70 0.079450
0 71 0.079450
0 72 0.079451
0 73 0.079451
0 74 0.079451
0 75 0.079451
0 76 0.079451
0 77 0.079451
0 78 0.079451
0 79 0.079450
0 80 0.079450
0 81 0.079449
0 82 0.079449
0 83 0.079448
0 84 0.079447
0 85 0.079446
0 86 0.079445
0 87 0.079443
0 88 0.079442
0 89 0.079441
0 90 0.079440
0 91 0.079438
0 92 0.079437
0 93 0.079436
0 94 0.079435
0 95 0.079434
0 96 0.079433
0 97 0.079433
0 98 0.079432
0 99 0.079432

1 0 0.079425
1 1 0.079423
1 2 0.079423
1 3 0.079422
1 4 0.079422
1 5 0.079422
1 6 0.079422
1 7 0.079422
1 8 0.079422
1 9 0.079423
1 10 0.079423
1 11 0.079423
1 12 0.079424
1 13 0.079424
1 14 0.079425
1 15 0.079425
1 16 0.079426
1 17 0.079426
1 18 0.079427
1 19 0.079428
1 20 0.079429
1 21 0.079430
1 22 0.079431
1 23 0.079432
1 24 0.079433
1 25 0.079434
1 26 0.079435
1 27 0.079436
1 28 0.079437
1 29 0.079439
1 30 0.079440
1 31 0.079441
1 32 0.079442
1 33 0.079444
1 34 0.079445
1 35 0.079446
1 36 0.079447
1 37 0.079448
1 38 0.079449
1 39 0.079449
1 40 0.079450
1 41 0.079451
1 42 0.079451
1 43 0.079452
1 44 0.079452
1 45 0.079452
1 46 0.079452
1 47 0.079452
1 48 0.079452
1 49 0.079452
1 50 0.079452
1 51 0.079452
1 52 0.079451
1 53 0.079451
1 54 0.079451
1 55 0.079450
1 56 0.079450
1 57 0.079450
1 58 0.079449
1 59 0.079449
1 60 0.079449
1 61 0.079449
1 62 0.079449
1 63 0.079449
1 64 0.079448
1 65 0.079449
1 66 0.079449
1 67 0.079449
1 68 0.079449
1 69 0.079449
1 70 0.079449
1 71 0.079450
1 72 0.079450
1 73 0.079450
1 74 0.079450
1 75 0.079450
1 76 0.079450
1 77 0.079450
1 78 0.079450
1 79 0.079450
1 80 0.079449
1 81 0.079448
1 82 0.079448
1 83 0.079447
1 84 0.079446
1 85 0.079445
1 86 0.079444
1 87 0.079443
1 88 0.079441
1 89 0.079440
1 90 0.079439
1 91 0.079437
1 92 0.079436
1 93 0.079435
1 94 0.079434
1 95 0.079433
1 96 0.079432
1 97 0.079432
1 98 0.079431
1 99 0.079432

2 0 0.079424
2 1 0.079423
2 2 0.079423
2 3 0.079422
2 4 0.079422
2 5 0.079422
2 6 0.079422
2 7 0.079422
2 8 0.079422
2 9 0.079422
2 10 0.079423
2 11 0.079423
2 12 0.079423
2 13 0.079424
2 14 0.079424
2 15 0.079425
2 16 0.079425
2 17 0.079426
2 18 0.079427
2 19 0.079428
2 20 0.079429
2 21 0.079429
2 22 0.079430
2 23 0.079431
2 24 0.079433
2 25 0.079434
2 26 0.079435
2 27 0.079436
2 28 0.079437
2 29 0.079438
2 30 0.079440
2 31 0.079441
2 32 0.079442
2 33 0.079443
2 34 0.079444
2 35 0.079445
2 36 0.079446
2 37 0.079447
2 38 0.079448
2 39 0.079449
2 40 0.079450
2 41 0.079450
2 42 0.079451
2 43 0.079451
2 44 0.079451
2 45 0.079451
2 46 0.079452
2 47 0.079452
2 48 0.079452
2 49 0.079452
2 50 0.079451
2 51 0.079451
2 52 0.079451
2 53 0.079451
2 54 0.079450
2 55 0.079450
2 56 0.079450
2 57 0.079449
2 58 0.079449
2 59 0.079449
2 60 0.079449
2 61 0.079448
2 62 0.079448
2 63 0.079448
2 64 0.079448
2 65 0.079448
2 66 0.079448
2 67 0.079448
2 68 0.079448
2 69 0.079449
2 70 0.079449
2 71 0.079449
2 72 0.079449
2 73 0.079450
2 74 0.079450
2 75 0.079450
2 76 0.079450
2 77 0.079450
2 78 0.079449
2 79 0.079449
2 80 0.079448
2 81 0.079448
2 82 0.079447
2 83 0.079446
2 84 0.079445
2 85 0.079444
2 86 0.079443
2 87 0.079442
2 88 0.079441
2 89 0.079439
2 90 0.079438
2 91 0.079437
2 92 0.079435
2 93 0.079434
2 94 0.079433
2 95 0.079433
2 96 0.079432
2 97 0.079432
2 98 0.079431
2 99 0.079431

3 0 0.079423
3 1 0.079422
3 2 0.079422
3 3 0.079421
3 4 0.079421
3 5 0.079421
3 6 0.079421
3 7 0.079421
3 8 0.079421
3 9 0.079421
3 10 0.079422
3 11 0.079422
3 12 0.079422
3 13 0.079423
3 14 0.079423
3 15 0.079424
3 16 0.079425
3 17 0.079425
3 18 0.079426
3 19 0.079427
3 20 0.079428
3 21 0.079429
3 22 0.079430
3 23 0.079431
3 24 0.079432
3 25 0.079433
3 26 0.079434
3 27 0.079435
3 28 0.079436
3 29 0.079438
3 30 0.079439
3 31 0.079440
3 32 0.079441
3 33 0.079442
3 34 0.079444
3 35 0.079445
3 36 0.079446
3 37 0.079447
3 38 0.079447
3 39 0.079448
3 40 0.079449
3 41 0.079450
3 42 0.079450
3 43 0.079450
3 44 0.079451
3 45 0.079451
3 46 0.079451
3 47 0.079451
3 48 0.079451
3 49 0.079451
3 50 0.079451
3 51 0.079451
3 52 0.079450
3 53 0.079450
3 54 0.079450
3 55 0.079450
3 56 0.079449
3 57 0.079449
3 58 0.079449
3 59 0.079448
3 60 0.079448
3 61 0.079448
3 62 0.079448
3 63 0.079448
3 64 0.079448
3 65 0.079448
3 66 0.079448
3 67 0.079448
3 68 0.079448
3 69 0.079448
3 70 0.079449
3 71 0.079449
3 72 0.079449
3 73 0.079449
3 74 0.079449
3 75 0.079449
3 76 0.079449
3 77 0.079449
3 78 0.079449
3 79 0.079448
3 80 0.079448
3 81 0.079447
3 82 0.079446
3 83 0.079445
3 84 0.079444
3 85 0.079443
3 86 0.079442
3 87 0.079441
3 88 0.079440
3 89 0.079438
3 90 0.079437
3 91 0.079436
3 92 0.079435
3 93 0.079433
3 94 0.079432
3 95 0.079432
3 96 0.079431
3 97 0.079431
3 98 0.079430
3 99 0.079430

4 0 0.079423
4 1 0.079421
4 2 0.079421
4 3 0.079421
4 4 0.079421
4 5 0.079421
4 6 0.079420
4 7 0.079421
4 8 0.079421
4 9 0.079421
4 10 0.079421
4 11 0.079422
4 12 0.079422
4 13 0.079423
4 14 0.079423
4 15 0.079424
4 16 0.079424
4 17 0.079425
4 18 0.079426
4 19 0.079427
4 20 0.079427
4 21 0.079428
4 22 0.079429
4 23 0.079430
4 24 0.079432
4 25 0.079433
4 26 0.079434
4 27 0.079435
4 28 0.079436
4 29 0.079437
4 30 0.079439
4 31 0.079440
4 32 0.079441
4 33 0.079442
4 34 0.079443
4 35 0.079444
4 36 0.079445
4 37 0.079446
4 38 0.079447
4 39 0.079448
4 40 0.079449
4 41 0.079449
4 42 0.079450
4 43 0.079450
4 44 0.079450
4 45 0.079450
4 46 0.079451
4 47 0.079451
4 48 0.079451
4 49 0.079450
4 50 0.079450
4 51 0.079450
4 52 0.079450
4 53 0.079450
4 54 0.079449
4 55 0.079449
4 56 0.079449
4 57 0.079448
4 58 0.079448
4 59 0.079448
4 60 0.079447
4 61 0.079447
4 62 0.079447
4 63 0.079447
4 64 0.079447
4 65 0.079447
4 66 0.079447
4 67 0.079447
4 68 0.079448
4 69 0.079448
4 70 0.079448
4 71 0.079448
4 72 0.079449
4 73 0.079449
4 74 0.079449
4 75 0.079449
4 76 0.079449
4 77 0.079448
4 78 0.079448
4 79 0.079448
4 80 0.079447
4 81 0.079446
4 82 0.079445
4 83 0.079445
4 84 0.079444
4 85 0.079443
4 86 0.079441
4 87 0.079440
4 88 0.079439
4 89 0.079438
4 90 0.079437
4 91 0.079435
4 92 0.079434
4 93 0.079433
4 94 0.079432
4 95 0.079431
4 96 0.079430
4 97 0.079430
4 98 0.079429
4 99 0.079430

5 0 0.079422
5 1 0.079421
5 2 0.079421
5 3 0.079420
5 4 0.079420
5 5 0.079420
5 6 0.079420
5 7 0.079420
5 8 0.079420
5 9 0.079421
5 10 0.079421
5 11 0.079421
5 12 0.079422
5 13 0.079422
5 14 0.079423
5 15 0.079423
5 16 0.079424
5 17 0.079425
5 18 0.079425
5 19 0.079426
5 20 0.079427
5 21 0.079428
5 22 0.079429
5 23 0.079430
5 24 0.079431
5 25 0.079432
5 26 0.079433
5 27 0.079434
5 28 0.079435
5 29 0.079437
5 30 0.079438
5 31 0.079439
5 32 0.079440
5 33 0.079441
5 34 0.079442
5 35 0.079443
5 36 0.079444
5 37 0.079445
5 38 0.079446
5 39 0.079447
5 40 0.079448
5 41 0.079448
5 42 0.079449
5 43 0.079449
5 44 0.079450
5 45 0.079450
5 46 0.079450
5 47 0.079450
5 48 0.079450
5 49 0.079450
5 50 0.079450
5 51 0.079450
5 52 0.079449
5 53 0.079449
5 54 0.079449
5 55 0.079449
5 56 0.079448
5 57 0.079448
5 58 0.079448
5 59 0.079448
5 60 0.079447
5 61 0.079447
5 62 0.079447
5 63 0.079447
5 64 0.079447
5 65 0.079447
5 66 0.079447
5 67 0.079447
5 68 0.079448
5 69 0.079448
5 70 0.079448
5 71 0.079448
5 72 0.079448
5 73 0.079449
5 74 0.079449
5 75 0.079449
5 76 0.079448
5 77 0.079448
5 78 0.079448
5 79 0.079447
5 80 0.079446
5 81 0.079446
5 82 0.079445
5 83 0.079444
5 84 0.079443
5 85 0.079442
5 86 0.079441
5 87 0.079439
5 88 0.079438
5 89 0.079437
5 90 0.079436
5 91 0.079434
5 92 0.079433
5 93 0.079432
5 94 0.079431
5 95 0.079430
5 96 0.079429
5 97 0.079429
5 98 0.079428
5 99 0.079429

6 0 0.079422
6 1 0.079420
6 2 0.079420
6 3 0.079420
6 4 0.079420
6 5 0.079420
6 6 0.079419
6 7 0.079420
6 8 0.079420
6 9 0.079420
6 10 0.079420
6 11 0.079421
6 12 0.079421
6 13 0.079422
6 14 0.079422
6 15 0.079423
6 16 0.079423
6 17 0.079424
6 18 0.079425
6 19 0.079426
6 20 0.079426
6 21 0.079427
6 22 0.079428
6 23 0.079429
6 24 0.079430
6 25 0.079432
6 26 0.079433
6 27 0.079434
6 28 0.079435
6 29 0.079436
6 30 0.079437
6 31 0.079439
6 32 0.079440
6 33 0.079441
6 34 0.079442
6 35 0.079443
6 36 0.079444
6 37 0.079445
6 38 0.079446
6 39 0.079447
6 40 0.079447
6 41 0.079448
6 42 0.079448
6 43 0.079449
6 44 0.079449
6 45 0.079449
6 46 0.079449
6 47 0.079449
6 48 0.079449
6 49 0.079449
6 50 0.079449
6 51 0.079449
6 52 0.079449
6 53 0.079449
6 54 0.079448
6 55 0.079448
6 56 0.079448
6 57 0.079447
6 58 0.079447
6 59 0.079447
6 60 0.079447
6 61 0.079447
6 62 0.079446
6 63 0.079446
6 64 0.079446
6 65 0.079446
6 66 0.079447
6 67 0.079447
6 68 0.079447
6 69 0.079447
6 70 0.079448
6 71 0.079448
6 72 0.079448
6 73 0.079448
6 74 0.079448
6 75 0.079448
6 76 0.079448
6 77 0.079447
6 78 0.079447
6 79 0.079446
6 80 0.079446
6 81 0.079445
6 82 0.079444
6 83 0.079443
6 84 0.079442
6 85 0.079441
6 86 0.079440
6 87 0.079439
6 88 0.079438
6 89 0.079436
6 90 0.079435
6 91 0.079434
6 92 0.079433
6 93 0.079431
6 94 0.079430
6 95 0.079430
6 96 0.079429
6 97 0.079429
6 98 0.079428
6 99 0.079428

7 0 0.079421
7 1 0.079420
7 2 0.079420
7 3 0.079420
7 4 0.079419
7 5 0.079419
7 6 0.079419
7 7 0.079419
7 8 0.079420
7 9 0.079420
7 10 0.079420
7 11 0.079421
7 12 0.079421
7 13 0.079421
7 14 0.079422
7 15 0.079422
7 16 0.079423
7 17 0.079424
7 18 0.079424
7 19 0.079425
7 20 0.079426
7 21 0.079427
7 22 0.079428
7 23 0.079429
7 24 0.079430
7 25 0.079431
7 26 0.079432
7 27 0.079433
7 28 0.079434
7 29 0.079436
7 30 0.079437
7 31 0.079438
7 32 0.079439
7 33 0.079440
7 34 0.079441
7 35 0.079442
7 36 0.079443
7 37 0.079444
7 38 0.079445
7 39 0.079446
7 40 0.079446
7 41 0.079447
7 42 0.079447
7 43 0.079448
7 44 0.079448
7 45 0.079448
7 46 0.079449
7 47 0.079449
7 48 0.079449
7 49 0.079449
7 50 0.079449
7 51 0.079449
7 52 0.079448
7 53 0.079448
7 54 0.079448
7 55 0.079448
7 56 0.079447
7 57 0.079447
7 58 0.079447
7 59 0.079447
7 60 0.079446
7 61 0.079446
7 62 0.079446
7 63 0.079446
7 64 0.079446
7 65 0.079446
7 66 0.079447
7 67 0.079447
7 68 0.079447
7 69 0.079447
7 70 0.079447
7 71 0.079448
7 72 0.079448
7 73 0.079448
7 74 0.079448
7 75 0.079448
7 76 0.079447
7 77 0.079447
7 78 0.079446
7 79 0.079446
7 80 0.079445
7 81 0.079444
7 82 0.079443
7 83 0.079442
7 84 0.079441
7 85 0.079440
7 86 0.079439
7 87 0.079438
7 88 0.079437
7 89 0.079435
7 90 0.079434
7 91 0.079433
7 92 0.079432
7 93 0.079430
7 94 0.079430
7 95 0.079429
7 96 0.079428
7 97 0.079428
7 98 0.079427
7 99 0.079427

8 0 0.079421
8 1 0.079420
8 2 0.079420
8 3 0.079419
8 4 0.079419
8 5 0.079419
8 6 0.079419
8 7 0.079419
8 8 0.079419
8 9 0.079420
8 10 0.079420
8 11 0.079420
8 12 0.079421
8 13 0.079421
8 14 0.079422
8 15 0.079422
8 16 0.079423
8 17 0.079423
8 18 0.079424
8 19 0.079425
8 20 0.079426
8 21 0.079427
8 22 0.079427
8 23 0.079428
8 24 0.079429
8 25 0.079431
8 26 0.079432
8 27 0.079433
8 28 0.079434
8 29 0.079435
8 30 0.079436
8 31 0.079437
8 32 0.079438
8 33 0.079440
8 34 0.079441
8 35 0.079442
8 36 0.079443
8 37 0.079443
8 38 0.079444
8 39 0.079445
8 40 0.079446
8 41 0.079446
8 42 0.079447
8 43 0.079447
8 44 0.079448
8 45 0.079448
8 46 0.079448
8 47 0.079448
8 48 0.079448
8 49 0.079448
8 50 0.079448
8 51 0.079448
8 52 0.079448
8 53 0.079448
8 54 0.079447
8 55 0.079447
8 56 0.079447
8 57 0.079447
8 58 0.079446
8 59 0.079446
8 60 0.079446
8 61 0.079446
8 62 0.079446
8 63 0.079446
8 64 0.079446
8 65 0.079446
8 66 0.079446
8 67 0.079446
8 68 0.079447
8 69 0.079447
8 70 0.079447
8 71 0.079447
8 72 0.079447
8 73 0.079447
8 74 0.079447
8 75 0.079447
8 76 0.079447
8 77 0.079446
8 78 0.079446
8 79 0.079445
8 80 0.079444
8 81 0.079444
8 82 0.079443
8 83 0.079442
8 84 0.079441
8 85 0.079440
8 86 0.079439
8 87 0.079437
8 88 0.079436
8 89 0.079435
8 90 0.079434
8 91 0.079432
8 92 0.079431
8 93 0.079430
8 94 0.079429
8 95 0.079428
8 96 0.079428
8 97 0.079427
8 98 0.079427
8 99 0.079427

9 0 0.079421
9 1 0.079420
9 2 0.079420
9 3 0.079419
9 4 0.079419
9 5 0.079419
9 6 0.079419
9 7 0.079419
9 8 0.079419
9 9 0.079419
9 10 0.079420
9 11 0.079420
9 12 0.079420
9 13 0.079421
9 14 0.079421
9 15 0.079422
9 16 0.079422
9 17 0.079423
9 18 0.079424
9 19 0.079424
9 20 0.079425
9 21 0.079426
9 22 0.079427
9 23 0.079428
9 24 0.079429
9 25 0.079430
9 26 0.079431
9 27 0.079432
9 28 0.079433
9 29 0.079434
9 30 0.079435
9 31 0.079437
9 32 0.079438
9 33 0.079439
9 34 0.079440
9 35 0.079441
9 36 0.079442
9 37 0.079443
9 38 0.079443
9 39 0.079444
9 40 0.079445
9 41 0.079446
9 42 0.079446
9 43 0.079447
9 44 0.079447
9 45 0.079447
9 46 0.079447
9 47 0.079448
9 48 0.079448
9 49 0.079448
9 50 0.079448
9 51 0.079447
9 52 0.079447
9 53 0.079447
9 54 0.079447
9 55 0.079447
9 56 0.079446
9 57 0.079446
9 58 0.079446
9 59 0.079446
9 60 0.079446
9 61 0.079446
9 62 0.079446
9 63 0.079446
9 64 0.079446
9 65 0.079446
9 66 0.079446
9 67 0.079446
9 68 0.079446
9 69 0.079447
9 70 0.079447
9 71 0.079447
9 72 0.079447
9 73 0.079447
9 74 0.079447
9 75 0.079447
9 76 0.079446
9 77 0.079446
9 78 0.079445
9 79 0.079445
9 80 0.079444
9 81 0.079443
9 82 0.079442
9 83 0.079441
9 84 0.079440
9 85 0.079439
9 86 0.079438
9 87 0.079437
9 88 0.079435
9 89 0.079434
9 90 0.079433
9 91 0.079431
9 92 0.079430
9 93 0.079429
9 94 0.079428
9 95 0.079428
9 96 0.079427
9 97 0.079427
9 98 0.079426
9 99 0.079426

10 0 0.079420
10 1 0.079420
10 2 0.079420
10 3 0.079419
10 4 0.079419
10 5 0.079419
10 6 0.079419
10 7 0.079419
10 8 0.079419
10 9 0.079419
10 10 0.079420
10 11 0.079420
10 12 0.079420
10 13 0.079421
10 14 0.079421
10 15 0.079422
10 16 0.079422
10 17 0.079423
10 18 0.079423
10 19 0.079424
10 20 0.079425
10 21 0.079426
10 22 0.079427
10 23 0.079428
10 24 0.079428
10 25 0.079429
10 26 0.079431
10 27 0.079432
10 28 0.079433
10 29 0.079434
10 30 0.079435
10 31 0.079436
10 32 0.079437
10 33 0.079438
10 34 0.079439
10 35 0.079440
10 36 0.079441
10 37 0.079442
10 38 0.079443
10 39 0.079444
10 40 0.079444
10 41 0.079445
10 42 0.079445
10 43 0.079446
10 44 0.079446
10 45 0.079447
10 46 0.079447
10 47 0.079447
10 48 0.079447
10 49 0.079447
10 50 0.079447
10 51 0.079447
10 52 0.079447
10 53 0.079447
10 54 0.079446
10 55 0.079446
10 56 0.079446
10 57 0.079446
10 58 0.079446
10 59 0.079445
10 60 0.079445
10 61 0.079445
10 62 0.079445
10 63 0.079445
10 64 0.079445
10 65 0.079445
10 66 0.079446
10 67 0.079446
10 68 0.079446
10 69 0.079446
10 70 0.079446
10 71 0.079447
10 72 0.079447
10 73 0.079447
10 74 0.079446
10 75 0.079446
10 76 0.079446
10 77 0.079445
10 78 0.079445
10 79 0.079444
10 80 0.079443
10 81 0.079442
10 82 0.079441
10 83 0.079440
10 84 0.079439
10 85 0.079438
10 86 0.079437
10 87 0.079436
10 88 0.079435
10 89 0.079433
10 90 0.079432
10 91 0.079431
10 92 0.079430
10 93 0.079429
10 94 0.079428
10 95 0.079427
10 96 0.079426
10 97 0.079426
10 98 0.079425
10 99 0.079425

11 0 0.079420
11 1 0.079419
11 2 0.079419
11 3 0.079419
11 4 0.079419
11 5 0.079419
11 6 0.079418
11 7 0.079419
11 8 0.079419
11 9 0.079419
11 10 0.079419
11 11 0.079420
11 12 0.079420
11 13 0.079420
11 14 0.079421
11 15 0.079421
11 16 0.079422
11 17 0.079422
11 18 0.079423
11 19 0.079424
11 20 0.079424
11 21 0.079425
11 22 0.079426
11 23 0.079427
11 24 0.079428
11 25 0.079429
11 26 0.079430
11 27 0.079431
11 28 0.079432
11 29 0.079433
11 30 0.079434
11 31 0.079435
11 32 0.079436
11 33 0.079437
11 34 0.079438
11 35 0.079439
11 36 0.079440
11 37 0.079441
11 38 0.079442
11 39 0.079443
11 40 0.079444
11 41 0.079444
11 42 0.079445
11 43 0.079445
11 44 0.079446
11 45 0.079446
11 46 0.079446
11 47 0.079446
11 48 0.079446
11 49 0.079446
11 50 0.079446
11 51 0.079446
11 52 0.079446
11 53 0.079446
11 54 0.079446
11 55 0.079446
11 56 0.079445
11 57 0.079445
11 58 0.079445
11 59 0.079445
11 60 0.079445
11 61 0.079445
11 62 0.079445
11 63 0.079445
11 64 0.079445
11 65 0.079445
11 66 0.079445
11 67 0.079446
11 68 0.079446
11 69 0.079446
11 70 0.079446
11 71 0.079446
11 72 0.079446
11 73 0.079446
11 74 0.079446
11 75 0.079446
11 76 0.079445
11 77 0.079445
11 78 0.079444
11 79 0.079443
11 80 0.079442
11 81 0.079442
11 82 0.079441
11 83 0.079440
11 84 0.079439
11 85 0.079437
11 86 0.079436
11 87 0.079435
11 88 0.079434
11 89 0.079433
11 90 0.079432
11 91 0.079430
11 92 0.079429
11 93 0.079428
11 94 0.079427
11 95 0.079427
11 96 0.079426
11 97 0.079426
11 98 0.079425
11 99 0.079425

12 0 0.079420
12 1 0.079419
12 2 0.079419
12 3 0.079419
12 4 0.079419
12 5 0.079419
12 6 0.079418
12 7 0.079419
12 8 0.079419
12 9 0.079419
12 10 0.079419
12 11 0.079419
12 12 0.079420
12 13 0.079420
12 14 0.079421
12 15 0.079421
12 16 0.079421
12 17 0.079422
12 18 0.079423
12 19 0.079423
12 20 0.079424
12 21 0.079425
12 22 0.079426
12 23 0.079427
12 24 0.079427
12 25 0.079428
12 26 0.079429
12 27 0.079430
12 28 0.079432
12 29 0.079433
12 30 0.079434
12 31 0.079435
12 32 0.079436
12 33 0.079437
12 34 0.079438
12 35 0.079439
12 36 0.079440
12 37 0.079441
12 38 0.079441
12 39 0.079442
12 40 0.079443
12 41 0.079443
12 42 0.079444
12 43 0.079444
12 44 0.079445
12 45 0.079445
12 46 0.079445
12 47 0.079446
12 48 0.079446
12 49 0.079446
12 50 0.079446
12 51 0.079446
12 52 0.079446
12 53 0.079446
12 54 0.079445
12 55 0.079445
12 56 0.079445
12 57 0.079445
12 58 0.079445
12 59 0.079445
12 60 0.079445
12 61 0.079444
12 62 0.079445
12 63 0.079445
12 64 0.079445
12 65 0.079445
12 66 0.079445
12 67 0.079445
12 68 0.079445
12 69 0.079446
12 70 0.079446
12 71 0.079446
12 72 0.079446
12 73 0.079446
12 74 0.079446
12 75 0.079445
12 76 0.079445
12 77 0.079444
12 78 0.079443
12 79 0.079443
12 80 0.079442
12 81 0.079441
12 82 0.079440
12 83 0.079439
12 84 0.079438
12 85 0.079437
12 86 0.079436
12 87 0.079435
12 88 0.079434
12 89 0.079432
12 90 0.079431
12 91 0.079430
12 92 0.079429
12 93 0.079428
12 94 0.079427
12 95 0.079426
12 96 0.079425
12 97 0.079425
12 98 0.079425
12 99 0.079424

13 0 0.079420
13 1 0.079419
13 2 0.079419
13 3 0.079419
13 4 0.079419
13 5 0.079419
13 6 0.079418
13 7 0.079419
13 8 0.079419
13 9 0.079419
13 10 0.079419
13 11 0.079419
13 12 0.079420
13 13 0.079420
13 14 0.079420
13 15 0.079421
13 16 0.079421
13 17 0.079422
13 18 0.079422
13 19 0.079423
13 20 0.079424
13 21 0.079424
13 22 0.079425
13 23 0.079426
13 24 0.079427
13 25 0.079428
13 26 0.079429
13 27 0.079430
13 28 0.079431
13 29 0.079432
13 30 0.079433
13 31 0.079434
13 32 0.079435
13 33 0.079436
13 34 0.079437
13 35 0.079438
13 36 0.079439
13 37 0.079440
13 38 0.079441
13 39 0.079442
13 40 0.079442
13 41 0.079443
13 42 0.079443
13 43 0.079444
13 44 0.079444
13 45 0.079445
13 46 0.079445
13 47 0.079445
13 48 0.079445
13 49 0.079445
13 50 0.079445
13 51 0.079445
13 52 0.079445
13 53 0.079445
13 54 0.079445
13 55 0.079445
13 56 0.079445
13 57 0.079445
13 58 0.079444
13 59 0.079444
13 60 0.079444
13 61 0.079444
13 62 0.079444
13 63 0.079444
13 64 0.079444
13 65 0.079445
13 66 0.079445
13 67 0.079445
13 68 0.079445
13 69 0.079445
13 70 0.079446
13 71 0.079446
13 72 0.079446
13 73 0.079445
13 74 0.079445
13 75 0.079445
13 76 0.079444
13 77 0.079444
13 78 0.079443
13 79 0.079442
13 80 0.079441
13 81 0.079440
13 82 0.079439
13 83 0.079438
13 84 0.079437
13 85 0.079436
13 86 0.079435
13 87 0.079434
13 88 0.079433
13 89 0.079432
13 90 0.079431
13 91 0.079429
13 92 0.079428
13 93 0.079427
13 94 0.079426
13 95 0.079426
13 96 0.079425
13 97 0.079425
13 98 0.079424
13 99 0.079424

14 0 0.079420
14 1 0.079420
14 2 0.079419
14 3 0.079419
14 4 0.079419
14 5 0.079419
14 6 0.079419
14 7 0.079419
14 8 0.079419
14 9 0.079419
14 10 0.079419
14 11 0.079419
14 12 0.079420
14 13 0.079420
14 14 0.079420
14 15 0.079421
14 16 0.079421
14 17 0.079421
14 18 0.079422
14 19 0.079423
14 20 0.079423
14 21 0.079424
14 22 0.079425
14 23 0.079426
14 24 0.079427
14 25 0.079427
14 26 0.079428
14 27 0.079429
14 28 0.079431
14 29 0.079432
14 30 0.079433
14 31 0.079434
14 32 0.079435
14 33 0.079436
14 34 0.079437
14 35 0.079438
14 36 0.079439
14 37 0.079439
14 38 0.079440
14 39 0.079441
14 40 0.079442
14 41 0.079442
14 42 0.079443
14 43 0.079443
14 44 0.079444
14 45 0.079444
14 46 0.079444
14 47 0.079445
14 48 0.079445
14 49 0.079445
14 50 0.079445
14 51 0.079445
14 52 0.079445
14 53 0.079445
14 54 0.079445
14 55 0.079444
14 56 0.079444
14 57 0.079444
14 58 0.079444
14 59 0.079444
14 60 0.079444
14 61 0.079444
14 62 0.079444
14 63 0.079444
14 64 0.079444
14 65 0.079444
14 66 0.079445
14 67 0.079445
14 68 0.079445
14 69 0.079445
14 70 0.079445
14 71 0.079445
14 72 0.079445
14 73 0.079445
14 74 0.079445
14 75 0.079444
14 76 0.079444
14 77 0.079443
14 78 0.079442
14 79 0.079442
14 80 0.079441
14 81 0.079440
14 82 0.079439
14 83 0.079438
14 84 0.079437
14 85 0.079436
14 86 0.079435
14 87 0.079434
14 88 0.079433
14 89 0.079432
14 90 0.079430
14 91 0.079429
14 92 0.079428
14 93 0.079427
14 94 0.079426
14 95 0.079426
14 96 0.079425
14 97 0.079425
14 98 0.079424
14 99 0.079424

15 0 0.079420
15 1 0.079420
15 2 0.079420
15 3 0.079419
15 4 0.079419
15 5 0.079419
15 6 0.079419
15 7 0.079419
15 8 0.079419
15 9 0.079419
15 10 0.079419
15 11 0.079419
15 12 0.079420
15 13 0.079420
15 14 0.079420
15 15 0.079420
15 16 0.079421
15 17 0.079421
15 18 0.079422
15 19 0.079422
15 20 0.079423
15 21 0.079424
15 22 0.079424
15 23 0.079425
15 24 0.079426
15 25 0.079427
15 26 0.079428
15 27 0.079429
15 28 0.079430
15 29 0.079431
15 30 0.079432
15 31 0.079433
15 32 0.079434
15 33 0.079435
15 34 0.079436
15 35 0.079437
15 36 0.079438
15 37 0.079439
15 38 0.079440
15 39 0.079441
15 40 0.079441
15 41 0.079442
15 42 0.079442
15 43 0.079443
15 44 0.079443
15 45 0.079444
15 46 0.079444
15 47 0.079444
15 48 0.079444
15 49 0.079444
15 50 0.079444
15 51 0.079444
15 52 0.079444
15 53 0.079444
15 54 0.079444
15 55 0.079444
15 56 0.079444
15 57 0.079444
15 58 0.079444
15 59 0.079444
15 60 0.079444
15 61 0.079444
15 62 0.079444
15 63 0.079444
15 64 0.079444
15 65 0.079444
15 66 0.079444
15 67 0.079445
15 68 0.079445
15 69 0.079445
15 70 0.079445
15 71 0.079445
15 72 0.079445
15 73 0.079445
15 74 0.079444
15 75 0.079444
15 76 0.079443
15 77 0.079443
15 78 0.079442
15 79 0.079441
15 80 0.079440
15 81 0.079439
15 82 0.079438
15 83 0.079438
15 84 0.079437
15 85 0.079436
15 86 0.079435
15 87 0.079433
15 88 0.079432
15 89 0.079431
15 90 0.079430
15 91 0.079429
15 92 0.079428
15 93 0.079427
15 94 0.079426
15 95 0.079425
15 96 0.079425
15 97 0.079425
15 98 0.079424
15 99 0.079423

16 0 0.079421
16 1 0.079420
16 2 0.079420
16 3 0.079419
16 4 0.079419
16 5 0.079419
16 6 0.079419
16 7 0.079419
16 8 0.079419
16 9 0.079419
16 10 0.079419
16 11 0.079419
16 12 0.079420
16 13 0.079420
16 14 0.079420
16 15 0.079420
16 16 0.079421
16 17 0.079421
16 18 0.079422
16 19 0.079422
16 20 0.079423
16 21 0.079423
16 22 0.079424
16 23 0.079425
16 24 0.079426
16 25 0.079427
16 26 0.079428
16 27 0.079429
16 28 0.079430
16 29 0.079431
16 30 0.079432
16 31 0.079433
16 32 0.079434
16 33 0.079435
16 34 0.079436
16 35 0.079437
16 36 0.079438
16 37 0.079439
16 38 0.079439
16 39 0.079440
16 40 0.079441
16 41 0.079441
16 42 0.079442
16 43 0.079442
16 44 0.079443
16 45 0.079443
16 46 0.079444
16 47 0.079444
16 48 0.079444
16 49 0.079444
16 50 0.079444
16 51 0.079444
16 52 0.079444
16 53 0.079444
16 54 0.079444
16 55 0.079444
16 56 0.079444
16 57 0.079444
16 58 0.079444
16 59 0.079444
16 60 0.079444
16 61 0.079444
16 62 0.079444
16 63 0.079444
16 64 0.079444
16 65 0.079444
16 66 0.079444
16 67 0.079445
16 68 0.079445
16 69 0.079445
16 70 0.079445
16 71 0.079445
16 72 0.079445
16 73 0.079444
16 74 0.079444
16 75 0.079444
16 76 0.079443
16 77 0.079442
16 78 0.079442
16 79 0.079441
16 80 0.079440
16 81 0.079439
16 82 0.079438
16 83 0.079437
16 84 0.079436
16 85 0.079435
16 86 0.079434
16 87 0.079433
16 88 0.079432
16 89 0.079431
16 90 0.079430
16 91 0.079429
16 92 0.079428
16 93 0.079427
16 94 0.079426
16 95 0.079426
16 96 0.079425
16 97 0.079425
16 98 0.079424
16 99 0.079423

17 0 0.079421
17 1 0.079420
17 2 0.079420
17 3 0.079420
17 4 0.079420
17 5 0.079420
17 6 0.079419
17 7 0.079419
17 8 0.079419
17 9 0.079419
17 10 0.079420
17 11 0.079420
17 12 0.079420
17 13 0.079420
17 14 0.079420
17 15 0.079420
17 16 0.079421
17 17 0.079421
17 18 0.079422
17 19 0.079422
17 20 0.079423
17 21 0.079423
17 22 0.079424
17 23 0.079425
17 24 0.079426
17 25 0.079426
17 26 0.079427
17 27 0.079428
17 28 0.079429
17 29 0.079430
17 30 0.079432
17 31 0.079433
17 32 0.079434
17 33 0.079435
17 34 0.079436
17 35 0.079437
17 36 0.079437
17 37 0.079438
17 38 0.079439
17 39 0.079440
17 40 0.079441
17 41 0.079441
17 42 0.079442
17 43 0.079442
17 44 0.079443
17 45 0.079443
17 46 0.079443
17 47 0.079444
17 48 0.079444
17 49 0.079444
17 50 0.079444
17 51 0.079444
17 52 0.079444
17 53 0.079444
17 54 0.079444
17 55 0.079444
17 56 0.079444
17 57 0.079444
17 58 0.079444
17 59 0.079443
17 60 0.079444
17 61 0.079444
17 62 0.079444
17 63 0.079444
17 64 0.079444
17 65 0.079444
17 66 0.079444
17 67 0.079445
17 68 0.079445
17 69 0.079445
17 70 0.079445
17 71 0.079445
17 72 0.079445
17 73 0.079444
17 74 0.079444
17 75 0.079443
17 76 0.079443
17 77 0.079442
17 78 0.079441
17 79 0.079440
17 80 0.079440
17 81 0.079439
17 82 0.079438
17 83 0.079437
17 84 0.079436
17 85 0.079435
17 86 0.079434
17 87 0.079433
17 88 0.079432
17 89 0.079431
17 90 0.079430
17 91 0.079429
17 92 0.079428
17 93 0.079427
17 94 0.079426
17 95 0.079426
17 96 0.079425
17 97 0.079425
17 98 0.079424
17 99 0.079424

18 0 0.079421
18 1 0.079421
18 2 0.079421
18 3 0.079420
18 4 0.079420
18 5 0.079420
18 6 0.079420
18 7 0.079420
18 8 0.079420
18 9 0.079420
18 10 0.079420
18 11 0.079420
18 12 0.079420
18 13 0.079420
18 14 0.079420
18 15 0.079421
18 16 0.079421
18 17 0.079421
18 18 0.079422
18 19 0.079422
18 20 0.079423
18 21 0.079423
18 22 0.079424
18 23 0.079425
18 24 0.079425
18 25 0.079426
18 26 0.079427
18 27 0.079428
18 28 0.079429
18 29 0.079430
18 30 0.079431
18 31 0.079432
18 32 0.079433
18 33 0.079434
18 34 0.079435
18 35 0.079436
18 36 0.079437
18 37 0.079438
18 38 0.079439
18 39 0.079440
18 40 0.079440
18 41 0.079441
18 42 0.079442
18 43 0.079442
18 44 0.079442
18 45 0.079443
18 46 0.079443
18 47 0.079443
18 48 0.079444
18 49 0.079444
18 50 0.079444
18 51 0.079444
18 52 0.079444
18 53 0.079444
18 54 0.079444
18 55 0.079444
18 56 0.079444
18 57 0.079444
18 58 0.079444
18 59 0.079444
18 60 0.079444
18 61 0.079444
18 62 0.079444
18 63 0.079444
18 64 0.079444
18 65 0.079444
18 66 0.079445
18 67 0.079445
18 68 0.079445
18 69 0.079445
18 70 0.079445
18 71 0.079445
18 72 0.079445
18 73 0.079444
18 74 0.079444
18 75 0.079443
18 76 0.079442
18 77 0.079442
18 78 0.079441
18 79 0.079440
18 80 0.079439
18 81 0.079439
18 82 0.079438
18 83 0.079437
18 84 0.079436
18 85 0.079435
18 86 0.079434
18 87 0.079433
18 88 0.079432
18 89 0.079431
18 90 0.079430
18 91 0.079429
18 92 0.079428
18 93 0.079427
18 94 0.079427
18 95 0.079426
18 96 0.079425
18 97 0.079425
18 98 0.079425
18 99 0.079424

19 0 0.079422
19 1 0.079422
19 2 0.079422
19 3 0.079421
19 4 0.079421
19 5 0.079421
19 6 0.079421
19 7 0.079420
19 8 0.079420
19 9 0.079420
19 10 0.079420
19 11 0.079420
19 12 0.079421
19 13 0.079421
19 14 0.079421
19 15 0.079421
19 16 0.079421
19 17 0.079421
19 18 0.079422
19 19 0.079422
19 20 0.079423
19 21 0.079423
19 22 0.079424
19 23 0.079425
19 24 0.079425
19 25 0.079426
19 26 0.079427
19 27 0.079428
19 28 0.079429
19 29 0.079430
19 30 0.079431
19 31 0.079432
19 32 0.079433
19 33 0.079434
19 34 0.079435
19 35 0.079436
19 36 0.079437
19 37 0.079438
19 38 0.079439
19 39 0.079440
19 40 0.079440
19 41 0.079441
19 42 0.079442
19 43 0.079442
19 44 0.079442
19 45 0.079443
19 46 0.079443
19 47 0.079443
19 48 0.079444
19 49 0.079444
19 50 0.079444
19 51 0.079444
19 52 0.079444
19 53 0.079444
19 54 0.079444
19 55 0.079444
19 56 0.079444
19 57 0.079444
19 58 0.079444
19 59 0.079444
19 60 0.079444
19 61 0.079444
19 62 0.079444
19 63 0.079444
19 64 0.079444
19 65 0.079445
19 66 0.079445
19 67 0.079445
19 68 0.079445
19 69 0.079445
19 70 0.079445
19 71 0.079445
19 72 0.079444
19 73 0.079444
19 74 0.079444
19 75 0.079443
19 76 0.079442
19 77 0.079442
19 78 0.079441
19 79 0.079440
19 80 0.079439
19 81 0.079439
19 82 0.079438
19 83 0.079437
19 84 0.079436
19 85 0.079435
19 86 0.079434
19 87 0.079434
19 88 0.079433
19 89 0.079432
19 90 0.079431
19 91 0.079429
19 92 0.079429
19 93 0.079428
19 94 0.079427
19 95 0.079427
19 96 0.079426
19 97 0.079426
19 98 0.079425
19 99 0.079425

20 0 0.079423
20 1 0.079423
20 2 0.079423
20 3 0.079422
20 4 0.079422
20 5 0.079422
20 6 0.079421
20 7 0.079421
20 8 0.079421
20 9 0.079421
20 10 0.079421
20 11 0.079421
20 12 0.079421
20 13 0.079421
20 14 0.079421
20 15 0.079421
20 16 0.079422
20 17 0.079422
20 18 0.079422
20 19 0.079423
20 20 0.079423
20 21 0.079424
20 22 0.079424
20 23 0.079425
20 24 0.079426
20 25 0.079427
20 26 0.079428
20 27 0.079428
20 28 0.079429
20 29 0.079431
20 30 0.079432
20 31 0.079433
20 32 0.079434
20 33 0.079435
20 34 0.079436
20 35 0.079437
20 36 0.079437
20 37 0.079438
20 38 0.079439
20 39 0.079440
20 40 0.079440
20 41 0.079441
20 42 0.079442
20 43 0.079442
20 44 0.079443
20 45 0.079443
20 46 0.079443
20 47 0.079443
20 48 0.079444
20 49 0.079444
20 50 0.079444
20 51 0.079444
20 52 0.079444
20 53 0.079444
20 54 0.079444
20 55 0.079444
20 56 0.079444
20 57 0.079444
20 58 0.079444
20 59 0.079444
20 60 0.079444
20 61 0.079444
20 62 0.079444
20 63 0.079444
20 64 0.079445
20 65 0.079445
20 66 0.079445
20 67 0.079445
20 68 0.079445
20 69 0.079445
20 70 0.079445
20 71 0.079445
20 72 0.079445
20 73 0.079444
20 74 0.079444
20 75 0.079443
20 76 0.079442
20 77 0.079442
20 78 0.079441
20 79 0.079440
20 80 0.079439
20 81 0.079439
20 82 0.079438
20 83 0.079437
20 84 0.079436
20 85 0.079435
20 86 0.079434
20 87 0.079434
20 88 0.079433
20 89 0.079432
20 90 0.079431
20 91 0.079430
20 92 0.079429
20 93 0.079428
20 94 0.079428
20 95 0.079427
20 96 0.079426
20 97 0.079427
20 98 0.079426
20 99 0.079425

21 0 0.079423
21 1 0.079423
21 2 0.079423
21 3 0.079423
21 4 0.079423
21 5 0.079422
21 6 0.079422
21 7 0.079422
21 8 0.079422
21 9 0.079422
21 10 0.079422
21 11 0.079422
21 12 0.079422
21 13 0.079422
21 14 0.079422
21 15 0.079422
21 16 0.079422
21 17 0.079422
21 18 0.079422
21 19 0.079423
21 20 0.079423
21 21 0.079424
21 22 0.079424
21 23 0.079425
21 24 0.079426
21 25 0.079427
21 26 0.079428
21 27 0.079429
21 28 0.079430
21 29 0.079431
21 30 0.079432
21 31 0.079433
21 32 0.079434
21 33 0.079435
21 34 0.079436
21 35 0.079437
21 36 0.079438
21 37 0.079438
21 38 0.079439
21 39 0.079440
21 40 0.079441
21 41 0.079441
21 42 0.079442
21 43 0.079442
21 44 0.079443
21 45 0.079443
21 46 0.079443
21 47 0.079444
21 48 0.079444
21 49 0.079444
21 50 0.079444
21 51 0.079444
21 52 0.079444
21 53 0.079444
21 54 0.079444
21 55 0.079444
21 56 0.079444
21 57 0.079444
21 58 0.079444
21 59 0.079444
21 60 0.079444
21 61 0.079444
21 62 0.079445
21 63 0.079445
21 64 0.079445
21 65 0.079445
21 66 0.079445
21 67 0.079445
21 68 0.079446
21 69 0.079446
21 70 0.079445
21 71 0.079445
21 72 0.079445
21 73 0.079444
21 74 0.079444
21 75 0.079443
21 76 0.079442
21 77 0.079442
21 78 0.079441
21 79 0.079440
21 80 0.079439
21 81 0.079439
21 82 0.079438
21 83 0.079437
21 84 0.079437
21 85 0.079436
21 86 0.079435
21 87 0.079434
21 88 0.079433
21 89 0.079432
21 90 0.079431
21 91 0.079430
21 92 0.079430
21 93 0.079429
21 94 0.079428
21 95 0.079428
21 96 0.079427
21 97 0.079427
21 98 0.079427
21 99 0.079426

22 0 0.079424
22 1 0.079425
22 2 0.079424
22 3 0.079424
22 4 0.079424
22 5 0.079423
22 6 0.079423
22 7 0.079423
22 8 0.079423
22 9 0.079423
22 10 0.079423
22 11 0.079423
22 12 0.079422
22 13 0.079422
22 14 0.079422
22 15 0.079422
22 16 0.079423
22 17 0.079423
22 18 0.079423
22 19 0.079423
22 20 0.079424
22 21 0.079424
22 22 0.079425
22 23 0.079426
22 24 0.079426
22 25 0.079427
22 26 0.079428
22 27 0.079429
22 28 0.079430
22 29 0.079431
22 30 0.079432
22 31 0.079433
22 32 0.079434
22 33 0.079435
22 34 0.079436
22 35 0.079437
22 36 0.079438
22 37 0.079439
22 38 0.079440
22 39 0.079440
22 40 0.079441
22 41 0.079442
22 42 0.079442
22 43 0.079443
22 44 0.079443
22 45 0.079443
22 46 0.079444
22 47 0.079444
22 48 0.079444
22 49 0.079444
22 50 0.079444
22 51 0.079445
22 52 0.079445
22 53 0.079445
22 54 0.079445
22 55 0.079445
22 56 0.079445
22 57 0.079445
22 58 0.079445
22 59 0.079445
22 60 0.079445
22 61 0.079445
22 62 0.079445
22 63 0.079445
22 64 0.079445
22 65 0.079446
22 66 0.079446
22 67 0.079446
22 68 0.079446
22 69 0.079446
22 70 0.079446
22 71 0.079445
22 72 0.079445
22 73 0.079445
22 74 0.079444
22 75 0.079443
22 76 0.079443
22 77 0.079442
22 78 0.079441
22 79 0.079440
22 80 0.079440
22 81 0.079439
22 82 0.079438
22 83 0.079438
22 84 0.079437
22 85 0.079436
22 86 0.079435
22 87 0.079435
22 88 0.079434
22 89 0.079433
22 90 0.079432
22 91 0.079431
22 92 0.079430
22 93 0.079430
22 94 0.079429
22 95 0.079429
22 96 0.079428
22 97 0.079428
22 98 0.079428
22 99 0.079427

23 0 0.079425
23 1 0.079426
23 2 0.079426
23 3 0.079425
23 4 0.079425
23 5 0.079424
23 6 0.079424
23 7 0.079424
23 8 0.079424
23 9 0.079424
23 10 0.079423
23 11 0.079423
23 12 0.079423
23 13 0.079423
23 14 0.079423
23 15 0.079423
23 16 0.079423
23 17 0.079423
23 18 0.079424
23 19 0.079424
23 20 0.079424
23 21 0.079425
23 22 0.079425
23 23 0.079426
23 24 0.079427
23 25 0.079428
23 26 0.079429
23 27 0.079430
23 28 0.079431
23 29 0.079432
23 30 0.079433
23 31 0.079434
23 32 0.079435
23 33 0.079436
23 34 0.079437
23 35 0.079438
23 36 0.079439
23 37 0.079439
23 38 0.079440
23 39 0.079441
23 40 0.079442
23 41 0.079442
23 42 0.079443
23 43 0.079443
23 44 0.079444
23 45 0.079444
23 46 0.079444
23 47 0.079445
23 48 0.079445
23 49 0.079445
23 50 0.079445
23 51 0.079445
23 52 0.079445
23 53 0.079445
23 54 0.079445
23 55 0.079445
23 56 0.079445
23 57 0.079445
23 58 0.079445
23 59 0.079445
23 60 0.079445
23 61 0.079445
23 62 0.079446
23 63 0.079446
23 64 0.079446
23 65 0.079446
23 66 0.079446
23 67 0.079446
23 68 0.079446
23 69 0.079446
23 70 0.079446
23 71 0.079446
23 72 0.079445
23 73 0.079445
23 74 0.079444
23 75 0.079443
23 76 0.079443
23 77 0.079442
23 78 0.079441
23 79 0.079441
23 80 0.079440
23 81 0.079439
23 82 0.079439
23 83 0.079438
23 84 0.079437
23 85 0.079437
23 86 0.079436
23 87 0.079435
23 88 0.079434
23 89 0.079434
23 90 0.079433
23 91 0.079432
23 92 0.079431
23 93 0.079431
23 94 0.079430
23 95 0.079430
23 96 0.079429
23 97 0.079429
23 98 0.079429
23 99 0.079428

24 0 0.079427
24 1 0.079427
24 2 0.079427
24 3 0.079426
24 4 0.079426
24 5 0.079425
24 6 0.079425
24 7 0.079425
24 8 0.079425
24 9 0.079425
24 10 0.079424
24 11 0.079424
24 12 0.079424
24 13 0.079424
24 14 0.079424
24 15 0.079424
24 16 0.079424
24 17 0.079424
24 18 0.079424
24 19 0.079425
24 20 0.079425
24 21 0.079425
24 22 0.079426
24 23 0.079427
24 24 0.079428
24 25 0.079428
24 26 0.079429
24 27 0.079430
24 28 0.079431
24 29 0.079432
24 30 0.079433
24 31 0.079434
24 32 0.079435
24 33 0.079436
24 34 0.079437
24 35 0.079438
24 36 0.079439
24 37 0.079440
24 38 0.079441
24 39 0.079442
24 40 0.079442
24 41 0.079443
24 42 0.079443
24 43 0.079444
24 44 0.079444
24 45 0.079445
24 46 0.079445
24 47 0.079445
24 48 0.079445
24 49 0.079445
24 50 0.079446
24 51 0.079446
24 52 0.079446
24 53 0.079446
24 54 0.079446
24 55 0.079446
24 56 0.079446
24 57 0.079446
24 58 0.079446
24 59 0.079446
24 60 0.079446
24 61 0.079446
24 62 0.079446
24 63 0.079446
24 64 0.079447
24 65 0.079447
24 66 0.079447
24 67 0.079447
24 68 0.079447
24 69 0.079447
24 70 0.079447
24 71 0.079446
24 72 0.079446
24 73 0.079445
24 74 0.079444
24 75 0.079444
24 76 0.079443
24 77 0.079442
24 78 0.079442
24 79 0.079441
24 80 0.079441
24 81 0.079440
24 82 0.079439
24 83 0.079439
24 84 0.079438
24 85 0.079438
24 86 0.079437
24 87 0.079436
24 88 0.079435
24 89 0.079434
24 90 0.079434
24 91 0.079433
24 92 0.079432
24 93 0.079432
24 94 0.079431
24 95 0.079431
24 96 0.079431
24 97 0.079431
24 98 0.079430
24 99 0.079429

25 0 0.079428
25 1 0.079428
25 2 0.079428
25 3 0.079427
25 4 0.079427
25 5 0.079427
25 6 0.079427
25 7 0.079426
25 8 0.079426
25 9 0.079426
25 10 0.079426
25 11 0.079425
25 12 0.079425
25 13 0.079425
25 14 0.079425
25 15 0.079425
25 16 0.079425
25 17 0.079425
25 18 0.079425
25 19 0.079426
25 20 0.079426
25 21 0.079426
25 22 0.079427
25 23 0.079428
25 24 0.079428
25 25 0.079429
25 26 0.079430
25 27 0.079431
25 28 0.079432
25 29 0.079433
25 30 0.079434
25 31 0.079435
25 32 0.079436
25 33 0.079437
25 34 0.079438
25 35 0.079439
25 36 0.079440
25 37 0.079441
25 38 0.079442
25 39 0.079442
25 40 0.079443
25 41 0.079444
25 42 0.079444
25 43 0.079445
25 44 0.079445
25 45 0.079445
25 46 0.079446
25 47 0.079446
25 48 0.079446
25 49 0.079446
25 50 0.079446
25 51 0.079446
25 52 0.079446
25 53 0.079446
25 54 0.079446
25 55 0.079446
25 56 0.079446
25 57 0.079446
25 58 0.079446
25 59 0.079446
25 60 0.079446
25 61 0.079447
25 62 0.079447
25 63 0.079447
25 64 0.079447
25 65 0.079447
25 66 0.079447
25 67 0.079447
25 68 0.079447
25 69 0.079447
25 70 0.079447
25 71 0.079447
25 72 0.079446
25 73 0.079446
25 74 0.079445
25 75 0.079444
25 76 0.079443
25 77 0.079443
25 78 0.079442
25 79 0.079441
25 80 0.079441
25 81 0.079440
25 82 0.079440
25 83 0.079439
25 84 0.079439
25 85 0.079438
25 86 0.079437
25 87 0.079437
25 88 0.079436
25 89 0.079435
25 90 0.079434
25 91 0.079434
25 92 0.079433
25 93 0.079433
25 94 0.079432
25 95 0.079432
25 96 0.079432
25 97 0.079432
25 98 0.079431
25 99 0.079430

26 0 0.079429
26 1 0.079429
26 2 0.079429
26 3 0.079428
26 4 0.079429
26 5 0.079428
26 6 0.079428
26 7 0.079427
26 8 0.079427
26 9 0.079427
26 10 0.079427
26 11 0.079426
26 12 0.079426
26 13 0.079426
26 14 0.079426
26 15 0.079426
26 16 0.079426
26 17 0.079426
26 18 0.079426
26 19 0.079426
26 20 0.079427
26 21 0.079427
26 22 0.079428
26 23 0.079428
26 24 0.079429
26 25 0.079430
26 26 0.079431
26 27 0.079432
26 28 0.079433
26 29 0.079434
26 30 0.079435
26 31 0.079436
26 32 0.079437
26 33 0.079438
26 34 0.079439
26 35 0.079440
26 36 0.079441
26 37 0.079442
26 38 0.079443
26 39 0.079443
26 40 0.079444
26 41 0.079444
26 42 0.079445
26 43 0.079445
26 44 0.079446
26 45 0.079446
26 46 0.079446
26 47 0.079447
26 48 0.079447
26 49 0.079447
26 50 0.079447
26 51 0.079447
26 52 0.079447
26 53 0.079447
26 54 0.079447
26 55 0.079447
26 56 0.079447
26 57 0.079447
26 58 0.079447
26 59 0.079447
26 60 0.079447
26 61 0.079447
26 62 0.079447
26 63 0.079448
26 64 0.079448
26 65 0.079448
26 66 0.079448
26 67 0.079448
26 68 0.079448
26 69 0.079448
26 70 0.079448
26 71 0.079447
26 72 0.079447
26 73 0.079446
26 74 0.079445
26 75 0.079444
26 76 0.079444
26 77 0.079443
26 78 0.079443
26 79 0.079442
26 80 0.079441
26 81 0.079441
26 82 0.079441
26 83 0.079440
26 84 0.079440
26 85 0.079439
26 86 0.079438
26 87 0.079438
26 88 0.079437
26 89 0.079436
26 90 0.079435
26 91 0.079435
26 92 0.079434
26 93 0.079434
26 94 0.079434
26 95 0.079434
26 96 0.079433
26 97 0.079433
26 98 0.079433
26 99 0.079432

27 0 0.079430
27 1 0.079431
27 2 0.079430
27 3 0.079430
27 4 0.079430
27 5 0.079429
27 6 0.079429
27 7 0.079429
27 8 0.079428
27 9 0.079428
27 10 0.079428
27 11 0.079427
27 12 0.079427
27 13 0.079427
27 14 0.079427
27 15 0.079427
27 16 0.079427
27 17 0.079427
27 18 0.079427
27 19 0.079427
27 20 0.079428
27 21 0.079428
27 22 0.079429
27 23 0.079429
27 24 0.079430
27 25 0.079431
27 26 0.079432
27 27 0.079433
27 28 0.079434
27 29 0.079435
27 30 0.079436
27 31 0.079437
27 32 0.079438
27 33 0.079439
27 34 0.079440
27 35 0.079441
27 36 0.079442
27 37 0.079443
27 38 0.079444
27 39 0.079444
27 40 0.079445
27 41 0.079445
27 42 0.079446
27 43 0.079446
27 44 0.079447
27 45 0.079447
27 46 0.079447
27 47 0.079447
27 48 0.079448
27 49 0.079448
27 50 0.079448
27 51 0.079448
27 52 0.079448
27 53 0.079448
27 54 0.079448
27 55 0.079448
27 56 0.079448
27 57 0.079448
27 58 0.079448
27 59 0.079448
27 60 0.079448
27 61 0.079448
27 62 0.079448
27 63 0.079448
27 64 0.079449
27 65 0.079449
27 66 0.079449
27 67 0.079449
27 68 0.079449
27 69 0.079449
27 70 0.079448
27 71 0.079448
27 72 0.079447
27 73 0.079446
27 74 0.079446
27 75 0.079445
27 76 0.079444
27 77 0.079444
27 78 0.079443
27 79 0.079443
27 80 0.079442
27 81 0.079442
27 82 0.079441
27 83 0.079441
27 84 0.079440
27 85 0.079440
27 86 0.079439
27 87 0.079439
27 88 0.079438
27 89 0.079437
27 90 0.079437
27 91 0.079436
27 92 0.079436
27 93 0.079435
27 94 0.079435
27 95 0.079435
27 96 0.079434
27 97 0.079434
27 98 0.079434
27 99 0.079433

28 0 0.079432
28 1 0.079432
28 2 0.079432
28 3 0.079431
28 4 0.079431
28 5 0.079431
28 6 0.079430
28 7 0.079430
28 8 0.079430
28 9 0.079429
28 10 0.079429
28 11 0.079429
28 12 0.079428
28 13 0.079428
28 14 0.079428
28 15 0.079428
28 16 0.079428
28 17 0.079428
28 18 0.079428
28 19 0.079428
28 20 0.079429
28 21 0.079429
28 22 0.079430
28 23 0.079430
28 24 0.079431
28 25 0.079432
28 26 0.079433
28 27 0.079434
28 28 0.079435
28 29 0.079436
28 30 0.079437
28 31 0.079438
28 32 0.079439
28 33 0.079440
28 34 0.079441
28 35 0.079442
28 36 0.079443
28 37 0.079444
28 38 0.079445
28 39 0.079445
28 40 0.079446
28 41 0.079447
28 42 0.079447
28 43 0.079447
28 44 0.079448
28 45 0.079448
28 46 0.079448
28 47 0.079448
28 48 0.079449
28 49 0.079449
28 50 0.079449
28 51 0.079449
28 52 0.079449
28 53 0.079449
28 54 0.079449
28 55 0.079449
28 56 0.079449
28 57 0.079449
28 58 0.079449
28 59 0.079449
28 60 0.079449
28 61 0.079449
28 62 0.079449
28 63 0.079449
28 64 0.079449
28 65 0.079450
28 66 0.079450
28 67 0.079450
28 68 0.079449
28 69 0.079449
28 70 0.079449
28 71 0.079448
28 72 0.079448
28 73 0.079447
28 74 0.079446
28 75 0.079446
28 76 0.079445
28 77 0.079444
28 78 0.079444
28 79 0.079443
28 80 0.079443
28 81 0.079443
28 82 0.079442
28 83 0.079442
28 84 0.079441
28 85 0.079441
28 86 0.079440
28 87 0.079440
28 88 0.079439
28 89 0.079438
28 90 0.079438
28 91 0.079437
28 92 0.079437
28 93 0.079437
28 94 0.079436
28 95 0.079436
28 96 0.079436
28 97 0.079436
28 98 0.079435
28 99 0.079434

29 0 0.079433
29 1 0.079434
29 2 0.079433
29 3 0.079433
29 4 0.079433
29 5 0.079432
29 6 0.079432
29 7 0.079431
29 8 0.079431
29 9 0.079430
29 10 0.079430
29 11 0.079430
29 12 0.079430
29 13 0.079429
29 14 0.079429
29 15 0.079429
29 16 0.079429
29 17 0.079429
29 18 0.079429
29 19 0.079429
29 20 0.079430
29 21 0.079430
29 22 0.079431
29 23 0.079431
29 24 0.079432
29 25 0.079433
29 26 0.079434
29 27 0.079435
29 28 0.079436
29 29 0.079437
29 30 0.079438
29 31 0.079439
29 32 0.079440
29 33 0.079441
29 34 0.079442
29 35 0.079443
29 36 0.079444
29 37 0.079445
29 38 0.079446
29 39 0.079446
29 40 0.079447
29 41 0.079448
29 42 0.079448
29 43 0.079448
29 44 0.079449
29 45 0.079449
29 46 0.079449
29 47 0.079449
29 48 0.079450
29 49 0.079450
29 50 0.079450
29 51 0.079450
29 52 0.079450
29 53 0.079450
29 54 0.079450
29 55 0.079449
29 56 0.079449
29 57 0.079449
29 58 0.079450
29 59 0.079450
29 60 0.079450
29 61 0.079450
29 62 0.079450
29 63 0.079450
29 64 0.079450
29 65 0.079450
29 66 0.079450
29 67 0.079450
29 68 0.079450
29 69 0.079450
29 70 0.079450
29 71 0.079449
29 72 0.079448
29 73 0.079448
29 74 0.079447
29 75 0.079446
29 76 0.079446
29 77 0.079445
29 78 0.079445
29 79 0.079444
29 80 0.079444
29 81 0.079444
29 82 0.079443
29 83 0.079443
29 84 0.079443
29 85 0.079442
29 86 0.079441
29 87 0.079441
29 88 0.079440
29 89 0.079440
29 90 0.079439
29 91 0.079439
29 92 0.079438
29 93 0.079438
29 94 0.079438
29 95 0.079438
29 96 0.079437
29 97 0.079437
29 98 0.079437
29 99 0.079436

30 0 0.079435
30 1 0.079435
30 2 0.079435
30 3 0.079434
30 4 0.079434
30 5 0.079433
30 6 0.079433
30 7 0.079433
30 8 0.079432
30 9 0.079432
30 10 0.079431
30 11 0.079431
30 12 0.079431
30 13 0.079431
30 14 0.079430
30 15 0.079430
30 16 0.079430
30 17 0.079430
30 18 0.079430
30 19 0.079431
30 20 0.079431
30 21 0.079431
30 22 0.079432
30 23 0.079432
30 24 0.079433
30 25 0.079434
30 26 0.079435
30 27 0.079436
30 28 0.079437
30 29 0.079438
30 30 0.079439
30 31 0.079440
30 32 0.079442
30 33 0.079443
30 34 0.079444
30 35 0.079445
30 36 0.079445
30 37 0.079446
30 38 0.079447
30 39 0.079448
30 40 0.079448
30 41 0.079449
30 42 0.079449
30 43 0.079450
30 44 0.079450
30 45 0.079450
30 46 0.079450
30 47 0.079451
30 48 0.079451
30 49 0.079451
30 50 0.079451
30 51 0.079451
30 52 0.079451
30 53 0.079451
30 54 0.079451
30 55 0.079450
30 56 0.079450
30 57 0.079450
30 58 0.079450
30 59 0.079450
30 60 0.079451
30 61 0.079451
30 62 0.079451
30 63 0.079451
30 64 0.079451
30 65 0.079451
30 66 0.079451
30 67 0.079451
30 68 0.079451
30 69 0.079451
30 70 0.079450
30 71 0.079450
30 72 0.079449
30 73 0.079449
30 74 0.079448
30 75 0.079447
30 76 0.079446
30 77 0.079446
30 78 0.079445
30 79 0.079445
30 80 0.079445
30 81 0.079444
30 82 0.079444
30 83 0.079444
30 84 0.079443
30 85 0.079443
30 86 0.079442
30 87 0.079442
30 88 0.079441
30 89 0.079441
30 90 0.079440
30 91 0.079440
30 92 0.079440
30 93 0.079440
30 94 0.079439
30 95 0.079439
30 96 0.079439
30 97 0.079439
30 98 0.079438
30 99 0.079437

31 0 0.079436
31 1 0.079437
31 2 0.079436
31 3 0.079436
31 4 0.079436
31 5 0.079435
31 6 0.079435
31 7 0.079434
31 8 0.079434
31 9 0.079433
31 10 0.079433
31 11 0.079432
31 12 0.079432
31 13 0.079432
31 14 0.079431
31 15 0.079431
31 16 0.079431
31 17 0.079431
31 18 0.079431
31 19 0.079431
31 20 0.079432
31 21 0.079432
31 22 0.079433
31 23 0.079433
31 24 0.079434
31 25 0.079435
31 26 0.079436
31 27 0.079437
31 28 0.079438
31 29 0.079439
31 30 0.079441
31 31 0.079442
31 32 0.079443
31 33 0.079444
31 34 0.079445
31 35 0.079446
31 36 0.079447
31 37 0.079447
31 38 0.079448
31 39 0.079449
31 40 0.079449
31 41 0.079450
31 42 0.079450
31 43 0.079451
31 44 0.079451
31 45 0.079451
31 46 0.079451
31 47 0.079452
31 48 0.079452
31 49 0.079452
31 50 0.079452
31 51 0.079452
31 52 0.079452
31 53 0.079452
31 54 0.079452
31 55 0.079451
31 56 0.079451
31 57 0.079451
31 58 0.079451
31 59 0.079451
31 60 0.079452
31 61 0.079452
31 62 0.079452
31 63 0.079452
31 64 0.079452
31 65 0.079452
31 66 0.079452
31 67 0.079452
31 68 0.079452
31 69 0.079452
31 70 0.079451
31 71 0.079451
31 72 0.079450
31 73 0.079449
31 74 0.079449
31 75 0.079448
31 76 0.079447
31 77 0.079447
31 78 0.079446
31 79 0.079446
31 80 0.079446
31 81 0.079445
31 82 0.079445
31 83 0.079445
31 84 0.079444
31 85 0.079444
31 86 0.079443
31 87 0.079443
31 88 0.079442
31 89 0.079442
31 90 0.079441
31 91 0.079441
31 92 0.079441
31 93 0.079441
31 94 0.079440
31 95 0.079441
31 96 0.079440
31 97 0.079440
31 98 0.079440
31 99 0.079439

32 0 0.079438
32 1 0.079438
32 2 0.079438
32 3 0.079437
32 4 0.079437
32 5 0.079436
32 6 0.079436
32 7 0.079435
32 8 0.079435
32 9 0.079434
32 10 0.079434
32 11 0.079434
32 12 0.079433
32 13 0.079433
32 14 0.079433
32 15 0.079433
32 16 0.079432
32 17 0.079432
32 18 0.079432
32 19 0.079433
32 20 0.079433
32 21 0.079433
32 22 0.079434
32 23 0.079435
32 24 0.079435
32 25 0.079436
32 26 0.079437
32 27 0.079438
32 28 0.079439
32 29 0.079441
32 30 0.079442
32 31 0.079443
32 32 0.079444
32 33 0.079445
32 34 0.079446
32 35 0.079447
32 36 0.079448
32 37 0.079449
32 38 0.079449
32 39 0.079450
32 40 0.079451
32 41 0.079451
32 42 0.079452
32 43 0.079452
32 44 0.079452
32 45 0.079452
32 46 0.079453
32 47 0.079453
32 48 0.079453
32 49 0.079453
32 50 0.079453
32 51 0.079453
32 52 0.079453
32 53 0.079453
32 54 0.079453
32 55 0.079452
32 56 0.079452
32 57 0.079452
32 58 0.079452
32 59 0.079452
32 60 0.079453
32 61 0.079453
32 62 0.079453
32 63 0.079453
32 64 0.079453
32 65 0.079453
32 66 0.079453
32 67 0.079453
32 68 0.079453
32 69 0.079453
32 70 0.079452
32 71 0.079452
32 72 0.079451
32 73 0.079450
32 74 0.079449
32 75 0.079449
32 76 0.079448
32 77 0.079448
32 78 0.079447
32 79 0.079447
32 80 0.079447
32 81 0.079446
32 82 0.079446
32 83 0.079446
32 84 0.079445
32 85 0.079445
32 86 0.079444
32 87 0.079444
32 88 0.079443
32 89 0.079443
32 90 0.079443
32 91 0.079443
32 92 0.079442
32 93 0.079442
32 94 0.079442
32 95 0.079442
32 96 0.079441
32 97 0.079441
32 98 0.079441
32 99 0.079440

33 0 0.079439
33 1 0.079439
33 2 0.079439
33 3 0.079438
33 4 0.079438
33 5 0.079437
33 6 0.079437
33 7 0.079437
33 8 0.079436
33 9 0.079436
33 10 0.079435
33 11 0.079435
33 12 0.079434
33 13 0.079434
33 14 0.079434
33 15 0.079434
33 16 0.079434
33 17 0.079434
33 18 0.079434
33 19 0.079434
33 20 0.079434
33 21 0.079435
33 22 0.079435
33 23 0.079436
33 24 0.079437
33 25 0.079437
33 26 0.079438
33 27 0.079439
33 28 0.079441
33 29 0.079442
33 30 0.079443
33 31 0.079444
33 32 0.079445
33 33 0.079446
33 34 0.079447
33 35 0.079448
33 36 0.079449
33 37 0.079450
33 38 0.079451
33 39 0.079451
33 40 0.079452
33 41 0.079452
33 42 0.079453
33 43 0.079453
33 44 0.079453
33 45 0.079454
33 46 0.079454
33 47 0.079454
33 48 0.079454
33 49 0.079454
33 50 0.079454
33 51 0.079454
33 52 0.079454
33 53 0.079454
33 54 0.079454
33 55 0.079453
33 56 0.079453
33 57 0.079453
33 58 0.079453
33 59 0.079453
33 60 0.079454
33 61 0.079454
33 62 0.079454
33 63 0.079454
33 64 0.079454
33 65 0.079454
33 66 0.079454
33 67 0.079454
33 68 0.079454
33 69 0.079453
33 70 0.079453
33 71 0.079452
33 72 0.079452
33 73 0.079451
33 74 0.079450
33 75 0.079450
33 76 0.079449
33 77 0.079448
33 78 0.079448
33 79 0.079448
33 80 0.079448
33 81 0.079447
33 82 0.079447
33 83 0.079447
33 84 0.079446
33 85 0.079446
33 86 0.079446
33 87 0.079445
33 88 0.079445
33 89 0.079444
33 90 0.079444
33 91 0.079444
33 92 0.079443
33 93 0.079444
33 94 0.079443
33 95 0.079443
33 96 0.079443
33 97 0.079443
33 98 0.079442
33 99 0.079442

34 0 0.079440
34 1 0.079441
34 2 0.079440
34 3 0.079440
34 4 0.079440
34 5 0.079439
34 6 0.079439
34 7 0.079438
34 8 0.079437
34 9 0.079437
34 10 0.079436
34 11 0.079436
34 12 0.079436
34 13 0.079435
34 14 0.079435
34 15 0.079435
34 16 0.079435
34 17 0.079435
34 18 0.079435
34 19 0.079435
34 20 0.079435
34 21 0.079436
34 22 0.079436
34 23 0.079437
34 24 0.079438
34 25 0.079439
34 26 0.079440
34 27 0.079441
34 28 0.079442
34 29 0.079443
34 30 0.079444
34 31 0.079445
34 32 0.079446
34 33 0.079447
34 34 0.079448
34 35 0.079449
34 36 0.079450
34 37 0.079451
34 38 0.079452
34 39 0.079452
34 40 0.079453
34 41 0.079453
34 42 0.079454
34 43 0.079454
34 44 0.079454
34 45 0.079455
34 46 0.079455
34 47 0.079455
34 48 0.079455
34 49 0.079455
34 50 0.079455
34 51 0.079455
34 52 0.079455
34 53 0.079455
34 54 0.079455
34 55 0.079454
34 56 0.079454
34 57 0.079454
34 58 0.079454
34 59 0.079454
34 60 0.079455
34 61 0.079455
34 62 0.079455
34 63 0.079455
34 64 0.079455
34 65 0.079455
34 66 0.079455
34 67 0.079455
34 68 0.079455
34 69 0.079454
34 70 0.079454
34 71 0.079453
34 72 0.079453
34 73 0.079452
34 74 0.079451
34 75 0.079451
34 76 0.079450
34 77 0.079449
34 78 0.079449
34 79 0.079449
34 80 0.079449
34 81 0.079448
34 82 0.079448
34 83 0.079448
34 84 0.079448
34 85 0.079447
34 86 0.079447
34 87 0.079446
34 88 0.079446
34 89 0.079445
34 90 0.079445
34 91 0.079445
34 92 0.079445
34 93 0.079445
34 94 0.079444
34 95 0.079445
34 96 0.079444
34 97 0.079444
34 98 0.079444
34 99 0.079443

35 0 0.079442
35 1 0.079442
35 2 0.079442
35 3 0.079441
35 4 0.079441
35 5 0.079440
35 6 0.079440
35 7 0.079439
35 8 0.079439
35 9 0.079438
35 10 0.079438
35 11 0.079437
35 12 0.079437
35 13 0.079436
35 14 0.079436
35 15 0.079436
35 16 0.079436
35 17 0.079436
35 18 0.079436
35 19 0.079436
35 20 0.079436
35 21 0.079437
35 22 0.079437
35 23 0.079438
35 24 0.079439
35 25 0.079440
35 26 0.079441
35 27 0.079442
35 28 0.079443
35 29 0.079444
35 30 0.079445
35 31 0.079446
35 32 0.079447
35 33 0.079448
35 34 0.079449
35 35 0.079450
35 36 0.079451
35 37 0.079452
35 38 0.079453
35 39 0.079453
35 40 0.079454
35 41 0.079454
35 42 0.079455
35 43 0.079455
35 44 0.079455
35 45 0.079456
35 46 0.079456
35 47 0.079456
35 48 0.079456
35 49 0.079456
35 50 0.079456
35 51 0.079456
35 52 0.079456
35 53 0.079456
35 54 0.079455
35 55 0.079455
35 56 0.079455
35 57 0.079455
35 58 0.079455
35 59 0.079455
35 60 0.079455
35 61 0.079456
35 62 0.079456
35 63 0.079456
35 64 0.079456
35 65 0.079456
35 66 0.079456
35 67 0.079456
35 68 0.079456
35 69 0.079455
35 70 0.079455
35 71 0.079454
35 72 0.079454
35 73 0.079453
35 74 0.079452
35 75 0.079451
35 76 0.079451
35 77 0.079450
35 78 0.079450
35 79 0.079450
35 80 0.079450
35 81 0.079450
35 82 0.079449
35 83 0.079449
35 84 0.079449
35 85 0.079448
35 86 0.079448
35 87 0.079447
35 88 0.079447
35 89 0.079447
35 90 0.079446
35 91 0.079446
35 92 0.079446
35 93 0.079446
35 94 0.079446
35 95 0.079446
35 96 0.079445
35 97 0.079445
35 98 0.079445
35 99 0.079444

36 0 0.079443
36 1 0.079443
36 2 0.079443
36 3 0.079442
36 4 0.079442
36 5 0.079441
36 6 0.079441
36 7 0.079440
36 8 0.079440
36 9 0.079439
36 10 0.079439
36 11 0.079438
36 12 0.079438
36 13 0.079437
36 14 0.079437
36 15 0.079437
36 16 0.079437
36 17 0.079437
36 18 0.079437
36 19 0.079437
36 20 0.079437
36 21 0.079438
36 22 0.079438
36 23 0.079439
36 24 0.079440
36 25 0.079441
36 26 0.079442
36 27 0.079443
36 28 0.079444
36 29 0.079445
36 30 0.079446
36 31 0.079447
36 32 0.079448
36 33 0.079449
36 34 0.079450
36 35 0.079451
36 36 0.079452
36 37 0.079453
36 38 0.079454
36 39 0.079454
36 40 0.079455
36 41 0.079455
36 42 0.079456
36 43 0.079456
36 44 0.079456
36 45 0.079456
36 46 0.079457
36 47 0.079457
36 48 0.079457
36 49 0.079457
36 50 0.079457
36 51 0.079457
36 52 0.079457
36 53 0.079456
36 54 0.079456
36 55 0.079456
36 56 0.079456
36 57 0.079456
36 58 0.079456
36 59 0.079456
36 60 0.079456
36 61 0.079457
36 62 0.079457
36 63 0.079457
36 64 0.079457
36 65 0.079457
36 66 0.079457
36 67 0.079457
36 68 0.079456
36 69 0.079456
36 70 0.079456
36 71 0.079455
36 72 0.079454
36 73 0.079454
36 74 0.079453
36 75 0.079452
36 76 0.079452
36 77 0.079451
36 78 0.079451
36 79 0.079451
36 80 0.079451
36 81 0.079451
36 82 0.079450
36 83 0.079450
36 84 0.079450
36 85 0.079449
36 86 0.079449
36 87 0.079448
36 88 0.079448
36 89 0.079448
36 90 0.079447
36 91 0.079447
36 92 0.079447
36 93 0.079447
36 94 0.079447
36 95 0.079447
36 96 0.079446
36 97 0.079446
36 98 0.079446
36 99 0.079445

37 0 0.079444
37 1 0.079444
37 2 0.079444
37 3 0.079443
37 4 0.079443
37 5 0.079442
37 6 0.079442
37 7 0.079441
37 8 0.079441
37 9 0.079440
37 10 0.079440
37 11 0.079439
37 12 0.079439
37 13 0.079438
37 14 0.079438
37 15 0.079438
37 16 0.079438
37 17 0.079438
37 18 0.079438
37 19 0.079438
37 20 0.079438
37 21 0.079439
37 22 0.079439
37 23 0.079440
37 24 0.079441
37 25 0.079442
37 26 0.079443
37 27 0.079444
37 28 0.079445
37 29 0.079446
37 30 0.079447
37 31 0.079448
37 32 0.079449
37 33 0.079450
37 34 0.079451
37 35 0.079452
37 36 0.079453
37 37 0.079454
37 38 0.079454
37 39 0.079455
37 40 0.079456
37 41 0.079456
37 42 0.079456
37 43 0.079457
37 44 0.079457
37 45 0.079457
37 46 0.079457
37 47 0.079457
37 48 0.079458
37 49 0.079458
37 50 0.079457
37 51 0.079457
37 52 0.079457
37 53 0.079457
37 54 0.079457
37 55 0.079457
37 56 0.079457
37 57 0.079457
37 58 0.079457
37 59 0.079457
37 60 0.079457
37 61 0.079457
37 62 0.079457
37 63 0.079458
37 64 0.079458
37 65 0.079458
37 66 0.079458
37 67 0.079458
37 68 0.079457
37 69 0.079457
37 70 0.079456
37 71 0.079456
37 72 0.079455
37 73 0.079455
37 74 0.079454
37 75 0.079453
37 76 0.079453
37 77 0.079452
37 78 0.079452
37 79 0.079452
37 80 0.079452
37 81 0.079452
37 82 0.079451
37 83 0.079451
37 84 0.079451
37 85 0.079450
37 86 0.079450
37 87 0.079449
37 88 0.079449
37 89 0.079449
37 90 0.079448
37 91 0.079448
37 92 0.079448
37 93 0.079448
37 94 0.079448
37 95 0.079448
37 96 0.079447
37 97 0.079447
37 98 0.079447
37 99 0.079446

38 0 0.079445
38 1 0.079445
38 2 0.079445
38 3 0.079444
38 4 0.079444
38 5 0.079443
38 6 0.079443
38 7 0.079442
38 8 0.079442
38 9 0.079441
38 10 0.079441
38 11 0.079440
38 12 0.079440
38 13 0.079439
38 14 0.079439
38 15 0.079439
38 16 0.079439
38 17 0.079439
38 18 0.079439
38 19 0.079439
38 20 0.079439
38 21 0.079440
38 22 0.079440
38 23 0.079441
38 24 0.079442
38 25 0.079443
38 26 0.079443
38 27 0.079445
38 28 0.079446
38 29 0.079447
38 30 0.079448
38 31 0.079449
38 32 0.079450
38 33 0.079451
38 34 0.079452
38 35 0.079453
38 36 0.079454
38 37 0.079454
38 38 0.079455
38 39 0.079456
38 40 0.079456
38 41 0.079457
38 42 0.079457
38 43 0.079458
38 44 0.079458
38 45 0.079458
38 46 0.079458
38 47 0.079458
38 48 0.079458
38 49 0.079458
38 50 0.079458
38 51 0.079458
38 52 0.079458
38 53 0.079458
38 54 0.079458
38 55 0.079458
38 56 0.079458
38 57 0.079458
38 58 0.079458
38 59 0.079458
38 60 0.079458
38 61 0.079458
38 62 0.079458
38 63 0.079458
38 64 0.079458
38 65 0.079458
38 66 0.079458
38 67 0.079458
38 68 0.079458
38 69 0.079458
38 70 0.079457
38 71 0.079457
38 72 0.079456
38 73 0.079455
38 74 0.079455
38 75 0.079454
38 76 0.079454
38 77 0.079453
38 78 0.079453
38 79 0.079453
38 80 0.079453
38 81 0.079452
38 82 0.079452
38 83 0.079452
38 84 0.079452
38 85 0.079451
38 86 0.079451
38 87 0.079450
38 88 0.079450
38 89 0.079450
38 90 0.079449
38 91 0.079449
38 92 0.079449
38 93 0.079449
38 94 0.079448
38 95 0.079449
38 96 0.079448
38 97 0.079448
38 98 0.079448
38 99 0.079447

39 0 0.079446
39 1 0.079446
39 2 0.079445
39 3 0.079445
39 4 0.079445
39 5 0.079444
39 6 0.079444
39 7 0.079443
39 8 0.079443
39 9 0.079442
39 10 0.079441
39 11 0.079441
39 12 0.079441
39 13 0.079440
39 14 0.079440
39 15 0.079440
39 16 0.079440
39 17 0.079440
39 18 0.079440
39 19 0.079440
39 20 0.079440
39 21 0.079441
39 22 0.079441
39 23 0.079442
39 24 0.079443
39 25 0.079443
39 26 0.079444
39 27 0.079445
39 28 0.079446
39 29 0.079447
39 30 0.079449
39 31 0.079450
39 32 0.079451
39 33 0.079452
39 34 0.079453
39 35 0.079454
39 36 0.079454
39 37 0.079455
39 38 0.079456
39 39 0.079456
39 40 0.079457
39 41 0.079457
39 42 0.079458
39 43 0.079458
39 44 0.079458
39 45 0.079459
39 46 0.079459
39 47 0.079459
39 48 0.079459
39 49 0.079459
39 50 0.079459
39 51 0.079459
39 52 0.079459
39 53 0.079459
39 54 0.079459
39 55 0.079459
39 56 0.079459
39 57 0.079459
39 58 0.079459
39 59 0.079459
39 60 0.079459
39 61 0.079459
39 62 0.079459
39 63 0.079459
39 64 0.079459
39 65 0.079459
39 66 0.079459
39 67 0.079459
39 68 0.079459
39 69 0.079458
39 70 0.079458
39 71 0.079457
39 72 0.079457
39 73 0.079456
39 74 0.079456
39 75 0.079455
39 76 0.079455
39 77 0.079454
39 78 0.079454
39 79 0.079454
39 80 0.079454
39 81 0.079453
39 82 0.079453
39 83 0.079453
39 84 0.079453
39 85 0.079452
39 86 0.079452
39 87 0.079451
39 88 0.079451
39 89 0.079450
39 90 0.079450
39 91 0.079450
39 92 0.079450
39 93 0.079450
39 94 0.079449
39 95 0.079450
39 96 0.079449
39 97 0.079449
39 98 0.079449
39 99 0.079448

40 0 0.079447
40 1 0.079447
40 2 0.079446
40 3 0.079446
40 4 0.079445
40 5 0.079445
40 6 0.079444
40 7 0.079444
40 8 0.079443
40 9 0.079443
40 10 0.079442
40 11 0.079442
40 12 0.079441
40 13 0.079441
40 14 0.079441
40 15 0.079441
40 16 0.079441
40 17 0.079441
40 18 0.079441
40 19 0.079441
40 20 0.079441
40 21 0.079441
40 22 0.079442
40 23 0.079443
40 24 0.079443
40 25 0.079444
40 26 0.079445
40 27 0.079446
40 28 0.079447
40 29 0.079448
40 30 0.079449
40 31 0.079450
40 32 0.079451
40 33 0.079452
40 34 0.079453
40 35 0.079454
40 36 0.079455
40 37 0.079456
40 38 0.079457
40 39 0.079457
40 40 0.079458
40 41 0.079458
40 42 0.079459
40 43 0.079459
40 44 0.079459
40 45 0.079459
40 46 0.079459
40 47 0.079460
40 48 0.079460
40 49 0.079460
40 50 0.079460
40 51 0.079459
40 52 0.079459
40 53 0.079459
40 54 0.079459
40 55 0.079459
40 56 0.079459
40 57 0.079459
40 58 0.079459
40 59 0.079459
40 60 0.079459
40 61 0.079460
40 62 0.079460
40 63 0.079460
40 64 0.079460
40 65 0.079460
40 66 0.079460
40 67 0.079460
40 68 0.079460
40 69 0.079459
40 70 0.079459
40 71 0.079458
40 72 0.079458
40 73 0.079457
40 74 0.079457
40 75 0.079456
40 76 0.079455
40 77 0.079455
40 78 0.079455
40 79 0.079454
40 80 0.079454
40 81 0.079454
40 82 0.079454
40 83 0.079454
40 84 0.079453
40 85 0.079453
40 86 0.079452
40 87 0.079452
40 88 0.079451
40 89 0.079451
40 90 0.079451
40 91 0.079451
40 92 0.079450
40 93 0.079450
40 94 0.079450
40 95 0.079450
40 96 0.079449
40 97 0.079449
40 98 0.079449
40 99 0.079448

41 0 0.079447
41 1 0.079447
41 2 0.079447
41 3 0.079446
41 4 0.079446
41 5 0.079445
41 6 0.079445
41 7 0.079444
41 8 0.079444
41 9 0.079443
41 10 0.079443
41 11 0.079442
41 12 0.079442
41 13 0.079442
41 14 0.079442
41 15 0.079441
41 16 0.079441
41 17 0.079441
41 18 0.079441
41 19 0.079441
41 20 0.079442
41 21 0.079442
41 22 0.079443
41 23 0.079443
41 24 0.079444
41 25 0.079445
41 26 0.079446
41 27 0.079447
41 28 0.079448
41 29 0.079449
41 30 0.079450
41 31 0.079451
41 32 0.079452
41 33 0.079453
41 34 0.079454
41 35 0.079455
41 36 0.079456
41 37 0.079456
41 38 0.079457
41 39 0.079458
41 40 0.079458
41 41 0.079459
41 42 0.079459
41 43 0.079459
41 44 0.079459
41 45 0.079460
41 46 0.079460
41 47 0.079460
41 48 0.079460
41 49 0.079460
41 50 0.079460
41 51 0.079460
41 52 0.079460
41 53 0.079460
41 54 0.079460
41 55 0.079460
41 56 0.079460
41 57 0.079460
41 58 0.079460
41 59 0.079460
41 60 0.079460
41 61 0.079460
41 62 0.079460
41 63 0.079460
41 64 0.079460
41 65 0.079460
41 66 0.079460
41 67 0.079460
41 68 0.079460
41 69 0.079460
41 70 0.079459
41 71 0.079459
41 72 0.079458
41 73 0.079458
41 74 0.079457
41 75 0.079457
41 76 0.079456
41 77 0.079456
41 78 0.079456
41 79 0.079455
41 80 0.079455
41 81 0.079455
41 82 0.079455
41 83 0.079454
41 84 0.079454
41 85 0.079454
41 86 0.079453
41 87 0.079453
41 88 0.079452
41 89 0.079452
41 90 0.079451
41 91 0.079451
41 92 0.079451
41 93 0.079451
41 94 0.079450
41 95 0.079451
41 96 0.079450
41 97 0.079450
41 98 0.079450
41 99 0.079449

42 0 0.079448
42 1 0.079448
42 2 0.079447
42 3 0.079447
42 4 0.079446
42 5 0.079446
42 6 0.079445
42 7 0.079445
42 8 0.079444
42 9 0.079444
42 10 0.079443
42 11 0.079443
42 12 0.079443
42 13 0.079442
42 14 0.079442
42 15 0.079442
42 16 0.079442
42 17 0.079442
42 18 0.079442
42 19 0.079442
42 20 0.079442
42 21 0.079443
42 22 0.079443
42 23 0.079444
42 24 0.079445
42 25 0.079446
42 26 0.079446
42 27 0.079447
42 28 0.079448
42 29 0.079449
42 30 0.079450
42 31 0.079451
42 32 0.079452
42 33 0.079453
42 34 0.079454
42 35 0.079455
42 36 0.079456
42 37 0.079457
42 38 0.079457
42 39 0.079458
42 40 0.079458
42 41 0.079459
42 42 0.079459
42 43 0.079460
42 44 0.079460
42 45 0.079460
42 46 0.079460
42 47 0.079460
42 48 0.079460
42 49 0.079460
42 50 0.079460
42 51 0.079460
42 52 0.079460
42 53 0.079460
42 54 0.079460
42 55 0.079460
42 56 0.079460
42 57 0.079460
42 58 0.079460
42 59 0.079460
42 60 0.079460
42 61 0.079460
42 62 0.079461
42 63 0.079461
42 64 0.079461
42 65 0.079461
42 66 0.079461
42 67 0.079461
42 68 0.079461
42 69 0.079460
42 70 0.079460
42 71 0.079460
42 72 0.079459
42 73 0.079459
42 74 0.079458
42 75 0.079458
42 76 0.079457
42 77 0.079457
42 78 0.079456
42 79 0.079456
42 80 0.079456
42 81 0.079456
42 82 0.079455
42 83 0.079455
42 84 0.079455
42 85 0.079454
42 86 0.079454
42 87 0.079453
42 88 0.079453
42 89 0.079452
42 90 0.079452
42 91 0.079452
42 92 0.079451
42 93 0.079451
42 94 0.079451
42 95 0.079451
42 96 0.079450
42 97 0.079450
42 98 0.079450
42 99 0.079449

43 0 0.079448
43 1 0.079448
43 2 0.079447
43 3 0.079447
43 4 0.079447
43 5 0.079446
43 6 0.079446
43 7 0.079445
43 8 0.079445
43 9 0.079444
43 10 0.079444
43 11 0.079444
43 12 0.079443
43 13 0.079443
43 14 0.079443
43 15 0.079443
43 16 0.079442
43 17 0.079442
43 18 0.079443
43 19 0.079443
43 20 0.079443
43 21 0.079443
43 22 0.079444
43 23 0.079445
43 24 0.079445
43 25 0.079446
43 26 0.079447
43 27 0.079448
43 28 0.079449
43 29 0.079450
43 30 0.079451
43 31 0.079452
43 32 0.079453
43 33 0.079454
43 34 0.079455
43 35 0.079455
43 36 0.079456
43 37 0.079457
43 38 0.079458
43 39 0.079458
43 40 0.079459
43 41 0.079459
43 42 0.079460
43 43 0.079460
43 44 0.079460
43 45 0.079460
43 46 0.079461
43 47 0.079461
43 48 0.079461
43 49 0.079461
43 50 0.079461
43 51 0.079461
43 52 0.079461
43 53 0.079461
43 54 0.079461
43 55 0.079461
43 56 0.079461
43 57 0.079461
43 58 0.079461
43 59 0.079461
43 60 0.079461
43 61 0.079461
43 62 0.079461
43 63 0.079461
43 64 0.079461
43 65 0.079461
43 66 0.079461
43 67 0.079461
43 68 0.079461
43 69 0.079461
43 70 0.079461
43 71 0.079460
43 72 0.079460
43 73 0.079459
43 74 0.079459
43 75 0.079458
43 76 0.079458
43 77 0.079458
43 78 0.079457
43 79 0.079457
43 80 0.079457
43 81 0.079456
43 82 0.079456
43 83 0.079456
43 84 0.079455
43 85 0.079455
43 86 0.079454
43 87 0.079454
43 88 0.079453
43 89 0.079453
43 90 0.079452
43 91 0.079452
43 92 0.079452
43 93 0.079452
43 94 0.079451
43 95 0.079451
43 96 0.079450
43 97 0.079450
43 98 0.079450
43 99 0.079449

44 0 0.079448
44 1 0.079448
44 2 0.079448
44 3 0.079447
44 4 0.079447
44 5 0.079446
44 6 0.079446
44 7 0.079445
44 8 0.079445
44 9 0.079445
44 10 0.079444
44 11 0.079444
44 12 0.079444
44 13 0.079443
44 14 0.079443
44 15 0.079443
44 16 0.079443
44 17 0.079443
44 18 0.079443
44 19 0.079443
44 20 0.079444
44 21 0.079444
44 22 0.079445
44 23 0.079445
44 24 0.079446
44 25 0.079447
44 26 0.079447
44 27 0.079448
44 28 0.079449
44 29 0.079450
44 30 0.079451
44 31 0.079452
44 32 0.079453
44 33 0.079454
44 34 0.079455
44 35 0.079456
44 36 0.079456
44 37 0.079457
44 38 0.079458
44 39 0.079458
44 40 0.079459
44 41 0.079459
44 42 0.079460
44 43 0.079460
44 44 0.079460
44 45 0.079461
44 46 0.079461
44 47 0.079461
44 48 0.079461
44 49 0.079461
44 50 0.079461
44 51 0.079461
44 52 0.079461
44 53 0.079461
44 54 0.079461
44 55 0.079461
44 56 0.079461
44 57 0.079461
44 58 0.079461
44 59 0.079461
44 60 0.079461
44 61 0.079461
44 62 0.079461
44 63 0.079461
44 64 0.079462
44 65 0.079462
44 66 0.079462
44 67 0.079462
44 68 0.079461
44 69 0.079461
44 70 0.079461
44 71 0.079461
44 72 0.079460
44 73 0.079460
44 74 0.079459
44 75 0.079459
44 76 0.079459
44 77 0.079458
44 78 0.079458
44 79 0.079458
44 80 0.079457
44 81 0.079457
44 82 0.079457
44 83 0.079456
44 84 0.079456
44 85 0.079455
44 86 0.079455
44 87 0.079454
44 88 0.079454
44 89 0.079453
44 90 0.079453
44 91 0.079452
44 92 0.079452
44 93 0.079452
44 94 0.079451
44 95 0.079451
44 96 0.079451
44 97 0.079450
44 98 0.079450
44 99 0.079450

45 0 0.079448
45 1 0.079448
45 2 0.079448
45 3 0.079447
45 4 0.079447
45 5 0.079446
45 6 0.079446
45 7 0.079446
45 8 0.079445
45 9 0.079445
45 10 0.079445
45 11 0.079444
45 12 0.079444
45 13 0.079444
45 14 0.079444
45 15 0.079443
45 16 0.079443
45 17 0.079443
45 18 0.079444
45 19 0.079444
45 20 0.079444
45 21 0.079444
45 22 0.079445
45 23 0.079446
45 24 0.079446
45 25 0.079447
45 26 0.079448
45 27 0.079449
45 28 0.079450
45 29 0.079451
45 30 0.079452
45 31 0.079452
45 32 0.079453
45 33 0.079454
45 34 0.079455
45 35 0.079456
45 36 0.079457
45 37 0.079457
45 38 0.079458
45 39 0.079459
45 40 0.079459
45 41 0.079460
45 42 0.079460
45 43 0.079460
45 44 0.079461
45 45 0.079461
45 46 0.079461
45 47 0.079461
45 48 0.079461
45 49 0.079461
45 50 0.079461
45 51 0.079461
45 52 0.079461
45 53 0.079461
45 54 0.079461
45 55 0.079461
45 56 0.079461
45 57 0.079461
45 58 0.079461
45 59 0.079461
45 60 0.079461
45 61 0.079461
45 62 0.079462
45 63 0.079462
45 64 0.079462
45 65 0.079462
45 66 0.079462
45 67 0.079462
45 68 0.079462
45 69 0.079462
45 70 0.079462
45 71 0.079461
45 72 0.079461
45 73 0.079460
45 74 0.079460
45 75 0.079460
45 76 0.079459
45 77 0.079459
45 78 0.079459
45 79 0.079458
45 80 0.079458
45 81 0.079458
45 82 0.079457
45 83 0.079457
45 84 0.079456
45 85 0.079456
45 86 0.079455
45 87 0.079454
45 88 0.079454
45 89 0.079453
45 90 0.079453
45 91 0.079453
45 92 0.079452
45 93 0.079452
45 94 0.079451
45 95 0.079451
45 96 0.079451
45 97 0.079450
45 98 0.079450
45 99 0.079450

46 0 0.079448
46 1 0.079448
46 2 0.079448
46 3 0.079447
46 4 0.079447
46 5 0.079447
46 6 0.079446
46 7 0.079446
46 8 0.079446
46 9 0.079445
46 10 0.079445
46 11 0.079445
46 12 0.079444
46 13 0.079444
46 14 0.079444
46 15 0.079444
46 16 0.079444
46 17 0.079444
46 18 0.079444
46 19 0.079444
46 20 0.079444
46 21 0.079445
46 22 0.079445
46 23 0.079446
46 24 0.079447
46 25 0.079447
46 26 0.079448
46 27 0.079449
46 28 0.079450
46 29 0.079451
46 30 0.079452
46 31 0.079453
46 32 0.079454
46 33 0.079454
46 34 0.079455
46 35 0.079456
46 36 0.079457
46 37 0.079457
46 38 0.079458
46 39 0.079459
46 40 0.079459
46 41 0.079460
46 42 0.079460
46 43 0.079460
46 44 0.079461
46 45 0.079461
46 46 0.079461
46 47 0.079461
46 48 0.079461
46 49 0.079461
46 50 0.079461
46 51 0.079461
46 52 0.079461
46 53 0.079461
46 54 0.079461
46 55 0.079461
46 56 0.079461
46 57 0.079461
46 58 0.079461
46 59 0.079461
46 60 0.079461
46 61 0.079462
46 62 0.079462
46 63 0.079462
46 64 0.079462
46 65 0.079462
46 66 0.079462
46 67 0.079462
46 68 0.079462
46 69 0.079462
46 70 0.079462
46 71 0.079462
46 72 0.079461
46 73 0.079461
46 74 0.079461
46 75 0.079460
46 76 0.079460
46 77 0.079460
46 78 0.079459
46 79 0.079459
46 80 0.079459
46 81 0.079458
46 82 0.079458
46 83 0.079457
46 84 0.079457
46 85 0.079456
46 86 0.079455
46 87 0.079455
46 88 0.079454
46 89 0.079454
46 90 0.079453
46 91 0.079453
46 92 0.079452
46 93 0.079452
46 94 0.079451
46 95 0.079451
46 96 0.079451
46 97 0.079450
46 98 0.079450
46 99 0.079450

47 0 0.079448
47 1 0.079448
47 2 0.079448
47 3 0.079447
47 4 0.079447
47 5 0.079446
47 6 0.079446
47 7 0.079446
47 8 0.079446
47 9 0.079445
47 10 0.079445
47 11 0.079445
47 12 0.079444
47 13 0.079444
47 14 0.079444
47 15 0.079444
47 16 0.079444
47 17 0.079444
47 18 0.079444
47 19 0.079445
47 20 0.079445
47 21 0.079445
47 22 0.079446
47 23 0.079446
47 24 0.079447
47 25 0.079448
47 26 0.079448
47 27 0.079449
47 28 0.079450
47 29 0.079451
47 30 0.079452
47 31 0.079453
47 32 0.079454
47 33 0.079455
47 34 0.079455
47 35 0.079456
47 36 0.079457
47 37 0.079458
47 38 0.079458
47 39 0.079459
47 40 0.079459
47 41 0.079460
47 42 0.079460
47 43 0.079460
47 44 0.079461
47 45 0.079461
47 46 0.079461
47 47 0.079461
47 48 0.079461
47 49 0.079461
47 50 0.079461
47 51 0.079461
47 52 0.079461
47 53 0.079461
47 54 0.079461
47 55 0.079461
47 56 0.079461
47 57 0.079461
47 58 0.079461
47 59 0.079461
47 60 0.079462
47 61 0.079462
47 62 0.079462
47 63 0.079462
47 64 0.079462
47 65 0.079462
47 66 0.079462
47 67 0.079462
47 68 0.079462
47 69 0.079462
47 70 0.079462
47 71 0.079462
47 72 0.079462
47 73 0.079461
47 74 0.079461
47 75 0.079461
47 76 0.079461
47 77 0.079460
47 78 0.079460
47 79 0.079459
47 80 0.079459
47 81 0.079459
47 82 0.079458
47 83 0.079458
47 84 0.079457
47 85 0.079456
47 86 0.079456
47 87 0.079455
47 88 0.079454
47 89 0.079454
47 90 0.079453
47 91 0.079453
47 92 0.079452
47 93 0.079452
47 94 0.079451
47 95 0.079451
47 96 0.079450
47 97 0.079450
47 98 0.079450
47 99 0.079449

48 0 0.079448
48 1 0.079448
48 2 0.079447
48 3 0.079447
48 4 0.079447
48 5 0.079446
48 6 0.079446
48 7 0.079446
48 8 0.079446
48 9 0.079445
48 10 0.079445
48 11 0.079445
48 12 0.079445
48 13 0.079444
48 14 0.079444
48 15 0.079444
48 16 0.079444
48 17 0.079444
48 18 0.079445
48 19 0.079445
48 20 0.079445
48 21 0.079446
48 22 0.079446
48 23 0.079447
48 24 0.079447
48 25 0.079448
48 26 0.079449
48 27 0.079449
48 28 0.079450
48 29 0.079451
48 30 0.079452
48 31 0.079453
48 32 0.079454
48 33 0.079455
48 34 0.079455
48 35 0.079456
48 36 0.079457
48 37 0.079458
48 38 0.079458
48 39 0.079459
48 40 0.079459
48 41 0.079460
48 42 0.079460
48 43 0.079460
48 44 0.079461
48 45 0.079461
48 46 0.079461
48 47 0.079461
48 48 0.079461
48 49 0.079461
48 50 0.079461
48 51 0.079461
48 52 0.079461
48 53 0.079461
48 54 0.079461
48 55 0.079461
48 56 0.079461
48 57 0.079461
48 58 0.079461
48 59 0.079462
48 60 0.079462
48 61 0.079462
48 62 0.079462
48 63 0.079462
48 64 0.079462
48 65 0.079462
48 66 0.079462
48 67 0.079463
48 68 0.079463
48 69 0.079463
48 70 0.079462
48 71 0.079462
48 72 0.079462
48 73 0.079462
48 74 0.079462
48 75 0.079461
48 76 0.079461
48 77 0.079461
48 78 0.079460
48 79 0.079460
48 80 0.079460
48 81 0.079459
48 82 0.079459
48 83 0.079458
48 84 0.079457
48 85 0.079457
48 86 0.079456
48 87 0.079455
48 88 0.079455
48 89 0.079454
48 90 0.079453
48 91 0.079453
48 92 0.079452
48 93 0.079452
48 94 0.079451
48 95 0.079451
48 96 0.079450
48 97 0.079450
48 98 0.079450
48 99 0.079449

49 0 0.079448
49 1 0.079447
49 2 0.079447
49 3 0.079447
49 4 0.079446
49 5 0.079446
49 6 0.079446
49 7 0.079446
49 8 0.079445
49 9 0.079445
49 10 0.079445
49 11 0.079445
49 12 0.079445
49 13 0.079444
49 14 0.079444
49 15 0.079444
49 16 0.079444
49 17 0.079445
49 18 0.079445
49 19 0.079445
49 20 0.079445
49 21 0.079446
49 22 0.079446
49 23 0.079447
49 24 0.079447
49 25 0.079448
49 26 0.079449
49 27 0.079450
49 28 0.079450
49 29 0.079451
49 30 0.079452
49 31 0.079453
49 32 0.079454
49 33 0.079455
49 34 0.079455
49 35 0.079456
49 36 0.079457
49 37 0.079457
49 38 0.079458
49 39 0.079459
49 40 0.079459
49 41 0.079460
49 42 0.079460
49 43 0.079460
49 44 0.079461
49 45 0.079461
49 46 0.079461
49 47 0.079461
49 48 0.079461
49 49 0.079461
49 50 0.079461
49 51 0.079461
49 52 0.079461
49 53 0.079461
49 54 0.079461
49 55 0.079461
49 56 0.079461
49 57 0.079461
49 58 0.079461
49 59 0.079462
49 60 0.079462
49 61 0.079462
49 62 0.079462
49 63 0.079462
49 64 0.079462
49 65 0.079462
49 66 0.079463
49 67 0.079463
49 68 0.079463
49 69 0.079463
49 70 0.079463
49 71 0.079463
49 72 0.079462
49 73 0.079462
49 74 0.079462
49 75 0.079462
49 76 0.079462
49 77 0.079461
49 78 0.079461
49 79 0.079461
49 80 0.079460
49 81 0.079460
49 82 0.079459
49 83 0.079458
49 84 0.079458
49 85 0.079457
49 86 0.079456
49 87 0.079455
49 88 0.079455
49 89 0.079454
49 90 0.079453
49 91 0.079453
49 92 0.079452
49 93 0.079452
49 94 0.079451
49 95 0.079451
49 96 0.079450
49 97 0.079450
49 98 0.079449
49 99 0.079449

50 0 0.079448
50 1 0.079447
50 2 0.079447
50 3 0.079447
50 4 0.079446
50 5 0.079446
50 6 0.079446
50 7 0.079446
50 8 0.079445
50 9 0.079445
50 10 0.079445
50 11 0.079445
50 12 0.079445
50 13 0.079445
50 14 0.079445
50 15 0.079445
50 16 0.079445
50 17 0.079445
50 18 0.079445
50 19 0.079445
50 20 0.079446
50 21 0.079446
50 22 0.079447
50 23 0.079447
50 24 0.079448
50 25 0.079448
50 26 0.079449
50 27 0.079450
50 28 0.079451
50 29 0.079451
50 30 0.079452
50 31 0.079453
50 32 0.079454
50 33 0.079455
50 34 0.079455
50 35 0.079456
50 36 0.079457
50 37 0.079457
50 38 0.079458
50 39 0.079459
50 40 0.079459
50 41 0.079460
50 42 0.079460
50 43 0.079460
50 44 0.079461
50 45 0.079461
50 46 0.079461
50 47 0.079461
50 48 0.079461
50 49 0.079461
50 50 0.079461
50 51 0.079461
50 52 0.079461
50 53 0.079461
50 54 0.079461
50 55 0.079461
50 56 0.079461
50 57 0.079461
50 58 0.079462
50 59 0.079462
50 60 0.079462
50 61 0.079462
50 62 0.079462
50 63 0.079462
50 64 0.079462
50 65 0.079463
50 66 0.079463
50 67 0.079463
50 68 0.079463
50 69 0.079463
50 70 0.079463
50 71 0.079463
50 72 0.079463
50 73 0.079463
50 74 0.079463
50 75 0.079462
50 76 0.079462
50 77 0.079462
50 78 0.079462
50 79 0.079461
50 80 0.079461
50 81 0.079460
50 82 0.079459
50 83 0.079459
50 84 0.079458
50 85 0.079457
50 86 0.079456
50 87 0.079456
50 88 0.079455
50 89 0.079454
50 90 0.079453
50 91 0.079453
50 92 0.079452
50 93 0.079451
50 94 0.079451
50 95 0.079450
50 96 0.079450
50 97 0.079449
50 98 0.079449
50 99 0.079449

51 0 0.079447
51 1 0.079447
51 2 0.079447
51 3 0.079446
51 4 0.079446
51 5 0.079446
51 6 0.079446
51 7 0.079445
51 8 0.079445
51 9 0.079445
51 10 0.079445
51 11 0.079445
51 12 0.079445
51 13 0.079445
51 14 0.079445
51 15 0.079445
51 16 0.079445
51 17 0.079445
51 18 0.079445
51 19 0.079446
51 20 0.079446
51 21 0.079446
51 22 0.079447
51 23 0.079447
51 24 0.079448
51 25 0.079449
51 26 0.079449
51 27 0.079450
51 28 0.079451
51 29 0.079451
51 30 0.079452
51 31 0.079453
51 32 0.079454
51 33 0.079455
51 34 0.079455
51 35 0.079456
51 36 0.079457
51 37 0.079457
51 38 0.079458
51 39 0.079459
51 40 0.079459
51 41 0.079459
51 42 0.079460
51 43 0.079460
51 44 0.079460
51 45 0.079461
51 46 0.079461
51 47 0.079461
51 48 0.079461
51 49 0.079461
51 50 0.079461
51 51 0.079461
51 52 0.079461
51 53 0.079461
51 54 0.079461
51 55 0.079461
51 56 0.079461
51 57 0.079461
51 58 0.079462
51 59 0.079462
51 60 0.079462
51 61 0.079462
51 62 0.079462
51 63 0.079462
51 64 0.079462
51 65 0.079463
51 66 0.079463
51 67 0.079463
51 68 0.079463
51 69 0.079463
51 70 0.079463
51 71 0.079463
51 72 0.079463
51 73 0.079463
51 74 0.079463
51 75 0.079463
51 76 0.079463
51 77 0.079462
51 78 0.079462
51 79 0.079462
51 80 0.079461
51 81 0.079460
51 82 0.079460
51 83 0.079459
51 84 0.079458
51 85 0.079457
51 86 0.079457
51 87 0.079456
51 88 0.079455
51 89 0.079454
51 90 0.079453
51 91 0.079453
51 92 0.079452
51 93 0.079451
51 94 0.079451
51 95 0.079450
51 96 0.079450
51 97 0.079449
51 98 0.079449
51 99 0.079448

52 0 0.079447
52 1 0.079446
52 2 0.079446
52 3 0.079446
52 4 0.079446
52 5 0.079446
52 6 0.079445
52 7 0.079445
52 8 0.079445
52 9 0.079445
52 10 0.079445
52 11 0.079445
52 12 0.079445
52 13 0.079445
52 14 0.079445
52 15 0.079445
52 16 0.079445
52 17 0.079445
52 18 0.079445
52 19 0.079446
52 20 0.079446
52 21 0.079447
52 22 0.079447
52 23 0.079447
52 24 0.079448
52 25 0.079449
52 26 0.079449
52 27 0.079450
52 28 0.079451
52 29 0.079452
52 30 0.079452
52 31 0.079453
52 32 0.079454
52 33 0.079455
52 34 0.079455
52 35 0.079456
52 36 0.079457
52 37 0.079457
52 38 0.079458
52 39 0.079458
52 40 0.079459
52 41 0.079459
52 42 0.079460
52 43 0.079460
52 44 0.079460
52 45 0.079461
52 46 0.079461
52 47 0.079461
52 48 0.079461
52 49 0.079461
52 50 0.079461
52 51 0.079461
52 52 0.079461
52 53 0.079461
52 54 0.079461
52 55 0.079461
52 56 0.079461
52 57 0.079461
52 58 0.079462
52 59 0.079462
52 60 0.079462
52 61 0.079462
52 62 0.079462
52 63 0.079462
52 64 0.079462
52 65 0.079463
52 66 0.079463
52 67 0.079463
52 68 0.079463
52 69 0.079463
52 70 0.079463
52 71 0.079464
52 72 0.079464
52 73 0.079464
52 74 0.079464
52 75 0.079463
52 76 0.079463
52 77 0.079463
52 78 0.079463
52 79 0.079462
52 80 0.079461
52 81 0.079461
52 82 0.079460
52 83 0.079459
52 84 0.079458
52 85 0.079458
52 86 0.079457
52 87 0.079456
52 88 0.079455
52 89 0.079454
52 90 0.079453
52 91 0.079453
52 92 0.079452
52 93 0.079451
52 94 0.079450
52 95 0.079450
52 96 0.079449
52 97 0.079449
52 98 0.079448
52 99 0.079448

53 0 0.079447
53 1 0.079446
53 2 0.079446
53 3 0.079446
53 4 0.079445
53 5 0.079445
53 6 0.079445
53 7 0.079445
53 8 0.079445
53 9 0.079445
53 10 0.079445
53 11 0.079445
53 12 0.079445
53 13 0.079445
53 14 0.079445
53 15 0.079445
53 16 0.079445
53 17 0.079445
53 18 0.079446
53 19 0.079446
53 20 0.079446
53 21 0.079447
53 22 0.079447
53 23 0.079448
53 24 0.079448
53 25 0.079449
53 26 0.079450
53 27 0.079450
53 28 0.079451
53 29 0.079452
53 30 0.079452
53 31 0.079453
53 32 0.079454
53 33 0.079455
53 34 0.079455
53 35 0.079456
53 36 0.079457
53 37 0.079457
53 38 0.079458
53 39 0.079458
53 40 0.079459
53 41 0.079459
53 42 0.079460
53 43 0.079460
53 44 0.079460
53 45 0.079461
53 46 0.079461
53 47 0.079461
53 48 0.079461
53 49 0.079461
53 50 0.079461
53 51 0.079461
53 52 0.079461
53 53 0.079461
53 54 0.079461
53 55 0.079461
53 56 0.079461
53 57 0.079461
53 58 0.079462
53 59 0.079462
53 60 0.079462
53 61 0.079462
53 62 0.079462
53 63 0.079462
53 64 0.079462
53 65 0.079463
53 66 0.079463
53 67 0.079463
53 68 0.079463
53 69 0.079464
53 70 0.079464
53 71 0.079464
53 72 0.079464
53 73 0.079464
53 74 0.079464
53 75 0.079464
53 76 0.079464
53 77 0.079464
53 78 0.079463
53 79 0.079463
53 80 0.079462
53 81 0.079461
53 82 0.079460
53 83 0.079460
53 84 0.079459
53 85 0.079458
53 86 0.079457
53 87 0.079456
53 88 0.079455
53 89 0.079454
53 90 0.079453
53 91 0.079453
53 92 0.079452
53 93 0.079451
53 94 0.079450
53 95 0.079450
53 96 0.079449
53 97 0.079449
53 98 0.079448
53 99 0.079448

54 0 0.079446
54 1 0.079446
54 2 0.079446
54 3 0.079445
54 4 0.079445
54 5 0.079445
54 6 0.079445
54 7 0.079445
54 8 0.079445
54 9 0.079445
54 10 0.079445
54 11 0.079445
54 12 0.079445
54 13 0.079445
54 14 0.079445
54 15 0.079445
54 16 0.079445
54 17 0.079446
54 18 0.079446
54 19 0.079446
54 20 0.079447
54 21 0.079447
54 22 0.079447
54 23 0.079448
54 24 0.079449
54 25 0.079449
54 26 0.079450
54 27 0.079450
54 28 0.079451
54 29 0.079452
54 30 0.079452
54 31 0.079453
54 32 0.079454
54 33 0.079455
54 34 0.079455
54 35 0.079456
54 36 0.079457
54 37 0.079457
54 38 0.079458
54 39 0.079458
54 40 0.079459
54 41 0.079459
54 42 0.079460
54 43 0.079460
54 44 0.079460
54 45 0.079461
54 46 0.079461
54 47 0.079461
54 48 0.079461
54 49 0.079461
54 50 0.079461
54 51 0.079461
54 52 0.079461
54 53 0.079461
54 54 0.079461
54 55 0.079461
54 56 0.079461
54 57 0.079462
54 58 0.079462
54 59 0.079462
54 60 0.079462
54 61 0.079462
54 62 0.079462
54 63 0.079462
54 64 0.079463
54 65 0.079463
54 66 0.079463
54 67 0.079463
54 68 0.079464
54 69 0.079464
54 70 0.079464
54 71 0.079464
54 72 0.079464
54 73 0.079465
54 74 0.079465
54 75 0.079465
54 76 0.079464
54 77 0.079464
54 78 0.079464
54 79 0.079463
54 80 0.079462
54 81 0.079462
54 82 0.079461
54 83 0.079460
54 84 0.079459
54 85 0.079458
54 86 0.079457
54 87 0.079456
54 88 0.079455
54 89 0.079455
54 90 0.079454
54 91 0.079453
54 92 0.079452
54 93 0.079451
54 94 0.079450
54 95 0.079449
54 96 0.079449
54 97 0.079448
54 98 0.079448
54 99 0.079448

55 0 0.079446
55 1 0.079446
55 2 0.079445
55 3 0.079445
55 4 0.079445
55 5 0.079445
55 6 0.079445
55 7 0.079445
55 8 0.079445
55 9 0.079445
55 10 0.079445
55 11 0.079445
55 12 0.079445
55 13 0.079445
55 14 0.079445
55 15 0.079445
55 16 0.079446
55 17 0.079446
55 18 0.079446
55 19 0.079446
55 20 0.079447
55 21 0.079447
55 22 0.079448
55 23 0.079448
55 24 0.079449
55 25 0.079449
55 26 0.079450
55 27 0.079451
55 28 0.079451
55 29 0.079452
55 30 0.079453
55 31 0.079453
55 32 0.079454
55 33 0.079455
55 34 0.079455
55 35 0.079456
55 36 0.079457
55 37 0.079457
55 38 0.079458
55 39 0.079458
55 40 0.079459
55 41 0.079459
55 42 0.079460
55 43 0.079460
55 44 0.079460
55 45 0.079461
55 46 0.079461
55 47 0.079461
55 48 0.079461
55 49 0.079461
55 50 0.079461
55 51 0.079461
55 52 0.079461
55 53 0.079461
55 54 0.079461
55 55 0.079462
55 56 0.079462
55 57 0.079462
55 58 0.079462
55 59 0.079462
55 60 0.079462
55 61 0.079462
55 62 0.079462
55 63 0.079462
55 64 0.079463
55 65 0.079463
55 66 0.079463
55 67 0.079463
55 68 0.079464
55 69 0.079464
55 70 0.079464
55 71 0.079465
55 72 0.079465
55 73 0.079465
55 74 0.079465
55 75 0.079465
55 76 0.079465
55 77 0.079465
55 78 0.079464
55 79 0.079464
55 80 0.079463
55 81 0.079462
55 82 0.079461
55 83 0.079460
55 84 0.079460
55 85 0.079459
55 86 0.079458
55 87 0.079457
55 88 0.079456
55 89 0.079455
55 90 0.079454
55 91 0.079453
55 92 0.079452
55 93 0.079451
55 94 0.079450
55 95 0.079449
55 96 0.079449
55 97 0.079448
55 98 0.079448
55 99 0.079448

56 0 0.079446
56 1 0.079445
56 2 0.079445
56 3 0.079445
56 4 0.079445
56 5 0.079445
56 6 0.079445
56 7 0.079445
56 8 0.079445
56 9 0.079445
56 10 0.079445
56 11 0.079445
56 12 0.079445
56 13 0.079445
56 14 0.079445
56 15 0.079445
56 16 0.079446
56 17 0.079446
56 18 0.079446
56 19 0.079447
56 20 0.079447
56 21 0.079448
56 22 0.079448
56 23 0.079449
56 24 0.079449
56 25 0.079450
56 26 0.079450
56 27 0.079451
56 28 0.079451
56 29 0.079452
56 30 0.079453
56 31 0.079453
56 32 0.079454
56 33 0.079455
56 34 0.079455
56 35 0.079456
56 36 0.079457
56 37 0.079457
56 38 0.079458
56 39 0.079458
56 40 0.079459
56 41 0.079459
56 42 0.079460
56 43 0.079460
56 44 0.079460
56 45 0.079461
56 46 0.079461
56 47 0.079461
56 48 0.079461
56 49 0.079461
56 50 0.079461
56 51 0.079461
56 52 0.079462
56 53 0.079462
56 54 0.079462
56 55 0.079462
56 56 0.079462
56 57 0.079462
56 58 0.079462
56 59 0.079462
56 60 0.079462
56 61 0.079462
56 62 0.079462
56 63 0.079463
56 64 0.079463
56 65 0.079463
56 66 0.079463
56 67 0.079464
56 68 0.079464
56 69 0.079464
56 70 0.079465
56 71 0.079465
56 72 0.079465
56 73 0.079466
56 74 0.079466
56 75 0.079466
56 76 0.079466
56 77 0.079465
56 78 0.079465
56 79 0.079464
56 80 0.079464
56 81 0.079463
56 82 0.079462
56 83 0.079461
56 84 0.079460
56 85 0.079459
56 86 0.079458
56 87 0.079457
56 88 0.079456
56 89 0.079455
56 90 0.079454
56 91 0.079453
56 92 0.079452
56 93 0.079451
56 94 0.079450
56 95 0.079449
56 96 0.079449
56 97 0.079448
56 98 0.079448
56 99 0.079448

57 0 0.079446
57 1 0.079445
57 2 0.079445
57 3 0.079445
57 4 0.079445
57 5 0.079445
57 6 0.079444
57 7 0.079445
57 8 0.079445
57 9 0.079445
57 10 0.079445
57 11 0.079445
57 12 0.079445
57 13 0.079445
57 14 0.079445
57 15 0.079446
57 16 0.079446
57 17 0.079446
57 18 0.079447
57 19 0.079447
57 20 0.079447
57 21 0.079448
57 22 0.079448
57 23 0.079449
57 24 0.079449
57 25 0.079450
57 26 0.079451
57 27 0.079451
57 28 0.079452
57 29 0.079452
57 30 0.079453
57 31 0.079454
57 32 0.079454
57 33 0.079455
57 34 0.079456
57 35 0.079456
57 36 0.079457
57 37 0.079458
57 38 0.079458
57 39 0.079459
57 40 0.079459
57 41 0.079460
57 42 0.079460
57 43 0.079460
57 44 0.079461
57 45 0.079461
57 46 0.079461
57 47 0.079461
57 48 0.079461
57 49 0.079462
57 50 0.079462
57 51 0.079462
57 52 0.079462
57 53 0.079462
57 54 0.079462
57 55 0.079462
57 56 0.079462
57 57 0.079462
57 58 0.079462
57 59 0.079462
57 60 0.079462
57 61 0.079462
57 62 0.079463
57 63 0.079463
57 64 0.079463
57 65 0.079463
57 66 0.079464
57 67 0.079464
57 68 0.079464
57 69 0.079465
57 70 0.079465
57 71 0.079465
57 72 0.079466
57 73 0.079466
57 74 0.079466
57 75 0.079466
57 76 0.079466
57 77 0.079466
57 78 0.079466
57 79 0.079465
57 80 0.079464
57 81 0.079463
57 82 0.079462
57 83 0.079461
57 84 0.079460
57 85 0.079459
57 86 0.079458
57 87 0.079457
57 88 0.079456
57 89 0.079455
57 90 0.079454
57 91 0.079453
57 92 0.079452
57 93 0.079451
57 94 0.079450
57 95 0.079449
57 96 0.079449
57 97 0.079448
57 98 0.079448
57 99 0.079448

58 0 0.079446
58 1 0.079445
58 2 0.079445
58 3 0.079445
58 4 0.079445
58 5 0.079445
58 6 0.079445
58 7 0.079445
58 8 0.079445
58 9 0.079445
58 10 0.079445
58 11 0.079445
58 12 0.079445
58 13 0.079446
58 14 0.079446
58 15 0.079446
58 16 0.079446
58 17 0.079447
58 18 0.079447
58 19 0.079447
58 20 0.079448
58 21 0.079448
58 22 0.079449
58 23 0.079449
58 24 0.079450
58 25 0.079450
58 26 0.079451
58 27 0.079451
58 28 0.079452
58 29 0.079453
58 30 0.079453
58 31 0.079454
58 32 0.079455
58 33 0.079455
58 34 0.079456
58 35 0.079457
58 36 0.079457
58 37 0.079458
58 38 0.079458
58 39 0.079459
58 40 0.079459
58 41 0.079460
58 42 0.079460
58 43 0.079461
58 44 0.079461
58 45 0.079461
58 46 0.079461
58 47 0.079462
58 48 0.079462
58 49 0.079462
58 50 0.079462
58 51 0.079462
58 52 0.079462
58 53 0.079462
58 54 0.079462
58 55 0.079462
58 56 0.079462
58 57 0.079462
58 58 0.079462
58 59 0.079462
58 60 0.079462
58 61 0.079463
58 62 0.079463
58 63 0.079463
58 64 0.079463
58 65 0.079464
58 66 0.079464
58 67 0.079464
58 68 0.079465
58 69 0.079465
58 70 0.079466
58 71 0.079466
58 72 0.079466
58 73 0.079467
58 74 0.079467
58 75 0.079467
58 76 0.079467
58 77 0.079467
58 78 0.079466
58 79 0.079466
58 80 0.079465
58 81 0.079464
58 82 0.079463
58 83 0.079462
58 84 0.079461
58 85 0.079460
58 86 0.079459
58 87 0.079458
58 88 0.079457
58 89 0.079456
58 90 0.079455
58 91 0.079453
58 92 0.079452
58 93 0.079451
58 94 0.079451
58 95 0.079450
58 96 0.079449
58 97 0.079449
58 98 0.079448
58 99 0.079448

59 0 0.079446
59 1 0.079445
59 2 0.079445
59 3 0.079445
59 4 0.079445
59 5 0.079445
59 6 0.079445
59 7 0.079445
59 8 0.079445
59 9 0.079445
59 10 0.079445
59 11 0.079445
59 12 0.079446
59 13 0.079446
59 14 0.079446
59 15 0.079446
59 16 0.079447
59 17 0.079447
59 18 0.079447
59 19 0.079448
59 20 0.079448
59 21 0.079449
59 22 0.079449
59 23 0.079450
59 24 0.079450
59 25 0.079451
59 26 0.079451
59 27 0.079452
59 28 0.079453
59 29 0.079453
59 30 0.079454
59 31 0.079454
59 32 0.079455
59 33 0.079456
59 34 0.079456
59 35 0.079457
59 36 0.079458
59 37 0.079458
59 38 0.079459
59 39 0.079459
59 40 0.079460
59 41 0.079460
59 42 0.079460
59 43 0.079461
59 44 0.079461
59 45 0.079461
59 46 0.079462
59 47 0.079462
59 48 0.079462
59 49 0.079462
59 50 0.079462
59 51 0.079462
59 52 0.079462
59 53 0.079462
59 54 0.079462
59 55 0.079462
59 56 0.079462
59 57 0.079463
59 58 0.079463
59 59 0.079463
59 60 0.079463
59 61 0.079463
59 62 0.079463
59 63 0.079463
59 64 0.079464
59 65 0.079464
59 66 0.079464
59 67 0.079465
59 68 0.079465
59 69 0.079466
59 70 0.079466
59 71 0.079467
59 72 0.079467
59 73 0.079467
59 74 0.079468
59 75 0.079468
59 76 0.079468
59 77 0.079467
59 78 0.079467
59 79 0.079466
59 80 0.079465
59 81 0.079465
59 82 0.079464
59 83 0.079463
59 84 0.079461
59 85 0.079460
59 86 0.079459
59 87 0.079458
59 88 0.079457
59 89 0.079456
59 90 0.079455
59 91 0.079454
59 92 0.079453
59 93 0.079451
59 94 0.079451
59 95 0.079450
59 96 0.079449
59 97 0.079449
59 98 0.079448
59 99 0.079448

60 0 0.079446
60 1 0.079445
60 2 0.079445
60 3 0.079445
60 4 0.079445
60 5 0.079445
60 6 0.079445
60 7 0.079445
60 8 0.079445
60 9 0.079445
60 10 0.079446
60 11 0.079446
60 12 0.079446
60 13 0.079446
60 14 0.079447
60 15 0.079447
60 16 0.079447
60 17 0.079448
60 18 0.079448
60 19 0.079448
60 20 0.079449
60 21 0.079449
60 22 0.079450
60 23 0.079450
60 24 0.079451
60 25 0.079451
60 26 0.079452
60 27 0.079452
60 28 0.079453
60 29 0.079454
60 30 0.079454
60 31 0.079455
60 32 0.079455
60 33 0.079456
60 34 0.079457
60 35 0.079457
60 36 0.079458
60 37 0.079458
60 38 0.079459
60 39 0.079459
60 40 0.079460
60 41 0.079460
60 42 0.079461
60 43 0.079461
60 44 0.079461
60 45 0.079462
60 46 0.079462
60 47 0.079462
60 48 0.079462
60 49 0.079462
60 50 0.079462
60 51 0.079463
60 52 0.079463
60 53 0.079463
60 54 0.079463
60 55 0.079463
60 56 0.079463
60 57 0.079463
60 58 0.079463
60 59 0.079463
60 60 0.079463
60 61 0.079463
60 62 0.079464
60 63 0.079464
60 64 0.079464
60 65 0.079464
60 66 0.079465
60 67 0.079465
60 68 0.079466
60 69 0.079466
60 70 0.079467
60 71 0.079467
60 72 0.079468
60 73 0.079468
60 74 0.079468
60 75 0.079468
60 76 0.079468
60 77 0.079468
60 78 0.079468
60 79 0.079467
60 80 0.079466
60 81 0.079465
60 82 0.079464
60 83 0.079463
60 84 0.079462
60 85 0.079461
60 86 0.079460
60 87 0.079459
60 88 0.079458
60 89 0.079457
60 90 0.079455
60 91 0.079454
60 92 0.079453
60 93 0.079452
60 94 0.079451
60 95 0.079450
60 96 0.079450
60 97 0.079449
60 98 0.079449
60 99 0.079448

61 0 0.079446
61 1 0.079446
61 2 0.079446
61 3 0.079445
61 4 0.079445
61 5 0.079445
61 6 0.079445
61 7 0.079446
61 8 0.079446
61 9 0.079446
61 10 0.079446
61 11 0.079446
61 12 0.079446
61 13 0.079447
61 14 0.079447
61 15 0.079447
61 16 0.079448
61 17 0.079448
61 18 0.079448
61 19 0.079449
61 20 0.079449
61 21 0.079450
61 22 0.079450
61 23 0.079451
61 24 0.079451
61 25 0.079452
61 26 0.079452
61 27 0.079453
61 28 0.079453
61 29 0.079454
61 30 0.079455
61 31 0.079455
61 32 0.079456
61 33 0.079456
61 34 0.079457
61 35 0.079458
61 36 0.079458
61 37 0.079459
61 38 0.079459
61 39 0.079460
61 40 0.079460
61 41 0.079461
61 42 0.079461
61 43 0.079462
61 44 0.079462
61 45 0.079462
61 46 0.079462
61 47 0.079463
61 48 0.079463
61 49 0.079463
61 50 0.079463
61 51 0.079463
61 52 0.079463
61 53 0.079463
61 54 0.079463
61 55 0.079463
61 56 0.079463
61 57 0.079463
61 58 0.079463
61 59 0.079464
61 60 0.079464
61 61 0.079464
61 62 0.079464
61 63 0.079464
61 64 0.079465
61 65 0.079465
61 66 0.079465
61 67 0.079466
61 68 0.079466
61 69 0.079467
61 70 0.079467
61 71 0.079468
61 72 0.079468
61 73 0.079469
61 74 0.079469
61 75 0.079469
61 76 0.079469
61 77 0.079469
61 78 0.079468
61 79 0.079468
61 80 0.079467
61 81 0.079466
61 82 0.079465
61 83 0.079464
61 84 0.079463
61 85 0.079462
61 86 0.079461
61 87 0.079459
61 88 0.079458
61 89 0.079457
61 90 0.079456
61 91 0.079455
61 92 0.079454
61 93 0.079452
61 94 0.079452
61 95 0.079451
61 96 0.079450
61 97 0.079450
61 98 0.079449
61 99 0.079449

62 0 0.079447
62 1 0.079446
62 2 0.079446
62 3 0.079446
62 4 0.079445
62 5 0.079446
62 6 0.079446
62 7 0.079446
62 8 0.079446
62 9 0.079446
62 10 0.079446
62 11 0.079447
62 12 0.079447
62 13 0.079447
62 14 0.079447
62 15 0.079448
62 16 0.079448
62 17 0.079449
62 18 0.079449
62 19 0.079449
62 20 0.079450
62 21 0.079450
62 22 0.079451
62 23 0.079451
62 24 0.079452
62 25 0.079452
62 26 0.079453
62 27 0.079453
62 28 0.079454
62 29 0.079455
62 30 0.079455
62 31 0.079456
62 32 0.079456
62 33 0.079457
62 34 0.079458
62 35 0.079458
62 36 0.079459
62 37 0.079459
62 38 0.079460
62 39 0.079460
62 40 0.079461
62 41 0.079461
62 42 0.079462
62 43 0.079462
62 44 0.079462
62 45 0.079463
62 46 0.079463
62 47 0.079463
62 48 0.079463
62 49 0.079463
62 50 0.079463
62 51 0.079463
62 52 0.079464
62 53 0.079464
62 54 0.079464
62 55 0.079464
62 56 0.079464
62 57 0.079464
62 58 0.079464
62 59 0.079464
62 60 0.079464
62 61 0.079464
62 62 0.079465
62 63 0.079465
62 64 0.079465
62 65 0.079466
62 66 0.079466
62 67 0.079466
62 68 0.079467
62 69 0.079467
62 70 0.079468
62 71 0.079468
62 72 0.079469
62 73 0.079469
62 74 0.079470
62 75 0.079470
62 76 0.079470
62 77 0.079470
62 78 0.079469
62 79 0.079469
62 80 0.079468
62 81 0.079467
62 82 0.079466
62 83 0.079465
62 84 0.079463
62 85 0.079462
62 86 0.079461
62 87 0.079460
62 88 0.079459
62 89 0.079458
62 90 0.079457
62 91 0.079455
62 92 0.079454
62 93 0.079453
62 94 0.079452
62 95 0.079451
62 96 0.079451
62 97 0.079450
62 98 0.079450
62 99 0.079449

63 0 0.079447
63 1 0.079446
63 2 0.079446
63 3 0.079446
63 4 0.079446
63 5 0.079446
63 6 0.079446
63 7 0.079447
63 8 0.079447
63 9 0.079447
63 10 0.079447
63 11 0.079447
63 12 0.079448
63 13 0.079448
63 14 0.079448
63 15 0.079448
63 16 0.079449
63 17 0.079449
63 18 0.079450
63 19 0.079450
63 20 0.079450
63 21 0.079451
63 22 0.079451
63 23 0.079452
63 24 0.079452
63 25 0.079453
63 26 0.079454
63 27 0.079454
63 28 0.079455
63 29 0.079455
63 30 0.079456
63 31 0.079456
63 32 0.079457
63 33 0.079457
63 34 0.079458
63 35 0.079459
63 36 0.079459
63 37 0.079460
63 38 0.079460
63 39 0.079461
63 40 0.079461
63 41 0.079462
63 42 0.079462
63 43 0.079463
63 44 0.079463
63 45 0.079463
63 46 0.079463
63 47 0.079464
63 48 0.079464
63 49 0.079464
63 50 0.079464
63 51 0.079464
63 52 0.079464
63 53 0.079464
63 54 0.079464
63 55 0.079464
63 56 0.079464
63 57 0.079464
63 58 0.079465
63 59 0.079465
63 60 0.079465
63 61 0.079465
63 62 0.079465
63 63 0.079466
63 64 0.079466
63 65 0.079466
63 66 0.079467
63 67 0.079467
63 68 0.079468
63 69 0.079468
63 70 0.079469
63 71 0.079469
63 72 0.079470
63 73 0.079470
63 74 0.079471
63 75 0.079471
63 76 0.079471
63 77 0.079470
63 78 0.079470
63 79 0.079469
63 80 0.079468
63 81 0.079467
63 82 0.079466
63 83 0.079465
63 84 0.079464
63 85 0.079463
63 86 0.079462
63 87 0.079461
63 88 0.079460
63 89 0.079459
63 90 0.079457
63 91 0.079456
63 92 0.079455
63 93 0.079454
63 94 0.079453
63 95 0.079452
63 96 0.079452
63 97 0.079451
63 98 0.079450
63 99 0.079450

64 0 0.079448
64 1 0.079447
64 2 0.079447
64 3 0.079447
64 4 0.079446
64 5 0.079447
64 6 0.079447
64 7 0.079447
64 8 0.079447
64 9 0.079447
64 10 0.079448
64 11 0.079448
64 12 0.079448
64 13 0.079448
64 14 0.079449
64 15 0.079449
64 16 0.079449
64 17 0.079450
64 18 0.079450
64 19 0.079451
64 20 0.079451
64 21 0.079452
64 22 0.079452
64 23 0.079453
64 24 0.079453
64 25 0.079454
64 26 0.079454
64 27 0.079455
64 28 0.079455
64 29 0.079456
64 30 0.079456
64 31 0.079457
64 32 0.079457
64 33 0.079458
64 34 0.079459
64 35 0.079459
64 36 0.079460
64 37 0.079460
64 38 0.079461
64 39 0.079461
64 40 0.079462
64 41 0.079462
64 42 0.079463
64 43 0.079463
64 44 0.079463
64 45 0.079464
64 46 0.079464
64 47 0.079464
64 48 0.079464
64 49 0.079464
64 50 0.079464
64 51 0.079465
64 52 0.079465
64 53 0.079465
64 54 0.079465
64 55 0.079465
64 56 0.079465
64 57 0.079465
64 58 0.079465
64 59 0.079465
64 60 0.079466
64 61 0.079466
64 62 0.079466
64 63 0.079466
64 64 0.079467
64 65 0.079467
64 66 0.079467
64 67 0.079468
64 68 0.079468
64 69 0.079469
64 70 0.079470
64 71 0.079470
64 72 0.079471
64 73 0.079471
64 74 0.079471
64 75 0.079472
64 76 0.079472
64 77 0.079471
64 78 0.079471
64 79 0.079470
64 80 0.079469
64 81 0.079468
64 82 0.079467
64 83 0.079466
64 84 0.079465
64 85 0.079464
64 86 0.079463
64 87 0.079462
64 88 0.079461
64 89 0.079459
64 90 0.079458
64 91 0.079457
64 92 0.079456
64 93 0.079454
64 94 0.079454
64 95 0.079452
64 96 0.079452
64 97 0.079452
64 98 0.079451
64 99 0.079451

65 0 0.079448
65 1 0.079448
65 2 0.079447
65 3 0.079447
65 4 0.079447
65 5 0.079448
65 6 0.079447
65 7 0.079448
65 8 0.079448
65 9 0.079448
65 10 0.079448
65 11 0.079448
65 12 0.079449
65 13 0.079449
65 14 0.079449
65 15 0.079450
65 16 0.079450
65 17 0.079450
65 18 0.079451
65 19 0.079451
65 20 0.079452
65 21 0.079452
65 22 0.079453
65 23 0.079453
65 24 0.079454
65 25 0.079454
65 26 0.079455
65 27 0.079455
65 28 0.079456
65 29 0.079456
65 30 0.079457
65 31 0.079457
65 32 0.079458
65 33 0.079459
65 34 0.079459
65 35 0.079460
65 36 0.079460
65 37 0.079461
65 38 0.079461
65 39 0.079462
65 40 0.079462
65 41 0.079463
65 42 0.079463
65 43 0.079464
65 44 0.079464
65 45 0.079464
65 46 0.079464
65 47 0.079465
65 48 0.079465
65 49 0.079465
65 50 0.079465
65 51 0.079465
65 52 0.079465
65 53 0.079465
65 54 0.079465
65 55 0.079465
65 56 0.079466
65 57 0.079466
65 58 0.079466
65 59 0.079466
65 60 0.079466
65 61 0.079466
65 62 0.079467
65 63 0.079467
65 64 0.079467
65 65 0.079468
65 66 0.079468
65 67 0.079469
65 68 0.079469
65 69 0.079470
65 70 0.079470
65 71 0.079471
65 72 0.079471
65 73 0.079472
65 74 0.079472
65 75 0.079472
65 76 0.079472
65 77 0.079472
65 78 0.079472
65 79 0.079471
65 80 0.079470
65 81 0.079469
65 82 0.079468
65 83 0.079467
65 84 0.079466
65 85 0.079465
65 86 0.079464
65 87 0.079462
65 88 0.079461
65 89 0.079460
65 90 0.079459
65 91 0.079458
65 92 0.079457
65 93 0.079455
65 94 0.079455
65 95 0.079453
65 96 0.079453
65 97 0.079452
65 98 0.079452
65 99 0.079452

66 0 0.079449
66 1 0.079448
66 2 0.079448
66 3 0.079448
66 4 0.079448
66 5 0.079448
66 6 0.079448
66 7 0.079448
66 8 0.079448
66 9 0.079449
66 10 0.079449
66 11 0.079449
66 12 0.079449
66 13 0.079450
66 14 0.079450
66 15 0.079450
66 16 0.079451
66 17 0.079451
66 18 0.079451
66 19 0.079452
66 20 0.079452
66 21 0.079453
66 22 0.079453
66 23 0.079454
66 24 0.079454
66 25 0.079455
66 26 0.079455
66 27 0.079456
66 28 0.079456
66 29 0.079457
66 30 0.079457
66 31 0.079458
66 32 0.079458
66 33 0.079459
66 34 0.079460
66 35 0.079460
66 36 0.079461
66 37 0.079461
66 38 0.079462
66 39 0.079462
66 40 0.079463
66 41 0.079463
66 42 0.079464
66 43 0.079464
66 44 0.079464
66 45 0.079465
66 46 0.079465
66 47 0.079465
66 48 0.079465
66 49 0.079465
66 50 0.079466
66 51 0.079466
66 52 0.079466
66 53 0.079466
66 54 0.079466
66 55 0.079466
66 56 0.079466
66 57 0.079466
66 58 0.079467
66 59 0.079467
66 60 0.079467
66 61 0.079467
66 62 0.079467
66 63 0.079468
66 64 0.079468
66 65 0.079468
66 66 0.079469
66 67 0.079469
66 68 0.079470
66 69 0.079470
66 70 0.079471
66 71 0.079472
66 72 0.079472
66 73 0.079473
66 74 0.079473
66 75 0.079473
66 76 0.079473
66 77 0.079473
66 78 0.079472
66 79 0.079472
66 80 0.079471
66 81 0.079470
66 82 0.079469
66 83 0.079468
66 84 0.079467
66 85 0.079465
66 86 0.079464
66 87 0.079463
66 88 0.079462
66 89 0.079461
66 90 0.079460
66 91 0.079458
66 92 0.079457
66 93 0.079456
66 94 0.079455
66 95 0.079454
66 96 0.079454
66 97 0.079453
66 98 0.079453
66 99 0.079453

67 0 0.079450
67 1 0.079449
67 2 0.079449
67 3 0.079449
67 4 0.079449
67 5 0.079449
67 6 0.079449
67 7 0.079449
67 8 0.079449
67 9 0.079450
67 10 0.079450
67 11 0.079450
67 12 0.079450
67 13 0.079450
67 14 0.079451
67 15 0.079451
67 16 0.079451
67 17 0.079452
67 18 0.079452
67 19 0.079453
67 20 0.079453
67 21 0.079453
67 22 0.079454
67 23 0.079454
67 24 0.079455
67 25 0.079455
67 26 0.079456
67 27 0.079456
67 28 0.079457
67 29 0.079457
67 30 0.079458
67 31 0.079458
67 32 0.079459
67 33 0.079459
67 34 0.079460
67 35 0.079461
67 36 0.079461
67 37 0.079462
67 38 0.079462
67 39 0.079463
67 40 0.079463
67 41 0.079464
67 42 0.079464
67 43 0.079464
67 44 0.079465
67 45 0.079465
67 46 0.079465
67 47 0.079466
67 48 0.079466
67 49 0.079466
67 50 0.079466
67 51 0.079466
67 52 0.079466
67 53 0.079467
67 54 0.079467
67 55 0.079467
67 56 0.079467
67 57 0.079467
67 58 0.079467
67 59 0.079467
67 60 0.079468
67 61 0.079468
67 62 0.079468
67 63 0.079468
67 64 0.079469
67 65 0.079469
67 66 0.079470
67 67 0.079470
67 68 0.079471
67 69 0.079471
67 70 0.079472
67 71 0.079472
67 72 0.079473
67 73 0.079473
67 74 0.079474
67 75 0.079474
67 76 0.079474
67 77 0.079473
67 78 0.079473
67 79 0.079472
67 80 0.079471
67 81 0.079470
67 82 0.079469
67 83 0.079468
67 84 0.079467
67 85 0.079466
67 86 0.079465
67 87 0.079464
67 88 0.079463
67 89 0.079462
67 90 0.079461
67 91 0.079459
67 92 0.079458
67 93 0.079457
67 94 0.079456
67 95 0.079455
67 96 0.079455
67 97 0.079454
67 98 0.079454
67 99 0.079454

68 0 0.079451
68 1 0.079450
68 2 0.079450
68 3 0.079450
68 4 0.079450
68 5 0.079450
68 6 0.079450
68 7 0.079450
68 8 0.079450
68 9 0.079450
68 10 0.079450
68 11 0.079451
68 12 0.079451
68 13 0.079451
68 14 0.079451
68 15 0.079452
68 16 0.079452
68 17 0.079452
68 18 0.079453
68 19 0.079453
68 20 0.079454
68 21 0.079454
68 22 0.079454
68 23 0.079455
68 24 0.079455
68 25 0.079456
68 26 0.079456
68 27 0.079457
68 28 0.079457
68 29 0.079458
68 30 0.079458
68 31 0.079459
68 32 0.079459
68 33 0.079460
68 34 0.079460
68 35 0.079461
68 36 0.079461
68 37 0.079462
68 38 0.079462
68 39 0.079463
68 40 0.079463
68 41 0.079464
68 42 0.079464
68 43 0.079465
68 44 0.079465
68 45 0.079465
68 46 0.079466
68 47 0.079466
68 48 0.079466
68 49 0.079466
68 50 0.079467
68 51 0.079467
68 52 0.079467
68 53 0.079467
68 54 0.079467
68 55 0.079467
68 56 0.079467
68 57 0.079468
68 58 0.079468
68 59 0.079468
68 60 0.079468
68 61 0.079469
68 62 0.079469
68 63 0.079469
68 64 0.079470
68 65 0.079470
68 66 0.079470
68 67 0.079471
68 68 0.079471
68 69 0.079472
68 70 0.079473
68 71 0.079473
68 72 0.079474
68 73 0.079474
68 74 0.079474
68 75 0.079474
68 76 0.079474
68 77 0.079474
68 78 0.079474
68 79 0.079473
68 80 0.079472
68 81 0.079471
68 82 0.079470
68 83 0.079469
68 84 0.079468
68 85 0.079467
68 86 0.079466
68 87 0.079465
68 88 0.079464
68 89 0.079462
68 90 0.079461
68 91 0.079460
68 92 0.079459
68 93 0.079458
68 94 0.079457
68 95 0.079456
68 96 0.079456
68 97 0.079455
68 98 0.079455
68 99 0.079455

69 0 0.079452
69 1 0.079451
69 2 0.079451
69 3 0.079451
69 4 0.079450
69 5 0.079451
69 6 0.079451
69 7 0.079451
69 8 0.079451
69 9 0.079451
69 10 0.079451
69 11 0.079451
69 12 0.079452
69 13 0.079452
69 14 0.079452
69 15 0.079452
69 16 0.079453
69 17 0.079453
69 18 0.079453
69 19 0.079454
69 20 0.079454
69 21 0.079454
69 22 0.079455
69 23 0.079455
69 24 0.079456
69 25 0.079456
69 26 0.079457
69 27 0.079457
69 28 0.079457
69 29 0.079458
69 30 0.079458
69 31 0.079459
69 32 0.079459
69 33 0.079460
69 34 0.079460
69 35 0.079461
69 36 0.079462
69 37 0.079462
69 38 0.079463
69 39 0.079463
69 40 0.079464
69 41 0.079464
69 42 0.079465
69 43 0.079465
69 44 0.079465
69 45 0.079466
69 46 0.079466
69 47 0.079466
69 48 0.079466
69 49 0.079467
69 50 0.079467
69 51 0.079467
69 52 0.079467
69 53 0.079467
69 54 0.079468
69 55 0.079468
69 56 0.079468
69 57 0.079468
69 58 0.079468
69 59 0.079469
69 60 0.079469
69 61 0.079469
69 62 0.079470
69 63 0.079470
69 64 0.079470
69 65 0.079471
69 66 0.079471
69 67 0.079472
69 68 0.079472
69 69 0.079473
69 70 0.079473
69 71 0.079474
69 72 0.079474
69 73 0.079475
69 74 0.079475
69 75 0.079475
69 76 0.079475
69 77 0.079475
69 78 0.079474
69 79 0.079473
69 80 0.079473
69 81 0.079472
69 82 0.079471
69 83 0.079470
69 84 0.079469
69 85 0.079468
69 86 0.079466
69 87 0.079465
69 88 0.079464
69 89 0.079463
69 90 0.079462
69 91 0.079461
69 92 0.079460
69 93 0.079459
69 94 0.079458
69 95 0.079457
69 96 0.079457
69 97 0.079456
69 98 0.079456
69 99 0.079456

70 0 0.079453
70 1 0.079452
70 2 0.079452
70 3 0.079452
70 4 0.079451
70 5 0.079452
70 6 0.079451
70 7 0.079452
70 8 0.079452
70 9 0.079452
70 10 0.079452
70 11 0.079452
70 12 0.079452
70 13 0.079452
70 14 0.079453
70 15 0.079453
70 16 0.079453
70 17 0.079453
70 18 0.079454
70 19 0.079454
70 20 0.079454
70 21 0.079455
70 22 0.079455
70 23 0.079455
70 24 0.079456
70 25 0.079456
70 26 0.079457
70 27 0.079457
70 28 0.079458
70 29 0.079458
70 30 0.079459
70 31 0.079459
70 32 0.079460
70 33 0.079460
70 34 0.079461
70 35 0.079461
70 36 0.079462
70 37 0.079462
70 38 0.079463
70 39 0.079463
70 40 0.079464
70 41 0.079464
70 42 0.079465
70 43 0.079465
70 44 0.079466
70 45 0.079466
70 46 0.079466
70 47 0.079467
70 48 0.079467
70 49 0.079467
70 50 0.079467
70 51 0.079468
70 52 0.079468
70 53 0.079468
70 54 0.079468
70 55 0.079468
70 56 0.079469
70 57 0.079469
70 58 0.079469
70 59 0.079469
70 60 0.079470
70 61 0.079470
70 62 0.079470
70 63 0.079471
70 64 0.079471
70 65 0.079471
70 66 0.079472
70 67 0.079472
70 68 0.079473
70 69 0.079473
70 70 0.079474
70 71 0.079474
70 72 0.079475
70 73 0.079475
70 74 0.079475
70 75 0.079475
70 76 0.079475
70 77 0.079475
70 78 0.079475
70 79 0.079474
70 80 0.079473
70 81 0.079472
70 82 0.079471
70 83 0.079470
70 84 0.079469
70 85 0.079468
70 86 0.079467
70 87 0.079466
70 88 0.079465
70 89 0.079464
70 90 0.079463
70 91 0.079462
70 92 0.079461
70 93 0.079460
70 94 0.079459
70 95 0.079458
70 96 0.079458
70 97 0.079457
70 98 0.079457
70 99 0.079457

71 0 0.079454
71 1 0.079453
71 2 0.079452
71 3 0.079453
71 4 0.079452
71 5 0.079452
71 6 0.079452
71 7 0.079452
71 8 0.079452
71 9 0.079452
71 10 0.079452
71 11 0.079452
71 12 0.079453
71 13 0.079453
71 14 0.079453
71 15 0.079453
71 16 0.079453
71 17 0.079454
71 18 0.079454
71 19 0.079454
71 20 0.079454
71 21 0.079455
71 22 0.079455
71 23 0.079456
71 24 0.079456
71 25 0.079456
71 26 0.079457
71 27 0.079457
71 28 0.079458
71 29 0.079458
71 30 0.079458
71 31 0.079459
71 32 0.079459
71 33 0.079460
71 34 0.079461
71 35 0.079461
71 36 0.079462
71 37 0.079462
71 38 0.079463
71 39 0.079463
71 40 0.079464
71 41 0.079464
71 42 0.079465
71 43 0.079465
71 44 0.079466
71 45 0.079466
71 46 0.079466
71 47 0.079467
71 48 0.079467
71 49 0.079467
71 50 0.079468
71 51 0.079468
71 52 0.079468
71 53 0.079468
71 54 0.079469
71 55 0.079469
71 56 0.079469
71 57 0.079469
71 58 0.079470
71 59 0.079470
71 60 0.079470
71 61 0.079471
71 62 0.079471
71 63 0.079471
71 64 0.079472
71 65 0.079472
71 66 0.079473
71 67 0.079473
71 68 0.079473
71 69 0.079474
71 70 0.079474
71 71 0.079475
71 72 0.079475
71 73 0.079476
71 74 0.079476
71 75 0.079476
71 76 0.079476
71 77 0.079475
71 78 0.079475
71 79 0.079474
71 80 0.079473
71 81 0.079473
71 82 0.079472
71 83 0.079471
71 84 0.079470
71 85 0.079469
71 86 0.079468
71 87 0.079467
71 88 0.079466
71 89 0.079465
71 90 0.079464
71 91 0.079462
71 92 0.079462
71 93 0.079460
71 94 0.079460
71 95 0.079459
71 96 0.079459
71 97 0.079458
71 98 0.079457
71 99 0.079458

72 0 0.079454
72 1 0.079454
72 2 0.079453
72 3 0.079453
72 4 0.079453
72 5 0.079453
72 6 0.079453
72 7 0.079453
72 8 0.079453
72 9 0.079453
72 10 0.079453
72 11 0.079453
72 12 0.079453
72 13 0.079453
72 14 0.079453
72 15 0.079453
72 16 0.079454
72 17 0.079454
72 18 0.079454
72 19 0.079454
72 20 0.079455
72 21 0.079455
72 22 0.079455
72 23 0.079456
72 24 0.079456
72 25 0.079456
72 26 0.079457
72 27 0.079457
72 28 0.079457
72 29 0.079458
72 30 0.079458
72 31 0.079459
72 32 0.079459
72 33 0.079460
72 34 0.079460
72 35 0.079461
72 36 0.079462
72 37 0.079462
72 38 0.079463
72 39 0.079463
72 40 0.079464
72 41 0.079464
72 42 0.079465
72 43 0.079465
72 44 0.079466
72 45 0.079466
72 46 0.079466
72 47 0.079467
72 48 0.079467
72 49 0.079467
72 50 0.079468
72 51 0.079468
72 52 0.079468
72 53 0.079469
72 54 0.079469
72 55 0.079469
72 56 0.079469
72 57 0.079470
72 58 0.079470
72 59 0.079470
72 60 0.079471
72 61 0.079471
72 62 0.079471
72 63 0.079472
72 64 0.079472
72 65 0.079473
72 66 0.079473
72 67 0.079474
72 68 0.079474
72 69 0.079474
72 70 0.079475
72 71 0.079475
72 72 0.079476
72 73 0.079476
72 74 0.079476
72 75 0.079476
72 76 0.079476
72 77 0.079476
72 78 0.079475
72 79 0.079475
72 80 0.079474
72 81 0.079473
72 82 0.079472
72 83 0.079471
72 84 0.079470
72 85 0.079469
72 86 0.079468
72 87 0.079467
72 88 0.079466
72 89 0.079465
72 90 0.079464
72 91 0.079463
72 92 0.079462
72 93 0.079461
72 94 0.079461
72 95 0.079460
72 96 0.079459
72 97 0.079459
72 98 0.079458
72 99 0.079459

73 0 0.079455
73 1 0.079454
73 2 0.079454
73 3 0.079454
73 4 0.079454
73 5 0.079454
73 6 0.079453
73 7 0.079453
73 8 0.079453
73 9 0.079453
73 10 0.079453
73 11 0.079453
73 12 0.079453
73 13 0.079453
73 14 0.079453
73 15 0.079454
73 16 0.079454
73 17 0.079454
73 18 0.079454
73 19 0.079454
73 20 0.079455
73 21 0.079455
73 22 0.079455
73 23 0.079455
73 24 0.079456
73 25 0.079456
73 26 0.079456
73 27 0.079457
73 28 0.079457
73 29 0.079458
73 30 0.079458
73 31 0.079459
73 32 0.079459
73 33 0.079460
73 34 0.079460
73 35 0.079461
73 36 0.079461
73 37 0.079462
73 38 0.079462
73 39 0.079463
73 40 0.079464
73 41 0.079464
73 42 0.079465
73 43 0.079465
73 44 0.079466
73 45 0.079466
73 46 0.079466
73 47 0.079467
73 48 0.079467
73 49 0.079468
73 50 0.079468
73 51 0.079468
73 52 0.079469
73 53 0.079469
73 54 0.079469
73 55 0.079469
73 56 0.079470
73 57 0.079470
73 58 0.079470
73 59 0.079471
73 60 0.079471
73 61 0.079472
73 62 0.079472
73 63 0.079472
73 64 0.079473
73 65 0.079473
73 66 0.079474
73 67 0.079474
73 68 0.079474
73 69 0.079475
73 70 0.079475
73 71 0.079476
73 72 0.079476
73 73 0.079476
73 74 0.079476
73 75 0.079476
73 76 0.079476
73 77 0.079476
73 78 0.079475
73 79 0.079475
73 80 0.079474
73 81 0.079473
73 82 0.079472
73 83 0.079471
73 84 0.079470
73 85 0.079469
73 86 0.079469
73 87 0.079468
73 88 0.079467
73 89 0.079466
73 90 0.079465
73 91 0.079464
73 92 0.079463
73 93 0.079462
73 94 0.079461
73 95 0.079460
73 96 0.079460
73 97 0.079459
73 98 0.079459
73 99 0.079459

74 0 0.079456
74 1 0.079455
74 2 0.079455
74 3 0.079455
74 4 0.079454
74 5 0.079454
74 6 0.079454
74 7 0.079454
74 8 0.079454
74 9 0.079454
74 10 0.079454
74 11 0.079453
74 12 0.079453
74 13 0.079453
74 14 0.079453
74 15 0.079453
74 16 0.079454
74 17 0.079454
74 18 0.079454
74 19 0.079454
74 20 0.079454
74 21 0.079455
74 22 0.079455
74 23 0.079455
74 24 0.079455
74 25 0.079456
74 26 0.079456
74 27 0.079457
74 28 0.079457
74 29 0.079457
74 30 0.079458
74 31 0.079458
74 32 0.079459
74 33 0.079459
74 34 0.079460
74 35 0.079460
74 36 0.079461
74 37 0.079462
74 38 0.079462
74 39 0.079463
74 40 0.079463
74 41 0.079464
74 42 0.079465
74 43 0.079465
74 44 0.079466
74 45 0.079466
74 46 0.079466
74 47 0.079467
74 48 0.079467
74 49 0.079468
74 50 0.079468
74 51 0.079468
74 52 0.079469
74 53 0.079469
74 54 0.079469
74 55 0.079470
74 56 0.079470
74 57 0.079470
74 58 0.079471
74 59 0.079471
74 60 0.079471
74 61 0.079472
74 62 0.079472
74 63 0.079473
74 64 0.079473
74 65 0.079473
74 66 0.079474
74 67 0.079474
74 68 0.079475
74 69 0.079475
74 70 0.079475
74 71 0.079476
74 72 0.079476
74 73 0.079476
74 74 0.079476
74 75 0.079476
74 76 0.079476
74 77 0.079476
74 78 0.079476
74 79 0.079475
74 80 0.079474
74 81 0.079474
74 82 0.079473
74 83 0.079472
74 84 0.079471
74 85 0.079470
74 86 0.079469
74 87 0.079468
74 88 0.079467
74 89 0.079466
74 90 0.079465
74 91 0.079464
74 92 0.079464
74 93 0.079463
74 94 0.079462
74 95 0.079461
74 96 0.079461
74 97 0.079460
74 98 0.079460
74 99 0.079460

75 0 0.079457
75 1 0.079456
75 2 0.079455
75 3 0.079455
75 4 0.079455
75 5 0.079455
75 6 0.079454
75 7 0.079454
75 8 0.079454
75 9 0.079454
75 10 0.079454
75 11 0.079454
75 12 0.079454
75 13 0.079454
75 14 0.079454
75 15 0.079454
75 16 0.079454
75 17 0.079454
75 18 0.079454
75 19 0.079454
75 20 0.079454
75 21 0.079454
75 22 0.079455
75 23 0.079455
75 24 0.079455
75 25 0.079455
75 26 0.079456
75 27 0.079456
75 28 0.079457
75 29 0.079457
75 30 0.079457
75 31 0.079458
75 32 0.079458
75 33 0.079459
75 34 0.079460
75 35 0.079460
75 36 0.079461
75 37 0.079461
75 38 0.079462
75 39 0.079463
75 40 0.079463
75 41 0.079464
75 42 0.079464
75 43 0.079465
75 44 0.079465
75 45 0.079466
75 46 0.079466
75 47 0.079467
75 48 0.079467
75 49 0.079468
75 50 0.079468
75 51 0.079468
75 52 0.079469
75 53 0.079469
75 54 0.079469
75 55 0.079470
75 56 0.079470
75 57 0.079470
75 58 0.079471
75 59 0.079471
75 60 0.079472
75 61 0.079472
75 62 0.079472
75 63 0.079473
75 64 0.079473
75 65 0.079474
75 66 0.079474
75 67 0.079474
75 68 0.079475
75 69 0.079475
75 70 0.079475
75 71 0.079476
75 72 0.079476
75 73 0.079476
75 74 0.079476
75 75 0.079476
75 76 0.079476
75 77 0.079476
75 78 0.079475
75 79 0.079475
75 80 0.079474
75 81 0.079474
75 82 0.079473
75 83 0.079472
75 84 0.079471
75 85 0.079470
75 86 0.079469
75 87 0.079469
75 88 0.079468
75 89 0.079467
75 90 0.079466
75 91 0.079465
75 92 0.079464
75 93 0.079463
75 94 0.079463
75 95 0.079462
75 96 0.079461
75 97 0.079461
75 98 0.079460
75 99 0.079461

76 0 0.079457
76 1 0.079456
76 2 0.079456
76 3 0.079455
76 4 0.079455
76 5 0.079455
76 6 0.079455
76 7 0.079454
76 8 0.079454
76 9 0.079454
76 10 0.079454
76 11 0.079454
76 12 0.079454
76 13 0.079453
76 14 0.079453
76 15 0.079453
76 16 0.079453
76 17 0.079453
76 18 0.079453
76 19 0.079454
76 20 0.079454
76 21 0.079454
76 22 0.079454
76 23 0.079454
76 24 0.079455
76 25 0.079455
76 26 0.079455
76 27 0.079456
76 28 0.079456
76 29 0.079457
76 30 0.079457
76 31 0.079457
76 32 0.079458
76 33 0.079459
76 34 0.079459
76 35 0.079460
76 36 0.079460
76 37 0.079461
76 38 0.079462
76 39 0.079462
76 40 0.079463
76 41 0.079463
76 42 0.079464
76 43 0.079465
76 44 0.079465
76 45 0.079466
76 46 0.079466
76 47 0.079466
76 48 0.079467
76 49 0.079467
76 50 0.079468
76 51 0.079468
76 52 0.079468
76 53 0.079469
76 54 0.079469
76 55 0.079470
76 56 0.079470
76 57 0.079470
76 58 0.079471
76 59 0.079471
76 60 0.079471
76 61 0.079472
76 62 0.079472
76 63 0.079473
76 64 0.079473
76 65 0.079474
76 66 0.079474
76 67 0.079474
76 68 0.079475
76 69 0.079475
76 70 0.079475
76 71 0.079476
76 72 0.079476
76 73 0.079476
76 74 0.079476
76 75 0.079476
76 76 0.079476
76 77 0.079476
76 78 0.079475
76 79 0.079475
76 80 0.079474
76 81 0.079474
76 82 0.079473
76 83 0.079472
76 84 0.079471
76 85 0.079470
76 86 0.079470
76 87 0.079469
76 88 0.079468
76 89 0.079467
76 90 0.079466
76 91 0.079465
76 92 0.079465
76 93 0.079464
76 94 0.079463
76 95 0.079462
76 96 0.079462
76 97 0.079461
76 98 0.079461
76 99 0.079461

77 0 0.079457
77 1 0.079456
77 2 0.079456
77 3 0.079456
77 4 0.079455
77 5 0.079455
77 6 0.079455
77 7 0.079454
77 8 0.079454
77 9 0.079454
77 10 0.079454
77 11 0.079454
77 12 0.079453
77 13 0.079453
77 14 0.079453
77 15 0.079453
77 16 0.079453
77 17 0.079453
77 18 0.079453
77 19 0.079453
77 20 0.079453
77 21 0.079453
77 22 0.079454
77 23 0.079454
77 24 0.079454
77 25 0.079454
77 26 0.079455
77 27 0.079455
77 28 0.079456
77 29 0.079456
77 30 0.079457
77 31 0.079457
77 32 0.079458
77 33 0.079458
77 34 0.079459
77 35 0.079459
77 36 0.079460
77 37 0.079461
77 38 0.079461
77 39 0.079462
77 40 0.079463
77 41 0.079463
77 42 0.079464
77 43 0.079464
77 44 0.079465
77 45 0.079465
77 46 0.079466
77 47 0.079466
77 48 0.079467
77 49 0.079467
77 50 0.079467
77 51 0.079468
77 52 0.079468
77 53 0.079469
77 54 0.079469
77 55 0.079469
77 56 0.079470
77 57 0.079470
77 58 0.079470
77 59 0.079471
77 60 0.079471
77 61 0.079472
77 62 0.079472
77 63 0.079473
77 64 0.079473
77 65 0.079473
77 66 0.079474
77 67 0.079474
77 68 0.079474
77 69 0.079475
77 70 0.079475
77 71 0.079475
77 72 0.079475
77 73 0.079476
77 74 0.079476
77 75 0.079476
77 76 0.079476
77 77 0.079475
77 78 0.079475
77 79 0.079475
77 80 0.079474
77 81 0.079473
77 82 0.079473
77 83 0.079472
77 84 0.079471
77 85 0.079471
77 86 0.079470
77 87 0.079469
77 88 0.079468
77 89 0.079467
77 90 0.079466
77 91 0.079466
77 92 0.079465
77 93 0.079464
77 94 0.079464
77 95 0.079463
77 96 0.079462
77 97 0.079462
77 98 0.079461
77 99 0.079462

78 0 0.079457
78 1 0.079456
78 2 0.079456
78 3 0.079456
78 4 0.079455
78 5 0.079455
78 6 0.079455
78 7 0.079454
78 8 0.079454
78 9 0.079454
78 10 0.079454
78 11 0.079453
78 12 0.079453
78 13 0.079453
78 14 0.079453
78 15 0.079453
78 16 0.079453
78 17 0.079452
78 18 0.079453
78 19 0.079453
78 20 0.079453
78 21 0.079453
78 22 0.079453
78 23 0.079453
78 24 0.079454
78 25 0.079454
78 26 0.079454
78 27 0.079455
78 28 0.079455
78 29 0.079456
78 30 0.079456
78 31 0.079457
78 32 0.079457
78 33 0.079458
78 34 0.079458
78 35 0.079459
78 36 0.079460
78 37 0.079460
78 38 0.079461
78 39 0.079462
78 40 0.079462
78 41 0.079463
78 42 0.079463
78 43 0.079464
78 44 0.079464
78 45 0.079465
78 46 0.079465
78 47 0.079466
78 48 0.079466
78 49 0.079467
78 50 0.079467
78 51 0.079467
78 52 0.079468
78 53 0.079468
78 54 0.079468
78 55 0.079469
78 56 0.079469
78 57 0.079470
78 58 0.079470
78 59 0.079470
78 60 0.079471
78 61 0.079471
78 62 0.079472
78 63 0.079472
78 64 0.079472
78 65 0.079473
78 66 0.079473
78 67 0.079474
78 68 0.079474
78 69 0.079474
78 70 0.079474
78 71 0.079475
78 72 0.079475
78 73 0.079475
78 74 0.079475
78 75 0.079475
78 76 0.079475
78 77 0.079475
78 78 0.079475
78 79 0.079474
78 80 0.079474
78 81 0.079473
78 82 0.079473
78 83 0.079472
78 84 0.079471
78 85 0.079471
78 86 0.079470
78 87 0.079469
78 88 0.079468
78 89 0.079468
78 90 0.079467
78 91 0.079466
78 92 0.079465
78 93 0.079465
78 94 0.079464
78 95 0.079463
78 96 0.079463
78 97 0.079462
78 98 0.079462
78 99 0.079462

79 0 0.079457
79 1 0.079457
79 2 0.079456
79 3 0.079456
79 4 0.079455
79 5 0.079455
79 6 0.079455
79 7 0.079454
79 8 0.079454
79 9 0.079454
79 10 0.079453
79 11 0.079453
79 12 0.079453
79 13 0.079452
79 14 0.079452
79 15 0.079452
79 16 0.079452
79 17 0.079452
79 18 0.079452
79 19 0.079452
79 20 0.079452
79 21 0.079452
79 22 0.079452
79 23 0.079453
79 24 0.079453
79 25 0.079453
79 26 0.079454
79 27 0.079454
79 28 0.079454
79 29 0.079455
79 30 0.079456
79 31 0.079456
79 32 0.079457
79 33 0.079457
79 34 0.079458
79 35 0.079459
79 36 0.079459
79 37 0.079460
79 38 0.079460
79 39 0.079461
79 40 0.079462
79 41 0.079463
79 42 0.079463
79 43 0.079464
79 44 0.079464
79 45 0.079465
79 46 0.079465
79 47 0.079465
79 48 0.079466
79 49 0.079466
79 50 0.079467
79 51 0.079467
79 52 0.079467
79 53 0.079468
79 54 0.079468
79 55 0.079468
79 56 0.079469
79 57 0.079469
79 58 0.079470
79 59 0.079470
79 60 0.079470
79 61 0.079471
79 62 0.079471
79 63 0.079472
79 64 0.079472
79 65 0.079472
79 66 0.079473
79 67 0.079473
79 68 0.079473
79 69 0.079474
79 70 0.079474
79 71 0.079474
79 72 0.079474
79 73 0.079474
79 74 0.079475
79 75 0.079475
79 76 0.079475
79 77 0.079474
79 78 0.079474
79 79 0.079474
79 80 0.079473
79 81 0.079473
79 82 0.079472
79 83 0.079472
79 84 0.079471
79 85 0.079471
79 86 0.079470
79 87 0.079469
79 88 0.079468
79 89 0.079468
79 90 0.079467
79 91 0.079466
79 92 0.079466
79 93 0.079465
79 94 0.079464
79 95 0.079464
79 96 0.079463
79 97 0.079463
79 98 0.079462
79 99 0.079462

80 0 0.079457
80 1 0.079456
80 2 0.079456
80 3 0.079456
80 4 0.079455
80 5 0.079455
80 6 0.079454
80 7 0.079454
80 8 0.079454
80 9 0.079453
80 10 0.079453
80 11 0.079452
80 12 0.079452
80 13 0.079452
80 14 0.079452
80 15 0.079451
80 16 0.079451
80 17 0.079451
80 18 0.079451
80 19 0.079451
80 20 0.079451
80 21 0.079452
80 22 0.079452
80 23 0.079452
80 24 0.079452
80 25 0.079453
80 26 0.079453
80 27 0.079454
80 28 0.079454
80 29 0.079455
80 30 0.079455
80 31 0.079456
80 32 0.079456
80 33 0.079457
80 34 0.079458
80 35 0.079458
80 36 0.079459
80 37 0.079460
80 38 0.079460
80 39 0.079461
80 40 0.079461
80 41 0.079462
80 42 0.079463
80 43 0.079463
80 44 0.079464
80 45 0.079464
80 46 0.079464
80 47 0.079465
80 48 0.079465
80 49 0.079466
80 50 0.079466
80 51 0.079466
80 52 0.079467
80 53 0.079467
80 54 0.079467
80 55 0.079468
80 56 0.079468
80 57 0.079468
80 58 0.079469
80 59 0.079469
80 60 0.079470
80 61 0.079470
80 62 0.079470
80 63 0.079471
80 64 0.079471
80 65 0.079472
80 66 0.079472
80 67 0.079472
80 68 0.079473
80 69 0.079473
80 70 0.079473
80 71 0.079473
80 72 0.079473
80 73 0.079474
80 74 0.079474
80 75 0.079474
80 76 0.079474
80 77 0.079474
80 78 0.079473
80 79 0.079473
80 80 0.079473
80 81 0.079473
80 82 0.079472
80 83 0.079472
80 84 0.079471
80 85 0.079470
80 86 0.079470
80 87 0.079469
80 88 0.079468
80 89 0.079468
80 90 0.079467
80 91 0.079466
80 92 0.079466
80 93 0.079465
80 94 0.079464
80 95 0.079464
80 96 0.079463
80 97 0.079463
80 98 0.079462
80 99 0.079462

81 0 0.079457
81 1 0.079456
81 2 0.079455
81 3 0.079455
81 4 0.079455
81 5 0.079454
81 6 0.079454
81 7 0.079453
81 8 0.079453
81 9 0.079452
81 10 0.079452
81 11 0.079452
81 12 0.079451
81 13 0.079451
81 14 0.079451
81 15 0.079451
81 16 0.079451
81 17 0.079450
81 18 0.079450
81 19 0.079451
81 20 0.079451
81 21 0.079451
81 22 0.079451
81 23 0.079451
81 24 0.079452
81 25 0.079452
81 26 0.079452
81 27 0.079453
81 28 0.079453
81 29 0.079454
81 30 0.079455
81 31 0.079455
81 32 0.079456
81 33 0.079457
81 34 0.079457
81 35 0.079458
81 36 0.079459
81 37 0.079459
81 38 0.079460
81 39 0.079460
81 40 0.079461
81 41 0.079462
81 42 0.079462
81 43 0.079463
81 44 0.079463
81 45 0.079463
81 46 0.079464
81 47 0.079464
81 48 0.079465
81 49 0.079465
81 50 0.079465
81 51 0.079466
81 52 0.079466
81 53 0.079466
81 54 0.079467
81 55 0.079467
81 56 0.079467
81 57 0.079468
81 58 0.079468
81 59 0.079468
81 60 0.079469
81 61 0.079469
81 62 0.079470
81 63 0.079470
81 64 0.079470
81 65 0.079471
81 66 0.079471
81 67 0.079471
81 68 0.079472
81 69 0.079472
81 70 0.079472
81 71 0.079472
81 72 0.079473
81 73 0.079473
81 74 0.079473
81 75 0.079473
81 76 0.079473
81 77 0.079473
81 78 0.079473
81 79 0.079473
81 80 0.079472
81 81 0.079472
81 82 0.079472
81 83 0.079471
81 84 0.079471
81 85 0.079470
81 86 0.079469
81 87 0.079469
81 88 0.079468
81 89 0.079468
81 90 0.079467
81 91 0.079466
81 92 0.079466
81 93 0.079465
81 94 0.079465
81 95 0.079464
81 96 0.079463
81 97 0.079463
81 98 0.079462
81 99 0.079462

82 0 0.079456
82 1 0.079456
82 2 0.079455
82 3 0.079455
82 4 0.079454
82 5 0.079454
82 6 0.079453
82 7 0.079453
82 8 0.079452
82 9 0.079452
82 10 0.079452
82 11 0.079451
82 12 0.079451
82 13 0.079450
82 14 0.079450
82 15 0.079450
82 16 0.079450
82 17 0.079450
82 18 0.079450
82 19 0.079450
82 20 0.079450
82 21 0.079450
82 22 0.079450
82 23 0.079451
82 24 0.079451
82 25 0.079451
82 26 0.079452
82 27 0.079452
82 28 0.079453
82 29 0.079453
82 30 0.079454
82 31 0.079455
82 32 0.079455
82 33 0.079456
82 34 0.079457
82 35 0.079457
82 36 0.079458
82 37 0.079459
82 38 0.079459
82 39 0.079460
82 40 0.079460
82 41 0.079461
82 42 0.079462
82 43 0.079462
82 44 0.079462
82 45 0.079463
82 46 0.079463
82 47 0.079464
82 48 0.079464
82 49 0.079464
82 50 0.079464
82 51 0.079465
82 52 0.079465
82 53 0.079465
82 54 0.079466
82 55 0.079466
82 56 0.079466
82 57 0.079467
82 58 0.079467
82 59 0.079467
82 60 0.079468
82 61 0.079468
82 62 0.079469
82 63 0.079469
82 64 0.079469
82 65 0.079470
82 66 0.079470
82 67 0.079470
82 68 0.079471
82 69 0.079471
82 70 0.079471
82 71 0.079471
82 72 0.079472
82 73 0.079472
82 74 0.079472
82 75 0.079472
82 76 0.079472
82 77 0.079472
82 78 0.079472
82 79 0.079472
82 80 0.079472
82 81 0.079471
82 82 0.079471
82 83 0.079471
82 84 0.079470
82 85 0.079470
82 86 0.079469
82 87 0.079469
82 88 0.079468
82 89 0.079467
82 90 0.079467
82 91 0.079466
82 92 0.079466
82 93 0.079465
82 94 0.079464
82 95 0.079464
82 96 0.079463
82 97 0.079463
82 98 0.079462
82 99 0.079462

83 0 0.079456
83 1 0.079455
83 2 0.079455
83 3 0.079454
83 4 0.079454
83 5 0.079453
83 6 0.079453
83 7 0.079452
83 8 0.079452
83 9 0.079451
83 10 0.079451
83 11 0.079450
83 12 0.079450
83 13 0.079450
83 14 0.079449
83 15 0.079449
83 16 0.079449
83 17 0.079449
83 18 0.079449
83 19 0.079449
83 20 0.079449
83 21 0.079449
83 22 0.079449
83 23 0.079450
83 24 0.079450
83 25 0.079451
83 26 0.079451
83 27 0.079452
83 28 0.079452
83 29 0.079453
83 30 0.079453
83 31 0.079454
83 32 0.079455
83 33 0.079456
83 34 0.079456
83 35 0.079457
83 36 0.079458
83 37 0.079458
83 38 0.079459
83 39 0.079459
83 40 0.079460
83 41 0.079461
83 42 0.079461
83 43 0.079461
83 44 0.079462
83 45 0.079462
83 46 0.079463
83 47 0.079463
83 48 0.079463
83 49 0.079463
83 50 0.079464
83 51 0.079464
83 52 0.079464
83 53 0.079464
83 54 0.079465
83 55 0.079465
83 56 0.079465
83 57 0.079466
83 58 0.079466
83 59 0.079466
83 60 0.079467
83 61 0.079467
83 62 0.079467
83 63 0.079468
83 64 0.079468
83 65 0.079469
83 66 0.079469
83 67 0.079469
83 68 0.079469
83 69 0.079470
83 70 0.079470
83 71 0.079470
83 72 0.079470
83 73 0.079471
83 74 0.079471
83 75 0.079471
83 76 0.079471
83 77 0.079471
83 78 0.079471
83 79 0.079471
83 80 0.079471
83 81 0.079471
83 82 0.079470
83 83 0.079470
83 84 0.079470
83 85 0.079469
83 86 0.079469
83 87 0.079468
83 88 0.079467
83 89 0.079467
83 90 0.079466
83 91 0.079466
83 92 0.079465
83 93 0.079465
83 94 0.079464
83 95 0.079464
83 96 0.079463
83 97 0.079463
83 98 0.079462
83 99 0.079462

84 0 0.079455
84 1 0.079454
84 2 0.079454
84 3 0.079453
84 4 0.079453
84 5 0.079452
84 6 0.079452
84 7 0.079451
84 8 0.079451
84 9 0.079450
84 10 0.079450
84 11 0.079449
84 12 0.079449
84 13 0.079449
84 14 0.079448
84 15 0.079448
84 16 0.079448
84 17 0.079448
84 18 0.079448
84 19 0.079448
84 20 0.079448
84 21 0.079448
84 22 0.079449
84 23 0.079449
84 24 0.079449
84 25 0.079450
84 26 0.079450
84 27 0.079451
84 28 0.079451
84 29 0.079452
84 30 0.079453
84 31 0.079453
84 32 0.079454
84 33 0.079455
84 34 0.079455
84 35 0.079456
84 36 0.079457
84 37 0.079457
84 38 0.079458
84 39 0.079458
84 40 0.079459
84 41 0.079460
84 42 0.079460
84 43 0.079460
84 44 0.079461
84 45 0.079461
84 46 0.079462
84 47 0.079462
84 48 0.079462
84 49 0.079462
84 50 0.079463
84 51 0.079463
84 52 0.079463
84 53 0.079463
84 54 0.079464
84 55 0.079464
84 56 0.079464
84 57 0.079465
84 58 0.079465
84 59 0.079465
84 60 0.079466
84 61 0.079466
84 62 0.079466
84 63 0.079467
84 64 0.079467
84 65 0.079468
84 66 0.079468
84 67 0.079468
84 68 0.079468
84 69 0.079469
84 70 0.079469
84 71 0.079469
84 72 0.079469
84 73 0.079470
84 74 0.079470
84 75 0.079470
84 76 0.079470
84 77 0.079470
84 78 0.079470
84 79 0.079470
84 80 0.079470
84 81 0.079470
84 82 0.079470
84 83 0.079469
84 84 0.079469
84 85 0.079469
84 86 0.079468
84 87 0.079468
84 88 0.079467
84 89 0.079467
84 90 0.079466
84 91 0.079466
84 92 0.079465
84 93 0.079465
84 94 0.079464
84 95 0.079464
84 96 0.079463
84 97 0.079463
84 98 0.079462
84 99 0.079462

85 0 0.079454
85 1 0.079454
85 2 0.079453
85 3 0.079453
85 4 0.079452
85 5 0.079452
85 6 0.079451
85 7 0.079450
85 8 0.079450
85 9 0.079449
85 10 0.079449
85 11 0.079448
85 12 0.079448
85 13 0.079448
85 14 0.079447
85 15 0.079447
85 16 0.079447
85 17 0.079447
85 18 0.079447
85 19 0.079447
85 20 0.079447
85 21 0.079447
85 22 0.079447
85 23 0.079448
85 24 0.079448
85 25 0.079449
85 26 0.079449
85 27 0.079450
85 28 0.079450
85 29 0.079451
85 30 0.079452
85 31 0.079452
85 32 0.079453
85 33 0.079454
85 34 0.079455
85 35 0.079455
85 36 0.079456
85 37 0.079457
85 38 0.079457
85 39 0.079458
85 40 0.079458
85 41 0.079459
85 42 0.079459
85 43 0.079460
85 44 0.079460
85 45 0.079460
85 46 0.079461
85 47 0.079461
85 48 0.079461
85 49 0.079462
85 50 0.079462
85 51 0.079462
85 52 0.079462
85 53 0.079462
85 54 0.079463
85 55 0.079463
85 56 0.079463
85 57 0.079463
85 58 0.079464
85 59 0.079464
85 60 0.079464
85 61 0.079465
85 62 0.079465
85 63 0.079466
85 64 0.079466
85 65 0.079466
85 66 0.079467
85 67 0.079467
85 68 0.079467
85 69 0.079467
85 70 0.079468
85 71 0.079468
85 72 0.079468
85 73 0.079468
85 74 0.079469
85 75 0.079469
85 76 0.079469
85 77 0.079469
85 78 0.079469
85 79 0.079469
85 80 0.079469
85 81 0.079469
85 82 0.079469
85 83 0.079469
85 84 0.079468
85 85 0.079468
85 86 0.079467
85 87 0.079467
85 88 0.079466
85 89 0.079466
85 90 0.079465
85 91 0.079465
85 92 0.079464
85 93 0.079464
85 94 0.079464
85 95 0.079463
85 96 0.079463
85 97 0.079462
85 98 0.079462
85 99 0.079461

86 0 0.079453
86 1 0.079453
86 2 0.079452
86 3 0.079452
86 4 0.079451
86 5 0.079450
86 6 0.079450
86 7 0.079449
86 8 0.079449
86 9 0.079448
86 10 0.079448
86 11 0.079447
86 12 0.079447
86 13 0.079447
86 14 0.079446
86 15 0.079446
86 16 0.079446
86 17 0.079446
86 18 0.079446
86 19 0.079446
86 20 0.079446
86 21 0.079446
86 22 0.079447
86 23 0.079447
86 24 0.079447
86 25 0.079448
86 26 0.079448
86 27 0.079449
86 28 0.079450
86 29 0.079450
86 30 0.079451
86 31 0.079452
86 32 0.079452
86 33 0.079453
86 34 0.079454
86 35 0.079455
86 36 0.079455
86 37 0.079456
86 38 0.079457
86 39 0.079457
86 40 0.079458
86 41 0.079458
86 42 0.079459
86 43 0.079459
86 44 0.079459
86 45 0.079460
86 46 0.079460
86 47 0.079460
86 48 0.079460
86 49 0.079461
86 50 0.079461
86 51 0.079461
86 52 0.079461
86 53 0.079461
86 54 0.079462
86 55 0.079462
86 56 0.079462
86 57 0.079462
86 58 0.079463
86 59 0.079463
86 60 0.079463
86 61 0.079464
86 62 0.079464
86 63 0.079464
86 64 0.079465
86 65 0.079465
86 66 0.079465
86 67 0.079466
86 68 0.079466
86 69 0.079466
86 70 0.079467
86 71 0.079467
86 72 0.079467
86 73 0.079467
86 74 0.079468
86 75 0.079468
86 76 0.079468
86 77 0.079468
86 78 0.079468
86 79 0.079468
86 80 0.079468
86 81 0.079468
86 82 0.079468
86 83 0.079468
86 84 0.079467
86 85 0.079467
86 86 0.079467
86 87 0.079466
86 88 0.079466
86 89 0.079465
86 90 0.079465
86 91 0.079465
86 92 0.079464
86 93 0.079464
86 94 0.079463
86 95 0.079463
86 96 0.079462
86 97 0.079462
86 98 0.079461
86 99 0.079461

87 0 0.079452
87 1 0.079452
87 2 0.079451
87 3 0.079450
87 4 0.079450
87 5 0.079449
87 6 0.079449
87 7 0.079448
87 8 0.079448
87 9 0.079447
87 10 0.079447
87 11 0.079446
87 12 0.079446
87 13 0.079445
87 14 0.079445
87 15 0.079445
87 16 0.079445
87 17 0.079445
87 18 0.079445
87 19 0.079445
87 20 0.079445
87 21 0.079445
87 22 0.079446
87 23 0.079446
87 24 0.079446
87 25 0.079447
87 26 0.079447
87 27 0.079448
87 28 0.079449
87 29 0.079449
87 30 0.079450
87 31 0.079451
87 32 0.079452
87 33 0.079452
87 34 0.079453
87 35 0.079454
87 36 0.079455
87 37 0.079455
87 38 0.079456
87 39 0.079456
87 40 0.079457
87 41 0.079457
87 42 0.079458
87 43 0.079458
87 44 0.079458
87 45 0.079459
87 46 0.079459
87 47 0.079459
87 48 0.079459
87 49 0.079460
87 50 0.079460
87 51 0.079460
87 52 0.079460
87 53 0.079460
87 54 0.079461
87 55 0.079461
87 56 0.079461
87 57 0.079461
87 58 0.079461
87 59 0.079462
87 60 0.079462
87 61 0.079462
87 62 0.079463
87 63 0.079463
87 64 0.079464
87 65 0.079464
87 66 0.079464
87 67 0.079465
87 68 0.079465
87 69 0.079465
87 70 0.079465
87 71 0.079466
87 72 0.079466
87 73 0.079466
87 74 0.079466
87 75 0.079467
87 76 0.079467
87 77 0.079467
87 78 0.079467
87 79 0.079467
87 80 0.079467
87 81 0.079467
87 82 0.079467
87 83 0.079467
87 84 0.079467
87 85 0.079466
87 86 0.079466
87 87 0.079465
87 88 0.079465
87 89 0.079465
87 90 0.079464
87 91 0.079464
87 92 0.079463
87 93 0.079463
87 94 0.079462
87 95 0.079462
87 96 0.079462
87 97 0.079461
87 98 0.079461
87 99 0.079460

88 0 0.079451
88 1 0.079450
88 2 0.079450
88 3 0.079449
88 4 0.079449
88 5 0.079448
88 6 0.079448
88 7 0.079447
88 8 0.079447
88 9 0.079446
88 10 0.079446
88 11 0.079445
88 12 0.079445
88 13 0.079444
88 14 0.079444
88 15 0.079444
88 16 0.079444
88 17 0.079444
88 18 0.079444
88 19 0.079444
88 20 0.079444
88 21 0.079444
88 22 0.079445
88 23 0.079445
88 24 0.079446
88 25 0.079446
88 26 0.079447
88 27 0.079447
88 28 0.079448
88 29 0.079449
88 30 0.079449
88 31 0.079450
88 32 0.079451
88 33 0.079452
88 34 0.079452
88 35 0.079453
88 36 0.079454
88 37 0.079455
88 38 0.079455
88 39 0.079456
88 40 0.079456
88 41 0.079457
88 42 0.079457
88 43 0.079457
88 44 0.079458
88 45 0.079458
88 46 0.079458
88 47 0.079458
88 48 0.079459
88 49 0.079459
88 50 0.079459
88 51 0.079459
88 52 0.079459
88 53 0.079459
88 54 0.079460
88 55 0.079460
88 56 0.079460
88 57 0.079460
88 58 0.079460
88 59 0.079461
88 60 0.079461
88 61 0.079461
88 62 0.079462
88 63 0.079462
88 64 0.079462
88 65 0.079463
88 66 0.079463
88 67 0.079463
88 68 0.079464
88 69 0.079464
88 70 0.079464
88 71 0.079464
88 72 0.079465
88 73 0.079465
88 74 0.079465
88 75 0.079465
88 76 0.079466
88 77 0.079466
88 78 0.079466
88 79 0.079466
88 80 0.079466
88 81 0.079466
88 82 0.079466
88 83 0.079466
88 84 0.079466
88 85 0.079465
88 86 0.079465
88 87 0.079465
88 88 0.079464
88 89 0.079464
88 90 0.079463
88 91 0.079463
88 92 0.079462
88 93 0.079462
88 94 0.079462
88 95 0.079462
88 96 0.079461
88 97 0.079461
88 98 0.079460
88 99 0.079460

89 0 0.079450
89 1 0.079449
89 2 0.079449
89 3 0.079448
89 4 0.079448
89 5 0.079447
89 6 0.079447
89 7 0.079446
89 8 0.079445
89 9 0.079445
89 10 0.079444
89 11 0.079444
89 12 0.079444
89 13 0.079443
89 14 0.079443
89 15 0.079443
89 16 0.079443
89 17 0.079442
89 18 0.079443
89 19 0.079443
89 20 0.079443
89 21 0.079443
89 22 0.079443
89 23 0.079444
89 24 0.079444
89 25 0.079445
89 26 0.079446
89 27 0.079446
89 28 0.079447
89 29 0.079448
89 30 0.079449
89 31 0.079449
89 32 0.079450
89 33 0.079451
89 34 0.079452
89 35 0.079452
89 36 0.079453
89 37 0.079454
89 38 0.079454
89 39 0.079455
89 40 0.079455
89 41 0.079456
89 42 0.079456
89 43 0.079457
89 44 0.079457
89 45 0.079457
89 46 0.079457
89 47 0.079458
89 48 0.079458
89 49 0.079458
89 50 0.079458
89 51 0.079458
89 52 0.079458
89 53 0.079458
89 54 0.079458
89 55 0.079459
89 56 0.079459
89 57 0.079459
89 58 0.079459
89 59 0.079459
89 60 0.079460
89 61 0.079460
89 62 0.079460
89 63 0.079461
89 64 0.079461
89 65 0.079461
89 66 0.079462
89 67 0.079462
89 68 0.079462
89 69 0.079463
89 70 0.079463
89 71 0.079463
89 72 0.079464
89 73 0.079464
89 74 0.079464
89 75 0.079464
89 76 0.079465
89 77 0.079465
89 78 0.079465
89 79 0.079465
89 80 0.079465
89 81 0.079465
89 82 0.079465
89 83 0.079465
89 84 0.079465
89 85 0.079465
89 86 0.079464
89 87 0.079464
89 88 0.079463
89 89 0.079463
89 90 0.079463
89 91 0.079462
89 92 0.079462
89 93 0.079462
89 94 0.079461
89 95 0.079461
89 96 0.079460
89 97 0.079460
89 98 0.079459
89 99 0.079459

90 0 0.079449
90 1 0.079448
90 2 0.079447
90 3 0.079447
90 4 0.079447
90 5 0.079446
90 6 0.079445
90 7 0.079445
90 8 0.079444
90 9 0.079444
90 10 0.079443
90 11 0.079443
90 12 0.079442
90 13 0.079442
90 14 0.079442
90 15 0.079441
90 16 0.079441
90 17 0.079441
90 18 0.079441
90 19 0.079441
90 20 0.079442
90 21 0.079442
90 22 0.079443
90 23 0.079443
90 24 0.079444
90 25 0.079444
90 26 0.079445
90 27 0.079446
90 28 0.079446
90 29 0.079447
90 30 0.079448
90 31 0.079449
90 32 0.079450
90 33 0.079450
90 34 0.079451
90 35 0.079452
90 36 0.079453
90 37 0.079453
90 38 0.079454
90 39 0.079454
90 40 0.079455
90 41 0.079455
90 42 0.079456
90 43 0.079456
90 44 0.079456
90 45 0.079457
90 46 0.079457
90 47 0.079457
90 48 0.079457
90 49 0.079457
90 50 0.079457
90 51 0.079457
90 52 0.079457
90 53 0.079457
90 54 0.079458
90 55 0.079458
90 56 0.079458
90 57 0.079458
90 58 0.079458
90 59 0.079458
90 60 0.079459
90 61 0.079459
90 62 0.079459
90 63 0.079460
90 64 0.079460
90 65 0.079460
90 66 0.079461
90 67 0.079461
90 68 0.079461
90 69 0.079462
90 70 0.079462
90 71 0.079462
90 72 0.079462
90 73 0.079463
90 74 0.079463
90 75 0.079463
90 76 0.079463
90 77 0.079464
90 78 0.079464
90 79 0.079464
90 80 0.079464
90 81 0.079464
90 82 0.079464
90 83 0.079464
90 84 0.079464
90 85 0.079464
90 86 0.079463
90 87 0.079463
90 88 0.079462
90 89 0.079462
90 90 0.079462
90 91 0.079461
90 92 0.079461
90 93 0.079461
90 94 0.079460
90 95 0.079460
90 96 0.079459
90 97 0.079459
90 98 0.079458
90 99 0.079458

91 0 0.079447
91 1 0.079447
91 2 0.079446
91 3 0.079445
91 4 0.079445
91 5 0.079444
91 6 0.079444
91 7 0.079443
91 8 0.079443
91 9 0.079442
91 10 0.079442
91 11 0.079441
91 12 0.079441
91 13 0.079441
91 14 0.079440
91 15 0.079440
91 16 0.079440
91 17 0.079440
91 18 0.079440
91 19 0.079440
91 20 0.079441
91 21 0.079441
91 22 0.079442
91 23 0.079442
91 24 0.079443
91 25 0.079443
91 26 0.079444
91 27 0.079445
91 28 0.079446
91 29 0.079447
91 30 0.079447
91 31 0.079448
91 32 0.079449
91 33 0.079450
91 34 0.079451
91 35 0.079451
91 36 0.079452
91 37 0.079453
91 38 0.079453
91 39 0.079454
91 40 0.079454
91 41 0.079455
91 42 0.079455
91 43 0.079456
91 44 0.079456
91 45 0.079456
91 46 0.079456
91 47 0.079456
91 48 0.079456
91 49 0.079456
91 50 0.079456
91 51 0.079456
91 52 0.079456
91 53 0.079456
91 54 0.079456
91 55 0.079457
91 56 0.079457
91 57 0.079457
91 58 0.079457
91 59 0.079457
91 60 0.079457
91 61 0.079458
91 62 0.079458
91 63 0.079458
91 64 0.079459
91 65 0.079459
91 66 0.079459
91 67 0.079460
91 68 0.079460
91 69 0.079460
91 70 0.079461
91 71 0.079461
91 72 0.079461
91 73 0.079462
91 74 0.079462
91 75 0.079462
91 76 0.079462
91 77 0.079463
91 78 0.079463
91 79 0.079463
91 80 0.079463
91 81 0.079463
91 82 0.079463
91 83 0.079463
91 84 0.079463
91 85 0.079463
91 86 0.079463
91 87 0.079462
91 88 0.079462
91 89 0.079462
91 90 0.079461
91 91 0.079461
91 92 0.079460
91 93 0.079460
91 94 0.079459
91 95 0.079459
91 96 0.079459
91 97 0.079458
91 98 0.079458
91 99 0.079457

92 0 0.079446
92 1 0.079445
92 2 0.079445
92 3 0.079444
92 4 0.079444
92 5 0.079443
92 6 0.079443
92 7 0.079442
92 8 0.079442
92 9 0.079441
92 10 0.079441
92 11 0.079440
92 12 0.079440
92 13 0.079440
92 14 0.079439
92 15 0.079439
92 16 0.079439
92 17 0.079439
92 18 0.079439
92 19 0.079439
92 20 0.079440
92 21 0.079440
92 22 0.079441
92 23 0.079441
92 24 0.079442
92 25 0.079443
92 26 0.079443
92 27 0.079444
92 28 0.079445
92 29 0.079446
92 30 0.079447
92 31 0.079448
92 32 0.079448
92 33 0.079449
92 34 0.079450
92 35 0.079451
92 36 0.079452
92 37 0.079452
92 38 0.079453
92 39 0.079453
92 40 0.079454
92 41 0.079454
92 42 0.079455
92 43 0.079455
92 44 0.079455
92 45 0.079455
92 46 0.079455
92 47 0.079456
92 48 0.079456
92 49 0.079456
92 50 0.079456
92 51 0.079456
92 52 0.079456
92 53 0.079456
92 54 0.079456
92 55 0.079456
92 56 0.079456
92 57 0.079456
92 58 0.079456
92 59 0.079456
92 60 0.079456
92 61 0.079457
92 62 0.079457
92 63 0.079457
92 64 0.079458
92 65 0.079458
92 66 0.079458
92 67 0.079459
92 68 0.079459
92 69 0.079459
92 70 0.079460
92 71 0.079460
92 72 0.079460
92 73 0.079461
92 74 0.079461
92 75 0.079461
92 76 0.079461
92 77 0.079462
92 78 0.079462
92 79 0.079462
92 80 0.079462
92 81 0.079462
92 82 0.079462
92 83 0.079462
92 84 0.079462
92 85 0.079462
92 86 0.079462
92 87 0.079461
92 88 0.079461
92 89 0.079461
92 90 0.079460
92 91 0.079460
92 92 0.079459
92 93 0.079459
92 94 0.079459
92 95 0.079458
92 96 0.079458
92 97 0.079457
92 98 0.079457
92 99 0.079456

93 0 0.079445
93 1 0.079444
93 2 0.079444
93 3 0.079443
93 4 0.079443
93 5 0.079442
93 6 0.079442
93 7 0.079441
93 8 0.079441
93 9 0.079440
93 10 0.079440
93 11 0.079439
93 12 0.079439
93 13 0.079438
93 14 0.079438
93 15 0.079438
93 16 0.079438
93 17 0.079438
93 18 0.079438
93 19 0.079439
93 20 0.079439
93 21 0.079439
93 22 0.079440
93 23 0.079441
93 24 0.079441
93 25 0.079442
93 26 0.079443
93 27 0.079444
93 28 0.079445
93 29 0.079445
93 30 0.079446
93 31 0.079447
93 32 0.079448
93 33 0.079449
93 34 0.079450
93 35 0.079451
93 36 0.079451
93 37 0.079452
93 38 0.079453
93 39 0.079453
93 40 0.079454
93 41 0.079454
93 42 0.079454
93 43 0.079454
93 44 0.079455
93 45 0.079455
93 46 0.079455
93 47 0.079455
93 48 0.079455
93 49 0.079455
93 50 0.079455
93 51 0.079455
93 52 0.079455
93 53 0.079455
93 54 0.079455
93 55 0.079455
93 56 0.079455
93 57 0.079455
93 58 0.079455
93 59 0.079455
93 60 0.079455
93 61 0.079455
93 62 0.079456
93 63 0.079456
93 64 0.079456
93 65 0.079457
93 66 0.079457
93 67 0.079457
93 68 0.079458
93 69 0.079458
93 70 0.079459
93 71 0.079459
93 72 0.079459
93 73 0.079460
93 74 0.079460
93 75 0.079460
93 76 0.079460
93 77 0.079461
93 78 0.079461
93 79 0.079461
93 80 0.079461
93 81 0.079462
93 82 0.079462
93 83 0.079462
93 84 0.079461
93 85 0.079461
93 86 0.079461
93 87 0.079461
93 88 0.079460
93 89 0.079460
93 90 0.079460
93 91 0.079459
93 92 0.079459
93 93 0.079459
93 94 0.079458
93 95 0.079458
93 96 0.079457
93 97 0.079457
93 98 0.079456
93 99 0.079455

94 0 0.079443
94 1 0.079443
94 2 0.079443
94 3 0.079442
94 4 0.079442
94 5 0.079441
94 6 0.079441
94 7 0.079440
94 8 0.079440
94 9 0.079439
94 10 0.079439
94 11 0.079438
94 12 0.079438
94 13 0.079438
94 14 0.079437
94 15 0.079437
94 16 0.079437
94 17 0.079437
94 18 0.079437
94 19 0.079438
94 20 0.079438
94 21 0.079439
94 22 0.079439
94 23 0.079440
94 24 0.079440
94 25 0.079441
94 26 0.079442
94 27 0.079443
94 28 0.079444
94 29 0.079445
94 30 0.079446
94 31 0.079447
94 32 0.079448
94 33 0.079448
94 34 0.079449
94 35 0.079450
94 36 0.079451
94 37 0.079451
94 38 0.079452
94 39 0.079453
94 40 0.079453
94 41 0.079453
94 42 0.079454
94 43 0.079454
94 44 0.079454
94 45 0.079454
94 46 0.079454
94 47 0.079454
94 48 0.079454
94 49 0.079454
94 50 0.079454
94 51 0.079454
94 52 0.079454
94 53 0.079454
94 54 0.079454
94 55 0.079454
94 56 0.079454
94 57 0.079454
94 58 0.079454
94 59 0.079454
94 60 0.079454
94 61 0.079455
94 62 0.079455
94 63 0.079455
94 64 0.079456
94 65 0.079456
94 66 0.079456
94 67 0.079457
94 68 0.079457
94 69 0.079458
94 70 0.079458
94 71 0.079458
94 72 0.079459
94 73 0.079459
94 74 0.079459
94 75 0.079459
94 76 0.079460
94 77 0.079460
94 78 0.079460
94 79 0.079460
94 80 0.079461
94 81 0.079461
94 82 0.079461
94 83 0.079461
94 84 0.079461
94 85 0.079461
94 86 0.079460
94 87 0.079460
94 88 0.079459
94 89 0.079459
94 90 0.079459
94 91 0.079458
94 92 0.079458
94 93 0.079458
94 94 0.079457
94 95 0.079457
94 96 0.079456
94 97 0.079456
94 98 0.079455
94 99 0.079454

95 0 0.079442
95 1 0.079442
95 2 0.079442
95 3 0.079441
95 4 0.079441
95 5 0.079440
95 6 0.079440
95 7 0.079439
95 8 0.079439
95 9 0.079438
95 10 0.079438
95 11 0.079437
95 12 0.079437
95 13 0.079437
95 14 0.079437
95 15 0.079437
95 16 0.079437
95 17 0.079437
95 18 0.079437
95 19 0.079437
95 20 0.079438
95 21 0.079438
95 22 0.079439
95 23 0.079439
95 24 0.079440
95 25 0.079441
95 26 0.079442
95 27 0.079443
95 28 0.079444
95 29 0.079445
95 30 0.079446
95 31 0.079447
95 32 0.079447
95 33 0.079448
95 34 0.079449
95 35 0.079450
95 36 0.079451
95 37 0.079451
95 38 0.079452
95 39 0.079452
95 40 0.079453
95 41 0.079453
95 42 0.079453
95 43 0.079454
95 44 0.079454
95 45 0.079454
95 46 0.079454
95 47 0.079454
95 48 0.079454
95 49 0.079454
95 50 0.079454
95 51 0.079453
95 52 0.079453
95 53 0.079453
95 54 0.079453
95 55 0.079453
95 56 0.079453
95 57 0.079453
95 58 0.079453
95 59 0.079453
95 60 0.079453
95 61 0.079454
95 62 0.079454
95 63 0.079454
95 64 0.079455
95 65 0.079455
95 66 0.079455
95 67 0.079456
95 68 0.079456
95 69 0.079457
95 70 0.079457
95 71 0.079457
95 72 0.079458
95 73 0.079458
95 74 0.079458
95 75 0.079459
95 76 0.079459
95 77 0.079459
95 78 0.079459
95 79 0.079460
95 80 0.079460
95 81 0.079460
95 82 0.079460
95 83 0.079460
95 84 0.079460
95 85 0.079460
95 86 0.079460
95 87 0.079459
95 88 0.079459
95 89 0.079459
95 90 0.079458
95 91 0.079458
95 92 0.079457
95 93 0.079457
95 94 0.079457
95 95 0.079456
95 96 0.079456
95 97 0.079455
95 98 0.079455
95 99 0.079454

96 0 0.079441
96 1 0.079441
96 2 0.079441
96 3 0.079440
96 4 0.079440
96 5 0.079439
96 6 0.079439
96 7 0.079438
96 8 0.079438
96 9 0.079437
96 10 0.079437
96 11 0.079437
96 12 0.079436
96 13 0.079436
96 14 0.079436
96 15 0.079436
96 16 0.079436
96 17 0.079436
96 18 0.079436
96 19 0.079436
96 20 0.079437
96 21 0.079437
96 22 0.079438
96 23 0.079439
96 24 0.079439
96 25 0.079440
96 26 0.079441
96 27 0.079442
96 28 0.079443
96 29 0.079444
96 30 0.079445
96 31 0.079446
96 32 0.079447
96 33 0.079448
96 34 0.079448
96 35 0.079449
96 36 0.079450
96 37 0.079451
96 38 0.079451
96 39 0.079452
96 40 0.079452
96 41 0.079452
96 42 0.079453
96 43 0.079453
96 44 0.079453
96 45 0.079453
96 46 0.079453
96 47 0.079453
96 48 0.079453
96 49 0.079453
96 50 0.079453
96 51 0.079453
96 52 0.079453
96 53 0.079453
96 54 0.079452
96 55 0.079452
96 56 0.079452
96 57 0.079452
96 58 0.079452
96 59 0.079453
96 60 0.079453
96 61 0.079453
96 62 0.079453
96 63 0.079454
96 64 0.079454
96 65 0.079454
96 66 0.079455
96 67 0.079455
96 68 0.079456
96 69 0.079456
96 70 0.079456
96 71 0.079457
96 72 0.079457
96 73 0.079457
96 74 0.079458
96 75 0.079458
96 76 0.079458
96 77 0.079459
96 78 0.079459
96 79 0.079459
96 80 0.079459
96 81 0.079459
96 82 0.079459
96 83 0.079459
96 84 0.079459
96 85 0.079459
96 86 0.079459
96 87 0.079458
96 88 0.079458
96 89 0.079458
96 90 0.079457
96 91 0.079457
96 92 0.079456
96 93 0.079456
96 94 0.079456
96 95 0.079455
96 96 0.079455
96 97 0.079454
96 98 0.079454
96 99 0.079453

97 0 0.079441
97 1 0.079441
97 2 0.079440
97 3 0.079440
97 4 0.079440
97 5 0.079439
97 6 0.079439
97 7 0.079438
97 8 0.079438
97 9 0.079437
97 10 0.079437
97 11 0.079436
97 12 0.079436
97 13 0.079436
97 14 0.079435
97 15 0.079435
97 16 0.079435
97 17 0.079436
97 18 0.079436
97 19 0.079436
97 20 0.079437
97 21 0.079437
97 22 0.079438
97 23 0.079438
97 24 0.079439
97 25 0.079440
97 26 0.079441
97 27 0.079442
97 28 0.079443
97 29 0.079444
97 30 0.079445
97 31 0.079446
97 32 0.079447
97 33 0.079447
97 34 0.079448
97 35 0.079449
97 36 0.079450
97 37 0.079450
97 38 0.079451
97 39 0.079451
97 40 0.079452
97 41 0.079452
97 42 0.079452
97 43 0.079453
97 44 0.079453
97 45 0.079453
97 46 0.079453
97 47 0.079453
97 48 0.079453
97 49 0.079453
97 50 0.079452
97 51 0.079452
97 52 0.079452
97 53 0.079452
97 54 0.079452
97 55 0.079452
97 56 0.079452
97 57 0.079452
97 58 0.079452
97 59 0.079452
97 60 0.079452
97 61 0.079452
97 62 0.079453
97 63 0.079453
97 64 0.079453
97 65 0.079454
97 66 0.079454
97 67 0.079455
97 68 0.079455
97 69 0.079455
97 70 0.079456
97 71 0.079456
97 72 0.079456
97 73 0.079457
97 74 0.079457
97 75 0.079457
97 76 0.079458
97 77 0.079458
97 78 0.079458
97 79 0.079458
97 80 0.079458
97 81 0.079458
97 82 0.079459
97 83 0.079459
97 84 0.079458
97 85 0.079458
97 86 0.079458
97 87 0.079458
97 88 0.079458
97 89 0.079457
97 90 0.079457
97 91 0.079456
97 92 0.079456
97 93 0.079456
97 94 0.079455
97 95 0.079455
97 96 0.079454
97 97 0.079454
97 98 0.079453
97 99 0.079452

98 0 0.079440
98 1 0.079440
98 2 0.079439
98 3 0.079439
98 4 0.079438
98 5 0.079438
98 6 0.079437
98 7 0.079437
98 8 0.079437
98 9 0.079436
98 10 0.079436
98 11 0.079435
98 12 0.079435
98 13 0.079435
98 14 0.079435
98 15 0.079434
98 16 0.079435
98 17 0.079435
98 18 0.079435
98 19 0.079435
98 20 0.079436
98 21 0.079436
98 22 0.079437
98 23 0.079438
98 24 0.079439
98 25 0.079440
98 26 0.079440
98 27 0.079441
98 28 0.079442
98 29 0.079443
98 30 0.079444
98 31 0.079445
98 32 0.079446
98 33 0.079447
98 34 0.079448
98 35 0.079449
98 36 0.079449
98 37 0.079450
98 38 0.079450
98 39 0.079451
98 40 0.079451
98 41 0.079452
98 42 0.079452
98 43 0.079452
98 44 0.079452
98 45 0.079452
98 46 0.079452
98 47 0.079452
98 48 0.079452
98 49 0.079452
98 50 0.079452
98 51 0.079452
98 52 0.079452
98 53 0.079451
98 54 0.079451
98 55 0.079451
98 56 0.079451
98 57 0.079451
98 58 0.079451
98 59 0.079451
98 60 0.079451
98 61 0.079452
98 62 0.079452
98 63 0.079452
98 64 0.079453
98 65 0.079453
98 66 0.079453
98 67 0.079454
98 68 0.079454
98 69 0.079455
98 70 0.079455
98 71 0.079456
98 72 0.079456
98 73 0.079456
98 74 0.079456
98 75 0.079457
98 76 0.079457
98 77 0.079457
98 78 0.079457
98 79 0.079458
98 80 0.079458
98 81 0.079458
98 82 0.079458
98 83 0.079458
98 84 0.079458
98 85 0.079458
98 86 0.079457
98 87 0.079457
98 88 0.079457
98 89 0.079456
98 90 0.079456
98 91 0.079455
98 92 0.079455
98 93 0.079455
98 94 0.079454
98 95 0.079454
98 96 0.079453
98 97 0.079453
98 98 0.079452
98 99 0.079451

99 0 0.079440
99 1 0.079440
99 2 0.079439
99 3 0.079439
99 4 0.079438
99 5 0.079438
99 6 0.079437
99 7 0.079437
99 8 0.079436
99 9 0.079436
99 10 0.079435
99 11 0.079435
99 12 0.079434
99 13 0.079434
99 14 0.079434
99 15 0.079434
99 16 0.079434
99 17 0.079434
99 18 0.079434
99 19 0.079435
99 20 0.079435
99 21 0.079436
99 22 0.079436
99 23 0.079437
99 24 0.079438
99 25 0.079439
99 26 0.079439
99 27 0.079440
99 28 0.079441
99 29 0.079442
99 30 0.079443
99 31 0.079444
99 32 0.079445
99 33 0.079446
99 34 0.079447
99 35 0.079448
99 36 0.079448
99 37 0.079449
99 38 0.079450
99 39 0.079450
99 40 0.079451
99 41 0.079451
99 42 0.079451
99 43 0.079451
99 44 0.079452
99 45 0.079452
99 46 0.079452
99 47 0.079452
99 48 0.079452
99 49 0.079452
99 50 0.079451
99 51 0.079451
99 52 0.079451
99 53 0.079451
99 54 0.079451
99 55 0.079451
99 56 0.079451
99 57 0.079451
99 58 0.079451
99 59 0.079451
99 60 0.079451
99 61 0.079451
99 62 0.079452
99 63 0.079452
99 64 0.079452
99 65 0.079453
99 66 0.079453
99 67 0.079454
99 68 0.079454
99 69 0.079454
99 70 0.079455
99 71 0.079455
99 72 0.079456
99 73 0.079456
99 74 0.079456
99 75 0.079457
99 76 0.079457
99 77 0.079457
99 78 0.079457
99 79 0.079457
99 80 0.079457
99 81 0.079457
99 82 0.079457
99 83 0.079457
99 84 0.079457
99 85 0.079457
99 86 0.079457
99 87 0.079456
99 88 0.079456
99 89 0.079456
99 90 0.079455
99 91 0.079455
99 92 0.079454
99 93 0.079454
99 94 0.079453
99 95 0.079453
99 96 0.079452
99 97 0.079452
99 98 0.079451
99 99 0.079451

