0 0 0.079363
0 1 0.079363
0 2 0.079362
0 3 0.079362
0 4 0.079361
0 5 0.079360
0 6 0.079360
0 7 0.079359
0 8 0.079359
0 9 0.079358
0 10 0.079357
0 11 0.079357
0 12 0.079356
0 13 0.079356
0 14 0.079355
0 15 0.079355
0 16 0.079354
0 17 0.079354
0 18 0.079353
0 19 0.079353
0 20 0.079353
0 21 0.079352
0 22 0.079352
0 23 0.079352
0 24 0.079352
0 25 0.079352
0 26 0.079352
0 27 0.079352
0 28 0.079352
0 29 0.079352
0 30 0.079352
0 31 0.079352
0 32 0.079353
0 33 0.079353
0 34 0.079354
0 35 0.079354
0 36 0.079355
0 37 0.079356
0 38 0.079356
0 39 0.079357
0 40 0.079358
0 41 0.079359
0 42 0.079360
0 43 0.079361
0 44 0.079363
0 45 0.079364
0 46 0.079365
0 47 0.079366
0 48 0.079368
0 49 0.079369
0 50 0.079371
0 51 0.079372
0 52 0.079374
0 53 0.079375
0 54 0.079377
0 55 0.079379
0 56 0.079380
0 57 0.079382
0 58 0.079383
0 59 0.079385
0 60 0.079387
0 61 0.079389
0 62 0.079390
0 63 0.079392
0 64 0.079394
0 65 0.079395
0 66 0.079397
0 67 0.079398
0 68 0.079400
0 69 0.079401
0 70 0.079403
0 71 0.079404
0 72 0.079406
0 73 0.079407
0 74 0.079408
0 75 0.079409
0 76 0.079411
0 77 0.079412
0 78 0.079413
0 79 0.079414
0 80 0.079415
0 81 0.079415
0 82 0.079416
0 83 0.079417
0 84 0.079417
0 85 0.079418
0 86 0.079418
0 87 0.079418
0 88 0.079418
0 89 0.079419
0 90 0.079419
0 91 0.079419
0 92 0.079419
0 93 0.079418
0 94 0.079418
0 95 0.079418
0 96 0.079417
0 97 0.079417
0 98 0.079416
0 99 0.079416

1 0 0.079363
1 1 0.079361
1 2 0.079361
1 3 0.079360
1 4 0.079359
1 5 0.079359
1 6 0.079358
1 7 0.079358
1 8 0.079357
1 9 0.079356
1 10 0.079356
1 11 0.079355
1 12 0.079355
1 13 0.079354
1 14 0.079354
1 15 0.079353
1 16 0.079353
1 17 0.079352
1 18 0.079352
1 19 0.079352
1 20 0.079351
1 21 0.079351
1 22 0.079351
1 23 0.079351
1 24 0.079350
1 25 0.079350
1 26 0.079350
1 27 0.079350
1 28 0.079351
1 29 0.079351
1 30 0.079351
1 31 0.079351
1 32 0.079352
1 33 0.079352
1 34 0.079353
1 35 0.079353
1 36 0.079354
1 37 0.079355
1 38 0.079356
1 39 0.079356
1 40 0.079357
1 41 0.079358
1 42 0.079359
1 43 0.079361
1 44 0.079362
1 45 0.079363
1 46 0.079364
1 47 0.079366
1 48 0.079367
1 49 0.079369
1 50 0.079370
1 51 0.079372
1 52 0.079373
1 53 0.079375
1 54 0.079376
1 55 0.079378
1 56 0.079380
1 57 0.079381
1 58 0.079383
1 59 0.079385
1 60 0.079386
1 61 0.079388
1 62 0.079390
1 63 0.079391
1 64 0.079393
1 65 0.079395
1 66 0.079396
1 67 0.079398
1 68 0.079399
1 69 0.079401
1 70 0.079402
1 71 0.079404
1 72 0.079405
1 73 0.079406
1 74 0.079408
1 75 0.079409
1 76 0.079410
1 77 0.079411
1 78 0.079412
1 79 0.079413
1 80 0.079414
1 81 0.079415
1 82 0.079415
1 83 0.079416
1 84 0.079417
1 85 0.079417
1 86 0.079417
1 87 0.079418
1 88 0.079418
1 89 0.079418
1 90 0.079418
1 91 0.079418
1 92 0.079418
1 93 0.079418
1 94 0.079418
1 95 0.079417
1 96 0.079417
1 97 0.079416
1 98 0.079415
1 99 0.079416

2 0 0.079362
2 1 0.079360
2 2 0.079360
2 3 0.079359
2 4 0.079358
2 5 0.079358
2 6 0.079357
2 7 0.079357
2 8 0.079356
2 9 0.079355
2 10 0.079355
2 11 0.079354
2 12 0.079354
2 13 0.079353
2 14 0.079353
2 15 0.079352
2 16 0.079352
2 17 0.079351
2 18 0.079351
2 19 0.079351
2 20 0.079350
2 21 0.079350
2 22 0.079350
2 23 0.079350
2 24 0.079350
2 25 0.079350
2 26 0.079350
2 27 0.079350
2 28 0.079350
2 29 0.079350
2 30 0.079350
2 31 0.079351
2 32 0.079351
2 33 0.079351
2 34 0.079352
2 35 0.079353
2 36 0.079353
2 37 0.079354
2 38 0.079355
2 39 0.079356
2 40 0.079357
2 41 0.079358
2 42 0.079359
2 43 0.079360
2 44 0.079361
2 45 0.079362
2 46 0.079364
2 47 0.079365
2 48 0.079366
2 49 0.079368
2 50 0.079369
2 51 0.079371
2 52 0.079372
2 53 0.079374
2 54 0.079376
2 55 0.079377
2 56 0.079379
2 57 0.079380
2 58 0.079382
2 59 0.079384
2 60 0.079385
2 61 0.079387
2 62 0.079389
2 63 0.079390
2 64 0.079392
2 65 0.079394
2 66 0.079395
2 67 0.079397
2 68 0.079398
2 69 0.079400
2 70 0.079401
2 71 0.079403
2 72 0.079404
2 73 0.079405
2 74 0.079407
2 75 0.079408
2 76 0.079409
2 77 0.079410
2 78 0.079411
2 79 0.079412
2 80 0.079413
2 81 0.079413
2 82 0.079414
2 83 0.079415
2 84 0.079415
2 85 0.079416
2 86 0.079416
2 87 0.079416
2 88 0.079417
2 89 0.079417
2 90 0.079417
2 91 0.079417
2 92 0.079417
2 93 0.079416
2 94 0.079416
2 95 0.079416
2 96 0.079415
2 97 0.079415
2 98 0.079414
2 99 0.079415

3 0 0.079361
3 1 0.079360
3 2 0.079359
3 3 0.079358
3 4 0.079358
3 5 0.079357
3 6 0.079356
3 7 0.079356
3 8 0.079355
3 9 0.079355
3 10 0.079354
3 11 0.079353
3 12 0.079353
3 13 0.079352
3 14 0.079352
3 15 0.079351
3 16 0.079351
3 17 0.079351
3 18 0.079350
3 19 0.079350
3 20 0.079350
3 21 0.079349
3 22 0.079349
3 23 0.079349
3 24 0.079349
3 25 0.079349
3 26 0.079349
3 27 0.079349
3 28 0.079349
3 29 0.079349
3 30 0.079350
3 31 0.079350
3 32 0.079350
3 33 0.079351
3 34 0.079352
3 35 0.079352
3 36 0.079353
3 37 0.079354
3 38 0.079354
3 39 0.079355
3 40 0.079356
3 41 0.079357
3 42 0.079358
3 43 0.079359
3 44 0.079361
3 45 0.079362
3 46 0.079363
3 47 0.079365
3 48 0.079366
3 49 0.079367
3 50 0.079369
3 51 0.079370
3 52 0.079372
3 53 0.079374
3 54 0.079375
3 55 0.079377
3 56 0.079378
3 57 0.079380
3 58 0.079382
3 59 0.079383
3 60 0.079385
3 61 0.079387
3 62 0.079388
3 63 0.079390
3 64 0.079392
3 65 0.079393
3 66 0.079395
3 67 0.079396
3 68 0.079398
3 69 0.079399
3 70 0.079401
3 71 0.079402
3 72 0.079404
3 73 0.079405
3 74 0.079406
3 75 0.079407
3 76 0.079409
3 77 0.079410
3 78 0.079411
3 79 0.079411
3 80 0.079412
3 81 0.079413
3 82 0.079414
3 83 0.079414
3 84 0.079415
3 85 0.079415
3 86 0.079416
3 87 0.079416
3 88 0.079416
3 89 0.079416
3 90 0.079417
3 91 0.079417
3 92 0.079417
3 93 0.079416
3 94 0.079416
3 95 0.079416
3 96 0.079415
3 97 0.079415
3 98 0.079414
3 99 0.079415

4 0 0.079361
4 1 0.079359
4 2 0.079358
4 3 0.079358
4 4 0.079357
4 5 0.079356
4 6 0.079356
4 7 0.079355
4 8 0.079355
4 9 0.079354
4 10 0.079353
4 11 0.079353
4 12 0.079352
4 13 0.079352
4 14 0.079351
4 15 0.079351
4 16 0.079350
4 17 0.079350
4 18 0.079350
4 19 0.079349
4 20 0.079349
4 21 0.079349
4 22 0.079349
4 23 0.079349
4 24 0.079348
4 25 0.079348
4 26 0.079349
4 27 0.079349
4 28 0.079349
4 29 0.079349
4 30 0.079349
4 31 0.079350
4 32 0.079350
4 33 0.079351
4 34 0.079351
4 35 0.079352
4 36 0.079352
4 37 0.079353
4 38 0.079354
4 39 0.079355
4 40 0.079356
4 41 0.079357
4 42 0.079358
4 43 0.079359
4 44 0.079360
4 45 0.079362
4 46 0.079363
4 47 0.079364
4 48 0.079366
4 49 0.079367
4 50 0.079369
4 51 0.079370
4 52 0.079372
4 53 0.079373
4 54 0.079375
4 55 0.079376
4 56 0.079378
4 57 0.079380
4 58 0.079381
4 59 0.079383
4 60 0.079385
4 61 0.079386
4 62 0.079388
4 63 0.079390
4 64 0.079391
4 65 0.079393
4 66 0.079394
4 67 0.079396
4 68 0.079398
4 69 0.079399
4 70 0.079400
4 71 0.079402
4 72 0.079403
4 73 0.079404
4 74 0.079406
4 75 0.079407
4 76 0.079408
4 77 0.079409
4 78 0.079410
4 79 0.079411
4 80 0.079412
4 81 0.079412
4 82 0.079413
4 83 0.079414
4 84 0.079414
4 85 0.079415
4 86 0.079415
4 87 0.079415
4 88 0.079416
4 89 0.079416
4 90 0.079415
4 91 0.079415
4 92 0.079415
4 93 0.079415
4 94 0.079415
4 95 0.079414
4 96 0.079414
4 97 0.079414
4 98 0.079413
4 99 0.079413

5 0 0.079360
5 1 0.079358
5 2 0.079357
5 3 0.079357
5 4 0.079356
5 5 0.079355
5 6 0.079355
5 7 0.079354
5 8 0.079354
5 9 0.079353
5 10 0.079352
5 11 0.079352
5 12 0.079351
5 13 0.079351
5 14 0.079350
5 15 0.079350
5 16 0.079349
5 17 0.079349
5 18 0.079349
5 19 0.079348
5 20 0.079348
5 21 0.079348
5 22 0.079348
5 23 0.079348
5 24 0.079348
5 25 0.079348
5 26 0.079348
5 27 0.079348
5 28 0.079348
5 29 0.079348
5 30 0.079349
5 31 0.079349
5 32 0.079349
5 33 0.079350
5 34 0.079351
5 35 0.079351
5 36 0.079352
5 37 0.079353
5 38 0.079354
5 39 0.079354
5 40 0.079355
5 41 0.079357
5 42 0.079358
5 43 0.079359
5 44 0.079360
5 45 0.079361
5 46 0.079363
5 47 0.079364
5 48 0.079365
5 49 0.079367
5 50 0.079368
5 51 0.079370
5 52 0.079371
5 53 0.079373
5 54 0.079374
5 55 0.079376
5 56 0.079378
5 57 0.079379
5 58 0.079381
5 59 0.079383
5 60 0.079384
5 61 0.079386
5 62 0.079388
5 63 0.079389
5 64 0.079391
5 65 0.079392
5 66 0.079394
5 67 0.079396
5 68 0.079397
5 69 0.079398
5 70 0.079400
5 71 0.079401
5 72 0.079403
5 73 0.079404
5 74 0.079405
5 75 0.079406
5 76 0.079407
5 77 0.079408
5 78 0.079409
5 79 0.079410
5 80 0.079411
5 81 0.079412
5 82 0.079412
5 83 0.079413
5 84 0.079414
5 85 0.079414
5 86 0.079414
5 87 0.079415
5 88 0.079415
5 89 0.079415
5 90 0.079415
5 91 0.079415
5 92 0.079415
5 93 0.079415
5 94 0.079415
5 95 0.079414
5 96 0.079414
5 97 0.079414
5 98 0.079413
5 99 0.079413

6 0 0.079359
6 1 0.079358
6 2 0.079357
6 3 0.079357
6 4 0.079356
6 5 0.079355
6 6 0.079355
6 7 0.079354
6 8 0.079353
6 9 0.079353
6 10 0.079352
6 11 0.079352
6 12 0.079351
6 13 0.079351
6 14 0.079350
6 15 0.079350
6 16 0.079349
6 17 0.079349
6 18 0.079349
6 19 0.079348
6 20 0.079348
6 21 0.079348
6 22 0.079348
6 23 0.079348
6 24 0.079348
6 25 0.079348
6 26 0.079348
6 27 0.079348
6 28 0.079348
6 29 0.079348
6 30 0.079348
6 31 0.079349
6 32 0.079349
6 33 0.079350
6 34 0.079350
6 35 0.079351
6 36 0.079352
6 37 0.079353
6 38 0.079353
6 39 0.079354
6 40 0.079355
6 41 0.079356
6 42 0.079357
6 43 0.079359
6 44 0.079360
6 45 0.079361
6 46 0.079362
6 47 0.079364
6 48 0.079365
6 49 0.079367
6 50 0.079368
6 51 0.079370
6 52 0.079371
6 53 0.079373
6 54 0.079374
6 55 0.079376
6 56 0.079378
6 57 0.079379
6 58 0.079381
6 59 0.079383
6 60 0.079384
6 61 0.079386
6 62 0.079387
6 63 0.079389
6 64 0.079391
6 65 0.079392
6 66 0.079394
6 67 0.079395
6 68 0.079397
6 69 0.079398
6 70 0.079400
6 71 0.079401
6 72 0.079403
6 73 0.079404
6 74 0.079405
6 75 0.079406
6 76 0.079407
6 77 0.079408
6 78 0.079409
6 79 0.079410
6 80 0.079411
6 81 0.079412
6 82 0.079412
6 83 0.079413
6 84 0.079414
6 85 0.079414
6 86 0.079414
6 87 0.079415
6 88 0.079415
6 89 0.079415
6 90 0.079415
6 91 0.079415
6 92 0.079415
6 93 0.079414
6 94 0.079414
6 95 0.079414
6 96 0.079413
6 97 0.079413
6 98 0.079412
6 99 0.079413

7 0 0.079358
7 1 0.079357
7 2 0.079356
7 3 0.079356
7 4 0.079355
7 5 0.079354
7 6 0.079354
7 7 0.079353
7 8 0.079352
7 9 0.079352
7 10 0.079351
7 11 0.079351
7 12 0.079350
7 13 0.079350
7 14 0.079349
7 15 0.079349
7 16 0.079348
7 17 0.079348
7 18 0.079348
7 19 0.079348
7 20 0.079347
7 21 0.079347
7 22 0.079347
7 23 0.079347
7 24 0.079347
7 25 0.079347
7 26 0.079347
7 27 0.079347
7 28 0.079347
7 29 0.079348
7 30 0.079348
7 31 0.079348
7 32 0.079349
7 33 0.079349
7 34 0.079350
7 35 0.079351
7 36 0.079351
7 37 0.079352
7 38 0.079353
7 39 0.079354
7 40 0.079355
7 41 0.079356
7 42 0.079357
7 43 0.079358
7 44 0.079360
7 45 0.079361
7 46 0.079362
7 47 0.079364
7 48 0.079365
7 49 0.079366
7 50 0.079368
7 51 0.079369
7 52 0.079371
7 53 0.079373
7 54 0.079374
7 55 0.079376
7 56 0.079377
7 57 0.079379
7 58 0.079381
7 59 0.079382
7 60 0.079384
7 61 0.079386
7 62 0.079387
7 63 0.079389
7 64 0.079390
7 65 0.079392
7 66 0.079394
7 67 0.079395
7 68 0.079397
7 69 0.079398
7 70 0.079399
7 71 0.079401
7 72 0.079402
7 73 0.079403
7 74 0.079404
7 75 0.079406
7 76 0.079407
7 77 0.079408
7 78 0.079409
7 79 0.079410
7 80 0.079410
7 81 0.079411
7 82 0.079412
7 83 0.079412
7 84 0.079413
7 85 0.079413
7 86 0.079414
7 87 0.079414
7 88 0.079414
7 89 0.079414
7 90 0.079414
7 91 0.079414
7 92 0.079414
7 93 0.079414
7 94 0.079414
7 95 0.079413
7 96 0.079413
7 97 0.079413
7 98 0.079412
7 99 0.079412

8 0 0.079358
8 1 0.079356
8 2 0.079356
8 3 0.079355
8 4 0.079355
8 5 0.079354
8 6 0.079353
8 7 0.079353
8 8 0.079352
8 9 0.079352
8 10 0.079351
8 11 0.079351
8 12 0.079350
8 13 0.079350
8 14 0.079349
8 15 0.079349
8 16 0.079348
8 17 0.079348
8 18 0.079348
8 19 0.079347
8 20 0.079347
8 21 0.079347
8 22 0.079347
8 23 0.079347
8 24 0.079347
8 25 0.079347
8 26 0.079347
8 27 0.079347
8 28 0.079347
8 29 0.079348
8 30 0.079348
8 31 0.079348
8 32 0.079349
8 33 0.079349
8 34 0.079350
8 35 0.079351
8 36 0.079351
8 37 0.079352
8 38 0.079353
8 39 0.079354
8 40 0.079355
8 41 0.079356
8 42 0.079357
8 43 0.079358
8 44 0.079360
8 45 0.079361
8 46 0.079362
8 47 0.079364
8 48 0.079365
8 49 0.079366
8 50 0.079368
8 51 0.079369
8 52 0.079371
8 53 0.079373
8 54 0.079374
8 55 0.079376
8 56 0.079377
8 57 0.079379
8 58 0.079381
8 59 0.079382
8 60 0.079384
8 61 0.079386
8 62 0.079387
8 63 0.079389
8 64 0.079390
8 65 0.079392
8 66 0.079394
8 67 0.079395
8 68 0.079397
8 69 0.079398
8 70 0.079399
8 71 0.079401
8 72 0.079402
8 73 0.079403
8 74 0.079404
8 75 0.079406
8 76 0.079407
8 77 0.079408
8 78 0.079409
8 79 0.079410
8 80 0.079410
8 81 0.079411
8 82 0.079412
8 83 0.079412
8 84 0.079413
8 85 0.079413
8 86 0.079414
8 87 0.079414
8 88 0.079414
8 89 0.079414
8 90 0.079414
8 91 0.079414
8 92 0.079414
8 93 0.079414
8 94 0.079414
8 95 0.079413
8 96 0.079413
8 97 0.079413
8 98 0.079412
8 99 0.079412

9 0 0.079358
9 1 0.079356
9 2 0.079356
9 3 0.079355
9 4 0.079354
9 5 0.079354
9 6 0.079353
9 7 0.079353
9 8 0.079352
9 9 0.079351
9 10 0.079351
9 11 0.079350
9 12 0.079350
9 13 0.079349
9 14 0.079349
9 15 0.079348
9 16 0.079348
9 17 0.079348
9 18 0.079347
9 19 0.079347
9 20 0.079347
9 21 0.079347
9 22 0.079347
9 23 0.079347
9 24 0.079347
9 25 0.079347
9 26 0.079347
9 27 0.079347
9 28 0.079347
9 29 0.079348
9 30 0.079348
9 31 0.079348
9 32 0.079349
9 33 0.079349
9 34 0.079350
9 35 0.079351
9 36 0.079351
9 37 0.079352
9 38 0.079353
9 39 0.079354
9 40 0.079355
9 41 0.079356
9 42 0.079357
9 43 0.079358
9 44 0.079360
9 45 0.079361
9 46 0.079362
9 47 0.079364
9 48 0.079365
9 49 0.079367
9 50 0.079368
9 51 0.079370
9 52 0.079371
9 53 0.079373
9 54 0.079374
9 55 0.079376
9 56 0.079377
9 57 0.079379
9 58 0.079381
9 59 0.079382
9 60 0.079384
9 61 0.079386
9 62 0.079387
9 63 0.079389
9 64 0.079390
9 65 0.079392
9 66 0.079394
9 67 0.079395
9 68 0.079397
9 69 0.079398
9 70 0.079399
9 71 0.079401
9 72 0.079402
9 73 0.079403
9 74 0.079404
9 75 0.079406
9 76 0.079407
9 77 0.079408
9 78 0.079408
9 79 0.079409
9 80 0.079410
9 81 0.079411
9 82 0.079411
9 83 0.079412
9 84 0.079412
9 85 0.079413
9 86 0.079413
9 87 0.079413
9 88 0.079414
9 89 0.079414
9 90 0.079414
9 91 0.079414
9 92 0.079414
9 93 0.079413
9 94 0.079413
9 95 0.079413
9 96 0.079412
9 97 0.079412
9 98 0.079411
9 99 0.079412

10 0 0.079357
10 1 0.079355
10 2 0.079355
10 3 0.079354
10 4 0.079353
10 5 0.079353
10 6 0.079352
10 7 0.079352
10 8 0.079351
10 9 0.079351
10 10 0.079350
10 11 0.079350
10 12 0.079349
10 13 0.079349
10 14 0.079348
10 15 0.079348
10 16 0.079347
10 17 0.079347
10 18 0.079347
10 19 0.079347
10 20 0.079346
10 21 0.079346
10 22 0.079346
10 23 0.079346
10 24 0.079346
10 25 0.079346
10 26 0.079346
10 27 0.079347
10 28 0.079347
10 29 0.079347
10 30 0.079348
10 31 0.079348
10 32 0.079349
10 33 0.079349
10 34 0.079350
10 35 0.079351
10 36 0.079351
10 37 0.079352
10 38 0.079353
10 39 0.079354
10 40 0.079355
10 41 0.079356
10 42 0.079357
10 43 0.079359
10 44 0.079360
10 45 0.079361
10 46 0.079362
10 47 0.079364
10 48 0.079365
10 49 0.079367
10 50 0.079368
10 51 0.079370
10 52 0.079371
10 53 0.079373
10 54 0.079374
10 55 0.079376
10 56 0.079378
10 57 0.079379
10 58 0.079381
10 59 0.079382
10 60 0.079384
10 61 0.079386
10 62 0.079387
10 63 0.079389
10 64 0.079390
10 65 0.079392
10 66 0.079394
10 67 0.079395
10 68 0.079396
10 69 0.079398
10 70 0.079399
10 71 0.079401
10 72 0.079402
10 73 0.079403
10 74 0.079404
10 75 0.079405
10 76 0.079406
10 77 0.079407
10 78 0.079408
10 79 0.079409
10 80 0.079410
10 81 0.079411
10 82 0.079411
10 83 0.079412
10 84 0.079413
10 85 0.079413
10 86 0.079413
10 87 0.079414
10 88 0.079414
10 89 0.079414
10 90 0.079414
10 91 0.079414
10 92 0.079414
10 93 0.079414
10 94 0.079413
10 95 0.079413
10 96 0.079413
10 97 0.079412
10 98 0.079412
10 99 0.079412

11 0 0.079357
11 1 0.079356
11 2 0.079355
11 3 0.079354
11 4 0.079354
11 5 0.079353
11 6 0.079353
11 7 0.079352
11 8 0.079351
11 9 0.079351
11 10 0.079350
11 11 0.079350
11 12 0.079349
11 13 0.079349
11 14 0.079348
11 15 0.079348
11 16 0.079348
11 17 0.079347
11 18 0.079347
11 19 0.079347
11 20 0.079347
11 21 0.079347
11 22 0.079346
11 23 0.079346
11 24 0.079346
11 25 0.079347
11 26 0.079347
11 27 0.079347
11 28 0.079347
11 29 0.079347
11 30 0.079348
11 31 0.079348
11 32 0.079349
11 33 0.079349
11 34 0.079350
11 35 0.079351
11 36 0.079352
11 37 0.079352
11 38 0.079353
11 39 0.079354
11 40 0.079355
11 41 0.079356
11 42 0.079358
11 43 0.079359
11 44 0.079360
11 45 0.079361
11 46 0.079363
11 47 0.079364
11 48 0.079365
11 49 0.079367
11 50 0.079368
11 51 0.079370
11 52 0.079371
11 53 0.079373
11 54 0.079375
11 55 0.079376
11 56 0.079378
11 57 0.079379
11 58 0.079381
11 59 0.079383
11 60 0.079384
11 61 0.079386
11 62 0.079388
11 63 0.079389
11 64 0.079391
11 65 0.079392
11 66 0.079394
11 67 0.079395
11 68 0.079397
11 69 0.079398
11 70 0.079400
11 71 0.079401
11 72 0.079402
11 73 0.079403
11 74 0.079405
11 75 0.079406
11 76 0.079407
11 77 0.079408
11 78 0.079409
11 79 0.079409
11 80 0.079410
11 81 0.079411
11 82 0.079411
11 83 0.079412
11 84 0.079412
11 85 0.079413
11 86 0.079413
11 87 0.079413
11 88 0.079414
11 89 0.079414
11 90 0.079414
11 91 0.079414
11 92 0.079414
11 93 0.079413
11 94 0.079413
11 95 0.079413
11 96 0.079412
11 97 0.079412
11 98 0.079411
11 99 0.079412

12 0 0.079356
12 1 0.079355
12 2 0.079354
12 3 0.079354
12 4 0.079353
12 5 0.079352
12 6 0.079352
12 7 0.079351
12 8 0.079351
12 9 0.079350
12 10 0.079350
12 11 0.079349
12 12 0.079349
12 13 0.079348
12 14 0.079348
12 15 0.079348
12 16 0.079347
12 17 0.079347
12 18 0.079347
12 19 0.079346
12 20 0.079346
12 21 0.079346
12 22 0.079346
12 23 0.079346
12 24 0.079346
12 25 0.079346
12 26 0.079346
12 27 0.079347
12 28 0.079347
12 29 0.079347
12 30 0.079348
12 31 0.079348
12 32 0.079349
12 33 0.079349
12 34 0.079350
12 35 0.079351
12 36 0.079352
12 37 0.079353
12 38 0.079353
12 39 0.079354
12 40 0.079355
12 41 0.079357
12 42 0.079358
12 43 0.079359
12 44 0.079360
12 45 0.079362
12 46 0.079363
12 47 0.079364
12 48 0.079366
12 49 0.079367
12 50 0.079369
12 51 0.079370
12 52 0.079372
12 53 0.079373
12 54 0.079375
12 55 0.079376
12 56 0.079378
12 57 0.079380
12 58 0.079381
12 59 0.079383
12 60 0.079385
12 61 0.079386
12 62 0.079388
12 63 0.079389
12 64 0.079391
12 65 0.079392
12 66 0.079394
12 67 0.079395
12 68 0.079397
12 69 0.079398
12 70 0.079400
12 71 0.079401
12 72 0.079402
12 73 0.079403
12 74 0.079405
12 75 0.079406
12 76 0.079407
12 77 0.079408
12 78 0.079408
12 79 0.079409
12 80 0.079410
12 81 0.079411
12 82 0.079412
12 83 0.079412
12 84 0.079413
12 85 0.079413
12 86 0.079413
12 87 0.079414
12 88 0.079414
12 89 0.079414
12 90 0.079414
12 91 0.079414
12 92 0.079414
12 93 0.079414
12 94 0.079413
12 95 0.079413
12 96 0.079413
12 97 0.079412
12 98 0.079411
12 99 0.079412

13 0 0.079356
13 1 0.079355
13 2 0.079354
13 3 0.079354
13 4 0.079353
13 5 0.079352
13 6 0.079352
13 7 0.079351
13 8 0.079351
13 9 0.079350
13 10 0.079350
13 11 0.079349
13 12 0.079349
13 13 0.079348
13 14 0.079348
13 15 0.079348
13 16 0.079347
13 17 0.079347
13 18 0.079347
13 19 0.079347
13 20 0.079347
13 21 0.079346
13 22 0.079346
13 23 0.079346
13 24 0.079347
13 25 0.079347
13 26 0.079347
13 27 0.079347
13 28 0.079347
13 29 0.079348
13 30 0.079348
13 31 0.079349
13 32 0.079349
13 33 0.079350
13 34 0.079351
13 35 0.079351
13 36 0.079352
13 37 0.079353
13 38 0.079354
13 39 0.079355
13 40 0.079356
13 41 0.079357
13 42 0.079358
13 43 0.079359
13 44 0.079361
13 45 0.079362
13 46 0.079363
13 47 0.079365
13 48 0.079366
13 49 0.079368
13 50 0.079369
13 51 0.079371
13 52 0.079372
13 53 0.079374
13 54 0.079375
13 55 0.079377
13 56 0.079379
13 57 0.079380
13 58 0.079382
13 59 0.079383
13 60 0.079385
13 61 0.079387
13 62 0.079388
13 63 0.079390
13 64 0.079391
13 65 0.079393
13 66 0.079394
13 67 0.079396
13 68 0.079397
13 69 0.079399
13 70 0.079400
13 71 0.079401
13 72 0.079403
13 73 0.079404
13 74 0.079405
13 75 0.079406
13 76 0.079407
13 77 0.079408
13 78 0.079409
13 79 0.079410
13 80 0.079411
13 81 0.079411
13 82 0.079412
13 83 0.079412
13 84 0.079413
13 85 0.079413
13 86 0.079414
13 87 0.079414
13 88 0.079414
13 89 0.079414
13 90 0.079414
13 91 0.079414
13 92 0.079414
13 93 0.079414
13 94 0.079414
13 95 0.079413
13 96 0.079413
13 97 0.079413
13 98 0.079412
13 99 0.079412

14 0 0.079356
14 1 0.079355
14 2 0.079354
14 3 0.079354
14 4 0.079353
14 5 0.079352
14 6 0.079352
14 7 0.079351
14 8 0.079351
14 9 0.079350
14 10 0.079350
14 11 0.079349
14 12 0.079349
14 13 0.079349
14 14 0.079348
14 15 0.079348
14 16 0.079348
14 17 0.079347
14 18 0.079347
14 19 0.079347
14 20 0.079347
14 21 0.079347
14 22 0.079347
14 23 0.079347
14 24 0.079347
14 25 0.079347
14 26 0.079347
14 27 0.079347
14 28 0.079348
14 29 0.079348
14 30 0.079349
14 31 0.079349
14 32 0.079350
14 33 0.079350
14 34 0.079351
14 35 0.079352
14 36 0.079353
14 37 0.079353
14 38 0.079354
14 39 0.079355
14 40 0.079356
14 41 0.079358
14 42 0.079359
14 43 0.079360
14 44 0.079361
14 45 0.079363
14 46 0.079364
14 47 0.079365
14 48 0.079367
14 49 0.079368
14 50 0.079370
14 51 0.079371
14 52 0.079373
14 53 0.079374
14 54 0.079376
14 55 0.079378
14 56 0.079379
14 57 0.079381
14 58 0.079382
14 59 0.079384
14 60 0.079386
14 61 0.079387
14 62 0.079389
14 63 0.079390
14 64 0.079392
14 65 0.079393
14 66 0.079395
14 67 0.079396
14 68 0.079398
14 69 0.079399
14 70 0.079401
14 71 0.079402
14 72 0.079403
14 73 0.079404
14 74 0.079405
14 75 0.079406
14 76 0.079407
14 77 0.079408
14 78 0.079409
14 79 0.079410
14 80 0.079411
14 81 0.079411
14 82 0.079412
14 83 0.079413
14 84 0.079413
14 85 0.079413
14 86 0.079414
14 87 0.079414
14 88 0.079414
14 89 0.079414
14 90 0.079414
14 91 0.079414
14 92 0.079414
14 93 0.079414
14 94 0.079414
14 95 0.079413
14 96 0.079413
14 97 0.079413
14 98 0.079412
14 99 0.079412

15 0 0.079356
15 1 0.079355
15 2 0.079354
15 3 0.079354
15 4 0.079353
15 5 0.079352
15 6 0.079352
15 7 0.079351
15 8 0.079351
15 9 0.079350
15 10 0.079350
15 11 0.079349
15 12 0.079349
15 13 0.079349
15 14 0.079348
15 15 0.079348
15 16 0.079348
15 17 0.079347
15 18 0.079347
15 19 0.079347
15 20 0.079347
15 21 0.079347
15 22 0.079347
15 23 0.079347
15 24 0.079347
15 25 0.079347
15 26 0.079348
15 27 0.079348
15 28 0.079348
15 29 0.079349
15 30 0.079349
15 31 0.079350
15 32 0.079350
15 33 0.079351
15 34 0.079352
15 35 0.079352
15 36 0.079353
15 37 0.079354
15 38 0.079355
15 39 0.079356
15 40 0.079357
15 41 0.079358
15 42 0.079359
15 43 0.079361
15 44 0.079362
15 45 0.079363
15 46 0.079365
15 47 0.079366
15 48 0.079367
15 49 0.079369
15 50 0.079370
15 51 0.079372
15 52 0.079374
15 53 0.079375
15 54 0.079377
15 55 0.079378
15 56 0.079380
15 57 0.079382
15 58 0.079383
15 59 0.079385
15 60 0.079386
15 61 0.079388
15 62 0.079389
15 63 0.079391
15 64 0.079393
15 65 0.079394
15 66 0.079396
15 67 0.079397
15 68 0.079398
15 69 0.079400
15 70 0.079401
15 71 0.079402
15 72 0.079404
15 73 0.079405
15 74 0.079406
15 75 0.079407
15 76 0.079408
15 77 0.079409
15 78 0.079410
15 79 0.079411
15 80 0.079411
15 81 0.079412
15 82 0.079413
15 83 0.079413
15 84 0.079414
15 85 0.079414
15 86 0.079414
15 87 0.079415
15 88 0.079415
15 89 0.079415
15 90 0.079415
15 91 0.079415
15 92 0.079415
15 93 0.079414
15 94 0.079414
15 95 0.079414
15 96 0.079414
15 97 0.079413
15 98 0.079412
15 99 0.079413

16 0 0.079356
16 1 0.079355
16 2 0.079354
16 3 0.079354
16 4 0.079353
16 5 0.079353
16 6 0.079352
16 7 0.079352
16 8 0.079351
16 9 0.079351
16 10 0.079350
16 11 0.079350
16 12 0.079349
16 13 0.079349
16 14 0.079349
16 15 0.079348
16 16 0.079348
16 17 0.079348
16 18 0.079348
16 19 0.079347
16 20 0.079347
16 21 0.079347
16 22 0.079347
16 23 0.079347
16 24 0.079348
16 25 0.079348
16 26 0.079348
16 27 0.079348
16 28 0.079349
16 29 0.079349
16 30 0.079349
16 31 0.079350
16 32 0.079351
16 33 0.079351
16 34 0.079352
16 35 0.079353
16 36 0.079354
16 37 0.079355
16 38 0.079356
16 39 0.079357
16 40 0.079358
16 41 0.079359
16 42 0.079360
16 43 0.079361
16 44 0.079363
16 45 0.079364
16 46 0.079365
16 47 0.079367
16 48 0.079368
16 49 0.079370
16 50 0.079371
16 51 0.079373
16 52 0.079374
16 53 0.079376
16 54 0.079377
16 55 0.079379
16 56 0.079381
16 57 0.079382
16 58 0.079384
16 59 0.079385
16 60 0.079387
16 61 0.079389
16 62 0.079390
16 63 0.079392
16 64 0.079393
16 65 0.079395
16 66 0.079396
16 67 0.079398
16 68 0.079399
16 69 0.079400
16 70 0.079402
16 71 0.079403
16 72 0.079404
16 73 0.079405
16 74 0.079406
16 75 0.079407
16 76 0.079408
16 77 0.079409
16 78 0.079410
16 79 0.079411
16 80 0.079412
16 81 0.079412
16 82 0.079413
16 83 0.079414
16 84 0.079414
16 85 0.079414
16 86 0.079415
16 87 0.079415
16 88 0.079415
16 89 0.079415
16 90 0.079415
16 91 0.079415
16 92 0.079415
16 93 0.079415
16 94 0.079415
16 95 0.079414
16 96 0.079414
16 97 0.079414
16 98 0.079413
16 99 0.079413

17 0 0.079356
17 1 0.079355
17 2 0.079354
17 3 0.079354
17 4 0.079353
17 5 0.079353
17 6 0.079352
17 7 0.079352
17 8 0.079351
17 9 0.079351
17 10 0.079350
17 11 0.079350
17 12 0.079349
17 13 0.079349
17 14 0.079349
17 15 0.079348
17 16 0.079348
17 17 0.079348
17 18 0.079348
17 19 0.079348
17 20 0.079348
17 21 0.079348
17 22 0.079348
17 23 0.079348
17 24 0.079348
17 25 0.079348
17 26 0.079348
17 27 0.079349
17 28 0.079349
17 29 0.079350
17 30 0.079350
17 31 0.079351
17 32 0.079351
17 33 0.079352
17 34 0.079353
17 35 0.079354
17 36 0.079354
17 37 0.079355
17 38 0.079356
17 39 0.079357
17 40 0.079358
17 41 0.079360
17 42 0.079361
17 43 0.079362
17 44 0.079363
17 45 0.079365
17 46 0.079366
17 47 0.079368
17 48 0.079369
17 49 0.079370
17 50 0.079372
17 51 0.079374
17 52 0.079375
17 53 0.079377
17 54 0.079378
17 55 0.079380
17 56 0.079381
17 57 0.079383
17 58 0.079385
17 59 0.079386
17 60 0.079388
17 61 0.079389
17 62 0.079391
17 63 0.079393
17 64 0.079394
17 65 0.079396
17 66 0.079397
17 67 0.079398
17 68 0.079400
17 69 0.079401
17 70 0.079402
17 71 0.079404
17 72 0.079405
17 73 0.079406
17 74 0.079407
17 75 0.079408
17 76 0.079409
17 77 0.079410
17 78 0.079411
17 79 0.079412
17 80 0.079413
17 81 0.079413
17 82 0.079414
17 83 0.079414
17 84 0.079415
17 85 0.079415
17 86 0.079415
17 87 0.079416
17 88 0.079416
17 89 0.079416
17 90 0.079416
17 91 0.079416
17 92 0.079416
17 93 0.079415
17 94 0.079415
17 95 0.079415
17 96 0.079415
17 97 0.079414
17 98 0.079413
17 99 0.079414

18 0 0.079357
18 1 0.079355
18 2 0.079355
18 3 0.079354
18 4 0.079354
18 5 0.079353
18 6 0.079353
18 7 0.079352
18 8 0.079352
18 9 0.079351
18 10 0.079351
18 11 0.079351
18 12 0.079350
18 13 0.079350
18 14 0.079349
18 15 0.079349
18 16 0.079349
18 17 0.079349
18 18 0.079349
18 19 0.079349
18 20 0.079348
18 21 0.079348
18 22 0.079349
18 23 0.079349
18 24 0.079349
18 25 0.079349
18 26 0.079349
18 27 0.079350
18 28 0.079350
18 29 0.079350
18 30 0.079351
18 31 0.079352
18 32 0.079352
18 33 0.079353
18 34 0.079354
18 35 0.079354
18 36 0.079355
18 37 0.079356
18 38 0.079357
18 39 0.079358
18 40 0.079359
18 41 0.079361
18 42 0.079362
18 43 0.079363
18 44 0.079364
18 45 0.079366
18 46 0.079367
18 47 0.079369
18 48 0.079370
18 49 0.079371
18 50 0.079373
18 51 0.079375
18 52 0.079376
18 53 0.079378
18 54 0.079379
18 55 0.079381
18 56 0.079382
18 57 0.079384
18 58 0.079386
18 59 0.079387
18 60 0.079389
18 61 0.079390
18 62 0.079392
18 63 0.079394
18 64 0.079395
18 65 0.079397
18 66 0.079398
18 67 0.079399
18 68 0.079401
18 69 0.079402
18 70 0.079403
18 71 0.079405
18 72 0.079406
18 73 0.079407
18 74 0.079408
18 75 0.079409
18 76 0.079410
18 77 0.079411
18 78 0.079412
18 79 0.079413
18 80 0.079413
18 81 0.079414
18 82 0.079415
18 83 0.079415
18 84 0.079415
18 85 0.079416
18 86 0.079416
18 87 0.079416
18 88 0.079416
18 89 0.079417
18 90 0.079417
18 91 0.079416
18 92 0.079416
18 93 0.079416
18 94 0.079416
18 95 0.079416
18 96 0.079415
18 97 0.079415
18 98 0.079414
18 99 0.079414

19 0 0.079357
19 1 0.079356
19 2 0.079355
19 3 0.079355
19 4 0.079354
19 5 0.079354
19 6 0.079353
19 7 0.079353
19 8 0.079352
19 9 0.079352
19 10 0.079351
19 11 0.079351
19 12 0.079351
19 13 0.079350
19 14 0.079350
19 15 0.079350
19 16 0.079350
19 17 0.079349
19 18 0.079349
19 19 0.079349
19 20 0.079349
19 21 0.079349
19 22 0.079349
19 23 0.079349
19 24 0.079350
19 25 0.079350
19 26 0.079350
19 27 0.079350
19 28 0.079351
19 29 0.079351
19 30 0.079352
19 31 0.079352
19 32 0.079353
19 33 0.079354
19 34 0.079355
19 35 0.079355
19 36 0.079356
19 37 0.079357
19 38 0.079358
19 39 0.079359
19 40 0.079360
19 41 0.079362
19 42 0.079363
19 43 0.079364
19 44 0.079365
19 45 0.079367
19 46 0.079368
19 47 0.079370
19 48 0.079371
19 49 0.079373
19 50 0.079374
19 51 0.079376
19 52 0.079377
19 53 0.079379
19 54 0.079380
19 55 0.079382
19 56 0.079384
19 57 0.079385
19 58 0.079387
19 59 0.079388
19 60 0.079390
19 61 0.079391
19 62 0.079393
19 63 0.079395
19 64 0.079396
19 65 0.079398
19 66 0.079399
19 67 0.079400
19 68 0.079402
19 69 0.079403
19 70 0.079404
19 71 0.079406
19 72 0.079407
19 73 0.079408
19 74 0.079409
19 75 0.079410
19 76 0.079411
19 77 0.079412
19 78 0.079413
19 79 0.079413
19 80 0.079414
19 81 0.079415
19 82 0.079415
19 83 0.079416
19 84 0.079416
19 85 0.079417
19 86 0.079417
19 87 0.079417
19 88 0.079417
19 89 0.079417
19 90 0.079417
19 91 0.079417
19 92 0.079417
19 93 0.079417
19 94 0.079417
19 95 0.079416
19 96 0.079416
19 97 0.079416
19 98 0.079415
19 99 0.079415

20 0 0.079357
20 1 0.079356
20 2 0.079355
20 3 0.079355
20 4 0.079354
20 5 0.079354
20 6 0.079353
20 7 0.079353
20 8 0.079353
20 9 0.079352
20 10 0.079352
20 11 0.079351
20 12 0.079351
20 13 0.079351
20 14 0.079350
20 15 0.079350
20 16 0.079350
20 17 0.079350
20 18 0.079350
20 19 0.079350
20 20 0.079350
20 21 0.079350
20 22 0.079350
20 23 0.079350
20 24 0.079350
20 25 0.079351
20 26 0.079351
20 27 0.079351
20 28 0.079352
20 29 0.079352
20 30 0.079353
20 31 0.079353
20 32 0.079354
20 33 0.079355
20 34 0.079356
20 35 0.079356
20 36 0.079357
20 37 0.079358
20 38 0.079359
20 39 0.079360
20 40 0.079362
20 41 0.079363
20 42 0.079364
20 43 0.079365
20 44 0.079367
20 45 0.079368
20 46 0.079369
20 47 0.079371
20 48 0.079372
20 49 0.079374
20 50 0.079375
20 51 0.079377
20 52 0.079378
20 53 0.079380
20 54 0.079382
20 55 0.079383
20 56 0.079385
20 57 0.079386
20 58 0.079388
20 59 0.079389
20 60 0.079391
20 61 0.079393
20 62 0.079394
20 63 0.079396
20 64 0.079397
20 65 0.079399
20 66 0.079400
20 67 0.079401
20 68 0.079403
20 69 0.079404
20 70 0.079405
20 71 0.079407
20 72 0.079408
20 73 0.079409
20 74 0.079410
20 75 0.079411
20 76 0.079412
20 77 0.079413
20 78 0.079414
20 79 0.079414
20 80 0.079415
20 81 0.079416
20 82 0.079416
20 83 0.079417
20 84 0.079417
20 85 0.079418
20 86 0.079418
20 87 0.079418
20 88 0.079418
20 89 0.079418
20 90 0.079418
20 91 0.079418
20 92 0.079418
20 93 0.079418
20 94 0.079418
20 95 0.079417
20 96 0.079417
20 97 0.079417
20 98 0.079416
20 99 0.079416

21 0 0.079358
21 1 0.079357
21 2 0.079356
21 3 0.079356
21 4 0.079355
21 5 0.079355
21 6 0.079354
21 7 0.079354
21 8 0.079354
21 9 0.079353
21 10 0.079353
21 11 0.079352
21 12 0.079352
21 13 0.079352
21 14 0.079351
21 15 0.079351
21 16 0.079351
21 17 0.079351
21 18 0.079351
21 19 0.079351
21 20 0.079351
21 21 0.079351
21 22 0.079351
21 23 0.079351
21 24 0.079351
21 25 0.079352
21 26 0.079352
21 27 0.079352
21 28 0.079353
21 29 0.079353
21 30 0.079354
21 31 0.079354
21 32 0.079355
21 33 0.079356
21 34 0.079357
21 35 0.079358
21 36 0.079359
21 37 0.079360
21 38 0.079361
21 39 0.079362
21 40 0.079363
21 41 0.079364
21 42 0.079365
21 43 0.079366
21 44 0.079368
21 45 0.079369
21 46 0.079371
21 47 0.079372
21 48 0.079373
21 49 0.079375
21 50 0.079377
21 51 0.079378
21 52 0.079380
21 53 0.079381
21 54 0.079383
21 55 0.079384
21 56 0.079386
21 57 0.079388
21 58 0.079389
21 59 0.079391
21 60 0.079392
21 61 0.079394
21 62 0.079395
21 63 0.079397
21 64 0.079398
21 65 0.079400
21 66 0.079401
21 67 0.079403
21 68 0.079404
21 69 0.079405
21 70 0.079407
21 71 0.079408
21 72 0.079409
21 73 0.079410
21 74 0.079411
21 75 0.079412
21 76 0.079413
21 77 0.079414
21 78 0.079415
21 79 0.079415
21 80 0.079416
21 81 0.079417
21 82 0.079417
21 83 0.079418
21 84 0.079418
21 85 0.079418
21 86 0.079419
21 87 0.079419
21 88 0.079419
21 89 0.079419
21 90 0.079419
21 91 0.079419
21 92 0.079419
21 93 0.079419
21 94 0.079419
21 95 0.079418
21 96 0.079418
21 97 0.079418
21 98 0.079417
21 99 0.079417

22 0 0.079358
22 1 0.079357
22 2 0.079357
22 3 0.079356
22 4 0.079356
22 5 0.079355
22 6 0.079355
22 7 0.079354
22 8 0.079354
22 9 0.079354
22 10 0.079353
22 11 0.079353
22 12 0.079353
22 13 0.079352
22 14 0.079352
22 15 0.079352
22 16 0.079352
22 17 0.079352
22 18 0.079352
22 19 0.079352
22 20 0.079352
22 21 0.079352
22 22 0.079352
22 23 0.079352
22 24 0.079352
22 25 0.079353
22 26 0.079353
22 27 0.079353
22 28 0.079354
22 29 0.079354
22 30 0.079355
22 31 0.079356
22 32 0.079356
22 33 0.079357
22 34 0.079358
22 35 0.079359
22 36 0.079360
22 37 0.079361
22 38 0.079362
22 39 0.079363
22 40 0.079364
22 41 0.079365
22 42 0.079367
22 43 0.079368
22 44 0.079369
22 45 0.079371
22 46 0.079372
22 47 0.079373
22 48 0.079375
22 49 0.079376
22 50 0.079378
22 51 0.079380
22 52 0.079381
22 53 0.079383
22 54 0.079384
22 55 0.079386
22 56 0.079387
22 57 0.079389
22 58 0.079391
22 59 0.079392
22 60 0.079394
22 61 0.079395
22 62 0.079397
22 63 0.079398
22 64 0.079400
22 65 0.079401
22 66 0.079403
22 67 0.079404
22 68 0.079405
22 69 0.079407
22 70 0.079408
22 71 0.079409
22 72 0.079410
22 73 0.079411
22 74 0.079412
22 75 0.079413
22 76 0.079414
22 77 0.079415
22 78 0.079416
22 79 0.079417
22 80 0.079417
22 81 0.079418
22 82 0.079419
22 83 0.079419
22 84 0.079419
22 85 0.079420
22 86 0.079420
22 87 0.079420
22 88 0.079420
22 89 0.079420
22 90 0.079420
22 91 0.079420
22 92 0.079420
22 93 0.079420
22 94 0.079420
22 95 0.079419
22 96 0.079419
22 97 0.079419
22 98 0.079418
22 99 0.079418

23 0 0.079359
23 1 0.079358
23 2 0.079358
23 3 0.079357
23 4 0.079357
23 5 0.079356
23 6 0.079356
23 7 0.079355
23 8 0.079355
23 9 0.079355
23 10 0.079354
23 11 0.079354
23 12 0.079354
23 13 0.079353
23 14 0.079353
23 15 0.079353
23 16 0.079353
23 17 0.079353
23 18 0.079353
23 19 0.079353
23 20 0.079353
23 21 0.079353
23 22 0.079353
23 23 0.079353
23 24 0.079354
23 25 0.079354
23 26 0.079354
23 27 0.079355
23 28 0.079355
23 29 0.079356
23 30 0.079356
23 31 0.079357
23 32 0.079358
23 33 0.079359
23 34 0.079359
23 35 0.079360
23 36 0.079361
23 37 0.079362
23 38 0.079363
23 39 0.079364
23 40 0.079366
23 41 0.079367
23 42 0.079368
23 43 0.079369
23 44 0.079371
23 45 0.079372
23 46 0.079373
23 47 0.079375
23 48 0.079376
23 49 0.079378
23 50 0.079379
23 51 0.079381
23 52 0.079383
23 53 0.079384
23 54 0.079386
23 55 0.079387
23 56 0.079389
23 57 0.079390
23 58 0.079392
23 59 0.079394
23 60 0.079395
23 61 0.079397
23 62 0.079398
23 63 0.079400
23 64 0.079401
23 65 0.079403
23 66 0.079404
23 67 0.079405
23 68 0.079407
23 69 0.079408
23 70 0.079409
23 71 0.079410
23 72 0.079412
23 73 0.079413
23 74 0.079414
23 75 0.079415
23 76 0.079416
23 77 0.079416
23 78 0.079417
23 79 0.079418
23 80 0.079419
23 81 0.079419
23 82 0.079420
23 83 0.079420
23 84 0.079421
23 85 0.079421
23 86 0.079421
23 87 0.079421
23 88 0.079422
23 89 0.079422
23 90 0.079422
23 91 0.079422
23 92 0.079421
23 93 0.079421
23 94 0.079421
23 95 0.079421
23 96 0.079420
23 97 0.079420
23 98 0.079419
23 99 0.079419

24 0 0.079360
24 1 0.079359
24 2 0.079359
24 3 0.079358
24 4 0.079358
24 5 0.079357
24 6 0.079357
24 7 0.079357
24 8 0.079356
24 9 0.079356
24 10 0.079355
24 11 0.079355
24 12 0.079355
24 13 0.079355
24 14 0.079354
24 15 0.079354
24 16 0.079354
24 17 0.079354
24 18 0.079354
24 19 0.079354
24 20 0.079354
24 21 0.079354
24 22 0.079354
24 23 0.079355
24 24 0.079355
24 25 0.079355
24 26 0.079356
24 27 0.079356
24 28 0.079356
24 29 0.079357
24 30 0.079358
24 31 0.079358
24 32 0.079359
24 33 0.079360
24 34 0.079361
24 35 0.079362
24 36 0.079363
24 37 0.079364
24 38 0.079365
24 39 0.079366
24 40 0.079367
24 41 0.079368
24 42 0.079370
24 43 0.079371
24 44 0.079372
24 45 0.079374
24 46 0.079375
24 47 0.079377
24 48 0.079378
24 49 0.079380
24 50 0.079381
24 51 0.079383
24 52 0.079384
24 53 0.079386
24 54 0.079387
24 55 0.079389
24 56 0.079391
24 57 0.079392
24 58 0.079394
24 59 0.079395
24 60 0.079397
24 61 0.079398
24 62 0.079400
24 63 0.079401
24 64 0.079403
24 65 0.079404
24 66 0.079406
24 67 0.079407
24 68 0.079408
24 69 0.079410
24 70 0.079411
24 71 0.079412
24 72 0.079413
24 73 0.079414
24 74 0.079415
24 75 0.079416
24 76 0.079417
24 77 0.079418
24 78 0.079419
24 79 0.079419
24 80 0.079420
24 81 0.079421
24 82 0.079421
24 83 0.079422
24 84 0.079422
24 85 0.079422
24 86 0.079422
24 87 0.079423
24 88 0.079423
24 89 0.079423
24 90 0.079423
24 91 0.079423
24 92 0.079423
24 93 0.079422
24 94 0.079422
24 95 0.079422
24 96 0.079421
24 97 0.079421
24 98 0.079420
24 99 0.079420

25 0 0.079361
25 1 0.079360
25 2 0.079359
25 3 0.079359
25 4 0.079359
25 5 0.079358
25 6 0.079358
25 7 0.079357
25 8 0.079357
25 9 0.079357
25 10 0.079356
25 11 0.079356
25 12 0.079356
25 13 0.079356
25 14 0.079355
25 15 0.079355
25 16 0.079355
25 17 0.079355
25 18 0.079355
25 19 0.079355
25 20 0.079355
25 21 0.079355
25 22 0.079356
25 23 0.079356
25 24 0.079356
25 25 0.079357
25 26 0.079357
25 27 0.079357
25 28 0.079358
25 29 0.079359
25 30 0.079359
25 31 0.079360
25 32 0.079361
25 33 0.079362
25 34 0.079362
25 35 0.079363
25 36 0.079364
25 37 0.079365
25 38 0.079367
25 39 0.079368
25 40 0.079369
25 41 0.079370
25 42 0.079371
25 43 0.079373
25 44 0.079374
25 45 0.079375
25 46 0.079377
25 47 0.079378
25 48 0.079380
25 49 0.079381
25 50 0.079383
25 51 0.079384
25 52 0.079386
25 53 0.079387
25 54 0.079389
25 55 0.079391
25 56 0.079392
25 57 0.079394
25 58 0.079395
25 59 0.079397
25 60 0.079398
25 61 0.079400
25 62 0.079401
25 63 0.079403
25 64 0.079404
25 65 0.079406
25 66 0.079407
25 67 0.079409
25 68 0.079410
25 69 0.079411
25 70 0.079412
25 71 0.079414
25 72 0.079415
25 73 0.079416
25 74 0.079417
25 75 0.079418
25 76 0.079419
25 77 0.079419
25 78 0.079420
25 79 0.079421
25 80 0.079422
25 81 0.079422
25 82 0.079423
25 83 0.079423
25 84 0.079423
25 85 0.079424
25 86 0.079424
25 87 0.079424
25 88 0.079424
25 89 0.079424
25 90 0.079424
25 91 0.079424
25 92 0.079424
25 93 0.079424
25 94 0.079424
25 95 0.079423
25 96 0.079423
25 97 0.079423
25 98 0.079422
25 99 0.079422

26 0 0.079362
26 1 0.079361
26 2 0.079361
26 3 0.079360
26 4 0.079360
26 5 0.079360
26 6 0.079359
26 7 0.079359
26 8 0.079358
26 9 0.079358
26 10 0.079358
26 11 0.079357
26 12 0.079357
26 13 0.079357
26 14 0.079357
26 15 0.079357
26 16 0.079357
26 17 0.079357
26 18 0.079357
26 19 0.079357
26 20 0.079357
26 21 0.079357
26 22 0.079357
26 23 0.079357
26 24 0.079358
26 25 0.079358
26 26 0.079358
26 27 0.079359
26 28 0.079359
26 29 0.079360
26 30 0.079361
26 31 0.079361
26 32 0.079362
26 33 0.079363
26 34 0.079364
26 35 0.079365
26 36 0.079366
26 37 0.079367
26 38 0.079368
26 39 0.079369
26 40 0.079370
26 41 0.079372
26 42 0.079373
26 43 0.079374
26 44 0.079376
26 45 0.079377
26 46 0.079378
26 47 0.079380
26 48 0.079381
26 49 0.079383
26 50 0.079384
26 51 0.079386
26 52 0.079388
26 53 0.079389
26 54 0.079391
26 55 0.079393
26 56 0.079394
26 57 0.079396
26 58 0.079397
26 59 0.079399
26 60 0.079400
26 61 0.079402
26 62 0.079403
26 63 0.079405
26 64 0.079406
26 65 0.079408
26 66 0.079409
26 67 0.079410
26 68 0.079412
26 69 0.079413
26 70 0.079414
26 71 0.079415
26 72 0.079416
26 73 0.079417
26 74 0.079418
26 75 0.079419
26 76 0.079420
26 77 0.079421
26 78 0.079422
26 79 0.079422
26 80 0.079423
26 81 0.079424
26 82 0.079424
26 83 0.079425
26 84 0.079425
26 85 0.079425
26 86 0.079425
26 87 0.079426
26 88 0.079426
26 89 0.079426
26 90 0.079426
26 91 0.079426
26 92 0.079426
26 93 0.079425
26 94 0.079425
26 95 0.079425
26 96 0.079424
26 97 0.079424
26 98 0.079423
26 99 0.079423

27 0 0.079363
27 1 0.079362
27 2 0.079362
27 3 0.079361
27 4 0.079361
27 5 0.079361
27 6 0.079360
27 7 0.079360
27 8 0.079359
27 9 0.079359
27 10 0.079359
27 11 0.079359
27 12 0.079358
27 13 0.079358
27 14 0.079358
27 15 0.079358
27 16 0.079358
27 17 0.079358
27 18 0.079358
27 19 0.079358
27 20 0.079358
27 21 0.079358
27 22 0.079359
27 23 0.079359
27 24 0.079359
27 25 0.079360
27 26 0.079360
27 27 0.079361
27 28 0.079361
27 29 0.079362
27 30 0.079362
27 31 0.079363
27 32 0.079364
27 33 0.079365
27 34 0.079366
27 35 0.079367
27 36 0.079368
27 37 0.079369
27 38 0.079370
27 39 0.079371
27 40 0.079372
27 41 0.079374
27 42 0.079375
27 43 0.079376
27 44 0.079378
27 45 0.079379
27 46 0.079381
27 47 0.079382
27 48 0.079384
27 49 0.079385
27 50 0.079387
27 51 0.079388
27 52 0.079390
27 53 0.079391
27 54 0.079393
27 55 0.079394
27 56 0.079396
27 57 0.079398
27 58 0.079399
27 59 0.079401
27 60 0.079402
27 61 0.079404
27 62 0.079405
27 63 0.079407
27 64 0.079408
27 65 0.079410
27 66 0.079411
27 67 0.079412
27 68 0.079414
27 69 0.079415
27 70 0.079416
27 71 0.079417
27 72 0.079418
27 73 0.079419
27 74 0.079420
27 75 0.079421
27 76 0.079422
27 77 0.079423
27 78 0.079424
27 79 0.079424
27 80 0.079425
27 81 0.079425
27 82 0.079426
27 83 0.079426
27 84 0.079427
27 85 0.079427
27 86 0.079427
27 87 0.079427
27 88 0.079427
27 89 0.079427
27 90 0.079427
27 91 0.079427
27 92 0.079427
27 93 0.079427
27 94 0.079427
27 95 0.079427
27 96 0.079426
27 97 0.079426
27 98 0.079425
27 99 0.079425

28 0 0.079365
28 1 0.079364
28 2 0.079363
28 3 0.079363
28 4 0.079362
28 5 0.079362
28 6 0.079362
28 7 0.079361
28 8 0.079361
28 9 0.079361
28 10 0.079360
28 11 0.079360
28 12 0.079360
28 13 0.079360
28 14 0.079360
28 15 0.079360
28 16 0.079359
28 17 0.079359
28 18 0.079360
28 19 0.079360
28 20 0.079360
28 21 0.079360
28 22 0.079360
28 23 0.079361
28 24 0.079361
28 25 0.079361
28 26 0.079362
28 27 0.079362
28 28 0.079363
28 29 0.079364
28 30 0.079364
28 31 0.079365
28 32 0.079366
28 33 0.079367
28 34 0.079368
28 35 0.079369
28 36 0.079370
28 37 0.079371
28 38 0.079372
28 39 0.079373
28 40 0.079374
28 41 0.079376
28 42 0.079377
28 43 0.079378
28 44 0.079380
28 45 0.079381
28 46 0.079382
28 47 0.079384
28 48 0.079385
28 49 0.079387
28 50 0.079388
28 51 0.079390
28 52 0.079392
28 53 0.079393
28 54 0.079395
28 55 0.079396
28 56 0.079398
28 57 0.079399
28 58 0.079401
28 59 0.079403
28 60 0.079404
28 61 0.079406
28 62 0.079407
28 63 0.079409
28 64 0.079410
28 65 0.079411
28 66 0.079413
28 67 0.079414
28 68 0.079415
28 69 0.079417
28 70 0.079418
28 71 0.079419
28 72 0.079420
28 73 0.079421
28 74 0.079422
28 75 0.079423
28 76 0.079424
28 77 0.079425
28 78 0.079425
28 79 0.079426
28 80 0.079427
28 81 0.079427
28 82 0.079428
28 83 0.079428
28 84 0.079428
28 85 0.079429
28 86 0.079429
28 87 0.079429
28 88 0.079429
28 89 0.079429
28 90 0.079429
28 91 0.079429
28 92 0.079429
28 93 0.079429
28 94 0.079429
28 95 0.079428
28 96 0.079428
28 97 0.079428
28 98 0.079427
28 99 0.079427

29 0 0.079366
29 1 0.079365
29 2 0.079365
29 3 0.079364
29 4 0.079364
29 5 0.079364
29 6 0.079363
29 7 0.079363
29 8 0.079363
29 9 0.079362
29 10 0.079362
29 11 0.079362
29 12 0.079362
29 13 0.079361
29 14 0.079361
29 15 0.079361
29 16 0.079361
29 17 0.079361
29 18 0.079361
29 19 0.079361
29 20 0.079361
29 21 0.079362
29 22 0.079362
29 23 0.079362
29 24 0.079363
29 25 0.079363
29 26 0.079364
29 27 0.079364
29 28 0.079365
29 29 0.079365
29 30 0.079366
29 31 0.079367
29 32 0.079368
29 33 0.079369
29 34 0.079370
29 35 0.079371
29 36 0.079372
29 37 0.079373
29 38 0.079374
29 39 0.079375
29 40 0.079376
29 41 0.079378
29 42 0.079379
29 43 0.079380
29 44 0.079382
29 45 0.079383
29 46 0.079385
29 47 0.079386
29 48 0.079388
29 49 0.079389
29 50 0.079391
29 51 0.079392
29 52 0.079394
29 53 0.079396
29 54 0.079397
29 55 0.079399
29 56 0.079400
29 57 0.079402
29 58 0.079403
29 59 0.079405
29 60 0.079406
29 61 0.079408
29 62 0.079409
29 63 0.079411
29 64 0.079412
29 65 0.079414
29 66 0.079415
29 67 0.079416
29 68 0.079418
29 69 0.079419
29 70 0.079420
29 71 0.079421
29 72 0.079422
29 73 0.079423
29 74 0.079424
29 75 0.079425
29 76 0.079426
29 77 0.079427
29 78 0.079427
29 79 0.079428
29 80 0.079429
29 81 0.079429
29 82 0.079430
29 83 0.079430
29 84 0.079430
29 85 0.079431
29 86 0.079431
29 87 0.079431
29 88 0.079431
29 89 0.079431
29 90 0.079431
29 91 0.079431
29 92 0.079431
29 93 0.079431
29 94 0.079430
29 95 0.079430
29 96 0.079430
29 97 0.079429
29 98 0.079429
29 99 0.079429

30 0 0.079368
30 1 0.079367
30 2 0.079366
30 3 0.079366
30 4 0.079365
30 5 0.079365
30 6 0.079365
30 7 0.079364
30 8 0.079364
30 9 0.079364
30 10 0.079363
30 11 0.079363
30 12 0.079363
30 13 0.079363
30 14 0.079363
30 15 0.079363
30 16 0.079363
30 17 0.079363
30 18 0.079363
30 19 0.079363
30 20 0.079363
30 21 0.079363
30 22 0.079364
30 23 0.079364
30 24 0.079365
30 25 0.079365
30 26 0.079366
30 27 0.079366
30 28 0.079367
30 29 0.079367
30 30 0.079368
30 31 0.079369
30 32 0.079370
30 33 0.079371
30 34 0.079372
30 35 0.079373
30 36 0.079374
30 37 0.079375
30 38 0.079376
30 39 0.079377
30 40 0.079379
30 41 0.079380
30 42 0.079381
30 43 0.079382
30 44 0.079384
30 45 0.079385
30 46 0.079387
30 47 0.079388
30 48 0.079390
30 49 0.079391
30 50 0.079393
30 51 0.079394
30 52 0.079396
30 53 0.079397
30 54 0.079399
30 55 0.079401
30 56 0.079402
30 57 0.079404
30 58 0.079405
30 59 0.079407
30 60 0.079408
30 61 0.079410
30 62 0.079411
30 63 0.079413
30 64 0.079414
30 65 0.079416
30 66 0.079417
30 67 0.079418
30 68 0.079419
30 69 0.079421
30 70 0.079422
30 71 0.079423
30 72 0.079424
30 73 0.079425
30 74 0.079426
30 75 0.079427
30 76 0.079428
30 77 0.079429
30 78 0.079429
30 79 0.079430
30 80 0.079431
30 81 0.079431
30 82 0.079432
30 83 0.079432
30 84 0.079432
30 85 0.079433
30 86 0.079433
30 87 0.079433
30 88 0.079433
30 89 0.079433
30 90 0.079433
30 91 0.079433
30 92 0.079433
30 93 0.079433
30 94 0.079432
30 95 0.079432
30 96 0.079432
30 97 0.079431
30 98 0.079431
30 99 0.079431

31 0 0.079369
31 1 0.079368
31 2 0.079368
31 3 0.079368
31 4 0.079367
31 5 0.079367
31 6 0.079366
31 7 0.079366
31 8 0.079366
31 9 0.079366
31 10 0.079365
31 11 0.079365
31 12 0.079365
31 13 0.079365
31 14 0.079365
31 15 0.079365
31 16 0.079365
31 17 0.079365
31 18 0.079365
31 19 0.079365
31 20 0.079365
31 21 0.079365
31 22 0.079366
31 23 0.079366
31 24 0.079366
31 25 0.079367
31 26 0.079367
31 27 0.079368
31 28 0.079369
31 29 0.079369
31 30 0.079370
31 31 0.079371
31 32 0.079372
31 33 0.079373
31 34 0.079374
31 35 0.079375
31 36 0.079376
31 37 0.079377
31 38 0.079378
31 39 0.079379
31 40 0.079381
31 41 0.079382
31 42 0.079383
31 43 0.079385
31 44 0.079386
31 45 0.079388
31 46 0.079389
31 47 0.079391
31 48 0.079392
31 49 0.079394
31 50 0.079395
31 51 0.079397
31 52 0.079398
31 53 0.079400
31 54 0.079401
31 55 0.079403
31 56 0.079405
31 57 0.079406
31 58 0.079408
31 59 0.079409
31 60 0.079411
31 61 0.079412
31 62 0.079414
31 63 0.079415
31 64 0.079417
31 65 0.079418
31 66 0.079419
31 67 0.079421
31 68 0.079422
31 69 0.079423
31 70 0.079424
31 71 0.079425
31 72 0.079426
31 73 0.079427
31 74 0.079428
31 75 0.079429
31 76 0.079430
31 77 0.079431
31 78 0.079431
31 79 0.079432
31 80 0.079433
31 81 0.079433
31 82 0.079434
31 83 0.079434
31 84 0.079434
31 85 0.079435
31 86 0.079435
31 87 0.079435
31 88 0.079435
31 89 0.079435
31 90 0.079435
31 91 0.079435
31 92 0.079435
31 93 0.079434
31 94 0.079434
31 95 0.079434
31 96 0.079434
31 97 0.079433
31 98 0.079433
31 99 0.079432

32 0 0.079371
32 1 0.079370
32 2 0.079369
32 3 0.079369
32 4 0.079369
32 5 0.079368
32 6 0.079368
32 7 0.079368
32 8 0.079367
32 9 0.079367
32 10 0.079367
32 11 0.079367
32 12 0.079367
32 13 0.079366
32 14 0.079366
32 15 0.079366
32 16 0.079366
32 17 0.079366
32 18 0.079367
32 19 0.079367
32 20 0.079367
32 21 0.079367
32 22 0.079368
32 23 0.079368
32 24 0.079368
32 25 0.079369
32 26 0.079370
32 27 0.079370
32 28 0.079371
32 29 0.079372
32 30 0.079372
32 31 0.079373
32 32 0.079374
32 33 0.079375
32 34 0.079376
32 35 0.079377
32 36 0.079378
32 37 0.079379
32 38 0.079381
32 39 0.079382
32 40 0.079383
32 41 0.079384
32 42 0.079386
32 43 0.079387
32 44 0.079389
32 45 0.079390
32 46 0.079391
32 47 0.079393
32 48 0.079394
32 49 0.079396
32 50 0.079398
32 51 0.079399
32 52 0.079401
32 53 0.079402
32 54 0.079404
32 55 0.079405
32 56 0.079407
32 57 0.079409
32 58 0.079410
32 59 0.079412
32 60 0.079413
32 61 0.079415
32 62 0.079416
32 63 0.079418
32 64 0.079419
32 65 0.079420
32 66 0.079422
32 67 0.079423
32 68 0.079424
32 69 0.079425
32 70 0.079426
32 71 0.079428
32 72 0.079429
32 73 0.079430
32 74 0.079430
32 75 0.079431
32 76 0.079432
32 77 0.079433
32 78 0.079434
32 79 0.079434
32 80 0.079435
32 81 0.079435
32 82 0.079436
32 83 0.079436
32 84 0.079436
32 85 0.079437
32 86 0.079437
32 87 0.079437
32 88 0.079437
32 89 0.079437
32 90 0.079437
32 91 0.079437
32 92 0.079437
32 93 0.079437
32 94 0.079436
32 95 0.079436
32 96 0.079436
32 97 0.079436
32 98 0.079435
32 99 0.079435

33 0 0.079373
33 1 0.079372
33 2 0.079371
33 3 0.079371
33 4 0.079371
33 5 0.079370
33 6 0.079370
33 7 0.079370
33 8 0.079369
33 9 0.079369
33 10 0.079369
33 11 0.079369
33 12 0.079369
33 13 0.079368
33 14 0.079368
33 15 0.079368
33 16 0.079368
33 17 0.079369
33 18 0.079369
33 19 0.079369
33 20 0.079369
33 21 0.079369
33 22 0.079370
33 23 0.079370
33 24 0.079371
33 25 0.079371
33 26 0.079372
33 27 0.079372
33 28 0.079373
33 29 0.079374
33 30 0.079375
33 31 0.079375
33 32 0.079376
33 33 0.079377
33 34 0.079378
33 35 0.079379
33 36 0.079380
33 37 0.079381
33 38 0.079383
33 39 0.079384
33 40 0.079385
33 41 0.079386
33 42 0.079388
33 43 0.079389
33 44 0.079391
33 45 0.079392
33 46 0.079394
33 47 0.079395
33 48 0.079397
33 49 0.079398
33 50 0.079400
33 51 0.079401
33 52 0.079403
33 53 0.079405
33 54 0.079406
33 55 0.079408
33 56 0.079409
33 57 0.079411
33 58 0.079412
33 59 0.079414
33 60 0.079415
33 61 0.079417
33 62 0.079418
33 63 0.079420
33 64 0.079421
33 65 0.079423
33 66 0.079424
33 67 0.079425
33 68 0.079426
33 69 0.079428
33 70 0.079429
33 71 0.079430
33 72 0.079431
33 73 0.079432
33 74 0.079433
33 75 0.079434
33 76 0.079434
33 77 0.079435
33 78 0.079436
33 79 0.079436
33 80 0.079437
33 81 0.079438
33 82 0.079438
33 83 0.079438
33 84 0.079439
33 85 0.079439
33 86 0.079439
33 87 0.079439
33 88 0.079439
33 89 0.079439
33 90 0.079439
33 91 0.079439
33 92 0.079439
33 93 0.079439
33 94 0.079439
33 95 0.079438
33 96 0.079438
33 97 0.079438
33 98 0.079437
33 99 0.079437

34 0 0.079375
34 1 0.079374
34 2 0.079373
34 3 0.079373
34 4 0.079373
34 5 0.079372
34 6 0.079372
34 7 0.079372
34 8 0.079371
34 9 0.079371
34 10 0.079371
34 11 0.079371
34 12 0.079371
34 13 0.079371
34 14 0.079371
34 15 0.079371
34 16 0.079371
34 17 0.079371
34 18 0.079371
34 19 0.079371
34 20 0.079371
34 21 0.079372
34 22 0.079372
34 23 0.079372
34 24 0.079373
34 25 0.079373
34 26 0.079374
34 27 0.079375
34 28 0.079375
34 29 0.079376
34 30 0.079377
34 31 0.079378
34 32 0.079379
34 33 0.079380
34 34 0.079381
34 35 0.079382
34 36 0.079383
34 37 0.079384
34 38 0.079386
34 39 0.079387
34 40 0.079388
34 41 0.079389
34 42 0.079391
34 43 0.079392
34 44 0.079394
34 45 0.079395
34 46 0.079397
34 47 0.079398
34 48 0.079400
34 49 0.079401
34 50 0.079403
34 51 0.079404
34 52 0.079406
34 53 0.079408
34 54 0.079409
34 55 0.079411
34 56 0.079412
34 57 0.079414
34 58 0.079415
34 59 0.079417
34 60 0.079418
34 61 0.079420
34 62 0.079421
34 63 0.079423
34 64 0.079424
34 65 0.079425
34 66 0.079427
34 67 0.079428
34 68 0.079429
34 69 0.079430
34 70 0.079431
34 71 0.079432
34 72 0.079433
34 73 0.079434
34 74 0.079435
34 75 0.079436
34 76 0.079437
34 77 0.079438
34 78 0.079438
34 79 0.079439
34 80 0.079439
34 81 0.079440
34 82 0.079440
34 83 0.079441
34 84 0.079441
34 85 0.079441
34 86 0.079441
34 87 0.079442
34 88 0.079442
34 89 0.079442
34 90 0.079442
34 91 0.079441
34 92 0.079441
34 93 0.079441
34 94 0.079441
34 95 0.079441
34 96 0.079440
34 97 0.079440
34 98 0.079439
34 99 0.079439

35 0 0.079376
35 1 0.079376
35 2 0.079375
35 3 0.079375
35 4 0.079375
35 5 0.079374
35 6 0.079374
35 7 0.079374
35 8 0.079373
35 9 0.079373
35 10 0.079373
35 11 0.079373
35 12 0.079373
35 13 0.079373
35 14 0.079373
35 15 0.079373
35 16 0.079373
35 17 0.079373
35 18 0.079373
35 19 0.079373
35 20 0.079374
35 21 0.079374
35 22 0.079374
35 23 0.079375
35 24 0.079375
35 25 0.079376
35 26 0.079376
35 27 0.079377
35 28 0.079378
35 29 0.079379
35 30 0.079379
35 31 0.079380
35 32 0.079381
35 33 0.079382
35 34 0.079383
35 35 0.079384
35 36 0.079385
35 37 0.079386
35 38 0.079388
35 39 0.079389
35 40 0.079390
35 41 0.079391
35 42 0.079393
35 43 0.079394
35 44 0.079396
35 45 0.079397
35 46 0.079399
35 47 0.079400
35 48 0.079402
35 49 0.079403
35 50 0.079405
35 51 0.079406
35 52 0.079408
35 53 0.079410
35 54 0.079411
35 55 0.079413
35 56 0.079414
35 57 0.079416
35 58 0.079417
35 59 0.079419
35 60 0.079420
35 61 0.079422
35 62 0.079423
35 63 0.079425
35 64 0.079426
35 65 0.079427
35 66 0.079429
35 67 0.079430
35 68 0.079431
35 69 0.079432
35 70 0.079434
35 71 0.079435
35 72 0.079436
35 73 0.079437
35 74 0.079438
35 75 0.079438
35 76 0.079439
35 77 0.079440
35 78 0.079441
35 79 0.079441
35 80 0.079442
35 81 0.079442
35 82 0.079443
35 83 0.079443
35 84 0.079443
35 85 0.079444
35 86 0.079444
35 87 0.079444
35 88 0.079444
35 89 0.079444
35 90 0.079444
35 91 0.079444
35 92 0.079444
35 93 0.079444
35 94 0.079443
35 95 0.079443
35 96 0.079443
35 97 0.079443
35 98 0.079442
35 99 0.079442

36 0 0.079379
36 1 0.079378
36 2 0.079377
36 3 0.079377
36 4 0.079377
36 5 0.079376
36 6 0.079376
36 7 0.079376
36 8 0.079376
36 9 0.079375
36 10 0.079375
36 11 0.079375
36 12 0.079375
36 13 0.079375
36 14 0.079375
36 15 0.079375
36 16 0.079375
36 17 0.079375
36 18 0.079375
36 19 0.079376
36 20 0.079376
36 21 0.079376
36 22 0.079377
36 23 0.079377
36 24 0.079377
36 25 0.079378
36 26 0.079379
36 27 0.079379
36 28 0.079380
36 29 0.079381
36 30 0.079382
36 31 0.079383
36 32 0.079384
36 33 0.079385
36 34 0.079386
36 35 0.079387
36 36 0.079388
36 37 0.079389
36 38 0.079391
36 39 0.079392
36 40 0.079393
36 41 0.079395
36 42 0.079396
36 43 0.079397
36 44 0.079399
36 45 0.079400
36 46 0.079402
36 47 0.079403
36 48 0.079405
36 49 0.079406
36 50 0.079408
36 51 0.079410
36 52 0.079411
36 53 0.079413
36 54 0.079414
36 55 0.079416
36 56 0.079417
36 57 0.079419
36 58 0.079421
36 59 0.079422
36 60 0.079423
36 61 0.079425
36 62 0.079426
36 63 0.079428
36 64 0.079429
36 65 0.079430
36 66 0.079432
36 67 0.079433
36 68 0.079434
36 69 0.079435
36 70 0.079436
36 71 0.079437
36 72 0.079438
36 73 0.079439
36 74 0.079440
36 75 0.079441
36 76 0.079442
36 77 0.079443
36 78 0.079443
36 79 0.079444
36 80 0.079444
36 81 0.079445
36 82 0.079445
36 83 0.079446
36 84 0.079446
36 85 0.079446
36 86 0.079446
36 87 0.079446
36 88 0.079446
36 89 0.079446
36 90 0.079446
36 91 0.079446
36 92 0.079446
36 93 0.079446
36 94 0.079446
36 95 0.079445
36 96 0.079445
36 97 0.079445
36 98 0.079444
36 99 0.079444

37 0 0.079381
37 1 0.079380
37 2 0.079380
37 3 0.079379
37 4 0.079379
37 5 0.079378
37 6 0.079378
37 7 0.079378
37 8 0.079378
37 9 0.079378
37 10 0.079377
37 11 0.079377
37 12 0.079377
37 13 0.079377
37 14 0.079377
37 15 0.079377
37 16 0.079377
37 17 0.079378
37 18 0.079378
37 19 0.079378
37 20 0.079378
37 21 0.079379
37 22 0.079379
37 23 0.079380
37 24 0.079380
37 25 0.079381
37 26 0.079381
37 27 0.079382
37 28 0.079383
37 29 0.079384
37 30 0.079385
37 31 0.079385
37 32 0.079386
37 33 0.079387
37 34 0.079388
37 35 0.079390
37 36 0.079391
37 37 0.079392
37 38 0.079393
37 39 0.079394
37 40 0.079396
37 41 0.079397
37 42 0.079399
37 43 0.079400
37 44 0.079401
37 45 0.079403
37 46 0.079404
37 47 0.079406
37 48 0.079407
37 49 0.079409
37 50 0.079411
37 51 0.079412
37 52 0.079414
37 53 0.079415
37 54 0.079417
37 55 0.079418
37 56 0.079420
37 57 0.079422
37 58 0.079423
37 59 0.079425
37 60 0.079426
37 61 0.079428
37 62 0.079429
37 63 0.079430
37 64 0.079432
37 65 0.079433
37 66 0.079434
37 67 0.079436
37 68 0.079437
37 69 0.079438
37 70 0.079439
37 71 0.079440
37 72 0.079441
37 73 0.079442
37 74 0.079443
37 75 0.079444
37 76 0.079444
37 77 0.079445
37 78 0.079446
37 79 0.079446
37 80 0.079447
37 81 0.079447
37 82 0.079448
37 83 0.079448
37 84 0.079448
37 85 0.079449
37 86 0.079449
37 87 0.079449
37 88 0.079449
37 89 0.079449
37 90 0.079449
37 91 0.079449
37 92 0.079449
37 93 0.079449
37 94 0.079448
37 95 0.079448
37 96 0.079448
37 97 0.079447
37 98 0.079447
37 99 0.079446

38 0 0.079383
38 1 0.079382
38 2 0.079382
38 3 0.079382
38 4 0.079381
38 5 0.079381
38 6 0.079381
38 7 0.079380
38 8 0.079380
38 9 0.079380
38 10 0.079380
38 11 0.079380
38 12 0.079380
38 13 0.079380
38 14 0.079380
38 15 0.079380
38 16 0.079380
38 17 0.079380
38 18 0.079380
38 19 0.079381
38 20 0.079381
38 21 0.079381
38 22 0.079382
38 23 0.079382
38 24 0.079383
38 25 0.079383
38 26 0.079384
38 27 0.079385
38 28 0.079385
38 29 0.079386
38 30 0.079387
38 31 0.079388
38 32 0.079389
38 33 0.079390
38 34 0.079391
38 35 0.079392
38 36 0.079393
38 37 0.079395
38 38 0.079396
38 39 0.079397
38 40 0.079398
38 41 0.079400
38 42 0.079401
38 43 0.079403
38 44 0.079404
38 45 0.079406
38 46 0.079407
38 47 0.079409
38 48 0.079410
38 49 0.079412
38 50 0.079413
38 51 0.079415
38 52 0.079416
38 53 0.079418
38 54 0.079420
38 55 0.079421
38 56 0.079423
38 57 0.079424
38 58 0.079426
38 59 0.079427
38 60 0.079429
38 61 0.079430
38 62 0.079432
38 63 0.079433
38 64 0.079434
38 65 0.079436
38 66 0.079437
38 67 0.079438
38 68 0.079439
38 69 0.079441
38 70 0.079442
38 71 0.079443
38 72 0.079444
38 73 0.079445
38 74 0.079445
38 75 0.079446
38 76 0.079447
38 77 0.079448
38 78 0.079448
38 79 0.079449
38 80 0.079450
38 81 0.079450
38 82 0.079450
38 83 0.079451
38 84 0.079451
38 85 0.079451
38 86 0.079451
38 87 0.079452
38 88 0.079452
38 89 0.079452
38 90 0.079452
38 91 0.079451
38 92 0.079451
38 93 0.079451
38 94 0.079451
38 95 0.079451
38 96 0.079450
38 97 0.079450
38 98 0.079449
38 99 0.079449

39 0 0.079386
39 1 0.079385
39 2 0.079384
39 3 0.079384
39 4 0.079384
39 5 0.079383
39 6 0.079383
39 7 0.079383
39 8 0.079383
39 9 0.079383
39 10 0.079382
39 11 0.079382
39 12 0.079382
39 13 0.079382
39 14 0.079382
39 15 0.079382
39 16 0.079382
39 17 0.079383
39 18 0.079383
39 19 0.079383
39 20 0.079383
39 21 0.079384
39 22 0.079384
39 23 0.079385
39 24 0.079385
39 25 0.079386
39 26 0.079387
39 27 0.079387
39 28 0.079388
39 29 0.079389
39 30 0.079390
39 31 0.079391
39 32 0.079392
39 33 0.079393
39 34 0.079394
39 35 0.079395
39 36 0.079396
39 37 0.079398
39 38 0.079399
39 39 0.079400
39 40 0.079402
39 41 0.079403
39 42 0.079404
39 43 0.079406
39 44 0.079407
39 45 0.079409
39 46 0.079410
39 47 0.079412
39 48 0.079413
39 49 0.079415
39 50 0.079417
39 51 0.079418
39 52 0.079420
39 53 0.079421
39 54 0.079423
39 55 0.079424
39 56 0.079426
39 57 0.079428
39 58 0.079429
39 59 0.079431
39 60 0.079432
39 61 0.079433
39 62 0.079435
39 63 0.079436
39 64 0.079438
39 65 0.079439
39 66 0.079440
39 67 0.079441
39 68 0.079442
39 69 0.079444
39 70 0.079445
39 71 0.079446
39 72 0.079447
39 73 0.079448
39 74 0.079448
39 75 0.079449
39 76 0.079450
39 77 0.079451
39 78 0.079451
39 79 0.079452
39 80 0.079452
39 81 0.079453
39 82 0.079453
39 83 0.079453
39 84 0.079454
39 85 0.079454
39 86 0.079454
39 87 0.079454
39 88 0.079454
39 89 0.079454
39 90 0.079454
39 91 0.079454
39 92 0.079454
39 93 0.079454
39 94 0.079454
39 95 0.079453
39 96 0.079453
39 97 0.079453
39 98 0.079452
39 99 0.079452

40 0 0.079388
40 1 0.079387
40 2 0.079387
40 3 0.079386
40 4 0.079386
40 5 0.079386
40 6 0.079386
40 7 0.079385
40 8 0.079385
40 9 0.079385
40 10 0.079385
40 11 0.079385
40 12 0.079385
40 13 0.079385
40 14 0.079385
40 15 0.079385
40 16 0.079385
40 17 0.079385
40 18 0.079385
40 19 0.079386
40 20 0.079386
40 21 0.079387
40 22 0.079387
40 23 0.079387
40 24 0.079388
40 25 0.079389
40 26 0.079389
40 27 0.079390
40 28 0.079391
40 29 0.079392
40 30 0.079392
40 31 0.079393
40 32 0.079394
40 33 0.079395
40 34 0.079397
40 35 0.079398
40 36 0.079399
40 37 0.079400
40 38 0.079401
40 39 0.079403
40 40 0.079404
40 41 0.079405
40 42 0.079407
40 43 0.079408
40 44 0.079410
40 45 0.079411
40 46 0.079413
40 47 0.079414
40 48 0.079416
40 49 0.079417
40 50 0.079419
40 51 0.079421
40 52 0.079422
40 53 0.079424
40 54 0.079425
40 55 0.079427
40 56 0.079428
40 57 0.079430
40 58 0.079431
40 59 0.079433
40 60 0.079434
40 61 0.079436
40 62 0.079437
40 63 0.079439
40 64 0.079440
40 65 0.079441
40 66 0.079443
40 67 0.079444
40 68 0.079445
40 69 0.079446
40 70 0.079447
40 71 0.079448
40 72 0.079449
40 73 0.079450
40 74 0.079451
40 75 0.079452
40 76 0.079453
40 77 0.079453
40 78 0.079454
40 79 0.079454
40 80 0.079455
40 81 0.079455
40 82 0.079456
40 83 0.079456
40 84 0.079456
40 85 0.079457
40 86 0.079457
40 87 0.079457
40 88 0.079457
40 89 0.079457
40 90 0.079457
40 91 0.079457
40 92 0.079457
40 93 0.079457
40 94 0.079456
40 95 0.079456
40 96 0.079456
40 97 0.079455
40 98 0.079455
40 99 0.079454

41 0 0.079391
41 1 0.079390
41 2 0.079389
41 3 0.079389
41 4 0.079389
41 5 0.079388
41 6 0.079388
41 7 0.079388
41 8 0.079388
41 9 0.079388
41 10 0.079387
41 11 0.079387
41 12 0.079387
41 13 0.079387
41 14 0.079387
41 15 0.079388
41 16 0.079388
41 17 0.079388
41 18 0.079388
41 19 0.079388
41 20 0.079389
41 21 0.079389
41 22 0.079390
41 23 0.079390
41 24 0.079391
41 25 0.079391
41 26 0.079392
41 27 0.079393
41 28 0.079394
41 29 0.079395
41 30 0.079395
41 31 0.079396
41 32 0.079397
41 33 0.079399
41 34 0.079400
41 35 0.079401
41 36 0.079402
41 37 0.079403
41 38 0.079405
41 39 0.079406
41 40 0.079407
41 41 0.079409
41 42 0.079410
41 43 0.079412
41 44 0.079413
41 45 0.079415
41 46 0.079416
41 47 0.079418
41 48 0.079419
41 49 0.079421
41 50 0.079422
41 51 0.079424
41 52 0.079426
41 53 0.079427
41 54 0.079429
41 55 0.079430
41 56 0.079432
41 57 0.079433
41 58 0.079435
41 59 0.079436
41 60 0.079438
41 61 0.079439
41 62 0.079441
41 63 0.079442
41 64 0.079443
41 65 0.079445
41 66 0.079446
41 67 0.079447
41 68 0.079448
41 69 0.079449
41 70 0.079450
41 71 0.079451
41 72 0.079452
41 73 0.079453
41 74 0.079454
41 75 0.079455
41 76 0.079456
41 77 0.079456
41 78 0.079457
41 79 0.079457
41 80 0.079458
41 81 0.079458
41 82 0.079459
41 83 0.079459
41 84 0.079459
41 85 0.079460
41 86 0.079460
41 87 0.079460
41 88 0.079460
41 89 0.079460
41 90 0.079460
41 91 0.079460
41 92 0.079459
41 93 0.079459
41 94 0.079459
41 95 0.079459
41 96 0.079458
41 97 0.079458
41 98 0.079458
41 99 0.079457

42 0 0.079393
42 1 0.079392
42 2 0.079392
42 3 0.079391
42 4 0.079391
42 5 0.079391
42 6 0.079391
42 7 0.079390
42 8 0.079390
42 9 0.079390
42 10 0.079390
42 11 0.079390
42 12 0.079390
42 13 0.079390
42 14 0.079390
42 15 0.079390
42 16 0.079390
42 17 0.079391
42 18 0.079391
42 19 0.079391
42 20 0.079392
42 21 0.079392
42 22 0.079392
42 23 0.079393
42 24 0.079394
42 25 0.079394
42 26 0.079395
42 27 0.079396
42 28 0.079397
42 29 0.079397
42 30 0.079398
42 31 0.079399
42 32 0.079400
42 33 0.079401
42 34 0.079403
42 35 0.079404
42 36 0.079405
42 37 0.079406
42 38 0.079407
42 39 0.079409
42 40 0.079410
42 41 0.079412
42 42 0.079413
42 43 0.079414
42 44 0.079416
42 45 0.079417
42 46 0.079419
42 47 0.079421
42 48 0.079422
42 49 0.079424
42 50 0.079425
42 51 0.079427
42 52 0.079428
42 53 0.079430
42 54 0.079432
42 55 0.079433
42 56 0.079435
42 57 0.079436
42 58 0.079438
42 59 0.079439
42 60 0.079441
42 61 0.079442
42 62 0.079443
42 63 0.079445
42 64 0.079446
42 65 0.079447
42 66 0.079449
42 67 0.079450
42 68 0.079451
42 69 0.079452
42 70 0.079453
42 71 0.079454
42 72 0.079455
42 73 0.079456
42 74 0.079457
42 75 0.079458
42 76 0.079458
42 77 0.079459
42 78 0.079460
42 79 0.079460
42 80 0.079461
42 81 0.079461
42 82 0.079462
42 83 0.079462
42 84 0.079462
42 85 0.079462
42 86 0.079463
42 87 0.079463
42 88 0.079463
42 89 0.079463
42 90 0.079463
42 91 0.079462
42 92 0.079462
42 93 0.079462
42 94 0.079462
42 95 0.079462
42 96 0.079461
42 97 0.079461
42 98 0.079460
42 99 0.079460

43 0 0.079396
43 1 0.079395
43 2 0.079395
43 3 0.079394
43 4 0.079394
43 5 0.079394
43 6 0.079393
43 7 0.079393
43 8 0.079393
43 9 0.079393
43 10 0.079393
43 11 0.079393
43 12 0.079393
43 13 0.079393
43 14 0.079393
43 15 0.079393
43 16 0.079393
43 17 0.079393
43 18 0.079394
43 19 0.079394
43 20 0.079394
43 21 0.079395
43 22 0.079395
43 23 0.079396
43 24 0.079396
43 25 0.079397
43 26 0.079398
43 27 0.079399
43 28 0.079399
43 29 0.079400
43 30 0.079401
43 31 0.079402
43 32 0.079403
43 33 0.079404
43 34 0.079405
43 35 0.079407
43 36 0.079408
43 37 0.079409
43 38 0.079410
43 39 0.079412
43 40 0.079413
43 41 0.079415
43 42 0.079416
43 43 0.079417
43 44 0.079419
43 45 0.079420
43 46 0.079422
43 47 0.079424
43 48 0.079425
43 49 0.079427
43 50 0.079428
43 51 0.079430
43 52 0.079431
43 53 0.079433
43 54 0.079435
43 55 0.079436
43 56 0.079438
43 57 0.079439
43 58 0.079441
43 59 0.079442
43 60 0.079444
43 61 0.079445
43 62 0.079446
43 63 0.079448
43 64 0.079449
43 65 0.079450
43 66 0.079452
43 67 0.079453
43 68 0.079454
43 69 0.079455
43 70 0.079456
43 71 0.079457
43 72 0.079458
43 73 0.079459
43 74 0.079460
43 75 0.079461
43 76 0.079461
43 77 0.079462
43 78 0.079463
43 79 0.079463
43 80 0.079464
43 81 0.079464
43 82 0.079464
43 83 0.079465
43 84 0.079465
43 85 0.079465
43 86 0.079465
43 87 0.079465
43 88 0.079466
43 89 0.079466
43 90 0.079465
43 91 0.079465
43 92 0.079465
43 93 0.079465
43 94 0.079465
43 95 0.079464
43 96 0.079464
43 97 0.079464
43 98 0.079463
43 99 0.079463

44 0 0.079398
44 1 0.079398
44 2 0.079397
44 3 0.079397
44 4 0.079397
44 5 0.079396
44 6 0.079396
44 7 0.079396
44 8 0.079396
44 9 0.079396
44 10 0.079396
44 11 0.079396
44 12 0.079396
44 13 0.079396
44 14 0.079396
44 15 0.079396
44 16 0.079396
44 17 0.079396
44 18 0.079397
44 19 0.079397
44 20 0.079397
44 21 0.079398
44 22 0.079398
44 23 0.079399
44 24 0.079399
44 25 0.079400
44 26 0.079401
44 27 0.079402
44 28 0.079403
44 29 0.079403
44 30 0.079404
44 31 0.079405
44 32 0.079406
44 33 0.079408
44 34 0.079409
44 35 0.079410
44 36 0.079411
44 37 0.079412
44 38 0.079414
44 39 0.079415
44 40 0.079416
44 41 0.079418
44 42 0.079419
44 43 0.079421
44 44 0.079422
44 45 0.079424
44 46 0.079425
44 47 0.079427
44 48 0.079429
44 49 0.079430
44 50 0.079432
44 51 0.079433
44 52 0.079435
44 53 0.079436
44 54 0.079438
44 55 0.079439
44 56 0.079441
44 57 0.079443
44 58 0.079444
44 59 0.079446
44 60 0.079447
44 61 0.079448
44 62 0.079450
44 63 0.079451
44 64 0.079452
44 65 0.079454
44 66 0.079455
44 67 0.079456
44 68 0.079457
44 69 0.079458
44 70 0.079459
44 71 0.079460
44 72 0.079461
44 73 0.079462
44 74 0.079463
44 75 0.079464
44 76 0.079464
44 77 0.079465
44 78 0.079466
44 79 0.079466
44 80 0.079467
44 81 0.079467
44 82 0.079467
44 83 0.079468
44 84 0.079468
44 85 0.079468
44 86 0.079468
44 87 0.079468
44 88 0.079468
44 89 0.079468
44 90 0.079468
44 91 0.079468
44 92 0.079468
44 93 0.079468
44 94 0.079468
44 95 0.079467
44 96 0.079467
44 97 0.079467
44 98 0.079466
44 99 0.079466

45 0 0.079401
45 1 0.079401
45 2 0.079400
45 3 0.079400
45 4 0.079399
45 5 0.079399
45 6 0.079399
45 7 0.079399
45 8 0.079399
45 9 0.079398
45 10 0.079398
45 11 0.079398
45 12 0.079398
45 13 0.079398
45 14 0.079398
45 15 0.079399
45 16 0.079399
45 17 0.079399
45 18 0.079399
45 19 0.079400
45 20 0.079400
45 21 0.079401
45 22 0.079401
45 23 0.079402
45 24 0.079402
45 25 0.079403
45 26 0.079404
45 27 0.079404
45 28 0.079405
45 29 0.079406
45 30 0.079407
45 31 0.079408
45 32 0.079409
45 33 0.079410
45 34 0.079411
45 35 0.079413
45 36 0.079414
45 37 0.079415
45 38 0.079416
45 39 0.079418
45 40 0.079419
45 41 0.079421
45 42 0.079422
45 43 0.079424
45 44 0.079425
45 45 0.079427
45 46 0.079428
45 47 0.079430
45 48 0.079431
45 49 0.079433
45 50 0.079434
45 51 0.079436
45 52 0.079438
45 53 0.079439
45 54 0.079441
45 55 0.079442
45 56 0.079444
45 57 0.079445
45 58 0.079447
45 59 0.079448
45 60 0.079450
45 61 0.079451
45 62 0.079453
45 63 0.079454
45 64 0.079455
45 65 0.079456
45 66 0.079458
45 67 0.079459
45 68 0.079460
45 69 0.079461
45 70 0.079462
45 71 0.079463
45 72 0.079464
45 73 0.079465
45 74 0.079466
45 75 0.079467
45 76 0.079467
45 77 0.079468
45 78 0.079469
45 79 0.079469
45 80 0.079470
45 81 0.079470
45 82 0.079470
45 83 0.079471
45 84 0.079471
45 85 0.079471
45 86 0.079471
45 87 0.079471
45 88 0.079471
45 89 0.079471
45 90 0.079471
45 91 0.079471
45 92 0.079471
45 93 0.079471
45 94 0.079471
45 95 0.079470
45 96 0.079470
45 97 0.079470
45 98 0.079469
45 99 0.079469

46 0 0.079404
46 1 0.079403
46 2 0.079403
46 3 0.079403
46 4 0.079402
46 5 0.079402
46 6 0.079402
46 7 0.079402
46 8 0.079402
46 9 0.079401
46 10 0.079401
46 11 0.079401
46 12 0.079401
46 13 0.079401
46 14 0.079401
46 15 0.079402
46 16 0.079402
46 17 0.079402
46 18 0.079402
46 19 0.079403
46 20 0.079403
46 21 0.079404
46 22 0.079404
46 23 0.079405
46 24 0.079405
46 25 0.079406
46 26 0.079407
46 27 0.079408
46 28 0.079408
46 29 0.079409
46 30 0.079410
46 31 0.079411
46 32 0.079412
46 33 0.079414
46 34 0.079415
46 35 0.079416
46 36 0.079417
46 37 0.079418
46 38 0.079420
46 39 0.079421
46 40 0.079423
46 41 0.079424
46 42 0.079425
46 43 0.079427
46 44 0.079428
46 45 0.079430
46 46 0.079432
46 47 0.079433
46 48 0.079435
46 49 0.079436
46 50 0.079438
46 51 0.079439
46 52 0.079441
46 53 0.079443
46 54 0.079444
46 55 0.079446
46 56 0.079447
46 57 0.079449
46 58 0.079450
46 59 0.079452
46 60 0.079453
46 61 0.079455
46 62 0.079456
46 63 0.079457
46 64 0.079459
46 65 0.079460
46 66 0.079461
46 67 0.079462
46 68 0.079463
46 69 0.079464
46 70 0.079465
46 71 0.079466
46 72 0.079467
46 73 0.079468
46 74 0.079469
46 75 0.079470
46 76 0.079470
46 77 0.079471
46 78 0.079472
46 79 0.079472
46 80 0.079473
46 81 0.079473
46 82 0.079473
46 83 0.079474
46 84 0.079474
46 85 0.079474
46 86 0.079474
46 87 0.079474
46 88 0.079474
46 89 0.079474
46 90 0.079474
46 91 0.079474
46 92 0.079474
46 93 0.079474
46 94 0.079474
46 95 0.079473
46 96 0.079473
46 97 0.079473
46 98 0.079472
46 99 0.079472

47 0 0.079407
47 1 0.079406
47 2 0.079406
47 3 0.079405
47 4 0.079405
47 5 0.079405
47 6 0.079405
47 7 0.079404
47 8 0.079404
47 9 0.079404
47 10 0.079404
47 11 0.079404
47 12 0.079404
47 13 0.079404
47 14 0.079404
47 15 0.079405
47 16 0.079405
47 17 0.079405
47 18 0.079405
47 19 0.079406
47 20 0.079406
47 21 0.079407
47 22 0.079407
47 23 0.079408
47 24 0.079408
47 25 0.079409
47 26 0.079410
47 27 0.079411
47 28 0.079412
47 29 0.079412
47 30 0.079413
47 31 0.079414
47 32 0.079416
47 33 0.079417
47 34 0.079418
47 35 0.079419
47 36 0.079420
47 37 0.079422
47 38 0.079423
47 39 0.079424
47 40 0.079426
47 41 0.079427
47 42 0.079429
47 43 0.079430
47 44 0.079432
47 45 0.079433
47 46 0.079435
47 47 0.079436
47 48 0.079438
47 49 0.079439
47 50 0.079441
47 51 0.079443
47 52 0.079444
47 53 0.079446
47 54 0.079447
47 55 0.079449
47 56 0.079450
47 57 0.079452
47 58 0.079453
47 59 0.079455
47 60 0.079456
47 61 0.079458
47 62 0.079459
47 63 0.079460
47 64 0.079462
47 65 0.079463
47 66 0.079464
47 67 0.079465
47 68 0.079466
47 69 0.079467
47 70 0.079468
47 71 0.079469
47 72 0.079470
47 73 0.079471
47 74 0.079472
47 75 0.079473
47 76 0.079474
47 77 0.079474
47 78 0.079475
47 79 0.079475
47 80 0.079476
47 81 0.079476
47 82 0.079476
47 83 0.079477
47 84 0.079477
47 85 0.079477
47 86 0.079477
47 87 0.079477
47 88 0.079477
47 89 0.079477
47 90 0.079477
47 91 0.079477
47 92 0.079477
47 93 0.079477
47 94 0.079477
47 95 0.079476
47 96 0.079476
47 97 0.079476
47 98 0.079475
47 99 0.079475

48 0 0.079410
48 1 0.079409
48 2 0.079409
48 3 0.079409
48 4 0.079408
48 5 0.079408
48 6 0.079408
48 7 0.079408
48 8 0.079407
48 9 0.079407
48 10 0.079407
48 11 0.079407
48 12 0.079407
48 13 0.079407
48 14 0.079407
48 15 0.079407
48 16 0.079408
48 17 0.079408
48 18 0.079408
48 19 0.079409
48 20 0.079409
48 21 0.079410
48 22 0.079410
48 23 0.079411
48 24 0.079411
48 25 0.079412
48 26 0.079413
48 27 0.079414
48 28 0.079415
48 29 0.079415
48 30 0.079416
48 31 0.079417
48 32 0.079419
48 33 0.079420
48 34 0.079421
48 35 0.079422
48 36 0.079423
48 37 0.079425
48 38 0.079426
48 39 0.079427
48 40 0.079429
48 41 0.079430
48 42 0.079432
48 43 0.079433
48 44 0.079435
48 45 0.079436
48 46 0.079438
48 47 0.079439
48 48 0.079441
48 49 0.079442
48 50 0.079444
48 51 0.079445
48 52 0.079447
48 53 0.079449
48 54 0.079450
48 55 0.079452
48 56 0.079453
48 57 0.079455
48 58 0.079456
48 59 0.079458
48 60 0.079459
48 61 0.079461
48 62 0.079462
48 63 0.079463
48 64 0.079465
48 65 0.079466
48 66 0.079467
48 67 0.079468
48 68 0.079469
48 69 0.079470
48 70 0.079471
48 71 0.079472
48 72 0.079473
48 73 0.079474
48 74 0.079475
48 75 0.079476
48 76 0.079477
48 77 0.079477
48 78 0.079478
48 79 0.079478
48 80 0.079479
48 81 0.079479
48 82 0.079479
48 83 0.079480
48 84 0.079480
48 85 0.079480
48 86 0.079480
48 87 0.079480
48 88 0.079480
48 89 0.079480
48 90 0.079480
48 91 0.079480
48 92 0.079480
48 93 0.079480
48 94 0.079480
48 95 0.079479
48 96 0.079479
48 97 0.079479
48 98 0.079478
48 99 0.079478

49 0 0.079413
49 1 0.079412
49 2 0.079412
49 3 0.079411
49 4 0.079411
49 5 0.079411
49 6 0.079411
49 7 0.079410
49 8 0.079410
49 9 0.079410
49 10 0.079410
49 11 0.079410
49 12 0.079410
49 13 0.079410
49 14 0.079410
49 15 0.079411
49 16 0.079411
49 17 0.079411
49 18 0.079411
49 19 0.079412
49 20 0.079412
49 21 0.079413
49 22 0.079413
49 23 0.079414
49 24 0.079415
49 25 0.079415
49 26 0.079416
49 27 0.079417
49 28 0.079418
49 29 0.079419
49 30 0.079420
49 31 0.079421
49 32 0.079422
49 33 0.079423
49 34 0.079424
49 35 0.079425
49 36 0.079427
49 37 0.079428
49 38 0.079429
49 39 0.079431
49 40 0.079432
49 41 0.079434
49 42 0.079435
49 43 0.079437
49 44 0.079438
49 45 0.079440
49 46 0.079441
49 47 0.079443
49 48 0.079444
49 49 0.079446
49 50 0.079448
49 51 0.079449
49 52 0.079451
49 53 0.079452
49 54 0.079454
49 55 0.079455
49 56 0.079457
49 57 0.079458
49 58 0.079460
49 59 0.079461
49 60 0.079463
49 61 0.079464
49 62 0.079465
49 63 0.079467
49 64 0.079468
49 65 0.079469
49 66 0.079470
49 67 0.079472
49 68 0.079473
49 69 0.079474
49 70 0.079475
49 71 0.079476
49 72 0.079477
49 73 0.079478
49 74 0.079478
49 75 0.079479
49 76 0.079480
49 77 0.079480
49 78 0.079481
49 79 0.079481
49 80 0.079482
49 81 0.079482
49 82 0.079483
49 83 0.079483
49 84 0.079483
49 85 0.079483
49 86 0.079483
49 87 0.079483
49 88 0.079483
49 89 0.079483
49 90 0.079483
49 91 0.079483
49 92 0.079483
49 93 0.079483
49 94 0.079483
49 95 0.079482
49 96 0.079482
49 97 0.079482
49 98 0.079481
49 99 0.079481

50 0 0.079416
50 1 0.079415
50 2 0.079415
50 3 0.079414
50 4 0.079414
50 5 0.079414
50 6 0.079414
50 7 0.079413
50 8 0.079413
50 9 0.079413
50 10 0.079413
50 11 0.079413
50 12 0.079413
50 13 0.079413
50 14 0.079413
50 15 0.079413
50 16 0.079414
50 17 0.079414
50 18 0.079414
50 19 0.079415
50 20 0.079415
50 21 0.079416
50 22 0.079416
50 23 0.079417
50 24 0.079417
50 25 0.079418
50 26 0.079419
50 27 0.079420
50 28 0.079421
50 29 0.079422
50 30 0.079423
50 31 0.079424
50 32 0.079425
50 33 0.079426
50 34 0.079427
50 35 0.079428
50 36 0.079429
50 37 0.079431
50 38 0.079432
50 39 0.079434
50 40 0.079435
50 41 0.079436
50 42 0.079438
50 43 0.079439
50 44 0.079441
50 45 0.079442
50 46 0.079444
50 47 0.079445
50 48 0.079447
50 49 0.079449
50 50 0.079450
50 51 0.079452
50 52 0.079453
50 53 0.079455
50 54 0.079456
50 55 0.079458
50 56 0.079460
50 57 0.079461
50 58 0.079463
50 59 0.079464
50 60 0.079465
50 61 0.079467
50 62 0.079468
50 63 0.079470
50 64 0.079471
50 65 0.079472
50 66 0.079473
50 67 0.079475
50 68 0.079476
50 69 0.079477
50 70 0.079478
50 71 0.079479
50 72 0.079480
50 73 0.079480
50 74 0.079481
50 75 0.079482
50 76 0.079483
50 77 0.079483
50 78 0.079484
50 79 0.079484
50 80 0.079485
50 81 0.079485
50 82 0.079486
50 83 0.079486
50 84 0.079486
50 85 0.079486
50 86 0.079487
50 87 0.079487
50 88 0.079487
50 89 0.079487
50 90 0.079487
50 91 0.079486
50 92 0.079486
50 93 0.079486
50 94 0.079486
50 95 0.079486
50 96 0.079485
50 97 0.079485
50 98 0.079484
50 99 0.079484

51 0 0.079419
51 1 0.079418
51 2 0.079418
51 3 0.079417
51 4 0.079417
51 5 0.079417
51 6 0.079417
51 7 0.079416
51 8 0.079416
51 9 0.079416
51 10 0.079416
51 11 0.079416
51 12 0.079416
51 13 0.079416
51 14 0.079416
51 15 0.079417
51 16 0.079417
51 17 0.079417
51 18 0.079417
51 19 0.079418
51 20 0.079418
51 21 0.079419
51 22 0.079419
51 23 0.079420
51 24 0.079421
51 25 0.079421
51 26 0.079422
51 27 0.079423
51 28 0.079424
51 29 0.079425
51 30 0.079426
51 31 0.079427
51 32 0.079428
51 33 0.079429
51 34 0.079430
51 35 0.079432
51 36 0.079433
51 37 0.079434
51 38 0.079436
51 39 0.079437
51 40 0.079438
51 41 0.079440
51 42 0.079441
51 43 0.079443
51 44 0.079444
51 45 0.079446
51 46 0.079448
51 47 0.079449
51 48 0.079451
51 49 0.079452
51 50 0.079454
51 51 0.079455
51 52 0.079457
51 53 0.079459
51 54 0.079460
51 55 0.079462
51 56 0.079463
51 57 0.079465
51 58 0.079466
51 59 0.079468
51 60 0.079469
51 61 0.079470
51 62 0.079472
51 63 0.079473
51 64 0.079474
51 65 0.079476
51 66 0.079477
51 67 0.079478
51 68 0.079479
51 69 0.079480
51 70 0.079481
51 71 0.079482
51 72 0.079483
51 73 0.079484
51 74 0.079485
51 75 0.079485
51 76 0.079486
51 77 0.079487
51 78 0.079487
51 79 0.079488
51 80 0.079488
51 81 0.079488
51 82 0.079489
51 83 0.079489
51 84 0.079489
51 85 0.079490
51 86 0.079490
51 87 0.079490
51 88 0.079490
51 89 0.079490
51 90 0.079490
51 91 0.079490
51 92 0.079489
51 93 0.079489
51 94 0.079489
51 95 0.079489
51 96 0.079488
51 97 0.079488
51 98 0.079487
51 99 0.079487

52 0 0.079422
52 1 0.079421
52 2 0.079421
52 3 0.079420
52 4 0.079420
52 5 0.079420
52 6 0.079420
52 7 0.079419
52 8 0.079419
52 9 0.079419
52 10 0.079419
52 11 0.079419
52 12 0.079419
52 13 0.079419
52 14 0.079419
52 15 0.079420
52 16 0.079420
52 17 0.079420
52 18 0.079420
52 19 0.079421
52 20 0.079421
52 21 0.079422
52 22 0.079422
52 23 0.079423
52 24 0.079424
52 25 0.079424
52 26 0.079425
52 27 0.079426
52 28 0.079427
52 29 0.079428
52 30 0.079429
52 31 0.079430
52 32 0.079431
52 33 0.079432
52 34 0.079434
52 35 0.079435
52 36 0.079436
52 37 0.079437
52 38 0.079439
52 39 0.079440
52 40 0.079442
52 41 0.079443
52 42 0.079444
52 43 0.079446
52 44 0.079447
52 45 0.079449
52 46 0.079451
52 47 0.079452
52 48 0.079454
52 49 0.079455
52 50 0.079457
52 51 0.079458
52 52 0.079460
52 53 0.079462
52 54 0.079463
52 55 0.079465
52 56 0.079466
52 57 0.079468
52 58 0.079469
52 59 0.079471
52 60 0.079472
52 61 0.079473
52 62 0.079475
52 63 0.079476
52 64 0.079477
52 65 0.079479
52 66 0.079480
52 67 0.079481
52 68 0.079482
52 69 0.079483
52 70 0.079484
52 71 0.079485
52 72 0.079486
52 73 0.079487
52 74 0.079488
52 75 0.079488
52 76 0.079489
52 77 0.079490
52 78 0.079490
52 79 0.079491
52 80 0.079491
52 81 0.079492
52 82 0.079492
52 83 0.079492
52 84 0.079492
52 85 0.079493
52 86 0.079493
52 87 0.079493
52 88 0.079493
52 89 0.079493
52 90 0.079493
52 91 0.079493
52 92 0.079492
52 93 0.079492
52 94 0.079492
52 95 0.079492
52 96 0.079491
52 97 0.079491
52 98 0.079491
52 99 0.079490

53 0 0.079425
53 1 0.079424
53 2 0.079424
53 3 0.079424
53 4 0.079423
53 5 0.079423
53 6 0.079423
53 7 0.079423
53 8 0.079422
53 9 0.079422
53 10 0.079422
53 11 0.079422
53 12 0.079422
53 13 0.079422
53 14 0.079422
53 15 0.079423
53 16 0.079423
53 17 0.079423
53 18 0.079424
53 19 0.079424
53 20 0.079424
53 21 0.079425
53 22 0.079425
53 23 0.079426
53 24 0.079427
53 25 0.079427
53 26 0.079428
53 27 0.079429
53 28 0.079430
53 29 0.079431
53 30 0.079432
53 31 0.079433
53 32 0.079434
53 33 0.079435
53 34 0.079436
53 35 0.079438
53 36 0.079439
53 37 0.079440
53 38 0.079442
53 39 0.079443
53 40 0.079444
53 41 0.079446
53 42 0.079447
53 43 0.079449
53 44 0.079450
53 45 0.079452
53 46 0.079453
53 47 0.079455
53 48 0.079457
53 49 0.079458
53 50 0.079460
53 51 0.079461
53 52 0.079463
53 53 0.079464
53 54 0.079466
53 55 0.079468
53 56 0.079469
53 57 0.079471
53 58 0.079472
53 59 0.079473
53 60 0.079475
53 61 0.079476
53 62 0.079478
53 63 0.079479
53 64 0.079480
53 65 0.079482
53 66 0.079483
53 67 0.079484
53 68 0.079485
53 69 0.079486
53 70 0.079487
53 71 0.079488
53 72 0.079489
53 73 0.079490
53 74 0.079491
53 75 0.079491
53 76 0.079492
53 77 0.079493
53 78 0.079493
53 79 0.079494
53 80 0.079494
53 81 0.079495
53 82 0.079495
53 83 0.079495
53 84 0.079495
53 85 0.079496
53 86 0.079496
53 87 0.079496
53 88 0.079496
53 89 0.079496
53 90 0.079496
53 91 0.079496
53 92 0.079495
53 93 0.079495
53 94 0.079495
53 95 0.079495
53 96 0.079494
53 97 0.079494
53 98 0.079494
53 99 0.079493

54 0 0.079428
54 1 0.079427
54 2 0.079427
54 3 0.079426
54 4 0.079426
54 5 0.079426
54 6 0.079426
54 7 0.079425
54 8 0.079425
54 9 0.079425
54 10 0.079425
54 11 0.079425
54 12 0.079425
54 13 0.079425
54 14 0.079425
54 15 0.079426
54 16 0.079426
54 17 0.079426
54 18 0.079427
54 19 0.079427
54 20 0.079428
54 21 0.079428
54 22 0.079429
54 23 0.079429
54 24 0.079430
54 25 0.079431
54 26 0.079432
54 27 0.079432
54 28 0.079433
54 29 0.079434
54 30 0.079435
54 31 0.079436
54 32 0.079438
54 33 0.079439
54 34 0.079440
54 35 0.079441
54 36 0.079443
54 37 0.079444
54 38 0.079445
54 39 0.079447
54 40 0.079448
54 41 0.079450
54 42 0.079451
54 43 0.079453
54 44 0.079454
54 45 0.079456
54 46 0.079457
54 47 0.079459
54 48 0.079460
54 49 0.079462
54 50 0.079463
54 51 0.079465
54 52 0.079467
54 53 0.079468
54 54 0.079470
54 55 0.079471
54 56 0.079473
54 57 0.079474
54 58 0.079476
54 59 0.079477
54 60 0.079479
54 61 0.079480
54 62 0.079481
54 63 0.079483
54 64 0.079484
54 65 0.079485
54 66 0.079486
54 67 0.079487
54 68 0.079488
54 69 0.079489
54 70 0.079490
54 71 0.079491
54 72 0.079492
54 73 0.079493
54 74 0.079494
54 75 0.079495
54 76 0.079495
54 77 0.079496
54 78 0.079496
54 79 0.079497
54 80 0.079497
54 81 0.079498
54 82 0.079498
54 83 0.079498
54 84 0.079499
54 85 0.079499
54 86 0.079499
54 87 0.079499
54 88 0.079499
54 89 0.079499
54 90 0.079499
54 91 0.079499
54 92 0.079498
54 93 0.079498
54 94 0.079498
54 95 0.079498
54 96 0.079497
54 97 0.079497
54 98 0.079497
54 99 0.079496

55 0 0.079431
55 1 0.079430
55 2 0.079430
55 3 0.079430
55 4 0.079429
55 5 0.079429
55 6 0.079429
55 7 0.079429
55 8 0.079428
55 9 0.079428
55 10 0.079428
55 11 0.079428
55 12 0.079428
55 13 0.079428
55 14 0.079428
55 15 0.079429
55 16 0.079429
55 17 0.079429
55 18 0.079430
55 19 0.079430
55 20 0.079430
55 21 0.079431
55 22 0.079431
55 23 0.079432
55 24 0.079433
55 25 0.079434
55 26 0.079434
55 27 0.079435
55 28 0.079436
55 29 0.079437
55 30 0.079438
55 31 0.079439
55 32 0.079440
55 33 0.079441
55 34 0.079443
55 35 0.079444
55 36 0.079445
55 37 0.079446
55 38 0.079448
55 39 0.079449
55 40 0.079451
55 41 0.079452
55 42 0.079453
55 43 0.079455
55 44 0.079456
55 45 0.079458
55 46 0.079460
55 47 0.079461
55 48 0.079463
55 49 0.079464
55 50 0.079466
55 51 0.079467
55 52 0.079469
55 53 0.079471
55 54 0.079472
55 55 0.079474
55 56 0.079475
55 57 0.079477
55 58 0.079478
55 59 0.079480
55 60 0.079481
55 61 0.079482
55 62 0.079484
55 63 0.079485
55 64 0.079486
55 65 0.079488
55 66 0.079489
55 67 0.079490
55 68 0.079491
55 69 0.079492
55 70 0.079493
55 71 0.079494
55 72 0.079495
55 73 0.079496
55 74 0.079497
55 75 0.079497
55 76 0.079498
55 77 0.079499
55 78 0.079499
55 79 0.079500
55 80 0.079500
55 81 0.079501
55 82 0.079501
55 83 0.079501
55 84 0.079501
55 85 0.079502
55 86 0.079502
55 87 0.079502
55 88 0.079502
55 89 0.079502
55 90 0.079502
55 91 0.079502
55 92 0.079501
55 93 0.079501
55 94 0.079501
55 95 0.079501
55 96 0.079500
55 97 0.079500
55 98 0.079500
55 99 0.079499

56 0 0.079434
56 1 0.079433
56 2 0.079433
56 3 0.079432
56 4 0.079432
56 5 0.079432
56 6 0.079432
56 7 0.079431
56 8 0.079431
56 9 0.079431
56 10 0.079431
56 11 0.079431
56 12 0.079431
56 13 0.079431
56 14 0.079431
56 15 0.079432
56 16 0.079432
56 17 0.079432
56 18 0.079433
56 19 0.079433
56 20 0.079434
56 21 0.079434
56 22 0.079435
56 23 0.079435
56 24 0.079436
56 25 0.079437
56 26 0.079438
56 27 0.079439
56 28 0.079439
56 29 0.079440
56 30 0.079441
56 31 0.079443
56 32 0.079444
56 33 0.079445
56 34 0.079446
56 35 0.079447
56 36 0.079449
56 37 0.079450
56 38 0.079451
56 39 0.079453
56 40 0.079454
56 41 0.079456
56 42 0.079457
56 43 0.079459
56 44 0.079460
56 45 0.079462
56 46 0.079463
56 47 0.079465
56 48 0.079466
56 49 0.079468
56 50 0.079470
56 51 0.079471
56 52 0.079473
56 53 0.079474
56 54 0.079476
56 55 0.079477
56 56 0.079479
56 57 0.079480
56 58 0.079482
56 59 0.079483
56 60 0.079485
56 61 0.079486
56 62 0.079487
56 63 0.079489
56 64 0.079490
56 65 0.079491
56 66 0.079492
56 67 0.079493
56 68 0.079494
56 69 0.079496
56 70 0.079497
56 71 0.079497
56 72 0.079498
56 73 0.079499
56 74 0.079500
56 75 0.079501
56 76 0.079501
56 77 0.079502
56 78 0.079502
56 79 0.079503
56 80 0.079503
56 81 0.079504
56 82 0.079504
56 83 0.079504
56 84 0.079505
56 85 0.079505
56 86 0.079505
56 87 0.079505
56 88 0.079505
56 89 0.079505
56 90 0.079505
56 91 0.079505
56 92 0.079504
56 93 0.079504
56 94 0.079504
56 95 0.079504
56 96 0.079503
56 97 0.079503
56 98 0.079503
56 99 0.079502

57 0 0.079437
57 1 0.079436
57 2 0.079436
57 3 0.079435
57 4 0.079435
57 5 0.079435
57 6 0.079435
57 7 0.079434
57 8 0.079434
57 9 0.079434
57 10 0.079434
57 11 0.079434
57 12 0.079434
57 13 0.079434
57 14 0.079434
57 15 0.079435
57 16 0.079435
57 17 0.079435
57 18 0.079436
57 19 0.079436
57 20 0.079436
57 21 0.079437
57 22 0.079438
57 23 0.079438
57 24 0.079439
57 25 0.079440
57 26 0.079441
57 27 0.079441
57 28 0.079442
57 29 0.079443
57 30 0.079444
57 31 0.079445
57 32 0.079446
57 33 0.079448
57 34 0.079449
57 35 0.079450
57 36 0.079451
57 37 0.079453
57 38 0.079454
57 39 0.079455
57 40 0.079457
57 41 0.079458
57 42 0.079460
57 43 0.079461
57 44 0.079463
57 45 0.079464
57 46 0.079466
57 47 0.079467
57 48 0.079469
57 49 0.079471
57 50 0.079472
57 51 0.079474
57 52 0.079475
57 53 0.079477
57 54 0.079478
57 55 0.079480
57 56 0.079482
57 57 0.079483
57 58 0.079484
57 59 0.079486
57 60 0.079487
57 61 0.079489
57 62 0.079490
57 63 0.079491
57 64 0.079493
57 65 0.079494
57 66 0.079495
57 67 0.079496
57 68 0.079497
57 69 0.079498
57 70 0.079499
57 71 0.079500
57 72 0.079501
57 73 0.079502
57 74 0.079503
57 75 0.079503
57 76 0.079504
57 77 0.079505
57 78 0.079505
57 79 0.079506
57 80 0.079506
57 81 0.079507
57 82 0.079507
57 83 0.079507
57 84 0.079507
57 85 0.079508
57 86 0.079508
57 87 0.079508
57 88 0.079508
57 89 0.079508
57 90 0.079508
57 91 0.079508
57 92 0.079507
57 93 0.079507
57 94 0.079507
57 95 0.079507
57 96 0.079506
57 97 0.079506
57 98 0.079506
57 99 0.079505

58 0 0.079440
58 1 0.079439
58 2 0.079439
58 3 0.079438
58 4 0.079438
58 5 0.079438
58 6 0.079438
58 7 0.079437
58 8 0.079437
58 9 0.079437
58 10 0.079437
58 11 0.079437
58 12 0.079437
58 13 0.079437
58 14 0.079437
58 15 0.079438
58 16 0.079438
58 17 0.079438
58 18 0.079439
58 19 0.079439
58 20 0.079439
58 21 0.079440
58 22 0.079441
58 23 0.079441
58 24 0.079442
58 25 0.079443
58 26 0.079443
58 27 0.079444
58 28 0.079445
58 29 0.079446
58 30 0.079447
58 31 0.079448
58 32 0.079449
58 33 0.079451
58 34 0.079452
58 35 0.079453
58 36 0.079454
58 37 0.079456
58 38 0.079457
58 39 0.079458
58 40 0.079460
58 41 0.079461
58 42 0.079463
58 43 0.079464
58 44 0.079466
58 45 0.079467
58 46 0.079469
58 47 0.079470
58 48 0.079472
58 49 0.079474
58 50 0.079475
58 51 0.079477
58 52 0.079478
58 53 0.079480
58 54 0.079481
58 55 0.079483
58 56 0.079484
58 57 0.079486
58 58 0.079487
58 59 0.079489
58 60 0.079490
58 61 0.079492
58 62 0.079493
58 63 0.079494
58 64 0.079496
58 65 0.079497
58 66 0.079498
58 67 0.079499
58 68 0.079500
58 69 0.079501
58 70 0.079502
58 71 0.079503
58 72 0.079504
58 73 0.079505
58 74 0.079506
58 75 0.079506
58 76 0.079507
58 77 0.079508
58 78 0.079508
58 79 0.079509
58 80 0.079509
58 81 0.079510
58 82 0.079510
58 83 0.079510
58 84 0.079510
58 85 0.079511
58 86 0.079511
58 87 0.079511
58 88 0.079511
58 89 0.079511
58 90 0.079511
58 91 0.079511
58 92 0.079510
58 93 0.079510
58 94 0.079510
58 95 0.079510
58 96 0.079509
58 97 0.079509
58 98 0.079508
58 99 0.079508

59 0 0.079442
59 1 0.079442
59 2 0.079442
59 3 0.079441
59 4 0.079441
59 5 0.079441
59 6 0.079440
59 7 0.079440
59 8 0.079440
59 9 0.079440
59 10 0.079440
59 11 0.079440
59 12 0.079440
59 13 0.079440
59 14 0.079440
59 15 0.079441
59 16 0.079441
59 17 0.079441
59 18 0.079441
59 19 0.079442
59 20 0.079442
59 21 0.079443
59 22 0.079444
59 23 0.079444
59 24 0.079445
59 25 0.079446
59 26 0.079447
59 27 0.079447
59 28 0.079448
59 29 0.079449
59 30 0.079450
59 31 0.079451
59 32 0.079453
59 33 0.079454
59 34 0.079455
59 35 0.079456
59 36 0.079458
59 37 0.079459
59 38 0.079460
59 39 0.079462
59 40 0.079463
59 41 0.079465
59 42 0.079466
59 43 0.079468
59 44 0.079469
59 45 0.079471
59 46 0.079472
59 47 0.079474
59 48 0.079475
59 49 0.079477
59 50 0.079478
59 51 0.079480
59 52 0.079482
59 53 0.079483
59 54 0.079485
59 55 0.079486
59 56 0.079488
59 57 0.079489
59 58 0.079491
59 59 0.079492
59 60 0.079494
59 61 0.079495
59 62 0.079496
59 63 0.079498
59 64 0.079499
59 65 0.079500
59 66 0.079501
59 67 0.079502
59 68 0.079503
59 69 0.079504
59 70 0.079505
59 71 0.079506
59 72 0.079507
59 73 0.079508
59 74 0.079509
59 75 0.079509
59 76 0.079510
59 77 0.079511
59 78 0.079511
59 79 0.079512
59 80 0.079512
59 81 0.079512
59 82 0.079513
59 83 0.079513
59 84 0.079513
59 85 0.079513
59 86 0.079514
59 87 0.079514
59 88 0.079514
59 89 0.079514
59 90 0.079513
59 91 0.079513
59 92 0.079513
59 93 0.079513
59 94 0.079513
59 95 0.079512
59 96 0.079512
59 97 0.079512
59 98 0.079511
59 99 0.079511

60 0 0.079446
60 1 0.079445
60 2 0.079445
60 3 0.079444
60 4 0.079444
60 5 0.079444
60 6 0.079444
60 7 0.079443
60 8 0.079443
60 9 0.079443
60 10 0.079443
60 11 0.079443
60 12 0.079443
60 13 0.079443
60 14 0.079443
60 15 0.079443
60 16 0.079444
60 17 0.079444
60 18 0.079444
60 19 0.079445
60 20 0.079445
60 21 0.079446
60 22 0.079446
60 23 0.079447
60 24 0.079448
60 25 0.079448
60 26 0.079449
60 27 0.079450
60 28 0.079451
60 29 0.079452
60 30 0.079453
60 31 0.079454
60 32 0.079455
60 33 0.079456
60 34 0.079457
60 35 0.079459
60 36 0.079460
60 37 0.079461
60 38 0.079463
60 39 0.079464
60 40 0.079466
60 41 0.079467
60 42 0.079468
60 43 0.079470
60 44 0.079471
60 45 0.079473
60 46 0.079475
60 47 0.079476
60 48 0.079478
60 49 0.079479
60 50 0.079481
60 51 0.079482
60 52 0.079484
60 53 0.079486
60 54 0.079487
60 55 0.079489
60 56 0.079490
60 57 0.079492
60 58 0.079493
60 59 0.079494
60 60 0.079496
60 61 0.079497
60 62 0.079499
60 63 0.079500
60 64 0.079501
60 65 0.079502
60 66 0.079504
60 67 0.079505
60 68 0.079506
60 69 0.079507
60 70 0.079508
60 71 0.079509
60 72 0.079510
60 73 0.079511
60 74 0.079511
60 75 0.079512
60 76 0.079513
60 77 0.079513
60 78 0.079514
60 79 0.079514
60 80 0.079515
60 81 0.079515
60 82 0.079516
60 83 0.079516
60 84 0.079516
60 85 0.079516
60 86 0.079516
60 87 0.079516
60 88 0.079516
60 89 0.079516
60 90 0.079516
60 91 0.079516
60 92 0.079516
60 93 0.079516
60 94 0.079516
60 95 0.079515
60 96 0.079515
60 97 0.079515
60 98 0.079514
60 99 0.079513

61 0 0.079448
61 1 0.079448
61 2 0.079447
61 3 0.079447
61 4 0.079447
61 5 0.079446
61 6 0.079446
61 7 0.079446
61 8 0.079446
61 9 0.079446
61 10 0.079446
61 11 0.079446
61 12 0.079446
61 13 0.079446
61 14 0.079446
61 15 0.079446
61 16 0.079447
61 17 0.079447
61 18 0.079447
61 19 0.079448
61 20 0.079448
61 21 0.079449
61 22 0.079449
61 23 0.079450
61 24 0.079451
61 25 0.079451
61 26 0.079452
61 27 0.079453
61 28 0.079454
61 29 0.079455
61 30 0.079456
61 31 0.079457
61 32 0.079458
61 33 0.079459
61 34 0.079461
61 35 0.079462
61 36 0.079463
61 37 0.079465
61 38 0.079466
61 39 0.079467
61 40 0.079469
61 41 0.079470
61 42 0.079472
61 43 0.079473
61 44 0.079475
61 45 0.079476
61 46 0.079478
61 47 0.079479
61 48 0.079481
61 49 0.079483
61 50 0.079484
61 51 0.079486
61 52 0.079487
61 53 0.079489
61 54 0.079490
61 55 0.079492
61 56 0.079493
61 57 0.079495
61 58 0.079496
61 59 0.079498
61 60 0.079499
61 61 0.079500
61 62 0.079502
61 63 0.079503
61 64 0.079504
61 65 0.079506
61 66 0.079507
61 67 0.079508
61 68 0.079509
61 69 0.079510
61 70 0.079511
61 71 0.079512
61 72 0.079513
61 73 0.079514
61 74 0.079514
61 75 0.079515
61 76 0.079516
61 77 0.079516
61 78 0.079517
61 79 0.079517
61 80 0.079518
61 81 0.079518
61 82 0.079518
61 83 0.079519
61 84 0.079519
61 85 0.079519
61 86 0.079519
61 87 0.079519
61 88 0.079519
61 89 0.079519
61 90 0.079519
61 91 0.079519
61 92 0.079519
61 93 0.079519
61 94 0.079518
61 95 0.079518
61 96 0.079518
61 97 0.079517
61 98 0.079517
61 99 0.079516

62 0 0.079451
62 1 0.079451
62 2 0.079450
62 3 0.079450
62 4 0.079450
62 5 0.079449
62 6 0.079449
62 7 0.079449
62 8 0.079449
62 9 0.079449
62 10 0.079449
62 11 0.079449
62 12 0.079449
62 13 0.079449
62 14 0.079449
62 15 0.079449
62 16 0.079449
62 17 0.079450
62 18 0.079450
62 19 0.079450
62 20 0.079451
62 21 0.079451
62 22 0.079452
62 23 0.079453
62 24 0.079453
62 25 0.079454
62 26 0.079455
62 27 0.079456
62 28 0.079457
62 29 0.079458
62 30 0.079459
62 31 0.079460
62 32 0.079461
62 33 0.079462
62 34 0.079463
62 35 0.079464
62 36 0.079466
62 37 0.079467
62 38 0.079468
62 39 0.079470
62 40 0.079471
62 41 0.079473
62 42 0.079474
62 43 0.079476
62 44 0.079477
62 45 0.079479
62 46 0.079480
62 47 0.079482
62 48 0.079483
62 49 0.079485
62 50 0.079487
62 51 0.079488
62 52 0.079490
62 53 0.079491
62 54 0.079493
62 55 0.079494
62 56 0.079496
62 57 0.079497
62 58 0.079499
62 59 0.079500
62 60 0.079502
62 61 0.079503
62 62 0.079504
62 63 0.079506
62 64 0.079507
62 65 0.079508
62 66 0.079509
62 67 0.079510
62 68 0.079511
62 69 0.079512
62 70 0.079513
62 71 0.079514
62 72 0.079515
62 73 0.079516
62 74 0.079517
62 75 0.079518
62 76 0.079518
62 77 0.079519
62 78 0.079519
62 79 0.079520
62 80 0.079520
62 81 0.079521
62 82 0.079521
62 83 0.079521
62 84 0.079522
62 85 0.079522
62 86 0.079522
62 87 0.079522
62 88 0.079522
62 89 0.079522
62 90 0.079522
62 91 0.079522
62 92 0.079521
62 93 0.079521
62 94 0.079521
62 95 0.079521
62 96 0.079520
62 97 0.079520
62 98 0.079520
62 99 0.079519

63 0 0.079454
63 1 0.079454
63 2 0.079453
63 3 0.079453
63 4 0.079452
63 5 0.079452
63 6 0.079452
63 7 0.079452
63 8 0.079451
63 9 0.079451
63 10 0.079451
63 11 0.079451
63 12 0.079451
63 13 0.079451
63 14 0.079452
63 15 0.079452
63 16 0.079452
63 17 0.079452
63 18 0.079453
63 19 0.079453
63 20 0.079454
63 21 0.079454
63 22 0.079455
63 23 0.079455
63 24 0.079456
63 25 0.079457
63 26 0.079458
63 27 0.079458
63 28 0.079459
63 29 0.079460
63 30 0.079461
63 31 0.079462
63 32 0.079464
63 33 0.079465
63 34 0.079466
63 35 0.079467
63 36 0.079468
63 37 0.079470
63 38 0.079471
63 39 0.079473
63 40 0.079474
63 41 0.079475
63 42 0.079477
63 43 0.079478
63 44 0.079480
63 45 0.079481
63 46 0.079483
63 47 0.079485
63 48 0.079486
63 49 0.079488
63 50 0.079489
63 51 0.079491
63 52 0.079492
63 53 0.079494
63 54 0.079495
63 55 0.079497
63 56 0.079499
63 57 0.079500
63 58 0.079501
63 59 0.079503
63 60 0.079504
63 61 0.079506
63 62 0.079507
63 63 0.079508
63 64 0.079510
63 65 0.079511
63 66 0.079512
63 67 0.079513
63 68 0.079514
63 69 0.079515
63 70 0.079516
63 71 0.079517
63 72 0.079518
63 73 0.079519
63 74 0.079520
63 75 0.079520
63 76 0.079521
63 77 0.079522
63 78 0.079522
63 79 0.079523
63 80 0.079523
63 81 0.079523
63 82 0.079524
63 83 0.079524
63 84 0.079524
63 85 0.079524
63 86 0.079524
63 87 0.079525
63 88 0.079525
63 89 0.079525
63 90 0.079524
63 91 0.079524
63 92 0.079524
63 93 0.079524
63 94 0.079524
63 95 0.079523
63 96 0.079523
63 97 0.079523
63 98 0.079522
63 99 0.079522

64 0 0.079456
64 1 0.079456
64 2 0.079455
64 3 0.079455
64 4 0.079455
64 5 0.079455
64 6 0.079454
64 7 0.079454
64 8 0.079454
64 9 0.079454
64 10 0.079454
64 11 0.079454
64 12 0.079454
64 13 0.079454
64 14 0.079454
64 15 0.079454
64 16 0.079455
64 17 0.079455
64 18 0.079455
64 19 0.079456
64 20 0.079456
64 21 0.079457
64 22 0.079457
64 23 0.079458
64 24 0.079459
64 25 0.079459
64 26 0.079460
64 27 0.079461
64 28 0.079462
64 29 0.079463
64 30 0.079464
64 31 0.079465
64 32 0.079466
64 33 0.079467
64 34 0.079469
64 35 0.079470
64 36 0.079471
64 37 0.079473
64 38 0.079474
64 39 0.079475
64 40 0.079477
64 41 0.079478
64 42 0.079480
64 43 0.079481
64 44 0.079483
64 45 0.079484
64 46 0.079486
64 47 0.079487
64 48 0.079489
64 49 0.079490
64 50 0.079492
64 51 0.079494
64 52 0.079495
64 53 0.079497
64 54 0.079498
64 55 0.079500
64 56 0.079501
64 57 0.079503
64 58 0.079504
64 59 0.079506
64 60 0.079507
64 61 0.079508
64 62 0.079510
64 63 0.079511
64 64 0.079512
64 65 0.079513
64 66 0.079515
64 67 0.079516
64 68 0.079517
64 69 0.079518
64 70 0.079519
64 71 0.079520
64 72 0.079521
64 73 0.079521
64 74 0.079522
64 75 0.079523
64 76 0.079524
64 77 0.079524
64 78 0.079525
64 79 0.079525
64 80 0.079526
64 81 0.079526
64 82 0.079526
64 83 0.079527
64 84 0.079527
64 85 0.079527
64 86 0.079527
64 87 0.079527
64 88 0.079527
64 89 0.079527
64 90 0.079527
64 91 0.079527
64 92 0.079527
64 93 0.079526
64 94 0.079526
64 95 0.079526
64 96 0.079526
64 97 0.079525
64 98 0.079525
64 99 0.079524

65 0 0.079459
65 1 0.079459
65 2 0.079458
65 3 0.079458
65 4 0.079458
65 5 0.079457
65 6 0.079457
65 7 0.079457
65 8 0.079457
65 9 0.079457
65 10 0.079457
65 11 0.079457
65 12 0.079457
65 13 0.079457
65 14 0.079457
65 15 0.079457
65 16 0.079457
65 17 0.079458
65 18 0.079458
65 19 0.079458
65 20 0.079459
65 21 0.079459
65 22 0.079460
65 23 0.079461
65 24 0.079461
65 25 0.079462
65 26 0.079463
65 27 0.079464
65 28 0.079465
65 29 0.079466
65 30 0.079467
65 31 0.079468
65 32 0.079469
65 33 0.079470
65 34 0.079471
65 35 0.079472
65 36 0.079474
65 37 0.079475
65 38 0.079476
65 39 0.079478
65 40 0.079479
65 41 0.079481
65 42 0.079482
65 43 0.079484
65 44 0.079485
65 45 0.079487
65 46 0.079488
65 47 0.079490
65 48 0.079491
65 49 0.079493
65 50 0.079494
65 51 0.079496
65 52 0.079497
65 53 0.079499
65 54 0.079501
65 55 0.079502
65 56 0.079504
65 57 0.079505
65 58 0.079507
65 59 0.079508
65 60 0.079509
65 61 0.079511
65 62 0.079512
65 63 0.079513
65 64 0.079515
65 65 0.079516
65 66 0.079517
65 67 0.079518
65 68 0.079519
65 69 0.079520
65 70 0.079521
65 71 0.079522
65 72 0.079523
65 73 0.079524
65 74 0.079525
65 75 0.079525
65 76 0.079526
65 77 0.079527
65 78 0.079527
65 79 0.079528
65 80 0.079528
65 81 0.079529
65 82 0.079529
65 83 0.079529
65 84 0.079529
65 85 0.079529
65 86 0.079530
65 87 0.079530
65 88 0.079530
65 89 0.079530
65 90 0.079530
65 91 0.079529
65 92 0.079529
65 93 0.079529
65 94 0.079529
65 95 0.079528
65 96 0.079528
65 97 0.079528
65 98 0.079527
65 99 0.079527

66 0 0.079462
66 1 0.079461
66 2 0.079461
66 3 0.079460
66 4 0.079460
66 5 0.079460
66 6 0.079460
66 7 0.079459
66 8 0.079459
66 9 0.079459
66 10 0.079459
66 11 0.079459
66 12 0.079459
66 13 0.079459
66 14 0.079459
66 15 0.079459
66 16 0.079460
66 17 0.079460
66 18 0.079460
66 19 0.079461
66 20 0.079461
66 21 0.079462
66 22 0.079462
66 23 0.079463
66 24 0.079464
66 25 0.079465
66 26 0.079465
66 27 0.079466
66 28 0.079467
66 29 0.079468
66 30 0.079469
66 31 0.079470
66 32 0.079471
66 33 0.079472
66 34 0.079474
66 35 0.079475
66 36 0.079476
66 37 0.079478
66 38 0.079479
66 39 0.079480
66 40 0.079482
66 41 0.079483
66 42 0.079485
66 43 0.079486
66 44 0.079488
66 45 0.079489
66 46 0.079491
66 47 0.079492
66 48 0.079494
66 49 0.079495
66 50 0.079497
66 51 0.079499
66 52 0.079500
66 53 0.079502
66 54 0.079503
66 55 0.079505
66 56 0.079506
66 57 0.079508
66 58 0.079509
66 59 0.079511
66 60 0.079512
66 61 0.079513
66 62 0.079515
66 63 0.079516
66 64 0.079517
66 65 0.079519
66 66 0.079520
66 67 0.079521
66 68 0.079522
66 69 0.079523
66 70 0.079524
66 71 0.079525
66 72 0.079526
66 73 0.079526
66 74 0.079527
66 75 0.079528
66 76 0.079529
66 77 0.079529
66 78 0.079530
66 79 0.079530
66 80 0.079531
66 81 0.079531
66 82 0.079531
66 83 0.079532
66 84 0.079532
66 85 0.079532
66 86 0.079532
66 87 0.079532
66 88 0.079532
66 89 0.079532
66 90 0.079532
66 91 0.079532
66 92 0.079532
66 93 0.079531
66 94 0.079531
66 95 0.079531
66 96 0.079531
66 97 0.079530
66 98 0.079530
66 99 0.079529

67 0 0.079464
67 1 0.079464
67 2 0.079463
67 3 0.079463
67 4 0.079462
67 5 0.079462
67 6 0.079462
67 7 0.079462
67 8 0.079462
67 9 0.079461
67 10 0.079461
67 11 0.079461
67 12 0.079461
67 13 0.079462
67 14 0.079462
67 15 0.079462
67 16 0.079462
67 17 0.079462
67 18 0.079463
67 19 0.079463
67 20 0.079464
67 21 0.079464
67 22 0.079465
67 23 0.079465
67 24 0.079466
67 25 0.079467
67 26 0.079468
67 27 0.079469
67 28 0.079469
67 29 0.079470
67 30 0.079471
67 31 0.079473
67 32 0.079474
67 33 0.079475
67 34 0.079476
67 35 0.079477
67 36 0.079479
67 37 0.079480
67 38 0.079481
67 39 0.079483
67 40 0.079484
67 41 0.079486
67 42 0.079487
67 43 0.079489
67 44 0.079490
67 45 0.079492
67 46 0.079493
67 47 0.079495
67 48 0.079496
67 49 0.079498
67 50 0.079499
67 51 0.079501
67 52 0.079502
67 53 0.079504
67 54 0.079506
67 55 0.079507
67 56 0.079509
67 57 0.079510
67 58 0.079511
67 59 0.079513
67 60 0.079514
67 61 0.079516
67 62 0.079517
67 63 0.079518
67 64 0.079519
67 65 0.079521
67 66 0.079522
67 67 0.079523
67 68 0.079524
67 69 0.079525
67 70 0.079526
67 71 0.079527
67 72 0.079528
67 73 0.079529
67 74 0.079530
67 75 0.079530
67 76 0.079531
67 77 0.079532
67 78 0.079532
67 79 0.079533
67 80 0.079533
67 81 0.079533
67 82 0.079534
67 83 0.079534
67 84 0.079534
67 85 0.079534
67 86 0.079534
67 87 0.079535
67 88 0.079535
67 89 0.079535
67 90 0.079534
67 91 0.079534
67 92 0.079534
67 93 0.079534
67 94 0.079534
67 95 0.079533
67 96 0.079533
67 97 0.079533
67 98 0.079532
67 99 0.079531

68 0 0.079467
68 1 0.079466
68 2 0.079466
68 3 0.079465
68 4 0.079465
68 5 0.079465
68 6 0.079464
68 7 0.079464
68 8 0.079464
68 9 0.079464
68 10 0.079464
68 11 0.079464
68 12 0.079464
68 13 0.079464
68 14 0.079464
68 15 0.079464
68 16 0.079464
68 17 0.079465
68 18 0.079465
68 19 0.079466
68 20 0.079466
68 21 0.079467
68 22 0.079467
68 23 0.079468
68 24 0.079468
68 25 0.079469
68 26 0.079470
68 27 0.079471
68 28 0.079472
68 29 0.079473
68 30 0.079474
68 31 0.079475
68 32 0.079476
68 33 0.079477
68 34 0.079478
68 35 0.079480
68 36 0.079481
68 37 0.079482
68 38 0.079484
68 39 0.079485
68 40 0.079486
68 41 0.079488
68 42 0.079489
68 43 0.079491
68 44 0.079492
68 45 0.079494
68 46 0.079495
68 47 0.079497
68 48 0.079498
68 49 0.079500
68 50 0.079502
68 51 0.079503
68 52 0.079505
68 53 0.079506
68 54 0.079508
68 55 0.079509
68 56 0.079511
68 57 0.079512
68 58 0.079514
68 59 0.079515
68 60 0.079517
68 61 0.079518
68 62 0.079520
68 63 0.079521
68 64 0.079522
68 65 0.079523
68 66 0.079524
68 67 0.079526
68 68 0.079527
68 69 0.079528
68 70 0.079529
68 71 0.079530
68 72 0.079530
68 73 0.079531
68 74 0.079532
68 75 0.079533
68 76 0.079533
68 77 0.079534
68 78 0.079534
68 79 0.079535
68 80 0.079535
68 81 0.079536
68 82 0.079536
68 83 0.079536
68 84 0.079536
68 85 0.079537
68 86 0.079537
68 87 0.079537
68 88 0.079537
68 89 0.079537
68 90 0.079537
68 91 0.079536
68 92 0.079536
68 93 0.079536
68 94 0.079536
68 95 0.079535
68 96 0.079535
68 97 0.079535
68 98 0.079534
68 99 0.079534

69 0 0.079469
69 1 0.079468
69 2 0.079468
69 3 0.079467
69 4 0.079467
69 5 0.079467
69 6 0.079467
69 7 0.079466
69 8 0.079466
69 9 0.079466
69 10 0.079466
69 11 0.079466
69 12 0.079466
69 13 0.079466
69 14 0.079466
69 15 0.079466
69 16 0.079467
69 17 0.079467
69 18 0.079467
69 19 0.079468
69 20 0.079468
69 21 0.079469
69 22 0.079469
69 23 0.079470
69 24 0.079471
69 25 0.079471
69 26 0.079472
69 27 0.079473
69 28 0.079474
69 29 0.079475
69 30 0.079476
69 31 0.079477
69 32 0.079478
69 33 0.079479
69 34 0.079481
69 35 0.079482
69 36 0.079483
69 37 0.079485
69 38 0.079486
69 39 0.079487
69 40 0.079489
69 41 0.079490
69 42 0.079492
69 43 0.079493
69 44 0.079495
69 45 0.079496
69 46 0.079498
69 47 0.079499
69 48 0.079501
69 49 0.079502
69 50 0.079504
69 51 0.079506
69 52 0.079507
69 53 0.079509
69 54 0.079510
69 55 0.079512
69 56 0.079513
69 57 0.079515
69 58 0.079516
69 59 0.079517
69 60 0.079519
69 61 0.079520
69 62 0.079522
69 63 0.079523
69 64 0.079524
69 65 0.079525
69 66 0.079526
69 67 0.079528
69 68 0.079529
69 69 0.079530
69 70 0.079531
69 71 0.079532
69 72 0.079532
69 73 0.079533
69 74 0.079534
69 75 0.079535
69 76 0.079535
69 77 0.079536
69 78 0.079537
69 79 0.079537
69 80 0.079538
69 81 0.079538
69 82 0.079538
69 83 0.079539
69 84 0.079539
69 85 0.079539
69 86 0.079539
69 87 0.079539
69 88 0.079539
69 89 0.079539
69 90 0.079539
69 91 0.079539
69 92 0.079539
69 93 0.079538
69 94 0.079538
69 95 0.079538
69 96 0.079538
69 97 0.079537
69 98 0.079537
69 99 0.079536

70 0 0.079471
70 1 0.079471
70 2 0.079470
70 3 0.079470
70 4 0.079470
70 5 0.079469
70 6 0.079469
70 7 0.079469
70 8 0.079469
70 9 0.079468
70 10 0.079468
70 11 0.079468
70 12 0.079468
70 13 0.079468
70 14 0.079469
70 15 0.079469
70 16 0.079469
70 17 0.079469
70 18 0.079470
70 19 0.079470
70 20 0.079470
70 21 0.079471
70 22 0.079472
70 23 0.079472
70 24 0.079473
70 25 0.079474
70 26 0.079474
70 27 0.079475
70 28 0.079476
70 29 0.079477
70 30 0.079478
70 31 0.079479
70 32 0.079480
70 33 0.079481
70 34 0.079483
70 35 0.079484
70 36 0.079485
70 37 0.079486
70 38 0.079488
70 39 0.079489
70 40 0.079491
70 41 0.079492
70 42 0.079494
70 43 0.079495
70 44 0.079497
70 45 0.079498
70 46 0.079500
70 47 0.079501
70 48 0.079503
70 49 0.079504
70 50 0.079506
70 51 0.079507
70 52 0.079509
70 53 0.079511
70 54 0.079512
70 55 0.079514
70 56 0.079515
70 57 0.079517
70 58 0.079518
70 59 0.079520
70 60 0.079521
70 61 0.079522
70 62 0.079524
70 63 0.079525
70 64 0.079526
70 65 0.079528
70 66 0.079529
70 67 0.079530
70 68 0.079531
70 69 0.079532
70 70 0.079533
70 71 0.079534
70 72 0.079535
70 73 0.079536
70 74 0.079536
70 75 0.079537
70 76 0.079538
70 77 0.079538
70 78 0.079539
70 79 0.079539
70 80 0.079540
70 81 0.079540
70 82 0.079540
70 83 0.079541
70 84 0.079541
70 85 0.079541
70 86 0.079541
70 87 0.079541
70 88 0.079541
70 89 0.079541
70 90 0.079541
70 91 0.079541
70 92 0.079541
70 93 0.079540
70 94 0.079540
70 95 0.079540
70 96 0.079540
70 97 0.079539
70 98 0.079539
70 99 0.079538

71 0 0.079473
71 1 0.079473
71 2 0.079472
71 3 0.079472
71 4 0.079471
71 5 0.079471
71 6 0.079471
71 7 0.079471
71 8 0.079471
71 9 0.079470
71 10 0.079470
71 11 0.079470
71 12 0.079470
71 13 0.079470
71 14 0.079471
71 15 0.079471
71 16 0.079471
71 17 0.079471
71 18 0.079472
71 19 0.079472
71 20 0.079472
71 21 0.079473
71 22 0.079474
71 23 0.079474
71 24 0.079475
71 25 0.079476
71 26 0.079477
71 27 0.079477
71 28 0.079478
71 29 0.079479
71 30 0.079480
71 31 0.079481
71 32 0.079482
71 33 0.079484
71 34 0.079485
71 35 0.079486
71 36 0.079487
71 37 0.079489
71 38 0.079490
71 39 0.079491
71 40 0.079493
71 41 0.079494
71 42 0.079496
71 43 0.079497
71 44 0.079499
71 45 0.079500
71 46 0.079502
71 47 0.079503
71 48 0.079505
71 49 0.079507
71 50 0.079508
71 51 0.079510
71 52 0.079511
71 53 0.079513
71 54 0.079514
71 55 0.079516
71 56 0.079517
71 57 0.079519
71 58 0.079520
71 59 0.079522
71 60 0.079523
71 61 0.079524
71 62 0.079526
71 63 0.079527
71 64 0.079528
71 65 0.079529
71 66 0.079531
71 67 0.079532
71 68 0.079533
71 69 0.079534
71 70 0.079535
71 71 0.079536
71 72 0.079537
71 73 0.079537
71 74 0.079538
71 75 0.079539
71 76 0.079540
71 77 0.079540
71 78 0.079541
71 79 0.079541
71 80 0.079542
71 81 0.079542
71 82 0.079542
71 83 0.079543
71 84 0.079543
71 85 0.079543
71 86 0.079543
71 87 0.079543
71 88 0.079543
71 89 0.079543
71 90 0.079543
71 91 0.079543
71 92 0.079543
71 93 0.079542
71 94 0.079542
71 95 0.079542
71 96 0.079542
71 97 0.079541
71 98 0.079541
71 99 0.079540

72 0 0.079475
72 1 0.079475
72 2 0.079474
72 3 0.079474
72 4 0.079473
72 5 0.079473
72 6 0.079473
72 7 0.079473
72 8 0.079473
72 9 0.079472
72 10 0.079472
72 11 0.079472
72 12 0.079472
72 13 0.079472
72 14 0.079472
72 15 0.079473
72 16 0.079473
72 17 0.079473
72 18 0.079474
72 19 0.079474
72 20 0.079474
72 21 0.079475
72 22 0.079476
72 23 0.079476
72 24 0.079477
72 25 0.079478
72 26 0.079478
72 27 0.079479
72 28 0.079480
72 29 0.079481
72 30 0.079482
72 31 0.079483
72 32 0.079484
72 33 0.079486
72 34 0.079487
72 35 0.079488
72 36 0.079489
72 37 0.079491
72 38 0.079492
72 39 0.079493
72 40 0.079495
72 41 0.079496
72 42 0.079498
72 43 0.079499
72 44 0.079501
72 45 0.079502
72 46 0.079504
72 47 0.079505
72 48 0.079507
72 49 0.079508
72 50 0.079510
72 51 0.079511
72 52 0.079513
72 53 0.079514
72 54 0.079516
72 55 0.079518
72 56 0.079519
72 57 0.079520
72 58 0.079522
72 59 0.079523
72 60 0.079525
72 61 0.079526
72 62 0.079528
72 63 0.079529
72 64 0.079530
72 65 0.079531
72 66 0.079533
72 67 0.079534
72 68 0.079535
72 69 0.079536
72 70 0.079537
72 71 0.079538
72 72 0.079539
72 73 0.079539
72 74 0.079540
72 75 0.079541
72 76 0.079542
72 77 0.079542
72 78 0.079543
72 79 0.079543
72 80 0.079544
72 81 0.079544
72 82 0.079544
72 83 0.079545
72 84 0.079545
72 85 0.079545
72 86 0.079545
72 87 0.079545
72 88 0.079545
72 89 0.079545
72 90 0.079545
72 91 0.079545
72 92 0.079545
72 93 0.079544
72 94 0.079544
72 95 0.079544
72 96 0.079544
72 97 0.079543
72 98 0.079543
72 99 0.079542

73 0 0.079477
73 1 0.079477
73 2 0.079476
73 3 0.079476
73 4 0.079476
73 5 0.079475
73 6 0.079475
73 7 0.079475
73 8 0.079475
73 9 0.079474
73 10 0.079474
73 11 0.079474
73 12 0.079474
73 13 0.079474
73 14 0.079474
73 15 0.079475
73 16 0.079475
73 17 0.079475
73 18 0.079475
73 19 0.079476
73 20 0.079476
73 21 0.079477
73 22 0.079477
73 23 0.079478
73 24 0.079479
73 25 0.079479
73 26 0.079480
73 27 0.079481
73 28 0.079482
73 29 0.079483
73 30 0.079484
73 31 0.079485
73 32 0.079486
73 33 0.079487
73 34 0.079488
73 35 0.079490
73 36 0.079491
73 37 0.079492
73 38 0.079494
73 39 0.079495
73 40 0.079496
73 41 0.079498
73 42 0.079499
73 43 0.079501
73 44 0.079502
73 45 0.079504
73 46 0.079505
73 47 0.079507
73 48 0.079509
73 49 0.079510
73 50 0.079512
73 51 0.079513
73 52 0.079515
73 53 0.079516
73 54 0.079518
73 55 0.079520
73 56 0.079521
73 57 0.079523
73 58 0.079524
73 59 0.079525
73 60 0.079527
73 61 0.079528
73 62 0.079529
73 63 0.079531
73 64 0.079532
73 65 0.079533
73 66 0.079534
73 67 0.079536
73 68 0.079537
73 69 0.079538
73 70 0.079539
73 71 0.079539
73 72 0.079540
73 73 0.079541
73 74 0.079542
73 75 0.079543
73 76 0.079543
73 77 0.079544
73 78 0.079544
73 79 0.079545
73 80 0.079545
73 81 0.079546
73 82 0.079546
73 83 0.079546
73 84 0.079546
73 85 0.079547
73 86 0.079547
73 87 0.079547
73 88 0.079547
73 89 0.079547
73 90 0.079547
73 91 0.079546
73 92 0.079546
73 93 0.079546
73 94 0.079546
73 95 0.079545
73 96 0.079545
73 97 0.079545
73 98 0.079544
73 99 0.079544

74 0 0.079479
74 1 0.079479
74 2 0.079478
74 3 0.079478
74 4 0.079477
74 5 0.079477
74 6 0.079477
74 7 0.079476
74 8 0.079476
74 9 0.079476
74 10 0.079476
74 11 0.079476
74 12 0.079476
74 13 0.079476
74 14 0.079476
74 15 0.079476
74 16 0.079476
74 17 0.079477
74 18 0.079477
74 19 0.079478
74 20 0.079478
74 21 0.079479
74 22 0.079479
74 23 0.079480
74 24 0.079480
74 25 0.079481
74 26 0.079482
74 27 0.079483
74 28 0.079484
74 29 0.079485
74 30 0.079486
74 31 0.079487
74 32 0.079488
74 33 0.079489
74 34 0.079490
74 35 0.079492
74 36 0.079493
74 37 0.079494
74 38 0.079496
74 39 0.079497
74 40 0.079498
74 41 0.079500
74 42 0.079501
74 43 0.079503
74 44 0.079504
74 45 0.079506
74 46 0.079507
74 47 0.079509
74 48 0.079510
74 49 0.079512
74 50 0.079513
74 51 0.079515
74 52 0.079517
74 53 0.079518
74 54 0.079520
74 55 0.079521
74 56 0.079523
74 57 0.079524
74 58 0.079526
74 59 0.079527
74 60 0.079528
74 61 0.079530
74 62 0.079531
74 63 0.079532
74 64 0.079534
74 65 0.079535
74 66 0.079536
74 67 0.079537
74 68 0.079538
74 69 0.079539
74 70 0.079540
74 71 0.079541
74 72 0.079542
74 73 0.079543
74 74 0.079544
74 75 0.079545
74 76 0.079545
74 77 0.079546
74 78 0.079546
74 79 0.079547
74 80 0.079547
74 81 0.079548
74 82 0.079548
74 83 0.079548
74 84 0.079548
74 85 0.079549
74 86 0.079549
74 87 0.079549
74 88 0.079549
74 89 0.079549
74 90 0.079549
74 91 0.079548
74 92 0.079548
74 93 0.079548
74 94 0.079548
74 95 0.079547
74 96 0.079547
74 97 0.079547
74 98 0.079546
74 99 0.079545

75 0 0.079481
75 1 0.079481
75 2 0.079480
75 3 0.079480
75 4 0.079479
75 5 0.079479
75 6 0.079479
75 7 0.079478
75 8 0.079478
75 9 0.079478
75 10 0.079478
75 11 0.079478
75 12 0.079478
75 13 0.079478
75 14 0.079478
75 15 0.079478
75 16 0.079478
75 17 0.079479
75 18 0.079479
75 19 0.079479
75 20 0.079480
75 21 0.079480
75 22 0.079481
75 23 0.079481
75 24 0.079482
75 25 0.079483
75 26 0.079484
75 27 0.079485
75 28 0.079485
75 29 0.079486
75 30 0.079487
75 31 0.079488
75 32 0.079490
75 33 0.079491
75 34 0.079492
75 35 0.079493
75 36 0.079494
75 37 0.079496
75 38 0.079497
75 39 0.079498
75 40 0.079500
75 41 0.079501
75 42 0.079503
75 43 0.079504
75 44 0.079506
75 45 0.079507
75 46 0.079509
75 47 0.079510
75 48 0.079512
75 49 0.079513
75 50 0.079515
75 51 0.079517
75 52 0.079518
75 53 0.079520
75 54 0.079521
75 55 0.079523
75 56 0.079524
75 57 0.079526
75 58 0.079527
75 59 0.079529
75 60 0.079530
75 61 0.079532
75 62 0.079533
75 63 0.079534
75 64 0.079535
75 65 0.079537
75 66 0.079538
75 67 0.079539
75 68 0.079540
75 69 0.079541
75 70 0.079542
75 71 0.079543
75 72 0.079544
75 73 0.079545
75 74 0.079545
75 75 0.079546
75 76 0.079547
75 77 0.079547
75 78 0.079548
75 79 0.079548
75 80 0.079549
75 81 0.079549
75 82 0.079549
75 83 0.079550
75 84 0.079550
75 85 0.079550
75 86 0.079550
75 87 0.079550
75 88 0.079550
75 89 0.079550
75 90 0.079550
75 91 0.079550
75 92 0.079550
75 93 0.079549
75 94 0.079549
75 95 0.079549
75 96 0.079549
75 97 0.079548
75 98 0.079548
75 99 0.079547

76 0 0.079482
76 1 0.079482
76 2 0.079481
76 3 0.079481
76 4 0.079480
76 5 0.079480
76 6 0.079480
76 7 0.079480
76 8 0.079479
76 9 0.079479
76 10 0.079479
76 11 0.079479
76 12 0.079479
76 13 0.079479
76 14 0.079479
76 15 0.079480
76 16 0.079480
76 17 0.079480
76 18 0.079480
76 19 0.079481
76 20 0.079481
76 21 0.079482
76 22 0.079482
76 23 0.079483
76 24 0.079484
76 25 0.079484
76 26 0.079485
76 27 0.079486
76 28 0.079487
76 29 0.079488
76 30 0.079489
76 31 0.079490
76 32 0.079491
76 33 0.079492
76 34 0.079494
76 35 0.079495
76 36 0.079496
76 37 0.079497
76 38 0.079499
76 39 0.079500
76 40 0.079502
76 41 0.079503
76 42 0.079505
76 43 0.079506
76 44 0.079508
76 45 0.079509
76 46 0.079511
76 47 0.079512
76 48 0.079514
76 49 0.079515
76 50 0.079517
76 51 0.079518
76 52 0.079520
76 53 0.079521
76 54 0.079523
76 55 0.079524
76 56 0.079526
76 57 0.079527
76 58 0.079529
76 59 0.079530
76 60 0.079532
76 61 0.079533
76 62 0.079534
76 63 0.079536
76 64 0.079537
76 65 0.079538
76 66 0.079539
76 67 0.079540
76 68 0.079541
76 69 0.079542
76 70 0.079543
76 71 0.079544
76 72 0.079545
76 73 0.079546
76 74 0.079547
76 75 0.079548
76 76 0.079548
76 77 0.079549
76 78 0.079549
76 79 0.079550
76 80 0.079550
76 81 0.079551
76 82 0.079551
76 83 0.079551
76 84 0.079551
76 85 0.079552
76 86 0.079552
76 87 0.079552
76 88 0.079552
76 89 0.079552
76 90 0.079552
76 91 0.079551
76 92 0.079551
76 93 0.079551
76 94 0.079551
76 95 0.079550
76 96 0.079550
76 97 0.079550
76 98 0.079549
76 99 0.079548

77 0 0.079484
77 1 0.079484
77 2 0.079483
77 3 0.079483
77 4 0.079482
77 5 0.079482
77 6 0.079481
77 7 0.079481
77 8 0.079481
77 9 0.079481
77 10 0.079481
77 11 0.079481
77 12 0.079481
77 13 0.079481
77 14 0.079481
77 15 0.079481
77 16 0.079481
77 17 0.079482
77 18 0.079482
77 19 0.079482
77 20 0.079483
77 21 0.079483
77 22 0.079484
77 23 0.079484
77 24 0.079485
77 25 0.079486
77 26 0.079487
77 27 0.079487
77 28 0.079488
77 29 0.079489
77 30 0.079490
77 31 0.079491
77 32 0.079493
77 33 0.079494
77 34 0.079495
77 35 0.079496
77 36 0.079497
77 37 0.079499
77 38 0.079500
77 39 0.079501
77 40 0.079503
77 41 0.079504
77 42 0.079506
77 43 0.079507
77 44 0.079509
77 45 0.079510
77 46 0.079512
77 47 0.079513
77 48 0.079515
77 49 0.079516
77 50 0.079518
77 51 0.079520
77 52 0.079521
77 53 0.079523
77 54 0.079524
77 55 0.079526
77 56 0.079527
77 57 0.079529
77 58 0.079530
77 59 0.079532
77 60 0.079533
77 61 0.079534
77 62 0.079536
77 63 0.079537
77 64 0.079538
77 65 0.079539
77 66 0.079541
77 67 0.079542
77 68 0.079543
77 69 0.079544
77 70 0.079545
77 71 0.079546
77 72 0.079547
77 73 0.079548
77 74 0.079548
77 75 0.079549
77 76 0.079550
77 77 0.079550
77 78 0.079551
77 79 0.079551
77 80 0.079552
77 81 0.079552
77 82 0.079552
77 83 0.079553
77 84 0.079553
77 85 0.079553
77 86 0.079553
77 87 0.079553
77 88 0.079553
77 89 0.079553
77 90 0.079553
77 91 0.079553
77 92 0.079553
77 93 0.079552
77 94 0.079552
77 95 0.079552
77 96 0.079552
77 97 0.079551
77 98 0.079551
77 99 0.079550

78 0 0.079485
78 1 0.079485
78 2 0.079484
78 3 0.079484
78 4 0.079483
78 5 0.079483
78 6 0.079483
78 7 0.079483
78 8 0.079482
78 9 0.079482
78 10 0.079482
78 11 0.079482
78 12 0.079482
78 13 0.079482
78 14 0.079482
78 15 0.079482
78 16 0.079483
78 17 0.079483
78 18 0.079483
78 19 0.079484
78 20 0.079484
78 21 0.079485
78 22 0.079485
78 23 0.079486
78 24 0.079486
78 25 0.079487
78 26 0.079488
78 27 0.079489
78 28 0.079490
78 29 0.079491
78 30 0.079492
78 31 0.079493
78 32 0.079494
78 33 0.079495
78 34 0.079496
78 35 0.079497
78 36 0.079499
78 37 0.079500
78 38 0.079501
78 39 0.079503
78 40 0.079504
78 41 0.079506
78 42 0.079507
78 43 0.079509
78 44 0.079510
78 45 0.079512
78 46 0.079513
78 47 0.079515
78 48 0.079516
78 49 0.079518
78 50 0.079519
78 51 0.079521
78 52 0.079523
78 53 0.079524
78 54 0.079526
78 55 0.079527
78 56 0.079529
78 57 0.079530
78 58 0.079532
78 59 0.079533
78 60 0.079534
78 61 0.079536
78 62 0.079537
78 63 0.079538
78 64 0.079540
78 65 0.079541
78 66 0.079542
78 67 0.079543
78 68 0.079544
78 69 0.079545
78 70 0.079546
78 71 0.079547
78 72 0.079548
78 73 0.079549
78 74 0.079550
78 75 0.079550
78 76 0.079551
78 77 0.079552
78 78 0.079552
78 79 0.079553
78 80 0.079553
78 81 0.079553
78 82 0.079554
78 83 0.079554
78 84 0.079554
78 85 0.079554
78 86 0.079554
78 87 0.079554
78 88 0.079554
78 89 0.079554
78 90 0.079554
78 91 0.079554
78 92 0.079554
78 93 0.079554
78 94 0.079553
78 95 0.079553
78 96 0.079553
78 97 0.079552
78 98 0.079552
78 99 0.079551

79 0 0.079486
79 1 0.079486
79 2 0.079485
79 3 0.079485
79 4 0.079484
79 5 0.079484
79 6 0.079484
79 7 0.079484
79 8 0.079483
79 9 0.079483
79 10 0.079483
79 11 0.079483
79 12 0.079483
79 13 0.079483
79 14 0.079483
79 15 0.079483
79 16 0.079484
79 17 0.079484
79 18 0.079484
79 19 0.079485
79 20 0.079485
79 21 0.079486
79 22 0.079486
79 23 0.079487
79 24 0.079488
79 25 0.079488
79 26 0.079489
79 27 0.079490
79 28 0.079491
79 29 0.079492
79 30 0.079493
79 31 0.079494
79 32 0.079495
79 33 0.079496
79 34 0.079497
79 35 0.079499
79 36 0.079500
79 37 0.079501
79 38 0.079503
79 39 0.079504
79 40 0.079505
79 41 0.079507
79 42 0.079508
79 43 0.079510
79 44 0.079511
79 45 0.079513
79 46 0.079514
79 47 0.079516
79 48 0.079517
79 49 0.079519
79 50 0.079521
79 51 0.079522
79 52 0.079524
79 53 0.079525
79 54 0.079527
79 55 0.079528
79 56 0.079530
79 57 0.079531
79 58 0.079533
79 59 0.079534
79 60 0.079535
79 61 0.079537
79 62 0.079538
79 63 0.079540
79 64 0.079541
79 65 0.079542
79 66 0.079543
79 67 0.079544
79 68 0.079545
79 69 0.079546
79 70 0.079547
79 71 0.079548
79 72 0.079549
79 73 0.079550
79 74 0.079551
79 75 0.079552
79 76 0.079552
79 77 0.079553
79 78 0.079553
79 79 0.079554
79 80 0.079554
79 81 0.079555
79 82 0.079555
79 83 0.079555
79 84 0.079555
79 85 0.079556
79 86 0.079556
79 87 0.079556
79 88 0.079556
79 89 0.079556
79 90 0.079556
79 91 0.079555
79 92 0.079555
79 93 0.079555
79 94 0.079555
79 95 0.079554
79 96 0.079554
79 97 0.079554
79 98 0.079553
79 99 0.079552

80 0 0.079488
80 1 0.079488
80 2 0.079487
80 3 0.079486
80 4 0.079486
80 5 0.079486
80 6 0.079485
80 7 0.079485
80 8 0.079485
80 9 0.079485
80 10 0.079485
80 11 0.079485
80 12 0.079485
80 13 0.079485
80 14 0.079485
80 15 0.079485
80 16 0.079485
80 17 0.079485
80 18 0.079486
80 19 0.079486
80 20 0.079486
80 21 0.079487
80 22 0.079488
80 23 0.079488
80 24 0.079489
80 25 0.079490
80 26 0.079490
80 27 0.079491
80 28 0.079492
80 29 0.079493
80 30 0.079494
80 31 0.079495
80 32 0.079496
80 33 0.079497
80 34 0.079499
80 35 0.079500
80 36 0.079501
80 37 0.079502
80 38 0.079504
80 39 0.079505
80 40 0.079506
80 41 0.079508
80 42 0.079509
80 43 0.079511
80 44 0.079512
80 45 0.079514
80 46 0.079515
80 47 0.079517
80 48 0.079519
80 49 0.079520
80 50 0.079522
80 51 0.079523
80 52 0.079525
80 53 0.079526
80 54 0.079528
80 55 0.079529
80 56 0.079531
80 57 0.079532
80 58 0.079534
80 59 0.079535
80 60 0.079537
80 61 0.079538
80 62 0.079539
80 63 0.079541
80 64 0.079542
80 65 0.079543
80 66 0.079544
80 67 0.079546
80 68 0.079547
80 69 0.079548
80 70 0.079549
80 71 0.079550
80 72 0.079550
80 73 0.079551
80 74 0.079552
80 75 0.079553
80 76 0.079553
80 77 0.079554
80 78 0.079554
80 79 0.079555
80 80 0.079555
80 81 0.079556
80 82 0.079556
80 83 0.079556
80 84 0.079556
80 85 0.079557
80 86 0.079557
80 87 0.079557
80 88 0.079557
80 89 0.079557
80 90 0.079557
80 91 0.079556
80 92 0.079556
80 93 0.079556
80 94 0.079556
80 95 0.079555
80 96 0.079555
80 97 0.079554
80 98 0.079554
80 99 0.079553

81 0 0.079488
81 1 0.079488
81 2 0.079487
81 3 0.079487
81 4 0.079487
81 5 0.079486
81 6 0.079486
81 7 0.079486
81 8 0.079486
81 9 0.079485
81 10 0.079485
81 11 0.079485
81 12 0.079485
81 13 0.079485
81 14 0.079485
81 15 0.079486
81 16 0.079486
81 17 0.079486
81 18 0.079487
81 19 0.079487
81 20 0.079487
81 21 0.079488
81 22 0.079488
81 23 0.079489
81 24 0.079490
81 25 0.079491
81 26 0.079491
81 27 0.079492
81 28 0.079493
81 29 0.079494
81 30 0.079495
81 31 0.079496
81 32 0.079497
81 33 0.079498
81 34 0.079500
81 35 0.079501
81 36 0.079502
81 37 0.079503
81 38 0.079505
81 39 0.079506
81 40 0.079508
81 41 0.079509
81 42 0.079510
81 43 0.079512
81 44 0.079513
81 45 0.079515
81 46 0.079516
81 47 0.079518
81 48 0.079520
81 49 0.079521
81 50 0.079523
81 51 0.079524
81 52 0.079526
81 53 0.079527
81 54 0.079529
81 55 0.079530
81 56 0.079532
81 57 0.079533
81 58 0.079535
81 59 0.079536
81 60 0.079538
81 61 0.079539
81 62 0.079540
81 63 0.079542
81 64 0.079543
81 65 0.079544
81 66 0.079545
81 67 0.079546
81 68 0.079548
81 69 0.079549
81 70 0.079550
81 71 0.079550
81 72 0.079551
81 73 0.079552
81 74 0.079553
81 75 0.079554
81 76 0.079554
81 77 0.079555
81 78 0.079555
81 79 0.079556
81 80 0.079556
81 81 0.079557
81 82 0.079557
81 83 0.079557
81 84 0.079557
81 85 0.079558
81 86 0.079558
81 87 0.079558
81 88 0.079558
81 89 0.079558
81 90 0.079558
81 91 0.079557
81 92 0.079557
81 93 0.079557
81 94 0.079557
81 95 0.079556
81 96 0.079556
81 97 0.079555
81 98 0.079555
81 99 0.079554

82 0 0.079490
82 1 0.079489
82 2 0.079488
82 3 0.079488
82 4 0.079488
82 5 0.079487
82 6 0.079487
82 7 0.079487
82 8 0.079487
82 9 0.079486
82 10 0.079486
82 11 0.079486
82 12 0.079486
82 13 0.079486
82 14 0.079486
82 15 0.079487
82 16 0.079487
82 17 0.079487
82 18 0.079487
82 19 0.079488
82 20 0.079488
82 21 0.079489
82 22 0.079489
82 23 0.079490
82 24 0.079491
82 25 0.079491
82 26 0.079492
82 27 0.079493
82 28 0.079494
82 29 0.079495
82 30 0.079496
82 31 0.079497
82 32 0.079498
82 33 0.079499
82 34 0.079500
82 35 0.079502
82 36 0.079503
82 37 0.079504
82 38 0.079506
82 39 0.079507
82 40 0.079508
82 41 0.079510
82 42 0.079511
82 43 0.079513
82 44 0.079514
82 45 0.079516
82 46 0.079517
82 47 0.079519
82 48 0.079520
82 49 0.079522
82 50 0.079524
82 51 0.079525
82 52 0.079527
82 53 0.079528
82 54 0.079530
82 55 0.079531
82 56 0.079533
82 57 0.079534
82 58 0.079536
82 59 0.079537
82 60 0.079539
82 61 0.079540
82 62 0.079541
82 63 0.079543
82 64 0.079544
82 65 0.079545
82 66 0.079546
82 67 0.079547
82 68 0.079548
82 69 0.079549
82 70 0.079550
82 71 0.079551
82 72 0.079552
82 73 0.079553
82 74 0.079554
82 75 0.079555
82 76 0.079555
82 77 0.079556
82 78 0.079556
82 79 0.079557
82 80 0.079557
82 81 0.079558
82 82 0.079558
82 83 0.079558
82 84 0.079558
82 85 0.079559
82 86 0.079559
82 87 0.079559
82 88 0.079559
82 89 0.079559
82 90 0.079558
82 91 0.079558
82 92 0.079558
82 93 0.079558
82 94 0.079558
82 95 0.079557
82 96 0.079557
82 97 0.079556
82 98 0.079556
82 99 0.079555

83 0 0.079490
83 1 0.079490
83 2 0.079489
83 3 0.079489
83 4 0.079489
83 5 0.079488
83 6 0.079488
83 7 0.079488
83 8 0.079488
83 9 0.079487
83 10 0.079487
83 11 0.079487
83 12 0.079487
83 13 0.079487
83 14 0.079487
83 15 0.079487
83 16 0.079488
83 17 0.079488
83 18 0.079488
83 19 0.079489
83 20 0.079489
83 21 0.079490
83 22 0.079490
83 23 0.079491
83 24 0.079491
83 25 0.079492
83 26 0.079493
83 27 0.079494
83 28 0.079495
83 29 0.079496
83 30 0.079497
83 31 0.079498
83 32 0.079499
83 33 0.079500
83 34 0.079501
83 35 0.079502
83 36 0.079504
83 37 0.079505
83 38 0.079506
83 39 0.079508
83 40 0.079509
83 41 0.079511
83 42 0.079512
83 43 0.079514
83 44 0.079515
83 45 0.079517
83 46 0.079518
83 47 0.079520
83 48 0.079521
83 49 0.079523
83 50 0.079524
83 51 0.079526
83 52 0.079528
83 53 0.079529
83 54 0.079531
83 55 0.079532
83 56 0.079534
83 57 0.079535
83 58 0.079537
83 59 0.079538
83 60 0.079539
83 61 0.079541
83 62 0.079542
83 63 0.079543
83 64 0.079545
83 65 0.079546
83 66 0.079547
83 67 0.079548
83 68 0.079549
83 69 0.079550
83 70 0.079551
83 71 0.079552
83 72 0.079553
83 73 0.079554
83 74 0.079555
83 75 0.079555
83 76 0.079556
83 77 0.079557
83 78 0.079557
83 79 0.079558
83 80 0.079558
83 81 0.079558
83 82 0.079559
83 83 0.079559
83 84 0.079559
83 85 0.079559
83 86 0.079559
83 87 0.079559
83 88 0.079559
83 89 0.079559
83 90 0.079559
83 91 0.079559
83 92 0.079559
83 93 0.079558
83 94 0.079558
83 95 0.079558
83 96 0.079558
83 97 0.079557
83 98 0.079556
83 99 0.079556

84 0 0.079491
84 1 0.079491
84 2 0.079490
84 3 0.079490
84 4 0.079489
84 5 0.079489
84 6 0.079488
84 7 0.079488
84 8 0.079488
84 9 0.079488
84 10 0.079488
84 11 0.079488
84 12 0.079488
84 13 0.079488
84 14 0.079488
84 15 0.079488
84 16 0.079488
84 17 0.079488
84 18 0.079489
84 19 0.079489
84 20 0.079490
84 21 0.079490
84 22 0.079491
84 23 0.079491
84 24 0.079492
84 25 0.079493
84 26 0.079494
84 27 0.079494
84 28 0.079495
84 29 0.079496
84 30 0.079497
84 31 0.079498
84 32 0.079500
84 33 0.079501
84 34 0.079502
84 35 0.079503
84 36 0.079504
84 37 0.079506
84 38 0.079507
84 39 0.079508
84 40 0.079510
84 41 0.079511
84 42 0.079513
84 43 0.079514
84 44 0.079516
84 45 0.079517
84 46 0.079519
84 47 0.079520
84 48 0.079522
84 49 0.079523
84 50 0.079525
84 51 0.079527
84 52 0.079528
84 53 0.079530
84 54 0.079531
84 55 0.079533
84 56 0.079534
84 57 0.079536
84 58 0.079537
84 59 0.079539
84 60 0.079540
84 61 0.079541
84 62 0.079543
84 63 0.079544
84 64 0.079545
84 65 0.079547
84 66 0.079548
84 67 0.079549
84 68 0.079550
84 69 0.079551
84 70 0.079552
84 71 0.079553
84 72 0.079554
84 73 0.079555
84 74 0.079555
84 75 0.079556
84 76 0.079557
84 77 0.079557
84 78 0.079558
84 79 0.079558
84 80 0.079559
84 81 0.079559
84 82 0.079559
84 83 0.079560
84 84 0.079560
84 85 0.079560
84 86 0.079560
84 87 0.079560
84 88 0.079560
84 89 0.079560
84 90 0.079560
84 91 0.079560
84 92 0.079560
84 93 0.079559
84 94 0.079559
84 95 0.079559
84 96 0.079558
84 97 0.079558
84 98 0.079557
84 99 0.079557

85 0 0.079492
85 1 0.079492
85 2 0.079491
85 3 0.079491
85 4 0.079490
85 5 0.079490
85 6 0.079489
85 7 0.079489
85 8 0.079489
85 9 0.079489
85 10 0.079489
85 11 0.079488
85 12 0.079488
85 13 0.079489
85 14 0.079489
85 15 0.079489
85 16 0.079489
85 17 0.079489
85 18 0.079490
85 19 0.079490
85 20 0.079490
85 21 0.079491
85 22 0.079491
85 23 0.079492
85 24 0.079493
85 25 0.079493
85 26 0.079494
85 27 0.079495
85 28 0.079496
85 29 0.079497
85 30 0.079498
85 31 0.079499
85 32 0.079500
85 33 0.079501
85 34 0.079502
85 35 0.079504
85 36 0.079505
85 37 0.079506
85 38 0.079508
85 39 0.079509
85 40 0.079510
85 41 0.079512
85 42 0.079513
85 43 0.079515
85 44 0.079516
85 45 0.079518
85 46 0.079519
85 47 0.079521
85 48 0.079523
85 49 0.079524
85 50 0.079526
85 51 0.079527
85 52 0.079529
85 53 0.079530
85 54 0.079532
85 55 0.079533
85 56 0.079535
85 57 0.079536
85 58 0.079538
85 59 0.079539
85 60 0.079541
85 61 0.079542
85 62 0.079543
85 63 0.079545
85 64 0.079546
85 65 0.079547
85 66 0.079548
85 67 0.079550
85 68 0.079551
85 69 0.079552
85 70 0.079553
85 71 0.079554
85 72 0.079554
85 73 0.079555
85 74 0.079556
85 75 0.079557
85 76 0.079557
85 77 0.079558
85 78 0.079558
85 79 0.079559
85 80 0.079559
85 81 0.079560
85 82 0.079560
85 83 0.079560
85 84 0.079560
85 85 0.079560
85 86 0.079561
85 87 0.079561
85 88 0.079561
85 89 0.079561
85 90 0.079560
85 91 0.079560
85 92 0.079560
85 93 0.079560
85 94 0.079559
85 95 0.079559
85 96 0.079559
85 97 0.079558
85 98 0.079558
85 99 0.079557

86 0 0.079492
86 1 0.079492
86 2 0.079491
86 3 0.079491
86 4 0.079490
86 5 0.079490
86 6 0.079490
86 7 0.079489
86 8 0.079489
86 9 0.079489
86 10 0.079489
86 11 0.079489
86 12 0.079489
86 13 0.079489
86 14 0.079489
86 15 0.079489
86 16 0.079489
86 17 0.079489
86 18 0.079490
86 19 0.079490
86 20 0.079491
86 21 0.079491
86 22 0.079492
86 23 0.079492
86 24 0.079493
86 25 0.079494
86 26 0.079495
86 27 0.079495
86 28 0.079496
86 29 0.079497
86 30 0.079498
86 31 0.079499
86 32 0.079501
86 33 0.079502
86 34 0.079503
86 35 0.079504
86 36 0.079505
86 37 0.079507
86 38 0.079508
86 39 0.079510
86 40 0.079511
86 41 0.079512
86 42 0.079514
86 43 0.079515
86 44 0.079517
86 45 0.079518
86 46 0.079520
86 47 0.079521
86 48 0.079523
86 49 0.079525
86 50 0.079526
86 51 0.079528
86 52 0.079529
86 53 0.079531
86 54 0.079532
86 55 0.079534
86 56 0.079535
86 57 0.079537
86 58 0.079538
86 59 0.079540
86 60 0.079541
86 61 0.079543
86 62 0.079544
86 63 0.079545
86 64 0.079546
86 65 0.079548
86 66 0.079549
86 67 0.079550
86 68 0.079551
86 69 0.079552
86 70 0.079553
86 71 0.079554
86 72 0.079555
86 73 0.079556
86 74 0.079556
86 75 0.079557
86 76 0.079558
86 77 0.079558
86 78 0.079559
86 79 0.079559
86 80 0.079560
86 81 0.079560
86 82 0.079560
86 83 0.079561
86 84 0.079561
86 85 0.079561
86 86 0.079561
86 87 0.079561
86 88 0.079561
86 89 0.079561
86 90 0.079561
86 91 0.079561
86 92 0.079561
86 93 0.079560
86 94 0.079560
86 95 0.079560
86 96 0.079559
86 97 0.079559
86 98 0.079558
86 99 0.079557

87 0 0.079492
87 1 0.079492
87 2 0.079491
87 3 0.079491
87 4 0.079491
87 5 0.079490
87 6 0.079490
87 7 0.079490
87 8 0.079489
87 9 0.079489
87 10 0.079489
87 11 0.079489
87 12 0.079489
87 13 0.079489
87 14 0.079489
87 15 0.079489
87 16 0.079490
87 17 0.079490
87 18 0.079490
87 19 0.079491
87 20 0.079491
87 21 0.079492
87 22 0.079492
87 23 0.079493
87 24 0.079494
87 25 0.079494
87 26 0.079495
87 27 0.079496
87 28 0.079497
87 29 0.079498
87 30 0.079499
87 31 0.079500
87 32 0.079501
87 33 0.079502
87 34 0.079503
87 35 0.079505
87 36 0.079506
87 37 0.079507
87 38 0.079509
87 39 0.079510
87 40 0.079511
87 41 0.079513
87 42 0.079514
87 43 0.079516
87 44 0.079517
87 45 0.079519
87 46 0.079520
87 47 0.079522
87 48 0.079523
87 49 0.079525
87 50 0.079527
87 51 0.079528
87 52 0.079530
87 53 0.079531
87 54 0.079533
87 55 0.079534
87 56 0.079536
87 57 0.079537
87 58 0.079539
87 59 0.079540
87 60 0.079542
87 61 0.079543
87 62 0.079544
87 63 0.079546
87 64 0.079547
87 65 0.079548
87 66 0.079549
87 67 0.079550
87 68 0.079551
87 69 0.079552
87 70 0.079553
87 71 0.079554
87 72 0.079555
87 73 0.079556
87 74 0.079557
87 75 0.079558
87 76 0.079558
87 77 0.079559
87 78 0.079559
87 79 0.079560
87 80 0.079560
87 81 0.079561
87 82 0.079561
87 83 0.079561
87 84 0.079561
87 85 0.079561
87 86 0.079561
87 87 0.079561
87 88 0.079561
87 89 0.079561
87 90 0.079561
87 91 0.079561
87 92 0.079561
87 93 0.079561
87 94 0.079560
87 95 0.079560
87 96 0.079560
87 97 0.079559
87 98 0.079559
87 99 0.079558

88 0 0.079493
88 1 0.079493
88 2 0.079492
88 3 0.079491
88 4 0.079491
88 5 0.079491
88 6 0.079490
88 7 0.079490
88 8 0.079490
88 9 0.079490
88 10 0.079489
88 11 0.079489
88 12 0.079489
88 13 0.079489
88 14 0.079489
88 15 0.079490
88 16 0.079490
88 17 0.079490
88 18 0.079490
88 19 0.079491
88 20 0.079491
88 21 0.079492
88 22 0.079492
88 23 0.079493
88 24 0.079494
88 25 0.079494
88 26 0.079495
88 27 0.079496
88 28 0.079497
88 29 0.079498
88 30 0.079499
88 31 0.079500
88 32 0.079501
88 33 0.079502
88 34 0.079504
88 35 0.079505
88 36 0.079506
88 37 0.079507
88 38 0.079509
88 39 0.079510
88 40 0.079512
88 41 0.079513
88 42 0.079515
88 43 0.079516
88 44 0.079518
88 45 0.079519
88 46 0.079521
88 47 0.079522
88 48 0.079524
88 49 0.079525
88 50 0.079527
88 51 0.079528
88 52 0.079530
88 53 0.079532
88 54 0.079533
88 55 0.079535
88 56 0.079536
88 57 0.079538
88 58 0.079539
88 59 0.079540
88 60 0.079542
88 61 0.079543
88 62 0.079545
88 63 0.079546
88 64 0.079547
88 65 0.079548
88 66 0.079550
88 67 0.079551
88 68 0.079552
88 69 0.079553
88 70 0.079554
88 71 0.079555
88 72 0.079555
88 73 0.079556
88 74 0.079557
88 75 0.079558
88 76 0.079558
88 77 0.079559
88 78 0.079559
88 79 0.079560
88 80 0.079560
88 81 0.079561
88 82 0.079561
88 83 0.079561
88 84 0.079561
88 85 0.079562
88 86 0.079562
88 87 0.079562
88 88 0.079562
88 89 0.079562
88 90 0.079561
88 91 0.079561
88 92 0.079561
88 93 0.079561
88 94 0.079560
88 95 0.079560
88 96 0.079560
88 97 0.079559
88 98 0.079559
88 99 0.079558

89 0 0.079492
89 1 0.079492
89 2 0.079491
89 3 0.079491
89 4 0.079491
89 5 0.079490
89 6 0.079490
89 7 0.079490
89 8 0.079490
89 9 0.079489
89 10 0.079489
89 11 0.079489
89 12 0.079489
89 13 0.079489
89 14 0.079490
89 15 0.079490
89 16 0.079490
89 17 0.079490
89 18 0.079491
89 19 0.079491
89 20 0.079491
89 21 0.079492
89 22 0.079493
89 23 0.079493
89 24 0.079494
89 25 0.079495
89 26 0.079495
89 27 0.079496
89 28 0.079497
89 29 0.079498
89 30 0.079499
89 31 0.079500
89 32 0.079501
89 33 0.079502
89 34 0.079504
89 35 0.079505
89 36 0.079506
89 37 0.079508
89 38 0.079509
89 39 0.079510
89 40 0.079512
89 41 0.079513
89 42 0.079515
89 43 0.079516
89 44 0.079518
89 45 0.079519
89 46 0.079521
89 47 0.079522
89 48 0.079524
89 49 0.079525
89 50 0.079527
89 51 0.079529
89 52 0.079530
89 53 0.079532
89 54 0.079533
89 55 0.079535
89 56 0.079536
89 57 0.079538
89 58 0.079539
89 59 0.079541
89 60 0.079542
89 61 0.079543
89 62 0.079545
89 63 0.079546
89 64 0.079547
89 65 0.079549
89 66 0.079550
89 67 0.079551
89 68 0.079552
89 69 0.079553
89 70 0.079554
89 71 0.079555
89 72 0.079556
89 73 0.079556
89 74 0.079557
89 75 0.079558
89 76 0.079559
89 77 0.079559
89 78 0.079560
89 79 0.079560
89 80 0.079561
89 81 0.079561
89 82 0.079561
89 83 0.079561
89 84 0.079562
89 85 0.079562
89 86 0.079562
89 87 0.079562
89 88 0.079562
89 89 0.079562
89 90 0.079562
89 91 0.079561
89 92 0.079561
89 93 0.079561
89 94 0.079561
89 95 0.079560
89 96 0.079560
89 97 0.079559
89 98 0.079559
89 99 0.079558

90 0 0.079493
90 1 0.079493
90 2 0.079492
90 3 0.079492
90 4 0.079491
90 5 0.079491
90 6 0.079490
90 7 0.079490
90 8 0.079490
90 9 0.079490
90 10 0.079490
90 11 0.079490
90 12 0.079490
90 13 0.079490
90 14 0.079490
90 15 0.079490
90 16 0.079490
90 17 0.079490
90 18 0.079491
90 19 0.079491
90 20 0.079491
90 21 0.079492
90 22 0.079492
90 23 0.079493
90 24 0.079494
90 25 0.079495
90 26 0.079495
90 27 0.079496
90 28 0.079497
90 29 0.079498
90 30 0.079499
90 31 0.079500
90 32 0.079501
90 33 0.079503
90 34 0.079504
90 35 0.079505
90 36 0.079506
90 37 0.079508
90 38 0.079509
90 39 0.079510
90 40 0.079512
90 41 0.079513
90 42 0.079515
90 43 0.079516
90 44 0.079518
90 45 0.079519
90 46 0.079521
90 47 0.079522
90 48 0.079524
90 49 0.079526
90 50 0.079527
90 51 0.079529
90 52 0.079530
90 53 0.079532
90 54 0.079533
90 55 0.079535
90 56 0.079536
90 57 0.079538
90 58 0.079539
90 59 0.079541
90 60 0.079542
90 61 0.079543
90 62 0.079545
90 63 0.079546
90 64 0.079547
90 65 0.079549
90 66 0.079550
90 67 0.079551
90 68 0.079552
90 69 0.079553
90 70 0.079554
90 71 0.079555
90 72 0.079556
90 73 0.079556
90 74 0.079557
90 75 0.079558
90 76 0.079559
90 77 0.079559
90 78 0.079560
90 79 0.079560
90 80 0.079560
90 81 0.079561
90 82 0.079561
90 83 0.079561
90 84 0.079562
90 85 0.079562
90 86 0.079562
90 87 0.079562
90 88 0.079562
90 89 0.079562
90 90 0.079562
90 91 0.079561
90 92 0.079561
90 93 0.079561
90 94 0.079561
90 95 0.079560
90 96 0.079560
90 97 0.079559
90 98 0.079559
90 99 0.079558

91 0 0.079492
91 1 0.079492
91 2 0.079491
91 3 0.079491
91 4 0.079491
91 5 0.079490
91 6 0.079490
91 7 0.079490
91 8 0.079490
91 9 0.079489
91 10 0.079489
91 11 0.079489
91 12 0.079489
91 13 0.079489
91 14 0.079489
91 15 0.079490
91 16 0.079490
91 17 0.079490
91 18 0.079490
91 19 0.079491
91 20 0.079491
91 21 0.079492
91 22 0.079492
91 23 0.079493
91 24 0.079494
91 25 0.079494
91 26 0.079495
91 27 0.079496
91 28 0.079497
91 29 0.079498
91 30 0.079499
91 31 0.079500
91 32 0.079501
91 33 0.079502
91 34 0.079504
91 35 0.079505
91 36 0.079506
91 37 0.079508
91 38 0.079509
91 39 0.079510
91 40 0.079512
91 41 0.079513
91 42 0.079515
91 43 0.079516
91 44 0.079518
91 45 0.079519
91 46 0.079521
91 47 0.079522
91 48 0.079524
91 49 0.079525
91 50 0.079527
91 51 0.079529
91 52 0.079530
91 53 0.079532
91 54 0.079533
91 55 0.079535
91 56 0.079536
91 57 0.079538
91 58 0.079539
91 59 0.079541
91 60 0.079542
91 61 0.079543
91 62 0.079545
91 63 0.079546
91 64 0.079547
91 65 0.079549
91 66 0.079550
91 67 0.079551
91 68 0.079552
91 69 0.079553
91 70 0.079554
91 71 0.079555
91 72 0.079556
91 73 0.079556
91 74 0.079557
91 75 0.079558
91 76 0.079558
91 77 0.079559
91 78 0.079560
91 79 0.079560
91 80 0.079560
91 81 0.079561
91 82 0.079561
91 83 0.079561
91 84 0.079561
91 85 0.079562
91 86 0.079562
91 87 0.079562
91 88 0.079562
91 89 0.079562
91 90 0.079561
91 91 0.079561
91 92 0.079561
91 93 0.079561
91 94 0.079561
91 95 0.079560
91 96 0.079560
91 97 0.079559
91 98 0.079559
91 99 0.079558

92 0 0.079492
92 1 0.079492
92 2 0.079491
92 3 0.079491
92 4 0.079491
92 5 0.079490
92 6 0.079490
92 7 0.079490
92 8 0.079490
92 9 0.079489
92 10 0.079489
92 11 0.079489
92 12 0.079489
92 13 0.079489
92 14 0.079489
92 15 0.079490
92 16 0.079490
92 17 0.079490
92 18 0.079490
92 19 0.079491
92 20 0.079491
92 21 0.079492
92 22 0.079492
92 23 0.079493
92 24 0.079494
92 25 0.079494
92 26 0.079495
92 27 0.079496
92 28 0.079497
92 29 0.079498
92 30 0.079499
92 31 0.079500
92 32 0.079501
92 33 0.079502
92 34 0.079504
92 35 0.079505
92 36 0.079506
92 37 0.079507
92 38 0.079509
92 39 0.079510
92 40 0.079512
92 41 0.079513
92 42 0.079515
92 43 0.079516
92 44 0.079518
92 45 0.079519
92 46 0.079521
92 47 0.079522
92 48 0.079524
92 49 0.079525
92 50 0.079527
92 51 0.079529
92 52 0.079530
92 53 0.079532
92 54 0.079533
92 55 0.079535
92 56 0.079536
92 57 0.079538
92 58 0.079539
92 59 0.079541
92 60 0.079542
92 61 0.079543
92 62 0.079545
92 63 0.079546
92 64 0.079547
92 65 0.079548
92 66 0.079550
92 67 0.079551
92 68 0.079552
92 69 0.079553
92 70 0.079554
92 71 0.079555
92 72 0.079555
92 73 0.079556
92 74 0.079557
92 75 0.079558
92 76 0.079558
92 77 0.079559
92 78 0.079559
92 79 0.079560
92 80 0.079560
92 81 0.079561
92 82 0.079561
92 83 0.079561
92 84 0.079561
92 85 0.079561
92 86 0.079562
92 87 0.079562
92 88 0.079562
92 89 0.079561
92 90 0.079561
92 91 0.079561
92 92 0.079561
92 93 0.079561
92 94 0.079560
92 95 0.079560
92 96 0.079560
92 97 0.079559
92 98 0.079559
92 99 0.079558

93 0 0.079492
93 1 0.079492
93 2 0.079491
93 3 0.079491
93 4 0.079490
93 5 0.079490
93 6 0.079490
93 7 0.079489
93 8 0.079489
93 9 0.079489
93 10 0.079489
93 11 0.079489
93 12 0.079489
93 13 0.079489
93 14 0.079489
93 15 0.079489
93 16 0.079489
93 17 0.079489
93 18 0.079490
93 19 0.079490
93 20 0.079491
93 21 0.079491
93 22 0.079492
93 23 0.079492
93 24 0.079493
93 25 0.079494
93 26 0.079495
93 27 0.079496
93 28 0.079497
93 29 0.079498
93 30 0.079499
93 31 0.079500
93 32 0.079501
93 33 0.079502
93 34 0.079503
93 35 0.079505
93 36 0.079506
93 37 0.079507
93 38 0.079509
93 39 0.079510
93 40 0.079511
93 41 0.079513
93 42 0.079514
93 43 0.079516
93 44 0.079517
93 45 0.079519
93 46 0.079521
93 47 0.079522
93 48 0.079524
93 49 0.079525
93 50 0.079527
93 51 0.079528
93 52 0.079530
93 53 0.079531
93 54 0.079533
93 55 0.079535
93 56 0.079536
93 57 0.079537
93 58 0.079539
93 59 0.079540
93 60 0.079542
93 61 0.079543
93 62 0.079544
93 63 0.079546
93 64 0.079547
93 65 0.079548
93 66 0.079549
93 67 0.079550
93 68 0.079551
93 69 0.079552
93 70 0.079553
93 71 0.079554
93 72 0.079555
93 73 0.079556
93 74 0.079557
93 75 0.079557
93 76 0.079558
93 77 0.079559
93 78 0.079559
93 79 0.079559
93 80 0.079560
93 81 0.079560
93 82 0.079560
93 83 0.079561
93 84 0.079561
93 85 0.079561
93 86 0.079561
93 87 0.079561
93 88 0.079561
93 89 0.079561
93 90 0.079561
93 91 0.079561
93 92 0.079560
93 93 0.079560
93 94 0.079560
93 95 0.079559
93 96 0.079559
93 97 0.079559
93 98 0.079558
93 99 0.079557

94 0 0.079492
94 1 0.079491
94 2 0.079490
94 3 0.079490
94 4 0.079490
94 5 0.079489
94 6 0.079489
94 7 0.079489
94 8 0.079489
94 9 0.079489
94 10 0.079488
94 11 0.079489
94 12 0.079488
94 13 0.079489
94 14 0.079489
94 15 0.079489
94 16 0.079489
94 17 0.079489
94 18 0.079490
94 19 0.079490
94 20 0.079491
94 21 0.079491
94 22 0.079492
94 23 0.079492
94 24 0.079493
94 25 0.079494
94 26 0.079495
94 27 0.079495
94 28 0.079496
94 29 0.079497
94 30 0.079498
94 31 0.079499
94 32 0.079501
94 33 0.079502
94 34 0.079503
94 35 0.079504
94 36 0.079506
94 37 0.079507
94 38 0.079508
94 39 0.079510
94 40 0.079511
94 41 0.079513
94 42 0.079514
94 43 0.079516
94 44 0.079517
94 45 0.079519
94 46 0.079520
94 47 0.079522
94 48 0.079523
94 49 0.079525
94 50 0.079527
94 51 0.079528
94 52 0.079530
94 53 0.079531
94 54 0.079533
94 55 0.079534
94 56 0.079536
94 57 0.079537
94 58 0.079539
94 59 0.079540
94 60 0.079542
94 61 0.079543
94 62 0.079544
94 63 0.079546
94 64 0.079547
94 65 0.079548
94 66 0.079549
94 67 0.079550
94 68 0.079551
94 69 0.079552
94 70 0.079553
94 71 0.079554
94 72 0.079555
94 73 0.079556
94 74 0.079557
94 75 0.079557
94 76 0.079558
94 77 0.079558
94 78 0.079559
94 79 0.079559
94 80 0.079560
94 81 0.079560
94 82 0.079560
94 83 0.079561
94 84 0.079561
94 85 0.079561
94 86 0.079561
94 87 0.079561
94 88 0.079561
94 89 0.079561
94 90 0.079561
94 91 0.079561
94 92 0.079560
94 93 0.079560
94 94 0.079560
94 95 0.079559
94 96 0.079559
94 97 0.079559
94 98 0.079558
94 99 0.079557

95 0 0.079491
95 1 0.079491
95 2 0.079490
95 3 0.079490
95 4 0.079490
95 5 0.079489
95 6 0.079489
95 7 0.079489
95 8 0.079488
95 9 0.079488
95 10 0.079488
95 11 0.079488
95 12 0.079488
95 13 0.079488
95 14 0.079488
95 15 0.079488
95 16 0.079488
95 17 0.079489
95 18 0.079489
95 19 0.079489
95 20 0.079490
95 21 0.079490
95 22 0.079491
95 23 0.079492
95 24 0.079492
95 25 0.079493
95 26 0.079494
95 27 0.079495
95 28 0.079496
95 29 0.079497
95 30 0.079498
95 31 0.079499
95 32 0.079500
95 33 0.079501
95 34 0.079503
95 35 0.079504
95 36 0.079505
95 37 0.079507
95 38 0.079508
95 39 0.079509
95 40 0.079511
95 41 0.079512
95 42 0.079514
95 43 0.079515
95 44 0.079517
95 45 0.079518
95 46 0.079520
95 47 0.079521
95 48 0.079523
95 49 0.079525
95 50 0.079526
95 51 0.079528
95 52 0.079529
95 53 0.079531
95 54 0.079532
95 55 0.079534
95 56 0.079535
95 57 0.079537
95 58 0.079538
95 59 0.079540
95 60 0.079541
95 61 0.079543
95 62 0.079544
95 63 0.079545
95 64 0.079546
95 65 0.079548
95 66 0.079549
95 67 0.079550
95 68 0.079551
95 69 0.079552
95 70 0.079553
95 71 0.079554
95 72 0.079554
95 73 0.079555
95 74 0.079556
95 75 0.079557
95 76 0.079557
95 77 0.079558
95 78 0.079558
95 79 0.079559
95 80 0.079559
95 81 0.079559
95 82 0.079560
95 83 0.079560
95 84 0.079560
95 85 0.079560
95 86 0.079560
95 87 0.079560
95 88 0.079560
95 89 0.079560
95 90 0.079560
95 91 0.079560
95 92 0.079560
95 93 0.079559
95 94 0.079559
95 95 0.079559
95 96 0.079558
95 97 0.079558
95 98 0.079557
95 99 0.079556

96 0 0.079490
96 1 0.079490
96 2 0.079489
96 3 0.079489
96 4 0.079489
96 5 0.079488
96 6 0.079488
96 7 0.079488
96 8 0.079488
96 9 0.079487
96 10 0.079487
96 11 0.079487
96 12 0.079487
96 13 0.079487
96 14 0.079488
96 15 0.079488
96 16 0.079488
96 17 0.079488
96 18 0.079488
96 19 0.079489
96 20 0.079489
96 21 0.079490
96 22 0.079490
96 23 0.079491
96 24 0.079492
96 25 0.079493
96 26 0.079493
96 27 0.079494
96 28 0.079495
96 29 0.079496
96 30 0.079497
96 31 0.079498
96 32 0.079500
96 33 0.079501
96 34 0.079502
96 35 0.079503
96 36 0.079505
96 37 0.079506
96 38 0.079507
96 39 0.079509
96 40 0.079510
96 41 0.079512
96 42 0.079513
96 43 0.079515
96 44 0.079516
96 45 0.079518
96 46 0.079519
96 47 0.079521
96 48 0.079523
96 49 0.079524
96 50 0.079526
96 51 0.079527
96 52 0.079529
96 53 0.079530
96 54 0.079532
96 55 0.079533
96 56 0.079535
96 57 0.079536
96 58 0.079538
96 59 0.079539
96 60 0.079541
96 61 0.079542
96 62 0.079543
96 63 0.079545
96 64 0.079546
96 65 0.079547
96 66 0.079548
96 67 0.079549
96 68 0.079550
96 69 0.079551
96 70 0.079552
96 71 0.079553
96 72 0.079554
96 73 0.079555
96 74 0.079556
96 75 0.079556
96 76 0.079557
96 77 0.079557
96 78 0.079558
96 79 0.079558
96 80 0.079559
96 81 0.079559
96 82 0.079559
96 83 0.079560
96 84 0.079560
96 85 0.079560
96 86 0.079560
96 87 0.079560
96 88 0.079560
96 89 0.079560
96 90 0.079560
96 91 0.079560
96 92 0.079559
96 93 0.079559
96 94 0.079559
96 95 0.079558
96 96 0.079558
96 97 0.079557
96 98 0.079557
96 99 0.079556

97 0 0.079490
97 1 0.079490
97 2 0.079489
97 3 0.079489
97 4 0.079488
97 5 0.079488
97 6 0.079488
97 7 0.079487
97 8 0.079487
97 9 0.079487
97 10 0.079487
97 11 0.079487
97 12 0.079487
97 13 0.079487
97 14 0.079487
97 15 0.079487
97 16 0.079487
97 17 0.079488
97 18 0.079488
97 19 0.079488
97 20 0.079489
97 21 0.079489
97 22 0.079490
97 23 0.079491
97 24 0.079491
97 25 0.079492
97 26 0.079493
97 27 0.079494
97 28 0.079495
97 29 0.079496
97 30 0.079497
97 31 0.079498
97 32 0.079499
97 33 0.079500
97 34 0.079502
97 35 0.079503
97 36 0.079504
97 37 0.079506
97 38 0.079507
97 39 0.079508
97 40 0.079510
97 41 0.079511
97 42 0.079513
97 43 0.079514
97 44 0.079516
97 45 0.079517
97 46 0.079519
97 47 0.079521
97 48 0.079522
97 49 0.079524
97 50 0.079525
97 51 0.079527
97 52 0.079528
97 53 0.079530
97 54 0.079532
97 55 0.079533
97 56 0.079535
97 57 0.079536
97 58 0.079537
97 59 0.079539
97 60 0.079540
97 61 0.079542
97 62 0.079543
97 63 0.079544
97 64 0.079545
97 65 0.079547
97 66 0.079548
97 67 0.079549
97 68 0.079550
97 69 0.079551
97 70 0.079552
97 71 0.079553
97 72 0.079553
97 73 0.079554
97 74 0.079555
97 75 0.079556
97 76 0.079556
97 77 0.079557
97 78 0.079557
97 79 0.079558
97 80 0.079558
97 81 0.079558
97 82 0.079559
97 83 0.079559
97 84 0.079559
97 85 0.079559
97 86 0.079559
97 87 0.079559
97 88 0.079559
97 89 0.079559
97 90 0.079559
97 91 0.079559
97 92 0.079559
97 93 0.079558
97 94 0.079558
97 95 0.079557
97 96 0.079557
97 97 0.079557
97 98 0.079556
97 99 0.079555

98 0 0.079489
98 1 0.079489
98 2 0.079488
98 3 0.079488
98 4 0.079487
98 5 0.079487
98 6 0.079486
98 7 0.079486
98 8 0.079486
98 9 0.079486
98 10 0.079486
98 11 0.079486
98 12 0.079486
98 13 0.079486
98 14 0.079486
98 15 0.079486
98 16 0.079486
98 17 0.079486
98 18 0.079487
98 19 0.079487
98 20 0.079488
98 21 0.079488
98 22 0.079489
98 23 0.079489
98 24 0.079490
98 25 0.079491
98 26 0.079492
98 27 0.079493
98 28 0.079494
98 29 0.079495
98 30 0.079496
98 31 0.079497
98 32 0.079498
98 33 0.079499
98 34 0.079501
98 35 0.079502
98 36 0.079503
98 37 0.079505
98 38 0.079506
98 39 0.079508
98 40 0.079509
98 41 0.079510
98 42 0.079512
98 43 0.079514
98 44 0.079515
98 45 0.079517
98 46 0.079518
98 47 0.079520
98 48 0.079521
98 49 0.079523
98 50 0.079525
98 51 0.079526
98 52 0.079528
98 53 0.079529
98 54 0.079531
98 55 0.079532
98 56 0.079534
98 57 0.079535
98 58 0.079537
98 59 0.079538
98 60 0.079539
98 61 0.079541
98 62 0.079542
98 63 0.079543
98 64 0.079545
98 65 0.079546
98 66 0.079547
98 67 0.079548
98 68 0.079549
98 69 0.079550
98 70 0.079551
98 71 0.079552
98 72 0.079553
98 73 0.079553
98 74 0.079554
98 75 0.079555
98 76 0.079555
98 77 0.079556
98 78 0.079556
98 79 0.079557
98 80 0.079557
98 81 0.079557
98 82 0.079558
98 83 0.079558
98 84 0.079558
98 85 0.079558
98 86 0.079558
98 87 0.079558
98 88 0.079558
98 89 0.079558
98 90 0.079558
98 91 0.079558
98 92 0.079558
98 93 0.079557
98 94 0.079557
98 95 0.079557
98 96 0.079556
98 97 0.079556
98 98 0.079555
98 99 0.079555

99 0 0.079489
99 1 0.079489
99 2 0.079488
99 3 0.079488
99 4 0.079487
99 5 0.079487
99 6 0.079486
99 7 0.079486
99 8 0.079486
99 9 0.079486
99 10 0.079486
99 11 0.079485
99 12 0.079486
99 13 0.079486
99 14 0.079486
99 15 0.079486
99 16 0.079486
99 17 0.079486
99 18 0.079487
99 19 0.079487
99 20 0.079487
99 21 0.079488
99 22 0.079489
99 23 0.079489
99 24 0.079490
99 25 0.079491
99 26 0.079492
99 27 0.079492
99 28 0.079493
99 29 0.079494
99 30 0.079495
99 31 0.079497
99 32 0.079498
99 33 0.079499
99 34 0.079500
99 35 0.079501
99 36 0.079503
99 37 0.079504
99 38 0.079506
99 39 0.079507
99 40 0.079508
99 41 0.079510
99 42 0.079511
99 43 0.079513
99 44 0.079514
99 45 0.079516
99 46 0.079518
99 47 0.079519
99 48 0.079521
99 49 0.079522
99 50 0.079524
99 51 0.079525
99 52 0.079527
99 53 0.079528
99 54 0.079530
99 55 0.079531
99 56 0.079533
99 57 0.079534
99 58 0.079536
99 59 0.079537
99 60 0.079539
99 61 0.079540
99 62 0.079541
99 63 0.079543
99 64 0.079544
99 65 0.079545
99 66 0.079546
99 67 0.079547
99 68 0.079548
99 69 0.079549
99 70 0.079550
99 71 0.079551
99 72 0.079552
99 73 0.079552
99 74 0.079553
99 75 0.079554
99 76 0.079554
99 77 0.079555
99 78 0.079555
99 79 0.079556
99 80 0.079556
99 81 0.079557
99 82 0.079557
99 83 0.079557
99 84 0.079557
99 85 0.079557
99 86 0.079557
99 87 0.079557
99 88 0.079557
99 89 0.079557
99 90 0.079557
99 91 0.079557
99 92 0.079557
99 93 0.079556
99 94 0.079556
99 95 0.079556
99 96 0.079556
99 97 0.079555
99 98 0.079555
99 99 0.079555

