0 0 0.079416
0 1 0.079416
0 2 0.079416
0 3 0.079415
0 4 0.079414
0 5 0.079414
0 6 0.079413
0 7 0.079413
0 8 0.079412
0 9 0.079411
0 10 0.079411
0 11 0.079410
0 12 0.079409
0 13 0.079409
0 14 0.079408
0 15 0.079407
0 16 0.079406
0 17 0.079405
0 18 0.079405
0 19 0.079404
0 20 0.079403
0 21 0.079402
0 22 0.079401
0 23 0.079400
0 24 0.079400
0 25 0.079399
0 26 0.079398
0 27 0.079397
0 28 0.079396
0 29 0.079396
0 30 0.079395
0 31 0.079394
0 32 0.079394
0 33 0.079393
0 34 0.079393
0 35 0.079392
0 36 0.079392
0 37 0.079392
0 38 0.079391
0 39 0.079391
0 40 0.079391
0 41 0.079391
0 42 0.079391
0 43 0.079391
0 44 0.079391
0 45 0.079392
0 46 0.079392
0 47 0.079393
0 48 0.079393
0 49 0.079394
0 50 0.079395
0 51 0.079396
0 52 0.079396
0 53 0.079397
0 54 0.079399
0 55 0.079400
0 56 0.079401
0 57 0.079402
0 58 0.079403
0 59 0.079405
0 60 0.079406
0 61 0.079408
0 62 0.079409
0 63 0.079410
0 64 0.079412
0 65 0.079413
0 66 0.079415
0 67 0.079416
0 68 0.079417
0 69 0.079419
0 70 0.079420
0 71 0.079422
0 72 0.079423
0 73 0.079424
0 74 0.079426
0 75 0.079427
0 76 0.079428
0 77 0.079430
0 78 0.079431
0 79 0.079432
0 80 0.079433
0 81 0.079434
0 82 0.079435
0 83 0.079436
0 84 0.079437
0 85 0.079438
0 86 0.079439
0 87 0.079440
0 88 0.079441
0 89 0.079441
0 90 0.079442
0 91 0.079442
0 92 0.079442
0 93 0.079443
0 94 0.079443
0 95 0.079443
0 96 0.079443
0 97 0.079442
0 98 0.079442
0 99 0.079442

1 0 0.079416
1 1 0.079415
1 2 0.079415
1 3 0.079414
1 4 0.079413
1 5 0.079413
1 6 0.079412
1 7 0.079412
1 8 0.079411
1 9 0.079410
1 10 0.079410
1 11 0.079409
1 12 0.079408
1 13 0.079408
1 14 0.079407
1 15 0.079406
1 16 0.079405
1 17 0.079405
1 18 0.079404
1 19 0.079403
1 20 0.079402
1 21 0.079401
1 22 0.079400
1 23 0.079400
1 24 0.079399
1 25 0.079398
1 26 0.079397
1 27 0.079397
1 28 0.079396
1 29 0.079395
1 30 0.079394
1 31 0.079394
1 32 0.079393
1 33 0.079393
1 34 0.079392
1 35 0.079392
1 36 0.079391
1 37 0.079391
1 38 0.079391
1 39 0.079391
1 40 0.079390
1 41 0.079390
1 42 0.079390
1 43 0.079391
1 44 0.079391
1 45 0.079391
1 46 0.079392
1 47 0.079392
1 48 0.079393
1 49 0.079393
1 50 0.079394
1 51 0.079395
1 52 0.079396
1 53 0.079397
1 54 0.079398
1 55 0.079399
1 56 0.079400
1 57 0.079402
1 58 0.079403
1 59 0.079404
1 60 0.079406
1 61 0.079407
1 62 0.079408
1 63 0.079410
1 64 0.079411
1 65 0.079413
1 66 0.079414
1 67 0.079415
1 68 0.079417
1 69 0.079418
1 70 0.079420
1 71 0.079421
1 72 0.079422
1 73 0.079424
1 74 0.079425
1 75 0.079427
1 76 0.079428
1 77 0.079429
1 78 0.079430
1 79 0.079432
1 80 0.079433
1 81 0.079434
1 82 0.079435
1 83 0.079436
1 84 0.079437
1 85 0.079438
1 86 0.079439
1 87 0.079440
1 88 0.079440
1 89 0.079441
1 90 0.079441
1 91 0.079442
1 92 0.079442
1 93 0.079442
1 94 0.079442
1 95 0.079442
1 96 0.079442
1 97 0.079442
1 98 0.079441
1 99 0.079442

2 0 0.079415
2 1 0.079414
2 2 0.079414
2 3 0.079413
2 4 0.079413
2 5 0.079412
2 6 0.079412
2 7 0.079411
2 8 0.079410
2 9 0.079410
2 10 0.079409
2 11 0.079408
2 12 0.079408
2 13 0.079407
2 14 0.079406
2 15 0.079405
2 16 0.079405
2 17 0.079404
2 18 0.079403
2 19 0.079402
2 20 0.079402
2 21 0.079401
2 22 0.079400
2 23 0.079399
2 24 0.079398
2 25 0.079398
2 26 0.079397
2 27 0.079396
2 28 0.079395
2 29 0.079395
2 30 0.079394
2 31 0.079393
2 32 0.079393
2 33 0.079392
2 34 0.079392
2 35 0.079391
2 36 0.079391
2 37 0.079391
2 38 0.079390
2 39 0.079390
2 40 0.079390
2 41 0.079390
2 42 0.079390
2 43 0.079390
2 44 0.079390
2 45 0.079391
2 46 0.079391
2 47 0.079392
2 48 0.079392
2 49 0.079393
2 50 0.079394
2 51 0.079395
2 52 0.079396
2 53 0.079397
2 54 0.079398
2 55 0.079399
2 56 0.079400
2 57 0.079401
2 58 0.079402
2 59 0.079404
2 60 0.079405
2 61 0.079406
2 62 0.079408
2 63 0.079409
2 64 0.079411
2 65 0.079412
2 66 0.079413
2 67 0.079415
2 68 0.079416
2 69 0.079418
2 70 0.079419
2 71 0.079420
2 72 0.079422
2 73 0.079423
2 74 0.079424
2 75 0.079426
2 76 0.079427
2 77 0.079428
2 78 0.079430
2 79 0.079431
2 80 0.079432
2 81 0.079433
2 82 0.079434
2 83 0.079435
2 84 0.079436
2 85 0.079437
2 86 0.079438
2 87 0.079439
2 88 0.079439
2 89 0.079440
2 90 0.079440
2 91 0.079441
2 92 0.079441
2 93 0.079441
2 94 0.079441
2 95 0.079441
2 96 0.079441
2 97 0.079441
2 98 0.079440
2 99 0.079441

3 0 0.079415
3 1 0.079414
3 2 0.079413
3 3 0.079413
3 4 0.079412
3 5 0.079412
3 6 0.079411
3 7 0.079411
3 8 0.079410
3 9 0.079409
3 10 0.079409
3 11 0.079408
3 12 0.079407
3 13 0.079406
3 14 0.079406
3 15 0.079405
3 16 0.079404
3 17 0.079403
3 18 0.079403
3 19 0.079402
3 20 0.079401
3 21 0.079400
3 22 0.079399
3 23 0.079399
3 24 0.079398
3 25 0.079397
3 26 0.079396
3 27 0.079396
3 28 0.079395
3 29 0.079394
3 30 0.079393
3 31 0.079393
3 32 0.079392
3 33 0.079392
3 34 0.079391
3 35 0.079391
3 36 0.079390
3 37 0.079390
3 38 0.079390
3 39 0.079390
3 40 0.079389
3 41 0.079389
3 42 0.079390
3 43 0.079390
3 44 0.079390
3 45 0.079390
3 46 0.079391
3 47 0.079391
3 48 0.079392
3 49 0.079393
3 50 0.079393
3 51 0.079394
3 52 0.079395
3 53 0.079396
3 54 0.079397
3 55 0.079398
3 56 0.079400
3 57 0.079401
3 58 0.079402
3 59 0.079403
3 60 0.079405
3 61 0.079406
3 62 0.079407
3 63 0.079409
3 64 0.079410
3 65 0.079412
3 66 0.079413
3 67 0.079414
3 68 0.079416
3 69 0.079417
3 70 0.079419
3 71 0.079420
3 72 0.079421
3 73 0.079423
3 74 0.079424
3 75 0.079425
3 76 0.079427
3 77 0.079428
3 78 0.079429
3 79 0.079430
3 80 0.079432
3 81 0.079433
3 82 0.079434
3 83 0.079435
3 84 0.079436
3 85 0.079437
3 86 0.079437
3 87 0.079438
3 88 0.079439
3 89 0.079439
3 90 0.079440
3 91 0.079440
3 92 0.079441
3 93 0.079441
3 94 0.079441
3 95 0.079441
3 96 0.079441
3 97 0.079441
3 98 0.079440
3 99 0.079441

4 0 0.079414
4 1 0.079413
4 2 0.079413
4 3 0.079412
4 4 0.079411
4 5 0.079411
4 6 0.079410
4 7 0.079410
4 8 0.079409
4 9 0.079409
4 10 0.079408
4 11 0.079407
4 12 0.079407
4 13 0.079406
4 14 0.079405
4 15 0.079404
4 16 0.079404
4 17 0.079403
4 18 0.079402
4 19 0.079401
4 20 0.079400
4 21 0.079400
4 22 0.079399
4 23 0.079398
4 24 0.079397
4 25 0.079397
4 26 0.079396
4 27 0.079395
4 28 0.079394
4 29 0.079394
4 30 0.079393
4 31 0.079392
4 32 0.079392
4 33 0.079391
4 34 0.079391
4 35 0.079390
4 36 0.079390
4 37 0.079390
4 38 0.079390
4 39 0.079389
4 40 0.079389
4 41 0.079389
4 42 0.079389
4 43 0.079389
4 44 0.079390
4 45 0.079390
4 46 0.079390
4 47 0.079391
4 48 0.079392
4 49 0.079392
4 50 0.079393
4 51 0.079394
4 52 0.079395
4 53 0.079396
4 54 0.079397
4 55 0.079398
4 56 0.079399
4 57 0.079400
4 58 0.079402
4 59 0.079403
4 60 0.079404
4 61 0.079406
4 62 0.079407
4 63 0.079408
4 64 0.079410
4 65 0.079411
4 66 0.079412
4 67 0.079414
4 68 0.079415
4 69 0.079417
4 70 0.079418
4 71 0.079419
4 72 0.079421
4 73 0.079422
4 74 0.079423
4 75 0.079425
4 76 0.079426
4 77 0.079427
4 78 0.079429
4 79 0.079430
4 80 0.079431
4 81 0.079432
4 82 0.079433
4 83 0.079434
4 84 0.079435
4 85 0.079436
4 86 0.079437
4 87 0.079438
4 88 0.079438
4 89 0.079439
4 90 0.079439
4 91 0.079440
4 92 0.079440
4 93 0.079440
4 94 0.079440
4 95 0.079440
4 96 0.079440
4 97 0.079440
4 98 0.079439
4 99 0.079440

5 0 0.079413
5 1 0.079412
5 2 0.079412
5 3 0.079412
5 4 0.079411
5 5 0.079410
5 6 0.079410
5 7 0.079409
5 8 0.079409
5 9 0.079408
5 10 0.079407
5 11 0.079407
5 12 0.079406
5 13 0.079405
5 14 0.079405
5 15 0.079404
5 16 0.079403
5 17 0.079402
5 18 0.079402
5 19 0.079401
5 20 0.079400
5 21 0.079399
5 22 0.079398
5 23 0.079398
5 24 0.079397
5 25 0.079396
5 26 0.079395
5 27 0.079395
5 28 0.079394
5 29 0.079393
5 30 0.079393
5 31 0.079392
5 32 0.079391
5 33 0.079391
5 34 0.079390
5 35 0.079390
5 36 0.079390
5 37 0.079389
5 38 0.079389
5 39 0.079389
5 40 0.079389
5 41 0.079389
5 42 0.079389
5 43 0.079389
5 44 0.079389
5 45 0.079390
5 46 0.079390
5 47 0.079391
5 48 0.079391
5 49 0.079392
5 50 0.079393
5 51 0.079394
5 52 0.079394
5 53 0.079395
5 54 0.079397
5 55 0.079398
5 56 0.079399
5 57 0.079400
5 58 0.079401
5 59 0.079403
5 60 0.079404
5 61 0.079405
5 62 0.079407
5 63 0.079408
5 64 0.079409
5 65 0.079411
5 66 0.079412
5 67 0.079414
5 68 0.079415
5 69 0.079416
5 70 0.079418
5 71 0.079419
5 72 0.079420
5 73 0.079422
5 74 0.079423
5 75 0.079424
5 76 0.079426
5 77 0.079427
5 78 0.079428
5 79 0.079429
5 80 0.079431
5 81 0.079432
5 82 0.079433
5 83 0.079434
5 84 0.079435
5 85 0.079436
5 86 0.079436
5 87 0.079437
5 88 0.079438
5 89 0.079438
5 90 0.079439
5 91 0.079439
5 92 0.079440
5 93 0.079440
5 94 0.079440
5 95 0.079440
5 96 0.079440
5 97 0.079440
5 98 0.079439
5 99 0.079440

6 0 0.079413
6 1 0.079412
6 2 0.079412
6 3 0.079411
6 4 0.079410
6 5 0.079410
6 6 0.079409
6 7 0.079409
6 8 0.079408
6 9 0.079408
6 10 0.079407
6 11 0.079406
6 12 0.079406
6 13 0.079405
6 14 0.079404
6 15 0.079403
6 16 0.079403
6 17 0.079402
6 18 0.079401
6 19 0.079400
6 20 0.079400
6 21 0.079399
6 22 0.079398
6 23 0.079397
6 24 0.079397
6 25 0.079396
6 26 0.079395
6 27 0.079394
6 28 0.079394
6 29 0.079393
6 30 0.079392
6 31 0.079392
6 32 0.079391
6 33 0.079391
6 34 0.079390
6 35 0.079390
6 36 0.079389
6 37 0.079389
6 38 0.079389
6 39 0.079389
6 40 0.079389
6 41 0.079389
6 42 0.079389
6 43 0.079389
6 44 0.079389
6 45 0.079389
6 46 0.079390
6 47 0.079390
6 48 0.079391
6 49 0.079392
6 50 0.079392
6 51 0.079393
6 52 0.079394
6 53 0.079395
6 54 0.079396
6 55 0.079397
6 56 0.079399
6 57 0.079400
6 58 0.079401
6 59 0.079402
6 60 0.079404
6 61 0.079405
6 62 0.079406
6 63 0.079408
6 64 0.079409
6 65 0.079410
6 66 0.079412
6 67 0.079413
6 68 0.079415
6 69 0.079416
6 70 0.079417
6 71 0.079419
6 72 0.079420
6 73 0.079421
6 74 0.079423
6 75 0.079424
6 76 0.079425
6 77 0.079427
6 78 0.079428
6 79 0.079429
6 80 0.079430
6 81 0.079431
6 82 0.079433
6 83 0.079434
6 84 0.079435
6 85 0.079435
6 86 0.079436
6 87 0.079437
6 88 0.079438
6 89 0.079438
6 90 0.079439
6 91 0.079439
6 92 0.079439
6 93 0.079439
6 94 0.079440
6 95 0.079439
6 96 0.079439
6 97 0.079439
6 98 0.079439
6 99 0.079439

7 0 0.079412
7 1 0.079411
7 2 0.079411
7 3 0.079411
7 4 0.079410
7 5 0.079410
7 6 0.079409
7 7 0.079408
7 8 0.079408
7 9 0.079407
7 10 0.079406
7 11 0.079406
7 12 0.079405
7 13 0.079404
7 14 0.079404
7 15 0.079403
7 16 0.079402
7 17 0.079401
7 18 0.079401
7 19 0.079400
7 20 0.079399
7 21 0.079398
7 22 0.079398
7 23 0.079397
7 24 0.079396
7 25 0.079395
7 26 0.079395
7 27 0.079394
7 28 0.079393
7 29 0.079393
7 30 0.079392
7 31 0.079391
7 32 0.079391
7 33 0.079390
7 34 0.079390
7 35 0.079389
7 36 0.079389
7 37 0.079389
7 38 0.079389
7 39 0.079388
7 40 0.079388
7 41 0.079388
7 42 0.079388
7 43 0.079389
7 44 0.079389
7 45 0.079389
7 46 0.079390
7 47 0.079390
7 48 0.079391
7 49 0.079391
7 50 0.079392
7 51 0.079393
7 52 0.079394
7 53 0.079395
7 54 0.079396
7 55 0.079397
7 56 0.079398
7 57 0.079400
7 58 0.079401
7 59 0.079402
7 60 0.079403
7 61 0.079405
7 62 0.079406
7 63 0.079408
7 64 0.079409
7 65 0.079410
7 66 0.079412
7 67 0.079413
7 68 0.079414
7 69 0.079416
7 70 0.079417
7 71 0.079418
7 72 0.079420
7 73 0.079421
7 74 0.079423
7 75 0.079424
7 76 0.079425
7 77 0.079426
7 78 0.079428
7 79 0.079429
7 80 0.079430
7 81 0.079431
7 82 0.079432
7 83 0.079433
7 84 0.079434
7 85 0.079435
7 86 0.079436
7 87 0.079437
7 88 0.079437
7 89 0.079438
7 90 0.079438
7 91 0.079439
7 92 0.079439
7 93 0.079439
7 94 0.079439
7 95 0.079439
7 96 0.079439
7 97 0.079439
7 98 0.079438
7 99 0.079439

8 0 0.079412
8 1 0.079411
8 2 0.079411
8 3 0.079410
8 4 0.079409
8 5 0.079409
8 6 0.079408
8 7 0.079408
8 8 0.079407
8 9 0.079407
8 10 0.079406
8 11 0.079405
8 12 0.079405
8 13 0.079404
8 14 0.079403
8 15 0.079403
8 16 0.079402
8 17 0.079401
8 18 0.079400
8 19 0.079400
8 20 0.079399
8 21 0.079398
8 22 0.079397
8 23 0.079397
8 24 0.079396
8 25 0.079395
8 26 0.079394
8 27 0.079394
8 28 0.079393
8 29 0.079392
8 30 0.079392
8 31 0.079391
8 32 0.079391
8 33 0.079390
8 34 0.079390
8 35 0.079389
8 36 0.079389
8 37 0.079389
8 38 0.079388
8 39 0.079388
8 40 0.079388
8 41 0.079388
8 42 0.079388
8 43 0.079388
8 44 0.079389
8 45 0.079389
8 46 0.079390
8 47 0.079390
8 48 0.079391
8 49 0.079391
8 50 0.079392
8 51 0.079393
8 52 0.079394
8 53 0.079395
8 54 0.079396
8 55 0.079397
8 56 0.079398
8 57 0.079399
8 58 0.079401
8 59 0.079402
8 60 0.079403
8 61 0.079405
8 62 0.079406
8 63 0.079407
8 64 0.079409
8 65 0.079410
8 66 0.079411
8 67 0.079413
8 68 0.079414
8 69 0.079416
8 70 0.079417
8 71 0.079418
8 72 0.079420
8 73 0.079421
8 74 0.079422
8 75 0.079424
8 76 0.079425
8 77 0.079426
8 78 0.079428
8 79 0.079429
8 80 0.079430
8 81 0.079431
8 82 0.079432
8 83 0.079433
8 84 0.079434
8 85 0.079435
8 86 0.079436
8 87 0.079436
8 88 0.079437
8 89 0.079438
8 90 0.079438
8 91 0.079438
8 92 0.079439
8 93 0.079439
8 94 0.079439
8 95 0.079439
8 96 0.079439
8 97 0.079439
8 98 0.079438
8 99 0.079439

9 0 0.079411
9 1 0.079410
9 2 0.079410
9 3 0.079410
9 4 0.079409
9 5 0.079409
9 6 0.079408
9 7 0.079408
9 8 0.079407
9 9 0.079406
9 10 0.079406
9 11 0.079405
9 12 0.079404
9 13 0.079404
9 14 0.079403
9 15 0.079402
9 16 0.079402
9 17 0.079401
9 18 0.079400
9 19 0.079399
9 20 0.079399
9 21 0.079398
9 22 0.079397
9 23 0.079396
9 24 0.079396
9 25 0.079395
9 26 0.079394
9 27 0.079393
9 28 0.079393
9 29 0.079392
9 30 0.079392
9 31 0.079391
9 32 0.079390
9 33 0.079390
9 34 0.079389
9 35 0.079389
9 36 0.079389
9 37 0.079388
9 38 0.079388
9 39 0.079388
9 40 0.079388
9 41 0.079388
9 42 0.079388
9 43 0.079388
9 44 0.079389
9 45 0.079389
9 46 0.079389
9 47 0.079390
9 48 0.079391
9 49 0.079391
9 50 0.079392
9 51 0.079393
9 52 0.079394
9 53 0.079395
9 54 0.079396
9 55 0.079397
9 56 0.079398
9 57 0.079399
9 58 0.079401
9 59 0.079402
9 60 0.079403
9 61 0.079405
9 62 0.079406
9 63 0.079407
9 64 0.079409
9 65 0.079410
9 66 0.079411
9 67 0.079413
9 68 0.079414
9 69 0.079415
9 70 0.079417
9 71 0.079418
9 72 0.079420
9 73 0.079421
9 74 0.079422
9 75 0.079424
9 76 0.079425
9 77 0.079426
9 78 0.079427
9 79 0.079429
9 80 0.079430
9 81 0.079431
9 82 0.079432
9 83 0.079433
9 84 0.079434
9 85 0.079435
9 86 0.079435
9 87 0.079436
9 88 0.079437
9 89 0.079437
9 90 0.079438
9 91 0.079438
9 92 0.079439
9 93 0.079439
9 94 0.079439
9 95 0.079439
9 96 0.079439
9 97 0.079439
9 98 0.079438
9 99 0.079438

10 0 0.079411
10 1 0.079410
10 2 0.079410
10 3 0.079409
10 4 0.079408
10 5 0.079408
10 6 0.079407
10 7 0.079407
10 8 0.079406
10 9 0.079406
10 10 0.079405
10 11 0.079405
10 12 0.079404
10 13 0.079403
10 14 0.079403
10 15 0.079402
10 16 0.079401
10 17 0.079400
10 18 0.079400
10 19 0.079399
10 20 0.079398
10 21 0.079397
10 22 0.079397
10 23 0.079396
10 24 0.079395
10 25 0.079395
10 26 0.079394
10 27 0.079393
10 28 0.079393
10 29 0.079392
10 30 0.079391
10 31 0.079391
10 32 0.079390
10 33 0.079390
10 34 0.079389
10 35 0.079389
10 36 0.079389
10 37 0.079388
10 38 0.079388
10 39 0.079388
10 40 0.079388
10 41 0.079388
10 42 0.079388
10 43 0.079388
10 44 0.079389
10 45 0.079389
10 46 0.079389
10 47 0.079390
10 48 0.079391
10 49 0.079391
10 50 0.079392
10 51 0.079393
10 52 0.079394
10 53 0.079395
10 54 0.079396
10 55 0.079397
10 56 0.079398
10 57 0.079399
10 58 0.079401
10 59 0.079402
10 60 0.079403
10 61 0.079404
10 62 0.079406
10 63 0.079407
10 64 0.079409
10 65 0.079410
10 66 0.079411
10 67 0.079413
10 68 0.079414
10 69 0.079415
10 70 0.079417
10 71 0.079418
10 72 0.079419
10 73 0.079421
10 74 0.079422
10 75 0.079423
10 76 0.079425
10 77 0.079426
10 78 0.079427
10 79 0.079428
10 80 0.079430
10 81 0.079431
10 82 0.079432
10 83 0.079433
10 84 0.079434
10 85 0.079435
10 86 0.079436
10 87 0.079436
10 88 0.079437
10 89 0.079438
10 90 0.079438
10 91 0.079438
10 92 0.079439
10 93 0.079439
10 94 0.079439
10 95 0.079439
10 96 0.079439
10 97 0.079439
10 98 0.079438
10 99 0.079438

11 0 0.079411
11 1 0.079410
11 2 0.079409
11 3 0.079409
11 4 0.079408
11 5 0.079408
11 6 0.079407
11 7 0.079407
11 8 0.079406
11 9 0.079406
11 10 0.079405
11 11 0.079405
11 12 0.079404
11 13 0.079403
11 14 0.079403
11 15 0.079402
11 16 0.079401
11 17 0.079400
11 18 0.079400
11 19 0.079399
11 20 0.079398
11 21 0.079397
11 22 0.079397
11 23 0.079396
11 24 0.079395
11 25 0.079395
11 26 0.079394
11 27 0.079393
11 28 0.079393
11 29 0.079392
11 30 0.079391
11 31 0.079391
11 32 0.079390
11 33 0.079390
11 34 0.079389
11 35 0.079389
11 36 0.079389
11 37 0.079388
11 38 0.079388
11 39 0.079388
11 40 0.079388
11 41 0.079388
11 42 0.079388
11 43 0.079388
11 44 0.079389
11 45 0.079389
11 46 0.079389
11 47 0.079390
11 48 0.079391
11 49 0.079391
11 50 0.079392
11 51 0.079393
11 52 0.079394
11 53 0.079395
11 54 0.079396
11 55 0.079397
11 56 0.079398
11 57 0.079399
11 58 0.079401
11 59 0.079402
11 60 0.079403
11 61 0.079405
11 62 0.079406
11 63 0.079407
11 64 0.079409
11 65 0.079410
11 66 0.079411
11 67 0.079413
11 68 0.079414
11 69 0.079416
11 70 0.079417
11 71 0.079418
11 72 0.079420
11 73 0.079421
11 74 0.079422
11 75 0.079424
11 76 0.079425
11 77 0.079426
11 78 0.079427
11 79 0.079429
11 80 0.079430
11 81 0.079431
11 82 0.079432
11 83 0.079433
11 84 0.079434
11 85 0.079435
11 86 0.079435
11 87 0.079436
11 88 0.079437
11 89 0.079437
11 90 0.079438
11 91 0.079438
11 92 0.079439
11 93 0.079439
11 94 0.079439
11 95 0.079439
11 96 0.079439
11 97 0.079439
11 98 0.079438
11 99 0.079438

12 0 0.079410
12 1 0.079409
12 2 0.079409
12 3 0.079409
12 4 0.079408
12 5 0.079408
12 6 0.079407
12 7 0.079407
12 8 0.079406
12 9 0.079405
12 10 0.079405
12 11 0.079404
12 12 0.079404
12 13 0.079403
12 14 0.079402
12 15 0.079402
12 16 0.079401
12 17 0.079400
12 18 0.079399
12 19 0.079399
12 20 0.079398
12 21 0.079397
12 22 0.079397
12 23 0.079396
12 24 0.079395
12 25 0.079394
12 26 0.079394
12 27 0.079393
12 28 0.079392
12 29 0.079392
12 30 0.079391
12 31 0.079391
12 32 0.079390
12 33 0.079390
12 34 0.079389
12 35 0.079389
12 36 0.079389
12 37 0.079388
12 38 0.079388
12 39 0.079388
12 40 0.079388
12 41 0.079388
12 42 0.079388
12 43 0.079388
12 44 0.079389
12 45 0.079389
12 46 0.079390
12 47 0.079390
12 48 0.079391
12 49 0.079391
12 50 0.079392
12 51 0.079393
12 52 0.079394
12 53 0.079395
12 54 0.079396
12 55 0.079397
12 56 0.079398
12 57 0.079400
12 58 0.079401
12 59 0.079402
12 60 0.079403
12 61 0.079405
12 62 0.079406
12 63 0.079407
12 64 0.079409
12 65 0.079410
12 66 0.079411
12 67 0.079413
12 68 0.079414
12 69 0.079416
12 70 0.079417
12 71 0.079418
12 72 0.079420
12 73 0.079421
12 74 0.079422
12 75 0.079424
12 76 0.079425
12 77 0.079426
12 78 0.079427
12 79 0.079429
12 80 0.079430
12 81 0.079431
12 82 0.079432
12 83 0.079433
12 84 0.079434
12 85 0.079435
12 86 0.079436
12 87 0.079436
12 88 0.079437
12 89 0.079438
12 90 0.079438
12 91 0.079438
12 92 0.079439
12 93 0.079439
12 94 0.079439
12 95 0.079439
12 96 0.079439
12 97 0.079439
12 98 0.079438
12 99 0.079438

13 0 0.079410
13 1 0.079409
13 2 0.079409
13 3 0.079409
13 4 0.079408
13 5 0.079408
13 6 0.079407
13 7 0.079406
13 8 0.079406
13 9 0.079405
13 10 0.079405
13 11 0.079404
13 12 0.079403
13 13 0.079403
13 14 0.079402
13 15 0.079401
13 16 0.079401
13 17 0.079400
13 18 0.079399
13 19 0.079399
13 20 0.079398
13 21 0.079397
13 22 0.079396
13 23 0.079396
13 24 0.079395
13 25 0.079394
13 26 0.079394
13 27 0.079393
13 28 0.079392
13 29 0.079392
13 30 0.079391
13 31 0.079391
13 32 0.079390
13 33 0.079390
13 34 0.079389
13 35 0.079389
13 36 0.079389
13 37 0.079388
13 38 0.079388
13 39 0.079388
13 40 0.079388
13 41 0.079388
13 42 0.079388
13 43 0.079389
13 44 0.079389
13 45 0.079389
13 46 0.079390
13 47 0.079390
13 48 0.079391
13 49 0.079392
13 50 0.079392
13 51 0.079393
13 52 0.079394
13 53 0.079395
13 54 0.079396
13 55 0.079397
13 56 0.079398
13 57 0.079400
13 58 0.079401
13 59 0.079402
13 60 0.079403
13 61 0.079405
13 62 0.079406
13 63 0.079407
13 64 0.079409
13 65 0.079410
13 66 0.079412
13 67 0.079413
13 68 0.079414
13 69 0.079416
13 70 0.079417
13 71 0.079418
13 72 0.079420
13 73 0.079421
13 74 0.079422
13 75 0.079424
13 76 0.079425
13 77 0.079426
13 78 0.079428
13 79 0.079429
13 80 0.079430
13 81 0.079431
13 82 0.079432
13 83 0.079433
13 84 0.079434
13 85 0.079435
13 86 0.079436
13 87 0.079436
13 88 0.079437
13 89 0.079438
13 90 0.079438
13 91 0.079438
13 92 0.079439
13 93 0.079439
13 94 0.079439
13 95 0.079439
13 96 0.079439
13 97 0.079439
13 98 0.079438
13 99 0.079439

14 0 0.079410
14 1 0.079409
14 2 0.079409
14 3 0.079408
14 4 0.079408
14 5 0.079407
14 6 0.079407
14 7 0.079406
14 8 0.079406
14 9 0.079405
14 10 0.079405
14 11 0.079404
14 12 0.079403
14 13 0.079403
14 14 0.079402
14 15 0.079401
14 16 0.079401
14 17 0.079400
14 18 0.079399
14 19 0.079398
14 20 0.079398
14 21 0.079397
14 22 0.079396
14 23 0.079396
14 24 0.079395
14 25 0.079394
14 26 0.079394
14 27 0.079393
14 28 0.079392
14 29 0.079392
14 30 0.079391
14 31 0.079391
14 32 0.079390
14 33 0.079390
14 34 0.079389
14 35 0.079389
14 36 0.079389
14 37 0.079388
14 38 0.079388
14 39 0.079388
14 40 0.079388
14 41 0.079388
14 42 0.079388
14 43 0.079389
14 44 0.079389
14 45 0.079389
14 46 0.079390
14 47 0.079390
14 48 0.079391
14 49 0.079392
14 50 0.079393
14 51 0.079393
14 52 0.079394
14 53 0.079395
14 54 0.079396
14 55 0.079398
14 56 0.079399
14 57 0.079400
14 58 0.079401
14 59 0.079402
14 60 0.079404
14 61 0.079405
14 62 0.079406
14 63 0.079408
14 64 0.079409
14 65 0.079410
14 66 0.079412
14 67 0.079413
14 68 0.079414
14 69 0.079416
14 70 0.079417
14 71 0.079419
14 72 0.079420
14 73 0.079421
14 74 0.079423
14 75 0.079424
14 76 0.079425
14 77 0.079426
14 78 0.079428
14 79 0.079429
14 80 0.079430
14 81 0.079431
14 82 0.079432
14 83 0.079433
14 84 0.079434
14 85 0.079435
14 86 0.079436
14 87 0.079437
14 88 0.079437
14 89 0.079438
14 90 0.079438
14 91 0.079439
14 92 0.079439
14 93 0.079439
14 94 0.079439
14 95 0.079439
14 96 0.079439
14 97 0.079439
14 98 0.079438
14 99 0.079439

15 0 0.079409
15 1 0.079409
15 2 0.079408
15 3 0.079408
15 4 0.079407
15 5 0.079407
15 6 0.079406
15 7 0.079406
15 8 0.079405
15 9 0.079405
15 10 0.079404
15 11 0.079404
15 12 0.079403
15 13 0.079402
15 14 0.079402
15 15 0.079401
15 16 0.079400
15 17 0.079400
15 18 0.079399
15 19 0.079398
15 20 0.079398
15 21 0.079397
15 22 0.079396
15 23 0.079396
15 24 0.079395
15 25 0.079394
15 26 0.079394
15 27 0.079393
15 28 0.079392
15 29 0.079392
15 30 0.079391
15 31 0.079391
15 32 0.079390
15 33 0.079390
15 34 0.079389
15 35 0.079389
15 36 0.079389
15 37 0.079389
15 38 0.079388
15 39 0.079388
15 40 0.079388
15 41 0.079388
15 42 0.079389
15 43 0.079389
15 44 0.079389
15 45 0.079390
15 46 0.079390
15 47 0.079391
15 48 0.079391
15 49 0.079392
15 50 0.079393
15 51 0.079394
15 52 0.079395
15 53 0.079396
15 54 0.079397
15 55 0.079398
15 56 0.079399
15 57 0.079400
15 58 0.079401
15 59 0.079403
15 60 0.079404
15 61 0.079405
15 62 0.079406
15 63 0.079408
15 64 0.079409
15 65 0.079411
15 66 0.079412
15 67 0.079413
15 68 0.079415
15 69 0.079416
15 70 0.079417
15 71 0.079419
15 72 0.079420
15 73 0.079422
15 74 0.079423
15 75 0.079424
15 76 0.079426
15 77 0.079427
15 78 0.079428
15 79 0.079429
15 80 0.079430
15 81 0.079431
15 82 0.079433
15 83 0.079434
15 84 0.079434
15 85 0.079435
15 86 0.079436
15 87 0.079437
15 88 0.079438
15 89 0.079438
15 90 0.079439
15 91 0.079439
15 92 0.079439
15 93 0.079439
15 94 0.079440
15 95 0.079439
15 96 0.079440
15 97 0.079439
15 98 0.079439
15 99 0.079439

16 0 0.079409
16 1 0.079409
16 2 0.079408
16 3 0.079408
16 4 0.079407
16 5 0.079407
16 6 0.079406
16 7 0.079406
16 8 0.079406
16 9 0.079405
16 10 0.079404
16 11 0.079404
16 12 0.079403
16 13 0.079403
16 14 0.079402
16 15 0.079401
16 16 0.079401
16 17 0.079400
16 18 0.079399
16 19 0.079398
16 20 0.079398
16 21 0.079397
16 22 0.079396
16 23 0.079396
16 24 0.079395
16 25 0.079394
16 26 0.079394
16 27 0.079393
16 28 0.079393
16 29 0.079392
16 30 0.079391
16 31 0.079391
16 32 0.079390
16 33 0.079390
16 34 0.079390
16 35 0.079389
16 36 0.079389
16 37 0.079389
16 38 0.079389
16 39 0.079389
16 40 0.079389
16 41 0.079389
16 42 0.079389
16 43 0.079389
16 44 0.079389
16 45 0.079390
16 46 0.079390
16 47 0.079391
16 48 0.079392
16 49 0.079392
16 50 0.079393
16 51 0.079394
16 52 0.079395
16 53 0.079396
16 54 0.079397
16 55 0.079398
16 56 0.079399
16 57 0.079400
16 58 0.079402
16 59 0.079403
16 60 0.079404
16 61 0.079406
16 62 0.079407
16 63 0.079408
16 64 0.079410
16 65 0.079411
16 66 0.079412
16 67 0.079414
16 68 0.079415
16 69 0.079416
16 70 0.079418
16 71 0.079419
16 72 0.079420
16 73 0.079422
16 74 0.079423
16 75 0.079424
16 76 0.079426
16 77 0.079427
16 78 0.079428
16 79 0.079429
16 80 0.079431
16 81 0.079432
16 82 0.079433
16 83 0.079434
16 84 0.079435
16 85 0.079436
16 86 0.079436
16 87 0.079437
16 88 0.079438
16 89 0.079438
16 90 0.079439
16 91 0.079439
16 92 0.079440
16 93 0.079440
16 94 0.079440
16 95 0.079440
16 96 0.079440
16 97 0.079440
16 98 0.079439
16 99 0.079439

17 0 0.079409
17 1 0.079408
17 2 0.079408
17 3 0.079408
17 4 0.079407
17 5 0.079407
17 6 0.079406
17 7 0.079406
17 8 0.079405
17 9 0.079405
17 10 0.079404
17 11 0.079404
17 12 0.079403
17 13 0.079402
17 14 0.079402
17 15 0.079401
17 16 0.079400
17 17 0.079400
17 18 0.079399
17 19 0.079398
17 20 0.079398
17 21 0.079397
17 22 0.079396
17 23 0.079396
17 24 0.079395
17 25 0.079394
17 26 0.079394
17 27 0.079393
17 28 0.079393
17 29 0.079392
17 30 0.079391
17 31 0.079391
17 32 0.079391
17 33 0.079390
17 34 0.079390
17 35 0.079389
17 36 0.079389
17 37 0.079389
17 38 0.079389
17 39 0.079389
17 40 0.079389
17 41 0.079389
17 42 0.079389
17 43 0.079389
17 44 0.079390
17 45 0.079390
17 46 0.079391
17 47 0.079391
17 48 0.079392
17 49 0.079393
17 50 0.079393
17 51 0.079394
17 52 0.079395
17 53 0.079396
17 54 0.079397
17 55 0.079398
17 56 0.079400
17 57 0.079401
17 58 0.079402
17 59 0.079403
17 60 0.079405
17 61 0.079406
17 62 0.079407
17 63 0.079408
17 64 0.079410
17 65 0.079411
17 66 0.079413
17 67 0.079414
17 68 0.079415
17 69 0.079417
17 70 0.079418
17 71 0.079419
17 72 0.079421
17 73 0.079422
17 74 0.079423
17 75 0.079425
17 76 0.079426
17 77 0.079427
17 78 0.079429
17 79 0.079430
17 80 0.079431
17 81 0.079432
17 82 0.079433
17 83 0.079434
17 84 0.079435
17 85 0.079436
17 86 0.079437
17 87 0.079437
17 88 0.079438
17 89 0.079439
17 90 0.079439
17 91 0.079439
17 92 0.079440
17 93 0.079440
17 94 0.079440
17 95 0.079440
17 96 0.079440
17 97 0.079440
17 98 0.079439
17 99 0.079440

18 0 0.079409
18 1 0.079408
18 2 0.079408
18 3 0.079408
18 4 0.079407
18 5 0.079407
18 6 0.079406
18 7 0.079406
18 8 0.079405
18 9 0.079405
18 10 0.079404
18 11 0.079403
18 12 0.079403
18 13 0.079402
18 14 0.079402
18 15 0.079401
18 16 0.079400
18 17 0.079400
18 18 0.079399
18 19 0.079398
18 20 0.079398
18 21 0.079397
18 22 0.079396
18 23 0.079396
18 24 0.079395
18 25 0.079394
18 26 0.079394
18 27 0.079393
18 28 0.079393
18 29 0.079392
18 30 0.079392
18 31 0.079391
18 32 0.079391
18 33 0.079390
18 34 0.079390
18 35 0.079390
18 36 0.079389
18 37 0.079389
18 38 0.079389
18 39 0.079389
18 40 0.079389
18 41 0.079389
18 42 0.079389
18 43 0.079390
18 44 0.079390
18 45 0.079390
18 46 0.079391
18 47 0.079392
18 48 0.079392
18 49 0.079393
18 50 0.079394
18 51 0.079395
18 52 0.079396
18 53 0.079397
18 54 0.079398
18 55 0.079399
18 56 0.079400
18 57 0.079401
18 58 0.079402
18 59 0.079404
18 60 0.079405
18 61 0.079406
18 62 0.079408
18 63 0.079409
18 64 0.079410
18 65 0.079412
18 66 0.079413
18 67 0.079414
18 68 0.079416
18 69 0.079417
18 70 0.079418
18 71 0.079420
18 72 0.079421
18 73 0.079422
18 74 0.079424
18 75 0.079425
18 76 0.079426
18 77 0.079428
18 78 0.079429
18 79 0.079430
18 80 0.079431
18 81 0.079432
18 82 0.079433
18 83 0.079434
18 84 0.079435
18 85 0.079436
18 86 0.079437
18 87 0.079438
18 88 0.079438
18 89 0.079439
18 90 0.079439
18 91 0.079440
18 92 0.079440
18 93 0.079440
18 94 0.079441
18 95 0.079440
18 96 0.079440
18 97 0.079440
18 98 0.079440
18 99 0.079440

19 0 0.079409
19 1 0.079408
19 2 0.079408
19 3 0.079408
19 4 0.079407
19 5 0.079407
19 6 0.079406
19 7 0.079406
19 8 0.079405
19 9 0.079405
19 10 0.079404
19 11 0.079403
19 12 0.079403
19 13 0.079402
19 14 0.079402
19 15 0.079401
19 16 0.079400
19 17 0.079400
19 18 0.079399
19 19 0.079398
19 20 0.079398
19 21 0.079397
19 22 0.079396
19 23 0.079396
19 24 0.079395
19 25 0.079395
19 26 0.079394
19 27 0.079393
19 28 0.079393
19 29 0.079392
19 30 0.079392
19 31 0.079391
19 32 0.079391
19 33 0.079391
19 34 0.079390
19 35 0.079390
19 36 0.079390
19 37 0.079390
19 38 0.079389
19 39 0.079389
19 40 0.079389
19 41 0.079390
19 42 0.079390
19 43 0.079390
19 44 0.079390
19 45 0.079391
19 46 0.079391
19 47 0.079392
19 48 0.079393
19 49 0.079393
19 50 0.079394
19 51 0.079395
19 52 0.079396
19 53 0.079397
19 54 0.079398
19 55 0.079399
19 56 0.079400
19 57 0.079402
19 58 0.079403
19 59 0.079404
19 60 0.079405
19 61 0.079407
19 62 0.079408
19 63 0.079409
19 64 0.079411
19 65 0.079412
19 66 0.079413
19 67 0.079415
19 68 0.079416
19 69 0.079417
19 70 0.079419
19 71 0.079420
19 72 0.079422
19 73 0.079423
19 74 0.079424
19 75 0.079426
19 76 0.079427
19 77 0.079428
19 78 0.079429
19 79 0.079431
19 80 0.079432
19 81 0.079433
19 82 0.079434
19 83 0.079435
19 84 0.079436
19 85 0.079437
19 86 0.079437
19 87 0.079438
19 88 0.079439
19 89 0.079439
19 90 0.079440
19 91 0.079440
19 92 0.079441
19 93 0.079441
19 94 0.079441
19 95 0.079441
19 96 0.079441
19 97 0.079441
19 98 0.079440
19 99 0.079440

20 0 0.079409
20 1 0.079408
20 2 0.079408
20 3 0.079407
20 4 0.079407
20 5 0.079407
20 6 0.079406
20 7 0.079406
20 8 0.079405
20 9 0.079404
20 10 0.079404
20 11 0.079403
20 12 0.079403
20 13 0.079402
20 14 0.079402
20 15 0.079401
20 16 0.079400
20 17 0.079400
20 18 0.079399
20 19 0.079398
20 20 0.079398
20 21 0.079397
20 22 0.079397
20 23 0.079396
20 24 0.079395
20 25 0.079395
20 26 0.079394
20 27 0.079394
20 28 0.079393
20 29 0.079392
20 30 0.079392
20 31 0.079392
20 32 0.079391
20 33 0.079391
20 34 0.079390
20 35 0.079390
20 36 0.079390
20 37 0.079390
20 38 0.079390
20 39 0.079390
20 40 0.079390
20 41 0.079390
20 42 0.079390
20 43 0.079390
20 44 0.079391
20 45 0.079391
20 46 0.079392
20 47 0.079392
20 48 0.079393
20 49 0.079394
20 50 0.079395
20 51 0.079396
20 52 0.079396
20 53 0.079397
20 54 0.079399
20 55 0.079400
20 56 0.079401
20 57 0.079402
20 58 0.079403
20 59 0.079404
20 60 0.079406
20 61 0.079407
20 62 0.079408
20 63 0.079410
20 64 0.079411
20 65 0.079412
20 66 0.079414
20 67 0.079415
20 68 0.079417
20 69 0.079418
20 70 0.079419
20 71 0.079421
20 72 0.079422
20 73 0.079423
20 74 0.079425
20 75 0.079426
20 76 0.079427
20 77 0.079429
20 78 0.079430
20 79 0.079431
20 80 0.079432
20 81 0.079433
20 82 0.079434
20 83 0.079435
20 84 0.079436
20 85 0.079437
20 86 0.079438
20 87 0.079439
20 88 0.079439
20 89 0.079440
20 90 0.079440
20 91 0.079441
20 92 0.079441
20 93 0.079441
20 94 0.079442
20 95 0.079441
20 96 0.079441
20 97 0.079441
20 98 0.079441
20 99 0.079441

21 0 0.079409
21 1 0.079408
21 2 0.079408
21 3 0.079408
21 4 0.079407
21 5 0.079407
21 6 0.079406
21 7 0.079406
21 8 0.079405
21 9 0.079405
21 10 0.079404
21 11 0.079404
21 12 0.079403
21 13 0.079402
21 14 0.079402
21 15 0.079401
21 16 0.079401
21 17 0.079400
21 18 0.079399
21 19 0.079399
21 20 0.079398
21 21 0.079397
21 22 0.079397
21 23 0.079396
21 24 0.079396
21 25 0.079395
21 26 0.079394
21 27 0.079394
21 28 0.079393
21 29 0.079393
21 30 0.079392
21 31 0.079392
21 32 0.079392
21 33 0.079391
21 34 0.079391
21 35 0.079391
21 36 0.079390
21 37 0.079390
21 38 0.079390
21 39 0.079390
21 40 0.079390
21 41 0.079390
21 42 0.079391
21 43 0.079391
21 44 0.079391
21 45 0.079392
21 46 0.079392
21 47 0.079393
21 48 0.079394
21 49 0.079394
21 50 0.079395
21 51 0.079396
21 52 0.079397
21 53 0.079398
21 54 0.079399
21 55 0.079400
21 56 0.079401
21 57 0.079403
21 58 0.079404
21 59 0.079405
21 60 0.079406
21 61 0.079408
21 62 0.079409
21 63 0.079410
21 64 0.079412
21 65 0.079413
21 66 0.079414
21 67 0.079416
21 68 0.079417
21 69 0.079418
21 70 0.079420
21 71 0.079421
21 72 0.079423
21 73 0.079424
21 74 0.079425
21 75 0.079427
21 76 0.079428
21 77 0.079429
21 78 0.079430
21 79 0.079432
21 80 0.079433
21 81 0.079434
21 82 0.079435
21 83 0.079436
21 84 0.079437
21 85 0.079438
21 86 0.079438
21 87 0.079439
21 88 0.079440
21 89 0.079440
21 90 0.079441
21 91 0.079441
21 92 0.079442
21 93 0.079442
21 94 0.079442
21 95 0.079442
21 96 0.079442
21 97 0.079442
21 98 0.079441
21 99 0.079441

22 0 0.079409
22 1 0.079408
22 2 0.079408
22 3 0.079408
22 4 0.079407
22 5 0.079407
22 6 0.079406
22 7 0.079406
22 8 0.079405
22 9 0.079405
22 10 0.079404
22 11 0.079404
22 12 0.079403
22 13 0.079403
22 14 0.079402
22 15 0.079401
22 16 0.079401
22 17 0.079400
22 18 0.079400
22 19 0.079399
22 20 0.079398
22 21 0.079398
22 22 0.079397
22 23 0.079396
22 24 0.079396
22 25 0.079395
22 26 0.079395
22 27 0.079394
22 28 0.079394
22 29 0.079393
22 30 0.079393
22 31 0.079392
22 32 0.079392
22 33 0.079392
22 34 0.079391
22 35 0.079391
22 36 0.079391
22 37 0.079391
22 38 0.079391
22 39 0.079391
22 40 0.079391
22 41 0.079391
22 42 0.079391
22 43 0.079391
22 44 0.079392
22 45 0.079392
22 46 0.079393
22 47 0.079393
22 48 0.079394
22 49 0.079395
22 50 0.079396
22 51 0.079397
22 52 0.079398
22 53 0.079399
22 54 0.079400
22 55 0.079401
22 56 0.079402
22 57 0.079403
22 58 0.079404
22 59 0.079406
22 60 0.079407
22 61 0.079408
22 62 0.079409
22 63 0.079411
22 64 0.079412
22 65 0.079414
22 66 0.079415
22 67 0.079416
22 68 0.079418
22 69 0.079419
22 70 0.079420
22 71 0.079422
22 72 0.079423
22 73 0.079425
22 74 0.079426
22 75 0.079427
22 76 0.079428
22 77 0.079430
22 78 0.079431
22 79 0.079432
22 80 0.079433
22 81 0.079434
22 82 0.079435
22 83 0.079436
22 84 0.079437
22 85 0.079438
22 86 0.079439
22 87 0.079440
22 88 0.079440
22 89 0.079441
22 90 0.079441
22 91 0.079442
22 92 0.079442
22 93 0.079442
22 94 0.079443
22 95 0.079442
22 96 0.079442
22 97 0.079442
22 98 0.079442
22 99 0.079442

23 0 0.079409
23 1 0.079408
23 2 0.079408
23 3 0.079408
23 4 0.079407
23 5 0.079407
23 6 0.079406
23 7 0.079406
23 8 0.079405
23 9 0.079405
23 10 0.079404
23 11 0.079404
23 12 0.079403
23 13 0.079403
23 14 0.079402
23 15 0.079402
23 16 0.079401
23 17 0.079400
23 18 0.079400
23 19 0.079399
23 20 0.079398
23 21 0.079398
23 22 0.079397
23 23 0.079397
23 24 0.079396
23 25 0.079396
23 26 0.079395
23 27 0.079394
23 28 0.079394
23 29 0.079393
23 30 0.079393
23 31 0.079393
23 32 0.079392
23 33 0.079392
23 34 0.079392
23 35 0.079391
23 36 0.079391
23 37 0.079391
23 38 0.079391
23 39 0.079391
23 40 0.079391
23 41 0.079391
23 42 0.079392
23 43 0.079392
23 44 0.079392
23 45 0.079393
23 46 0.079393
23 47 0.079394
23 48 0.079395
23 49 0.079395
23 50 0.079396
23 51 0.079397
23 52 0.079398
23 53 0.079399
23 54 0.079400
23 55 0.079401
23 56 0.079402
23 57 0.079404
23 58 0.079405
23 59 0.079406
23 60 0.079407
23 61 0.079409
23 62 0.079410
23 63 0.079411
23 64 0.079413
23 65 0.079414
23 66 0.079416
23 67 0.079417
23 68 0.079418
23 69 0.079420
23 70 0.079421
23 71 0.079422
23 72 0.079424
23 73 0.079425
23 74 0.079426
23 75 0.079428
23 76 0.079429
23 77 0.079430
23 78 0.079432
23 79 0.079433
23 80 0.079434
23 81 0.079435
23 82 0.079436
23 83 0.079437
23 84 0.079438
23 85 0.079439
23 86 0.079440
23 87 0.079440
23 88 0.079441
23 89 0.079442
23 90 0.079442
23 91 0.079442
23 92 0.079443
23 93 0.079443
23 94 0.079443
23 95 0.079443
23 96 0.079443
23 97 0.079443
23 98 0.079442
23 99 0.079443

24 0 0.079409
24 1 0.079408
24 2 0.079408
24 3 0.079408
24 4 0.079407
24 5 0.079407
24 6 0.079406
24 7 0.079406
24 8 0.079405
24 9 0.079405
24 10 0.079404
24 11 0.079404
24 12 0.079403
24 13 0.079403
24 14 0.079402
24 15 0.079402
24 16 0.079401
24 17 0.079400
24 18 0.079400
24 19 0.079399
24 20 0.079399
24 21 0.079398
24 22 0.079398
24 23 0.079397
24 24 0.079396
24 25 0.079396
24 26 0.079395
24 27 0.079395
24 28 0.079394
24 29 0.079394
24 30 0.079393
24 31 0.079393
24 32 0.079393
24 33 0.079392
24 34 0.079392
24 35 0.079392
24 36 0.079392
24 37 0.079392
24 38 0.079392
24 39 0.079392
24 40 0.079392
24 41 0.079392
24 42 0.079392
24 43 0.079392
24 44 0.079393
24 45 0.079393
24 46 0.079394
24 47 0.079395
24 48 0.079395
24 49 0.079396
24 50 0.079397
24 51 0.079398
24 52 0.079399
24 53 0.079400
24 54 0.079401
24 55 0.079402
24 56 0.079403
24 57 0.079404
24 58 0.079406
24 59 0.079407
24 60 0.079408
24 61 0.079409
24 62 0.079411
24 63 0.079412
24 64 0.079413
24 65 0.079415
24 66 0.079416
24 67 0.079418
24 68 0.079419
24 69 0.079420
24 70 0.079422
24 71 0.079423
24 72 0.079424
24 73 0.079426
24 74 0.079427
24 75 0.079428
24 76 0.079430
24 77 0.079431
24 78 0.079432
24 79 0.079433
24 80 0.079434
24 81 0.079436
24 82 0.079437
24 83 0.079438
24 84 0.079439
24 85 0.079439
24 86 0.079440
24 87 0.079441
24 88 0.079442
24 89 0.079442
24 90 0.079443
24 91 0.079443
24 92 0.079443
24 93 0.079443
24 94 0.079444
24 95 0.079444
24 96 0.079444
24 97 0.079443
24 98 0.079443
24 99 0.079443

25 0 0.079409
25 1 0.079408
25 2 0.079408
25 3 0.079408
25 4 0.079407
25 5 0.079407
25 6 0.079406
25 7 0.079406
25 8 0.079405
25 9 0.079405
25 10 0.079404
25 11 0.079404
25 12 0.079403
25 13 0.079403
25 14 0.079402
25 15 0.079402
25 16 0.079401
25 17 0.079401
25 18 0.079400
25 19 0.079399
25 20 0.079399
25 21 0.079398
25 22 0.079398
25 23 0.079397
25 24 0.079397
25 25 0.079396
25 26 0.079396
25 27 0.079395
25 28 0.079395
25 29 0.079394
25 30 0.079394
25 31 0.079393
25 32 0.079393
25 33 0.079393
25 34 0.079393
25 35 0.079392
25 36 0.079392
25 37 0.079392
25 38 0.079392
25 39 0.079392
25 40 0.079392
25 41 0.079392
25 42 0.079393
25 43 0.079393
25 44 0.079393
25 45 0.079394
25 46 0.079395
25 47 0.079395
25 48 0.079396
25 49 0.079397
25 50 0.079398
25 51 0.079398
25 52 0.079399
25 53 0.079400
25 54 0.079401
25 55 0.079403
25 56 0.079404
25 57 0.079405
25 58 0.079406
25 59 0.079407
25 60 0.079409
25 61 0.079410
25 62 0.079411
25 63 0.079413
25 64 0.079414
25 65 0.079415
25 66 0.079417
25 67 0.079418
25 68 0.079420
25 69 0.079421
25 70 0.079422
25 71 0.079424
25 72 0.079425
25 73 0.079426
25 74 0.079428
25 75 0.079429
25 76 0.079430
25 77 0.079432
25 78 0.079433
25 79 0.079434
25 80 0.079435
25 81 0.079436
25 82 0.079437
25 83 0.079438
25 84 0.079439
25 85 0.079440
25 86 0.079441
25 87 0.079442
25 88 0.079442
25 89 0.079443
25 90 0.079443
25 91 0.079444
25 92 0.079444
25 93 0.079444
25 94 0.079444
25 95 0.079444
25 96 0.079444
25 97 0.079444
25 98 0.079444
25 99 0.079444

26 0 0.079409
26 1 0.079409
26 2 0.079408
26 3 0.079408
26 4 0.079407
26 5 0.079407
26 6 0.079407
26 7 0.079406
26 8 0.079406
26 9 0.079405
26 10 0.079405
26 11 0.079404
26 12 0.079404
26 13 0.079403
26 14 0.079403
26 15 0.079402
26 16 0.079402
26 17 0.079401
26 18 0.079400
26 19 0.079400
26 20 0.079399
26 21 0.079399
26 22 0.079398
26 23 0.079398
26 24 0.079397
26 25 0.079396
26 26 0.079396
26 27 0.079395
26 28 0.079395
26 29 0.079395
26 30 0.079394
26 31 0.079394
26 32 0.079393
26 33 0.079393
26 34 0.079393
26 35 0.079393
26 36 0.079393
26 37 0.079393
26 38 0.079393
26 39 0.079393
26 40 0.079393
26 41 0.079393
26 42 0.079393
26 43 0.079394
26 44 0.079394
26 45 0.079395
26 46 0.079395
26 47 0.079396
26 48 0.079396
26 49 0.079397
26 50 0.079398
26 51 0.079399
26 52 0.079400
26 53 0.079401
26 54 0.079402
26 55 0.079403
26 56 0.079404
26 57 0.079406
26 58 0.079407
26 59 0.079408
26 60 0.079409
26 61 0.079411
26 62 0.079412
26 63 0.079413
26 64 0.079415
26 65 0.079416
26 66 0.079418
26 67 0.079419
26 68 0.079420
26 69 0.079422
26 70 0.079423
26 71 0.079424
26 72 0.079426
26 73 0.079427
26 74 0.079428
26 75 0.079430
26 76 0.079431
26 77 0.079432
26 78 0.079434
26 79 0.079435
26 80 0.079436
26 81 0.079437
26 82 0.079438
26 83 0.079439
26 84 0.079440
26 85 0.079441
26 86 0.079442
26 87 0.079442
26 88 0.079443
26 89 0.079444
26 90 0.079444
26 91 0.079444
26 92 0.079445
26 93 0.079445
26 94 0.079445
26 95 0.079445
26 96 0.079445
26 97 0.079445
26 98 0.079444
26 99 0.079445

27 0 0.079409
27 1 0.079409
27 2 0.079408
27 3 0.079408
27 4 0.079407
27 5 0.079407
27 6 0.079407
27 7 0.079406
27 8 0.079406
27 9 0.079405
27 10 0.079405
27 11 0.079404
27 12 0.079404
27 13 0.079403
27 14 0.079403
27 15 0.079402
27 16 0.079402
27 17 0.079401
27 18 0.079401
27 19 0.079400
27 20 0.079399
27 21 0.079399
27 22 0.079398
27 23 0.079398
27 24 0.079397
27 25 0.079397
27 26 0.079396
27 27 0.079396
27 28 0.079395
27 29 0.079395
27 30 0.079395
27 31 0.079394
27 32 0.079394
27 33 0.079394
27 34 0.079394
27 35 0.079393
27 36 0.079393
27 37 0.079393
27 38 0.079393
27 39 0.079393
27 40 0.079393
27 41 0.079394
27 42 0.079394
27 43 0.079394
27 44 0.079395
27 45 0.079395
27 46 0.079396
27 47 0.079397
27 48 0.079397
27 49 0.079398
27 50 0.079399
27 51 0.079400
27 52 0.079401
27 53 0.079402
27 54 0.079403
27 55 0.079404
27 56 0.079405
27 57 0.079406
27 58 0.079408
27 59 0.079409
27 60 0.079410
27 61 0.079412
27 62 0.079413
27 63 0.079414
27 64 0.079416
27 65 0.079417
27 66 0.079418
27 67 0.079420
27 68 0.079421
27 69 0.079422
27 70 0.079424
27 71 0.079425
27 72 0.079427
27 73 0.079428
27 74 0.079429
27 75 0.079431
27 76 0.079432
27 77 0.079433
27 78 0.079434
27 79 0.079436
27 80 0.079437
27 81 0.079438
27 82 0.079439
27 83 0.079440
27 84 0.079441
27 85 0.079442
27 86 0.079442
27 87 0.079443
27 88 0.079444
27 89 0.079444
27 90 0.079445
27 91 0.079445
27 92 0.079445
27 93 0.079446
27 94 0.079446
27 95 0.079446
27 96 0.079446
27 97 0.079446
27 98 0.079445
27 99 0.079445

28 0 0.079409
28 1 0.079409
28 2 0.079408
28 3 0.079408
28 4 0.079408
28 5 0.079407
28 6 0.079407
28 7 0.079406
28 8 0.079406
28 9 0.079406
28 10 0.079405
28 11 0.079405
28 12 0.079404
28 13 0.079404
28 14 0.079403
28 15 0.079403
28 16 0.079402
28 17 0.079402
28 18 0.079401
28 19 0.079400
28 20 0.079400
28 21 0.079399
28 22 0.079399
28 23 0.079398
28 24 0.079398
28 25 0.079397
28 26 0.079397
28 27 0.079396
28 28 0.079396
28 29 0.079396
28 30 0.079395
28 31 0.079395
28 32 0.079395
28 33 0.079394
28 34 0.079394
28 35 0.079394
28 36 0.079394
28 37 0.079394
28 38 0.079394
28 39 0.079394
28 40 0.079394
28 41 0.079394
28 42 0.079395
28 43 0.079395
28 44 0.079396
28 45 0.079396
28 46 0.079397
28 47 0.079397
28 48 0.079398
28 49 0.079399
28 50 0.079400
28 51 0.079401
28 52 0.079402
28 53 0.079403
28 54 0.079404
28 55 0.079405
28 56 0.079406
28 57 0.079407
28 58 0.079408
28 59 0.079410
28 60 0.079411
28 61 0.079412
28 62 0.079414
28 63 0.079415
28 64 0.079416
28 65 0.079418
28 66 0.079419
28 67 0.079421
28 68 0.079422
28 69 0.079423
28 70 0.079425
28 71 0.079426
28 72 0.079427
28 73 0.079429
28 74 0.079430
28 75 0.079431
28 76 0.079433
28 77 0.079434
28 78 0.079435
28 79 0.079436
28 80 0.079438
28 81 0.079439
28 82 0.079440
28 83 0.079441
28 84 0.079442
28 85 0.079442
28 86 0.079443
28 87 0.079444
28 88 0.079445
28 89 0.079445
28 90 0.079446
28 91 0.079446
28 92 0.079446
28 93 0.079446
28 94 0.079447
28 95 0.079447
28 96 0.079447
28 97 0.079446
28 98 0.079446
28 99 0.079446

29 0 0.079410
29 1 0.079409
29 2 0.079409
29 3 0.079408
29 4 0.079408
29 5 0.079408
29 6 0.079407
29 7 0.079407
29 8 0.079406
29 9 0.079406
29 10 0.079406
29 11 0.079405
29 12 0.079405
29 13 0.079404
29 14 0.079404
29 15 0.079403
29 16 0.079403
29 17 0.079402
29 18 0.079401
29 19 0.079401
29 20 0.079400
29 21 0.079400
29 22 0.079399
29 23 0.079399
29 24 0.079398
29 25 0.079398
29 26 0.079397
29 27 0.079397
29 28 0.079397
29 29 0.079396
29 30 0.079396
29 31 0.079396
29 32 0.079395
29 33 0.079395
29 34 0.079395
29 35 0.079395
29 36 0.079395
29 37 0.079395
29 38 0.079395
29 39 0.079395
29 40 0.079395
29 41 0.079395
29 42 0.079395
29 43 0.079396
29 44 0.079396
29 45 0.079397
29 46 0.079398
29 47 0.079398
29 48 0.079399
29 49 0.079400
29 50 0.079401
29 51 0.079402
29 52 0.079403
29 53 0.079404
29 54 0.079405
29 55 0.079406
29 56 0.079407
29 57 0.079408
29 58 0.079409
29 59 0.079411
29 60 0.079412
29 61 0.079413
29 62 0.079415
29 63 0.079416
29 64 0.079417
29 65 0.079419
29 66 0.079420
29 67 0.079422
29 68 0.079423
29 69 0.079424
29 70 0.079426
29 71 0.079427
29 72 0.079428
29 73 0.079430
29 74 0.079431
29 75 0.079432
29 76 0.079434
29 77 0.079435
29 78 0.079436
29 79 0.079437
29 80 0.079438
29 81 0.079439
29 82 0.079440
29 83 0.079441
29 84 0.079442
29 85 0.079443
29 86 0.079444
29 87 0.079445
29 88 0.079445
29 89 0.079446
29 90 0.079446
29 91 0.079447
29 92 0.079447
29 93 0.079447
29 94 0.079447
29 95 0.079447
29 96 0.079447
29 97 0.079447
29 98 0.079447
29 99 0.079447

30 0 0.079410
30 1 0.079409
30 2 0.079409
30 3 0.079409
30 4 0.079408
30 5 0.079408
30 6 0.079408
30 7 0.079407
30 8 0.079407
30 9 0.079406
30 10 0.079406
30 11 0.079405
30 12 0.079405
30 13 0.079404
30 14 0.079404
30 15 0.079403
30 16 0.079403
30 17 0.079402
30 18 0.079402
30 19 0.079401
30 20 0.079401
30 21 0.079400
30 22 0.079400
30 23 0.079399
30 24 0.079399
30 25 0.079399
30 26 0.079398
30 27 0.079398
30 28 0.079397
30 29 0.079397
30 30 0.079397
30 31 0.079396
30 32 0.079396
30 33 0.079396
30 34 0.079396
30 35 0.079395
30 36 0.079395
30 37 0.079395
30 38 0.079395
30 39 0.079396
30 40 0.079396
30 41 0.079396
30 42 0.079396
30 43 0.079397
30 44 0.079397
30 45 0.079398
30 46 0.079398
30 47 0.079399
30 48 0.079400
30 49 0.079400
30 50 0.079401
30 51 0.079402
30 52 0.079403
30 53 0.079404
30 54 0.079405
30 55 0.079407
30 56 0.079408
30 57 0.079409
30 58 0.079410
30 59 0.079411
30 60 0.079413
30 61 0.079414
30 62 0.079415
30 63 0.079417
30 64 0.079418
30 65 0.079420
30 66 0.079421
30 67 0.079422
30 68 0.079424
30 69 0.079425
30 70 0.079427
30 71 0.079428
30 72 0.079429
30 73 0.079431
30 74 0.079432
30 75 0.079433
30 76 0.079434
30 77 0.079436
30 78 0.079437
30 79 0.079438
30 80 0.079439
30 81 0.079440
30 82 0.079441
30 83 0.079442
30 84 0.079443
30 85 0.079444
30 86 0.079445
30 87 0.079446
30 88 0.079446
30 89 0.079447
30 90 0.079447
30 91 0.079448
30 92 0.079448
30 93 0.079448
30 94 0.079448
30 95 0.079448
30 96 0.079448
30 97 0.079448
30 98 0.079448
30 99 0.079448

31 0 0.079410
31 1 0.079409
31 2 0.079409
31 3 0.079409
31 4 0.079408
31 5 0.079408
31 6 0.079408
31 7 0.079407
31 8 0.079407
31 9 0.079406
31 10 0.079406
31 11 0.079406
31 12 0.079405
31 13 0.079405
31 14 0.079404
31 15 0.079404
31 16 0.079403
31 17 0.079403
31 18 0.079402
31 19 0.079402
31 20 0.079401
31 21 0.079401
31 22 0.079400
31 23 0.079400
31 24 0.079399
31 25 0.079399
31 26 0.079398
31 27 0.079398
31 28 0.079398
31 29 0.079397
31 30 0.079397
31 31 0.079397
31 32 0.079396
31 33 0.079396
31 34 0.079396
31 35 0.079396
31 36 0.079396
31 37 0.079396
31 38 0.079396
31 39 0.079396
31 40 0.079396
31 41 0.079397
31 42 0.079397
31 43 0.079398
31 44 0.079398
31 45 0.079399
31 46 0.079399
31 47 0.079400
31 48 0.079401
31 49 0.079401
31 50 0.079402
31 51 0.079403
31 52 0.079404
31 53 0.079405
31 54 0.079406
31 55 0.079408
31 56 0.079409
31 57 0.079410
31 58 0.079411
31 59 0.079413
31 60 0.079414
31 61 0.079415
31 62 0.079417
31 63 0.079418
31 64 0.079419
31 65 0.079421
31 66 0.079422
31 67 0.079423
31 68 0.079425
31 69 0.079426
31 70 0.079428
31 71 0.079429
31 72 0.079430
31 73 0.079432
31 74 0.079433
31 75 0.079434
31 76 0.079435
31 77 0.079437
31 78 0.079438
31 79 0.079439
31 80 0.079440
31 81 0.079441
31 82 0.079442
31 83 0.079443
31 84 0.079444
31 85 0.079445
31 86 0.079446
31 87 0.079447
31 88 0.079447
31 89 0.079448
31 90 0.079448
31 91 0.079449
31 92 0.079449
31 93 0.079449
31 94 0.079449
31 95 0.079449
31 96 0.079449
31 97 0.079449
31 98 0.079449
31 99 0.079449

32 0 0.079410
32 1 0.079410
32 2 0.079410
32 3 0.079409
32 4 0.079409
32 5 0.079409
32 6 0.079408
32 7 0.079408
32 8 0.079407
32 9 0.079407
32 10 0.079406
32 11 0.079406
32 12 0.079406
32 13 0.079405
32 14 0.079405
32 15 0.079404
32 16 0.079404
32 17 0.079403
32 18 0.079403
32 19 0.079402
32 20 0.079402
32 21 0.079401
32 22 0.079401
32 23 0.079400
32 24 0.079400
32 25 0.079400
32 26 0.079399
32 27 0.079399
32 28 0.079398
32 29 0.079398
32 30 0.079398
32 31 0.079398
32 32 0.079397
32 33 0.079397
32 34 0.079397
32 35 0.079397
32 36 0.079397
32 37 0.079397
32 38 0.079397
32 39 0.079397
32 40 0.079397
32 41 0.079398
32 42 0.079398
32 43 0.079399
32 44 0.079399
32 45 0.079400
32 46 0.079400
32 47 0.079401
32 48 0.079402
32 49 0.079403
32 50 0.079403
32 51 0.079404
32 52 0.079405
32 53 0.079406
32 54 0.079408
32 55 0.079409
32 56 0.079410
32 57 0.079411
32 58 0.079412
32 59 0.079414
32 60 0.079415
32 61 0.079416
32 62 0.079418
32 63 0.079419
32 64 0.079420
32 65 0.079422
32 66 0.079423
32 67 0.079424
32 68 0.079426
32 69 0.079427
32 70 0.079429
32 71 0.079430
32 72 0.079431
32 73 0.079433
32 74 0.079434
32 75 0.079435
32 76 0.079437
32 77 0.079438
32 78 0.079439
32 79 0.079440
32 80 0.079441
32 81 0.079442
32 82 0.079443
32 83 0.079444
32 84 0.079445
32 85 0.079446
32 86 0.079447
32 87 0.079448
32 88 0.079448
32 89 0.079449
32 90 0.079449
32 91 0.079450
32 92 0.079450
32 93 0.079450
32 94 0.079450
32 95 0.079450
32 96 0.079450
32 97 0.079450
32 98 0.079450
32 99 0.079450

33 0 0.079411
33 1 0.079410
33 2 0.079410
33 3 0.079410
33 4 0.079409
33 5 0.079409
33 6 0.079409
33 7 0.079408
33 8 0.079408
33 9 0.079408
33 10 0.079407
33 11 0.079407
33 12 0.079406
33 13 0.079406
33 14 0.079405
33 15 0.079405
33 16 0.079404
33 17 0.079404
33 18 0.079404
33 19 0.079403
33 20 0.079403
33 21 0.079402
33 22 0.079402
33 23 0.079401
33 24 0.079401
33 25 0.079400
33 26 0.079400
33 27 0.079400
33 28 0.079399
33 29 0.079399
33 30 0.079399
33 31 0.079398
33 32 0.079398
33 33 0.079398
33 34 0.079398
33 35 0.079398
33 36 0.079398
33 37 0.079398
33 38 0.079398
33 39 0.079398
33 40 0.079398
33 41 0.079399
33 42 0.079399
33 43 0.079400
33 44 0.079400
33 45 0.079401
33 46 0.079401
33 47 0.079402
33 48 0.079403
33 49 0.079404
33 50 0.079404
33 51 0.079405
33 52 0.079406
33 53 0.079408
33 54 0.079409
33 55 0.079410
33 56 0.079411
33 57 0.079412
33 58 0.079413
33 59 0.079415
33 60 0.079416
33 61 0.079417
33 62 0.079419
33 63 0.079420
33 64 0.079421
33 65 0.079423
33 66 0.079424
33 67 0.079426
33 68 0.079427
33 69 0.079428
33 70 0.079430
33 71 0.079431
33 72 0.079432
33 73 0.079434
33 74 0.079435
33 75 0.079436
33 76 0.079438
33 77 0.079439
33 78 0.079440
33 79 0.079441
33 80 0.079442
33 81 0.079443
33 82 0.079444
33 83 0.079445
33 84 0.079446
33 85 0.079447
33 86 0.079448
33 87 0.079449
33 88 0.079449
33 89 0.079450
33 90 0.079450
33 91 0.079451
33 92 0.079451
33 93 0.079451
33 94 0.079451
33 95 0.079451
33 96 0.079451
33 97 0.079451
33 98 0.079451
33 99 0.079451

34 0 0.079411
34 1 0.079411
34 2 0.079411
34 3 0.079410
34 4 0.079410
34 5 0.079410
34 6 0.079409
34 7 0.079409
34 8 0.079409
34 9 0.079408
34 10 0.079408
34 11 0.079407
34 12 0.079407
34 13 0.079406
34 14 0.079406
34 15 0.079406
34 16 0.079405
34 17 0.079405
34 18 0.079404
34 19 0.079404
34 20 0.079403
34 21 0.079403
34 22 0.079402
34 23 0.079402
34 24 0.079402
34 25 0.079401
34 26 0.079401
34 27 0.079400
34 28 0.079400
34 29 0.079400
34 30 0.079400
34 31 0.079399
34 32 0.079399
34 33 0.079399
34 34 0.079399
34 35 0.079399
34 36 0.079399
34 37 0.079399
34 38 0.079399
34 39 0.079399
34 40 0.079400
34 41 0.079400
34 42 0.079400
34 43 0.079401
34 44 0.079401
34 45 0.079402
34 46 0.079402
34 47 0.079403
34 48 0.079404
34 49 0.079405
34 50 0.079406
34 51 0.079407
34 52 0.079408
34 53 0.079409
34 54 0.079410
34 55 0.079411
34 56 0.079412
34 57 0.079413
34 58 0.079415
34 59 0.079416
34 60 0.079417
34 61 0.079419
34 62 0.079420
34 63 0.079421
34 64 0.079423
34 65 0.079424
34 66 0.079425
34 67 0.079427
34 68 0.079428
34 69 0.079430
34 70 0.079431
34 71 0.079432
34 72 0.079434
34 73 0.079435
34 74 0.079436
34 75 0.079438
34 76 0.079439
34 77 0.079440
34 78 0.079441
34 79 0.079442
34 80 0.079444
34 81 0.079445
34 82 0.079446
34 83 0.079447
34 84 0.079447
34 85 0.079448
34 86 0.079449
34 87 0.079450
34 88 0.079450
34 89 0.079451
34 90 0.079451
34 91 0.079452
34 92 0.079452
34 93 0.079452
34 94 0.079452
34 95 0.079453
34 96 0.079452
34 97 0.079452
34 98 0.079452
34 99 0.079452

35 0 0.079412
35 1 0.079412
35 2 0.079411
35 3 0.079411
35 4 0.079411
35 5 0.079410
35 6 0.079410
35 7 0.079410
35 8 0.079409
35 9 0.079409
35 10 0.079408
35 11 0.079408
35 12 0.079408
35 13 0.079407
35 14 0.079407
35 15 0.079406
35 16 0.079406
35 17 0.079405
35 18 0.079405
35 19 0.079405
35 20 0.079404
35 21 0.079404
35 22 0.079403
35 23 0.079403
35 24 0.079403
35 25 0.079402
35 26 0.079402
35 27 0.079401
35 28 0.079401
35 29 0.079401
35 30 0.079401
35 31 0.079400
35 32 0.079400
35 33 0.079400
35 34 0.079400
35 35 0.079400
35 36 0.079400
35 37 0.079400
35 38 0.079400
35 39 0.079400
35 40 0.079401
35 41 0.079401
35 42 0.079401
35 43 0.079402
35 44 0.079402
35 45 0.079403
35 46 0.079404
35 47 0.079404
35 48 0.079405
35 49 0.079406
35 50 0.079407
35 51 0.079408
35 52 0.079409
35 53 0.079410
35 54 0.079411
35 55 0.079412
35 56 0.079413
35 57 0.079415
35 58 0.079416
35 59 0.079417
35 60 0.079418
35 61 0.079420
35 62 0.079421
35 63 0.079422
35 64 0.079424
35 65 0.079425
35 66 0.079427
35 67 0.079428
35 68 0.079429
35 69 0.079431
35 70 0.079432
35 71 0.079434
35 72 0.079435
35 73 0.079436
35 74 0.079438
35 75 0.079439
35 76 0.079440
35 77 0.079441
35 78 0.079442
35 79 0.079444
35 80 0.079445
35 81 0.079446
35 82 0.079447
35 83 0.079448
35 84 0.079449
35 85 0.079449
35 86 0.079450
35 87 0.079451
35 88 0.079452
35 89 0.079452
35 90 0.079453
35 91 0.079453
35 92 0.079453
35 93 0.079454
35 94 0.079454
35 95 0.079454
35 96 0.079454
35 97 0.079454
35 98 0.079453
35 99 0.079453

36 0 0.079413
36 1 0.079412
36 2 0.079412
36 3 0.079412
36 4 0.079411
36 5 0.079411
36 6 0.079411
36 7 0.079410
36 8 0.079410
36 9 0.079410
36 10 0.079409
36 11 0.079409
36 12 0.079408
36 13 0.079408
36 14 0.079408
36 15 0.079407
36 16 0.079407
36 17 0.079406
36 18 0.079406
36 19 0.079405
36 20 0.079405
36 21 0.079405
36 22 0.079404
36 23 0.079404
36 24 0.079403
36 25 0.079403
36 26 0.079403
36 27 0.079402
36 28 0.079402
36 29 0.079402
36 30 0.079402
36 31 0.079401
36 32 0.079401
36 33 0.079401
36 34 0.079401
36 35 0.079401
36 36 0.079401
36 37 0.079401
36 38 0.079401
36 39 0.079402
36 40 0.079402
36 41 0.079402
36 42 0.079403
36 43 0.079403
36 44 0.079404
36 45 0.079404
36 46 0.079405
36 47 0.079406
36 48 0.079406
36 49 0.079407
36 50 0.079408
36 51 0.079409
36 52 0.079410
36 53 0.079411
36 54 0.079412
36 55 0.079414
36 56 0.079415
36 57 0.079416
36 58 0.079417
36 59 0.079418
36 60 0.079420
36 61 0.079421
36 62 0.079422
36 63 0.079424
36 64 0.079425
36 65 0.079427
36 66 0.079428
36 67 0.079429
36 68 0.079431
36 69 0.079432
36 70 0.079434
36 71 0.079435
36 72 0.079436
36 73 0.079438
36 74 0.079439
36 75 0.079440
36 76 0.079441
36 77 0.079443
36 78 0.079444
36 79 0.079445
36 80 0.079446
36 81 0.079447
36 82 0.079448
36 83 0.079449
36 84 0.079450
36 85 0.079451
36 86 0.079452
36 87 0.079452
36 88 0.079453
36 89 0.079453
36 90 0.079454
36 91 0.079454
36 92 0.079455
36 93 0.079455
36 94 0.079455
36 95 0.079455
36 96 0.079455
36 97 0.079455
36 98 0.079454
36 99 0.079454

37 0 0.079413
37 1 0.079413
37 2 0.079413
37 3 0.079412
37 4 0.079412
37 5 0.079412
37 6 0.079411
37 7 0.079411
37 8 0.079411
37 9 0.079410
37 10 0.079410
37 11 0.079410
37 12 0.079409
37 13 0.079409
37 14 0.079408
37 15 0.079408
37 16 0.079408
37 17 0.079407
37 18 0.079407
37 19 0.079406
37 20 0.079406
37 21 0.079406
37 22 0.079405
37 23 0.079405
37 24 0.079404
37 25 0.079404
37 26 0.079404
37 27 0.079403
37 28 0.079403
37 29 0.079403
37 30 0.079403
37 31 0.079403
37 32 0.079402
37 33 0.079402
37 34 0.079402
37 35 0.079402
37 36 0.079402
37 37 0.079402
37 38 0.079403
37 39 0.079403
37 40 0.079403
37 41 0.079403
37 42 0.079404
37 43 0.079404
37 44 0.079405
37 45 0.079405
37 46 0.079406
37 47 0.079407
37 48 0.079408
37 49 0.079409
37 50 0.079409
37 51 0.079410
37 52 0.079411
37 53 0.079413
37 54 0.079414
37 55 0.079415
37 56 0.079416
37 57 0.079417
37 58 0.079419
37 59 0.079420
37 60 0.079421
37 61 0.079422
37 62 0.079424
37 63 0.079425
37 64 0.079427
37 65 0.079428
37 66 0.079429
37 67 0.079431
37 68 0.079432
37 69 0.079434
37 70 0.079435
37 71 0.079436
37 72 0.079438
37 73 0.079439
37 74 0.079440
37 75 0.079441
37 76 0.079443
37 77 0.079444
37 78 0.079445
37 79 0.079446
37 80 0.079447
37 81 0.079448
37 82 0.079449
37 83 0.079450
37 84 0.079451
37 85 0.079452
37 86 0.079453
37 87 0.079454
37 88 0.079454
37 89 0.079455
37 90 0.079455
37 91 0.079456
37 92 0.079456
37 93 0.079456
37 94 0.079456
37 95 0.079456
37 96 0.079456
37 97 0.079456
37 98 0.079456
37 99 0.079456

38 0 0.079414
38 1 0.079414
38 2 0.079414
38 3 0.079413
38 4 0.079413
38 5 0.079413
38 6 0.079412
38 7 0.079412
38 8 0.079412
38 9 0.079411
38 10 0.079411
38 11 0.079410
38 12 0.079410
38 13 0.079410
38 14 0.079409
38 15 0.079409
38 16 0.079409
38 17 0.079408
38 18 0.079408
38 19 0.079407
38 20 0.079407
38 21 0.079407
38 22 0.079406
38 23 0.079406
38 24 0.079406
38 25 0.079405
38 26 0.079405
38 27 0.079405
38 28 0.079404
38 29 0.079404
38 30 0.079404
38 31 0.079404
38 32 0.079404
38 33 0.079403
38 34 0.079403
38 35 0.079403
38 36 0.079404
38 37 0.079404
38 38 0.079404
38 39 0.079404
38 40 0.079404
38 41 0.079405
38 42 0.079405
38 43 0.079406
38 44 0.079406
38 45 0.079407
38 46 0.079408
38 47 0.079408
38 48 0.079409
38 49 0.079410
38 50 0.079411
38 51 0.079412
38 52 0.079413
38 53 0.079414
38 54 0.079415
38 55 0.079416
38 56 0.079417
38 57 0.079419
38 58 0.079420
38 59 0.079421
38 60 0.079423
38 61 0.079424
38 62 0.079425
38 63 0.079427
38 64 0.079428
38 65 0.079429
38 66 0.079431
38 67 0.079432
38 68 0.079434
38 69 0.079435
38 70 0.079436
38 71 0.079438
38 72 0.079439
38 73 0.079440
38 74 0.079442
38 75 0.079443
38 76 0.079444
38 77 0.079445
38 78 0.079447
38 79 0.079448
38 80 0.079449
38 81 0.079450
38 82 0.079451
38 83 0.079452
38 84 0.079453
38 85 0.079453
38 86 0.079454
38 87 0.079455
38 88 0.079456
38 89 0.079456
38 90 0.079457
38 91 0.079457
38 92 0.079457
38 93 0.079457
38 94 0.079458
38 95 0.079458
38 96 0.079457
38 97 0.079457
38 98 0.079457
38 99 0.079457

39 0 0.079415
39 1 0.079415
39 2 0.079414
39 3 0.079414
39 4 0.079414
39 5 0.079413
39 6 0.079413
39 7 0.079413
39 8 0.079412
39 9 0.079412
39 10 0.079412
39 11 0.079411
39 12 0.079411
39 13 0.079411
39 14 0.079410
39 15 0.079410
39 16 0.079410
39 17 0.079409
39 18 0.079409
39 19 0.079408
39 20 0.079408
39 21 0.079408
39 22 0.079407
39 23 0.079407
39 24 0.079407
39 25 0.079406
39 26 0.079406
39 27 0.079406
39 28 0.079406
39 29 0.079405
39 30 0.079405
39 31 0.079405
39 32 0.079405
39 33 0.079405
39 34 0.079405
39 35 0.079405
39 36 0.079405
39 37 0.079405
39 38 0.079405
39 39 0.079405
39 40 0.079406
39 41 0.079406
39 42 0.079407
39 43 0.079407
39 44 0.079408
39 45 0.079408
39 46 0.079409
39 47 0.079410
39 48 0.079411
39 49 0.079412
39 50 0.079412
39 51 0.079413
39 52 0.079414
39 53 0.079416
39 54 0.079417
39 55 0.079418
39 56 0.079419
39 57 0.079420
39 58 0.079422
39 59 0.079423
39 60 0.079424
39 61 0.079425
39 62 0.079427
39 63 0.079428
39 64 0.079430
39 65 0.079431
39 66 0.079432
39 67 0.079434
39 68 0.079435
39 69 0.079436
39 70 0.079438
39 71 0.079439
39 72 0.079441
39 73 0.079442
39 74 0.079443
39 75 0.079444
39 76 0.079446
39 77 0.079447
39 78 0.079448
39 79 0.079449
39 80 0.079450
39 81 0.079451
39 82 0.079452
39 83 0.079453
39 84 0.079454
39 85 0.079455
39 86 0.079456
39 87 0.079456
39 88 0.079457
39 89 0.079458
39 90 0.079458
39 91 0.079458
39 92 0.079459
39 93 0.079459
39 94 0.079459
39 95 0.079459
39 96 0.079459
39 97 0.079459
39 98 0.079459
39 99 0.079458

40 0 0.079416
40 1 0.079416
40 2 0.079415
40 3 0.079415
40 4 0.079415
40 5 0.079414
40 6 0.079414
40 7 0.079414
40 8 0.079413
40 9 0.079413
40 10 0.079413
40 11 0.079412
40 12 0.079412
40 13 0.079412
40 14 0.079411
40 15 0.079411
40 16 0.079411
40 17 0.079410
40 18 0.079410
40 19 0.079410
40 20 0.079409
40 21 0.079409
40 22 0.079409
40 23 0.079408
40 24 0.079408
40 25 0.079408
40 26 0.079407
40 27 0.079407
40 28 0.079407
40 29 0.079407
40 30 0.079406
40 31 0.079406
40 32 0.079406
40 33 0.079406
40 34 0.079406
40 35 0.079406
40 36 0.079406
40 37 0.079406
40 38 0.079406
40 39 0.079407
40 40 0.079407
40 41 0.079407
40 42 0.079408
40 43 0.079408
40 44 0.079409
40 45 0.079410
40 46 0.079410
40 47 0.079411
40 48 0.079412
40 49 0.079413
40 50 0.079414
40 51 0.079415
40 52 0.079416
40 53 0.079417
40 54 0.079418
40 55 0.079419
40 56 0.079420
40 57 0.079422
40 58 0.079423
40 59 0.079424
40 60 0.079426
40 61 0.079427
40 62 0.079428
40 63 0.079430
40 64 0.079431
40 65 0.079432
40 66 0.079434
40 67 0.079435
40 68 0.079437
40 69 0.079438
40 70 0.079439
40 71 0.079441
40 72 0.079442
40 73 0.079443
40 74 0.079445
40 75 0.079446
40 76 0.079447
40 77 0.079448
40 78 0.079450
40 79 0.079451
40 80 0.079452
40 81 0.079453
40 82 0.079454
40 83 0.079455
40 84 0.079456
40 85 0.079456
40 86 0.079457
40 87 0.079458
40 88 0.079459
40 89 0.079459
40 90 0.079460
40 91 0.079460
40 92 0.079460
40 93 0.079460
40 94 0.079461
40 95 0.079461
40 96 0.079460
40 97 0.079460
40 98 0.079460
40 99 0.079460

41 0 0.079417
41 1 0.079417
41 2 0.079417
41 3 0.079416
41 4 0.079416
41 5 0.079416
41 6 0.079415
41 7 0.079415
41 8 0.079415
41 9 0.079414
41 10 0.079414
41 11 0.079414
41 12 0.079413
41 13 0.079413
41 14 0.079413
41 15 0.079412
41 16 0.079412
41 17 0.079411
41 18 0.079411
41 19 0.079411
41 20 0.079410
41 21 0.079410
41 22 0.079410
41 23 0.079409
41 24 0.079409
41 25 0.079409
41 26 0.079409
41 27 0.079408
41 28 0.079408
41 29 0.079408
41 30 0.079408
41 31 0.079408
41 32 0.079408
41 33 0.079408
41 34 0.079408
41 35 0.079408
41 36 0.079408
41 37 0.079408
41 38 0.079408
41 39 0.079408
41 40 0.079409
41 41 0.079409
41 42 0.079410
41 43 0.079410
41 44 0.079411
41 45 0.079411
41 46 0.079412
41 47 0.079413
41 48 0.079414
41 49 0.079415
41 50 0.079416
41 51 0.079417
41 52 0.079418
41 53 0.079419
41 54 0.079420
41 55 0.079421
41 56 0.079422
41 57 0.079423
41 58 0.079425
41 59 0.079426
41 60 0.079427
41 61 0.079429
41 62 0.079430
41 63 0.079431
41 64 0.079433
41 65 0.079434
41 66 0.079436
41 67 0.079437
41 68 0.079438
41 69 0.079440
41 70 0.079441
41 71 0.079442
41 72 0.079444
41 73 0.079445
41 74 0.079446
41 75 0.079448
41 76 0.079449
41 77 0.079450
41 78 0.079451
41 79 0.079452
41 80 0.079453
41 81 0.079454
41 82 0.079455
41 83 0.079456
41 84 0.079457
41 85 0.079458
41 86 0.079459
41 87 0.079459
41 88 0.079460
41 89 0.079461
41 90 0.079461
41 91 0.079461
41 92 0.079462
41 93 0.079462
41 94 0.079462
41 95 0.079462
41 96 0.079462
41 97 0.079462
41 98 0.079462
41 99 0.079462

42 0 0.079418
42 1 0.079418
42 2 0.079418
42 3 0.079417
42 4 0.079417
42 5 0.079417
42 6 0.079416
42 7 0.079416
42 8 0.079416
42 9 0.079415
42 10 0.079415
42 11 0.079415
42 12 0.079414
42 13 0.079414
42 14 0.079414
42 15 0.079413
42 16 0.079413
42 17 0.079413
42 18 0.079412
42 19 0.079412
42 20 0.079412
42 21 0.079411
42 22 0.079411
42 23 0.079411
42 24 0.079410
42 25 0.079410
42 26 0.079410
42 27 0.079410
42 28 0.079410
42 29 0.079409
42 30 0.079409
42 31 0.079409
42 32 0.079409
42 33 0.079409
42 34 0.079409
42 35 0.079409
42 36 0.079409
42 37 0.079409
42 38 0.079410
42 39 0.079410
42 40 0.079410
42 41 0.079411
42 42 0.079411
42 43 0.079412
42 44 0.079412
42 45 0.079413
42 46 0.079414
42 47 0.079414
42 48 0.079415
42 49 0.079416
42 50 0.079417
42 51 0.079418
42 52 0.079419
42 53 0.079420
42 54 0.079421
42 55 0.079423
42 56 0.079424
42 57 0.079425
42 58 0.079426
42 59 0.079428
42 60 0.079429
42 61 0.079430
42 62 0.079432
42 63 0.079433
42 64 0.079434
42 65 0.079436
42 66 0.079437
42 67 0.079439
42 68 0.079440
42 69 0.079441
42 70 0.079443
42 71 0.079444
42 72 0.079445
42 73 0.079447
42 74 0.079448
42 75 0.079449
42 76 0.079450
42 77 0.079452
42 78 0.079453
42 79 0.079454
42 80 0.079455
42 81 0.079456
42 82 0.079457
42 83 0.079458
42 84 0.079459
42 85 0.079460
42 86 0.079460
42 87 0.079461
42 88 0.079462
42 89 0.079462
42 90 0.079463
42 91 0.079463
42 92 0.079463
42 93 0.079464
42 94 0.079464
42 95 0.079464
42 96 0.079464
42 97 0.079464
42 98 0.079463
42 99 0.079463

43 0 0.079419
43 1 0.079419
43 2 0.079419
43 3 0.079419
43 4 0.079418
43 5 0.079418
43 6 0.079418
43 7 0.079417
43 8 0.079417
43 9 0.079417
43 10 0.079416
43 11 0.079416
43 12 0.079416
43 13 0.079415
43 14 0.079415
43 15 0.079415
43 16 0.079414
43 17 0.079414
43 18 0.079414
43 19 0.079413
43 20 0.079413
43 21 0.079413
43 22 0.079412
43 23 0.079412
43 24 0.079412
43 25 0.079412
43 26 0.079411
43 27 0.079411
43 28 0.079411
43 29 0.079411
43 30 0.079411
43 31 0.079411
43 32 0.079411
43 33 0.079411
43 34 0.079411
43 35 0.079411
43 36 0.079411
43 37 0.079411
43 38 0.079411
43 39 0.079412
43 40 0.079412
43 41 0.079412
43 42 0.079413
43 43 0.079413
43 44 0.079414
43 45 0.079415
43 46 0.079415
43 47 0.079416
43 48 0.079417
43 49 0.079418
43 50 0.079419
43 51 0.079420
43 52 0.079421
43 53 0.079422
43 54 0.079423
43 55 0.079424
43 56 0.079426
43 57 0.079427
43 58 0.079428
43 59 0.079429
43 60 0.079431
43 61 0.079432
43 62 0.079433
43 63 0.079435
43 64 0.079436
43 65 0.079438
43 66 0.079439
43 67 0.079440
43 68 0.079442
43 69 0.079443
43 70 0.079444
43 71 0.079446
43 72 0.079447
43 73 0.079448
43 74 0.079450
43 75 0.079451
43 76 0.079452
43 77 0.079453
43 78 0.079455
43 79 0.079456
43 80 0.079457
43 81 0.079458
43 82 0.079459
43 83 0.079460
43 84 0.079461
43 85 0.079461
43 86 0.079462
43 87 0.079463
43 88 0.079463
43 89 0.079464
43 90 0.079464
43 91 0.079465
43 92 0.079465
43 93 0.079465
43 94 0.079465
43 95 0.079466
43 96 0.079465
43 97 0.079465
43 98 0.079465
43 99 0.079465

44 0 0.079421
44 1 0.079420
44 2 0.079420
44 3 0.079420
44 4 0.079420
44 5 0.079419
44 6 0.079419
44 7 0.079419
44 8 0.079418
44 9 0.079418
44 10 0.079418
44 11 0.079417
44 12 0.079417
44 13 0.079417
44 14 0.079416
44 15 0.079416
44 16 0.079416
44 17 0.079415
44 18 0.079415
44 19 0.079415
44 20 0.079415
44 21 0.079414
44 22 0.079414
44 23 0.079414
44 24 0.079413
44 25 0.079413
44 26 0.079413
44 27 0.079413
44 28 0.079413
44 29 0.079412
44 30 0.079412
44 31 0.079412
44 32 0.079412
44 33 0.079412
44 34 0.079412
44 35 0.079412
44 36 0.079412
44 37 0.079413
44 38 0.079413
44 39 0.079413
44 40 0.079414
44 41 0.079414
44 42 0.079415
44 43 0.079415
44 44 0.079416
44 45 0.079416
44 46 0.079417
44 47 0.079418
44 48 0.079419
44 49 0.079420
44 50 0.079421
44 51 0.079422
44 52 0.079423
44 53 0.079424
44 54 0.079425
44 55 0.079426
44 56 0.079428
44 57 0.079429
44 58 0.079430
44 59 0.079431
44 60 0.079433
44 61 0.079434
44 62 0.079435
44 63 0.079437
44 64 0.079438
44 65 0.079439
44 66 0.079441
44 67 0.079442
44 68 0.079444
44 69 0.079445
44 70 0.079446
44 71 0.079448
44 72 0.079449
44 73 0.079450
44 74 0.079452
44 75 0.079453
44 76 0.079454
44 77 0.079455
44 78 0.079456
44 79 0.079458
44 80 0.079459
44 81 0.079460
44 82 0.079461
44 83 0.079462
44 84 0.079462
44 85 0.079463
44 86 0.079464
44 87 0.079465
44 88 0.079465
44 89 0.079466
44 90 0.079466
44 91 0.079467
44 92 0.079467
44 93 0.079467
44 94 0.079467
44 95 0.079467
44 96 0.079467
44 97 0.079467
44 98 0.079467
44 99 0.079467

45 0 0.079422
45 1 0.079422
45 2 0.079421
45 3 0.079421
45 4 0.079421
45 5 0.079421
45 6 0.079420
45 7 0.079420
45 8 0.079420
45 9 0.079419
45 10 0.079419
45 11 0.079419
45 12 0.079418
45 13 0.079418
45 14 0.079418
45 15 0.079418
45 16 0.079417
45 17 0.079417
45 18 0.079417
45 19 0.079416
45 20 0.079416
45 21 0.079416
45 22 0.079415
45 23 0.079415
45 24 0.079415
45 25 0.079415
45 26 0.079415
45 27 0.079414
45 28 0.079414
45 29 0.079414
45 30 0.079414
45 31 0.079414
45 32 0.079414
45 33 0.079414
45 34 0.079414
45 35 0.079414
45 36 0.079414
45 37 0.079414
45 38 0.079415
45 39 0.079415
45 40 0.079415
45 41 0.079416
45 42 0.079416
45 43 0.079417
45 44 0.079418
45 45 0.079418
45 46 0.079419
45 47 0.079420
45 48 0.079421
45 49 0.079422
45 50 0.079423
45 51 0.079424
45 52 0.079425
45 53 0.079426
45 54 0.079427
45 55 0.079428
45 56 0.079429
45 57 0.079431
45 58 0.079432
45 59 0.079433
45 60 0.079434
45 61 0.079436
45 62 0.079437
45 63 0.079439
45 64 0.079440
45 65 0.079441
45 66 0.079443
45 67 0.079444
45 68 0.079445
45 69 0.079447
45 70 0.079448
45 71 0.079449
45 72 0.079451
45 73 0.079452
45 74 0.079453
45 75 0.079455
45 76 0.079456
45 77 0.079457
45 78 0.079458
45 79 0.079459
45 80 0.079460
45 81 0.079461
45 82 0.079462
45 83 0.079463
45 84 0.079464
45 85 0.079465
45 86 0.079466
45 87 0.079466
45 88 0.079467
45 89 0.079468
45 90 0.079468
45 91 0.079468
45 92 0.079469
45 93 0.079469
45 94 0.079469
45 95 0.079469
45 96 0.079469
45 97 0.079469
45 98 0.079469
45 99 0.079468

46 0 0.079424
46 1 0.079423
46 2 0.079423
46 3 0.079423
46 4 0.079422
46 5 0.079422
46 6 0.079422
46 7 0.079422
46 8 0.079421
46 9 0.079421
46 10 0.079421
46 11 0.079420
46 12 0.079420
46 13 0.079420
46 14 0.079419
46 15 0.079419
46 16 0.079419
46 17 0.079419
46 18 0.079418
46 19 0.079418
46 20 0.079418
46 21 0.079417
46 22 0.079417
46 23 0.079417
46 24 0.079417
46 25 0.079416
46 26 0.079416
46 27 0.079416
46 28 0.079416
46 29 0.079416
46 30 0.079416
46 31 0.079416
46 32 0.079416
46 33 0.079416
46 34 0.079416
46 35 0.079416
46 36 0.079416
46 37 0.079416
46 38 0.079416
46 39 0.079417
46 40 0.079417
46 41 0.079418
46 42 0.079418
46 43 0.079419
46 44 0.079419
46 45 0.079420
46 46 0.079421
46 47 0.079422
46 48 0.079423
46 49 0.079424
46 50 0.079424
46 51 0.079426
46 52 0.079427
46 53 0.079428
46 54 0.079429
46 55 0.079430
46 56 0.079431
46 57 0.079433
46 58 0.079434
46 59 0.079435
46 60 0.079436
46 61 0.079438
46 62 0.079439
46 63 0.079440
46 64 0.079442
46 65 0.079443
46 66 0.079445
46 67 0.079446
46 68 0.079447
46 69 0.079449
46 70 0.079450
46 71 0.079451
46 72 0.079453
46 73 0.079454
46 74 0.079455
46 75 0.079457
46 76 0.079458
46 77 0.079459
46 78 0.079460
46 79 0.079461
46 80 0.079462
46 81 0.079463
46 82 0.079464
46 83 0.079465
46 84 0.079466
46 85 0.079467
46 86 0.079468
46 87 0.079468
46 88 0.079469
46 89 0.079470
46 90 0.079470
46 91 0.079470
46 92 0.079471
46 93 0.079471
46 94 0.079471
46 95 0.079471
46 96 0.079471
46 97 0.079471
46 98 0.079471
46 99 0.079470

47 0 0.079425
47 1 0.079425
47 2 0.079425
47 3 0.079424
47 4 0.079424
47 5 0.079424
47 6 0.079423
47 7 0.079423
47 8 0.079423
47 9 0.079423
47 10 0.079422
47 11 0.079422
47 12 0.079422
47 13 0.079421
47 14 0.079421
47 15 0.079421
47 16 0.079420
47 17 0.079420
47 18 0.079420
47 19 0.079420
47 20 0.079419
47 21 0.079419
47 22 0.079419
47 23 0.079419
47 24 0.079418
47 25 0.079418
47 26 0.079418
47 27 0.079418
47 28 0.079418
47 29 0.079417
47 30 0.079417
47 31 0.079417
47 32 0.079417
47 33 0.079417
47 34 0.079417
47 35 0.079418
47 36 0.079418
47 37 0.079418
47 38 0.079418
47 39 0.079419
47 40 0.079419
47 41 0.079420
47 42 0.079420
47 43 0.079421
47 44 0.079421
47 45 0.079422
47 46 0.079423
47 47 0.079424
47 48 0.079425
47 49 0.079425
47 50 0.079426
47 51 0.079428
47 52 0.079429
47 53 0.079430
47 54 0.079431
47 55 0.079432
47 56 0.079433
47 57 0.079435
47 58 0.079436
47 59 0.079437
47 60 0.079438
47 61 0.079440
47 62 0.079441
47 63 0.079442
47 64 0.079444
47 65 0.079445
47 66 0.079447
47 67 0.079448
47 68 0.079449
47 69 0.079451
47 70 0.079452
47 71 0.079453
47 72 0.079455
47 73 0.079456
47 74 0.079457
47 75 0.079458
47 76 0.079460
47 77 0.079461
47 78 0.079462
47 79 0.079463
47 80 0.079464
47 81 0.079465
47 82 0.079466
47 83 0.079467
47 84 0.079468
47 85 0.079469
47 86 0.079470
47 87 0.079470
47 88 0.079471
47 89 0.079471
47 90 0.079472
47 91 0.079472
47 92 0.079473
47 93 0.079473
47 94 0.079473
47 95 0.079473
47 96 0.079473
47 97 0.079473
47 98 0.079472
47 99 0.079472

48 0 0.079427
48 1 0.079426
48 2 0.079426
48 3 0.079426
48 4 0.079426
48 5 0.079425
48 6 0.079425
48 7 0.079425
48 8 0.079424
48 9 0.079424
48 10 0.079424
48 11 0.079424
48 12 0.079423
48 13 0.079423
48 14 0.079423
48 15 0.079422
48 16 0.079422
48 17 0.079422
48 18 0.079422
48 19 0.079421
48 20 0.079421
48 21 0.079421
48 22 0.079420
48 23 0.079420
48 24 0.079420
48 25 0.079420
48 26 0.079420
48 27 0.079419
48 28 0.079419
48 29 0.079419
48 30 0.079419
48 31 0.079419
48 32 0.079419
48 33 0.079419
48 34 0.079419
48 35 0.079419
48 36 0.079420
48 37 0.079420
48 38 0.079420
48 39 0.079421
48 40 0.079421
48 41 0.079421
48 42 0.079422
48 43 0.079423
48 44 0.079423
48 45 0.079424
48 46 0.079425
48 47 0.079426
48 48 0.079426
48 49 0.079427
48 50 0.079428
48 51 0.079429
48 52 0.079431
48 53 0.079432
48 54 0.079433
48 55 0.079434
48 56 0.079435
48 57 0.079437
48 58 0.079438
48 59 0.079439
48 60 0.079440
48 61 0.079442
48 62 0.079443
48 63 0.079444
48 64 0.079446
48 65 0.079447
48 66 0.079449
48 67 0.079450
48 68 0.079451
48 69 0.079453
48 70 0.079454
48 71 0.079455
48 72 0.079457
48 73 0.079458
48 74 0.079459
48 75 0.079460
48 76 0.079462
48 77 0.079463
48 78 0.079464
48 79 0.079465
48 80 0.079466
48 81 0.079467
48 82 0.079468
48 83 0.079469
48 84 0.079470
48 85 0.079471
48 86 0.079472
48 87 0.079472
48 88 0.079473
48 89 0.079473
48 90 0.079474
48 91 0.079474
48 92 0.079475
48 93 0.079475
48 94 0.079475
48 95 0.079475
48 96 0.079475
48 97 0.079475
48 98 0.079474
48 99 0.079474

49 0 0.079428
49 1 0.079428
49 2 0.079428
49 3 0.079428
49 4 0.079427
49 5 0.079427
49 6 0.079427
49 7 0.079426
49 8 0.079426
49 9 0.079426
49 10 0.079426
49 11 0.079425
49 12 0.079425
49 13 0.079425
49 14 0.079424
49 15 0.079424
49 16 0.079424
49 17 0.079424
49 18 0.079423
49 19 0.079423
49 20 0.079423
49 21 0.079423
49 22 0.079422
49 23 0.079422
49 24 0.079422
49 25 0.079422
49 26 0.079421
49 27 0.079421
49 28 0.079421
49 29 0.079421
49 30 0.079421
49 31 0.079421
49 32 0.079421
49 33 0.079421
49 34 0.079421
49 35 0.079421
49 36 0.079422
49 37 0.079422
49 38 0.079422
49 39 0.079423
49 40 0.079423
49 41 0.079423
49 42 0.079424
49 43 0.079425
49 44 0.079425
49 45 0.079426
49 46 0.079427
49 47 0.079428
49 48 0.079429
49 49 0.079430
49 50 0.079431
49 51 0.079432
49 52 0.079433
49 53 0.079434
49 54 0.079435
49 55 0.079436
49 56 0.079437
49 57 0.079439
49 58 0.079440
49 59 0.079441
49 60 0.079442
49 61 0.079444
49 62 0.079445
49 63 0.079446
49 64 0.079448
49 65 0.079449
49 66 0.079451
49 67 0.079452
49 68 0.079453
49 69 0.079455
49 70 0.079456
49 71 0.079457
49 72 0.079459
49 73 0.079460
49 74 0.079461
49 75 0.079462
49 76 0.079464
49 77 0.079465
49 78 0.079466
49 79 0.079467
49 80 0.079468
49 81 0.079469
49 82 0.079470
49 83 0.079471
49 84 0.079472
49 85 0.079473
49 86 0.079474
49 87 0.079474
49 88 0.079475
49 89 0.079475
49 90 0.079476
49 91 0.079476
49 92 0.079477
49 93 0.079477
49 94 0.079477
49 95 0.079477
49 96 0.079477
49 97 0.079477
49 98 0.079476
49 99 0.079476

50 0 0.079430
50 1 0.079430
50 2 0.079430
50 3 0.079429
50 4 0.079429
50 5 0.079429
50 6 0.079428
50 7 0.079428
50 8 0.079428
50 9 0.079427
50 10 0.079427
50 11 0.079427
50 12 0.079427
50 13 0.079426
50 14 0.079426
50 15 0.079426
50 16 0.079426
50 17 0.079425
50 18 0.079425
50 19 0.079425
50 20 0.079424
50 21 0.079424
50 22 0.079424
50 23 0.079424
50 24 0.079424
50 25 0.079423
50 26 0.079423
50 27 0.079423
50 28 0.079423
50 29 0.079423
50 30 0.079423
50 31 0.079423
50 32 0.079423
50 33 0.079423
50 34 0.079423
50 35 0.079423
50 36 0.079423
50 37 0.079424
50 38 0.079424
50 39 0.079424
50 40 0.079425
50 41 0.079425
50 42 0.079426
50 43 0.079427
50 44 0.079427
50 45 0.079428
50 46 0.079429
50 47 0.079430
50 48 0.079431
50 49 0.079432
50 50 0.079433
50 51 0.079434
50 52 0.079435
50 53 0.079436
50 54 0.079437
50 55 0.079438
50 56 0.079439
50 57 0.079441
50 58 0.079442
50 59 0.079443
50 60 0.079445
50 61 0.079446
50 62 0.079447
50 63 0.079449
50 64 0.079450
50 65 0.079451
50 66 0.079453
50 67 0.079454
50 68 0.079455
50 69 0.079457
50 70 0.079458
50 71 0.079459
50 72 0.079461
50 73 0.079462
50 74 0.079463
50 75 0.079465
50 76 0.079466
50 77 0.079467
50 78 0.079468
50 79 0.079469
50 80 0.079470
50 81 0.079471
50 82 0.079472
50 83 0.079473
50 84 0.079474
50 85 0.079475
50 86 0.079476
50 87 0.079476
50 88 0.079477
50 89 0.079478
50 90 0.079478
50 91 0.079478
50 92 0.079479
50 93 0.079479
50 94 0.079479
50 95 0.079479
50 96 0.079479
50 97 0.079479
50 98 0.079479
50 99 0.079478

51 0 0.079432
51 1 0.079432
51 2 0.079431
51 3 0.079431
51 4 0.079431
51 5 0.079430
51 6 0.079430
51 7 0.079430
51 8 0.079430
51 9 0.079429
51 10 0.079429
51 11 0.079429
51 12 0.079428
51 13 0.079428
51 14 0.079428
51 15 0.079428
51 16 0.079427
51 17 0.079427
51 18 0.079427
51 19 0.079427
51 20 0.079426
51 21 0.079426
51 22 0.079426
51 23 0.079426
51 24 0.079425
51 25 0.079425
51 26 0.079425
51 27 0.079425
51 28 0.079425
51 29 0.079425
51 30 0.079425
51 31 0.079425
51 32 0.079425
51 33 0.079425
51 34 0.079425
51 35 0.079425
51 36 0.079426
51 37 0.079426
51 38 0.079426
51 39 0.079427
51 40 0.079427
51 41 0.079427
51 42 0.079428
51 43 0.079429
51 44 0.079429
51 45 0.079430
51 46 0.079431
51 47 0.079432
51 48 0.079433
51 49 0.079434
51 50 0.079435
51 51 0.079436
51 52 0.079437
51 53 0.079438
51 54 0.079439
51 55 0.079440
51 56 0.079442
51 57 0.079443
51 58 0.079444
51 59 0.079445
51 60 0.079447
51 61 0.079448
51 62 0.079449
51 63 0.079451
51 64 0.079452
51 65 0.079453
51 66 0.079455
51 67 0.079456
51 68 0.079457
51 69 0.079459
51 70 0.079460
51 71 0.079462
51 72 0.079463
51 73 0.079464
51 74 0.079465
51 75 0.079467
51 76 0.079468
51 77 0.079469
51 78 0.079470
51 79 0.079471
51 80 0.079472
51 81 0.079473
51 82 0.079474
51 83 0.079475
51 84 0.079476
51 85 0.079477
51 86 0.079478
51 87 0.079478
51 88 0.079479
51 89 0.079480
51 90 0.079480
51 91 0.079480
51 92 0.079481
51 93 0.079481
51 94 0.079481
51 95 0.079481
51 96 0.079481
51 97 0.079481
51 98 0.079481
51 99 0.079480

52 0 0.079434
52 1 0.079433
52 2 0.079433
52 3 0.079433
52 4 0.079432
52 5 0.079432
52 6 0.079432
52 7 0.079432
52 8 0.079431
52 9 0.079431
52 10 0.079431
52 11 0.079431
52 12 0.079430
52 13 0.079430
52 14 0.079430
52 15 0.079429
52 16 0.079429
52 17 0.079429
52 18 0.079429
52 19 0.079428
52 20 0.079428
52 21 0.079428
52 22 0.079428
52 23 0.079428
52 24 0.079427
52 25 0.079427
52 26 0.079427
52 27 0.079427
52 28 0.079427
52 29 0.079427
52 30 0.079427
52 31 0.079427
52 32 0.079427
52 33 0.079427
52 34 0.079427
52 35 0.079427
52 36 0.079428
52 37 0.079428
52 38 0.079428
52 39 0.079429
52 40 0.079429
52 41 0.079430
52 42 0.079430
52 43 0.079431
52 44 0.079431
52 45 0.079432
52 46 0.079433
52 47 0.079434
52 48 0.079435
52 49 0.079436
52 50 0.079437
52 51 0.079438
52 52 0.079439
52 53 0.079440
52 54 0.079441
52 55 0.079442
52 56 0.079444
52 57 0.079445
52 58 0.079446
52 59 0.079448
52 60 0.079449
52 61 0.079450
52 62 0.079451
52 63 0.079453
52 64 0.079454
52 65 0.079456
52 66 0.079457
52 67 0.079458
52 68 0.079460
52 69 0.079461
52 70 0.079462
52 71 0.079464
52 72 0.079465
52 73 0.079466
52 74 0.079467
52 75 0.079469
52 76 0.079470
52 77 0.079471
52 78 0.079472
52 79 0.079473
52 80 0.079475
52 81 0.079476
52 82 0.079477
52 83 0.079477
52 84 0.079478
52 85 0.079479
52 86 0.079480
52 87 0.079481
52 88 0.079481
52 89 0.079482
52 90 0.079482
52 91 0.079483
52 92 0.079483
52 93 0.079483
52 94 0.079483
52 95 0.079483
52 96 0.079483
52 97 0.079483
52 98 0.079483
52 99 0.079482

53 0 0.079436
53 1 0.079435
53 2 0.079435
53 3 0.079435
53 4 0.079434
53 5 0.079434
53 6 0.079434
53 7 0.079433
53 8 0.079433
53 9 0.079433
53 10 0.079433
53 11 0.079432
53 12 0.079432
53 13 0.079432
53 14 0.079432
53 15 0.079431
53 16 0.079431
53 17 0.079431
53 18 0.079430
53 19 0.079430
53 20 0.079430
53 21 0.079430
53 22 0.079430
53 23 0.079429
53 24 0.079429
53 25 0.079429
53 26 0.079429
53 27 0.079429
53 28 0.079429
53 29 0.079429
53 30 0.079429
53 31 0.079429
53 32 0.079429
53 33 0.079429
53 34 0.079429
53 35 0.079429
53 36 0.079430
53 37 0.079430
53 38 0.079430
53 39 0.079431
53 40 0.079431
53 41 0.079432
53 42 0.079432
53 43 0.079433
53 44 0.079434
53 45 0.079434
53 46 0.079435
53 47 0.079436
53 48 0.079437
53 49 0.079438
53 50 0.079439
53 51 0.079440
53 52 0.079441
53 53 0.079442
53 54 0.079443
53 55 0.079445
53 56 0.079446
53 57 0.079447
53 58 0.079448
53 59 0.079450
53 60 0.079451
53 61 0.079452
53 62 0.079454
53 63 0.079455
53 64 0.079456
53 65 0.079458
53 66 0.079459
53 67 0.079460
53 68 0.079462
53 69 0.079463
53 70 0.079464
53 71 0.079466
53 72 0.079467
53 73 0.079468
53 74 0.079470
53 75 0.079471
53 76 0.079472
53 77 0.079473
53 78 0.079474
53 79 0.079476
53 80 0.079477
53 81 0.079478
53 82 0.079479
53 83 0.079480
53 84 0.079480
53 85 0.079481
53 86 0.079482
53 87 0.079483
53 88 0.079483
53 89 0.079484
53 90 0.079484
53 91 0.079485
53 92 0.079485
53 93 0.079485
53 94 0.079485
53 95 0.079485
53 96 0.079485
53 97 0.079485
53 98 0.079485
53 99 0.079485

54 0 0.079437
54 1 0.079437
54 2 0.079437
54 3 0.079436
54 4 0.079436
54 5 0.079436
54 6 0.079436
54 7 0.079435
54 8 0.079435
54 9 0.079435
54 10 0.079434
54 11 0.079434
54 12 0.079434
54 13 0.079434
54 14 0.079433
54 15 0.079433
54 16 0.079433
54 17 0.079433
54 18 0.079432
54 19 0.079432
54 20 0.079432
54 21 0.079432
54 22 0.079432
54 23 0.079431
54 24 0.079431
54 25 0.079431
54 26 0.079431
54 27 0.079431
54 28 0.079431
54 29 0.079431
54 30 0.079431
54 31 0.079431
54 32 0.079431
54 33 0.079431
54 34 0.079431
54 35 0.079431
54 36 0.079432
54 37 0.079432
54 38 0.079432
54 39 0.079433
54 40 0.079433
54 41 0.079434
54 42 0.079434
54 43 0.079435
54 44 0.079436
54 45 0.079436
54 46 0.079437
54 47 0.079438
54 48 0.079439
54 49 0.079440
54 50 0.079441
54 51 0.079442
54 52 0.079443
54 53 0.079444
54 54 0.079446
54 55 0.079447
54 56 0.079448
54 57 0.079449
54 58 0.079451
54 59 0.079452
54 60 0.079453
54 61 0.079454
54 62 0.079456
54 63 0.079457
54 64 0.079458
54 65 0.079460
54 66 0.079461
54 67 0.079462
54 68 0.079464
54 69 0.079465
54 70 0.079467
54 71 0.079468
54 72 0.079469
54 73 0.079470
54 74 0.079472
54 75 0.079473
54 76 0.079474
54 77 0.079475
54 78 0.079477
54 79 0.079478
54 80 0.079479
54 81 0.079480
54 82 0.079481
54 83 0.079482
54 84 0.079483
54 85 0.079483
54 86 0.079484
54 87 0.079485
54 88 0.079485
54 89 0.079486
54 90 0.079486
54 91 0.079487
54 92 0.079487
54 93 0.079487
54 94 0.079487
54 95 0.079487
54 96 0.079487
54 97 0.079487
54 98 0.079487
54 99 0.079487

55 0 0.079439
55 1 0.079439
55 2 0.079439
55 3 0.079438
55 4 0.079438
55 5 0.079438
55 6 0.079437
55 7 0.079437
55 8 0.079437
55 9 0.079437
55 10 0.079436
55 11 0.079436
55 12 0.079436
55 13 0.079436
55 14 0.079435
55 15 0.079435
55 16 0.079435
55 17 0.079435
55 18 0.079434
55 19 0.079434
55 20 0.079434
55 21 0.079434
55 22 0.079433
55 23 0.079433
55 24 0.079433
55 25 0.079433
55 26 0.079433
55 27 0.079433
55 28 0.079433
55 29 0.079433
55 30 0.079433
55 31 0.079433
55 32 0.079433
55 33 0.079433
55 34 0.079433
55 35 0.079433
55 36 0.079434
55 37 0.079434
55 38 0.079434
55 39 0.079435
55 40 0.079435
55 41 0.079436
55 42 0.079436
55 43 0.079437
55 44 0.079438
55 45 0.079438
55 46 0.079439
55 47 0.079440
55 48 0.079441
55 49 0.079442
55 50 0.079443
55 51 0.079444
55 52 0.079445
55 53 0.079446
55 54 0.079448
55 55 0.079449
55 56 0.079450
55 57 0.079451
55 58 0.079453
55 59 0.079454
55 60 0.079455
55 61 0.079456
55 62 0.079458
55 63 0.079459
55 64 0.079460
55 65 0.079462
55 66 0.079463
55 67 0.079464
55 68 0.079466
55 69 0.079467
55 70 0.079468
55 71 0.079470
55 72 0.079471
55 73 0.079472
55 74 0.079474
55 75 0.079475
55 76 0.079476
55 77 0.079477
55 78 0.079478
55 79 0.079480
55 80 0.079481
55 81 0.079482
55 82 0.079483
55 83 0.079484
55 84 0.079484
55 85 0.079485
55 86 0.079486
55 87 0.079487
55 88 0.079487
55 89 0.079488
55 90 0.079488
55 91 0.079489
55 92 0.079489
55 93 0.079489
55 94 0.079489
55 95 0.079489
55 96 0.079489
55 97 0.079489
55 98 0.079489
55 99 0.079489

56 0 0.079441
56 1 0.079441
56 2 0.079440
56 3 0.079440
56 4 0.079440
56 5 0.079440
56 6 0.079439
56 7 0.079439
56 8 0.079439
56 9 0.079438
56 10 0.079438
56 11 0.079438
56 12 0.079438
56 13 0.079437
56 14 0.079437
56 15 0.079437
56 16 0.079437
56 17 0.079436
56 18 0.079436
56 19 0.079436
56 20 0.079436
56 21 0.079436
56 22 0.079435
56 23 0.079435
56 24 0.079435
56 25 0.079435
56 26 0.079435
56 27 0.079435
56 28 0.079435
56 29 0.079435
56 30 0.079435
56 31 0.079435
56 32 0.079435
56 33 0.079435
56 34 0.079435
56 35 0.079435
56 36 0.079436
56 37 0.079436
56 38 0.079436
56 39 0.079437
56 40 0.079437
56 41 0.079438
56 42 0.079438
56 43 0.079439
56 44 0.079440
56 45 0.079441
56 46 0.079441
56 47 0.079442
56 48 0.079443
56 49 0.079444
56 50 0.079445
56 51 0.079446
56 52 0.079447
56 53 0.079449
56 54 0.079450
56 55 0.079451
56 56 0.079452
56 57 0.079453
56 58 0.079455
56 59 0.079456
56 60 0.079457
56 61 0.079459
56 62 0.079460
56 63 0.079461
56 64 0.079463
56 65 0.079464
56 66 0.079465
56 67 0.079467
56 68 0.079468
56 69 0.079469
56 70 0.079471
56 71 0.079472
56 72 0.079473
56 73 0.079475
56 74 0.079476
56 75 0.079477
56 76 0.079478
56 77 0.079479
56 78 0.079481
56 79 0.079482
56 80 0.079483
56 81 0.079484
56 82 0.079485
56 83 0.079486
56 84 0.079487
56 85 0.079487
56 86 0.079488
56 87 0.079489
56 88 0.079489
56 89 0.079490
56 90 0.079490
56 91 0.079491
56 92 0.079491
56 93 0.079491
56 94 0.079491
56 95 0.079491
56 96 0.079491
56 97 0.079491
56 98 0.079491
56 99 0.079491

57 0 0.079443
57 1 0.079443
57 2 0.079442
57 3 0.079442
57 4 0.079442
57 5 0.079441
57 6 0.079441
57 7 0.079441
57 8 0.079441
57 9 0.079440
57 10 0.079440
57 11 0.079440
57 12 0.079439
57 13 0.079439
57 14 0.079439
57 15 0.079439
57 16 0.079438
57 17 0.079438
57 18 0.079438
57 19 0.079438
57 20 0.079438
57 21 0.079437
57 22 0.079437
57 23 0.079437
57 24 0.079437
57 25 0.079437
57 26 0.079437
57 27 0.079437
57 28 0.079437
57 29 0.079437
57 30 0.079437
57 31 0.079437
57 32 0.079437
57 33 0.079437
57 34 0.079437
57 35 0.079437
57 36 0.079438
57 37 0.079438
57 38 0.079438
57 39 0.079439
57 40 0.079439
57 41 0.079440
57 42 0.079441
57 43 0.079441
57 44 0.079442
57 45 0.079443
57 46 0.079444
57 47 0.079444
57 48 0.079445
57 49 0.079446
57 50 0.079447
57 51 0.079448
57 52 0.079450
57 53 0.079451
57 54 0.079452
57 55 0.079453
57 56 0.079454
57 57 0.079456
57 58 0.079457
57 59 0.079458
57 60 0.079459
57 61 0.079461
57 62 0.079462
57 63 0.079463
57 64 0.079465
57 65 0.079466
57 66 0.079467
57 67 0.079469
57 68 0.079470
57 69 0.079471
57 70 0.079473
57 71 0.079474
57 72 0.079475
57 73 0.079477
57 74 0.079478
57 75 0.079479
57 76 0.079480
57 77 0.079481
57 78 0.079483
57 79 0.079484
57 80 0.079485
57 81 0.079486
57 82 0.079487
57 83 0.079488
57 84 0.079489
57 85 0.079489
57 86 0.079490
57 87 0.079491
57 88 0.079491
57 89 0.079492
57 90 0.079492
57 91 0.079493
57 92 0.079493
57 93 0.079493
57 94 0.079493
57 95 0.079493
57 96 0.079493
57 97 0.079493
57 98 0.079493
57 99 0.079493

58 0 0.079445
58 1 0.079445
58 2 0.079444
58 3 0.079444
58 4 0.079444
58 5 0.079443
58 6 0.079443
58 7 0.079443
58 8 0.079442
58 9 0.079442
58 10 0.079442
58 11 0.079442
58 12 0.079441
58 13 0.079441
58 14 0.079441
58 15 0.079441
58 16 0.079440
58 17 0.079440
58 18 0.079440
58 19 0.079440
58 20 0.079439
58 21 0.079439
58 22 0.079439
58 23 0.079439
58 24 0.079439
58 25 0.079439
58 26 0.079439
58 27 0.079439
58 28 0.079439
58 29 0.079439
58 30 0.079439
58 31 0.079439
58 32 0.079439
58 33 0.079439
58 34 0.079439
58 35 0.079439
58 36 0.079440
58 37 0.079440
58 38 0.079440
58 39 0.079441
58 40 0.079441
58 41 0.079442
58 42 0.079443
58 43 0.079443
58 44 0.079444
58 45 0.079445
58 46 0.079446
58 47 0.079447
58 48 0.079447
58 49 0.079448
58 50 0.079450
58 51 0.079451
58 52 0.079452
58 53 0.079453
58 54 0.079454
58 55 0.079455
58 56 0.079456
58 57 0.079458
58 58 0.079459
58 59 0.079460
58 60 0.079461
58 61 0.079463
58 62 0.079464
58 63 0.079465
58 64 0.079467
58 65 0.079468
58 66 0.079469
58 67 0.079471
58 68 0.079472
58 69 0.079473
58 70 0.079475
58 71 0.079476
58 72 0.079477
58 73 0.079479
58 74 0.079480
58 75 0.079481
58 76 0.079482
58 77 0.079483
58 78 0.079485
58 79 0.079486
58 80 0.079487
58 81 0.079488
58 82 0.079489
58 83 0.079490
58 84 0.079491
58 85 0.079491
58 86 0.079492
58 87 0.079493
58 88 0.079493
58 89 0.079494
58 90 0.079494
58 91 0.079495
58 92 0.079495
58 93 0.079495
58 94 0.079495
58 95 0.079495
58 96 0.079495
58 97 0.079495
58 98 0.079495
58 99 0.079495

59 0 0.079447
59 1 0.079446
59 2 0.079446
59 3 0.079446
59 4 0.079445
59 5 0.079445
59 6 0.079445
59 7 0.079444
59 8 0.079444
59 9 0.079444
59 10 0.079444
59 11 0.079443
59 12 0.079443
59 13 0.079443
59 14 0.079443
59 15 0.079442
59 16 0.079442
59 17 0.079442
59 18 0.079442
59 19 0.079442
59 20 0.079441
59 21 0.079441
59 22 0.079441
59 23 0.079441
59 24 0.079441
59 25 0.079441
59 26 0.079441
59 27 0.079441
59 28 0.079441
59 29 0.079441
59 30 0.079441
59 31 0.079441
59 32 0.079441
59 33 0.079441
59 34 0.079441
59 35 0.079441
59 36 0.079442
59 37 0.079442
59 38 0.079443
59 39 0.079443
59 40 0.079443
59 41 0.079444
59 42 0.079445
59 43 0.079445
59 44 0.079446
59 45 0.079447
59 46 0.079448
59 47 0.079449
59 48 0.079450
59 49 0.079451
59 50 0.079452
59 51 0.079453
59 52 0.079454
59 53 0.079455
59 54 0.079456
59 55 0.079457
59 56 0.079459
59 57 0.079460
59 58 0.079461
59 59 0.079462
59 60 0.079464
59 61 0.079465
59 62 0.079466
59 63 0.079468
59 64 0.079469
59 65 0.079470
59 66 0.079472
59 67 0.079473
59 68 0.079474
59 69 0.079475
59 70 0.079477
59 71 0.079478
59 72 0.079479
59 73 0.079481
59 74 0.079482
59 75 0.079483
59 76 0.079484
59 77 0.079486
59 78 0.079487
59 79 0.079488
59 80 0.079489
59 81 0.079490
59 82 0.079491
59 83 0.079492
59 84 0.079493
59 85 0.079493
59 86 0.079494
59 87 0.079495
59 88 0.079495
59 89 0.079496
59 90 0.079496
59 91 0.079497
59 92 0.079497
59 93 0.079497
59 94 0.079497
59 95 0.079497
59 96 0.079497
59 97 0.079497
59 98 0.079497
59 99 0.079497

60 0 0.079448
60 1 0.079448
60 2 0.079448
60 3 0.079448
60 4 0.079447
60 5 0.079447
60 6 0.079447
60 7 0.079446
60 8 0.079446
60 9 0.079446
60 10 0.079445
60 11 0.079445
60 12 0.079445
60 13 0.079445
60 14 0.079444
60 15 0.079444
60 16 0.079444
60 17 0.079444
60 18 0.079444
60 19 0.079443
60 20 0.079443
60 21 0.079443
60 22 0.079443
60 23 0.079443
60 24 0.079443
60 25 0.079443
60 26 0.079442
60 27 0.079442
60 28 0.079442
60 29 0.079442
60 30 0.079442
60 31 0.079443
60 32 0.079443
60 33 0.079443
60 34 0.079443
60 35 0.079443
60 36 0.079444
60 37 0.079444
60 38 0.079444
60 39 0.079445
60 40 0.079445
60 41 0.079446
60 42 0.079447
60 43 0.079447
60 44 0.079448
60 45 0.079449
60 46 0.079450
60 47 0.079451
60 48 0.079452
60 49 0.079453
60 50 0.079454
60 51 0.079455
60 52 0.079456
60 53 0.079457
60 54 0.079458
60 55 0.079459
60 56 0.079461
60 57 0.079462
60 58 0.079463
60 59 0.079464
60 60 0.079466
60 61 0.079467
60 62 0.079468
60 63 0.079470
60 64 0.079471
60 65 0.079472
60 66 0.079474
60 67 0.079475
60 68 0.079476
60 69 0.079478
60 70 0.079479
60 71 0.079480
60 72 0.079481
60 73 0.079483
60 74 0.079484
60 75 0.079485
60 76 0.079486
60 77 0.079488
60 78 0.079489
60 79 0.079490
60 80 0.079491
60 81 0.079492
60 82 0.079493
60 83 0.079494
60 84 0.079495
60 85 0.079496
60 86 0.079496
60 87 0.079497
60 88 0.079498
60 89 0.079498
60 90 0.079498
60 91 0.079499
60 92 0.079499
60 93 0.079499
60 94 0.079499
60 95 0.079499
60 96 0.079499
60 97 0.079499
60 98 0.079499
60 99 0.079499

61 0 0.079450
61 1 0.079450
61 2 0.079449
61 3 0.079449
61 4 0.079449
61 5 0.079449
61 6 0.079448
61 7 0.079448
61 8 0.079448
61 9 0.079447
61 10 0.079447
61 11 0.079447
61 12 0.079447
61 13 0.079446
61 14 0.079446
61 15 0.079446
61 16 0.079446
61 17 0.079446
61 18 0.079445
61 19 0.079445
61 20 0.079445
61 21 0.079445
61 22 0.079445
61 23 0.079445
61 24 0.079444
61 25 0.079444
61 26 0.079444
61 27 0.079444
61 28 0.079444
61 29 0.079444
61 30 0.079444
61 31 0.079445
61 32 0.079445
61 33 0.079445
61 34 0.079445
61 35 0.079445
61 36 0.079446
61 37 0.079446
61 38 0.079447
61 39 0.079447
61 40 0.079448
61 41 0.079448
61 42 0.079449
61 43 0.079450
61 44 0.079450
61 45 0.079451
61 46 0.079452
61 47 0.079453
61 48 0.079454
61 49 0.079455
61 50 0.079456
61 51 0.079457
61 52 0.079458
61 53 0.079459
61 54 0.079460
61 55 0.079462
61 56 0.079463
61 57 0.079464
61 58 0.079465
61 59 0.079466
61 60 0.079468
61 61 0.079469
61 62 0.079470
61 63 0.079472
61 64 0.079473
61 65 0.079474
61 66 0.079476
61 67 0.079477
61 68 0.079478
61 69 0.079480
61 70 0.079481
61 71 0.079482
61 72 0.079483
61 73 0.079485
61 74 0.079486
61 75 0.079487
61 76 0.079488
61 77 0.079490
61 78 0.079491
61 79 0.079492
61 80 0.079493
61 81 0.079494
61 82 0.079495
61 83 0.079496
61 84 0.079497
61 85 0.079497
61 86 0.079498
61 87 0.079499
61 88 0.079499
61 89 0.079500
61 90 0.079500
61 91 0.079501
61 92 0.079501
61 93 0.079501
61 94 0.079501
61 95 0.079501
61 96 0.079501
61 97 0.079501
61 98 0.079501
61 99 0.079501

62 0 0.079452
62 1 0.079452
62 2 0.079451
62 3 0.079451
62 4 0.079451
62 5 0.079450
62 6 0.079450
62 7 0.079450
62 8 0.079449
62 9 0.079449
62 10 0.079449
62 11 0.079449
62 12 0.079448
62 13 0.079448
62 14 0.079448
62 15 0.079448
62 16 0.079448
62 17 0.079447
62 18 0.079447
62 19 0.079447
62 20 0.079447
62 21 0.079447
62 22 0.079447
62 23 0.079446
62 24 0.079446
62 25 0.079446
62 26 0.079446
62 27 0.079446
62 28 0.079446
62 29 0.079446
62 30 0.079446
62 31 0.079446
62 32 0.079447
62 33 0.079447
62 34 0.079447
62 35 0.079447
62 36 0.079448
62 37 0.079448
62 38 0.079449
62 39 0.079449
62 40 0.079450
62 41 0.079450
62 42 0.079451
62 43 0.079452
62 44 0.079452
62 45 0.079453
62 46 0.079454
62 47 0.079455
62 48 0.079456
62 49 0.079457
62 50 0.079458
62 51 0.079459
62 52 0.079460
62 53 0.079461
62 54 0.079462
62 55 0.079464
62 56 0.079465
62 57 0.079466
62 58 0.079467
62 59 0.079469
62 60 0.079470
62 61 0.079471
62 62 0.079472
62 63 0.079474
62 64 0.079475
62 65 0.079476
62 66 0.079478
62 67 0.079479
62 68 0.079480
62 69 0.079482
62 70 0.079483
62 71 0.079484
62 72 0.079485
62 73 0.079487
62 74 0.079488
62 75 0.079489
62 76 0.079490
62 77 0.079492
62 78 0.079493
62 79 0.079494
62 80 0.079495
62 81 0.079496
62 82 0.079497
62 83 0.079498
62 84 0.079499
62 85 0.079499
62 86 0.079500
62 87 0.079501
62 88 0.079501
62 89 0.079502
62 90 0.079502
62 91 0.079503
62 92 0.079503
62 93 0.079503
62 94 0.079503
62 95 0.079503
62 96 0.079503
62 97 0.079503
62 98 0.079503
62 99 0.079503

63 0 0.079454
63 1 0.079453
63 2 0.079453
63 3 0.079453
63 4 0.079452
63 5 0.079452
63 6 0.079452
63 7 0.079451
63 8 0.079451
63 9 0.079451
63 10 0.079451
63 11 0.079450
63 12 0.079450
63 13 0.079450
63 14 0.079450
63 15 0.079449
63 16 0.079449
63 17 0.079449
63 18 0.079449
63 19 0.079449
63 20 0.079449
63 21 0.079448
63 22 0.079448
63 23 0.079448
63 24 0.079448
63 25 0.079448
63 26 0.079448
63 27 0.079448
63 28 0.079448
63 29 0.079448
63 30 0.079448
63 31 0.079448
63 32 0.079449
63 33 0.079449
63 34 0.079449
63 35 0.079449
63 36 0.079450
63 37 0.079450
63 38 0.079451
63 39 0.079451
63 40 0.079452
63 41 0.079452
63 42 0.079453
63 43 0.079454
63 44 0.079454
63 45 0.079455
63 46 0.079456
63 47 0.079457
63 48 0.079458
63 49 0.079459
63 50 0.079460
63 51 0.079461
63 52 0.079462
63 53 0.079463
63 54 0.079464
63 55 0.079466
63 56 0.079467
63 57 0.079468
63 58 0.079469
63 59 0.079471
63 60 0.079472
63 61 0.079473
63 62 0.079474
63 63 0.079476
63 64 0.079477
63 65 0.079478
63 66 0.079480
63 67 0.079481
63 68 0.079482
63 69 0.079484
63 70 0.079485
63 71 0.079486
63 72 0.079487
63 73 0.079489
63 74 0.079490
63 75 0.079491
63 76 0.079492
63 77 0.079493
63 78 0.079495
63 79 0.079496
63 80 0.079497
63 81 0.079498
63 82 0.079499
63 83 0.079500
63 84 0.079500
63 85 0.079501
63 86 0.079502
63 87 0.079503
63 88 0.079503
63 89 0.079504
63 90 0.079504
63 91 0.079504
63 92 0.079505
63 93 0.079505
63 94 0.079505
63 95 0.079505
63 96 0.079505
63 97 0.079505
63 98 0.079505
63 99 0.079504

64 0 0.079455
64 1 0.079455
64 2 0.079455
64 3 0.079454
64 4 0.079454
64 5 0.079454
64 6 0.079453
64 7 0.079453
64 8 0.079453
64 9 0.079453
64 10 0.079452
64 11 0.079452
64 12 0.079452
64 13 0.079452
64 14 0.079451
64 15 0.079451
64 16 0.079451
64 17 0.079451
64 18 0.079451
64 19 0.079450
64 20 0.079450
64 21 0.079450
64 22 0.079450
64 23 0.079450
64 24 0.079450
64 25 0.079450
64 26 0.079450
64 27 0.079450
64 28 0.079450
64 29 0.079450
64 30 0.079450
64 31 0.079450
64 32 0.079450
64 33 0.079451
64 34 0.079451
64 35 0.079451
64 36 0.079452
64 37 0.079452
64 38 0.079452
64 39 0.079453
64 40 0.079454
64 41 0.079454
64 42 0.079455
64 43 0.079456
64 44 0.079456
64 45 0.079457
64 46 0.079458
64 47 0.079459
64 48 0.079460
64 49 0.079461
64 50 0.079462
64 51 0.079463
64 52 0.079464
64 53 0.079465
64 54 0.079466
64 55 0.079468
64 56 0.079469
64 57 0.079470
64 58 0.079471
64 59 0.079472
64 60 0.079474
64 61 0.079475
64 62 0.079476
64 63 0.079478
64 64 0.079479
64 65 0.079480
64 66 0.079482
64 67 0.079483
64 68 0.079484
64 69 0.079485
64 70 0.079487
64 71 0.079488
64 72 0.079489
64 73 0.079491
64 74 0.079492
64 75 0.079493
64 76 0.079494
64 77 0.079495
64 78 0.079497
64 79 0.079498
64 80 0.079499
64 81 0.079500
64 82 0.079501
64 83 0.079502
64 84 0.079502
64 85 0.079503
64 86 0.079504
64 87 0.079505
64 88 0.079505
64 89 0.079506
64 90 0.079506
64 91 0.079507
64 92 0.079507
64 93 0.079507
64 94 0.079507
64 95 0.079507
64 96 0.079507
64 97 0.079507
64 98 0.079507
64 99 0.079506

65 0 0.079457
65 1 0.079457
65 2 0.079456
65 3 0.079456
65 4 0.079456
65 5 0.079455
65 6 0.079455
65 7 0.079455
65 8 0.079454
65 9 0.079454
65 10 0.079454
65 11 0.079454
65 12 0.079454
65 13 0.079453
65 14 0.079453
65 15 0.079453
65 16 0.079453
65 17 0.079453
65 18 0.079452
65 19 0.079452
65 20 0.079452
65 21 0.079452
65 22 0.079452
65 23 0.079452
65 24 0.079452
65 25 0.079452
65 26 0.079452
65 27 0.079452
65 28 0.079452
65 29 0.079452
65 30 0.079452
65 31 0.079452
65 32 0.079452
65 33 0.079453
65 34 0.079453
65 35 0.079453
65 36 0.079454
65 37 0.079454
65 38 0.079454
65 39 0.079455
65 40 0.079456
65 41 0.079456
65 42 0.079457
65 43 0.079458
65 44 0.079458
65 45 0.079459
65 46 0.079460
65 47 0.079461
65 48 0.079462
65 49 0.079463
65 50 0.079464
65 51 0.079465
65 52 0.079466
65 53 0.079467
65 54 0.079468
65 55 0.079470
65 56 0.079471
65 57 0.079472
65 58 0.079473
65 59 0.079475
65 60 0.079476
65 61 0.079477
65 62 0.079478
65 63 0.079480
65 64 0.079481
65 65 0.079482
65 66 0.079484
65 67 0.079485
65 68 0.079486
65 69 0.079487
65 70 0.079489
65 71 0.079490
65 72 0.079491
65 73 0.079492
65 74 0.079494
65 75 0.079495
65 76 0.079496
65 77 0.079497
65 78 0.079498
65 79 0.079499
65 80 0.079501
65 81 0.079502
65 82 0.079503
65 83 0.079503
65 84 0.079504
65 85 0.079505
65 86 0.079506
65 87 0.079506
65 88 0.079507
65 89 0.079507
65 90 0.079508
65 91 0.079508
65 92 0.079509
65 93 0.079509
65 94 0.079509
65 95 0.079509
65 96 0.079509
65 97 0.079508
65 98 0.079508
65 99 0.079508

66 0 0.079458
66 1 0.079458
66 2 0.079458
66 3 0.079458
66 4 0.079457
66 5 0.079457
66 6 0.079457
66 7 0.079456
66 8 0.079456
66 9 0.079456
66 10 0.079456
66 11 0.079455
66 12 0.079455
66 13 0.079455
66 14 0.079455
66 15 0.079455
66 16 0.079454
66 17 0.079454
66 18 0.079454
66 19 0.079454
66 20 0.079454
66 21 0.079454
66 22 0.079454
66 23 0.079454
66 24 0.079453
66 25 0.079453
66 26 0.079453
66 27 0.079454
66 28 0.079454
66 29 0.079454
66 30 0.079454
66 31 0.079454
66 32 0.079454
66 33 0.079454
66 34 0.079455
66 35 0.079455
66 36 0.079455
66 37 0.079456
66 38 0.079456
66 39 0.079457
66 40 0.079457
66 41 0.079458
66 42 0.079459
66 43 0.079459
66 44 0.079460
66 45 0.079461
66 46 0.079462
66 47 0.079463
66 48 0.079464
66 49 0.079465
66 50 0.079466
66 51 0.079467
66 52 0.079468
66 53 0.079469
66 54 0.079470
66 55 0.079472
66 56 0.079473
66 57 0.079474
66 58 0.079475
66 59 0.079476
66 60 0.079478
66 61 0.079479
66 62 0.079480
66 63 0.079482
66 64 0.079483
66 65 0.079484
66 66 0.079485
66 67 0.079487
66 68 0.079488
66 69 0.079489
66 70 0.079491
66 71 0.079492
66 72 0.079493
66 73 0.079494
66 74 0.079496
66 75 0.079497
66 76 0.079498
66 77 0.079499
66 78 0.079500
66 79 0.079501
66 80 0.079502
66 81 0.079503
66 82 0.079504
66 83 0.079505
66 84 0.079506
66 85 0.079507
66 86 0.079508
66 87 0.079508
66 88 0.079509
66 89 0.079509
66 90 0.079510
66 91 0.079510
66 92 0.079510
66 93 0.079510
66 94 0.079511
66 95 0.079510
66 96 0.079511
66 97 0.079510
66 98 0.079510
66 99 0.079510

67 0 0.079460
67 1 0.079460
67 2 0.079459
67 3 0.079459
67 4 0.079459
67 5 0.079459
67 6 0.079458
67 7 0.079458
67 8 0.079458
67 9 0.079457
67 10 0.079457
67 11 0.079457
67 12 0.079457
67 13 0.079457
67 14 0.079456
67 15 0.079456
67 16 0.079456
67 17 0.079456
67 18 0.079456
67 19 0.079456
67 20 0.079455
67 21 0.079455
67 22 0.079455
67 23 0.079455
67 24 0.079455
67 25 0.079455
67 26 0.079455
67 27 0.079455
67 28 0.079455
67 29 0.079455
67 30 0.079456
67 31 0.079456
67 32 0.079456
67 33 0.079456
67 34 0.079457
67 35 0.079457
67 36 0.079457
67 37 0.079458
67 38 0.079458
67 39 0.079459
67 40 0.079459
67 41 0.079460
67 42 0.079461
67 43 0.079461
67 44 0.079462
67 45 0.079463
67 46 0.079464
67 47 0.079465
67 48 0.079466
67 49 0.079467
67 50 0.079468
67 51 0.079469
67 52 0.079470
67 53 0.079471
67 54 0.079472
67 55 0.079473
67 56 0.079475
67 57 0.079476
67 58 0.079477
67 59 0.079478
67 60 0.079480
67 61 0.079481
67 62 0.079482
67 63 0.079483
67 64 0.079485
67 65 0.079486
67 66 0.079487
67 67 0.079488
67 68 0.079490
67 69 0.079491
67 70 0.079492
67 71 0.079494
67 72 0.079495
67 73 0.079496
67 74 0.079497
67 75 0.079499
67 76 0.079500
67 77 0.079501
67 78 0.079502
67 79 0.079503
67 80 0.079504
67 81 0.079505
67 82 0.079506
67 83 0.079507
67 84 0.079508
67 85 0.079508
67 86 0.079509
67 87 0.079510
67 88 0.079510
67 89 0.079511
67 90 0.079511
67 91 0.079512
67 92 0.079512
67 93 0.079512
67 94 0.079512
67 95 0.079512
67 96 0.079512
67 97 0.079512
67 98 0.079512
67 99 0.079511

68 0 0.079462
68 1 0.079461
68 2 0.079461
68 3 0.079461
68 4 0.079460
68 5 0.079460
68 6 0.079460
68 7 0.079459
68 8 0.079459
68 9 0.079459
68 10 0.079459
68 11 0.079458
68 12 0.079458
68 13 0.079458
68 14 0.079458
68 15 0.079458
68 16 0.079458
68 17 0.079457
68 18 0.079457
68 19 0.079457
68 20 0.079457
68 21 0.079457
68 22 0.079457
68 23 0.079457
68 24 0.079457
68 25 0.079457
68 26 0.079457
68 27 0.079457
68 28 0.079457
68 29 0.079457
68 30 0.079457
68 31 0.079458
68 32 0.079458
68 33 0.079458
68 34 0.079458
68 35 0.079459
68 36 0.079459
68 37 0.079460
68 38 0.079460
68 39 0.079461
68 40 0.079461
68 41 0.079462
68 42 0.079462
68 43 0.079463
68 44 0.079464
68 45 0.079465
68 46 0.079466
68 47 0.079467
68 48 0.079468
68 49 0.079469
68 50 0.079470
68 51 0.079471
68 52 0.079472
68 53 0.079473
68 54 0.079474
68 55 0.079475
68 56 0.079476
68 57 0.079478
68 58 0.079479
68 59 0.079480
68 60 0.079481
68 61 0.079483
68 62 0.079484
68 63 0.079485
68 64 0.079487
68 65 0.079488
68 66 0.079489
68 67 0.079490
68 68 0.079492
68 69 0.079493
68 70 0.079494
68 71 0.079495
68 72 0.079497
68 73 0.079498
68 74 0.079499
68 75 0.079500
68 76 0.079501
68 77 0.079503
68 78 0.079504
68 79 0.079505
68 80 0.079506
68 81 0.079507
68 82 0.079508
68 83 0.079509
68 84 0.079509
68 85 0.079510
68 86 0.079511
68 87 0.079512
68 88 0.079512
68 89 0.079513
68 90 0.079513
68 91 0.079513
68 92 0.079514
68 93 0.079514
68 94 0.079514
68 95 0.079514
68 96 0.079514
68 97 0.079513
68 98 0.079513
68 99 0.079513

69 0 0.079463
69 1 0.079463
69 2 0.079462
69 3 0.079462
69 4 0.079462
69 5 0.079461
69 6 0.079461
69 7 0.079461
69 8 0.079461
69 9 0.079460
69 10 0.079460
69 11 0.079460
69 12 0.079460
69 13 0.079460
69 14 0.079459
69 15 0.079459
69 16 0.079459
69 17 0.079459
69 18 0.079459
69 19 0.079459
69 20 0.079459
69 21 0.079459
69 22 0.079459
69 23 0.079459
69 24 0.079459
69 25 0.079459
69 26 0.079459
69 27 0.079459
69 28 0.079459
69 29 0.079459
69 30 0.079459
69 31 0.079459
69 32 0.079460
69 33 0.079460
69 34 0.079460
69 35 0.079461
69 36 0.079461
69 37 0.079461
69 38 0.079462
69 39 0.079462
69 40 0.079463
69 41 0.079464
69 42 0.079464
69 43 0.079465
69 44 0.079466
69 45 0.079467
69 46 0.079468
69 47 0.079469
69 48 0.079470
69 49 0.079471
69 50 0.079472
69 51 0.079473
69 52 0.079474
69 53 0.079475
69 54 0.079476
69 55 0.079477
69 56 0.079478
69 57 0.079480
69 58 0.079481
69 59 0.079482
69 60 0.079483
69 61 0.079485
69 62 0.079486
69 63 0.079487
69 64 0.079488
69 65 0.079490
69 66 0.079491
69 67 0.079492
69 68 0.079493
69 69 0.079495
69 70 0.079496
69 71 0.079497
69 72 0.079499
69 73 0.079500
69 74 0.079501
69 75 0.079502
69 76 0.079503
69 77 0.079504
69 78 0.079506
69 79 0.079507
69 80 0.079508
69 81 0.079509
69 82 0.079510
69 83 0.079510
69 84 0.079511
69 85 0.079512
69 86 0.079513
69 87 0.079513
69 88 0.079514
69 89 0.079514
69 90 0.079515
69 91 0.079515
69 92 0.079515
69 93 0.079516
69 94 0.079516
69 95 0.079516
69 96 0.079516
69 97 0.079515
69 98 0.079515
69 99 0.079515

70 0 0.079464
70 1 0.079464
70 2 0.079464
70 3 0.079464
70 4 0.079463
70 5 0.079463
70 6 0.079463
70 7 0.079462
70 8 0.079462
70 9 0.079462
70 10 0.079462
70 11 0.079461
70 12 0.079461
70 13 0.079461
70 14 0.079461
70 15 0.079461
70 16 0.079461
70 17 0.079461
70 18 0.079460
70 19 0.079460
70 20 0.079460
70 21 0.079460
70 22 0.079460
70 23 0.079460
70 24 0.079460
70 25 0.079460
70 26 0.079460
70 27 0.079460
70 28 0.079460
70 29 0.079461
70 30 0.079461
70 31 0.079461
70 32 0.079461
70 33 0.079462
70 34 0.079462
70 35 0.079462
70 36 0.079463
70 37 0.079463
70 38 0.079464
70 39 0.079464
70 40 0.079465
70 41 0.079465
70 42 0.079466
70 43 0.079467
70 44 0.079468
70 45 0.079469
70 46 0.079469
70 47 0.079470
70 48 0.079471
70 49 0.079472
70 50 0.079473
70 51 0.079474
70 52 0.079476
70 53 0.079477
70 54 0.079478
70 55 0.079479
70 56 0.079480
70 57 0.079481
70 58 0.079483
70 59 0.079484
70 60 0.079485
70 61 0.079486
70 62 0.079488
70 63 0.079489
70 64 0.079490
70 65 0.079491
70 66 0.079493
70 67 0.079494
70 68 0.079495
70 69 0.079496
70 70 0.079498
70 71 0.079499
70 72 0.079500
70 73 0.079501
70 74 0.079503
70 75 0.079504
70 76 0.079505
70 77 0.079506
70 78 0.079507
70 79 0.079508
70 80 0.079509
70 81 0.079510
70 82 0.079511
70 83 0.079512
70 84 0.079513
70 85 0.079514
70 86 0.079514
70 87 0.079515
70 88 0.079515
70 89 0.079516
70 90 0.079516
70 91 0.079517
70 92 0.079517
70 93 0.079517
70 94 0.079517
70 95 0.079517
70 96 0.079517
70 97 0.079517
70 98 0.079517
70 99 0.079516

71 0 0.079466
71 1 0.079466
71 2 0.079465
71 3 0.079465
71 4 0.079465
71 5 0.079464
71 6 0.079464
71 7 0.079464
71 8 0.079464
71 9 0.079463
71 10 0.079463
71 11 0.079463
71 12 0.079463
71 13 0.079463
71 14 0.079462
71 15 0.079462
71 16 0.079462
71 17 0.079462
71 18 0.079462
71 19 0.079462
71 20 0.079462
71 21 0.079462
71 22 0.079462
71 23 0.079462
71 24 0.079462
71 25 0.079462
71 26 0.079462
71 27 0.079462
71 28 0.079462
71 29 0.079462
71 30 0.079462
71 31 0.079463
71 32 0.079463
71 33 0.079463
71 34 0.079464
71 35 0.079464
71 36 0.079464
71 37 0.079465
71 38 0.079465
71 39 0.079466
71 40 0.079467
71 41 0.079467
71 42 0.079468
71 43 0.079469
71 44 0.079470
71 45 0.079470
71 46 0.079471
71 47 0.079472
71 48 0.079473
71 49 0.079474
71 50 0.079475
71 51 0.079476
71 52 0.079477
71 53 0.079479
71 54 0.079480
71 55 0.079481
71 56 0.079482
71 57 0.079483
71 58 0.079484
71 59 0.079486
71 60 0.079487
71 61 0.079488
71 62 0.079489
71 63 0.079491
71 64 0.079492
71 65 0.079493
71 66 0.079494
71 67 0.079496
71 68 0.079497
71 69 0.079498
71 70 0.079499
71 71 0.079501
71 72 0.079502
71 73 0.079503
71 74 0.079504
71 75 0.079505
71 76 0.079507
71 77 0.079508
71 78 0.079509
71 79 0.079510
71 80 0.079511
71 81 0.079512
71 82 0.079513
71 83 0.079514
71 84 0.079514
71 85 0.079515
71 86 0.079516
71 87 0.079516
71 88 0.079517
71 89 0.079518
71 90 0.079518
71 91 0.079518
71 92 0.079518
71 93 0.079519
71 94 0.079519
71 95 0.079519
71 96 0.079519
71 97 0.079518
71 98 0.079518
71 99 0.079518

72 0 0.079467
72 1 0.079467
72 2 0.079466
72 3 0.079466
72 4 0.079466
72 5 0.079466
72 6 0.079465
72 7 0.079465
72 8 0.079465
72 9 0.079465
72 10 0.079464
72 11 0.079464
72 12 0.079464
72 13 0.079464
72 14 0.079464
72 15 0.079464
72 16 0.079464
72 17 0.079463
72 18 0.079463
72 19 0.079463
72 20 0.079463
72 21 0.079463
72 22 0.079463
72 23 0.079463
72 24 0.079463
72 25 0.079463
72 26 0.079463
72 27 0.079464
72 28 0.079464
72 29 0.079464
72 30 0.079464
72 31 0.079464
72 32 0.079465
72 33 0.079465
72 34 0.079465
72 35 0.079466
72 36 0.079466
72 37 0.079467
72 38 0.079467
72 39 0.079468
72 40 0.079468
72 41 0.079469
72 42 0.079470
72 43 0.079470
72 44 0.079471
72 45 0.079472
72 46 0.079473
72 47 0.079474
72 48 0.079475
72 49 0.079476
72 50 0.079477
72 51 0.079478
72 52 0.079479
72 53 0.079480
72 54 0.079481
72 55 0.079482
72 56 0.079484
72 57 0.079485
72 58 0.079486
72 59 0.079487
72 60 0.079489
72 61 0.079490
72 62 0.079491
72 63 0.079492
72 64 0.079494
72 65 0.079495
72 66 0.079496
72 67 0.079497
72 68 0.079499
72 69 0.079500
72 70 0.079501
72 71 0.079502
72 72 0.079504
72 73 0.079505
72 74 0.079506
72 75 0.079507
72 76 0.079508
72 77 0.079509
72 78 0.079510
72 79 0.079511
72 80 0.079512
72 81 0.079513
72 82 0.079514
72 83 0.079515
72 84 0.079516
72 85 0.079517
72 86 0.079517
72 87 0.079518
72 88 0.079519
72 89 0.079519
72 90 0.079519
72 91 0.079520
72 92 0.079520
72 93 0.079520
72 94 0.079520
72 95 0.079520
72 96 0.079520
72 97 0.079520
72 98 0.079520
72 99 0.079519

73 0 0.079468
73 1 0.079468
73 2 0.079468
73 3 0.079468
73 4 0.079467
73 5 0.079467
73 6 0.079467
73 7 0.079466
73 8 0.079466
73 9 0.079466
73 10 0.079466
73 11 0.079466
73 12 0.079466
73 13 0.079465
73 14 0.079465
73 15 0.079465
73 16 0.079465
73 17 0.079465
73 18 0.079465
73 19 0.079465
73 20 0.079465
73 21 0.079465
73 22 0.079465
73 23 0.079465
73 24 0.079465
73 25 0.079465
73 26 0.079465
73 27 0.079465
73 28 0.079465
73 29 0.079465
73 30 0.079466
73 31 0.079466
73 32 0.079466
73 33 0.079467
73 34 0.079467
73 35 0.079467
73 36 0.079468
73 37 0.079468
73 38 0.079469
73 39 0.079469
73 40 0.079470
73 41 0.079471
73 42 0.079471
73 43 0.079472
73 44 0.079473
73 45 0.079474
73 46 0.079475
73 47 0.079476
73 48 0.079477
73 49 0.079478
73 50 0.079479
73 51 0.079480
73 52 0.079481
73 53 0.079482
73 54 0.079483
73 55 0.079484
73 56 0.079485
73 57 0.079487
73 58 0.079488
73 59 0.079489
73 60 0.079490
73 61 0.079491
73 62 0.079493
73 63 0.079494
73 64 0.079495
73 65 0.079496
73 66 0.079498
73 67 0.079499
73 68 0.079500
73 69 0.079501
73 70 0.079503
73 71 0.079504
73 72 0.079505
73 73 0.079506
73 74 0.079507
73 75 0.079509
73 76 0.079510
73 77 0.079511
73 78 0.079512
73 79 0.079513
73 80 0.079514
73 81 0.079515
73 82 0.079516
73 83 0.079517
73 84 0.079517
73 85 0.079518
73 86 0.079519
73 87 0.079520
73 88 0.079520
73 89 0.079521
73 90 0.079521
73 91 0.079521
73 92 0.079521
73 93 0.079522
73 94 0.079522
73 95 0.079522
73 96 0.079522
73 97 0.079521
73 98 0.079521
73 99 0.079521

74 0 0.079470
74 1 0.079470
74 2 0.079469
74 3 0.079469
74 4 0.079468
74 5 0.079468
74 6 0.079468
74 7 0.079468
74 8 0.079468
74 9 0.079467
74 10 0.079467
74 11 0.079467
74 12 0.079467
74 13 0.079467
74 14 0.079467
74 15 0.079466
74 16 0.079466
74 17 0.079466
74 18 0.079466
74 19 0.079466
74 20 0.079466
74 21 0.079466
74 22 0.079466
74 23 0.079466
74 24 0.079466
74 25 0.079466
74 26 0.079467
74 27 0.079467
74 28 0.079467
74 29 0.079467
74 30 0.079467
74 31 0.079467
74 32 0.079468
74 33 0.079468
74 34 0.079468
74 35 0.079469
74 36 0.079469
74 37 0.079470
74 38 0.079470
74 39 0.079471
74 40 0.079472
74 41 0.079472
74 42 0.079473
74 43 0.079474
74 44 0.079475
74 45 0.079475
74 46 0.079476
74 47 0.079477
74 48 0.079478
74 49 0.079479
74 50 0.079480
74 51 0.079481
74 52 0.079482
74 53 0.079483
74 54 0.079485
74 55 0.079486
74 56 0.079487
74 57 0.079488
74 58 0.079489
74 59 0.079490
74 60 0.079492
74 61 0.079493
74 62 0.079494
74 63 0.079495
74 64 0.079497
74 65 0.079498
74 66 0.079499
74 67 0.079500
74 68 0.079502
74 69 0.079503
74 70 0.079504
74 71 0.079505
74 72 0.079507
74 73 0.079508
74 74 0.079509
74 75 0.079510
74 76 0.079511
74 77 0.079512
74 78 0.079513
74 79 0.079514
74 80 0.079515
74 81 0.079516
74 82 0.079517
74 83 0.079518
74 84 0.079519
74 85 0.079520
74 86 0.079520
74 87 0.079521
74 88 0.079521
74 89 0.079522
74 90 0.079522
74 91 0.079523
74 92 0.079523
74 93 0.079523
74 94 0.079523
74 95 0.079523
74 96 0.079523
74 97 0.079523
74 98 0.079523
74 99 0.079522

75 0 0.079471
75 1 0.079471
75 2 0.079470
75 3 0.079470
75 4 0.079470
75 5 0.079470
75 6 0.079469
75 7 0.079469
75 8 0.079469
75 9 0.079469
75 10 0.079468
75 11 0.079468
75 12 0.079468
75 13 0.079468
75 14 0.079468
75 15 0.079468
75 16 0.079468
75 17 0.079468
75 18 0.079468
75 19 0.079468
75 20 0.079468
75 21 0.079468
75 22 0.079468
75 23 0.079468
75 24 0.079468
75 25 0.079468
75 26 0.079468
75 27 0.079468
75 28 0.079468
75 29 0.079468
75 30 0.079469
75 31 0.079469
75 32 0.079469
75 33 0.079470
75 34 0.079470
75 35 0.079470
75 36 0.079471
75 37 0.079471
75 38 0.079472
75 39 0.079472
75 40 0.079473
75 41 0.079474
75 42 0.079474
75 43 0.079475
75 44 0.079476
75 45 0.079477
75 46 0.079478
75 47 0.079479
75 48 0.079480
75 49 0.079481
75 50 0.079482
75 51 0.079483
75 52 0.079484
75 53 0.079485
75 54 0.079486
75 55 0.079487
75 56 0.079488
75 57 0.079490
75 58 0.079491
75 59 0.079492
75 60 0.079493
75 61 0.079494
75 62 0.079496
75 63 0.079497
75 64 0.079498
75 65 0.079499
75 66 0.079501
75 67 0.079502
75 68 0.079503
75 69 0.079504
75 70 0.079506
75 71 0.079507
75 72 0.079508
75 73 0.079509
75 74 0.079510
75 75 0.079511
75 76 0.079513
75 77 0.079514
75 78 0.079515
75 79 0.079516
75 80 0.079517
75 81 0.079518
75 82 0.079519
75 83 0.079519
75 84 0.079520
75 85 0.079521
75 86 0.079522
75 87 0.079522
75 88 0.079523
75 89 0.079523
75 90 0.079524
75 91 0.079524
75 92 0.079524
75 93 0.079524
75 94 0.079524
75 95 0.079524
75 96 0.079524
75 97 0.079524
75 98 0.079524
75 99 0.079523

76 0 0.079472
76 1 0.079472
76 2 0.079471
76 3 0.079471
76 4 0.079471
76 5 0.079471
76 6 0.079470
76 7 0.079470
76 8 0.079470
76 9 0.079470
76 10 0.079470
76 11 0.079469
76 12 0.079469
76 13 0.079469
76 14 0.079469
76 15 0.079469
76 16 0.079469
76 17 0.079469
76 18 0.079469
76 19 0.079469
76 20 0.079469
76 21 0.079469
76 22 0.079469
76 23 0.079469
76 24 0.079469
76 25 0.079469
76 26 0.079469
76 27 0.079469
76 28 0.079470
76 29 0.079470
76 30 0.079470
76 31 0.079470
76 32 0.079471
76 33 0.079471
76 34 0.079471
76 35 0.079472
76 36 0.079472
76 37 0.079473
76 38 0.079473
76 39 0.079474
76 40 0.079475
76 41 0.079475
76 42 0.079476
76 43 0.079477
76 44 0.079478
76 45 0.079478
76 46 0.079479
76 47 0.079480
76 48 0.079481
76 49 0.079482
76 50 0.079483
76 51 0.079484
76 52 0.079485
76 53 0.079487
76 54 0.079488
76 55 0.079489
76 56 0.079490
76 57 0.079491
76 58 0.079492
76 59 0.079494
76 60 0.079495
76 61 0.079496
76 62 0.079497
76 63 0.079498
76 64 0.079500
76 65 0.079501
76 66 0.079502
76 67 0.079503
76 68 0.079505
76 69 0.079506
76 70 0.079507
76 71 0.079508
76 72 0.079509
76 73 0.079511
76 74 0.079512
76 75 0.079513
76 76 0.079514
76 77 0.079515
76 78 0.079516
76 79 0.079517
76 80 0.079518
76 81 0.079519
76 82 0.079520
76 83 0.079521
76 84 0.079521
76 85 0.079522
76 86 0.079523
76 87 0.079523
76 88 0.079524
76 89 0.079524
76 90 0.079525
76 91 0.079525
76 92 0.079525
76 93 0.079526
76 94 0.079526
76 95 0.079526
76 96 0.079526
76 97 0.079525
76 98 0.079525
76 99 0.079525

77 0 0.079473
77 1 0.079473
77 2 0.079473
77 3 0.079473
77 4 0.079472
77 5 0.079472
77 6 0.079472
77 7 0.079471
77 8 0.079471
77 9 0.079471
77 10 0.079471
77 11 0.079471
77 12 0.079471
77 13 0.079470
77 14 0.079470
77 15 0.079470
77 16 0.079470
77 17 0.079470
77 18 0.079470
77 19 0.079470
77 20 0.079470
77 21 0.079470
77 22 0.079470
77 23 0.079470
77 24 0.079470
77 25 0.079470
77 26 0.079471
77 27 0.079471
77 28 0.079471
77 29 0.079471
77 30 0.079471
77 31 0.079472
77 32 0.079472
77 33 0.079472
77 34 0.079473
77 35 0.079473
77 36 0.079474
77 37 0.079474
77 38 0.079475
77 39 0.079475
77 40 0.079476
77 41 0.079477
77 42 0.079477
77 43 0.079478
77 44 0.079479
77 45 0.079480
77 46 0.079481
77 47 0.079482
77 48 0.079483
77 49 0.079484
77 50 0.079485
77 51 0.079486
77 52 0.079487
77 53 0.079488
77 54 0.079489
77 55 0.079490
77 56 0.079491
77 57 0.079493
77 58 0.079494
77 59 0.079495
77 60 0.079496
77 61 0.079497
77 62 0.079499
77 63 0.079500
77 64 0.079501
77 65 0.079502
77 66 0.079504
77 67 0.079505
77 68 0.079506
77 69 0.079507
77 70 0.079508
77 71 0.079510
77 72 0.079511
77 73 0.079512
77 74 0.079513
77 75 0.079514
77 76 0.079515
77 77 0.079516
77 78 0.079517
77 79 0.079518
77 80 0.079519
77 81 0.079520
77 82 0.079521
77 83 0.079522
77 84 0.079523
77 85 0.079523
77 86 0.079524
77 87 0.079525
77 88 0.079525
77 89 0.079526
77 90 0.079526
77 91 0.079526
77 92 0.079527
77 93 0.079527
77 94 0.079527
77 95 0.079527
77 96 0.079527
77 97 0.079526
77 98 0.079526
77 99 0.079526

78 0 0.079474
78 1 0.079474
78 2 0.079474
78 3 0.079474
78 4 0.079473
78 5 0.079473
78 6 0.079473
78 7 0.079472
78 8 0.079472
78 9 0.079472
78 10 0.079472
78 11 0.079472
78 12 0.079472
78 13 0.079472
78 14 0.079471
78 15 0.079471
78 16 0.079471
78 17 0.079471
78 18 0.079471
78 19 0.079471
78 20 0.079471
78 21 0.079471
78 22 0.079471
78 23 0.079472
78 24 0.079472
78 25 0.079472
78 26 0.079472
78 27 0.079472
78 28 0.079472
78 29 0.079472
78 30 0.079473
78 31 0.079473
78 32 0.079473
78 33 0.079474
78 34 0.079474
78 35 0.079475
78 36 0.079475
78 37 0.079476
78 38 0.079476
78 39 0.079477
78 40 0.079477
78 41 0.079478
78 42 0.079479
78 43 0.079480
78 44 0.079480
78 45 0.079481
78 46 0.079482
78 47 0.079483
78 48 0.079484
78 49 0.079485
78 50 0.079486
78 51 0.079487
78 52 0.079488
78 53 0.079489
78 54 0.079490
78 55 0.079492
78 56 0.079493
78 57 0.079494
78 58 0.079495
78 59 0.079496
78 60 0.079497
78 61 0.079499
78 62 0.079500
78 63 0.079501
78 64 0.079502
78 65 0.079504
78 66 0.079505
78 67 0.079506
78 68 0.079507
78 69 0.079508
78 70 0.079510
78 71 0.079511
78 72 0.079512
78 73 0.079513
78 74 0.079514
78 75 0.079515
78 76 0.079516
78 77 0.079518
78 78 0.079519
78 79 0.079520
78 80 0.079520
78 81 0.079521
78 82 0.079522
78 83 0.079523
78 84 0.079524
78 85 0.079525
78 86 0.079525
78 87 0.079526
78 88 0.079526
78 89 0.079527
78 90 0.079527
78 91 0.079527
78 92 0.079528
78 93 0.079528
78 94 0.079528
78 95 0.079528
78 96 0.079528
78 97 0.079527
78 98 0.079527
78 99 0.079527

79 0 0.079475
79 1 0.079475
79 2 0.079475
79 3 0.079475
79 4 0.079474
79 5 0.079474
79 6 0.079474
79 7 0.079473
79 8 0.079473
79 9 0.079473
79 10 0.079473
79 11 0.079473
79 12 0.079473
79 13 0.079473
79 14 0.079473
79 15 0.079472
79 16 0.079472
79 17 0.079472
79 18 0.079472
79 19 0.079472
79 20 0.079472
79 21 0.079473
79 22 0.079473
79 23 0.079473
79 24 0.079473
79 25 0.079473
79 26 0.079473
79 27 0.079473
79 28 0.079473
79 29 0.079474
79 30 0.079474
79 31 0.079474
79 32 0.079475
79 33 0.079475
79 34 0.079475
79 35 0.079476
79 36 0.079476
79 37 0.079477
79 38 0.079477
79 39 0.079478
79 40 0.079479
79 41 0.079479
79 42 0.079480
79 43 0.079481
79 44 0.079482
79 45 0.079483
79 46 0.079483
79 47 0.079484
79 48 0.079485
79 49 0.079486
79 50 0.079487
79 51 0.079489
79 52 0.079490
79 53 0.079491
79 54 0.079492
79 55 0.079493
79 56 0.079494
79 57 0.079495
79 58 0.079496
79 59 0.079498
79 60 0.079499
79 61 0.079500
79 62 0.079501
79 63 0.079503
79 64 0.079504
79 65 0.079505
79 66 0.079506
79 67 0.079507
79 68 0.079509
79 69 0.079510
79 70 0.079511
79 71 0.079512
79 72 0.079513
79 73 0.079515
79 74 0.079516
79 75 0.079517
79 76 0.079518
79 77 0.079519
79 78 0.079520
79 79 0.079521
79 80 0.079522
79 81 0.079523
79 82 0.079524
79 83 0.079524
79 84 0.079525
79 85 0.079526
79 86 0.079527
79 87 0.079527
79 88 0.079528
79 89 0.079528
79 90 0.079528
79 91 0.079529
79 92 0.079529
79 93 0.079529
79 94 0.079529
79 95 0.079529
79 96 0.079529
79 97 0.079529
79 98 0.079529
79 99 0.079528

80 0 0.079476
80 1 0.079476
80 2 0.079476
80 3 0.079476
80 4 0.079475
80 5 0.079475
80 6 0.079475
80 7 0.079475
80 8 0.079474
80 9 0.079474
80 10 0.079474
80 11 0.079474
80 12 0.079474
80 13 0.079474
80 14 0.079474
80 15 0.079474
80 16 0.079474
80 17 0.079474
80 18 0.079474
80 19 0.079474
80 20 0.079474
80 21 0.079474
80 22 0.079474
80 23 0.079474
80 24 0.079474
80 25 0.079474
80 26 0.079474
80 27 0.079474
80 28 0.079475
80 29 0.079475
80 30 0.079475
80 31 0.079475
80 32 0.079476
80 33 0.079476
80 34 0.079477
80 35 0.079477
80 36 0.079478
80 37 0.079478
80 38 0.079479
80 39 0.079479
80 40 0.079480
80 41 0.079481
80 42 0.079481
80 43 0.079482
80 44 0.079483
80 45 0.079484
80 46 0.079485
80 47 0.079486
80 48 0.079487
80 49 0.079488
80 50 0.079489
80 51 0.079490
80 52 0.079491
80 53 0.079492
80 54 0.079493
80 55 0.079494
80 56 0.079495
80 57 0.079497
80 58 0.079498
80 59 0.079499
80 60 0.079500
80 61 0.079501
80 62 0.079502
80 63 0.079504
80 64 0.079505
80 65 0.079506
80 66 0.079507
80 67 0.079509
80 68 0.079510
80 69 0.079511
80 70 0.079512
80 71 0.079513
80 72 0.079514
80 73 0.079516
80 74 0.079517
80 75 0.079518
80 76 0.079519
80 77 0.079520
80 78 0.079521
80 79 0.079522
80 80 0.079523
80 81 0.079524
80 82 0.079525
80 83 0.079525
80 84 0.079526
80 85 0.079527
80 86 0.079528
80 87 0.079528
80 88 0.079529
80 89 0.079529
80 90 0.079529
80 91 0.079530
80 92 0.079530
80 93 0.079530
80 94 0.079530
80 95 0.079530
80 96 0.079530
80 97 0.079530
80 98 0.079530
80 99 0.079529

81 0 0.079477
81 1 0.079477
81 2 0.079477
81 3 0.079477
81 4 0.079476
81 5 0.079476
81 6 0.079476
81 7 0.079475
81 8 0.079475
81 9 0.079475
81 10 0.079475
81 11 0.079475
81 12 0.079475
81 13 0.079475
81 14 0.079475
81 15 0.079475
81 16 0.079475
81 17 0.079475
81 18 0.079475
81 19 0.079475
81 20 0.079475
81 21 0.079475
81 22 0.079475
81 23 0.079475
81 24 0.079475
81 25 0.079475
81 26 0.079475
81 27 0.079476
81 28 0.079476
81 29 0.079476
81 30 0.079476
81 31 0.079477
81 32 0.079477
81 33 0.079477
81 34 0.079478
81 35 0.079478
81 36 0.079479
81 37 0.079479
81 38 0.079480
81 39 0.079480
81 40 0.079481
81 41 0.079482
81 42 0.079483
81 43 0.079483
81 44 0.079484
81 45 0.079485
81 46 0.079486
81 47 0.079487
81 48 0.079488
81 49 0.079489
81 50 0.079490
81 51 0.079491
81 52 0.079492
81 53 0.079493
81 54 0.079494
81 55 0.079495
81 56 0.079497
81 57 0.079498
81 58 0.079499
81 59 0.079500
81 60 0.079501
81 61 0.079502
81 62 0.079504
81 63 0.079505
81 64 0.079506
81 65 0.079507
81 66 0.079508
81 67 0.079510
81 68 0.079511
81 69 0.079512
81 70 0.079513
81 71 0.079514
81 72 0.079516
81 73 0.079517
81 74 0.079518
81 75 0.079519
81 76 0.079520
81 77 0.079521
81 78 0.079522
81 79 0.079523
81 80 0.079524
81 81 0.079525
81 82 0.079526
81 83 0.079527
81 84 0.079527
81 85 0.079528
81 86 0.079529
81 87 0.079529
81 88 0.079530
81 89 0.079530
81 90 0.079530
81 91 0.079531
81 92 0.079531
81 93 0.079531
81 94 0.079531
81 95 0.079531
81 96 0.079531
81 97 0.079531
81 98 0.079531
81 99 0.079530

82 0 0.079478
82 1 0.079478
82 2 0.079478
82 3 0.079477
82 4 0.079477
82 5 0.079477
82 6 0.079477
82 7 0.079476
82 8 0.079476
82 9 0.079476
82 10 0.079476
82 11 0.079476
82 12 0.079476
82 13 0.079476
82 14 0.079476
82 15 0.079475
82 16 0.079475
82 17 0.079475
82 18 0.079476
82 19 0.079476
82 20 0.079476
82 21 0.079476
82 22 0.079476
82 23 0.079476
82 24 0.079476
82 25 0.079476
82 26 0.079476
82 27 0.079477
82 28 0.079477
82 29 0.079477
82 30 0.079477
82 31 0.079478
82 32 0.079478
82 33 0.079478
82 34 0.079479
82 35 0.079479
82 36 0.079480
82 37 0.079480
82 38 0.079481
82 39 0.079482
82 40 0.079482
82 41 0.079483
82 42 0.079484
82 43 0.079484
82 44 0.079485
82 45 0.079486
82 46 0.079487
82 47 0.079488
82 48 0.079489
82 49 0.079490
82 50 0.079491
82 51 0.079492
82 52 0.079493
82 53 0.079494
82 54 0.079495
82 55 0.079497
82 56 0.079498
82 57 0.079499
82 58 0.079500
82 59 0.079501
82 60 0.079502
82 61 0.079504
82 62 0.079505
82 63 0.079506
82 64 0.079507
82 65 0.079508
82 66 0.079510
82 67 0.079511
82 68 0.079512
82 69 0.079513
82 70 0.079514
82 71 0.079516
82 72 0.079517
82 73 0.079518
82 74 0.079519
82 75 0.079520
82 76 0.079521
82 77 0.079522
82 78 0.079523
82 79 0.079524
82 80 0.079525
82 81 0.079526
82 82 0.079527
82 83 0.079528
82 84 0.079528
82 85 0.079529
82 86 0.079530
82 87 0.079530
82 88 0.079531
82 89 0.079531
82 90 0.079531
82 91 0.079532
82 92 0.079532
82 93 0.079532
82 94 0.079532
82 95 0.079532
82 96 0.079532
82 97 0.079532
82 98 0.079532
82 99 0.079531

83 0 0.079479
83 1 0.079479
83 2 0.079478
83 3 0.079478
83 4 0.079478
83 5 0.079478
83 6 0.079477
83 7 0.079477
83 8 0.079477
83 9 0.079477
83 10 0.079477
83 11 0.079477
83 12 0.079477
83 13 0.079476
83 14 0.079476
83 15 0.079476
83 16 0.079476
83 17 0.079476
83 18 0.079476
83 19 0.079476
83 20 0.079477
83 21 0.079477
83 22 0.079477
83 23 0.079477
83 24 0.079477
83 25 0.079477
83 26 0.079477
83 27 0.079478
83 28 0.079478
83 29 0.079478
83 30 0.079478
83 31 0.079479
83 32 0.079479
83 33 0.079480
83 34 0.079480
83 35 0.079480
83 36 0.079481
83 37 0.079481
83 38 0.079482
83 39 0.079483
83 40 0.079483
83 41 0.079484
83 42 0.079485
83 43 0.079486
83 44 0.079486
83 45 0.079487
83 46 0.079488
83 47 0.079489
83 48 0.079490
83 49 0.079491
83 50 0.079492
83 51 0.079493
83 52 0.079494
83 53 0.079495
83 54 0.079497
83 55 0.079498
83 56 0.079499
83 57 0.079500
83 58 0.079501
83 59 0.079502
83 60 0.079503
83 61 0.079505
83 62 0.079506
83 63 0.079507
83 64 0.079508
83 65 0.079509
83 66 0.079511
83 67 0.079512
83 68 0.079513
83 69 0.079514
83 70 0.079515
83 71 0.079517
83 72 0.079518
83 73 0.079519
83 74 0.079520
83 75 0.079521
83 76 0.079522
83 77 0.079523
83 78 0.079524
83 79 0.079525
83 80 0.079526
83 81 0.079527
83 82 0.079528
83 83 0.079529
83 84 0.079529
83 85 0.079530
83 86 0.079531
83 87 0.079531
83 88 0.079532
83 89 0.079532
83 90 0.079532
83 91 0.079533
83 92 0.079533
83 93 0.079533
83 94 0.079533
83 95 0.079533
83 96 0.079533
83 97 0.079533
83 98 0.079533
83 99 0.079532

84 0 0.079480
84 1 0.079480
84 2 0.079479
84 3 0.079479
84 4 0.079479
84 5 0.079478
84 6 0.079478
84 7 0.079478
84 8 0.079478
84 9 0.079478
84 10 0.079477
84 11 0.079477
84 12 0.079477
84 13 0.079477
84 14 0.079477
84 15 0.079477
84 16 0.079477
84 17 0.079477
84 18 0.079477
84 19 0.079477
84 20 0.079477
84 21 0.079477
84 22 0.079478
84 23 0.079478
84 24 0.079478
84 25 0.079478
84 26 0.079478
84 27 0.079479
84 28 0.079479
84 29 0.079479
84 30 0.079479
84 31 0.079480
84 32 0.079480
84 33 0.079480
84 34 0.079481
84 35 0.079481
84 36 0.079482
84 37 0.079482
84 38 0.079483
84 39 0.079483
84 40 0.079484
84 41 0.079485
84 42 0.079486
84 43 0.079486
84 44 0.079487
84 45 0.079488
84 46 0.079489
84 47 0.079490
84 48 0.079491
84 49 0.079492
84 50 0.079493
84 51 0.079494
84 52 0.079495
84 53 0.079496
84 54 0.079497
84 55 0.079499
84 56 0.079500
84 57 0.079501
84 58 0.079502
84 59 0.079503
84 60 0.079504
84 61 0.079506
84 62 0.079507
84 63 0.079508
84 64 0.079509
84 65 0.079510
84 66 0.079512
84 67 0.079513
84 68 0.079514
84 69 0.079515
84 70 0.079516
84 71 0.079517
84 72 0.079518
84 73 0.079520
84 74 0.079521
84 75 0.079522
84 76 0.079523
84 77 0.079524
84 78 0.079525
84 79 0.079526
84 80 0.079527
84 81 0.079528
84 82 0.079528
84 83 0.079529
84 84 0.079530
84 85 0.079531
84 86 0.079531
84 87 0.079532
84 88 0.079532
84 89 0.079533
84 90 0.079533
84 91 0.079533
84 92 0.079534
84 93 0.079534
84 94 0.079534
84 95 0.079534
84 96 0.079534
84 97 0.079533
84 98 0.079533
84 99 0.079533

85 0 0.079480
85 1 0.079480
85 2 0.079480
85 3 0.079480
85 4 0.079479
85 5 0.079479
85 6 0.079479
85 7 0.079479
85 8 0.079478
85 9 0.079478
85 10 0.079478
85 11 0.079478
85 12 0.079478
85 13 0.079478
85 14 0.079478
85 15 0.079478
85 16 0.079478
85 17 0.079478
85 18 0.079478
85 19 0.079478
85 20 0.079478
85 21 0.079478
85 22 0.079478
85 23 0.079478
85 24 0.079479
85 25 0.079479
85 26 0.079479
85 27 0.079479
85 28 0.079479
85 29 0.079480
85 30 0.079480
85 31 0.079480
85 32 0.079481
85 33 0.079481
85 34 0.079482
85 35 0.079482
85 36 0.079483
85 37 0.079483
85 38 0.079484
85 39 0.079484
85 40 0.079485
85 41 0.079486
85 42 0.079487
85 43 0.079487
85 44 0.079488
85 45 0.079489
85 46 0.079490
85 47 0.079491
85 48 0.079492
85 49 0.079493
85 50 0.079494
85 51 0.079495
85 52 0.079496
85 53 0.079497
85 54 0.079498
85 55 0.079499
85 56 0.079501
85 57 0.079502
85 58 0.079503
85 59 0.079504
85 60 0.079505
85 61 0.079506
85 62 0.079508
85 63 0.079509
85 64 0.079510
85 65 0.079511
85 66 0.079512
85 67 0.079514
85 68 0.079515
85 69 0.079516
85 70 0.079517
85 71 0.079518
85 72 0.079519
85 73 0.079520
85 74 0.079522
85 75 0.079523
85 76 0.079524
85 77 0.079525
85 78 0.079526
85 79 0.079527
85 80 0.079528
85 81 0.079528
85 82 0.079529
85 83 0.079530
85 84 0.079531
85 85 0.079531
85 86 0.079532
85 87 0.079533
85 88 0.079533
85 89 0.079534
85 90 0.079534
85 91 0.079534
85 92 0.079534
85 93 0.079535
85 94 0.079535
85 95 0.079535
85 96 0.079535
85 97 0.079534
85 98 0.079534
85 99 0.079534

86 0 0.079481
86 1 0.079481
86 2 0.079480
86 3 0.079480
86 4 0.079480
86 5 0.079480
86 6 0.079479
86 7 0.079479
86 8 0.079479
86 9 0.079479
86 10 0.079479
86 11 0.079479
86 12 0.079479
86 13 0.079479
86 14 0.079479
86 15 0.079479
86 16 0.079479
86 17 0.079479
86 18 0.079479
86 19 0.079479
86 20 0.079479
86 21 0.079479
86 22 0.079479
86 23 0.079479
86 24 0.079479
86 25 0.079480
86 26 0.079480
86 27 0.079480
86 28 0.079480
86 29 0.079481
86 30 0.079481
86 31 0.079481
86 32 0.079482
86 33 0.079482
86 34 0.079482
86 35 0.079483
86 36 0.079483
86 37 0.079484
86 38 0.079485
86 39 0.079485
86 40 0.079486
86 41 0.079487
86 42 0.079487
86 43 0.079488
86 44 0.079489
86 45 0.079490
86 46 0.079491
86 47 0.079492
86 48 0.079493
86 49 0.079494
86 50 0.079495
86 51 0.079496
86 52 0.079497
86 53 0.079498
86 54 0.079499
86 55 0.079500
86 56 0.079501
86 57 0.079503
86 58 0.079504
86 59 0.079505
86 60 0.079506
86 61 0.079507
86 62 0.079508
86 63 0.079510
86 64 0.079511
86 65 0.079512
86 66 0.079513
86 67 0.079514
86 68 0.079515
86 69 0.079517
86 70 0.079518
86 71 0.079519
86 72 0.079520
86 73 0.079521
86 74 0.079522
86 75 0.079523
86 76 0.079524
86 77 0.079525
86 78 0.079526
86 79 0.079527
86 80 0.079528
86 81 0.079529
86 82 0.079530
86 83 0.079531
86 84 0.079531
86 85 0.079532
86 86 0.079533
86 87 0.079533
86 88 0.079534
86 89 0.079534
86 90 0.079535
86 91 0.079535
86 92 0.079535
86 93 0.079535
86 94 0.079535
86 95 0.079535
86 96 0.079535
86 97 0.079535
86 98 0.079535
86 99 0.079534

87 0 0.079481
87 1 0.079482
87 2 0.079481
87 3 0.079481
87 4 0.079480
87 5 0.079480
87 6 0.079480
87 7 0.079480
87 8 0.079480
87 9 0.079479
87 10 0.079479
87 11 0.079479
87 12 0.079479
87 13 0.079479
87 14 0.079479
87 15 0.079479
87 16 0.079479
87 17 0.079479
87 18 0.079479
87 19 0.079479
87 20 0.079479
87 21 0.079479
87 22 0.079480
87 23 0.079480
87 24 0.079480
87 25 0.079480
87 26 0.079480
87 27 0.079481
87 28 0.079481
87 29 0.079481
87 30 0.079481
87 31 0.079482
87 32 0.079482
87 33 0.079483
87 34 0.079483
87 35 0.079484
87 36 0.079484
87 37 0.079485
87 38 0.079485
87 39 0.079486
87 40 0.079487
87 41 0.079487
87 42 0.079488
87 43 0.079489
87 44 0.079490
87 45 0.079491
87 46 0.079491
87 47 0.079492
87 48 0.079493
87 49 0.079494
87 50 0.079495
87 51 0.079496
87 52 0.079498
87 53 0.079499
87 54 0.079500
87 55 0.079501
87 56 0.079502
87 57 0.079503
87 58 0.079504
87 59 0.079505
87 60 0.079507
87 61 0.079508
87 62 0.079509
87 63 0.079510
87 64 0.079511
87 65 0.079513
87 66 0.079514
87 67 0.079515
87 68 0.079516
87 69 0.079517
87 70 0.079518
87 71 0.079520
87 72 0.079521
87 73 0.079522
87 74 0.079523
87 75 0.079524
87 76 0.079525
87 77 0.079526
87 78 0.079527
87 79 0.079528
87 80 0.079529
87 81 0.079530
87 82 0.079530
87 83 0.079531
87 84 0.079532
87 85 0.079533
87 86 0.079533
87 87 0.079534
87 88 0.079534
87 89 0.079535
87 90 0.079535
87 91 0.079535
87 92 0.079536
87 93 0.079536
87 94 0.079536
87 95 0.079536
87 96 0.079536
87 97 0.079535
87 98 0.079535
87 99 0.079535

88 0 0.079482
88 1 0.079482
88 2 0.079481
88 3 0.079481
88 4 0.079481
88 5 0.079481
88 6 0.079480
88 7 0.079480
88 8 0.079480
88 9 0.079480
88 10 0.079480
88 11 0.079480
88 12 0.079480
88 13 0.079480
88 14 0.079480
88 15 0.079480
88 16 0.079480
88 17 0.079480
88 18 0.079480
88 19 0.079480
88 20 0.079480
88 21 0.079480
88 22 0.079480
88 23 0.079480
88 24 0.079481
88 25 0.079481
88 26 0.079481
88 27 0.079481
88 28 0.079481
88 29 0.079482
88 30 0.079482
88 31 0.079482
88 32 0.079483
88 33 0.079483
88 34 0.079484
88 35 0.079484
88 36 0.079485
88 37 0.079485
88 38 0.079486
88 39 0.079487
88 40 0.079487
88 41 0.079488
88 42 0.079489
88 43 0.079490
88 44 0.079490
88 45 0.079491
88 46 0.079492
88 47 0.079493
88 48 0.079494
88 49 0.079495
88 50 0.079496
88 51 0.079497
88 52 0.079498
88 53 0.079499
88 54 0.079500
88 55 0.079502
88 56 0.079503
88 57 0.079504
88 58 0.079505
88 59 0.079506
88 60 0.079507
88 61 0.079509
88 62 0.079510
88 63 0.079511
88 64 0.079512
88 65 0.079513
88 66 0.079514
88 67 0.079516
88 68 0.079517
88 69 0.079518
88 70 0.079519
88 71 0.079520
88 72 0.079521
88 73 0.079522
88 74 0.079523
88 75 0.079525
88 76 0.079526
88 77 0.079527
88 78 0.079528
88 79 0.079528
88 80 0.079529
88 81 0.079530
88 82 0.079531
88 83 0.079532
88 84 0.079533
88 85 0.079533
88 86 0.079534
88 87 0.079534
88 88 0.079535
88 89 0.079535
88 90 0.079536
88 91 0.079536
88 92 0.079536
88 93 0.079536
88 94 0.079536
88 95 0.079536
88 96 0.079536
88 97 0.079536
88 98 0.079536
88 99 0.079535

89 0 0.079482
89 1 0.079482
89 2 0.079482
89 3 0.079481
89 4 0.079481
89 5 0.079481
89 6 0.079481
89 7 0.079480
89 8 0.079480
89 9 0.079480
89 10 0.079480
89 11 0.079480
89 12 0.079480
89 13 0.079480
89 14 0.079480
89 15 0.079480
89 16 0.079480
89 17 0.079480
89 18 0.079480
89 19 0.079480
89 20 0.079480
89 21 0.079480
89 22 0.079481
89 23 0.079481
89 24 0.079481
89 25 0.079481
89 26 0.079481
89 27 0.079482
89 28 0.079482
89 29 0.079482
89 30 0.079483
89 31 0.079483
89 32 0.079483
89 33 0.079484
89 34 0.079484
89 35 0.079485
89 36 0.079485
89 37 0.079486
89 38 0.079486
89 39 0.079487
89 40 0.079488
89 41 0.079488
89 42 0.079489
89 43 0.079490
89 44 0.079491
89 45 0.079492
89 46 0.079493
89 47 0.079494
89 48 0.079495
89 49 0.079496
89 50 0.079497
89 51 0.079498
89 52 0.079499
89 53 0.079500
89 54 0.079501
89 55 0.079502
89 56 0.079503
89 57 0.079504
89 58 0.079506
89 59 0.079507
89 60 0.079508
89 61 0.079509
89 62 0.079510
89 63 0.079511
89 64 0.079513
89 65 0.079514
89 66 0.079515
89 67 0.079516
89 68 0.079517
89 69 0.079518
89 70 0.079520
89 71 0.079521
89 72 0.079522
89 73 0.079523
89 74 0.079524
89 75 0.079525
89 76 0.079526
89 77 0.079527
89 78 0.079528
89 79 0.079529
89 80 0.079530
89 81 0.079531
89 82 0.079532
89 83 0.079532
89 84 0.079533
89 85 0.079534
89 86 0.079534
89 87 0.079535
89 88 0.079535
89 89 0.079536
89 90 0.079536
89 91 0.079536
89 92 0.079537
89 93 0.079537
89 94 0.079537
89 95 0.079537
89 96 0.079537
89 97 0.079536
89 98 0.079536
89 99 0.079536

90 0 0.079482
90 1 0.079483
90 2 0.079482
90 3 0.079482
90 4 0.079481
90 5 0.079481
90 6 0.079481
90 7 0.079481
90 8 0.079481
90 9 0.079480
90 10 0.079480
90 11 0.079480
90 12 0.079480
90 13 0.079480
90 14 0.079480
90 15 0.079480
90 16 0.079480
90 17 0.079480
90 18 0.079480
90 19 0.079481
90 20 0.079481
90 21 0.079481
90 22 0.079481
90 23 0.079481
90 24 0.079481
90 25 0.079482
90 26 0.079482
90 27 0.079482
90 28 0.079482
90 29 0.079483
90 30 0.079483
90 31 0.079483
90 32 0.079484
90 33 0.079484
90 34 0.079485
90 35 0.079485
90 36 0.079486
90 37 0.079486
90 38 0.079487
90 39 0.079488
90 40 0.079488
90 41 0.079489
90 42 0.079490
90 43 0.079491
90 44 0.079491
90 45 0.079492
90 46 0.079493
90 47 0.079494
90 48 0.079495
90 49 0.079496
90 50 0.079497
90 51 0.079498
90 52 0.079499
90 53 0.079500
90 54 0.079501
90 55 0.079503
90 56 0.079504
90 57 0.079505
90 58 0.079506
90 59 0.079507
90 60 0.079508
90 61 0.079510
90 62 0.079511
90 63 0.079512
90 64 0.079513
90 65 0.079514
90 66 0.079515
90 67 0.079517
90 68 0.079518
90 69 0.079519
90 70 0.079520
90 71 0.079521
90 72 0.079522
90 73 0.079523
90 74 0.079524
90 75 0.079525
90 76 0.079526
90 77 0.079527
90 78 0.079528
90 79 0.079529
90 80 0.079530
90 81 0.079531
90 82 0.079532
90 83 0.079533
90 84 0.079533
90 85 0.079534
90 86 0.079535
90 87 0.079535
90 88 0.079536
90 89 0.079536
90 90 0.079536
90 91 0.079537
90 92 0.079537
90 93 0.079537
90 94 0.079537
90 95 0.079537
90 96 0.079537
90 97 0.079537
90 98 0.079537
90 99 0.079536

91 0 0.079483
91 1 0.079483
91 2 0.079482
91 3 0.079482
91 4 0.079482
91 5 0.079481
91 6 0.079481
91 7 0.079481
91 8 0.079481
91 9 0.079481
91 10 0.079481
91 11 0.079480
91 12 0.079480
91 13 0.079480
91 14 0.079480
91 15 0.079480
91 16 0.079480
91 17 0.079481
91 18 0.079481
91 19 0.079481
91 20 0.079481
91 21 0.079481
91 22 0.079481
91 23 0.079481
91 24 0.079482
91 25 0.079482
91 26 0.079482
91 27 0.079482
91 28 0.079483
91 29 0.079483
91 30 0.079483
91 31 0.079484
91 32 0.079484
91 33 0.079484
91 34 0.079485
91 35 0.079485
91 36 0.079486
91 37 0.079487
91 38 0.079487
91 39 0.079488
91 40 0.079488
91 41 0.079489
91 42 0.079490
91 43 0.079491
91 44 0.079492
91 45 0.079493
91 46 0.079493
91 47 0.079494
91 48 0.079495
91 49 0.079496
91 50 0.079497
91 51 0.079498
91 52 0.079500
91 53 0.079501
91 54 0.079502
91 55 0.079503
91 56 0.079504
91 57 0.079505
91 58 0.079506
91 59 0.079507
91 60 0.079509
91 61 0.079510
91 62 0.079511
91 63 0.079512
91 64 0.079513
91 65 0.079514
91 66 0.079516
91 67 0.079517
91 68 0.079518
91 69 0.079519
91 70 0.079520
91 71 0.079521
91 72 0.079522
91 73 0.079523
91 74 0.079525
91 75 0.079526
91 76 0.079527
91 77 0.079528
91 78 0.079529
91 79 0.079530
91 80 0.079530
91 81 0.079531
91 82 0.079532
91 83 0.079533
91 84 0.079534
91 85 0.079534
91 86 0.079535
91 87 0.079535
91 88 0.079536
91 89 0.079536
91 90 0.079537
91 91 0.079537
91 92 0.079537
91 93 0.079537
91 94 0.079537
91 95 0.079537
91 96 0.079537
91 97 0.079537
91 98 0.079537
91 99 0.079536

92 0 0.079483
92 1 0.079483
92 2 0.079482
92 3 0.079482
92 4 0.079482
92 5 0.079481
92 6 0.079481
92 7 0.079481
92 8 0.079481
92 9 0.079481
92 10 0.079481
92 11 0.079480
92 12 0.079480
92 13 0.079480
92 14 0.079480
92 15 0.079480
92 16 0.079481
92 17 0.079481
92 18 0.079481
92 19 0.079481
92 20 0.079481
92 21 0.079481
92 22 0.079481
92 23 0.079482
92 24 0.079482
92 25 0.079482
92 26 0.079482
92 27 0.079482
92 28 0.079483
92 29 0.079483
92 30 0.079483
92 31 0.079484
92 32 0.079484
92 33 0.079485
92 34 0.079485
92 35 0.079486
92 36 0.079486
92 37 0.079487
92 38 0.079487
92 39 0.079488
92 40 0.079489
92 41 0.079489
92 42 0.079490
92 43 0.079491
92 44 0.079492
92 45 0.079493
92 46 0.079494
92 47 0.079495
92 48 0.079496
92 49 0.079497
92 50 0.079498
92 51 0.079499
92 52 0.079500
92 53 0.079501
92 54 0.079502
92 55 0.079503
92 56 0.079504
92 57 0.079505
92 58 0.079506
92 59 0.079508
92 60 0.079509
92 61 0.079510
92 62 0.079511
92 63 0.079512
92 64 0.079513
92 65 0.079515
92 66 0.079516
92 67 0.079517
92 68 0.079518
92 69 0.079519
92 70 0.079520
92 71 0.079521
92 72 0.079523
92 73 0.079524
92 74 0.079525
92 75 0.079526
92 76 0.079527
92 77 0.079528
92 78 0.079529
92 79 0.079530
92 80 0.079531
92 81 0.079531
92 82 0.079532
92 83 0.079533
92 84 0.079534
92 85 0.079534
92 86 0.079535
92 87 0.079535
92 88 0.079536
92 89 0.079536
92 90 0.079537
92 91 0.079537
92 92 0.079537
92 93 0.079537
92 94 0.079537
92 95 0.079537
92 96 0.079537
92 97 0.079537
92 98 0.079537
92 99 0.079536

93 0 0.079482
93 1 0.079483
93 2 0.079482
93 3 0.079482
93 4 0.079481
93 5 0.079481
93 6 0.079481
93 7 0.079481
93 8 0.079481
93 9 0.079481
93 10 0.079480
93 11 0.079480
93 12 0.079480
93 13 0.079480
93 14 0.079480
93 15 0.079480
93 16 0.079480
93 17 0.079481
93 18 0.079481
93 19 0.079481
93 20 0.079481
93 21 0.079481
93 22 0.079481
93 23 0.079481
93 24 0.079482
93 25 0.079482
93 26 0.079482
93 27 0.079482
93 28 0.079483
93 29 0.079483
93 30 0.079483
93 31 0.079484
93 32 0.079484
93 33 0.079485
93 34 0.079485
93 35 0.079486
93 36 0.079486
93 37 0.079487
93 38 0.079487
93 39 0.079488
93 40 0.079489
93 41 0.079489
93 42 0.079490
93 43 0.079491
93 44 0.079492
93 45 0.079493
93 46 0.079494
93 47 0.079495
93 48 0.079496
93 49 0.079497
93 50 0.079498
93 51 0.079499
93 52 0.079500
93 53 0.079501
93 54 0.079502
93 55 0.079503
93 56 0.079504
93 57 0.079505
93 58 0.079506
93 59 0.079508
93 60 0.079509
93 61 0.079510
93 62 0.079511
93 63 0.079512
93 64 0.079513
93 65 0.079514
93 66 0.079516
93 67 0.079517
93 68 0.079518
93 69 0.079519
93 70 0.079520
93 71 0.079521
93 72 0.079522
93 73 0.079523
93 74 0.079525
93 75 0.079526
93 76 0.079527
93 77 0.079528
93 78 0.079529
93 79 0.079529
93 80 0.079530
93 81 0.079531
93 82 0.079532
93 83 0.079533
93 84 0.079533
93 85 0.079534
93 86 0.079535
93 87 0.079535
93 88 0.079536
93 89 0.079536
93 90 0.079536
93 91 0.079537
93 92 0.079537
93 93 0.079537
93 94 0.079537
93 95 0.079537
93 96 0.079537
93 97 0.079537
93 98 0.079537
93 99 0.079536

94 0 0.079482
94 1 0.079482
94 2 0.079482
94 3 0.079482
94 4 0.079481
94 5 0.079481
94 6 0.079481
94 7 0.079481
94 8 0.079481
94 9 0.079480
94 10 0.079480
94 11 0.079480
94 12 0.079480
94 13 0.079480
94 14 0.079480
94 15 0.079480
94 16 0.079480
94 17 0.079481
94 18 0.079481
94 19 0.079481
94 20 0.079481
94 21 0.079481
94 22 0.079481
94 23 0.079482
94 24 0.079482
94 25 0.079482
94 26 0.079482
94 27 0.079483
94 28 0.079483
94 29 0.079483
94 30 0.079483
94 31 0.079484
94 32 0.079484
94 33 0.079485
94 34 0.079485
94 35 0.079486
94 36 0.079486
94 37 0.079487
94 38 0.079487
94 39 0.079488
94 40 0.079489
94 41 0.079490
94 42 0.079490
94 43 0.079491
94 44 0.079492
94 45 0.079493
94 46 0.079494
94 47 0.079495
94 48 0.079496
94 49 0.079497
94 50 0.079498
94 51 0.079499
94 52 0.079500
94 53 0.079501
94 54 0.079502
94 55 0.079503
94 56 0.079504
94 57 0.079505
94 58 0.079507
94 59 0.079508
94 60 0.079509
94 61 0.079510
94 62 0.079511
94 63 0.079512
94 64 0.079514
94 65 0.079515
94 66 0.079516
94 67 0.079517
94 68 0.079518
94 69 0.079519
94 70 0.079520
94 71 0.079521
94 72 0.079523
94 73 0.079524
94 74 0.079525
94 75 0.079526
94 76 0.079527
94 77 0.079528
94 78 0.079529
94 79 0.079530
94 80 0.079530
94 81 0.079531
94 82 0.079532
94 83 0.079533
94 84 0.079534
94 85 0.079534
94 86 0.079535
94 87 0.079535
94 88 0.079536
94 89 0.079536
94 90 0.079537
94 91 0.079537
94 92 0.079537
94 93 0.079537
94 94 0.079537
94 95 0.079537
94 96 0.079537
94 97 0.079537
94 98 0.079537
94 99 0.079536

95 0 0.079482
95 1 0.079482
95 2 0.079481
95 3 0.079481
95 4 0.079481
95 5 0.079481
95 6 0.079481
95 7 0.079480
95 8 0.079480
95 9 0.079480
95 10 0.079480
95 11 0.079480
95 12 0.079480
95 13 0.079480
95 14 0.079480
95 15 0.079480
95 16 0.079480
95 17 0.079480
95 18 0.079480
95 19 0.079480
95 20 0.079481
95 21 0.079481
95 22 0.079481
95 23 0.079481
95 24 0.079481
95 25 0.079482
95 26 0.079482
95 27 0.079482
95 28 0.079483
95 29 0.079483
95 30 0.079483
95 31 0.079484
95 32 0.079484
95 33 0.079485
95 34 0.079485
95 35 0.079486
95 36 0.079486
95 37 0.079487
95 38 0.079487
95 39 0.079488
95 40 0.079489
95 41 0.079489
95 42 0.079490
95 43 0.079491
95 44 0.079492
95 45 0.079493
95 46 0.079494
95 47 0.079495
95 48 0.079496
95 49 0.079497
95 50 0.079498
95 51 0.079499
95 52 0.079500
95 53 0.079501
95 54 0.079502
95 55 0.079503
95 56 0.079504
95 57 0.079505
95 58 0.079506
95 59 0.079508
95 60 0.079509
95 61 0.079510
95 62 0.079511
95 63 0.079512
95 64 0.079513
95 65 0.079514
95 66 0.079516
95 67 0.079517
95 68 0.079518
95 69 0.079519
95 70 0.079520
95 71 0.079521
95 72 0.079522
95 73 0.079523
95 74 0.079524
95 75 0.079525
95 76 0.079526
95 77 0.079527
95 78 0.079528
95 79 0.079529
95 80 0.079530
95 81 0.079531
95 82 0.079532
95 83 0.079532
95 84 0.079533
95 85 0.079534
95 86 0.079534
95 87 0.079535
95 88 0.079535
95 89 0.079536
95 90 0.079536
95 91 0.079536
95 92 0.079537
95 93 0.079537
95 94 0.079537
95 95 0.079537
95 96 0.079537
95 97 0.079536
95 98 0.079536
95 99 0.079536

96 0 0.079482
96 1 0.079482
96 2 0.079481
96 3 0.079481
96 4 0.079481
96 5 0.079480
96 6 0.079480
96 7 0.079480
96 8 0.079480
96 9 0.079480
96 10 0.079480
96 11 0.079480
96 12 0.079480
96 13 0.079480
96 14 0.079480
96 15 0.079480
96 16 0.079480
96 17 0.079480
96 18 0.079480
96 19 0.079480
96 20 0.079480
96 21 0.079481
96 22 0.079481
96 23 0.079481
96 24 0.079481
96 25 0.079481
96 26 0.079482
96 27 0.079482
96 28 0.079482
96 29 0.079483
96 30 0.079483
96 31 0.079483
96 32 0.079484
96 33 0.079484
96 34 0.079485
96 35 0.079485
96 36 0.079486
96 37 0.079486
96 38 0.079487
96 39 0.079488
96 40 0.079488
96 41 0.079489
96 42 0.079490
96 43 0.079491
96 44 0.079491
96 45 0.079492
96 46 0.079493
96 47 0.079494
96 48 0.079495
96 49 0.079496
96 50 0.079497
96 51 0.079498
96 52 0.079499
96 53 0.079500
96 54 0.079502
96 55 0.079503
96 56 0.079504
96 57 0.079505
96 58 0.079506
96 59 0.079507
96 60 0.079508
96 61 0.079510
96 62 0.079511
96 63 0.079512
96 64 0.079513
96 65 0.079514
96 66 0.079515
96 67 0.079516
96 68 0.079518
96 69 0.079519
96 70 0.079520
96 71 0.079521
96 72 0.079522
96 73 0.079523
96 74 0.079524
96 75 0.079525
96 76 0.079526
96 77 0.079527
96 78 0.079528
96 79 0.079529
96 80 0.079530
96 81 0.079531
96 82 0.079531
96 83 0.079532
96 84 0.079533
96 85 0.079533
96 86 0.079534
96 87 0.079535
96 88 0.079535
96 89 0.079535
96 90 0.079536
96 91 0.079536
96 92 0.079536
96 93 0.079536
96 94 0.079536
96 95 0.079536
96 96 0.079536
96 97 0.079536
96 98 0.079536
96 99 0.079535

97 0 0.079481
97 1 0.079481
97 2 0.079480
97 3 0.079480
97 4 0.079480
97 5 0.079480
97 6 0.079480
97 7 0.079479
97 8 0.079479
97 9 0.079479
97 10 0.079479
97 11 0.079479
97 12 0.079479
97 13 0.079479
97 14 0.079479
97 15 0.079479
97 16 0.079479
97 17 0.079479
97 18 0.079480
97 19 0.079480
97 20 0.079480
97 21 0.079480
97 22 0.079480
97 23 0.079481
97 24 0.079481
97 25 0.079481
97 26 0.079481
97 27 0.079482
97 28 0.079482
97 29 0.079482
97 30 0.079483
97 31 0.079483
97 32 0.079483
97 33 0.079484
97 34 0.079484
97 35 0.079485
97 36 0.079486
97 37 0.079486
97 38 0.079487
97 39 0.079487
97 40 0.079488
97 41 0.079489
97 42 0.079490
97 43 0.079490
97 44 0.079491
97 45 0.079492
97 46 0.079493
97 47 0.079494
97 48 0.079495
97 49 0.079496
97 50 0.079497
97 51 0.079498
97 52 0.079499
97 53 0.079500
97 54 0.079501
97 55 0.079502
97 56 0.079503
97 57 0.079505
97 58 0.079506
97 59 0.079507
97 60 0.079508
97 61 0.079509
97 62 0.079510
97 63 0.079511
97 64 0.079512
97 65 0.079514
97 66 0.079515
97 67 0.079516
97 68 0.079517
97 69 0.079518
97 70 0.079519
97 71 0.079520
97 72 0.079521
97 73 0.079522
97 74 0.079523
97 75 0.079524
97 76 0.079525
97 77 0.079526
97 78 0.079527
97 79 0.079528
97 80 0.079529
97 81 0.079530
97 82 0.079531
97 83 0.079532
97 84 0.079532
97 85 0.079533
97 86 0.079533
97 87 0.079534
97 88 0.079534
97 89 0.079535
97 90 0.079535
97 91 0.079535
97 92 0.079536
97 93 0.079536
97 94 0.079536
97 95 0.079536
97 96 0.079536
97 97 0.079535
97 98 0.079535
97 99 0.079535

98 0 0.079480
98 1 0.079480
98 2 0.079480
98 3 0.079480
98 4 0.079479
98 5 0.079479
98 6 0.079479
98 7 0.079479
98 8 0.079479
98 9 0.079478
98 10 0.079478
98 11 0.079478
98 12 0.079478
98 13 0.079478
98 14 0.079478
98 15 0.079479
98 16 0.079479
98 17 0.079479
98 18 0.079479
98 19 0.079479
98 20 0.079479
98 21 0.079479
98 22 0.079480
98 23 0.079480
98 24 0.079480
98 25 0.079480
98 26 0.079481
98 27 0.079481
98 28 0.079481
98 29 0.079482
98 30 0.079482
98 31 0.079482
98 32 0.079483
98 33 0.079483
98 34 0.079484
98 35 0.079484
98 36 0.079485
98 37 0.079485
98 38 0.079486
98 39 0.079487
98 40 0.079487
98 41 0.079488
98 42 0.079489
98 43 0.079490
98 44 0.079491
98 45 0.079492
98 46 0.079492
98 47 0.079493
98 48 0.079494
98 49 0.079495
98 50 0.079496
98 51 0.079497
98 52 0.079499
98 53 0.079500
98 54 0.079501
98 55 0.079502
98 56 0.079503
98 57 0.079504
98 58 0.079505
98 59 0.079506
98 60 0.079507
98 61 0.079509
98 62 0.079510
98 63 0.079511
98 64 0.079512
98 65 0.079513
98 66 0.079514
98 67 0.079515
98 68 0.079516
98 69 0.079518
98 70 0.079519
98 71 0.079520
98 72 0.079521
98 73 0.079522
98 74 0.079523
98 75 0.079524
98 76 0.079525
98 77 0.079526
98 78 0.079527
98 79 0.079528
98 80 0.079529
98 81 0.079530
98 82 0.079530
98 83 0.079531
98 84 0.079532
98 85 0.079532
98 86 0.079533
98 87 0.079533
98 88 0.079534
98 89 0.079534
98 90 0.079535
98 91 0.079535
98 92 0.079535
98 93 0.079535
98 94 0.079535
98 95 0.079535
98 96 0.079535
98 97 0.079535
98 98 0.079535
98 99 0.079534

99 0 0.079480
99 1 0.079480
99 2 0.079479
99 3 0.079479
99 4 0.079479
99 5 0.079479
99 6 0.079479
99 7 0.079478
99 8 0.079478
99 9 0.079478
99 10 0.079478
99 11 0.079478
99 12 0.079478
99 13 0.079478
99 14 0.079478
99 15 0.079478
99 16 0.079478
99 17 0.079479
99 18 0.079479
99 19 0.079479
99 20 0.079479
99 21 0.079479
99 22 0.079479
99 23 0.079480
99 24 0.079480
99 25 0.079480
99 26 0.079480
99 27 0.079481
99 28 0.079481
99 29 0.079481
99 30 0.079482
99 31 0.079482
99 32 0.079482
99 33 0.079483
99 34 0.079483
99 35 0.079484
99 36 0.079484
99 37 0.079485
99 38 0.079486
99 39 0.079486
99 40 0.079487
99 41 0.079488
99 42 0.079489
99 43 0.079489
99 44 0.079490
99 45 0.079491
99 46 0.079492
99 47 0.079493
99 48 0.079494
99 49 0.079495
99 50 0.079496
99 51 0.079497
99 52 0.079498
99 53 0.079499
99 54 0.079500
99 55 0.079501
99 56 0.079502
99 57 0.079504
99 58 0.079505
99 59 0.079506
99 60 0.079507
99 61 0.079508
99 62 0.079509
99 63 0.079510
99 64 0.079511
99 65 0.079513
99 66 0.079514
99 67 0.079515
99 68 0.079516
99 69 0.079517
99 70 0.079518
99 71 0.079519
99 72 0.079520
99 73 0.079521
99 74 0.079522
99 75 0.079523
99 76 0.079524
99 77 0.079525
99 78 0.079526
99 79 0.079527
99 80 0.079528
99 81 0.079529
99 82 0.079530
99 83 0.079530
99 84 0.079531
99 85 0.079532
99 86 0.079532
99 87 0.079533
99 88 0.079533
99 89 0.079534
99 90 0.079534
99 91 0.079534
99 92 0.079534
99 93 0.079535
99 94 0.079535
99 95 0.079534
99 96 0.079534
99 97 0.079534
99 98 0.079534
99 99 0.079534

