0 0 0.079340
0 1 0.079340
0 2 0.079341
0 3 0.079340
0 4 0.079342
0 5 0.079342
0 6 0.079343
0 7 0.079343
0 8 0.079344
0 9 0.079345
0 10 0.079346
0 11 0.079347
0 12 0.079348
0 13 0.079349
0 14 0.079350
0 15 0.079351
0 16 0.079352
0 17 0.079353
0 18 0.079354
0 19 0.079355
0 20 0.079356
0 21 0.079357
0 22 0.079358
0 23 0.079360
0 24 0.079361
0 25 0.079362
0 26 0.079363
0 27 0.079365
0 28 0.079366
0 29 0.079367
0 30 0.079368
0 31 0.079370
0 32 0.079371
0 33 0.079372
0 34 0.079373
0 35 0.079375
0 36 0.079376
0 37 0.079377
0 38 0.079378
0 39 0.079379
0 40 0.079380
0 41 0.079381
0 42 0.079382
0 43 0.079383
0 44 0.079384
0 45 0.079385
0 46 0.079386
0 47 0.079387
0 48 0.079387
0 49 0.079388
0 50 0.079389
0 51 0.079390
0 52 0.079390
0 53 0.079391
0 54 0.079392
0 55 0.079392
0 56 0.079393
0 57 0.079393
0 58 0.079394
0 59 0.079394
0 60 0.079395
0 61 0.079395
0 62 0.079396
0 63 0.079396
0 64 0.079396
0 65 0.079397
0 66 0.079397
0 67 0.079398
0 68 0.079398
0 69 0.079398
0 70 0.079399
0 71 0.079399
0 72 0.079399
0 73 0.079400
0 74 0.079400
0 75 0.079400
0 76 0.079401
0 77 0.079401
0 78 0.079401
0 79 0.079402
0 80 0.079402
0 81 0.079402
0 82 0.079402
0 83 0.079402
0 84 0.079402
0 85 0.079402
0 86 0.079402
0 87 0.079402
0 88 0.079402
0 89 0.079402
0 90 0.079402
0 91 0.079402
0 92 0.079401
0 93 0.079402
0 94 0.079401
0 95 0.079402
0 96 0.079401
0 97 0.079402
0 98 0.079402
0 99 0.079402

1 0 0.079340
1 1 0.079340
1 2 0.079341
1 3 0.079341
1 4 0.079342
1 5 0.079342
1 6 0.079343
1 7 0.079344
1 8 0.079345
1 9 0.079345
1 10 0.079346
1 11 0.079347
1 12 0.079348
1 13 0.079349
1 14 0.079350
1 15 0.079352
1 16 0.079353
1 17 0.079354
1 18 0.079355
1 19 0.079356
1 20 0.079357
1 21 0.079358
1 22 0.079359
1 23 0.079360
1 24 0.079361
1 25 0.079363
1 26 0.079364
1 27 0.079365
1 28 0.079366
1 29 0.079368
1 30 0.079369
1 31 0.079370
1 32 0.079372
1 33 0.079373
1 34 0.079374
1 35 0.079375
1 36 0.079376
1 37 0.079378
1 38 0.079379
1 39 0.079380
1 40 0.079381
1 41 0.079382
1 42 0.079383
1 43 0.079384
1 44 0.079385
1 45 0.079386
1 46 0.079387
1 47 0.079387
1 48 0.079388
1 49 0.079389
1 50 0.079390
1 51 0.079390
1 52 0.079391
1 53 0.079392
1 54 0.079392
1 55 0.079393
1 56 0.079393
1 57 0.079394
1 58 0.079394
1 59 0.079395
1 60 0.079395
1 61 0.079396
1 62 0.079396
1 63 0.079396
1 64 0.079397
1 65 0.079397
1 66 0.079397
1 67 0.079398
1 68 0.079398
1 69 0.079398
1 70 0.079399
1 71 0.079399
1 72 0.079399
1 73 0.079400
1 74 0.079400
1 75 0.079400
1 76 0.079401
1 77 0.079401
1 78 0.079401
1 79 0.079402
1 80 0.079402
1 81 0.079402
1 82 0.079402
1 83 0.079402
1 84 0.079402
1 85 0.079402
1 86 0.079402
1 87 0.079402
1 88 0.079402
1 89 0.079402
1 90 0.079402
1 91 0.079401
1 92 0.079401
1 93 0.079402
1 94 0.079401
1 95 0.079402
1 96 0.079401
1 97 0.079402
1 98 0.079402
1 99 0.079402

2 0 0.079341
2 1 0.079341
2 2 0.079342
2 3 0.079342
2 4 0.079343
2 5 0.079343
2 6 0.079344
2 7 0.079345
2 8 0.079346
2 9 0.079347
2 10 0.079348
2 11 0.079349
2 12 0.079350
2 13 0.079351
2 14 0.079352
2 15 0.079353
2 16 0.079354
2 17 0.079355
2 18 0.079356
2 19 0.079357
2 20 0.079358
2 21 0.079359
2 22 0.079360
2 23 0.079361
2 24 0.079362
2 25 0.079363
2 26 0.079365
2 27 0.079366
2 28 0.079367
2 29 0.079368
2 30 0.079370
2 31 0.079371
2 32 0.079372
2 33 0.079373
2 34 0.079375
2 35 0.079376
2 36 0.079377
2 37 0.079378
2 38 0.079379
2 39 0.079380
2 40 0.079381
2 41 0.079382
2 42 0.079383
2 43 0.079384
2 44 0.079385
2 45 0.079386
2 46 0.079387
2 47 0.079388
2 48 0.079389
2 49 0.079389
2 50 0.079390
2 51 0.079391
2 52 0.079391
2 53 0.079392
2 54 0.079393
2 55 0.079393
2 56 0.079394
2 57 0.079394
2 58 0.079395
2 59 0.079395
2 60 0.079396
2 61 0.079396
2 62 0.079397
2 63 0.079397
2 64 0.079398
2 65 0.079398
2 66 0.079398
2 67 0.079399
2 68 0.079399
2 69 0.079399
2 70 0.079400
2 71 0.079400
2 72 0.079400
2 73 0.079401
2 74 0.079401
2 75 0.079401
2 76 0.079402
2 77 0.079402
2 78 0.079402
2 79 0.079403
2 80 0.079403
2 81 0.079403
2 82 0.079403
2 83 0.079403
2 84 0.079403
2 85 0.079403
2 86 0.079403
2 87 0.079403
2 88 0.079403
2 89 0.079403
2 90 0.079402
2 91 0.079402
2 92 0.079402
2 93 0.079402
2 94 0.079402
2 95 0.079403
2 96 0.079402
2 97 0.079403
2 98 0.079403
2 99 0.079402

3 0 0.079341
3 1 0.079341
3 2 0.079342
3 3 0.079342
3 4 0.079343
3 5 0.079343
3 6 0.079344
3 7 0.079345
3 8 0.079346
3 9 0.079347
3 10 0.079348
3 11 0.079349
3 12 0.079350
3 13 0.079351
3 14 0.079352
3 15 0.079353
3 16 0.079354
3 17 0.079355
3 18 0.079356
3 19 0.079357
3 20 0.079358
3 21 0.079359
3 22 0.079360
3 23 0.079362
3 24 0.079363
3 25 0.079364
3 26 0.079365
3 27 0.079367
3 28 0.079368
3 29 0.079369
3 30 0.079370
3 31 0.079372
3 32 0.079373
3 33 0.079374
3 34 0.079375
3 35 0.079377
3 36 0.079378
3 37 0.079379
3 38 0.079380
3 39 0.079381
3 40 0.079382
3 41 0.079383
3 42 0.079384
3 43 0.079385
3 44 0.079386
3 45 0.079387
3 46 0.079388
3 47 0.079389
3 48 0.079390
3 49 0.079390
3 50 0.079391
3 51 0.079392
3 52 0.079392
3 53 0.079393
3 54 0.079394
3 55 0.079394
3 56 0.079395
3 57 0.079395
3 58 0.079396
3 59 0.079396
3 60 0.079397
3 61 0.079397
3 62 0.079397
3 63 0.079398
3 64 0.079398
3 65 0.079399
3 66 0.079399
3 67 0.079399
3 68 0.079400
3 69 0.079400
3 70 0.079400
3 71 0.079401
3 72 0.079401
3 73 0.079401
3 74 0.079402
3 75 0.079402
3 76 0.079402
3 77 0.079402
3 78 0.079403
3 79 0.079403
3 80 0.079403
3 81 0.079403
3 82 0.079404
3 83 0.079404
3 84 0.079404
3 85 0.079404
3 86 0.079403
3 87 0.079403
3 88 0.079403
3 89 0.079403
3 90 0.079403
3 91 0.079403
3 92 0.079403
3 93 0.079403
3 94 0.079403
3 95 0.079403
3 96 0.079403
3 97 0.079404
3 98 0.079403
3 99 0.079403

4 0 0.079343
4 1 0.079343
4 2 0.079344
4 3 0.079343
4 4 0.079344
4 5 0.079345
4 6 0.079346
4 7 0.079346
4 8 0.079347
4 9 0.079348
4 10 0.079349
4 11 0.079350
4 12 0.079351
4 13 0.079352
4 14 0.079353
4 15 0.079354
4 16 0.079355
4 17 0.079356
4 18 0.079357
4 19 0.079358
4 20 0.079359
4 21 0.079360
4 22 0.079362
4 23 0.079363
4 24 0.079364
4 25 0.079365
4 26 0.079366
4 27 0.079368
4 28 0.079369
4 29 0.079370
4 30 0.079371
4 31 0.079373
4 32 0.079374
4 33 0.079375
4 34 0.079376
4 35 0.079377
4 36 0.079379
4 37 0.079380
4 38 0.079381
4 39 0.079382
4 40 0.079383
4 41 0.079384
4 42 0.079385
4 43 0.079386
4 44 0.079387
4 45 0.079388
4 46 0.079389
4 47 0.079389
4 48 0.079390
4 49 0.079391
4 50 0.079392
4 51 0.079392
4 52 0.079393
4 53 0.079394
4 54 0.079394
4 55 0.079395
4 56 0.079395
4 57 0.079396
4 58 0.079396
4 59 0.079397
4 60 0.079397
4 61 0.079398
4 62 0.079398
4 63 0.079399
4 64 0.079399
4 65 0.079399
4 66 0.079400
4 67 0.079400
4 68 0.079401
4 69 0.079401
4 70 0.079401
4 71 0.079402
4 72 0.079402
4 73 0.079402
4 74 0.079403
4 75 0.079403
4 76 0.079403
4 77 0.079403
4 78 0.079404
4 79 0.079404
4 80 0.079404
4 81 0.079404
4 82 0.079405
4 83 0.079405
4 84 0.079405
4 85 0.079405
4 86 0.079404
4 87 0.079404
4 88 0.079404
4 89 0.079404
4 90 0.079404
4 91 0.079404
4 92 0.079404
4 93 0.079404
4 94 0.079404
4 95 0.079404
4 96 0.079404
4 97 0.079404
4 98 0.079404
4 99 0.079404

5 0 0.079343
5 1 0.079343
5 2 0.079344
5 3 0.079344
5 4 0.079345
5 5 0.079345
5 6 0.079346
5 7 0.079347
5 8 0.079348
5 9 0.079349
5 10 0.079350
5 11 0.079351
5 12 0.079352
5 13 0.079353
5 14 0.079354
5 15 0.079355
5 16 0.079356
5 17 0.079357
5 18 0.079358
5 19 0.079359
5 20 0.079360
5 21 0.079361
5 22 0.079363
5 23 0.079364
5 24 0.079365
5 25 0.079366
5 26 0.079367
5 27 0.079369
5 28 0.079370
5 29 0.079371
5 30 0.079372
5 31 0.079374
5 32 0.079375
5 33 0.079376
5 34 0.079377
5 35 0.079379
5 36 0.079380
5 37 0.079381
5 38 0.079382
5 39 0.079383
5 40 0.079384
5 41 0.079385
5 42 0.079386
5 43 0.079387
5 44 0.079388
5 45 0.079389
5 46 0.079390
5 47 0.079391
5 48 0.079391
5 49 0.079392
5 50 0.079393
5 51 0.079394
5 52 0.079394
5 53 0.079395
5 54 0.079395
5 55 0.079396
5 56 0.079397
5 57 0.079397
5 58 0.079398
5 59 0.079398
5 60 0.079398
5 61 0.079399
5 62 0.079399
5 63 0.079400
5 64 0.079400
5 65 0.079400
5 66 0.079401
5 67 0.079401
5 68 0.079402
5 69 0.079402
5 70 0.079402
5 71 0.079402
5 72 0.079403
5 73 0.079403
5 74 0.079403
5 75 0.079404
5 76 0.079404
5 77 0.079404
5 78 0.079405
5 79 0.079405
5 80 0.079405
5 81 0.079405
5 82 0.079405
5 83 0.079405
5 84 0.079405
5 85 0.079405
5 86 0.079405
5 87 0.079405
5 88 0.079405
5 89 0.079405
5 90 0.079405
5 91 0.079404
5 92 0.079405
5 93 0.079405
5 94 0.079405
5 95 0.079405
5 96 0.079404
5 97 0.079405
5 98 0.079405
5 99 0.079405

6 0 0.079344
6 1 0.079345
6 2 0.079345
6 3 0.079345
6 4 0.079346
6 5 0.079346
6 6 0.079347
6 7 0.079348
6 8 0.079349
6 9 0.079350
6 10 0.079351
6 11 0.079352
6 12 0.079353
6 13 0.079354
6 14 0.079355
6 15 0.079356
6 16 0.079357
6 17 0.079358
6 18 0.079359
6 19 0.079360
6 20 0.079361
6 21 0.079362
6 22 0.079364
6 23 0.079365
6 24 0.079366
6 25 0.079367
6 26 0.079368
6 27 0.079370
6 28 0.079371
6 29 0.079372
6 30 0.079373
6 31 0.079375
6 32 0.079376
6 33 0.079377
6 34 0.079378
6 35 0.079379
6 36 0.079381
6 37 0.079382
6 38 0.079383
6 39 0.079384
6 40 0.079385
6 41 0.079386
6 42 0.079387
6 43 0.079388
6 44 0.079389
6 45 0.079390
6 46 0.079391
6 47 0.079391
6 48 0.079392
6 49 0.079393
6 50 0.079394
6 51 0.079394
6 52 0.079395
6 53 0.079396
6 54 0.079396
6 55 0.079397
6 56 0.079397
6 57 0.079398
6 58 0.079398
6 59 0.079399
6 60 0.079399
6 61 0.079400
6 62 0.079400
6 63 0.079401
6 64 0.079401
6 65 0.079401
6 66 0.079402
6 67 0.079402
6 68 0.079402
6 69 0.079403
6 70 0.079403
6 71 0.079403
6 72 0.079404
6 73 0.079404
6 74 0.079404
6 75 0.079405
6 76 0.079405
6 77 0.079405
6 78 0.079406
6 79 0.079406
6 80 0.079406
6 81 0.079406
6 82 0.079406
6 83 0.079407
6 84 0.079406
6 85 0.079406
6 86 0.079406
6 87 0.079406
6 88 0.079406
6 89 0.079406
6 90 0.079406
6 91 0.079406
6 92 0.079405
6 93 0.079406
6 94 0.079406
6 95 0.079406
6 96 0.079405
6 97 0.079406
6 98 0.079406
6 99 0.079406

7 0 0.079346
7 1 0.079346
7 2 0.079347
7 3 0.079346
7 4 0.079347
7 5 0.079348
7 6 0.079349
7 7 0.079349
7 8 0.079350
7 9 0.079351
7 10 0.079352
7 11 0.079353
7 12 0.079354
7 13 0.079355
7 14 0.079356
7 15 0.079357
7 16 0.079358
7 17 0.079359
7 18 0.079360
7 19 0.079361
7 20 0.079363
7 21 0.079364
7 22 0.079365
7 23 0.079366
7 24 0.079367
7 25 0.079368
7 26 0.079370
7 27 0.079371
7 28 0.079372
7 29 0.079373
7 30 0.079375
7 31 0.079376
7 32 0.079377
7 33 0.079378
7 34 0.079380
7 35 0.079381
7 36 0.079382
7 37 0.079383
7 38 0.079384
7 39 0.079385
7 40 0.079386
7 41 0.079387
7 42 0.079388
7 43 0.079389
7 44 0.079390
7 45 0.079391
7 46 0.079392
7 47 0.079393
7 48 0.079393
7 49 0.079394
7 50 0.079395
7 51 0.079396
7 52 0.079396
7 53 0.079397
7 54 0.079398
7 55 0.079398
7 56 0.079399
7 57 0.079399
7 58 0.079400
7 59 0.079400
7 60 0.079401
7 61 0.079401
7 62 0.079401
7 63 0.079402
7 64 0.079402
7 65 0.079403
7 66 0.079403
7 67 0.079403
7 68 0.079404
7 69 0.079404
7 70 0.079404
7 71 0.079405
7 72 0.079405
7 73 0.079405
7 74 0.079406
7 75 0.079406
7 76 0.079406
7 77 0.079407
7 78 0.079407
7 79 0.079407
7 80 0.079407
7 81 0.079407
7 82 0.079408
7 83 0.079408
7 84 0.079407
7 85 0.079407
7 86 0.079407
7 87 0.079407
7 88 0.079407
7 89 0.079407
7 90 0.079407
7 91 0.079407
7 92 0.079407
7 93 0.079407
7 94 0.079407
7 95 0.079407
7 96 0.079407
7 97 0.079408
7 98 0.079407
7 99 0.079407

8 0 0.079347
8 1 0.079347
8 2 0.079348
8 3 0.079348
8 4 0.079349
8 5 0.079349
8 6 0.079350
8 7 0.079351
8 8 0.079351
8 9 0.079352
8 10 0.079353
8 11 0.079354
8 12 0.079355
8 13 0.079356
8 14 0.079358
8 15 0.079359
8 16 0.079360
8 17 0.079361
8 18 0.079362
8 19 0.079363
8 20 0.079364
8 21 0.079365
8 22 0.079366
8 23 0.079367
8 24 0.079368
8 25 0.079370
8 26 0.079371
8 27 0.079372
8 28 0.079373
8 29 0.079375
8 30 0.079376
8 31 0.079377
8 32 0.079378
8 33 0.079379
8 34 0.079381
8 35 0.079382
8 36 0.079383
8 37 0.079384
8 38 0.079385
8 39 0.079386
8 40 0.079387
8 41 0.079388
8 42 0.079389
8 43 0.079390
8 44 0.079391
8 45 0.079392
8 46 0.079393
8 47 0.079394
8 48 0.079395
8 49 0.079395
8 50 0.079396
8 51 0.079397
8 52 0.079397
8 53 0.079398
8 54 0.079399
8 55 0.079399
8 56 0.079400
8 57 0.079400
8 58 0.079401
8 59 0.079401
8 60 0.079402
8 61 0.079402
8 62 0.079403
8 63 0.079403
8 64 0.079403
8 65 0.079404
8 66 0.079404
8 67 0.079404
8 68 0.079405
8 69 0.079405
8 70 0.079406
8 71 0.079406
8 72 0.079406
8 73 0.079407
8 74 0.079407
8 75 0.079407
8 76 0.079407
8 77 0.079408
8 78 0.079408
8 79 0.079408
8 80 0.079409
8 81 0.079409
8 82 0.079409
8 83 0.079409
8 84 0.079409
8 85 0.079409
8 86 0.079409
8 87 0.079408
8 88 0.079408
8 89 0.079408
8 90 0.079408
8 91 0.079408
8 92 0.079408
8 93 0.079408
8 94 0.079408
8 95 0.079409
8 96 0.079408
8 97 0.079409
8 98 0.079408
8 99 0.079408

9 0 0.079348
9 1 0.079349
9 2 0.079349
9 3 0.079349
9 4 0.079350
9 5 0.079351
9 6 0.079351
9 7 0.079352
9 8 0.079353
9 9 0.079354
9 10 0.079355
9 11 0.079356
9 12 0.079357
9 13 0.079358
9 14 0.079359
9 15 0.079360
9 16 0.079361
9 17 0.079362
9 18 0.079363
9 19 0.079364
9 20 0.079365
9 21 0.079366
9 22 0.079368
9 23 0.079369
9 24 0.079370
9 25 0.079371
9 26 0.079372
9 27 0.079373
9 28 0.079375
9 29 0.079376
9 30 0.079377
9 31 0.079378
9 32 0.079380
9 33 0.079381
9 34 0.079382
9 35 0.079383
9 36 0.079384
9 37 0.079385
9 38 0.079387
9 39 0.079388
9 40 0.079389
9 41 0.079390
9 42 0.079391
9 43 0.079392
9 44 0.079393
9 45 0.079393
9 46 0.079394
9 47 0.079395
9 48 0.079396
9 49 0.079397
9 50 0.079397
9 51 0.079398
9 52 0.079399
9 53 0.079399
9 54 0.079400
9 55 0.079401
9 56 0.079401
9 57 0.079402
9 58 0.079402
9 59 0.079403
9 60 0.079403
9 61 0.079403
9 62 0.079404
9 63 0.079404
9 64 0.079405
9 65 0.079405
9 66 0.079405
9 67 0.079406
9 68 0.079406
9 69 0.079406
9 70 0.079407
9 71 0.079407
9 72 0.079407
9 73 0.079408
9 74 0.079408
9 75 0.079408
9 76 0.079409
9 77 0.079409
9 78 0.079409
9 79 0.079410
9 80 0.079410
9 81 0.079410
9 82 0.079410
9 83 0.079410
9 84 0.079410
9 85 0.079410
9 86 0.079410
9 87 0.079410
9 88 0.079409
9 89 0.079409
9 90 0.079409
9 91 0.079409
9 92 0.079409
9 93 0.079409
9 94 0.079409
9 95 0.079410
9 96 0.079409
9 97 0.079410
9 98 0.079410
9 99 0.079410

10 0 0.079350
10 1 0.079350
10 2 0.079351
10 3 0.079351
10 4 0.079352
10 5 0.079352
10 6 0.079353
10 7 0.079354
10 8 0.079354
10 9 0.079355
10 10 0.079356
10 11 0.079357
10 12 0.079358
10 13 0.079359
10 14 0.079360
10 15 0.079361
10 16 0.079363
10 17 0.079364
10 18 0.079365
10 19 0.079366
10 20 0.079367
10 21 0.079368
10 22 0.079369
10 23 0.079370
10 24 0.079371
10 25 0.079372
10 26 0.079374
10 27 0.079375
10 28 0.079376
10 29 0.079377
10 30 0.079379
10 31 0.079380
10 32 0.079381
10 33 0.079382
10 34 0.079383
10 35 0.079385
10 36 0.079386
10 37 0.079387
10 38 0.079388
10 39 0.079389
10 40 0.079390
10 41 0.079391
10 42 0.079392
10 43 0.079393
10 44 0.079394
10 45 0.079395
10 46 0.079396
10 47 0.079396
10 48 0.079397
10 49 0.079398
10 50 0.079399
10 51 0.079399
10 52 0.079400
10 53 0.079401
10 54 0.079401
10 55 0.079402
10 56 0.079402
10 57 0.079403
10 58 0.079403
10 59 0.079404
10 60 0.079404
10 61 0.079405
10 62 0.079405
10 63 0.079406
10 64 0.079406
10 65 0.079406
10 66 0.079407
10 67 0.079407
10 68 0.079407
10 69 0.079408
10 70 0.079408
10 71 0.079408
10 72 0.079409
10 73 0.079409
10 74 0.079409
10 75 0.079410
10 76 0.079410
10 77 0.079410
10 78 0.079411
10 79 0.079411
10 80 0.079411
10 81 0.079411
10 82 0.079411
10 83 0.079411
10 84 0.079411
10 85 0.079411
10 86 0.079411
10 87 0.079411
10 88 0.079411
10 89 0.079411
10 90 0.079411
10 91 0.079411
10 92 0.079411
10 93 0.079411
10 94 0.079411
10 95 0.079411
10 96 0.079411
10 97 0.079412
10 98 0.079411
10 99 0.079411

11 0 0.079352
11 1 0.079352
11 2 0.079353
11 3 0.079352
11 4 0.079353
11 5 0.079354
11 6 0.079354
11 7 0.079355
11 8 0.079356
11 9 0.079357
11 10 0.079358
11 11 0.079359
11 12 0.079360
11 13 0.079361
11 14 0.079362
11 15 0.079363
11 16 0.079364
11 17 0.079365
11 18 0.079366
11 19 0.079367
11 20 0.079368
11 21 0.079370
11 22 0.079371
11 23 0.079372
11 24 0.079373
11 25 0.079374
11 26 0.079375
11 27 0.079376
11 28 0.079378
11 29 0.079379
11 30 0.079380
11 31 0.079381
11 32 0.079383
11 33 0.079384
11 34 0.079385
11 35 0.079386
11 36 0.079387
11 37 0.079388
11 38 0.079389
11 39 0.079390
11 40 0.079392
11 41 0.079393
11 42 0.079393
11 43 0.079394
11 44 0.079395
11 45 0.079396
11 46 0.079397
11 47 0.079398
11 48 0.079399
11 49 0.079399
11 50 0.079400
11 51 0.079401
11 52 0.079401
11 53 0.079402
11 54 0.079403
11 55 0.079403
11 56 0.079404
11 57 0.079404
11 58 0.079405
11 59 0.079405
11 60 0.079406
11 61 0.079406
11 62 0.079407
11 63 0.079407
11 64 0.079407
11 65 0.079408
11 66 0.079408
11 67 0.079409
11 68 0.079409
11 69 0.079409
11 70 0.079410
11 71 0.079410
11 72 0.079410
11 73 0.079411
11 74 0.079411
11 75 0.079411
11 76 0.079412
11 77 0.079412
11 78 0.079412
11 79 0.079412
11 80 0.079413
11 81 0.079413
11 82 0.079413
11 83 0.079413
11 84 0.079413
11 85 0.079413
11 86 0.079413
11 87 0.079412
11 88 0.079412
11 89 0.079412
11 90 0.079412
11 91 0.079412
11 92 0.079412
11 93 0.079412
11 94 0.079412
11 95 0.079413
11 96 0.079412
11 97 0.079413
11 98 0.079413
11 99 0.079413

12 0 0.079353
12 1 0.079354
12 2 0.079354
12 3 0.079354
12 4 0.079355
12 5 0.079355
12 6 0.079356
12 7 0.079357
12 8 0.079358
12 9 0.079359
12 10 0.079360
12 11 0.079361
12 12 0.079362
12 13 0.079363
12 14 0.079364
12 15 0.079365
12 16 0.079366
12 17 0.079367
12 18 0.079368
12 19 0.079369
12 20 0.079370
12 21 0.079371
12 22 0.079372
12 23 0.079373
12 24 0.079374
12 25 0.079376
12 26 0.079377
12 27 0.079378
12 28 0.079379
12 29 0.079380
12 30 0.079382
12 31 0.079383
12 32 0.079384
12 33 0.079385
12 34 0.079386
12 35 0.079388
12 36 0.079389
12 37 0.079390
12 38 0.079391
12 39 0.079392
12 40 0.079393
12 41 0.079394
12 42 0.079395
12 43 0.079396
12 44 0.079397
12 45 0.079398
12 46 0.079398
12 47 0.079399
12 48 0.079400
12 49 0.079401
12 50 0.079401
12 51 0.079402
12 52 0.079403
12 53 0.079403
12 54 0.079404
12 55 0.079405
12 56 0.079405
12 57 0.079406
12 58 0.079406
12 59 0.079407
12 60 0.079407
12 61 0.079408
12 62 0.079408
12 63 0.079408
12 64 0.079409
12 65 0.079409
12 66 0.079410
12 67 0.079410
12 68 0.079410
12 69 0.079411
12 70 0.079411
12 71 0.079411
12 72 0.079412
12 73 0.079412
12 74 0.079412
12 75 0.079413
12 76 0.079413
12 77 0.079413
12 78 0.079414
12 79 0.079414
12 80 0.079414
12 81 0.079414
12 82 0.079414
12 83 0.079414
12 84 0.079414
12 85 0.079414
12 86 0.079414
12 87 0.079414
12 88 0.079414
12 89 0.079414
12 90 0.079414
12 91 0.079414
12 92 0.079414
12 93 0.079414
12 94 0.079414
12 95 0.079414
12 96 0.079414
12 97 0.079415
12 98 0.079415
12 99 0.079414

13 0 0.079355
13 1 0.079355
13 2 0.079356
13 3 0.079356
13 4 0.079357
13 5 0.079357
13 6 0.079358
13 7 0.079359
13 8 0.079359
13 9 0.079360
13 10 0.079361
13 11 0.079362
13 12 0.079363
13 13 0.079364
13 14 0.079365
13 15 0.079366
13 16 0.079367
13 17 0.079368
13 18 0.079370
13 19 0.079371
13 20 0.079372
13 21 0.079373
13 22 0.079374
13 23 0.079375
13 24 0.079376
13 25 0.079377
13 26 0.079378
13 27 0.079380
13 28 0.079381
13 29 0.079382
13 30 0.079383
13 31 0.079384
13 32 0.079386
13 33 0.079387
13 34 0.079388
13 35 0.079389
13 36 0.079390
13 37 0.079391
13 38 0.079392
13 39 0.079393
13 40 0.079394
13 41 0.079395
13 42 0.079396
13 43 0.079397
13 44 0.079398
13 45 0.079399
13 46 0.079400
13 47 0.079401
13 48 0.079401
13 49 0.079402
13 50 0.079403
13 51 0.079404
13 52 0.079404
13 53 0.079405
13 54 0.079405
13 55 0.079406
13 56 0.079407
13 57 0.079407
13 58 0.079408
13 59 0.079408
13 60 0.079409
13 61 0.079409
13 62 0.079409
13 63 0.079410
13 64 0.079410
13 65 0.079411
13 66 0.079411
13 67 0.079411
13 68 0.079412
13 69 0.079412
13 70 0.079412
13 71 0.079413
13 72 0.079413
13 73 0.079413
13 74 0.079414
13 75 0.079414
13 76 0.079414
13 77 0.079415
13 78 0.079415
13 79 0.079415
13 80 0.079416
13 81 0.079416
13 82 0.079416
13 83 0.079416
13 84 0.079416
13 85 0.079416
13 86 0.079415
13 87 0.079415
13 88 0.079415
13 89 0.079415
13 90 0.079415
13 91 0.079415
13 92 0.079415
13 93 0.079416
13 94 0.079416
13 95 0.079416
13 96 0.079416
13 97 0.079416
13 98 0.079416
13 99 0.079416

14 0 0.079356
14 1 0.079357
14 2 0.079357
14 3 0.079357
14 4 0.079358
14 5 0.079359
14 6 0.079359
14 7 0.079360
14 8 0.079361
14 9 0.079362
14 10 0.079363
14 11 0.079364
14 12 0.079365
14 13 0.079366
14 14 0.079367
14 15 0.079368
14 16 0.079369
14 17 0.079370
14 18 0.079371
14 19 0.079372
14 20 0.079373
14 21 0.079374
14 22 0.079375
14 23 0.079376
14 24 0.079377
14 25 0.079379
14 26 0.079380
14 27 0.079381
14 28 0.079382
14 29 0.079383
14 30 0.079384
14 31 0.079386
14 32 0.079387
14 33 0.079388
14 34 0.079389
14 35 0.079390
14 36 0.079391
14 37 0.079393
14 38 0.079394
14 39 0.079395
14 40 0.079396
14 41 0.079397
14 42 0.079398
14 43 0.079399
14 44 0.079399
14 45 0.079400
14 46 0.079401
14 47 0.079402
14 48 0.079403
14 49 0.079403
14 50 0.079404
14 51 0.079405
14 52 0.079405
14 53 0.079406
14 54 0.079407
14 55 0.079407
14 56 0.079408
14 57 0.079408
14 58 0.079409
14 59 0.079409
14 60 0.079410
14 61 0.079410
14 62 0.079411
14 63 0.079411
14 64 0.079412
14 65 0.079412
14 66 0.079412
14 67 0.079413
14 68 0.079413
14 69 0.079413
14 70 0.079414
14 71 0.079414
14 72 0.079415
14 73 0.079415
14 74 0.079415
14 75 0.079416
14 76 0.079416
14 77 0.079416
14 78 0.079416
14 79 0.079417
14 80 0.079417
14 81 0.079417
14 82 0.079417
14 83 0.079417
14 84 0.079417
14 85 0.079417
14 86 0.079417
14 87 0.079417
14 88 0.079417
14 89 0.079417
14 90 0.079417
14 91 0.079417
14 92 0.079417
14 93 0.079417
14 94 0.079417
14 95 0.079418
14 96 0.079417
14 97 0.079418
14 98 0.079418
14 99 0.079418

15 0 0.079358
15 1 0.079359
15 2 0.079359
15 3 0.079359
15 4 0.079360
15 5 0.079360
15 6 0.079361
15 7 0.079362
15 8 0.079363
15 9 0.079363
15 10 0.079364
15 11 0.079365
15 12 0.079366
15 13 0.079367
15 14 0.079368
15 15 0.079369
15 16 0.079371
15 17 0.079372
15 18 0.079373
15 19 0.079374
15 20 0.079375
15 21 0.079376
15 22 0.079377
15 23 0.079378
15 24 0.079379
15 25 0.079380
15 26 0.079381
15 27 0.079382
15 28 0.079384
15 29 0.079385
15 30 0.079386
15 31 0.079387
15 32 0.079388
15 33 0.079389
15 34 0.079391
15 35 0.079392
15 36 0.079393
15 37 0.079394
15 38 0.079395
15 39 0.079396
15 40 0.079397
15 41 0.079398
15 42 0.079399
15 43 0.079400
15 44 0.079401
15 45 0.079402
15 46 0.079402
15 47 0.079403
15 48 0.079404
15 49 0.079405
15 50 0.079405
15 51 0.079406
15 52 0.079407
15 53 0.079407
15 54 0.079408
15 55 0.079409
15 56 0.079409
15 57 0.079410
15 58 0.079410
15 59 0.079411
15 60 0.079411
15 61 0.079412
15 62 0.079412
15 63 0.079413
15 64 0.079413
15 65 0.079413
15 66 0.079414
15 67 0.079414
15 68 0.079415
15 69 0.079415
15 70 0.079415
15 71 0.079416
15 72 0.079416
15 73 0.079417
15 74 0.079417
15 75 0.079417
15 76 0.079417
15 77 0.079418
15 78 0.079418
15 79 0.079418
15 80 0.079419
15 81 0.079419
15 82 0.079419
15 83 0.079419
15 84 0.079419
15 85 0.079419
15 86 0.079419
15 87 0.079418
15 88 0.079418
15 89 0.079418
15 90 0.079418
15 91 0.079418
15 92 0.079419
15 93 0.079419
15 94 0.079419
15 95 0.079419
15 96 0.079419
15 97 0.079420
15 98 0.079420
15 99 0.079419

16 0 0.079360
16 1 0.079360
16 2 0.079361
16 3 0.079361
16 4 0.079362
16 5 0.079362
16 6 0.079363
16 7 0.079364
16 8 0.079364
16 9 0.079365
16 10 0.079366
16 11 0.079367
16 12 0.079368
16 13 0.079369
16 14 0.079370
16 15 0.079371
16 16 0.079372
16 17 0.079373
16 18 0.079374
16 19 0.079375
16 20 0.079376
16 21 0.079377
16 22 0.079379
16 23 0.079380
16 24 0.079381
16 25 0.079382
16 26 0.079383
16 27 0.079384
16 28 0.079385
16 29 0.079387
16 30 0.079388
16 31 0.079389
16 32 0.079390
16 33 0.079391
16 34 0.079392
16 35 0.079393
16 36 0.079395
16 37 0.079396
16 38 0.079397
16 39 0.079398
16 40 0.079399
16 41 0.079400
16 42 0.079401
16 43 0.079402
16 44 0.079402
16 45 0.079403
16 46 0.079404
16 47 0.079405
16 48 0.079406
16 49 0.079406
16 50 0.079407
16 51 0.079408
16 52 0.079408
16 53 0.079409
16 54 0.079410
16 55 0.079410
16 56 0.079411
16 57 0.079411
16 58 0.079412
16 59 0.079412
16 60 0.079413
16 61 0.079413
16 62 0.079414
16 63 0.079414
16 64 0.079415
16 65 0.079415
16 66 0.079415
16 67 0.079416
16 68 0.079416
16 69 0.079416
16 70 0.079417
16 71 0.079417
16 72 0.079418
16 73 0.079418
16 74 0.079418
16 75 0.079419
16 76 0.079419
16 77 0.079419
16 78 0.079419
16 79 0.079420
16 80 0.079420
16 81 0.079420
16 82 0.079420
16 83 0.079420
16 84 0.079420
16 85 0.079420
16 86 0.079420
16 87 0.079420
16 88 0.079420
16 89 0.079420
16 90 0.079420
16 91 0.079420
16 92 0.079420
16 93 0.079420
16 94 0.079420
16 95 0.079421
16 96 0.079421
16 97 0.079421
16 98 0.079421
16 99 0.079421

17 0 0.079361
17 1 0.079362
17 2 0.079362
17 3 0.079362
17 4 0.079363
17 5 0.079364
17 6 0.079364
17 7 0.079365
17 8 0.079366
17 9 0.079367
17 10 0.079368
17 11 0.079369
17 12 0.079370
17 13 0.079371
17 14 0.079372
17 15 0.079373
17 16 0.079374
17 17 0.079375
17 18 0.079376
17 19 0.079377
17 20 0.079378
17 21 0.079379
17 22 0.079380
17 23 0.079381
17 24 0.079382
17 25 0.079383
17 26 0.079384
17 27 0.079386
17 28 0.079387
17 29 0.079388
17 30 0.079389
17 31 0.079390
17 32 0.079391
17 33 0.079393
17 34 0.079394
17 35 0.079395
17 36 0.079396
17 37 0.079397
17 38 0.079398
17 39 0.079399
17 40 0.079400
17 41 0.079401
17 42 0.079402
17 43 0.079403
17 44 0.079404
17 45 0.079405
17 46 0.079405
17 47 0.079406
17 48 0.079407
17 49 0.079408
17 50 0.079408
17 51 0.079409
17 52 0.079410
17 53 0.079410
17 54 0.079411
17 55 0.079412
17 56 0.079412
17 57 0.079413
17 58 0.079413
17 59 0.079414
17 60 0.079414
17 61 0.079415
17 62 0.079415
17 63 0.079415
17 64 0.079416
17 65 0.079416
17 66 0.079417
17 67 0.079417
17 68 0.079418
17 69 0.079418
17 70 0.079418
17 71 0.079419
17 72 0.079419
17 73 0.079419
17 74 0.079420
17 75 0.079420
17 76 0.079420
17 77 0.079421
17 78 0.079421
17 79 0.079421
17 80 0.079421
17 81 0.079422
17 82 0.079422
17 83 0.079422
17 84 0.079422
17 85 0.079422
17 86 0.079422
17 87 0.079422
17 88 0.079422
17 89 0.079422
17 90 0.079422
17 91 0.079422
17 92 0.079422
17 93 0.079422
17 94 0.079422
17 95 0.079423
17 96 0.079422
17 97 0.079423
17 98 0.079423
17 99 0.079423

18 0 0.079363
18 1 0.079364
18 2 0.079364
18 3 0.079364
18 4 0.079365
18 5 0.079365
18 6 0.079366
18 7 0.079367
18 8 0.079368
18 9 0.079369
18 10 0.079369
18 11 0.079370
18 12 0.079371
18 13 0.079372
18 14 0.079373
18 15 0.079374
18 16 0.079375
18 17 0.079376
18 18 0.079377
18 19 0.079378
18 20 0.079379
18 21 0.079380
18 22 0.079382
18 23 0.079383
18 24 0.079384
18 25 0.079385
18 26 0.079386
18 27 0.079387
18 28 0.079388
18 29 0.079389
18 30 0.079391
18 31 0.079392
18 32 0.079393
18 33 0.079394
18 34 0.079395
18 35 0.079396
18 36 0.079397
18 37 0.079398
18 38 0.079399
18 39 0.079400
18 40 0.079401
18 41 0.079402
18 42 0.079403
18 43 0.079404
18 44 0.079405
18 45 0.079406
18 46 0.079407
18 47 0.079408
18 48 0.079408
18 49 0.079409
18 50 0.079410
18 51 0.079410
18 52 0.079411
18 53 0.079412
18 54 0.079412
18 55 0.079413
18 56 0.079413
18 57 0.079414
18 58 0.079415
18 59 0.079415
18 60 0.079415
18 61 0.079416
18 62 0.079416
18 63 0.079417
18 64 0.079417
18 65 0.079418
18 66 0.079418
18 67 0.079419
18 68 0.079419
18 69 0.079419
18 70 0.079420
18 71 0.079420
18 72 0.079420
18 73 0.079421
18 74 0.079421
18 75 0.079422
18 76 0.079422
18 77 0.079422
18 78 0.079422
18 79 0.079423
18 80 0.079423
18 81 0.079423
18 82 0.079423
18 83 0.079423
18 84 0.079423
18 85 0.079423
18 86 0.079423
18 87 0.079423
18 88 0.079423
18 89 0.079423
18 90 0.079423
18 91 0.079423
18 92 0.079424
18 93 0.079424
18 94 0.079424
18 95 0.079424
18 96 0.079424
18 97 0.079425
18 98 0.079425
18 99 0.079425

19 0 0.079365
19 1 0.079365
19 2 0.079366
19 3 0.079366
19 4 0.079367
19 5 0.079367
19 6 0.079368
19 7 0.079368
19 8 0.079369
19 9 0.079370
19 10 0.079371
19 11 0.079372
19 12 0.079373
19 13 0.079374
19 14 0.079375
19 15 0.079376
19 16 0.079377
19 17 0.079378
19 18 0.079379
19 19 0.079380
19 20 0.079381
19 21 0.079382
19 22 0.079383
19 23 0.079384
19 24 0.079385
19 25 0.079386
19 26 0.079388
19 27 0.079389
19 28 0.079390
19 29 0.079391
19 30 0.079392
19 31 0.079393
19 32 0.079394
19 33 0.079396
19 34 0.079397
19 35 0.079398
19 36 0.079399
19 37 0.079400
19 38 0.079401
19 39 0.079402
19 40 0.079403
19 41 0.079404
19 42 0.079405
19 43 0.079406
19 44 0.079407
19 45 0.079407
19 46 0.079408
19 47 0.079409
19 48 0.079410
19 49 0.079411
19 50 0.079411
19 51 0.079412
19 52 0.079413
19 53 0.079413
19 54 0.079414
19 55 0.079414
19 56 0.079415
19 57 0.079415
19 58 0.079416
19 59 0.079416
19 60 0.079417
19 61 0.079417
19 62 0.079418
19 63 0.079418
19 64 0.079419
19 65 0.079419
19 66 0.079420
19 67 0.079420
19 68 0.079420
19 69 0.079421
19 70 0.079421
19 71 0.079422
19 72 0.079422
19 73 0.079422
19 74 0.079423
19 75 0.079423
19 76 0.079423
19 77 0.079424
19 78 0.079424
19 79 0.079424
19 80 0.079424
19 81 0.079425
19 82 0.079425
19 83 0.079425
19 84 0.079425
19 85 0.079425
19 86 0.079425
19 87 0.079425
19 88 0.079425
19 89 0.079425
19 90 0.079425
19 91 0.079425
19 92 0.079425
19 93 0.079426
19 94 0.079426
19 95 0.079426
19 96 0.079426
19 97 0.079427
19 98 0.079427
19 99 0.079426

20 0 0.079366
20 1 0.079367
20 2 0.079367
20 3 0.079368
20 4 0.079368
20 5 0.079369
20 6 0.079370
20 7 0.079370
20 8 0.079371
20 9 0.079372
20 10 0.079373
20 11 0.079374
20 12 0.079375
20 13 0.079376
20 14 0.079377
20 15 0.079378
20 16 0.079379
20 17 0.079380
20 18 0.079381
20 19 0.079382
20 20 0.079383
20 21 0.079384
20 22 0.079385
20 23 0.079386
20 24 0.079387
20 25 0.079388
20 26 0.079389
20 27 0.079390
20 28 0.079392
20 29 0.079393
20 30 0.079394
20 31 0.079395
20 32 0.079396
20 33 0.079397
20 34 0.079398
20 35 0.079400
20 36 0.079401
20 37 0.079402
20 38 0.079403
20 39 0.079404
20 40 0.079405
20 41 0.079406
20 42 0.079406
20 43 0.079407
20 44 0.079408
20 45 0.079409
20 46 0.079410
20 47 0.079411
20 48 0.079411
20 49 0.079412
20 50 0.079413
20 51 0.079414
20 52 0.079414
20 53 0.079415
20 54 0.079415
20 55 0.079416
20 56 0.079417
20 57 0.079417
20 58 0.079418
20 59 0.079418
20 60 0.079419
20 61 0.079419
20 62 0.079419
20 63 0.079420
20 64 0.079420
20 65 0.079420
20 66 0.079421
20 67 0.079421
20 68 0.079422
20 69 0.079422
20 70 0.079423
20 71 0.079423
20 72 0.079423
20 73 0.079424
20 74 0.079424
20 75 0.079424
20 76 0.079425
20 77 0.079425
20 78 0.079425
20 79 0.079426
20 80 0.079426
20 81 0.079426
20 82 0.079426
20 83 0.079426
20 84 0.079426
20 85 0.079426
20 86 0.079426
20 87 0.079426
20 88 0.079426
20 89 0.079427
20 90 0.079427
20 91 0.079427
20 92 0.079427
20 93 0.079427
20 94 0.079427
20 95 0.079428
20 96 0.079428
20 97 0.079428
20 98 0.079428
20 99 0.079428

21 0 0.079368
21 1 0.079368
21 2 0.079369
21 3 0.079369
21 4 0.079370
21 5 0.079370
21 6 0.079371
21 7 0.079372
21 8 0.079373
21 9 0.079373
21 10 0.079374
21 11 0.079375
21 12 0.079376
21 13 0.079377
21 14 0.079378
21 15 0.079379
21 16 0.079380
21 17 0.079381
21 18 0.079382
21 19 0.079383
21 20 0.079384
21 21 0.079385
21 22 0.079386
21 23 0.079387
21 24 0.079388
21 25 0.079389
21 26 0.079390
21 27 0.079392
21 28 0.079393
21 29 0.079394
21 30 0.079395
21 31 0.079396
21 32 0.079397
21 33 0.079398
21 34 0.079400
21 35 0.079401
21 36 0.079402
21 37 0.079403
21 38 0.079404
21 39 0.079405
21 40 0.079406
21 41 0.079407
21 42 0.079408
21 43 0.079408
21 44 0.079409
21 45 0.079410
21 46 0.079411
21 47 0.079412
21 48 0.079413
21 49 0.079413
21 50 0.079414
21 51 0.079415
21 52 0.079415
21 53 0.079416
21 54 0.079416
21 55 0.079417
21 56 0.079418
21 57 0.079418
21 58 0.079419
21 59 0.079419
21 60 0.079420
21 61 0.079420
21 62 0.079421
21 63 0.079421
21 64 0.079422
21 65 0.079422
21 66 0.079422
21 67 0.079423
21 68 0.079423
21 69 0.079424
21 70 0.079424
21 71 0.079425
21 72 0.079425
21 73 0.079425
21 74 0.079426
21 75 0.079426
21 76 0.079426
21 77 0.079427
21 78 0.079427
21 79 0.079427
21 80 0.079428
21 81 0.079428
21 82 0.079428
21 83 0.079428
21 84 0.079428
21 85 0.079428
21 86 0.079428
21 87 0.079428
21 88 0.079428
21 89 0.079428
21 90 0.079429
21 91 0.079429
21 92 0.079429
21 93 0.079429
21 94 0.079429
21 95 0.079430
21 96 0.079430
21 97 0.079430
21 98 0.079430
21 99 0.079430

22 0 0.079370
22 1 0.079370
22 2 0.079371
22 3 0.079371
22 4 0.079372
22 5 0.079372
22 6 0.079373
22 7 0.079374
22 8 0.079374
22 9 0.079375
22 10 0.079376
22 11 0.079377
22 12 0.079378
22 13 0.079379
22 14 0.079380
22 15 0.079381
22 16 0.079382
22 17 0.079383
22 18 0.079384
22 19 0.079385
22 20 0.079386
22 21 0.079387
22 22 0.079388
22 23 0.079389
22 24 0.079390
22 25 0.079391
22 26 0.079392
22 27 0.079393
22 28 0.079394
22 29 0.079396
22 30 0.079397
22 31 0.079398
22 32 0.079399
22 33 0.079400
22 34 0.079401
22 35 0.079402
22 36 0.079403
22 37 0.079404
22 38 0.079405
22 39 0.079406
22 40 0.079407
22 41 0.079408
22 42 0.079409
22 43 0.079410
22 44 0.079411
22 45 0.079412
22 46 0.079413
22 47 0.079413
22 48 0.079414
22 49 0.079415
22 50 0.079416
22 51 0.079416
22 52 0.079417
22 53 0.079418
22 54 0.079418
22 55 0.079419
22 56 0.079419
22 57 0.079420
22 58 0.079420
22 59 0.079421
22 60 0.079421
22 61 0.079422
22 62 0.079422
22 63 0.079423
22 64 0.079423
22 65 0.079424
22 66 0.079424
22 67 0.079424
22 68 0.079425
22 69 0.079425
22 70 0.079426
22 71 0.079426
22 72 0.079427
22 73 0.079427
22 74 0.079427
22 75 0.079428
22 76 0.079428
22 77 0.079428
22 78 0.079429
22 79 0.079429
22 80 0.079429
22 81 0.079429
22 82 0.079429
22 83 0.079430
22 84 0.079430
22 85 0.079430
22 86 0.079430
22 87 0.079430
22 88 0.079430
22 89 0.079430
22 90 0.079430
22 91 0.079431
22 92 0.079431
22 93 0.079431
22 94 0.079431
22 95 0.079432
22 96 0.079432
22 97 0.079432
22 98 0.079432
22 99 0.079432

23 0 0.079372
23 1 0.079372
23 2 0.079373
23 3 0.079373
23 4 0.079374
23 5 0.079374
23 6 0.079375
23 7 0.079375
23 8 0.079376
23 9 0.079377
23 10 0.079378
23 11 0.079379
23 12 0.079380
23 13 0.079381
23 14 0.079382
23 15 0.079383
23 16 0.079384
23 17 0.079385
23 18 0.079386
23 19 0.079386
23 20 0.079387
23 21 0.079389
23 22 0.079390
23 23 0.079391
23 24 0.079392
23 25 0.079393
23 26 0.079394
23 27 0.079395
23 28 0.079396
23 29 0.079397
23 30 0.079398
23 31 0.079400
23 32 0.079401
23 33 0.079402
23 34 0.079403
23 35 0.079404
23 36 0.079405
23 37 0.079406
23 38 0.079407
23 39 0.079408
23 40 0.079409
23 41 0.079410
23 42 0.079411
23 43 0.079412
23 44 0.079413
23 45 0.079413
23 46 0.079414
23 47 0.079415
23 48 0.079416
23 49 0.079416
23 50 0.079417
23 51 0.079418
23 52 0.079418
23 53 0.079419
23 54 0.079420
23 55 0.079420
23 56 0.079421
23 57 0.079421
23 58 0.079422
23 59 0.079422
23 60 0.079423
23 61 0.079423
23 62 0.079424
23 63 0.079424
23 64 0.079425
23 65 0.079425
23 66 0.079426
23 67 0.079426
23 68 0.079426
23 69 0.079427
23 70 0.079427
23 71 0.079428
23 72 0.079428
23 73 0.079429
23 74 0.079429
23 75 0.079429
23 76 0.079430
23 77 0.079430
23 78 0.079430
23 79 0.079431
23 80 0.079431
23 81 0.079431
23 82 0.079431
23 83 0.079431
23 84 0.079431
23 85 0.079431
23 86 0.079432
23 87 0.079432
23 88 0.079432
23 89 0.079432
23 90 0.079432
23 91 0.079433
23 92 0.079433
23 93 0.079433
23 94 0.079433
23 95 0.079434
23 96 0.079434
23 97 0.079434
23 98 0.079434
23 99 0.079434

24 0 0.079374
24 1 0.079374
24 2 0.079374
24 3 0.079375
24 4 0.079375
24 5 0.079376
24 6 0.079377
24 7 0.079377
24 8 0.079378
24 9 0.079379
24 10 0.079380
24 11 0.079381
24 12 0.079382
24 13 0.079382
24 14 0.079383
24 15 0.079384
24 16 0.079385
24 17 0.079386
24 18 0.079387
24 19 0.079388
24 20 0.079389
24 21 0.079390
24 22 0.079391
24 23 0.079392
24 24 0.079393
24 25 0.079394
24 26 0.079396
24 27 0.079397
24 28 0.079398
24 29 0.079399
24 30 0.079400
24 31 0.079401
24 32 0.079402
24 33 0.079403
24 34 0.079404
24 35 0.079405
24 36 0.079406
24 37 0.079408
24 38 0.079409
24 39 0.079409
24 40 0.079410
24 41 0.079411
24 42 0.079412
24 43 0.079413
24 44 0.079414
24 45 0.079415
24 46 0.079416
24 47 0.079416
24 48 0.079417
24 49 0.079418
24 50 0.079419
24 51 0.079419
24 52 0.079420
24 53 0.079421
24 54 0.079421
24 55 0.079422
24 56 0.079422
24 57 0.079423
24 58 0.079423
24 59 0.079424
24 60 0.079424
24 61 0.079425
24 62 0.079425
24 63 0.079426
24 64 0.079426
24 65 0.079427
24 66 0.079427
24 67 0.079428
24 68 0.079428
24 69 0.079429
24 70 0.079429
24 71 0.079429
24 72 0.079430
24 73 0.079430
24 74 0.079431
24 75 0.079431
24 76 0.079431
24 77 0.079432
24 78 0.079432
24 79 0.079432
24 80 0.079432
24 81 0.079433
24 82 0.079433
24 83 0.079433
24 84 0.079433
24 85 0.079433
24 86 0.079433
24 87 0.079434
24 88 0.079434
24 89 0.079434
24 90 0.079434
24 91 0.079435
24 92 0.079435
24 93 0.079435
24 94 0.079435
24 95 0.079436
24 96 0.079436
24 97 0.079436
24 98 0.079436
24 99 0.079436

25 0 0.079376
25 1 0.079376
25 2 0.079376
25 3 0.079377
25 4 0.079377
25 5 0.079378
25 6 0.079379
25 7 0.079379
25 8 0.079380
25 9 0.079381
25 10 0.079382
25 11 0.079383
25 12 0.079384
25 13 0.079384
25 14 0.079385
25 15 0.079386
25 16 0.079387
25 17 0.079388
25 18 0.079389
25 19 0.079390
25 20 0.079391
25 21 0.079392
25 22 0.079393
25 23 0.079394
25 24 0.079395
25 25 0.079396
25 26 0.079397
25 27 0.079399
25 28 0.079400
25 29 0.079401
25 30 0.079402
25 31 0.079403
25 32 0.079404
25 33 0.079405
25 34 0.079406
25 35 0.079407
25 36 0.079408
25 37 0.079409
25 38 0.079410
25 39 0.079411
25 40 0.079412
25 41 0.079413
25 42 0.079414
25 43 0.079415
25 44 0.079416
25 45 0.079417
25 46 0.079417
25 47 0.079418
25 48 0.079419
25 49 0.079420
25 50 0.079420
25 51 0.079421
25 52 0.079421
25 53 0.079422
25 54 0.079423
25 55 0.079423
25 56 0.079424
25 57 0.079424
25 58 0.079425
25 59 0.079425
25 60 0.079426
25 61 0.079426
25 62 0.079427
25 63 0.079427
25 64 0.079428
25 65 0.079428
25 66 0.079429
25 67 0.079429
25 68 0.079430
25 69 0.079430
25 70 0.079430
25 71 0.079431
25 72 0.079431
25 73 0.079432
25 74 0.079432
25 75 0.079433
25 76 0.079433
25 77 0.079433
25 78 0.079434
25 79 0.079434
25 80 0.079434
25 81 0.079434
25 82 0.079434
25 83 0.079435
25 84 0.079435
25 85 0.079435
25 86 0.079435
25 87 0.079435
25 88 0.079436
25 89 0.079436
25 90 0.079436
25 91 0.079436
25 92 0.079437
25 93 0.079437
25 94 0.079437
25 95 0.079438
25 96 0.079438
25 97 0.079438
25 98 0.079438
25 99 0.079438

26 0 0.079377
26 1 0.079378
26 2 0.079378
26 3 0.079379
26 4 0.079379
26 5 0.079380
26 6 0.079380
26 7 0.079381
26 8 0.079382
26 9 0.079383
26 10 0.079383
26 11 0.079384
26 12 0.079385
26 13 0.079386
26 14 0.079387
26 15 0.079388
26 16 0.079389
26 17 0.079390
26 18 0.079391
26 19 0.079392
26 20 0.079393
26 21 0.079394
26 22 0.079395
26 23 0.079396
26 24 0.079397
26 25 0.079398
26 26 0.079399
26 27 0.079400
26 28 0.079401
26 29 0.079402
26 30 0.079403
26 31 0.079404
26 32 0.079405
26 33 0.079406
26 34 0.079408
26 35 0.079409
26 36 0.079410
26 37 0.079411
26 38 0.079412
26 39 0.079413
26 40 0.079413
26 41 0.079414
26 42 0.079415
26 43 0.079416
26 44 0.079417
26 45 0.079418
26 46 0.079418
26 47 0.079419
26 48 0.079420
26 49 0.079421
26 50 0.079421
26 51 0.079422
26 52 0.079423
26 53 0.079423
26 54 0.079424
26 55 0.079425
26 56 0.079425
26 57 0.079426
26 58 0.079426
26 59 0.079427
26 60 0.079427
26 61 0.079428
26 62 0.079428
26 63 0.079429
26 64 0.079429
26 65 0.079430
26 66 0.079430
26 67 0.079431
26 68 0.079431
26 69 0.079432
26 70 0.079432
26 71 0.079433
26 72 0.079433
26 73 0.079433
26 74 0.079434
26 75 0.079434
26 76 0.079435
26 77 0.079435
26 78 0.079435
26 79 0.079436
26 80 0.079436
26 81 0.079436
26 82 0.079436
26 83 0.079436
26 84 0.079437
26 85 0.079437
26 86 0.079437
26 87 0.079437
26 88 0.079437
26 89 0.079438
26 90 0.079438
26 91 0.079438
26 92 0.079439
26 93 0.079439
26 94 0.079439
26 95 0.079440
26 96 0.079440
26 97 0.079440
26 98 0.079441
26 99 0.079440

27 0 0.079379
27 1 0.079380
27 2 0.079380
27 3 0.079381
27 4 0.079381
27 5 0.079382
27 6 0.079382
27 7 0.079383
27 8 0.079384
27 9 0.079385
27 10 0.079385
27 11 0.079386
27 12 0.079387
27 13 0.079388
27 14 0.079389
27 15 0.079390
27 16 0.079391
27 17 0.079392
27 18 0.079393
27 19 0.079393
27 20 0.079394
27 21 0.079395
27 22 0.079396
27 23 0.079397
27 24 0.079399
27 25 0.079400
27 26 0.079401
27 27 0.079402
27 28 0.079403
27 29 0.079404
27 30 0.079405
27 31 0.079406
27 32 0.079407
27 33 0.079408
27 34 0.079409
27 35 0.079410
27 36 0.079411
27 37 0.079412
27 38 0.079413
27 39 0.079414
27 40 0.079415
27 41 0.079416
27 42 0.079417
27 43 0.079418
27 44 0.079419
27 45 0.079420
27 46 0.079420
27 47 0.079421
27 48 0.079422
27 49 0.079422
27 50 0.079423
27 51 0.079424
27 52 0.079424
27 53 0.079425
27 54 0.079426
27 55 0.079426
27 56 0.079427
27 57 0.079427
27 58 0.079428
27 59 0.079428
27 60 0.079429
27 61 0.079429
27 62 0.079430
27 63 0.079430
27 64 0.079431
27 65 0.079431
27 66 0.079432
27 67 0.079432
27 68 0.079433
27 69 0.079433
27 70 0.079434
27 71 0.079434
27 72 0.079435
27 73 0.079435
27 74 0.079436
27 75 0.079436
27 76 0.079436
27 77 0.079437
27 78 0.079437
27 79 0.079437
27 80 0.079438
27 81 0.079438
27 82 0.079438
27 83 0.079438
27 84 0.079438
27 85 0.079439
27 86 0.079439
27 87 0.079439
27 88 0.079439
27 89 0.079440
27 90 0.079440
27 91 0.079440
27 92 0.079441
27 93 0.079441
27 94 0.079441
27 95 0.079442
27 96 0.079442
27 97 0.079442
27 98 0.079443
27 99 0.079442

28 0 0.079381
28 1 0.079382
28 2 0.079382
28 3 0.079383
28 4 0.079383
28 5 0.079384
28 6 0.079384
28 7 0.079385
28 8 0.079386
28 9 0.079386
28 10 0.079387
28 11 0.079388
28 12 0.079389
28 13 0.079390
28 14 0.079391
28 15 0.079391
28 16 0.079392
28 17 0.079393
28 18 0.079394
28 19 0.079395
28 20 0.079396
28 21 0.079397
28 22 0.079398
28 23 0.079399
28 24 0.079400
28 25 0.079401
28 26 0.079402
28 27 0.079403
28 28 0.079404
28 29 0.079406
28 30 0.079407
28 31 0.079408
28 32 0.079409
28 33 0.079410
28 34 0.079411
28 35 0.079412
28 36 0.079413
28 37 0.079414
28 38 0.079415
28 39 0.079416
28 40 0.079417
28 41 0.079417
28 42 0.079418
28 43 0.079419
28 44 0.079420
28 45 0.079421
28 46 0.079421
28 47 0.079422
28 48 0.079423
28 49 0.079424
28 50 0.079424
28 51 0.079425
28 52 0.079426
28 53 0.079426
28 54 0.079427
28 55 0.079428
28 56 0.079428
28 57 0.079429
28 58 0.079429
28 59 0.079430
28 60 0.079430
28 61 0.079431
28 62 0.079431
28 63 0.079432
28 64 0.079432
28 65 0.079433
28 66 0.079433
28 67 0.079434
28 68 0.079434
28 69 0.079435
28 70 0.079435
28 71 0.079436
28 72 0.079436
28 73 0.079437
28 74 0.079437
28 75 0.079438
28 76 0.079438
28 77 0.079438
28 78 0.079439
28 79 0.079439
28 80 0.079439
28 81 0.079440
28 82 0.079440
28 83 0.079440
28 84 0.079440
28 85 0.079440
28 86 0.079441
28 87 0.079441
28 88 0.079441
28 89 0.079442
28 90 0.079442
28 91 0.079442
28 92 0.079443
28 93 0.079443
28 94 0.079443
28 95 0.079444
28 96 0.079444
28 97 0.079444
28 98 0.079445
28 99 0.079444

29 0 0.079383
29 1 0.079384
29 2 0.079384
29 3 0.079385
29 4 0.079385
29 5 0.079386
29 6 0.079386
29 7 0.079387
29 8 0.079388
29 9 0.079388
29 10 0.079389
29 11 0.079390
29 12 0.079391
29 13 0.079392
29 14 0.079392
29 15 0.079393
29 16 0.079394
29 17 0.079395
29 18 0.079396
29 19 0.079397
29 20 0.079398
29 21 0.079399
29 22 0.079400
29 23 0.079401
29 24 0.079402
29 25 0.079403
29 26 0.079404
29 27 0.079405
29 28 0.079406
29 29 0.079407
29 30 0.079408
29 31 0.079409
29 32 0.079410
29 33 0.079411
29 34 0.079412
29 35 0.079413
29 36 0.079414
29 37 0.079415
29 38 0.079416
29 39 0.079417
29 40 0.079418
29 41 0.079419
29 42 0.079420
29 43 0.079421
29 44 0.079422
29 45 0.079422
29 46 0.079423
29 47 0.079424
29 48 0.079425
29 49 0.079425
29 50 0.079426
29 51 0.079427
29 52 0.079427
29 53 0.079428
29 54 0.079429
29 55 0.079429
29 56 0.079430
29 57 0.079430
29 58 0.079431
29 59 0.079431
29 60 0.079432
29 61 0.079432
29 62 0.079433
29 63 0.079434
29 64 0.079434
29 65 0.079435
29 66 0.079435
29 67 0.079436
29 68 0.079436
29 69 0.079437
29 70 0.079437
29 71 0.079437
29 72 0.079438
29 73 0.079438
29 74 0.079439
29 75 0.079439
29 76 0.079440
29 77 0.079440
29 78 0.079440
29 79 0.079441
29 80 0.079441
29 81 0.079441
29 82 0.079442
29 83 0.079442
29 84 0.079442
29 85 0.079442
29 86 0.079443
29 87 0.079443
29 88 0.079443
29 89 0.079444
29 90 0.079444
29 91 0.079444
29 92 0.079445
29 93 0.079445
29 94 0.079445
29 95 0.079446
29 96 0.079446
29 97 0.079446
29 98 0.079447
29 99 0.079446

30 0 0.079386
30 1 0.079386
30 2 0.079386
30 3 0.079387
30 4 0.079387
30 5 0.079388
30 6 0.079388
30 7 0.079389
30 8 0.079390
30 9 0.079390
30 10 0.079391
30 11 0.079392
30 12 0.079393
30 13 0.079394
30 14 0.079394
30 15 0.079395
30 16 0.079396
30 17 0.079397
30 18 0.079398
30 19 0.079399
30 20 0.079400
30 21 0.079401
30 22 0.079402
30 23 0.079403
30 24 0.079404
30 25 0.079405
30 26 0.079406
30 27 0.079407
30 28 0.079408
30 29 0.079409
30 30 0.079410
30 31 0.079411
30 32 0.079412
30 33 0.079413
30 34 0.079414
30 35 0.079415
30 36 0.079416
30 37 0.079417
30 38 0.079418
30 39 0.079419
30 40 0.079420
30 41 0.079421
30 42 0.079421
30 43 0.079422
30 44 0.079423
30 45 0.079424
30 46 0.079424
30 47 0.079425
30 48 0.079426
30 49 0.079427
30 50 0.079427
30 51 0.079428
30 52 0.079429
30 53 0.079429
30 54 0.079430
30 55 0.079430
30 56 0.079431
30 57 0.079432
30 58 0.079432
30 59 0.079433
30 60 0.079433
30 61 0.079434
30 62 0.079434
30 63 0.079435
30 64 0.079435
30 65 0.079436
30 66 0.079436
30 67 0.079437
30 68 0.079438
30 69 0.079438
30 70 0.079439
30 71 0.079439
30 72 0.079440
30 73 0.079440
30 74 0.079441
30 75 0.079441
30 76 0.079441
30 77 0.079442
30 78 0.079442
30 79 0.079442
30 80 0.079443
30 81 0.079443
30 82 0.079443
30 83 0.079444
30 84 0.079444
30 85 0.079444
30 86 0.079444
30 87 0.079445
30 88 0.079445
30 89 0.079446
30 90 0.079446
30 91 0.079446
30 92 0.079447
30 93 0.079447
30 94 0.079447
30 95 0.079448
30 96 0.079448
30 97 0.079448
30 98 0.079449
30 99 0.079448

31 0 0.079387
31 1 0.079388
31 2 0.079388
31 3 0.079389
31 4 0.079389
31 5 0.079389
31 6 0.079390
31 7 0.079391
31 8 0.079391
31 9 0.079392
31 10 0.079393
31 11 0.079394
31 12 0.079394
31 13 0.079395
31 14 0.079396
31 15 0.079397
31 16 0.079398
31 17 0.079398
31 18 0.079399
31 19 0.079400
31 20 0.079401
31 21 0.079402
31 22 0.079403
31 23 0.079404
31 24 0.079405
31 25 0.079406
31 26 0.079407
31 27 0.079408
31 28 0.079409
31 29 0.079410
31 30 0.079411
31 31 0.079412
31 32 0.079413
31 33 0.079414
31 34 0.079415
31 35 0.079416
31 36 0.079417
31 37 0.079418
31 38 0.079419
31 39 0.079420
31 40 0.079421
31 41 0.079422
31 42 0.079423
31 43 0.079424
31 44 0.079424
31 45 0.079425
31 46 0.079426
31 47 0.079427
31 48 0.079427
31 49 0.079428
31 50 0.079429
31 51 0.079430
31 52 0.079430
31 53 0.079431
31 54 0.079431
31 55 0.079432
31 56 0.079433
31 57 0.079433
31 58 0.079434
31 59 0.079434
31 60 0.079435
31 61 0.079435
31 62 0.079436
31 63 0.079437
31 64 0.079437
31 65 0.079438
31 66 0.079438
31 67 0.079439
31 68 0.079439
31 69 0.079440
31 70 0.079440
31 71 0.079441
31 72 0.079441
31 73 0.079442
31 74 0.079442
31 75 0.079443
31 76 0.079443
31 77 0.079444
31 78 0.079444
31 79 0.079444
31 80 0.079445
31 81 0.079445
31 82 0.079445
31 83 0.079445
31 84 0.079446
31 85 0.079446
31 86 0.079446
31 87 0.079447
31 88 0.079447
31 89 0.079447
31 90 0.079448
31 91 0.079448
31 92 0.079449
31 93 0.079449
31 94 0.079449
31 95 0.079450
31 96 0.079450
31 97 0.079450
31 98 0.079451
31 99 0.079451

32 0 0.079389
32 1 0.079390
32 2 0.079390
32 3 0.079391
32 4 0.079391
32 5 0.079391
32 6 0.079392
32 7 0.079393
32 8 0.079393
32 9 0.079394
32 10 0.079395
32 11 0.079395
32 12 0.079396
32 13 0.079397
32 14 0.079398
32 15 0.079399
32 16 0.079400
32 17 0.079400
32 18 0.079401
32 19 0.079402
32 20 0.079403
32 21 0.079404
32 22 0.079405
32 23 0.079406
32 24 0.079407
32 25 0.079408
32 26 0.079409
32 27 0.079410
32 28 0.079411
32 29 0.079412
32 30 0.079413
32 31 0.079414
32 32 0.079415
32 33 0.079416
32 34 0.079417
32 35 0.079418
32 36 0.079419
32 37 0.079420
32 38 0.079421
32 39 0.079422
32 40 0.079423
32 41 0.079424
32 42 0.079424
32 43 0.079425
32 44 0.079426
32 45 0.079427
32 46 0.079427
32 47 0.079428
32 48 0.079429
32 49 0.079430
32 50 0.079430
32 51 0.079431
32 52 0.079432
32 53 0.079432
32 54 0.079433
32 55 0.079434
32 56 0.079434
32 57 0.079435
32 58 0.079435
32 59 0.079436
32 60 0.079436
32 61 0.079437
32 62 0.079438
32 63 0.079438
32 64 0.079439
32 65 0.079439
32 66 0.079440
32 67 0.079440
32 68 0.079441
32 69 0.079441
32 70 0.079442
32 71 0.079442
32 72 0.079443
32 73 0.079443
32 74 0.079444
32 75 0.079444
32 76 0.079445
32 77 0.079445
32 78 0.079446
32 79 0.079446
32 80 0.079446
32 81 0.079447
32 82 0.079447
32 83 0.079447
32 84 0.079447
32 85 0.079448
32 86 0.079448
32 87 0.079449
32 88 0.079449
32 89 0.079449
32 90 0.079450
32 91 0.079450
32 92 0.079451
32 93 0.079451
32 94 0.079451
32 95 0.079452
32 96 0.079452
32 97 0.079452
32 98 0.079453
32 99 0.079453

33 0 0.079391
33 1 0.079392
33 2 0.079392
33 3 0.079393
33 4 0.079393
33 5 0.079393
33 6 0.079394
33 7 0.079395
33 8 0.079395
33 9 0.079396
33 10 0.079397
33 11 0.079397
33 12 0.079398
33 13 0.079399
33 14 0.079400
33 15 0.079400
33 16 0.079401
33 17 0.079402
33 18 0.079403
33 19 0.079404
33 20 0.079405
33 21 0.079406
33 22 0.079407
33 23 0.079408
33 24 0.079409
33 25 0.079410
33 26 0.079411
33 27 0.079412
33 28 0.079413
33 29 0.079414
33 30 0.079415
33 31 0.079416
33 32 0.079417
33 33 0.079417
33 34 0.079418
33 35 0.079419
33 36 0.079420
33 37 0.079421
33 38 0.079422
33 39 0.079423
33 40 0.079424
33 41 0.079425
33 42 0.079426
33 43 0.079427
33 44 0.079427
33 45 0.079428
33 46 0.079429
33 47 0.079430
33 48 0.079430
33 49 0.079431
33 50 0.079432
33 51 0.079432
33 52 0.079433
33 53 0.079434
33 54 0.079434
33 55 0.079435
33 56 0.079436
33 57 0.079436
33 58 0.079437
33 59 0.079437
33 60 0.079438
33 61 0.079439
33 62 0.079439
33 63 0.079440
33 64 0.079440
33 65 0.079441
33 66 0.079441
33 67 0.079442
33 68 0.079442
33 69 0.079443
33 70 0.079444
33 71 0.079444
33 72 0.079445
33 73 0.079445
33 74 0.079446
33 75 0.079446
33 76 0.079447
33 77 0.079447
33 78 0.079447
33 79 0.079448
33 80 0.079448
33 81 0.079448
33 82 0.079449
33 83 0.079449
33 84 0.079449
33 85 0.079450
33 86 0.079450
33 87 0.079450
33 88 0.079451
33 89 0.079451
33 90 0.079452
33 91 0.079452
33 92 0.079453
33 93 0.079453
33 94 0.079454
33 95 0.079454
33 96 0.079454
33 97 0.079454
33 98 0.079455
33 99 0.079455

34 0 0.079393
34 1 0.079394
34 2 0.079394
34 3 0.079395
34 4 0.079395
34 5 0.079395
34 6 0.079396
34 7 0.079397
34 8 0.079397
34 9 0.079398
34 10 0.079399
34 11 0.079399
34 12 0.079400
34 13 0.079401
34 14 0.079401
34 15 0.079402
34 16 0.079403
34 17 0.079404
34 18 0.079405
34 19 0.079406
34 20 0.079407
34 21 0.079407
34 22 0.079408
34 23 0.079409
34 24 0.079410
34 25 0.079411
34 26 0.079412
34 27 0.079413
34 28 0.079414
34 29 0.079415
34 30 0.079416
34 31 0.079417
34 32 0.079418
34 33 0.079419
34 34 0.079420
34 35 0.079421
34 36 0.079422
34 37 0.079423
34 38 0.079424
34 39 0.079425
34 40 0.079426
34 41 0.079427
34 42 0.079427
34 43 0.079428
34 44 0.079429
34 45 0.079430
34 46 0.079430
34 47 0.079431
34 48 0.079432
34 49 0.079433
34 50 0.079433
34 51 0.079434
34 52 0.079435
34 53 0.079435
34 54 0.079436
34 55 0.079437
34 56 0.079437
34 57 0.079438
34 58 0.079438
34 59 0.079439
34 60 0.079440
34 61 0.079440
34 62 0.079441
34 63 0.079441
34 64 0.079442
34 65 0.079442
34 66 0.079443
34 67 0.079444
34 68 0.079444
34 69 0.079445
34 70 0.079445
34 71 0.079446
34 72 0.079446
34 73 0.079447
34 74 0.079447
34 75 0.079448
34 76 0.079448
34 77 0.079449
34 78 0.079449
34 79 0.079450
34 80 0.079450
34 81 0.079450
34 82 0.079450
34 83 0.079451
34 84 0.079451
34 85 0.079452
34 86 0.079452
34 87 0.079452
34 88 0.079453
34 89 0.079453
34 90 0.079454
34 91 0.079454
34 92 0.079455
34 93 0.079455
34 94 0.079456
34 95 0.079456
34 96 0.079456
34 97 0.079456
34 98 0.079457
34 99 0.079457

35 0 0.079395
35 1 0.079396
35 2 0.079396
35 3 0.079396
35 4 0.079397
35 5 0.079397
35 6 0.079398
35 7 0.079398
35 8 0.079399
35 9 0.079400
35 10 0.079400
35 11 0.079401
35 12 0.079402
35 13 0.079403
35 14 0.079403
35 15 0.079404
35 16 0.079405
35 17 0.079406
35 18 0.079407
35 19 0.079407
35 20 0.079408
35 21 0.079409
35 22 0.079410
35 23 0.079411
35 24 0.079412
35 25 0.079413
35 26 0.079414
35 27 0.079415
35 28 0.079416
35 29 0.079417
35 30 0.079418
35 31 0.079419
35 32 0.079420
35 33 0.079421
35 34 0.079422
35 35 0.079423
35 36 0.079424
35 37 0.079425
35 38 0.079426
35 39 0.079426
35 40 0.079427
35 41 0.079428
35 42 0.079429
35 43 0.079430
35 44 0.079431
35 45 0.079431
35 46 0.079432
35 47 0.079433
35 48 0.079434
35 49 0.079434
35 50 0.079435
35 51 0.079436
35 52 0.079436
35 53 0.079437
35 54 0.079438
35 55 0.079438
35 56 0.079439
35 57 0.079439
35 58 0.079440
35 59 0.079441
35 60 0.079441
35 61 0.079442
35 62 0.079442
35 63 0.079443
35 64 0.079443
35 65 0.079444
35 66 0.079445
35 67 0.079445
35 68 0.079446
35 69 0.079446
35 70 0.079447
35 71 0.079447
35 72 0.079448
35 73 0.079449
35 74 0.079449
35 75 0.079450
35 76 0.079450
35 77 0.079451
35 78 0.079451
35 79 0.079451
35 80 0.079452
35 81 0.079452
35 82 0.079452
35 83 0.079453
35 84 0.079453
35 85 0.079453
35 86 0.079454
35 87 0.079454
35 88 0.079455
35 89 0.079455
35 90 0.079456
35 91 0.079456
35 92 0.079457
35 93 0.079457
35 94 0.079458
35 95 0.079458
35 96 0.079458
35 97 0.079458
35 98 0.079459
35 99 0.079459

36 0 0.079397
36 1 0.079398
36 2 0.079398
36 3 0.079399
36 4 0.079399
36 5 0.079399
36 6 0.079400
36 7 0.079401
36 8 0.079401
36 9 0.079402
36 10 0.079403
36 11 0.079403
36 12 0.079404
36 13 0.079405
36 14 0.079405
36 15 0.079406
36 16 0.079407
36 17 0.079408
36 18 0.079409
36 19 0.079409
36 20 0.079410
36 21 0.079411
36 22 0.079412
36 23 0.079413
36 24 0.079414
36 25 0.079415
36 26 0.079416
36 27 0.079417
36 28 0.079418
36 29 0.079419
36 30 0.079420
36 31 0.079421
36 32 0.079422
36 33 0.079423
36 34 0.079424
36 35 0.079424
36 36 0.079425
36 37 0.079426
36 38 0.079427
36 39 0.079428
36 40 0.079429
36 41 0.079430
36 42 0.079431
36 43 0.079431
36 44 0.079432
36 45 0.079433
36 46 0.079434
36 47 0.079434
36 48 0.079435
36 49 0.079436
36 50 0.079436
36 51 0.079437
36 52 0.079438
36 53 0.079438
36 54 0.079439
36 55 0.079440
36 56 0.079440
36 57 0.079441
36 58 0.079442
36 59 0.079442
36 60 0.079443
36 61 0.079443
36 62 0.079444
36 63 0.079445
36 64 0.079445
36 65 0.079446
36 66 0.079446
36 67 0.079447
36 68 0.079447
36 69 0.079448
36 70 0.079449
36 71 0.079449
36 72 0.079450
36 73 0.079450
36 74 0.079451
36 75 0.079451
36 76 0.079452
36 77 0.079452
36 78 0.079453
36 79 0.079453
36 80 0.079453
36 81 0.079454
36 82 0.079454
36 83 0.079454
36 84 0.079455
36 85 0.079455
36 86 0.079456
36 87 0.079456
36 88 0.079457
36 89 0.079457
36 90 0.079458
36 91 0.079458
36 92 0.079459
36 93 0.079459
36 94 0.079460
36 95 0.079460
36 96 0.079460
36 97 0.079460
36 98 0.079461
36 99 0.079461

37 0 0.079399
37 1 0.079400
37 2 0.079400
37 3 0.079400
37 4 0.079401
37 5 0.079401
37 6 0.079402
37 7 0.079402
37 8 0.079403
37 9 0.079404
37 10 0.079404
37 11 0.079405
37 12 0.079406
37 13 0.079406
37 14 0.079407
37 15 0.079408
37 16 0.079409
37 17 0.079410
37 18 0.079410
37 19 0.079411
37 20 0.079412
37 21 0.079413
37 22 0.079414
37 23 0.079415
37 24 0.079416
37 25 0.079417
37 26 0.079418
37 27 0.079419
37 28 0.079419
37 29 0.079420
37 30 0.079421
37 31 0.079422
37 32 0.079423
37 33 0.079424
37 34 0.079425
37 35 0.079426
37 36 0.079427
37 37 0.079428
37 38 0.079429
37 39 0.079429
37 40 0.079430
37 41 0.079431
37 42 0.079432
37 43 0.079433
37 44 0.079434
37 45 0.079434
37 46 0.079435
37 47 0.079436
37 48 0.079436
37 49 0.079437
37 50 0.079438
37 51 0.079439
37 52 0.079439
37 53 0.079440
37 54 0.079440
37 55 0.079441
37 56 0.079442
37 57 0.079442
37 58 0.079443
37 59 0.079444
37 60 0.079444
37 61 0.079445
37 62 0.079445
37 63 0.079446
37 64 0.079447
37 65 0.079447
37 66 0.079448
37 67 0.079448
37 68 0.079449
37 69 0.079450
37 70 0.079450
37 71 0.079451
37 72 0.079451
37 73 0.079452
37 74 0.079452
37 75 0.079453
37 76 0.079454
37 77 0.079454
37 78 0.079454
37 79 0.079455
37 80 0.079455
37 81 0.079456
37 82 0.079456
37 83 0.079456
37 84 0.079457
37 85 0.079457
37 86 0.079458
37 87 0.079458
37 88 0.079459
37 89 0.079459
37 90 0.079460
37 91 0.079460
37 92 0.079461
37 93 0.079461
37 94 0.079461
37 95 0.079462
37 96 0.079462
37 97 0.079462
37 98 0.079463
37 99 0.079463

38 0 0.079401
38 1 0.079402
38 2 0.079402
38 3 0.079402
38 4 0.079403
38 5 0.079403
38 6 0.079404
38 7 0.079404
38 8 0.079405
38 9 0.079405
38 10 0.079406
38 11 0.079407
38 12 0.079407
38 13 0.079408
38 14 0.079409
38 15 0.079410
38 16 0.079410
38 17 0.079411
38 18 0.079412
38 19 0.079413
38 20 0.079414
38 21 0.079414
38 22 0.079415
38 23 0.079416
38 24 0.079417
38 25 0.079418
38 26 0.079419
38 27 0.079420
38 28 0.079421
38 29 0.079422
38 30 0.079423
38 31 0.079424
38 32 0.079425
38 33 0.079425
38 34 0.079426
38 35 0.079427
38 36 0.079428
38 37 0.079429
38 38 0.079430
38 39 0.079431
38 40 0.079432
38 41 0.079433
38 42 0.079433
38 43 0.079434
38 44 0.079435
38 45 0.079436
38 46 0.079436
38 47 0.079437
38 48 0.079438
38 49 0.079439
38 50 0.079439
38 51 0.079440
38 52 0.079441
38 53 0.079441
38 54 0.079442
38 55 0.079443
38 56 0.079443
38 57 0.079444
38 58 0.079444
38 59 0.079445
38 60 0.079446
38 61 0.079446
38 62 0.079447
38 63 0.079448
38 64 0.079448
38 65 0.079449
38 66 0.079449
38 67 0.079450
38 68 0.079451
38 69 0.079451
38 70 0.079452
38 71 0.079452
38 72 0.079453
38 73 0.079454
38 74 0.079454
38 75 0.079455
38 76 0.079455
38 77 0.079456
38 78 0.079456
38 79 0.079457
38 80 0.079457
38 81 0.079457
38 82 0.079458
38 83 0.079458
38 84 0.079458
38 85 0.079459
38 86 0.079459
38 87 0.079460
38 88 0.079460
38 89 0.079461
38 90 0.079462
38 91 0.079462
38 92 0.079463
38 93 0.079463
38 94 0.079463
38 95 0.079464
38 96 0.079464
38 97 0.079464
38 98 0.079465
38 99 0.079465

39 0 0.079403
39 1 0.079404
39 2 0.079403
39 3 0.079404
39 4 0.079404
39 5 0.079405
39 6 0.079405
39 7 0.079406
39 8 0.079407
39 9 0.079407
39 10 0.079408
39 11 0.079408
39 12 0.079409
39 13 0.079410
39 14 0.079411
39 15 0.079411
39 16 0.079412
39 17 0.079413
39 18 0.079414
39 19 0.079414
39 20 0.079415
39 21 0.079416
39 22 0.079417
39 23 0.079418
39 24 0.079419
39 25 0.079420
39 26 0.079421
39 27 0.079421
39 28 0.079422
39 29 0.079423
39 30 0.079424
39 31 0.079425
39 32 0.079426
39 33 0.079427
39 34 0.079428
39 35 0.079429
39 36 0.079430
39 37 0.079431
39 38 0.079431
39 39 0.079432
39 40 0.079433
39 41 0.079434
39 42 0.079435
39 43 0.079436
39 44 0.079436
39 45 0.079437
39 46 0.079438
39 47 0.079439
39 48 0.079439
39 49 0.079440
39 50 0.079441
39 51 0.079441
39 52 0.079442
39 53 0.079443
39 54 0.079443
39 55 0.079444
39 56 0.079445
39 57 0.079445
39 58 0.079446
39 59 0.079447
39 60 0.079447
39 61 0.079448
39 62 0.079448
39 63 0.079449
39 64 0.079450
39 65 0.079450
39 66 0.079451
39 67 0.079452
39 68 0.079452
39 69 0.079453
39 70 0.079453
39 71 0.079454
39 72 0.079455
39 73 0.079455
39 74 0.079456
39 75 0.079456
39 76 0.079457
39 77 0.079457
39 78 0.079458
39 79 0.079458
39 80 0.079459
39 81 0.079459
39 82 0.079459
39 83 0.079460
39 84 0.079460
39 85 0.079461
39 86 0.079461
39 87 0.079462
39 88 0.079462
39 89 0.079463
39 90 0.079463
39 91 0.079464
39 92 0.079464
39 93 0.079465
39 94 0.079465
39 95 0.079466
39 96 0.079466
39 97 0.079466
39 98 0.079467
39 99 0.079467

40 0 0.079405
40 1 0.079405
40 2 0.079405
40 3 0.079406
40 4 0.079406
40 5 0.079407
40 6 0.079407
40 7 0.079408
40 8 0.079408
40 9 0.079409
40 10 0.079409
40 11 0.079410
40 12 0.079411
40 13 0.079411
40 14 0.079412
40 15 0.079413
40 16 0.079414
40 17 0.079414
40 18 0.079415
40 19 0.079416
40 20 0.079417
40 21 0.079418
40 22 0.079418
40 23 0.079420
40 24 0.079421
40 25 0.079421
40 26 0.079422
40 27 0.079423
40 28 0.079424
40 29 0.079425
40 30 0.079426
40 31 0.079427
40 32 0.079428
40 33 0.079429
40 34 0.079430
40 35 0.079431
40 36 0.079431
40 37 0.079432
40 38 0.079433
40 39 0.079434
40 40 0.079435
40 41 0.079436
40 42 0.079436
40 43 0.079437
40 44 0.079438
40 45 0.079439
40 46 0.079439
40 47 0.079440
40 48 0.079441
40 49 0.079442
40 50 0.079442
40 51 0.079443
40 52 0.079444
40 53 0.079444
40 54 0.079445
40 55 0.079446
40 56 0.079446
40 57 0.079447
40 58 0.079448
40 59 0.079448
40 60 0.079449
40 61 0.079449
40 62 0.079450
40 63 0.079451
40 64 0.079451
40 65 0.079452
40 66 0.079453
40 67 0.079453
40 68 0.079454
40 69 0.079454
40 70 0.079455
40 71 0.079456
40 72 0.079456
40 73 0.079457
40 74 0.079457
40 75 0.079458
40 76 0.079459
40 77 0.079459
40 78 0.079460
40 79 0.079460
40 80 0.079460
40 81 0.079461
40 82 0.079461
40 83 0.079462
40 84 0.079462
40 85 0.079462
40 86 0.079463
40 87 0.079464
40 88 0.079464
40 89 0.079465
40 90 0.079465
40 91 0.079466
40 92 0.079466
40 93 0.079467
40 94 0.079467
40 95 0.079467
40 96 0.079468
40 97 0.079468
40 98 0.079469
40 99 0.079469

41 0 0.079407
41 1 0.079407
41 2 0.079407
41 3 0.079408
41 4 0.079408
41 5 0.079409
41 6 0.079409
41 7 0.079410
41 8 0.079410
41 9 0.079411
41 10 0.079411
41 11 0.079412
41 12 0.079413
41 13 0.079413
41 14 0.079414
41 15 0.079415
41 16 0.079416
41 17 0.079416
41 18 0.079417
41 19 0.079418
41 20 0.079419
41 21 0.079420
41 22 0.079420
41 23 0.079421
41 24 0.079422
41 25 0.079423
41 26 0.079424
41 27 0.079425
41 28 0.079426
41 29 0.079427
41 30 0.079428
41 31 0.079429
41 32 0.079429
41 33 0.079430
41 34 0.079431
41 35 0.079432
41 36 0.079433
41 37 0.079434
41 38 0.079435
41 39 0.079436
41 40 0.079436
41 41 0.079437
41 42 0.079438
41 43 0.079439
41 44 0.079440
41 45 0.079440
41 46 0.079441
41 47 0.079442
41 48 0.079442
41 49 0.079443
41 50 0.079444
41 51 0.079445
41 52 0.079445
41 53 0.079446
41 54 0.079447
41 55 0.079447
41 56 0.079448
41 57 0.079448
41 58 0.079449
41 59 0.079450
41 60 0.079450
41 61 0.079451
41 62 0.079452
41 63 0.079452
41 64 0.079453
41 65 0.079453
41 66 0.079454
41 67 0.079455
41 68 0.079455
41 69 0.079456
41 70 0.079457
41 71 0.079457
41 72 0.079458
41 73 0.079459
41 74 0.079459
41 75 0.079460
41 76 0.079460
41 77 0.079461
41 78 0.079461
41 79 0.079462
41 80 0.079462
41 81 0.079462
41 82 0.079463
41 83 0.079463
41 84 0.079464
41 85 0.079464
41 86 0.079465
41 87 0.079465
41 88 0.079466
41 89 0.079466
41 90 0.079467
41 91 0.079468
41 92 0.079468
41 93 0.079468
41 94 0.079469
41 95 0.079469
41 96 0.079470
41 97 0.079470
41 98 0.079470
41 99 0.079470

42 0 0.079408
42 1 0.079409
42 2 0.079409
42 3 0.079410
42 4 0.079410
42 5 0.079410
42 6 0.079411
42 7 0.079411
42 8 0.079412
42 9 0.079413
42 10 0.079413
42 11 0.079414
42 12 0.079415
42 13 0.079415
42 14 0.079416
42 15 0.079417
42 16 0.079417
42 17 0.079418
42 18 0.079419
42 19 0.079420
42 20 0.079420
42 21 0.079421
42 22 0.079422
42 23 0.079423
42 24 0.079424
42 25 0.079425
42 26 0.079425
42 27 0.079426
42 28 0.079427
42 29 0.079428
42 30 0.079429
42 31 0.079430
42 32 0.079431
42 33 0.079432
42 34 0.079433
42 35 0.079434
42 36 0.079434
42 37 0.079435
42 38 0.079436
42 39 0.079437
42 40 0.079438
42 41 0.079439
42 42 0.079439
42 43 0.079440
42 44 0.079441
42 45 0.079442
42 46 0.079442
42 47 0.079443
42 48 0.079444
42 49 0.079444
42 50 0.079445
42 51 0.079446
42 52 0.079447
42 53 0.079447
42 54 0.079448
42 55 0.079448
42 56 0.079449
42 57 0.079450
42 58 0.079450
42 59 0.079451
42 60 0.079452
42 61 0.079452
42 62 0.079453
42 63 0.079454
42 64 0.079454
42 65 0.079455
42 66 0.079456
42 67 0.079456
42 68 0.079457
42 69 0.079458
42 70 0.079458
42 71 0.079459
42 72 0.079459
42 73 0.079460
42 74 0.079461
42 75 0.079461
42 76 0.079462
42 77 0.079462
42 78 0.079463
42 79 0.079463
42 80 0.079464
42 81 0.079464
42 82 0.079464
42 83 0.079465
42 84 0.079465
42 85 0.079466
42 86 0.079466
42 87 0.079467
42 88 0.079468
42 89 0.079468
42 90 0.079469
42 91 0.079469
42 92 0.079470
42 93 0.079470
42 94 0.079471
42 95 0.079471
42 96 0.079472
42 97 0.079472
42 98 0.079472
42 99 0.079472

43 0 0.079410
43 1 0.079411
43 2 0.079411
43 3 0.079411
43 4 0.079411
43 5 0.079412
43 6 0.079412
43 7 0.079413
43 8 0.079414
43 9 0.079414
43 10 0.079415
43 11 0.079415
43 12 0.079416
43 13 0.079417
43 14 0.079417
43 15 0.079418
43 16 0.079419
43 17 0.079420
43 18 0.079420
43 19 0.079421
43 20 0.079422
43 21 0.079423
43 22 0.079423
43 23 0.079424
43 24 0.079425
43 25 0.079426
43 26 0.079427
43 27 0.079428
43 28 0.079429
43 29 0.079430
43 30 0.079431
43 31 0.079431
43 32 0.079432
43 33 0.079433
43 34 0.079434
43 35 0.079435
43 36 0.079436
43 37 0.079437
43 38 0.079438
43 39 0.079438
43 40 0.079439
43 41 0.079440
43 42 0.079441
43 43 0.079442
43 44 0.079442
43 45 0.079443
43 46 0.079444
43 47 0.079445
43 48 0.079445
43 49 0.079446
43 50 0.079447
43 51 0.079447
43 52 0.079448
43 53 0.079449
43 54 0.079449
43 55 0.079450
43 56 0.079451
43 57 0.079451
43 58 0.079452
43 59 0.079453
43 60 0.079453
43 61 0.079454
43 62 0.079455
43 63 0.079455
43 64 0.079456
43 65 0.079456
43 66 0.079457
43 67 0.079458
43 68 0.079458
43 69 0.079459
43 70 0.079460
43 71 0.079460
43 72 0.079461
43 73 0.079462
43 74 0.079462
43 75 0.079463
43 76 0.079463
43 77 0.079464
43 78 0.079464
43 79 0.079465
43 80 0.079465
43 81 0.079466
43 82 0.079466
43 83 0.079467
43 84 0.079467
43 85 0.079468
43 86 0.079468
43 87 0.079469
43 88 0.079469
43 89 0.079470
43 90 0.079470
43 91 0.079471
43 92 0.079471
43 93 0.079472
43 94 0.079472
43 95 0.079473
43 96 0.079473
43 97 0.079473
43 98 0.079474
43 99 0.079474

44 0 0.079412
44 1 0.079412
44 2 0.079412
44 3 0.079413
44 4 0.079413
44 5 0.079414
44 6 0.079414
44 7 0.079415
44 8 0.079415
44 9 0.079416
44 10 0.079416
44 11 0.079417
44 12 0.079418
44 13 0.079418
44 14 0.079419
44 15 0.079420
44 16 0.079421
44 17 0.079421
44 18 0.079422
44 19 0.079423
44 20 0.079424
44 21 0.079424
44 22 0.079425
44 23 0.079426
44 24 0.079427
44 25 0.079428
44 26 0.079429
44 27 0.079429
44 28 0.079430
44 29 0.079431
44 30 0.079432
44 31 0.079433
44 32 0.079434
44 33 0.079435
44 34 0.079436
44 35 0.079436
44 36 0.079437
44 37 0.079438
44 38 0.079439
44 39 0.079440
44 40 0.079441
44 41 0.079441
44 42 0.079442
44 43 0.079443
44 44 0.079444
44 45 0.079444
44 46 0.079445
44 47 0.079446
44 48 0.079447
44 49 0.079447
44 50 0.079448
44 51 0.079449
44 52 0.079449
44 53 0.079450
44 54 0.079451
44 55 0.079451
44 56 0.079452
44 57 0.079453
44 58 0.079453
44 59 0.079454
44 60 0.079455
44 61 0.079455
44 62 0.079456
44 63 0.079457
44 64 0.079457
44 65 0.079458
44 66 0.079459
44 67 0.079459
44 68 0.079460
44 69 0.079461
44 70 0.079461
44 71 0.079462
44 72 0.079463
44 73 0.079463
44 74 0.079464
44 75 0.079464
44 76 0.079465
44 77 0.079465
44 78 0.079466
44 79 0.079466
44 80 0.079467
44 81 0.079467
44 82 0.079468
44 83 0.079468
44 84 0.079469
44 85 0.079469
44 86 0.079470
44 87 0.079470
44 88 0.079471
44 89 0.079472
44 90 0.079472
44 91 0.079473
44 92 0.079473
44 93 0.079474
44 94 0.079474
44 95 0.079474
44 96 0.079475
44 97 0.079475
44 98 0.079476
44 99 0.079476

45 0 0.079414
45 1 0.079414
45 2 0.079414
45 3 0.079415
45 4 0.079415
45 5 0.079415
45 6 0.079416
45 7 0.079416
45 8 0.079417
45 9 0.079417
45 10 0.079418
45 11 0.079419
45 12 0.079419
45 13 0.079420
45 14 0.079420
45 15 0.079421
45 16 0.079422
45 17 0.079423
45 18 0.079423
45 19 0.079424
45 20 0.079425
45 21 0.079426
45 22 0.079426
45 23 0.079427
45 24 0.079428
45 25 0.079429
45 26 0.079430
45 27 0.079431
45 28 0.079432
45 29 0.079432
45 30 0.079433
45 31 0.079434
45 32 0.079435
45 33 0.079436
45 34 0.079437
45 35 0.079438
45 36 0.079439
45 37 0.079439
45 38 0.079440
45 39 0.079441
45 40 0.079442
45 41 0.079443
45 42 0.079443
45 43 0.079444
45 44 0.079445
45 45 0.079446
45 46 0.079446
45 47 0.079447
45 48 0.079448
45 49 0.079449
45 50 0.079449
45 51 0.079450
45 52 0.079451
45 53 0.079451
45 54 0.079452
45 55 0.079453
45 56 0.079453
45 57 0.079454
45 58 0.079455
45 59 0.079455
45 60 0.079456
45 61 0.079457
45 62 0.079457
45 63 0.079458
45 64 0.079459
45 65 0.079459
45 66 0.079460
45 67 0.079461
45 68 0.079461
45 69 0.079462
45 70 0.079463
45 71 0.079463
45 72 0.079464
45 73 0.079465
45 74 0.079465
45 75 0.079466
45 76 0.079467
45 77 0.079467
45 78 0.079468
45 79 0.079468
45 80 0.079469
45 81 0.079469
45 82 0.079469
45 83 0.079470
45 84 0.079470
45 85 0.079471
45 86 0.079471
45 87 0.079472
45 88 0.079473
45 89 0.079473
45 90 0.079474
45 91 0.079474
45 92 0.079475
45 93 0.079475
45 94 0.079476
45 95 0.079476
45 96 0.079477
45 97 0.079477
45 98 0.079477
45 99 0.079477

46 0 0.079415
46 1 0.079415
46 2 0.079415
46 3 0.079416
46 4 0.079416
46 5 0.079417
46 6 0.079417
46 7 0.079418
46 8 0.079418
46 9 0.079419
46 10 0.079419
46 11 0.079420
46 12 0.079421
46 13 0.079421
46 14 0.079422
46 15 0.079423
46 16 0.079423
46 17 0.079424
46 18 0.079425
46 19 0.079426
46 20 0.079426
46 21 0.079427
46 22 0.079428
46 23 0.079429
46 24 0.079430
46 25 0.079430
46 26 0.079431
46 27 0.079432
46 28 0.079433
46 29 0.079434
46 30 0.079435
46 31 0.079436
46 32 0.079437
46 33 0.079437
46 34 0.079438
46 35 0.079439
46 36 0.079440
46 37 0.079441
46 38 0.079442
46 39 0.079442
46 40 0.079443
46 41 0.079444
46 42 0.079445
46 43 0.079446
46 44 0.079446
46 45 0.079447
46 46 0.079448
46 47 0.079449
46 48 0.079449
46 49 0.079450
46 50 0.079451
46 51 0.079451
46 52 0.079452
46 53 0.079453
46 54 0.079454
46 55 0.079454
46 56 0.079455
46 57 0.079456
46 58 0.079456
46 59 0.079457
46 60 0.079458
46 61 0.079458
46 62 0.079459
46 63 0.079460
46 64 0.079460
46 65 0.079461
46 66 0.079462
46 67 0.079462
46 68 0.079463
46 69 0.079464
46 70 0.079464
46 71 0.079465
46 72 0.079466
46 73 0.079466
46 74 0.079467
46 75 0.079468
46 76 0.079468
46 77 0.079469
46 78 0.079469
46 79 0.079470
46 80 0.079470
46 81 0.079471
46 82 0.079471
46 83 0.079472
46 84 0.079472
46 85 0.079473
46 86 0.079473
46 87 0.079474
46 88 0.079474
46 89 0.079475
46 90 0.079475
46 91 0.079476
46 92 0.079476
46 93 0.079477
46 94 0.079477
46 95 0.079478
46 96 0.079478
46 97 0.079478
46 98 0.079479
46 99 0.079479

47 0 0.079417
47 1 0.079417
47 2 0.079417
47 3 0.079418
47 4 0.079418
47 5 0.079418
47 6 0.079419
47 7 0.079419
47 8 0.079420
47 9 0.079420
47 10 0.079421
47 11 0.079422
47 12 0.079422
47 13 0.079423
47 14 0.079423
47 15 0.079424
47 16 0.079425
47 17 0.079426
47 18 0.079426
47 19 0.079427
47 20 0.079428
47 21 0.079429
47 22 0.079429
47 23 0.079430
47 24 0.079431
47 25 0.079432
47 26 0.079433
47 27 0.079434
47 28 0.079434
47 29 0.079435
47 30 0.079436
47 31 0.079437
47 32 0.079438
47 33 0.079439
47 34 0.079440
47 35 0.079440
47 36 0.079441
47 37 0.079442
47 38 0.079443
47 39 0.079444
47 40 0.079445
47 41 0.079445
47 42 0.079446
47 43 0.079447
47 44 0.079448
47 45 0.079449
47 46 0.079449
47 47 0.079450
47 48 0.079451
47 49 0.079451
47 50 0.079452
47 51 0.079453
47 52 0.079454
47 53 0.079454
47 54 0.079455
47 55 0.079456
47 56 0.079456
47 57 0.079457
47 58 0.079458
47 59 0.079458
47 60 0.079459
47 61 0.079460
47 62 0.079460
47 63 0.079461
47 64 0.079462
47 65 0.079462
47 66 0.079463
47 67 0.079464
47 68 0.079465
47 69 0.079465
47 70 0.079466
47 71 0.079467
47 72 0.079467
47 73 0.079468
47 74 0.079469
47 75 0.079469
47 76 0.079470
47 77 0.079470
47 78 0.079471
47 79 0.079471
47 80 0.079472
47 81 0.079472
47 82 0.079473
47 83 0.079473
47 84 0.079474
47 85 0.079474
47 86 0.079475
47 87 0.079475
47 88 0.079476
47 89 0.079476
47 90 0.079477
47 91 0.079478
47 92 0.079478
47 93 0.079479
47 94 0.079479
47 95 0.079479
47 96 0.079480
47 97 0.079480
47 98 0.079480
47 99 0.079480

48 0 0.079418
48 1 0.079418
48 2 0.079419
48 3 0.079419
48 4 0.079419
48 5 0.079420
48 6 0.079420
48 7 0.079421
48 8 0.079421
48 9 0.079422
48 10 0.079423
48 11 0.079423
48 12 0.079424
48 13 0.079424
48 14 0.079425
48 15 0.079426
48 16 0.079426
48 17 0.079427
48 18 0.079428
48 19 0.079428
48 20 0.079429
48 21 0.079430
48 22 0.079431
48 23 0.079432
48 24 0.079432
48 25 0.079433
48 26 0.079434
48 27 0.079435
48 28 0.079436
48 29 0.079437
48 30 0.079438
48 31 0.079438
48 32 0.079439
48 33 0.079440
48 34 0.079441
48 35 0.079442
48 36 0.079443
48 37 0.079444
48 38 0.079444
48 39 0.079445
48 40 0.079446
48 41 0.079447
48 42 0.079448
48 43 0.079448
48 44 0.079449
48 45 0.079450
48 46 0.079451
48 47 0.079451
48 48 0.079452
48 49 0.079453
48 50 0.079454
48 51 0.079454
48 52 0.079455
48 53 0.079456
48 54 0.079456
48 55 0.079457
48 56 0.079458
48 57 0.079458
48 58 0.079459
48 59 0.079460
48 60 0.079461
48 61 0.079461
48 62 0.079462
48 63 0.079463
48 64 0.079463
48 65 0.079464
48 66 0.079465
48 67 0.079465
48 68 0.079466
48 69 0.079467
48 70 0.079467
48 71 0.079468
48 72 0.079469
48 73 0.079469
48 74 0.079470
48 75 0.079471
48 76 0.079471
48 77 0.079472
48 78 0.079472
48 79 0.079473
48 80 0.079473
48 81 0.079474
48 82 0.079474
48 83 0.079475
48 84 0.079475
48 85 0.079476
48 86 0.079476
48 87 0.079477
48 88 0.079478
48 89 0.079478
48 90 0.079479
48 91 0.079479
48 92 0.079480
48 93 0.079480
48 94 0.079481
48 95 0.079481
48 96 0.079481
48 97 0.079482
48 98 0.079482
48 99 0.079482

49 0 0.079420
49 1 0.079420
49 2 0.079420
49 3 0.079421
49 4 0.079421
49 5 0.079421
49 6 0.079422
49 7 0.079422
49 8 0.079423
49 9 0.079424
49 10 0.079424
49 11 0.079425
49 12 0.079425
49 13 0.079426
49 14 0.079427
49 15 0.079427
49 16 0.079428
49 17 0.079429
49 18 0.079429
49 19 0.079430
49 20 0.079431
49 21 0.079432
49 22 0.079432
49 23 0.079433
49 24 0.079434
49 25 0.079435
49 26 0.079436
49 27 0.079436
49 28 0.079437
49 29 0.079438
49 30 0.079439
49 31 0.079440
49 32 0.079441
49 33 0.079442
49 34 0.079443
49 35 0.079443
49 36 0.079444
49 37 0.079445
49 38 0.079446
49 39 0.079447
49 40 0.079448
49 41 0.079448
49 42 0.079449
49 43 0.079450
49 44 0.079451
49 45 0.079451
49 46 0.079452
49 47 0.079453
49 48 0.079454
49 49 0.079454
49 50 0.079455
49 51 0.079456
49 52 0.079456
49 53 0.079457
49 54 0.079458
49 55 0.079459
49 56 0.079459
49 57 0.079460
49 58 0.079461
49 59 0.079461
49 60 0.079462
49 61 0.079463
49 62 0.079463
49 63 0.079464
49 64 0.079465
49 65 0.079465
49 66 0.079466
49 67 0.079467
49 68 0.079467
49 69 0.079468
49 70 0.079469
49 71 0.079470
49 72 0.079470
49 73 0.079471
49 74 0.079472
49 75 0.079472
49 76 0.079473
49 77 0.079473
49 78 0.079474
49 79 0.079474
49 80 0.079475
49 81 0.079475
49 82 0.079476
49 83 0.079476
49 84 0.079477
49 85 0.079477
49 86 0.079478
49 87 0.079478
49 88 0.079479
49 89 0.079480
49 90 0.079480
49 91 0.079481
49 92 0.079481
49 93 0.079482
49 94 0.079482
49 95 0.079482
49 96 0.079483
49 97 0.079483
49 98 0.079483
49 99 0.079484

50 0 0.079421
50 1 0.079422
50 2 0.079422
50 3 0.079422
50 4 0.079422
50 5 0.079423
50 6 0.079423
50 7 0.079424
50 8 0.079424
50 9 0.079425
50 10 0.079426
50 11 0.079426
50 12 0.079427
50 13 0.079427
50 14 0.079428
50 15 0.079429
50 16 0.079429
50 17 0.079430
50 18 0.079431
50 19 0.079431
50 20 0.079432
50 21 0.079433
50 22 0.079434
50 23 0.079434
50 24 0.079435
50 25 0.079436
50 26 0.079437
50 27 0.079438
50 28 0.079439
50 29 0.079439
50 30 0.079440
50 31 0.079441
50 32 0.079442
50 33 0.079443
50 34 0.079444
50 35 0.079445
50 36 0.079445
50 37 0.079446
50 38 0.079447
50 39 0.079448
50 40 0.079449
50 41 0.079450
50 42 0.079450
50 43 0.079451
50 44 0.079452
50 45 0.079453
50 46 0.079453
50 47 0.079454
50 48 0.079455
50 49 0.079456
50 50 0.079456
50 51 0.079457
50 52 0.079458
50 53 0.079459
50 54 0.079459
50 55 0.079460
50 56 0.079461
50 57 0.079461
50 58 0.079462
50 59 0.079463
50 60 0.079463
50 61 0.079464
50 62 0.079465
50 63 0.079465
50 64 0.079466
50 65 0.079467
50 66 0.079468
50 67 0.079468
50 68 0.079469
50 69 0.079470
50 70 0.079470
50 71 0.079471
50 72 0.079472
50 73 0.079472
50 74 0.079473
50 75 0.079474
50 76 0.079474
50 77 0.079475
50 78 0.079475
50 79 0.079476
50 80 0.079476
50 81 0.079477
50 82 0.079477
50 83 0.079478
50 84 0.079478
50 85 0.079479
50 86 0.079479
50 87 0.079480
50 88 0.079481
50 89 0.079481
50 90 0.079482
50 91 0.079482
50 92 0.079483
50 93 0.079483
50 94 0.079484
50 95 0.079484
50 96 0.079484
50 97 0.079485
50 98 0.079485
50 99 0.079485

51 0 0.079423
51 1 0.079423
51 2 0.079423
51 3 0.079424
51 4 0.079424
51 5 0.079424
51 6 0.079425
51 7 0.079425
51 8 0.079426
51 9 0.079426
51 10 0.079427
51 11 0.079428
51 12 0.079428
51 13 0.079429
51 14 0.079430
51 15 0.079430
51 16 0.079431
51 17 0.079432
51 18 0.079432
51 19 0.079433
51 20 0.079434
51 21 0.079434
51 22 0.079435
51 23 0.079436
51 24 0.079437
51 25 0.079438
51 26 0.079438
51 27 0.079439
51 28 0.079440
51 29 0.079441
51 30 0.079442
51 31 0.079443
51 32 0.079444
51 33 0.079444
51 34 0.079445
51 35 0.079446
51 36 0.079447
51 37 0.079448
51 38 0.079449
51 39 0.079449
51 40 0.079450
51 41 0.079451
51 42 0.079452
51 43 0.079453
51 44 0.079453
51 45 0.079454
51 46 0.079455
51 47 0.079456
51 48 0.079456
51 49 0.079457
51 50 0.079458
51 51 0.079459
51 52 0.079459
51 53 0.079460
51 54 0.079461
51 55 0.079461
51 56 0.079462
51 57 0.079463
51 58 0.079463
51 59 0.079464
51 60 0.079465
51 61 0.079466
51 62 0.079466
51 63 0.079467
51 64 0.079468
51 65 0.079468
51 66 0.079469
51 67 0.079470
51 68 0.079470
51 69 0.079471
51 70 0.079472
51 71 0.079472
51 72 0.079473
51 73 0.079474
51 74 0.079474
51 75 0.079475
51 76 0.079476
51 77 0.079476
51 78 0.079477
51 79 0.079477
51 80 0.079478
51 81 0.079478
51 82 0.079479
51 83 0.079479
51 84 0.079480
51 85 0.079480
51 86 0.079481
51 87 0.079481
51 88 0.079482
51 89 0.079483
51 90 0.079483
51 91 0.079484
51 92 0.079484
51 93 0.079485
51 94 0.079485
51 95 0.079485
51 96 0.079486
51 97 0.079486
51 98 0.079486
51 99 0.079486

52 0 0.079424
52 1 0.079424
52 2 0.079425
52 3 0.079425
52 4 0.079425
52 5 0.079426
52 6 0.079426
52 7 0.079427
52 8 0.079427
52 9 0.079428
52 10 0.079428
52 11 0.079429
52 12 0.079430
52 13 0.079430
52 14 0.079431
52 15 0.079432
52 16 0.079432
52 17 0.079433
52 18 0.079434
52 19 0.079434
52 20 0.079435
52 21 0.079436
52 22 0.079437
52 23 0.079437
52 24 0.079438
52 25 0.079439
52 26 0.079440
52 27 0.079441
52 28 0.079441
52 29 0.079442
52 30 0.079443
52 31 0.079444
52 32 0.079445
52 33 0.079446
52 34 0.079447
52 35 0.079447
52 36 0.079448
52 37 0.079449
52 38 0.079450
52 39 0.079451
52 40 0.079452
52 41 0.079452
52 42 0.079453
52 43 0.079454
52 44 0.079455
52 45 0.079456
52 46 0.079456
52 47 0.079457
52 48 0.079458
52 49 0.079458
52 50 0.079459
52 51 0.079460
52 52 0.079461
52 53 0.079461
52 54 0.079462
52 55 0.079463
52 56 0.079463
52 57 0.079464
52 58 0.079465
52 59 0.079466
52 60 0.079466
52 61 0.079467
52 62 0.079468
52 63 0.079468
52 64 0.079469
52 65 0.079470
52 66 0.079470
52 67 0.079471
52 68 0.079472
52 69 0.079473
52 70 0.079473
52 71 0.079474
52 72 0.079475
52 73 0.079475
52 74 0.079476
52 75 0.079477
52 76 0.079477
52 77 0.079478
52 78 0.079478
52 79 0.079479
52 80 0.079479
52 81 0.079480
52 82 0.079480
52 83 0.079481
52 84 0.079481
52 85 0.079482
52 86 0.079482
52 87 0.079483
52 88 0.079483
52 89 0.079484
52 90 0.079485
52 91 0.079485
52 92 0.079486
52 93 0.079486
52 94 0.079486
52 95 0.079487
52 96 0.079487
52 97 0.079487
52 98 0.079488
52 99 0.079488

53 0 0.079426
53 1 0.079426
53 2 0.079426
53 3 0.079426
53 4 0.079427
53 5 0.079427
53 6 0.079428
53 7 0.079428
53 8 0.079429
53 9 0.079429
53 10 0.079430
53 11 0.079430
53 12 0.079431
53 13 0.079432
53 14 0.079432
53 15 0.079433
53 16 0.079434
53 17 0.079434
53 18 0.079435
53 19 0.079436
53 20 0.079436
53 21 0.079437
53 22 0.079438
53 23 0.079439
53 24 0.079439
53 25 0.079440
53 26 0.079441
53 27 0.079442
53 28 0.079443
53 29 0.079444
53 30 0.079444
53 31 0.079445
53 32 0.079446
53 33 0.079447
53 34 0.079448
53 35 0.079449
53 36 0.079450
53 37 0.079450
53 38 0.079451
53 39 0.079452
53 40 0.079453
53 41 0.079454
53 42 0.079454
53 43 0.079455
53 44 0.079456
53 45 0.079457
53 46 0.079458
53 47 0.079458
53 48 0.079459
53 49 0.079460
53 50 0.079461
53 51 0.079461
53 52 0.079462
53 53 0.079463
53 54 0.079463
53 55 0.079464
53 56 0.079465
53 57 0.079465
53 58 0.079466
53 59 0.079467
53 60 0.079468
53 61 0.079468
53 62 0.079469
53 63 0.079470
53 64 0.079470
53 65 0.079471
53 66 0.079472
53 67 0.079472
53 68 0.079473
53 69 0.079474
53 70 0.079475
53 71 0.079475
53 72 0.079476
53 73 0.079477
53 74 0.079477
53 75 0.079478
53 76 0.079479
53 77 0.079479
53 78 0.079480
53 79 0.079480
53 80 0.079481
53 81 0.079481
53 82 0.079482
53 83 0.079482
53 84 0.079483
53 85 0.079483
53 86 0.079484
53 87 0.079484
53 88 0.079485
53 89 0.079485
53 90 0.079486
53 91 0.079486
53 92 0.079487
53 93 0.079487
53 94 0.079488
53 95 0.079488
53 96 0.079488
53 97 0.079489
53 98 0.079489
53 99 0.079489

54 0 0.079427
54 1 0.079427
54 2 0.079427
54 3 0.079428
54 4 0.079428
54 5 0.079429
54 6 0.079429
54 7 0.079430
54 8 0.079430
54 9 0.079431
54 10 0.079431
54 11 0.079432
54 12 0.079432
54 13 0.079433
54 14 0.079434
54 15 0.079434
54 16 0.079435
54 17 0.079436
54 18 0.079436
54 19 0.079437
54 20 0.079438
54 21 0.079439
54 22 0.079439
54 23 0.079440
54 24 0.079441
54 25 0.079442
54 26 0.079443
54 27 0.079443
54 28 0.079444
54 29 0.079445
54 30 0.079446
54 31 0.079447
54 32 0.079448
54 33 0.079448
54 34 0.079449
54 35 0.079450
54 36 0.079451
54 37 0.079452
54 38 0.079453
54 39 0.079454
54 40 0.079454
54 41 0.079455
54 42 0.079456
54 43 0.079457
54 44 0.079458
54 45 0.079458
54 46 0.079459
54 47 0.079460
54 48 0.079461
54 49 0.079461
54 50 0.079462
54 51 0.079463
54 52 0.079463
54 53 0.079464
54 54 0.079465
54 55 0.079466
54 56 0.079466
54 57 0.079467
54 58 0.079468
54 59 0.079468
54 60 0.079469
54 61 0.079470
54 62 0.079470
54 63 0.079471
54 64 0.079472
54 65 0.079473
54 66 0.079473
54 67 0.079474
54 68 0.079475
54 69 0.079475
54 70 0.079476
54 71 0.079477
54 72 0.079477
54 73 0.079478
54 74 0.079479
54 75 0.079479
54 76 0.079480
54 77 0.079481
54 78 0.079481
54 79 0.079482
54 80 0.079482
54 81 0.079483
54 82 0.079483
54 83 0.079484
54 84 0.079484
54 85 0.079485
54 86 0.079485
54 87 0.079486
54 88 0.079486
54 89 0.079487
54 90 0.079487
54 91 0.079488
54 92 0.079488
54 93 0.079489
54 94 0.079489
54 95 0.079490
54 96 0.079490
54 97 0.079490
54 98 0.079490
54 99 0.079491

55 0 0.079428
55 1 0.079428
55 2 0.079429
55 3 0.079429
55 4 0.079429
55 5 0.079430
55 6 0.079430
55 7 0.079431
55 8 0.079431
55 9 0.079432
55 10 0.079433
55 11 0.079433
55 12 0.079434
55 13 0.079434
55 14 0.079435
55 15 0.079436
55 16 0.079436
55 17 0.079437
55 18 0.079438
55 19 0.079438
55 20 0.079439
55 21 0.079440
55 22 0.079440
55 23 0.079441
55 24 0.079442
55 25 0.079443
55 26 0.079444
55 27 0.079444
55 28 0.079445
55 29 0.079446
55 30 0.079447
55 31 0.079448
55 32 0.079449
55 33 0.079450
55 34 0.079451
55 35 0.079451
55 36 0.079452
55 37 0.079453
55 38 0.079454
55 39 0.079455
55 40 0.079456
55 41 0.079456
55 42 0.079457
55 43 0.079458
55 44 0.079459
55 45 0.079460
55 46 0.079460
55 47 0.079461
55 48 0.079462
55 49 0.079463
55 50 0.079463
55 51 0.079464
55 52 0.079465
55 53 0.079465
55 54 0.079466
55 55 0.079467
55 56 0.079468
55 57 0.079468
55 58 0.079469
55 59 0.079470
55 60 0.079470
55 61 0.079471
55 62 0.079472
55 63 0.079473
55 64 0.079473
55 65 0.079474
55 66 0.079475
55 67 0.079475
55 68 0.079476
55 69 0.079477
55 70 0.079478
55 71 0.079478
55 72 0.079479
55 73 0.079480
55 74 0.079480
55 75 0.079481
55 76 0.079482
55 77 0.079482
55 78 0.079483
55 79 0.079483
55 80 0.079484
55 81 0.079484
55 82 0.079485
55 83 0.079485
55 84 0.079486
55 85 0.079486
55 86 0.079487
55 87 0.079487
55 88 0.079488
55 89 0.079488
55 90 0.079489
55 91 0.079489
55 92 0.079490
55 93 0.079490
55 94 0.079491
55 95 0.079491
55 96 0.079491
55 97 0.079492
55 98 0.079492
55 99 0.079492

56 0 0.079430
56 1 0.079430
56 2 0.079430
56 3 0.079430
56 4 0.079431
56 5 0.079431
56 6 0.079432
56 7 0.079432
56 8 0.079433
56 9 0.079433
56 10 0.079434
56 11 0.079434
56 12 0.079435
56 13 0.079436
56 14 0.079436
56 15 0.079437
56 16 0.079438
56 17 0.079438
56 18 0.079439
56 19 0.079440
56 20 0.079440
56 21 0.079441
56 22 0.079442
56 23 0.079443
56 24 0.079443
56 25 0.079444
56 26 0.079445
56 27 0.079446
56 28 0.079447
56 29 0.079448
56 30 0.079448
56 31 0.079449
56 32 0.079450
56 33 0.079451
56 34 0.079452
56 35 0.079453
56 36 0.079454
56 37 0.079455
56 38 0.079455
56 39 0.079456
56 40 0.079457
56 41 0.079458
56 42 0.079459
56 43 0.079459
56 44 0.079460
56 45 0.079461
56 46 0.079462
56 47 0.079463
56 48 0.079463
56 49 0.079464
56 50 0.079465
56 51 0.079466
56 52 0.079466
56 53 0.079467
56 54 0.079468
56 55 0.079468
56 56 0.079469
56 57 0.079470
56 58 0.079471
56 59 0.079471
56 60 0.079472
56 61 0.079473
56 62 0.079473
56 63 0.079474
56 64 0.079475
56 65 0.079476
56 66 0.079476
56 67 0.079477
56 68 0.079478
56 69 0.079478
56 70 0.079479
56 71 0.079480
56 72 0.079480
56 73 0.079481
56 74 0.079482
56 75 0.079482
56 76 0.079483
56 77 0.079484
56 78 0.079484
56 79 0.079485
56 80 0.079485
56 81 0.079486
56 82 0.079486
56 83 0.079487
56 84 0.079487
56 85 0.079488
56 86 0.079488
56 87 0.079489
56 88 0.079489
56 89 0.079490
56 90 0.079490
56 91 0.079491
56 92 0.079491
56 93 0.079492
56 94 0.079492
56 95 0.079492
56 96 0.079493
56 97 0.079493
56 98 0.079493
56 99 0.079493

57 0 0.079431
57 1 0.079431
57 2 0.079432
57 3 0.079432
57 4 0.079432
57 5 0.079433
57 6 0.079433
57 7 0.079434
57 8 0.079434
57 9 0.079435
57 10 0.079435
57 11 0.079436
57 12 0.079436
57 13 0.079437
57 14 0.079438
57 15 0.079438
57 16 0.079439
57 17 0.079440
57 18 0.079440
57 19 0.079441
57 20 0.079442
57 21 0.079442
57 22 0.079443
57 23 0.079444
57 24 0.079445
57 25 0.079445
57 26 0.079446
57 27 0.079447
57 28 0.079448
57 29 0.079449
57 30 0.079450
57 31 0.079451
57 32 0.079451
57 33 0.079452
57 34 0.079453
57 35 0.079454
57 36 0.079455
57 37 0.079456
57 38 0.079457
57 39 0.079457
57 40 0.079458
57 41 0.079459
57 42 0.079460
57 43 0.079461
57 44 0.079462
57 45 0.079462
57 46 0.079463
57 47 0.079464
57 48 0.079465
57 49 0.079465
57 50 0.079466
57 51 0.079467
57 52 0.079468
57 53 0.079468
57 54 0.079469
57 55 0.079470
57 56 0.079470
57 57 0.079471
57 58 0.079472
57 59 0.079473
57 60 0.079473
57 61 0.079474
57 62 0.079475
57 63 0.079475
57 64 0.079476
57 65 0.079477
57 66 0.079478
57 67 0.079478
57 68 0.079479
57 69 0.079480
57 70 0.079480
57 71 0.079481
57 72 0.079482
57 73 0.079483
57 74 0.079483
57 75 0.079484
57 76 0.079484
57 77 0.079485
57 78 0.079486
57 79 0.079486
57 80 0.079487
57 81 0.079487
57 82 0.079488
57 83 0.079488
57 84 0.079489
57 85 0.079489
57 86 0.079490
57 87 0.079490
57 88 0.079491
57 89 0.079491
57 90 0.079492
57 91 0.079492
57 92 0.079493
57 93 0.079493
57 94 0.079493
57 95 0.079494
57 96 0.079494
57 97 0.079494
57 98 0.079494
57 99 0.079495

58 0 0.079432
58 1 0.079432
58 2 0.079433
58 3 0.079433
58 4 0.079434
58 5 0.079434
58 6 0.079434
58 7 0.079435
58 8 0.079435
58 9 0.079436
58 10 0.079437
58 11 0.079437
58 12 0.079438
58 13 0.079438
58 14 0.079439
58 15 0.079440
58 16 0.079440
58 17 0.079441
58 18 0.079442
58 19 0.079442
58 20 0.079443
58 21 0.079444
58 22 0.079444
58 23 0.079445
58 24 0.079446
58 25 0.079447
58 26 0.079448
58 27 0.079449
58 28 0.079449
58 29 0.079450
58 30 0.079451
58 31 0.079452
58 32 0.079453
58 33 0.079454
58 34 0.079455
58 35 0.079455
58 36 0.079456
58 37 0.079457
58 38 0.079458
58 39 0.079459
58 40 0.079460
58 41 0.079461
58 42 0.079461
58 43 0.079462
58 44 0.079463
58 45 0.079464
58 46 0.079465
58 47 0.079465
58 48 0.079466
58 49 0.079467
58 50 0.079468
58 51 0.079468
58 52 0.079469
58 53 0.079470
58 54 0.079471
58 55 0.079471
58 56 0.079472
58 57 0.079473
58 58 0.079473
58 59 0.079474
58 60 0.079475
58 61 0.079476
58 62 0.079476
58 63 0.079477
58 64 0.079478
58 65 0.079478
58 66 0.079479
58 67 0.079480
58 68 0.079481
58 69 0.079481
58 70 0.079482
58 71 0.079483
58 72 0.079483
58 73 0.079484
58 74 0.079485
58 75 0.079485
58 76 0.079486
58 77 0.079487
58 78 0.079487
58 79 0.079488
58 80 0.079488
58 81 0.079489
58 82 0.079489
58 83 0.079490
58 84 0.079490
58 85 0.079491
58 86 0.079491
58 87 0.079492
58 88 0.079492
58 89 0.079492
58 90 0.079493
58 91 0.079493
58 92 0.079494
58 93 0.079494
58 94 0.079495
58 95 0.079495
58 96 0.079495
58 97 0.079496
58 98 0.079496
58 99 0.079496

59 0 0.079434
59 1 0.079434
59 2 0.079434
59 3 0.079434
59 4 0.079435
59 5 0.079435
59 6 0.079436
59 7 0.079436
59 8 0.079437
59 9 0.079437
59 10 0.079438
59 11 0.079438
59 12 0.079439
59 13 0.079440
59 14 0.079440
59 15 0.079441
59 16 0.079442
59 17 0.079442
59 18 0.079443
59 19 0.079444
59 20 0.079444
59 21 0.079445
59 22 0.079446
59 23 0.079447
59 24 0.079447
59 25 0.079448
59 26 0.079449
59 27 0.079450
59 28 0.079451
59 29 0.079452
59 30 0.079452
59 31 0.079453
59 32 0.079454
59 33 0.079455
59 34 0.079456
59 35 0.079457
59 36 0.079458
59 37 0.079459
59 38 0.079459
59 39 0.079460
59 40 0.079461
59 41 0.079462
59 42 0.079463
59 43 0.079464
59 44 0.079464
59 45 0.079465
59 46 0.079466
59 47 0.079467
59 48 0.079467
59 49 0.079468
59 50 0.079469
59 51 0.079470
59 52 0.079470
59 53 0.079471
59 54 0.079472
59 55 0.079473
59 56 0.079473
59 57 0.079474
59 58 0.079475
59 59 0.079476
59 60 0.079476
59 61 0.079477
59 62 0.079478
59 63 0.079478
59 64 0.079479
59 65 0.079480
59 66 0.079481
59 67 0.079481
59 68 0.079482
59 69 0.079483
59 70 0.079483
59 71 0.079484
59 72 0.079485
59 73 0.079485
59 74 0.079486
59 75 0.079487
59 76 0.079487
59 77 0.079488
59 78 0.079488
59 79 0.079489
59 80 0.079489
59 81 0.079490
59 82 0.079490
59 83 0.079491
59 84 0.079491
59 85 0.079492
59 86 0.079492
59 87 0.079493
59 88 0.079493
59 89 0.079494
59 90 0.079494
59 91 0.079495
59 92 0.079495
59 93 0.079496
59 94 0.079496
59 95 0.079496
59 96 0.079496
59 97 0.079497
59 98 0.079497
59 99 0.079497

60 0 0.079435
60 1 0.079435
60 2 0.079435
60 3 0.079436
60 4 0.079436
60 5 0.079436
60 6 0.079437
60 7 0.079437
60 8 0.079438
60 9 0.079439
60 10 0.079439
60 11 0.079440
60 12 0.079440
60 13 0.079441
60 14 0.079442
60 15 0.079442
60 16 0.079443
60 17 0.079444
60 18 0.079444
60 19 0.079445
60 20 0.079446
60 21 0.079446
60 22 0.079447
60 23 0.079448
60 24 0.079449
60 25 0.079449
60 26 0.079450
60 27 0.079451
60 28 0.079452
60 29 0.079453
60 30 0.079454
60 31 0.079455
60 32 0.079455
60 33 0.079456
60 34 0.079457
60 35 0.079458
60 36 0.079459
60 37 0.079460
60 38 0.079461
60 39 0.079462
60 40 0.079462
60 41 0.079463
60 42 0.079464
60 43 0.079465
60 44 0.079466
60 45 0.079466
60 46 0.079467
60 47 0.079468
60 48 0.079469
60 49 0.079470
60 50 0.079470
60 51 0.079471
60 52 0.079472
60 53 0.079473
60 54 0.079473
60 55 0.079474
60 56 0.079475
60 57 0.079475
60 58 0.079476
60 59 0.079477
60 60 0.079478
60 61 0.079478
60 62 0.079479
60 63 0.079480
60 64 0.079480
60 65 0.079481
60 66 0.079482
60 67 0.079483
60 68 0.079483
60 69 0.079484
60 70 0.079485
60 71 0.079485
60 72 0.079486
60 73 0.079487
60 74 0.079487
60 75 0.079488
60 76 0.079489
60 77 0.079489
60 78 0.079490
60 79 0.079490
60 80 0.079491
60 81 0.079491
60 82 0.079492
60 83 0.079492
60 84 0.079493
60 85 0.079493
60 86 0.079494
60 87 0.079494
60 88 0.079495
60 89 0.079495
60 90 0.079495
60 91 0.079496
60 92 0.079496
60 93 0.079497
60 94 0.079497
60 95 0.079497
60 96 0.079498
60 97 0.079498
60 98 0.079498
60 99 0.079498

61 0 0.079436
61 1 0.079436
61 2 0.079437
61 3 0.079437
61 4 0.079437
61 5 0.079438
61 6 0.079438
61 7 0.079439
61 8 0.079439
61 9 0.079440
61 10 0.079440
61 11 0.079441
61 12 0.079442
61 13 0.079442
61 14 0.079443
61 15 0.079444
61 16 0.079444
61 17 0.079445
61 18 0.079445
61 19 0.079446
61 20 0.079447
61 21 0.079448
61 22 0.079448
61 23 0.079449
61 24 0.079450
61 25 0.079451
61 26 0.079452
61 27 0.079452
61 28 0.079453
61 29 0.079454
61 30 0.079455
61 31 0.079456
61 32 0.079457
61 33 0.079458
61 34 0.079459
61 35 0.079459
61 36 0.079460
61 37 0.079461
61 38 0.079462
61 39 0.079463
61 40 0.079464
61 41 0.079465
61 42 0.079465
61 43 0.079466
61 44 0.079467
61 45 0.079468
61 46 0.079469
61 47 0.079469
61 48 0.079470
61 49 0.079471
61 50 0.079472
61 51 0.079472
61 52 0.079473
61 53 0.079474
61 54 0.079475
61 55 0.079475
61 56 0.079476
61 57 0.079477
61 58 0.079478
61 59 0.079478
61 60 0.079479
61 61 0.079480
61 62 0.079480
61 63 0.079481
61 64 0.079482
61 65 0.079482
61 66 0.079483
61 67 0.079484
61 68 0.079485
61 69 0.079485
61 70 0.079486
61 71 0.079487
61 72 0.079487
61 73 0.079488
61 74 0.079489
61 75 0.079489
61 76 0.079490
61 77 0.079490
61 78 0.079491
61 79 0.079492
61 80 0.079492
61 81 0.079493
61 82 0.079493
61 83 0.079494
61 84 0.079494
61 85 0.079495
61 86 0.079495
61 87 0.079495
61 88 0.079496
61 89 0.079496
61 90 0.079497
61 91 0.079497
61 92 0.079498
61 93 0.079498
61 94 0.079498
61 95 0.079499
61 96 0.079499
61 97 0.079499
61 98 0.079499
61 99 0.079500

62 0 0.079438
62 1 0.079437
62 2 0.079438
62 3 0.079438
62 4 0.079439
62 5 0.079439
62 6 0.079439
62 7 0.079440
62 8 0.079440
62 9 0.079441
62 10 0.079442
62 11 0.079442
62 12 0.079443
62 13 0.079443
62 14 0.079444
62 15 0.079445
62 16 0.079445
62 17 0.079446
62 18 0.079447
62 19 0.079447
62 20 0.079448
62 21 0.079449
62 22 0.079450
62 23 0.079450
62 24 0.079451
62 25 0.079452
62 26 0.079453
62 27 0.079454
62 28 0.079454
62 29 0.079455
62 30 0.079456
62 31 0.079457
62 32 0.079458
62 33 0.079459
62 34 0.079460
62 35 0.079461
62 36 0.079462
62 37 0.079462
62 38 0.079463
62 39 0.079464
62 40 0.079465
62 41 0.079466
62 42 0.079467
62 43 0.079468
62 44 0.079468
62 45 0.079469
62 46 0.079470
62 47 0.079471
62 48 0.079471
62 49 0.079472
62 50 0.079473
62 51 0.079474
62 52 0.079474
62 53 0.079475
62 54 0.079476
62 55 0.079477
62 56 0.079477
62 57 0.079478
62 58 0.079479
62 59 0.079480
62 60 0.079480
62 61 0.079481
62 62 0.079482
62 63 0.079482
62 64 0.079483
62 65 0.079484
62 66 0.079485
62 67 0.079485
62 68 0.079486
62 69 0.079487
62 70 0.079487
62 71 0.079488
62 72 0.079489
62 73 0.079489
62 74 0.079490
62 75 0.079491
62 76 0.079491
62 77 0.079492
62 78 0.079492
62 79 0.079493
62 80 0.079493
62 81 0.079494
62 82 0.079494
62 83 0.079495
62 84 0.079495
62 85 0.079496
62 86 0.079496
62 87 0.079497
62 88 0.079497
62 89 0.079498
62 90 0.079498
62 91 0.079498
62 92 0.079499
62 93 0.079499
62 94 0.079500
62 95 0.079500
62 96 0.079500
62 97 0.079501
62 98 0.079500
62 99 0.079501

63 0 0.079439
63 1 0.079439
63 2 0.079439
63 3 0.079439
63 4 0.079440
63 5 0.079440
63 6 0.079441
63 7 0.079441
63 8 0.079442
63 9 0.079442
63 10 0.079443
63 11 0.079443
63 12 0.079444
63 13 0.079445
63 14 0.079445
63 15 0.079446
63 16 0.079447
63 17 0.079447
63 18 0.079448
63 19 0.079449
63 20 0.079449
63 21 0.079450
63 22 0.079451
63 23 0.079452
63 24 0.079452
63 25 0.079453
63 26 0.079454
63 27 0.079455
63 28 0.079456
63 29 0.079457
63 30 0.079458
63 31 0.079458
63 32 0.079459
63 33 0.079460
63 34 0.079461
63 35 0.079462
63 36 0.079463
63 37 0.079464
63 38 0.079465
63 39 0.079466
63 40 0.079466
63 41 0.079467
63 42 0.079468
63 43 0.079469
63 44 0.079470
63 45 0.079471
63 46 0.079471
63 47 0.079472
63 48 0.079473
63 49 0.079474
63 50 0.079474
63 51 0.079475
63 52 0.079476
63 53 0.079477
63 54 0.079477
63 55 0.079478
63 56 0.079479
63 57 0.079480
63 58 0.079480
63 59 0.079481
63 60 0.079482
63 61 0.079482
63 62 0.079483
63 63 0.079484
63 64 0.079485
63 65 0.079485
63 66 0.079486
63 67 0.079487
63 68 0.079487
63 69 0.079488
63 70 0.079489
63 71 0.079489
63 72 0.079490
63 73 0.079491
63 74 0.079491
63 75 0.079492
63 76 0.079492
63 77 0.079493
63 78 0.079494
63 79 0.079494
63 80 0.079495
63 81 0.079495
63 82 0.079496
63 83 0.079496
63 84 0.079497
63 85 0.079497
63 86 0.079498
63 87 0.079498
63 88 0.079498
63 89 0.079499
63 90 0.079499
63 91 0.079500
63 92 0.079500
63 93 0.079500
63 94 0.079501
63 95 0.079501
63 96 0.079501
63 97 0.079502
63 98 0.079501
63 99 0.079502

64 0 0.079440
64 1 0.079440
64 2 0.079440
64 3 0.079441
64 4 0.079441
64 5 0.079441
64 6 0.079442
64 7 0.079442
64 8 0.079443
64 9 0.079443
64 10 0.079444
64 11 0.079445
64 12 0.079445
64 13 0.079446
64 14 0.079447
64 15 0.079447
64 16 0.079448
64 17 0.079449
64 18 0.079449
64 19 0.079450
64 20 0.079451
64 21 0.079451
64 22 0.079452
64 23 0.079453
64 24 0.079454
64 25 0.079454
64 26 0.079455
64 27 0.079456
64 28 0.079457
64 29 0.079458
64 30 0.079459
64 31 0.079460
64 32 0.079461
64 33 0.079462
64 34 0.079462
64 35 0.079463
64 36 0.079464
64 37 0.079465
64 38 0.079466
64 39 0.079467
64 40 0.079468
64 41 0.079469
64 42 0.079469
64 43 0.079470
64 44 0.079471
64 45 0.079472
64 46 0.079473
64 47 0.079473
64 48 0.079474
64 49 0.079475
64 50 0.079476
64 51 0.079476
64 52 0.079477
64 53 0.079478
64 54 0.079479
64 55 0.079479
64 56 0.079480
64 57 0.079481
64 58 0.079482
64 59 0.079482
64 60 0.079483
64 61 0.079484
64 62 0.079484
64 63 0.079485
64 64 0.079486
64 65 0.079487
64 66 0.079487
64 67 0.079488
64 68 0.079489
64 69 0.079489
64 70 0.079490
64 71 0.079491
64 72 0.079491
64 73 0.079492
64 74 0.079493
64 75 0.079493
64 76 0.079494
64 77 0.079495
64 78 0.079495
64 79 0.079496
64 80 0.079496
64 81 0.079497
64 82 0.079497
64 83 0.079498
64 84 0.079498
64 85 0.079499
64 86 0.079499
64 87 0.079499
64 88 0.079500
64 89 0.079500
64 90 0.079501
64 91 0.079501
64 92 0.079501
64 93 0.079502
64 94 0.079502
64 95 0.079502
64 96 0.079503
64 97 0.079503
64 98 0.079503
64 99 0.079503

65 0 0.079441
65 1 0.079441
65 2 0.079442
65 3 0.079442
65 4 0.079442
65 5 0.079443
65 6 0.079443
65 7 0.079444
65 8 0.079444
65 9 0.079445
65 10 0.079445
65 11 0.079446
65 12 0.079447
65 13 0.079447
65 14 0.079448
65 15 0.079448
65 16 0.079449
65 17 0.079450
65 18 0.079450
65 19 0.079451
65 20 0.079452
65 21 0.079453
65 22 0.079453
65 23 0.079454
65 24 0.079455
65 25 0.079456
65 26 0.079457
65 27 0.079457
65 28 0.079458
65 29 0.079459
65 30 0.079460
65 31 0.079461
65 32 0.079462
65 33 0.079463
65 34 0.079464
65 35 0.079465
65 36 0.079466
65 37 0.079466
65 38 0.079467
65 39 0.079468
65 40 0.079469
65 41 0.079470
65 42 0.079471
65 43 0.079472
65 44 0.079473
65 45 0.079473
65 46 0.079474
65 47 0.079475
65 48 0.079476
65 49 0.079477
65 50 0.079477
65 51 0.079478
65 52 0.079479
65 53 0.079480
65 54 0.079480
65 55 0.079481
65 56 0.079482
65 57 0.079482
65 58 0.079483
65 59 0.079484
65 60 0.079485
65 61 0.079485
65 62 0.079486
65 63 0.079487
65 64 0.079487
65 65 0.079488
65 66 0.079489
65 67 0.079489
65 68 0.079490
65 69 0.079491
65 70 0.079491
65 71 0.079492
65 72 0.079493
65 73 0.079493
65 74 0.079494
65 75 0.079495
65 76 0.079495
65 77 0.079496
65 78 0.079496
65 79 0.079497
65 80 0.079497
65 81 0.079498
65 82 0.079498
65 83 0.079499
65 84 0.079499
65 85 0.079500
65 86 0.079500
65 87 0.079501
65 88 0.079501
65 89 0.079501
65 90 0.079502
65 91 0.079502
65 92 0.079502
65 93 0.079503
65 94 0.079503
65 95 0.079504
65 96 0.079504
65 97 0.079504
65 98 0.079504
65 99 0.079505

66 0 0.079443
66 1 0.079442
66 2 0.079443
66 3 0.079443
66 4 0.079443
66 5 0.079444
66 6 0.079444
66 7 0.079445
66 8 0.079445
66 9 0.079446
66 10 0.079446
66 11 0.079447
66 12 0.079448
66 13 0.079448
66 14 0.079449
66 15 0.079450
66 16 0.079450
66 17 0.079451
66 18 0.079452
66 19 0.079452
66 20 0.079453
66 21 0.079454
66 22 0.079455
66 23 0.079455
66 24 0.079456
66 25 0.079457
66 26 0.079458
66 27 0.079459
66 28 0.079460
66 29 0.079460
66 30 0.079461
66 31 0.079462
66 32 0.079463
66 33 0.079464
66 34 0.079465
66 35 0.079466
66 36 0.079467
66 37 0.079468
66 38 0.079469
66 39 0.079470
66 40 0.079470
66 41 0.079471
66 42 0.079472
66 43 0.079473
66 44 0.079474
66 45 0.079475
66 46 0.079475
66 47 0.079476
66 48 0.079477
66 49 0.079478
66 50 0.079479
66 51 0.079479
66 52 0.079480
66 53 0.079481
66 54 0.079482
66 55 0.079482
66 56 0.079483
66 57 0.079484
66 58 0.079484
66 59 0.079485
66 60 0.079486
66 61 0.079487
66 62 0.079487
66 63 0.079488
66 64 0.079489
66 65 0.079489
66 66 0.079490
66 67 0.079491
66 68 0.079491
66 69 0.079492
66 70 0.079493
66 71 0.079493
66 72 0.079494
66 73 0.079495
66 74 0.079495
66 75 0.079496
66 76 0.079497
66 77 0.079497
66 78 0.079498
66 79 0.079498
66 80 0.079499
66 81 0.079499
66 82 0.079500
66 83 0.079500
66 84 0.079501
66 85 0.079501
66 86 0.079501
66 87 0.079502
66 88 0.079502
66 89 0.079503
66 90 0.079503
66 91 0.079503
66 92 0.079504
66 93 0.079504
66 94 0.079504
66 95 0.079505
66 96 0.079505
66 97 0.079505
66 98 0.079505
66 99 0.079506

67 0 0.079444
67 1 0.079443
67 2 0.079444
67 3 0.079444
67 4 0.079445
67 5 0.079445
67 6 0.079445
67 7 0.079446
67 8 0.079446
67 9 0.079447
67 10 0.079448
67 11 0.079448
67 12 0.079449
67 13 0.079450
67 14 0.079450
67 15 0.079451
67 16 0.079452
67 17 0.079452
67 18 0.079453
67 19 0.079454
67 20 0.079454
67 21 0.079455
67 22 0.079456
67 23 0.079457
67 24 0.079457
67 25 0.079458
67 26 0.079459
67 27 0.079460
67 28 0.079461
67 29 0.079462
67 30 0.079463
67 31 0.079464
67 32 0.079464
67 33 0.079465
67 34 0.079466
67 35 0.079467
67 36 0.079468
67 37 0.079469
67 38 0.079470
67 39 0.079471
67 40 0.079472
67 41 0.079473
67 42 0.079473
67 43 0.079474
67 44 0.079475
67 45 0.079476
67 46 0.079477
67 47 0.079478
67 48 0.079478
67 49 0.079479
67 50 0.079480
67 51 0.079481
67 52 0.079481
67 53 0.079482
67 54 0.079483
67 55 0.079484
67 56 0.079484
67 57 0.079485
67 58 0.079486
67 59 0.079486
67 60 0.079487
67 61 0.079488
67 62 0.079489
67 63 0.079489
67 64 0.079490
67 65 0.079491
67 66 0.079491
67 67 0.079492
67 68 0.079493
67 69 0.079493
67 70 0.079494
67 71 0.079495
67 72 0.079495
67 73 0.079496
67 74 0.079497
67 75 0.079497
67 76 0.079498
67 77 0.079498
67 78 0.079499
67 79 0.079500
67 80 0.079500
67 81 0.079501
67 82 0.079501
67 83 0.079501
67 84 0.079502
67 85 0.079502
67 86 0.079503
67 87 0.079503
67 88 0.079503
67 89 0.079504
67 90 0.079504
67 91 0.079504
67 92 0.079505
67 93 0.079505
67 94 0.079505
67 95 0.079506
67 96 0.079506
67 97 0.079507
67 98 0.079506
67 99 0.079507

68 0 0.079445
68 1 0.079445
68 2 0.079445
68 3 0.079445
68 4 0.079446
68 5 0.079446
68 6 0.079447
68 7 0.079447
68 8 0.079448
68 9 0.079448
68 10 0.079449
68 11 0.079449
68 12 0.079450
68 13 0.079451
68 14 0.079451
68 15 0.079452
68 16 0.079453
68 17 0.079453
68 18 0.079454
68 19 0.079455
68 20 0.079455
68 21 0.079456
68 22 0.079457
68 23 0.079458
68 24 0.079459
68 25 0.079459
68 26 0.079460
68 27 0.079461
68 28 0.079462
68 29 0.079463
68 30 0.079464
68 31 0.079465
68 32 0.079466
68 33 0.079467
68 34 0.079468
68 35 0.079469
68 36 0.079469
68 37 0.079470
68 38 0.079471
68 39 0.079472
68 40 0.079473
68 41 0.079474
68 42 0.079475
68 43 0.079476
68 44 0.079476
68 45 0.079477
68 46 0.079478
68 47 0.079479
68 48 0.079480
68 49 0.079480
68 50 0.079481
68 51 0.079482
68 52 0.079483
68 53 0.079483
68 54 0.079484
68 55 0.079485
68 56 0.079486
68 57 0.079486
68 58 0.079487
68 59 0.079488
68 60 0.079489
68 61 0.079489
68 62 0.079490
68 63 0.079491
68 64 0.079491
68 65 0.079492
68 66 0.079493
68 67 0.079494
68 68 0.079494
68 69 0.079495
68 70 0.079496
68 71 0.079496
68 72 0.079497
68 73 0.079497
68 74 0.079498
68 75 0.079499
68 76 0.079499
68 77 0.079500
68 78 0.079500
68 79 0.079501
68 80 0.079501
68 81 0.079502
68 82 0.079502
68 83 0.079503
68 84 0.079503
68 85 0.079504
68 86 0.079504
68 87 0.079504
68 88 0.079505
68 89 0.079505
68 90 0.079505
68 91 0.079506
68 92 0.079506
68 93 0.079506
68 94 0.079507
68 95 0.079507
68 96 0.079507
68 97 0.079508
68 98 0.079507
68 99 0.079508

69 0 0.079446
69 1 0.079446
69 2 0.079446
69 3 0.079446
69 4 0.079447
69 5 0.079447
69 6 0.079448
69 7 0.079448
69 8 0.079449
69 9 0.079449
69 10 0.079450
69 11 0.079451
69 12 0.079451
69 13 0.079452
69 14 0.079453
69 15 0.079453
69 16 0.079454
69 17 0.079455
69 18 0.079455
69 19 0.079456
69 20 0.079457
69 21 0.079457
69 22 0.079458
69 23 0.079459
69 24 0.079460
69 25 0.079461
69 26 0.079462
69 27 0.079462
69 28 0.079463
69 29 0.079464
69 30 0.079465
69 31 0.079466
69 32 0.079467
69 33 0.079468
69 34 0.079469
69 35 0.079470
69 36 0.079471
69 37 0.079472
69 38 0.079473
69 39 0.079474
69 40 0.079474
69 41 0.079475
69 42 0.079476
69 43 0.079477
69 44 0.079478
69 45 0.079479
69 46 0.079480
69 47 0.079480
69 48 0.079481
69 49 0.079482
69 50 0.079483
69 51 0.079483
69 52 0.079484
69 53 0.079485
69 54 0.079486
69 55 0.079486
69 56 0.079487
69 57 0.079488
69 58 0.079489
69 59 0.079489
69 60 0.079490
69 61 0.079491
69 62 0.079491
69 63 0.079492
69 64 0.079493
69 65 0.079493
69 66 0.079494
69 67 0.079495
69 68 0.079495
69 69 0.079496
69 70 0.079497
69 71 0.079497
69 72 0.079498
69 73 0.079499
69 74 0.079499
69 75 0.079500
69 76 0.079500
69 77 0.079501
69 78 0.079502
69 79 0.079502
69 80 0.079503
69 81 0.079503
69 82 0.079504
69 83 0.079504
69 84 0.079504
69 85 0.079505
69 86 0.079505
69 87 0.079506
69 88 0.079506
69 89 0.079506
69 90 0.079507
69 91 0.079507
69 92 0.079507
69 93 0.079507
69 94 0.079508
69 95 0.079508
69 96 0.079508
69 97 0.079509
69 98 0.079508
69 99 0.079509

70 0 0.079447
70 1 0.079447
70 2 0.079448
70 3 0.079448
70 4 0.079448
70 5 0.079448
70 6 0.079449
70 7 0.079449
70 8 0.079450
70 9 0.079451
70 10 0.079451
70 11 0.079452
70 12 0.079452
70 13 0.079453
70 14 0.079454
70 15 0.079454
70 16 0.079455
70 17 0.079456
70 18 0.079456
70 19 0.079457
70 20 0.079458
70 21 0.079459
70 22 0.079459
70 23 0.079460
70 24 0.079461
70 25 0.079462
70 26 0.079463
70 27 0.079464
70 28 0.079465
70 29 0.079465
70 30 0.079466
70 31 0.079467
70 32 0.079468
70 33 0.079469
70 34 0.079470
70 35 0.079471
70 36 0.079472
70 37 0.079473
70 38 0.079474
70 39 0.079475
70 40 0.079476
70 41 0.079477
70 42 0.079477
70 43 0.079478
70 44 0.079479
70 45 0.079480
70 46 0.079481
70 47 0.079482
70 48 0.079482
70 49 0.079483
70 50 0.079484
70 51 0.079485
70 52 0.079486
70 53 0.079486
70 54 0.079487
70 55 0.079488
70 56 0.079488
70 57 0.079489
70 58 0.079490
70 59 0.079491
70 60 0.079491
70 61 0.079492
70 62 0.079493
70 63 0.079493
70 64 0.079494
70 65 0.079495
70 66 0.079495
70 67 0.079496
70 68 0.079497
70 69 0.079497
70 70 0.079498
70 71 0.079499
70 72 0.079499
70 73 0.079500
70 74 0.079501
70 75 0.079501
70 76 0.079502
70 77 0.079502
70 78 0.079503
70 79 0.079503
70 80 0.079504
70 81 0.079504
70 82 0.079505
70 83 0.079505
70 84 0.079506
70 85 0.079506
70 86 0.079506
70 87 0.079507
70 88 0.079507
70 89 0.079507
70 90 0.079508
70 91 0.079508
70 92 0.079508
70 93 0.079509
70 94 0.079509
70 95 0.079509
70 96 0.079509
70 97 0.079510
70 98 0.079510
70 99 0.079510

71 0 0.079448
71 1 0.079448
71 2 0.079449
71 3 0.079449
71 4 0.079449
71 5 0.079450
71 6 0.079450
71 7 0.079451
71 8 0.079451
71 9 0.079452
71 10 0.079452
71 11 0.079453
71 12 0.079454
71 13 0.079454
71 14 0.079455
71 15 0.079456
71 16 0.079456
71 17 0.079457
71 18 0.079458
71 19 0.079458
71 20 0.079459
71 21 0.079460
71 22 0.079461
71 23 0.079461
71 24 0.079462
71 25 0.079463
71 26 0.079464
71 27 0.079465
71 28 0.079466
71 29 0.079467
71 30 0.079468
71 31 0.079469
71 32 0.079470
71 33 0.079471
71 34 0.079472
71 35 0.079472
71 36 0.079473
71 37 0.079474
71 38 0.079475
71 39 0.079476
71 40 0.079477
71 41 0.079478
71 42 0.079479
71 43 0.079480
71 44 0.079481
71 45 0.079481
71 46 0.079482
71 47 0.079483
71 48 0.079484
71 49 0.079485
71 50 0.079485
71 51 0.079486
71 52 0.079487
71 53 0.079488
71 54 0.079488
71 55 0.079489
71 56 0.079490
71 57 0.079491
71 58 0.079491
71 59 0.079492
71 60 0.079493
71 61 0.079493
71 62 0.079494
71 63 0.079495
71 64 0.079495
71 65 0.079496
71 66 0.079497
71 67 0.079497
71 68 0.079498
71 69 0.079499
71 70 0.079499
71 71 0.079500
71 72 0.079501
71 73 0.079501
71 74 0.079502
71 75 0.079502
71 76 0.079503
71 77 0.079504
71 78 0.079504
71 79 0.079505
71 80 0.079505
71 81 0.079506
71 82 0.079506
71 83 0.079507
71 84 0.079507
71 85 0.079507
71 86 0.079508
71 87 0.079508
71 88 0.079508
71 89 0.079509
71 90 0.079509
71 91 0.079509
71 92 0.079510
71 93 0.079510
71 94 0.079510
71 95 0.079510
71 96 0.079510
71 97 0.079511
71 98 0.079511
71 99 0.079511

72 0 0.079450
72 1 0.079449
72 2 0.079450
72 3 0.079450
72 4 0.079450
72 5 0.079451
72 6 0.079451
72 7 0.079452
72 8 0.079452
72 9 0.079453
72 10 0.079454
72 11 0.079454
72 12 0.079455
72 13 0.079456
72 14 0.079456
72 15 0.079457
72 16 0.079458
72 17 0.079458
72 18 0.079459
72 19 0.079460
72 20 0.079460
72 21 0.079461
72 22 0.079462
72 23 0.079463
72 24 0.079464
72 25 0.079464
72 26 0.079465
72 27 0.079466
72 28 0.079467
72 29 0.079468
72 30 0.079469
72 31 0.079470
72 32 0.079471
72 33 0.079472
72 34 0.079473
72 35 0.079474
72 36 0.079475
72 37 0.079476
72 38 0.079477
72 39 0.079477
72 40 0.079478
72 41 0.079479
72 42 0.079480
72 43 0.079481
72 44 0.079482
72 45 0.079483
72 46 0.079484
72 47 0.079484
72 48 0.079485
72 49 0.079486
72 50 0.079487
72 51 0.079488
72 52 0.079488
72 53 0.079489
72 54 0.079490
72 55 0.079491
72 56 0.079491
72 57 0.079492
72 58 0.079493
72 59 0.079493
72 60 0.079494
72 61 0.079495
72 62 0.079496
72 63 0.079496
72 64 0.079497
72 65 0.079498
72 66 0.079498
72 67 0.079499
72 68 0.079500
72 69 0.079500
72 70 0.079501
72 71 0.079501
72 72 0.079502
72 73 0.079503
72 74 0.079503
72 75 0.079504
72 76 0.079504
72 77 0.079505
72 78 0.079506
72 79 0.079506
72 80 0.079507
72 81 0.079507
72 82 0.079507
72 83 0.079508
72 84 0.079508
72 85 0.079509
72 86 0.079509
72 87 0.079509
72 88 0.079510
72 89 0.079510
72 90 0.079510
72 91 0.079510
72 92 0.079511
72 93 0.079511
72 94 0.079511
72 95 0.079512
72 96 0.079512
72 97 0.079512
72 98 0.079512
72 99 0.079513

73 0 0.079451
73 1 0.079450
73 2 0.079451
73 3 0.079451
73 4 0.079452
73 5 0.079452
73 6 0.079453
73 7 0.079453
73 8 0.079454
73 9 0.079454
73 10 0.079455
73 11 0.079455
73 12 0.079456
73 13 0.079457
73 14 0.079457
73 15 0.079458
73 16 0.079459
73 17 0.079459
73 18 0.079460
73 19 0.079461
73 20 0.079462
73 21 0.079462
73 22 0.079463
73 23 0.079464
73 24 0.079465
73 25 0.079466
73 26 0.079467
73 27 0.079467
73 28 0.079468
73 29 0.079469
73 30 0.079470
73 31 0.079471
73 32 0.079472
73 33 0.079473
73 34 0.079474
73 35 0.079475
73 36 0.079476
73 37 0.079477
73 38 0.079478
73 39 0.079479
73 40 0.079480
73 41 0.079481
73 42 0.079482
73 43 0.079482
73 44 0.079483
73 45 0.079484
73 46 0.079485
73 47 0.079486
73 48 0.079487
73 49 0.079487
73 50 0.079488
73 51 0.079489
73 52 0.079490
73 53 0.079491
73 54 0.079491
73 55 0.079492
73 56 0.079493
73 57 0.079493
73 58 0.079494
73 59 0.079495
73 60 0.079496
73 61 0.079496
73 62 0.079497
73 63 0.079498
73 64 0.079498
73 65 0.079499
73 66 0.079500
73 67 0.079500
73 68 0.079501
73 69 0.079501
73 70 0.079502
73 71 0.079503
73 72 0.079503
73 73 0.079504
73 74 0.079505
73 75 0.079505
73 76 0.079506
73 77 0.079506
73 78 0.079507
73 79 0.079507
73 80 0.079508
73 81 0.079508
73 82 0.079509
73 83 0.079509
73 84 0.079509
73 85 0.079510
73 86 0.079510
73 87 0.079510
73 88 0.079511
73 89 0.079511
73 90 0.079511
73 91 0.079512
73 92 0.079512
73 93 0.079512
73 94 0.079512
73 95 0.079513
73 96 0.079513
73 97 0.079513
73 98 0.079513
73 99 0.079514

74 0 0.079452
74 1 0.079452
74 2 0.079452
74 3 0.079452
74 4 0.079453
74 5 0.079453
74 6 0.079454
74 7 0.079454
74 8 0.079455
74 9 0.079455
74 10 0.079456
74 11 0.079457
74 12 0.079457
74 13 0.079458
74 14 0.079459
74 15 0.079459
74 16 0.079460
74 17 0.079461
74 18 0.079461
74 19 0.079462
74 20 0.079463
74 21 0.079464
74 22 0.079464
74 23 0.079465
74 24 0.079466
74 25 0.079467
74 26 0.079468
74 27 0.079469
74 28 0.079470
74 29 0.079471
74 30 0.079472
74 31 0.079472
74 32 0.079473
74 33 0.079474
74 34 0.079475
74 35 0.079476
74 36 0.079477
74 37 0.079478
74 38 0.079479
74 39 0.079480
74 40 0.079481
74 41 0.079482
74 42 0.079483
74 43 0.079484
74 44 0.079485
74 45 0.079485
74 46 0.079486
74 47 0.079487
74 48 0.079488
74 49 0.079489
74 50 0.079490
74 51 0.079490
74 52 0.079491
74 53 0.079491
74 54 0.079492
74 55 0.079493
74 56 0.079494
74 57 0.079494
74 58 0.079495
74 59 0.079496
74 60 0.079496
74 61 0.079497
74 62 0.079498
74 63 0.079498
74 64 0.079499
74 65 0.079500
74 66 0.079500
74 67 0.079501
74 68 0.079502
74 69 0.079502
74 70 0.079503
74 71 0.079503
74 72 0.079504
74 73 0.079505
74 74 0.079505
74 75 0.079506
74 76 0.079506
74 77 0.079507
74 78 0.079507
74 79 0.079508
74 80 0.079508
74 81 0.079509
74 82 0.079509
74 83 0.079510
74 84 0.079510
74 85 0.079510
74 86 0.079511
74 87 0.079511
74 88 0.079511
74 89 0.079512
74 90 0.079512
74 91 0.079512
74 92 0.079513
74 93 0.079513
74 94 0.079513
74 95 0.079513
74 96 0.079513
74 97 0.079514
74 98 0.079514
74 99 0.079514

75 0 0.079453
75 1 0.079452
75 2 0.079453
75 3 0.079453
75 4 0.079454
75 5 0.079454
75 6 0.079454
75 7 0.079455
75 8 0.079456
75 9 0.079456
75 10 0.079457
75 11 0.079457
75 12 0.079458
75 13 0.079459
75 14 0.079460
75 15 0.079460
75 16 0.079461
75 17 0.079462
75 18 0.079462
75 19 0.079463
75 20 0.079464
75 21 0.079465
75 22 0.079465
75 23 0.079466
75 24 0.079467
75 25 0.079468
75 26 0.079469
75 27 0.079470
75 28 0.079471
75 29 0.079472
75 30 0.079473
75 31 0.079473
75 32 0.079474
75 33 0.079475
75 34 0.079476
75 35 0.079477
75 36 0.079478
75 37 0.079479
75 38 0.079480
75 39 0.079481
75 40 0.079482
75 41 0.079483
75 42 0.079484
75 43 0.079485
75 44 0.079486
75 45 0.079486
75 46 0.079487
75 47 0.079488
75 48 0.079489
75 49 0.079490
75 50 0.079490
75 51 0.079491
75 52 0.079492
75 53 0.079493
75 54 0.079493
75 55 0.079494
75 56 0.079495
75 57 0.079496
75 58 0.079496
75 59 0.079497
75 60 0.079498
75 61 0.079498
75 62 0.079499
75 63 0.079500
75 64 0.079500
75 65 0.079501
75 66 0.079502
75 67 0.079502
75 68 0.079503
75 69 0.079503
75 70 0.079504
75 71 0.079505
75 72 0.079505
75 73 0.079506
75 74 0.079506
75 75 0.079507
75 76 0.079508
75 77 0.079508
75 78 0.079509
75 79 0.079509
75 80 0.079510
75 81 0.079510
75 82 0.079510
75 83 0.079511
75 84 0.079511
75 85 0.079512
75 86 0.079512
75 87 0.079512
75 88 0.079512
75 89 0.079513
75 90 0.079513
75 91 0.079513
75 92 0.079514
75 93 0.079514
75 94 0.079514
75 95 0.079514
75 96 0.079514
75 97 0.079515
75 98 0.079515
75 99 0.079515

76 0 0.079454
76 1 0.079454
76 2 0.079454
76 3 0.079454
76 4 0.079455
76 5 0.079455
76 6 0.079456
76 7 0.079456
76 8 0.079457
76 9 0.079457
76 10 0.079458
76 11 0.079459
76 12 0.079459
76 13 0.079460
76 14 0.079461
76 15 0.079461
76 16 0.079462
76 17 0.079463
76 18 0.079463
76 19 0.079464
76 20 0.079465
76 21 0.079466
76 22 0.079466
76 23 0.079467
76 24 0.079468
76 25 0.079469
76 26 0.079470
76 27 0.079471
76 28 0.079472
76 29 0.079473
76 30 0.079474
76 31 0.079475
76 32 0.079476
76 33 0.079477
76 34 0.079478
76 35 0.079479
76 36 0.079480
76 37 0.079481
76 38 0.079481
76 39 0.079482
76 40 0.079483
76 41 0.079484
76 42 0.079485
76 43 0.079486
76 44 0.079487
76 45 0.079488
76 46 0.079489
76 47 0.079489
76 48 0.079490
76 49 0.079491
76 50 0.079492
76 51 0.079493
76 52 0.079493
76 53 0.079494
76 54 0.079495
76 55 0.079496
76 56 0.079496
76 57 0.079497
76 58 0.079498
76 59 0.079498
76 60 0.079499
76 61 0.079500
76 62 0.079500
76 63 0.079501
76 64 0.079502
76 65 0.079502
76 66 0.079503
76 67 0.079504
76 68 0.079504
76 69 0.079505
76 70 0.079505
76 71 0.079506
76 72 0.079507
76 73 0.079507
76 74 0.079508
76 75 0.079508
76 76 0.079509
76 77 0.079509
76 78 0.079510
76 79 0.079510
76 80 0.079511
76 81 0.079511
76 82 0.079512
76 83 0.079512
76 84 0.079512
76 85 0.079513
76 86 0.079513
76 87 0.079513
76 88 0.079514
76 89 0.079514
76 90 0.079514
76 91 0.079514
76 92 0.079515
76 93 0.079515
76 94 0.079515
76 95 0.079516
76 96 0.079516
76 97 0.079516
76 98 0.079516
76 99 0.079517

77 0 0.079455
77 1 0.079455
77 2 0.079455
77 3 0.079455
77 4 0.079456
77 5 0.079456
77 6 0.079457
77 7 0.079457
77 8 0.079458
77 9 0.079458
77 10 0.079459
77 11 0.079460
77 12 0.079460
77 13 0.079461
77 14 0.079462
77 15 0.079462
77 16 0.079463
77 17 0.079464
77 18 0.079465
77 19 0.079465
77 20 0.079466
77 21 0.079467
77 22 0.079468
77 23 0.079468
77 24 0.079469
77 25 0.079470
77 26 0.079471
77 27 0.079472
77 28 0.079473
77 29 0.079474
77 30 0.079475
77 31 0.079476
77 32 0.079477
77 33 0.079478
77 34 0.079479
77 35 0.079480
77 36 0.079481
77 37 0.079482
77 38 0.079483
77 39 0.079484
77 40 0.079485
77 41 0.079486
77 42 0.079486
77 43 0.079487
77 44 0.079488
77 45 0.079489
77 46 0.079490
77 47 0.079491
77 48 0.079492
77 49 0.079492
77 50 0.079493
77 51 0.079494
77 52 0.079495
77 53 0.079495
77 54 0.079496
77 55 0.079497
77 56 0.079498
77 57 0.079498
77 58 0.079499
77 59 0.079500
77 60 0.079500
77 61 0.079501
77 62 0.079502
77 63 0.079502
77 64 0.079503
77 65 0.079504
77 66 0.079504
77 67 0.079505
77 68 0.079505
77 69 0.079506
77 70 0.079507
77 71 0.079507
77 72 0.079508
77 73 0.079508
77 74 0.079509
77 75 0.079510
77 76 0.079510
77 77 0.079511
77 78 0.079511
77 79 0.079512
77 80 0.079512
77 81 0.079512
77 82 0.079513
77 83 0.079513
77 84 0.079514
77 85 0.079514
77 86 0.079514
77 87 0.079515
77 88 0.079515
77 89 0.079515
77 90 0.079515
77 91 0.079516
77 92 0.079516
77 93 0.079516
77 94 0.079516
77 95 0.079517
77 96 0.079517
77 97 0.079517
77 98 0.079517
77 99 0.079518

78 0 0.079456
78 1 0.079456
78 2 0.079457
78 3 0.079456
78 4 0.079457
78 5 0.079457
78 6 0.079458
78 7 0.079458
78 8 0.079459
78 9 0.079459
78 10 0.079460
78 11 0.079461
78 12 0.079461
78 13 0.079462
78 14 0.079463
78 15 0.079464
78 16 0.079464
78 17 0.079465
78 18 0.079466
78 19 0.079466
78 20 0.079467
78 21 0.079468
78 22 0.079469
78 23 0.079470
78 24 0.079470
78 25 0.079471
78 26 0.079472
78 27 0.079473
78 28 0.079474
78 29 0.079475
78 30 0.079476
78 31 0.079477
78 32 0.079478
78 33 0.079479
78 34 0.079480
78 35 0.079481
78 36 0.079482
78 37 0.079483
78 38 0.079484
78 39 0.079485
78 40 0.079486
78 41 0.079487
78 42 0.079488
78 43 0.079488
78 44 0.079489
78 45 0.079490
78 46 0.079491
78 47 0.079492
78 48 0.079493
78 49 0.079493
78 50 0.079494
78 51 0.079495
78 52 0.079496
78 53 0.079497
78 54 0.079497
78 55 0.079498
78 56 0.079499
78 57 0.079499
78 58 0.079500
78 59 0.079501
78 60 0.079501
78 61 0.079502
78 62 0.079503
78 63 0.079503
78 64 0.079504
78 65 0.079505
78 66 0.079505
78 67 0.079506
78 68 0.079506
78 69 0.079507
78 70 0.079508
78 71 0.079508
78 72 0.079509
78 73 0.079509
78 74 0.079510
78 75 0.079510
78 76 0.079511
78 77 0.079511
78 78 0.079512
78 79 0.079512
78 80 0.079513
78 81 0.079513
78 82 0.079514
78 83 0.079514
78 84 0.079514
78 85 0.079515
78 86 0.079515
78 87 0.079515
78 88 0.079516
78 89 0.079516
78 90 0.079516
78 91 0.079516
78 92 0.079517
78 93 0.079517
78 94 0.079517
78 95 0.079518
78 96 0.079517
78 97 0.079518
78 98 0.079518
78 99 0.079518

79 0 0.079457
79 1 0.079457
79 2 0.079457
79 3 0.079457
79 4 0.079458
79 5 0.079458
79 6 0.079459
79 7 0.079459
79 8 0.079460
79 9 0.079460
79 10 0.079461
79 11 0.079462
79 12 0.079462
79 13 0.079463
79 14 0.079464
79 15 0.079464
79 16 0.079465
79 17 0.079466
79 18 0.079467
79 19 0.079467
79 20 0.079468
79 21 0.079469
79 22 0.079470
79 23 0.079471
79 24 0.079471
79 25 0.079472
79 26 0.079473
79 27 0.079474
79 28 0.079475
79 29 0.079476
79 30 0.079477
79 31 0.079478
79 32 0.079479
79 33 0.079480
79 34 0.079481
79 35 0.079482
79 36 0.079483
79 37 0.079484
79 38 0.079485
79 39 0.079486
79 40 0.079487
79 41 0.079488
79 42 0.079489
79 43 0.079490
79 44 0.079491
79 45 0.079491
79 46 0.079492
79 47 0.079493
79 48 0.079494
79 49 0.079495
79 50 0.079496
79 51 0.079496
79 52 0.079497
79 53 0.079498
79 54 0.079499
79 55 0.079499
79 56 0.079500
79 57 0.079501
79 58 0.079501
79 59 0.079502
79 60 0.079503
79 61 0.079503
79 62 0.079504
79 63 0.079505
79 64 0.079505
79 65 0.079506
79 66 0.079507
79 67 0.079507
79 68 0.079508
79 69 0.079508
79 70 0.079509
79 71 0.079510
79 72 0.079510
79 73 0.079511
79 74 0.079511
79 75 0.079512
79 76 0.079512
79 77 0.079513
79 78 0.079513
79 79 0.079514
79 80 0.079514
79 81 0.079515
79 82 0.079515
79 83 0.079515
79 84 0.079516
79 85 0.079516
79 86 0.079516
79 87 0.079517
79 88 0.079517
79 89 0.079517
79 90 0.079517
79 91 0.079518
79 92 0.079518
79 93 0.079518
79 94 0.079518
79 95 0.079519
79 96 0.079519
79 97 0.079519
79 98 0.079519
79 99 0.079520

80 0 0.079458
80 1 0.079458
80 2 0.079459
80 3 0.079458
80 4 0.079459
80 5 0.079459
80 6 0.079460
80 7 0.079460
80 8 0.079461
80 9 0.079461
80 10 0.079462
80 11 0.079463
80 12 0.079463
80 13 0.079464
80 14 0.079465
80 15 0.079466
80 16 0.079466
80 17 0.079467
80 18 0.079468
80 19 0.079468
80 20 0.079469
80 21 0.079470
80 22 0.079471
80 23 0.079472
80 24 0.079473
80 25 0.079473
80 26 0.079474
80 27 0.079475
80 28 0.079476
80 29 0.079477
80 30 0.079478
80 31 0.079479
80 32 0.079480
80 33 0.079481
80 34 0.079482
80 35 0.079483
80 36 0.079484
80 37 0.079485
80 38 0.079486
80 39 0.079487
80 40 0.079488
80 41 0.079489
80 42 0.079490
80 43 0.079491
80 44 0.079492
80 45 0.079493
80 46 0.079493
80 47 0.079494
80 48 0.079495
80 49 0.079496
80 50 0.079497
80 51 0.079498
80 52 0.079498
80 53 0.079499
80 54 0.079500
80 55 0.079500
80 56 0.079501
80 57 0.079502
80 58 0.079503
80 59 0.079503
80 60 0.079504
80 61 0.079505
80 62 0.079505
80 63 0.079506
80 64 0.079506
80 65 0.079507
80 66 0.079508
80 67 0.079508
80 68 0.079509
80 69 0.079509
80 70 0.079510
80 71 0.079511
80 72 0.079511
80 73 0.079512
80 74 0.079512
80 75 0.079513
80 76 0.079513
80 77 0.079514
80 78 0.079514
80 79 0.079515
80 80 0.079515
80 81 0.079515
80 82 0.079516
80 83 0.079516
80 84 0.079517
80 85 0.079517
80 86 0.079517
80 87 0.079517
80 88 0.079518
80 89 0.079518
80 90 0.079518
80 91 0.079518
80 92 0.079519
80 93 0.079519
80 94 0.079519
80 95 0.079520
80 96 0.079519
80 97 0.079520
80 98 0.079520
80 99 0.079520

81 0 0.079459
81 1 0.079459
81 2 0.079459
81 3 0.079459
81 4 0.079460
81 5 0.079460
81 6 0.079461
81 7 0.079461
81 8 0.079462
81 9 0.079462
81 10 0.079463
81 11 0.079464
81 12 0.079464
81 13 0.079465
81 14 0.079466
81 15 0.079466
81 16 0.079467
81 17 0.079468
81 18 0.079469
81 19 0.079469
81 20 0.079470
81 21 0.079471
81 22 0.079472
81 23 0.079473
81 24 0.079474
81 25 0.079474
81 26 0.079475
81 27 0.079476
81 28 0.079477
81 29 0.079478
81 30 0.079479
81 31 0.079480
81 32 0.079481
81 33 0.079482
81 34 0.079483
81 35 0.079484
81 36 0.079485
81 37 0.079486
81 38 0.079487
81 39 0.079488
81 40 0.079489
81 41 0.079490
81 42 0.079491
81 43 0.079492
81 44 0.079493
81 45 0.079494
81 46 0.079495
81 47 0.079496
81 48 0.079496
81 49 0.079497
81 50 0.079498
81 51 0.079499
81 52 0.079500
81 53 0.079500
81 54 0.079501
81 55 0.079502
81 56 0.079502
81 57 0.079503
81 58 0.079504
81 59 0.079504
81 60 0.079505
81 61 0.079506
81 62 0.079506
81 63 0.079507
81 64 0.079508
81 65 0.079508
81 66 0.079509
81 67 0.079509
81 68 0.079510
81 69 0.079511
81 70 0.079511
81 71 0.079512
81 72 0.079512
81 73 0.079513
81 74 0.079513
81 75 0.079514
81 76 0.079514
81 77 0.079515
81 78 0.079515
81 79 0.079516
81 80 0.079516
81 81 0.079517
81 82 0.079517
81 83 0.079517
81 84 0.079518
81 85 0.079518
81 86 0.079518
81 87 0.079518
81 88 0.079519
81 89 0.079519
81 90 0.079519
81 91 0.079519
81 92 0.079520
81 93 0.079520
81 94 0.079520
81 95 0.079521
81 96 0.079521
81 97 0.079521
81 98 0.079521
81 99 0.079521

82 0 0.079460
82 1 0.079460
82 2 0.079460
82 3 0.079460
82 4 0.079461
82 5 0.079461
82 6 0.079461
82 7 0.079462
82 8 0.079463
82 9 0.079463
82 10 0.079464
82 11 0.079464
82 12 0.079465
82 13 0.079466
82 14 0.079467
82 15 0.079467
82 16 0.079468
82 17 0.079469
82 18 0.079469
82 19 0.079470
82 20 0.079471
82 21 0.079472
82 22 0.079473
82 23 0.079474
82 24 0.079475
82 25 0.079475
82 26 0.079476
82 27 0.079477
82 28 0.079478
82 29 0.079479
82 30 0.079480
82 31 0.079482
82 32 0.079483
82 33 0.079484
82 34 0.079485
82 35 0.079486
82 36 0.079487
82 37 0.079488
82 38 0.079489
82 39 0.079490
82 40 0.079491
82 41 0.079492
82 42 0.079492
82 43 0.079493
82 44 0.079494
82 45 0.079495
82 46 0.079496
82 47 0.079497
82 48 0.079498
82 49 0.079499
82 50 0.079499
82 51 0.079500
82 52 0.079501
82 53 0.079502
82 54 0.079502
82 55 0.079503
82 56 0.079504
82 57 0.079504
82 58 0.079505
82 59 0.079506
82 60 0.079506
82 61 0.079507
82 62 0.079508
82 63 0.079508
82 64 0.079509
82 65 0.079510
82 66 0.079510
82 67 0.079511
82 68 0.079511
82 69 0.079512
82 70 0.079512
82 71 0.079513
82 72 0.079513
82 73 0.079514
82 74 0.079515
82 75 0.079515
82 76 0.079515
82 77 0.079516
82 78 0.079516
82 79 0.079517
82 80 0.079517
82 81 0.079518
82 82 0.079518
82 83 0.079518
82 84 0.079519
82 85 0.079519
82 86 0.079519
82 87 0.079520
82 88 0.079520
82 89 0.079520
82 90 0.079520
82 91 0.079520
82 92 0.079521
82 93 0.079521
82 94 0.079521
82 95 0.079522
82 96 0.079522
82 97 0.079522
82 98 0.079522
82 99 0.079522

83 0 0.079461
83 1 0.079460
83 2 0.079461
83 3 0.079461
83 4 0.079462
83 5 0.079462
83 6 0.079462
83 7 0.079463
83 8 0.079463
83 9 0.079464
83 10 0.079465
83 11 0.079465
83 12 0.079466
83 13 0.079467
83 14 0.079467
83 15 0.079468
83 16 0.079469
83 17 0.079470
83 18 0.079470
83 19 0.079471
83 20 0.079472
83 21 0.079473
83 22 0.079474
83 23 0.079475
83 24 0.079476
83 25 0.079476
83 26 0.079477
83 27 0.079478
83 28 0.079479
83 29 0.079481
83 30 0.079482
83 31 0.079483
83 32 0.079484
83 33 0.079485
83 34 0.079486
83 35 0.079487
83 36 0.079488
83 37 0.079489
83 38 0.079490
83 39 0.079491
83 40 0.079492
83 41 0.079493
83 42 0.079494
83 43 0.079495
83 44 0.079495
83 45 0.079496
83 46 0.079497
83 47 0.079498
83 48 0.079499
83 49 0.079500
83 50 0.079500
83 51 0.079501
83 52 0.079502
83 53 0.079503
83 54 0.079503
83 55 0.079504
83 56 0.079505
83 57 0.079506
83 58 0.079506
83 59 0.079507
83 60 0.079507
83 61 0.079508
83 62 0.079509
83 63 0.079509
83 64 0.079510
83 65 0.079511
83 66 0.079511
83 67 0.079512
83 68 0.079512
83 69 0.079513
83 70 0.079513
83 71 0.079514
83 72 0.079514
83 73 0.079515
83 74 0.079515
83 75 0.079516
83 76 0.079516
83 77 0.079517
83 78 0.079517
83 79 0.079518
83 80 0.079518
83 81 0.079518
83 82 0.079519
83 83 0.079519
83 84 0.079519
83 85 0.079520
83 86 0.079520
83 87 0.079520
83 88 0.079521
83 89 0.079521
83 90 0.079521
83 91 0.079521
83 92 0.079522
83 93 0.079522
83 94 0.079522
83 95 0.079522
83 96 0.079522
83 97 0.079523
83 98 0.079522
83 99 0.079523

84 0 0.079462
84 1 0.079461
84 2 0.079462
84 3 0.079462
84 4 0.079462
84 5 0.079462
84 6 0.079463
84 7 0.079463
84 8 0.079464
84 9 0.079465
84 10 0.079465
84 11 0.079466
84 12 0.079467
84 13 0.079467
84 14 0.079468
84 15 0.079469
84 16 0.079470
84 17 0.079470
84 18 0.079471
84 19 0.079472
84 20 0.079473
84 21 0.079474
84 22 0.079475
84 23 0.079475
84 24 0.079476
84 25 0.079477
84 26 0.079478
84 27 0.079479
84 28 0.079480
84 29 0.079482
84 30 0.079483
84 31 0.079484
84 32 0.079485
84 33 0.079486
84 34 0.079487
84 35 0.079488
84 36 0.079489
84 37 0.079490
84 38 0.079491
84 39 0.079492
84 40 0.079493
84 41 0.079494
84 42 0.079495
84 43 0.079496
84 44 0.079497
84 45 0.079498
84 46 0.079499
84 47 0.079499
84 48 0.079500
84 49 0.079501
84 50 0.079502
84 51 0.079503
84 52 0.079503
84 53 0.079504
84 54 0.079505
84 55 0.079506
84 56 0.079506
84 57 0.079507
84 58 0.079508
84 59 0.079508
84 60 0.079509
84 61 0.079510
84 62 0.079510
84 63 0.079511
84 64 0.079511
84 65 0.079512
84 66 0.079513
84 67 0.079513
84 68 0.079514
84 69 0.079514
84 70 0.079515
84 71 0.079515
84 72 0.079516
84 73 0.079516
84 74 0.079517
84 75 0.079517
84 76 0.079518
84 77 0.079518
84 78 0.079519
84 79 0.079519
84 80 0.079519
84 81 0.079520
84 82 0.079520
84 83 0.079520
84 84 0.079521
84 85 0.079521
84 86 0.079521
84 87 0.079522
84 88 0.079522
84 89 0.079522
84 90 0.079522
84 91 0.079522
84 92 0.079523
84 93 0.079523
84 94 0.079523
84 95 0.079524
84 96 0.079523
84 97 0.079524
84 98 0.079524
84 99 0.079524

85 0 0.079462
85 1 0.079462
85 2 0.079463
85 3 0.079462
85 4 0.079463
85 5 0.079463
85 6 0.079464
85 7 0.079464
85 8 0.079465
85 9 0.079465
85 10 0.079466
85 11 0.079467
85 12 0.079467
85 13 0.079468
85 14 0.079469
85 15 0.079470
85 16 0.079470
85 17 0.079471
85 18 0.079472
85 19 0.079473
85 20 0.079474
85 21 0.079475
85 22 0.079476
85 23 0.079477
85 24 0.079477
85 25 0.079478
85 26 0.079480
85 27 0.079481
85 28 0.079482
85 29 0.079483
85 30 0.079484
85 31 0.079485
85 32 0.079486
85 33 0.079487
85 34 0.079488
85 35 0.079489
85 36 0.079490
85 37 0.079491
85 38 0.079492
85 39 0.079493
85 40 0.079494
85 41 0.079495
85 42 0.079496
85 43 0.079497
85 44 0.079498
85 45 0.079499
85 46 0.079500
85 47 0.079501
85 48 0.079502
85 49 0.079502
85 50 0.079503
85 51 0.079504
85 52 0.079505
85 53 0.079505
85 54 0.079506
85 55 0.079507
85 56 0.079508
85 57 0.079508
85 58 0.079509
85 59 0.079509
85 60 0.079510
85 61 0.079511
85 62 0.079511
85 63 0.079512
85 64 0.079512
85 65 0.079513
85 66 0.079514
85 67 0.079514
85 68 0.079515
85 69 0.079515
85 70 0.079516
85 71 0.079516
85 72 0.079517
85 73 0.079517
85 74 0.079518
85 75 0.079518
85 76 0.079519
85 77 0.079519
85 78 0.079519
85 79 0.079520
85 80 0.079520
85 81 0.079520
85 82 0.079521
85 83 0.079521
85 84 0.079521
85 85 0.079522
85 86 0.079522
85 87 0.079522
85 88 0.079522
85 89 0.079523
85 90 0.079523
85 91 0.079523
85 92 0.079523
85 93 0.079524
85 94 0.079524
85 95 0.079524
85 96 0.079524
85 97 0.079525
85 98 0.079524
85 99 0.079525

86 0 0.079463
86 1 0.079462
86 2 0.079463
86 3 0.079463
86 4 0.079463
86 5 0.079464
86 6 0.079464
86 7 0.079465
86 8 0.079465
86 9 0.079466
86 10 0.079467
86 11 0.079467
86 12 0.079468
86 13 0.079469
86 14 0.079470
86 15 0.079470
86 16 0.079471
86 17 0.079472
86 18 0.079473
86 19 0.079474
86 20 0.079474
86 21 0.079475
86 22 0.079476
86 23 0.079477
86 24 0.079478
86 25 0.079479
86 26 0.079480
86 27 0.079481
86 28 0.079483
86 29 0.079484
86 30 0.079485
86 31 0.079486
86 32 0.079487
86 33 0.079488
86 34 0.079489
86 35 0.079490
86 36 0.079491
86 37 0.079493
86 38 0.079494
86 39 0.079495
86 40 0.079496
86 41 0.079497
86 42 0.079498
86 43 0.079499
86 44 0.079499
86 45 0.079500
86 46 0.079501
86 47 0.079502
86 48 0.079503
86 49 0.079504
86 50 0.079505
86 51 0.079505
86 52 0.079506
86 53 0.079507
86 54 0.079508
86 55 0.079508
86 56 0.079509
86 57 0.079510
86 58 0.079510
86 59 0.079511
86 60 0.079511
86 61 0.079512
86 62 0.079513
86 63 0.079513
86 64 0.079514
86 65 0.079514
86 66 0.079515
86 67 0.079515
86 68 0.079516
86 69 0.079516
86 70 0.079517
86 71 0.079517
86 72 0.079518
86 73 0.079518
86 74 0.079519
86 75 0.079519
86 76 0.079520
86 77 0.079520
86 78 0.079520
86 79 0.079521
86 80 0.079521
86 81 0.079521
86 82 0.079522
86 83 0.079522
86 84 0.079522
86 85 0.079523
86 86 0.079523
86 87 0.079523
86 88 0.079523
86 89 0.079524
86 90 0.079524
86 91 0.079524
86 92 0.079524
86 93 0.079525
86 94 0.079525
86 95 0.079525
86 96 0.079525
86 97 0.079526
86 98 0.079525
86 99 0.079526

87 0 0.079463
87 1 0.079463
87 2 0.079464
87 3 0.079463
87 4 0.079464
87 5 0.079464
87 6 0.079465
87 7 0.079465
87 8 0.079466
87 9 0.079466
87 10 0.079467
87 11 0.079468
87 12 0.079469
87 13 0.079469
87 14 0.079470
87 15 0.079471
87 16 0.079472
87 17 0.079473
87 18 0.079474
87 19 0.079474
87 20 0.079475
87 21 0.079476
87 22 0.079477
87 23 0.079478
87 24 0.079479
87 25 0.079480
87 26 0.079482
87 27 0.079483
87 28 0.079484
87 29 0.079485
87 30 0.079486
87 31 0.079487
87 32 0.079488
87 33 0.079489
87 34 0.079491
87 35 0.079492
87 36 0.079493
87 37 0.079494
87 38 0.079495
87 39 0.079496
87 40 0.079497
87 41 0.079498
87 42 0.079499
87 43 0.079500
87 44 0.079501
87 45 0.079502
87 46 0.079503
87 47 0.079504
87 48 0.079504
87 49 0.079505
87 50 0.079506
87 51 0.079507
87 52 0.079507
87 53 0.079508
87 54 0.079509
87 55 0.079510
87 56 0.079510
87 57 0.079511
87 58 0.079512
87 59 0.079512
87 60 0.079513
87 61 0.079513
87 62 0.079514
87 63 0.079514
87 64 0.079515
87 65 0.079515
87 66 0.079516
87 67 0.079517
87 68 0.079517
87 69 0.079517
87 70 0.079518
87 71 0.079518
87 72 0.079519
87 73 0.079519
87 74 0.079520
87 75 0.079520
87 76 0.079521
87 77 0.079521
87 78 0.079521
87 79 0.079522
87 80 0.079522
87 81 0.079522
87 82 0.079523
87 83 0.079523
87 84 0.079523
87 85 0.079524
87 86 0.079524
87 87 0.079524
87 88 0.079524
87 89 0.079525
87 90 0.079525
87 91 0.079525
87 92 0.079525
87 93 0.079525
87 94 0.079526
87 95 0.079526
87 96 0.079526
87 97 0.079526
87 98 0.079526
87 99 0.079527

88 0 0.079464
88 1 0.079463
88 2 0.079464
88 3 0.079464
88 4 0.079464
88 5 0.079465
88 6 0.079465
88 7 0.079466
88 8 0.079466
88 9 0.079467
88 10 0.079468
88 11 0.079468
88 12 0.079469
88 13 0.079470
88 14 0.079471
88 15 0.079472
88 16 0.079473
88 17 0.079473
88 18 0.079474
88 19 0.079475
88 20 0.079476
88 21 0.079477
88 22 0.079478
88 23 0.079479
88 24 0.079480
88 25 0.079481
88 26 0.079482
88 27 0.079484
88 28 0.079485
88 29 0.079486
88 30 0.079487
88 31 0.079488
88 32 0.079489
88 33 0.079491
88 34 0.079492
88 35 0.079493
88 36 0.079494
88 37 0.079495
88 38 0.079496
88 39 0.079497
88 40 0.079498
88 41 0.079499
88 42 0.079500
88 43 0.079501
88 44 0.079502
88 45 0.079503
88 46 0.079504
88 47 0.079505
88 48 0.079506
88 49 0.079506
88 50 0.079507
88 51 0.079508
88 52 0.079509
88 53 0.079509
88 54 0.079510
88 55 0.079511
88 56 0.079511
88 57 0.079512
88 58 0.079513
88 59 0.079513
88 60 0.079514
88 61 0.079514
88 62 0.079515
88 63 0.079516
88 64 0.079516
88 65 0.079517
88 66 0.079517
88 67 0.079518
88 68 0.079518
88 69 0.079518
88 70 0.079519
88 71 0.079519
88 72 0.079520
88 73 0.079520
88 74 0.079521
88 75 0.079521
88 76 0.079521
88 77 0.079522
88 78 0.079522
88 79 0.079522
88 80 0.079523
88 81 0.079523
88 82 0.079523
88 83 0.079524
88 84 0.079524
88 85 0.079524
88 86 0.079525
88 87 0.079525
88 88 0.079525
88 89 0.079525
88 90 0.079525
88 91 0.079526
88 92 0.079526
88 93 0.079526
88 94 0.079526
88 95 0.079527
88 96 0.079527
88 97 0.079527
88 98 0.079526
88 99 0.079527

89 0 0.079464
89 1 0.079464
89 2 0.079464
89 3 0.079464
89 4 0.079465
89 5 0.079465
89 6 0.079466
89 7 0.079466
89 8 0.079467
89 9 0.079468
89 10 0.079468
89 11 0.079469
89 12 0.079470
89 13 0.079471
89 14 0.079471
89 15 0.079472
89 16 0.079473
89 17 0.079474
89 18 0.079475
89 19 0.079476
89 20 0.079477
89 21 0.079478
89 22 0.079479
89 23 0.079480
89 24 0.079481
89 25 0.079482
89 26 0.079484
89 27 0.079485
89 28 0.079486
89 29 0.079487
89 30 0.079488
89 31 0.079490
89 32 0.079491
89 33 0.079492
89 34 0.079493
89 35 0.079494
89 36 0.079495
89 37 0.079497
89 38 0.079498
89 39 0.079499
89 40 0.079500
89 41 0.079501
89 42 0.079502
89 43 0.079503
89 44 0.079504
89 45 0.079505
89 46 0.079506
89 47 0.079506
89 48 0.079507
89 49 0.079508
89 50 0.079509
89 51 0.079510
89 52 0.079510
89 53 0.079511
89 54 0.079512
89 55 0.079512
89 56 0.079513
89 57 0.079514
89 58 0.079514
89 59 0.079515
89 60 0.079515
89 61 0.079516
89 62 0.079517
89 63 0.079517
89 64 0.079518
89 65 0.079518
89 66 0.079519
89 67 0.079519
89 68 0.079519
89 69 0.079520
89 70 0.079520
89 71 0.079521
89 72 0.079521
89 73 0.079522
89 74 0.079522
89 75 0.079522
89 76 0.079523
89 77 0.079523
89 78 0.079523
89 79 0.079524
89 80 0.079524
89 81 0.079524
89 82 0.079525
89 83 0.079525
89 84 0.079525
89 85 0.079526
89 86 0.079526
89 87 0.079526
89 88 0.079526
89 89 0.079527
89 90 0.079527
89 91 0.079527
89 92 0.079527
89 93 0.079527
89 94 0.079528
89 95 0.079528
89 96 0.079528
89 97 0.079528
89 98 0.079528
89 99 0.079528

90 0 0.079465
90 1 0.079464
90 2 0.079465
90 3 0.079465
90 4 0.079466
90 5 0.079466
90 6 0.079466
90 7 0.079467
90 8 0.079468
90 9 0.079468
90 10 0.079469
90 11 0.079470
90 12 0.079471
90 13 0.079472
90 14 0.079472
90 15 0.079473
90 16 0.079474
90 17 0.079475
90 18 0.079476
90 19 0.079477
90 20 0.079478
90 21 0.079479
90 22 0.079480
90 23 0.079481
90 24 0.079482
90 25 0.079483
90 26 0.079485
90 27 0.079486
90 28 0.079487
90 29 0.079488
90 30 0.079489
90 31 0.079491
90 32 0.079492
90 33 0.079493
90 34 0.079494
90 35 0.079495
90 36 0.079497
90 37 0.079498
90 38 0.079499
90 39 0.079500
90 40 0.079501
90 41 0.079502
90 42 0.079503
90 43 0.079504
90 44 0.079505
90 45 0.079506
90 46 0.079507
90 47 0.079508
90 48 0.079509
90 49 0.079509
90 50 0.079510
90 51 0.079511
90 52 0.079512
90 53 0.079512
90 54 0.079513
90 55 0.079514
90 56 0.079514
90 57 0.079515
90 58 0.079515
90 59 0.079516
90 60 0.079517
90 61 0.079517
90 62 0.079518
90 63 0.079518
90 64 0.079519
90 65 0.079519
90 66 0.079520
90 67 0.079520
90 68 0.079520
90 69 0.079521
90 70 0.079521
90 71 0.079522
90 72 0.079522
90 73 0.079523
90 74 0.079523
90 75 0.079523
90 76 0.079524
90 77 0.079524
90 78 0.079524
90 79 0.079525
90 80 0.079525
90 81 0.079525
90 82 0.079526
90 83 0.079526
90 84 0.079526
90 85 0.079526
90 86 0.079527
90 87 0.079527
90 88 0.079527
90 89 0.079527
90 90 0.079527
90 91 0.079528
90 92 0.079528
90 93 0.079528
90 94 0.079528
90 95 0.079528
90 96 0.079528
90 97 0.079529
90 98 0.079528
90 99 0.079529

91 0 0.079465
91 1 0.079465
91 2 0.079465
91 3 0.079465
91 4 0.079466
91 5 0.079466
91 6 0.079467
91 7 0.079468
91 8 0.079468
91 9 0.079469
91 10 0.079470
91 11 0.079470
91 12 0.079471
91 13 0.079472
91 14 0.079473
91 15 0.079474
91 16 0.079475
91 17 0.079476
91 18 0.079477
91 19 0.079478
91 20 0.079479
91 21 0.079480
91 22 0.079481
91 23 0.079482
91 24 0.079483
91 25 0.079484
91 26 0.079486
91 27 0.079487
91 28 0.079488
91 29 0.079489
91 30 0.079491
91 31 0.079492
91 32 0.079493
91 33 0.079494
91 34 0.079495
91 35 0.079497
91 36 0.079498
91 37 0.079499
91 38 0.079500
91 39 0.079501
91 40 0.079502
91 41 0.079503
91 42 0.079504
91 43 0.079505
91 44 0.079506
91 45 0.079507
91 46 0.079508
91 47 0.079509
91 48 0.079510
91 49 0.079511
91 50 0.079511
91 51 0.079512
91 52 0.079513
91 53 0.079514
91 54 0.079514
91 55 0.079515
91 56 0.079515
91 57 0.079516
91 58 0.079517
91 59 0.079517
91 60 0.079518
91 61 0.079518
91 62 0.079519
91 63 0.079519
91 64 0.079520
91 65 0.079520
91 66 0.079521
91 67 0.079521
91 68 0.079521
91 69 0.079522
91 70 0.079522
91 71 0.079523
91 72 0.079523
91 73 0.079523
91 74 0.079524
91 75 0.079524
91 76 0.079525
91 77 0.079525
91 78 0.079525
91 79 0.079525
91 80 0.079526
91 81 0.079526
91 82 0.079526
91 83 0.079527
91 84 0.079527
91 85 0.079527
91 86 0.079527
91 87 0.079528
91 88 0.079528
91 89 0.079528
91 90 0.079528
91 91 0.079528
91 92 0.079529
91 93 0.079529
91 94 0.079529
91 95 0.079529
91 96 0.079529
91 97 0.079530
91 98 0.079529
91 99 0.079530

92 0 0.079466
92 1 0.079465
92 2 0.079466
92 3 0.079466
92 4 0.079466
92 5 0.079467
92 6 0.079467
92 7 0.079468
92 8 0.079469
92 9 0.079470
92 10 0.079470
92 11 0.079471
92 12 0.079472
92 13 0.079473
92 14 0.079474
92 15 0.079475
92 16 0.079476
92 17 0.079477
92 18 0.079478
92 19 0.079479
92 20 0.079480
92 21 0.079481
92 22 0.079482
92 23 0.079483
92 24 0.079484
92 25 0.079485
92 26 0.079487
92 27 0.079488
92 28 0.079489
92 29 0.079490
92 30 0.079492
92 31 0.079493
92 32 0.079494
92 33 0.079495
92 34 0.079497
92 35 0.079498
92 36 0.079499
92 37 0.079500
92 38 0.079501
92 39 0.079502
92 40 0.079503
92 41 0.079504
92 42 0.079506
92 43 0.079506
92 44 0.079507
92 45 0.079508
92 46 0.079509
92 47 0.079510
92 48 0.079511
92 49 0.079512
92 50 0.079513
92 51 0.079513
92 52 0.079514
92 53 0.079515
92 54 0.079515
92 55 0.079516
92 56 0.079517
92 57 0.079517
92 58 0.079518
92 59 0.079518
92 60 0.079519
92 61 0.079519
92 62 0.079520
92 63 0.079520
92 64 0.079521
92 65 0.079521
92 66 0.079522
92 67 0.079522
92 68 0.079523
92 69 0.079523
92 70 0.079523
92 71 0.079524
92 72 0.079524
92 73 0.079525
92 74 0.079525
92 75 0.079525
92 76 0.079526
92 77 0.079526
92 78 0.079526
92 79 0.079526
92 80 0.079527
92 81 0.079527
92 82 0.079527
92 83 0.079528
92 84 0.079528
92 85 0.079528
92 86 0.079528
92 87 0.079529
92 88 0.079529
92 89 0.079529
92 90 0.079529
92 91 0.079529
92 92 0.079529
92 93 0.079530
92 94 0.079530
92 95 0.079530
92 96 0.079530
92 97 0.079530
92 98 0.079530
92 99 0.079531

93 0 0.079466
93 1 0.079466
93 2 0.079467
93 3 0.079467
93 4 0.079467
93 5 0.079468
93 6 0.079468
93 7 0.079469
93 8 0.079469
93 9 0.079470
93 10 0.079471
93 11 0.079472
93 12 0.079473
93 13 0.079473
93 14 0.079474
93 15 0.079475
93 16 0.079476
93 17 0.079477
93 18 0.079478
93 19 0.079479
93 20 0.079480
93 21 0.079481
93 22 0.079483
93 23 0.079484
93 24 0.079485
93 25 0.079486
93 26 0.079487
93 27 0.079489
93 28 0.079490
93 29 0.079491
93 30 0.079493
93 31 0.079494
93 32 0.079495
93 33 0.079496
93 34 0.079498
93 35 0.079499
93 36 0.079500
93 37 0.079501
93 38 0.079502
93 39 0.079503
93 40 0.079504
93 41 0.079505
93 42 0.079507
93 43 0.079508
93 44 0.079508
93 45 0.079509
93 46 0.079510
93 47 0.079511
93 48 0.079512
93 49 0.079513
93 50 0.079514
93 51 0.079514
93 52 0.079515
93 53 0.079516
93 54 0.079516
93 55 0.079517
93 56 0.079518
93 57 0.079518
93 58 0.079519
93 59 0.079519
93 60 0.079520
93 61 0.079520
93 62 0.079521
93 63 0.079521
93 64 0.079522
93 65 0.079522
93 66 0.079523
93 67 0.079523
93 68 0.079523
93 69 0.079524
93 70 0.079524
93 71 0.079525
93 72 0.079525
93 73 0.079525
93 74 0.079526
93 75 0.079526
93 76 0.079526
93 77 0.079527
93 78 0.079527
93 79 0.079527
93 80 0.079527
93 81 0.079528
93 82 0.079528
93 83 0.079528
93 84 0.079528
93 85 0.079529
93 86 0.079529
93 87 0.079529
93 88 0.079529
93 89 0.079529
93 90 0.079530
93 91 0.079530
93 92 0.079530
93 93 0.079530
93 94 0.079530
93 95 0.079530
93 96 0.079530
93 97 0.079531
93 98 0.079530
93 99 0.079531

94 0 0.079467
94 1 0.079466
94 2 0.079467
94 3 0.079467
94 4 0.079467
94 5 0.079468
94 6 0.079468
94 7 0.079469
94 8 0.079470
94 9 0.079471
94 10 0.079471
94 11 0.079472
94 12 0.079473
94 13 0.079474
94 14 0.079475
94 15 0.079476
94 16 0.079477
94 17 0.079478
94 18 0.079479
94 19 0.079480
94 20 0.079481
94 21 0.079482
94 22 0.079483
94 23 0.079485
94 24 0.079486
94 25 0.079487
94 26 0.079488
94 27 0.079490
94 28 0.079491
94 29 0.079492
94 30 0.079493
94 31 0.079495
94 32 0.079496
94 33 0.079497
94 34 0.079499
94 35 0.079500
94 36 0.079501
94 37 0.079502
94 38 0.079503
94 39 0.079504
94 40 0.079506
94 41 0.079507
94 42 0.079508
94 43 0.079509
94 44 0.079510
94 45 0.079511
94 46 0.079511
94 47 0.079512
94 48 0.079513
94 49 0.079514
94 50 0.079515
94 51 0.079516
94 52 0.079516
94 53 0.079517
94 54 0.079518
94 55 0.079518
94 56 0.079519
94 57 0.079519
94 58 0.079520
94 59 0.079520
94 60 0.079521
94 61 0.079521
94 62 0.079522
94 63 0.079522
94 64 0.079523
94 65 0.079523
94 66 0.079524
94 67 0.079524
94 68 0.079524
94 69 0.079525
94 70 0.079525
94 71 0.079526
94 72 0.079526
94 73 0.079526
94 74 0.079527
94 75 0.079527
94 76 0.079527
94 77 0.079527
94 78 0.079528
94 79 0.079528
94 80 0.079528
94 81 0.079529
94 82 0.079529
94 83 0.079529
94 84 0.079529
94 85 0.079530
94 86 0.079530
94 87 0.079530
94 88 0.079530
94 89 0.079530
94 90 0.079530
94 91 0.079531
94 92 0.079531
94 93 0.079531
94 94 0.079531
94 95 0.079531
94 96 0.079531
94 97 0.079532
94 98 0.079531
94 99 0.079532

95 0 0.079467
95 1 0.079467
95 2 0.079468
95 3 0.079468
95 4 0.079468
95 5 0.079469
95 6 0.079469
95 7 0.079470
95 8 0.079471
95 9 0.079471
95 10 0.079472
95 11 0.079473
95 12 0.079474
95 13 0.079475
95 14 0.079476
95 15 0.079477
95 16 0.079478
95 17 0.079479
95 18 0.079480
95 19 0.079481
95 20 0.079482
95 21 0.079483
95 22 0.079484
95 23 0.079485
95 24 0.079487
95 25 0.079488
95 26 0.079489
95 27 0.079490
95 28 0.079492
95 29 0.079493
95 30 0.079494
95 31 0.079496
95 32 0.079497
95 33 0.079498
95 34 0.079499
95 35 0.079501
95 36 0.079502
95 37 0.079503
95 38 0.079504
95 39 0.079505
95 40 0.079506
95 41 0.079507
95 42 0.079508
95 43 0.079509
95 44 0.079510
95 45 0.079511
95 46 0.079512
95 47 0.079513
95 48 0.079514
95 49 0.079515
95 50 0.079516
95 51 0.079516
95 52 0.079517
95 53 0.079518
95 54 0.079518
95 55 0.079519
95 56 0.079520
95 57 0.079520
95 58 0.079521
95 59 0.079521
95 60 0.079522
95 61 0.079522
95 62 0.079523
95 63 0.079523
95 64 0.079523
95 65 0.079524
95 66 0.079524
95 67 0.079525
95 68 0.079525
95 69 0.079525
95 70 0.079526
95 71 0.079526
95 72 0.079527
95 73 0.079527
95 74 0.079527
95 75 0.079527
95 76 0.079528
95 77 0.079528
95 78 0.079528
95 79 0.079529
95 80 0.079529
95 81 0.079529
95 82 0.079529
95 83 0.079530
95 84 0.079530
95 85 0.079530
95 86 0.079530
95 87 0.079530
95 88 0.079531
95 89 0.079531
95 90 0.079531
95 91 0.079531
95 92 0.079531
95 93 0.079531
95 94 0.079531
95 95 0.079532
95 96 0.079532
95 97 0.079532
95 98 0.079532
95 99 0.079532

96 0 0.079467
96 1 0.079467
96 2 0.079467
96 3 0.079467
96 4 0.079468
96 5 0.079468
96 6 0.079469
96 7 0.079470
96 8 0.079470
96 9 0.079471
96 10 0.079472
96 11 0.079473
96 12 0.079474
96 13 0.079475
96 14 0.079476
96 15 0.079477
96 16 0.079478
96 17 0.079479
96 18 0.079480
96 19 0.079481
96 20 0.079482
96 21 0.079484
96 22 0.079485
96 23 0.079486
96 24 0.079487
96 25 0.079488
96 26 0.079490
96 27 0.079491
96 28 0.079492
96 29 0.079494
96 30 0.079495
96 31 0.079496
96 32 0.079498
96 33 0.079499
96 34 0.079500
96 35 0.079502
96 36 0.079503
96 37 0.079504
96 38 0.079505
96 39 0.079506
96 40 0.079507
96 41 0.079508
96 42 0.079509
96 43 0.079510
96 44 0.079511
96 45 0.079512
96 46 0.079513
96 47 0.079514
96 48 0.079515
96 49 0.079516
96 50 0.079517
96 51 0.079517
96 52 0.079518
96 53 0.079519
96 54 0.079519
96 55 0.079520
96 56 0.079520
96 57 0.079521
96 58 0.079522
96 59 0.079522
96 60 0.079523
96 61 0.079523
96 62 0.079523
96 63 0.079524
96 64 0.079524
96 65 0.079525
96 66 0.079525
96 67 0.079525
96 68 0.079526
96 69 0.079526
96 70 0.079527
96 71 0.079527
96 72 0.079527
96 73 0.079528
96 74 0.079528
96 75 0.079528
96 76 0.079528
96 77 0.079529
96 78 0.079529
96 79 0.079529
96 80 0.079529
96 81 0.079530
96 82 0.079530
96 83 0.079530
96 84 0.079530
96 85 0.079531
96 86 0.079531
96 87 0.079531
96 88 0.079531
96 89 0.079531
96 90 0.079531
96 91 0.079531
96 92 0.079532
96 93 0.079532
96 94 0.079532
96 95 0.079532
96 96 0.079532
96 97 0.079533
96 98 0.079532
96 99 0.079533

97 0 0.079468
97 1 0.079468
97 2 0.079469
97 3 0.079469
97 4 0.079469
97 5 0.079470
97 6 0.079470
97 7 0.079471
97 8 0.079472
97 9 0.079473
97 10 0.079473
97 11 0.079474
97 12 0.079475
97 13 0.079476
97 14 0.079477
97 15 0.079478
97 16 0.079479
97 17 0.079480
97 18 0.079481
97 19 0.079482
97 20 0.079483
97 21 0.079484
97 22 0.079486
97 23 0.079487
97 24 0.079488
97 25 0.079489
97 26 0.079491
97 27 0.079492
97 28 0.079493
97 29 0.079494
97 30 0.079496
97 31 0.079497
97 32 0.079498
97 33 0.079500
97 34 0.079501
97 35 0.079502
97 36 0.079503
97 37 0.079504
97 38 0.079506
97 39 0.079507
97 40 0.079508
97 41 0.079509
97 42 0.079510
97 43 0.079511
97 44 0.079512
97 45 0.079513
97 46 0.079514
97 47 0.079515
97 48 0.079516
97 49 0.079516
97 50 0.079517
97 51 0.079518
97 52 0.079519
97 53 0.079519
97 54 0.079520
97 55 0.079521
97 56 0.079521
97 57 0.079522
97 58 0.079522
97 59 0.079523
97 60 0.079523
97 61 0.079524
97 62 0.079524
97 63 0.079525
97 64 0.079525
97 65 0.079525
97 66 0.079526
97 67 0.079526
97 68 0.079527
97 69 0.079527
97 70 0.079527
97 71 0.079528
97 72 0.079528
97 73 0.079528
97 74 0.079529
97 75 0.079529
97 76 0.079529
97 77 0.079530
97 78 0.079530
97 79 0.079530
97 80 0.079530
97 81 0.079531
97 82 0.079531
97 83 0.079531
97 84 0.079531
97 85 0.079531
97 86 0.079532
97 87 0.079532
97 88 0.079532
97 89 0.079532
97 90 0.079532
97 91 0.079532
97 92 0.079532
97 93 0.079532
97 94 0.079533
97 95 0.079533
97 96 0.079533
97 97 0.079533
97 98 0.079533
97 99 0.079534

98 0 0.079468
98 1 0.079468
98 2 0.079468
98 3 0.079468
98 4 0.079469
98 5 0.079469
98 6 0.079470
98 7 0.079471
98 8 0.079471
98 9 0.079472
98 10 0.079473
98 11 0.079474
98 12 0.079475
98 13 0.079476
98 14 0.079477
98 15 0.079478
98 16 0.079479
98 17 0.079480
98 18 0.079481
98 19 0.079483
98 20 0.079484
98 21 0.079485
98 22 0.079486
98 23 0.079487
98 24 0.079489
98 25 0.079490
98 26 0.079491
98 27 0.079492
98 28 0.079494
98 29 0.079495
98 30 0.079496
98 31 0.079498
98 32 0.079499
98 33 0.079500
98 34 0.079502
98 35 0.079503
98 36 0.079504
98 37 0.079505
98 38 0.079507
98 39 0.079508
98 40 0.079509
98 41 0.079510
98 42 0.079511
98 43 0.079512
98 44 0.079513
98 45 0.079514
98 46 0.079515
98 47 0.079516
98 48 0.079516
98 49 0.079517
98 50 0.079518
98 51 0.079519
98 52 0.079519
98 53 0.079520
98 54 0.079521
98 55 0.079521
98 56 0.079522
98 57 0.079522
98 58 0.079523
98 59 0.079523
98 60 0.079524
98 61 0.079524
98 62 0.079525
98 63 0.079525
98 64 0.079525
98 65 0.079526
98 66 0.079526
98 67 0.079527
98 68 0.079527
98 69 0.079527
98 70 0.079528
98 71 0.079528
98 72 0.079528
98 73 0.079529
98 74 0.079529
98 75 0.079529
98 76 0.079529
98 77 0.079530
98 78 0.079530
98 79 0.079530
98 80 0.079530
98 81 0.079531
98 82 0.079531
98 83 0.079531
98 84 0.079531
98 85 0.079531
98 86 0.079532
98 87 0.079532
98 88 0.079532
98 89 0.079532
98 90 0.079532
98 91 0.079532
98 92 0.079532
98 93 0.079532
98 94 0.079533
98 95 0.079533
98 96 0.079533
98 97 0.079533
98 98 0.079533
98 99 0.079534

99 0 0.079468
99 1 0.079468
99 2 0.079468
99 3 0.079469
99 4 0.079469
99 5 0.079470
99 6 0.079470
99 7 0.079471
99 8 0.079472
99 9 0.079473
99 10 0.079473
99 11 0.079474
99 12 0.079475
99 13 0.079476
99 14 0.079477
99 15 0.079478
99 16 0.079479
99 17 0.079480
99 18 0.079482
99 19 0.079483
99 20 0.079484
99 21 0.079485
99 22 0.079486
99 23 0.079487
99 24 0.079489
99 25 0.079490
99 26 0.079491
99 27 0.079493
99 28 0.079494
99 29 0.079495
99 30 0.079497
99 31 0.079498
99 32 0.079499
99 33 0.079501
99 34 0.079502
99 35 0.079503
99 36 0.079504
99 37 0.079506
99 38 0.079507
99 39 0.079508
99 40 0.079509
99 41 0.079510
99 42 0.079511
99 43 0.079512
99 44 0.079513
99 45 0.079514
99 46 0.079515
99 47 0.079516
99 48 0.079517
99 49 0.079518
99 50 0.079518
99 51 0.079519
99 52 0.079520
99 53 0.079521
99 54 0.079521
99 55 0.079522
99 56 0.079522
99 57 0.079523
99 58 0.079523
99 59 0.079524
99 60 0.079524
99 61 0.079525
99 62 0.079525
99 63 0.079526
99 64 0.079526
99 65 0.079527
99 66 0.079527
99 67 0.079527
99 68 0.079528
99 69 0.079528
99 70 0.079528
99 71 0.079529
99 72 0.079529
99 73 0.079529
99 74 0.079530
99 75 0.079530
99 76 0.079530
99 77 0.079530
99 78 0.079531
99 79 0.079531
99 80 0.079531
99 81 0.079531
99 82 0.079532
99 83 0.079532
99 84 0.079532
99 85 0.079532
99 86 0.079532
99 87 0.079532
99 88 0.079533
99 89 0.079533
99 90 0.079533
99 91 0.079533
99 92 0.079533
99 93 0.079533
99 94 0.079533
99 95 0.079533
99 96 0.079533
99 97 0.079534
99 98 0.079534
99 99 0.079534

