0 0 0.079427
0 1 0.079427
0 2 0.079427
0 3 0.079427
0 4 0.079428
0 5 0.079428
0 6 0.079429
0 7 0.079429
0 8 0.079429
0 9 0.079430
0 10 0.079430
0 11 0.079431
0 12 0.079432
0 13 0.079432
0 14 0.079433
0 15 0.079433
0 16 0.079433
0 17 0.079434
0 18 0.079434
0 19 0.079435
0 20 0.079435
0 21 0.079435
0 22 0.079436
0 23 0.079436
0 24 0.079436
0 25 0.079436
0 26 0.079437
0 27 0.079437
0 28 0.079437
0 29 0.079437
0 30 0.079437
0 31 0.079438
0 32 0.079438
0 33 0.079438
0 34 0.079438
0 35 0.079438
0 36 0.079438
0 37 0.079438
0 38 0.079438
0 39 0.079438
0 40 0.079439
0 41 0.079439
0 42 0.079439
0 43 0.079439
0 44 0.079440
0 45 0.079440
0 46 0.079440
0 47 0.079441
0 48 0.079441
0 49 0.079441
0 50 0.079442
0 51 0.079442
0 52 0.079442
0 53 0.079443
0 54 0.079443
0 55 0.079443
0 56 0.079443
0 57 0.079443
0 58 0.079442
0 59 0.079442
0 60 0.079442
0 61 0.079441
0 62 0.079441
0 63 0.079440
0 64 0.079440
0 65 0.079439
0 66 0.079439
0 67 0.079438
0 68 0.079438
0 69 0.079438
0 70 0.079437
0 71 0.079437
0 72 0.079436
0 73 0.079436
0 74 0.079436
0 75 0.079436
0 76 0.079436
0 77 0.079436
0 78 0.079436
0 79 0.079436
0 80 0.079436
0 81 0.079436
0 82 0.079436
0 83 0.079436
0 84 0.079436
0 85 0.079436
0 86 0.079436
0 87 0.079436
0 88 0.079437
0 89 0.079437
0 90 0.079437
0 91 0.079438
0 92 0.079438
0 93 0.079438
0 94 0.079439
0 95 0.079439
0 96 0.079439
0 97 0.079439
0 98 0.079440
0 99 0.079440

1 0 0.079427
1 1 0.079428
1 2 0.079428
1 3 0.079428
1 4 0.079429
1 5 0.079429
1 6 0.079429
1 7 0.079430
1 8 0.079430
1 9 0.079431
1 10 0.079431
1 11 0.079432
1 12 0.079432
1 13 0.079433
1 14 0.079433
1 15 0.079434
1 16 0.079434
1 17 0.079434
1 18 0.079435
1 19 0.079435
1 20 0.079435
1 21 0.079436
1 22 0.079436
1 23 0.079436
1 24 0.079437
1 25 0.079437
1 26 0.079437
1 27 0.079437
1 28 0.079437
1 29 0.079438
1 30 0.079438
1 31 0.079438
1 32 0.079438
1 33 0.079438
1 34 0.079438
1 35 0.079438
1 36 0.079438
1 37 0.079438
1 38 0.079439
1 39 0.079439
1 40 0.079439
1 41 0.079439
1 42 0.079439
1 43 0.079439
1 44 0.079440
1 45 0.079440
1 46 0.079440
1 47 0.079441
1 48 0.079441
1 49 0.079441
1 50 0.079442
1 51 0.079442
1 52 0.079442
1 53 0.079442
1 54 0.079443
1 55 0.079443
1 56 0.079443
1 57 0.079442
1 58 0.079442
1 59 0.079442
1 60 0.079441
1 61 0.079441
1 62 0.079441
1 63 0.079440
1 64 0.079440
1 65 0.079439
1 66 0.079439
1 67 0.079438
1 68 0.079438
1 69 0.079437
1 70 0.079437
1 71 0.079437
1 72 0.079436
1 73 0.079436
1 74 0.079436
1 75 0.079436
1 76 0.079436
1 77 0.079436
1 78 0.079436
1 79 0.079436
1 80 0.079436
1 81 0.079436
1 82 0.079436
1 83 0.079436
1 84 0.079436
1 85 0.079437
1 86 0.079437
1 87 0.079437
1 88 0.079437
1 89 0.079438
1 90 0.079438
1 91 0.079438
1 92 0.079439
1 93 0.079439
1 94 0.079439
1 95 0.079439
1 96 0.079440
1 97 0.079440
1 98 0.079440
1 99 0.079440

2 0 0.079427
2 1 0.079428
2 2 0.079428
2 3 0.079428
2 4 0.079429
2 5 0.079429
2 6 0.079430
2 7 0.079430
2 8 0.079430
2 9 0.079431
2 10 0.079431
2 11 0.079432
2 12 0.079432
2 13 0.079433
2 14 0.079433
2 15 0.079434
2 16 0.079434
2 17 0.079435
2 18 0.079435
2 19 0.079435
2 20 0.079436
2 21 0.079436
2 22 0.079436
2 23 0.079436
2 24 0.079437
2 25 0.079437
2 26 0.079437
2 27 0.079437
2 28 0.079437
2 29 0.079437
2 30 0.079438
2 31 0.079438
2 32 0.079438
2 33 0.079438
2 34 0.079438
2 35 0.079438
2 36 0.079438
2 37 0.079438
2 38 0.079438
2 39 0.079438
2 40 0.079439
2 41 0.079439
2 42 0.079439
2 43 0.079439
2 44 0.079440
2 45 0.079440
2 46 0.079440
2 47 0.079441
2 48 0.079441
2 49 0.079441
2 50 0.079442
2 51 0.079442
2 52 0.079442
2 53 0.079442
2 54 0.079443
2 55 0.079443
2 56 0.079442
2 57 0.079442
2 58 0.079442
2 59 0.079442
2 60 0.079441
2 61 0.079441
2 62 0.079441
2 63 0.079440
2 64 0.079440
2 65 0.079439
2 66 0.079439
2 67 0.079438
2 68 0.079438
2 69 0.079438
2 70 0.079437
2 71 0.079437
2 72 0.079437
2 73 0.079437
2 74 0.079437
2 75 0.079437
2 76 0.079437
2 77 0.079437
2 78 0.079437
2 79 0.079437
2 80 0.079437
2 81 0.079437
2 82 0.079437
2 83 0.079437
2 84 0.079437
2 85 0.079437
2 86 0.079437
2 87 0.079437
2 88 0.079438
2 89 0.079438
2 90 0.079438
2 91 0.079439
2 92 0.079439
2 93 0.079439
2 94 0.079439
2 95 0.079440
2 96 0.079440
2 97 0.079440
2 98 0.079441
2 99 0.079440

3 0 0.079428
3 1 0.079429
3 2 0.079429
3 3 0.079429
3 4 0.079429
3 5 0.079430
3 6 0.079430
3 7 0.079431
3 8 0.079431
3 9 0.079432
3 10 0.079432
3 11 0.079433
3 12 0.079433
3 13 0.079434
3 14 0.079434
3 15 0.079435
3 16 0.079435
3 17 0.079435
3 18 0.079436
3 19 0.079436
3 20 0.079436
3 21 0.079436
3 22 0.079437
3 23 0.079437
3 24 0.079437
3 25 0.079437
3 26 0.079437
3 27 0.079438
3 28 0.079438
3 29 0.079438
3 30 0.079438
3 31 0.079438
3 32 0.079438
3 33 0.079438
3 34 0.079438
3 35 0.079438
3 36 0.079438
3 37 0.079438
3 38 0.079438
3 39 0.079439
3 40 0.079439
3 41 0.079439
3 42 0.079439
3 43 0.079439
3 44 0.079440
3 45 0.079440
3 46 0.079440
3 47 0.079441
3 48 0.079441
3 49 0.079442
3 50 0.079442
3 51 0.079442
3 52 0.079442
3 53 0.079443
3 54 0.079443
3 55 0.079443
3 56 0.079443
3 57 0.079442
3 58 0.079442
3 59 0.079442
3 60 0.079441
3 61 0.079441
3 62 0.079441
3 63 0.079440
3 64 0.079440
3 65 0.079439
3 66 0.079439
3 67 0.079439
3 68 0.079438
3 69 0.079438
3 70 0.079438
3 71 0.079437
3 72 0.079437
3 73 0.079437
3 74 0.079437
3 75 0.079437
3 76 0.079437
3 77 0.079437
3 78 0.079437
3 79 0.079437
3 80 0.079437
3 81 0.079437
3 82 0.079437
3 83 0.079437
3 84 0.079437
3 85 0.079438
3 86 0.079438
3 87 0.079438
3 88 0.079438
3 89 0.079439
3 90 0.079439
3 91 0.079439
3 92 0.079440
3 93 0.079440
3 94 0.079440
3 95 0.079440
3 96 0.079441
3 97 0.079441
3 98 0.079442
3 99 0.079441

4 0 0.079428
4 1 0.079429
4 2 0.079429
4 3 0.079430
4 4 0.079430
4 5 0.079430
4 6 0.079431
4 7 0.079431
4 8 0.079432
4 9 0.079432
4 10 0.079433
4 11 0.079433
4 12 0.079434
4 13 0.079434
4 14 0.079435
4 15 0.079435
4 16 0.079435
4 17 0.079436
4 18 0.079436
4 19 0.079436
4 20 0.079437
4 21 0.079437
4 22 0.079437
4 23 0.079437
4 24 0.079437
4 25 0.079437
4 26 0.079438
4 27 0.079438
4 28 0.079438
4 29 0.079438
4 30 0.079438
4 31 0.079438
4 32 0.079438
4 33 0.079438
4 34 0.079438
4 35 0.079438
4 36 0.079438
4 37 0.079438
4 38 0.079439
4 39 0.079439
4 40 0.079439
4 41 0.079439
4 42 0.079439
4 43 0.079440
4 44 0.079440
4 45 0.079440
4 46 0.079441
4 47 0.079441
4 48 0.079441
4 49 0.079442
4 50 0.079442
4 51 0.079442
4 52 0.079443
4 53 0.079443
4 54 0.079443
4 55 0.079443
4 56 0.079442
4 57 0.079442
4 58 0.079442
4 59 0.079442
4 60 0.079441
4 61 0.079441
4 62 0.079441
4 63 0.079440
4 64 0.079440
4 65 0.079439
4 66 0.079439
4 67 0.079439
4 68 0.079438
4 69 0.079438
4 70 0.079438
4 71 0.079438
4 72 0.079438
4 73 0.079438
4 74 0.079438
4 75 0.079438
4 76 0.079438
4 77 0.079438
4 78 0.079438
4 79 0.079438
4 80 0.079438
4 81 0.079438
4 82 0.079438
4 83 0.079438
4 84 0.079438
4 85 0.079438
4 86 0.079439
4 87 0.079439
4 88 0.079439
4 89 0.079439
4 90 0.079440
4 91 0.079440
4 92 0.079440
4 93 0.079441
4 94 0.079441
4 95 0.079441
4 96 0.079442
4 97 0.079442
4 98 0.079442
4 99 0.079442

5 0 0.079429
5 1 0.079430
5 2 0.079430
5 3 0.079430
5 4 0.079431
5 5 0.079431
5 6 0.079432
5 7 0.079432
5 8 0.079432
5 9 0.079433
5 10 0.079434
5 11 0.079434
5 12 0.079435
5 13 0.079435
5 14 0.079435
5 15 0.079436
5 16 0.079436
5 17 0.079437
5 18 0.079437
5 19 0.079437
5 20 0.079437
5 21 0.079437
5 22 0.079438
5 23 0.079438
5 24 0.079438
5 25 0.079438
5 26 0.079438
5 27 0.079438
5 28 0.079438
5 29 0.079438
5 30 0.079438
5 31 0.079438
5 32 0.079438
5 33 0.079438
5 34 0.079438
5 35 0.079438
5 36 0.079438
5 37 0.079439
5 38 0.079439
5 39 0.079439
5 40 0.079439
5 41 0.079439
5 42 0.079439
5 43 0.079440
5 44 0.079440
5 45 0.079440
5 46 0.079441
5 47 0.079441
5 48 0.079442
5 49 0.079442
5 50 0.079442
5 51 0.079443
5 52 0.079443
5 53 0.079443
5 54 0.079443
5 55 0.079443
5 56 0.079443
5 57 0.079442
5 58 0.079442
5 59 0.079442
5 60 0.079441
5 61 0.079441
5 62 0.079441
5 63 0.079440
5 64 0.079440
5 65 0.079440
5 66 0.079439
5 67 0.079439
5 68 0.079439
5 69 0.079439
5 70 0.079439
5 71 0.079438
5 72 0.079438
5 73 0.079438
5 74 0.079438
5 75 0.079438
5 76 0.079438
5 77 0.079439
5 78 0.079439
5 79 0.079439
5 80 0.079439
5 81 0.079439
5 82 0.079439
5 83 0.079439
5 84 0.079439
5 85 0.079439
5 86 0.079439
5 87 0.079440
5 88 0.079440
5 89 0.079440
5 90 0.079440
5 91 0.079440
5 92 0.079441
5 93 0.079441
5 94 0.079441
5 95 0.079442
5 96 0.079442
5 97 0.079442
5 98 0.079443
5 99 0.079442

6 0 0.079430
6 1 0.079430
6 2 0.079430
6 3 0.079431
6 4 0.079431
6 5 0.079431
6 6 0.079432
6 7 0.079432
6 8 0.079433
6 9 0.079433
6 10 0.079434
6 11 0.079434
6 12 0.079435
6 13 0.079435
6 14 0.079436
6 15 0.079436
6 16 0.079437
6 17 0.079437
6 18 0.079437
6 19 0.079437
6 20 0.079438
6 21 0.079438
6 22 0.079438
6 23 0.079438
6 24 0.079438
6 25 0.079438
6 26 0.079438
6 27 0.079438
6 28 0.079438
6 29 0.079438
6 30 0.079438
6 31 0.079438
6 32 0.079438
6 33 0.079438
6 34 0.079439
6 35 0.079439
6 36 0.079439
6 37 0.079439
6 38 0.079439
6 39 0.079439
6 40 0.079439
6 41 0.079439
6 42 0.079440
6 43 0.079440
6 44 0.079440
6 45 0.079441
6 46 0.079441
6 47 0.079441
6 48 0.079442
6 49 0.079442
6 50 0.079442
6 51 0.079443
6 52 0.079443
6 53 0.079443
6 54 0.079443
6 55 0.079443
6 56 0.079443
6 57 0.079442
6 58 0.079442
6 59 0.079442
6 60 0.079441
6 61 0.079441
6 62 0.079441
6 63 0.079440
6 64 0.079440
6 65 0.079440
6 66 0.079440
6 67 0.079439
6 68 0.079439
6 69 0.079439
6 70 0.079439
6 71 0.079439
6 72 0.079439
6 73 0.079439
6 74 0.079439
6 75 0.079439
6 76 0.079439
6 77 0.079439
6 78 0.079439
6 79 0.079439
6 80 0.079439
6 81 0.079439
6 82 0.079439
6 83 0.079439
6 84 0.079439
6 85 0.079440
6 86 0.079440
6 87 0.079440
6 88 0.079440
6 89 0.079441
6 90 0.079441
6 91 0.079441
6 92 0.079442
6 93 0.079442
6 94 0.079442
6 95 0.079442
6 96 0.079443
6 97 0.079443
6 98 0.079444
6 99 0.079443

7 0 0.079430
7 1 0.079431
7 2 0.079431
7 3 0.079431
7 4 0.079432
7 5 0.079432
7 6 0.079433
7 7 0.079433
7 8 0.079434
7 9 0.079434
7 10 0.079435
7 11 0.079435
7 12 0.079436
7 13 0.079436
7 14 0.079437
7 15 0.079437
7 16 0.079437
7 17 0.079438
7 18 0.079438
7 19 0.079438
7 20 0.079438
7 21 0.079438
7 22 0.079439
7 23 0.079439
7 24 0.079439
7 25 0.079439
7 26 0.079439
7 27 0.079439
7 28 0.079439
7 29 0.079439
7 30 0.079439
7 31 0.079439
7 32 0.079439
7 33 0.079439
7 34 0.079439
7 35 0.079439
7 36 0.079439
7 37 0.079439
7 38 0.079439
7 39 0.079439
7 40 0.079439
7 41 0.079439
7 42 0.079440
7 43 0.079440
7 44 0.079440
7 45 0.079441
7 46 0.079441
7 47 0.079442
7 48 0.079442
7 49 0.079442
7 50 0.079443
7 51 0.079443
7 52 0.079443
7 53 0.079443
7 54 0.079443
7 55 0.079443
7 56 0.079443
7 57 0.079443
7 58 0.079442
7 59 0.079442
7 60 0.079442
7 61 0.079441
7 62 0.079441
7 63 0.079441
7 64 0.079441
7 65 0.079440
7 66 0.079440
7 67 0.079440
7 68 0.079440
7 69 0.079440
7 70 0.079440
7 71 0.079440
7 72 0.079439
7 73 0.079439
7 74 0.079440
7 75 0.079440
7 76 0.079440
7 77 0.079440
7 78 0.079440
7 79 0.079440
7 80 0.079440
7 81 0.079440
7 82 0.079440
7 83 0.079440
7 84 0.079440
7 85 0.079440
7 86 0.079441
7 87 0.079441
7 88 0.079441
7 89 0.079442
7 90 0.079442
7 91 0.079442
7 92 0.079442
7 93 0.079443
7 94 0.079443
7 95 0.079443
7 96 0.079444
7 97 0.079443
7 98 0.079444
7 99 0.079444

8 0 0.079431
8 1 0.079432
8 2 0.079432
8 3 0.079432
8 4 0.079433
8 5 0.079433
8 6 0.079433
8 7 0.079434
8 8 0.079434
8 9 0.079435
8 10 0.079435
8 11 0.079436
8 12 0.079436
8 13 0.079437
8 14 0.079437
8 15 0.079438
8 16 0.079438
8 17 0.079438
8 18 0.079439
8 19 0.079439
8 20 0.079439
8 21 0.079439
8 22 0.079439
8 23 0.079439
8 24 0.079439
8 25 0.079439
8 26 0.079439
8 27 0.079439
8 28 0.079439
8 29 0.079439
8 30 0.079439
8 31 0.079439
8 32 0.079439
8 33 0.079439
8 34 0.079439
8 35 0.079439
8 36 0.079439
8 37 0.079439
8 38 0.079439
8 39 0.079439
8 40 0.079439
8 41 0.079440
8 42 0.079440
8 43 0.079440
8 44 0.079441
8 45 0.079441
8 46 0.079441
8 47 0.079442
8 48 0.079442
8 49 0.079443
8 50 0.079443
8 51 0.079443
8 52 0.079443
8 53 0.079443
8 54 0.079443
8 55 0.079443
8 56 0.079443
8 57 0.079443
8 58 0.079442
8 59 0.079442
8 60 0.079442
8 61 0.079441
8 62 0.079441
8 63 0.079441
8 64 0.079441
8 65 0.079441
8 66 0.079440
8 67 0.079440
8 68 0.079440
8 69 0.079440
8 70 0.079440
8 71 0.079440
8 72 0.079440
8 73 0.079440
8 74 0.079440
8 75 0.079440
8 76 0.079441
8 77 0.079441
8 78 0.079441
8 79 0.079441
8 80 0.079441
8 81 0.079441
8 82 0.079441
8 83 0.079441
8 84 0.079441
8 85 0.079441
8 86 0.079441
8 87 0.079442
8 88 0.079442
8 89 0.079442
8 90 0.079443
8 91 0.079443
8 92 0.079443
8 93 0.079443
8 94 0.079444
8 95 0.079444
8 96 0.079444
8 97 0.079444
8 98 0.079445
8 99 0.079445

9 0 0.079432
9 1 0.079432
9 2 0.079432
9 3 0.079433
9 4 0.079433
9 5 0.079434
9 6 0.079434
9 7 0.079435
9 8 0.079435
9 9 0.079436
9 10 0.079436
9 11 0.079437
9 12 0.079437
9 13 0.079438
9 14 0.079438
9 15 0.079438
9 16 0.079439
9 17 0.079439
9 18 0.079439
9 19 0.079439
9 20 0.079440
9 21 0.079440
9 22 0.079440
9 23 0.079440
9 24 0.079440
9 25 0.079440
9 26 0.079440
9 27 0.079440
9 28 0.079440
9 29 0.079440
9 30 0.079439
9 31 0.079439
9 32 0.079439
9 33 0.079439
9 34 0.079439
9 35 0.079439
9 36 0.079439
9 37 0.079439
9 38 0.079439
9 39 0.079439
9 40 0.079440
9 41 0.079440
9 42 0.079440
9 43 0.079440
9 44 0.079441
9 45 0.079441
9 46 0.079442
9 47 0.079442
9 48 0.079442
9 49 0.079443
9 50 0.079443
9 51 0.079443
9 52 0.079443
9 53 0.079443
9 54 0.079443
9 55 0.079443
9 56 0.079443
9 57 0.079443
9 58 0.079442
9 59 0.079442
9 60 0.079442
9 61 0.079442
9 62 0.079441
9 63 0.079441
9 64 0.079441
9 65 0.079441
9 66 0.079441
9 67 0.079441
9 68 0.079441
9 69 0.079441
9 70 0.079441
9 71 0.079441
9 72 0.079441
9 73 0.079441
9 74 0.079441
9 75 0.079441
9 76 0.079441
9 77 0.079441
9 78 0.079442
9 79 0.079442
9 80 0.079442
9 81 0.079442
9 82 0.079442
9 83 0.079442
9 84 0.079442
9 85 0.079442
9 86 0.079442
9 87 0.079443
9 88 0.079443
9 89 0.079443
9 90 0.079443
9 91 0.079444
9 92 0.079444
9 93 0.079444
9 94 0.079444
9 95 0.079445
9 96 0.079445
9 97 0.079445
9 98 0.079446
9 99 0.079445

10 0 0.079432
10 1 0.079433
10 2 0.079433
10 3 0.079434
10 4 0.079434
10 5 0.079434
10 6 0.079435
10 7 0.079435
10 8 0.079436
10 9 0.079436
10 10 0.079437
10 11 0.079437
10 12 0.079438
10 13 0.079438
10 14 0.079439
10 15 0.079439
10 16 0.079440
10 17 0.079440
10 18 0.079440
10 19 0.079440
10 20 0.079440
10 21 0.079440
10 22 0.079440
10 23 0.079440
10 24 0.079440
10 25 0.079440
10 26 0.079440
10 27 0.079440
10 28 0.079440
10 29 0.079440
10 30 0.079440
10 31 0.079440
10 32 0.079440
10 33 0.079440
10 34 0.079440
10 35 0.079439
10 36 0.079439
10 37 0.079440
10 38 0.079440
10 39 0.079440
10 40 0.079440
10 41 0.079440
10 42 0.079440
10 43 0.079441
10 44 0.079441
10 45 0.079441
10 46 0.079442
10 47 0.079442
10 48 0.079443
10 49 0.079443
10 50 0.079443
10 51 0.079443
10 52 0.079444
10 53 0.079444
10 54 0.079443
10 55 0.079443
10 56 0.079443
10 57 0.079443
10 58 0.079443
10 59 0.079442
10 60 0.079442
10 61 0.079442
10 62 0.079442
10 63 0.079442
10 64 0.079441
10 65 0.079441
10 66 0.079441
10 67 0.079441
10 68 0.079441
10 69 0.079441
10 70 0.079441
10 71 0.079441
10 72 0.079441
10 73 0.079442
10 74 0.079442
10 75 0.079442
10 76 0.079442
10 77 0.079442
10 78 0.079442
10 79 0.079442
10 80 0.079443
10 81 0.079443
10 82 0.079443
10 83 0.079443
10 84 0.079443
10 85 0.079443
10 86 0.079443
10 87 0.079444
10 88 0.079444
10 89 0.079444
10 90 0.079444
10 91 0.079445
10 92 0.079445
10 93 0.079445
10 94 0.079445
10 95 0.079446
10 96 0.079446
10 97 0.079446
10 98 0.079447
10 99 0.079446

11 0 0.079433
11 1 0.079434
11 2 0.079434
11 3 0.079435
11 4 0.079435
11 5 0.079435
11 6 0.079436
11 7 0.079436
11 8 0.079437
11 9 0.079437
11 10 0.079438
11 11 0.079438
11 12 0.079439
11 13 0.079439
11 14 0.079440
11 15 0.079440
11 16 0.079441
11 17 0.079441
11 18 0.079441
11 19 0.079441
11 20 0.079441
11 21 0.079441
11 22 0.079441
11 23 0.079441
11 24 0.079441
11 25 0.079441
11 26 0.079441
11 27 0.079441
11 28 0.079441
11 29 0.079440
11 30 0.079440
11 31 0.079440
11 32 0.079440
11 33 0.079440
11 34 0.079440
11 35 0.079440
11 36 0.079440
11 37 0.079440
11 38 0.079440
11 39 0.079440
11 40 0.079440
11 41 0.079440
11 42 0.079441
11 43 0.079441
11 44 0.079441
11 45 0.079442
11 46 0.079442
11 47 0.079443
11 48 0.079443
11 49 0.079443
11 50 0.079443
11 51 0.079444
11 52 0.079444
11 53 0.079444
11 54 0.079444
11 55 0.079443
11 56 0.079443
11 57 0.079443
11 58 0.079443
11 59 0.079442
11 60 0.079442
11 61 0.079442
11 62 0.079442
11 63 0.079442
11 64 0.079442
11 65 0.079442
11 66 0.079442
11 67 0.079442
11 68 0.079442
11 69 0.079442
11 70 0.079442
11 71 0.079442
11 72 0.079442
11 73 0.079442
11 74 0.079442
11 75 0.079443
11 76 0.079443
11 77 0.079443
11 78 0.079443
11 79 0.079443
11 80 0.079443
11 81 0.079443
11 82 0.079443
11 83 0.079443
11 84 0.079444
11 85 0.079444
11 86 0.079444
11 87 0.079444
11 88 0.079445
11 89 0.079445
11 90 0.079445
11 91 0.079445
11 92 0.079446
11 93 0.079446
11 94 0.079446
11 95 0.079446
11 96 0.079447
11 97 0.079447
11 98 0.079448
11 99 0.079447

12 0 0.079434
12 1 0.079435
12 2 0.079435
12 3 0.079435
12 4 0.079436
12 5 0.079436
12 6 0.079436
12 7 0.079437
12 8 0.079437
12 9 0.079438
12 10 0.079439
12 11 0.079439
12 12 0.079440
12 13 0.079440
12 14 0.079440
12 15 0.079441
12 16 0.079441
12 17 0.079441
12 18 0.079442
12 19 0.079442
12 20 0.079442
12 21 0.079442
12 22 0.079442
12 23 0.079442
12 24 0.079442
12 25 0.079441
12 26 0.079441
12 27 0.079441
12 28 0.079441
12 29 0.079441
12 30 0.079441
12 31 0.079440
12 32 0.079440
12 33 0.079440
12 34 0.079440
12 35 0.079440
12 36 0.079440
12 37 0.079440
12 38 0.079440
12 39 0.079440
12 40 0.079440
12 41 0.079441
12 42 0.079441
12 43 0.079441
12 44 0.079442
12 45 0.079442
12 46 0.079442
12 47 0.079443
12 48 0.079443
12 49 0.079443
12 50 0.079444
12 51 0.079444
12 52 0.079444
12 53 0.079444
12 54 0.079444
12 55 0.079443
12 56 0.079443
12 57 0.079443
12 58 0.079443
12 59 0.079443
12 60 0.079442
12 61 0.079442
12 62 0.079442
12 63 0.079442
12 64 0.079442
12 65 0.079442
12 66 0.079442
12 67 0.079442
12 68 0.079443
12 69 0.079443
12 70 0.079443
12 71 0.079443
12 72 0.079443
12 73 0.079443
12 74 0.079443
12 75 0.079443
12 76 0.079444
12 77 0.079444
12 78 0.079444
12 79 0.079444
12 80 0.079444
12 81 0.079444
12 82 0.079444
12 83 0.079444
12 84 0.079444
12 85 0.079445
12 86 0.079445
12 87 0.079445
12 88 0.079445
12 89 0.079446
12 90 0.079446
12 91 0.079446
12 92 0.079446
12 93 0.079447
12 94 0.079447
12 95 0.079447
12 96 0.079448
12 97 0.079447
12 98 0.079448
12 99 0.079448

13 0 0.079435
13 1 0.079435
13 2 0.079435
13 3 0.079436
13 4 0.079436
13 5 0.079437
13 6 0.079437
13 7 0.079438
13 8 0.079438
13 9 0.079439
13 10 0.079439
13 11 0.079440
13 12 0.079440
13 13 0.079441
13 14 0.079441
13 15 0.079441
13 16 0.079442
13 17 0.079442
13 18 0.079442
13 19 0.079442
13 20 0.079442
13 21 0.079442
13 22 0.079442
13 23 0.079442
13 24 0.079442
13 25 0.079442
13 26 0.079442
13 27 0.079441
13 28 0.079441
13 29 0.079441
13 30 0.079441
13 31 0.079441
13 32 0.079441
13 33 0.079440
13 34 0.079440
13 35 0.079440
13 36 0.079440
13 37 0.079440
13 38 0.079440
13 39 0.079440
13 40 0.079440
13 41 0.079441
13 42 0.079441
13 43 0.079441
13 44 0.079442
13 45 0.079442
13 46 0.079442
13 47 0.079443
13 48 0.079443
13 49 0.079443
13 50 0.079444
13 51 0.079444
13 52 0.079444
13 53 0.079444
13 54 0.079444
13 55 0.079444
13 56 0.079443
13 57 0.079443
13 58 0.079443
13 59 0.079443
13 60 0.079443
13 61 0.079443
13 62 0.079443
13 63 0.079443
13 64 0.079443
13 65 0.079443
13 66 0.079443
13 67 0.079443
13 68 0.079443
13 69 0.079443
13 70 0.079443
13 71 0.079443
13 72 0.079444
13 73 0.079444
13 74 0.079444
13 75 0.079444
13 76 0.079444
13 77 0.079444
13 78 0.079445
13 79 0.079445
13 80 0.079445
13 81 0.079445
13 82 0.079445
13 83 0.079445
13 84 0.079445
13 85 0.079445
13 86 0.079446
13 87 0.079446
13 88 0.079446
13 89 0.079446
13 90 0.079447
13 91 0.079447
13 92 0.079447
13 93 0.079447
13 94 0.079448
13 95 0.079448
13 96 0.079448
13 97 0.079448
13 98 0.079449
13 99 0.079449

14 0 0.079435
14 1 0.079436
14 2 0.079436
14 3 0.079436
14 4 0.079437
14 5 0.079437
14 6 0.079438
14 7 0.079438
14 8 0.079439
14 9 0.079439
14 10 0.079440
14 11 0.079440
14 12 0.079441
14 13 0.079441
14 14 0.079442
14 15 0.079442
14 16 0.079442
14 17 0.079442
14 18 0.079442
14 19 0.079443
14 20 0.079443
14 21 0.079443
14 22 0.079443
14 23 0.079442
14 24 0.079442
14 25 0.079442
14 26 0.079442
14 27 0.079442
14 28 0.079442
14 29 0.079441
14 30 0.079441
14 31 0.079441
14 32 0.079441
14 33 0.079441
14 34 0.079440
14 35 0.079440
14 36 0.079440
14 37 0.079440
14 38 0.079440
14 39 0.079440
14 40 0.079441
14 41 0.079441
14 42 0.079441
14 43 0.079441
14 44 0.079442
14 45 0.079442
14 46 0.079443
14 47 0.079443
14 48 0.079443
14 49 0.079443
14 50 0.079444
14 51 0.079444
14 52 0.079444
14 53 0.079444
14 54 0.079444
14 55 0.079444
14 56 0.079443
14 57 0.079443
14 58 0.079443
14 59 0.079443
14 60 0.079443
14 61 0.079443
14 62 0.079443
14 63 0.079443
14 64 0.079443
14 65 0.079443
14 66 0.079443
14 67 0.079444
14 68 0.079444
14 69 0.079444
14 70 0.079444
14 71 0.079444
14 72 0.079444
14 73 0.079444
14 74 0.079445
14 75 0.079445
14 76 0.079445
14 77 0.079445
14 78 0.079445
14 79 0.079445
14 80 0.079445
14 81 0.079445
14 82 0.079445
14 83 0.079446
14 84 0.079446
14 85 0.079446
14 86 0.079446
14 87 0.079447
14 88 0.079447
14 89 0.079447
14 90 0.079447
14 91 0.079448
14 92 0.079448
14 93 0.079448
14 94 0.079448
14 95 0.079449
14 96 0.079449
14 97 0.079449
14 98 0.079450
14 99 0.079449

15 0 0.079436
15 1 0.079437
15 2 0.079436
15 3 0.079437
15 4 0.079437
15 5 0.079438
15 6 0.079438
15 7 0.079439
15 8 0.079439
15 9 0.079440
15 10 0.079440
15 11 0.079441
15 12 0.079441
15 13 0.079442
15 14 0.079442
15 15 0.079442
15 16 0.079443
15 17 0.079443
15 18 0.079443
15 19 0.079443
15 20 0.079443
15 21 0.079443
15 22 0.079443
15 23 0.079443
15 24 0.079443
15 25 0.079442
15 26 0.079442
15 27 0.079442
15 28 0.079442
15 29 0.079442
15 30 0.079441
15 31 0.079441
15 32 0.079441
15 33 0.079441
15 34 0.079441
15 35 0.079441
15 36 0.079440
15 37 0.079440
15 38 0.079440
15 39 0.079441
15 40 0.079441
15 41 0.079441
15 42 0.079441
15 43 0.079442
15 44 0.079442
15 45 0.079442
15 46 0.079443
15 47 0.079443
15 48 0.079443
15 49 0.079444
15 50 0.079444
15 51 0.079444
15 52 0.079444
15 53 0.079444
15 54 0.079444
15 55 0.079444
15 56 0.079443
15 57 0.079443
15 58 0.079443
15 59 0.079443
15 60 0.079443
15 61 0.079443
15 62 0.079443
15 63 0.079443
15 64 0.079444
15 65 0.079444
15 66 0.079444
15 67 0.079444
15 68 0.079444
15 69 0.079444
15 70 0.079445
15 71 0.079445
15 72 0.079445
15 73 0.079445
15 74 0.079445
15 75 0.079445
15 76 0.079446
15 77 0.079446
15 78 0.079446
15 79 0.079446
15 80 0.079446
15 81 0.079446
15 82 0.079446
15 83 0.079446
15 84 0.079446
15 85 0.079447
15 86 0.079447
15 87 0.079447
15 88 0.079448
15 89 0.079448
15 90 0.079448
15 91 0.079448
15 92 0.079448
15 93 0.079449
15 94 0.079449
15 95 0.079449
15 96 0.079450
15 97 0.079450
15 98 0.079450
15 99 0.079450

16 0 0.079436
16 1 0.079437
16 2 0.079437
16 3 0.079438
16 4 0.079438
16 5 0.079438
16 6 0.079439
16 7 0.079439
16 8 0.079440
16 9 0.079440
16 10 0.079441
16 11 0.079441
16 12 0.079442
16 13 0.079442
16 14 0.079443
16 15 0.079443
16 16 0.079443
16 17 0.079443
16 18 0.079443
16 19 0.079443
16 20 0.079443
16 21 0.079443
16 22 0.079443
16 23 0.079443
16 24 0.079443
16 25 0.079443
16 26 0.079443
16 27 0.079442
16 28 0.079442
16 29 0.079442
16 30 0.079442
16 31 0.079441
16 32 0.079441
16 33 0.079441
16 34 0.079441
16 35 0.079441
16 36 0.079441
16 37 0.079441
16 38 0.079441
16 39 0.079441
16 40 0.079441
16 41 0.079441
16 42 0.079441
16 43 0.079442
16 44 0.079442
16 45 0.079442
16 46 0.079443
16 47 0.079443
16 48 0.079443
16 49 0.079444
16 50 0.079444
16 51 0.079444
16 52 0.079444
16 53 0.079444
16 54 0.079444
16 55 0.079444
16 56 0.079443
16 57 0.079443
16 58 0.079443
16 59 0.079443
16 60 0.079443
16 61 0.079443
16 62 0.079443
16 63 0.079444
16 64 0.079444
16 65 0.079444
16 66 0.079444
16 67 0.079444
16 68 0.079445
16 69 0.079445
16 70 0.079445
16 71 0.079445
16 72 0.079445
16 73 0.079446
16 74 0.079446
16 75 0.079446
16 76 0.079446
16 77 0.079446
16 78 0.079446
16 79 0.079447
16 80 0.079447
16 81 0.079447
16 82 0.079447
16 83 0.079447
16 84 0.079447
16 85 0.079447
16 86 0.079448
16 87 0.079448
16 88 0.079448
16 89 0.079448
16 90 0.079449
16 91 0.079449
16 92 0.079449
16 93 0.079449
16 94 0.079450
16 95 0.079450
16 96 0.079450
16 97 0.079450
16 98 0.079451
16 99 0.079450

17 0 0.079437
17 1 0.079438
17 2 0.079437
17 3 0.079438
17 4 0.079438
17 5 0.079439
17 6 0.079439
17 7 0.079440
17 8 0.079440
17 9 0.079441
17 10 0.079441
17 11 0.079442
17 12 0.079442
17 13 0.079443
17 14 0.079443
17 15 0.079443
17 16 0.079443
17 17 0.079444
17 18 0.079444
17 19 0.079444
17 20 0.079444
17 21 0.079444
17 22 0.079443
17 23 0.079443
17 24 0.079443
17 25 0.079443
17 26 0.079443
17 27 0.079443
17 28 0.079442
17 29 0.079442
17 30 0.079442
17 31 0.079442
17 32 0.079441
17 33 0.079441
17 34 0.079441
17 35 0.079441
17 36 0.079441
17 37 0.079441
17 38 0.079441
17 39 0.079441
17 40 0.079441
17 41 0.079441
17 42 0.079441
17 43 0.079442
17 44 0.079442
17 45 0.079442
17 46 0.079443
17 47 0.079443
17 48 0.079443
17 49 0.079443
17 50 0.079444
17 51 0.079444
17 52 0.079444
17 53 0.079444
17 54 0.079444
17 55 0.079443
17 56 0.079443
17 57 0.079443
17 58 0.079443
17 59 0.079443
17 60 0.079443
17 61 0.079443
17 62 0.079444
17 63 0.079444
17 64 0.079444
17 65 0.079444
17 66 0.079445
17 67 0.079445
17 68 0.079445
17 69 0.079445
17 70 0.079446
17 71 0.079446
17 72 0.079446
17 73 0.079446
17 74 0.079446
17 75 0.079446
17 76 0.079447
17 77 0.079447
17 78 0.079447
17 79 0.079447
17 80 0.079447
17 81 0.079447
17 82 0.079447
17 83 0.079447
17 84 0.079448
17 85 0.079448
17 86 0.079448
17 87 0.079448
17 88 0.079449
17 89 0.079449
17 90 0.079449
17 91 0.079449
17 92 0.079450
17 93 0.079450
17 94 0.079450
17 95 0.079450
17 96 0.079451
17 97 0.079451
17 98 0.079451
17 99 0.079451

18 0 0.079437
18 1 0.079438
18 2 0.079438
18 3 0.079438
18 4 0.079439
18 5 0.079439
18 6 0.079440
18 7 0.079440
18 8 0.079440
18 9 0.079441
18 10 0.079442
18 11 0.079442
18 12 0.079442
18 13 0.079443
18 14 0.079443
18 15 0.079443
18 16 0.079444
18 17 0.079444
18 18 0.079444
18 19 0.079444
18 20 0.079444
18 21 0.079444
18 22 0.079444
18 23 0.079443
18 24 0.079443
18 25 0.079443
18 26 0.079443
18 27 0.079443
18 28 0.079442
18 29 0.079442
18 30 0.079442
18 31 0.079442
18 32 0.079441
18 33 0.079441
18 34 0.079441
18 35 0.079441
18 36 0.079441
18 37 0.079441
18 38 0.079441
18 39 0.079441
18 40 0.079441
18 41 0.079441
18 42 0.079441
18 43 0.079442
18 44 0.079442
18 45 0.079442
18 46 0.079443
18 47 0.079443
18 48 0.079443
18 49 0.079443
18 50 0.079443
18 51 0.079443
18 52 0.079443
18 53 0.079443
18 54 0.079443
18 55 0.079443
18 56 0.079443
18 57 0.079443
18 58 0.079443
18 59 0.079443
18 60 0.079443
18 61 0.079444
18 62 0.079444
18 63 0.079444
18 64 0.079444
18 65 0.079445
18 66 0.079445
18 67 0.079445
18 68 0.079446
18 69 0.079446
18 70 0.079446
18 71 0.079446
18 72 0.079446
18 73 0.079446
18 74 0.079447
18 75 0.079447
18 76 0.079447
18 77 0.079447
18 78 0.079447
18 79 0.079447
18 80 0.079447
18 81 0.079447
18 82 0.079448
18 83 0.079448
18 84 0.079448
18 85 0.079448
18 86 0.079449
18 87 0.079449
18 88 0.079449
18 89 0.079449
18 90 0.079450
18 91 0.079450
18 92 0.079450
18 93 0.079450
18 94 0.079451
18 95 0.079451
18 96 0.079451
18 97 0.079451
18 98 0.079452
18 99 0.079451

19 0 0.079438
19 1 0.079438
19 2 0.079438
19 3 0.079439
19 4 0.079439
19 5 0.079439
19 6 0.079440
19 7 0.079440
19 8 0.079441
19 9 0.079441
19 10 0.079442
19 11 0.079442
19 12 0.079443
19 13 0.079443
19 14 0.079443
19 15 0.079444
19 16 0.079444
19 17 0.079444
19 18 0.079444
19 19 0.079444
19 20 0.079444
19 21 0.079444
19 22 0.079444
19 23 0.079444
19 24 0.079443
19 25 0.079443
19 26 0.079443
19 27 0.079443
19 28 0.079443
19 29 0.079442
19 30 0.079442
19 31 0.079442
19 32 0.079442
19 33 0.079441
19 34 0.079441
19 35 0.079441
19 36 0.079441
19 37 0.079441
19 38 0.079441
19 39 0.079441
19 40 0.079441
19 41 0.079441
19 42 0.079441
19 43 0.079442
19 44 0.079442
19 45 0.079442
19 46 0.079443
19 47 0.079443
19 48 0.079443
19 49 0.079443
19 50 0.079443
19 51 0.079443
19 52 0.079443
19 53 0.079443
19 54 0.079443
19 55 0.079443
19 56 0.079443
19 57 0.079443
19 58 0.079443
19 59 0.079443
19 60 0.079443
19 61 0.079444
19 62 0.079444
19 63 0.079444
19 64 0.079445
19 65 0.079445
19 66 0.079445
19 67 0.079446
19 68 0.079446
19 69 0.079446
19 70 0.079446
19 71 0.079446
19 72 0.079447
19 73 0.079447
19 74 0.079447
19 75 0.079447
19 76 0.079447
19 77 0.079447
19 78 0.079448
19 79 0.079448
19 80 0.079448
19 81 0.079448
19 82 0.079448
19 83 0.079448
19 84 0.079448
19 85 0.079449
19 86 0.079449
19 87 0.079449
19 88 0.079450
19 89 0.079450
19 90 0.079450
19 91 0.079450
19 92 0.079450
19 93 0.079451
19 94 0.079451
19 95 0.079451
19 96 0.079452
19 97 0.079451
19 98 0.079452
19 99 0.079452

20 0 0.079438
20 1 0.079439
20 2 0.079438
20 3 0.079439
20 4 0.079439
20 5 0.079440
20 6 0.079440
20 7 0.079440
20 8 0.079441
20 9 0.079441
20 10 0.079442
20 11 0.079442
20 12 0.079443
20 13 0.079443
20 14 0.079443
20 15 0.079444
20 16 0.079444
20 17 0.079444
20 18 0.079444
20 19 0.079444
20 20 0.079444
20 21 0.079444
20 22 0.079444
20 23 0.079444
20 24 0.079443
20 25 0.079443
20 26 0.079443
20 27 0.079443
20 28 0.079443
20 29 0.079442
20 30 0.079442
20 31 0.079442
20 32 0.079442
20 33 0.079442
20 34 0.079441
20 35 0.079441
20 36 0.079441
20 37 0.079441
20 38 0.079441
20 39 0.079441
20 40 0.079441
20 41 0.079441
20 42 0.079441
20 43 0.079442
20 44 0.079442
20 45 0.079442
20 46 0.079442
20 47 0.079443
20 48 0.079443
20 49 0.079443
20 50 0.079443
20 51 0.079443
20 52 0.079443
20 53 0.079443
20 54 0.079443
20 55 0.079443
20 56 0.079443
20 57 0.079443
20 58 0.079443
20 59 0.079443
20 60 0.079444
20 61 0.079444
20 62 0.079444
20 63 0.079445
20 64 0.079445
20 65 0.079445
20 66 0.079446
20 67 0.079446
20 68 0.079446
20 69 0.079446
20 70 0.079447
20 71 0.079447
20 72 0.079447
20 73 0.079447
20 74 0.079447
20 75 0.079448
20 76 0.079448
20 77 0.079448
20 78 0.079448
20 79 0.079448
20 80 0.079448
20 81 0.079448
20 82 0.079448
20 83 0.079448
20 84 0.079449
20 85 0.079449
20 86 0.079450
20 87 0.079450
20 88 0.079450
20 89 0.079450
20 90 0.079450
20 91 0.079451
20 92 0.079451
20 93 0.079451
20 94 0.079451
20 95 0.079451
20 96 0.079452
20 97 0.079452
20 98 0.079453
20 99 0.079452

21 0 0.079438
21 1 0.079439
21 2 0.079439
21 3 0.079439
21 4 0.079439
21 5 0.079440
21 6 0.079440
21 7 0.079441
21 8 0.079441
21 9 0.079442
21 10 0.079442
21 11 0.079443
21 12 0.079443
21 13 0.079443
21 14 0.079444
21 15 0.079444
21 16 0.079444
21 17 0.079444
21 18 0.079444
21 19 0.079444
21 20 0.079444
21 21 0.079444
21 22 0.079444
21 23 0.079444
21 24 0.079444
21 25 0.079443
21 26 0.079443
21 27 0.079443
21 28 0.079443
21 29 0.079443
21 30 0.079442
21 31 0.079442
21 32 0.079442
21 33 0.079442
21 34 0.079441
21 35 0.079441
21 36 0.079441
21 37 0.079441
21 38 0.079441
21 39 0.079441
21 40 0.079441
21 41 0.079441
21 42 0.079441
21 43 0.079442
21 44 0.079442
21 45 0.079442
21 46 0.079442
21 47 0.079443
21 48 0.079443
21 49 0.079443
21 50 0.079443
21 51 0.079443
21 52 0.079443
21 53 0.079443
21 54 0.079443
21 55 0.079443
21 56 0.079443
21 57 0.079443
21 58 0.079443
21 59 0.079443
21 60 0.079444
21 61 0.079444
21 62 0.079444
21 63 0.079445
21 64 0.079445
21 65 0.079446
21 66 0.079446
21 67 0.079446
21 68 0.079447
21 69 0.079447
21 70 0.079447
21 71 0.079447
21 72 0.079447
21 73 0.079448
21 74 0.079448
21 75 0.079448
21 76 0.079448
21 77 0.079448
21 78 0.079448
21 79 0.079448
21 80 0.079448
21 81 0.079448
21 82 0.079448
21 83 0.079449
21 84 0.079449
21 85 0.079449
21 86 0.079450
21 87 0.079450
21 88 0.079450
21 89 0.079451
21 90 0.079451
21 91 0.079451
21 92 0.079451
21 93 0.079451
21 94 0.079452
21 95 0.079452
21 96 0.079452
21 97 0.079452
21 98 0.079453
21 99 0.079452

22 0 0.079439
22 1 0.079439
22 2 0.079439
22 3 0.079440
22 4 0.079440
22 5 0.079440
22 6 0.079440
22 7 0.079441
22 8 0.079441
22 9 0.079442
22 10 0.079442
22 11 0.079443
22 12 0.079443
22 13 0.079443
22 14 0.079443
22 15 0.079444
22 16 0.079444
22 17 0.079444
22 18 0.079444
22 19 0.079444
22 20 0.079444
22 21 0.079444
22 22 0.079444
22 23 0.079444
22 24 0.079443
22 25 0.079443
22 26 0.079443
22 27 0.079443
22 28 0.079443
22 29 0.079443
22 30 0.079442
22 31 0.079442
22 32 0.079442
22 33 0.079442
22 34 0.079442
22 35 0.079441
22 36 0.079441
22 37 0.079441
22 38 0.079441
22 39 0.079441
22 40 0.079441
22 41 0.079441
22 42 0.079442
22 43 0.079442
22 44 0.079442
22 45 0.079442
22 46 0.079442
22 47 0.079443
22 48 0.079443
22 49 0.079443
22 50 0.079443
22 51 0.079443
22 52 0.079443
22 53 0.079443
22 54 0.079443
22 55 0.079443
22 56 0.079443
22 57 0.079443
22 58 0.079443
22 59 0.079443
22 60 0.079444
22 61 0.079444
22 62 0.079445
22 63 0.079445
22 64 0.079446
22 65 0.079446
22 66 0.079446
22 67 0.079447
22 68 0.079447
22 69 0.079447
22 70 0.079447
22 71 0.079447
22 72 0.079448
22 73 0.079448
22 74 0.079448
22 75 0.079448
22 76 0.079448
22 77 0.079448
22 78 0.079448
22 79 0.079448
22 80 0.079448
22 81 0.079449
22 82 0.079449
22 83 0.079449
22 84 0.079449
22 85 0.079450
22 86 0.079450
22 87 0.079450
22 88 0.079451
22 89 0.079451
22 90 0.079451
22 91 0.079451
22 92 0.079451
22 93 0.079452
22 94 0.079452
22 95 0.079452
22 96 0.079452
22 97 0.079452
22 98 0.079453
22 99 0.079453

23 0 0.079439
23 1 0.079439
23 2 0.079439
23 3 0.079440
23 4 0.079440
23 5 0.079440
23 6 0.079441
23 7 0.079441
23 8 0.079441
23 9 0.079442
23 10 0.079442
23 11 0.079442
23 12 0.079443
23 13 0.079443
23 14 0.079443
23 15 0.079444
23 16 0.079444
23 17 0.079444
23 18 0.079444
23 19 0.079444
23 20 0.079444
23 21 0.079444
23 22 0.079444
23 23 0.079444
23 24 0.079443
23 25 0.079443
23 26 0.079443
23 27 0.079443
23 28 0.079443
23 29 0.079443
23 30 0.079443
23 31 0.079442
23 32 0.079442
23 33 0.079442
23 34 0.079442
23 35 0.079442
23 36 0.079441
23 37 0.079441
23 38 0.079441
23 39 0.079441
23 40 0.079441
23 41 0.079441
23 42 0.079442
23 43 0.079442
23 44 0.079442
23 45 0.079442
23 46 0.079442
23 47 0.079442
23 48 0.079443
23 49 0.079443
23 50 0.079443
23 51 0.079443
23 52 0.079443
23 53 0.079443
23 54 0.079443
23 55 0.079443
23 56 0.079443
23 57 0.079443
23 58 0.079443
23 59 0.079443
23 60 0.079444
23 61 0.079444
23 62 0.079445
23 63 0.079445
23 64 0.079446
23 65 0.079446
23 66 0.079447
23 67 0.079447
23 68 0.079447
23 69 0.079447
23 70 0.079448
23 71 0.079448
23 72 0.079448
23 73 0.079448
23 74 0.079448
23 75 0.079448
23 76 0.079448
23 77 0.079449
23 78 0.079449
23 79 0.079449
23 80 0.079449
23 81 0.079449
23 82 0.079449
23 83 0.079449
23 84 0.079450
23 85 0.079450
23 86 0.079450
23 87 0.079451
23 88 0.079451
23 89 0.079451
23 90 0.079451
23 91 0.079451
23 92 0.079452
23 93 0.079452
23 94 0.079452
23 95 0.079452
23 96 0.079453
23 97 0.079453
23 98 0.079453
23 99 0.079453

24 0 0.079439
24 1 0.079440
24 2 0.079439
24 3 0.079440
24 4 0.079440
24 5 0.079440
24 6 0.079441
24 7 0.079441
24 8 0.079441
24 9 0.079442
24 10 0.079442
24 11 0.079442
24 12 0.079443
24 13 0.079443
24 14 0.079443
24 15 0.079443
24 16 0.079444
24 17 0.079444
24 18 0.079444
24 19 0.079444
24 20 0.079444
24 21 0.079444
24 22 0.079444
24 23 0.079444
24 24 0.079444
24 25 0.079443
24 26 0.079443
24 27 0.079443
24 28 0.079443
24 29 0.079443
24 30 0.079443
24 31 0.079443
24 32 0.079442
24 33 0.079442
24 34 0.079442
24 35 0.079442
24 36 0.079442
24 37 0.079442
24 38 0.079441
24 39 0.079441
24 40 0.079441
24 41 0.079442
24 42 0.079442
24 43 0.079442
24 44 0.079442
24 45 0.079442
24 46 0.079442
24 47 0.079442
24 48 0.079443
24 49 0.079443
24 50 0.079443
24 51 0.079443
24 52 0.079442
24 53 0.079442
24 54 0.079442
24 55 0.079442
24 56 0.079443
24 57 0.079443
24 58 0.079443
24 59 0.079443
24 60 0.079444
24 61 0.079444
24 62 0.079445
24 63 0.079446
24 64 0.079446
24 65 0.079446
24 66 0.079447
24 67 0.079447
24 68 0.079447
24 69 0.079448
24 70 0.079448
24 71 0.079448
24 72 0.079448
24 73 0.079448
24 74 0.079448
24 75 0.079449
24 76 0.079449
24 77 0.079449
24 78 0.079449
24 79 0.079449
24 80 0.079449
24 81 0.079449
24 82 0.079449
24 83 0.079449
24 84 0.079450
24 85 0.079450
24 86 0.079450
24 87 0.079451
24 88 0.079451
24 89 0.079451
24 90 0.079451
24 91 0.079452
24 92 0.079452
24 93 0.079452
24 94 0.079452
24 95 0.079452
24 96 0.079453
24 97 0.079453
24 98 0.079453
24 99 0.079453

25 0 0.079439
25 1 0.079440
25 2 0.079440
25 3 0.079440
25 4 0.079440
25 5 0.079440
25 6 0.079441
25 7 0.079441
25 8 0.079441
25 9 0.079442
25 10 0.079442
25 11 0.079442
25 12 0.079443
25 13 0.079443
25 14 0.079443
25 15 0.079443
25 16 0.079444
25 17 0.079444
25 18 0.079444
25 19 0.079444
25 20 0.079444
25 21 0.079444
25 22 0.079444
25 23 0.079444
25 24 0.079443
25 25 0.079443
25 26 0.079443
25 27 0.079443
25 28 0.079443
25 29 0.079443
25 30 0.079443
25 31 0.079443
25 32 0.079442
25 33 0.079442
25 34 0.079442
25 35 0.079442
25 36 0.079442
25 37 0.079442
25 38 0.079442
25 39 0.079442
25 40 0.079442
25 41 0.079442
25 42 0.079442
25 43 0.079442
25 44 0.079442
25 45 0.079442
25 46 0.079442
25 47 0.079442
25 48 0.079442
25 49 0.079442
25 50 0.079442
25 51 0.079442
25 52 0.079442
25 53 0.079442
25 54 0.079442
25 55 0.079442
25 56 0.079443
25 57 0.079443
25 58 0.079443
25 59 0.079444
25 60 0.079444
25 61 0.079445
25 62 0.079445
25 63 0.079446
25 64 0.079446
25 65 0.079447
25 66 0.079447
25 67 0.079448
25 68 0.079448
25 69 0.079448
25 70 0.079448
25 71 0.079448
25 72 0.079448
25 73 0.079449
25 74 0.079449
25 75 0.079449
25 76 0.079449
25 77 0.079449
25 78 0.079449
25 79 0.079449
25 80 0.079449
25 81 0.079449
25 82 0.079449
25 83 0.079450
25 84 0.079450
25 85 0.079450
25 86 0.079451
25 87 0.079451
25 88 0.079451
25 89 0.079452
25 90 0.079452
25 91 0.079452
25 92 0.079452
25 93 0.079452
25 94 0.079453
25 95 0.079453
25 96 0.079453
25 97 0.079453
25 98 0.079454
25 99 0.079453

26 0 0.079440
26 1 0.079440
26 2 0.079440
26 3 0.079440
26 4 0.079440
26 5 0.079440
26 6 0.079441
26 7 0.079441
26 8 0.079441
26 9 0.079442
26 10 0.079442
26 11 0.079442
26 12 0.079443
26 13 0.079443
26 14 0.079443
26 15 0.079443
26 16 0.079443
26 17 0.079444
26 18 0.079444
26 19 0.079444
26 20 0.079444
26 21 0.079444
26 22 0.079444
26 23 0.079444
26 24 0.079444
26 25 0.079444
26 26 0.079443
26 27 0.079443
26 28 0.079443
26 29 0.079443
26 30 0.079443
26 31 0.079443
26 32 0.079443
26 33 0.079442
26 34 0.079442
26 35 0.079442
26 36 0.079442
26 37 0.079442
26 38 0.079442
26 39 0.079442
26 40 0.079442
26 41 0.079442
26 42 0.079442
26 43 0.079442
26 44 0.079442
26 45 0.079442
26 46 0.079442
26 47 0.079442
26 48 0.079442
26 49 0.079442
26 50 0.079442
26 51 0.079442
26 52 0.079442
26 53 0.079442
26 54 0.079442
26 55 0.079442
26 56 0.079443
26 57 0.079443
26 58 0.079443
26 59 0.079444
26 60 0.079444
26 61 0.079445
26 62 0.079446
26 63 0.079446
26 64 0.079447
26 65 0.079447
26 66 0.079448
26 67 0.079448
26 68 0.079448
26 69 0.079448
26 70 0.079448
26 71 0.079449
26 72 0.079449
26 73 0.079449
26 74 0.079449
26 75 0.079449
26 76 0.079449
26 77 0.079449
26 78 0.079449
26 79 0.079449
26 80 0.079449
26 81 0.079449
26 82 0.079449
26 83 0.079450
26 84 0.079450
26 85 0.079450
26 86 0.079451
26 87 0.079451
26 88 0.079451
26 89 0.079452
26 90 0.079452
26 91 0.079452
26 92 0.079452
26 93 0.079453
26 94 0.079453
26 95 0.079453
26 96 0.079453
26 97 0.079453
26 98 0.079454
26 99 0.079453

27 0 0.079440
27 1 0.079440
27 2 0.079440
27 3 0.079440
27 4 0.079440
27 5 0.079440
27 6 0.079441
27 7 0.079441
27 8 0.079441
27 9 0.079442
27 10 0.079442
27 11 0.079442
27 12 0.079443
27 13 0.079443
27 14 0.079443
27 15 0.079443
27 16 0.079443
27 17 0.079443
27 18 0.079443
27 19 0.079443
27 20 0.079444
27 21 0.079444
27 22 0.079444
27 23 0.079444
27 24 0.079444
27 25 0.079443
27 26 0.079443
27 27 0.079443
27 28 0.079443
27 29 0.079443
27 30 0.079443
27 31 0.079443
27 32 0.079443
27 33 0.079443
27 34 0.079442
27 35 0.079442
27 36 0.079442
27 37 0.079442
27 38 0.079442
27 39 0.079442
27 40 0.079442
27 41 0.079442
27 42 0.079442
27 43 0.079442
27 44 0.079442
27 45 0.079442
27 46 0.079442
27 47 0.079442
27 48 0.079442
27 49 0.079442
27 50 0.079442
27 51 0.079442
27 52 0.079442
27 53 0.079442
27 54 0.079442
27 55 0.079442
27 56 0.079443
27 57 0.079443
27 58 0.079443
27 59 0.079444
27 60 0.079445
27 61 0.079445
27 62 0.079446
27 63 0.079446
27 64 0.079447
27 65 0.079447
27 66 0.079448
27 67 0.079448
27 68 0.079448
27 69 0.079449
27 70 0.079449
27 71 0.079449
27 72 0.079449
27 73 0.079449
27 74 0.079449
27 75 0.079449
27 76 0.079449
27 77 0.079449
27 78 0.079449
27 79 0.079449
27 80 0.079449
27 81 0.079449
27 82 0.079450
27 83 0.079450
27 84 0.079450
27 85 0.079451
27 86 0.079451
27 87 0.079451
27 88 0.079452
27 89 0.079452
27 90 0.079452
27 91 0.079452
27 92 0.079452
27 93 0.079453
27 94 0.079453
27 95 0.079453
27 96 0.079453
27 97 0.079453
27 98 0.079454
27 99 0.079454

28 0 0.079440
28 1 0.079440
28 2 0.079440
28 3 0.079440
28 4 0.079440
28 5 0.079441
28 6 0.079441
28 7 0.079441
28 8 0.079441
28 9 0.079442
28 10 0.079442
28 11 0.079442
28 12 0.079443
28 13 0.079443
28 14 0.079443
28 15 0.079443
28 16 0.079443
28 17 0.079443
28 18 0.079443
28 19 0.079443
28 20 0.079443
28 21 0.079443
28 22 0.079443
28 23 0.079443
28 24 0.079443
28 25 0.079443
28 26 0.079443
28 27 0.079443
28 28 0.079443
28 29 0.079443
28 30 0.079443
28 31 0.079443
28 32 0.079443
28 33 0.079443
28 34 0.079443
28 35 0.079442
28 36 0.079442
28 37 0.079442
28 38 0.079442
28 39 0.079442
28 40 0.079442
28 41 0.079442
28 42 0.079442
28 43 0.079442
28 44 0.079442
28 45 0.079442
28 46 0.079442
28 47 0.079442
28 48 0.079442
28 49 0.079442
28 50 0.079442
28 51 0.079442
28 52 0.079442
28 53 0.079442
28 54 0.079442
28 55 0.079442
28 56 0.079443
28 57 0.079443
28 58 0.079444
28 59 0.079444
28 60 0.079445
28 61 0.079445
28 62 0.079446
28 63 0.079447
28 64 0.079447
28 65 0.079448
28 66 0.079448
28 67 0.079448
28 68 0.079449
28 69 0.079449
28 70 0.079449
28 71 0.079449
28 72 0.079449
28 73 0.079449
28 74 0.079449
28 75 0.079449
28 76 0.079449
28 77 0.079449
28 78 0.079449
28 79 0.079449
28 80 0.079449
28 81 0.079450
28 82 0.079450
28 83 0.079450
28 84 0.079450
28 85 0.079451
28 86 0.079451
28 87 0.079451
28 88 0.079452
28 89 0.079452
28 90 0.079452
28 91 0.079452
28 92 0.079453
28 93 0.079453
28 94 0.079453
28 95 0.079453
28 96 0.079454
28 97 0.079453
28 98 0.079454
28 99 0.079454

29 0 0.079440
29 1 0.079440
29 2 0.079440
29 3 0.079440
29 4 0.079440
29 5 0.079441
29 6 0.079441
29 7 0.079441
29 8 0.079441
29 9 0.079442
29 10 0.079442
29 11 0.079442
29 12 0.079442
29 13 0.079443
29 14 0.079443
29 15 0.079443
29 16 0.079443
29 17 0.079443
29 18 0.079443
29 19 0.079443
29 20 0.079443
29 21 0.079443
29 22 0.079443
29 23 0.079443
29 24 0.079443
29 25 0.079443
29 26 0.079443
29 27 0.079443
29 28 0.079443
29 29 0.079443
29 30 0.079443
29 31 0.079443
29 32 0.079443
29 33 0.079443
29 34 0.079443
29 35 0.079443
29 36 0.079443
29 37 0.079442
29 38 0.079442
29 39 0.079442
29 40 0.079442
29 41 0.079442
29 42 0.079442
29 43 0.079442
29 44 0.079442
29 45 0.079442
29 46 0.079442
29 47 0.079442
29 48 0.079442
29 49 0.079442
29 50 0.079442
29 51 0.079442
29 52 0.079442
29 53 0.079442
29 54 0.079442
29 55 0.079442
29 56 0.079443
29 57 0.079443
29 58 0.079444
29 59 0.079444
29 60 0.079445
29 61 0.079446
29 62 0.079446
29 63 0.079447
29 64 0.079448
29 65 0.079448
29 66 0.079448
29 67 0.079449
29 68 0.079449
29 69 0.079449
29 70 0.079449
29 71 0.079449
29 72 0.079449
29 73 0.079450
29 74 0.079450
29 75 0.079450
29 76 0.079450
29 77 0.079450
29 78 0.079450
29 79 0.079449
29 80 0.079450
29 81 0.079450
29 82 0.079450
29 83 0.079450
29 84 0.079450
29 85 0.079451
29 86 0.079451
29 87 0.079452
29 88 0.079452
29 89 0.079452
29 90 0.079452
29 91 0.079453
29 92 0.079453
29 93 0.079453
29 94 0.079453
29 95 0.079453
29 96 0.079454
29 97 0.079454
29 98 0.079454
29 99 0.079454

30 0 0.079440
30 1 0.079440
30 2 0.079440
30 3 0.079440
30 4 0.079440
30 5 0.079441
30 6 0.079441
30 7 0.079441
30 8 0.079441
30 9 0.079441
30 10 0.079442
30 11 0.079442
30 12 0.079442
30 13 0.079442
30 14 0.079443
30 15 0.079443
30 16 0.079443
30 17 0.079443
30 18 0.079443
30 19 0.079443
30 20 0.079443
30 21 0.079443
30 22 0.079443
30 23 0.079443
30 24 0.079443
30 25 0.079443
30 26 0.079443
30 27 0.079443
30 28 0.079443
30 29 0.079443
30 30 0.079443
30 31 0.079443
30 32 0.079443
30 33 0.079443
30 34 0.079443
30 35 0.079443
30 36 0.079443
30 37 0.079443
30 38 0.079443
30 39 0.079442
30 40 0.079442
30 41 0.079442
30 42 0.079442
30 43 0.079442
30 44 0.079442
30 45 0.079442
30 46 0.079443
30 47 0.079443
30 48 0.079442
30 49 0.079442
30 50 0.079442
30 51 0.079442
30 52 0.079442
30 53 0.079442
30 54 0.079442
30 55 0.079443
30 56 0.079443
30 57 0.079443
30 58 0.079444
30 59 0.079445
30 60 0.079445
30 61 0.079446
30 62 0.079447
30 63 0.079447
30 64 0.079448
30 65 0.079448
30 66 0.079449
30 67 0.079449
30 68 0.079449
30 69 0.079449
30 70 0.079450
30 71 0.079450
30 72 0.079450
30 73 0.079450
30 74 0.079450
30 75 0.079450
30 76 0.079450
30 77 0.079450
30 78 0.079450
30 79 0.079450
30 80 0.079450
30 81 0.079450
30 82 0.079450
30 83 0.079450
30 84 0.079451
30 85 0.079451
30 86 0.079451
30 87 0.079452
30 88 0.079452
30 89 0.079452
30 90 0.079452
30 91 0.079453
30 92 0.079453
30 93 0.079453
30 94 0.079453
30 95 0.079453
30 96 0.079454
30 97 0.079454
30 98 0.079454
30 99 0.079454

31 0 0.079440
31 1 0.079440
31 2 0.079440
31 3 0.079440
31 4 0.079440
31 5 0.079440
31 6 0.079441
31 7 0.079441
31 8 0.079441
31 9 0.079441
31 10 0.079442
31 11 0.079442
31 12 0.079442
31 13 0.079442
31 14 0.079442
31 15 0.079443
31 16 0.079443
31 17 0.079443
31 18 0.079443
31 19 0.079443
31 20 0.079443
31 21 0.079443
31 22 0.079443
31 23 0.079443
31 24 0.079443
31 25 0.079443
31 26 0.079443
31 27 0.079444
31 28 0.079444
31 29 0.079444
31 30 0.079443
31 31 0.079443
31 32 0.079443
31 33 0.079443
31 34 0.079443
31 35 0.079443
31 36 0.079443
31 37 0.079443
31 38 0.079443
31 39 0.079443
31 40 0.079443
31 41 0.079443
31 42 0.079443
31 43 0.079443
31 44 0.079443
31 45 0.079443
31 46 0.079443
31 47 0.079443
31 48 0.079443
31 49 0.079442
31 50 0.079442
31 51 0.079442
31 52 0.079442
31 53 0.079442
31 54 0.079443
31 55 0.079443
31 56 0.079443
31 57 0.079444
31 58 0.079444
31 59 0.079445
31 60 0.079446
31 61 0.079446
31 62 0.079447
31 63 0.079448
31 64 0.079448
31 65 0.079449
31 66 0.079449
31 67 0.079449
31 68 0.079450
31 69 0.079450
31 70 0.079450
31 71 0.079450
31 72 0.079450
31 73 0.079450
31 74 0.079450
31 75 0.079450
31 76 0.079450
31 77 0.079450
31 78 0.079450
31 79 0.079450
31 80 0.079450
31 81 0.079450
31 82 0.079450
31 83 0.079450
31 84 0.079451
31 85 0.079451
31 86 0.079451
31 87 0.079452
31 88 0.079452
31 89 0.079452
31 90 0.079452
31 91 0.079453
31 92 0.079453
31 93 0.079453
31 94 0.079453
31 95 0.079454
31 96 0.079454
31 97 0.079454
31 98 0.079454
31 99 0.079454

32 0 0.079440
32 1 0.079440
32 2 0.079440
32 3 0.079440
32 4 0.079440
32 5 0.079440
32 6 0.079441
32 7 0.079441
32 8 0.079441
32 9 0.079441
32 10 0.079442
32 11 0.079442
32 12 0.079442
32 13 0.079442
32 14 0.079442
32 15 0.079442
32 16 0.079443
32 17 0.079443
32 18 0.079443
32 19 0.079443
32 20 0.079443
32 21 0.079443
32 22 0.079443
32 23 0.079443
32 24 0.079443
32 25 0.079443
32 26 0.079443
32 27 0.079443
32 28 0.079444
32 29 0.079444
32 30 0.079444
32 31 0.079443
32 32 0.079443
32 33 0.079443
32 34 0.079443
32 35 0.079443
32 36 0.079443
32 37 0.079443
32 38 0.079443
32 39 0.079443
32 40 0.079443
32 41 0.079443
32 42 0.079443
32 43 0.079443
32 44 0.079443
32 45 0.079443
32 46 0.079443
32 47 0.079443
32 48 0.079443
32 49 0.079443
32 50 0.079443
32 51 0.079442
32 52 0.079442
32 53 0.079443
32 54 0.079443
32 55 0.079443
32 56 0.079443
32 57 0.079444
32 58 0.079445
32 59 0.079445
32 60 0.079446
32 61 0.079447
32 62 0.079448
32 63 0.079448
32 64 0.079449
32 65 0.079449
32 66 0.079450
32 67 0.079450
32 68 0.079450
32 69 0.079450
32 70 0.079450
32 71 0.079450
32 72 0.079450
32 73 0.079450
32 74 0.079450
32 75 0.079450
32 76 0.079450
32 77 0.079450
32 78 0.079450
32 79 0.079450
32 80 0.079450
32 81 0.079450
32 82 0.079450
32 83 0.079450
32 84 0.079451
32 85 0.079451
32 86 0.079451
32 87 0.079452
32 88 0.079452
32 89 0.079452
32 90 0.079453
32 91 0.079453
32 92 0.079453
32 93 0.079453
32 94 0.079453
32 95 0.079454
32 96 0.079454
32 97 0.079454
32 98 0.079454
32 99 0.079454

33 0 0.079440
33 1 0.079440
33 2 0.079440
33 3 0.079440
33 4 0.079440
33 5 0.079440
33 6 0.079441
33 7 0.079441
33 8 0.079441
33 9 0.079441
33 10 0.079442
33 11 0.079442
33 12 0.079442
33 13 0.079442
33 14 0.079442
33 15 0.079442
33 16 0.079442
33 17 0.079442
33 18 0.079443
33 19 0.079443
33 20 0.079443
33 21 0.079443
33 22 0.079443
33 23 0.079443
33 24 0.079443
33 25 0.079443
33 26 0.079443
33 27 0.079444
33 28 0.079444
33 29 0.079444
33 30 0.079444
33 31 0.079444
33 32 0.079444
33 33 0.079443
33 34 0.079443
33 35 0.079443
33 36 0.079443
33 37 0.079443
33 38 0.079443
33 39 0.079443
33 40 0.079443
33 41 0.079443
33 42 0.079443
33 43 0.079443
33 44 0.079443
33 45 0.079443
33 46 0.079443
33 47 0.079443
33 48 0.079443
33 49 0.079443
33 50 0.079443
33 51 0.079443
33 52 0.079443
33 53 0.079443
33 54 0.079443
33 55 0.079443
33 56 0.079444
33 57 0.079444
33 58 0.079445
33 59 0.079446
33 60 0.079447
33 61 0.079447
33 62 0.079448
33 63 0.079449
33 64 0.079449
33 65 0.079450
33 66 0.079450
33 67 0.079450
33 68 0.079450
33 69 0.079450
33 70 0.079451
33 71 0.079451
33 72 0.079451
33 73 0.079451
33 74 0.079451
33 75 0.079451
33 76 0.079450
33 77 0.079450
33 78 0.079450
33 79 0.079450
33 80 0.079450
33 81 0.079450
33 82 0.079450
33 83 0.079451
33 84 0.079451
33 85 0.079451
33 86 0.079452
33 87 0.079452
33 88 0.079452
33 89 0.079453
33 90 0.079453
33 91 0.079453
33 92 0.079453
33 93 0.079453
33 94 0.079453
33 95 0.079454
33 96 0.079454
33 97 0.079454
33 98 0.079454
33 99 0.079454

34 0 0.079440
34 1 0.079440
34 2 0.079440
34 3 0.079440
34 4 0.079440
34 5 0.079440
34 6 0.079441
34 7 0.079441
34 8 0.079441
34 9 0.079441
34 10 0.079441
34 11 0.079442
34 12 0.079442
34 13 0.079442
34 14 0.079442
34 15 0.079442
34 16 0.079442
34 17 0.079442
34 18 0.079443
34 19 0.079443
34 20 0.079443
34 21 0.079443
34 22 0.079443
34 23 0.079443
34 24 0.079443
34 25 0.079443
34 26 0.079443
34 27 0.079444
34 28 0.079444
34 29 0.079444
34 30 0.079444
34 31 0.079444
34 32 0.079444
34 33 0.079444
34 34 0.079443
34 35 0.079443
34 36 0.079443
34 37 0.079443
34 38 0.079443
34 39 0.079443
34 40 0.079443
34 41 0.079443
34 42 0.079443
34 43 0.079443
34 44 0.079443
34 45 0.079443
34 46 0.079443
34 47 0.079443
34 48 0.079443
34 49 0.079443
34 50 0.079443
34 51 0.079443
34 52 0.079443
34 53 0.079443
34 54 0.079443
34 55 0.079444
34 56 0.079444
34 57 0.079445
34 58 0.079445
34 59 0.079446
34 60 0.079447
34 61 0.079448
34 62 0.079448
34 63 0.079449
34 64 0.079450
34 65 0.079450
34 66 0.079450
34 67 0.079451
34 68 0.079451
34 69 0.079451
34 70 0.079451
34 71 0.079451
34 72 0.079451
34 73 0.079451
34 74 0.079451
34 75 0.079451
34 76 0.079451
34 77 0.079451
34 78 0.079451
34 79 0.079450
34 80 0.079450
34 81 0.079450
34 82 0.079451
34 83 0.079451
34 84 0.079451
34 85 0.079451
34 86 0.079452
34 87 0.079452
34 88 0.079452
34 89 0.079453
34 90 0.079453
34 91 0.079453
34 92 0.079453
34 93 0.079453
34 94 0.079453
34 95 0.079454
34 96 0.079454
34 97 0.079454
34 98 0.079454
34 99 0.079454

35 0 0.079440
35 1 0.079440
35 2 0.079440
35 3 0.079440
35 4 0.079440
35 5 0.079440
35 6 0.079441
35 7 0.079441
35 8 0.079441
35 9 0.079441
35 10 0.079441
35 11 0.079442
35 12 0.079442
35 13 0.079442
35 14 0.079442
35 15 0.079442
35 16 0.079442
35 17 0.079442
35 18 0.079442
35 19 0.079443
35 20 0.079443
35 21 0.079443
35 22 0.079443
35 23 0.079443
35 24 0.079443
35 25 0.079443
35 26 0.079443
35 27 0.079444
35 28 0.079444
35 29 0.079444
35 30 0.079444
35 31 0.079444
35 32 0.079444
35 33 0.079444
35 34 0.079444
35 35 0.079444
35 36 0.079443
35 37 0.079443
35 38 0.079443
35 39 0.079443
35 40 0.079443
35 41 0.079443
35 42 0.079443
35 43 0.079443
35 44 0.079443
35 45 0.079443
35 46 0.079443
35 47 0.079443
35 48 0.079443
35 49 0.079443
35 50 0.079443
35 51 0.079443
35 52 0.079443
35 53 0.079443
35 54 0.079444
35 55 0.079444
35 56 0.079445
35 57 0.079445
35 58 0.079446
35 59 0.079447
35 60 0.079447
35 61 0.079448
35 62 0.079449
35 63 0.079450
35 64 0.079450
35 65 0.079451
35 66 0.079451
35 67 0.079451
35 68 0.079451
35 69 0.079451
35 70 0.079451
35 71 0.079451
35 72 0.079451
35 73 0.079451
35 74 0.079451
35 75 0.079451
35 76 0.079451
35 77 0.079451
35 78 0.079451
35 79 0.079451
35 80 0.079451
35 81 0.079451
35 82 0.079451
35 83 0.079451
35 84 0.079451
35 85 0.079451
35 86 0.079452
35 87 0.079452
35 88 0.079452
35 89 0.079453
35 90 0.079453
35 91 0.079453
35 92 0.079453
35 93 0.079454
35 94 0.079454
35 95 0.079454
35 96 0.079454
35 97 0.079454
35 98 0.079454
35 99 0.079454

36 0 0.079440
36 1 0.079441
36 2 0.079440
36 3 0.079440
36 4 0.079441
36 5 0.079441
36 6 0.079441
36 7 0.079441
36 8 0.079441
36 9 0.079441
36 10 0.079442
36 11 0.079442
36 12 0.079442
36 13 0.079442
36 14 0.079442
36 15 0.079442
36 16 0.079442
36 17 0.079442
36 18 0.079442
36 19 0.079443
36 20 0.079443
36 21 0.079443
36 22 0.079443
36 23 0.079443
36 24 0.079443
36 25 0.079443
36 26 0.079444
36 27 0.079444
36 28 0.079444
36 29 0.079444
36 30 0.079444
36 31 0.079444
36 32 0.079444
36 33 0.079444
36 34 0.079444
36 35 0.079444
36 36 0.079444
36 37 0.079444
36 38 0.079444
36 39 0.079444
36 40 0.079444
36 41 0.079444
36 42 0.079444
36 43 0.079444
36 44 0.079444
36 45 0.079444
36 46 0.079444
36 47 0.079444
36 48 0.079443
36 49 0.079443
36 50 0.079443
36 51 0.079444
36 52 0.079444
36 53 0.079444
36 54 0.079444
36 55 0.079445
36 56 0.079445
36 57 0.079446
36 58 0.079446
36 59 0.079447
36 60 0.079448
36 61 0.079449
36 62 0.079449
36 63 0.079450
36 64 0.079451
36 65 0.079451
36 66 0.079451
36 67 0.079451
36 68 0.079452
36 69 0.079452
36 70 0.079452
36 71 0.079452
36 72 0.079452
36 73 0.079452
36 74 0.079452
36 75 0.079451
36 76 0.079451
36 77 0.079451
36 78 0.079451
36 79 0.079451
36 80 0.079451
36 81 0.079451
36 82 0.079451
36 83 0.079451
36 84 0.079451
36 85 0.079452
36 86 0.079452
36 87 0.079452
36 88 0.079452
36 89 0.079453
36 90 0.079453
36 91 0.079453
36 92 0.079453
36 93 0.079454
36 94 0.079454
36 95 0.079454
36 96 0.079454
36 97 0.079454
36 98 0.079455
36 99 0.079454

37 0 0.079440
37 1 0.079441
37 2 0.079440
37 3 0.079441
37 4 0.079441
37 5 0.079441
37 6 0.079441
37 7 0.079441
37 8 0.079441
37 9 0.079441
37 10 0.079442
37 11 0.079442
37 12 0.079442
37 13 0.079442
37 14 0.079442
37 15 0.079442
37 16 0.079442
37 17 0.079442
37 18 0.079443
37 19 0.079443
37 20 0.079443
37 21 0.079443
37 22 0.079443
37 23 0.079443
37 24 0.079443
37 25 0.079443
37 26 0.079444
37 27 0.079444
37 28 0.079444
37 29 0.079444
37 30 0.079444
37 31 0.079444
37 32 0.079444
37 33 0.079444
37 34 0.079444
37 35 0.079444
37 36 0.079444
37 37 0.079444
37 38 0.079444
37 39 0.079444
37 40 0.079444
37 41 0.079444
37 42 0.079444
37 43 0.079444
37 44 0.079444
37 45 0.079444
37 46 0.079444
37 47 0.079444
37 48 0.079444
37 49 0.079444
37 50 0.079444
37 51 0.079444
37 52 0.079444
37 53 0.079444
37 54 0.079445
37 55 0.079445
37 56 0.079446
37 57 0.079446
37 58 0.079447
37 59 0.079448
37 60 0.079449
37 61 0.079449
37 62 0.079450
37 63 0.079451
37 64 0.079451
37 65 0.079451
37 66 0.079452
37 67 0.079452
37 68 0.079452
37 69 0.079452
37 70 0.079452
37 71 0.079452
37 72 0.079452
37 73 0.079452
37 74 0.079452
37 75 0.079452
37 76 0.079452
37 77 0.079451
37 78 0.079451
37 79 0.079451
37 80 0.079451
37 81 0.079451
37 82 0.079451
37 83 0.079451
37 84 0.079451
37 85 0.079452
37 86 0.079452
37 87 0.079452
37 88 0.079453
37 89 0.079453
37 90 0.079453
37 91 0.079454
37 92 0.079453
37 93 0.079454
37 94 0.079454
37 95 0.079454
37 96 0.079454
37 97 0.079454
37 98 0.079455
37 99 0.079454

38 0 0.079440
38 1 0.079441
38 2 0.079441
38 3 0.079441
38 4 0.079441
38 5 0.079441
38 6 0.079441
38 7 0.079441
38 8 0.079441
38 9 0.079441
38 10 0.079442
38 11 0.079442
38 12 0.079442
38 13 0.079442
38 14 0.079442
38 15 0.079442
38 16 0.079442
38 17 0.079443
38 18 0.079443
38 19 0.079443
38 20 0.079443
38 21 0.079443
38 22 0.079443
38 23 0.079443
38 24 0.079443
38 25 0.079444
38 26 0.079444
38 27 0.079444
38 28 0.079444
38 29 0.079444
38 30 0.079444
38 31 0.079444
38 32 0.079444
38 33 0.079444
38 34 0.079444
38 35 0.079444
38 36 0.079444
38 37 0.079444
38 38 0.079444
38 39 0.079444
38 40 0.079444
38 41 0.079444
38 42 0.079444
38 43 0.079444
38 44 0.079444
38 45 0.079444
38 46 0.079444
38 47 0.079444
38 48 0.079444
38 49 0.079444
38 50 0.079444
38 51 0.079444
38 52 0.079445
38 53 0.079445
38 54 0.079445
38 55 0.079446
38 56 0.079446
38 57 0.079447
38 58 0.079448
38 59 0.079448
38 60 0.079449
38 61 0.079450
38 62 0.079451
38 63 0.079451
38 64 0.079452
38 65 0.079452
38 66 0.079452
38 67 0.079452
38 68 0.079452
38 69 0.079452
38 70 0.079452
38 71 0.079452
38 72 0.079452
38 73 0.079452
38 74 0.079452
38 75 0.079452
38 76 0.079452
38 77 0.079452
38 78 0.079452
38 79 0.079452
38 80 0.079451
38 81 0.079451
38 82 0.079451
38 83 0.079452
38 84 0.079452
38 85 0.079452
38 86 0.079452
38 87 0.079453
38 88 0.079453
38 89 0.079453
38 90 0.079453
38 91 0.079454
38 92 0.079454
38 93 0.079454
38 94 0.079454
38 95 0.079454
38 96 0.079454
38 97 0.079454
38 98 0.079455
38 99 0.079454

39 0 0.079440
39 1 0.079441
39 2 0.079441
39 3 0.079441
39 4 0.079441
39 5 0.079441
39 6 0.079441
39 7 0.079441
39 8 0.079442
39 9 0.079442
39 10 0.079442
39 11 0.079442
39 12 0.079442
39 13 0.079442
39 14 0.079442
39 15 0.079443
39 16 0.079443
39 17 0.079443
39 18 0.079443
39 19 0.079443
39 20 0.079443
39 21 0.079443
39 22 0.079443
39 23 0.079444
39 24 0.079444
39 25 0.079444
39 26 0.079444
39 27 0.079444
39 28 0.079444
39 29 0.079444
39 30 0.079444
39 31 0.079444
39 32 0.079444
39 33 0.079444
39 34 0.079444
39 35 0.079444
39 36 0.079444
39 37 0.079444
39 38 0.079444
39 39 0.079444
39 40 0.079444
39 41 0.079444
39 42 0.079444
39 43 0.079444
39 44 0.079445
39 45 0.079445
39 46 0.079445
39 47 0.079445
39 48 0.079445
39 49 0.079445
39 50 0.079445
39 51 0.079445
39 52 0.079445
39 53 0.079446
39 54 0.079446
39 55 0.079446
39 56 0.079447
39 57 0.079448
39 58 0.079448
39 59 0.079449
39 60 0.079450
39 61 0.079451
39 62 0.079451
39 63 0.079452
39 64 0.079452
39 65 0.079452
39 66 0.079453
39 67 0.079453
39 68 0.079453
39 69 0.079453
39 70 0.079453
39 71 0.079453
39 72 0.079453
39 73 0.079453
39 74 0.079453
39 75 0.079452
39 76 0.079452
39 77 0.079452
39 78 0.079452
39 79 0.079452
39 80 0.079452
39 81 0.079452
39 82 0.079452
39 83 0.079452
39 84 0.079452
39 85 0.079452
39 86 0.079452
39 87 0.079453
39 88 0.079453
39 89 0.079453
39 90 0.079454
39 91 0.079454
39 92 0.079454
39 93 0.079454
39 94 0.079454
39 95 0.079454
39 96 0.079455
39 97 0.079455
39 98 0.079455
39 99 0.079454

40 0 0.079441
40 1 0.079441
40 2 0.079441
40 3 0.079441
40 4 0.079441
40 5 0.079441
40 6 0.079442
40 7 0.079442
40 8 0.079442
40 9 0.079442
40 10 0.079442
40 11 0.079442
40 12 0.079443
40 13 0.079443
40 14 0.079443
40 15 0.079443
40 16 0.079443
40 17 0.079443
40 18 0.079443
40 19 0.079443
40 20 0.079443
40 21 0.079444
40 22 0.079444
40 23 0.079444
40 24 0.079444
40 25 0.079444
40 26 0.079444
40 27 0.079444
40 28 0.079444
40 29 0.079444
40 30 0.079444
40 31 0.079445
40 32 0.079445
40 33 0.079445
40 34 0.079444
40 35 0.079444
40 36 0.079444
40 37 0.079444
40 38 0.079444
40 39 0.079444
40 40 0.079444
40 41 0.079445
40 42 0.079445
40 43 0.079445
40 44 0.079445
40 45 0.079445
40 46 0.079445
40 47 0.079445
40 48 0.079445
40 49 0.079445
40 50 0.079445
40 51 0.079446
40 52 0.079446
40 53 0.079446
40 54 0.079446
40 55 0.079447
40 56 0.079448
40 57 0.079448
40 58 0.079449
40 59 0.079450
40 60 0.079450
40 61 0.079451
40 62 0.079452
40 63 0.079452
40 64 0.079453
40 65 0.079453
40 66 0.079453
40 67 0.079453
40 68 0.079453
40 69 0.079453
40 70 0.079453
40 71 0.079453
40 72 0.079453
40 73 0.079453
40 74 0.079453
40 75 0.079453
40 76 0.079453
40 77 0.079453
40 78 0.079452
40 79 0.079452
40 80 0.079452
40 81 0.079452
40 82 0.079452
40 83 0.079452
40 84 0.079452
40 85 0.079452
40 86 0.079453
40 87 0.079453
40 88 0.079453
40 89 0.079454
40 90 0.079454
40 91 0.079454
40 92 0.079454
40 93 0.079454
40 94 0.079454
40 95 0.079455
40 96 0.079455
40 97 0.079455
40 98 0.079455
40 99 0.079454

41 0 0.079441
41 1 0.079441
41 2 0.079441
41 3 0.079441
41 4 0.079441
41 5 0.079441
41 6 0.079442
41 7 0.079442
41 8 0.079442
41 9 0.079442
41 10 0.079442
41 11 0.079443
41 12 0.079443
41 13 0.079443
41 14 0.079443
41 15 0.079443
41 16 0.079443
41 17 0.079443
41 18 0.079443
41 19 0.079444
41 20 0.079444
41 21 0.079444
41 22 0.079444
41 23 0.079444
41 24 0.079444
41 25 0.079444
41 26 0.079444
41 27 0.079445
41 28 0.079445
41 29 0.079445
41 30 0.079445
41 31 0.079445
41 32 0.079445
41 33 0.079445
41 34 0.079445
41 35 0.079445
41 36 0.079445
41 37 0.079445
41 38 0.079445
41 39 0.079445
41 40 0.079445
41 41 0.079445
41 42 0.079445
41 43 0.079445
41 44 0.079445
41 45 0.079445
41 46 0.079446
41 47 0.079446
41 48 0.079446
41 49 0.079446
41 50 0.079446
41 51 0.079446
41 52 0.079447
41 53 0.079447
41 54 0.079447
41 55 0.079448
41 56 0.079448
41 57 0.079449
41 58 0.079450
41 59 0.079450
41 60 0.079451
41 61 0.079452
41 62 0.079452
41 63 0.079453
41 64 0.079453
41 65 0.079454
41 66 0.079454
41 67 0.079454
41 68 0.079454
41 69 0.079454
41 70 0.079454
41 71 0.079454
41 72 0.079454
41 73 0.079454
41 74 0.079453
41 75 0.079453
41 76 0.079453
41 77 0.079453
41 78 0.079453
41 79 0.079453
41 80 0.079453
41 81 0.079452
41 82 0.079452
41 83 0.079452
41 84 0.079453
41 85 0.079453
41 86 0.079453
41 87 0.079453
41 88 0.079454
41 89 0.079454
41 90 0.079454
41 91 0.079454
41 92 0.079454
41 93 0.079455
41 94 0.079455
41 95 0.079455
41 96 0.079455
41 97 0.079455
41 98 0.079455
41 99 0.079455

42 0 0.079441
42 1 0.079442
42 2 0.079442
42 3 0.079442
42 4 0.079442
42 5 0.079442
42 6 0.079442
42 7 0.079442
42 8 0.079443
42 9 0.079443
42 10 0.079443
42 11 0.079443
42 12 0.079443
42 13 0.079443
42 14 0.079443
42 15 0.079444
42 16 0.079444
42 17 0.079444
42 18 0.079444
42 19 0.079444
42 20 0.079444
42 21 0.079444
42 22 0.079444
42 23 0.079444
42 24 0.079444
42 25 0.079445
42 26 0.079445
42 27 0.079445
42 28 0.079445
42 29 0.079445
42 30 0.079445
42 31 0.079445
42 32 0.079445
42 33 0.079445
42 34 0.079445
42 35 0.079445
42 36 0.079445
42 37 0.079445
42 38 0.079445
42 39 0.079445
42 40 0.079445
42 41 0.079445
42 42 0.079446
42 43 0.079446
42 44 0.079446
42 45 0.079446
42 46 0.079446
42 47 0.079446
42 48 0.079446
42 49 0.079447
42 50 0.079447
42 51 0.079447
42 52 0.079447
42 53 0.079448
42 54 0.079448
42 55 0.079449
42 56 0.079449
42 57 0.079450
42 58 0.079451
42 59 0.079451
42 60 0.079452
42 61 0.079452
42 62 0.079453
42 63 0.079453
42 64 0.079454
42 65 0.079454
42 66 0.079454
42 67 0.079454
42 68 0.079454
42 69 0.079454
42 70 0.079454
42 71 0.079454
42 72 0.079454
42 73 0.079454
42 74 0.079454
42 75 0.079454
42 76 0.079454
42 77 0.079453
42 78 0.079453
42 79 0.079453
42 80 0.079453
42 81 0.079453
42 82 0.079453
42 83 0.079453
42 84 0.079453
42 85 0.079453
42 86 0.079453
42 87 0.079454
42 88 0.079454
42 89 0.079454
42 90 0.079454
42 91 0.079455
42 92 0.079455
42 93 0.079455
42 94 0.079455
42 95 0.079455
42 96 0.079455
42 97 0.079455
42 98 0.079456
42 99 0.079455

43 0 0.079442
43 1 0.079442
43 2 0.079442
43 3 0.079442
43 4 0.079442
43 5 0.079442
43 6 0.079443
43 7 0.079443
43 8 0.079443
43 9 0.079443
43 10 0.079443
43 11 0.079443
43 12 0.079444
43 13 0.079444
43 14 0.079444
43 15 0.079444
43 16 0.079444
43 17 0.079444
43 18 0.079444
43 19 0.079444
43 20 0.079444
43 21 0.079445
43 22 0.079445
43 23 0.079445
43 24 0.079445
43 25 0.079445
43 26 0.079445
43 27 0.079445
43 28 0.079445
43 29 0.079445
43 30 0.079445
43 31 0.079445
43 32 0.079445
43 33 0.079445
43 34 0.079445
43 35 0.079446
43 36 0.079446
43 37 0.079446
43 38 0.079446
43 39 0.079446
43 40 0.079446
43 41 0.079446
43 42 0.079446
43 43 0.079446
43 44 0.079446
43 45 0.079447
43 46 0.079447
43 47 0.079447
43 48 0.079447
43 49 0.079447
43 50 0.079448
43 51 0.079448
43 52 0.079448
43 53 0.079449
43 54 0.079449
43 55 0.079450
43 56 0.079450
43 57 0.079451
43 58 0.079451
43 59 0.079452
43 60 0.079453
43 61 0.079453
43 62 0.079454
43 63 0.079454
43 64 0.079454
43 65 0.079455
43 66 0.079455
43 67 0.079455
43 68 0.079455
43 69 0.079455
43 70 0.079455
43 71 0.079455
43 72 0.079455
43 73 0.079454
43 74 0.079454
43 75 0.079454
43 76 0.079454
43 77 0.079454
43 78 0.079454
43 79 0.079454
43 80 0.079453
43 81 0.079453
43 82 0.079453
43 83 0.079453
43 84 0.079453
43 85 0.079454
43 86 0.079454
43 87 0.079454
43 88 0.079454
43 89 0.079454
43 90 0.079455
43 91 0.079455
43 92 0.079455
43 93 0.079455
43 94 0.079455
43 95 0.079455
43 96 0.079455
43 97 0.079456
43 98 0.079456
43 99 0.079455

44 0 0.079442
44 1 0.079442
44 2 0.079442
44 3 0.079442
44 4 0.079443
44 5 0.079443
44 6 0.079443
44 7 0.079443
44 8 0.079443
44 9 0.079444
44 10 0.079444
44 11 0.079444
44 12 0.079444
44 13 0.079444
44 14 0.079444
44 15 0.079444
44 16 0.079445
44 17 0.079445
44 18 0.079445
44 19 0.079445
44 20 0.079445
44 21 0.079445
44 22 0.079445
44 23 0.079445
44 24 0.079445
44 25 0.079445
44 26 0.079445
44 27 0.079445
44 28 0.079446
44 29 0.079446
44 30 0.079446
44 31 0.079446
44 32 0.079446
44 33 0.079446
44 34 0.079446
44 35 0.079446
44 36 0.079446
44 37 0.079446
44 38 0.079446
44 39 0.079446
44 40 0.079446
44 41 0.079446
44 42 0.079447
44 43 0.079447
44 44 0.079447
44 45 0.079447
44 46 0.079447
44 47 0.079448
44 48 0.079448
44 49 0.079448
44 50 0.079448
44 51 0.079449
44 52 0.079449
44 53 0.079449
44 54 0.079450
44 55 0.079450
44 56 0.079451
44 57 0.079452
44 58 0.079452
44 59 0.079453
44 60 0.079453
44 61 0.079454
44 62 0.079454
44 63 0.079455
44 64 0.079455
44 65 0.079455
44 66 0.079455
44 67 0.079455
44 68 0.079455
44 69 0.079455
44 70 0.079455
44 71 0.079455
44 72 0.079455
44 73 0.079455
44 74 0.079455
44 75 0.079455
44 76 0.079455
44 77 0.079454
44 78 0.079454
44 79 0.079454
44 80 0.079454
44 81 0.079454
44 82 0.079454
44 83 0.079454
44 84 0.079454
44 85 0.079454
44 86 0.079454
44 87 0.079454
44 88 0.079455
44 89 0.079455
44 90 0.079455
44 91 0.079455
44 92 0.079455
44 93 0.079455
44 94 0.079455
44 95 0.079456
44 96 0.079456
44 97 0.079456
44 98 0.079456
44 99 0.079456

45 0 0.079442
45 1 0.079443
45 2 0.079443
45 3 0.079443
45 4 0.079443
45 5 0.079443
45 6 0.079443
45 7 0.079444
45 8 0.079444
45 9 0.079444
45 10 0.079444
45 11 0.079444
45 12 0.079445
45 13 0.079445
45 14 0.079445
45 15 0.079445
45 16 0.079445
45 17 0.079445
45 18 0.079445
45 19 0.079445
45 20 0.079445
45 21 0.079445
45 22 0.079445
45 23 0.079445
45 24 0.079446
45 25 0.079446
45 26 0.079446
45 27 0.079446
45 28 0.079446
45 29 0.079446
45 30 0.079446
45 31 0.079446
45 32 0.079446
45 33 0.079446
45 34 0.079446
45 35 0.079446
45 36 0.079446
45 37 0.079446
45 38 0.079446
45 39 0.079447
45 40 0.079447
45 41 0.079447
45 42 0.079447
45 43 0.079447
45 44 0.079448
45 45 0.079448
45 46 0.079448
45 47 0.079448
45 48 0.079449
45 49 0.079449
45 50 0.079449
45 51 0.079450
45 52 0.079450
45 53 0.079450
45 54 0.079451
45 55 0.079451
45 56 0.079452
45 57 0.079452
45 58 0.079453
45 59 0.079454
45 60 0.079454
45 61 0.079455
45 62 0.079455
45 63 0.079455
45 64 0.079455
45 65 0.079456
45 66 0.079456
45 67 0.079456
45 68 0.079456
45 69 0.079456
45 70 0.079456
45 71 0.079456
45 72 0.079455
45 73 0.079455
45 74 0.079455
45 75 0.079455
45 76 0.079455
45 77 0.079455
45 78 0.079455
45 79 0.079455
45 80 0.079454
45 81 0.079454
45 82 0.079454
45 83 0.079454
45 84 0.079454
45 85 0.079454
45 86 0.079454
45 87 0.079455
45 88 0.079455
45 89 0.079455
45 90 0.079455
45 91 0.079456
45 92 0.079456
45 93 0.079456
45 94 0.079456
45 95 0.079456
45 96 0.079456
45 97 0.079456
45 98 0.079457
45 99 0.079456

46 0 0.079443
46 1 0.079443
46 2 0.079443
46 3 0.079443
46 4 0.079444
46 5 0.079444
46 6 0.079444
46 7 0.079444
46 8 0.079444
46 9 0.079445
46 10 0.079445
46 11 0.079445
46 12 0.079445
46 13 0.079445
46 14 0.079445
46 15 0.079445
46 16 0.079446
46 17 0.079446
46 18 0.079446
46 19 0.079446
46 20 0.079446
46 21 0.079446
46 22 0.079446
46 23 0.079446
46 24 0.079446
46 25 0.079446
46 26 0.079446
46 27 0.079446
46 28 0.079446
46 29 0.079446
46 30 0.079446
46 31 0.079446
46 32 0.079446
46 33 0.079446
46 34 0.079447
46 35 0.079447
46 36 0.079447
46 37 0.079447
46 38 0.079447
46 39 0.079447
46 40 0.079447
46 41 0.079448
46 42 0.079448
46 43 0.079448
46 44 0.079448
46 45 0.079449
46 46 0.079449
46 47 0.079449
46 48 0.079449
46 49 0.079450
46 50 0.079450
46 51 0.079450
46 52 0.079451
46 53 0.079451
46 54 0.079452
46 55 0.079452
46 56 0.079453
46 57 0.079453
46 58 0.079454
46 59 0.079454
46 60 0.079455
46 61 0.079455
46 62 0.079456
46 63 0.079456
46 64 0.079456
46 65 0.079456
46 66 0.079456
46 67 0.079456
46 68 0.079456
46 69 0.079456
46 70 0.079456
46 71 0.079456
46 72 0.079456
46 73 0.079456
46 74 0.079456
46 75 0.079456
46 76 0.079455
46 77 0.079455
46 78 0.079455
46 79 0.079455
46 80 0.079455
46 81 0.079455
46 82 0.079455
46 83 0.079455
46 84 0.079455
46 85 0.079455
46 86 0.079455
46 87 0.079455
46 88 0.079455
46 89 0.079456
46 90 0.079456
46 91 0.079456
46 92 0.079456
46 93 0.079456
46 94 0.079456
46 95 0.079456
46 96 0.079457
46 97 0.079457
46 98 0.079457
46 99 0.079456

47 0 0.079443
47 1 0.079444
47 2 0.079444
47 3 0.079444
47 4 0.079444
47 5 0.079444
47 6 0.079445
47 7 0.079445
47 8 0.079445
47 9 0.079445
47 10 0.079445
47 11 0.079445
47 12 0.079446
47 13 0.079446
47 14 0.079446
47 15 0.079446
47 16 0.079446
47 17 0.079446
47 18 0.079446
47 19 0.079446
47 20 0.079446
47 21 0.079446
47 22 0.079446
47 23 0.079446
47 24 0.079446
47 25 0.079446
47 26 0.079446
47 27 0.079446
47 28 0.079446
47 29 0.079447
47 30 0.079447
47 31 0.079447
47 32 0.079447
47 33 0.079447
47 34 0.079447
47 35 0.079447
47 36 0.079447
47 37 0.079447
47 38 0.079447
47 39 0.079448
47 40 0.079448
47 41 0.079448
47 42 0.079448
47 43 0.079449
47 44 0.079449
47 45 0.079449
47 46 0.079450
47 47 0.079450
47 48 0.079450
47 49 0.079451
47 50 0.079451
47 51 0.079451
47 52 0.079452
47 53 0.079452
47 54 0.079453
47 55 0.079453
47 56 0.079454
47 57 0.079454
47 58 0.079455
47 59 0.079455
47 60 0.079455
47 61 0.079456
47 62 0.079456
47 63 0.079456
47 64 0.079456
47 65 0.079456
47 66 0.079456
47 67 0.079456
47 68 0.079456
47 69 0.079456
47 70 0.079456
47 71 0.079456
47 72 0.079456
47 73 0.079456
47 74 0.079456
47 75 0.079456
47 76 0.079456
47 77 0.079456
47 78 0.079456
47 79 0.079455
47 80 0.079455
47 81 0.079455
47 82 0.079455
47 83 0.079455
47 84 0.079455
47 85 0.079455
47 86 0.079455
47 87 0.079456
47 88 0.079456
47 89 0.079456
47 90 0.079456
47 91 0.079456
47 92 0.079456
47 93 0.079456
47 94 0.079457
47 95 0.079457
47 96 0.079457
47 97 0.079457
47 98 0.079457
47 99 0.079457

48 0 0.079444
48 1 0.079444
48 2 0.079444
48 3 0.079444
48 4 0.079445
48 5 0.079445
48 6 0.079445
48 7 0.079445
48 8 0.079445
48 9 0.079445
48 10 0.079446
48 11 0.079446
48 12 0.079446
48 13 0.079446
48 14 0.079446
48 15 0.079446
48 16 0.079446
48 17 0.079447
48 18 0.079447
48 19 0.079447
48 20 0.079447
48 21 0.079447
48 22 0.079447
48 23 0.079447
48 24 0.079447
48 25 0.079447
48 26 0.079447
48 27 0.079447
48 28 0.079447
48 29 0.079447
48 30 0.079447
48 31 0.079447
48 32 0.079447
48 33 0.079447
48 34 0.079447
48 35 0.079447
48 36 0.079447
48 37 0.079448
48 38 0.079448
48 39 0.079448
48 40 0.079448
48 41 0.079449
48 42 0.079449
48 43 0.079449
48 44 0.079450
48 45 0.079450
48 46 0.079450
48 47 0.079451
48 48 0.079451
48 49 0.079451
48 50 0.079452
48 51 0.079452
48 52 0.079453
48 53 0.079453
48 54 0.079454
48 55 0.079454
48 56 0.079455
48 57 0.079455
48 58 0.079455
48 59 0.079456
48 60 0.079456
48 61 0.079456
48 62 0.079457
48 63 0.079457
48 64 0.079457
48 65 0.079457
48 66 0.079457
48 67 0.079457
48 68 0.079457
48 69 0.079457
48 70 0.079457
48 71 0.079457
48 72 0.079457
48 73 0.079457
48 74 0.079456
48 75 0.079456
48 76 0.079456
48 77 0.079456
48 78 0.079456
48 79 0.079456
48 80 0.079456
48 81 0.079456
48 82 0.079456
48 83 0.079456
48 84 0.079456
48 85 0.079456
48 86 0.079456
48 87 0.079456
48 88 0.079456
48 89 0.079456
48 90 0.079456
48 91 0.079457
48 92 0.079457
48 93 0.079457
48 94 0.079457
48 95 0.079457
48 96 0.079457
48 97 0.079457
48 98 0.079458
48 99 0.079457

49 0 0.079444
49 1 0.079445
49 2 0.079445
49 3 0.079445
49 4 0.079445
49 5 0.079445
49 6 0.079445
49 7 0.079446
49 8 0.079446
49 9 0.079446
49 10 0.079446
49 11 0.079446
49 12 0.079447
49 13 0.079447
49 14 0.079447
49 15 0.079447
49 16 0.079447
49 17 0.079447
49 18 0.079447
49 19 0.079447
49 20 0.079447
49 21 0.079447
49 22 0.079447
49 23 0.079447
49 24 0.079447
49 25 0.079447
49 26 0.079447
49 27 0.079447
49 28 0.079447
49 29 0.079447
49 30 0.079447
49 31 0.079447
49 32 0.079447
49 33 0.079447
49 34 0.079448
49 35 0.079448
49 36 0.079448
49 37 0.079448
49 38 0.079448
49 39 0.079449
49 40 0.079449
49 41 0.079449
49 42 0.079449
49 43 0.079450
49 44 0.079450
49 45 0.079451
49 46 0.079451
49 47 0.079451
49 48 0.079452
49 49 0.079452
49 50 0.079453
49 51 0.079453
49 52 0.079454
49 53 0.079454
49 54 0.079455
49 55 0.079455
49 56 0.079455
49 57 0.079456
49 58 0.079456
49 59 0.079456
49 60 0.079457
49 61 0.079457
49 62 0.079457
49 63 0.079457
49 64 0.079457
49 65 0.079457
49 66 0.079457
49 67 0.079457
49 68 0.079457
49 69 0.079457
49 70 0.079457
49 71 0.079457
49 72 0.079457
49 73 0.079457
49 74 0.079457
49 75 0.079457
49 76 0.079457
49 77 0.079457
49 78 0.079456
49 79 0.079456
49 80 0.079456
49 81 0.079456
49 82 0.079456
49 83 0.079456
49 84 0.079456
49 85 0.079456
49 86 0.079456
49 87 0.079456
49 88 0.079457
49 89 0.079457
49 90 0.079457
49 91 0.079457
49 92 0.079457
49 93 0.079457
49 94 0.079457
49 95 0.079457
49 96 0.079458
49 97 0.079458
49 98 0.079458
49 99 0.079458

50 0 0.079445
50 1 0.079445
50 2 0.079445
50 3 0.079445
50 4 0.079445
50 5 0.079446
50 6 0.079446
50 7 0.079446
50 8 0.079446
50 9 0.079446
50 10 0.079447
50 11 0.079447
50 12 0.079447
50 13 0.079447
50 14 0.079447
50 15 0.079447
50 16 0.079447
50 17 0.079447
50 18 0.079447
50 19 0.079447
50 20 0.079447
50 21 0.079447
50 22 0.079447
50 23 0.079447
50 24 0.079447
50 25 0.079447
50 26 0.079447
50 27 0.079447
50 28 0.079447
50 29 0.079447
50 30 0.079447
50 31 0.079448
50 32 0.079448
50 33 0.079448
50 34 0.079448
50 35 0.079448
50 36 0.079448
50 37 0.079448
50 38 0.079449
50 39 0.079449
50 40 0.079449
50 41 0.079450
50 42 0.079450
50 43 0.079450
50 44 0.079451
50 45 0.079451
50 46 0.079452
50 47 0.079452
50 48 0.079453
50 49 0.079453
50 50 0.079454
50 51 0.079454
50 52 0.079455
50 53 0.079455
50 54 0.079456
50 55 0.079456
50 56 0.079456
50 57 0.079457
50 58 0.079457
50 59 0.079457
50 60 0.079457
50 61 0.079457
50 62 0.079458
50 63 0.079458
50 64 0.079457
50 65 0.079457
50 66 0.079457
50 67 0.079457
50 68 0.079457
50 69 0.079457
50 70 0.079457
50 71 0.079457
50 72 0.079457
50 73 0.079457
50 74 0.079457
50 75 0.079457
50 76 0.079457
50 77 0.079457
50 78 0.079457
50 79 0.079457
50 80 0.079457
50 81 0.079457
50 82 0.079456
50 83 0.079456
50 84 0.079456
50 85 0.079456
50 86 0.079457
50 87 0.079457
50 88 0.079457
50 89 0.079457
50 90 0.079457
50 91 0.079457
50 92 0.079457
50 93 0.079458
50 94 0.079458
50 95 0.079458
50 96 0.079458
50 97 0.079458
50 98 0.079458
50 99 0.079458

51 0 0.079445
51 1 0.079445
51 2 0.079445
51 3 0.079446
51 4 0.079446
51 5 0.079446
51 6 0.079446
51 7 0.079446
51 8 0.079447
51 9 0.079447
51 10 0.079447
51 11 0.079447
51 12 0.079447
51 13 0.079447
51 14 0.079447
51 15 0.079448
51 16 0.079448
51 17 0.079448
51 18 0.079448
51 19 0.079448
51 20 0.079448
51 21 0.079447
51 22 0.079447
51 23 0.079447
51 24 0.079447
51 25 0.079447
51 26 0.079447
51 27 0.079447
51 28 0.079448
51 29 0.079448
51 30 0.079448
51 31 0.079448
51 32 0.079448
51 33 0.079448
51 34 0.079448
51 35 0.079448
51 36 0.079449
51 37 0.079449
51 38 0.079449
51 39 0.079450
51 40 0.079450
51 41 0.079450
51 42 0.079451
51 43 0.079451
51 44 0.079452
51 45 0.079452
51 46 0.079453
51 47 0.079453
51 48 0.079454
51 49 0.079454
51 50 0.079455
51 51 0.079455
51 52 0.079456
51 53 0.079456
51 54 0.079456
51 55 0.079457
51 56 0.079457
51 57 0.079457
51 58 0.079458
51 59 0.079458
51 60 0.079458
51 61 0.079458
51 62 0.079458
51 63 0.079458
51 64 0.079458
51 65 0.079458
51 66 0.079457
51 67 0.079457
51 68 0.079457
51 69 0.079457
51 70 0.079457
51 71 0.079457
51 72 0.079457
51 73 0.079457
51 74 0.079457
51 75 0.079457
51 76 0.079457
51 77 0.079457
51 78 0.079457
51 79 0.079457
51 80 0.079457
51 81 0.079457
51 82 0.079457
51 83 0.079457
51 84 0.079457
51 85 0.079457
51 86 0.079457
51 87 0.079457
51 88 0.079457
51 89 0.079458
51 90 0.079458
51 91 0.079458
51 92 0.079458
51 93 0.079458
51 94 0.079458
51 95 0.079458
51 96 0.079458
51 97 0.079458
51 98 0.079459
51 99 0.079458

52 0 0.079446
52 1 0.079446
52 2 0.079446
52 3 0.079446
52 4 0.079446
52 5 0.079446
52 6 0.079446
52 7 0.079447
52 8 0.079447
52 9 0.079447
52 10 0.079447
52 11 0.079447
52 12 0.079447
52 13 0.079448
52 14 0.079448
52 15 0.079448
52 16 0.079448
52 17 0.079448
52 18 0.079448
52 19 0.079448
52 20 0.079448
52 21 0.079448
52 22 0.079448
52 23 0.079448
52 24 0.079448
52 25 0.079448
52 26 0.079448
52 27 0.079448
52 28 0.079448
52 29 0.079448
52 30 0.079448
52 31 0.079448
52 32 0.079448
52 33 0.079448
52 34 0.079449
52 35 0.079449
52 36 0.079449
52 37 0.079449
52 38 0.079450
52 39 0.079450
52 40 0.079450
52 41 0.079451
52 42 0.079451
52 43 0.079452
52 44 0.079452
52 45 0.079453
52 46 0.079453
52 47 0.079454
52 48 0.079454
52 49 0.079455
52 50 0.079455
52 51 0.079456
52 52 0.079456
52 53 0.079457
52 54 0.079457
52 55 0.079458
52 56 0.079458
52 57 0.079458
52 58 0.079458
52 59 0.079458
52 60 0.079458
52 61 0.079458
52 62 0.079458
52 63 0.079458
52 64 0.079458
52 65 0.079458
52 66 0.079458
52 67 0.079458
52 68 0.079458
52 69 0.079457
52 70 0.079457
52 71 0.079457
52 72 0.079457
52 73 0.079457
52 74 0.079457
52 75 0.079458
52 76 0.079458
52 77 0.079458
52 78 0.079457
52 79 0.079457
52 80 0.079457
52 81 0.079457
52 82 0.079457
52 83 0.079457
52 84 0.079457
52 85 0.079457
52 86 0.079457
52 87 0.079458
52 88 0.079458
52 89 0.079458
52 90 0.079458
52 91 0.079458
52 92 0.079458
52 93 0.079458
52 94 0.079458
52 95 0.079458
52 96 0.079459
52 97 0.079459
52 98 0.079459
52 99 0.079459

53 0 0.079446
53 1 0.079446
53 2 0.079446
53 3 0.079446
53 4 0.079446
53 5 0.079447
53 6 0.079447
53 7 0.079447
53 8 0.079447
53 9 0.079447
53 10 0.079447
53 11 0.079448
53 12 0.079448
53 13 0.079448
53 14 0.079448
53 15 0.079448
53 16 0.079448
53 17 0.079448
53 18 0.079448
53 19 0.079448
53 20 0.079448
53 21 0.079448
53 22 0.079448
53 23 0.079448
53 24 0.079448
53 25 0.079448
53 26 0.079448
53 27 0.079448
53 28 0.079448
53 29 0.079448
53 30 0.079448
53 31 0.079448
53 32 0.079449
53 33 0.079449
53 34 0.079449
53 35 0.079449
53 36 0.079449
53 37 0.079450
53 38 0.079450
53 39 0.079451
53 40 0.079451
53 41 0.079451
53 42 0.079452
53 43 0.079452
53 44 0.079453
53 45 0.079454
53 46 0.079454
53 47 0.079455
53 48 0.079455
53 49 0.079456
53 50 0.079456
53 51 0.079457
53 52 0.079457
53 53 0.079458
53 54 0.079458
53 55 0.079458
53 56 0.079458
53 57 0.079459
53 58 0.079459
53 59 0.079459
53 60 0.079458
53 61 0.079458
53 62 0.079458
53 63 0.079458
53 64 0.079458
53 65 0.079458
53 66 0.079458
53 67 0.079458
53 68 0.079458
53 69 0.079457
53 70 0.079457
53 71 0.079457
53 72 0.079458
53 73 0.079458
53 74 0.079458
53 75 0.079458
53 76 0.079458
53 77 0.079458
53 78 0.079458
53 79 0.079458
53 80 0.079458
53 81 0.079458
53 82 0.079458
53 83 0.079458
53 84 0.079458
53 85 0.079458
53 86 0.079458
53 87 0.079458
53 88 0.079458
53 89 0.079458
53 90 0.079458
53 91 0.079458
53 92 0.079458
53 93 0.079458
53 94 0.079459
53 95 0.079459
53 96 0.079459
53 97 0.079459
53 98 0.079459
53 99 0.079459

54 0 0.079446
54 1 0.079446
54 2 0.079446
54 3 0.079446
54 4 0.079446
54 5 0.079447
54 6 0.079447
54 7 0.079447
54 8 0.079447
54 9 0.079447
54 10 0.079447
54 11 0.079448
54 12 0.079448
54 13 0.079448
54 14 0.079448
54 15 0.079448
54 16 0.079448
54 17 0.079448
54 18 0.079448
54 19 0.079448
54 20 0.079448
54 21 0.079448
54 22 0.079448
54 23 0.079448
54 24 0.079448
54 25 0.079448
54 26 0.079448
54 27 0.079448
54 28 0.079448
54 29 0.079448
54 30 0.079448
54 31 0.079449
54 32 0.079449
54 33 0.079449
54 34 0.079449
54 35 0.079450
54 36 0.079450
54 37 0.079450
54 38 0.079451
54 39 0.079451
54 40 0.079452
54 41 0.079452
54 42 0.079453
54 43 0.079453
54 44 0.079454
54 45 0.079454
54 46 0.079455
54 47 0.079455
54 48 0.079456
54 49 0.079456
54 50 0.079457
54 51 0.079457
54 52 0.079458
54 53 0.079458
54 54 0.079458
54 55 0.079459
54 56 0.079459
54 57 0.079459
54 58 0.079459
54 59 0.079459
54 60 0.079458
54 61 0.079458
54 62 0.079458
54 63 0.079458
54 64 0.079458
54 65 0.079457
54 66 0.079457
54 67 0.079457
54 68 0.079457
54 69 0.079457
54 70 0.079457
54 71 0.079457
54 72 0.079457
54 73 0.079458
54 74 0.079458
54 75 0.079458
54 76 0.079458
54 77 0.079458
54 78 0.079458
54 79 0.079458
54 80 0.079458
54 81 0.079458
54 82 0.079458
54 83 0.079458
54 84 0.079458
54 85 0.079458
54 86 0.079458
54 87 0.079458
54 88 0.079458
54 89 0.079458
54 90 0.079459
54 91 0.079459
54 92 0.079459
54 93 0.079459
54 94 0.079459
54 95 0.079459
54 96 0.079459
54 97 0.079459
54 98 0.079459
54 99 0.079459

55 0 0.079447
55 1 0.079446
55 2 0.079446
55 3 0.079447
55 4 0.079447
55 5 0.079447
55 6 0.079447
55 7 0.079447
55 8 0.079447
55 9 0.079447
55 10 0.079448
55 11 0.079448
55 12 0.079448
55 13 0.079448
55 14 0.079448
55 15 0.079448
55 16 0.079448
55 17 0.079448
55 18 0.079448
55 19 0.079448
55 20 0.079448
55 21 0.079448
55 22 0.079448
55 23 0.079448
55 24 0.079448
55 25 0.079448
55 26 0.079448
55 27 0.079449
55 28 0.079449
55 29 0.079449
55 30 0.079449
55 31 0.079449
55 32 0.079449
55 33 0.079450
55 34 0.079450
55 35 0.079450
55 36 0.079451
55 37 0.079451
55 38 0.079451
55 39 0.079452
55 40 0.079452
55 41 0.079453
55 42 0.079453
55 43 0.079454
55 44 0.079454
55 45 0.079455
55 46 0.079456
55 47 0.079456
55 48 0.079457
55 49 0.079457
55 50 0.079458
55 51 0.079458
55 52 0.079459
55 53 0.079459
55 54 0.079459
55 55 0.079460
55 56 0.079460
55 57 0.079460
55 58 0.079460
55 59 0.079459
55 60 0.079459
55 61 0.079459
55 62 0.079459
55 63 0.079458
55 64 0.079458
55 65 0.079458
55 66 0.079458
55 67 0.079458
55 68 0.079457
55 69 0.079457
55 70 0.079457
55 71 0.079458
55 72 0.079458
55 73 0.079458
55 74 0.079458
55 75 0.079458
55 76 0.079458
55 77 0.079458
55 78 0.079458
55 79 0.079458
55 80 0.079458
55 81 0.079458
55 82 0.079458
55 83 0.079458
55 84 0.079458
55 85 0.079458
55 86 0.079459
55 87 0.079459
55 88 0.079459
55 89 0.079459
55 90 0.079459
55 91 0.079459
55 92 0.079459
55 93 0.079459
55 94 0.079459
55 95 0.079459
55 96 0.079459
55 97 0.079459
55 98 0.079459
55 99 0.079459

56 0 0.079447
56 1 0.079446
56 2 0.079446
56 3 0.079447
56 4 0.079447
56 5 0.079447
56 6 0.079447
56 7 0.079447
56 8 0.079447
56 9 0.079447
56 10 0.079448
56 11 0.079448
56 12 0.079448
56 13 0.079448
56 14 0.079448
56 15 0.079448
56 16 0.079448
56 17 0.079448
56 18 0.079448
56 19 0.079448
56 20 0.079448
56 21 0.079448
56 22 0.079448
56 23 0.079448
56 24 0.079449
56 25 0.079449
56 26 0.079449
56 27 0.079449
56 28 0.079449
56 29 0.079449
56 30 0.079449
56 31 0.079449
56 32 0.079450
56 33 0.079450
56 34 0.079450
56 35 0.079451
56 36 0.079451
56 37 0.079451
56 38 0.079452
56 39 0.079452
56 40 0.079453
56 41 0.079453
56 42 0.079454
56 43 0.079455
56 44 0.079455
56 45 0.079456
56 46 0.079456
56 47 0.079457
56 48 0.079457
56 49 0.079458
56 50 0.079459
56 51 0.079459
56 52 0.079459
56 53 0.079460
56 54 0.079460
56 55 0.079460
56 56 0.079460
56 57 0.079460
56 58 0.079460
56 59 0.079459
56 60 0.079459
56 61 0.079459
56 62 0.079458
56 63 0.079458
56 64 0.079458
56 65 0.079457
56 66 0.079457
56 67 0.079457
56 68 0.079457
56 69 0.079457
56 70 0.079457
56 71 0.079457
56 72 0.079457
56 73 0.079458
56 74 0.079458
56 75 0.079458
56 76 0.079458
56 77 0.079458
56 78 0.079458
56 79 0.079458
56 80 0.079458
56 81 0.079458
56 82 0.079458
56 83 0.079458
56 84 0.079459
56 85 0.079459
56 86 0.079459
56 87 0.079459
56 88 0.079459
56 89 0.079459
56 90 0.079459
56 91 0.079459
56 92 0.079459
56 93 0.079459
56 94 0.079459
56 95 0.079459
56 96 0.079459
56 97 0.079459
56 98 0.079459
56 99 0.079460

57 0 0.079447
57 1 0.079446
57 2 0.079446
57 3 0.079447
57 4 0.079446
57 5 0.079447
57 6 0.079447
57 7 0.079447
57 8 0.079447
57 9 0.079447
57 10 0.079447
57 11 0.079448
57 12 0.079448
57 13 0.079448
57 14 0.079448
57 15 0.079448
57 16 0.079448
57 17 0.079448
57 18 0.079449
57 19 0.079449
57 20 0.079449
57 21 0.079449
57 22 0.079449
57 23 0.079449
57 24 0.079449
57 25 0.079449
57 26 0.079449
57 27 0.079449
57 28 0.079449
57 29 0.079449
57 30 0.079450
57 31 0.079450
57 32 0.079450
57 33 0.079450
57 34 0.079451
57 35 0.079451
57 36 0.079452
57 37 0.079452
57 38 0.079452
57 39 0.079453
57 40 0.079453
57 41 0.079454
57 42 0.079455
57 43 0.079455
57 44 0.079456
57 45 0.079456
57 46 0.079457
57 47 0.079458
57 48 0.079458
57 49 0.079459
57 50 0.079459
57 51 0.079460
57 52 0.079460
57 53 0.079460
57 54 0.079460
57 55 0.079460
57 56 0.079460
57 57 0.079460
57 58 0.079460
57 59 0.079459
57 60 0.079459
57 61 0.079459
57 62 0.079458
57 63 0.079458
57 64 0.079457
57 65 0.079457
57 66 0.079457
57 67 0.079457
57 68 0.079457
57 69 0.079457
57 70 0.079457
57 71 0.079457
57 72 0.079457
57 73 0.079457
57 74 0.079458
57 75 0.079458
57 76 0.079458
57 77 0.079458
57 78 0.079458
57 79 0.079459
57 80 0.079459
57 81 0.079459
57 82 0.079459
57 83 0.079459
57 84 0.079459
57 85 0.079459
57 86 0.079459
57 87 0.079459
57 88 0.079459
57 89 0.079459
57 90 0.079459
57 91 0.079459
57 92 0.079459
57 93 0.079459
57 94 0.079459
57 95 0.079459
57 96 0.079460
57 97 0.079459
57 98 0.079459
57 99 0.079460

58 0 0.079446
58 1 0.079446
58 2 0.079446
58 3 0.079446
58 4 0.079446
58 5 0.079447
58 6 0.079447
58 7 0.079447
58 8 0.079447
58 9 0.079447
58 10 0.079447
58 11 0.079448
58 12 0.079448
58 13 0.079448
58 14 0.079448
58 15 0.079448
58 16 0.079448
58 17 0.079449
58 18 0.079449
58 19 0.079449
58 20 0.079449
58 21 0.079449
58 22 0.079449
58 23 0.079449
58 24 0.079449
58 25 0.079449
58 26 0.079449
58 27 0.079449
58 28 0.079450
58 29 0.079450
58 30 0.079450
58 31 0.079450
58 32 0.079451
58 33 0.079451
58 34 0.079451
58 35 0.079452
58 36 0.079452
58 37 0.079453
58 38 0.079453
58 39 0.079454
58 40 0.079454
58 41 0.079455
58 42 0.079455
58 43 0.079456
58 44 0.079456
58 45 0.079457
58 46 0.079458
58 47 0.079458
58 48 0.079459
58 49 0.079459
58 50 0.079460
58 51 0.079460
58 52 0.079460
58 53 0.079461
58 54 0.079461
58 55 0.079461
58 56 0.079461
58 57 0.079460
58 58 0.079460
58 59 0.079459
58 60 0.079459
58 61 0.079459
58 62 0.079458
58 63 0.079458
58 64 0.079457
58 65 0.079457
58 66 0.079457
58 67 0.079457
58 68 0.079457
58 69 0.079457
58 70 0.079457
58 71 0.079457
58 72 0.079457
58 73 0.079457
58 74 0.079458
58 75 0.079458
58 76 0.079458
58 77 0.079458
58 78 0.079458
58 79 0.079459
58 80 0.079459
58 81 0.079459
58 82 0.079459
58 83 0.079459
58 84 0.079459
58 85 0.079459
58 86 0.079459
58 87 0.079459
58 88 0.079459
58 89 0.079459
58 90 0.079459
58 91 0.079459
58 92 0.079459
58 93 0.079459
58 94 0.079459
58 95 0.079459
58 96 0.079459
58 97 0.079459
58 98 0.079459
58 99 0.079460

59 0 0.079446
59 1 0.079446
59 2 0.079446
59 3 0.079446
59 4 0.079446
59 5 0.079446
59 6 0.079446
59 7 0.079447
59 8 0.079447
59 9 0.079447
59 10 0.079447
59 11 0.079448
59 12 0.079448
59 13 0.079448
59 14 0.079448
59 15 0.079448
59 16 0.079448
59 17 0.079449
59 18 0.079449
59 19 0.079449
59 20 0.079449
59 21 0.079449
59 22 0.079449
59 23 0.079449
59 24 0.079449
59 25 0.079450
59 26 0.079450
59 27 0.079450
59 28 0.079450
59 29 0.079450
59 30 0.079451
59 31 0.079451
59 32 0.079451
59 33 0.079452
59 34 0.079452
59 35 0.079452
59 36 0.079453
59 37 0.079453
59 38 0.079454
59 39 0.079454
59 40 0.079455
59 41 0.079455
59 42 0.079456
59 43 0.079456
59 44 0.079457
59 45 0.079458
59 46 0.079458
59 47 0.079459
59 48 0.079459
59 49 0.079460
59 50 0.079460
59 51 0.079461
59 52 0.079461
59 53 0.079461
59 54 0.079461
59 55 0.079461
59 56 0.079461
59 57 0.079460
59 58 0.079460
59 59 0.079459
59 60 0.079459
59 61 0.079458
59 62 0.079458
59 63 0.079457
59 64 0.079457
59 65 0.079457
59 66 0.079456
59 67 0.079456
59 68 0.079456
59 69 0.079456
59 70 0.079457
59 71 0.079457
59 72 0.079457
59 73 0.079457
59 74 0.079457
59 75 0.079458
59 76 0.079458
59 77 0.079458
59 78 0.079458
59 79 0.079459
59 80 0.079459
59 81 0.079459
59 82 0.079459
59 83 0.079459
59 84 0.079459
59 85 0.079459
59 86 0.079459
59 87 0.079459
59 88 0.079459
59 89 0.079459
59 90 0.079459
59 91 0.079459
59 92 0.079459
59 93 0.079459
59 94 0.079460
59 95 0.079459
59 96 0.079460
59 97 0.079459
59 98 0.079459
59 99 0.079460

60 0 0.079446
60 1 0.079446
60 2 0.079446
60 3 0.079446
60 4 0.079446
60 5 0.079446
60 6 0.079446
60 7 0.079447
60 8 0.079447
60 9 0.079447
60 10 0.079447
60 11 0.079447
60 12 0.079448
60 13 0.079448
60 14 0.079448
60 15 0.079448
60 16 0.079449
60 17 0.079449
60 18 0.079449
60 19 0.079449
60 20 0.079449
60 21 0.079449
60 22 0.079449
60 23 0.079450
60 24 0.079450
60 25 0.079450
60 26 0.079450
60 27 0.079450
60 28 0.079451
60 29 0.079451
60 30 0.079451
60 31 0.079451
60 32 0.079452
60 33 0.079452
60 34 0.079453
60 35 0.079453
60 36 0.079453
60 37 0.079454
60 38 0.079454
60 39 0.079455
60 40 0.079456
60 41 0.079456
60 42 0.079457
60 43 0.079457
60 44 0.079458
60 45 0.079458
60 46 0.079459
60 47 0.079459
60 48 0.079460
60 49 0.079460
60 50 0.079461
60 51 0.079461
60 52 0.079461
60 53 0.079462
60 54 0.079461
60 55 0.079461
60 56 0.079461
60 57 0.079461
60 58 0.079460
60 59 0.079460
60 60 0.079459
60 61 0.079458
60 62 0.079458
60 63 0.079457
60 64 0.079457
60 65 0.079457
60 66 0.079456
60 67 0.079456
60 68 0.079456
60 69 0.079456
60 70 0.079456
60 71 0.079457
60 72 0.079457
60 73 0.079457
60 74 0.079457
60 75 0.079458
60 76 0.079458
60 77 0.079458
60 78 0.079459
60 79 0.079459
60 80 0.079459
60 81 0.079459
60 82 0.079459
60 83 0.079459
60 84 0.079459
60 85 0.079459
60 86 0.079459
60 87 0.079459
60 88 0.079459
60 89 0.079459
60 90 0.079459
60 91 0.079459
60 92 0.079459
60 93 0.079459
60 94 0.079459
60 95 0.079459
60 96 0.079459
60 97 0.079459
60 98 0.079459
60 99 0.079459

61 0 0.079446
61 1 0.079445
61 2 0.079446
61 3 0.079446
61 4 0.079446
61 5 0.079446
61 6 0.079446
61 7 0.079446
61 8 0.079446
61 9 0.079447
61 10 0.079447
61 11 0.079447
61 12 0.079448
61 13 0.079448
61 14 0.079448
61 15 0.079448
61 16 0.079449
61 17 0.079449
61 18 0.079449
61 19 0.079449
61 20 0.079449
61 21 0.079450
61 22 0.079450
61 23 0.079450
61 24 0.079450
61 25 0.079450
61 26 0.079451
61 27 0.079451
61 28 0.079451
61 29 0.079451
61 30 0.079452
61 31 0.079452
61 32 0.079452
61 33 0.079453
61 34 0.079453
61 35 0.079454
61 36 0.079454
61 37 0.079455
61 38 0.079455
61 39 0.079456
61 40 0.079456
61 41 0.079457
61 42 0.079457
61 43 0.079458
61 44 0.079458
61 45 0.079459
61 46 0.079459
61 47 0.079460
61 48 0.079460
61 49 0.079461
61 50 0.079461
61 51 0.079461
61 52 0.079462
61 53 0.079462
61 54 0.079462
61 55 0.079461
61 56 0.079461
61 57 0.079461
61 58 0.079460
61 59 0.079459
61 60 0.079459
61 61 0.079458
61 62 0.079457
61 63 0.079457
61 64 0.079457
61 65 0.079456
61 66 0.079456
61 67 0.079456
61 68 0.079456
61 69 0.079456
61 70 0.079456
61 71 0.079456
61 72 0.079457
61 73 0.079457
61 74 0.079457
61 75 0.079458
61 76 0.079458
61 77 0.079458
61 78 0.079458
61 79 0.079459
61 80 0.079459
61 81 0.079459
61 82 0.079459
61 83 0.079459
61 84 0.079459
61 85 0.079459
61 86 0.079459
61 87 0.079459
61 88 0.079459
61 89 0.079459
61 90 0.079459
61 91 0.079459
61 92 0.079459
61 93 0.079459
61 94 0.079459
61 95 0.079459
61 96 0.079459
61 97 0.079459
61 98 0.079459
61 99 0.079459

62 0 0.079445
62 1 0.079445
62 2 0.079445
62 3 0.079445
62 4 0.079445
62 5 0.079446
62 6 0.079446
62 7 0.079446
62 8 0.079446
62 9 0.079447
62 10 0.079447
62 11 0.079447
62 12 0.079447
62 13 0.079448
62 14 0.079448
62 15 0.079448
62 16 0.079449
62 17 0.079449
62 18 0.079449
62 19 0.079449
62 20 0.079450
62 21 0.079450
62 22 0.079450
62 23 0.079450
62 24 0.079451
62 25 0.079451
62 26 0.079451
62 27 0.079451
62 28 0.079452
62 29 0.079452
62 30 0.079452
62 31 0.079453
62 32 0.079453
62 33 0.079453
62 34 0.079454
62 35 0.079454
62 36 0.079455
62 37 0.079455
62 38 0.079456
62 39 0.079456
62 40 0.079457
62 41 0.079457
62 42 0.079458
62 43 0.079458
62 44 0.079459
62 45 0.079459
62 46 0.079460
62 47 0.079460
62 48 0.079461
62 49 0.079461
62 50 0.079462
62 51 0.079462
62 52 0.079462
62 53 0.079462
62 54 0.079462
62 55 0.079462
62 56 0.079461
62 57 0.079461
62 58 0.079460
62 59 0.079459
62 60 0.079459
62 61 0.079458
62 62 0.079457
62 63 0.079457
62 64 0.079456
62 65 0.079456
62 66 0.079456
62 67 0.079456
62 68 0.079456
62 69 0.079456
62 70 0.079456
62 71 0.079456
62 72 0.079457
62 73 0.079457
62 74 0.079457
62 75 0.079458
62 76 0.079458
62 77 0.079458
62 78 0.079458
62 79 0.079458
62 80 0.079459
62 81 0.079459
62 82 0.079459
62 83 0.079459
62 84 0.079459
62 85 0.079459
62 86 0.079459
62 87 0.079459
62 88 0.079459
62 89 0.079459
62 90 0.079459
62 91 0.079459
62 92 0.079459
62 93 0.079459
62 94 0.079459
62 95 0.079459
62 96 0.079459
62 97 0.079459
62 98 0.079459
62 99 0.079459

63 0 0.079445
63 1 0.079445
63 2 0.079445
63 3 0.079445
63 4 0.079445
63 5 0.079446
63 6 0.079446
63 7 0.079446
63 8 0.079446
63 9 0.079446
63 10 0.079447
63 11 0.079447
63 12 0.079447
63 13 0.079448
63 14 0.079448
63 15 0.079448
63 16 0.079449
63 17 0.079449
63 18 0.079449
63 19 0.079450
63 20 0.079450
63 21 0.079450
63 22 0.079450
63 23 0.079451
63 24 0.079451
63 25 0.079451
63 26 0.079451
63 27 0.079452
63 28 0.079452
63 29 0.079452
63 30 0.079453
63 31 0.079453
63 32 0.079453
63 33 0.079454
63 34 0.079454
63 35 0.079455
63 36 0.079455
63 37 0.079456
63 38 0.079456
63 39 0.079457
63 40 0.079457
63 41 0.079458
63 42 0.079458
63 43 0.079459
63 44 0.079459
63 45 0.079460
63 46 0.079460
63 47 0.079461
63 48 0.079461
63 49 0.079462
63 50 0.079462
63 51 0.079462
63 52 0.079462
63 53 0.079462
63 54 0.079462
63 55 0.079462
63 56 0.079461
63 57 0.079461
63 58 0.079460
63 59 0.079460
63 60 0.079459
63 61 0.079458
63 62 0.079458
63 63 0.079457
63 64 0.079457
63 65 0.079456
63 66 0.079456
63 67 0.079456
63 68 0.079456
63 69 0.079456
63 70 0.079456
63 71 0.079456
63 72 0.079457
63 73 0.079457
63 74 0.079457
63 75 0.079457
63 76 0.079458
63 77 0.079458
63 78 0.079458
63 79 0.079458
63 80 0.079458
63 81 0.079459
63 82 0.079459
63 83 0.079459
63 84 0.079459
63 85 0.079459
63 86 0.079459
63 87 0.079459
63 88 0.079459
63 89 0.079459
63 90 0.079459
63 91 0.079459
63 92 0.079459
63 93 0.079459
63 94 0.079459
63 95 0.079459
63 96 0.079459
63 97 0.079459
63 98 0.079459
63 99 0.079459

64 0 0.079445
64 1 0.079444
64 2 0.079445
64 3 0.079445
64 4 0.079445
64 5 0.079445
64 6 0.079445
64 7 0.079446
64 8 0.079446
64 9 0.079446
64 10 0.079447
64 11 0.079447
64 12 0.079447
64 13 0.079448
64 14 0.079448
64 15 0.079448
64 16 0.079449
64 17 0.079449
64 18 0.079449
64 19 0.079450
64 20 0.079450
64 21 0.079450
64 22 0.079451
64 23 0.079451
64 24 0.079451
64 25 0.079452
64 26 0.079452
64 27 0.079452
64 28 0.079452
64 29 0.079453
64 30 0.079453
64 31 0.079454
64 32 0.079454
64 33 0.079454
64 34 0.079455
64 35 0.079455
64 36 0.079456
64 37 0.079456
64 38 0.079457
64 39 0.079457
64 40 0.079458
64 41 0.079458
64 42 0.079459
64 43 0.079459
64 44 0.079460
64 45 0.079460
64 46 0.079461
64 47 0.079461
64 48 0.079462
64 49 0.079462
64 50 0.079462
64 51 0.079462
64 52 0.079462
64 53 0.079462
64 54 0.079462
64 55 0.079462
64 56 0.079462
64 57 0.079461
64 58 0.079460
64 59 0.079460
64 60 0.079459
64 61 0.079458
64 62 0.079458
64 63 0.079457
64 64 0.079457
64 65 0.079456
64 66 0.079456
64 67 0.079456
64 68 0.079456
64 69 0.079456
64 70 0.079456
64 71 0.079456
64 72 0.079456
64 73 0.079456
64 74 0.079457
64 75 0.079457
64 76 0.079457
64 77 0.079458
64 78 0.079458
64 79 0.079458
64 80 0.079458
64 81 0.079458
64 82 0.079458
64 83 0.079458
64 84 0.079458
64 85 0.079459
64 86 0.079459
64 87 0.079459
64 88 0.079459
64 89 0.079459
64 90 0.079459
64 91 0.079458
64 92 0.079459
64 93 0.079458
64 94 0.079459
64 95 0.079458
64 96 0.079459
64 97 0.079459
64 98 0.079458
64 99 0.079459

65 0 0.079444
65 1 0.079444
65 2 0.079444
65 3 0.079444
65 4 0.079444
65 5 0.079445
65 6 0.079445
65 7 0.079445
65 8 0.079446
65 9 0.079446
65 10 0.079446
65 11 0.079447
65 12 0.079447
65 13 0.079448
65 14 0.079448
65 15 0.079448
65 16 0.079449
65 17 0.079449
65 18 0.079450
65 19 0.079450
65 20 0.079450
65 21 0.079451
65 22 0.079451
65 23 0.079451
65 24 0.079452
65 25 0.079452
65 26 0.079452
65 27 0.079453
65 28 0.079453
65 29 0.079453
65 30 0.079454
65 31 0.079454
65 32 0.079454
65 33 0.079455
65 34 0.079455
65 35 0.079456
65 36 0.079456
65 37 0.079457
65 38 0.079457
65 39 0.079458
65 40 0.079458
65 41 0.079459
65 42 0.079459
65 43 0.079460
65 44 0.079460
65 45 0.079461
65 46 0.079461
65 47 0.079461
65 48 0.079462
65 49 0.079462
65 50 0.079462
65 51 0.079462
65 52 0.079463
65 53 0.079462
65 54 0.079462
65 55 0.079462
65 56 0.079461
65 57 0.079461
65 58 0.079460
65 59 0.079459
65 60 0.079459
65 61 0.079458
65 62 0.079457
65 63 0.079457
65 64 0.079456
65 65 0.079456
65 66 0.079456
65 67 0.079456
65 68 0.079456
65 69 0.079456
65 70 0.079456
65 71 0.079456
65 72 0.079456
65 73 0.079456
65 74 0.079457
65 75 0.079457
65 76 0.079457
65 77 0.079457
65 78 0.079458
65 79 0.079458
65 80 0.079458
65 81 0.079458
65 82 0.079458
65 83 0.079458
65 84 0.079458
65 85 0.079458
65 86 0.079458
65 87 0.079458
65 88 0.079458
65 89 0.079458
65 90 0.079458
65 91 0.079458
65 92 0.079458
65 93 0.079458
65 94 0.079458
65 95 0.079458
65 96 0.079458
65 97 0.079458
65 98 0.079458
65 99 0.079458

66 0 0.079444
66 1 0.079443
66 2 0.079444
66 3 0.079444
66 4 0.079444
66 5 0.079444
66 6 0.079445
66 7 0.079445
66 8 0.079445
66 9 0.079446
66 10 0.079446
66 11 0.079447
66 12 0.079447
66 13 0.079448
66 14 0.079448
66 15 0.079449
66 16 0.079449
66 17 0.079449
66 18 0.079450
66 19 0.079450
66 20 0.079451
66 21 0.079451
66 22 0.079451
66 23 0.079452
66 24 0.079452
66 25 0.079452
66 26 0.079453
66 27 0.079453
66 28 0.079453
66 29 0.079454
66 30 0.079454
66 31 0.079454
66 32 0.079455
66 33 0.079455
66 34 0.079456
66 35 0.079456
66 36 0.079456
66 37 0.079457
66 38 0.079457
66 39 0.079458
66 40 0.079458
66 41 0.079459
66 42 0.079459
66 43 0.079460
66 44 0.079460
66 45 0.079461
66 46 0.079461
66 47 0.079462
66 48 0.079462
66 49 0.079462
66 50 0.079462
66 51 0.079463
66 52 0.079463
66 53 0.079463
66 54 0.079462
66 55 0.079462
66 56 0.079461
66 57 0.079461
66 58 0.079460
66 59 0.079459
66 60 0.079459
66 61 0.079458
66 62 0.079457
66 63 0.079457
66 64 0.079456
66 65 0.079456
66 66 0.079456
66 67 0.079456
66 68 0.079456
66 69 0.079456
66 70 0.079456
66 71 0.079456
66 72 0.079456
66 73 0.079456
66 74 0.079457
66 75 0.079457
66 76 0.079457
66 77 0.079457
66 78 0.079457
66 79 0.079458
66 80 0.079458
66 81 0.079458
66 82 0.079458
66 83 0.079458
66 84 0.079458
66 85 0.079458
66 86 0.079458
66 87 0.079458
66 88 0.079458
66 89 0.079458
66 90 0.079458
66 91 0.079458
66 92 0.079458
66 93 0.079458
66 94 0.079458
66 95 0.079458
66 96 0.079458
66 97 0.079458
66 98 0.079458
66 99 0.079458

67 0 0.079443
67 1 0.079443
67 2 0.079443
67 3 0.079444
67 4 0.079444
67 5 0.079444
67 6 0.079444
67 7 0.079445
67 8 0.079445
67 9 0.079446
67 10 0.079446
67 11 0.079447
67 12 0.079447
67 13 0.079448
67 14 0.079448
67 15 0.079449
67 16 0.079449
67 17 0.079449
67 18 0.079450
67 19 0.079450
67 20 0.079451
67 21 0.079451
67 22 0.079451
67 23 0.079452
67 24 0.079452
67 25 0.079452
67 26 0.079453
67 27 0.079453
67 28 0.079454
67 29 0.079454
67 30 0.079454
67 31 0.079455
67 32 0.079455
67 33 0.079455
67 34 0.079456
67 35 0.079456
67 36 0.079457
67 37 0.079457
67 38 0.079458
67 39 0.079458
67 40 0.079459
67 41 0.079459
67 42 0.079460
67 43 0.079460
67 44 0.079461
67 45 0.079461
67 46 0.079461
67 47 0.079462
67 48 0.079462
67 49 0.079462
67 50 0.079463
67 51 0.079463
67 52 0.079463
67 53 0.079463
67 54 0.079463
67 55 0.079462
67 56 0.079462
67 57 0.079461
67 58 0.079461
67 59 0.079460
67 60 0.079459
67 61 0.079459
67 62 0.079458
67 63 0.079457
67 64 0.079457
67 65 0.079456
67 66 0.079456
67 67 0.079456
67 68 0.079456
67 69 0.079456
67 70 0.079456
67 71 0.079456
67 72 0.079456
67 73 0.079456
67 74 0.079456
67 75 0.079457
67 76 0.079457
67 77 0.079457
67 78 0.079457
67 79 0.079457
67 80 0.079457
67 81 0.079457
67 82 0.079457
67 83 0.079457
67 84 0.079457
67 85 0.079457
67 86 0.079457
67 87 0.079457
67 88 0.079458
67 89 0.079458
67 90 0.079458
67 91 0.079458
67 92 0.079458
67 93 0.079458
67 94 0.079458
67 95 0.079458
67 96 0.079458
67 97 0.079458
67 98 0.079457
67 99 0.079458

68 0 0.079443
68 1 0.079443
68 2 0.079443
68 3 0.079443
68 4 0.079443
68 5 0.079444
68 6 0.079444
68 7 0.079445
68 8 0.079445
68 9 0.079446
68 10 0.079446
68 11 0.079446
68 12 0.079447
68 13 0.079447
68 14 0.079448
68 15 0.079449
68 16 0.079449
68 17 0.079449
68 18 0.079450
68 19 0.079450
68 20 0.079451
68 21 0.079451
68 22 0.079452
68 23 0.079452
68 24 0.079452
68 25 0.079453
68 26 0.079453
68 27 0.079453
68 28 0.079454
68 29 0.079454
68 30 0.079455
68 31 0.079455
68 32 0.079455
68 33 0.079456
68 34 0.079456
68 35 0.079457
68 36 0.079457
68 37 0.079458
68 38 0.079458
68 39 0.079458
68 40 0.079459
68 41 0.079459
68 42 0.079460
68 43 0.079460
68 44 0.079461
68 45 0.079461
68 46 0.079462
68 47 0.079462
68 48 0.079462
68 49 0.079463
68 50 0.079463
68 51 0.079463
68 52 0.079463
68 53 0.079463
68 54 0.079463
68 55 0.079462
68 56 0.079462
68 57 0.079461
68 58 0.079461
68 59 0.079460
68 60 0.079459
68 61 0.079459
68 62 0.079458
68 63 0.079457
68 64 0.079457
68 65 0.079457
68 66 0.079456
68 67 0.079456
68 68 0.079456
68 69 0.079456
68 70 0.079456
68 71 0.079456
68 72 0.079456
68 73 0.079456
68 74 0.079456
68 75 0.079456
68 76 0.079457
68 77 0.079457
68 78 0.079457
68 79 0.079457
68 80 0.079457
68 81 0.079457
68 82 0.079457
68 83 0.079457
68 84 0.079457
68 85 0.079457
68 86 0.079457
68 87 0.079457
68 88 0.079457
68 89 0.079457
68 90 0.079457
68 91 0.079457
68 92 0.079457
68 93 0.079457
68 94 0.079457
68 95 0.079457
68 96 0.079457
68 97 0.079457
68 98 0.079457
68 99 0.079457

69 0 0.079443
69 1 0.079442
69 2 0.079443
69 3 0.079443
69 4 0.079443
69 5 0.079444
69 6 0.079444
69 7 0.079445
69 8 0.079445
69 9 0.079445
69 10 0.079446
69 11 0.079446
69 12 0.079447
69 13 0.079448
69 14 0.079448
69 15 0.079449
69 16 0.079449
69 17 0.079450
69 18 0.079450
69 19 0.079451
69 20 0.079451
69 21 0.079451
69 22 0.079452
69 23 0.079452
69 24 0.079453
69 25 0.079453
69 26 0.079453
69 27 0.079454
69 28 0.079454
69 29 0.079454
69 30 0.079455
69 31 0.079455
69 32 0.079456
69 33 0.079456
69 34 0.079456
69 35 0.079457
69 36 0.079457
69 37 0.079458
69 38 0.079458
69 39 0.079459
69 40 0.079459
69 41 0.079460
69 42 0.079460
69 43 0.079460
69 44 0.079461
69 45 0.079461
69 46 0.079462
69 47 0.079462
69 48 0.079462
69 49 0.079463
69 50 0.079463
69 51 0.079463
69 52 0.079463
69 53 0.079463
69 54 0.079463
69 55 0.079462
69 56 0.079462
69 57 0.079461
69 58 0.079461
69 59 0.079460
69 60 0.079460
69 61 0.079459
69 62 0.079458
69 63 0.079458
69 64 0.079457
69 65 0.079457
69 66 0.079457
69 67 0.079456
69 68 0.079456
69 69 0.079456
69 70 0.079456
69 71 0.079456
69 72 0.079456
69 73 0.079456
69 74 0.079456
69 75 0.079456
69 76 0.079456
69 77 0.079457
69 78 0.079457
69 79 0.079457
69 80 0.079457
69 81 0.079457
69 82 0.079457
69 83 0.079457
69 84 0.079457
69 85 0.079457
69 86 0.079457
69 87 0.079457
69 88 0.079457
69 89 0.079457
69 90 0.079457
69 91 0.079457
69 92 0.079457
69 93 0.079457
69 94 0.079457
69 95 0.079457
69 96 0.079457
69 97 0.079457
69 98 0.079457
69 99 0.079457

70 0 0.079442
70 1 0.079442
70 2 0.079442
70 3 0.079443
70 4 0.079443
70 5 0.079443
70 6 0.079444
70 7 0.079444
70 8 0.079445
70 9 0.079445
70 10 0.079446
70 11 0.079446
70 12 0.079447
70 13 0.079447
70 14 0.079448
70 15 0.079448
70 16 0.079449
70 17 0.079450
70 18 0.079450
70 19 0.079451
70 20 0.079451
70 21 0.079451
70 22 0.079452
70 23 0.079452
70 24 0.079453
70 25 0.079453
70 26 0.079453
70 27 0.079454
70 28 0.079454
70 29 0.079455
70 30 0.079455
70 31 0.079455
70 32 0.079456
70 33 0.079456
70 34 0.079457
70 35 0.079457
70 36 0.079458
70 37 0.079458
70 38 0.079458
70 39 0.079459
70 40 0.079459
70 41 0.079460
70 42 0.079460
70 43 0.079461
70 44 0.079461
70 45 0.079462
70 46 0.079462
70 47 0.079462
70 48 0.079463
70 49 0.079463
70 50 0.079463
70 51 0.079463
70 52 0.079463
70 53 0.079463
70 54 0.079463
70 55 0.079463
70 56 0.079462
70 57 0.079462
70 58 0.079461
70 59 0.079461
70 60 0.079460
70 61 0.079459
70 62 0.079459
70 63 0.079458
70 64 0.079458
70 65 0.079457
70 66 0.079457
70 67 0.079457
70 68 0.079456
70 69 0.079456
70 70 0.079456
70 71 0.079456
70 72 0.079456
70 73 0.079456
70 74 0.079456
70 75 0.079456
70 76 0.079456
70 77 0.079456
70 78 0.079456
70 79 0.079457
70 80 0.079456
70 81 0.079456
70 82 0.079456
70 83 0.079456
70 84 0.079456
70 85 0.079456
70 86 0.079456
70 87 0.079456
70 88 0.079456
70 89 0.079456
70 90 0.079456
70 91 0.079456
70 92 0.079457
70 93 0.079457
70 94 0.079457
70 95 0.079457
70 96 0.079457
70 97 0.079457
70 98 0.079457
70 99 0.079457

71 0 0.079442
71 1 0.079442
71 2 0.079442
71 3 0.079442
71 4 0.079443
71 5 0.079443
71 6 0.079444
71 7 0.079444
71 8 0.079445
71 9 0.079445
71 10 0.079446
71 11 0.079446
71 12 0.079447
71 13 0.079447
71 14 0.079448
71 15 0.079449
71 16 0.079449
71 17 0.079450
71 18 0.079450
71 19 0.079451
71 20 0.079451
71 21 0.079452
71 22 0.079452
71 23 0.079452
71 24 0.079453
71 25 0.079453
71 26 0.079454
71 27 0.079454
71 28 0.079454
71 29 0.079455
71 30 0.079455
71 31 0.079456
71 32 0.079456
71 33 0.079456
71 34 0.079457
71 35 0.079457
71 36 0.079458
71 37 0.079458
71 38 0.079459
71 39 0.079459
71 40 0.079459
71 41 0.079460
71 42 0.079460
71 43 0.079461
71 44 0.079461
71 45 0.079462
71 46 0.079462
71 47 0.079462
71 48 0.079463
71 49 0.079463
71 50 0.079463
71 51 0.079463
71 52 0.079463
71 53 0.079463
71 54 0.079463
71 55 0.079463
71 56 0.079462
71 57 0.079462
71 58 0.079461
71 59 0.079461
71 60 0.079460
71 61 0.079460
71 62 0.079459
71 63 0.079459
71 64 0.079458
71 65 0.079458
71 66 0.079457
71 67 0.079457
71 68 0.079457
71 69 0.079456
71 70 0.079456
71 71 0.079456
71 72 0.079456
71 73 0.079456
71 74 0.079456
71 75 0.079456
71 76 0.079456
71 77 0.079456
71 78 0.079456
71 79 0.079456
71 80 0.079456
71 81 0.079456
71 82 0.079456
71 83 0.079456
71 84 0.079456
71 85 0.079456
71 86 0.079456
71 87 0.079456
71 88 0.079456
71 89 0.079456
71 90 0.079456
71 91 0.079456
71 92 0.079456
71 93 0.079456
71 94 0.079456
71 95 0.079456
71 96 0.079456
71 97 0.079457
71 98 0.079456
71 99 0.079457

72 0 0.079442
72 1 0.079441
72 2 0.079442
72 3 0.079442
72 4 0.079443
72 5 0.079443
72 6 0.079443
72 7 0.079444
72 8 0.079444
72 9 0.079445
72 10 0.079446
72 11 0.079446
72 12 0.079447
72 13 0.079447
72 14 0.079448
72 15 0.079449
72 16 0.079449
72 17 0.079450
72 18 0.079450
72 19 0.079451
72 20 0.079451
72 21 0.079452
72 22 0.079452
72 23 0.079453
72 24 0.079453
72 25 0.079453
72 26 0.079454
72 27 0.079454
72 28 0.079454
72 29 0.079455
72 30 0.079455
72 31 0.079456
72 32 0.079456
72 33 0.079456
72 34 0.079457
72 35 0.079457
72 36 0.079458
72 37 0.079458
72 38 0.079459
72 39 0.079459
72 40 0.079460
72 41 0.079460
72 42 0.079460
72 43 0.079461
72 44 0.079461
72 45 0.079462
72 46 0.079462
72 47 0.079462
72 48 0.079463
72 49 0.079463
72 50 0.079463
72 51 0.079463
72 52 0.079463
72 53 0.079463
72 54 0.079463
72 55 0.079463
72 56 0.079463
72 57 0.079462
72 58 0.079462
72 59 0.079461
72 60 0.079461
72 61 0.079460
72 62 0.079459
72 63 0.079459
72 64 0.079458
72 65 0.079458
72 66 0.079458
72 67 0.079457
72 68 0.079457
72 69 0.079457
72 70 0.079456
72 71 0.079456
72 72 0.079456
72 73 0.079456
72 74 0.079456
72 75 0.079456
72 76 0.079456
72 77 0.079456
72 78 0.079456
72 79 0.079456
72 80 0.079456
72 81 0.079456
72 82 0.079456
72 83 0.079455
72 84 0.079455
72 85 0.079455
72 86 0.079455
72 87 0.079455
72 88 0.079455
72 89 0.079456
72 90 0.079456
72 91 0.079456
72 92 0.079456
72 93 0.079456
72 94 0.079456
72 95 0.079456
72 96 0.079456
72 97 0.079456
72 98 0.079456
72 99 0.079456

73 0 0.079441
73 1 0.079441
73 2 0.079442
73 3 0.079442
73 4 0.079442
73 5 0.079443
73 6 0.079443
73 7 0.079444
73 8 0.079444
73 9 0.079445
73 10 0.079446
73 11 0.079446
73 12 0.079447
73 13 0.079447
73 14 0.079448
73 15 0.079449
73 16 0.079449
73 17 0.079450
73 18 0.079450
73 19 0.079451
73 20 0.079451
73 21 0.079452
73 22 0.079452
73 23 0.079453
73 24 0.079453
73 25 0.079453
73 26 0.079454
73 27 0.079454
73 28 0.079455
73 29 0.079455
73 30 0.079455
73 31 0.079456
73 32 0.079456
73 33 0.079457
73 34 0.079457
73 35 0.079457
73 36 0.079458
73 37 0.079458
73 38 0.079459
73 39 0.079459
73 40 0.079460
73 41 0.079460
73 42 0.079460
73 43 0.079461
73 44 0.079461
73 45 0.079462
73 46 0.079462
73 47 0.079462
73 48 0.079463
73 49 0.079463
73 50 0.079463
73 51 0.079463
73 52 0.079463
73 53 0.079463
73 54 0.079463
73 55 0.079463
73 56 0.079463
73 57 0.079462
73 58 0.079462
73 59 0.079461
73 60 0.079461
73 61 0.079460
73 62 0.079460
73 63 0.079459
73 64 0.079459
73 65 0.079458
73 66 0.079458
73 67 0.079458
73 68 0.079457
73 69 0.079457
73 70 0.079457
73 71 0.079456
73 72 0.079456
73 73 0.079456
73 74 0.079456
73 75 0.079456
73 76 0.079456
73 77 0.079456
73 78 0.079456
73 79 0.079456
73 80 0.079456
73 81 0.079455
73 82 0.079455
73 83 0.079455
73 84 0.079455
73 85 0.079455
73 86 0.079455
73 87 0.079455
73 88 0.079455
73 89 0.079455
73 90 0.079455
73 91 0.079456
73 92 0.079456
73 93 0.079456
73 94 0.079456
73 95 0.079456
73 96 0.079456
73 97 0.079456
73 98 0.079456
73 99 0.079456

74 0 0.079441
74 1 0.079441
74 2 0.079442
74 3 0.079442
74 4 0.079442
74 5 0.079443
74 6 0.079443
74 7 0.079444
74 8 0.079445
74 9 0.079445
74 10 0.079446
74 11 0.079446
74 12 0.079447
74 13 0.079448
74 14 0.079448
74 15 0.079449
74 16 0.079449
74 17 0.079450
74 18 0.079451
74 19 0.079451
74 20 0.079451
74 21 0.079452
74 22 0.079452
74 23 0.079453
74 24 0.079453
74 25 0.079454
74 26 0.079454
74 27 0.079454
74 28 0.079455
74 29 0.079455
74 30 0.079455
74 31 0.079456
74 32 0.079456
74 33 0.079457
74 34 0.079457
74 35 0.079457
74 36 0.079458
74 37 0.079458
74 38 0.079459
74 39 0.079459
74 40 0.079460
74 41 0.079460
74 42 0.079460
74 43 0.079461
74 44 0.079461
74 45 0.079461
74 46 0.079462
74 47 0.079462
74 48 0.079462
74 49 0.079463
74 50 0.079463
74 51 0.079463
74 52 0.079463
74 53 0.079463
74 54 0.079463
74 55 0.079463
74 56 0.079463
74 57 0.079463
74 58 0.079462
74 59 0.079462
74 60 0.079461
74 61 0.079461
74 62 0.079460
74 63 0.079460
74 64 0.079459
74 65 0.079459
74 66 0.079458
74 67 0.079458
74 68 0.079458
74 69 0.079457
74 70 0.079457
74 71 0.079457
74 72 0.079456
74 73 0.079456
74 74 0.079456
74 75 0.079456
74 76 0.079456
74 77 0.079456
74 78 0.079456
74 79 0.079455
74 80 0.079455
74 81 0.079455
74 82 0.079455
74 83 0.079455
74 84 0.079455
74 85 0.079455
74 86 0.079455
74 87 0.079455
74 88 0.079455
74 89 0.079455
74 90 0.079455
74 91 0.079455
74 92 0.079455
74 93 0.079456
74 94 0.079456
74 95 0.079456
74 96 0.079456
74 97 0.079456
74 98 0.079456
74 99 0.079456

75 0 0.079441
75 1 0.079441
75 2 0.079442
75 3 0.079442
75 4 0.079442
75 5 0.079443
75 6 0.079443
75 7 0.079444
75 8 0.079444
75 9 0.079445
75 10 0.079446
75 11 0.079446
75 12 0.079447
75 13 0.079447
75 14 0.079448
75 15 0.079449
75 16 0.079449
75 17 0.079450
75 18 0.079450
75 19 0.079451
75 20 0.079451
75 21 0.079452
75 22 0.079452
75 23 0.079453
75 24 0.079453
75 25 0.079454
75 26 0.079454
75 27 0.079454
75 28 0.079455
75 29 0.079455
75 30 0.079456
75 31 0.079456
75 32 0.079456
75 33 0.079457
75 34 0.079457
75 35 0.079458
75 36 0.079458
75 37 0.079458
75 38 0.079459
75 39 0.079459
75 40 0.079460
75 41 0.079460
75 42 0.079460
75 43 0.079461
75 44 0.079461
75 45 0.079461
75 46 0.079462
75 47 0.079462
75 48 0.079462
75 49 0.079463
75 50 0.079463
75 51 0.079463
75 52 0.079463
75 53 0.079463
75 54 0.079463
75 55 0.079463
75 56 0.079463
75 57 0.079463
75 58 0.079462
75 59 0.079462
75 60 0.079462
75 61 0.079461
75 62 0.079461
75 63 0.079460
75 64 0.079460
75 65 0.079459
75 66 0.079459
75 67 0.079458
75 68 0.079458
75 69 0.079457
75 70 0.079457
75 71 0.079457
75 72 0.079457
75 73 0.079456
75 74 0.079456
75 75 0.079456
75 76 0.079456
75 77 0.079456
75 78 0.079456
75 79 0.079455
75 80 0.079455
75 81 0.079455
75 82 0.079455
75 83 0.079455
75 84 0.079454
75 85 0.079454
75 86 0.079454
75 87 0.079454
75 88 0.079455
75 89 0.079455
75 90 0.079455
75 91 0.079455
75 92 0.079455
75 93 0.079455
75 94 0.079455
75 95 0.079456
75 96 0.079456
75 97 0.079456
75 98 0.079456
75 99 0.079456

76 0 0.079441
76 1 0.079441
76 2 0.079442
76 3 0.079442
76 4 0.079442
76 5 0.079443
76 6 0.079443
76 7 0.079444
76 8 0.079445
76 9 0.079445
76 10 0.079446
76 11 0.079446
76 12 0.079447
76 13 0.079448
76 14 0.079448
76 15 0.079449
76 16 0.079449
76 17 0.079450
76 18 0.079451
76 19 0.079451
76 20 0.079452
76 21 0.079452
76 22 0.079452
76 23 0.079453
76 24 0.079453
76 25 0.079454
76 26 0.079454
76 27 0.079455
76 28 0.079455
76 29 0.079455
76 30 0.079456
76 31 0.079456
76 32 0.079456
76 33 0.079457
76 34 0.079457
76 35 0.079458
76 36 0.079458
76 37 0.079458
76 38 0.079459
76 39 0.079459
76 40 0.079460
76 41 0.079460
76 42 0.079460
76 43 0.079461
76 44 0.079461
76 45 0.079461
76 46 0.079462
76 47 0.079462
76 48 0.079462
76 49 0.079463
76 50 0.079463
76 51 0.079463
76 52 0.079463
76 53 0.079463
76 54 0.079463
76 55 0.079463
76 56 0.079463
76 57 0.079463
76 58 0.079463
76 59 0.079462
76 60 0.079462
76 61 0.079461
76 62 0.079461
76 63 0.079460
76 64 0.079460
76 65 0.079459
76 66 0.079459
76 67 0.079459
76 68 0.079458
76 69 0.079458
76 70 0.079457
76 71 0.079457
76 72 0.079457
76 73 0.079456
76 74 0.079456
76 75 0.079456
76 76 0.079456
76 77 0.079456
76 78 0.079455
76 79 0.079455
76 80 0.079455
76 81 0.079455
76 82 0.079454
76 83 0.079454
76 84 0.079454
76 85 0.079454
76 86 0.079454
76 87 0.079454
76 88 0.079454
76 89 0.079455
76 90 0.079455
76 91 0.079455
76 92 0.079455
76 93 0.079455
76 94 0.079455
76 95 0.079456
76 96 0.079456
76 97 0.079456
76 98 0.079456
76 99 0.079456

77 0 0.079441
77 1 0.079441
77 2 0.079442
77 3 0.079442
77 4 0.079443
77 5 0.079443
77 6 0.079444
77 7 0.079444
77 8 0.079445
77 9 0.079445
77 10 0.079446
77 11 0.079446
77 12 0.079447
77 13 0.079448
77 14 0.079448
77 15 0.079449
77 16 0.079449
77 17 0.079450
77 18 0.079451
77 19 0.079451
77 20 0.079452
77 21 0.079452
77 22 0.079453
77 23 0.079453
77 24 0.079453
77 25 0.079454
77 26 0.079454
77 27 0.079455
77 28 0.079455
77 29 0.079455
77 30 0.079456
77 31 0.079456
77 32 0.079456
77 33 0.079457
77 34 0.079457
77 35 0.079458
77 36 0.079458
77 37 0.079458
77 38 0.079459
77 39 0.079459
77 40 0.079459
77 41 0.079460
77 42 0.079460
77 43 0.079461
77 44 0.079461
77 45 0.079461
77 46 0.079462
77 47 0.079462
77 48 0.079462
77 49 0.079462
77 50 0.079463
77 51 0.079463
77 52 0.079463
77 53 0.079463
77 54 0.079463
77 55 0.079463
77 56 0.079463
77 57 0.079463
77 58 0.079463
77 59 0.079462
77 60 0.079462
77 61 0.079462
77 62 0.079461
77 63 0.079461
77 64 0.079460
77 65 0.079460
77 66 0.079459
77 67 0.079459
77 68 0.079458
77 69 0.079458
77 70 0.079458
77 71 0.079457
77 72 0.079457
77 73 0.079456
77 74 0.079456
77 75 0.079456
77 76 0.079456
77 77 0.079455
77 78 0.079455
77 79 0.079455
77 80 0.079455
77 81 0.079455
77 82 0.079454
77 83 0.079454
77 84 0.079454
77 85 0.079454
77 86 0.079454
77 87 0.079454
77 88 0.079454
77 89 0.079454
77 90 0.079454
77 91 0.079455
77 92 0.079455
77 93 0.079455
77 94 0.079455
77 95 0.079456
77 96 0.079456
77 97 0.079456
77 98 0.079456
77 99 0.079456

78 0 0.079441
78 1 0.079441
78 2 0.079442
78 3 0.079442
78 4 0.079443
78 5 0.079443
78 6 0.079444
78 7 0.079444
78 8 0.079445
78 9 0.079445
78 10 0.079446
78 11 0.079446
78 12 0.079447
78 13 0.079448
78 14 0.079448
78 15 0.079449
78 16 0.079449
78 17 0.079450
78 18 0.079451
78 19 0.079451
78 20 0.079452
78 21 0.079452
78 22 0.079453
78 23 0.079453
78 24 0.079453
78 25 0.079454
78 26 0.079454
78 27 0.079455
78 28 0.079455
78 29 0.079455
78 30 0.079456
78 31 0.079456
78 32 0.079456
78 33 0.079457
78 34 0.079457
78 35 0.079458
78 36 0.079458
78 37 0.079458
78 38 0.079459
78 39 0.079459
78 40 0.079459
78 41 0.079460
78 42 0.079460
78 43 0.079460
78 44 0.079461
78 45 0.079461
78 46 0.079461
78 47 0.079462
78 48 0.079462
78 49 0.079462
78 50 0.079462
78 51 0.079463
78 52 0.079463
78 53 0.079463
78 54 0.079463
78 55 0.079463
78 56 0.079463
78 57 0.079463
78 58 0.079463
78 59 0.079463
78 60 0.079462
78 61 0.079462
78 62 0.079461
78 63 0.079461
78 64 0.079461
78 65 0.079460
78 66 0.079460
78 67 0.079459
78 68 0.079459
78 69 0.079458
78 70 0.079458
78 71 0.079457
78 72 0.079457
78 73 0.079457
78 74 0.079456
78 75 0.079456
78 76 0.079456
78 77 0.079455
78 78 0.079455
78 79 0.079455
78 80 0.079455
78 81 0.079454
78 82 0.079454
78 83 0.079454
78 84 0.079454
78 85 0.079454
78 86 0.079453
78 87 0.079454
78 88 0.079454
78 89 0.079454
78 90 0.079454
78 91 0.079455
78 92 0.079455
78 93 0.079455
78 94 0.079455
78 95 0.079455
78 96 0.079455
78 97 0.079456
78 98 0.079456
78 99 0.079456

79 0 0.079441
79 1 0.079441
79 2 0.079442
79 3 0.079442
79 4 0.079443
79 5 0.079443
79 6 0.079444
79 7 0.079444
79 8 0.079445
79 9 0.079445
79 10 0.079446
79 11 0.079446
79 12 0.079447
79 13 0.079448
79 14 0.079448
79 15 0.079449
79 16 0.079450
79 17 0.079450
79 18 0.079451
79 19 0.079451
79 20 0.079452
79 21 0.079452
79 22 0.079453
79 23 0.079453
79 24 0.079453
79 25 0.079454
79 26 0.079454
79 27 0.079455
79 28 0.079455
79 29 0.079455
79 30 0.079456
79 31 0.079456
79 32 0.079456
79 33 0.079457
79 34 0.079457
79 35 0.079457
79 36 0.079458
79 37 0.079458
79 38 0.079459
79 39 0.079459
79 40 0.079459
79 41 0.079460
79 42 0.079460
79 43 0.079460
79 44 0.079461
79 45 0.079461
79 46 0.079461
79 47 0.079461
79 48 0.079462
79 49 0.079462
79 50 0.079462
79 51 0.079463
79 52 0.079463
79 53 0.079463
79 54 0.079463
79 55 0.079463
79 56 0.079463
79 57 0.079463
79 58 0.079463
79 59 0.079463
79 60 0.079462
79 61 0.079462
79 62 0.079462
79 63 0.079461
79 64 0.079461
79 65 0.079460
79 66 0.079460
79 67 0.079459
79 68 0.079459
79 69 0.079458
79 70 0.079458
79 71 0.079457
79 72 0.079457
79 73 0.079457
79 74 0.079456
79 75 0.079456
79 76 0.079456
79 77 0.079455
79 78 0.079455
79 79 0.079455
79 80 0.079454
79 81 0.079454
79 82 0.079454
79 83 0.079453
79 84 0.079453
79 85 0.079453
79 86 0.079453
79 87 0.079453
79 88 0.079453
79 89 0.079454
79 90 0.079454
79 91 0.079454
79 92 0.079455
79 93 0.079455
79 94 0.079455
79 95 0.079455
79 96 0.079455
79 97 0.079456
79 98 0.079456
79 99 0.079456

80 0 0.079441
80 1 0.079441
80 2 0.079442
80 3 0.079442
80 4 0.079443
80 5 0.079443
80 6 0.079444
80 7 0.079444
80 8 0.079445
80 9 0.079445
80 10 0.079446
80 11 0.079446
80 12 0.079447
80 13 0.079448
80 14 0.079448
80 15 0.079449
80 16 0.079449
80 17 0.079450
80 18 0.079451
80 19 0.079451
80 20 0.079452
80 21 0.079452
80 22 0.079453
80 23 0.079453
80 24 0.079453
80 25 0.079454
80 26 0.079454
80 27 0.079455
80 28 0.079455
80 29 0.079455
80 30 0.079456
80 31 0.079456
80 32 0.079456
80 33 0.079457
80 34 0.079457
80 35 0.079457
80 36 0.079458
80 37 0.079458
80 38 0.079458
80 39 0.079459
80 40 0.079459
80 41 0.079459
80 42 0.079460
80 43 0.079460
80 44 0.079460
80 45 0.079461
80 46 0.079461
80 47 0.079461
80 48 0.079461
80 49 0.079462
80 50 0.079462
80 51 0.079462
80 52 0.079462
80 53 0.079463
80 54 0.079463
80 55 0.079463
80 56 0.079463
80 57 0.079463
80 58 0.079463
80 59 0.079463
80 60 0.079462
80 61 0.079462
80 62 0.079462
80 63 0.079461
80 64 0.079461
80 65 0.079460
80 66 0.079460
80 67 0.079459
80 68 0.079459
80 69 0.079458
80 70 0.079458
80 71 0.079457
80 72 0.079457
80 73 0.079457
80 74 0.079456
80 75 0.079456
80 76 0.079455
80 77 0.079455
80 78 0.079455
80 79 0.079454
80 80 0.079454
80 81 0.079454
80 82 0.079453
80 83 0.079453
80 84 0.079453
80 85 0.079453
80 86 0.079453
80 87 0.079453
80 88 0.079453
80 89 0.079454
80 90 0.079454
80 91 0.079454
80 92 0.079454
80 93 0.079455
80 94 0.079455
80 95 0.079455
80 96 0.079455
80 97 0.079456
80 98 0.079456
80 99 0.079456

81 0 0.079441
81 1 0.079442
81 2 0.079442
81 3 0.079442
81 4 0.079443
81 5 0.079443
81 6 0.079444
81 7 0.079444
81 8 0.079445
81 9 0.079445
81 10 0.079446
81 11 0.079447
81 12 0.079447
81 13 0.079448
81 14 0.079448
81 15 0.079449
81 16 0.079450
81 17 0.079450
81 18 0.079451
81 19 0.079451
81 20 0.079452
81 21 0.079452
81 22 0.079453
81 23 0.079453
81 24 0.079453
81 25 0.079454
81 26 0.079454
81 27 0.079455
81 28 0.079455
81 29 0.079455
81 30 0.079456
81 31 0.079456
81 32 0.079456
81 33 0.079457
81 34 0.079457
81 35 0.079457
81 36 0.079458
81 37 0.079458
81 38 0.079458
81 39 0.079459
81 40 0.079459
81 41 0.079459
81 42 0.079460
81 43 0.079460
81 44 0.079460
81 45 0.079460
81 46 0.079461
81 47 0.079461
81 48 0.079461
81 49 0.079462
81 50 0.079462
81 51 0.079462
81 52 0.079462
81 53 0.079463
81 54 0.079463
81 55 0.079463
81 56 0.079463
81 57 0.079463
81 58 0.079463
81 59 0.079463
81 60 0.079463
81 61 0.079462
81 62 0.079462
81 63 0.079462
81 64 0.079461
81 65 0.079461
81 66 0.079460
81 67 0.079460
81 68 0.079459
81 69 0.079458
81 70 0.079458
81 71 0.079457
81 72 0.079457
81 73 0.079457
81 74 0.079456
81 75 0.079456
81 76 0.079455
81 77 0.079455
81 78 0.079455
81 79 0.079454
81 80 0.079454
81 81 0.079454
81 82 0.079453
81 83 0.079453
81 84 0.079453
81 85 0.079453
81 86 0.079453
81 87 0.079453
81 88 0.079453
81 89 0.079454
81 90 0.079454
81 91 0.079454
81 92 0.079454
81 93 0.079455
81 94 0.079455
81 95 0.079455
81 96 0.079456
81 97 0.079456
81 98 0.079456
81 99 0.079456

82 0 0.079441
82 1 0.079442
82 2 0.079442
82 3 0.079442
82 4 0.079443
82 5 0.079443
82 6 0.079444
82 7 0.079444
82 8 0.079445
82 9 0.079445
82 10 0.079446
82 11 0.079447
82 12 0.079447
82 13 0.079448
82 14 0.079448
82 15 0.079449
82 16 0.079450
82 17 0.079450
82 18 0.079451
82 19 0.079451
82 20 0.079452
82 21 0.079452
82 22 0.079453
82 23 0.079453
82 24 0.079454
82 25 0.079454
82 26 0.079454
82 27 0.079455
82 28 0.079455
82 29 0.079456
82 30 0.079456
82 31 0.079456
82 32 0.079457
82 33 0.079457
82 34 0.079457
82 35 0.079458
82 36 0.079458
82 37 0.079458
82 38 0.079458
82 39 0.079459
82 40 0.079459
82 41 0.079459
82 42 0.079460
82 43 0.079460
82 44 0.079460
82 45 0.079460
82 46 0.079461
82 47 0.079461
82 48 0.079461
82 49 0.079461
82 50 0.079462
82 51 0.079462
82 52 0.079462
82 53 0.079462
82 54 0.079463
82 55 0.079463
82 56 0.079463
82 57 0.079463
82 58 0.079463
82 59 0.079463
82 60 0.079463
82 61 0.079462
82 62 0.079462
82 63 0.079462
82 64 0.079461
82 65 0.079461
82 66 0.079460
82 67 0.079460
82 68 0.079459
82 69 0.079459
82 70 0.079458
82 71 0.079458
82 72 0.079457
82 73 0.079457
82 74 0.079456
82 75 0.079456
82 76 0.079455
82 77 0.079455
82 78 0.079455
82 79 0.079454
82 80 0.079454
82 81 0.079453
82 82 0.079453
82 83 0.079453
82 84 0.079453
82 85 0.079453
82 86 0.079453
82 87 0.079453
82 88 0.079453
82 89 0.079454
82 90 0.079454
82 91 0.079454
82 92 0.079454
82 93 0.079455
82 94 0.079455
82 95 0.079455
82 96 0.079456
82 97 0.079456
82 98 0.079456
82 99 0.079456

83 0 0.079442
83 1 0.079442
83 2 0.079442
83 3 0.079442
83 4 0.079443
83 5 0.079443
83 6 0.079444
83 7 0.079444
83 8 0.079445
83 9 0.079446
83 10 0.079446
83 11 0.079447
83 12 0.079447
83 13 0.079448
83 14 0.079449
83 15 0.079449
83 16 0.079450
83 17 0.079450
83 18 0.079451
83 19 0.079451
83 20 0.079452
83 21 0.079452
83 22 0.079453
83 23 0.079453
83 24 0.079454
83 25 0.079454
83 26 0.079455
83 27 0.079455
83 28 0.079455
83 29 0.079456
83 30 0.079456
83 31 0.079456
83 32 0.079457
83 33 0.079457
83 34 0.079457
83 35 0.079458
83 36 0.079458
83 37 0.079458
83 38 0.079459
83 39 0.079459
83 40 0.079459
83 41 0.079459
83 42 0.079460
83 43 0.079460
83 44 0.079460
83 45 0.079460
83 46 0.079461
83 47 0.079461
83 48 0.079461
83 49 0.079461
83 50 0.079462
83 51 0.079462
83 52 0.079462
83 53 0.079462
83 54 0.079462
83 55 0.079463
83 56 0.079463
83 57 0.079463
83 58 0.079463
83 59 0.079463
83 60 0.079463
83 61 0.079463
83 62 0.079462
83 63 0.079462
83 64 0.079461
83 65 0.079461
83 66 0.079460
83 67 0.079460
83 68 0.079459
83 69 0.079459
83 70 0.079458
83 71 0.079458
83 72 0.079457
83 73 0.079457
83 74 0.079456
83 75 0.079456
83 76 0.079455
83 77 0.079455
83 78 0.079455
83 79 0.079454
83 80 0.079454
83 81 0.079454
83 82 0.079453
83 83 0.079453
83 84 0.079453
83 85 0.079453
83 86 0.079453
83 87 0.079453
83 88 0.079453
83 89 0.079454
83 90 0.079454
83 91 0.079454
83 92 0.079455
83 93 0.079455
83 94 0.079455
83 95 0.079456
83 96 0.079456
83 97 0.079456
83 98 0.079456
83 99 0.079456

84 0 0.079442
84 1 0.079442
84 2 0.079442
84 3 0.079443
84 4 0.079443
84 5 0.079443
84 6 0.079444
84 7 0.079445
84 8 0.079445
84 9 0.079446
84 10 0.079446
84 11 0.079447
84 12 0.079448
84 13 0.079448
84 14 0.079449
84 15 0.079449
84 16 0.079450
84 17 0.079451
84 18 0.079451
84 19 0.079452
84 20 0.079452
84 21 0.079453
84 22 0.079453
84 23 0.079454
84 24 0.079454
84 25 0.079455
84 26 0.079455
84 27 0.079455
84 28 0.079456
84 29 0.079456
84 30 0.079457
84 31 0.079457
84 32 0.079457
84 33 0.079457
84 34 0.079458
84 35 0.079458
84 36 0.079458
84 37 0.079458
84 38 0.079459
84 39 0.079459
84 40 0.079459
84 41 0.079459
84 42 0.079460
84 43 0.079460
84 44 0.079460
84 45 0.079460
84 46 0.079461
84 47 0.079461
84 48 0.079461
84 49 0.079461
84 50 0.079461
84 51 0.079462
84 52 0.079462
84 53 0.079462
84 54 0.079462
84 55 0.079463
84 56 0.079463
84 57 0.079463
84 58 0.079463
84 59 0.079463
84 60 0.079463
84 61 0.079463
84 62 0.079462
84 63 0.079462
84 64 0.079462
84 65 0.079461
84 66 0.079461
84 67 0.079460
84 68 0.079459
84 69 0.079459
84 70 0.079458
84 71 0.079458
84 72 0.079457
84 73 0.079457
84 74 0.079456
84 75 0.079456
84 76 0.079455
84 77 0.079455
84 78 0.079455
84 79 0.079454
84 80 0.079454
84 81 0.079454
84 82 0.079453
84 83 0.079453
84 84 0.079453
84 85 0.079453
84 86 0.079453
84 87 0.079453
84 88 0.079454
84 89 0.079454
84 90 0.079454
84 91 0.079455
84 92 0.079455
84 93 0.079455
84 94 0.079455
84 95 0.079456
84 96 0.079456
84 97 0.079456
84 98 0.079456
84 99 0.079456

85 0 0.079442
85 1 0.079442
85 2 0.079443
85 3 0.079443
85 4 0.079443
85 5 0.079444
85 6 0.079444
85 7 0.079445
85 8 0.079446
85 9 0.079446
85 10 0.079447
85 11 0.079447
85 12 0.079448
85 13 0.079449
85 14 0.079449
85 15 0.079450
85 16 0.079450
85 17 0.079451
85 18 0.079452
85 19 0.079452
85 20 0.079453
85 21 0.079453
85 22 0.079454
85 23 0.079454
85 24 0.079455
85 25 0.079455
85 26 0.079455
85 27 0.079456
85 28 0.079456
85 29 0.079456
85 30 0.079457
85 31 0.079457
85 32 0.079457
85 33 0.079458
85 34 0.079458
85 35 0.079458
85 36 0.079458
85 37 0.079459
85 38 0.079459
85 39 0.079459
85 40 0.079459
85 41 0.079460
85 42 0.079460
85 43 0.079460
85 44 0.079460
85 45 0.079460
85 46 0.079461
85 47 0.079461
85 48 0.079461
85 49 0.079461
85 50 0.079462
85 51 0.079462
85 52 0.079462
85 53 0.079462
85 54 0.079463
85 55 0.079463
85 56 0.079463
85 57 0.079463
85 58 0.079463
85 59 0.079463
85 60 0.079463
85 61 0.079463
85 62 0.079463
85 63 0.079462
85 64 0.079462
85 65 0.079461
85 66 0.079461
85 67 0.079460
85 68 0.079460
85 69 0.079459
85 70 0.079459
85 71 0.079458
85 72 0.079458
85 73 0.079457
85 74 0.079457
85 75 0.079456
85 76 0.079456
85 77 0.079455
85 78 0.079455
85 79 0.079454
85 80 0.079454
85 81 0.079454
85 82 0.079453
85 83 0.079453
85 84 0.079453
85 85 0.079453
85 86 0.079453
85 87 0.079454
85 88 0.079454
85 89 0.079454
85 90 0.079455
85 91 0.079455
85 92 0.079455
85 93 0.079455
85 94 0.079455
85 95 0.079456
85 96 0.079456
85 97 0.079456
85 98 0.079457
85 99 0.079457

86 0 0.079442
86 1 0.079442
86 2 0.079443
86 3 0.079443
86 4 0.079444
86 5 0.079444
86 6 0.079445
86 7 0.079445
86 8 0.079446
86 9 0.079446
86 10 0.079447
86 11 0.079448
86 12 0.079448
86 13 0.079449
86 14 0.079450
86 15 0.079450
86 16 0.079451
86 17 0.079451
86 18 0.079452
86 19 0.079453
86 20 0.079453
86 21 0.079454
86 22 0.079454
86 23 0.079455
86 24 0.079455
86 25 0.079455
86 26 0.079456
86 27 0.079456
86 28 0.079457
86 29 0.079457
86 30 0.079457
86 31 0.079457
86 32 0.079458
86 33 0.079458
86 34 0.079458
86 35 0.079459
86 36 0.079459
86 37 0.079459
86 38 0.079459
86 39 0.079459
86 40 0.079460
86 41 0.079460
86 42 0.079460
86 43 0.079460
86 44 0.079460
86 45 0.079461
86 46 0.079461
86 47 0.079461
86 48 0.079461
86 49 0.079461
86 50 0.079462
86 51 0.079462
86 52 0.079462
86 53 0.079462
86 54 0.079463
86 55 0.079463
86 56 0.079463
86 57 0.079463
86 58 0.079463
86 59 0.079463
86 60 0.079463
86 61 0.079463
86 62 0.079463
86 63 0.079462
86 64 0.079462
86 65 0.079462
86 66 0.079461
86 67 0.079461
86 68 0.079460
86 69 0.079459
86 70 0.079459
86 71 0.079458
86 72 0.079458
86 73 0.079457
86 74 0.079457
86 75 0.079456
86 76 0.079456
86 77 0.079456
86 78 0.079455
86 79 0.079455
86 80 0.079454
86 81 0.079454
86 82 0.079454
86 83 0.079454
86 84 0.079454
86 85 0.079454
86 86 0.079454
86 87 0.079454
86 88 0.079454
86 89 0.079455
86 90 0.079455
86 91 0.079455
86 92 0.079455
86 93 0.079456
86 94 0.079456
86 95 0.079456
86 96 0.079456
86 97 0.079457
86 98 0.079457
86 99 0.079457

87 0 0.079443
87 1 0.079443
87 2 0.079443
87 3 0.079444
87 4 0.079444
87 5 0.079445
87 6 0.079445
87 7 0.079446
87 8 0.079446
87 9 0.079447
87 10 0.079448
87 11 0.079448
87 12 0.079449
87 13 0.079449
87 14 0.079450
87 15 0.079451
87 16 0.079451
87 17 0.079452
87 18 0.079452
87 19 0.079453
87 20 0.079454
87 21 0.079454
87 22 0.079455
87 23 0.079455
87 24 0.079455
87 25 0.079456
87 26 0.079456
87 27 0.079457
87 28 0.079457
87 29 0.079457
87 30 0.079458
87 31 0.079458
87 32 0.079458
87 33 0.079458
87 34 0.079459
87 35 0.079459
87 36 0.079459
87 37 0.079459
87 38 0.079460
87 39 0.079460
87 40 0.079460
87 41 0.079460
87 42 0.079460
87 43 0.079460
87 44 0.079461
87 45 0.079461
87 46 0.079461
87 47 0.079461
87 48 0.079461
87 49 0.079462
87 50 0.079462
87 51 0.079462
87 52 0.079462
87 53 0.079463
87 54 0.079463
87 55 0.079463
87 56 0.079463
87 57 0.079463
87 58 0.079463
87 59 0.079464
87 60 0.079463
87 61 0.079463
87 62 0.079463
87 63 0.079463
87 64 0.079462
87 65 0.079462
87 66 0.079461
87 67 0.079461
87 68 0.079460
87 69 0.079460
87 70 0.079459
87 71 0.079459
87 72 0.079458
87 73 0.079458
87 74 0.079457
87 75 0.079457
87 76 0.079456
87 77 0.079456
87 78 0.079456
87 79 0.079455
87 80 0.079455
87 81 0.079455
87 82 0.079454
87 83 0.079454
87 84 0.079454
87 85 0.079454
87 86 0.079454
87 87 0.079455
87 88 0.079455
87 89 0.079455
87 90 0.079455
87 91 0.079456
87 92 0.079456
87 93 0.079456
87 94 0.079456
87 95 0.079457
87 96 0.079457
87 97 0.079457
87 98 0.079457
87 99 0.079457

88 0 0.079443
88 1 0.079443
88 2 0.079444
88 3 0.079444
88 4 0.079445
88 5 0.079445
88 6 0.079446
88 7 0.079446
88 8 0.079447
88 9 0.079447
88 10 0.079448
88 11 0.079449
88 12 0.079449
88 13 0.079450
88 14 0.079451
88 15 0.079451
88 16 0.079452
88 17 0.079452
88 18 0.079453
88 19 0.079453
88 20 0.079454
88 21 0.079454
88 22 0.079455
88 23 0.079455
88 24 0.079456
88 25 0.079456
88 26 0.079457
88 27 0.079457
88 28 0.079457
88 29 0.079458
88 30 0.079458
88 31 0.079458
88 32 0.079458
88 33 0.079459
88 34 0.079459
88 35 0.079459
88 36 0.079459
88 37 0.079460
88 38 0.079460
88 39 0.079460
88 40 0.079460
88 41 0.079460
88 42 0.079460
88 43 0.079461
88 44 0.079461
88 45 0.079461
88 46 0.079461
88 47 0.079461
88 48 0.079462
88 49 0.079462
88 50 0.079462
88 51 0.079462
88 52 0.079462
88 53 0.079463
88 54 0.079463
88 55 0.079463
88 56 0.079463
88 57 0.079464
88 58 0.079464
88 59 0.079464
88 60 0.079464
88 61 0.079463
88 62 0.079463
88 63 0.079463
88 64 0.079462
88 65 0.079462
88 66 0.079462
88 67 0.079461
88 68 0.079460
88 69 0.079460
88 70 0.079459
88 71 0.079459
88 72 0.079459
88 73 0.079458
88 74 0.079458
88 75 0.079457
88 76 0.079457
88 77 0.079456
88 78 0.079456
88 79 0.079456
88 80 0.079455
88 81 0.079455
88 82 0.079455
88 83 0.079455
88 84 0.079455
88 85 0.079455
88 86 0.079455
88 87 0.079455
88 88 0.079455
88 89 0.079456
88 90 0.079456
88 91 0.079456
88 92 0.079456
88 93 0.079456
88 94 0.079456
88 95 0.079457
88 96 0.079457
88 97 0.079457
88 98 0.079457
88 99 0.079457

89 0 0.079444
89 1 0.079444
89 2 0.079444
89 3 0.079445
89 4 0.079445
89 5 0.079446
89 6 0.079446
89 7 0.079447
89 8 0.079447
89 9 0.079448
89 10 0.079449
89 11 0.079449
89 12 0.079450
89 13 0.079450
89 14 0.079451
89 15 0.079452
89 16 0.079452
89 17 0.079453
89 18 0.079453
89 19 0.079454
89 20 0.079454
89 21 0.079455
89 22 0.079455
89 23 0.079456
89 24 0.079456
89 25 0.079457
89 26 0.079457
89 27 0.079457
89 28 0.079458
89 29 0.079458
89 30 0.079458
89 31 0.079459
89 32 0.079459
89 33 0.079459
89 34 0.079459
89 35 0.079460
89 36 0.079460
89 37 0.079460
89 38 0.079460
89 39 0.079460
89 40 0.079460
89 41 0.079461
89 42 0.079461
89 43 0.079461
89 44 0.079461
89 45 0.079461
89 46 0.079461
89 47 0.079462
89 48 0.079462
89 49 0.079462
89 50 0.079462
89 51 0.079462
89 52 0.079463
89 53 0.079463
89 54 0.079463
89 55 0.079463
89 56 0.079464
89 57 0.079464
89 58 0.079464
89 59 0.079464
89 60 0.079464
89 61 0.079464
89 62 0.079463
89 63 0.079463
89 64 0.079463
89 65 0.079462
89 66 0.079462
89 67 0.079461
89 68 0.079461
89 69 0.079460
89 70 0.079460
89 71 0.079459
89 72 0.079459
89 73 0.079459
89 74 0.079458
89 75 0.079458
89 76 0.079457
89 77 0.079457
89 78 0.079457
89 79 0.079456
89 80 0.079456
89 81 0.079456
89 82 0.079456
89 83 0.079455
89 84 0.079455
89 85 0.079456
89 86 0.079456
89 87 0.079456
89 88 0.079456
89 89 0.079456
89 90 0.079456
89 91 0.079456
89 92 0.079456
89 93 0.079457
89 94 0.079457
89 95 0.079457
89 96 0.079457
89 97 0.079458
89 98 0.079458
89 99 0.079458

90 0 0.079444
90 1 0.079444
90 2 0.079445
90 3 0.079445
90 4 0.079446
90 5 0.079446
90 6 0.079447
90 7 0.079447
90 8 0.079448
90 9 0.079448
90 10 0.079449
90 11 0.079450
90 12 0.079450
90 13 0.079451
90 14 0.079452
90 15 0.079452
90 16 0.079453
90 17 0.079453
90 18 0.079454
90 19 0.079454
90 20 0.079455
90 21 0.079455
90 22 0.079456
90 23 0.079456
90 24 0.079456
90 25 0.079457
90 26 0.079457
90 27 0.079458
90 28 0.079458
90 29 0.079458
90 30 0.079459
90 31 0.079459
90 32 0.079459
90 33 0.079459
90 34 0.079460
90 35 0.079460
90 36 0.079460
90 37 0.079460
90 38 0.079460
90 39 0.079460
90 40 0.079461
90 41 0.079461
90 42 0.079461
90 43 0.079461
90 44 0.079461
90 45 0.079461
90 46 0.079462
90 47 0.079462
90 48 0.079462
90 49 0.079462
90 50 0.079462
90 51 0.079463
90 52 0.079463
90 53 0.079463
90 54 0.079463
90 55 0.079464
90 56 0.079464
90 57 0.079464
90 58 0.079464
90 59 0.079464
90 60 0.079464
90 61 0.079464
90 62 0.079464
90 63 0.079463
90 64 0.079463
90 65 0.079463
90 66 0.079462
90 67 0.079462
90 68 0.079461
90 69 0.079461
90 70 0.079460
90 71 0.079460
90 72 0.079459
90 73 0.079459
90 74 0.079458
90 75 0.079458
90 76 0.079458
90 77 0.079457
90 78 0.079457
90 79 0.079457
90 80 0.079456
90 81 0.079456
90 82 0.079456
90 83 0.079456
90 84 0.079456
90 85 0.079456
90 86 0.079456
90 87 0.079456
90 88 0.079456
90 89 0.079456
90 90 0.079456
90 91 0.079457
90 92 0.079457
90 93 0.079457
90 94 0.079457
90 95 0.079457
90 96 0.079458
90 97 0.079458
90 98 0.079458
90 99 0.079458

91 0 0.079445
91 1 0.079445
91 2 0.079445
91 3 0.079446
91 4 0.079446
91 5 0.079446
91 6 0.079447
91 7 0.079448
91 8 0.079448
91 9 0.079449
91 10 0.079450
91 11 0.079450
91 12 0.079451
91 13 0.079451
91 14 0.079452
91 15 0.079453
91 16 0.079453
91 17 0.079454
91 18 0.079454
91 19 0.079455
91 20 0.079455
91 21 0.079456
91 22 0.079456
91 23 0.079456
91 24 0.079457
91 25 0.079457
91 26 0.079458
91 27 0.079458
91 28 0.079458
91 29 0.079459
91 30 0.079459
91 31 0.079459
91 32 0.079459
91 33 0.079460
91 34 0.079460
91 35 0.079460
91 36 0.079460
91 37 0.079460
91 38 0.079461
91 39 0.079461
91 40 0.079461
91 41 0.079461
91 42 0.079461
91 43 0.079461
91 44 0.079461
91 45 0.079462
91 46 0.079462
91 47 0.079462
91 48 0.079462
91 49 0.079462
91 50 0.079463
91 51 0.079463
91 52 0.079463
91 53 0.079463
91 54 0.079463
91 55 0.079464
91 56 0.079464
91 57 0.079464
91 58 0.079464
91 59 0.079464
91 60 0.079464
91 61 0.079464
91 62 0.079464
91 63 0.079463
91 64 0.079463
91 65 0.079463
91 66 0.079462
91 67 0.079462
91 68 0.079461
91 69 0.079461
91 70 0.079460
91 71 0.079460
91 72 0.079460
91 73 0.079459
91 74 0.079459
91 75 0.079458
91 76 0.079458
91 77 0.079458
91 78 0.079457
91 79 0.079457
91 80 0.079457
91 81 0.079457
91 82 0.079457
91 83 0.079457
91 84 0.079457
91 85 0.079457
91 86 0.079457
91 87 0.079457
91 88 0.079457
91 89 0.079457
91 90 0.079457
91 91 0.079457
91 92 0.079457
91 93 0.079458
91 94 0.079458
91 95 0.079458
91 96 0.079458
91 97 0.079458
91 98 0.079459
91 99 0.079459

92 0 0.079445
92 1 0.079445
92 2 0.079446
92 3 0.079446
92 4 0.079447
92 5 0.079447
92 6 0.079448
92 7 0.079448
92 8 0.079449
92 9 0.079449
92 10 0.079450
92 11 0.079451
92 12 0.079451
92 13 0.079452
92 14 0.079452
92 15 0.079453
92 16 0.079453
92 17 0.079454
92 18 0.079454
92 19 0.079455
92 20 0.079455
92 21 0.079456
92 22 0.079456
92 23 0.079457
92 24 0.079457
92 25 0.079457
92 26 0.079458
92 27 0.079458
92 28 0.079458
92 29 0.079459
92 30 0.079459
92 31 0.079459
92 32 0.079459
92 33 0.079460
92 34 0.079460
92 35 0.079460
92 36 0.079460
92 37 0.079460
92 38 0.079461
92 39 0.079461
92 40 0.079461
92 41 0.079461
92 42 0.079461
92 43 0.079461
92 44 0.079461
92 45 0.079462
92 46 0.079462
92 47 0.079462
92 48 0.079462
92 49 0.079462
92 50 0.079463
92 51 0.079463
92 52 0.079463
92 53 0.079463
92 54 0.079464
92 55 0.079464
92 56 0.079464
92 57 0.079464
92 58 0.079464
92 59 0.079464
92 60 0.079464
92 61 0.079464
92 62 0.079464
92 63 0.079464
92 64 0.079463
92 65 0.079463
92 66 0.079462
92 67 0.079462
92 68 0.079462
92 69 0.079461
92 70 0.079461
92 71 0.079460
92 72 0.079460
92 73 0.079459
92 74 0.079459
92 75 0.079459
92 76 0.079458
92 77 0.079458
92 78 0.079458
92 79 0.079458
92 80 0.079457
92 81 0.079457
92 82 0.079457
92 83 0.079457
92 84 0.079457
92 85 0.079457
92 86 0.079457
92 87 0.079457
92 88 0.079457
92 89 0.079457
92 90 0.079457
92 91 0.079457
92 92 0.079457
92 93 0.079458
92 94 0.079458
92 95 0.079458
92 96 0.079458
92 97 0.079459
92 98 0.079459
92 99 0.079459

93 0 0.079446
93 1 0.079446
93 2 0.079446
93 3 0.079447
93 4 0.079447
93 5 0.079447
93 6 0.079448
93 7 0.079449
93 8 0.079449
93 9 0.079450
93 10 0.079450
93 11 0.079451
93 12 0.079452
93 13 0.079452
93 14 0.079453
93 15 0.079453
93 16 0.079454
93 17 0.079454
93 18 0.079455
93 19 0.079455
93 20 0.079456
93 21 0.079456
93 22 0.079457
93 23 0.079457
93 24 0.079457
93 25 0.079458
93 26 0.079458
93 27 0.079458
93 28 0.079459
93 29 0.079459
93 30 0.079459
93 31 0.079460
93 32 0.079460
93 33 0.079460
93 34 0.079460
93 35 0.079460
93 36 0.079460
93 37 0.079461
93 38 0.079461
93 39 0.079461
93 40 0.079461
93 41 0.079461
93 42 0.079461
93 43 0.079461
93 44 0.079462
93 45 0.079462
93 46 0.079462
93 47 0.079462
93 48 0.079462
93 49 0.079462
93 50 0.079463
93 51 0.079463
93 52 0.079463
93 53 0.079463
93 54 0.079464
93 55 0.079464
93 56 0.079464
93 57 0.079464
93 58 0.079464
93 59 0.079464
93 60 0.079464
93 61 0.079464
93 62 0.079464
93 63 0.079463
93 64 0.079463
93 65 0.079463
93 66 0.079462
93 67 0.079462
93 68 0.079462
93 69 0.079461
93 70 0.079461
93 71 0.079460
93 72 0.079460
93 73 0.079460
93 74 0.079459
93 75 0.079459
93 76 0.079459
93 77 0.079459
93 78 0.079458
93 79 0.079458
93 80 0.079458
93 81 0.079458
93 82 0.079458
93 83 0.079458
93 84 0.079458
93 85 0.079458
93 86 0.079458
93 87 0.079458
93 88 0.079458
93 89 0.079458
93 90 0.079458
93 91 0.079458
93 92 0.079458
93 93 0.079458
93 94 0.079458
93 95 0.079459
93 96 0.079459
93 97 0.079459
93 98 0.079460
93 99 0.079460

94 0 0.079446
94 1 0.079446
94 2 0.079447
94 3 0.079447
94 4 0.079447
94 5 0.079448
94 6 0.079448
94 7 0.079449
94 8 0.079450
94 9 0.079450
94 10 0.079451
94 11 0.079452
94 12 0.079452
94 13 0.079453
94 14 0.079453
94 15 0.079454
94 16 0.079454
94 17 0.079455
94 18 0.079455
94 19 0.079456
94 20 0.079456
94 21 0.079457
94 22 0.079457
94 23 0.079457
94 24 0.079458
94 25 0.079458
94 26 0.079458
94 27 0.079459
94 28 0.079459
94 29 0.079459
94 30 0.079459
94 31 0.079460
94 32 0.079460
94 33 0.079460
94 34 0.079460
94 35 0.079460
94 36 0.079460
94 37 0.079461
94 38 0.079461
94 39 0.079461
94 40 0.079461
94 41 0.079461
94 42 0.079461
94 43 0.079461
94 44 0.079462
94 45 0.079462
94 46 0.079462
94 47 0.079462
94 48 0.079462
94 49 0.079463
94 50 0.079463
94 51 0.079463
94 52 0.079463
94 53 0.079464
94 54 0.079464
94 55 0.079464
94 56 0.079464
94 57 0.079464
94 58 0.079464
94 59 0.079464
94 60 0.079464
94 61 0.079464
94 62 0.079464
94 63 0.079464
94 64 0.079463
94 65 0.079463
94 66 0.079463
94 67 0.079462
94 68 0.079462
94 69 0.079461
94 70 0.079461
94 71 0.079461
94 72 0.079460
94 73 0.079460
94 74 0.079460
94 75 0.079459
94 76 0.079459
94 77 0.079459
94 78 0.079459
94 79 0.079459
94 80 0.079458
94 81 0.079458
94 82 0.079458
94 83 0.079458
94 84 0.079458
94 85 0.079458
94 86 0.079458
94 87 0.079458
94 88 0.079458
94 89 0.079458
94 90 0.079458
94 91 0.079458
94 92 0.079458
94 93 0.079459
94 94 0.079459
94 95 0.079459
94 96 0.079459
94 97 0.079460
94 98 0.079460
94 99 0.079460

95 0 0.079447
95 1 0.079447
95 2 0.079447
95 3 0.079448
95 4 0.079448
95 5 0.079448
95 6 0.079449
95 7 0.079450
95 8 0.079450
95 9 0.079451
95 10 0.079451
95 11 0.079452
95 12 0.079453
95 13 0.079453
95 14 0.079454
95 15 0.079454
95 16 0.079455
95 17 0.079455
95 18 0.079456
95 19 0.079456
95 20 0.079457
95 21 0.079457
95 22 0.079457
95 23 0.079458
95 24 0.079458
95 25 0.079458
95 26 0.079459
95 27 0.079459
95 28 0.079459
95 29 0.079459
95 30 0.079460
95 31 0.079460
95 32 0.079460
95 33 0.079460
95 34 0.079460
95 35 0.079461
95 36 0.079461
95 37 0.079461
95 38 0.079461
95 39 0.079461
95 40 0.079461
95 41 0.079461
95 42 0.079462
95 43 0.079462
95 44 0.079462
95 45 0.079462
95 46 0.079462
95 47 0.079462
95 48 0.079463
95 49 0.079463
95 50 0.079463
95 51 0.079463
95 52 0.079463
95 53 0.079464
95 54 0.079464
95 55 0.079464
95 56 0.079464
95 57 0.079464
95 58 0.079464
95 59 0.079464
95 60 0.079464
95 61 0.079464
95 62 0.079464
95 63 0.079463
95 64 0.079463
95 65 0.079463
95 66 0.079463
95 67 0.079462
95 68 0.079462
95 69 0.079461
95 70 0.079461
95 71 0.079461
95 72 0.079460
95 73 0.079460
95 74 0.079460
95 75 0.079460
95 76 0.079460
95 77 0.079459
95 78 0.079459
95 79 0.079459
95 80 0.079459
95 81 0.079459
95 82 0.079459
95 83 0.079459
95 84 0.079459
95 85 0.079459
95 86 0.079459
95 87 0.079459
95 88 0.079459
95 89 0.079459
95 90 0.079459
95 91 0.079459
95 92 0.079459
95 93 0.079459
95 94 0.079459
95 95 0.079460
95 96 0.079460
95 97 0.079460
95 98 0.079460
95 99 0.079460

96 0 0.079447
96 1 0.079447
96 2 0.079448
96 3 0.079448
96 4 0.079449
96 5 0.079449
96 6 0.079450
96 7 0.079450
96 8 0.079451
96 9 0.079451
96 10 0.079452
96 11 0.079453
96 12 0.079453
96 13 0.079454
96 14 0.079454
96 15 0.079455
96 16 0.079455
96 17 0.079456
96 18 0.079456
96 19 0.079457
96 20 0.079457
96 21 0.079457
96 22 0.079458
96 23 0.079458
96 24 0.079458
96 25 0.079459
96 26 0.079459
96 27 0.079459
96 28 0.079459
96 29 0.079460
96 30 0.079460
96 31 0.079460
96 32 0.079460
96 33 0.079460
96 34 0.079460
96 35 0.079461
96 36 0.079461
96 37 0.079461
96 38 0.079461
96 39 0.079461
96 40 0.079461
96 41 0.079461
96 42 0.079462
96 43 0.079462
96 44 0.079462
96 45 0.079462
96 46 0.079462
96 47 0.079462
96 48 0.079463
96 49 0.079463
96 50 0.079463
96 51 0.079463
96 52 0.079464
96 53 0.079464
96 54 0.079464
96 55 0.079464
96 56 0.079464
96 57 0.079464
96 58 0.079464
96 59 0.079464
96 60 0.079464
96 61 0.079464
96 62 0.079464
96 63 0.079464
96 64 0.079463
96 65 0.079463
96 66 0.079463
96 67 0.079462
96 68 0.079462
96 69 0.079462
96 70 0.079461
96 71 0.079461
96 72 0.079461
96 73 0.079460
96 74 0.079460
96 75 0.079460
96 76 0.079460
96 77 0.079460
96 78 0.079460
96 79 0.079460
96 80 0.079459
96 81 0.079459
96 82 0.079459
96 83 0.079459
96 84 0.079459
96 85 0.079459
96 86 0.079459
96 87 0.079459
96 88 0.079459
96 89 0.079459
96 90 0.079459
96 91 0.079459
96 92 0.079459
96 93 0.079460
96 94 0.079460
96 95 0.079460
96 96 0.079460
96 97 0.079461
96 98 0.079461
96 99 0.079461

97 0 0.079447
97 1 0.079448
97 2 0.079448
97 3 0.079448
97 4 0.079449
97 5 0.079449
97 6 0.079450
97 7 0.079450
97 8 0.079451
97 9 0.079451
97 10 0.079452
97 11 0.079453
97 12 0.079453
97 13 0.079454
97 14 0.079454
97 15 0.079455
97 16 0.079455
97 17 0.079456
97 18 0.079456
97 19 0.079457
97 20 0.079457
97 21 0.079458
97 22 0.079458
97 23 0.079458
97 24 0.079458
97 25 0.079459
97 26 0.079459
97 27 0.079459
97 28 0.079459
97 29 0.079460
97 30 0.079460
97 31 0.079460
97 32 0.079460
97 33 0.079460
97 34 0.079460
97 35 0.079461
97 36 0.079461
97 37 0.079461
97 38 0.079461
97 39 0.079461
97 40 0.079461
97 41 0.079461
97 42 0.079462
97 43 0.079462
97 44 0.079462
97 45 0.079462
97 46 0.079462
97 47 0.079463
97 48 0.079463
97 49 0.079463
97 50 0.079463
97 51 0.079463
97 52 0.079464
97 53 0.079464
97 54 0.079464
97 55 0.079464
97 56 0.079464
97 57 0.079464
97 58 0.079464
97 59 0.079464
97 60 0.079464
97 61 0.079464
97 62 0.079464
97 63 0.079463
97 64 0.079463
97 65 0.079463
97 66 0.079463
97 67 0.079462
97 68 0.079462
97 69 0.079462
97 70 0.079461
97 71 0.079461
97 72 0.079461
97 73 0.079461
97 74 0.079461
97 75 0.079460
97 76 0.079460
97 77 0.079460
97 78 0.079460
97 79 0.079460
97 80 0.079460
97 81 0.079460
97 82 0.079460
97 83 0.079460
97 84 0.079460
97 85 0.079460
97 86 0.079460
97 87 0.079460
97 88 0.079460
97 89 0.079460
97 90 0.079460
97 91 0.079460
97 92 0.079460
97 93 0.079460
97 94 0.079460
97 95 0.079460
97 96 0.079461
97 97 0.079461
97 98 0.079461
97 99 0.079461

98 0 0.079448
98 1 0.079448
98 2 0.079448
98 3 0.079449
98 4 0.079449
98 5 0.079450
98 6 0.079451
98 7 0.079451
98 8 0.079452
98 9 0.079452
98 10 0.079453
98 11 0.079454
98 12 0.079454
98 13 0.079455
98 14 0.079455
98 15 0.079456
98 16 0.079456
98 17 0.079457
98 18 0.079457
98 19 0.079457
98 20 0.079458
98 21 0.079458
98 22 0.079458
98 23 0.079459
98 24 0.079459
98 25 0.079459
98 26 0.079459
98 27 0.079460
98 28 0.079460
98 29 0.079460
98 30 0.079460
98 31 0.079460
98 32 0.079460
98 33 0.079461
98 34 0.079461
98 35 0.079461
98 36 0.079461
98 37 0.079461
98 38 0.079461
98 39 0.079461
98 40 0.079461
98 41 0.079462
98 42 0.079462
98 43 0.079462
98 44 0.079462
98 45 0.079462
98 46 0.079462
98 47 0.079463
98 48 0.079463
98 49 0.079463
98 50 0.079463
98 51 0.079464
98 52 0.079464
98 53 0.079464
98 54 0.079464
98 55 0.079464
98 56 0.079464
98 57 0.079464
98 58 0.079464
98 59 0.079464
98 60 0.079464
98 61 0.079464
98 62 0.079463
98 63 0.079463
98 64 0.079463
98 65 0.079463
98 66 0.079462
98 67 0.079462
98 68 0.079462
98 69 0.079461
98 70 0.079461
98 71 0.079461
98 72 0.079461
98 73 0.079461
98 74 0.079461
98 75 0.079461
98 76 0.079461
98 77 0.079460
98 78 0.079460
98 79 0.079460
98 80 0.079460
98 81 0.079460
98 82 0.079460
98 83 0.079460
98 84 0.079460
98 85 0.079460
98 86 0.079460
98 87 0.079460
98 88 0.079460
98 89 0.079460
98 90 0.079460
98 91 0.079460
98 92 0.079460
98 93 0.079461
98 94 0.079461
98 95 0.079461
98 96 0.079461
98 97 0.079461
98 98 0.079462
98 99 0.079462

99 0 0.079448
99 1 0.079448
99 2 0.079448
99 3 0.079449
99 4 0.079449
99 5 0.079450
99 6 0.079450
99 7 0.079451
99 8 0.079451
99 9 0.079452
99 10 0.079453
99 11 0.079453
99 12 0.079454
99 13 0.079454
99 14 0.079455
99 15 0.079455
99 16 0.079456
99 17 0.079456
99 18 0.079457
99 19 0.079457
99 20 0.079458
99 21 0.079458
99 22 0.079458
99 23 0.079458
99 24 0.079459
99 25 0.079459
99 26 0.079459
99 27 0.079459
99 28 0.079460
99 29 0.079460
99 30 0.079460
99 31 0.079460
99 32 0.079460
99 33 0.079460
99 34 0.079460
99 35 0.079460
99 36 0.079460
99 37 0.079461
99 38 0.079461
99 39 0.079461
99 40 0.079461
99 41 0.079461
99 42 0.079461
99 43 0.079461
99 44 0.079462
99 45 0.079462
99 46 0.079462
99 47 0.079462
99 48 0.079463
99 49 0.079463
99 50 0.079463
99 51 0.079463
99 52 0.079464
99 53 0.079464
99 54 0.079464
99 55 0.079464
99 56 0.079464
99 57 0.079464
99 58 0.079464
99 59 0.079464
99 60 0.079464
99 61 0.079464
99 62 0.079464
99 63 0.079463
99 64 0.079463
99 65 0.079463
99 66 0.079463
99 67 0.079462
99 68 0.079462
99 69 0.079462
99 70 0.079461
99 71 0.079461
99 72 0.079461
99 73 0.079461
99 74 0.079461
99 75 0.079461
99 76 0.079461
99 77 0.079461
99 78 0.079461
99 79 0.079461
99 80 0.079461
99 81 0.079460
99 82 0.079460
99 83 0.079460
99 84 0.079460
99 85 0.079460
99 86 0.079460
99 87 0.079460
99 88 0.079460
99 89 0.079460
99 90 0.079460
99 91 0.079460
99 92 0.079460
99 93 0.079461
99 94 0.079461
99 95 0.079461
99 96 0.079461
99 97 0.079461
99 98 0.079462
99 99 0.079462

