0 0 0.078603
0 1 0.078603
0 2 0.078601
0 3 0.078600
0 4 0.078598
0 5 0.078598
0 6 0.078599
0 7 0.078600
0 8 0.078602
0 9 0.078605
0 10 0.078607
0 11 0.078608
0 12 0.078608
0 13 0.078608
0 14 0.078606
0 15 0.078604
0 16 0.078602
0 17 0.078600
0 18 0.078598
0 19 0.078597
0 20 0.078597
0 21 0.078598
0 22 0.078599
0 23 0.078601
0 24 0.078603
0 25 0.078604
0 26 0.078606
0 27 0.078606
0 28 0.078606
0 29 0.078605
0 30 0.078604
0 31 0.078603
0 32 0.078601
0 33 0.078600
0 34 0.078599
0 35 0.078599
0 36 0.078600
0 37 0.078601
0 38 0.078602
0 39 0.078603
0 40 0.078604
0 41 0.078605
0 42 0.078605
0 43 0.078605
0 44 0.078604
0 45 0.078603
0 46 0.078602
0 47 0.078602
0 48 0.078601
0 49 0.078601
0 50 0.078601
0 51 0.078601
0 52 0.078602
0 53 0.078603
0 54 0.078604
0 55 0.078604
0 56 0.078605
0 57 0.078605
0 58 0.078604
0 59 0.078603
0 60 0.078602
0 61 0.078601
0 62 0.078600
0 63 0.078599
0 64 0.078599
0 65 0.078599
0 66 0.078600
0 67 0.078601
0 68 0.078603
0 69 0.078604
0 70 0.078605
0 71 0.078606
0 72 0.078606
0 73 0.078606
0 74 0.078605
0 75 0.078604
0 76 0.078603
0 77 0.078602
0 78 0.078601
0 79 0.078601
0 80 0.078601
0 81 0.078601
0 82 0.078602
0 83 0.078603
0 84 0.078603
0 85 0.078604
0 86 0.078604
0 87 0.078603
0 88 0.078603
0 89 0.078602
0 90 0.078602
0 91 0.078602
0 92 0.078602
0 93 0.078602
0 94 0.078603
0 95 0.078604
0 96 0.078605
0 97 0.078606
0 98 0.078607
0 99 0.078607

1 0 0.078603
1 1 0.078602
1 2 0.078601
1 3 0.078599
1 4 0.078599
1 5 0.078599
1 6 0.078600
1 7 0.078601
1 8 0.078603
1 9 0.078605
1 10 0.078607
1 11 0.078607
1 12 0.078607
1 13 0.078606
1 14 0.078605
1 15 0.078603
1 16 0.078601
1 17 0.078599
1 18 0.078598
1 19 0.078598
1 20 0.078598
1 21 0.078599
1 22 0.078600
1 23 0.078602
1 24 0.078603
1 25 0.078604
1 26 0.078605
1 27 0.078605
1 28 0.078605
1 29 0.078604
1 30 0.078603
1 31 0.078602
1 32 0.078601
1 33 0.078600
1 34 0.078600
1 35 0.078600
1 36 0.078600
1 37 0.078601
1 38 0.078602
1 39 0.078603
1 40 0.078604
1 41 0.078604
1 42 0.078605
1 43 0.078604
1 44 0.078604
1 45 0.078603
1 46 0.078602
1 47 0.078602
1 48 0.078601
1 49 0.078601
1 50 0.078601
1 51 0.078602
1 52 0.078602
1 53 0.078603
1 54 0.078604
1 55 0.078604
1 56 0.078604
1 57 0.078604
1 58 0.078604
1 59 0.078603
1 60 0.078602
1 61 0.078601
1 62 0.078600
1 63 0.078600
1 64 0.078600
1 65 0.078600
1 66 0.078601
1 67 0.078602
1 68 0.078603
1 69 0.078604
1 70 0.078605
1 71 0.078605
1 72 0.078605
1 73 0.078605
1 74 0.078604
1 75 0.078603
1 76 0.078602
1 77 0.078602
1 78 0.078601
1 79 0.078601
1 80 0.078601
1 81 0.078602
1 82 0.078602
1 83 0.078603
1 84 0.078603
1 85 0.078604
1 86 0.078603
1 87 0.078603
1 88 0.078603
1 89 0.078602
1 90 0.078602
1 91 0.078602
1 92 0.078602
1 93 0.078603
1 94 0.078604
1 95 0.078604
1 96 0.078605
1 97 0.078606
1 98 0.078606
1 99 0.078607

2 0 0.078602
2 1 0.078600
2 2 0.078599
2 3 0.078599
2 4 0.078599
2 5 0.078600
2 6 0.078601
2 7 0.078603
2 8 0.078604
2 9 0.078606
2 10 0.078607
2 11 0.078607
2 12 0.078606
2 13 0.078605
2 14 0.078604
2 15 0.078602
2 16 0.078600
2 17 0.078599
2 18 0.078598
2 19 0.078598
2 20 0.078599
2 21 0.078600
2 22 0.078601
2 23 0.078602
2 24 0.078603
2 25 0.078604
2 26 0.078605
2 27 0.078605
2 28 0.078604
2 29 0.078604
2 30 0.078603
2 31 0.078602
2 32 0.078601
2 33 0.078600
2 34 0.078600
2 35 0.078601
2 36 0.078601
2 37 0.078602
2 38 0.078603
2 39 0.078603
2 40 0.078604
2 41 0.078604
2 42 0.078604
2 43 0.078604
2 44 0.078603
2 45 0.078603
2 46 0.078602
2 47 0.078601
2 48 0.078601
2 49 0.078601
2 50 0.078602
2 51 0.078602
2 52 0.078603
2 53 0.078603
2 54 0.078604
2 55 0.078604
2 56 0.078604
2 57 0.078604
2 58 0.078603
2 59 0.078602
2 60 0.078602
2 61 0.078601
2 62 0.078600
2 63 0.078600
2 64 0.078600
2 65 0.078601
2 66 0.078601
2 67 0.078602
2 68 0.078603
2 69 0.078604
2 70 0.078605
2 71 0.078605
2 72 0.078605
2 73 0.078604
2 74 0.078604
2 75 0.078603
2 76 0.078602
2 77 0.078601
2 78 0.078601
2 79 0.078601
2 80 0.078602
2 81 0.078602
2 82 0.078603
2 83 0.078603
2 84 0.078604
2 85 0.078604
2 86 0.078603
2 87 0.078603
2 88 0.078603
2 89 0.078602
2 90 0.078602
2 91 0.078602
2 92 0.078603
2 93 0.078603
2 94 0.078604
2 95 0.078605
2 96 0.078605
2 97 0.078606
2 98 0.078606
2 99 0.078606

3 0 0.078599
3 1 0.078599
3 2 0.078599
3 3 0.078599
3 4 0.078600
3 5 0.078601
3 6 0.078602
3 7 0.078604
3 8 0.078605
3 9 0.078606
3 10 0.078606
3 11 0.078606
3 12 0.078605
3 13 0.078603
3 14 0.078602
3 15 0.078601
3 16 0.078599
3 17 0.078599
3 18 0.078599
3 19 0.078599
3 20 0.078600
3 21 0.078601
3 22 0.078602
3 23 0.078603
3 24 0.078604
3 25 0.078604
3 26 0.078604
3 27 0.078604
3 28 0.078603
3 29 0.078603
3 30 0.078602
3 31 0.078601
3 32 0.078601
3 33 0.078601
3 34 0.078601
3 35 0.078601
3 36 0.078602
3 37 0.078603
3 38 0.078601
3 39 0.078599
3 40 0.078598
3 41 0.078598
3 42 0.078599
3 43 0.078600
3 44 0.078602
3 45 0.078603
3 46 0.078605
3 47 0.078606
3 48 0.078606
3 49 0.078605
3 50 0.078604
3 51 0.078603
3 52 0.078601
3 53 0.078599
3 54 0.078598
3 55 0.078598
3 56 0.078598
3 57 0.078599
3 58 0.078601
3 59 0.078603
3 60 0.078605
3 61 0.078607
3 62 0.078608
3 63 0.078608
3 64 0.078608
3 65 0.078606
3 66 0.078604
3 67 0.078601
3 68 0.078599
3 69 0.078598
3 70 0.078597
3 71 0.078597
3 72 0.078598
3 73 0.078600
3 74 0.078603
3 75 0.078605
3 76 0.078607
3 77 0.078608
3 78 0.078608
3 79 0.078607
3 80 0.078606
3 81 0.078603
3 82 0.078601
3 83 0.078600
3 84 0.078599
3 85 0.078600
3 86 0.078601
3 87 0.078603
3 88 0.078604
3 89 0.078605
3 90 0.078605
3 91 0.078604
3 92 0.078603
3 93 0.078601
3 94 0.078600
3 95 0.078599
3 96 0.078598
3 97 0.078598
3 98 0.078598
3 99 0.078598

4 0 0.078614
4 1 0.078614
4 2 0.078614
4 3 0.078611
4 4 0.078607
4 5 0.078602
4 6 0.078596
4 7 0.078592
4 8 0.078589
4 9 0.078588
4 10 0.078589
4 11 0.078592
4 12 0.078597
4 13 0.078602
4 14 0.078607
4 15 0.078610
4 16 0.078612
4 17 0.078612
4 18 0.078611
4 19 0.078608
4 20 0.078605
4 21 0.078602
4 22 0.078599
4 23 0.078597
4 24 0.078596
4 25 0.078596
4 26 0.078597
4 27 0.078599
4 28 0.078601
4 29 0.078604
4 30 0.078606
4 31 0.078607
4 32 0.078608
4 33 0.078607
4 34 0.078606
4 35 0.078604
4 36 0.078602
4 37 0.078601
4 38 0.078599
4 39 0.078599
4 40 0.078599
4 41 0.078599
4 42 0.078601
4 43 0.078602
4 44 0.078604
4 45 0.078605
4 46 0.078606
4 47 0.078606
4 48 0.078605
4 49 0.078604
4 50 0.078603
4 51 0.078601
4 52 0.078600
4 53 0.078599
4 54 0.078598
4 55 0.078599
4 56 0.078600
4 57 0.078601
4 58 0.078603
4 59 0.078605
4 60 0.078607
4 61 0.078608
4 62 0.078608
4 63 0.078607
4 64 0.078605
4 65 0.078603
4 66 0.078601
4 67 0.078599
4 68 0.078598
4 69 0.078597
4 70 0.078598
4 71 0.078599
4 72 0.078601
4 73 0.078603
4 74 0.078605
4 75 0.078607
4 76 0.078608
4 77 0.078608
4 78 0.078607
4 79 0.078605
4 80 0.078603
4 81 0.078601
4 82 0.078599
4 83 0.078598
4 84 0.078598
4 85 0.078600
4 86 0.078601
4 87 0.078603
4 88 0.078604
4 89 0.078605
4 90 0.078604
4 91 0.078603
4 92 0.078601
4 93 0.078599
4 94 0.078598
4 95 0.078598
4 96 0.078599
4 97 0.078600
4 98 0.078601
4 99 0.078601

5 0 0.078619
5 1 0.078619
5 2 0.078616
5 3 0.078611
5 4 0.078604
5 5 0.078596
5 6 0.078590
5 7 0.078586
5 8 0.078585
5 9 0.078587
5 10 0.078592
5 11 0.078597
5 12 0.078604
5 13 0.078609
5 14 0.078613
5 15 0.078615
5 16 0.078614
5 17 0.078612
5 18 0.078608
5 19 0.078604
5 20 0.078600
5 21 0.078596
5 22 0.078594
5 23 0.078594
5 24 0.078595
5 25 0.078597
5 26 0.078600
5 27 0.078603
5 28 0.078605
5 29 0.078607
5 30 0.078608
5 31 0.078608
5 32 0.078607
5 33 0.078605
5 34 0.078603
5 35 0.078601
5 36 0.078599
5 37 0.078598
5 38 0.078598
5 39 0.078598
5 40 0.078600
5 41 0.078601
5 42 0.078603
5 43 0.078605
5 44 0.078606
5 45 0.078606
5 46 0.078606
5 47 0.078605
5 48 0.078604
5 49 0.078602
5 50 0.078601
5 51 0.078599
5 52 0.078599
5 53 0.078598
5 54 0.078599
5 55 0.078600
5 56 0.078602
5 57 0.078604
5 58 0.078605
5 59 0.078607
5 60 0.078608
5 61 0.078607
5 62 0.078606
5 63 0.078605
5 64 0.078603
5 65 0.078600
5 66 0.078598
5 67 0.078597
5 68 0.078597
5 69 0.078597
5 70 0.078599
5 71 0.078601
5 72 0.078604
5 73 0.078606
5 74 0.078608
5 75 0.078609
5 76 0.078608
5 77 0.078607
5 78 0.078605
5 79 0.078602
5 80 0.078600
5 81 0.078598
5 82 0.078597
5 83 0.078597
5 84 0.078598
5 85 0.078600
5 86 0.078602
5 87 0.078604
5 88 0.078605
5 89 0.078604
5 90 0.078603
5 91 0.078601
5 92 0.078599
5 93 0.078597
5 94 0.078597
5 95 0.078598
5 96 0.078600
5 97 0.078603
5 98 0.078605
5 99 0.078605

6 0 0.078621
6 1 0.078621
6 2 0.078616
6 3 0.078609
6 4 0.078600
6 5 0.078591
6 6 0.078585
6 7 0.078583
6 8 0.078584
6 9 0.078589
6 10 0.078596
6 11 0.078604
6 12 0.078611
6 13 0.078616
6 14 0.078618
6 15 0.078617
6 16 0.078614
6 17 0.078609
6 18 0.078603
6 19 0.078598
6 20 0.078594
6 21 0.078591
6 22 0.078591
6 23 0.078593
6 24 0.078596
6 25 0.078599
6 26 0.078603
6 27 0.078607
6 28 0.078609
6 29 0.078610
6 30 0.078610
6 31 0.078608
6 32 0.078606
6 33 0.078603
6 34 0.078600
6 35 0.078598
6 36 0.078597
6 37 0.078596
6 38 0.078597
6 39 0.078599
6 40 0.078601
6 41 0.078603
6 42 0.078606
6 43 0.078607
6 44 0.078607
6 45 0.078607
6 46 0.078606
6 47 0.078604
6 48 0.078602
6 49 0.078600
6 50 0.078599
6 51 0.078598
6 52 0.078598
6 53 0.078599
6 54 0.078600
6 55 0.078602
6 56 0.078604
6 57 0.078606
6 58 0.078607
6 59 0.078608
6 60 0.078608
6 61 0.078607
6 62 0.078605
6 63 0.078602
6 64 0.078600
6 65 0.078597
6 66 0.078596
6 67 0.078596
6 68 0.078597
6 69 0.078599
6 70 0.078601
6 71 0.078604
6 72 0.078607
6 73 0.078609
6 74 0.078610
6 75 0.078610
6 76 0.078608
6 77 0.078606
6 78 0.078602
6 79 0.078599
6 80 0.078597
6 81 0.078595
6 82 0.078595
6 83 0.078596
6 84 0.078598
6 85 0.078601
6 86 0.078604
6 87 0.078605
6 88 0.078606
6 89 0.078604
6 90 0.078602
6 91 0.078599
6 92 0.078597
6 93 0.078596
6 94 0.078596
6 95 0.078598
6 96 0.078602
6 97 0.078606
6 98 0.078609
6 99 0.078609

7 0 0.078620
7 1 0.078620
7 2 0.078614
7 3 0.078605
7 4 0.078595
7 5 0.078586
7 6 0.078582
7 7 0.078581
7 8 0.078585
7 9 0.078593
7 10 0.078601
7 11 0.078610
7 12 0.078617
7 13 0.078621
7 14 0.078621
7 15 0.078618
7 16 0.078612
7 17 0.078605
7 18 0.078598
7 19 0.078592
7 20 0.078589
7 21 0.078588
7 22 0.078589
7 23 0.078593
7 24 0.078598
7 25 0.078603
7 26 0.078607
7 27 0.078611
7 28 0.078612
7 29 0.078612
7 30 0.078610
7 31 0.078607
7 32 0.078603
7 33 0.078600
7 34 0.078597
7 35 0.078595
7 36 0.078595
7 37 0.078596
7 38 0.078598
7 39 0.078600
7 40 0.078603
7 41 0.078606
7 42 0.078608
7 43 0.078608
7 44 0.078608
7 45 0.078607
7 46 0.078605
7 47 0.078603
7 48 0.078600
7 49 0.078598
7 50 0.078597
7 51 0.078597
7 52 0.078598
7 53 0.078599
7 54 0.078602
7 55 0.078604
7 56 0.078606
7 57 0.078608
7 58 0.078609
7 59 0.078608
7 60 0.078607
7 61 0.078605
7 62 0.078602
7 63 0.078599
7 64 0.078597
7 65 0.078595
7 66 0.078595
7 67 0.078595
7 68 0.078597
7 69 0.078600
7 70 0.078604
7 71 0.078607
7 72 0.078610
7 73 0.078611
7 74 0.078611
7 75 0.078610
7 76 0.078607
7 77 0.078603
7 78 0.078599
7 79 0.078596
7 80 0.078594
7 81 0.078593
7 82 0.078594
7 83 0.078596
7 84 0.078600
7 85 0.078603
7 86 0.078606
7 87 0.078607
7 88 0.078606
7 89 0.078604
7 90 0.078601
7 91 0.078598
7 92 0.078596
7 93 0.078595
7 94 0.078596
7 95 0.078599
7 96 0.078604
7 97 0.078609
7 98 0.078613
7 99 0.078613

8 0 0.078615
8 1 0.078615
8 2 0.078609
8 3 0.078599
8 4 0.078590
8 5 0.078583
8 6 0.078580
8 7 0.078583
8 8 0.078589
8 9 0.078599
8 10 0.078608
8 11 0.078617
8 12 0.078622
8 13 0.078623
8 14 0.078621
8 15 0.078615
8 16 0.078607
8 17 0.078598
8 18 0.078591
8 19 0.078587
8 20 0.078585
8 21 0.078586
8 22 0.078590
8 23 0.078595
8 24 0.078601
8 25 0.078607
8 26 0.078611
8 27 0.078613
8 28 0.078613
8 29 0.078612
8 30 0.078608
8 31 0.078604
8 32 0.078600
8 33 0.078597
8 34 0.078594
8 35 0.078594
8 36 0.078594
8 37 0.078596
8 38 0.078599
8 39 0.078602
8 40 0.078605
8 41 0.078607
8 42 0.078609
8 43 0.078609
8 44 0.078608
8 45 0.078606
8 46 0.078603
8 47 0.078601
8 48 0.078598
8 49 0.078597
8 50 0.078597
8 51 0.078597
8 52 0.078599
8 53 0.078601
8 54 0.078603
8 55 0.078606
8 56 0.078608
8 57 0.078609
8 58 0.078609
8 59 0.078608
8 60 0.078606
8 61 0.078603
8 62 0.078600
8 63 0.078597
8 64 0.078595
8 65 0.078594
8 66 0.078594
8 67 0.078596
8 68 0.078599
8 69 0.078603
8 70 0.078607
8 71 0.078610
8 72 0.078612
8 73 0.078612
8 74 0.078611
8 75 0.078608
8 76 0.078604
8 77 0.078600
8 78 0.078596
8 79 0.078593
8 80 0.078592
8 81 0.078592
8 82 0.078595
8 83 0.078599
8 84 0.078603
8 85 0.078606
8 86 0.078608
8 87 0.078608
8 88 0.078607
8 89 0.078604
8 90 0.078600
8 91 0.078597
8 92 0.078595
8 93 0.078595
8 94 0.078596
8 95 0.078600
8 96 0.078605
8 97 0.078611
8 98 0.078615
8 99 0.078615

9 0 0.078608
9 1 0.078608
9 2 0.078601
9 3 0.078593
9 4 0.078586
9 5 0.078582
9 6 0.078582
9 7 0.078588
9 8 0.078596
9 9 0.078606
9 10 0.078616
9 11 0.078622
9 12 0.078625
9 13 0.078623
9 14 0.078617
9 15 0.078609
9 16 0.078600
9 17 0.078591
9 18 0.078585
9 19 0.078583
9 20 0.078583
9 21 0.078587
9 22 0.078593
9 23 0.078600
9 24 0.078606
9 25 0.078611
9 26 0.078614
9 27 0.078615
9 28 0.078613
9 29 0.078610
9 30 0.078605
9 31 0.078601
9 32 0.078597
9 33 0.078594
9 34 0.078593
9 35 0.078593
9 36 0.078595
9 37 0.078598
9 38 0.078601
9 39 0.078605
9 40 0.078607
9 41 0.078609
9 42 0.078609
9 43 0.078608
9 44 0.078606
9 45 0.078604
9 46 0.078601
9 47 0.078599
9 48 0.078597
9 49 0.078596
9 50 0.078597
9 51 0.078598
9 52 0.078600
9 53 0.078602
9 54 0.078605
9 55 0.078607
9 56 0.078609
9 57 0.078609
9 58 0.078608
9 59 0.078606
9 60 0.078604
9 61 0.078600
9 62 0.078597
9 63 0.078595
9 64 0.078593
9 65 0.078593
9 66 0.078595
9 67 0.078598
9 68 0.078602
9 69 0.078606
9 70 0.078610
9 71 0.078612
9 72 0.078613
9 73 0.078612
9 74 0.078610
9 75 0.078606
9 76 0.078601
9 77 0.078597
9 78 0.078593
9 79 0.078591
9 80 0.078591
9 81 0.078593
9 82 0.078597
9 83 0.078602
9 84 0.078606
9 85 0.078609
9 86 0.078610
9 87 0.078609
9 88 0.078606
9 89 0.078603
9 90 0.078599
9 91 0.078596
9 92 0.078595
9 93 0.078595
9 94 0.078597
9 95 0.078601
9 96 0.078606
9 97 0.078611
9 98 0.078616
9 99 0.078615

10 0 0.078598
10 1 0.078598
10 2 0.078593
10 3 0.078587
10 4 0.078583
10 5 0.078583
10 6 0.078587
10 7 0.078596
10 8 0.078606
10 9 0.078615
10 10 0.078622
10 11 0.078626
10 12 0.078624
10 13 0.078619
10 14 0.078610
10 15 0.078600
10 16 0.078591
10 17 0.078584
10 18 0.078581
10 19 0.078581
10 20 0.078585
10 21 0.078591
10 22 0.078599
10 23 0.078606
10 24 0.078611
10 25 0.078615
10 26 0.078616
10 27 0.078614
10 28 0.078610
10 29 0.078606
10 30 0.078601
10 31 0.078597
10 32 0.078594
10 33 0.078593
10 34 0.078593
10 35 0.078595
10 36 0.078598
10 37 0.078601
10 38 0.078604
10 39 0.078607
10 40 0.078608
10 41 0.078609
10 42 0.078608
10 43 0.078606
10 44 0.078604
10 45 0.078601
10 46 0.078599
10 47 0.078597
10 48 0.078596
10 49 0.078596
10 50 0.078598
10 51 0.078599
10 52 0.078602
10 53 0.078604
10 54 0.078607
10 55 0.078608
10 56 0.078609
10 57 0.078608
10 58 0.078607
10 59 0.078604
10 60 0.078601
10 61 0.078598
10 62 0.078595
10 63 0.078593
10 64 0.078593
10 65 0.078594
10 66 0.078597
10 67 0.078600
10 68 0.078605
10 69 0.078609
10 70 0.078612
10 71 0.078613
10 72 0.078613
10 73 0.078611
10 74 0.078607
10 75 0.078602
10 76 0.078597
10 77 0.078593
10 78 0.078591
10 79 0.078591
10 80 0.078592
10 81 0.078596
10 82 0.078601
10 83 0.078606
10 84 0.078610
10 85 0.078612
10 86 0.078611
10 87 0.078609
10 88 0.078605
10 89 0.078601
10 90 0.078598
10 91 0.078595
10 92 0.078595
10 93 0.078596
10 94 0.078599
10 95 0.078602
10 96 0.078607
10 97 0.078611
10 98 0.078614
10 99 0.078614

11 0 0.078587
11 1 0.078587
11 2 0.078584
11 3 0.078582
11 4 0.078583
11 5 0.078588
11 6 0.078596
11 7 0.078606
11 8 0.078617
11 9 0.078624
11 10 0.078628
11 11 0.078626
11 12 0.078620
11 13 0.078611
11 14 0.078600
11 15 0.078590
11 16 0.078583
11 17 0.078579
11 18 0.078580
11 19 0.078584
11 20 0.078591
11 21 0.078599
11 22 0.078606
11 23 0.078612
11 24 0.078616
11 25 0.078617
11 26 0.078615
11 27 0.078611
11 28 0.078606
11 29 0.078601
11 30 0.078596
11 31 0.078594
11 32 0.078593
11 33 0.078593
11 34 0.078595
11 35 0.078598
11 36 0.078602
11 37 0.078605
11 38 0.078607
11 39 0.078608
11 40 0.078608
11 41 0.078607
11 42 0.078605
11 43 0.078603
11 44 0.078601
11 45 0.078599
11 46 0.078597
11 47 0.078597
11 48 0.078597
11 49 0.078598
11 50 0.078600
11 51 0.078602
11 52 0.078604
11 53 0.078606
11 54 0.078607
11 55 0.078608
11 56 0.078608
11 57 0.078607
11 58 0.078604
11 59 0.078602
11 60 0.078599
11 61 0.078596
11 62 0.078594
11 63 0.078593
11 64 0.078594
11 65 0.078596
11 66 0.078600
11 67 0.078604
11 68 0.078608
11 69 0.078612
11 70 0.078613
11 71 0.078613
11 72 0.078611
11 73 0.078608
11 74 0.078603
11 75 0.078598
11 76 0.078593
11 77 0.078591
11 78 0.078590
11 79 0.078591
11 80 0.078595
11 81 0.078599
11 82 0.078605
11 83 0.078610
11 84 0.078613
11 85 0.078613
11 86 0.078611
11 87 0.078608
11 88 0.078603
11 89 0.078599
11 90 0.078596
11 91 0.078595
11 92 0.078595
11 93 0.078598
11 94 0.078601
11 95 0.078604
11 96 0.078607
11 97 0.078610
11 98 0.078612
11 99 0.078612

12 0 0.078577
12 1 0.078577
12 2 0.078577
12 3 0.078580
12 4 0.078586
12 5 0.078596
12 6 0.078608
12 7 0.078619
12 8 0.078628
12 9 0.078632
12 10 0.078630
12 11 0.078623
12 12 0.078612
12 13 0.078600
12 14 0.078589
12 15 0.078580
12 16 0.078576
12 17 0.078577
12 18 0.078582
12 19 0.078590
12 20 0.078600
12 21 0.078609
12 22 0.078615
12 23 0.078619
12 24 0.078619
12 25 0.078616
12 26 0.078611
12 27 0.078605
12 28 0.078599
12 29 0.078595
12 30 0.078592
12 31 0.078591
12 32 0.078593
12 33 0.078596
12 34 0.078599
12 35 0.078603
12 36 0.078606
12 37 0.078608
12 38 0.078608
12 39 0.078608
12 40 0.078606
12 41 0.078604
12 42 0.078602
12 43 0.078600
12 44 0.078598
12 45 0.078597
12 46 0.078597
12 47 0.078597
12 48 0.078599
12 49 0.078600
12 50 0.078602
12 51 0.078604
12 52 0.078606
12 53 0.078607
12 54 0.078607
12 55 0.078607
12 56 0.078606
12 57 0.078604
12 58 0.078602
12 59 0.078599
12 60 0.078596
12 61 0.078594
12 62 0.078594
12 63 0.078594
12 64 0.078596
12 65 0.078599
12 66 0.078603
12 67 0.078608
12 68 0.078611
12 69 0.078614
12 70 0.078614
12 71 0.078612
12 72 0.078608
12 73 0.078603
12 74 0.078598
12 75 0.078593
12 76 0.078590
12 77 0.078589
12 78 0.078590
12 79 0.078593
12 80 0.078598
12 81 0.078604
12 82 0.078610
12 83 0.078615
12 84 0.078616
12 85 0.078614
12 86 0.078610
12 87 0.078604
12 88 0.078599
12 89 0.078595
12 90 0.078593
12 91 0.078594
12 92 0.078597
12 93 0.078600
12 94 0.078604
12 95 0.078606
12 96 0.078607
12 97 0.078607
12 98 0.078607
12 99 0.078607

13 0 0.078568
13 1 0.078569
13 2 0.078572
13 3 0.078581
13 4 0.078593
13 5 0.078608
13 6 0.078623
13 7 0.078634
13 8 0.078639
13 9 0.078637
13 10 0.078628
13 11 0.078615
13 12 0.078600
13 13 0.078586
13 14 0.078576
13 15 0.078571
13 16 0.078572
13 17 0.078579
13 18 0.078589
13 19 0.078601
13 20 0.078612
13 21 0.078620
13 22 0.078624
13 23 0.078623
13 24 0.078619
13 25 0.078612
13 26 0.078604
13 27 0.078597
13 28 0.078592
13 29 0.078589
13 30 0.078589
13 31 0.078591
13 32 0.078596
13 33 0.078600
13 34 0.078605
13 35 0.078608
13 36 0.078610
13 37 0.078610
13 38 0.078609
13 39 0.078606
13 40 0.078603
13 41 0.078600
13 42 0.078598
13 43 0.078597
13 44 0.078596
13 45 0.078597
13 46 0.078598
13 47 0.078600
13 48 0.078602
13 49 0.078604
13 50 0.078605
13 51 0.078606
13 52 0.078607
13 53 0.078607
13 54 0.078606
13 55 0.078605
13 56 0.078603
13 57 0.078601
13 58 0.078599
13 59 0.078597
13 60 0.078595
13 61 0.078594
13 62 0.078595
13 63 0.078596
13 64 0.078599
13 65 0.078603
13 66 0.078608
13 67 0.078612
13 68 0.078614
13 69 0.078614
13 70 0.078613
13 71 0.078609
13 72 0.078603
13 73 0.078598
13 74 0.078592
13 75 0.078589
13 76 0.078587
13 77 0.078588
13 78 0.078592
13 79 0.078598
13 80 0.078604
13 81 0.078611
13 82 0.078616
13 83 0.078619
13 84 0.078617
13 85 0.078613
13 86 0.078606
13 87 0.078599
13 88 0.078593
13 89 0.078590
13 90 0.078591
13 91 0.078594
13 92 0.078599
13 93 0.078604
13 94 0.078608
13 95 0.078608
13 96 0.078606
13 97 0.078603
13 98 0.078601
13 99 0.078601

14 0 0.078563
14 1 0.078564
14 2 0.078572
14 3 0.078586
14 4 0.078604
14 5 0.078623
14 6 0.078639
14 7 0.078647
14 8 0.078647
14 9 0.078638
14 10 0.078622
14 11 0.078604
14 12 0.078585
14 13 0.078571
14 14 0.078564
14 15 0.078565
14 16 0.078573
14 17 0.078586
14 18 0.078601
14 19 0.078615
14 20 0.078626
14 21 0.078631
14 22 0.078631
14 23 0.078625
14 24 0.078615
14 25 0.078605
14 26 0.078595
14 27 0.078588
14 28 0.078584
14 29 0.078585
14 30 0.078588
14 31 0.078594
14 32 0.078601
14 33 0.078607
14 34 0.078611
14 35 0.078613
14 36 0.078613
14 37 0.078611
14 38 0.078607
14 39 0.078603
14 40 0.078599
14 41 0.078596
14 42 0.078595
14 43 0.078595
14 44 0.078596
14 45 0.078598
14 46 0.078601
14 47 0.078603
14 48 0.078605
14 49 0.078607
14 50 0.078607
14 51 0.078607
14 52 0.078607
14 53 0.078606
14 54 0.078604
14 55 0.078603
14 56 0.078601
14 57 0.078599
14 58 0.078597
14 59 0.078595
14 60 0.078595
14 61 0.078595
14 62 0.078597
14 63 0.078600
14 64 0.078604
14 65 0.078608
14 66 0.078612
14 67 0.078615
14 68 0.078616
14 69 0.078614
14 70 0.078610
14 71 0.078604
14 72 0.078598
14 73 0.078591
14 74 0.078587
14 75 0.078585
14 76 0.078586
14 77 0.078590
14 78 0.078596
14 79 0.078604
14 80 0.078611
14 81 0.078618
14 82 0.078622
14 83 0.078621
14 84 0.078616
14 85 0.078608
14 86 0.078599
14 87 0.078591
14 88 0.078587
14 89 0.078586
14 90 0.078589
14 91 0.078596
14 92 0.078603
14 93 0.078610
14 94 0.078612
14 95 0.078610
14 96 0.078605
14 97 0.078598
14 98 0.078593
14 99 0.078593

15 0 0.078562
15 1 0.078563
15 2 0.078575
15 3 0.078595
15 4 0.078618
15 5 0.078640
15 6 0.078655
15 7 0.078659
15 8 0.078651
15 9 0.078634
15 10 0.078612
15 11 0.078588
15 12 0.078568
15 13 0.078557
15 14 0.078555
15 15 0.078563
15 16 0.078578
15 17 0.078597
15 18 0.078616
15 19 0.078631
15 20 0.078640
15 21 0.078640
15 22 0.078634
15 23 0.078622
15 24 0.078608
15 25 0.078594
15 26 0.078584
15 27 0.078578
15 28 0.078578
15 29 0.078583
15 30 0.078590
15 31 0.078599
15 32 0.078608
15 33 0.078614
15 34 0.078617
15 35 0.078617
15 36 0.078614
15 37 0.078609
15 38 0.078603
15 39 0.078598
15 40 0.078594
15 41 0.078592
15 42 0.078593
15 43 0.078594
15 44 0.078597
15 45 0.078601
15 46 0.078604
15 47 0.078607
15 48 0.078609
15 49 0.078609
15 50 0.078609
15 51 0.078607
15 52 0.078606
15 53 0.078604
15 54 0.078602
15 55 0.078600
15 56 0.078598
15 57 0.078596
15 58 0.078595
15 59 0.078595
15 60 0.078595
15 61 0.078597
15 62 0.078599
15 63 0.078603
15 64 0.078608
15 65 0.078612
15 66 0.078616
15 67 0.078617
15 68 0.078616
15 69 0.078612
15 70 0.078606
15 71 0.078598
15 72 0.078591
15 73 0.078585
15 74 0.078582
15 75 0.078582
15 76 0.078586
15 77 0.078593
15 78 0.078602
15 79 0.078611
15 80 0.078619
15 81 0.078624
15 82 0.078625
15 83 0.078621
15 84 0.078612
15 85 0.078601
15 86 0.078591
15 87 0.078584
15 88 0.078581
15 89 0.078584
15 90 0.078590
15 91 0.078600
15 92 0.078609
15 93 0.078615
15 94 0.078616
15 95 0.078612
15 96 0.078602
15 97 0.078592
15 98 0.078584
15 99 0.078584

16 0 0.078568
16 1 0.078569
16 2 0.078584
16 3 0.078608
16 4 0.078635
16 5 0.078656
16 6 0.078666
16 7 0.078663
16 8 0.078647
16 9 0.078622
16 10 0.078594
16 11 0.078568
16 12 0.078551
16 13 0.078546
16 14 0.078552
16 15 0.078569
16 16 0.078592
16 17 0.078615
16 18 0.078635
16 19 0.078647
16 20 0.078650
16 21 0.078643
16 22 0.078630
16 23 0.078612
16 24 0.078595
16 25 0.078581
16 26 0.078573
16 27 0.078572
16 28 0.078576
16 29 0.078586
16 30 0.078597
16 31 0.078608
16 32 0.078616
16 33 0.078621
16 34 0.078621
16 35 0.078617
16 36 0.078611
16 37 0.078604
16 38 0.078597
16 39 0.078593
16 40 0.078591
16 41 0.078591
16 42 0.078593
16 43 0.078597
16 44 0.078602
16 45 0.078606
16 46 0.078609
16 47 0.078611
16 48 0.078611
16 49 0.078610
16 50 0.078608
16 51 0.078606
16 52 0.078603
16 53 0.078601
16 54 0.078599
16 55 0.078597
16 56 0.078596
16 57 0.078596
16 58 0.078595
16 59 0.078595
16 60 0.078597
16 61 0.078599
16 62 0.078603
16 63 0.078607
16 64 0.078612
16 65 0.078616
16 66 0.078618
16 67 0.078617
16 68 0.078614
16 69 0.078608
16 70 0.078600
16 71 0.078592
16 72 0.078584
16 73 0.078580
16 74 0.078579
16 75 0.078583
16 76 0.078590
16 77 0.078600
16 78 0.078610
16 79 0.078619
16 80 0.078626
16 81 0.078628
16 82 0.078624
16 83 0.078616
16 84 0.078605
16 85 0.078593
16 86 0.078583
16 87 0.078578
16 88 0.078579
16 89 0.078584
16 90 0.078594
16 91 0.078605
16 92 0.078615
16 93 0.078620
16 94 0.078619
16 95 0.078612
16 96 0.078600
16 97 0.078587
16 98 0.078576
16 99 0.078577

17 0 0.078583
17 1 0.078583
17 2 0.078602
17 3 0.078626
17 4 0.078649
17 5 0.078664
17 6 0.078667
17 7 0.078654
17 8 0.078631
17 9 0.078601
17 10 0.078572
17 11 0.078551
17 12 0.078541
17 13 0.078545
17 14 0.078561
17 15 0.078586
17 16 0.078613
17 17 0.078636
17 18 0.078652
17 19 0.078657
17 20 0.078651
17 21 0.078636
17 22 0.078616
17 23 0.078596
17 24 0.078579
17 25 0.078569
17 26 0.078567
17 27 0.078571
17 28 0.078582
17 29 0.078595
17 30 0.078608
17 31 0.078618
17 32 0.078623
17 33 0.078624
17 34 0.078619
17 35 0.078612
17 36 0.078604
17 37 0.078597
17 38 0.078591
17 39 0.078589
17 40 0.078590
17 41 0.078593
17 42 0.078598
17 43 0.078603
17 44 0.078608
17 45 0.078611
17 46 0.078612
17 47 0.078612
17 48 0.078610
17 49 0.078607
17 50 0.078604
17 51 0.078601
17 52 0.078599
17 53 0.078598
17 54 0.078597
17 55 0.078597
17 56 0.078597
17 57 0.078597
17 58 0.078597
17 59 0.078598
17 60 0.078600
17 61 0.078602
17 62 0.078606
17 63 0.078610
17 64 0.078614
17 65 0.078617
17 66 0.078617
17 67 0.078615
17 68 0.078609
17 69 0.078602
17 70 0.078593
17 71 0.078585
17 72 0.078579
17 73 0.078578
17 74 0.078580
17 75 0.078587
17 76 0.078597
17 77 0.078608
17 78 0.078619
17 79 0.078626
17 80 0.078629
17 81 0.078627
17 82 0.078620
17 83 0.078608
17 84 0.078596
17 85 0.078585
17 86 0.078578
17 87 0.078576
17 88 0.078580
17 89 0.078589
17 90 0.078600
17 91 0.078612
17 92 0.078620
17 93 0.078623
17 94 0.078620
17 95 0.078610
17 96 0.078597
17 97 0.078583
17 98 0.078571
17 99 0.078572

18 0 0.078605
18 1 0.078606
18 2 0.078622
18 3 0.078640
18 4 0.078655
18 5 0.078660
18 6 0.078652
18 7 0.078631
18 8 0.078603
18 9 0.078575
18 10 0.078552
18 11 0.078540
18 12 0.078542
18 13 0.078558
18 14 0.078582
18 15 0.078610
18 16 0.078636
18 17 0.078654
18 18 0.078661
18 19 0.078655
18 20 0.078640
18 21 0.078618
18 22 0.078595
18 23 0.078576
18 24 0.078565
18 25 0.078562
18 26 0.078567
18 27 0.078579
18 28 0.078594
18 29 0.078609
18 30 0.078620
18 31 0.078626
18 32 0.078626
18 33 0.078621
18 34 0.078613
18 35 0.078603
18 36 0.078594
18 37 0.078588
18 38 0.078587
18 39 0.078588
18 40 0.078593
18 41 0.078600
18 42 0.078606
18 43 0.078611
18 44 0.078614
18 45 0.078614
18 46 0.078612
18 47 0.078609
18 48 0.078605
18 49 0.078601
18 50 0.078598
18 51 0.078596
18 52 0.078596
18 53 0.078597
18 54 0.078598
18 55 0.078599
18 56 0.078600
18 57 0.078600
18 58 0.078600
18 59 0.078601
18 60 0.078603
18 61 0.078605
18 62 0.078608
18 63 0.078612
18 64 0.078615
18 65 0.078616
18 66 0.078614
18 67 0.078610
18 68 0.078603
18 69 0.078594
18 70 0.078586
18 71 0.078580
18 72 0.078577
18 73 0.078579
18 74 0.078585
18 75 0.078595
18 76 0.078607
18 77 0.078618
18 78 0.078627
18 79 0.078631
18 80 0.078629
18 81 0.078622
18 82 0.078611
18 83 0.078598
18 84 0.078586
18 85 0.078578
18 86 0.078575
18 87 0.078577
18 88 0.078585
18 89 0.078596
18 90 0.078608
18 91 0.078618
18 92 0.078624
18 93 0.078624
18 94 0.078618
18 95 0.078608
18 96 0.078595
18 97 0.078582
18 98 0.078572
18 99 0.078572

19 0 0.078628
19 1 0.078629
19 2 0.078639
19 3 0.078649
19 4 0.078651
19 5 0.078643
19 6 0.078625
19 7 0.078599
19 8 0.078572
19 9 0.078550
19 10 0.078538
19 11 0.078540
19 12 0.078555
19 13 0.078580
19 14 0.078609
19 15 0.078636
19 16 0.078656
19 17 0.078664
19 18 0.078659
19 19 0.078643
19 20 0.078619
19 21 0.078594
19 22 0.078572
19 23 0.078559
19 24 0.078555
19 25 0.078561
19 26 0.078575
19 27 0.078592
19 28 0.078610
19 29 0.078623
19 30 0.078631
19 31 0.078631
19 32 0.078625
19 33 0.078614
19 34 0.078602
19 35 0.078591
19 36 0.078584
19 37 0.078582
19 38 0.078585
19 39 0.078592
19 40 0.078600
19 41 0.078608
19 42 0.078615
19 43 0.078618
19 44 0.078618
19 45 0.078614
19 46 0.078609
19 47 0.078603
19 48 0.078597
19 49 0.078594
19 50 0.078592
19 51 0.078592
19 52 0.078594
19 53 0.078597
19 54 0.078600
19 55 0.078602
19 56 0.078604
19 57 0.078604
19 58 0.078604
19 59 0.078604
19 60 0.078605
19 61 0.078607
19 62 0.078609
19 63 0.078611
19 64 0.078613
19 65 0.078612
19 66 0.078609
19 67 0.078603
19 68 0.078596
19 69 0.078588
19 70 0.078581
19 71 0.078578
19 72 0.078579
19 73 0.078584
19 74 0.078594
19 75 0.078606
19 76 0.078617
19 77 0.078627
19 78 0.078632
19 79 0.078631
19 80 0.078625
19 81 0.078614
19 82 0.078601
19 83 0.078588
19 84 0.078579
19 85 0.078574
19 86 0.078575
19 87 0.078582
19 88 0.078593
19 89 0.078605
19 90 0.078616
19 91 0.078623
19 92 0.078625
19 93 0.078622
19 94 0.078615
19 95 0.078605
19 96 0.078594
19 97 0.078585
19 98 0.078578
19 99 0.078578

20 0 0.078647
20 1 0.078648
20 2 0.078650
20 3 0.078648
20 4 0.078638
20 5 0.078618
20 6 0.078592
20 7 0.078564
20 8 0.078542
20 9 0.078531
20 10 0.078534
20 11 0.078550
20 12 0.078576
20 13 0.078607
20 14 0.078637
20 15 0.078659
20 16 0.078668
20 17 0.078664
20 18 0.078647
20 19 0.078622
20 20 0.078594
20 21 0.078569
20 22 0.078552
20 23 0.078547
20 24 0.078552
20 25 0.078568
20 26 0.078588
20 27 0.078609
20 28 0.078626
20 29 0.078636
20 30 0.078638
20 31 0.078631
20 32 0.078618
20 33 0.078604
20 34 0.078590
20 35 0.078580
20 36 0.078577
20 37 0.078580
20 38 0.078587
20 39 0.078598
20 40 0.078609
20 41 0.078617
20 42 0.078622
20 43 0.078622
20 44 0.078618
20 45 0.078611
20 46 0.078602
20 47 0.078595
20 48 0.078589
20 49 0.078587
20 50 0.078588
20 51 0.078591
20 52 0.078596
20 53 0.078601
20 54 0.078605
20 55 0.078607
20 56 0.078608
20 57 0.078608
20 58 0.078606
20 59 0.078606
20 60 0.078605
20 61 0.078606
20 62 0.078608
20 63 0.078609
20 64 0.078609
20 65 0.078608
20 66 0.078603
20 67 0.078597
20 68 0.078590
20 69 0.078584
20 70 0.078580
20 71 0.078579
20 72 0.078584
20 73 0.078592
20 74 0.078603
20 75 0.078616
20 76 0.078626
20 77 0.078632
20 78 0.078633
20 79 0.078627
20 80 0.078617
20 81 0.078604
20 82 0.078590
20 83 0.078579
20 84 0.078573
20 85 0.078573
20 86 0.078579
20 87 0.078590
20 88 0.078602
20 89 0.078614
20 90 0.078622
20 91 0.078625
20 92 0.078624
20 93 0.078618
20 94 0.078610
20 95 0.078602
20 96 0.078595
20 97 0.078590
20 98 0.078587
20 99 0.078587

21 0 0.078659
21 1 0.078659
21 2 0.078653
21 3 0.078640
21 4 0.078618
21 5 0.078589
21 6 0.078559
21 7 0.078535
21 8 0.078522
21 9 0.078523
21 10 0.078539
21 11 0.078567
21 12 0.078601
21 13 0.078635
21 14 0.078660
21 15 0.078673
21 16 0.078671
21 17 0.078655
21 18 0.078628
21 19 0.078597
21 20 0.078568
21 21 0.078548
21 22 0.078539
21 23 0.078543
21 24 0.078558
21 25 0.078581
21 26 0.078606
21 27 0.078627
21 28 0.078640
21 29 0.078644
21 30 0.078638
21 31 0.078625
21 32 0.078608
21 33 0.078591
21 34 0.078579
21 35 0.078572
21 36 0.078574
21 37 0.078582
21 38 0.078594
21 39 0.078607
21 40 0.078618
21 41 0.078625
21 42 0.078626
21 43 0.078622
21 44 0.078614
21 45 0.078604
21 46 0.078594
21 47 0.078586
21 48 0.078582
21 49 0.078583
21 50 0.078587
21 51 0.078593
21 52 0.078600
21 53 0.078606
21 54 0.078610
21 55 0.078612
21 56 0.078612
21 57 0.078609
21 58 0.078607
21 59 0.078605
21 60 0.078604
21 61 0.078604
21 62 0.078605
21 63 0.078606
21 64 0.078605
21 65 0.078603
21 66 0.078598
21 67 0.078593
21 68 0.078587
21 69 0.078582
21 70 0.078581
21 71 0.078584
21 72 0.078591
21 73 0.078601
21 74 0.078613
21 75 0.078624
21 76 0.078632
21 77 0.078634
21 78 0.078630
21 79 0.078620
21 80 0.078607
21 81 0.078593
21 82 0.078580
21 83 0.078573
21 84 0.078571
21 85 0.078576
21 86 0.078586
21 87 0.078599
21 88 0.078612
21 89 0.078621
21 90 0.078626
21 91 0.078625
21 92 0.078619
21 93 0.078612
21 94 0.078604
21 95 0.078599
21 96 0.078597
21 97 0.078597
21 98 0.078599
21 99 0.078599

22 0 0.078662
22 1 0.078663
22 2 0.078650
22 3 0.078627
22 4 0.078596
22 5 0.078561
22 6 0.078531
22 7 0.078513
22 8 0.078510
22 9 0.078524
22 10 0.078553
22 11 0.078590
22 12 0.078627
22 13 0.078659
22 14 0.078677
22 15 0.078679
22 16 0.078664
22 17 0.078638
22 18 0.078605
22 19 0.078572
22 20 0.078547
22 21 0.078534
22 22 0.078535
22 23 0.078549
22 24 0.078572
22 25 0.078599
22 26 0.078624
22 27 0.078642
22 28 0.078649
22 29 0.078645
22 30 0.078633
22 31 0.078614
22 32 0.078595
22 33 0.078579
22 34 0.078570
22 35 0.078569
22 36 0.078576
22 37 0.078589
22 38 0.078603
22 39 0.078617
22 40 0.078626
22 41 0.078629
22 42 0.078626
22 43 0.078617
22 44 0.078606
22 45 0.078594
22 46 0.078585
22 47 0.078579
22 48 0.078579
22 49 0.078583
22 50 0.078590
22 51 0.078599
22 52 0.078607
22 53 0.078613
22 54 0.078616
22 55 0.078616
22 56 0.078613
22 57 0.078609
22 58 0.078605
22 59 0.078602
22 60 0.078601
22 61 0.078601
22 62 0.078602
22 63 0.078602
22 64 0.078602
22 65 0.078599
22 66 0.078595
22 67 0.078590
22 68 0.078586
22 69 0.078584
22 70 0.078585
22 71 0.078590
22 72 0.078599
22 73 0.078610
22 74 0.078621
22 75 0.078630
22 76 0.078633
22 77 0.078631
22 78 0.078623
22 79 0.078610
22 80 0.078595
22 81 0.078582
22 82 0.078573
22 83 0.078570
22 84 0.078573
22 85 0.078583
22 86 0.078596
22 87 0.078610
22 88 0.078621
22 89 0.078627
22 90 0.078626
22 91 0.078621
22 92 0.078612
22 93 0.078603
22 94 0.078597
22 95 0.078596
22 96 0.078599
22 97 0.078606
22 98 0.078612
22 99 0.078612

23 0 0.078659
23 1 0.078659
23 2 0.078641
23 3 0.078611
23 4 0.078574
23 5 0.078538
23 6 0.078512
23 7 0.078501
23 8 0.078510
23 9 0.078536
23 10 0.078573
23 11 0.078615
23 12 0.078652
23 13 0.078677
23 14 0.078685
23 15 0.078675
23 16 0.078649
23 17 0.078614
23 18 0.078579
23 19 0.078550
23 20 0.078533
23 21 0.078530
23 22 0.078542
23 23 0.078565
23 24 0.078593
23 25 0.078621
23 26 0.078642
23 27 0.078652
23 28 0.078651
23 29 0.078639
23 30 0.078620
23 31 0.078599
23 32 0.078581
23 33 0.078569
23 34 0.078566
23 35 0.078572
23 36 0.078584
23 37 0.078600
23 38 0.078615
23 39 0.078626
23 40 0.078631
23 41 0.078628
23 42 0.078620
23 43 0.078608
23 44 0.078595
23 45 0.078584
23 46 0.078577
23 47 0.078576
23 48 0.078580
23 49 0.078588
23 50 0.078598
23 51 0.078608
23 52 0.078615
23 53 0.078619
23 54 0.078620
23 55 0.078616
23 56 0.078611
23 57 0.078605
23 58 0.078600
23 59 0.078597
23 60 0.078596
23 61 0.078597
23 62 0.078599
23 63 0.078600
23 64 0.078599
23 65 0.078597
23 66 0.078594
23 67 0.078590
23 68 0.078587
23 69 0.078587
23 70 0.078591
23 71 0.078598
23 72 0.078608
23 73 0.078618
23 74 0.078627
23 75 0.078632
23 76 0.078631
23 77 0.078624
23 78 0.078612
23 79 0.078598
23 80 0.078584
23 81 0.078573
23 82 0.078568
23 83 0.078570
23 84 0.078579
23 85 0.078593
23 86 0.078607
23 87 0.078620
23 88 0.078628
23 89 0.078629
23 90 0.078623
23 91 0.078613
23 92 0.078602
23 93 0.078593
23 94 0.078590
23 95 0.078593
23 96 0.078602
23 97 0.078613
23 98 0.078623
23 99 0.078623

24 0 0.078644
24 1 0.078644
24 2 0.078624
24 3 0.078591
24 4 0.078555
24 5 0.078524
24 6 0.078506
24 7 0.078507
24 8 0.078526
24 9 0.078560
24 10 0.078601
24 11 0.078641
24 12 0.078670
24 13 0.078684
24 14 0.078680
24 15 0.078658
24 16 0.078624
24 17 0.078587
24 18 0.078555
24 19 0.078535
24 20 0.078529
24 21 0.078538
24 22 0.078559
24 23 0.078588
24 24 0.078617
24 25 0.078641
24 26 0.078654
24 27 0.078655
24 28 0.078644
24 29 0.078625
24 30 0.078602
24 31 0.078582
24 32 0.078568
24 33 0.078563
24 34 0.078568
24 35 0.078580
24 36 0.078597
24 37 0.078614
24 38 0.078626
24 39 0.078632
24 40 0.078631
24 41 0.078622
24 42 0.078609
24 43 0.078595
24 44 0.078583
24 45 0.078575
24 46 0.078573
24 47 0.078577
24 48 0.078586
24 49 0.078597
24 50 0.078609
24 51 0.078618
24 52 0.078623
24 53 0.078624
24 54 0.078620
24 55 0.078614
24 56 0.078606
24 57 0.078599
24 58 0.078594
24 59 0.078592
24 60 0.078592
24 61 0.078595
24 62 0.078597
24 63 0.078599
24 64 0.078599
24 65 0.078597
24 66 0.078594
24 67 0.078592
24 68 0.078591
24 69 0.078593
24 70 0.078598
24 71 0.078606
24 72 0.078615
24 73 0.078624
24 74 0.078629
24 75 0.078630
24 76 0.078624
24 77 0.078614
24 78 0.078600
24 79 0.078585
24 80 0.078573
24 81 0.078567
24 82 0.078567
24 83 0.078575
24 84 0.078588
24 85 0.078604
24 86 0.078619
24 87 0.078629
24 88 0.078632
24 89 0.078628
24 90 0.078617
24 91 0.078604
24 92 0.078591
24 93 0.078583
24 94 0.078583
24 95 0.078591
24 96 0.078605
24 97 0.078619
24 98 0.078631
24 99 0.078631

25 0 0.078622
25 1 0.078622
25 2 0.078603
25 3 0.078574
25 4 0.078545
25 5 0.078523
25 6 0.078517
25 7 0.078528
25 8 0.078555
25 9 0.078591
25 10 0.078629
25 11 0.078660
25 12 0.078678
25 13 0.078678
25 14 0.078661
25 15 0.078632
25 16 0.078595
25 17 0.078561
25 18 0.078538
25 19 0.078529
25 20 0.078536
25 21 0.078556
25 22 0.078585
25 23 0.078616
25 24 0.078641
25 25 0.078657
25 26 0.078659
25 27 0.078649
25 28 0.078629
25 29 0.078605
25 30 0.078582
25 31 0.078566
25 32 0.078559
25 33 0.078563
25 34 0.078576
25 35 0.078594
25 36 0.078613
25 37 0.078628
25 38 0.078635
25 39 0.078634
25 40 0.078625
25 41 0.078611
25 42 0.078595
25 43 0.078581
25 44 0.078572
25 45 0.078569
25 46 0.078574
25 47 0.078584
25 48 0.078597
25 49 0.078611
25 50 0.078622
25 51 0.078628
25 52 0.078629
25 53 0.078625
25 54 0.078617
25 55 0.078607
25 56 0.078597
25 57 0.078590
25 58 0.078587
25 59 0.078587
25 60 0.078590
25 61 0.078594
25 62 0.078598
25 63 0.078601
25 64 0.078601
25 65 0.078600
25 66 0.078597
25 67 0.078595
25 68 0.078595
25 69 0.078598
25 70 0.078604
25 71 0.078612
25 72 0.078620
25 73 0.078626
25 74 0.078628
25 75 0.078624
25 76 0.078615
25 77 0.078602
25 78 0.078587
25 79 0.078574
25 80 0.078566
25 81 0.078565
25 82 0.078571
25 83 0.078583
25 84 0.078600
25 85 0.078616
25 86 0.078629
25 87 0.078635
25 88 0.078633
25 89 0.078623
25 90 0.078609
25 91 0.078593
25 92 0.078581
25 93 0.078575
25 94 0.078579
25 95 0.078590
25 96 0.078607
25 97 0.078623
25 98 0.078635
25 99 0.078635

26 0 0.078601
26 1 0.078600
26 2 0.078585
26 3 0.078564
26 4 0.078545
26 5 0.078536
26 6 0.078541
26 7 0.078561
26 8 0.078590
26 9 0.078624
26 10 0.078652
26 11 0.078670
26 12 0.078673
26 13 0.078659
26 14 0.078633
26 15 0.078600
26 16 0.078566
26 17 0.078541
26 18 0.078530
26 19 0.078535
26 20 0.078554
26 21 0.078582
26 22 0.078614
26 23 0.078642
26 24 0.078659
26 25 0.078664
26 26 0.078655
26 27 0.078635
26 28 0.078609
26 29 0.078583
26 30 0.078564
26 31 0.078555
26 32 0.078557
26 33 0.078570
26 34 0.078589
26 35 0.078611
26 36 0.078628
26 37 0.078639
26 38 0.078639
26 39 0.078631
26 40 0.078615
26 41 0.078597
26 42 0.078580
26 43 0.078568
26 44 0.078565
26 45 0.078569
26 46 0.078580
26 47 0.078595
26 48 0.078611
26 49 0.078625
26 50 0.078633
26 51 0.078635
26 52 0.078631
26 53 0.078621
26 54 0.078609
26 55 0.078597
26 56 0.078588
26 57 0.078582
26 58 0.078581
26 59 0.078584
26 60 0.078590
26 61 0.078596
26 62 0.078601
26 63 0.078604
26 64 0.078605
26 65 0.078603
26 66 0.078601
26 67 0.078599
26 68 0.078600
26 69 0.078603
26 70 0.078609
26 71 0.078616
26 72 0.078622
26 73 0.078625
26 74 0.078623
26 75 0.078615
26 76 0.078604
26 77 0.078590
26 78 0.078577
26 79 0.078568
26 80 0.078564
26 81 0.078568
26 82 0.078579
26 83 0.078594
26 84 0.078612
26 85 0.078626
26 86 0.078635
26 87 0.078637
26 88 0.078629
26 89 0.078616
26 90 0.078599
26 91 0.078583
26 92 0.078573
26 93 0.078571
26 94 0.078577
26 95 0.078591
26 96 0.078608
26 97 0.078587
26 98 0.078578
26 99 0.078579

27 0 0.078619
27 1 0.078620
27 2 0.078628
27 3 0.078638
27 4 0.078644
27 5 0.078641
27 6 0.078628
27 7 0.078606
27 8 0.078580
27 9 0.078557
27 10 0.078541
27 11 0.078538
27 12 0.078548
27 13 0.078570
27 14 0.078599
27 15 0.078630
27 16 0.078655
27 17 0.078670
27 18 0.078669
27 19 0.078654
27 20 0.078627
27 21 0.078595
27 22 0.078566
27 23 0.078546
27 24 0.078538
27 25 0.078545
27 26 0.078563
27 27 0.078589
27 28 0.078616
27 29 0.078638
27 30 0.078650
27 31 0.078651
27 32 0.078639
27 33 0.078620
27 34 0.078598
27 35 0.078578
27 36 0.078564
27 37 0.078561
27 38 0.078567
27 39 0.078582
27 40 0.078601
27 41 0.078620
27 42 0.078635
27 43 0.078642
27 44 0.078640
27 45 0.078630
27 46 0.078615
27 47 0.078597
27 48 0.078581
27 49 0.078570
27 50 0.078566
27 51 0.078568
27 52 0.078577
27 53 0.078589
27 54 0.078603
27 55 0.078615
27 56 0.078622
27 57 0.078626
27 58 0.078624
27 59 0.078619
27 60 0.078612
27 61 0.078605
27 62 0.078600
27 63 0.078597
27 64 0.078597
27 65 0.078598
27 66 0.078600
27 67 0.078600
27 68 0.078599
27 69 0.078595
27 70 0.078590
27 71 0.078585
27 72 0.078583
27 73 0.078583
27 74 0.078589
27 75 0.078598
27 76 0.078610
27 77 0.078622
27 78 0.078631
27 79 0.078636
27 80 0.078635
27 81 0.078626
27 82 0.078613
27 83 0.078597
27 84 0.078582
27 85 0.078572
27 86 0.078568
27 87 0.078571
27 88 0.078582
27 89 0.078596
27 90 0.078612
27 91 0.078625
27 92 0.078633
27 93 0.078633
27 94 0.078626
27 95 0.078614
27 96 0.078600
27 97 0.078587
27 98 0.078581
27 99 0.078581

28 0 0.078629
28 1 0.078629
28 2 0.078633
28 3 0.078635
28 4 0.078630
28 5 0.078617
28 6 0.078598
28 7 0.078575
28 8 0.078554
28 9 0.078540
28 10 0.078537
28 11 0.078547
28 12 0.078567
28 13 0.078595
28 14 0.078626
28 15 0.078652
28 16 0.078670
28 17 0.078673
28 18 0.078660
28 19 0.078634
28 20 0.078600
28 21 0.078567
28 22 0.078543
28 23 0.078532
28 24 0.078536
28 25 0.078554
28 26 0.078582
28 27 0.078612
28 28 0.078638
28 29 0.078655
28 30 0.078659
28 31 0.078649
28 32 0.078629
28 33 0.078604
28 34 0.078580
28 35 0.078562
28 36 0.078555
28 37 0.078559
28 38 0.078574
28 39 0.078594
28 40 0.078617
28 41 0.078635
28 42 0.078645
28 43 0.078646
28 44 0.078637
28 45 0.078621
28 46 0.078601
28 47 0.078581
28 48 0.078567
28 49 0.078560
28 50 0.078562
28 51 0.078570
28 52 0.078585
28 53 0.078601
28 54 0.078615
28 55 0.078626
28 56 0.078631
28 57 0.078630
28 58 0.078624
28 59 0.078616
28 60 0.078606
28 61 0.078599
28 62 0.078594
28 63 0.078592
28 64 0.078593
28 65 0.078595
28 66 0.078597
28 67 0.078598
28 68 0.078596
28 69 0.078593
28 70 0.078589
28 71 0.078587
28 72 0.078586
28 73 0.078590
28 74 0.078598
28 75 0.078608
28 76 0.078620
28 77 0.078630
28 78 0.078635
28 79 0.078635
28 80 0.078628
28 81 0.078615
28 82 0.078599
28 83 0.078584
28 84 0.078571
28 85 0.078565
28 86 0.078567
28 87 0.078576
28 88 0.078591
28 89 0.078607
28 90 0.078622
28 91 0.078632
28 92 0.078635
28 93 0.078631
28 94 0.078622
28 95 0.078610
28 96 0.078598
28 97 0.078588
28 98 0.078584
28 99 0.078584

29 0 0.078637
29 1 0.078637
29 2 0.078635
29 3 0.078628
29 4 0.078613
29 5 0.078593
29 6 0.078570
29 7 0.078549
29 8 0.078535
29 9 0.078532
29 10 0.078542
29 11 0.078562
29 12 0.078590
29 13 0.078621
29 14 0.078648
29 15 0.078668
29 16 0.078675
29 17 0.078666
29 18 0.078642
29 19 0.078608
29 20 0.078572
29 21 0.078543
29 22 0.078528
29 23 0.078529
29 24 0.078545
29 25 0.078573
29 26 0.078606
29 27 0.078636
29 28 0.078657
29 29 0.078664
29 30 0.078658
29 31 0.078639
29 32 0.078613
29 33 0.078585
29 34 0.078563
29 35 0.078552
29 36 0.078553
29 37 0.078565
29 38 0.078586
29 39 0.078610
29 40 0.078632
29 41 0.078647
29 42 0.078650
29 43 0.078643
29 44 0.078627
29 45 0.078606
29 46 0.078584
29 47 0.078566
29 48 0.078557
29 49 0.078556
29 50 0.078565
29 51 0.078580
29 52 0.078598
29 53 0.078615
29 54 0.078628
29 55 0.078635
29 56 0.078635
29 57 0.078629
29 58 0.078620
29 59 0.078608
29 60 0.078598
29 61 0.078590
29 62 0.078587
29 63 0.078587
29 64 0.078590
29 65 0.078593
29 66 0.078596
29 67 0.078596
29 68 0.078595
29 69 0.078593
29 70 0.078591
29 71 0.078590
29 72 0.078593
29 73 0.078599
29 74 0.078608
29 75 0.078619
29 76 0.078628
29 77 0.078634
29 78 0.078634
29 79 0.078628
29 80 0.078616
29 81 0.078600
29 82 0.078583
29 83 0.078570
29 84 0.078563
29 85 0.078563
29 86 0.078572
29 87 0.078586
29 88 0.078604
29 89 0.078620
29 90 0.078631
29 91 0.078636
29 92 0.078633
29 93 0.078626
29 94 0.078615
29 95 0.078604
29 96 0.078595
29 97 0.078590
29 98 0.078589
29 99 0.078589

30 0 0.078642
30 1 0.078642
30 2 0.078634
30 3 0.078618
30 4 0.078595
30 5 0.078568
30 6 0.078544
30 7 0.078528
30 8 0.078524
30 9 0.078533
30 10 0.078554
30 11 0.078583
30 12 0.078615
30 13 0.078645
30 14 0.078667
30 15 0.078676
30 16 0.078671
30 17 0.078649
30 18 0.078616
30 19 0.078578
30 20 0.078546
30 21 0.078526
30 22 0.078524
30 23 0.078538
30 24 0.078566
30 25 0.078599
30 26 0.078632
30 27 0.078657
30 28 0.078668
30 29 0.078664
30 30 0.078647
30 31 0.078620
30 32 0.078591
30 33 0.078565
30 34 0.078550
30 35 0.078547
30 36 0.078557
30 37 0.078578
30 38 0.078604
30 39 0.078628
30 40 0.078646
30 41 0.078653
30 42 0.078649
30 43 0.078633
30 44 0.078611
30 45 0.078588
30 46 0.078567
30 47 0.078554
30 48 0.078552
30 49 0.078559
30 50 0.078575
30 51 0.078595
30 52 0.078615
30 53 0.078631
30 54 0.078640
30 55 0.078641
30 56 0.078635
30 57 0.078623
30 58 0.078610
30 59 0.078597
30 60 0.078588
30 61 0.078582
30 62 0.078582
30 63 0.078584
30 64 0.078589
30 65 0.078594
30 66 0.078597
30 67 0.078597
30 68 0.078596
30 69 0.078594
30 70 0.078593
30 71 0.078595
30 72 0.078600
30 73 0.078608
30 74 0.078618
30 75 0.078627
30 76 0.078633
30 77 0.078634
30 78 0.078628
30 79 0.078616
30 80 0.078600
30 81 0.078582
30 82 0.078567
30 83 0.078558
30 84 0.078558
30 85 0.078566
30 86 0.078581
30 87 0.078600
30 88 0.078618
30 89 0.078632
30 90 0.078638
30 91 0.078636
30 92 0.078627
30 93 0.078615
30 94 0.078603
30 95 0.078595
30 96 0.078592
30 97 0.078593
30 98 0.078596
30 99 0.078596

31 0 0.078644
31 1 0.078644
31 2 0.078631
31 3 0.078606
31 4 0.078576
31 5 0.078546
31 6 0.078524
31 7 0.078515
31 8 0.078522
31 9 0.078543
31 10 0.078574
31 11 0.078610
31 12 0.078642
31 13 0.078666
31 14 0.078678
31 15 0.078675
31 16 0.078656
31 17 0.078624
31 18 0.078585
31 19 0.078550
31 20 0.078526
31 21 0.078521
31 22 0.078533
31 23 0.078560
31 24 0.078595
31 25 0.078630
31 26 0.078657
31 27 0.078671
31 28 0.078670
31 29 0.078653
31 30 0.078626
31 31 0.078594
31 32 0.078566
31 33 0.078548
31 34 0.078542
31 35 0.078551
31 36 0.078572
31 37 0.078598
31 38 0.078625
31 39 0.078646
31 40 0.078656
31 41 0.078653
31 42 0.078638
31 43 0.078616
31 44 0.078590
31 45 0.078568
31 46 0.078552
31 47 0.078548
31 48 0.078555
31 49 0.078571
31 50 0.078593
31 51 0.078616
31 52 0.078634
31 53 0.078645
31 54 0.078646
31 55 0.078639
31 56 0.078626
31 57 0.078611
31 58 0.078596
31 59 0.078584
31 60 0.078578
31 61 0.078576
31 62 0.078580
31 63 0.078586
31 64 0.078593
31 65 0.078598
31 66 0.078600
31 67 0.078600
31 68 0.078598
31 69 0.078597
31 70 0.078597
31 71 0.078601
31 72 0.078607
31 73 0.078616
31 74 0.078625
31 75 0.078632
31 76 0.078634
31 77 0.078629
31 78 0.078617
31 79 0.078601
31 80 0.078582
31 81 0.078565
31 82 0.078554
31 83 0.078552
31 84 0.078560
31 85 0.078576
31 86 0.078597
31 87 0.078618
31 88 0.078633
31 89 0.078641
31 90 0.078639
31 91 0.078629
31 92 0.078615
31 93 0.078600
31 94 0.078590
31 95 0.078587
31 96 0.078591
31 97 0.078599
31 98 0.078606
31 99 0.078606

32 0 0.078641
32 1 0.078641
32 2 0.078623
32 3 0.078592
32 4 0.078557
32 5 0.078527
32 6 0.078511
32 7 0.078513
32 8 0.078533
32 9 0.078565
32 10 0.078604
32 11 0.078641
32 12 0.078669
32 13 0.078683
32 14 0.078681
32 15 0.078663
32 16 0.078631
32 17 0.078592
32 18 0.078554
32 19 0.078527
32 20 0.078518
32 21 0.078528
32 22 0.078554
32 23 0.078590
32 24 0.078628
32 25 0.078658
32 26 0.078675
32 27 0.078675
32 28 0.078660
32 29 0.078632
32 30 0.078598
32 31 0.078567
32 32 0.078544
32 33 0.078537
32 34 0.078544
32 35 0.078565
32 36 0.078594
32 37 0.078623
32 38 0.078647
32 39 0.078659
32 40 0.078658
32 41 0.078643
32 42 0.078620
32 43 0.078592
32 44 0.078567
32 45 0.078550
32 46 0.078544
32 47 0.078551
32 48 0.078568
32 49 0.078592
32 50 0.078617
32 51 0.078638
32 52 0.078651
32 53 0.078653
32 54 0.078645
32 55 0.078630
32 56 0.078611
32 57 0.078593
32 58 0.078580
32 59 0.078572
32 60 0.078571
32 61 0.078576
32 62 0.078584
32 63 0.078593
32 64 0.078600
32 65 0.078604
32 66 0.078605
32 67 0.078603
32 68 0.078601
32 69 0.078600
32 70 0.078601
32 71 0.078606
32 72 0.078614
32 73 0.078623
32 74 0.078630
32 75 0.078632
32 76 0.078629
32 77 0.078618
32 78 0.078602
32 79 0.078583
32 80 0.078565
32 81 0.078552
32 82 0.078549
32 83 0.078556
32 84 0.078572
32 85 0.078594
32 86 0.078617
32 87 0.078635
32 88 0.078644
32 89 0.078643
32 90 0.078632
32 91 0.078615
32 92 0.078597
32 93 0.078584
32 94 0.078578
32 95 0.078582
32 96 0.078593
32 97 0.078608
32 98 0.078618
32 99 0.078618

33 0 0.078632
33 1 0.078631
33 2 0.078611
33 3 0.078577
33 4 0.078542
33 5 0.078517
33 6 0.078511
33 7 0.078525
33 8 0.078557
33 9 0.078598
33 10 0.078640
33 11 0.078673
33 12 0.078691
33 13 0.078690
33 14 0.078672
33 15 0.078639
33 16 0.078598
33 17 0.078558
33 18 0.078528
33 19 0.078515
33 20 0.078522
33 21 0.078547
33 22 0.078585
33 23 0.078625
33 24 0.078659
33 25 0.078679
33 26 0.078682
33 27 0.078668
33 28 0.078639
33 29 0.078603
33 30 0.078568
33 31 0.078542
33 32 0.078530
33 33 0.078536
33 34 0.078556
33 35 0.078587
33 36 0.078620
33 37 0.078647
33 38 0.078663
33 39 0.078664
33 40 0.078650
33 41 0.078626
33 42 0.078596
33 43 0.078568
33 44 0.078548
33 45 0.078539
33 46 0.078545
33 47 0.078563
33 48 0.078588
33 49 0.078617
33 50 0.078641
33 51 0.078656
33 52 0.078660
33 53 0.078652
33 54 0.078635
33 55 0.078613
33 56 0.078592
33 57 0.078575
33 58 0.078566
33 59 0.078565
33 60 0.078571
33 61 0.078581
33 62 0.078593
33 63 0.078603
33 64 0.078609
33 65 0.078611
33 66 0.078609
33 67 0.078606
33 68 0.078603
33 69 0.078602
33 70 0.078605
33 71 0.078611
33 72 0.078618
33 73 0.078625
33 74 0.078629
33 75 0.078627
33 76 0.078619
33 77 0.078604
33 78 0.078586
33 79 0.078567
33 80 0.078553
33 81 0.078548
33 82 0.078554
33 83 0.078570
33 84 0.078592
33 85 0.078617
33 86 0.078637
33 87 0.078647
33 88 0.078647
33 89 0.078635
33 90 0.078617
33 91 0.078595
33 92 0.078578
33 93 0.078568
33 94 0.078569
33 95 0.078581
33 96 0.078599
33 97 0.078618
33 98 0.078630
33 99 0.078629

34 0 0.078617
34 1 0.078614
34 2 0.078594
34 3 0.078563
34 4 0.078534
34 5 0.078520
34 6 0.078527
34 7 0.078553
34 8 0.078594
34 9 0.078638
34 10 0.078676
34 11 0.078698
34 12 0.078701
34 13 0.078683
34 14 0.078649
34 15 0.078605
34 16 0.078561
34 17 0.078527
34 18 0.078510
34 19 0.078514
34 20 0.078538
34 21 0.078576
34 22 0.078619
34 23 0.078658
34 24 0.078684
34 25 0.078690
34 26 0.078678
34 27 0.078649
34 28 0.078611
34 29 0.078572
34 30 0.078542
34 31 0.078525
34 32 0.078527
34 33 0.078546
34 34 0.078577
34 35 0.078613
34 36 0.078645
34 37 0.078665
34 38 0.078670
34 39 0.078658
34 40 0.078634
34 41 0.078602
34 42 0.078571
34 43 0.078547
34 44 0.078536
34 45 0.078539
34 46 0.078556
34 47 0.078583
34 48 0.078614
34 49 0.078641
34 50 0.078660
34 51 0.078665
34 52 0.078658
34 53 0.078640
34 54 0.078616
34 55 0.078592
34 56 0.078572
34 57 0.078561
34 58 0.078559
34 59 0.078566
34 60 0.078578
34 61 0.078592
34 62 0.078605
34 63 0.078614
34 64 0.078617
34 65 0.078616
34 66 0.078612
34 67 0.078606
34 68 0.078603
34 69 0.078603
34 70 0.078607
34 71 0.078613
34 72 0.078620
34 73 0.078624
34 74 0.078624
34 75 0.078618
34 76 0.078606
34 77 0.078589
34 78 0.078572
34 79 0.078557
34 80 0.078551
34 81 0.078555
34 82 0.078569
34 83 0.078592
34 84 0.078617
34 85 0.078638
34 86 0.078651
34 87 0.078652
34 88 0.078641
34 89 0.078620
34 90 0.078596
34 91 0.078574
34 92 0.078560
34 93 0.078558
34 94 0.078566
34 95 0.078583
34 96 0.078605
34 97 0.078626
34 98 0.078639
34 99 0.078637

35 0 0.078596
35 1 0.078593
35 2 0.078576
35 3 0.078553
35 4 0.078538
35 5 0.078538
35 6 0.078558
35 7 0.078593
35 8 0.078636
35 9 0.078675
35 10 0.078702
35 11 0.078709
35 12 0.078694
35 13 0.078660
35 14 0.078615
35 15 0.078567
35 16 0.078528
35 17 0.078506
35 18 0.078506
35 19 0.078527
35 20 0.078565
35 21 0.078610
35 22 0.078653
35 23 0.078684
35 24 0.078697
35 25 0.078688
35 26 0.078661
35 27 0.078622
35 28 0.078580
35 29 0.078544
35 30 0.078523
35 31 0.078520
35 32 0.078536
35 33 0.078566
35 34 0.078604
35 35 0.078639
35 36 0.078665
35 37 0.078674
35 38 0.078666
35 39 0.078643
35 40 0.078611
35 41 0.078577
35 42 0.078550
35 43 0.078535
35 44 0.078535
35 45 0.078550
35 46 0.078577
35 47 0.078609
35 48 0.078639
35 49 0.078660
35 50 0.078669
35 51 0.078663
35 52 0.078644
35 53 0.078619
35 54 0.078592
35 55 0.078570
35 56 0.078557
35 57 0.078554
35 58 0.078561
35 59 0.078575
35 60 0.078592
35 61 0.078607
35 62 0.078619
35 63 0.078624
35 64 0.078623
35 65 0.078618
35 66 0.078611
35 67 0.078605
35 68 0.078602
35 69 0.078603
35 70 0.078607
35 71 0.078613
35 72 0.078618
35 73 0.078620
35 74 0.078616
35 75 0.078606
35 76 0.078592
35 77 0.078576
35 78 0.078562
35 79 0.078555
35 80 0.078558
35 81 0.078570
35 82 0.078592
35 83 0.078617
35 84 0.078640
35 85 0.078655
35 86 0.078658
35 87 0.078648
35 88 0.078627
35 89 0.078601
35 90 0.078575
35 91 0.078557
35 92 0.078549
35 93 0.078554
35 94 0.078568
35 95 0.078589
35 96 0.078611
35 97 0.078630
35 98 0.078641
35 99 0.078639

36 0 0.078575
36 1 0.078572
36 2 0.078561
36 3 0.078551
36 4 0.078551
36 5 0.078567
36 6 0.078598
36 7 0.078637
36 8 0.078675
36 9 0.078703
36 10 0.078713
36 11 0.078701
36 12 0.078669
36 13 0.078624
36 14 0.078575
36 15 0.078532
36 16 0.078505
36 17 0.078499
36 18 0.078516
36 19 0.078552
36 20 0.078598
36 21 0.078644
36 22 0.078681
36 23 0.078699
36 24 0.078696
36 25 0.078672
36 26 0.078634
36 27 0.078590
36 28 0.078551
36 29 0.078524
36 30 0.078515
36 31 0.078527
36 32 0.078556
36 33 0.078593
36 34 0.078632
36 35 0.078661
36 36 0.078675
36 37 0.078671
36 38 0.078651
36 39 0.078620
36 40 0.078585
36 41 0.078555
36 42 0.078537
36 43 0.078533
36 44 0.078546
36 45 0.078571
36 46 0.078603
36 47 0.078634
36 48 0.078658
36 49 0.078669
36 50 0.078665
36 51 0.078648
36 52 0.078622
36 53 0.078593
36 54 0.078568
36 55 0.078553
36 56 0.078549
36 57 0.078556
36 58 0.078572
36 59 0.078591
36 60 0.078609
36 61 0.078623
36 62 0.078629
36 63 0.078629
36 64 0.078623
36 65 0.078615
36 66 0.078606
36 67 0.078601
36 68 0.078599
36 69 0.078602
36 70 0.078607
36 71 0.078612
36 72 0.078615
36 73 0.078613
36 74 0.078606
36 75 0.078594
36 76 0.078580
36 77 0.078567
36 78 0.078560
36 79 0.078561
36 80 0.078571
36 81 0.078591
36 82 0.078615
36 83 0.078639
36 84 0.078656
36 85 0.078662
36 86 0.078655
36 87 0.078636
36 88 0.078610
36 89 0.078582
36 90 0.078559
36 91 0.078547
36 92 0.078546
36 93 0.078557
36 94 0.078575
36 95 0.078595
36 96 0.078614
36 97 0.078629
36 98 0.078636
36 99 0.078634

37 0 0.078558
37 1 0.078556
37 2 0.078553
37 3 0.078556
37 4 0.078572
37 5 0.078601
37 6 0.078639
37 7 0.078676
37 8 0.078704
37 9 0.078715
37 10 0.078706
37 11 0.078677
37 12 0.078632
37 13 0.078581
37 14 0.078535
37 15 0.078503
37 16 0.078492
37 17 0.078505
37 18 0.078539
37 19 0.078585
37 20 0.078634
37 21 0.078675
37 22 0.078699
37 23 0.078702
37 24 0.078682
37 25 0.078646
37 26 0.078601
37 27 0.078558
37 28 0.078526
37 29 0.078513
37 30 0.078520
37 31 0.078546
37 32 0.078583
37 33 0.078624
37 34 0.078657
37 35 0.078676
37 36 0.078676
37 37 0.078659
37 38 0.078628
37 39 0.078593
37 40 0.078561
37 41 0.078539
37 42 0.078532
37 43 0.078542
37 44 0.078565
37 45 0.078597
37 46 0.078630
37 47 0.078656
37 48 0.078670
37 49 0.078668
37 50 0.078651
37 51 0.078624
37 52 0.078594
37 53 0.078567
37 54 0.078549
37 55 0.078544
37 56 0.078552
37 57 0.078568
37 58 0.078590
37 59 0.078611
37 60 0.078627
37 61 0.078635
37 62 0.078635
37 63 0.078629
37 64 0.078618
37 65 0.078607
37 66 0.078599
37 67 0.078595
37 68 0.078596
37 69 0.078601
37 70 0.078607
37 71 0.078611
37 72 0.078611
37 73 0.078606
37 74 0.078596
37 75 0.078584
37 76 0.078572
37 77 0.078564
37 78 0.078563
37 79 0.078572
37 80 0.078589
37 81 0.078611
37 82 0.078635
37 83 0.078654
37 84 0.078663
37 85 0.078660
37 86 0.078644
37 87 0.078620
37 88 0.078592
37 89 0.078567
37 90 0.078550
37 91 0.078546
37 92 0.078552
37 93 0.078567
37 94 0.078585
37 95 0.078602
37 96 0.078615
37 97 0.078622
37 98 0.078624
37 99 0.078623

38 0 0.078548
38 1 0.078546
38 2 0.078550
38 3 0.078567
38 4 0.078596
38 5 0.078634
38 6 0.078673
38 7 0.078704
38 8 0.078719
38 9 0.078713
38 10 0.078686
38 11 0.078641
38 12 0.078589
38 13 0.078538
38 14 0.078501
38 15 0.078485
38 16 0.078493
38 17 0.078524
38 18 0.078570
38 19 0.078622
38 20 0.078668
38 21 0.078699
38 22 0.078707
38 23 0.078692
38 24 0.078658
38 25 0.078612
38 26 0.078566
38 27 0.078529
38 28 0.078509
38 29 0.078512
38 30 0.078535
38 31 0.078572
38 32 0.078615
38 33 0.078653
38 34 0.078677
38 35 0.078682
38 36 0.078668
38 37 0.078639
38 38 0.078602
38 39 0.078566
38 40 0.078540
38 41 0.078530
38 42 0.078536
38 43 0.078558
38 44 0.078590
38 45 0.078625
38 46 0.078654
38 47 0.078670
38 48 0.078671
38 49 0.078656
38 50 0.078628
38 51 0.078596
38 52 0.078566
38 53 0.078546
38 54 0.078539
38 55 0.078546
38 56 0.078564
38 57 0.078588
38 58 0.078612
38 59 0.078630
38 60 0.078641
38 61 0.078641
38 62 0.078634
38 63 0.078621
38 64 0.078607
38 65 0.078596
38 66 0.078590
38 67 0.078590
38 68 0.078595
38 69 0.078601
38 70 0.078607
38 71 0.078610
38 72 0.078608
38 73 0.078600
38 74 0.078589
38 75 0.078578
38 76 0.078569
38 77 0.078566
38 78 0.078572
38 79 0.078585
38 80 0.078605
38 81 0.078628
38 82 0.078647
38 83 0.078659
38 84 0.078660
38 85 0.078649
38 86 0.078628
38 87 0.078602
38 88 0.078577
38 89 0.078558
38 90 0.078550
38 91 0.078553
38 92 0.078565
38 93 0.078582
38 94 0.078598
38 95 0.078609
38 96 0.078613
38 97 0.078612
38 98 0.078609
38 99 0.078609

39 0 0.078544
39 1 0.078544
39 2 0.078554
39 3 0.078580
39 4 0.078618
39 5 0.078661
39 6 0.078698
39 7 0.078720
39 8 0.078720
39 9 0.078697
39 10 0.078655
39 11 0.078602
39 12 0.078547
39 13 0.078503
39 14 0.078479
39 15 0.078480
39 16 0.078506
39 17 0.078551
39 18 0.078606
39 19 0.078658
39 20 0.078696
39 21 0.078712
39 22 0.078704
39 23 0.078673
39 24 0.078627
39 25 0.078577
39 26 0.078534
39 27 0.078507
39 28 0.078503
39 29 0.078522
39 30 0.078558
39 31 0.078604
39 32 0.078647
39 33 0.078678
39 34 0.078690
39 35 0.078680
39 36 0.078652
39 37 0.078614
39 38 0.078574
39 39 0.078543
39 40 0.078527
39 41 0.078530
39 42 0.078549
39 43 0.078581
39 44 0.078617
39 45 0.078650
39 46 0.078671
39 47 0.078675
39 48 0.078662
39 49 0.078635
39 50 0.078601
39 51 0.078568
39 52 0.078543
39 53 0.078534
39 54 0.078539
39 55 0.078558
39 56 0.078584
39 57 0.078612
39 58 0.078634
39 59 0.078646
39 60 0.078648
39 61 0.078639
39 62 0.078625
39 63 0.078608
39 64 0.078593
39 65 0.078585
39 66 0.078583
39 67 0.078587
39 68 0.078595
39 69 0.078604
39 70 0.078609
39 71 0.078610
39 72 0.078605
39 73 0.078596
39 74 0.078584
39 75 0.078575
39 76 0.078570
39 77 0.078573
39 78 0.078583
39 79 0.078600
39 80 0.078620
39 81 0.078639
39 82 0.078652
39 83 0.078656
39 84 0.078649
39 85 0.078632
39 86 0.078609
39 87 0.078585
39 88 0.078566
39 89 0.078555
39 90 0.078556
39 91 0.078567
39 92 0.078584
39 93 0.078601
39 94 0.078613
39 95 0.078616
39 96 0.078610
39 97 0.078601
39 98 0.078593
39 99 0.078593

40 0 0.078544
40 1 0.078544
40 2 0.078560
40 3 0.078594
40 4 0.078638
40 5 0.078681
40 6 0.078712
40 7 0.078722
40 8 0.078708
40 9 0.078671
40 10 0.078619
40 11 0.078562
40 12 0.078511
40 13 0.078479
40 14 0.078471
40 15 0.078490
40 16 0.078531
40 17 0.078586
40 18 0.078643
40 19 0.078688
40 20 0.078714
40 21 0.078713
40 22 0.078688
40 23 0.078644
40 24 0.078592
40 25 0.078543
40 26 0.078509
40 27 0.078496
40 28 0.078508
40 29 0.078542
40 30 0.078588
40 31 0.078636
40 32 0.078675
40 33 0.078695
40 34 0.078692
40 35 0.078667
40 36 0.078629
40 37 0.078586
40 38 0.078549
40 39 0.078526
40 40 0.078523
40 41 0.078539
40 42 0.078569
40 43 0.078607
40 44 0.078643
40 45 0.078668
40 46 0.078678
40 47 0.078669
40 48 0.078644
40 49 0.078609
40 50 0.078573
40 51 0.078544
40 52 0.078530
40 53 0.078533
40 54 0.078551
40 55 0.078579
40 56 0.078610
40 57 0.078636
40 58 0.078651
40 59 0.078654
40 60 0.078646
40 61 0.078629
40 62 0.078609
40 63 0.078591
40 64 0.078579
40 65 0.078575
40 66 0.078578
40 67 0.078587
40 68 0.078598
40 69 0.078608
40 70 0.078612
40 71 0.078611
40 72 0.078603
40 73 0.078593
40 74 0.078582
40 75 0.078576
40 76 0.078575
40 77 0.078582
40 78 0.078596
40 79 0.078613
40 80 0.078631
40 81 0.078644
40 82 0.078649
40 83 0.078645
40 84 0.078632
40 85 0.078611
40 86 0.078589
40 87 0.078570
40 88 0.078559
40 89 0.078558
40 90 0.078568
40 91 0.078586
40 92 0.078605
40 93 0.078620
40 94 0.078627
40 95 0.078622
40 96 0.078608
40 97 0.078591
40 98 0.078579
40 99 0.078579

41 0 0.078551
41 1 0.078551
41 2 0.078570
41 3 0.078607
41 4 0.078652
41 5 0.078691
41 6 0.078713
41 7 0.078711
41 8 0.078685
41 9 0.078639
41 10 0.078583
41 11 0.078529
41 12 0.078488
41 13 0.078471
41 14 0.078480
41 15 0.078515
41 16 0.078566
41 17 0.078624
41 18 0.078675
41 19 0.078709
41 20 0.078718
41 21 0.078701
41 22 0.078662
41 23 0.078611
41 24 0.078558
41 25 0.078517
41 26 0.078495
41 27 0.078499
41 28 0.078526
41 29 0.078570
41 30 0.078621
41 31 0.078666
41 32 0.078694
41 33 0.078700
41 34 0.078682
41 35 0.078646
41 36 0.078601
41 37 0.078558
41 38 0.078529
41 39 0.078519
41 40 0.078529
41 41 0.078557
41 42 0.078595
41 43 0.078633
41 44 0.078664
41 45 0.078679
41 46 0.078675
41 47 0.078653
41 48 0.078620
41 49 0.078582
41 50 0.078549
41 51 0.078529
41 52 0.078528
41 53 0.078544
41 54 0.078572
41 55 0.078606
41 56 0.078636
41 57 0.078656
41 58 0.078661
41 59 0.078654
41 60 0.078636
41 61 0.078613
41 62 0.078591
41 63 0.078575
41 64 0.078567
41 65 0.078569
41 66 0.078578
41 67 0.078591
41 68 0.078604
41 69 0.078613
41 70 0.078615
41 71 0.078611
41 72 0.078602
41 73 0.078592
41 74 0.078583
41 75 0.078579
41 76 0.078583
41 77 0.078593
41 78 0.078607
41 79 0.078623
41 80 0.078636
41 81 0.078642
41 82 0.078640
41 83 0.078629
41 84 0.078611
41 85 0.078590
41 86 0.078571
41 87 0.078559
41 88 0.078557
41 89 0.078566
41 90 0.078584
41 91 0.078606
41 92 0.078626
41 93 0.078638
41 94 0.078638
41 95 0.078626
41 96 0.078606
41 97 0.078584
41 98 0.078570
41 99 0.078570

42 0 0.078562
42 1 0.078562
42 2 0.078582
42 3 0.078618
42 4 0.078659
42 5 0.078690
42 6 0.078701
42 7 0.078689
42 8 0.078655
42 9 0.078605
42 10 0.078552
42 11 0.078507
42 12 0.078481
42 13 0.078481
42 14 0.078505
42 15 0.078550
42 16 0.078605
42 17 0.078659
42 18 0.078698
42 19 0.078716
42 20 0.078708
42 21 0.078677
42 22 0.078629
42 23 0.078577
42 24 0.078530
42 25 0.078501
42 26 0.078496
42 27 0.078514
42 28 0.078553
42 29 0.078602
42 30 0.078651
42 31 0.078687
42 32 0.078610
42 33 0.078607
42 34 0.078604
42 35 0.078600
42 36 0.078597
42 37 0.078595
42 38 0.078595
42 39 0.078597
42 40 0.078600
42 41 0.078603
42 42 0.078606
42 43 0.078608
42 44 0.078608
42 45 0.078607
42 46 0.078604
42 47 0.078601
42 48 0.078599
42 49 0.078596
42 50 0.078596
42 51 0.078596
42 52 0.078598
42 53 0.078601
42 54 0.078604
42 55 0.078607
42 56 0.078608
42 57 0.078608
42 58 0.078606
42 59 0.078604
42 60 0.078601
42 61 0.078599
42 62 0.078598
42 63 0.078597
42 64 0.078598
42 65 0.078599
42 66 0.078601
42 67 0.078602
42 68 0.078603
42 69 0.078604
42 70 0.078604
42 71 0.078603
42 72 0.078602
42 73 0.078602
42 74 0.078601
42 75 0.078601
42 76 0.078602
42 77 0.078602
42 78 0.078603
42 79 0.078603
42 80 0.078603
42 81 0.078603
42 82 0.078602
42 83 0.078601
42 84 0.078600
42 85 0.078599
42 86 0.078599
42 87 0.078600
42 88 0.078601
42 89 0.078603
42 90 0.078605
42 91 0.078607
42 92 0.078608
42 93 0.078607
42 94 0.078606
42 95 0.078603
42 96 0.078600
42 97 0.078596
42 98 0.078593
42 99 0.078593

43 0 0.078605
43 1 0.078605
43 2 0.078607
43 3 0.078608
43 4 0.078609
43 5 0.078609
43 6 0.078607
43 7 0.078603
43 8 0.078600
43 9 0.078596
43 10 0.078594
43 11 0.078593
43 12 0.078595
43 13 0.078598
43 14 0.078603
43 15 0.078607
43 16 0.078610
43 17 0.078612
43 18 0.078612
43 19 0.078609
43 20 0.078606
43 21 0.078601
43 22 0.078597
43 23 0.078595
43 24 0.078594
43 25 0.078595
43 26 0.078597
43 27 0.078601
43 28 0.078605
43 29 0.078608
43 30 0.078610
43 31 0.078610
43 32 0.078608
43 33 0.078605
43 34 0.078601
43 35 0.078598
43 36 0.078595
43 37 0.078595
43 38 0.078596
43 39 0.078599
43 40 0.078602
43 41 0.078605
43 42 0.078607
43 43 0.078608
43 44 0.078607
43 45 0.078605
43 46 0.078602
43 47 0.078600
43 48 0.078597
43 49 0.078596
43 50 0.078596
43 51 0.078598
43 52 0.078600
43 53 0.078603
43 54 0.078606
43 55 0.078608
43 56 0.078608
43 57 0.078607
43 58 0.078605
43 59 0.078602
43 60 0.078600
43 61 0.078598
43 62 0.078597
43 63 0.078597
43 64 0.078598
43 65 0.078600
43 66 0.078601
43 67 0.078603
43 68 0.078604
43 69 0.078604
43 70 0.078604
43 71 0.078603
43 72 0.078603
43 73 0.078602
43 74 0.078601
43 75 0.078601
43 76 0.078602
43 77 0.078602
43 78 0.078603
43 79 0.078603
43 80 0.078602
43 81 0.078602
43 82 0.078601
43 83 0.078600
43 84 0.078599
43 85 0.078599
43 86 0.078599
43 87 0.078601
43 88 0.078603
43 89 0.078604
43 90 0.078606
43 91 0.078608
43 92 0.078608
43 93 0.078607
43 94 0.078606
43 95 0.078603
43 96 0.078600
43 97 0.078596
43 98 0.078594
43 99 0.078594

44 0 0.078607
44 1 0.078607
44 2 0.078607
44 3 0.078607
44 4 0.078607
44 5 0.078606
44 6 0.078604
44 7 0.078601
44 8 0.078598
44 9 0.078596
44 10 0.078595
44 11 0.078596
44 12 0.078599
44 13 0.078602
44 14 0.078606
44 15 0.078609
44 16 0.078611
44 17 0.078611
44 18 0.078609
44 19 0.078606
44 20 0.078603
44 21 0.078599
44 22 0.078596
44 23 0.078595
44 24 0.078595
44 25 0.078597
44 26 0.078600
44 27 0.078603
44 28 0.078606
44 29 0.078608
44 30 0.078609
44 31 0.078608
44 32 0.078606
44 33 0.078603
44 34 0.078599
44 35 0.078597
44 36 0.078595
44 37 0.078596
44 38 0.078598
44 39 0.078600
44 40 0.078603
44 41 0.078606
44 42 0.078607
44 43 0.078607
44 44 0.078606
44 45 0.078604
44 46 0.078601
44 47 0.078599
44 48 0.078597
44 49 0.078597
44 50 0.078598
44 51 0.078600
44 52 0.078602
44 53 0.078605
44 54 0.078606
44 55 0.078607
44 56 0.078607
44 57 0.078605
44 58 0.078603
44 59 0.078601
44 60 0.078599
44 61 0.078598
44 62 0.078597
44 63 0.078598
44 64 0.078599
44 65 0.078601
44 66 0.078602
44 67 0.078603
44 68 0.078604
44 69 0.078604
44 70 0.078604
44 71 0.078603
44 72 0.078603
44 73 0.078602
44 74 0.078602
44 75 0.078602
44 76 0.078602
44 77 0.078602
44 78 0.078602
44 79 0.078602
44 80 0.078601
44 81 0.078601
44 82 0.078600
44 83 0.078600
44 84 0.078599
44 85 0.078600
44 86 0.078601
44 87 0.078602
44 88 0.078604
44 89 0.078606
44 90 0.078607
44 91 0.078608
44 92 0.078608
44 93 0.078607
44 94 0.078605
44 95 0.078603
44 96 0.078600
44 97 0.078597
44 98 0.078595
44 99 0.078595

45 0 0.078608
45 1 0.078608
45 2 0.078607
45 3 0.078607
45 4 0.078605
45 5 0.078603
45 6 0.078601
45 7 0.078598
45 8 0.078596
45 9 0.078596
45 10 0.078596
45 11 0.078599
45 12 0.078602
45 13 0.078605
45 14 0.078608
45 15 0.078610
45 16 0.078610
45 17 0.078609
45 18 0.078607
45 19 0.078603
45 20 0.078600
45 21 0.078597
45 22 0.078596
45 23 0.078596
45 24 0.078597
45 25 0.078599
45 26 0.078602
45 27 0.078605
45 28 0.078607
45 29 0.078608
45 30 0.078608
45 31 0.078606
45 32 0.078603
45 33 0.078600
45 34 0.078598
45 35 0.078596
45 36 0.078596
45 37 0.078597
45 38 0.078600
45 39 0.078602
45 40 0.078604
45 41 0.078606
45 42 0.078606
45 43 0.078606
45 44 0.078604
45 45 0.078602
45 46 0.078600
45 47 0.078598
45 48 0.078598
45 49 0.078598
45 50 0.078599
45 51 0.078601
45 52 0.078603
45 53 0.078605
45 54 0.078606
45 55 0.078606
45 56 0.078605
45 57 0.078604
45 58 0.078602
45 59 0.078600
45 60 0.078599
45 61 0.078598
45 62 0.078598
45 63 0.078599
45 64 0.078600
45 65 0.078601
45 66 0.078603
45 67 0.078604
45 68 0.078604
45 69 0.078604
45 70 0.078604
45 71 0.078603
45 72 0.078603
45 73 0.078602
45 74 0.078602
45 75 0.078601
45 76 0.078601
45 77 0.078601
45 78 0.078601
45 79 0.078601
45 80 0.078601
45 81 0.078600
45 82 0.078600
45 83 0.078600
45 84 0.078600
45 85 0.078601
45 86 0.078602
45 87 0.078603
45 88 0.078605
45 89 0.078606
45 90 0.078607
45 91 0.078608
45 92 0.078608
45 93 0.078607
45 94 0.078605
45 95 0.078603
45 96 0.078601
45 97 0.078599
45 98 0.078597
45 99 0.078597

46 0 0.078609
46 1 0.078608
46 2 0.078607
46 3 0.078605
46 4 0.078603
46 5 0.078601
46 6 0.078599
46 7 0.078597
46 8 0.078596
46 9 0.078596
46 10 0.078598
46 11 0.078601
46 12 0.078604
46 13 0.078607
46 14 0.078609
46 15 0.078610
46 16 0.078609
46 17 0.078607
46 18 0.078604
46 19 0.078601
46 20 0.078598
46 21 0.078596
46 22 0.078596
46 23 0.078596
46 24 0.078598
46 25 0.078601
46 26 0.078604
46 27 0.078606
46 28 0.078608
46 29 0.078608
46 30 0.078607
46 31 0.078604
46 32 0.078601
46 33 0.078599
46 34 0.078597
46 35 0.078596
46 36 0.078597
46 37 0.078599
46 38 0.078601
46 39 0.078604
46 40 0.078605
46 41 0.078606
46 42 0.078606
46 43 0.078604
46 44 0.078603
46 45 0.078601
46 46 0.078599
46 47 0.078598
46 48 0.078598
46 49 0.078599
46 50 0.078601
46 51 0.078603
46 52 0.078604
46 53 0.078605
46 54 0.078605
46 55 0.078605
46 56 0.078604
46 57 0.078602
46 58 0.078601
46 59 0.078599
46 60 0.078599
46 61 0.078598
46 62 0.078599
46 63 0.078600
46 64 0.078601
46 65 0.078602
46 66 0.078603
46 67 0.078603
46 68 0.078604
46 69 0.078603
46 70 0.078603
46 71 0.078603
46 72 0.078602
46 73 0.078602
46 74 0.078602
46 75 0.078601
46 76 0.078601
46 77 0.078601
46 78 0.078601
46 79 0.078601
46 80 0.078601
46 81 0.078601
46 82 0.078601
46 83 0.078601
46 84 0.078601
46 85 0.078602
46 86 0.078603
46 87 0.078604
46 88 0.078605
46 89 0.078606
46 90 0.078606
46 91 0.078606
46 92 0.078606
46 93 0.078605
46 94 0.078604
46 95 0.078603
46 96 0.078602
46 97 0.078601
46 98 0.078600
46 99 0.078600

47 0 0.078607
47 1 0.078607
47 2 0.078606
47 3 0.078604
47 4 0.078602
47 5 0.078600
47 6 0.078598
47 7 0.078597
47 8 0.078597
47 9 0.078598
47 10 0.078600
47 11 0.078603
47 12 0.078605
47 13 0.078607
47 14 0.078608
47 15 0.078607
47 16 0.078606
47 17 0.078604
47 18 0.078601
47 19 0.078599
47 20 0.078598
47 21 0.078597
47 22 0.078598
47 23 0.078599
47 24 0.078601
47 25 0.078603
47 26 0.078605
47 27 0.078606
47 28 0.078606
47 29 0.078606
47 30 0.078604
47 31 0.078602
47 32 0.078600
47 33 0.078598
47 34 0.078598
47 35 0.078598
47 36 0.078599
47 37 0.078601
47 38 0.078603
47 39 0.078604
47 40 0.078605
47 41 0.078605
47 42 0.078604
47 43 0.078603
47 44 0.078601
47 45 0.078600
47 46 0.078599
47 47 0.078599
47 48 0.078600
47 49 0.078601
47 50 0.078602
47 51 0.078604
47 52 0.078604
47 53 0.078604
47 54 0.078604
47 55 0.078603
47 56 0.078602
47 57 0.078601
47 58 0.078600
47 59 0.078600
47 60 0.078600
47 61 0.078600
47 62 0.078601
47 63 0.078601
47 64 0.078602
47 65 0.078603
47 66 0.078603
47 67 0.078603
47 68 0.078603
47 69 0.078603
47 70 0.078603
47 71 0.078602
47 72 0.078602
47 73 0.078602
47 74 0.078601
47 75 0.078601
47 76 0.078601
47 77 0.078601
47 78 0.078601
47 79 0.078601
47 80 0.078601
47 81 0.078601
47 82 0.078601
47 83 0.078601
47 84 0.078602
47 85 0.078603
47 86 0.078604
47 87 0.078605
47 88 0.078605
47 89 0.078606
47 90 0.078606
47 91 0.078605
47 92 0.078605
47 93 0.078604
47 94 0.078603
47 95 0.078603
47 96 0.078602
47 97 0.078602
47 98 0.078602
47 99 0.078602

48 0 0.078607
48 1 0.078607
48 2 0.078605
48 3 0.078602
48 4 0.078600
48 5 0.078598
48 6 0.078597
48 7 0.078596
48 8 0.078597
48 9 0.078599
48 10 0.078601
48 11 0.078604
48 12 0.078606
48 13 0.078607
48 14 0.078607
48 15 0.078606
48 16 0.078605
48 17 0.078602
48 18 0.078600
48 19 0.078598
48 20 0.078597
48 21 0.078597
48 22 0.078598
48 23 0.078600
48 24 0.078602
48 25 0.078605
48 26 0.078606
48 27 0.078607
48 28 0.078606
48 29 0.078605
48 30 0.078603
48 31 0.078601
48 32 0.078599
48 33 0.078598
48 34 0.078598
48 35 0.078598
48 36 0.078600
48 37 0.078602
48 38 0.078604
48 39 0.078605
48 40 0.078606
48 41 0.078605
48 42 0.078603
48 43 0.078602
48 44 0.078600
48 45 0.078599
48 46 0.078599
48 47 0.078600
48 48 0.078601
48 49 0.078602
48 50 0.078603
48 51 0.078604
48 52 0.078604
48 53 0.078604
48 54 0.078603
48 55 0.078602
48 56 0.078601
48 57 0.078600
48 58 0.078600
48 59 0.078600
48 60 0.078600
48 61 0.078601
48 62 0.078601
48 63 0.078602
48 64 0.078603
48 65 0.078603
48 66 0.078603
48 67 0.078603
48 68 0.078603
48 69 0.078603
48 70 0.078602
48 71 0.078602
48 72 0.078602
48 73 0.078602
48 74 0.078601
48 75 0.078601
48 76 0.078601
48 77 0.078601
48 78 0.078601
48 79 0.078600
48 80 0.078601
48 81 0.078601
48 82 0.078601
48 83 0.078602
48 84 0.078603
48 85 0.078604
48 86 0.078604
48 87 0.078605
48 88 0.078605
48 89 0.078605
48 90 0.078605
48 91 0.078604
48 92 0.078604
48 93 0.078603
48 94 0.078603
48 95 0.078603
48 96 0.078603
48 97 0.078603
48 98 0.078604
48 99 0.078604

49 0 0.078605
49 1 0.078605
49 2 0.078604
49 3 0.078601
49 4 0.078599
49 5 0.078597
49 6 0.078596
49 7 0.078596
49 8 0.078597
49 9 0.078599
49 10 0.078602
49 11 0.078604
49 12 0.078606
49 13 0.078607
49 14 0.078607
49 15 0.078605
49 16 0.078603
49 17 0.078600
49 18 0.078598
49 19 0.078596
49 20 0.078596
49 21 0.078597
49 22 0.078599
49 23 0.078601
49 24 0.078604
49 25 0.078606
49 26 0.078607
49 27 0.078607
49 28 0.078606
49 29 0.078604
49 30 0.078602
49 31 0.078600
49 32 0.078598
49 33 0.078598
49 34 0.078598
49 35 0.078600
49 36 0.078602
49 37 0.078604
49 38 0.078605
49 39 0.078606
49 40 0.078605
49 41 0.078604
49 42 0.078602
49 43 0.078600
49 44 0.078599
49 45 0.078599
49 46 0.078599
49 47 0.078600
49 48 0.078602
49 49 0.078603
49 50 0.078604
49 51 0.078605
49 52 0.078604
49 53 0.078603
49 54 0.078602
49 55 0.078601
49 56 0.078600
49 57 0.078600
49 58 0.078600
49 59 0.078600
49 60 0.078601
49 61 0.078602
49 62 0.078602
49 63 0.078603
49 64 0.078603
49 65 0.078603
49 66 0.078603
49 67 0.078603
49 68 0.078602
49 69 0.078602
49 70 0.078602
49 71 0.078602
49 72 0.078602
49 73 0.078602
49 74 0.078601
49 75 0.078601
49 76 0.078601
49 77 0.078601
49 78 0.078600
49 79 0.078601
49 80 0.078601
49 81 0.078601
49 82 0.078602
49 83 0.078603
49 84 0.078603
49 85 0.078604
49 86 0.078604
49 87 0.078605
49 88 0.078605
49 89 0.078604
49 90 0.078604
49 91 0.078603
49 92 0.078602
49 93 0.078602
49 94 0.078602
49 95 0.078603
49 96 0.078603
49 97 0.078604
49 98 0.078605
49 99 0.078605

50 0 0.078604
50 1 0.078604
50 2 0.078602
50 3 0.078600
50 4 0.078598
50 5 0.078596
50 6 0.078595
50 7 0.078596
50 8 0.078597
50 9 0.078600
50 10 0.078602
50 11 0.078604
50 12 0.078606
50 13 0.078606
50 14 0.078605
50 15 0.078603
50 16 0.078601
50 17 0.078599
50 18 0.078597
50 19 0.078596
50 20 0.078597
50 21 0.078598
50 22 0.078600
50 23 0.078603
50 24 0.078605
50 25 0.078606
50 26 0.078607
50 27 0.078606
50 28 0.078604
50 29 0.078602
50 30 0.078600
50 31 0.078599
50 32 0.078598
50 33 0.078598
50 34 0.078599
50 35 0.078601
50 36 0.078603
50 37 0.078604
50 38 0.078605
50 39 0.078605
50 40 0.078604
50 41 0.078603
50 42 0.078601
50 43 0.078600
50 44 0.078599
50 45 0.078599
50 46 0.078600
50 47 0.078601
50 48 0.078603
50 49 0.078604
50 50 0.078604
50 51 0.078604
50 52 0.078604
50 53 0.078602
50 54 0.078601
50 55 0.078600
50 56 0.078600
50 57 0.078600
50 58 0.078600
50 59 0.078601
50 60 0.078602
50 61 0.078602
50 62 0.078603
50 63 0.078603
50 64 0.078603
50 65 0.078603
50 66 0.078602
50 67 0.078602
50 68 0.078602
50 69 0.078602
50 70 0.078602
50 71 0.078602
50 72 0.078602
50 73 0.078602
50 74 0.078601
50 75 0.078601
50 76 0.078601
50 77 0.078601
50 78 0.078601
50 79 0.078601
50 80 0.078601
50 81 0.078602
50 82 0.078602
50 83 0.078603
50 84 0.078604
50 85 0.078604
50 86 0.078604
50 87 0.078604
50 88 0.078604
50 89 0.078603
50 90 0.078602
50 91 0.078602
50 92 0.078601
50 93 0.078601
50 94 0.078602
50 95 0.078603
50 96 0.078604
50 97 0.078605
50 98 0.078605
50 99 0.078605

51 0 0.078603
51 1 0.078603
51 2 0.078601
51 3 0.078599
51 4 0.078597
51 5 0.078596
51 6 0.078596
51 7 0.078596
51 8 0.078598
51 9 0.078600
51 10 0.078602
51 11 0.078604
51 12 0.078605
51 13 0.078605
51 14 0.078604
51 15 0.078602
51 16 0.078600
51 17 0.078598
51 18 0.078597
51 19 0.078597
51 20 0.078598
51 21 0.078600
51 22 0.078602
51 23 0.078604
51 24 0.078606
51 25 0.078606
51 26 0.078606
51 27 0.078605
51 28 0.078603
51 29 0.078601
51 30 0.078600
51 31 0.078599
51 32 0.078599
51 33 0.078599
51 34 0.078601
51 35 0.078602
51 36 0.078604
51 37 0.078605
51 38 0.078605
51 39 0.078604
51 40 0.078603
51 41 0.078602
51 42 0.078600
51 43 0.078600
51 44 0.078599
51 45 0.078600
51 46 0.078601
51 47 0.078602
51 48 0.078603
51 49 0.078604
51 50 0.078604
51 51 0.078604
51 52 0.078603
51 53 0.078601
51 54 0.078601
51 55 0.078600
51 56 0.078600
51 57 0.078600
51 58 0.078601
51 59 0.078602
51 60 0.078602
51 61 0.078603
51 62 0.078603
51 63 0.078603
51 64 0.078602
51 65 0.078602
51 66 0.078602
51 67 0.078601
51 68 0.078601
51 69 0.078602
51 70 0.078602
51 71 0.078602
51 72 0.078602
51 73 0.078602
51 74 0.078601
51 75 0.078601
51 76 0.078601
51 77 0.078601
51 78 0.078601
51 79 0.078601
51 80 0.078602
51 81 0.078602
51 82 0.078603
51 83 0.078603
51 84 0.078604
51 85 0.078604
51 86 0.078604
51 87 0.078604
51 88 0.078603
51 89 0.078602
51 90 0.078601
51 91 0.078601
51 92 0.078601
51 93 0.078601
51 94 0.078601
51 95 0.078602
51 96 0.078604
51 97 0.078605
51 98 0.078606
51 99 0.078606

52 0 0.078601
52 1 0.078601
52 2 0.078600
52 3 0.078599
52 4 0.078597
52 5 0.078596
52 6 0.078596
52 7 0.078597
52 8 0.078598
52 9 0.078600
52 10 0.078602
52 11 0.078603
52 12 0.078604
52 13 0.078604
52 14 0.078602
52 15 0.078601
52 16 0.078599
52 17 0.078598
52 18 0.078598
52 19 0.078598
52 20 0.078599
52 21 0.078601
52 22 0.078603
52 23 0.078605
52 24 0.078606
52 25 0.078606
52 26 0.078605
52 27 0.078603
52 28 0.078602
52 29 0.078600
52 30 0.078599
52 31 0.078599
52 32 0.078599
52 33 0.078601
52 34 0.078602
52 35 0.078603
52 36 0.078604
52 37 0.078605
52 38 0.078604
52 39 0.078603
52 40 0.078602
52 41 0.078601
52 42 0.078600
52 43 0.078600
52 44 0.078600
52 45 0.078601
52 46 0.078602
52 47 0.078603
52 48 0.078604
52 49 0.078604
52 50 0.078604
52 51 0.078603
52 52 0.078602
52 53 0.078601
52 54 0.078600
52 55 0.078600
52 56 0.078600
52 57 0.078601
52 58 0.078602
52 59 0.078602
52 60 0.078603
52 61 0.078603
52 62 0.078603
52 63 0.078602
52 64 0.078602
52 65 0.078601
52 66 0.078601
52 67 0.078601
52 68 0.078601
52 69 0.078602
52 70 0.078602
52 71 0.078602
52 72 0.078602
52 73 0.078602
52 74 0.078601
52 75 0.078601
52 76 0.078601
52 77 0.078601
52 78 0.078601
52 79 0.078601
52 80 0.078602
52 81 0.078602
52 82 0.078603
52 83 0.078603
52 84 0.078604
52 85 0.078604
52 86 0.078603
52 87 0.078603
52 88 0.078602
52 89 0.078602
52 90 0.078601
52 91 0.078600
52 92 0.078600
52 93 0.078601
52 94 0.078601
52 95 0.078602
52 96 0.078604
52 97 0.078605
52 98 0.078606
52 99 0.078606

53 0 0.078601
53 1 0.078601
53 2 0.078600
53 3 0.078598
53 4 0.078597
53 5 0.078597
53 6 0.078597
53 7 0.078597
53 8 0.078599
53 9 0.078600
53 10 0.078602
53 11 0.078603
53 12 0.078603
53 13 0.078603
53 14 0.078602
53 15 0.078600
53 16 0.078599
53 17 0.078599
53 18 0.078599
53 19 0.078599
53 20 0.078601
53 21 0.078602
53 22 0.078604
53 23 0.078605
53 24 0.078605
53 25 0.078605
53 26 0.078604
53 27 0.078602
53 28 0.078601
53 29 0.078600
53 30 0.078599
53 31 0.078599
53 32 0.078600
53 33 0.078601
53 34 0.078603
53 35 0.078604
53 36 0.078604
53 37 0.078604
53 38 0.078604
53 39 0.078603
53 40 0.078602
53 41 0.078601
53 42 0.078600
53 43 0.078600
53 44 0.078600
53 45 0.078601
53 46 0.078602
53 47 0.078603
53 48 0.078604
53 49 0.078604
53 50 0.078603
53 51 0.078602
53 52 0.078601
53 53 0.078601
53 54 0.078600
53 55 0.078600
53 56 0.078601
53 57 0.078602
53 58 0.078602
53 59 0.078603
53 60 0.078603
53 61 0.078603
53 62 0.078602
53 63 0.078602
53 64 0.078601
53 65 0.078601
53 66 0.078601
53 67 0.078601
53 68 0.078601
53 69 0.078602
53 70 0.078602
53 71 0.078602
53 72 0.078602
53 73 0.078602
53 74 0.078602
53 75 0.078601
53 76 0.078601
53 77 0.078601
53 78 0.078601
53 79 0.078601
53 80 0.078602
53 81 0.078602
53 82 0.078603
53 83 0.078603
53 84 0.078603
53 85 0.078603
53 86 0.078603
53 87 0.078603
53 88 0.078602
53 89 0.078602
53 90 0.078601
53 91 0.078601
53 92 0.078600
53 93 0.078601
53 94 0.078601
53 95 0.078602
53 96 0.078604
53 97 0.078604
53 98 0.078605
53 99 0.078605

54 0 0.078600
54 1 0.078600
54 2 0.078599
54 3 0.078598
54 4 0.078597
54 5 0.078597
54 6 0.078597
54 7 0.078598
54 8 0.078599
54 9 0.078601
54 10 0.078602
54 11 0.078603
54 12 0.078603
54 13 0.078602
54 14 0.078601
54 15 0.078600
54 16 0.078600
54 17 0.078599
54 18 0.078599
54 19 0.078600
54 20 0.078602
54 21 0.078603
54 22 0.078604
54 23 0.078605
54 24 0.078605
54 25 0.078604
54 26 0.078603
54 27 0.078602
54 28 0.078601
54 29 0.078600
54 30 0.078599
54 31 0.078600
54 32 0.078601
54 33 0.078602
54 34 0.078603
54 35 0.078604
54 36 0.078604
54 37 0.078604
54 38 0.078603
54 39 0.078602
54 40 0.078601
54 41 0.078601
54 42 0.078600
54 43 0.078600
54 44 0.078601
54 45 0.078602
54 46 0.078602
54 47 0.078603
54 48 0.078603
54 49 0.078603
54 50 0.078603
54 51 0.078602
54 52 0.078601
54 53 0.078601
54 54 0.078600
54 55 0.078601
54 56 0.078601
54 57 0.078602
54 58 0.078602
54 59 0.078603
54 60 0.078603
54 61 0.078602
54 62 0.078602
54 63 0.078601
54 64 0.078601
54 65 0.078601
54 66 0.078601
54 67 0.078601
54 68 0.078601
54 69 0.078602
54 70 0.078602
54 71 0.078602
54 72 0.078602
54 73 0.078602
54 74 0.078602
54 75 0.078601
54 76 0.078601
54 77 0.078601
54 78 0.078601
54 79 0.078601
54 80 0.078602
54 81 0.078602
54 82 0.078602
54 83 0.078602
54 84 0.078603
54 85 0.078603
54 86 0.078603
54 87 0.078602
54 88 0.078602
54 89 0.078602
54 90 0.078601
54 91 0.078601
54 92 0.078601
54 93 0.078601
54 94 0.078602
54 95 0.078602
54 96 0.078603
54 97 0.078604
54 98 0.078605
54 99 0.078605

55 0 0.078599
55 1 0.078599
55 2 0.078599
55 3 0.078598
55 4 0.078597
55 5 0.078597
55 6 0.078598
55 7 0.078598
55 8 0.078600
55 9 0.078601
55 10 0.078602
55 11 0.078603
55 12 0.078603
55 13 0.078602
55 14 0.078601
55 15 0.078601
55 16 0.078600
55 17 0.078600
55 18 0.078600
55 19 0.078601
55 20 0.078602
55 21 0.078603
55 22 0.078604
55 23 0.078605
55 24 0.078605
55 25 0.078604
55 26 0.078603
55 27 0.078601
55 28 0.078600
55 29 0.078600
55 30 0.078600
55 31 0.078600
55 32 0.078601
55 33 0.078602
55 34 0.078603
55 35 0.078604
55 36 0.078604
55 37 0.078604
55 38 0.078603
55 39 0.078602
55 40 0.078601
55 41 0.078601
55 42 0.078600
55 43 0.078600
55 44 0.078601
55 45 0.078602
55 46 0.078602
55 47 0.078603
55 48 0.078603
55 49 0.078603
55 50 0.078602
55 51 0.078602
55 52 0.078601
55 53 0.078601
55 54 0.078601
55 55 0.078601
55 56 0.078601
55 57 0.078602
55 58 0.078602
55 59 0.078603
55 60 0.078603
55 61 0.078602
55 62 0.078602
55 63 0.078601
55 64 0.078601
55 65 0.078601
55 66 0.078601
55 67 0.078601
55 68 0.078601
55 69 0.078602
55 70 0.078602
55 71 0.078602
55 72 0.078602
55 73 0.078602
55 74 0.078602
55 75 0.078602
55 76 0.078601
55 77 0.078601
55 78 0.078601
55 79 0.078601
55 80 0.078601
55 81 0.078602
55 82 0.078602
55 83 0.078602
55 84 0.078602
55 85 0.078602
55 86 0.078602
55 87 0.078602
55 88 0.078602
55 89 0.078602
55 90 0.078602
55 91 0.078602
55 92 0.078601
55 93 0.078601
55 94 0.078602
55 95 0.078602
55 96 0.078603
55 97 0.078604
55 98 0.078604
55 99 0.078604

56 0 0.078599
56 1 0.078599
56 2 0.078599
56 3 0.078598
56 4 0.078598
56 5 0.078598
56 6 0.078598
56 7 0.078599
56 8 0.078600
56 9 0.078601
56 10 0.078602
56 11 0.078603
56 12 0.078603
56 13 0.078602
56 14 0.078602
56 15 0.078601
56 16 0.078600
56 17 0.078600
56 18 0.078600
56 19 0.078601
56 20 0.078602
56 21 0.078603
56 22 0.078604
56 23 0.078604
56 24 0.078604
56 25 0.078603
56 26 0.078602
56 27 0.078601
56 28 0.078600
56 29 0.078600
56 30 0.078600
56 31 0.078600
56 32 0.078601
56 33 0.078602
56 34 0.078603
56 35 0.078604
56 36 0.078604
56 37 0.078603
56 38 0.078603
56 39 0.078602
56 40 0.078601
56 41 0.078601
56 42 0.078600
56 43 0.078601
56 44 0.078601
56 45 0.078602
56 46 0.078602
56 47 0.078603
56 48 0.078603
56 49 0.078603
56 50 0.078602
56 51 0.078602
56 52 0.078601
56 53 0.078601
56 54 0.078601
56 55 0.078601
56 56 0.078602
56 57 0.078602
56 58 0.078602
56 59 0.078602
56 60 0.078602
56 61 0.078602
56 62 0.078602
56 63 0.078601
56 64 0.078601
56 65 0.078601
56 66 0.078601
56 67 0.078601
56 68 0.078601
56 69 0.078602
56 70 0.078602
56 71 0.078602
56 72 0.078602
56 73 0.078602
56 74 0.078602
56 75 0.078602
56 76 0.078602
56 77 0.078601
56 78 0.078601
56 79 0.078601
56 80 0.078601
56 81 0.078601
56 82 0.078601
56 83 0.078602
56 84 0.078602
56 85 0.078602
56 86 0.078602
56 87 0.078603
56 88 0.078603
56 89 0.078602
56 90 0.078602
56 91 0.078602
56 92 0.078602
56 93 0.078602
56 94 0.078602
56 95 0.078602
56 96 0.078603
56 97 0.078603
56 98 0.078604
56 99 0.078604

57 0 0.078599
57 1 0.078599
57 2 0.078599
57 3 0.078598
57 4 0.078598
57 5 0.078598
57 6 0.078599
57 7 0.078599
57 8 0.078601
57 9 0.078602
57 10 0.078603
57 11 0.078603
57 12 0.078603
57 13 0.078602
57 14 0.078602
57 15 0.078601
57 16 0.078600
57 17 0.078600
57 18 0.078601
57 19 0.078601
57 20 0.078602
57 21 0.078603
57 22 0.078604
57 23 0.078604
57 24 0.078604
57 25 0.078603
57 26 0.078602
57 27 0.078601
57 28 0.078600
57 29 0.078600
57 30 0.078600
57 31 0.078601
57 32 0.078601
57 33 0.078602
57 34 0.078603
57 35 0.078604
57 36 0.078604
57 37 0.078603
57 38 0.078603
57 39 0.078602
57 40 0.078601
57 41 0.078601
57 42 0.078601
57 43 0.078601
57 44 0.078601
57 45 0.078602
57 46 0.078602
57 47 0.078603
57 48 0.078603
57 49 0.078603
57 50 0.078602
57 51 0.078602
57 52 0.078601
57 53 0.078601
57 54 0.078601
57 55 0.078601
57 56 0.078602
57 57 0.078602
57 58 0.078602
57 59 0.078602
57 60 0.078602
57 61 0.078602
57 62 0.078602
57 63 0.078601
57 64 0.078601
57 65 0.078601
57 66 0.078601
57 67 0.078601
57 68 0.078601
57 69 0.078602
57 70 0.078602
57 71 0.078602
57 72 0.078602
57 73 0.078602
57 74 0.078602
57 75 0.078602
57 76 0.078602
57 77 0.078601
57 78 0.078601
57 79 0.078601
57 80 0.078601
57 81 0.078601
57 82 0.078601
57 83 0.078601
57 84 0.078602
57 85 0.078602
57 86 0.078603
57 87 0.078603
57 88 0.078603
57 89 0.078603
57 90 0.078603
57 91 0.078602
57 92 0.078602
57 93 0.078602
57 94 0.078602
57 95 0.078602
57 96 0.078603
57 97 0.078603
57 98 0.078603
57 99 0.078603

58 0 0.078599
58 1 0.078599
58 2 0.078599
58 3 0.078598
58 4 0.078598
58 5 0.078598
58 6 0.078599
58 7 0.078600
58 8 0.078601
58 9 0.078602
58 10 0.078603
58 11 0.078603
58 12 0.078603
58 13 0.078602
58 14 0.078602
58 15 0.078601
58 16 0.078600
58 17 0.078600
58 18 0.078601
58 19 0.078601
58 20 0.078602
58 21 0.078603
58 22 0.078604
58 23 0.078604
58 24 0.078604
58 25 0.078603
58 26 0.078602
58 27 0.078601
58 28 0.078600
58 29 0.078600
58 30 0.078600
58 31 0.078601
58 32 0.078602
58 33 0.078603
58 34 0.078603
58 35 0.078604
58 36 0.078604
58 37 0.078603
58 38 0.078603
58 39 0.078602
58 40 0.078601
58 41 0.078601
58 42 0.078601
58 43 0.078601
58 44 0.078601
58 45 0.078602
58 46 0.078602
58 47 0.078603
58 48 0.078603
58 49 0.078603
58 50 0.078602
58 51 0.078602
58 52 0.078601
58 53 0.078601
58 54 0.078601
58 55 0.078601
58 56 0.078602
58 57 0.078602
58 58 0.078602
58 59 0.078602
58 60 0.078602
58 61 0.078602
58 62 0.078602
58 63 0.078601
58 64 0.078601
58 65 0.078601
58 66 0.078601
58 67 0.078601
58 68 0.078601
58 69 0.078602
58 70 0.078602
58 71 0.078602
58 72 0.078603
58 73 0.078603
58 74 0.078602
58 75 0.078602
58 76 0.078602
58 77 0.078601
58 78 0.078601
58 79 0.078601
58 80 0.078600
58 81 0.078600
58 82 0.078601
58 83 0.078601
58 84 0.078602
58 85 0.078602
58 86 0.078603
58 87 0.078603
58 88 0.078603
58 89 0.078603
58 90 0.078603
58 91 0.078602
58 92 0.078602
58 93 0.078602
58 94 0.078602
58 95 0.078602
58 96 0.078602
58 97 0.078603
58 98 0.078603
58 99 0.078603

59 0 0.078599
59 1 0.078599
59 2 0.078599
59 3 0.078599
59 4 0.078599
59 5 0.078602
59 6 0.078602
59 7 0.078601
59 8 0.078599
59 9 0.078598
59 10 0.078597
59 11 0.078597
59 12 0.078597
59 13 0.078599
59 14 0.078601
59 15 0.078603
59 16 0.078604
59 17 0.078604
59 18 0.078604
59 19 0.078603
59 20 0.078601
59 21 0.078599
59 22 0.078598
59 23 0.078598
59 24 0.078599
59 25 0.078601
59 26 0.078603
59 27 0.078604
59 28 0.078606
59 29 0.078606
59 30 0.078606
59 31 0.078604
59 32 0.078602
59 33 0.078601
59 34 0.078599
59 35 0.078598
59 36 0.078599
59 37 0.078600
59 38 0.078601
59 39 0.078603
59 40 0.078604
59 41 0.078605
59 42 0.078605
59 43 0.078604
59 44 0.078603
59 45 0.078602
59 46 0.078601
59 47 0.078600
59 48 0.078600
59 49 0.078600
59 50 0.078601
59 51 0.078602
59 52 0.078603
59 53 0.078603
59 54 0.078603
59 55 0.078603
59 56 0.078602
59 57 0.078601
59 58 0.078601
59 59 0.078601
59 60 0.078601
59 61 0.078601
59 62 0.078601
59 63 0.078602
59 64 0.078603
59 65 0.078603
59 66 0.078603
59 67 0.078603
59 68 0.078603
59 69 0.078602
59 70 0.078601
59 71 0.078600
59 72 0.078600
59 73 0.078599
59 74 0.078600
59 75 0.078600
59 76 0.078601
59 77 0.078602
59 78 0.078603
59 79 0.078604
59 80 0.078605
59 81 0.078605
59 82 0.078605
59 83 0.078604
59 84 0.078603
59 85 0.078601
59 86 0.078600
59 87 0.078600
59 88 0.078599
59 89 0.078600
59 90 0.078600
59 91 0.078602
59 92 0.078603
59 93 0.078604
59 94 0.078604
59 95 0.078604
59 96 0.078604
59 97 0.078603
59 98 0.078603
59 99 0.078603

60 0 0.078599
60 1 0.078599
60 2 0.078600
60 3 0.078601
60 4 0.078602
60 5 0.078602
60 6 0.078601
60 7 0.078600
60 8 0.078599
60 9 0.078598
60 10 0.078597
60 11 0.078597
60 12 0.078598
60 13 0.078599
60 14 0.078601
60 15 0.078603
60 16 0.078604
60 17 0.078604
60 18 0.078604
60 19 0.078603
60 20 0.078601
60 21 0.078600
60 22 0.078599
60 23 0.078599
60 24 0.078600
60 25 0.078601
60 26 0.078603
60 27 0.078604
60 28 0.078605
60 29 0.078606
60 30 0.078605
60 31 0.078604
60 32 0.078602
60 33 0.078600
60 34 0.078599
60 35 0.078599
60 36 0.078599
60 37 0.078600
60 38 0.078601
60 39 0.078603
60 40 0.078604
60 41 0.078604
60 42 0.078604
60 43 0.078604
60 44 0.078603
60 45 0.078602
60 46 0.078601
60 47 0.078600
60 48 0.078600
60 49 0.078600
60 50 0.078601
60 51 0.078602
60 52 0.078603
60 53 0.078603
60 54 0.078603
60 55 0.078603
60 56 0.078602
60 57 0.078601
60 58 0.078601
60 59 0.078601
60 60 0.078601
60 61 0.078601
60 62 0.078601
60 63 0.078602
60 64 0.078602
60 65 0.078603
60 66 0.078603
60 67 0.078603
60 68 0.078602
60 69 0.078602
60 70 0.078601
60 71 0.078600
60 72 0.078600
60 73 0.078600
60 74 0.078600
60 75 0.078600
60 76 0.078601
60 77 0.078602
60 78 0.078603
60 79 0.078604
60 80 0.078604
60 81 0.078605
60 82 0.078604
60 83 0.078604
60 84 0.078602
60 85 0.078601
60 86 0.078600
60 87 0.078600
60 88 0.078600
60 89 0.078600
60 90 0.078601
60 91 0.078602
60 92 0.078603
60 93 0.078604
60 94 0.078604
60 95 0.078604
60 96 0.078604
60 97 0.078603
60 98 0.078603
60 99 0.078603

61 0 0.078599
61 1 0.078599
61 2 0.078600
61 3 0.078601
61 4 0.078602
61 5 0.078602
61 6 0.078601
61 7 0.078600
61 8 0.078599
61 9 0.078598
61 10 0.078598
61 11 0.078598
61 12 0.078598
61 13 0.078599
61 14 0.078601
61 15 0.078603
61 16 0.078604
61 17 0.078604
61 18 0.078604
61 19 0.078603
61 20 0.078601
61 21 0.078600
61 22 0.078600
61 23 0.078600
61 24 0.078600
61 25 0.078602
61 26 0.078603
61 27 0.078604
61 28 0.078605
61 29 0.078605
61 30 0.078604
61 31 0.078603
61 32 0.078602
61 33 0.078600
61 34 0.078599
61 35 0.078599
61 36 0.078599
61 37 0.078600
61 38 0.078602
61 39 0.078603
61 40 0.078604
61 41 0.078604
61 42 0.078604
61 43 0.078603
61 44 0.078602
61 45 0.078601
61 46 0.078600
61 47 0.078600
61 48 0.078600
61 49 0.078601
61 50 0.078601
61 51 0.078602
61 52 0.078603
61 53 0.078603
61 54 0.078603
61 55 0.078603
61 56 0.078602
61 57 0.078601
61 58 0.078601
61 59 0.078601
61 60 0.078601
61 61 0.078601
61 62 0.078601
61 63 0.078602
61 64 0.078603
61 65 0.078603
61 66 0.078603
61 67 0.078603
61 68 0.078602
61 69 0.078602
61 70 0.078601
61 71 0.078600
61 72 0.078600
61 73 0.078600
61 74 0.078600
61 75 0.078600
61 76 0.078601
61 77 0.078602
61 78 0.078603
61 79 0.078604
61 80 0.078604
61 81 0.078604
61 82 0.078604
61 83 0.078603
61 84 0.078602
61 85 0.078601
61 86 0.078601
61 87 0.078600
61 88 0.078600
61 89 0.078601
61 90 0.078602
61 91 0.078603
61 92 0.078603
61 93 0.078604
61 94 0.078604
61 95 0.078604
61 96 0.078603
61 97 0.078603
61 98 0.078602
61 99 0.078602

62 0 0.078600
62 1 0.078600
62 2 0.078601
62 3 0.078601
62 4 0.078602
62 5 0.078602
62 6 0.078602
62 7 0.078601
62 8 0.078600
62 9 0.078599
62 10 0.078598
62 11 0.078598
62 12 0.078599
62 13 0.078600
62 14 0.078601
62 15 0.078603
62 16 0.078603
62 17 0.078604
62 18 0.078604
62 19 0.078603
62 20 0.078602
62 21 0.078601
62 22 0.078600
62 23 0.078600
62 24 0.078601
62 25 0.078602
62 26 0.078603
62 27 0.078604
62 28 0.078604
62 29 0.078604
62 30 0.078604
62 31 0.078603
62 32 0.078602
62 33 0.078601
62 34 0.078600
62 35 0.078600
62 36 0.078600
62 37 0.078601
62 38 0.078602
62 39 0.078603
62 40 0.078603
62 41 0.078604
62 42 0.078603
62 43 0.078603
62 44 0.078602
62 45 0.078601
62 46 0.078601
62 47 0.078600
62 48 0.078601
62 49 0.078601
62 50 0.078602
62 51 0.078602
62 52 0.078603
62 53 0.078603
62 54 0.078603
62 55 0.078602
62 56 0.078602
62 57 0.078601
62 58 0.078601
62 59 0.078601
62 60 0.078601
62 61 0.078601
62 62 0.078601
62 63 0.078602
62 64 0.078602
62 65 0.078603
62 66 0.078603
62 67 0.078603
62 68 0.078602
62 69 0.078602
62 70 0.078601
62 71 0.078600
62 72 0.078600
62 73 0.078600
62 74 0.078600
62 75 0.078600
62 76 0.078601
62 77 0.078602
62 78 0.078603
62 79 0.078603
62 80 0.078604
62 81 0.078604
62 82 0.078604
62 83 0.078603
62 84 0.078602
62 85 0.078601
62 86 0.078601
62 87 0.078601
62 88 0.078601
62 89 0.078601
62 90 0.078602
62 91 0.078603
62 92 0.078604
62 93 0.078604
62 94 0.078604
62 95 0.078604
62 96 0.078603
62 97 0.078602
62 98 0.078602
62 99 0.078602

63 0 0.078600
63 1 0.078600
63 2 0.078601
63 3 0.078602
63 4 0.078602
63 5 0.078602
63 6 0.078602
63 7 0.078601
63 8 0.078600
63 9 0.078599
63 10 0.078598
63 11 0.078598
63 12 0.078599
63 13 0.078600
63 14 0.078601
63 15 0.078602
63 16 0.078603
63 17 0.078604
63 18 0.078604
63 19 0.078603
63 20 0.078602
63 21 0.078602
63 22 0.078601
63 23 0.078601
63 24 0.078601
63 25 0.078602
63 26 0.078602
63 27 0.078603
63 28 0.078603
63 29 0.078603
63 30 0.078603
63 31 0.078602
63 32 0.078602
63 33 0.078601
63 34 0.078601
63 35 0.078601
63 36 0.078601
63 37 0.078601
63 38 0.078602
63 39 0.078603
63 40 0.078603
63 41 0.078603
63 42 0.078603
63 43 0.078602
63 44 0.078602
63 45 0.078601
63 46 0.078601
63 47 0.078601
63 48 0.078601
63 49 0.078601
63 50 0.078602
63 51 0.078602
63 52 0.078602
63 53 0.078603
63 54 0.078602
63 55 0.078602
63 56 0.078602
63 57 0.078601
63 58 0.078601
63 59 0.078601
63 60 0.078601
63 61 0.078601
63 62 0.078601
63 63 0.078602
63 64 0.078602
63 65 0.078603
63 66 0.078603
63 67 0.078603
63 68 0.078602
63 69 0.078602
63 70 0.078601
63 71 0.078601
63 72 0.078600
63 73 0.078600
63 74 0.078600
63 75 0.078600
63 76 0.078601
63 77 0.078602
63 78 0.078602
63 79 0.078603
63 80 0.078603
63 81 0.078604
63 82 0.078603
63 83 0.078603
63 84 0.078602
63 85 0.078602
63 86 0.078601
63 87 0.078601
63 88 0.078601
63 89 0.078602
63 90 0.078603
63 91 0.078603
63 92 0.078604
63 93 0.078604
63 94 0.078604
63 95 0.078603
63 96 0.078603
63 97 0.078602
63 98 0.078601
63 99 0.078601

64 0 0.078600
64 1 0.078600
64 2 0.078601
64 3 0.078602
64 4 0.078602
64 5 0.078603
64 6 0.078602
64 7 0.078602
64 8 0.078601
64 9 0.078600
64 10 0.078599
64 11 0.078599
64 12 0.078599
64 13 0.078600
64 14 0.078601
64 15 0.078602
64 16 0.078603
64 17 0.078604
64 18 0.078604
64 19 0.078603
64 20 0.078603
64 21 0.078602
64 22 0.078601
64 23 0.078601
64 24 0.078601
64 25 0.078601
64 26 0.078602
64 27 0.078602
64 28 0.078603
64 29 0.078603
64 30 0.078603
64 31 0.078602
64 32 0.078602
64 33 0.078602
64 34 0.078601
64 35 0.078601
64 36 0.078601
64 37 0.078602
64 38 0.078602
64 39 0.078602
64 40 0.078603
64 41 0.078603
64 42 0.078602
64 43 0.078602
64 44 0.078602
64 45 0.078601
64 46 0.078601
64 47 0.078601
64 48 0.078601
64 49 0.078601
64 50 0.078602
64 51 0.078602
64 52 0.078602
64 53 0.078602
64 54 0.078602
64 55 0.078602
64 56 0.078602
64 57 0.078601
64 58 0.078601
64 59 0.078601
64 60 0.078601
64 61 0.078601
64 62 0.078601
64 63 0.078602
64 64 0.078602
64 65 0.078602
64 66 0.078603
64 67 0.078602
64 68 0.078602
64 69 0.078602
64 70 0.078601
64 71 0.078601
64 72 0.078601
64 73 0.078600
64 74 0.078600
64 75 0.078600
64 76 0.078601
64 77 0.078601
64 78 0.078602
64 79 0.078603
64 80 0.078603
64 81 0.078603
64 82 0.078603
64 83 0.078603
64 84 0.078602
64 85 0.078602
64 86 0.078602
64 87 0.078601
64 88 0.078602
64 89 0.078602
64 90 0.078603
64 91 0.078603
64 92 0.078604
64 93 0.078604
64 94 0.078604
64 95 0.078603
64 96 0.078602
64 97 0.078601
64 98 0.078601
64 99 0.078601

65 0 0.078600
65 1 0.078600
65 2 0.078601
65 3 0.078602
65 4 0.078602
65 5 0.078603
65 6 0.078603
65 7 0.078602
65 8 0.078601
65 9 0.078600
65 10 0.078599
65 11 0.078599
65 12 0.078599
65 13 0.078599
65 14 0.078600
65 15 0.078601
65 16 0.078603
65 17 0.078603
65 18 0.078604
65 19 0.078604
65 20 0.078603
65 21 0.078603
65 22 0.078602
65 23 0.078601
65 24 0.078601
65 25 0.078601
65 26 0.078601
65 27 0.078601
65 28 0.078602
65 29 0.078602
65 30 0.078602
65 31 0.078602
65 32 0.078602
65 33 0.078602
65 34 0.078602
65 35 0.078602
65 36 0.078602
65 37 0.078602
65 38 0.078602
65 39 0.078602
65 40 0.078602
65 41 0.078602
65 42 0.078602
65 43 0.078602
65 44 0.078602
65 45 0.078602
65 46 0.078602
65 47 0.078601
65 48 0.078601
65 49 0.078602
65 50 0.078602
65 51 0.078602
65 52 0.078602
65 53 0.078602
65 54 0.078602
65 55 0.078602
65 56 0.078602
65 57 0.078602
65 58 0.078601
65 59 0.078601
65 60 0.078601
65 61 0.078601
65 62 0.078601
65 63 0.078602
65 64 0.078602
65 65 0.078602
65 66 0.078602
65 67 0.078602
65 68 0.078602
65 69 0.078602
65 70 0.078602
65 71 0.078601
65 72 0.078601
65 73 0.078600
65 74 0.078600
65 75 0.078600
65 76 0.078601
65 77 0.078601
65 78 0.078602
65 79 0.078602
65 80 0.078603
65 81 0.078603
65 82 0.078603
65 83 0.078603
65 84 0.078602
65 85 0.078602
65 86 0.078602
65 87 0.078602
65 88 0.078602
65 89 0.078602
65 90 0.078603
65 91 0.078603
65 92 0.078604
65 93 0.078604
65 94 0.078603
65 95 0.078603
65 96 0.078602
65 97 0.078601
65 98 0.078601
65 99 0.078601

66 0 0.078600
66 1 0.078600
66 2 0.078601
66 3 0.078601
66 4 0.078602
66 5 0.078603
66 6 0.078603
66 7 0.078603
66 8 0.078602
66 9 0.078601
66 10 0.078600
66 11 0.078599
66 12 0.078599
66 13 0.078599
66 14 0.078600
66 15 0.078601
66 16 0.078602
66 17 0.078603
66 18 0.078604
66 19 0.078604
66 20 0.078604
66 21 0.078603
66 22 0.078602
66 23 0.078601
66 24 0.078600
66 25 0.078600
66 26 0.078600
66 27 0.078601
66 28 0.078601
66 29 0.078602
66 30 0.078602
66 31 0.078603
66 32 0.078603
66 33 0.078603
66 34 0.078602
66 35 0.078602
66 36 0.078602
66 37 0.078602
66 38 0.078602
66 39 0.078602
66 40 0.078602
66 41 0.078602
66 42 0.078602
66 43 0.078602
66 44 0.078602
66 45 0.078602
66 46 0.078602
66 47 0.078602
66 48 0.078602
66 49 0.078602
66 50 0.078602
66 51 0.078602
66 52 0.078602
66 53 0.078602
66 54 0.078602
66 55 0.078602
66 56 0.078602
66 57 0.078602
66 58 0.078602
66 59 0.078601
66 60 0.078601
66 61 0.078601
66 62 0.078601
66 63 0.078601
66 64 0.078602
66 65 0.078602
66 66 0.078602
66 67 0.078602
66 68 0.078602
66 69 0.078602
66 70 0.078602
66 71 0.078602
66 72 0.078601
66 73 0.078601
66 74 0.078600
66 75 0.078600
66 76 0.078601
66 77 0.078601
66 78 0.078601
66 79 0.078602
66 80 0.078602
66 81 0.078603
66 82 0.078603
66 83 0.078603
66 84 0.078602
66 85 0.078602
66 86 0.078602
66 87 0.078602
66 88 0.078602
66 89 0.078602
66 90 0.078603
66 91 0.078603
66 92 0.078604
66 93 0.078604
66 94 0.078603
66 95 0.078603
66 96 0.078602
66 97 0.078601
66 98 0.078601
66 99 0.078601

67 0 0.078600
67 1 0.078600
67 2 0.078600
67 3 0.078601
67 4 0.078602
67 5 0.078603
67 6 0.078603
67 7 0.078603
67 8 0.078602
67 9 0.078601
67 10 0.078600
67 11 0.078599
67 12 0.078599
67 13 0.078599
67 14 0.078599
67 15 0.078600
67 16 0.078602
67 17 0.078603
67 18 0.078604
67 19 0.078604
67 20 0.078604
67 21 0.078603
67 22 0.078602
67 23 0.078601
67 24 0.078600
67 25 0.078600
67 26 0.078600
67 27 0.078600
67 28 0.078601
67 29 0.078602
67 30 0.078602
67 31 0.078603
67 32 0.078603
67 33 0.078603
67 34 0.078603
67 35 0.078602
67 36 0.078602
67 37 0.078602
67 38 0.078601
67 39 0.078601
67 40 0.078601
67 41 0.078602
67 42 0.078602
67 43 0.078602
67 44 0.078602
67 45 0.078602
67 46 0.078602
67 47 0.078602
67 48 0.078602
67 49 0.078602
67 50 0.078601
67 51 0.078601
67 52 0.078602
67 53 0.078602
67 54 0.078602
67 55 0.078602
67 56 0.078602
67 57 0.078602
67 58 0.078602
67 59 0.078602
67 60 0.078601
67 61 0.078601
67 62 0.078601
67 63 0.078601
67 64 0.078601
67 65 0.078602
67 66 0.078602
67 67 0.078602
67 68 0.078602
67 69 0.078602
67 70 0.078602
67 71 0.078602
67 72 0.078601
67 73 0.078601
67 74 0.078601
67 75 0.078601
67 76 0.078601
67 77 0.078601
67 78 0.078601
67 79 0.078602
67 80 0.078602
67 81 0.078602
67 82 0.078602
67 83 0.078602
67 84 0.078602
67 85 0.078602
67 86 0.078602
67 87 0.078602
67 88 0.078602
67 89 0.078602
67 90 0.078602
67 91 0.078603
67 92 0.078603
67 93 0.078603
67 94 0.078603
67 95 0.078603
67 96 0.078602
67 97 0.078602
67 98 0.078601
67 99 0.078601

68 0 0.078600
68 1 0.078600
68 2 0.078600
68 3 0.078601
68 4 0.078602
68 5 0.078603
68 6 0.078603
68 7 0.078603
68 8 0.078603
68 9 0.078602
68 10 0.078601
68 11 0.078600
68 12 0.078599
68 13 0.078599
68 14 0.078599
68 15 0.078600
68 16 0.078601
68 17 0.078602
68 18 0.078603
68 19 0.078604
68 20 0.078604
68 21 0.078603
68 22 0.078602
68 23 0.078601
68 24 0.078600
68 25 0.078599
68 26 0.078599
68 27 0.078600
68 28 0.078601
68 29 0.078602
68 30 0.078602
68 31 0.078603
68 32 0.078604
68 33 0.078603
68 34 0.078603
68 35 0.078603
68 36 0.078602
68 37 0.078602
68 38 0.078601
68 39 0.078601
68 40 0.078601
68 41 0.078602
68 42 0.078602
68 43 0.078602
68 44 0.078602
68 45 0.078602
68 46 0.078602
68 47 0.078602
68 48 0.078602
68 49 0.078601
68 50 0.078601
68 51 0.078601
68 52 0.078601
68 53 0.078602
68 54 0.078602
68 55 0.078602
68 56 0.078602
68 57 0.078602
68 58 0.078602
68 59 0.078602
68 60 0.078601
68 61 0.078601
68 62 0.078601
68 63 0.078601
68 64 0.078601
68 65 0.078601
68 66 0.078602
68 67 0.078602
68 68 0.078602
68 69 0.078602
68 70 0.078602
68 71 0.078602
68 72 0.078602
68 73 0.078601
68 74 0.078601
68 75 0.078601
68 76 0.078601
68 77 0.078601
68 78 0.078601
68 79 0.078602
68 80 0.078602
68 81 0.078602
68 82 0.078602
68 83 0.078602
68 84 0.078602
68 85 0.078602
68 86 0.078602
68 87 0.078602
68 88 0.078602
68 89 0.078602
68 90 0.078602
68 91 0.078602
68 92 0.078603
68 93 0.078603
68 94 0.078603
68 95 0.078603
68 96 0.078602
68 97 0.078602
68 98 0.078602
68 99 0.078602

69 0 0.078599
69 1 0.078599
69 2 0.078599
69 3 0.078600
69 4 0.078601
69 5 0.078602
69 6 0.078603
69 7 0.078604
69 8 0.078603
69 9 0.078603
69 10 0.078602
69 11 0.078600
69 12 0.078599
69 13 0.078599
69 14 0.078599
69 15 0.078600
69 16 0.078601
69 17 0.078602
69 18 0.078603
69 19 0.078604
69 20 0.078604
69 21 0.078603
69 22 0.078602
69 23 0.078601
69 24 0.078600
69 25 0.078600
69 26 0.078599
69 27 0.078600
69 28 0.078601
69 29 0.078602
69 30 0.078603
69 31 0.078603
69 32 0.078604
69 33 0.078603
69 34 0.078603
69 35 0.078603
69 36 0.078602
69 37 0.078602
69 38 0.078601
69 39 0.078601
69 40 0.078601
69 41 0.078602
69 42 0.078602
69 43 0.078602
69 44 0.078602
69 45 0.078602
69 46 0.078602
69 47 0.078602
69 48 0.078602
69 49 0.078601
69 50 0.078601
69 51 0.078601
69 52 0.078601
69 53 0.078602
69 54 0.078602
69 55 0.078602
69 56 0.078602
69 57 0.078602
69 58 0.078602
69 59 0.078601
69 60 0.078601
69 61 0.078601
69 62 0.078601
69 63 0.078601
69 64 0.078601
69 65 0.078601
69 66 0.078602
69 67 0.078602
69 68 0.078602
69 69 0.078602
69 70 0.078602
69 71 0.078602
69 72 0.078602
69 73 0.078601
69 74 0.078601
69 75 0.078601
69 76 0.078601
69 77 0.078601
69 78 0.078601
69 79 0.078602
69 80 0.078602
69 81 0.078602
69 82 0.078602
69 83 0.078602
69 84 0.078602
69 85 0.078602
69 86 0.078602
69 87 0.078601
69 88 0.078601
69 89 0.078601
69 90 0.078602
69 91 0.078602
69 92 0.078602
69 93 0.078603
69 94 0.078603
69 95 0.078603
69 96 0.078603
69 97 0.078602
69 98 0.078602
69 99 0.078602

70 0 0.078599
70 1 0.078599
70 2 0.078599
70 3 0.078600
70 4 0.078601
70 5 0.078602
70 6 0.078603
70 7 0.078604
70 8 0.078604
70 9 0.078603
70 10 0.078602
70 11 0.078601
70 12 0.078600
70 13 0.078599
70 14 0.078599
70 15 0.078600
70 16 0.078600
70 17 0.078601
70 18 0.078602
70 19 0.078603
70 20 0.078603
70 21 0.078603
70 22 0.078602
70 23 0.078601
70 24 0.078601
70 25 0.078600
70 26 0.078600
70 27 0.078600
70 28 0.078601
70 29 0.078602
70 30 0.078602
70 31 0.078603
70 32 0.078603
70 33 0.078603
70 34 0.078603
70 35 0.078602
70 36 0.078602
70 37 0.078602
70 38 0.078601
70 39 0.078601
70 40 0.078601
70 41 0.078602
70 42 0.078602
70 43 0.078602
70 44 0.078602
70 45 0.078602
70 46 0.078602
70 47 0.078602
70 48 0.078602
70 49 0.078601
70 50 0.078601
70 51 0.078601
70 52 0.078601
70 53 0.078602
70 54 0.078602
70 55 0.078602
70 56 0.078602
70 57 0.078602
70 58 0.078602
70 59 0.078601
70 60 0.078601
70 61 0.078601
70 62 0.078601
70 63 0.078601
70 64 0.078601
70 65 0.078601
70 66 0.078602
70 67 0.078602
70 68 0.078602
70 69 0.078602
70 70 0.078602
70 71 0.078602
70 72 0.078602
70 73 0.078602
70 74 0.078601
70 75 0.078601
70 76 0.078601
70 77 0.078601
70 78 0.078601
70 79 0.078602
70 80 0.078602
70 81 0.078602
70 82 0.078602
70 83 0.078602
70 84 0.078602
70 85 0.078602
70 86 0.078601
70 87 0.078601
70 88 0.078601
70 89 0.078601
70 90 0.078601
70 91 0.078602
70 92 0.078602
70 93 0.078602
70 94 0.078603
70 95 0.078603
70 96 0.078603
70 97 0.078602
70 98 0.078602
70 99 0.078602

71 0 0.078598
71 1 0.078598
71 2 0.078598
71 3 0.078599
71 4 0.078601
71 5 0.078602
71 6 0.078603
71 7 0.078604
71 8 0.078604
71 9 0.078604
71 10 0.078603
71 11 0.078602
71 12 0.078601
71 13 0.078600
71 14 0.078599
71 15 0.078599
71 16 0.078600
71 17 0.078601
71 18 0.078602
71 19 0.078602
71 20 0.078603
71 21 0.078603
71 22 0.078602
71 23 0.078602
71 24 0.078601
71 25 0.078601
71 26 0.078601
71 27 0.078601
71 28 0.078601
71 29 0.078602
71 30 0.078602
71 31 0.078603
71 32 0.078603
71 33 0.078603
71 34 0.078603
71 35 0.078602
71 36 0.078602
71 37 0.078602
71 38 0.078602
71 39 0.078602
71 40 0.078602
71 41 0.078602
71 42 0.078602
71 43 0.078602
71 44 0.078602
71 45 0.078602
71 46 0.078602
71 47 0.078602
71 48 0.078602
71 49 0.078601
71 50 0.078601
71 51 0.078602
71 52 0.078602
71 53 0.078602
71 54 0.078602
71 55 0.078602
71 56 0.078602
71 57 0.078602
71 58 0.078602
71 59 0.078601
71 60 0.078601
71 61 0.078601
71 62 0.078601
71 63 0.078601
71 64 0.078601
71 65 0.078601
71 66 0.078602
71 67 0.078602
71 68 0.078602
71 69 0.078602
71 70 0.078602
71 71 0.078602
71 72 0.078602
71 73 0.078602
71 74 0.078602
71 75 0.078601
71 76 0.078601
71 77 0.078602
71 78 0.078602
71 79 0.078602
71 80 0.078602
71 81 0.078602
71 82 0.078602
71 83 0.078602
71 84 0.078602
71 85 0.078602
71 86 0.078601
71 87 0.078601
71 88 0.078601
71 89 0.078601
71 90 0.078601
71 91 0.078602
71 92 0.078602
71 93 0.078602
71 94 0.078602
71 95 0.078603
71 96 0.078602
71 97 0.078602
71 98 0.078602
71 99 0.078602

72 0 0.078600
72 1 0.078600
72 2 0.078601
72 3 0.078602
72 4 0.078602
72 5 0.078602
72 6 0.078602
72 7 0.078601
72 8 0.078601
72 9 0.078601
72 10 0.078601
72 11 0.078601
72 12 0.078601
72 13 0.078601
72 14 0.078602
72 15 0.078602
72 16 0.078602
72 17 0.078602
72 18 0.078602
72 19 0.078602
72 20 0.078602
72 21 0.078602
72 22 0.078602
72 23 0.078602
72 24 0.078602
72 25 0.078602
72 26 0.078602
72 27 0.078602
72 28 0.078602
72 29 0.078602
72 30 0.078602
72 31 0.078602
72 32 0.078602
72 33 0.078602
72 34 0.078602
72 35 0.078602
72 36 0.078602
72 37 0.078602
72 38 0.078602
72 39 0.078602
72 40 0.078602
72 41 0.078602
72 42 0.078602
72 43 0.078602
72 44 0.078602
72 45 0.078602
72 46 0.078602
72 47 0.078602
72 48 0.078602
72 49 0.078602
72 50 0.078602
72 51 0.078602
72 52 0.078602
72 53 0.078602
72 54 0.078601
72 55 0.078601
72 56 0.078601
72 57 0.078601
72 58 0.078601
72 59 0.078601
72 60 0.078601
72 61 0.078602
72 62 0.078602
72 63 0.078602
72 64 0.078602
72 65 0.078602
72 66 0.078602
72 67 0.078602
72 68 0.078602
72 69 0.078602
72 70 0.078602
72 71 0.078602
72 72 0.078602
72 73 0.078602
72 74 0.078602
72 75 0.078602
72 76 0.078602
72 77 0.078602
72 78 0.078602
72 79 0.078602
72 80 0.078602
72 81 0.078602
72 82 0.078602
72 83 0.078602
72 84 0.078602
72 85 0.078602
72 86 0.078602
72 87 0.078602
72 88 0.078602
72 89 0.078602
72 90 0.078602
72 91 0.078602
72 92 0.078602
72 93 0.078602
72 94 0.078602
72 95 0.078602
72 96 0.078602
72 97 0.078602
72 98 0.078602
72 99 0.078602

73 0 0.078601
73 1 0.078601
73 2 0.078602
73 3 0.078602
73 4 0.078602
73 5 0.078602
73 6 0.078602
73 7 0.078601
73 8 0.078601
73 9 0.078600
73 10 0.078600
73 11 0.078600
73 12 0.078601
73 13 0.078601
73 14 0.078601
73 15 0.078602
73 16 0.078602
73 17 0.078602
73 18 0.078602
73 19 0.078602
73 20 0.078602
73 21 0.078602
73 22 0.078602
73 23 0.078602
73 24 0.078602
73 25 0.078602
73 26 0.078602
73 27 0.078602
73 28 0.078602
73 29 0.078602
73 30 0.078602
73 31 0.078602
73 32 0.078602
73 33 0.078602
73 34 0.078602
73 35 0.078602
73 36 0.078602
73 37 0.078602
73 38 0.078602
73 39 0.078602
73 40 0.078602
73 41 0.078602
73 42 0.078602
73 43 0.078602
73 44 0.078602
73 45 0.078602
73 46 0.078602
73 47 0.078602
73 48 0.078602
73 49 0.078602
73 50 0.078602
73 51 0.078602
73 52 0.078602
73 53 0.078601
73 54 0.078601
73 55 0.078601
73 56 0.078601
73 57 0.078601
73 58 0.078601
73 59 0.078601
73 60 0.078601
73 61 0.078602
73 62 0.078602
73 63 0.078602
73 64 0.078602
73 65 0.078602
73 66 0.078602
73 67 0.078602
73 68 0.078602
73 69 0.078602
73 70 0.078602
73 71 0.078602
73 72 0.078602
73 73 0.078602
73 74 0.078602
73 75 0.078602
73 76 0.078602
73 77 0.078602
73 78 0.078602
73 79 0.078602
73 80 0.078602
73 81 0.078602
73 82 0.078602
73 83 0.078602
73 84 0.078602
73 85 0.078602
73 86 0.078602
73 87 0.078602
73 88 0.078602
73 89 0.078602
73 90 0.078602
73 91 0.078602
73 92 0.078602
73 93 0.078602
73 94 0.078602
73 95 0.078602
73 96 0.078602
73 97 0.078602
73 98 0.078602
73 99 0.078602

74 0 0.078601
74 1 0.078601
74 2 0.078602
74 3 0.078602
74 4 0.078602
74 5 0.078602
74 6 0.078601
74 7 0.078601
74 8 0.078601
74 9 0.078600
74 10 0.078600
74 11 0.078600
74 12 0.078600
74 13 0.078601
74 14 0.078601
74 15 0.078602
74 16 0.078602
74 17 0.078602
74 18 0.078602
74 19 0.078602
74 20 0.078602
74 21 0.078602
74 22 0.078601
74 23 0.078601
74 24 0.078601
74 25 0.078601
74 26 0.078601
74 27 0.078601
74 28 0.078602
74 29 0.078602
74 30 0.078602
74 31 0.078602
74 32 0.078602
74 33 0.078602
74 34 0.078602
74 35 0.078602
74 36 0.078602
74 37 0.078602
74 38 0.078602
74 39 0.078602
74 40 0.078602
74 41 0.078602
74 42 0.078602
74 43 0.078602
74 44 0.078602
74 45 0.078602
74 46 0.078602
74 47 0.078602
74 48 0.078602
74 49 0.078602
74 50 0.078602
74 51 0.078601
74 52 0.078601
74 53 0.078601
74 54 0.078601
74 55 0.078601
74 56 0.078601
74 57 0.078601
74 58 0.078601
74 59 0.078602
74 60 0.078602
74 61 0.078602
74 62 0.078602
74 63 0.078602
74 64 0.078602
74 65 0.078602
74 66 0.078602
74 67 0.078602
74 68 0.078602
74 69 0.078602
74 70 0.078602
74 71 0.078602
74 72 0.078602
74 73 0.078602
74 74 0.078602
74 75 0.078602
74 76 0.078602
74 77 0.078602
74 78 0.078602
74 79 0.078602
74 80 0.078602
74 81 0.078602
74 82 0.078602
74 83 0.078602
74 84 0.078602
74 85 0.078602
74 86 0.078602
74 87 0.078602
74 88 0.078602
74 89 0.078602
74 90 0.078602
74 91 0.078602
74 92 0.078602
74 93 0.078602
74 94 0.078602
74 95 0.078602
74 96 0.078602
74 97 0.078602
74 98 0.078602
74 99 0.078602

75 0 0.078601
75 1 0.078601
75 2 0.078602
75 3 0.078602
75 4 0.078602
75 5 0.078602
75 6 0.078601
75 7 0.078601
75 8 0.078600
75 9 0.078600
75 10 0.078600
75 11 0.078600
75 12 0.078600
75 13 0.078601
75 14 0.078602
75 15 0.078602
75 16 0.078602
75 17 0.078603
75 18 0.078603
75 19 0.078602
75 20 0.078602
75 21 0.078602
75 22 0.078601
75 23 0.078601
75 24 0.078601
75 25 0.078601
75 26 0.078601
75 27 0.078601
75 28 0.078602
75 29 0.078602
75 30 0.078602
75 31 0.078602
75 32 0.078602
75 33 0.078602
75 34 0.078602
75 35 0.078602
75 36 0.078602
75 37 0.078601
75 38 0.078602
75 39 0.078602
75 40 0.078602
75 41 0.078602
75 42 0.078602
75 43 0.078602
75 44 0.078602
75 45 0.078602
75 46 0.078602
75 47 0.078602
75 48 0.078602
75 49 0.078601
75 50 0.078601
75 51 0.078601
75 52 0.078601
75 53 0.078601
75 54 0.078601
75 55 0.078602
75 56 0.078602
75 57 0.078602
75 58 0.078602
75 59 0.078602
75 60 0.078602
75 61 0.078602
75 62 0.078602
75 63 0.078602
75 64 0.078602
75 65 0.078602
75 66 0.078602
75 67 0.078602
75 68 0.078602
75 69 0.078602
75 70 0.078602
75 71 0.078602
75 72 0.078602
75 73 0.078602
75 74 0.078602
75 75 0.078602
75 76 0.078602
75 77 0.078602
75 78 0.078602
75 79 0.078602
75 80 0.078602
75 81 0.078602
75 82 0.078602
75 83 0.078602
75 84 0.078602
75 85 0.078602
75 86 0.078602
75 87 0.078602
75 88 0.078602
75 89 0.078602
75 90 0.078602
75 91 0.078602
75 92 0.078602
75 93 0.078602
75 94 0.078602
75 95 0.078602
75 96 0.078602
75 97 0.078602
75 98 0.078602
75 99 0.078602

76 0 0.078602
76 1 0.078602
76 2 0.078602
76 3 0.078602
76 4 0.078602
76 5 0.078601
76 6 0.078601
76 7 0.078601
76 8 0.078600
76 9 0.078600
76 10 0.078600
76 11 0.078600
76 12 0.078601
76 13 0.078601
76 14 0.078602
76 15 0.078602
76 16 0.078603
76 17 0.078603
76 18 0.078603
76 19 0.078602
76 20 0.078602
76 21 0.078601
76 22 0.078601
76 23 0.078601
76 24 0.078601
76 25 0.078601
76 26 0.078601
76 27 0.078601
76 28 0.078602
76 29 0.078602
76 30 0.078602
76 31 0.078602
76 32 0.078602
76 33 0.078602
76 34 0.078602
76 35 0.078602
76 36 0.078601
76 37 0.078601
76 38 0.078601
76 39 0.078602
76 40 0.078602
76 41 0.078602
76 42 0.078602
76 43 0.078602
76 44 0.078602
76 45 0.078602
76 46 0.078602
76 47 0.078602
76 48 0.078601
76 49 0.078601
76 50 0.078601
76 51 0.078601
76 52 0.078601
76 53 0.078601
76 54 0.078602
76 55 0.078602
76 56 0.078602
76 57 0.078602
76 58 0.078602
76 59 0.078602
76 60 0.078602
76 61 0.078602
76 62 0.078602
76 63 0.078602
76 64 0.078602
76 65 0.078602
76 66 0.078602
76 67 0.078602
76 68 0.078602
76 69 0.078602
76 70 0.078602
76 71 0.078602
76 72 0.078602
76 73 0.078602
76 74 0.078602
76 75 0.078602
76 76 0.078602
76 77 0.078602
76 78 0.078602
76 79 0.078602
76 80 0.078602
76 81 0.078602
76 82 0.078602
76 83 0.078602
76 84 0.078602
76 85 0.078602
76 86 0.078602
76 87 0.078602
76 88 0.078602
76 89 0.078602
76 90 0.078602
76 91 0.078602
76 92 0.078602
76 93 0.078602
76 94 0.078602
76 95 0.078602
76 96 0.078602
76 97 0.078602
76 98 0.078602
76 99 0.078602

77 0 0.078602
77 1 0.078602
77 2 0.078602
77 3 0.078602
77 4 0.078601
77 5 0.078601
77 6 0.078601
77 7 0.078600
77 8 0.078600
77 9 0.078600
77 10 0.078600
77 11 0.078600
77 12 0.078601
77 13 0.078601
77 14 0.078602
77 15 0.078602
77 16 0.078602
77 17 0.078602
77 18 0.078602
77 19 0.078602
77 20 0.078602
77 21 0.078601
77 22 0.078601
77 23 0.078601
77 24 0.078601
77 25 0.078601
77 26 0.078601
77 27 0.078602
77 28 0.078602
77 29 0.078602
77 30 0.078602
77 31 0.078602
77 32 0.078602
77 33 0.078602
77 34 0.078602
77 35 0.078602
77 36 0.078602
77 37 0.078602
77 38 0.078602
77 39 0.078602
77 40 0.078602
77 41 0.078602
77 42 0.078602
77 43 0.078602
77 44 0.078602
77 45 0.078602
77 46 0.078602
77 47 0.078601
77 48 0.078601
77 49 0.078601
77 50 0.078601
77 51 0.078601
77 52 0.078601
77 53 0.078602
77 54 0.078602
77 55 0.078602
77 56 0.078602
77 57 0.078602
77 58 0.078602
77 59 0.078602
77 60 0.078602
77 61 0.078602
77 62 0.078602
77 63 0.078602
77 64 0.078602
77 65 0.078602
77 66 0.078602
77 67 0.078602
77 68 0.078602
77 69 0.078602
77 70 0.078602
77 71 0.078602
77 72 0.078602
77 73 0.078602
77 74 0.078602
77 75 0.078602
77 76 0.078602
77 77 0.078602
77 78 0.078602
77 79 0.078602
77 80 0.078602
77 81 0.078602
77 82 0.078602
77 83 0.078602
77 84 0.078602
77 85 0.078602
77 86 0.078602
77 87 0.078602
77 88 0.078602
77 89 0.078602
77 90 0.078602
77 91 0.078602
77 92 0.078602
77 93 0.078602
77 94 0.078602
77 95 0.078602
77 96 0.078602
77 97 0.078602
77 98 0.078602
77 99 0.078602

78 0 0.078601
78 1 0.078601
78 2 0.078601
78 3 0.078601
78 4 0.078601
78 5 0.078601
78 6 0.078601
78 7 0.078601
78 8 0.078601
78 9 0.078601
78 10 0.078601
78 11 0.078601
78 12 0.078602
78 13 0.078602
78 14 0.078602
78 15 0.078602
78 16 0.078602
78 17 0.078602
78 18 0.078602
78 19 0.078601
78 20 0.078601
78 21 0.078601
78 22 0.078601
78 23 0.078601
78 24 0.078601
78 25 0.078601
78 26 0.078602
78 27 0.078602
78 28 0.078602
78 29 0.078602
78 30 0.078602
78 31 0.078602
78 32 0.078602
78 33 0.078602
78 34 0.078602
78 35 0.078602
78 36 0.078602
78 37 0.078602
78 38 0.078602
78 39 0.078602
78 40 0.078602
78 41 0.078602
78 42 0.078602
78 43 0.078602
78 44 0.078602
78 45 0.078602
78 46 0.078601
78 47 0.078601
78 48 0.078601
78 49 0.078601
78 50 0.078601
78 51 0.078601
78 52 0.078602
78 53 0.078602
78 54 0.078602
78 55 0.078602
78 56 0.078602
78 57 0.078602
78 58 0.078602
78 59 0.078602
78 60 0.078602
78 61 0.078602
78 62 0.078602
78 63 0.078602
78 64 0.078602
78 65 0.078602
78 66 0.078602
78 67 0.078602
78 68 0.078602
78 69 0.078602
78 70 0.078602
78 71 0.078602
78 72 0.078602
78 73 0.078602
78 74 0.078602
78 75 0.078602
78 76 0.078602
78 77 0.078602
78 78 0.078602
78 79 0.078602
78 80 0.078602
78 81 0.078602
78 82 0.078602
78 83 0.078602
78 84 0.078602
78 85 0.078602
78 86 0.078602
78 87 0.078602
78 88 0.078602
78 89 0.078602
78 90 0.078602
78 91 0.078602
78 92 0.078602
78 93 0.078602
78 94 0.078602
78 95 0.078602
78 96 0.078602
78 97 0.078602
78 98 0.078602
78 99 0.078602

79 0 0.078601
79 1 0.078601
79 2 0.078601
79 3 0.078601
79 4 0.078601
79 5 0.078601
79 6 0.078601
79 7 0.078601
79 8 0.078601
79 9 0.078601
79 10 0.078601
79 11 0.078601
79 12 0.078602
79 13 0.078602
79 14 0.078602
79 15 0.078602
79 16 0.078602
79 17 0.078601
79 18 0.078601
79 19 0.078601
79 20 0.078601
79 21 0.078601
79 22 0.078601
79 23 0.078601
79 24 0.078601
79 25 0.078601
79 26 0.078602
79 27 0.078602
79 28 0.078602
79 29 0.078602
79 30 0.078602
79 31 0.078602
79 32 0.078602
79 33 0.078602
79 34 0.078602
79 35 0.078602
79 36 0.078601
79 37 0.078602
79 38 0.078602
79 39 0.078602
79 40 0.078602
79 41 0.078602
79 42 0.078602
79 43 0.078602
79 44 0.078602
79 45 0.078601
79 46 0.078601
79 47 0.078601
79 48 0.078601
79 49 0.078601
79 50 0.078601
79 51 0.078601
79 52 0.078602
79 53 0.078602
79 54 0.078602
79 55 0.078602
79 56 0.078602
79 57 0.078602
79 58 0.078602
79 59 0.078602
79 60 0.078602
79 61 0.078601
79 62 0.078601
79 63 0.078601
79 64 0.078601
79 65 0.078601
79 66 0.078602
79 67 0.078602
79 68 0.078602
79 69 0.078602
79 70 0.078602
79 71 0.078602
79 72 0.078602
79 73 0.078602
79 74 0.078602
79 75 0.078602
79 76 0.078602
79 77 0.078602
79 78 0.078602
79 79 0.078602
79 80 0.078602
79 81 0.078602
79 82 0.078602
79 83 0.078602
79 84 0.078602
79 85 0.078602
79 86 0.078602
79 87 0.078602
79 88 0.078602
79 89 0.078602
79 90 0.078602
79 91 0.078602
79 92 0.078602
79 93 0.078602
79 94 0.078602
79 95 0.078602
79 96 0.078602
79 97 0.078602
79 98 0.078602
79 99 0.078602

80 0 0.078601
80 1 0.078601
80 2 0.078601
80 3 0.078601
80 4 0.078601
80 5 0.078601
80 6 0.078601
80 7 0.078601
80 8 0.078602
80 9 0.078602
80 10 0.078602
80 11 0.078602
80 12 0.078602
80 13 0.078602
80 14 0.078601
80 15 0.078601
80 16 0.078601
80 17 0.078601
80 18 0.078601
80 19 0.078601
80 20 0.078601
80 21 0.078601
80 22 0.078601
80 23 0.078601
80 24 0.078602
80 25 0.078602
80 26 0.078602
80 27 0.078602
80 28 0.078602
80 29 0.078602
80 30 0.078602
80 31 0.078602
80 32 0.078602
80 33 0.078602
80 34 0.078602
80 35 0.078601
80 36 0.078601
80 37 0.078602
80 38 0.078602
80 39 0.078602
80 40 0.078602
80 41 0.078602
80 42 0.078602
80 43 0.078602
80 44 0.078601
80 45 0.078601
80 46 0.078601
80 47 0.078601
80 48 0.078601
80 49 0.078601
80 50 0.078602
80 51 0.078602
80 52 0.078602
80 53 0.078602
80 54 0.078602
80 55 0.078602
80 56 0.078602
80 57 0.078602
80 58 0.078602
80 59 0.078601
80 60 0.078601
80 61 0.078601
80 62 0.078601
80 63 0.078601
80 64 0.078601
80 65 0.078602
80 66 0.078602
80 67 0.078602
80 68 0.078602
80 69 0.078602
80 70 0.078602
80 71 0.078602
80 72 0.078602
80 73 0.078602
80 74 0.078602
80 75 0.078602
80 76 0.078602
80 77 0.078602
80 78 0.078602
80 79 0.078602
80 80 0.078602
80 81 0.078602
80 82 0.078602
80 83 0.078602
80 84 0.078602
80 85 0.078602
80 86 0.078602
80 87 0.078602
80 88 0.078602
80 89 0.078602
80 90 0.078602
80 91 0.078602
80 92 0.078602
80 93 0.078602
80 94 0.078602
80 95 0.078602
80 96 0.078602
80 97 0.078602
80 98 0.078602
80 99 0.078602

81 0 0.078600
81 1 0.078600
81 2 0.078600
81 3 0.078601
81 4 0.078601
81 5 0.078601
81 6 0.078601
81 7 0.078602
81 8 0.078602
81 9 0.078602
81 10 0.078602
81 11 0.078602
81 12 0.078602
81 13 0.078601
81 14 0.078601
81 15 0.078601
81 16 0.078601
81 17 0.078601
81 18 0.078601
81 19 0.078601
81 20 0.078601
81 21 0.078601
81 22 0.078601
81 23 0.078602
81 24 0.078602
81 25 0.078602
81 26 0.078602
81 27 0.078602
81 28 0.078602
81 29 0.078602
81 30 0.078602
81 31 0.078602
81 32 0.078602
81 33 0.078601
81 34 0.078601
81 35 0.078601
81 36 0.078601
81 37 0.078602
81 38 0.078602
81 39 0.078602
81 40 0.078602
81 41 0.078602
81 42 0.078602
81 43 0.078601
81 44 0.078601
81 45 0.078601
81 46 0.078601
81 47 0.078601
81 48 0.078601
81 49 0.078602
81 50 0.078602
81 51 0.078602
81 52 0.078602
81 53 0.078602
81 54 0.078602
81 55 0.078602
81 56 0.078602
81 57 0.078602
81 58 0.078601
81 59 0.078601
81 60 0.078601
81 61 0.078601
81 62 0.078601
81 63 0.078601
81 64 0.078601
81 65 0.078602
81 66 0.078602
81 67 0.078602
81 68 0.078602
81 69 0.078602
81 70 0.078602
81 71 0.078602
81 72 0.078602
81 73 0.078602
81 74 0.078602
81 75 0.078602
81 76 0.078602
81 77 0.078602
81 78 0.078602
81 79 0.078602
81 80 0.078602
81 81 0.078602
81 82 0.078602
81 83 0.078602
81 84 0.078602
81 85 0.078602
81 86 0.078602
81 87 0.078602
81 88 0.078602
81 89 0.078602
81 90 0.078602
81 91 0.078602
81 92 0.078602
81 93 0.078602
81 94 0.078602
81 95 0.078602
81 96 0.078602
81 97 0.078602
81 98 0.078602
81 99 0.078602

82 0 0.078600
82 1 0.078600
82 2 0.078600
82 3 0.078601
82 4 0.078601
82 5 0.078601
82 6 0.078602
82 7 0.078602
82 8 0.078602
82 9 0.078602
82 10 0.078602
82 11 0.078602
82 12 0.078601
82 13 0.078601
82 14 0.078601
82 15 0.078601
82 16 0.078601
82 17 0.078601
82 18 0.078601
82 19 0.078601
82 20 0.078601
82 21 0.078601
82 22 0.078602
82 23 0.078602
82 24 0.078602
82 25 0.078602
82 26 0.078602
82 27 0.078602
82 28 0.078602
82 29 0.078602
82 30 0.078602
82 31 0.078602
82 32 0.078601
82 33 0.078601
82 34 0.078601
82 35 0.078601
82 36 0.078601
82 37 0.078602
82 38 0.078602
82 39 0.078602
82 40 0.078602
82 41 0.078602
82 42 0.078601
82 43 0.078601
82 44 0.078601
82 45 0.078601
82 46 0.078601
82 47 0.078601
82 48 0.078601
82 49 0.078602
82 50 0.078602
82 51 0.078602
82 52 0.078602
82 53 0.078602
82 54 0.078602
82 55 0.078602
82 56 0.078602
82 57 0.078601
82 58 0.078601
82 59 0.078601
82 60 0.078601
82 61 0.078601
82 62 0.078601
82 63 0.078601
82 64 0.078601
82 65 0.078602
82 66 0.078602
82 67 0.078602
82 68 0.078602
82 69 0.078602
82 70 0.078602
82 71 0.078602
82 72 0.078602
82 73 0.078602
82 74 0.078602
82 75 0.078602
82 76 0.078602
82 77 0.078602
82 78 0.078602
82 79 0.078602
82 80 0.078602
82 81 0.078602
82 82 0.078602
82 83 0.078602
82 84 0.078602
82 85 0.078602
82 86 0.078602
82 87 0.078602
82 88 0.078602
82 89 0.078602
82 90 0.078602
82 91 0.078602
82 92 0.078602
82 93 0.078602
82 94 0.078602
82 95 0.078602
82 96 0.078602
82 97 0.078602
82 98 0.078602
82 99 0.078602

83 0 0.078600
83 1 0.078600
83 2 0.078600
83 3 0.078601
83 4 0.078601
83 5 0.078602
83 6 0.078602
83 7 0.078602
83 8 0.078602
83 9 0.078602
83 10 0.078602
83 11 0.078602
83 12 0.078601
83 13 0.078601
83 14 0.078601
83 15 0.078601
83 16 0.078601
83 17 0.078601
83 18 0.078601
83 19 0.078601
83 20 0.078601
83 21 0.078602
83 22 0.078602
83 23 0.078602
83 24 0.078602
83 25 0.078602
83 26 0.078602
83 27 0.078602
83 28 0.078602
83 29 0.078602
83 30 0.078601
83 31 0.078601
83 32 0.078601
83 33 0.078601
83 34 0.078601
83 35 0.078601
83 36 0.078602
83 37 0.078602
83 38 0.078602
83 39 0.078602
83 40 0.078602
83 41 0.078601
83 42 0.078601
83 43 0.078601
83 44 0.078601
83 45 0.078601
83 46 0.078601
83 47 0.078601
83 48 0.078602
83 49 0.078602
83 50 0.078602
83 51 0.078602
83 52 0.078602
83 53 0.078602
83 54 0.078602
83 55 0.078602
83 56 0.078602
83 57 0.078601
83 58 0.078601
83 59 0.078601
83 60 0.078601
83 61 0.078601
83 62 0.078601
83 63 0.078601
83 64 0.078602
83 65 0.078602
83 66 0.078602
83 67 0.078602
83 68 0.078602
83 69 0.078602
83 70 0.078602
83 71 0.078602
83 72 0.078602
83 73 0.078602
83 74 0.078602
83 75 0.078602
83 76 0.078602
83 77 0.078602
83 78 0.078602
83 79 0.078602
83 80 0.078602
83 81 0.078602
83 82 0.078602
83 83 0.078602
83 84 0.078602
83 85 0.078602
83 86 0.078602
83 87 0.078602
83 88 0.078602
83 89 0.078602
83 90 0.078602
83 91 0.078602
83 92 0.078602
83 93 0.078602
83 94 0.078602
83 95 0.078602
83 96 0.078602
83 97 0.078602
83 98 0.078602
83 99 0.078602

84 0 0.078600
84 1 0.078600
84 2 0.078600
84 3 0.078601
84 4 0.078601
84 5 0.078602
84 6 0.078602
84 7 0.078602
84 8 0.078602
84 9 0.078602
84 10 0.078602
84 11 0.078601
84 12 0.078601
84 13 0.078601
84 14 0.078601
84 15 0.078600
84 16 0.078600
84 17 0.078601
84 18 0.078601
84 19 0.078601
84 20 0.078602
84 21 0.078602
84 22 0.078602
84 23 0.078602
84 24 0.078602
84 25 0.078602
84 26 0.078602
84 27 0.078602
84 28 0.078601
84 29 0.078601
84 30 0.078601
84 31 0.078601
84 32 0.078601
84 33 0.078601
84 34 0.078601
84 35 0.078602
84 36 0.078602
84 37 0.078602
84 38 0.078602
84 39 0.078602
84 40 0.078601
84 41 0.078601
84 42 0.078601
84 43 0.078601
84 44 0.078601
84 45 0.078601
84 46 0.078601
84 47 0.078602
84 48 0.078602
84 49 0.078602
84 50 0.078602
84 51 0.078602
84 52 0.078602
84 53 0.078602
84 54 0.078602
84 55 0.078602
84 56 0.078601
84 57 0.078601
84 58 0.078601
84 59 0.078601
84 60 0.078601
84 61 0.078601
84 62 0.078601
84 63 0.078602
84 64 0.078602
84 65 0.078602
84 66 0.078602
84 67 0.078602
84 68 0.078602
84 69 0.078602
84 70 0.078602
84 71 0.078602
84 72 0.078602
84 73 0.078602
84 74 0.078602
84 75 0.078602
84 76 0.078602
84 77 0.078602
84 78 0.078602
84 79 0.078602
84 80 0.078602
84 81 0.078602
84 82 0.078602
84 83 0.078602
84 84 0.078602
84 85 0.078602
84 86 0.078602
84 87 0.078602
84 88 0.078602
84 89 0.078602
84 90 0.078602
84 91 0.078602
84 92 0.078602
84 93 0.078602
84 94 0.078602
84 95 0.078602
84 96 0.078602
84 97 0.078602
84 98 0.078602
84 99 0.078602

85 0 0.078600
85 1 0.078600
85 2 0.078600
85 3 0.078601
85 4 0.078601
85 5 0.078602
85 6 0.078602
85 7 0.078602
85 8 0.078602
85 9 0.078602
85 10 0.078602
85 11 0.078601
85 12 0.078601
85 13 0.078601
85 14 0.078600
85 15 0.078600
85 16 0.078601
85 17 0.078601
85 18 0.078601
85 19 0.078601
85 20 0.078602
85 21 0.078602
85 22 0.078602
85 23 0.078602
85 24 0.078602
85 25 0.078602
85 26 0.078602
85 27 0.078601
85 28 0.078601
85 29 0.078601
85 30 0.078601
85 31 0.078601
85 32 0.078601
85 33 0.078601
85 34 0.078602
85 35 0.078602
85 36 0.078602
85 37 0.078602
85 38 0.078602
85 39 0.078602
85 40 0.078601
85 41 0.078601
85 42 0.078601
85 43 0.078601
85 44 0.078601
85 45 0.078601
85 46 0.078601
85 47 0.078602
85 48 0.078602
85 49 0.078602
85 50 0.078602
85 51 0.078602
85 52 0.078602
85 53 0.078602
85 54 0.078602
85 55 0.078601
85 56 0.078601
85 57 0.078601
85 58 0.078601
85 59 0.078601
85 60 0.078601
85 61 0.078601
85 62 0.078601
85 63 0.078602
85 64 0.078602
85 65 0.078602
85 66 0.078602
85 67 0.078602
85 68 0.078602
85 69 0.078602
85 70 0.078602
85 71 0.078602
85 72 0.078602
85 73 0.078602
85 74 0.078602
85 75 0.078602
85 76 0.078602
85 77 0.078602
85 78 0.078602
85 79 0.078602
85 80 0.078602
85 81 0.078602
85 82 0.078602
85 83 0.078602
85 84 0.078602
85 85 0.078602
85 86 0.078602
85 87 0.078602
85 88 0.078602
85 89 0.078602
85 90 0.078602
85 91 0.078602
85 92 0.078602
85 93 0.078602
85 94 0.078602
85 95 0.078602
85 96 0.078602
85 97 0.078602
85 98 0.078602
85 99 0.078602

86 0 0.078600
86 1 0.078601
86 2 0.078601
86 3 0.078601
86 4 0.078601
86 5 0.078602
86 6 0.078602
86 7 0.078602
86 8 0.078602
86 9 0.078601
86 10 0.078601
86 11 0.078601
86 12 0.078601
86 13 0.078601
86 14 0.078601
86 15 0.078601
86 16 0.078601
86 17 0.078601
86 18 0.078601
86 19 0.078602
86 20 0.078602
86 21 0.078602
86 22 0.078602
86 23 0.078602
86 24 0.078602
86 25 0.078602
86 26 0.078601
86 27 0.078601
86 28 0.078601
86 29 0.078601
86 30 0.078601
86 31 0.078601
86 32 0.078601
86 33 0.078602
86 34 0.078602
86 35 0.078602
86 36 0.078602
86 37 0.078602
86 38 0.078602
86 39 0.078601
86 40 0.078601
86 41 0.078601
86 42 0.078601
86 43 0.078601
86 44 0.078601
86 45 0.078601
86 46 0.078602
86 47 0.078602
86 48 0.078602
86 49 0.078602
86 50 0.078602
86 51 0.078602
86 52 0.078602
86 53 0.078602
86 54 0.078601
86 55 0.078601
86 56 0.078601
86 57 0.078601
86 58 0.078601
86 59 0.078601
86 60 0.078601
86 61 0.078601
86 62 0.078602
86 63 0.078602
86 64 0.078602
86 65 0.078602
86 66 0.078602
86 67 0.078602
86 68 0.078602
86 69 0.078602
86 70 0.078602
86 71 0.078602
86 72 0.078602
86 73 0.078602
86 74 0.078602
86 75 0.078602
86 76 0.078602
86 77 0.078602
86 78 0.078602
86 79 0.078602
86 80 0.078602
86 81 0.078602
86 82 0.078602
86 83 0.078602
86 84 0.078602
86 85 0.078602
86 86 0.078602
86 87 0.078602
86 88 0.078602
86 89 0.078602
86 90 0.078602
86 91 0.078602
86 92 0.078602
86 93 0.078602
86 94 0.078602
86 95 0.078602
86 96 0.078602
86 97 0.078602
86 98 0.078602
86 99 0.078602

87 0 0.078600
87 1 0.078601
87 2 0.078601
87 3 0.078601
87 4 0.078601
87 5 0.078602
87 6 0.078602
87 7 0.078602
87 8 0.078601
87 9 0.078601
87 10 0.078601
87 11 0.078601
87 12 0.078601
87 13 0.078601
87 14 0.078601
87 15 0.078601
87 16 0.078601
87 17 0.078601
87 18 0.078601
87 19 0.078602
87 20 0.078602
87 21 0.078602
87 22 0.078602
87 23 0.078602
87 24 0.078602
87 25 0.078601
87 26 0.078601
87 27 0.078601
87 28 0.078601
87 29 0.078601
87 30 0.078601
87 31 0.078601
87 32 0.078601
87 33 0.078602
87 34 0.078602
87 35 0.078602
87 36 0.078602
87 37 0.078602
87 38 0.078602
87 39 0.078601
87 40 0.078601
87 41 0.078601
87 42 0.078601
87 43 0.078601
87 44 0.078601
87 45 0.078601
87 46 0.078602
87 47 0.078602
87 48 0.078602
87 49 0.078602
87 50 0.078602
87 51 0.078602
87 52 0.078602
87 53 0.078601
87 54 0.078601
87 55 0.078601
87 56 0.078601
87 57 0.078601
87 58 0.078601
87 59 0.078601
87 60 0.078601
87 61 0.078602
87 62 0.078602
87 63 0.078602
87 64 0.078602
87 65 0.078602
87 66 0.078602
87 67 0.078602
87 68 0.078602
87 69 0.078602
87 70 0.078602
87 71 0.078602
87 72 0.078602
87 73 0.078602
87 74 0.078602
87 75 0.078602
87 76 0.078602
87 77 0.078602
87 78 0.078602
87 79 0.078602
87 80 0.078602
87 81 0.078602
87 82 0.078602
87 83 0.078602
87 84 0.078602
87 85 0.078602
87 86 0.078602
87 87 0.078602
87 88 0.078602
87 89 0.078602
87 90 0.078602
87 91 0.078602
87 92 0.078602
87 93 0.078602
87 94 0.078602
87 95 0.078602
87 96 0.078602
87 97 0.078602
87 98 0.078602
87 99 0.078602

88 0 0.078601
88 1 0.078601
88 2 0.078601
88 3 0.078601
88 4 0.078601
88 5 0.078601
88 6 0.078601
88 7 0.078601
88 8 0.078601
88 9 0.078601
88 10 0.078601
88 11 0.078601
88 12 0.078601
88 13 0.078601
88 14 0.078601
88 15 0.078601
88 16 0.078601
88 17 0.078601
88 18 0.078602
88 19 0.078602
88 20 0.078602
88 21 0.078602
88 22 0.078602
88 23 0.078601
88 24 0.078601
88 25 0.078601
88 26 0.078601
88 27 0.078601
88 28 0.078601
88 29 0.078601
88 30 0.078601
88 31 0.078601
88 32 0.078602
88 33 0.078602
88 34 0.078602
88 35 0.078602
88 36 0.078602
88 37 0.078601
88 38 0.078601
88 39 0.078601
88 40 0.078601
88 41 0.078601
88 42 0.078601
88 43 0.078601
88 44 0.078601
88 45 0.078601
88 46 0.078602
88 47 0.078602
88 48 0.078602
88 49 0.078602
88 50 0.078602
88 51 0.078601
88 52 0.078601
88 53 0.078601
88 54 0.078601
88 55 0.078601
88 56 0.078601
88 57 0.078601
88 58 0.078601
88 59 0.078601
88 60 0.078601
88 61 0.078602
88 62 0.078602
88 63 0.078602
88 64 0.078602
88 65 0.078602
88 66 0.078602
88 67 0.078602
88 68 0.078602
88 69 0.078602
88 70 0.078602
88 71 0.078602
88 72 0.078602
88 73 0.078602
88 74 0.078602
88 75 0.078602
88 76 0.078602
88 77 0.078602
88 78 0.078602
88 79 0.078602
88 80 0.078602
88 81 0.078602
88 82 0.078602
88 83 0.078602
88 84 0.078602
88 85 0.078602
88 86 0.078602
88 87 0.078602
88 88 0.078602
88 89 0.078602
88 90 0.078602
88 91 0.078602
88 92 0.078602
88 93 0.078602
88 94 0.078602
88 95 0.078602
88 96 0.078602
88 97 0.078602
88 98 0.078602
88 99 0.078602

89 0 0.078601
89 1 0.078601
89 2 0.078601
89 3 0.078601
89 4 0.078601
89 5 0.078601
89 6 0.078601
89 7 0.078601
89 8 0.078601
89 9 0.078601
89 10 0.078601
89 11 0.078601
89 12 0.078601
89 13 0.078601
89 14 0.078601
89 15 0.078601
89 16 0.078601
89 17 0.078601
89 18 0.078602
89 19 0.078602
89 20 0.078602
89 21 0.078602
89 22 0.078601
89 23 0.078601
89 24 0.078601
89 25 0.078601
89 26 0.078601
89 27 0.078601
89 28 0.078601
89 29 0.078601
89 30 0.078601
89 31 0.078601
89 32 0.078602
89 33 0.078602
89 34 0.078602
89 35 0.078602
89 36 0.078602
89 37 0.078601
89 38 0.078601
89 39 0.078601
89 40 0.078601
89 41 0.078601
89 42 0.078601
89 43 0.078601
89 44 0.078601
89 45 0.078601
89 46 0.078602
89 47 0.078602
89 48 0.078602
89 49 0.078602
89 50 0.078601
89 51 0.078601
89 52 0.078601
89 53 0.078601
89 54 0.078601
89 55 0.078601
89 56 0.078601
89 57 0.078601
89 58 0.078601
89 59 0.078601
89 60 0.078602
89 61 0.078602
89 62 0.078602
89 63 0.078602
89 64 0.078602
89 65 0.078602
89 66 0.078602
89 67 0.078602
89 68 0.078602
89 69 0.078602
89 70 0.078602
89 71 0.078602
89 72 0.078602
89 73 0.078602
89 74 0.078602
89 75 0.078602
89 76 0.078602
89 77 0.078602
89 78 0.078602
89 79 0.078602
89 80 0.078602
89 81 0.078602
89 82 0.078602
89 83 0.078602
89 84 0.078602
89 85 0.078602
89 86 0.078602
89 87 0.078602
89 88 0.078602
89 89 0.078602
89 90 0.078602
89 91 0.078602
89 92 0.078602
89 93 0.078602
89 94 0.078602
89 95 0.078602
89 96 0.078602
89 97 0.078602
89 98 0.078602
89 99 0.078602

90 0 0.078601
90 1 0.078601
90 2 0.078602
90 3 0.078602
90 4 0.078601
90 5 0.078601
90 6 0.078601
90 7 0.078601
90 8 0.078601
90 9 0.078601
90 10 0.078601
90 11 0.078601
90 12 0.078601
90 13 0.078601
90 14 0.078601
90 15 0.078601
90 16 0.078601
90 17 0.078602
90 18 0.078602
90 19 0.078602
90 20 0.078602
90 21 0.078601
90 22 0.078601
90 23 0.078601
90 24 0.078601
90 25 0.078601
90 26 0.078601
90 27 0.078601
90 28 0.078601
90 29 0.078601
90 30 0.078601
90 31 0.078602
90 32 0.078602
90 33 0.078602
90 34 0.078602
90 35 0.078602
90 36 0.078601
90 37 0.078601
90 38 0.078601
90 39 0.078601
90 40 0.078601
90 41 0.078601
90 42 0.078601
90 43 0.078601
90 44 0.078601
90 45 0.078601
90 46 0.078602
90 47 0.078602
90 48 0.078602
90 49 0.078601
90 50 0.078601
90 51 0.078601
90 52 0.078601
90 53 0.078601
90 54 0.078601
90 55 0.078601
90 56 0.078601
90 57 0.078601
90 58 0.078601
90 59 0.078601
90 60 0.078602
90 61 0.078602
90 62 0.078602
90 63 0.078602
90 64 0.078602
90 65 0.078602
90 66 0.078602
90 67 0.078601
90 68 0.078602
90 69 0.078602
90 70 0.078602
90 71 0.078602
90 72 0.078602
90 73 0.078602
90 74 0.078602
90 75 0.078602
90 76 0.078602
90 77 0.078602
90 78 0.078602
90 79 0.078602
90 80 0.078602
90 81 0.078602
90 82 0.078602
90 83 0.078602
90 84 0.078602
90 85 0.078602
90 86 0.078602
90 87 0.078602
90 88 0.078602
90 89 0.078602
90 90 0.078602
90 91 0.078602
90 92 0.078602
90 93 0.078602
90 94 0.078602
90 95 0.078602
90 96 0.078602
90 97 0.078602
90 98 0.078602
90 99 0.078602

91 0 0.078602
91 1 0.078602
91 2 0.078602
91 3 0.078602
91 4 0.078601
91 5 0.078601
91 6 0.078601
91 7 0.078601
91 8 0.078601
91 9 0.078601
91 10 0.078601
91 11 0.078601
91 12 0.078601
91 13 0.078601
91 14 0.078601
91 15 0.078601
91 16 0.078602
91 17 0.078602
91 18 0.078602
91 19 0.078602
91 20 0.078601
91 21 0.078601
91 22 0.078601
91 23 0.078601
91 24 0.078601
91 25 0.078601
91 26 0.078601
91 27 0.078601
91 28 0.078601
91 29 0.078601
91 30 0.078601
91 31 0.078602
91 32 0.078602
91 33 0.078602
91 34 0.078602
91 35 0.078602
91 36 0.078601
91 37 0.078601
91 38 0.078601
91 39 0.078601
91 40 0.078601
91 41 0.078601
91 42 0.078601
91 43 0.078601
91 44 0.078601
91 45 0.078601
91 46 0.078602
91 47 0.078601
91 48 0.078601
91 49 0.078601
91 50 0.078601
91 51 0.078601
91 52 0.078601
91 53 0.078601
91 54 0.078601
91 55 0.078601
91 56 0.078601
91 57 0.078601
91 58 0.078601
91 59 0.078602
91 60 0.078602
91 61 0.078602
91 62 0.078602
91 63 0.078602
91 64 0.078601
91 65 0.078601
91 66 0.078601
91 67 0.078601
91 68 0.078601
91 69 0.078602
91 70 0.078602
91 71 0.078602
91 72 0.078602
91 73 0.078602
91 74 0.078602
91 75 0.078602
91 76 0.078602
91 77 0.078602
91 78 0.078602
91 79 0.078602
91 80 0.078602
91 81 0.078602
91 82 0.078602
91 83 0.078602
91 84 0.078602
91 85 0.078602
91 86 0.078602
91 87 0.078602
91 88 0.078602
91 89 0.078602
91 90 0.078602
91 91 0.078602
91 92 0.078602
91 93 0.078602
91 94 0.078602
91 95 0.078602
91 96 0.078602
91 97 0.078602
91 98 0.078602
91 99 0.078602

92 0 0.078602
92 1 0.078602
92 2 0.078602
92 3 0.078602
92 4 0.078601
92 5 0.078601
92 6 0.078601
92 7 0.078601
92 8 0.078601
92 9 0.078601
92 10 0.078601
92 11 0.078601
92 12 0.078601
92 13 0.078601
92 14 0.078601
92 15 0.078601
92 16 0.078602
92 17 0.078602
92 18 0.078602
92 19 0.078601
92 20 0.078601
92 21 0.078601
92 22 0.078601
92 23 0.078601
92 24 0.078601
92 25 0.078601
92 26 0.078601
92 27 0.078601
92 28 0.078601
92 29 0.078601
92 30 0.078602
92 31 0.078602
92 32 0.078602
92 33 0.078602
92 34 0.078601
92 35 0.078601
92 36 0.078601
92 37 0.078601
92 38 0.078601
92 39 0.078601
92 40 0.078601
92 41 0.078601
92 42 0.078601
92 43 0.078601
92 44 0.078601
92 45 0.078601
92 46 0.078601
92 47 0.078601
92 48 0.078601
92 49 0.078601
92 50 0.078601
92 51 0.078601
92 52 0.078601
92 53 0.078601
92 54 0.078601
92 55 0.078601
92 56 0.078601
92 57 0.078601
92 58 0.078601
92 59 0.078601
92 60 0.078602
92 61 0.078601
92 62 0.078601
92 63 0.078601
92 64 0.078601
92 65 0.078601
92 66 0.078601
92 67 0.078601
92 68 0.078601
92 69 0.078602
92 70 0.078602
92 71 0.078602
92 72 0.078602
92 73 0.078602
92 74 0.078602
92 75 0.078602
92 76 0.078602
92 77 0.078602
92 78 0.078602
92 79 0.078602
92 80 0.078602
92 81 0.078602
92 82 0.078602
92 83 0.078602
92 84 0.078602
92 85 0.078602
92 86 0.078602
92 87 0.078602
92 88 0.078602
92 89 0.078602
92 90 0.078602
92 91 0.078602
92 92 0.078602
92 93 0.078602
92 94 0.078602
92 95 0.078602
92 96 0.078602
92 97 0.078602
92 98 0.078602
92 99 0.078602

93 0 0.078602
93 1 0.078602
93 2 0.078602
93 3 0.078601
93 4 0.078601
93 5 0.078601
93 6 0.078601
93 7 0.078601
93 8 0.078601
93 9 0.078601
93 10 0.078601
93 11 0.078601
93 12 0.078601
93 13 0.078601
93 14 0.078601
93 15 0.078602
93 16 0.078602
93 17 0.078602
93 18 0.078601
93 19 0.078601
93 20 0.078601
93 21 0.078601
93 22 0.078601
93 23 0.078601
93 24 0.078601
93 25 0.078601
93 26 0.078601
93 27 0.078601
93 28 0.078601
93 29 0.078602
93 30 0.078602
93 31 0.078602
93 32 0.078602
93 33 0.078602
93 34 0.078601
93 35 0.078601
93 36 0.078601
93 37 0.078601
93 38 0.078601
93 39 0.078601
93 40 0.078601
93 41 0.078601
93 42 0.078601
93 43 0.078601
93 44 0.078601
93 45 0.078601
93 46 0.078601
93 47 0.078601
93 48 0.078601
93 49 0.078601
93 50 0.078601
93 51 0.078601
93 52 0.078601
93 53 0.078601
93 54 0.078601
93 55 0.078601
93 56 0.078601
93 57 0.078601
93 58 0.078601
93 59 0.078601
93 60 0.078601
93 61 0.078601
93 62 0.078601
93 63 0.078601
93 64 0.078601
93 65 0.078601
93 66 0.078601
93 67 0.078601
93 68 0.078602
93 69 0.078602
93 70 0.078602
93 71 0.078602
93 72 0.078602
93 73 0.078602
93 74 0.078602
93 75 0.078602
93 76 0.078602
93 77 0.078602
93 78 0.078602
93 79 0.078602
93 80 0.078602
93 81 0.078602
93 82 0.078602
93 83 0.078602
93 84 0.078602
93 85 0.078602
93 86 0.078602
93 87 0.078602
93 88 0.078602
93 89 0.078602
93 90 0.078602
93 91 0.078602
93 92 0.078602
93 93 0.078602
93 94 0.078602
93 95 0.078602
93 96 0.078602
93 97 0.078602
93 98 0.078602
93 99 0.078602

94 0 0.078602
94 1 0.078602
94 2 0.078602
94 3 0.078601
94 4 0.078601
94 5 0.078601
94 6 0.078601
94 7 0.078601
94 8 0.078601
94 9 0.078601
94 10 0.078601
94 11 0.078601
94 12 0.078601
94 13 0.078601
94 14 0.078602
94 15 0.078602
94 16 0.078602
94 17 0.078601
94 18 0.078601
94 19 0.078601
94 20 0.078601
94 21 0.078601
94 22 0.078601
94 23 0.078601
94 24 0.078601
94 25 0.078601
94 26 0.078601
94 27 0.078601
94 28 0.078601
94 29 0.078602
94 30 0.078602
94 31 0.078602
94 32 0.078602
94 33 0.078601
94 34 0.078601
94 35 0.078601
94 36 0.078601
94 37 0.078601
94 38 0.078601
94 39 0.078601
94 40 0.078601
94 41 0.078601
94 42 0.078601
94 43 0.078601
94 44 0.078602
94 45 0.078601
94 46 0.078601
94 47 0.078601
94 48 0.078601
94 49 0.078601
94 50 0.078601
94 51 0.078601
94 52 0.078601
94 53 0.078601
94 54 0.078601
94 55 0.078601
94 56 0.078601
94 57 0.078601
94 58 0.078601
94 59 0.078601
94 60 0.078601
94 61 0.078601
94 62 0.078601
94 63 0.078601
94 64 0.078601
94 65 0.078601
94 66 0.078601
94 67 0.078601
94 68 0.078602
94 69 0.078602
94 70 0.078602
94 71 0.078602
94 72 0.078602
94 73 0.078602
94 74 0.078602
94 75 0.078602
94 76 0.078602
94 77 0.078602
94 78 0.078602
94 79 0.078602
94 80 0.078602
94 81 0.078602
94 82 0.078602
94 83 0.078602
94 84 0.078602
94 85 0.078602
94 86 0.078602
94 87 0.078602
94 88 0.078602
94 89 0.078602
94 90 0.078602
94 91 0.078602
94 92 0.078602
94 93 0.078602
94 94 0.078602
94 95 0.078602
94 96 0.078602
94 97 0.078602
94 98 0.078602
94 99 0.078602

95 0 0.078602
95 1 0.078602
95 2 0.078601
95 3 0.078601
95 4 0.078601
95 5 0.078601
95 6 0.078601
95 7 0.078601
95 8 0.078601
95 9 0.078601
95 10 0.078601
95 11 0.078601
95 12 0.078601
95 13 0.078602
95 14 0.078602
95 15 0.078602
95 16 0.078602
95 17 0.078601
95 18 0.078601
95 19 0.078601
95 20 0.078601
95 21 0.078601
95 22 0.078601
95 23 0.078601
95 24 0.078601
95 25 0.078601
95 26 0.078601
95 27 0.078601
95 28 0.078602
95 29 0.078602
95 30 0.078602
95 31 0.078602
95 32 0.078602
95 33 0.078601
95 34 0.078601
95 35 0.078601
95 36 0.078601
95 37 0.078601
95 38 0.078601
95 39 0.078601
95 40 0.078601
95 41 0.078601
95 42 0.078601
95 43 0.078601
95 44 0.078602
95 45 0.078601
95 46 0.078601
95 47 0.078601
95 48 0.078601
95 49 0.078601
95 50 0.078601
95 51 0.078601
95 52 0.078601
95 53 0.078601
95 54 0.078601
95 55 0.078601
95 56 0.078601
95 57 0.078601
95 58 0.078601
95 59 0.078601
95 60 0.078601
95 61 0.078601
95 62 0.078601
95 63 0.078601
95 64 0.078601
95 65 0.078601
95 66 0.078601
95 67 0.078601
95 68 0.078602
95 69 0.078602
95 70 0.078602
95 71 0.078602
95 72 0.078602
95 73 0.078602
95 74 0.078602
95 75 0.078602
95 76 0.078602
95 77 0.078602
95 78 0.078602
95 79 0.078602
95 80 0.078602
95 81 0.078602
95 82 0.078602
95 83 0.078602
95 84 0.078602
95 85 0.078602
95 86 0.078602
95 87 0.078602
95 88 0.078602
95 89 0.078602
95 90 0.078602
95 91 0.078602
95 92 0.078602
95 93 0.078602
95 94 0.078602
95 95 0.078602
95 96 0.078602
95 97 0.078602
95 98 0.078602
95 99 0.078602

96 0 0.078602
96 1 0.078602
96 2 0.078601
96 3 0.078601
96 4 0.078601
96 5 0.078601
96 6 0.078601
96 7 0.078601
96 8 0.078601
96 9 0.078601
96 10 0.078601
96 11 0.078601
96 12 0.078602
96 13 0.078602
96 14 0.078602
96 15 0.078602
96 16 0.078601
96 17 0.078601
96 18 0.078601
96 19 0.078601
96 20 0.078601
96 21 0.078601
96 22 0.078601
96 23 0.078601
96 24 0.078601
96 25 0.078601
96 26 0.078601
96 27 0.078601
96 28 0.078602
96 29 0.078602
96 30 0.078602
96 31 0.078602
96 32 0.078601
96 33 0.078601
96 34 0.078601
96 35 0.078601
96 36 0.078601
96 37 0.078601
96 38 0.078601
96 39 0.078601
96 40 0.078601
96 41 0.078601
96 42 0.078601
96 43 0.078601
96 44 0.078602
96 45 0.078602
96 46 0.078601
96 47 0.078601
96 48 0.078601
96 49 0.078601
96 50 0.078601
96 51 0.078601
96 52 0.078601
96 53 0.078601
96 54 0.078601
96 55 0.078601
96 56 0.078601
96 57 0.078601
96 58 0.078601
96 59 0.078601
96 60 0.078601
96 61 0.078601
96 62 0.078601
96 63 0.078601
96 64 0.078601
96 65 0.078601
96 66 0.078601
96 67 0.078601
96 68 0.078602
96 69 0.078602
96 70 0.078602
96 71 0.078602
96 72 0.078602
96 73 0.078602
96 74 0.078602
96 75 0.078602
96 76 0.078602
96 77 0.078602
96 78 0.078602
96 79 0.078602
96 80 0.078602
96 81 0.078602
96 82 0.078602
96 83 0.078602
96 84 0.078602
96 85 0.078602
96 86 0.078602
96 87 0.078602
96 88 0.078602
96 89 0.078602
96 90 0.078602
96 91 0.078602
96 92 0.078602
96 93 0.078602
96 94 0.078602
96 95 0.078602
96 96 0.078602
96 97 0.078602
96 98 0.078602
96 99 0.078602

97 0 0.078602
97 1 0.078601
97 2 0.078601
97 3 0.078601
97 4 0.078601
97 5 0.078601
97 6 0.078601
97 7 0.078601
97 8 0.078601
97 9 0.078601
97 10 0.078601
97 11 0.078602
97 12 0.078602
97 13 0.078602
97 14 0.078602
97 15 0.078602
97 16 0.078601
97 17 0.078601
97 18 0.078601
97 19 0.078601
97 20 0.078601
97 21 0.078601
97 22 0.078601
97 23 0.078601
97 24 0.078601
97 25 0.078601
97 26 0.078601
97 27 0.078602
97 28 0.078602
97 29 0.078602
97 30 0.078602
97 31 0.078602
97 32 0.078601
97 33 0.078601
97 34 0.078601
97 35 0.078601
97 36 0.078601
97 37 0.078601
97 38 0.078601
97 39 0.078601
97 40 0.078601
97 41 0.078601
97 42 0.078601
97 43 0.078602
97 44 0.078602
97 45 0.078602
97 46 0.078601
97 47 0.078601
97 48 0.078601
97 49 0.078601
97 50 0.078601
97 51 0.078601
97 52 0.078601
97 53 0.078601
97 54 0.078601
97 55 0.078601
97 56 0.078601
97 57 0.078601
97 58 0.078601
97 59 0.078601
97 60 0.078601
97 61 0.078601
97 62 0.078601
97 63 0.078601
97 64 0.078601
97 65 0.078601
97 66 0.078601
97 67 0.078601
97 68 0.078602
97 69 0.078602
97 70 0.078602
97 71 0.078602
97 72 0.078602
97 73 0.078602
97 74 0.078602
97 75 0.078602
97 76 0.078602
97 77 0.078602
97 78 0.078602
97 79 0.078602
97 80 0.078602
97 81 0.078602
97 82 0.078602
97 83 0.078602
97 84 0.078602
97 85 0.078602
97 86 0.078602
97 87 0.078602
97 88 0.078602
97 89 0.078602
97 90 0.078602
97 91 0.078602
97 92 0.078602
97 93 0.078602
97 94 0.078602
97 95 0.078602
97 96 0.078602
97 97 0.078602
97 98 0.078602
97 99 0.078602

98 0 0.078601
98 1 0.078601
98 2 0.078601
98 3 0.078601
98 4 0.078601
98 5 0.078601
98 6 0.078601
98 7 0.078601
98 8 0.078601
98 9 0.078601
98 10 0.078601
98 11 0.078602
98 12 0.078602
98 13 0.078602
98 14 0.078602
98 15 0.078602
98 16 0.078601
98 17 0.078601
98 18 0.078601
98 19 0.078601
98 20 0.078601
98 21 0.078601
98 22 0.078601
98 23 0.078601
98 24 0.078601
98 25 0.078601
98 26 0.078601
98 27 0.078602
98 28 0.078602
98 29 0.078602
98 30 0.078602
98 31 0.078602
98 32 0.078601
98 33 0.078601
98 34 0.078601
98 35 0.078601
98 36 0.078601
98 37 0.078601
98 38 0.078601
98 39 0.078601
98 40 0.078601
98 41 0.078601
98 42 0.078601
98 43 0.078602
98 44 0.078602
98 45 0.078602
98 46 0.078601
98 47 0.078601
98 48 0.078601
98 49 0.078601
98 50 0.078601
98 51 0.078601
98 52 0.078601
98 53 0.078601
98 54 0.078601
98 55 0.078601
98 56 0.078601
98 57 0.078601
98 58 0.078601
98 59 0.078601
98 60 0.078601
98 61 0.078601
98 62 0.078601
98 63 0.078601
98 64 0.078601
98 65 0.078601
98 66 0.078601
98 67 0.078601
98 68 0.078602
98 69 0.078602
98 70 0.078602
98 71 0.078602
98 72 0.078602
98 73 0.078602
98 74 0.078602
98 75 0.078602
98 76 0.078602
98 77 0.078602
98 78 0.078602
98 79 0.078602
98 80 0.078602
98 81 0.078602
98 82 0.078602
98 83 0.078602
98 84 0.078602
98 85 0.078602
98 86 0.078602
98 87 0.078602
98 88 0.078602
98 89 0.078602
98 90 0.078602
98 91 0.078602
98 92 0.078602
98 93 0.078602
98 94 0.078602
98 95 0.078602
98 96 0.078602
98 97 0.078602
98 98 0.078602
98 99 0.078603

99 0 0.078601
99 1 0.078601
99 2 0.078601
99 3 0.078601
99 4 0.078601
99 5 0.078601
99 6 0.078601
99 7 0.078601
99 8 0.078601
99 9 0.078601
99 10 0.078602
99 11 0.078602
99 12 0.078602
99 13 0.078602
99 14 0.078602
99 15 0.078602
99 16 0.078601
99 17 0.078601
99 18 0.078601
99 19 0.078601
99 20 0.078601
99 21 0.078601
99 22 0.078601
99 23 0.078601
99 24 0.078601
99 25 0.078601
99 26 0.078601
99 27 0.078602
99 28 0.078602
99 29 0.078602
99 30 0.078602
99 31 0.078602
99 32 0.078601
99 33 0.078601
99 34 0.078601
99 35 0.078601
99 36 0.078601
99 37 0.078601
99 38 0.078601
99 39 0.078601
99 40 0.078601
99 41 0.078601
99 42 0.078602
99 43 0.078602
99 44 0.078602
99 45 0.078602
99 46 0.078602
99 47 0.078601
99 48 0.078601
99 49 0.078601
99 50 0.078601
99 51 0.078601
99 52 0.078601
99 53 0.078601
99 54 0.078601
99 55 0.078601
99 56 0.078601
99 57 0.078601
99 58 0.078601
99 59 0.078601
99 60 0.078601
99 61 0.078601
99 62 0.078601
99 63 0.078601
99 64 0.078601
99 65 0.078601
99 66 0.078601
99 67 0.078601
99 68 0.078602
99 69 0.078602
99 70 0.078602
99 71 0.078602
99 72 0.078602
99 73 0.078602
99 74 0.078602
99 75 0.078602
99 76 0.078602
99 77 0.078602
99 78 0.078602
99 79 0.078602
99 80 0.078602
99 81 0.078602
99 82 0.078602
99 83 0.078602
99 84 0.078602
99 85 0.078602
99 86 0.078602
99 87 0.078602
99 88 0.078602
99 89 0.078602
99 90 0.078602
99 91 0.078602
99 92 0.078602
99 93 0.078602
99 94 0.078602
99 95 0.078602
99 96 0.078602
99 97 0.078602
99 98 0.078603
99 99 0.078603

