0 0 0.078648
0 1 0.078648
0 2 0.078647
0 3 0.078647
0 4 0.078647
0 5 0.078647
0 6 0.078646
0 7 0.078645
0 8 0.078644
0 9 0.078643
0 10 0.078642
0 11 0.078641
0 12 0.078640
0 13 0.078639
0 14 0.078638
0 15 0.078636
0 16 0.078635
0 17 0.078633
0 18 0.078631
0 19 0.078630
0 20 0.078628
0 21 0.078626
0 22 0.078624
0 23 0.078622
0 24 0.078620
0 25 0.078618
0 26 0.078616
0 27 0.078614
0 28 0.078612
0 29 0.078610
0 30 0.078608
0 31 0.078607
0 32 0.078605
0 33 0.078603
0 34 0.078601
0 35 0.078600
0 36 0.078598
0 37 0.078597
0 38 0.078595
0 39 0.078594
0 40 0.078593
0 41 0.078591
0 42 0.078590
0 43 0.078590
0 44 0.078589
0 45 0.078588
0 46 0.078587
0 47 0.078587
0 48 0.078586
0 49 0.078586
0 50 0.078586
0 51 0.078585
0 52 0.078585
0 53 0.078585
0 54 0.078586
0 55 0.078586
0 56 0.078587
0 57 0.078587
0 58 0.078587
0 59 0.078588
0 60 0.078589
0 61 0.078589
0 62 0.078590
0 63 0.078591
0 64 0.078592
0 65 0.078593
0 66 0.078594
0 67 0.078595
0 68 0.078596
0 69 0.078597
0 70 0.078598
0 71 0.078600
0 72 0.078601
0 73 0.078602
0 74 0.078603
0 75 0.078604
0 76 0.078606
0 77 0.078607
0 78 0.078608
0 79 0.078609
0 80 0.078610
0 81 0.078611
0 82 0.078612
0 83 0.078614
0 84 0.078615
0 85 0.078616
0 86 0.078617
0 87 0.078618
0 88 0.078619
0 89 0.078620
0 90 0.078622
0 91 0.078623
0 92 0.078623
0 93 0.078624
0 94 0.078624
0 95 0.078625
0 96 0.078625
0 97 0.078626
0 98 0.078627
0 99 0.078627

1 0 0.078648
1 1 0.078648
1 2 0.078647
1 3 0.078647
1 4 0.078647
1 5 0.078647
1 6 0.078646
1 7 0.078645
1 8 0.078644
1 9 0.078643
1 10 0.078642
1 11 0.078641
1 12 0.078640
1 13 0.078639
1 14 0.078638
1 15 0.078636
1 16 0.078635
1 17 0.078633
1 18 0.078631
1 19 0.078629
1 20 0.078628
1 21 0.078626
1 22 0.078624
1 23 0.078622
1 24 0.078620
1 25 0.078618
1 26 0.078616
1 27 0.078614
1 28 0.078612
1 29 0.078610
1 30 0.078608
1 31 0.078606
1 32 0.078604
1 33 0.078602
1 34 0.078601
1 35 0.078599
1 36 0.078597
1 37 0.078596
1 38 0.078595
1 39 0.078593
1 40 0.078592
1 41 0.078591
1 42 0.078590
1 43 0.078589
1 44 0.078588
1 45 0.078587
1 46 0.078587
1 47 0.078586
1 48 0.078586
1 49 0.078585
1 50 0.078585
1 51 0.078585
1 52 0.078585
1 53 0.078585
1 54 0.078585
1 55 0.078586
1 56 0.078586
1 57 0.078586
1 58 0.078587
1 59 0.078587
1 60 0.078588
1 61 0.078589
1 62 0.078590
1 63 0.078590
1 64 0.078591
1 65 0.078592
1 66 0.078593
1 67 0.078594
1 68 0.078596
1 69 0.078597
1 70 0.078598
1 71 0.078599
1 72 0.078601
1 73 0.078602
1 74 0.078603
1 75 0.078604
1 76 0.078605
1 77 0.078607
1 78 0.078608
1 79 0.078609
1 80 0.078610
1 81 0.078611
1 82 0.078612
1 83 0.078613
1 84 0.078614
1 85 0.078615
1 86 0.078617
1 87 0.078618
1 88 0.078619
1 89 0.078620
1 90 0.078621
1 91 0.078622
1 92 0.078623
1 93 0.078624
1 94 0.078624
1 95 0.078625
1 96 0.078625
1 97 0.078626
1 98 0.078626
1 99 0.078627

2 0 0.078648
2 1 0.078648
2 2 0.078648
2 3 0.078648
2 4 0.078647
2 5 0.078647
2 6 0.078646
2 7 0.078646
2 8 0.078645
2 9 0.078644
2 10 0.078643
2 11 0.078642
2 12 0.078641
2 13 0.078639
2 14 0.078638
2 15 0.078637
2 16 0.078635
2 17 0.078633
2 18 0.078631
2 19 0.078630
2 20 0.078628
2 21 0.078626
2 22 0.078624
2 23 0.078622
2 24 0.078620
2 25 0.078618
2 26 0.078616
2 27 0.078614
2 28 0.078612
2 29 0.078610
2 30 0.078608
2 31 0.078606
2 32 0.078604
2 33 0.078603
2 34 0.078601
2 35 0.078599
2 36 0.078598
2 37 0.078596
2 38 0.078595
2 39 0.078593
2 40 0.078592
2 41 0.078591
2 42 0.078590
2 43 0.078589
2 44 0.078588
2 45 0.078587
2 46 0.078587
2 47 0.078586
2 48 0.078586
2 49 0.078586
2 50 0.078585
2 51 0.078585
2 52 0.078585
2 53 0.078585
2 54 0.078586
2 55 0.078586
2 56 0.078586
2 57 0.078587
2 58 0.078587
2 59 0.078588
2 60 0.078588
2 61 0.078589
2 62 0.078590
2 63 0.078591
2 64 0.078592
2 65 0.078593
2 66 0.078594
2 67 0.078595
2 68 0.078596
2 69 0.078597
2 70 0.078598
2 71 0.078600
2 72 0.078601
2 73 0.078602
2 74 0.078603
2 75 0.078605
2 76 0.078606
2 77 0.078607
2 78 0.078608
2 79 0.078609
2 80 0.078610
2 81 0.078611
2 82 0.078612
2 83 0.078614
2 84 0.078615
2 85 0.078616
2 86 0.078617
2 87 0.078618
2 88 0.078619
2 89 0.078620
2 90 0.078622
2 91 0.078623
2 92 0.078623
2 93 0.078624
2 94 0.078624
2 95 0.078625
2 96 0.078625
2 97 0.078626
2 98 0.078626
2 99 0.078627

3 0 0.078649
3 1 0.078649
3 2 0.078649
3 3 0.078648
3 4 0.078648
3 5 0.078647
3 6 0.078647
3 7 0.078646
3 8 0.078645
3 9 0.078644
3 10 0.078643
3 11 0.078642
3 12 0.078641
3 13 0.078640
3 14 0.078638
3 15 0.078637
3 16 0.078635
3 17 0.078633
3 18 0.078632
3 19 0.078630
3 20 0.078628
3 21 0.078626
3 22 0.078624
3 23 0.078622
3 24 0.078620
3 25 0.078618
3 26 0.078616
3 27 0.078614
3 28 0.078612
3 29 0.078610
3 30 0.078608
3 31 0.078606
3 32 0.078604
3 33 0.078603
3 34 0.078601
3 35 0.078599
3 36 0.078598
3 37 0.078596
3 38 0.078595
3 39 0.078593
3 40 0.078592
3 41 0.078591
3 42 0.078590
3 43 0.078589
3 44 0.078588
3 45 0.078588
3 46 0.078587
3 47 0.078586
3 48 0.078586
3 49 0.078586
3 50 0.078586
3 51 0.078586
3 52 0.078586
3 53 0.078586
3 54 0.078586
3 55 0.078586
3 56 0.078587
3 57 0.078587
3 58 0.078588
3 59 0.078588
3 60 0.078589
3 61 0.078589
3 62 0.078590
3 63 0.078591
3 64 0.078592
3 65 0.078593
3 66 0.078594
3 67 0.078595
3 68 0.078596
3 69 0.078597
3 70 0.078599
3 71 0.078600
3 72 0.078601
3 73 0.078602
3 74 0.078604
3 75 0.078605
3 76 0.078606
3 77 0.078607
3 78 0.078608
3 79 0.078609
3 80 0.078610
3 81 0.078612
3 82 0.078613
3 83 0.078614
3 84 0.078615
3 85 0.078616
3 86 0.078617
3 87 0.078618
3 88 0.078619
3 89 0.078621
3 90 0.078622
3 91 0.078623
3 92 0.078623
3 93 0.078624
3 94 0.078624
3 95 0.078625
3 96 0.078625
3 97 0.078626
3 98 0.078626
3 99 0.078627

4 0 0.078649
4 1 0.078649
4 2 0.078648
4 3 0.078648
4 4 0.078647
4 5 0.078647
4 6 0.078646
4 7 0.078646
4 8 0.078645
4 9 0.078644
4 10 0.078643
4 11 0.078642
4 12 0.078641
4 13 0.078639
4 14 0.078638
4 15 0.078636
4 16 0.078635
4 17 0.078633
4 18 0.078631
4 19 0.078630
4 20 0.078628
4 21 0.078626
4 22 0.078624
4 23 0.078622
4 24 0.078620
4 25 0.078618
4 26 0.078616
4 27 0.078614
4 28 0.078612
4 29 0.078610
4 30 0.078608
4 31 0.078606
4 32 0.078605
4 33 0.078603
4 34 0.078601
4 35 0.078600
4 36 0.078598
4 37 0.078597
4 38 0.078595
4 39 0.078594
4 40 0.078593
4 41 0.078592
4 42 0.078591
4 43 0.078590
4 44 0.078589
4 45 0.078588
4 46 0.078588
4 47 0.078587
4 48 0.078587
4 49 0.078586
4 50 0.078586
4 51 0.078586
4 52 0.078586
4 53 0.078586
4 54 0.078586
4 55 0.078587
4 56 0.078587
4 57 0.078587
4 58 0.078588
4 59 0.078588
4 60 0.078589
4 61 0.078590
4 62 0.078591
4 63 0.078591
4 64 0.078592
4 65 0.078593
4 66 0.078594
4 67 0.078595
4 68 0.078597
4 69 0.078598
4 70 0.078599
4 71 0.078600
4 72 0.078601
4 73 0.078602
4 74 0.078604
4 75 0.078605
4 76 0.078606
4 77 0.078607
4 78 0.078608
4 79 0.078610
4 80 0.078611
4 81 0.078612
4 82 0.078613
4 83 0.078614
4 84 0.078615
4 85 0.078616
4 86 0.078617
4 87 0.078618
4 88 0.078619
4 89 0.078621
4 90 0.078622
4 91 0.078623
4 92 0.078623
4 93 0.078624
4 94 0.078624
4 95 0.078624
4 96 0.078625
4 97 0.078625
4 98 0.078626
4 99 0.078626

5 0 0.078648
5 1 0.078648
5 2 0.078647
5 3 0.078647
5 4 0.078647
5 5 0.078646
5 6 0.078646
5 7 0.078645
5 8 0.078644
5 9 0.078644
5 10 0.078643
5 11 0.078641
5 12 0.078640
5 13 0.078639
5 14 0.078637
5 15 0.078636
5 16 0.078634
5 17 0.078633
5 18 0.078631
5 19 0.078629
5 20 0.078627
5 21 0.078626
5 22 0.078624
5 23 0.078622
5 24 0.078620
5 25 0.078618
5 26 0.078616
5 27 0.078614
5 28 0.078612
5 29 0.078610
5 30 0.078608
5 31 0.078606
5 32 0.078605
5 33 0.078603
5 34 0.078601
5 35 0.078600
5 36 0.078598
5 37 0.078597
5 38 0.078595
5 39 0.078594
5 40 0.078593
5 41 0.078592
5 42 0.078591
5 43 0.078590
5 44 0.078589
5 45 0.078589
5 46 0.078588
5 47 0.078587
5 48 0.078587
5 49 0.078587
5 50 0.078587
5 51 0.078586
5 52 0.078586
5 53 0.078587
5 54 0.078587
5 55 0.078587
5 56 0.078587
5 57 0.078588
5 58 0.078588
5 59 0.078589
5 60 0.078589
5 61 0.078590
5 62 0.078591
5 63 0.078592
5 64 0.078593
5 65 0.078594
5 66 0.078595
5 67 0.078596
5 68 0.078597
5 69 0.078598
5 70 0.078599
5 71 0.078600
5 72 0.078601
5 73 0.078603
5 74 0.078604
5 75 0.078605
5 76 0.078606
5 77 0.078607
5 78 0.078608
5 79 0.078609
5 80 0.078610
5 81 0.078611
5 82 0.078612
5 83 0.078613
5 84 0.078615
5 85 0.078616
5 86 0.078617
5 87 0.078618
5 88 0.078619
5 89 0.078620
5 90 0.078622
5 91 0.078622
5 92 0.078623
5 93 0.078623
5 94 0.078624
5 95 0.078624
5 96 0.078625
5 97 0.078625
5 98 0.078626
5 99 0.078626

6 0 0.078647
6 1 0.078647
6 2 0.078646
6 3 0.078646
6 4 0.078646
6 5 0.078645
6 6 0.078645
6 7 0.078644
6 8 0.078644
6 9 0.078643
6 10 0.078642
6 11 0.078641
6 12 0.078640
6 13 0.078638
6 14 0.078637
6 15 0.078635
6 16 0.078633
6 17 0.078632
6 18 0.078630
6 19 0.078628
6 20 0.078627
6 21 0.078625
6 22 0.078623
6 23 0.078621
6 24 0.078620
6 25 0.078618
6 26 0.078616
6 27 0.078614
6 28 0.078612
6 29 0.078610
6 30 0.078608
6 31 0.078606
6 32 0.078604
6 33 0.078603
6 34 0.078601
6 35 0.078600
6 36 0.078598
6 37 0.078597
6 38 0.078596
6 39 0.078594
6 40 0.078593
6 41 0.078592
6 42 0.078591
6 43 0.078590
6 44 0.078589
6 45 0.078589
6 46 0.078588
6 47 0.078588
6 48 0.078587
6 49 0.078587
6 50 0.078587
6 51 0.078587
6 52 0.078587
6 53 0.078587
6 54 0.078587
6 55 0.078587
6 56 0.078587
6 57 0.078588
6 58 0.078588
6 59 0.078589
6 60 0.078589
6 61 0.078590
6 62 0.078591
6 63 0.078592
6 64 0.078593
6 65 0.078594
6 66 0.078595
6 67 0.078596
6 68 0.078597
6 69 0.078598
6 70 0.078599
6 71 0.078600
6 72 0.078601
6 73 0.078603
6 74 0.078604
6 75 0.078605
6 76 0.078606
6 77 0.078607
6 78 0.078608
6 79 0.078609
6 80 0.078610
6 81 0.078611
6 82 0.078612
6 83 0.078613
6 84 0.078614
6 85 0.078615
6 86 0.078617
6 87 0.078618
6 88 0.078619
6 89 0.078620
6 90 0.078621
6 91 0.078622
6 92 0.078623
6 93 0.078623
6 94 0.078623
6 95 0.078623
6 96 0.078624
6 97 0.078624
6 98 0.078625
6 99 0.078625

7 0 0.078646
7 1 0.078646
7 2 0.078646
7 3 0.078645
7 4 0.078645
7 5 0.078645
7 6 0.078644
7 7 0.078644
7 8 0.078643
7 9 0.078642
7 10 0.078641
7 11 0.078640
7 12 0.078639
7 13 0.078637
7 14 0.078636
7 15 0.078634
7 16 0.078633
7 17 0.078631
7 18 0.078629
7 19 0.078628
7 20 0.078626
7 21 0.078624
7 22 0.078623
7 23 0.078621
7 24 0.078619
7 25 0.078617
7 26 0.078615
7 27 0.078613
7 28 0.078611
7 29 0.078610
7 30 0.078608
7 31 0.078606
7 32 0.078604
7 33 0.078603
7 34 0.078601
7 35 0.078600
7 36 0.078598
7 37 0.078597
7 38 0.078596
7 39 0.078594
7 40 0.078593
7 41 0.078592
7 42 0.078591
7 43 0.078590
7 44 0.078590
7 45 0.078589
7 46 0.078588
7 47 0.078588
7 48 0.078587
7 49 0.078587
7 50 0.078587
7 51 0.078587
7 52 0.078587
7 53 0.078587
7 54 0.078587
7 55 0.078587
7 56 0.078587
7 57 0.078588
7 58 0.078588
7 59 0.078589
7 60 0.078589
7 61 0.078590
7 62 0.078591
7 63 0.078592
7 64 0.078593
7 65 0.078594
7 66 0.078595
7 67 0.078596
7 68 0.078597
7 69 0.078598
7 70 0.078599
7 71 0.078600
7 72 0.078601
7 73 0.078603
7 74 0.078604
7 75 0.078605
7 76 0.078606
7 77 0.078607
7 78 0.078608
7 79 0.078609
7 80 0.078610
7 81 0.078611
7 82 0.078612
7 83 0.078613
7 84 0.078614
7 85 0.078615
7 86 0.078616
7 87 0.078618
7 88 0.078619
7 89 0.078620
7 90 0.078621
7 91 0.078622
7 92 0.078622
7 93 0.078622
7 94 0.078623
7 95 0.078623
7 96 0.078623
7 97 0.078624
7 98 0.078624
7 99 0.078625

8 0 0.078645
8 1 0.078645
8 2 0.078645
8 3 0.078645
8 4 0.078644
8 5 0.078644
8 6 0.078644
8 7 0.078643
8 8 0.078643
8 9 0.078642
8 10 0.078641
8 11 0.078639
8 12 0.078638
8 13 0.078636
8 14 0.078635
8 15 0.078633
8 16 0.078632
8 17 0.078630
8 18 0.078629
8 19 0.078627
8 20 0.078625
8 21 0.078624
8 22 0.078622
8 23 0.078620
8 24 0.078618
8 25 0.078616
8 26 0.078615
8 27 0.078613
8 28 0.078611
8 29 0.078609
8 30 0.078607
8 31 0.078606
8 32 0.078604
8 33 0.078602
8 34 0.078601
8 35 0.078599
8 36 0.078598
8 37 0.078597
8 38 0.078595
8 39 0.078594
8 40 0.078593
8 41 0.078592
8 42 0.078591
8 43 0.078590
8 44 0.078589
8 45 0.078589
8 46 0.078588
8 47 0.078588
8 48 0.078587
8 49 0.078587
8 50 0.078587
8 51 0.078587
8 52 0.078587
8 53 0.078587
8 54 0.078587
8 55 0.078587
8 56 0.078587
8 57 0.078588
8 58 0.078588
8 59 0.078589
8 60 0.078589
8 61 0.078590
8 62 0.078591
8 63 0.078592
8 64 0.078593
8 65 0.078594
8 66 0.078595
8 67 0.078596
8 68 0.078597
8 69 0.078598
8 70 0.078599
8 71 0.078600
8 72 0.078601
8 73 0.078603
8 74 0.078604
8 75 0.078605
8 76 0.078606
8 77 0.078607
8 78 0.078608
8 79 0.078609
8 80 0.078610
8 81 0.078611
8 82 0.078612
8 83 0.078613
8 84 0.078614
8 85 0.078615
8 86 0.078616
8 87 0.078617
8 88 0.078618
8 89 0.078619
8 90 0.078620
8 91 0.078621
8 92 0.078621
8 93 0.078622
8 94 0.078622
8 95 0.078622
8 96 0.078623
8 97 0.078623
8 98 0.078623
8 99 0.078624

9 0 0.078644
9 1 0.078644
9 2 0.078644
9 3 0.078644
9 4 0.078643
9 5 0.078643
9 6 0.078643
9 7 0.078643
9 8 0.078642
9 9 0.078641
9 10 0.078640
9 11 0.078638
9 12 0.078637
9 13 0.078635
9 14 0.078634
9 15 0.078632
9 16 0.078631
9 17 0.078629
9 18 0.078628
9 19 0.078626
9 20 0.078625
9 21 0.078623
9 22 0.078621
9 23 0.078619
9 24 0.078617
9 25 0.078616
9 26 0.078614
9 27 0.078612
9 28 0.078610
9 29 0.078608
9 30 0.078607
9 31 0.078605
9 32 0.078603
9 33 0.078602
9 34 0.078600
9 35 0.078599
9 36 0.078597
9 37 0.078591
9 38 0.078590
9 39 0.078589
9 40 0.078588
9 41 0.078587
9 42 0.078586
9 43 0.078585
9 44 0.078585
9 45 0.078584
9 46 0.078584
9 47 0.078583
9 48 0.078583
9 49 0.078583
9 50 0.078583
9 51 0.078583
9 52 0.078583
9 53 0.078583
9 54 0.078583
9 55 0.078584
9 56 0.078584
9 57 0.078585
9 58 0.078586
9 59 0.078586
9 60 0.078587
9 61 0.078588
9 62 0.078589
9 63 0.078590
9 64 0.078591
9 65 0.078592
9 66 0.078593
9 67 0.078594
9 68 0.078595
9 69 0.078596
9 70 0.078597
9 71 0.078598
9 72 0.078599
9 73 0.078600
9 74 0.078601
9 75 0.078602
9 76 0.078603
9 77 0.078604
9 78 0.078605
9 79 0.078606
9 80 0.078607
9 81 0.078608
9 82 0.078609
9 83 0.078610
9 84 0.078611
9 85 0.078612
9 86 0.078613
9 87 0.078613
9 88 0.078614
9 89 0.078614
9 90 0.078615
9 91 0.078615
9 92 0.078616
9 93 0.078616
9 94 0.078617
9 95 0.078617
9 96 0.078617
9 97 0.078617
9 98 0.078617
9 99 0.078617

10 0 0.078640
10 1 0.078640
10 2 0.078640
10 3 0.078640
10 4 0.078639
10 5 0.078638
10 6 0.078637
10 7 0.078636
10 8 0.078635
10 9 0.078634
10 10 0.078633
10 11 0.078632
10 12 0.078631
10 13 0.078630
10 14 0.078629
10 15 0.078627
10 16 0.078625
10 17 0.078624
10 18 0.078622
10 19 0.078620
10 20 0.078619
10 21 0.078617
10 22 0.078615
10 23 0.078613
10 24 0.078612
10 25 0.078610
10 26 0.078608
10 27 0.078606
10 28 0.078605
10 29 0.078603
10 30 0.078601
10 31 0.078600
10 32 0.078598
10 33 0.078597
10 34 0.078595
10 35 0.078594
10 36 0.078592
10 37 0.078591
10 38 0.078590
10 39 0.078589
10 40 0.078588
10 41 0.078587
10 42 0.078586
10 43 0.078586
10 44 0.078585
10 45 0.078585
10 46 0.078584
10 47 0.078584
10 48 0.078584
10 49 0.078583
10 50 0.078583
10 51 0.078583
10 52 0.078583
10 53 0.078584
10 54 0.078584
10 55 0.078584
10 56 0.078585
10 57 0.078585
10 58 0.078586
10 59 0.078587
10 60 0.078588
10 61 0.078589
10 62 0.078589
10 63 0.078590
10 64 0.078591
10 65 0.078592
10 66 0.078593
10 67 0.078594
10 68 0.078595
10 69 0.078596
10 70 0.078597
10 71 0.078598
10 72 0.078599
10 73 0.078600
10 74 0.078601
10 75 0.078602
10 76 0.078603
10 77 0.078604
10 78 0.078605
10 79 0.078606
10 80 0.078607
10 81 0.078608
10 82 0.078609
10 83 0.078610
10 84 0.078611
10 85 0.078611
10 86 0.078612
10 87 0.078613
10 88 0.078614
10 89 0.078614
10 90 0.078614
10 91 0.078615
10 92 0.078615
10 93 0.078616
10 94 0.078616
10 95 0.078617
10 96 0.078617
10 97 0.078617
10 98 0.078617
10 99 0.078617

11 0 0.078639
11 1 0.078639
11 2 0.078639
11 3 0.078639
11 4 0.078638
11 5 0.078637
11 6 0.078636
11 7 0.078635
11 8 0.078634
11 9 0.078633
11 10 0.078632
11 11 0.078631
11 12 0.078630
11 13 0.078629
11 14 0.078628
11 15 0.078626
11 16 0.078624
11 17 0.078623
11 18 0.078621
11 19 0.078619
11 20 0.078618
11 21 0.078616
11 22 0.078615
11 23 0.078613
11 24 0.078611
11 25 0.078609
11 26 0.078608
11 27 0.078606
11 28 0.078604
11 29 0.078603
11 30 0.078601
11 31 0.078600
11 32 0.078598
11 33 0.078597
11 34 0.078595
11 35 0.078594
11 36 0.078593
11 37 0.078591
11 38 0.078590
11 39 0.078589
11 40 0.078588
11 41 0.078587
11 42 0.078587
11 43 0.078586
11 44 0.078585
11 45 0.078585
11 46 0.078584
11 47 0.078584
11 48 0.078584
11 49 0.078584
11 50 0.078584
11 51 0.078584
11 52 0.078584
11 53 0.078584
11 54 0.078584
11 55 0.078585
11 56 0.078585
11 57 0.078586
11 58 0.078587
11 59 0.078587
11 60 0.078588
11 61 0.078589
11 62 0.078590
11 63 0.078591
11 64 0.078592
11 65 0.078592
11 66 0.078593
11 67 0.078594
11 68 0.078595
11 69 0.078596
11 70 0.078597
11 71 0.078598
11 72 0.078599
11 73 0.078600
11 74 0.078601
11 75 0.078602
11 76 0.078603
11 77 0.078604
11 78 0.078605
11 79 0.078605
11 80 0.078606
11 81 0.078607
11 82 0.078608
11 83 0.078609
11 84 0.078610
11 85 0.078611
11 86 0.078612
11 87 0.078612
11 88 0.078613
11 89 0.078613
11 90 0.078614
11 91 0.078614
11 92 0.078615
11 93 0.078615
11 94 0.078615
11 95 0.078616
11 96 0.078616
11 97 0.078616
11 98 0.078616
11 99 0.078616

12 0 0.078637
12 1 0.078637
12 2 0.078637
12 3 0.078637
12 4 0.078636
12 5 0.078635
12 6 0.078634
12 7 0.078634
12 8 0.078633
12 9 0.078632
12 10 0.078631
12 11 0.078630
12 12 0.078629
12 13 0.078627
12 14 0.078626
12 15 0.078624
12 16 0.078623
12 17 0.078621
12 18 0.078620
12 19 0.078618
12 20 0.078617
12 21 0.078615
12 22 0.078613
12 23 0.078612
12 24 0.078610
12 25 0.078609
12 26 0.078607
12 27 0.078605
12 28 0.078604
12 29 0.078602
12 30 0.078601
12 31 0.078599
12 32 0.078598
12 33 0.078596
12 34 0.078595
12 35 0.078594
12 36 0.078592
12 37 0.078591
12 38 0.078590
12 39 0.078589
12 40 0.078588
12 41 0.078588
12 42 0.078587
12 43 0.078586
12 44 0.078586
12 45 0.078585
12 46 0.078585
12 47 0.078584
12 48 0.078584
12 49 0.078584
12 50 0.078584
12 51 0.078584
12 52 0.078584
12 53 0.078584
12 54 0.078585
12 55 0.078585
12 56 0.078586
12 57 0.078586
12 58 0.078587
12 59 0.078588
12 60 0.078589
12 61 0.078589
12 62 0.078590
12 63 0.078591
12 64 0.078592
12 65 0.078593
12 66 0.078594
12 67 0.078595
12 68 0.078595
12 69 0.078596
12 70 0.078597
12 71 0.078598
12 72 0.078599
12 73 0.078600
12 74 0.078601
12 75 0.078602
12 76 0.078603
12 77 0.078604
12 78 0.078604
12 79 0.078605
12 80 0.078606
12 81 0.078607
12 82 0.078608
12 83 0.078609
12 84 0.078610
12 85 0.078611
12 86 0.078611
12 87 0.078612
12 88 0.078612
12 89 0.078613
12 90 0.078613
12 91 0.078614
12 92 0.078614
12 93 0.078614
12 94 0.078615
12 95 0.078615
12 96 0.078615
12 97 0.078615
12 98 0.078615
12 99 0.078615

13 0 0.078636
13 1 0.078636
13 2 0.078636
13 3 0.078635
13 4 0.078635
13 5 0.078634
13 6 0.078633
13 7 0.078633
13 8 0.078632
13 9 0.078631
13 10 0.078630
13 11 0.078629
13 12 0.078628
13 13 0.078626
13 14 0.078625
13 15 0.078623
13 16 0.078622
13 17 0.078620
13 18 0.078619
13 19 0.078617
13 20 0.078616
13 21 0.078614
13 22 0.078613
13 23 0.078611
13 24 0.078610
13 25 0.078608
13 26 0.078606
13 27 0.078605
13 28 0.078603
13 29 0.078602
13 30 0.078600
13 31 0.078599
13 32 0.078597
13 33 0.078596
13 34 0.078595
13 35 0.078594
13 36 0.078592
13 37 0.078591
13 38 0.078590
13 39 0.078589
13 40 0.078589
13 41 0.078588
13 42 0.078587
13 43 0.078586
13 44 0.078586
13 45 0.078585
13 46 0.078585
13 47 0.078585
13 48 0.078584
13 49 0.078584
13 50 0.078584
13 51 0.078584
13 52 0.078585
13 53 0.078585
13 54 0.078585
13 55 0.078586
13 56 0.078586
13 57 0.078587
13 58 0.078587
13 59 0.078588
13 60 0.078589
13 61 0.078590
13 62 0.078591
13 63 0.078591
13 64 0.078592
13 65 0.078593
13 66 0.078594
13 67 0.078595
13 68 0.078596
13 69 0.078597
13 70 0.078597
13 71 0.078598
13 72 0.078599
13 73 0.078600
13 74 0.078601
13 75 0.078602
13 76 0.078603
13 77 0.078603
13 78 0.078604
13 79 0.078605
13 80 0.078606
13 81 0.078607
13 82 0.078608
13 83 0.078608
13 84 0.078609
13 85 0.078610
13 86 0.078610
13 87 0.078611
13 88 0.078611
13 89 0.078612
13 90 0.078612
13 91 0.078612
13 92 0.078613
13 93 0.078613
13 94 0.078613
13 95 0.078613
13 96 0.078614
13 97 0.078613
13 98 0.078613
13 99 0.078614

14 0 0.078635
14 1 0.078634
14 2 0.078633
14 3 0.078633
14 4 0.078632
14 5 0.078632
14 6 0.078631
14 7 0.078630
14 8 0.078630
14 9 0.078629
14 10 0.078628
14 11 0.078627
14 12 0.078625
14 13 0.078624
14 14 0.078623
14 15 0.078621
14 16 0.078620
14 17 0.078618
14 18 0.078617
14 19 0.078616
14 20 0.078614
14 21 0.078613
14 22 0.078611
14 23 0.078610
14 24 0.078608
14 25 0.078607
14 26 0.078605
14 27 0.078604
14 28 0.078602
14 29 0.078601
14 30 0.078599
14 31 0.078598
14 32 0.078597
14 33 0.078595
14 34 0.078594
14 35 0.078593
14 36 0.078592
14 37 0.078591
14 38 0.078590
14 39 0.078589
14 40 0.078588
14 41 0.078588
14 42 0.078587
14 43 0.078586
14 44 0.078586
14 45 0.078585
14 46 0.078585
14 47 0.078585
14 48 0.078585
14 49 0.078585
14 50 0.078585
14 51 0.078585
14 52 0.078585
14 53 0.078585
14 54 0.078586
14 55 0.078586
14 56 0.078587
14 57 0.078587
14 58 0.078588
14 59 0.078589
14 60 0.078589
14 61 0.078590
14 62 0.078591
14 63 0.078592
14 64 0.078593
14 65 0.078593
14 66 0.078594
14 67 0.078595
14 68 0.078596
14 69 0.078597
14 70 0.078598
14 71 0.078599
14 72 0.078600
14 73 0.078600
14 74 0.078601
14 75 0.078602
14 76 0.078603
14 77 0.078603
14 78 0.078604
14 79 0.078605
14 80 0.078606
14 81 0.078607
14 82 0.078607
14 83 0.078608
14 84 0.078609
14 85 0.078610
14 86 0.078610
14 87 0.078611
14 88 0.078611
14 89 0.078611
14 90 0.078612
14 91 0.078612
14 92 0.078612
14 93 0.078613
14 94 0.078613
14 95 0.078613
14 96 0.078613
14 97 0.078613
14 98 0.078613
14 99 0.078614

15 0 0.078633
15 1 0.078632
15 2 0.078632
15 3 0.078632
15 4 0.078631
15 5 0.078631
15 6 0.078630
15 7 0.078629
15 8 0.078628
15 9 0.078627
15 10 0.078626
15 11 0.078625
15 12 0.078624
15 13 0.078623
15 14 0.078622
15 15 0.078620
15 16 0.078619
15 17 0.078617
15 18 0.078616
15 19 0.078615
15 20 0.078613
15 21 0.078612
15 22 0.078610
15 23 0.078609
15 24 0.078607
15 25 0.078606
15 26 0.078604
15 27 0.078603
15 28 0.078602
15 29 0.078600
15 30 0.078599
15 31 0.078598
15 32 0.078596
15 33 0.078595
15 34 0.078594
15 35 0.078593
15 36 0.078592
15 37 0.078591
15 38 0.078590
15 39 0.078589
15 40 0.078588
15 41 0.078588
15 42 0.078587
15 43 0.078587
15 44 0.078586
15 45 0.078586
15 46 0.078586
15 47 0.078585
15 48 0.078585
15 49 0.078585
15 50 0.078585
15 51 0.078586
15 52 0.078586
15 53 0.078586
15 54 0.078587
15 55 0.078587
15 56 0.078587
15 57 0.078588
15 58 0.078589
15 59 0.078589
15 60 0.078590
15 61 0.078591
15 62 0.078592
15 63 0.078592
15 64 0.078593
15 65 0.078594
15 66 0.078595
15 67 0.078596
15 68 0.078597
15 69 0.078597
15 70 0.078598
15 71 0.078599
15 72 0.078600
15 73 0.078601
15 74 0.078601
15 75 0.078602
15 76 0.078603
15 77 0.078603
15 78 0.078604
15 79 0.078605
15 80 0.078606
15 81 0.078607
15 82 0.078607
15 83 0.078608
15 84 0.078609
15 85 0.078609
15 86 0.078610
15 87 0.078610
15 88 0.078610
15 89 0.078611
15 90 0.078611
15 91 0.078611
15 92 0.078612
15 93 0.078612
15 94 0.078612
15 95 0.078612
15 96 0.078612
15 97 0.078612
15 98 0.078612
15 99 0.078613

16 0 0.078632
16 1 0.078631
16 2 0.078630
16 3 0.078630
16 4 0.078630
16 5 0.078629
16 6 0.078628
16 7 0.078628
16 8 0.078627
16 9 0.078626
16 10 0.078625
16 11 0.078624
16 12 0.078623
16 13 0.078621
16 14 0.078620
16 15 0.078619
16 16 0.078618
16 17 0.078616
16 18 0.078615
16 19 0.078614
16 20 0.078612
16 21 0.078611
16 22 0.078609
16 23 0.078608
16 24 0.078607
16 25 0.078605
16 26 0.078604
16 27 0.078602
16 28 0.078601
16 29 0.078600
16 30 0.078598
16 31 0.078597
16 32 0.078596
16 33 0.078595
16 34 0.078594
16 35 0.078593
16 36 0.078592
16 37 0.078591
16 38 0.078590
16 39 0.078589
16 40 0.078589
16 41 0.078588
16 42 0.078587
16 43 0.078587
16 44 0.078587
16 45 0.078586
16 46 0.078586
16 47 0.078586
16 48 0.078586
16 49 0.078586
16 50 0.078586
16 51 0.078586
16 52 0.078586
16 53 0.078587
16 54 0.078587
16 55 0.078588
16 56 0.078588
16 57 0.078589
16 58 0.078589
16 59 0.078590
16 60 0.078591
16 61 0.078591
16 62 0.078592
16 63 0.078593
16 64 0.078594
16 65 0.078595
16 66 0.078595
16 67 0.078596
16 68 0.078597
16 69 0.078598
16 70 0.078599
16 71 0.078599
16 72 0.078600
16 73 0.078601
16 74 0.078602
16 75 0.078602
16 76 0.078603
16 77 0.078604
16 78 0.078604
16 79 0.078605
16 80 0.078606
16 81 0.078606
16 82 0.078607
16 83 0.078608
16 84 0.078608
16 85 0.078609
16 86 0.078609
16 87 0.078610
16 88 0.078610
16 89 0.078610
16 90 0.078610
16 91 0.078611
16 92 0.078611
16 93 0.078611
16 94 0.078611
16 95 0.078611
16 96 0.078611
16 97 0.078611
16 98 0.078611
16 99 0.078612

17 0 0.078630
17 1 0.078629
17 2 0.078629
17 3 0.078629
17 4 0.078628
17 5 0.078628
17 6 0.078627
17 7 0.078626
17 8 0.078625
17 9 0.078624
17 10 0.078623
17 11 0.078622
17 12 0.078621
17 13 0.078620
17 14 0.078619
17 15 0.078618
17 16 0.078616
17 17 0.078615
17 18 0.078614
17 19 0.078613
17 20 0.078611
17 21 0.078610
17 22 0.078609
17 23 0.078607
17 24 0.078606
17 25 0.078604
17 26 0.078603
17 27 0.078602
17 28 0.078601
17 29 0.078599
17 30 0.078598
17 31 0.078597
17 32 0.078596
17 33 0.078595
17 34 0.078594
17 35 0.078593
17 36 0.078592
17 37 0.078591
17 38 0.078590
17 39 0.078590
17 40 0.078589
17 41 0.078588
17 42 0.078588
17 43 0.078587
17 44 0.078587
17 45 0.078587
17 46 0.078587
17 47 0.078587
17 48 0.078587
17 49 0.078587
17 50 0.078587
17 51 0.078587
17 52 0.078587
17 53 0.078588
17 54 0.078588
17 55 0.078588
17 56 0.078589
17 57 0.078589
17 58 0.078590
17 59 0.078591
17 60 0.078591
17 61 0.078592
17 62 0.078593
17 63 0.078594
17 64 0.078594
17 65 0.078595
17 66 0.078596
17 67 0.078597
17 68 0.078598
17 69 0.078598
17 70 0.078599
17 71 0.078600
17 72 0.078600
17 73 0.078601
17 74 0.078602
17 75 0.078602
17 76 0.078603
17 77 0.078604
17 78 0.078604
17 79 0.078605
17 80 0.078606
17 81 0.078606
17 82 0.078607
17 83 0.078607
17 84 0.078608
17 85 0.078608
17 86 0.078609
17 87 0.078609
17 88 0.078609
17 89 0.078610
17 90 0.078610
17 91 0.078610
17 92 0.078610
17 93 0.078610
17 94 0.078611
17 95 0.078610
17 96 0.078611
17 97 0.078610
17 98 0.078610
17 99 0.078611

18 0 0.078629
18 1 0.078628
18 2 0.078627
18 3 0.078627
18 4 0.078626
18 5 0.078626
18 6 0.078625
18 7 0.078624
18 8 0.078624
18 9 0.078623
18 10 0.078622
18 11 0.078621
18 12 0.078620
18 13 0.078619
18 14 0.078618
18 15 0.078616
18 16 0.078615
18 17 0.078614
18 18 0.078613
18 19 0.078612
18 20 0.078610
18 21 0.078609
18 22 0.078608
18 23 0.078606
18 24 0.078605
18 25 0.078604
18 26 0.078603
18 27 0.078601
18 28 0.078600
18 29 0.078599
18 30 0.078598
18 31 0.078597
18 32 0.078596
18 33 0.078595
18 34 0.078594
18 35 0.078593
18 36 0.078592
18 37 0.078591
18 38 0.078591
18 39 0.078590
18 40 0.078589
18 41 0.078589
18 42 0.078588
18 43 0.078588
18 44 0.078588
18 45 0.078587
18 46 0.078587
18 47 0.078587
18 48 0.078587
18 49 0.078587
18 50 0.078587
18 51 0.078588
18 52 0.078588
18 53 0.078588
18 54 0.078589
18 55 0.078589
18 56 0.078590
18 57 0.078590
18 58 0.078591
18 59 0.078591
18 60 0.078592
18 61 0.078593
18 62 0.078594
18 63 0.078594
18 64 0.078595
18 65 0.078596
18 66 0.078597
18 67 0.078597
18 68 0.078598
18 69 0.078599
18 70 0.078599
18 71 0.078600
18 72 0.078601
18 73 0.078601
18 74 0.078602
18 75 0.078602
18 76 0.078603
18 77 0.078604
18 78 0.078604
18 79 0.078605
18 80 0.078605
18 81 0.078606
18 82 0.078607
18 83 0.078607
18 84 0.078608
18 85 0.078608
18 86 0.078608
18 87 0.078609
18 88 0.078609
18 89 0.078609
18 90 0.078609
18 91 0.078609
18 92 0.078610
18 93 0.078610
18 94 0.078610
18 95 0.078610
18 96 0.078610
18 97 0.078610
18 98 0.078609
18 99 0.078610

19 0 0.078627
19 1 0.078626
19 2 0.078626
19 3 0.078625
19 4 0.078625
19 5 0.078624
19 6 0.078624
19 7 0.078623
19 8 0.078622
19 9 0.078621
19 10 0.078620
19 11 0.078619
19 12 0.078618
19 13 0.078617
19 14 0.078616
19 15 0.078615
19 16 0.078614
19 17 0.078613
19 18 0.078612
19 19 0.078611
19 20 0.078609
19 21 0.078608
19 22 0.078607
19 23 0.078606
19 24 0.078604
19 25 0.078603
19 26 0.078602
19 27 0.078601
19 28 0.078600
19 29 0.078599
19 30 0.078598
19 31 0.078597
19 32 0.078596
19 33 0.078595
19 34 0.078594
19 35 0.078593
19 36 0.078592
19 37 0.078592
19 38 0.078591
19 39 0.078590
19 40 0.078590
19 41 0.078589
19 42 0.078589
19 43 0.078588
19 44 0.078588
19 45 0.078588
19 46 0.078588
19 47 0.078588
19 48 0.078588
19 49 0.078588
19 50 0.078588
19 51 0.078588
19 52 0.078589
19 53 0.078589
19 54 0.078589
19 55 0.078590
19 56 0.078590
19 57 0.078591
19 58 0.078591
19 59 0.078592
19 60 0.078593
19 61 0.078593
19 62 0.078594
19 63 0.078595
19 64 0.078596
19 65 0.078596
19 66 0.078597
19 67 0.078598
19 68 0.078598
19 69 0.078599
19 70 0.078600
19 71 0.078600
19 72 0.078601
19 73 0.078601
19 74 0.078602
19 75 0.078602
19 76 0.078603
19 77 0.078603
19 78 0.078604
19 79 0.078604
19 80 0.078604
19 81 0.078604
19 82 0.078604
19 83 0.078605
19 84 0.078605
19 85 0.078605
19 86 0.078605
19 87 0.078605
19 88 0.078605
19 89 0.078605
19 90 0.078605
19 91 0.078605
19 92 0.078605
19 93 0.078605
19 94 0.078605
19 95 0.078605
19 96 0.078605
19 97 0.078605
19 98 0.078605
19 99 0.078605

20 0 0.078618
20 1 0.078618
20 2 0.078617
20 3 0.078617
20 4 0.078616
20 5 0.078616
20 6 0.078615
20 7 0.078614
20 8 0.078614
20 9 0.078613
20 10 0.078612
20 11 0.078612
20 12 0.078611
20 13 0.078610
20 14 0.078609
20 15 0.078609
20 16 0.078608
20 17 0.078607
20 18 0.078606
20 19 0.078605
20 20 0.078605
20 21 0.078604
20 22 0.078603
20 23 0.078602
20 24 0.078602
20 25 0.078601
20 26 0.078600
20 27 0.078599
20 28 0.078599
20 29 0.078598
20 30 0.078597
20 31 0.078597
20 32 0.078596
20 33 0.078595
20 34 0.078595
20 35 0.078594
20 36 0.078594
20 37 0.078593
20 38 0.078593
20 39 0.078593
20 40 0.078593
20 41 0.078592
20 42 0.078592
20 43 0.078592
20 44 0.078592
20 45 0.078592
20 46 0.078592
20 47 0.078592
20 48 0.078592
20 49 0.078592
20 50 0.078593
20 51 0.078593
20 52 0.078593
20 53 0.078593
20 54 0.078594
20 55 0.078594
20 56 0.078595
20 57 0.078595
20 58 0.078596
20 59 0.078596
20 60 0.078597
20 61 0.078597
20 62 0.078597
20 63 0.078598
20 64 0.078598
20 65 0.078599
20 66 0.078599
20 67 0.078599
20 68 0.078600
20 69 0.078600
20 70 0.078601
20 71 0.078601
20 72 0.078601
20 73 0.078602
20 74 0.078602
20 75 0.078603
20 76 0.078603
20 77 0.078604
20 78 0.078604
20 79 0.078604
20 80 0.078604
20 81 0.078604
20 82 0.078605
20 83 0.078605
20 84 0.078605
20 85 0.078605
20 86 0.078605
20 87 0.078605
20 88 0.078605
20 89 0.078605
20 90 0.078605
20 91 0.078605
20 92 0.078605
20 93 0.078605
20 94 0.078605
20 95 0.078604
20 96 0.078604
20 97 0.078604
20 98 0.078605
20 99 0.078605

21 0 0.078616
21 1 0.078616
21 2 0.078615
21 3 0.078615
21 4 0.078614
21 5 0.078614
21 6 0.078613
21 7 0.078613
21 8 0.078612
21 9 0.078612
21 10 0.078611
21 11 0.078610
21 12 0.078610
21 13 0.078609
21 14 0.078608
21 15 0.078607
21 16 0.078607
21 17 0.078606
21 18 0.078605
21 19 0.078604
21 20 0.078604
21 21 0.078603
21 22 0.078602
21 23 0.078602
21 24 0.078601
21 25 0.078600
21 26 0.078600
21 27 0.078599
21 28 0.078598
21 29 0.078598
21 30 0.078597
21 31 0.078597
21 32 0.078596
21 33 0.078595
21 34 0.078595
21 35 0.078595
21 36 0.078594
21 37 0.078594
21 38 0.078594
21 39 0.078594
21 40 0.078593
21 41 0.078593
21 42 0.078593
21 43 0.078593
21 44 0.078593
21 45 0.078593
21 46 0.078593
21 47 0.078593
21 48 0.078593
21 49 0.078593
21 50 0.078594
21 51 0.078594
21 52 0.078594
21 53 0.078595
21 54 0.078595
21 55 0.078596
21 56 0.078596
21 57 0.078596
21 58 0.078597
21 59 0.078597
21 60 0.078598
21 61 0.078598
21 62 0.078598
21 63 0.078599
21 64 0.078599
21 65 0.078599
21 66 0.078600
21 67 0.078600
21 68 0.078600
21 69 0.078601
21 70 0.078601
21 71 0.078602
21 72 0.078602
21 73 0.078602
21 74 0.078603
21 75 0.078603
21 76 0.078604
21 77 0.078604
21 78 0.078604
21 79 0.078604
21 80 0.078604
21 81 0.078605
21 82 0.078605
21 83 0.078605
21 84 0.078605
21 85 0.078605
21 86 0.078605
21 87 0.078605
21 88 0.078605
21 89 0.078605
21 90 0.078605
21 91 0.078604
21 92 0.078604
21 93 0.078604
21 94 0.078604
21 95 0.078604
21 96 0.078604
21 97 0.078604
21 98 0.078604
21 99 0.078604

22 0 0.078614
22 1 0.078614
22 2 0.078613
22 3 0.078613
22 4 0.078612
22 5 0.078612
22 6 0.078611
22 7 0.078611
22 8 0.078610
22 9 0.078610
22 10 0.078609
22 11 0.078609
22 12 0.078608
22 13 0.078607
22 14 0.078607
22 15 0.078606
22 16 0.078605
22 17 0.078605
22 18 0.078604
22 19 0.078603
22 20 0.078603
22 21 0.078602
22 22 0.078602
22 23 0.078601
22 24 0.078601
22 25 0.078600
22 26 0.078599
22 27 0.078599
22 28 0.078598
22 29 0.078598
22 30 0.078597
22 31 0.078597
22 32 0.078596
22 33 0.078596
22 34 0.078595
22 35 0.078595
22 36 0.078595
22 37 0.078595
22 38 0.078594
22 39 0.078594
22 40 0.078594
22 41 0.078594
22 42 0.078594
22 43 0.078594
22 44 0.078594
22 45 0.078594
22 46 0.078594
22 47 0.078594
22 48 0.078594
22 49 0.078595
22 50 0.078595
22 51 0.078595
22 52 0.078596
22 53 0.078596
22 54 0.078596
22 55 0.078597
22 56 0.078597
22 57 0.078598
22 58 0.078598
22 59 0.078598
22 60 0.078599
22 61 0.078599
22 62 0.078599
22 63 0.078600
22 64 0.078600
22 65 0.078600
22 66 0.078601
22 67 0.078601
22 68 0.078601
22 69 0.078602
22 70 0.078602
22 71 0.078602
22 72 0.078603
22 73 0.078603
22 74 0.078603
22 75 0.078604
22 76 0.078604
22 77 0.078604
22 78 0.078604
22 79 0.078604
22 80 0.078605
22 81 0.078605
22 82 0.078605
22 83 0.078605
22 84 0.078605
22 85 0.078605
22 86 0.078605
22 87 0.078605
22 88 0.078604
22 89 0.078604
22 90 0.078604
22 91 0.078604
22 92 0.078604
22 93 0.078604
22 94 0.078603
22 95 0.078603
22 96 0.078603
22 97 0.078603
22 98 0.078603
22 99 0.078603

23 0 0.078613
23 1 0.078613
23 2 0.078612
23 3 0.078611
23 4 0.078611
23 5 0.078610
23 6 0.078610
23 7 0.078609
23 8 0.078609
23 9 0.078608
23 10 0.078608
23 11 0.078607
23 12 0.078607
23 13 0.078606
23 14 0.078605
23 15 0.078605
23 16 0.078604
23 17 0.078604
23 18 0.078603
23 19 0.078603
23 20 0.078602
23 21 0.078602
23 22 0.078601
23 23 0.078601
23 24 0.078600
23 25 0.078600
23 26 0.078599
23 27 0.078599
23 28 0.078598
23 29 0.078598
23 30 0.078597
23 31 0.078597
23 32 0.078597
23 33 0.078596
23 34 0.078596
23 35 0.078596
23 36 0.078596
23 37 0.078595
23 38 0.078595
23 39 0.078595
23 40 0.078595
23 41 0.078595
23 42 0.078595
23 43 0.078595
23 44 0.078595
23 45 0.078595
23 46 0.078595
23 47 0.078595
23 48 0.078596
23 49 0.078596
23 50 0.078596
23 51 0.078597
23 52 0.078597
23 53 0.078597
23 54 0.078598
23 55 0.078598
23 56 0.078599
23 57 0.078599
23 58 0.078599
23 59 0.078599
23 60 0.078600
23 61 0.078600
23 62 0.078600
23 63 0.078601
23 64 0.078601
23 65 0.078601
23 66 0.078601
23 67 0.078602
23 68 0.078602
23 69 0.078602
23 70 0.078603
23 71 0.078603
23 72 0.078603
23 73 0.078604
23 74 0.078604
23 75 0.078604
23 76 0.078604
23 77 0.078604
23 78 0.078604
23 79 0.078605
23 80 0.078605
23 81 0.078605
23 82 0.078605
23 83 0.078605
23 84 0.078605
23 85 0.078604
23 86 0.078604
23 87 0.078604
23 88 0.078604
23 89 0.078604
23 90 0.078603
23 91 0.078603
23 92 0.078603
23 93 0.078603
23 94 0.078603
23 95 0.078603
23 96 0.078603
23 97 0.078603
23 98 0.078603
23 99 0.078603

24 0 0.078611
24 1 0.078611
24 2 0.078610
24 3 0.078609
24 4 0.078609
24 5 0.078609
24 6 0.078608
24 7 0.078608
24 8 0.078607
24 9 0.078607
24 10 0.078606
24 11 0.078606
24 12 0.078605
24 13 0.078605
24 14 0.078604
24 15 0.078604
24 16 0.078603
24 17 0.078603
24 18 0.078602
24 19 0.078602
24 20 0.078602
24 21 0.078601
24 22 0.078601
24 23 0.078600
24 24 0.078600
24 25 0.078600
24 26 0.078599
24 27 0.078599
24 28 0.078598
24 29 0.078598
24 30 0.078598
24 31 0.078597
24 32 0.078597
24 33 0.078597
24 34 0.078597
24 35 0.078597
24 36 0.078596
24 37 0.078596
24 38 0.078596
24 39 0.078596
24 40 0.078596
24 41 0.078596
24 42 0.078596
24 43 0.078596
24 44 0.078596
24 45 0.078596
24 46 0.078597
24 47 0.078597
24 48 0.078597
24 49 0.078597
24 50 0.078598
24 51 0.078598
24 52 0.078598
24 53 0.078599
24 54 0.078599
24 55 0.078599
24 56 0.078600
24 57 0.078600
24 58 0.078600
24 59 0.078601
24 60 0.078601
24 61 0.078601
24 62 0.078601
24 63 0.078601
24 64 0.078602
24 65 0.078602
24 66 0.078602
24 67 0.078603
24 68 0.078603
24 69 0.078603
24 70 0.078603
24 71 0.078604
24 72 0.078604
24 73 0.078604
24 74 0.078604
24 75 0.078604
24 76 0.078604
24 77 0.078604
24 78 0.078604
24 79 0.078605
24 80 0.078604
24 81 0.078604
24 82 0.078604
24 83 0.078604
24 84 0.078604
24 85 0.078604
24 86 0.078604
24 87 0.078603
24 88 0.078603
24 89 0.078603
24 90 0.078603
24 91 0.078603
24 92 0.078602
24 93 0.078602
24 94 0.078602
24 95 0.078602
24 96 0.078602
24 97 0.078602
24 98 0.078602
24 99 0.078602

25 0 0.078609
25 1 0.078609
25 2 0.078608
25 3 0.078608
25 4 0.078607
25 5 0.078607
25 6 0.078607
25 7 0.078606
25 8 0.078606
25 9 0.078605
25 10 0.078605
25 11 0.078605
25 12 0.078604
25 13 0.078604
25 14 0.078603
25 15 0.078603
25 16 0.078603
25 17 0.078602
25 18 0.078602
25 19 0.078602
25 20 0.078601
25 21 0.078601
25 22 0.078601
25 23 0.078600
25 24 0.078600
25 25 0.078599
25 26 0.078599
25 27 0.078599
25 28 0.078599
25 29 0.078598
25 30 0.078598
25 31 0.078598
25 32 0.078598
25 33 0.078598
25 34 0.078598
25 35 0.078597
25 36 0.078597
25 37 0.078597
25 38 0.078597
25 39 0.078597
25 40 0.078597
25 41 0.078597
25 42 0.078597
25 43 0.078597
25 44 0.078598
25 45 0.078598
25 46 0.078598
25 47 0.078598
25 48 0.078598
25 49 0.078599
25 50 0.078599
25 51 0.078599
25 52 0.078600
25 53 0.078600
25 54 0.078600
25 55 0.078601
25 56 0.078601
25 57 0.078601
25 58 0.078601
25 59 0.078602
25 60 0.078602
25 61 0.078602
25 62 0.078602
25 63 0.078602
25 64 0.078602
25 65 0.078603
25 66 0.078603
25 67 0.078603
25 68 0.078604
25 69 0.078604
25 70 0.078604
25 71 0.078604
25 72 0.078604
25 73 0.078604
25 74 0.078604
25 75 0.078604
25 76 0.078604
25 77 0.078604
25 78 0.078604
25 79 0.078604
25 80 0.078604
25 81 0.078604
25 82 0.078604
25 83 0.078604
25 84 0.078604
25 85 0.078603
25 86 0.078603
25 87 0.078603
25 88 0.078603
25 89 0.078602
25 90 0.078602
25 91 0.078602
25 92 0.078602
25 93 0.078602
25 94 0.078602
25 95 0.078602
25 96 0.078602
25 97 0.078602
25 98 0.078602
25 99 0.078602

26 0 0.078608
26 1 0.078608
26 2 0.078607
26 3 0.078606
26 4 0.078606
26 5 0.078606
26 6 0.078605
26 7 0.078605
26 8 0.078605
26 9 0.078604
26 10 0.078604
26 11 0.078603
26 12 0.078603
26 13 0.078603
26 14 0.078603
26 15 0.078602
26 16 0.078602
26 17 0.078602
26 18 0.078601
26 19 0.078601
26 20 0.078601
26 21 0.078601
26 22 0.078600
26 23 0.078600
26 24 0.078600
26 25 0.078600
26 26 0.078599
26 27 0.078599
26 28 0.078599
26 29 0.078599
26 30 0.078599
26 31 0.078599
26 32 0.078599
26 33 0.078598
26 34 0.078598
26 35 0.078598
26 36 0.078598
26 37 0.078598
26 38 0.078598
26 39 0.078598
26 40 0.078598
26 41 0.078598
26 42 0.078598
26 43 0.078599
26 44 0.078599
26 45 0.078599
26 46 0.078599
26 47 0.078599
26 48 0.078600
26 49 0.078600
26 50 0.078600
26 51 0.078601
26 52 0.078601
26 53 0.078601
26 54 0.078601
26 55 0.078602
26 56 0.078602
26 57 0.078602
26 58 0.078602
26 59 0.078602
26 60 0.078603
26 61 0.078603
26 62 0.078603
26 63 0.078603
26 64 0.078603
26 65 0.078603
26 66 0.078604
26 67 0.078604
26 68 0.078604
26 69 0.078604
26 70 0.078605
26 71 0.078606
26 72 0.078605
26 73 0.078605
26 74 0.078605
26 75 0.078604
26 76 0.078604
26 77 0.078604
26 78 0.078603
26 79 0.078603
26 80 0.078603
26 81 0.078602
26 82 0.078602
26 83 0.078601
26 84 0.078601
26 85 0.078601
26 86 0.078600
26 87 0.078600
26 88 0.078600
26 89 0.078599
26 90 0.078599
26 91 0.078599
26 92 0.078598
26 93 0.078598
26 94 0.078598
26 95 0.078598
26 96 0.078597
26 97 0.078597
26 98 0.078596
26 99 0.078596

27 0 0.078598
27 1 0.078598
27 2 0.078598
27 3 0.078598
27 4 0.078598
27 5 0.078598
27 6 0.078598
27 7 0.078598
27 8 0.078598
27 9 0.078598
27 10 0.078598
27 11 0.078598
27 12 0.078598
27 13 0.078598
27 14 0.078598
27 15 0.078598
27 16 0.078598
27 17 0.078599
27 18 0.078599
27 19 0.078599
27 20 0.078599
27 21 0.078600
27 22 0.078600
27 23 0.078600
27 24 0.078600
27 25 0.078601
27 26 0.078601
27 27 0.078601
27 28 0.078601
27 29 0.078602
27 30 0.078602
27 31 0.078602
27 32 0.078603
27 33 0.078603
27 34 0.078603
27 35 0.078603
27 36 0.078604
27 37 0.078604
27 38 0.078604
27 39 0.078606
27 40 0.078606
27 41 0.078606
27 42 0.078607
27 43 0.078607
27 44 0.078607
27 45 0.078608
27 46 0.078608
27 47 0.078608
27 48 0.078609
27 49 0.078609
27 50 0.078609
27 51 0.078609
27 52 0.078610
27 53 0.078610
27 54 0.078610
27 55 0.078610
27 56 0.078610
27 57 0.078610
27 58 0.078610
27 59 0.078610
27 60 0.078610
27 61 0.078609
27 62 0.078609
27 63 0.078609
27 64 0.078609
27 65 0.078609
27 66 0.078609
27 67 0.078608
27 68 0.078608
27 69 0.078607
27 70 0.078607
27 71 0.078606
27 72 0.078606
27 73 0.078605
27 74 0.078605
27 75 0.078605
27 76 0.078604
27 77 0.078604
27 78 0.078603
27 79 0.078603
27 80 0.078603
27 81 0.078602
27 82 0.078602
27 83 0.078601
27 84 0.078601
27 85 0.078600
27 86 0.078600
27 87 0.078599
27 88 0.078599
27 89 0.078598
27 90 0.078598
27 91 0.078598
27 92 0.078597
27 93 0.078597
27 94 0.078597
27 95 0.078597
27 96 0.078596
27 97 0.078596
27 98 0.078595
27 99 0.078596

28 0 0.078597
28 1 0.078595
28 2 0.078596
28 3 0.078596
28 4 0.078596
28 5 0.078596
28 6 0.078596
28 7 0.078596
28 8 0.078596
28 9 0.078596
28 10 0.078596
28 11 0.078596
28 12 0.078596
28 13 0.078596
28 14 0.078597
28 15 0.078597
28 16 0.078597
28 17 0.078598
28 18 0.078598
28 19 0.078599
28 20 0.078599
28 21 0.078599
28 22 0.078600
28 23 0.078600
28 24 0.078601
28 25 0.078601
28 26 0.078602
28 27 0.078602
28 28 0.078602
28 29 0.078603
28 30 0.078603
28 31 0.078604
28 32 0.078604
28 33 0.078605
28 34 0.078605
28 35 0.078605
28 36 0.078606
28 37 0.078606
28 38 0.078607
28 39 0.078607
28 40 0.078607
28 41 0.078608
28 42 0.078608
28 43 0.078609
28 44 0.078609
28 45 0.078609
28 46 0.078609
28 47 0.078610
28 48 0.078610
28 49 0.078610
28 50 0.078611
28 51 0.078611
28 52 0.078611
28 53 0.078611
28 54 0.078611
28 55 0.078611
28 56 0.078611
28 57 0.078611
28 58 0.078611
28 59 0.078611
28 60 0.078611
28 61 0.078611
28 62 0.078611
28 63 0.078610
28 64 0.078610
28 65 0.078610
28 66 0.078609
28 67 0.078609
28 68 0.078608
28 69 0.078608
28 70 0.078607
28 71 0.078607
28 72 0.078606
28 73 0.078606
28 74 0.078605
28 75 0.078605
28 76 0.078604
28 77 0.078604
28 78 0.078604
28 79 0.078603
28 80 0.078603
28 81 0.078602
28 82 0.078602
28 83 0.078601
28 84 0.078601
28 85 0.078600
28 86 0.078600
28 87 0.078599
28 88 0.078599
28 89 0.078598
28 90 0.078598
28 91 0.078598
28 92 0.078597
28 93 0.078597
28 94 0.078597
28 95 0.078597
28 96 0.078596
28 97 0.078596
28 98 0.078595
28 99 0.078596

29 0 0.078596
29 1 0.078595
29 2 0.078595
29 3 0.078595
29 4 0.078595
29 5 0.078595
29 6 0.078595
29 7 0.078595
29 8 0.078595
29 9 0.078595
29 10 0.078595
29 11 0.078595
29 12 0.078596
29 13 0.078596
29 14 0.078596
29 15 0.078597
29 16 0.078597
29 17 0.078598
29 18 0.078598
29 19 0.078599
29 20 0.078599
29 21 0.078600
29 22 0.078600
29 23 0.078601
29 24 0.078601
29 25 0.078602
29 26 0.078602
29 27 0.078603
29 28 0.078603
29 29 0.078604
29 30 0.078604
29 31 0.078605
29 32 0.078605
29 33 0.078606
29 34 0.078606
29 35 0.078606
29 36 0.078607
29 37 0.078607
29 38 0.078608
29 39 0.078608
29 40 0.078609
29 41 0.078609
29 42 0.078609
29 43 0.078610
29 44 0.078610
29 45 0.078610
29 46 0.078611
29 47 0.078611
29 48 0.078611
29 49 0.078612
29 50 0.078612
29 51 0.078612
29 52 0.078612
29 53 0.078612
29 54 0.078612
29 55 0.078612
29 56 0.078613
29 57 0.078613
29 58 0.078613
29 59 0.078613
29 60 0.078612
29 61 0.078612
29 62 0.078612
29 63 0.078612
29 64 0.078612
29 65 0.078611
29 66 0.078611
29 67 0.078610
29 68 0.078609
29 69 0.078609
29 70 0.078608
29 71 0.078607
29 72 0.078607
29 73 0.078606
29 74 0.078606
29 75 0.078605
29 76 0.078605
29 77 0.078604
29 78 0.078604
29 79 0.078603
29 80 0.078603
29 81 0.078602
29 82 0.078602
29 83 0.078601
29 84 0.078600
29 85 0.078600
29 86 0.078599
29 87 0.078599
29 88 0.078598
29 89 0.078598
29 90 0.078597
29 91 0.078597
29 92 0.078596
29 93 0.078596
29 94 0.078596
29 95 0.078596
29 96 0.078595
29 97 0.078595
29 98 0.078595
29 99 0.078596

30 0 0.078595
30 1 0.078593
30 2 0.078593
30 3 0.078593
30 4 0.078593
30 5 0.078593
30 6 0.078593
30 7 0.078593
30 8 0.078594
30 9 0.078594
30 10 0.078594
30 11 0.078594
30 12 0.078595
30 13 0.078595
30 14 0.078596
30 15 0.078596
30 16 0.078597
30 17 0.078597
30 18 0.078598
30 19 0.078599
30 20 0.078599
30 21 0.078600
30 22 0.078601
30 23 0.078601
30 24 0.078602
30 25 0.078602
30 26 0.078603
30 27 0.078604
30 28 0.078604
30 29 0.078605
30 30 0.078606
30 31 0.078606
30 32 0.078607
30 33 0.078607
30 34 0.078608
30 35 0.078608
30 36 0.078609
30 37 0.078610
30 38 0.078610
30 39 0.078611
30 40 0.078611
30 41 0.078612
30 42 0.078612
30 43 0.078612
30 44 0.078613
30 45 0.078613
30 46 0.078614
30 47 0.078614
30 48 0.078614
30 49 0.078614
30 50 0.078615
30 51 0.078615
30 52 0.078615
30 53 0.078615
30 54 0.078615
30 55 0.078615
30 56 0.078615
30 57 0.078614
30 58 0.078614
30 59 0.078614
30 60 0.078614
30 61 0.078614
30 62 0.078613
30 63 0.078613
30 64 0.078612
30 65 0.078612
30 66 0.078611
30 67 0.078611
30 68 0.078610
30 69 0.078609
30 70 0.078608
30 71 0.078608
30 72 0.078607
30 73 0.078607
30 74 0.078606
30 75 0.078606
30 76 0.078605
30 77 0.078605
30 78 0.078604
30 79 0.078604
30 80 0.078603
30 81 0.078602
30 82 0.078602
30 83 0.078601
30 84 0.078600
30 85 0.078600
30 86 0.078599
30 87 0.078598
30 88 0.078598
30 89 0.078597
30 90 0.078597
30 91 0.078597
30 92 0.078596
30 93 0.078596
30 94 0.078596
30 95 0.078596
30 96 0.078595
30 97 0.078595
30 98 0.078595
30 99 0.078596

31 0 0.078594
31 1 0.078592
31 2 0.078592
31 3 0.078592
31 4 0.078592
31 5 0.078592
31 6 0.078593
31 7 0.078593
31 8 0.078593
31 9 0.078593
31 10 0.078594
31 11 0.078594
31 12 0.078594
31 13 0.078595
31 14 0.078596
31 15 0.078596
31 16 0.078597
31 17 0.078597
31 18 0.078598
31 19 0.078599
31 20 0.078599
31 21 0.078600
31 22 0.078601
31 23 0.078602
31 24 0.078602
31 25 0.078603
31 26 0.078604
31 27 0.078604
31 28 0.078605
31 29 0.078606
31 30 0.078606
31 31 0.078607
31 32 0.078607
31 33 0.078608
31 34 0.078609
31 35 0.078609
31 36 0.078610
31 37 0.078611
31 38 0.078611
31 39 0.078612
31 40 0.078612
31 41 0.078613
31 42 0.078613
31 43 0.078614
31 44 0.078614
31 45 0.078614
31 46 0.078615
31 47 0.078615
31 48 0.078615
31 49 0.078615
31 50 0.078616
31 51 0.078616
31 52 0.078616
31 53 0.078616
31 54 0.078616
31 55 0.078616
31 56 0.078615
31 57 0.078615
31 58 0.078615
31 59 0.078615
31 60 0.078615
31 61 0.078614
31 62 0.078614
31 63 0.078613
31 64 0.078613
31 65 0.078613
31 66 0.078612
31 67 0.078611
31 68 0.078610
31 69 0.078610
31 70 0.078609
31 71 0.078608
31 72 0.078608
31 73 0.078607
31 74 0.078607
31 75 0.078606
31 76 0.078606
31 77 0.078605
31 78 0.078604
31 79 0.078604
31 80 0.078603
31 81 0.078602
31 82 0.078602
31 83 0.078601
31 84 0.078600
31 85 0.078600
31 86 0.078599
31 87 0.078598
31 88 0.078598
31 89 0.078597
31 90 0.078597
31 91 0.078596
31 92 0.078596
31 93 0.078596
31 94 0.078596
31 95 0.078595
31 96 0.078595
31 97 0.078595
31 98 0.078595
31 99 0.078596

32 0 0.078593
32 1 0.078591
32 2 0.078592
32 3 0.078591
32 4 0.078592
32 5 0.078592
32 6 0.078592
32 7 0.078592
32 8 0.078592
32 9 0.078593
32 10 0.078593
32 11 0.078594
32 12 0.078594
32 13 0.078595
32 14 0.078595
32 15 0.078596
32 16 0.078597
32 17 0.078597
32 18 0.078598
32 19 0.078599
32 20 0.078600
32 21 0.078600
32 22 0.078601
32 23 0.078602
32 24 0.078603
32 25 0.078603
32 26 0.078604
32 27 0.078605
32 28 0.078606
32 29 0.078606
32 30 0.078607
32 31 0.078608
32 32 0.078608
32 33 0.078609
32 34 0.078610
32 35 0.078610
32 36 0.078611
32 37 0.078611
32 38 0.078612
32 39 0.078613
32 40 0.078613
32 41 0.078614
32 42 0.078614
32 43 0.078614
32 44 0.078615
32 45 0.078615
32 46 0.078616
32 47 0.078616
32 48 0.078616
32 49 0.078616
32 50 0.078617
32 51 0.078617
32 52 0.078617
32 53 0.078617
32 54 0.078617
32 55 0.078616
32 56 0.078616
32 57 0.078616
32 58 0.078616
32 59 0.078616
32 60 0.078615
32 61 0.078615
32 62 0.078614
32 63 0.078614
32 64 0.078614
32 65 0.078613
32 66 0.078612
32 67 0.078611
32 68 0.078611
32 69 0.078610
32 70 0.078609
32 71 0.078609
32 72 0.078608
32 73 0.078608
32 74 0.078607
32 75 0.078607
32 76 0.078606
32 77 0.078605
32 78 0.078605
32 79 0.078604
32 80 0.078603
32 81 0.078602
32 82 0.078601
32 83 0.078601
32 84 0.078600
32 85 0.078599
32 86 0.078599
32 87 0.078598
32 88 0.078598
32 89 0.078597
32 90 0.078597
32 91 0.078596
32 92 0.078596
32 93 0.078596
32 94 0.078596
32 95 0.078595
32 96 0.078595
32 97 0.078595
32 98 0.078595
32 99 0.078596

33 0 0.078592
33 1 0.078590
33 2 0.078591
33 3 0.078591
33 4 0.078591
33 5 0.078591
33 6 0.078591
33 7 0.078592
33 8 0.078592
33 9 0.078592
33 10 0.078593
33 11 0.078593
33 12 0.078594
33 13 0.078595
33 14 0.078595
33 15 0.078596
33 16 0.078597
33 17 0.078597
33 18 0.078598
33 19 0.078599
33 20 0.078600
33 21 0.078601
33 22 0.078602
33 23 0.078602
33 24 0.078603
33 25 0.078604
33 26 0.078605
33 27 0.078606
33 28 0.078606
33 29 0.078607
33 30 0.078608
33 31 0.078609
33 32 0.078609
33 33 0.078610
33 34 0.078610
33 35 0.078611
33 36 0.078612
33 37 0.078612
33 38 0.078613
33 39 0.078614
33 40 0.078614
33 41 0.078615
33 42 0.078615
33 43 0.078616
33 44 0.078616
33 45 0.078616
33 46 0.078617
33 47 0.078617
33 48 0.078617
33 49 0.078618
33 50 0.078618
33 51 0.078618
33 52 0.078618
33 53 0.078618
33 54 0.078618
33 55 0.078617
33 56 0.078617
33 57 0.078617
33 58 0.078617
33 59 0.078616
33 60 0.078616
33 61 0.078616
33 62 0.078615
33 63 0.078614
33 64 0.078614
33 65 0.078613
33 66 0.078613
33 67 0.078612
33 68 0.078611
33 69 0.078610
33 70 0.078610
33 71 0.078609
33 72 0.078609
33 73 0.078608
33 74 0.078608
33 75 0.078607
33 76 0.078606
33 77 0.078606
33 78 0.078605
33 79 0.078604
33 80 0.078603
33 81 0.078602
33 82 0.078601
33 83 0.078601
33 84 0.078600
33 85 0.078599
33 86 0.078598
33 87 0.078598
33 88 0.078597
33 89 0.078597
33 90 0.078596
33 91 0.078596
33 92 0.078596
33 93 0.078596
33 94 0.078595
33 95 0.078595
33 96 0.078595
33 97 0.078595
33 98 0.078595
33 99 0.078596

34 0 0.078591
34 1 0.078590
34 2 0.078590
34 3 0.078590
34 4 0.078590
34 5 0.078591
34 6 0.078591
34 7 0.078591
34 8 0.078592
34 9 0.078592
34 10 0.078593
34 11 0.078593
34 12 0.078594
34 13 0.078595
34 14 0.078595
34 15 0.078596
34 16 0.078597
34 17 0.078598
34 18 0.078599
34 19 0.078599
34 20 0.078600
34 21 0.078601
34 22 0.078602
34 23 0.078603
34 24 0.078604
34 25 0.078605
34 26 0.078605
34 27 0.078606
34 28 0.078607
34 29 0.078608
34 30 0.078608
34 31 0.078609
34 32 0.078610
34 33 0.078611
34 34 0.078611
34 35 0.078612
34 36 0.078613
34 37 0.078613
34 38 0.078614
34 39 0.078615
34 40 0.078615
34 41 0.078616
34 42 0.078616
34 43 0.078617
34 44 0.078617
34 45 0.078617
34 46 0.078618
34 47 0.078618
34 48 0.078618
34 49 0.078618
34 50 0.078618
34 51 0.078618
34 52 0.078618
34 53 0.078618
34 54 0.078618
34 55 0.078618
34 56 0.078618
34 57 0.078617
34 58 0.078617
34 59 0.078617
34 60 0.078616
34 61 0.078616
34 62 0.078615
34 63 0.078615
34 64 0.078614
34 65 0.078613
34 66 0.078613
34 67 0.078612
34 68 0.078611
34 69 0.078610
34 70 0.078610
34 71 0.078609
34 72 0.078609
34 73 0.078608
34 74 0.078608
34 75 0.078607
34 76 0.078607
34 77 0.078606
34 78 0.078605
34 79 0.078604
34 80 0.078603
34 81 0.078602
34 82 0.078601
34 83 0.078600
34 84 0.078600
34 85 0.078599
34 86 0.078598
34 87 0.078598
34 88 0.078597
34 89 0.078597
34 90 0.078596
34 91 0.078596
34 92 0.078596
34 93 0.078596
34 94 0.078596
34 95 0.078596
34 96 0.078595
34 97 0.078595
34 98 0.078595
34 99 0.078596

35 0 0.078591
35 1 0.078589
35 2 0.078590
35 3 0.078590
35 4 0.078590
35 5 0.078591
35 6 0.078591
35 7 0.078591
35 8 0.078592
35 9 0.078592
35 10 0.078593
35 11 0.078593
35 12 0.078594
35 13 0.078595
35 14 0.078596
35 15 0.078596
35 16 0.078597
35 17 0.078598
35 18 0.078599
35 19 0.078600
35 20 0.078601
35 21 0.078602
35 22 0.078603
35 23 0.078604
35 24 0.078604
35 25 0.078605
35 26 0.078606
35 27 0.078607
35 28 0.078608
35 29 0.078609
35 30 0.078609
35 31 0.078610
35 32 0.078611
35 33 0.078612
35 34 0.078612
35 35 0.078613
35 36 0.078614
35 37 0.078614
35 38 0.078615
35 39 0.078616
35 40 0.078616
35 41 0.078617
35 42 0.078617
35 43 0.078618
35 44 0.078618
35 45 0.078619
35 46 0.078619
35 47 0.078619
35 48 0.078619
35 49 0.078619
35 50 0.078619
35 51 0.078619
35 52 0.078619
35 53 0.078619
35 54 0.078619
35 55 0.078619
35 56 0.078618
35 57 0.078618
35 58 0.078618
35 59 0.078617
35 60 0.078617
35 61 0.078616
35 62 0.078616
35 63 0.078615
35 64 0.078614
35 65 0.078614
35 66 0.078613
35 67 0.078612
35 68 0.078611
35 69 0.078611
35 70 0.078610
35 71 0.078610
35 72 0.078609
35 73 0.078609
35 74 0.078608
35 75 0.078607
35 76 0.078607
35 77 0.078606
35 78 0.078605
35 79 0.078604
35 80 0.078603
35 81 0.078602
35 82 0.078601
35 83 0.078600
35 84 0.078599
35 85 0.078599
35 86 0.078598
35 87 0.078598
35 88 0.078597
35 89 0.078597
35 90 0.078596
35 91 0.078596
35 92 0.078596
35 93 0.078596
35 94 0.078596
35 95 0.078595
35 96 0.078595
35 97 0.078595
35 98 0.078595
35 99 0.078595

36 0 0.078590
36 1 0.078589
36 2 0.078590
36 3 0.078590
36 4 0.078590
36 5 0.078591
36 6 0.078591
36 7 0.078591
36 8 0.078592
36 9 0.078592
36 10 0.078593
36 11 0.078594
36 12 0.078594
36 13 0.078595
36 14 0.078596
36 15 0.078597
36 16 0.078598
36 17 0.078598
36 18 0.078599
36 19 0.078600
36 20 0.078601
36 21 0.078602
36 22 0.078603
36 23 0.078604
36 24 0.078605
36 25 0.078606
36 26 0.078607
36 27 0.078608
36 28 0.078608
36 29 0.078609
36 30 0.078610
36 31 0.078611
36 32 0.078612
36 33 0.078613
36 34 0.078613
36 35 0.078614
36 36 0.078615
36 37 0.078616
36 38 0.078616
36 39 0.078617
36 40 0.078617
36 41 0.078618
36 42 0.078618
36 43 0.078619
36 44 0.078619
36 45 0.078620
36 46 0.078620
36 47 0.078620
36 48 0.078620
36 49 0.078620
36 50 0.078620
36 51 0.078620
36 52 0.078620
36 53 0.078620
36 54 0.078620
36 55 0.078619
36 56 0.078619
36 57 0.078619
36 58 0.078618
36 59 0.078618
36 60 0.078617
36 61 0.078617
36 62 0.078616
36 63 0.078616
36 64 0.078615
36 65 0.078614
36 66 0.078613
36 67 0.078612
36 68 0.078612
36 69 0.078611
36 70 0.078611
36 71 0.078610
36 72 0.078610
36 73 0.078609
36 74 0.078608
36 75 0.078608
36 76 0.078607
36 77 0.078606
36 78 0.078604
36 79 0.078603
36 80 0.078602
36 81 0.078601
36 82 0.078601
36 83 0.078600
36 84 0.078599
36 85 0.078599
36 86 0.078598
36 87 0.078598
36 88 0.078597
36 89 0.078597
36 90 0.078596
36 91 0.078596
36 92 0.078596
36 93 0.078596
36 94 0.078596
36 95 0.078596
36 96 0.078595
36 97 0.078595
36 98 0.078595
36 99 0.078595

37 0 0.078590
37 1 0.078589
37 2 0.078589
37 3 0.078589
37 4 0.078590
37 5 0.078590
37 6 0.078591
37 7 0.078591
37 8 0.078592
37 9 0.078592
37 10 0.078593
37 11 0.078594
37 12 0.078594
37 13 0.078595
37 14 0.078596
37 15 0.078597
37 16 0.078598
37 17 0.078599
37 18 0.078600
37 19 0.078601
37 20 0.078602
37 21 0.078603
37 22 0.078604
37 23 0.078605
37 24 0.078606
37 25 0.078607
37 26 0.078607
37 27 0.078608
37 28 0.078609
37 29 0.078610
37 30 0.078611
37 31 0.078612
37 32 0.078613
37 33 0.078613
37 34 0.078614
37 35 0.078615
37 36 0.078616
37 37 0.078617
37 38 0.078617
37 39 0.078618
37 40 0.078618
37 41 0.078619
37 42 0.078619
37 43 0.078620
37 44 0.078620
37 45 0.078621
37 46 0.078621
37 47 0.078621
37 48 0.078621
37 49 0.078621
37 50 0.078621
37 51 0.078621
37 52 0.078621
37 53 0.078621
37 54 0.078620
37 55 0.078620
37 56 0.078620
37 57 0.078619
37 58 0.078619
37 59 0.078618
37 60 0.078618
37 61 0.078617
37 62 0.078617
37 63 0.078616
37 64 0.078615
37 65 0.078614
37 66 0.078614
37 67 0.078613
37 68 0.078612
37 69 0.078612
37 70 0.078611
37 71 0.078611
37 72 0.078611
37 73 0.078609
37 74 0.078608
37 75 0.078607
37 76 0.078606
37 77 0.078605
37 78 0.078605
37 79 0.078604
37 80 0.078603
37 81 0.078602
37 82 0.078601
37 83 0.078600
37 84 0.078599
37 85 0.078598
37 86 0.078598
37 87 0.078597
37 88 0.078596
37 89 0.078596
37 90 0.078595
37 91 0.078594
37 92 0.078594
37 93 0.078593
37 94 0.078592
37 95 0.078592
37 96 0.078592
37 97 0.078592
37 98 0.078592
37 99 0.078592

38 0 0.078587
38 1 0.078587
38 2 0.078588
38 3 0.078588
38 4 0.078589
38 5 0.078589
38 6 0.078590
38 7 0.078591
38 8 0.078592
38 9 0.078593
38 10 0.078594
38 11 0.078595
38 12 0.078596
38 13 0.078597
38 14 0.078598
38 15 0.078600
38 16 0.078601
38 17 0.078602
38 18 0.078603
38 19 0.078604
38 20 0.078606
38 21 0.078607
38 22 0.078608
38 23 0.078609
38 24 0.078611
38 25 0.078612
38 26 0.078613
38 27 0.078614
38 28 0.078616
38 29 0.078617
38 30 0.078618
38 31 0.078619
38 32 0.078621
38 33 0.078622
38 34 0.078623
38 35 0.078624
38 36 0.078625
38 37 0.078626
38 38 0.078627
38 39 0.078628
38 40 0.078628
38 41 0.078629
38 42 0.078630
38 43 0.078630
38 44 0.078630
38 45 0.078631
38 46 0.078631
38 47 0.078631
38 48 0.078631
38 49 0.078631
38 50 0.078631
38 51 0.078631
38 52 0.078631
38 53 0.078631
38 54 0.078630
38 55 0.078630
38 56 0.078629
38 57 0.078628
38 58 0.078627
38 59 0.078626
38 60 0.078626
38 61 0.078625
38 62 0.078624
38 63 0.078623
38 64 0.078622
38 65 0.078622
38 66 0.078620
38 67 0.078619
38 68 0.078618
38 69 0.078616
38 70 0.078614
38 71 0.078612
38 72 0.078611
38 73 0.078609
38 74 0.078608
38 75 0.078607
38 76 0.078607
38 77 0.078606
38 78 0.078605
38 79 0.078605
38 80 0.078604
38 81 0.078603
38 82 0.078601
38 83 0.078600
38 84 0.078599
38 85 0.078598
38 86 0.078597
38 87 0.078597
38 88 0.078596
38 89 0.078596
38 90 0.078595
38 91 0.078594
38 92 0.078593
38 93 0.078593
38 94 0.078592
38 95 0.078591
38 96 0.078591
38 97 0.078592
38 98 0.078592
38 99 0.078592

39 0 0.078587
39 1 0.078587
39 2 0.078588
39 3 0.078588
39 4 0.078589
39 5 0.078589
39 6 0.078590
39 7 0.078591
39 8 0.078592
39 9 0.078593
39 10 0.078594
39 11 0.078595
39 12 0.078597
39 13 0.078598
39 14 0.078599
39 15 0.078601
39 16 0.078602
39 17 0.078603
39 18 0.078604
39 19 0.078606
39 20 0.078607
39 21 0.078608
39 22 0.078609
39 23 0.078611
39 24 0.078612
39 25 0.078613
39 26 0.078615
39 27 0.078616
39 28 0.078617
39 29 0.078619
39 30 0.078620
39 31 0.078621
39 32 0.078623
39 33 0.078624
39 34 0.078625
39 35 0.078626
39 36 0.078627
39 37 0.078628
39 38 0.078629
39 39 0.078630
39 40 0.078631
39 41 0.078632
39 42 0.078632
39 43 0.078632
39 44 0.078633
39 45 0.078633
39 46 0.078633
39 47 0.078633
39 48 0.078633
39 49 0.078633
39 50 0.078633
39 51 0.078633
39 52 0.078633
39 53 0.078632
39 54 0.078632
39 55 0.078631
39 56 0.078630
39 57 0.078630
39 58 0.078629
39 59 0.078628
39 60 0.078627
39 61 0.078626
39 62 0.078625
39 63 0.078624
39 64 0.078623
39 65 0.078622
39 66 0.078621
39 67 0.078620
39 68 0.078618
39 69 0.078616
39 70 0.078614
39 71 0.078612
39 72 0.078611
39 73 0.078610
39 74 0.078609
39 75 0.078608
39 76 0.078607
39 77 0.078607
39 78 0.078606
39 79 0.078605
39 80 0.078604
39 81 0.078602
39 82 0.078601
39 83 0.078599
39 84 0.078598
39 85 0.078597
39 86 0.078597
39 87 0.078596
39 88 0.078595
39 89 0.078595
39 90 0.078594
39 91 0.078594
39 92 0.078593
39 93 0.078592
39 94 0.078591
39 95 0.078591
39 96 0.078591
39 97 0.078592
39 98 0.078592
39 99 0.078592

40 0 0.078588
40 1 0.078588
40 2 0.078588
40 3 0.078588
40 4 0.078589
40 5 0.078589
40 6 0.078590
40 7 0.078591
40 8 0.078592
40 9 0.078593
40 10 0.078595
40 11 0.078596
40 12 0.078597
40 13 0.078599
40 14 0.078600
40 15 0.078601
40 16 0.078602
40 17 0.078604
40 18 0.078605
40 19 0.078606
40 20 0.078607
40 21 0.078609
40 22 0.078610
40 23 0.078611
40 24 0.078613
40 25 0.078614
40 26 0.078615
40 27 0.078617
40 28 0.078618
40 29 0.078619
40 30 0.078621
40 31 0.078622
40 32 0.078623
40 33 0.078625
40 34 0.078626
40 35 0.078627
40 36 0.078628
40 37 0.078629
40 38 0.078630
40 39 0.078631
40 40 0.078632
40 41 0.078632
40 42 0.078633
40 43 0.078633
40 44 0.078633
40 45 0.078634
40 46 0.078634
40 47 0.078634
40 48 0.078634
40 49 0.078634
40 50 0.078634
40 51 0.078633
40 52 0.078633
40 53 0.078632
40 54 0.078632
40 55 0.078631
40 56 0.078630
40 57 0.078629
40 58 0.078628
40 59 0.078627
40 60 0.078627
40 61 0.078626
40 62 0.078625
40 63 0.078624
40 64 0.078623
40 65 0.078622
40 66 0.078620
40 67 0.078619
40 68 0.078617
40 69 0.078615
40 70 0.078614
40 71 0.078612
40 72 0.078611
40 73 0.078610
40 74 0.078609
40 75 0.078608
40 76 0.078608
40 77 0.078607
40 78 0.078606
40 79 0.078605
40 80 0.078603
40 81 0.078602
40 82 0.078600
40 83 0.078599
40 84 0.078598
40 85 0.078597
40 86 0.078596
40 87 0.078596
40 88 0.078595
40 89 0.078595
40 90 0.078594
40 91 0.078594
40 92 0.078593
40 93 0.078592
40 94 0.078591
40 95 0.078591
40 96 0.078591
40 97 0.078592
40 98 0.078592
40 99 0.078592

41 0 0.078588
41 1 0.078588
41 2 0.078589
41 3 0.078589
41 4 0.078589
41 5 0.078590
41 6 0.078591
41 7 0.078592
41 8 0.078593
41 9 0.078594
41 10 0.078595
41 11 0.078597
41 12 0.078598
41 13 0.078599
41 14 0.078601
41 15 0.078602
41 16 0.078603
41 17 0.078604
41 18 0.078606
41 19 0.078607
41 20 0.078608
41 21 0.078609
41 22 0.078610
41 23 0.078612
41 24 0.078613
41 25 0.078615
41 26 0.078616
41 27 0.078617
41 28 0.078619
41 29 0.078620
41 30 0.078622
41 31 0.078623
41 32 0.078624
41 33 0.078626
41 34 0.078627
41 35 0.078628
41 36 0.078629
41 37 0.078630
41 38 0.078631
41 39 0.078631
41 40 0.078632
41 41 0.078632
41 42 0.078633
41 43 0.078633
41 44 0.078634
41 45 0.078634
41 46 0.078634
41 47 0.078634
41 48 0.078634
41 49 0.078634
41 50 0.078634
41 51 0.078633
41 52 0.078633
41 53 0.078632
41 54 0.078632
41 55 0.078631
41 56 0.078630
41 57 0.078629
41 58 0.078628
41 59 0.078627
41 60 0.078626
41 61 0.078626
41 62 0.078625
41 63 0.078624
41 64 0.078623
41 65 0.078621
41 66 0.078620
41 67 0.078618
41 68 0.078617
41 69 0.078615
41 70 0.078614
41 71 0.078612
41 72 0.078611
41 73 0.078610
41 74 0.078610
41 75 0.078609
41 76 0.078608
41 77 0.078607
41 78 0.078606
41 79 0.078604
41 80 0.078603
41 81 0.078601
41 82 0.078600
41 83 0.078599
41 84 0.078598
41 85 0.078597
41 86 0.078596
41 87 0.078596
41 88 0.078595
41 89 0.078595
41 90 0.078594
41 91 0.078594
41 92 0.078593
41 93 0.078592
41 94 0.078592
41 95 0.078592
41 96 0.078591
41 97 0.078592
41 98 0.078592
41 99 0.078592

42 0 0.078588
42 1 0.078588
42 2 0.078589
42 3 0.078589
42 4 0.078590
42 5 0.078590
42 6 0.078591
42 7 0.078592
42 8 0.078593
42 9 0.078594
42 10 0.078596
42 11 0.078597
42 12 0.078598
42 13 0.078600
42 14 0.078601
42 15 0.078602
42 16 0.078603
42 17 0.078605
42 18 0.078606
42 19 0.078607
42 20 0.078608
42 21 0.078610
42 22 0.078611
42 23 0.078612
42 24 0.078614
42 25 0.078615
42 26 0.078617
42 27 0.078618
42 28 0.078619
42 29 0.078621
42 30 0.078622
42 31 0.078624
42 32 0.078625
42 33 0.078626
42 34 0.078628
42 35 0.078629
42 36 0.078629
42 37 0.078630
42 38 0.078631
42 39 0.078631
42 40 0.078632
42 41 0.078632
42 42 0.078633
42 43 0.078633
42 44 0.078633
42 45 0.078634
42 46 0.078634
42 47 0.078634
42 48 0.078634
42 49 0.078634
42 50 0.078633
42 51 0.078633
42 52 0.078633
42 53 0.078632
42 54 0.078631
42 55 0.078630
42 56 0.078630
42 57 0.078629
42 58 0.078628
42 59 0.078627
42 60 0.078626
42 61 0.078626
42 62 0.078625
42 63 0.078623
42 64 0.078622
42 65 0.078621
42 66 0.078620
42 67 0.078618
42 68 0.078617
42 69 0.078615
42 70 0.078614
42 71 0.078613
42 72 0.078612
42 73 0.078611
42 74 0.078610
42 75 0.078609
42 76 0.078608
42 77 0.078607
42 78 0.078606
42 79 0.078604
42 80 0.078603
42 81 0.078601
42 82 0.078600
42 83 0.078599
42 84 0.078598
42 85 0.078597
42 86 0.078597
42 87 0.078596
42 88 0.078596
42 89 0.078595
42 90 0.078595
42 91 0.078594
42 92 0.078593
42 93 0.078593
42 94 0.078592
42 95 0.078592
42 96 0.078592
42 97 0.078592
42 98 0.078592
42 99 0.078592

43 0 0.078588
43 1 0.078588
43 2 0.078589
43 3 0.078589
43 4 0.078590
43 5 0.078591
43 6 0.078592
43 7 0.078593
43 8 0.078594
43 9 0.078595
43 10 0.078596
43 11 0.078598
43 12 0.078599
43 13 0.078600
43 14 0.078601
43 15 0.078603
43 16 0.078604
43 17 0.078605
43 18 0.078606
43 19 0.078607
43 20 0.078609
43 21 0.078610
43 22 0.078611
43 23 0.078613
43 24 0.078614
43 25 0.078616
43 26 0.078617
43 27 0.078619
43 28 0.078620
43 29 0.078622
43 30 0.078623
43 31 0.078625
43 32 0.078626
43 33 0.078627
43 34 0.078628
43 35 0.078629
43 36 0.078629
43 37 0.078630
43 38 0.078631
43 39 0.078631
43 40 0.078632
43 41 0.078632
43 42 0.078632
43 43 0.078633
43 44 0.078633
43 45 0.078633
43 46 0.078634
43 47 0.078634
43 48 0.078634
43 49 0.078633
43 50 0.078633
43 51 0.078633
43 52 0.078632
43 53 0.078632
43 54 0.078631
43 55 0.078630
43 56 0.078630
43 57 0.078629
43 58 0.078628
43 59 0.078627
43 60 0.078627
43 61 0.078626
43 62 0.078625
43 63 0.078623
43 64 0.078622
43 65 0.078621
43 66 0.078619
43 67 0.078618
43 68 0.078617
43 69 0.078616
43 70 0.078615
43 71 0.078614
43 72 0.078613
43 73 0.078612
43 74 0.078611
43 75 0.078610
43 76 0.078608
43 77 0.078607
43 78 0.078606
43 79 0.078604
43 80 0.078603
43 81 0.078601
43 82 0.078600
43 83 0.078599
43 84 0.078599
43 85 0.078598
43 86 0.078598
43 87 0.078597
43 88 0.078597
43 89 0.078596
43 90 0.078595
43 91 0.078595
43 92 0.078594
43 93 0.078594
43 94 0.078593
43 95 0.078593
43 96 0.078593
43 97 0.078593
43 98 0.078592
43 99 0.078592

44 0 0.078589
44 1 0.078589
44 2 0.078590
44 3 0.078590
44 4 0.078591
44 5 0.078591
44 6 0.078592
44 7 0.078593
44 8 0.078595
44 9 0.078596
44 10 0.078597
44 11 0.078598
44 12 0.078599
44 13 0.078601
44 14 0.078602
44 15 0.078603
44 16 0.078604
44 17 0.078605
44 18 0.078607
44 19 0.078608
44 20 0.078609
44 21 0.078610
44 22 0.078612
44 23 0.078613
44 24 0.078615
44 25 0.078616
44 26 0.078618
44 27 0.078619
44 28 0.078621
44 29 0.078622
44 30 0.078624
44 31 0.078625
44 32 0.078626
44 33 0.078627
44 34 0.078628
44 35 0.078629
44 36 0.078629
44 37 0.078630
44 38 0.078630
44 39 0.078631
44 40 0.078631
44 41 0.078632
44 42 0.078632
44 43 0.078633
44 44 0.078633
44 45 0.078633
44 46 0.078633
44 47 0.078633
44 48 0.078633
44 49 0.078633
44 50 0.078633
44 51 0.078633
44 52 0.078632
44 53 0.078632
44 54 0.078631
44 55 0.078631
44 56 0.078630
44 57 0.078629
44 58 0.078629
44 59 0.078628
44 60 0.078627
44 61 0.078626
44 62 0.078625
44 63 0.078624
44 64 0.078622
44 65 0.078621
44 66 0.078620
44 67 0.078618
44 68 0.078617
44 69 0.078616
44 70 0.078615
44 71 0.078614
44 72 0.078613
44 73 0.078612
44 74 0.078611
44 75 0.078610
44 76 0.078609
44 77 0.078607
44 78 0.078606
44 79 0.078604
44 80 0.078603
44 81 0.078602
44 82 0.078601
44 83 0.078600
44 84 0.078600
44 85 0.078599
44 86 0.078598
44 87 0.078598
44 88 0.078597
44 89 0.078596
44 90 0.078596
44 91 0.078595
44 92 0.078595
44 93 0.078594
44 94 0.078594
44 95 0.078593
44 96 0.078593
44 97 0.078593
44 98 0.078593
44 99 0.078593

45 0 0.078589
45 1 0.078590
45 2 0.078590
45 3 0.078591
45 4 0.078591
45 5 0.078592
45 6 0.078593
45 7 0.078594
45 8 0.078596
45 9 0.078597
45 10 0.078598
45 11 0.078599
45 12 0.078600
45 13 0.078601
45 14 0.078602
45 15 0.078604
45 16 0.078605
45 17 0.078606
45 18 0.078607
45 19 0.078608
45 20 0.078610
45 21 0.078611
45 22 0.078613
45 23 0.078614
45 24 0.078616
45 25 0.078617
45 26 0.078618
45 27 0.078620
45 28 0.078621
45 29 0.078623
45 30 0.078624
45 31 0.078625
45 32 0.078627
45 33 0.078627
45 34 0.078628
45 35 0.078628
45 36 0.078628
45 37 0.078629
45 38 0.078629
45 39 0.078630
45 40 0.078631
45 41 0.078631
45 42 0.078632
45 43 0.078632
45 44 0.078633
45 45 0.078633
45 46 0.078633
45 47 0.078633
45 48 0.078633
45 49 0.078633
45 50 0.078633
45 51 0.078633
45 52 0.078632
45 53 0.078632
45 54 0.078632
45 55 0.078631
45 56 0.078631
45 57 0.078630
45 58 0.078629
45 59 0.078628
45 60 0.078627
45 61 0.078626
45 62 0.078625
45 63 0.078624
45 64 0.078622
45 65 0.078621
45 66 0.078620
45 67 0.078619
45 68 0.078618
45 69 0.078617
45 70 0.078616
45 71 0.078615
45 72 0.078614
45 73 0.078613
45 74 0.078611
45 75 0.078610
45 76 0.078609
45 77 0.078607
45 78 0.078606
45 79 0.078604
45 80 0.078603
45 81 0.078602
45 82 0.078602
45 83 0.078601
45 84 0.078600
45 85 0.078599
45 86 0.078599
45 87 0.078598
45 88 0.078597
45 89 0.078597
45 90 0.078596
45 91 0.078595
45 92 0.078595
45 93 0.078595
45 94 0.078594
45 95 0.078594
45 96 0.078594
45 97 0.078594
45 98 0.078594
45 99 0.078594

46 0 0.078590
46 1 0.078590
46 2 0.078591
46 3 0.078592
46 4 0.078592
46 5 0.078593
46 6 0.078594
46 7 0.078596
46 8 0.078597
46 9 0.078598
46 10 0.078599
46 11 0.078600
46 12 0.078601
46 13 0.078602
46 14 0.078603
46 15 0.078604
46 16 0.078605
46 17 0.078606
46 18 0.078608
46 19 0.078609
46 20 0.078611
46 21 0.078612
46 22 0.078614
46 23 0.078615
46 24 0.078616
46 25 0.078618
46 26 0.078619
46 27 0.078621
46 28 0.078622
46 29 0.078623
46 30 0.078625
46 31 0.078626
46 32 0.078627
46 33 0.078627
46 34 0.078627
46 35 0.078628
46 36 0.078628
46 37 0.078628
46 38 0.078629
46 39 0.078630
46 40 0.078630
46 41 0.078631
46 42 0.078631
46 43 0.078632
46 44 0.078632
46 45 0.078633
46 46 0.078633
46 47 0.078633
46 48 0.078633
46 49 0.078633
46 50 0.078633
46 51 0.078633
46 52 0.078633
46 53 0.078633
46 54 0.078632
46 55 0.078632
46 56 0.078631
46 57 0.078630
46 58 0.078630
46 59 0.078629
46 60 0.078628
46 61 0.078627
46 62 0.078625
46 63 0.078624
46 64 0.078623
46 65 0.078621
46 66 0.078620
46 67 0.078619
46 68 0.078618
46 69 0.078617
46 70 0.078616
46 71 0.078615
46 72 0.078614
46 73 0.078613
46 74 0.078612
46 75 0.078610
46 76 0.078608
46 77 0.078607
46 78 0.078606
46 79 0.078604
46 80 0.078603
46 81 0.078603
46 82 0.078602
46 83 0.078601
46 84 0.078600
46 85 0.078599
46 86 0.078599
46 87 0.078598
46 88 0.078597
46 89 0.078596
46 90 0.078596
46 91 0.078595
46 92 0.078595
46 93 0.078595
46 94 0.078594
46 95 0.078594
46 96 0.078594
46 97 0.078594
46 98 0.078594
46 99 0.078594

47 0 0.078591
47 1 0.078591
47 2 0.078592
47 3 0.078593
47 4 0.078594
47 5 0.078595
47 6 0.078596
47 7 0.078597
47 8 0.078598
47 9 0.078599
47 10 0.078600
47 11 0.078601
47 12 0.078602
47 13 0.078602
47 14 0.078603
47 15 0.078605
47 16 0.078606
47 17 0.078607
47 18 0.078609
47 19 0.078610
47 20 0.078612
47 21 0.078613
47 22 0.078614
47 23 0.078616
47 24 0.078617
47 25 0.078619
47 26 0.078620
47 27 0.078621
47 28 0.078623
47 29 0.078624
47 30 0.078625
47 31 0.078626
47 32 0.078626
47 33 0.078627
47 34 0.078627
47 35 0.078627
47 36 0.078627
47 37 0.078628
47 38 0.078628
47 39 0.078629
47 40 0.078630
47 41 0.078631
47 42 0.078631
47 43 0.078632
47 44 0.078632
47 45 0.078632
47 46 0.078632
47 47 0.078633
47 48 0.078633
47 49 0.078633
47 50 0.078633
47 51 0.078633
47 52 0.078633
47 53 0.078633
47 54 0.078633
47 55 0.078632
47 56 0.078631
47 57 0.078631
47 58 0.078630
47 59 0.078629
47 60 0.078628
47 61 0.078627
47 62 0.078625
47 63 0.078624
47 64 0.078623
47 65 0.078622
47 66 0.078621
47 67 0.078620
47 68 0.078619
47 69 0.078618
47 70 0.078617
47 71 0.078616
47 72 0.078614
47 73 0.078613
47 74 0.078611
47 75 0.078610
47 76 0.078608
47 77 0.078607
47 78 0.078605
47 79 0.078604
47 80 0.078603
47 81 0.078603
47 82 0.078602
47 83 0.078601
47 84 0.078600
47 85 0.078599
47 86 0.078598
47 87 0.078597
47 88 0.078596
47 89 0.078596
47 90 0.078595
47 91 0.078595
47 92 0.078595
47 93 0.078595
47 94 0.078594
47 95 0.078594
47 96 0.078594
47 97 0.078595
47 98 0.078595
47 99 0.078595

48 0 0.078592
48 1 0.078592
48 2 0.078593
48 3 0.078594
48 4 0.078595
48 5 0.078596
48 6 0.078597
48 7 0.078598
48 8 0.078599
48 9 0.078600
48 10 0.078601
48 11 0.078601
48 12 0.078602
48 13 0.078603
48 14 0.078604
48 15 0.078605
48 16 0.078606
48 17 0.078608
48 18 0.078609
48 19 0.078611
48 20 0.078612
48 21 0.078614
48 22 0.078615
48 23 0.078617
48 24 0.078618
48 25 0.078619
48 26 0.078620
48 27 0.078622
48 28 0.078623
48 29 0.078624
48 30 0.078625
48 31 0.078625
48 32 0.078626
48 33 0.078626
48 34 0.078626
48 35 0.078626
48 36 0.078626
48 37 0.078627
48 38 0.078628
48 39 0.078629
48 40 0.078630
48 41 0.078630
48 42 0.078631
48 43 0.078631
48 44 0.078632
48 45 0.078632
48 46 0.078632
48 47 0.078632
48 48 0.078633
48 49 0.078634
48 50 0.078634
48 51 0.078634
48 52 0.078633
48 53 0.078633
48 54 0.078633
48 55 0.078632
48 56 0.078631
48 57 0.078631
48 58 0.078630
48 59 0.078629
48 60 0.078627
48 61 0.078626
48 62 0.078625
48 63 0.078624
48 64 0.078623
48 65 0.078622
48 66 0.078621
48 67 0.078620
48 68 0.078619
48 69 0.078618
48 70 0.078617
48 71 0.078616
48 72 0.078614
48 73 0.078613
48 74 0.078611
48 75 0.078609
48 76 0.078607
48 77 0.078606
48 78 0.078605
48 79 0.078604
48 80 0.078603
48 81 0.078602
48 82 0.078601
48 83 0.078600
48 84 0.078599
48 85 0.078598
48 86 0.078597
48 87 0.078596
48 88 0.078595
48 89 0.078595
48 90 0.078595
48 91 0.078594
48 92 0.078594
48 93 0.078594
48 94 0.078594
48 95 0.078594
48 96 0.078594
48 97 0.078595
48 98 0.078595
48 99 0.078595

49 0 0.078593
49 1 0.078593
49 2 0.078594
49 3 0.078595
49 4 0.078596
49 5 0.078597
49 6 0.078599
49 7 0.078600
49 8 0.078600
49 9 0.078601
49 10 0.078602
49 11 0.078602
49 12 0.078603
49 13 0.078603
49 14 0.078604
49 15 0.078605
49 16 0.078607
49 17 0.078609
49 18 0.078610
49 19 0.078612
49 20 0.078614
49 21 0.078615
49 22 0.078617
49 23 0.078618
49 24 0.078619
49 25 0.078620
49 26 0.078621
49 27 0.078622
49 28 0.078623
49 29 0.078624
49 30 0.078625
49 31 0.078625
49 32 0.078625
49 33 0.078625
49 34 0.078626
49 35 0.078626
49 36 0.078627
49 37 0.078628
49 38 0.078629
49 39 0.078630
49 40 0.078632
49 41 0.078632
49 42 0.078633
49 43 0.078633
49 44 0.078633
49 45 0.078633
49 46 0.078633
49 47 0.078633
49 48 0.078634
49 49 0.078634
49 50 0.078634
49 51 0.078634
49 52 0.078633
49 53 0.078633
49 54 0.078632
49 55 0.078632
49 56 0.078631
49 57 0.078630
49 58 0.078629
49 59 0.078628
49 60 0.078627
49 61 0.078625
49 62 0.078624
49 63 0.078623
49 64 0.078622
49 65 0.078628
49 66 0.078626
49 67 0.078624
49 68 0.078622
49 69 0.078620
49 70 0.078619
49 71 0.078617
49 72 0.078616
49 73 0.078615
49 74 0.078614
49 75 0.078613
49 76 0.078612
49 77 0.078611
49 78 0.078609
49 79 0.078608
49 80 0.078606
49 81 0.078605
49 82 0.078604
49 83 0.078603
49 84 0.078603
49 85 0.078602
49 86 0.078602
49 87 0.078601
49 88 0.078601
49 89 0.078600
49 90 0.078599
49 91 0.078598
49 92 0.078597
49 93 0.078597
49 94 0.078596
49 95 0.078596
49 96 0.078596
49 97 0.078596
49 98 0.078596
49 99 0.078596

50 0 0.078602
50 1 0.078602
50 2 0.078602
50 3 0.078602
50 4 0.078602
50 5 0.078602
50 6 0.078602
50 7 0.078603
50 8 0.078604
50 9 0.078605
50 10 0.078607
50 11 0.078609
50 12 0.078610
50 13 0.078612
50 14 0.078613
50 15 0.078615
50 16 0.078615
50 17 0.078616
50 18 0.078617
50 19 0.078618
50 20 0.078619
50 21 0.078620
50 22 0.078621
50 23 0.078623
50 24 0.078624
50 25 0.078626
50 26 0.078627
50 27 0.078629
50 28 0.078630
50 29 0.078631
50 30 0.078633
50 31 0.078634
50 32 0.078636
50 33 0.078637
50 34 0.078638
50 35 0.078639
50 36 0.078640
50 37 0.078640
50 38 0.078640
50 39 0.078640
50 40 0.078640
50 41 0.078641
50 42 0.078641
50 43 0.078642
50 44 0.078642
50 45 0.078643
50 46 0.078643
50 47 0.078643
50 48 0.078642
50 49 0.078642
50 50 0.078641
50 51 0.078641
50 52 0.078640
50 53 0.078640
50 54 0.078639
50 55 0.078639
50 56 0.078638
50 57 0.078638
50 58 0.078637
50 59 0.078636
50 60 0.078635
50 61 0.078634
50 62 0.078633
50 63 0.078631
50 64 0.078629
50 65 0.078628
50 66 0.078626
50 67 0.078624
50 68 0.078622
50 69 0.078620
50 70 0.078619
50 71 0.078618
50 72 0.078617
50 73 0.078616
50 74 0.078615
50 75 0.078614
50 76 0.078613
50 77 0.078611
50 78 0.078610
50 79 0.078609
50 80 0.078607
50 81 0.078606
50 82 0.078605
50 83 0.078604
50 84 0.078604
50 85 0.078603
50 86 0.078603
50 87 0.078602
50 88 0.078601
50 89 0.078600
50 90 0.078599
50 91 0.078598
50 92 0.078597
50 93 0.078597
50 94 0.078596
50 95 0.078596
50 96 0.078596
50 97 0.078596
50 98 0.078596
50 99 0.078596

51 0 0.078603
51 1 0.078603
51 2 0.078603
51 3 0.078603
51 4 0.078603
51 5 0.078603
51 6 0.078603
51 7 0.078604
51 8 0.078605
51 9 0.078606
51 10 0.078608
51 11 0.078610
51 12 0.078611
51 13 0.078613
51 14 0.078614
51 15 0.078614
51 16 0.078615
51 17 0.078615
51 18 0.078616
51 19 0.078617
51 20 0.078618
51 21 0.078619
51 22 0.078621
51 23 0.078623
51 24 0.078624
51 25 0.078626
51 26 0.078627
51 27 0.078629
51 28 0.078630
51 29 0.078631
51 30 0.078632
51 31 0.078633
51 32 0.078635
51 33 0.078636
51 34 0.078637
51 35 0.078637
51 36 0.078637
51 37 0.078637
51 38 0.078637
51 39 0.078638
51 40 0.078638
51 41 0.078639
51 42 0.078639
51 43 0.078640
51 44 0.078641
51 45 0.078641
51 46 0.078641
51 47 0.078641
51 48 0.078641
51 49 0.078640
51 50 0.078640
51 51 0.078640
51 52 0.078639
51 53 0.078639
51 54 0.078639
51 55 0.078639
51 56 0.078638
51 57 0.078638
51 58 0.078637
51 59 0.078636
51 60 0.078635
51 61 0.078634
51 62 0.078632
51 63 0.078631
51 64 0.078629
51 65 0.078627
51 66 0.078625
51 67 0.078624
51 68 0.078622
51 69 0.078621
51 70 0.078619
51 71 0.078618
51 72 0.078617
51 73 0.078617
51 74 0.078616
51 75 0.078615
51 76 0.078613
51 77 0.078612
51 78 0.078611
51 79 0.078609
51 80 0.078608
51 81 0.078606
51 82 0.078605
51 83 0.078605
51 84 0.078604
51 85 0.078603
51 86 0.078603
51 87 0.078602
51 88 0.078600
51 89 0.078599
51 90 0.078598
51 91 0.078597
51 92 0.078597
51 93 0.078597
51 94 0.078596
51 95 0.078597
51 96 0.078597
51 97 0.078597
51 98 0.078597
51 99 0.078597

52 0 0.078604
52 1 0.078604
52 2 0.078604
52 3 0.078603
52 4 0.078603
52 5 0.078604
52 6 0.078604
52 7 0.078605
52 8 0.078606
52 9 0.078608
52 10 0.078609
52 11 0.078610
52 12 0.078612
52 13 0.078613
52 14 0.078613
52 15 0.078614
52 16 0.078614
52 17 0.078614
52 18 0.078615
52 19 0.078616
52 20 0.078617
52 21 0.078619
52 22 0.078621
52 23 0.078622
52 24 0.078624
52 25 0.078626
52 26 0.078627
52 27 0.078628
52 28 0.078629
52 29 0.078630
52 30 0.078631
52 31 0.078632
52 32 0.078633
52 33 0.078634
52 34 0.078634
52 35 0.078634
52 36 0.078634
52 37 0.078634
52 38 0.078635
52 39 0.078635
52 40 0.078636
52 41 0.078637
52 42 0.078638
52 43 0.078638
52 44 0.078639
52 45 0.078639
52 46 0.078639
52 47 0.078639
52 48 0.078639
52 49 0.078639
52 50 0.078638
52 51 0.078638
52 52 0.078638
52 53 0.078638
52 54 0.078638
52 55 0.078638
52 56 0.078638
52 57 0.078637
52 58 0.078637
52 59 0.078636
52 60 0.078634
52 61 0.078633
52 62 0.078631
52 63 0.078629
52 64 0.078628
52 65 0.078626
52 66 0.078624
52 67 0.078623
52 68 0.078622
52 69 0.078621
52 70 0.078620
52 71 0.078619
52 72 0.078618
52 73 0.078617
52 74 0.078616
52 75 0.078615
52 76 0.078614
52 77 0.078612
52 78 0.078610
52 79 0.078609
52 80 0.078607
52 81 0.078606
52 82 0.078605
52 83 0.078604
52 84 0.078603
52 85 0.078602
52 86 0.078601
52 87 0.078600
52 88 0.078599
52 89 0.078598
52 90 0.078597
52 91 0.078596
52 92 0.078596
52 93 0.078596
52 94 0.078596
52 95 0.078597
52 96 0.078597
52 97 0.078597
52 98 0.078597
52 99 0.078597

53 0 0.078604
53 1 0.078604
53 2 0.078604
53 3 0.078604
53 4 0.078604
53 5 0.078605
53 6 0.078605
53 7 0.078606
53 8 0.078607
53 9 0.078609
53 10 0.078610
53 11 0.078611
53 12 0.078611
53 13 0.078612
53 14 0.078612
53 15 0.078613
53 16 0.078613
53 17 0.078613
53 18 0.078614
53 19 0.078615
53 20 0.078617
53 21 0.078619
53 22 0.078621
53 23 0.078623
53 24 0.078624
53 25 0.078625
53 26 0.078626
53 27 0.078627
53 28 0.078628
53 29 0.078628
53 30 0.078629
53 31 0.078630
53 32 0.078631
53 33 0.078631
53 34 0.078632
53 35 0.078632
53 36 0.078632
53 37 0.078632
53 38 0.078633
53 39 0.078634
53 40 0.078635
53 41 0.078636
53 42 0.078637
53 43 0.078637
53 44 0.078638
53 45 0.078638
53 46 0.078638
53 47 0.078638
53 48 0.078638
53 49 0.078637
53 50 0.078637
53 51 0.078637
53 52 0.078637
53 53 0.078637
53 54 0.078637
53 55 0.078637
53 56 0.078637
53 57 0.078636
53 58 0.078635
53 59 0.078634
53 60 0.078633
53 61 0.078631
53 62 0.078629
53 63 0.078628
53 64 0.078626
53 65 0.078625
53 66 0.078623
53 67 0.078622
53 68 0.078622
53 69 0.078621
53 70 0.078620
53 71 0.078619
53 72 0.078618
53 73 0.078617
53 74 0.078616
53 75 0.078614
53 76 0.078613
53 77 0.078611
53 78 0.078609
53 79 0.078608
53 80 0.078606
53 81 0.078605
53 82 0.078604
53 83 0.078603
53 84 0.078602
53 85 0.078601
53 86 0.078600
53 87 0.078599
53 88 0.078598
53 89 0.078597
53 90 0.078596
53 91 0.078596
53 92 0.078596
53 93 0.078596
53 94 0.078596
53 95 0.078597
53 96 0.078597
53 97 0.078597
53 98 0.078597
53 99 0.078597

54 0 0.078604
54 1 0.078604
54 2 0.078605
54 3 0.078605
54 4 0.078605
54 5 0.078606
54 6 0.078606
54 7 0.078607
54 8 0.078608
54 9 0.078609
54 10 0.078610
54 11 0.078611
54 12 0.078611
54 13 0.078611
54 14 0.078611
54 15 0.078612
54 16 0.078612
54 17 0.078613
54 18 0.078614
54 19 0.078616
54 20 0.078618
54 21 0.078620
54 22 0.078621
54 23 0.078623
54 24 0.078624
54 25 0.078625
54 26 0.078626
54 27 0.078626
54 28 0.078626
54 29 0.078627
54 30 0.078628
54 31 0.078629
54 32 0.078629
54 33 0.078630
54 34 0.078630
54 35 0.078631
54 36 0.078631
54 37 0.078632
54 38 0.078633
54 39 0.078634
54 40 0.078635
54 41 0.078636
54 42 0.078637
54 43 0.078637
54 44 0.078637
54 45 0.078637
54 46 0.078637
54 47 0.078637
54 48 0.078637
54 49 0.078637
54 50 0.078637
54 51 0.078637
54 52 0.078637
54 53 0.078637
54 54 0.078637
54 55 0.078636
54 56 0.078636
54 57 0.078635
54 58 0.078634
54 59 0.078633
54 60 0.078631
54 61 0.078629
54 62 0.078628
54 63 0.078626
54 64 0.078625
54 65 0.078624
54 66 0.078623
54 67 0.078622
54 68 0.078621
54 69 0.078621
54 70 0.078620
54 71 0.078619
54 72 0.078618
54 73 0.078617
54 74 0.078615
54 75 0.078613
54 76 0.078612
54 77 0.078610
54 78 0.078608
54 79 0.078606
54 80 0.078604
54 81 0.078603
54 82 0.078602
54 83 0.078601
54 84 0.078600
54 85 0.078599
54 86 0.078598
54 87 0.078597
54 88 0.078597
54 89 0.078596
54 90 0.078596
54 91 0.078596
54 92 0.078596
54 93 0.078596
54 94 0.078596
54 95 0.078597
54 96 0.078597
54 97 0.078597
54 98 0.078597
54 99 0.078597

55 0 0.078605
55 1 0.078605
55 2 0.078605
55 3 0.078605
55 4 0.078606
55 5 0.078606
55 6 0.078607
55 7 0.078608
55 8 0.078609
55 9 0.078609
55 10 0.078610
55 11 0.078610
55 12 0.078610
55 13 0.078611
55 14 0.078611
55 15 0.078611
55 16 0.078612
55 17 0.078613
55 18 0.078615
55 19 0.078617
55 20 0.078619
55 21 0.078621
55 22 0.078622
55 23 0.078624
55 24 0.078624
55 25 0.078625
55 26 0.078625
55 27 0.078625
55 28 0.078626
55 29 0.078626
55 30 0.078627
55 31 0.078628
55 32 0.078629
55 33 0.078629
55 34 0.078630
55 35 0.078631
55 36 0.078632
55 37 0.078633
55 38 0.078634
55 39 0.078635
55 40 0.078636
55 41 0.078637
55 42 0.078637
55 43 0.078637
55 44 0.078637
55 45 0.078637
55 46 0.078637
55 47 0.078637
55 48 0.078637
55 49 0.078637
55 50 0.078637
55 51 0.078637
55 52 0.078637
55 53 0.078636
55 54 0.078636
55 55 0.078636
55 56 0.078635
55 57 0.078634
55 58 0.078632
55 59 0.078631
55 60 0.078629
55 61 0.078628
55 62 0.078626
55 63 0.078625
55 64 0.078624
55 65 0.078623
55 66 0.078622
55 67 0.078622
55 68 0.078621
55 69 0.078621
55 70 0.078620
55 71 0.078619
55 72 0.078617
55 73 0.078616
55 74 0.078614
55 75 0.078612
55 76 0.078610
55 77 0.078608
55 78 0.078606
55 79 0.078604
55 80 0.078603
55 81 0.078602
55 82 0.078601
55 83 0.078600
55 84 0.078599
55 85 0.078599
55 86 0.078598
55 87 0.078597
55 88 0.078597
55 89 0.078596
55 90 0.078596
55 91 0.078596
55 92 0.078596
55 93 0.078596
55 94 0.078597
55 95 0.078597
55 96 0.078596
55 97 0.078596
55 98 0.078596
55 99 0.078596

56 0 0.078605
56 1 0.078605
56 2 0.078605
56 3 0.078606
56 4 0.078606
56 5 0.078607
56 6 0.078608
56 7 0.078608
56 8 0.078609
56 9 0.078609
56 10 0.078610
56 11 0.078610
56 12 0.078610
56 13 0.078610
56 14 0.078611
56 15 0.078612
56 16 0.078613
56 17 0.078614
56 18 0.078616
56 19 0.078618
56 20 0.078620
56 21 0.078622
56 22 0.078623
56 23 0.078624
56 24 0.078624
56 25 0.078624
56 26 0.078624
56 27 0.078625
56 28 0.078625
56 29 0.078626
56 30 0.078627
56 31 0.078628
56 32 0.078629
56 33 0.078630
56 34 0.078631
56 35 0.078632
56 36 0.078633
56 37 0.078634
56 38 0.078636
56 39 0.078636
56 40 0.078637
56 41 0.078637
56 42 0.078637
56 43 0.078637
56 44 0.078637
56 45 0.078636
56 46 0.078636
56 47 0.078636
56 48 0.078637
56 49 0.078637
56 50 0.078637
56 51 0.078637
56 52 0.078637
56 53 0.078636
56 54 0.078635
56 55 0.078634
56 56 0.078633
56 57 0.078632
56 58 0.078631
56 59 0.078629
56 60 0.078628
56 61 0.078627
56 62 0.078630
56 63 0.078629
56 64 0.078628
56 65 0.078627
56 66 0.078626
56 67 0.078625
56 68 0.078623
56 69 0.078622
56 70 0.078620
56 71 0.078619
56 72 0.078617
56 73 0.078616
56 74 0.078614
56 75 0.078613
56 76 0.078611
56 77 0.078610
56 78 0.078609
56 79 0.078608
56 80 0.078607
56 81 0.078606
56 82 0.078605
56 83 0.078604
56 84 0.078603
56 85 0.078603
56 86 0.078602
56 87 0.078601
56 88 0.078600
56 89 0.078600
56 90 0.078599
56 91 0.078599
56 92 0.078598
56 93 0.078598
56 94 0.078598
56 95 0.078598
56 96 0.078597
56 97 0.078597
56 98 0.078597
56 99 0.078597

57 0 0.078609
57 1 0.078609
57 2 0.078609
57 3 0.078609
57 4 0.078609
57 5 0.078610
57 6 0.078610
57 7 0.078611
57 8 0.078611
57 9 0.078612
57 10 0.078612
57 11 0.078613
57 12 0.078614
57 13 0.078615
57 14 0.078616
57 15 0.078617
57 16 0.078618
57 17 0.078619
57 18 0.078620
57 19 0.078620
57 20 0.078621
57 21 0.078622
57 22 0.078623
57 23 0.078624
57 24 0.078624
57 25 0.078625
57 26 0.078626
57 27 0.078627
57 28 0.078628
57 29 0.078629
57 30 0.078630
57 31 0.078631
57 32 0.078632
57 33 0.078633
57 34 0.078634
57 35 0.078634
57 36 0.078635
57 37 0.078636
57 38 0.078636
57 39 0.078637
57 40 0.078637
57 41 0.078637
57 42 0.078638
57 43 0.078638
57 44 0.078638
57 45 0.078638
57 46 0.078639
57 47 0.078639
57 48 0.078639
57 49 0.078639
57 50 0.078638
57 51 0.078638
57 52 0.078637
57 53 0.078637
57 54 0.078636
57 55 0.078635
57 56 0.078635
57 57 0.078634
57 58 0.078633
57 59 0.078632
57 60 0.078631
57 61 0.078631
57 62 0.078630
57 63 0.078629
57 64 0.078628
57 65 0.078627
57 66 0.078625
57 67 0.078624
57 68 0.078623
57 69 0.078621
57 70 0.078620
57 71 0.078618
57 72 0.078617
57 73 0.078615
57 74 0.078614
57 75 0.078612
57 76 0.078611
57 77 0.078610
57 78 0.078609
57 79 0.078608
57 80 0.078607
57 81 0.078606
57 82 0.078605
57 83 0.078604
57 84 0.078604
57 85 0.078603
57 86 0.078602
57 87 0.078601
57 88 0.078601
57 89 0.078600
57 90 0.078599
57 91 0.078599
57 92 0.078598
57 93 0.078598
57 94 0.078598
57 95 0.078598
57 96 0.078597
57 97 0.078597
57 98 0.078597
57 99 0.078597

58 0 0.078609
58 1 0.078609
58 2 0.078609
58 3 0.078609
58 4 0.078610
58 5 0.078610
58 6 0.078610
58 7 0.078611
58 8 0.078611
58 9 0.078612
58 10 0.078613
58 11 0.078613
58 12 0.078614
58 13 0.078615
58 14 0.078616
58 15 0.078617
58 16 0.078618
58 17 0.078618
58 18 0.078619
58 19 0.078620
58 20 0.078621
58 21 0.078622
58 22 0.078622
58 23 0.078623
58 24 0.078623
58 25 0.078624
58 26 0.078625
58 27 0.078626
58 28 0.078627
58 29 0.078628
58 30 0.078629
58 31 0.078630
58 32 0.078631
58 33 0.078632
58 34 0.078633
58 35 0.078633
58 36 0.078634
58 37 0.078634
58 38 0.078635
58 39 0.078635
58 40 0.078636
58 41 0.078636
58 42 0.078636
58 43 0.078637
58 44 0.078637
58 45 0.078637
58 46 0.078637
58 47 0.078637
58 48 0.078637
58 49 0.078637
58 50 0.078637
58 51 0.078637
58 52 0.078636
58 53 0.078636
58 54 0.078635
58 55 0.078634
58 56 0.078634
58 57 0.078633
58 58 0.078632
58 59 0.078631
58 60 0.078631
58 61 0.078630
58 62 0.078629
58 63 0.078628
58 64 0.078627
58 65 0.078626
58 66 0.078625
58 67 0.078624
58 68 0.078622
58 69 0.078621
58 70 0.078619
58 71 0.078618
58 72 0.078616
58 73 0.078615
58 74 0.078613
58 75 0.078612
58 76 0.078611
58 77 0.078610
58 78 0.078609
58 79 0.078608
58 80 0.078607
58 81 0.078606
58 82 0.078605
58 83 0.078605
58 84 0.078604
58 85 0.078603
58 86 0.078602
58 87 0.078601
58 88 0.078601
58 89 0.078600
58 90 0.078599
58 91 0.078599
58 92 0.078598
58 93 0.078598
58 94 0.078598
58 95 0.078597
58 96 0.078597
58 97 0.078597
58 98 0.078597
58 99 0.078597

59 0 0.078609
59 1 0.078609
59 2 0.078609
59 3 0.078610
59 4 0.078610
59 5 0.078610
59 6 0.078610
59 7 0.078611
59 8 0.078611
59 9 0.078612
59 10 0.078613
59 11 0.078613
59 12 0.078614
59 13 0.078615
59 14 0.078616
59 15 0.078616
59 16 0.078617
59 17 0.078618
59 18 0.078619
59 19 0.078619
59 20 0.078620
59 21 0.078621
59 22 0.078621
59 23 0.078622
59 24 0.078623
59 25 0.078623
59 26 0.078624
59 27 0.078625
59 28 0.078626
59 29 0.078627
59 30 0.078628
59 31 0.078629
59 32 0.078630
59 33 0.078631
59 34 0.078631
59 35 0.078632
59 36 0.078632
59 37 0.078633
59 38 0.078633
59 39 0.078634
59 40 0.078634
59 41 0.078635
59 42 0.078635
59 43 0.078635
59 44 0.078636
59 45 0.078636
59 46 0.078636
59 47 0.078636
59 48 0.078636
59 49 0.078636
59 50 0.078635
59 51 0.078635
59 52 0.078635
59 53 0.078634
59 54 0.078634
59 55 0.078633
59 56 0.078632
59 57 0.078632
59 58 0.078631
59 59 0.078631
59 60 0.078630
59 61 0.078629
59 62 0.078628
59 63 0.078627
59 64 0.078626
59 65 0.078625
59 66 0.078624
59 67 0.078623
59 68 0.078621
59 69 0.078620
59 70 0.078618
59 71 0.078617
59 72 0.078616
59 73 0.078614
59 74 0.078613
59 75 0.078612
59 76 0.078611
59 77 0.078610
59 78 0.078609
59 79 0.078608
59 80 0.078607
59 81 0.078606
59 82 0.078605
59 83 0.078605
59 84 0.078604
59 85 0.078603
59 86 0.078602
59 87 0.078601
59 88 0.078601
59 89 0.078600
59 90 0.078599
59 91 0.078599
59 92 0.078598
59 93 0.078598
59 94 0.078597
59 95 0.078597
59 96 0.078597
59 97 0.078597
59 98 0.078597
59 99 0.078597

60 0 0.078609
60 1 0.078609
60 2 0.078610
60 3 0.078610
60 4 0.078610
60 5 0.078610
60 6 0.078611
60 7 0.078611
60 8 0.078611
60 9 0.078612
60 10 0.078613
60 11 0.078613
60 12 0.078614
60 13 0.078615
60 14 0.078615
60 15 0.078616
60 16 0.078617
60 17 0.078617
60 18 0.078618
60 19 0.078619
60 20 0.078619
60 21 0.078620
60 22 0.078620
60 23 0.078621
60 24 0.078622
60 25 0.078622
60 26 0.078623
60 27 0.078624
60 28 0.078625
60 29 0.078626
60 30 0.078627
60 31 0.078628
60 32 0.078629
60 33 0.078629
60 34 0.078630
60 35 0.078630
60 36 0.078631
60 37 0.078631
60 38 0.078632
60 39 0.078632
60 40 0.078632
60 41 0.078633
60 42 0.078633
60 43 0.078634
60 44 0.078634
60 45 0.078634
60 46 0.078634
60 47 0.078634
60 48 0.078634
60 49 0.078634
60 50 0.078634
60 51 0.078633
60 52 0.078633
60 53 0.078633
60 54 0.078632
60 55 0.078632
60 56 0.078631
60 57 0.078631
60 58 0.078630
60 59 0.078630
60 60 0.078629
60 61 0.078628
60 62 0.078627
60 63 0.078627
60 64 0.078626
60 65 0.078624
60 66 0.078623
60 67 0.078622
60 68 0.078620
60 69 0.078619
60 70 0.078618
60 71 0.078616
60 72 0.078615
60 73 0.078614
60 74 0.078613
60 75 0.078612
60 76 0.078611
60 77 0.078610
60 78 0.078609
60 79 0.078608
60 80 0.078607
60 81 0.078606
60 82 0.078605
60 83 0.078604
60 84 0.078603
60 85 0.078603
60 86 0.078602
60 87 0.078601
60 88 0.078600
60 89 0.078599
60 90 0.078599
60 91 0.078598
60 92 0.078598
60 93 0.078598
60 94 0.078597
60 95 0.078597
60 96 0.078597
60 97 0.078597
60 98 0.078597
60 99 0.078597

61 0 0.078609
61 1 0.078610
61 2 0.078610
61 3 0.078610
61 4 0.078610
61 5 0.078610
61 6 0.078611
61 7 0.078611
61 8 0.078611
61 9 0.078612
61 10 0.078613
61 11 0.078613
61 12 0.078614
61 13 0.078614
61 14 0.078615
61 15 0.078616
61 16 0.078616
61 17 0.078617
61 18 0.078617
61 19 0.078618
61 20 0.078618
61 21 0.078619
61 22 0.078619
61 23 0.078620
61 24 0.078621
61 25 0.078621
61 26 0.078622
61 27 0.078623
61 28 0.078624
61 29 0.078625
61 30 0.078626
61 31 0.078626
61 32 0.078627
61 33 0.078627
61 34 0.078628
61 35 0.078628
61 36 0.078629
61 37 0.078629
61 38 0.078630
61 39 0.078630
61 40 0.078631
61 41 0.078631
61 42 0.078632
61 43 0.078632
61 44 0.078632
61 45 0.078632
61 46 0.078633
61 47 0.078633
61 48 0.078632
61 49 0.078632
61 50 0.078632
61 51 0.078632
61 52 0.078631
61 53 0.078631
61 54 0.078631
61 55 0.078630
61 56 0.078630
61 57 0.078630
61 58 0.078629
61 59 0.078629
61 60 0.078628
61 61 0.078627
61 62 0.078626
61 63 0.078625
61 64 0.078624
61 65 0.078623
61 66 0.078622
61 67 0.078621
61 68 0.078620
61 69 0.078618
61 70 0.078617
61 71 0.078616
61 72 0.078615
61 73 0.078614
61 74 0.078613
61 75 0.078612
61 76 0.078611
61 77 0.078610
61 78 0.078609
61 79 0.078608
61 80 0.078607
61 81 0.078606
61 82 0.078605
61 83 0.078604
61 84 0.078603
61 85 0.078602
61 86 0.078601
61 87 0.078600
61 88 0.078600
61 89 0.078599
61 90 0.078598
61 91 0.078598
61 92 0.078598
61 93 0.078597
61 94 0.078597
61 95 0.078597
61 96 0.078597
61 97 0.078597
61 98 0.078597
61 99 0.078597

62 0 0.078610
62 1 0.078610
62 2 0.078610
62 3 0.078610
62 4 0.078610
62 5 0.078610
62 6 0.078611
62 7 0.078611
62 8 0.078611
62 9 0.078612
62 10 0.078612
62 11 0.078613
62 12 0.078613
62 13 0.078614
62 14 0.078614
62 15 0.078615
62 16 0.078615
62 17 0.078616
62 18 0.078616
62 19 0.078617
62 20 0.078617
62 21 0.078618
62 22 0.078618
62 23 0.078619
62 24 0.078620
62 25 0.078620
62 26 0.078621
62 27 0.078622
62 28 0.078623
62 29 0.078624
62 30 0.078624
62 31 0.078625
62 32 0.078625
62 33 0.078626
62 34 0.078626
62 35 0.078626
62 36 0.078627
62 37 0.078627
62 38 0.078628
62 39 0.078628
62 40 0.078629
62 41 0.078629
62 42 0.078630
62 43 0.078630
62 44 0.078630
62 45 0.078631
62 46 0.078631
62 47 0.078631
62 48 0.078631
62 49 0.078630
62 50 0.078630
62 51 0.078630
62 52 0.078630
62 53 0.078630
62 54 0.078629
62 55 0.078629
62 56 0.078629
62 57 0.078628
62 58 0.078628
62 59 0.078627
62 60 0.078627
62 61 0.078626
62 62 0.078625
62 63 0.078624
62 64 0.078623
62 65 0.078622
62 66 0.078621
62 67 0.078620
62 68 0.078619
62 69 0.078617
62 70 0.078616
62 71 0.078615
62 72 0.078614
62 73 0.078613
62 74 0.078612
62 75 0.078611
62 76 0.078610
62 77 0.078609
62 78 0.078608
62 79 0.078607
62 80 0.078606
62 81 0.078605
62 82 0.078604
62 83 0.078603
62 84 0.078602
62 85 0.078601
62 86 0.078600
62 87 0.078600
62 88 0.078599
62 89 0.078598
62 90 0.078598
62 91 0.078598
62 92 0.078597
62 93 0.078597
62 94 0.078597
62 95 0.078597
62 96 0.078596
62 97 0.078597
62 98 0.078597
62 99 0.078597

63 0 0.078610
63 1 0.078610
63 2 0.078610
63 3 0.078610
63 4 0.078610
63 5 0.078610
63 6 0.078610
63 7 0.078611
63 8 0.078611
63 9 0.078612
63 10 0.078612
63 11 0.078612
63 12 0.078613
63 13 0.078613
63 14 0.078614
63 15 0.078614
63 16 0.078614
63 17 0.078615
63 18 0.078616
63 19 0.078616
63 20 0.078617
63 21 0.078618
63 22 0.078618
63 23 0.078619
63 24 0.078619
63 25 0.078620
63 26 0.078620
63 27 0.078621
63 28 0.078621
63 29 0.078622
63 30 0.078623
63 31 0.078623
63 32 0.078624
63 33 0.078625
63 34 0.078625
63 35 0.078626
63 36 0.078627
63 37 0.078627
63 38 0.078628
63 39 0.078628
63 40 0.078628
63 41 0.078629
63 42 0.078629
63 43 0.078629
63 44 0.078630
63 45 0.078630
63 46 0.078630
63 47 0.078630
63 48 0.078630
63 49 0.078630
63 50 0.078630
63 51 0.078630
63 52 0.078630
63 53 0.078630
63 54 0.078630
63 55 0.078629
63 56 0.078629
63 57 0.078628
63 58 0.078628
63 59 0.078627
63 60 0.078626
63 61 0.078626
63 62 0.078625
63 63 0.078624
63 64 0.078623
63 65 0.078622
63 66 0.078621
63 67 0.078620
63 68 0.078619
63 69 0.078618
63 70 0.078617
63 71 0.078616
63 72 0.078615
63 73 0.078614
63 74 0.078612
63 75 0.078611
63 76 0.078610
63 77 0.078609
63 78 0.078608
63 79 0.078607
63 80 0.078606
63 81 0.078605
63 82 0.078604
63 83 0.078603
63 84 0.078602
63 85 0.078602
63 86 0.078601
63 87 0.078600
63 88 0.078599
63 89 0.078599
63 90 0.078598
63 91 0.078598
63 92 0.078597
63 93 0.078597
63 94 0.078597
63 95 0.078597
63 96 0.078596
63 97 0.078596
63 98 0.078596
63 99 0.078596

64 0 0.078610
64 1 0.078610
64 2 0.078611
64 3 0.078611
64 4 0.078611
64 5 0.078611
64 6 0.078611
64 7 0.078611
64 8 0.078611
64 9 0.078612
64 10 0.078612
64 11 0.078612
64 12 0.078612
64 13 0.078613
64 14 0.078613
64 15 0.078613
64 16 0.078614
64 17 0.078614
64 18 0.078615
64 19 0.078615
64 20 0.078616
64 21 0.078616
64 22 0.078617
64 23 0.078617
64 24 0.078618
64 25 0.078618
64 26 0.078619
64 27 0.078620
64 28 0.078620
64 29 0.078621
64 30 0.078621
64 31 0.078622
64 32 0.078623
64 33 0.078623
64 34 0.078624
64 35 0.078625
64 36 0.078625
64 37 0.078625
64 38 0.078626
64 39 0.078626
64 40 0.078627
64 41 0.078627
64 42 0.078627
64 43 0.078628
64 44 0.078628
64 45 0.078628
64 46 0.078628
64 47 0.078629
64 48 0.078629
64 49 0.078629
64 50 0.078629
64 51 0.078629
64 52 0.078628
64 53 0.078628
64 54 0.078628
64 55 0.078628
64 56 0.078627
64 57 0.078627
64 58 0.078626
64 59 0.078626
64 60 0.078625
64 61 0.078624
64 62 0.078624
64 63 0.078623
64 64 0.078622
64 65 0.078621
64 66 0.078620
64 67 0.078619
64 68 0.078618
64 69 0.078617
64 70 0.078616
64 71 0.078615
64 72 0.078614
64 73 0.078613
64 74 0.078612
64 75 0.078610
64 76 0.078609
64 77 0.078608
64 78 0.078607
64 79 0.078606
64 80 0.078605
64 81 0.078604
64 82 0.078604
64 83 0.078603
64 84 0.078602
64 85 0.078601
64 86 0.078600
64 87 0.078600
64 88 0.078599
64 89 0.078598
64 90 0.078598
64 91 0.078597
64 92 0.078597
64 93 0.078597
64 94 0.078596
64 95 0.078596
64 96 0.078596
64 97 0.078596
64 98 0.078596
64 99 0.078596

65 0 0.078610
65 1 0.078610
65 2 0.078610
65 3 0.078610
65 4 0.078610
65 5 0.078610
65 6 0.078610
65 7 0.078611
65 8 0.078611
65 9 0.078611
65 10 0.078611
65 11 0.078611
65 12 0.078612
65 13 0.078612
65 14 0.078612
65 15 0.078613
65 16 0.078613
65 17 0.078613
65 18 0.078614
65 19 0.078614
65 20 0.078615
65 21 0.078615
65 22 0.078616
65 23 0.078616
65 24 0.078617
65 25 0.078617
65 26 0.078618
65 27 0.078618
65 28 0.078619
65 29 0.078619
65 30 0.078620
65 31 0.078621
65 32 0.078621
65 33 0.078622
65 34 0.078622
65 35 0.078623
65 36 0.078623
65 37 0.078624
65 38 0.078624
65 39 0.078624
65 40 0.078625
65 41 0.078625
65 42 0.078626
65 43 0.078626
65 44 0.078626
65 45 0.078626
65 46 0.078627
65 47 0.078627
65 48 0.078627
65 49 0.078627
65 50 0.078627
65 51 0.078627
65 52 0.078627
65 53 0.078627
65 54 0.078626
65 55 0.078626
65 56 0.078626
65 57 0.078625
65 58 0.078625
65 59 0.078624
65 60 0.078624
65 61 0.078623
65 62 0.078622
65 63 0.078622
65 64 0.078621
65 65 0.078620
65 66 0.078619
65 67 0.078618
65 68 0.078617
65 69 0.078616
65 70 0.078615
65 71 0.078614
65 72 0.078613
65 73 0.078612
65 74 0.078611
65 75 0.078610
65 76 0.078609
65 77 0.078607
65 78 0.078607
65 79 0.078606
65 80 0.078605
65 81 0.078604
65 82 0.078603
65 83 0.078602
65 84 0.078601
65 85 0.078600
65 86 0.078600
65 87 0.078599
65 88 0.078598
65 89 0.078598
65 90 0.078597
65 91 0.078597
65 92 0.078596
65 93 0.078596
65 94 0.078596
65 95 0.078596
65 96 0.078595
65 97 0.078595
65 98 0.078595
65 99 0.078595

66 0 0.078610
66 1 0.078610
66 2 0.078610
66 3 0.078610
66 4 0.078610
66 5 0.078610
66 6 0.078610
66 7 0.078610
66 8 0.078610
66 9 0.078610
66 10 0.078610
66 11 0.078611
66 12 0.078611
66 13 0.078611
66 14 0.078611
66 15 0.078612
66 16 0.078612
66 17 0.078612
66 18 0.078613
66 19 0.078613
66 20 0.078614
66 21 0.078614
66 22 0.078614
66 23 0.078615
66 24 0.078615
66 25 0.078616
66 26 0.078616
66 27 0.078617
66 28 0.078617
66 29 0.078618
66 30 0.078618
66 31 0.078619
66 32 0.078620
66 33 0.078620
66 34 0.078621
66 35 0.078621
66 36 0.078621
66 37 0.078622
66 38 0.078622
66 39 0.078623
66 40 0.078623
66 41 0.078623
66 42 0.078624
66 43 0.078624
66 44 0.078624
66 45 0.078625
66 46 0.078625
66 47 0.078625
66 48 0.078625
66 49 0.078625
66 50 0.078625
66 51 0.078625
66 52 0.078625
66 53 0.078625
66 54 0.078625
66 55 0.078624
66 56 0.078624
66 57 0.078624
66 58 0.078623
66 59 0.078623
66 60 0.078622
66 61 0.078622
66 62 0.078621
66 63 0.078620
66 64 0.078620
66 65 0.078619
66 66 0.078618
66 67 0.078617
66 68 0.078616
66 69 0.078615
66 70 0.078614
66 71 0.078613
66 72 0.078612
66 73 0.078611
66 74 0.078610
66 75 0.078609
66 76 0.078608
66 77 0.078607
66 78 0.078606
66 79 0.078605
66 80 0.078604
66 81 0.078603
66 82 0.078602
66 83 0.078601
66 84 0.078601
66 85 0.078600
66 86 0.078599
66 87 0.078598
66 88 0.078598
66 89 0.078597
66 90 0.078597
66 91 0.078596
66 92 0.078596
66 93 0.078596
66 94 0.078595
66 95 0.078595
66 96 0.078595
66 97 0.078595
66 98 0.078595
66 99 0.078595

67 0 0.078609
67 1 0.078609
67 2 0.078609
67 3 0.078609
67 4 0.078609
67 5 0.078609
67 6 0.078609
67 7 0.078609
67 8 0.078609
67 9 0.078609
67 10 0.078610
67 11 0.078610
67 12 0.078610
67 13 0.078610
67 14 0.078610
67 15 0.078611
67 16 0.078611
67 17 0.078611
67 18 0.078612
67 19 0.078612
67 20 0.078612
67 21 0.078613
67 22 0.078613
67 23 0.078613
67 24 0.078614
67 25 0.078614
67 26 0.078615
67 27 0.078615
67 28 0.078616
67 29 0.078616
67 30 0.078617
67 31 0.078618
67 32 0.078618
67 33 0.078619
67 34 0.078619
67 35 0.078619
67 36 0.078620
67 37 0.078620
67 38 0.078620
67 39 0.078621
67 40 0.078621
67 41 0.078622
67 42 0.078622
67 43 0.078622
67 44 0.078623
67 45 0.078623
67 46 0.078623
67 47 0.078623
67 48 0.078623
67 49 0.078623
67 50 0.078623
67 51 0.078623
67 52 0.078623
67 53 0.078623
67 54 0.078623
67 55 0.078623
67 56 0.078623
67 57 0.078622
67 58 0.078622
67 59 0.078621
67 60 0.078621
67 61 0.078620
67 62 0.078620
67 63 0.078619
67 64 0.078618
67 65 0.078618
67 66 0.078617
67 67 0.078616
67 68 0.078615
67 69 0.078614
67 70 0.078613
67 71 0.078612
67 72 0.078611
67 73 0.078610
67 74 0.078609
67 75 0.078608
67 76 0.078607
67 77 0.078606
67 78 0.078605
67 79 0.078604
67 80 0.078603
67 81 0.078602
67 82 0.078602
67 83 0.078601
67 84 0.078600
67 85 0.078599
67 86 0.078598
67 87 0.078598
67 88 0.078597
67 89 0.078597
67 90 0.078596
67 91 0.078596
67 92 0.078595
67 93 0.078595
67 94 0.078595
67 95 0.078595
67 96 0.078595
67 97 0.078594
67 98 0.078594
67 99 0.078594

68 0 0.078608
68 1 0.078608
68 2 0.078608
68 3 0.078608
68 4 0.078608
68 5 0.078608
68 6 0.078608
68 7 0.078608
68 8 0.078608
68 9 0.078608
68 10 0.078609
68 11 0.078609
68 12 0.078609
68 13 0.078609
68 14 0.078609
68 15 0.078610
68 16 0.078610
68 17 0.078610
68 18 0.078610
68 19 0.078611
68 20 0.078611
68 21 0.078611
68 22 0.078612
68 23 0.078612
68 24 0.078612
68 25 0.078613
68 26 0.078613
68 27 0.078614
68 28 0.078614
68 29 0.078615
68 30 0.078615
68 31 0.078616
68 32 0.078616
68 33 0.078617
68 34 0.078617
68 35 0.078617
68 36 0.078618
68 37 0.078618
68 38 0.078619
68 39 0.078619
68 40 0.078619
68 41 0.078620
68 42 0.078620
68 43 0.078621
68 44 0.078621
68 45 0.078621
68 46 0.078622
68 47 0.078622
68 48 0.078622
68 49 0.078622
68 50 0.078622
68 51 0.078622
68 52 0.078622
68 53 0.078622
68 54 0.078622
68 55 0.078622
68 56 0.078621
68 57 0.078621
68 58 0.078621
68 59 0.078620
68 60 0.078620
68 61 0.078619
68 62 0.078619
68 63 0.078618
68 64 0.078617
68 65 0.078616
68 66 0.078616
68 67 0.078615
68 68 0.078614
68 69 0.078613
68 70 0.078612
68 71 0.078611
68 72 0.078610
68 73 0.078609
68 74 0.078608
68 75 0.078607
68 76 0.078606
68 77 0.078606
68 78 0.078605
68 79 0.078604
68 80 0.078603
68 81 0.078602
68 82 0.078601
68 83 0.078600
68 84 0.078599
68 85 0.078599
68 86 0.078598
68 87 0.078597
68 88 0.078597
68 89 0.078596
68 90 0.078596
68 91 0.078595
68 92 0.078595
68 93 0.078595
68 94 0.078594
68 95 0.078594
68 96 0.078594
68 97 0.078594
68 98 0.078594
68 99 0.078594

69 0 0.078607
69 1 0.078607
69 2 0.078607
69 3 0.078607
69 4 0.078607
69 5 0.078607
69 6 0.078607
69 7 0.078607
69 8 0.078607
69 9 0.078607
69 10 0.078607
69 11 0.078608
69 12 0.078608
69 13 0.078608
69 14 0.078608
69 15 0.078608
69 16 0.078609
69 17 0.078609
69 18 0.078609
69 19 0.078609
69 20 0.078610
69 21 0.078610
69 22 0.078610
69 23 0.078611
69 24 0.078611
69 25 0.078612
69 26 0.078612
69 27 0.078613
69 28 0.078613
69 29 0.078613
69 30 0.078614
69 31 0.078614
69 32 0.078615
69 33 0.078615
69 34 0.078615
69 35 0.078616
69 36 0.078616
69 37 0.078617
69 38 0.078617
69 39 0.078618
69 40 0.078618
69 41 0.078618
69 42 0.078619
69 43 0.078619
69 44 0.078619
69 45 0.078620
69 46 0.078620
69 47 0.078620
69 48 0.078620
69 49 0.078620
69 50 0.078620
69 51 0.078620
69 52 0.078620
69 53 0.078620
69 54 0.078620
69 55 0.078620
69 56 0.078620
69 57 0.078619
69 58 0.078619
69 59 0.078619
69 60 0.078618
69 61 0.078618
69 62 0.078617
69 63 0.078616
69 64 0.078616
69 65 0.078615
69 66 0.078614
69 67 0.078613
69 68 0.078613
69 69 0.078612
69 70 0.078611
69 71 0.078610
69 72 0.078609
69 73 0.078608
69 74 0.078607
69 75 0.078606
69 76 0.078606
69 77 0.078605
69 78 0.078604
69 79 0.078603
69 80 0.078602
69 81 0.078601
69 82 0.078600
69 83 0.078600
69 84 0.078599
69 85 0.078598
69 86 0.078597
69 87 0.078597
69 88 0.078596
69 89 0.078596
69 90 0.078595
69 91 0.078595
69 92 0.078595
69 93 0.078594
69 94 0.078594
69 95 0.078594
69 96 0.078593
69 97 0.078593
69 98 0.078593
69 99 0.078593

70 0 0.078606
70 1 0.078606
70 2 0.078606
70 3 0.078606
70 4 0.078606
70 5 0.078606
70 6 0.078606
70 7 0.078606
70 8 0.078606
70 9 0.078606
70 10 0.078606
70 11 0.078606
70 12 0.078607
70 13 0.078607
70 14 0.078607
70 15 0.078607
70 16 0.078607
70 17 0.078607
70 18 0.078608
70 19 0.078608
70 20 0.078608
70 21 0.078609
70 22 0.078609
70 23 0.078609
70 24 0.078610
70 25 0.078610
70 26 0.078611
70 27 0.078611
70 28 0.078612
70 29 0.078612
70 30 0.078612
70 31 0.078613
70 32 0.078613
70 33 0.078614
70 34 0.078614
70 35 0.078614
70 36 0.078615
70 37 0.078615
70 38 0.078616
70 39 0.078616
70 40 0.078617
70 41 0.078617
70 42 0.078617
70 43 0.078618
70 44 0.078618
70 45 0.078618
70 46 0.078618
70 47 0.078618
70 48 0.078619
70 49 0.078619
70 50 0.078619
70 51 0.078619
70 52 0.078619
70 53 0.078619
70 54 0.078619
70 55 0.078618
70 56 0.078618
70 57 0.078618
70 58 0.078618
70 59 0.078617
70 60 0.078617
70 61 0.078616
70 62 0.078616
70 63 0.078615
70 64 0.078615
70 65 0.078614
70 66 0.078613
70 67 0.078612
70 68 0.078612
70 69 0.078611
70 70 0.078610
70 71 0.078609
70 72 0.078608
70 73 0.078607
70 74 0.078606
70 75 0.078606
70 76 0.078605
70 77 0.078604
70 78 0.078603
70 79 0.078602
70 80 0.078601
70 81 0.078600
70 82 0.078600
70 83 0.078599
70 84 0.078598
70 85 0.078597
70 86 0.078597
70 87 0.078596
70 88 0.078596
70 89 0.078595
70 90 0.078595
70 91 0.078594
70 92 0.078594
70 93 0.078594
70 94 0.078593
70 95 0.078593
70 96 0.078593
70 97 0.078593
70 98 0.078593
70 99 0.078593

71 0 0.078605
71 1 0.078605
71 2 0.078605
71 3 0.078605
71 4 0.078605
71 5 0.078605
71 6 0.078605
71 7 0.078605
71 8 0.078605
71 9 0.078605
71 10 0.078605
71 11 0.078605
71 12 0.078605
71 13 0.078605
71 14 0.078606
71 15 0.078606
71 16 0.078606
71 17 0.078606
71 18 0.078606
71 19 0.078607
71 20 0.078607
71 21 0.078607
71 22 0.078608
71 23 0.078608
71 24 0.078608
71 25 0.078609
71 26 0.078609
71 27 0.078610
71 28 0.078610
71 29 0.078610
71 30 0.078611
71 31 0.078611
71 32 0.078612
71 33 0.078612
71 34 0.078612
71 35 0.078613
71 36 0.078613
71 37 0.078614
71 38 0.078614
71 39 0.078615
71 40 0.078615
71 41 0.078615
71 42 0.078616
71 43 0.078616
71 44 0.078616
71 45 0.078616
71 46 0.078617
71 47 0.078617
71 48 0.078617
71 49 0.078617
71 50 0.078617
71 51 0.078617
71 52 0.078617
71 53 0.078617
71 54 0.078617
71 55 0.078617
71 56 0.078617
71 57 0.078617
71 58 0.078616
71 59 0.078616
71 60 0.078615
71 61 0.078615
71 62 0.078614
71 63 0.078614
71 64 0.078613
71 65 0.078613
71 66 0.078612
71 67 0.078611
71 68 0.078610
71 69 0.078610
71 70 0.078609
71 71 0.078608
71 72 0.078607
71 73 0.078606
71 74 0.078605
71 75 0.078605
71 76 0.078604
71 77 0.078603
71 78 0.078602
71 79 0.078601
71 80 0.078600
71 81 0.078600
71 82 0.078599
71 83 0.078598
71 84 0.078597
71 85 0.078597
71 86 0.078596
71 87 0.078596
71 88 0.078595
71 89 0.078594
71 90 0.078594
71 91 0.078594
71 92 0.078593
71 93 0.078593
71 94 0.078593
71 95 0.078592
71 96 0.078592
71 97 0.078592
71 98 0.078592
71 99 0.078592

72 0 0.078604
72 1 0.078604
72 2 0.078604
72 3 0.078604
72 4 0.078604
72 5 0.078604
72 6 0.078604
72 7 0.078604
72 8 0.078604
72 9 0.078604
72 10 0.078604
72 11 0.078604
72 12 0.078604
72 13 0.078604
72 14 0.078604
72 15 0.078605
72 16 0.078605
72 17 0.078605
72 18 0.078605
72 19 0.078605
72 20 0.078606
72 21 0.078606
72 22 0.078606
72 23 0.078607
72 24 0.078607
72 25 0.078607
72 26 0.078608
72 27 0.078608
72 28 0.078608
72 29 0.078609
72 30 0.078609
72 31 0.078610
72 32 0.078610
72 33 0.078610
72 34 0.078611
72 35 0.078611
72 36 0.078612
72 37 0.078612
72 38 0.078612
72 39 0.078613
72 40 0.078613
72 41 0.078614
72 42 0.078614
72 43 0.078614
72 44 0.078614
72 45 0.078615
72 46 0.078615
72 47 0.078615
72 48 0.078615
72 49 0.078615
72 50 0.078615
72 51 0.078615
72 52 0.078616
72 53 0.078615
72 54 0.078615
72 55 0.078615
72 56 0.078615
72 57 0.078615
72 58 0.078615
72 59 0.078614
72 60 0.078614
72 61 0.078613
72 62 0.078613
72 63 0.078612
72 64 0.078612
72 65 0.078611
72 66 0.078610
72 67 0.078610
72 68 0.078609
72 69 0.078608
72 70 0.078608
72 71 0.078607
72 72 0.078606
72 73 0.078605
72 74 0.078604
72 75 0.078603
72 76 0.078603
72 77 0.078602
72 78 0.078601
72 79 0.078600
72 80 0.078599
72 81 0.078599
72 82 0.078598
72 83 0.078597
72 84 0.078597
72 85 0.078596
72 86 0.078595
72 87 0.078595
72 88 0.078594
72 89 0.078594
72 90 0.078593
72 91 0.078593
72 92 0.078593
72 93 0.078592
72 94 0.078592
72 95 0.078592
72 96 0.078591
72 97 0.078591
72 98 0.078591
72 99 0.078591

73 0 0.078602
73 1 0.078602
73 2 0.078603
73 3 0.078602
73 4 0.078602
73 5 0.078602
73 6 0.078603
73 7 0.078603
73 8 0.078603
73 9 0.078603
73 10 0.078603
73 11 0.078603
73 12 0.078603
73 13 0.078603
73 14 0.078603
73 15 0.078603
73 16 0.078603
73 17 0.078604
73 18 0.078604
73 19 0.078604
73 20 0.078604
73 21 0.078605
73 22 0.078605
73 23 0.078605
73 24 0.078606
73 25 0.078606
73 26 0.078606
73 27 0.078607
73 28 0.078607
73 29 0.078607
73 30 0.078608
73 31 0.078608
73 32 0.078608
73 33 0.078609
73 34 0.078609
73 35 0.078610
73 36 0.078610
73 37 0.078610
73 38 0.078611
73 39 0.078611
73 40 0.078612
73 41 0.078612
73 42 0.078612
73 43 0.078612
73 44 0.078613
73 45 0.078613
73 46 0.078613
73 47 0.078613
73 48 0.078613
73 49 0.078614
73 50 0.078614
73 51 0.078614
73 52 0.078614
73 53 0.078614
73 54 0.078614
73 55 0.078614
73 56 0.078613
73 57 0.078613
73 58 0.078613
73 59 0.078613
73 60 0.078612
73 61 0.078612
73 62 0.078611
73 63 0.078611
73 64 0.078610
73 65 0.078610
73 66 0.078609
73 67 0.078608
73 68 0.078608
73 69 0.078607
73 70 0.078606
73 71 0.078605
73 72 0.078605
73 73 0.078604
73 74 0.078603
73 75 0.078602
73 76 0.078602
73 77 0.078601
73 78 0.078600
73 79 0.078599
73 80 0.078598
73 81 0.078598
73 82 0.078597
73 83 0.078596
73 84 0.078596
73 85 0.078595
73 86 0.078595
73 87 0.078594
73 88 0.078593
73 89 0.078593
73 90 0.078593
73 91 0.078592
73 92 0.078592
73 93 0.078591
73 94 0.078591
73 95 0.078591
73 96 0.078591
73 97 0.078591
73 98 0.078590
73 99 0.078590

74 0 0.078601
74 1 0.078601
74 2 0.078601
74 3 0.078601
74 4 0.078601
74 5 0.078601
74 6 0.078601
74 7 0.078601
74 8 0.078601
74 9 0.078601
74 10 0.078601
74 11 0.078602
74 12 0.078602
74 13 0.078602
74 14 0.078602
74 15 0.078602
74 16 0.078602
74 17 0.078602
74 18 0.078603
74 19 0.078603
74 20 0.078603
74 21 0.078603
74 22 0.078604
74 23 0.078604
74 24 0.078604
74 25 0.078604
74 26 0.078605
74 27 0.078605
74 28 0.078605
74 29 0.078606
74 30 0.078606
74 31 0.078607
74 32 0.078607
74 33 0.078607
74 34 0.078608
74 35 0.078608
74 36 0.078608
74 37 0.078609
74 38 0.078609
74 39 0.078610
74 40 0.078610
74 41 0.078610
74 42 0.078610
74 43 0.078611
74 44 0.078611
74 45 0.078611
74 46 0.078611
74 47 0.078612
74 48 0.078612
74 49 0.078612
74 50 0.078612
74 51 0.078612
74 52 0.078612
74 53 0.078612
74 54 0.078612
74 55 0.078612
74 56 0.078612
74 57 0.078612
74 58 0.078611
74 59 0.078611
74 60 0.078611
74 61 0.078610
74 62 0.078610
74 63 0.078609
74 64 0.078609
74 65 0.078608
74 66 0.078608
74 67 0.078607
74 68 0.078606
74 69 0.078606
74 70 0.078605
74 71 0.078604
74 72 0.078604
74 73 0.078603
74 74 0.078602
74 75 0.078601
74 76 0.078600
74 77 0.078600
74 78 0.078599
74 79 0.078598
74 80 0.078598
74 81 0.078597
74 82 0.078596
74 83 0.078595
74 84 0.078595
74 85 0.078594
74 86 0.078594
74 87 0.078593
74 88 0.078593
74 89 0.078592
74 90 0.078592
74 91 0.078591
74 92 0.078591
74 93 0.078591
74 94 0.078590
74 95 0.078590
74 96 0.078590
74 97 0.078590
74 98 0.078590
74 99 0.078590

75 0 0.078600
75 1 0.078600
75 2 0.078600
75 3 0.078600
75 4 0.078600
75 5 0.078600
75 6 0.078600
75 7 0.078600
75 8 0.078600
75 9 0.078600
75 10 0.078600
75 11 0.078600
75 12 0.078600
75 13 0.078600
75 14 0.078600
75 15 0.078601
75 16 0.078601
75 17 0.078601
75 18 0.078601
75 19 0.078601
75 20 0.078602
75 21 0.078602
75 22 0.078602
75 23 0.078602
75 24 0.078603
75 25 0.078603
75 26 0.078603
75 27 0.078604
75 28 0.078604
75 29 0.078604
75 30 0.078605
75 31 0.078605
75 32 0.078605
75 33 0.078606
75 34 0.078606
75 35 0.078606
75 36 0.078607
75 37 0.078607
75 38 0.078608
75 39 0.078608
75 40 0.078608
75 41 0.078609
75 42 0.078609
75 43 0.078609
75 44 0.078609
75 45 0.078610
75 46 0.078610
75 47 0.078610
75 48 0.078610
75 49 0.078610
75 50 0.078611
75 51 0.078611
75 52 0.078611
75 53 0.078611
75 54 0.078611
75 55 0.078610
75 56 0.078610
75 57 0.078610
75 58 0.078610
75 59 0.078610
75 60 0.078609
75 61 0.078609
75 62 0.078608
75 63 0.078608
75 64 0.078607
75 65 0.078607
75 66 0.078606
75 67 0.078606
75 68 0.078605
75 69 0.078604
75 70 0.078604
75 71 0.078603
75 72 0.078602
75 73 0.078602
75 74 0.078601
75 75 0.078600
75 76 0.078599
75 77 0.078599
75 78 0.078598
75 79 0.078597
75 80 0.078597
75 81 0.078596
75 82 0.078595
75 83 0.078595
75 84 0.078594
75 85 0.078593
75 86 0.078593
75 87 0.078592
75 88 0.078592
75 89 0.078591
75 90 0.078591
75 91 0.078591
75 92 0.078590
75 93 0.078590
75 94 0.078590
75 95 0.078589
75 96 0.078589
75 97 0.078589
75 98 0.078589
75 99 0.078589

76 0 0.078599
76 1 0.078599
76 2 0.078599
76 3 0.078599
76 4 0.078599
76 5 0.078599
76 6 0.078599
76 7 0.078599
76 8 0.078599
76 9 0.078599
76 10 0.078599
76 11 0.078599
76 12 0.078599
76 13 0.078599
76 14 0.078599
76 15 0.078599
76 16 0.078599
76 17 0.078600
76 18 0.078600
76 19 0.078600
76 20 0.078600
76 21 0.078600
76 22 0.078601
76 23 0.078601
76 24 0.078601
76 25 0.078602
76 26 0.078602
76 27 0.078602
76 28 0.078602
76 29 0.078603
76 30 0.078603
76 31 0.078603
76 32 0.078604
76 33 0.078604
76 34 0.078605
76 35 0.078605
76 36 0.078605
76 37 0.078606
76 38 0.078606
76 39 0.078606
76 40 0.078607
76 41 0.078607
76 42 0.078607
76 43 0.078608
76 44 0.078608
76 45 0.078608
76 46 0.078608
76 47 0.078608
76 48 0.078609
76 49 0.078609
76 50 0.078609
76 51 0.078609
76 52 0.078609
76 53 0.078609
76 54 0.078609
76 55 0.078609
76 56 0.078609
76 57 0.078609
76 58 0.078608
76 59 0.078608
76 60 0.078608
76 61 0.078607
76 62 0.078607
76 63 0.078607
76 64 0.078606
76 65 0.078606
76 66 0.078605
76 67 0.078604
76 68 0.078604
76 69 0.078603
76 70 0.078602
76 71 0.078602
76 72 0.078601
76 73 0.078600
76 74 0.078600
76 75 0.078599
76 76 0.078598
76 77 0.078598
76 78 0.078597
76 79 0.078596
76 80 0.078596
76 81 0.078595
76 82 0.078594
76 83 0.078594
76 84 0.078593
76 85 0.078592
76 86 0.078592
76 87 0.078591
76 88 0.078591
76 89 0.078590
76 90 0.078590
76 91 0.078590
76 92 0.078589
76 93 0.078589
76 94 0.078589
76 95 0.078589
76 96 0.078588
76 97 0.078588
76 98 0.078588
76 99 0.078588

77 0 0.078598
77 1 0.078597
77 2 0.078597
77 3 0.078597
77 4 0.078597
77 5 0.078597
77 6 0.078597
77 7 0.078597
77 8 0.078597
77 9 0.078597
77 10 0.078597
77 11 0.078597
77 12 0.078598
77 13 0.078598
77 14 0.078598
77 15 0.078598
77 16 0.078598
77 17 0.078598
77 18 0.078598
77 19 0.078599
77 20 0.078599
77 21 0.078599
77 22 0.078599
77 23 0.078600
77 24 0.078600
77 25 0.078600
77 26 0.078600
77 27 0.078601
77 28 0.078601
77 29 0.078601
77 30 0.078602
77 31 0.078602
77 32 0.078602
77 33 0.078603
77 34 0.078603
77 35 0.078603
77 36 0.078604
77 37 0.078604
77 38 0.078604
77 39 0.078605
77 40 0.078605
77 41 0.078605
77 42 0.078606
77 43 0.078606
77 44 0.078606
77 45 0.078606
77 46 0.078607
77 47 0.078607
77 48 0.078607
77 49 0.078607
77 50 0.078607
77 51 0.078607
77 52 0.078607
77 53 0.078607
77 54 0.078607
77 55 0.078607
77 56 0.078607
77 57 0.078607
77 58 0.078607
77 59 0.078607
77 60 0.078606
77 61 0.078606
77 62 0.078606
77 63 0.078605
77 64 0.078605
77 65 0.078604
77 66 0.078604
77 67 0.078603
77 68 0.078602
77 69 0.078602
77 70 0.078601
77 71 0.078601
77 72 0.078600
77 73 0.078599
77 74 0.078598
77 75 0.078598
77 76 0.078597
77 77 0.078596
77 78 0.078596
77 79 0.078595
77 80 0.078595
77 81 0.078594
77 82 0.078593
77 83 0.078593
77 84 0.078592
77 85 0.078592
77 86 0.078591
77 87 0.078591
77 88 0.078590
77 89 0.078590
77 90 0.078589
77 91 0.078589
77 92 0.078588
77 93 0.078588
77 94 0.078588
77 95 0.078588
77 96 0.078588
77 97 0.078587
77 98 0.078587
77 99 0.078587

78 0 0.078596
78 1 0.078596
78 2 0.078596
78 3 0.078596
78 4 0.078596
78 5 0.078596
78 6 0.078596
78 7 0.078596
78 8 0.078596
78 9 0.078596
78 10 0.078596
78 11 0.078596
78 12 0.078596
78 13 0.078596
78 14 0.078596
78 15 0.078596
78 16 0.078597
78 17 0.078597
78 18 0.078597
78 19 0.078597
78 20 0.078597
78 21 0.078598
78 22 0.078598
78 23 0.078598
78 24 0.078598
78 25 0.078599
78 26 0.078599
78 27 0.078599
78 28 0.078600
78 29 0.078600
78 30 0.078600
78 31 0.078601
78 32 0.078601
78 33 0.078601
78 34 0.078602
78 35 0.078602
78 36 0.078602
78 37 0.078603
78 38 0.078603
78 39 0.078603
78 40 0.078604
78 41 0.078604
78 42 0.078604
78 43 0.078605
78 44 0.078605
78 45 0.078605
78 46 0.078605
78 47 0.078605
78 48 0.078606
78 49 0.078606
78 50 0.078606
78 51 0.078606
78 52 0.078606
78 53 0.078606
78 54 0.078606
78 55 0.078606
78 56 0.078606
78 57 0.078606
78 58 0.078605
78 59 0.078605
78 60 0.078605
78 61 0.078605
78 62 0.078604
78 63 0.078604
78 64 0.078603
78 65 0.078603
78 66 0.078602
78 67 0.078602
78 68 0.078601
78 69 0.078601
78 70 0.078600
78 71 0.078599
78 72 0.078599
78 73 0.078598
78 74 0.078597
78 75 0.078597
78 76 0.078596
78 77 0.078595
78 78 0.078595
78 79 0.078594
78 80 0.078594
78 81 0.078593
78 82 0.078592
78 83 0.078592
78 84 0.078591
78 85 0.078591
78 86 0.078590
78 87 0.078590
78 88 0.078589
78 89 0.078589
78 90 0.078588
78 91 0.078588
78 92 0.078588
78 93 0.078587
78 94 0.078587
78 95 0.078587
78 96 0.078587
78 97 0.078587
78 98 0.078586
78 99 0.078587

79 0 0.078595
79 1 0.078595
79 2 0.078595
79 3 0.078594
79 4 0.078594
79 5 0.078594
79 6 0.078595
79 7 0.078595
79 8 0.078595
79 9 0.078595
79 10 0.078595
79 11 0.078595
79 12 0.078595
79 13 0.078595
79 14 0.078595
79 15 0.078595
79 16 0.078595
79 17 0.078595
79 18 0.078596
79 19 0.078596
79 20 0.078596
79 21 0.078596
79 22 0.078596
79 23 0.078597
79 24 0.078597
79 25 0.078597
79 26 0.078598
79 27 0.078598
79 28 0.078598
79 29 0.078598
79 30 0.078599
79 31 0.078599
79 32 0.078599
79 33 0.078600
79 34 0.078600
79 35 0.078600
79 36 0.078601
79 37 0.078601
79 38 0.078601
79 39 0.078602
79 40 0.078602
79 41 0.078602
79 42 0.078603
79 43 0.078603
79 44 0.078603
79 45 0.078604
79 46 0.078604
79 47 0.078604
79 48 0.078605
79 49 0.078605
79 50 0.078605
79 51 0.078605
79 52 0.078605
79 53 0.078605
79 54 0.078605
79 55 0.078605
79 56 0.078605
79 57 0.078605
79 58 0.078604
79 59 0.078604
79 60 0.078604
79 61 0.078603
79 62 0.078603
79 63 0.078603
79 64 0.078602
79 65 0.078602
79 66 0.078601
79 67 0.078601
79 68 0.078600
79 69 0.078600
79 70 0.078599
79 71 0.078598
79 72 0.078598
79 73 0.078597
79 74 0.078597
79 75 0.078596
79 76 0.078595
79 77 0.078595
79 78 0.078594
79 79 0.078593
79 80 0.078593
79 81 0.078592
79 82 0.078591
79 83 0.078591
79 84 0.078590
79 85 0.078590
79 86 0.078589
79 87 0.078589
79 88 0.078588
79 89 0.078588
79 90 0.078588
79 91 0.078587
79 92 0.078587
79 93 0.078587
79 94 0.078586
79 95 0.078586
79 96 0.078586
79 97 0.078586
79 98 0.078586
79 99 0.078586

80 0 0.078594
80 1 0.078593
80 2 0.078593
80 3 0.078593
80 4 0.078593
80 5 0.078593
80 6 0.078593
80 7 0.078593
80 8 0.078593
80 9 0.078593
80 10 0.078593
80 11 0.078593
80 12 0.078593
80 13 0.078593
80 14 0.078594
80 15 0.078594
80 16 0.078594
80 17 0.078594
80 18 0.078594
80 19 0.078594
80 20 0.078595
80 21 0.078595
80 22 0.078595
80 23 0.078595
80 24 0.078596
80 25 0.078596
80 26 0.078596
80 27 0.078597
80 28 0.078597
80 29 0.078597
80 30 0.078598
80 31 0.078598
80 32 0.078598
80 33 0.078599
80 34 0.078599
80 35 0.078599
80 36 0.078600
80 37 0.078600
80 38 0.078600
80 39 0.078601
80 40 0.078601
80 41 0.078601
80 42 0.078602
80 43 0.078602
80 44 0.078602
80 45 0.078603
80 46 0.078603
80 47 0.078603
80 48 0.078603
80 49 0.078603
80 50 0.078603
80 51 0.078604
80 52 0.078604
80 53 0.078604
80 54 0.078604
80 55 0.078603
80 56 0.078603
80 57 0.078603
80 58 0.078603
80 59 0.078603
80 60 0.078603
80 61 0.078602
80 62 0.078602
80 63 0.078601
80 64 0.078601
80 65 0.078601
80 66 0.078600
80 67 0.078600
80 68 0.078599
80 69 0.078598
80 70 0.078598
80 71 0.078597
80 72 0.078597
80 73 0.078596
80 74 0.078595
80 75 0.078595
80 76 0.078594
80 77 0.078594
80 78 0.078593
80 79 0.078592
80 80 0.078592
80 81 0.078591
80 82 0.078591
80 83 0.078590
80 84 0.078589
80 85 0.078589
80 86 0.078588
80 87 0.078588
80 88 0.078588
80 89 0.078587
80 90 0.078587
80 91 0.078586
80 92 0.078586
80 93 0.078586
80 94 0.078586
80 95 0.078585
80 96 0.078585
80 97 0.078585
80 98 0.078585
80 99 0.078585

81 0 0.078592
81 1 0.078592
81 2 0.078592
81 3 0.078592
81 4 0.078592
81 5 0.078592
81 6 0.078592
81 7 0.078592
81 8 0.078592
81 9 0.078592
81 10 0.078592
81 11 0.078592
81 12 0.078592
81 13 0.078592
81 14 0.078592
81 15 0.078592
81 16 0.078593
81 17 0.078593
81 18 0.078593
81 19 0.078593
81 20 0.078593
81 21 0.078594
81 22 0.078594
81 23 0.078594
81 24 0.078594
81 25 0.078595
81 26 0.078595
81 27 0.078595
81 28 0.078596
81 29 0.078596
81 30 0.078596
81 31 0.078597
81 32 0.078597
81 33 0.078597
81 34 0.078598
81 35 0.078598
81 36 0.078598
81 37 0.078599
81 38 0.078599
81 39 0.078599
81 40 0.078600
81 41 0.078600
81 42 0.078600
81 43 0.078601
81 44 0.078601
81 45 0.078601
81 46 0.078601
81 47 0.078602
81 48 0.078602
81 49 0.078602
81 50 0.078602
81 51 0.078602
81 52 0.078602
81 53 0.078602
81 54 0.078602
81 55 0.078602
81 56 0.078602
81 57 0.078602
81 58 0.078602
81 59 0.078602
81 60 0.078601
81 61 0.078601
81 62 0.078601
81 63 0.078600
81 64 0.078600
81 65 0.078599
81 66 0.078599
81 67 0.078598
81 68 0.078598
81 69 0.078597
81 70 0.078597
81 71 0.078596
81 72 0.078596
81 73 0.078595
81 74 0.078594
81 75 0.078594
81 76 0.078593
81 77 0.078593
81 78 0.078592
81 79 0.078591
81 80 0.078591
81 81 0.078590
81 82 0.078590
81 83 0.078589
81 84 0.078589
81 85 0.078588
81 86 0.078588
81 87 0.078587
81 88 0.078587
81 89 0.078586
81 90 0.078586
81 91 0.078586
81 92 0.078585
81 93 0.078585
81 94 0.078585
81 95 0.078585
81 96 0.078584
81 97 0.078584
81 98 0.078584
81 99 0.078584

82 0 0.078591
82 1 0.078591
82 2 0.078591
82 3 0.078590
82 4 0.078590
82 5 0.078590
82 6 0.078590
82 7 0.078590
82 8 0.078591
82 9 0.078591
82 10 0.078591
82 11 0.078591
82 12 0.078591
82 13 0.078591
82 14 0.078591
82 15 0.078591
82 16 0.078591
82 17 0.078592
82 18 0.078592
82 19 0.078592
82 20 0.078592
82 21 0.078592
82 22 0.078593
82 23 0.078593
82 24 0.078593
82 25 0.078593
82 26 0.078594
82 27 0.078594
82 28 0.078594
82 29 0.078595
82 30 0.078595
82 31 0.078595
82 32 0.078596
82 33 0.078596
82 34 0.078596
82 35 0.078597
82 36 0.078597
82 37 0.078597
82 38 0.078598
82 39 0.078598
82 40 0.078598
82 41 0.078599
82 42 0.078599
82 43 0.078599
82 44 0.078600
82 45 0.078600
82 46 0.078600
82 47 0.078600
82 48 0.078600
82 49 0.078601
82 50 0.078601
82 51 0.078601
82 52 0.078601
82 53 0.078601
82 54 0.078601
82 55 0.078601
82 56 0.078601
82 57 0.078601
82 58 0.078600
82 59 0.078600
82 60 0.078600
82 61 0.078600
82 62 0.078599
82 63 0.078599
82 64 0.078599
82 65 0.078598
82 66 0.078598
82 67 0.078597
82 68 0.078597
82 69 0.078596
82 70 0.078596
82 71 0.078595
82 72 0.078595
82 73 0.078594
82 74 0.078593
82 75 0.078593
82 76 0.078592
82 77 0.078592
82 78 0.078591
82 79 0.078590
82 80 0.078590
82 81 0.078589
82 82 0.078589
82 83 0.078588
82 84 0.078588
82 85 0.078587
82 86 0.078587
82 87 0.078586
82 88 0.078586
82 89 0.078585
82 90 0.078585
82 91 0.078585
82 92 0.078584
82 93 0.078584
82 94 0.078584
82 95 0.078584
82 96 0.078584
82 97 0.078584
82 98 0.078583
82 99 0.078583

83 0 0.078590
83 1 0.078589
83 2 0.078589
83 3 0.078589
83 4 0.078589
83 5 0.078589
83 6 0.078589
83 7 0.078589
83 8 0.078589
83 9 0.078589
83 10 0.078589
83 11 0.078590
83 12 0.078590
83 13 0.078590
83 14 0.078590
83 15 0.078590
83 16 0.078590
83 17 0.078590
83 18 0.078591
83 19 0.078591
83 20 0.078591
83 21 0.078591
83 22 0.078591
83 23 0.078592
83 24 0.078592
83 25 0.078592
83 26 0.078592
83 27 0.078593
83 28 0.078593
83 29 0.078593
83 30 0.078594
83 31 0.078594
83 32 0.078594
83 33 0.078595
83 34 0.078595
83 35 0.078595
83 36 0.078596
83 37 0.078596
83 38 0.078596
83 39 0.078597
83 40 0.078597
83 41 0.078597
83 42 0.078598
83 43 0.078598
83 44 0.078598
83 45 0.078599
83 46 0.078599
83 47 0.078599
83 48 0.078599
83 49 0.078599
83 50 0.078600
83 51 0.078600
83 52 0.078600
83 53 0.078600
83 54 0.078600
83 55 0.078600
83 56 0.078600
83 57 0.078599
83 58 0.078599
83 59 0.078599
83 60 0.078599
83 61 0.078599
83 62 0.078598
83 63 0.078598
83 64 0.078598
83 65 0.078597
83 66 0.078597
83 67 0.078596
83 68 0.078596
83 69 0.078595
83 70 0.078595
83 71 0.078594
83 72 0.078593
83 73 0.078593
83 74 0.078592
83 75 0.078592
83 76 0.078591
83 77 0.078591
83 78 0.078590
83 79 0.078589
83 80 0.078589
83 81 0.078588
83 82 0.078588
83 83 0.078587
83 84 0.078587
83 85 0.078586
83 86 0.078586
83 87 0.078585
83 88 0.078585
83 89 0.078585
83 90 0.078584
83 91 0.078584
83 92 0.078584
83 93 0.078583
83 94 0.078583
83 95 0.078583
83 96 0.078583
83 97 0.078583
83 98 0.078583
83 99 0.078583

84 0 0.078588
84 1 0.078588
84 2 0.078588
84 3 0.078588
84 4 0.078588
84 5 0.078588
84 6 0.078588
84 7 0.078588
84 8 0.078588
84 9 0.078588
84 10 0.078588
84 11 0.078588
84 12 0.078588
84 13 0.078589
84 14 0.078589
84 15 0.078589
84 16 0.078589
84 17 0.078589
84 18 0.078590
84 19 0.078590
84 20 0.078590
84 21 0.078591
84 22 0.078591
84 23 0.078591
84 24 0.078591
84 25 0.078592
84 26 0.078592
84 27 0.078593
84 28 0.078593
84 29 0.078593
84 30 0.078594
84 31 0.078594
84 32 0.078594
84 33 0.078595
84 34 0.078595
84 35 0.078596
84 36 0.078596
84 37 0.078596
84 38 0.078597
84 39 0.078597
84 40 0.078597
84 41 0.078598
84 42 0.078598
84 43 0.078598
84 44 0.078599
84 45 0.078599
84 46 0.078599
84 47 0.078599
84 48 0.078600
84 49 0.078600
84 50 0.078600
84 51 0.078600
84 52 0.078600
84 53 0.078600
84 54 0.078600
84 55 0.078600
84 56 0.078600
84 57 0.078600
84 58 0.078599
84 59 0.078599
84 60 0.078599
84 61 0.078599
84 62 0.078598
84 63 0.078598
84 64 0.078597
84 65 0.078597
84 66 0.078597
84 67 0.078596
84 68 0.078596
84 69 0.078595
84 70 0.078595
84 71 0.078594
84 72 0.078594
84 73 0.078593
84 74 0.078592
84 75 0.078592
84 76 0.078591
84 77 0.078591
84 78 0.078590
84 79 0.078589
84 80 0.078589
84 81 0.078588
84 82 0.078588
84 83 0.078587
84 84 0.078587
84 85 0.078586
84 86 0.078586
84 87 0.078585
84 88 0.078585
84 89 0.078584
84 90 0.078584
84 91 0.078584
84 92 0.078584
84 93 0.078583
84 94 0.078583
84 95 0.078583
84 96 0.078583
84 97 0.078583
84 98 0.078582
84 99 0.078582

85 0 0.078587
85 1 0.078587
85 2 0.078587
85 3 0.078587
85 4 0.078587
85 5 0.078587
85 6 0.078587
85 7 0.078587
85 8 0.078587
85 9 0.078587
85 10 0.078587
85 11 0.078587
85 12 0.078587
85 13 0.078587
85 14 0.078588
85 15 0.078588
85 16 0.078588
85 17 0.078588
85 18 0.078589
85 19 0.078589
85 20 0.078589
85 21 0.078589
85 22 0.078590
85 23 0.078590
85 24 0.078590
85 25 0.078591
85 26 0.078591
85 27 0.078591
85 28 0.078592
85 29 0.078592
85 30 0.078593
85 31 0.078593
85 32 0.078593
85 33 0.078594
85 34 0.078594
85 35 0.078595
85 36 0.078595
85 37 0.078595
85 38 0.078596
85 39 0.078596
85 40 0.078596
85 41 0.078597
85 42 0.078597
85 43 0.078597
85 44 0.078598
85 45 0.078598
85 46 0.078598
85 47 0.078598
85 48 0.078599
85 49 0.078599
85 50 0.078599
85 51 0.078599
85 52 0.078599
85 53 0.078599
85 54 0.078599
85 55 0.078599
85 56 0.078599
85 57 0.078599
85 58 0.078598
85 59 0.078598
85 60 0.078598
85 61 0.078598
85 62 0.078597
85 63 0.078597
85 64 0.078597
85 65 0.078596
85 66 0.078596
85 67 0.078595
85 68 0.078595
85 69 0.078594
85 70 0.078594
85 71 0.078593
85 72 0.078593
85 73 0.078592
85 74 0.078592
85 75 0.078591
85 76 0.078590
85 77 0.078590
85 78 0.078589
85 79 0.078589
85 80 0.078588
85 81 0.078587
85 82 0.078587
85 83 0.078586
85 84 0.078586
85 85 0.078585
85 86 0.078585
85 87 0.078585
85 88 0.078584
85 89 0.078584
85 90 0.078583
85 91 0.078583
85 92 0.078583
85 93 0.078583
85 94 0.078582
85 95 0.078582
85 96 0.078582
85 97 0.078582
85 98 0.078581
85 99 0.078581

86 0 0.078586
86 1 0.078586
86 2 0.078586
86 3 0.078586
86 4 0.078586
86 5 0.078586
86 6 0.078586
86 7 0.078586
86 8 0.078586
86 9 0.078586
86 10 0.078586
86 11 0.078586
86 12 0.078586
86 13 0.078586
86 14 0.078586
86 15 0.078587
86 16 0.078587
86 17 0.078587
86 18 0.078587
86 19 0.078588
86 20 0.078588
86 21 0.078588
86 22 0.078589
86 23 0.078589
86 24 0.078589
86 25 0.078590
86 26 0.078590
86 27 0.078590
86 28 0.078591
86 29 0.078591
86 30 0.078592
86 31 0.078592
86 32 0.078592
86 33 0.078593
86 34 0.078593
86 35 0.078594
86 36 0.078594
86 37 0.078594
86 38 0.078595
86 39 0.078595
86 40 0.078595
86 41 0.078596
86 42 0.078596
86 43 0.078596
86 44 0.078597
86 45 0.078597
86 46 0.078597
86 47 0.078597
86 48 0.078598
86 49 0.078598
86 50 0.078598
86 51 0.078598
86 52 0.078598
86 53 0.078598
86 54 0.078598
86 55 0.078598
86 56 0.078598
86 57 0.078598
86 58 0.078597
86 59 0.078597
86 60 0.078597
86 61 0.078597
86 62 0.078596
86 63 0.078596
86 64 0.078596
86 65 0.078595
86 66 0.078595
86 67 0.078594
86 68 0.078594
86 69 0.078593
86 70 0.078593
86 71 0.078592
86 72 0.078592
86 73 0.078591
86 74 0.078591
86 75 0.078590
86 76 0.078590
86 77 0.078589
86 78 0.078588
86 79 0.078588
86 80 0.078587
86 81 0.078587
86 82 0.078586
86 83 0.078586
86 84 0.078586
86 85 0.078585
86 86 0.078585
86 87 0.078584
86 88 0.078584
86 89 0.078583
86 90 0.078583
86 91 0.078583
86 92 0.078583
86 93 0.078582
86 94 0.078582
86 95 0.078582
86 96 0.078582
86 97 0.078581
86 98 0.078581
86 99 0.078581

87 0 0.078584
87 1 0.078584
87 2 0.078585
87 3 0.078585
87 4 0.078585
87 5 0.078585
87 6 0.078585
87 7 0.078585
87 8 0.078585
87 9 0.078585
87 10 0.078585
87 11 0.078585
87 12 0.078585
87 13 0.078585
87 14 0.078586
87 15 0.078586
87 16 0.078586
87 17 0.078587
87 18 0.078587
87 19 0.078587
87 20 0.078588
87 21 0.078588
87 22 0.078588
87 23 0.078589
87 24 0.078589
87 25 0.078589
87 26 0.078590
87 27 0.078590
87 28 0.078591
87 29 0.078591
87 30 0.078591
87 31 0.078592
87 32 0.078592
87 33 0.078593
87 34 0.078593
87 35 0.078594
87 36 0.078594
87 37 0.078594
87 38 0.078595
87 39 0.078595
87 40 0.078596
87 41 0.078596
87 42 0.078596
87 43 0.078596
87 44 0.078597
87 45 0.078597
87 46 0.078597
87 47 0.078597
87 48 0.078598
87 49 0.078598
87 50 0.078598
87 51 0.078598
87 52 0.078598
87 53 0.078598
87 54 0.078598
87 55 0.078598
87 56 0.078598
87 57 0.078598
87 58 0.078597
87 59 0.078597
87 60 0.078597
87 61 0.078597
87 62 0.078596
87 63 0.078596
87 64 0.078596
87 65 0.078595
87 66 0.078595
87 67 0.078594
87 68 0.078594
87 69 0.078593
87 70 0.078593
87 71 0.078592
87 72 0.078592
87 73 0.078591
87 74 0.078591
87 75 0.078590
87 76 0.078589
87 77 0.078589
87 78 0.078588
87 79 0.078588
87 80 0.078587
87 81 0.078587
87 82 0.078586
87 83 0.078586
87 84 0.078585
87 85 0.078585
87 86 0.078584
87 87 0.078584
87 88 0.078583
87 89 0.078583
87 90 0.078583
87 91 0.078582
87 92 0.078582
87 93 0.078582
87 94 0.078581
87 95 0.078581
87 96 0.078581
87 97 0.078581
87 98 0.078580
87 99 0.078580

88 0 0.078583
88 1 0.078583
88 2 0.078584
88 3 0.078584
88 4 0.078584
88 5 0.078584
88 6 0.078584
88 7 0.078584
88 8 0.078584
88 9 0.078584
88 10 0.078584
88 11 0.078584
88 12 0.078584
88 13 0.078585
88 14 0.078585
88 15 0.078585
88 16 0.078585
88 17 0.078586
88 18 0.078586
88 19 0.078586
88 20 0.078587
88 21 0.078587
88 22 0.078587
88 23 0.078588
88 24 0.078588
88 25 0.078589
88 26 0.078589
88 27 0.078589
88 28 0.078590
88 29 0.078590
88 30 0.078591
88 31 0.078591
88 32 0.078592
88 33 0.078592
88 34 0.078592
88 35 0.078593
88 36 0.078593
88 37 0.078594
88 38 0.078594
88 39 0.078594
88 40 0.078595
88 41 0.078595
88 42 0.078595
88 43 0.078596
88 44 0.078596
88 45 0.078596
88 46 0.078596
88 47 0.078597
88 48 0.078597
88 49 0.078597
88 50 0.078597
88 51 0.078597
88 52 0.078597
88 53 0.078597
88 54 0.078597
88 55 0.078597
88 56 0.078597
88 57 0.078597
88 58 0.078597
88 59 0.078596
88 60 0.078596
88 61 0.078596
88 62 0.078595
88 63 0.078595
88 64 0.078595
88 65 0.078594
88 66 0.078594
88 67 0.078593
88 68 0.078593
88 69 0.078593
88 70 0.078592
88 71 0.078592
88 72 0.078591
88 73 0.078592
88 74 0.078591
88 75 0.078591
88 76 0.078590
88 77 0.078590
88 78 0.078589
88 79 0.078588
88 80 0.078588
88 81 0.078587
88 82 0.078587
88 83 0.078586
88 84 0.078586
88 85 0.078585
88 86 0.078585
88 87 0.078584
88 88 0.078584
88 89 0.078583
88 90 0.078583
88 91 0.078583
88 92 0.078582
88 93 0.078582
88 94 0.078582
88 95 0.078581
88 96 0.078581
88 97 0.078581
88 98 0.078580
88 99 0.078580

89 0 0.078582
89 1 0.078582
89 2 0.078583
89 3 0.078583
89 4 0.078583
89 5 0.078583
89 6 0.078583
89 7 0.078583
89 8 0.078583
89 9 0.078583
89 10 0.078584
89 11 0.078584
89 12 0.078584
89 13 0.078584
89 14 0.078585
89 15 0.078585
89 16 0.078585
89 17 0.078586
89 18 0.078586
89 19 0.078587
89 20 0.078587
89 21 0.078587
89 22 0.078588
89 23 0.078588
89 24 0.078589
89 25 0.078589
89 26 0.078590
89 27 0.078590
89 28 0.078591
89 29 0.078591
89 30 0.078592
89 31 0.078592
89 32 0.078593
89 33 0.078593
89 34 0.078594
89 35 0.078594
89 36 0.078595
89 37 0.078595
89 38 0.078595
89 39 0.078596
89 40 0.078596
89 41 0.078597
89 42 0.078597
89 43 0.078597
89 44 0.078597
89 45 0.078598
89 46 0.078598
89 47 0.078598
89 48 0.078598
89 49 0.078598
89 50 0.078598
89 51 0.078598
89 52 0.078598
89 53 0.078598
89 54 0.078598
89 55 0.078598
89 56 0.078598
89 57 0.078598
89 58 0.078598
89 59 0.078597
89 60 0.078597
89 61 0.078597
89 62 0.078596
89 63 0.078596
89 64 0.078596
89 65 0.078595
89 66 0.078595
89 67 0.078594
89 68 0.078594
89 69 0.078594
89 70 0.078593
89 71 0.078593
89 72 0.078592
89 73 0.078591
89 74 0.078591
89 75 0.078590
89 76 0.078590
89 77 0.078589
89 78 0.078589
89 79 0.078588
89 80 0.078587
89 81 0.078587
89 82 0.078586
89 83 0.078586
89 84 0.078585
89 85 0.078585
89 86 0.078584
89 87 0.078584
89 88 0.078583
89 89 0.078583
89 90 0.078582
89 91 0.078582
89 92 0.078582
89 93 0.078582
89 94 0.078581
89 95 0.078581
89 96 0.078580
89 97 0.078580
89 98 0.078580
89 99 0.078580

90 0 0.078582
90 1 0.078582
90 2 0.078582
90 3 0.078582
90 4 0.078582
90 5 0.078582
90 6 0.078582
90 7 0.078582
90 8 0.078583
90 9 0.078583
90 10 0.078583
90 11 0.078583
90 12 0.078583
90 13 0.078584
90 14 0.078584
90 15 0.078584
90 16 0.078585
90 17 0.078585
90 18 0.078585
90 19 0.078586
90 20 0.078586
90 21 0.078587
90 22 0.078587
90 23 0.078588
90 24 0.078588
90 25 0.078589
90 26 0.078589
90 27 0.078590
90 28 0.078590
90 29 0.078591
90 30 0.078591
90 31 0.078592
90 32 0.078592
90 33 0.078593
90 34 0.078593
90 35 0.078594
90 36 0.078594
90 37 0.078595
90 38 0.078595
90 39 0.078595
90 40 0.078596
90 41 0.078596
90 42 0.078596
90 43 0.078597
90 44 0.078597
90 45 0.078597
90 46 0.078597
90 47 0.078598
90 48 0.078598
90 49 0.078598
90 50 0.078598
90 51 0.078598
90 52 0.078598
90 53 0.078598
90 54 0.078598
90 55 0.078598
90 56 0.078598
90 57 0.078597
90 58 0.078597
90 59 0.078597
90 60 0.078597
90 61 0.078596
90 62 0.078596
90 63 0.078596
90 64 0.078595
90 65 0.078595
90 66 0.078594
90 67 0.078594
90 68 0.078594
90 69 0.078593
90 70 0.078593
90 71 0.078592
90 72 0.078592
90 73 0.078591
90 74 0.078590
90 75 0.078590
90 76 0.078589
90 77 0.078589
90 78 0.078588
90 79 0.078587
90 80 0.078587
90 81 0.078586
90 82 0.078586
90 83 0.078585
90 84 0.078585
90 85 0.078584
90 86 0.078584
90 87 0.078583
90 88 0.078583
90 89 0.078582
90 90 0.078582
90 91 0.078582
90 92 0.078581
90 93 0.078581
90 94 0.078581
90 95 0.078580
90 96 0.078580
90 97 0.078580
90 98 0.078579
90 99 0.078579

91 0 0.078581
91 1 0.078581
91 2 0.078581
91 3 0.078581
91 4 0.078581
91 5 0.078581
91 6 0.078582
91 7 0.078582
91 8 0.078582
91 9 0.078582
91 10 0.078582
91 11 0.078582
91 12 0.078583
91 13 0.078583
91 14 0.078583
91 15 0.078584
91 16 0.078584
91 17 0.078584
91 18 0.078585
91 19 0.078585
91 20 0.078586
91 21 0.078586
91 22 0.078587
91 23 0.078587
91 24 0.078588
91 25 0.078588
91 26 0.078589
91 27 0.078589
91 28 0.078590
91 29 0.078590
91 30 0.078591
91 31 0.078591
91 32 0.078592
91 33 0.078592
91 34 0.078593
91 35 0.078593
91 36 0.078594
91 37 0.078594
91 38 0.078595
91 39 0.078595
91 40 0.078595
91 41 0.078596
91 42 0.078596
91 43 0.078596
91 44 0.078596
91 45 0.078597
91 46 0.078597
91 47 0.078597
91 48 0.078597
91 49 0.078597
91 50 0.078597
91 51 0.078597
91 52 0.078597
91 53 0.078597
91 54 0.078597
91 55 0.078597
91 56 0.078597
91 57 0.078597
91 58 0.078597
91 59 0.078596
91 60 0.078596
91 61 0.078596
91 62 0.078595
91 63 0.078595
91 64 0.078595
91 65 0.078594
91 66 0.078594
91 67 0.078594
91 68 0.078593
91 69 0.078593
91 70 0.078592
91 71 0.078592
91 72 0.078591
91 73 0.078591
91 74 0.078590
91 75 0.078589
91 76 0.078589
91 77 0.078588
91 78 0.078588
91 79 0.078587
91 80 0.078586
91 81 0.078586
91 82 0.078585
91 83 0.078585
91 84 0.078584
91 85 0.078584
91 86 0.078583
91 87 0.078583
91 88 0.078582
91 89 0.078582
91 90 0.078582
91 91 0.078581
91 92 0.078581
91 93 0.078581
91 94 0.078580
91 95 0.078580
91 96 0.078579
91 97 0.078579
91 98 0.078579
91 99 0.078579

92 0 0.078580
92 1 0.078580
92 2 0.078580
92 3 0.078580
92 4 0.078581
92 5 0.078581
92 6 0.078581
92 7 0.078581
92 8 0.078581
92 9 0.078581
92 10 0.078581
92 11 0.078582
92 12 0.078582
92 13 0.078582
92 14 0.078583
92 15 0.078583
92 16 0.078583
92 17 0.078584
92 18 0.078584
92 19 0.078585
92 20 0.078585
92 21 0.078586
92 22 0.078586
92 23 0.078587
92 24 0.078587
92 25 0.078588
92 26 0.078588
92 27 0.078589
92 28 0.078589
92 29 0.078590
92 30 0.078590
92 31 0.078591
92 32 0.078591
92 33 0.078592
92 34 0.078592
92 35 0.078593
92 36 0.078593
92 37 0.078594
92 38 0.078594
92 39 0.078594
92 40 0.078595
92 41 0.078595
92 42 0.078595
92 43 0.078596
92 44 0.078596
92 45 0.078596
92 46 0.078596
92 47 0.078597
92 48 0.078597
92 49 0.078597
92 50 0.078597
92 51 0.078597
92 52 0.078597
92 53 0.078597
92 54 0.078597
92 55 0.078597
92 56 0.078596
92 57 0.078596
92 58 0.078596
92 59 0.078596
92 60 0.078596
92 61 0.078595
92 62 0.078595
92 63 0.078595
92 64 0.078594
92 65 0.078594
92 66 0.078593
92 67 0.078593
92 68 0.078592
92 69 0.078592
92 70 0.078592
92 71 0.078591
92 72 0.078590
92 73 0.078590
92 74 0.078589
92 75 0.078589
92 76 0.078588
92 77 0.078588
92 78 0.078587
92 79 0.078586
92 80 0.078586
92 81 0.078585
92 82 0.078585
92 83 0.078584
92 84 0.078584
92 85 0.078583
92 86 0.078583
92 87 0.078582
92 88 0.078582
92 89 0.078581
92 90 0.078581
92 91 0.078581
92 92 0.078580
92 93 0.078580
92 94 0.078580
92 95 0.078579
92 96 0.078579
92 97 0.078579
92 98 0.078578
92 99 0.078578

93 0 0.078579
93 1 0.078579
93 2 0.078580
93 3 0.078580
93 4 0.078580
93 5 0.078580
93 6 0.078580
93 7 0.078580
93 8 0.078580
93 9 0.078581
93 10 0.078581
93 11 0.078581
93 12 0.078581
93 13 0.078582
93 14 0.078582
93 15 0.078582
93 16 0.078583
93 17 0.078583
93 18 0.078584
93 19 0.078584
93 20 0.078585
93 21 0.078585
93 22 0.078586
93 23 0.078586
93 24 0.078587
93 25 0.078587
93 26 0.078588
93 27 0.078588
93 28 0.078589
93 29 0.078589
93 30 0.078590
93 31 0.078591
93 32 0.078591
93 33 0.078591
93 34 0.078592
93 35 0.078592
93 36 0.078593
93 37 0.078593
93 38 0.078594
93 39 0.078594
93 40 0.078594
93 41 0.078595
93 42 0.078595
93 43 0.078595
93 44 0.078596
93 45 0.078596
93 46 0.078596
93 47 0.078596
93 48 0.078596
93 49 0.078596
93 50 0.078596
93 51 0.078596
93 52 0.078596
93 53 0.078596
93 54 0.078596
93 55 0.078596
93 56 0.078596
93 57 0.078596
93 58 0.078596
93 59 0.078595
93 60 0.078595
93 61 0.078595
93 62 0.078594
93 63 0.078594
93 64 0.078594
93 65 0.078593
93 66 0.078593
93 67 0.078592
93 68 0.078592
93 69 0.078592
93 70 0.078591
93 71 0.078591
93 72 0.078590
93 73 0.078589
93 74 0.078589
93 75 0.078588
93 76 0.078588
93 77 0.078587
93 78 0.078586
93 79 0.078586
93 80 0.078585
93 81 0.078585
93 82 0.078584
93 83 0.078584
93 84 0.078583
93 85 0.078583
93 86 0.078582
93 87 0.078582
93 88 0.078581
93 89 0.078581
93 90 0.078581
93 91 0.078580
93 92 0.078580
93 93 0.078580
93 94 0.078579
93 95 0.078579
93 96 0.078579
93 97 0.078579
93 98 0.078578
93 99 0.078578

94 0 0.078578
94 1 0.078578
94 2 0.078579
94 3 0.078579
94 4 0.078579
94 5 0.078579
94 6 0.078579
94 7 0.078580
94 8 0.078580
94 9 0.078580
94 10 0.078580
94 11 0.078580
94 12 0.078581
94 13 0.078581
94 14 0.078581
94 15 0.078582
94 16 0.078582
94 17 0.078583
94 18 0.078583
94 19 0.078584
94 20 0.078584
94 21 0.078585
94 22 0.078585
94 23 0.078586
94 24 0.078586
94 25 0.078587
94 26 0.078588
94 27 0.078588
94 28 0.078589
94 29 0.078589
94 30 0.078590
94 31 0.078590
94 32 0.078591
94 33 0.078591
94 34 0.078592
94 35 0.078592
94 36 0.078593
94 37 0.078593
94 38 0.078593
94 39 0.078594
94 40 0.078594
94 41 0.078594
94 42 0.078595
94 43 0.078595
94 44 0.078595
94 45 0.078595
94 46 0.078596
94 47 0.078596
94 48 0.078596
94 49 0.078596
94 50 0.078596
94 51 0.078596
94 52 0.078596
94 53 0.078596
94 54 0.078596
94 55 0.078596
94 56 0.078596
94 57 0.078595
94 58 0.078595
94 59 0.078595
94 60 0.078595
94 61 0.078594
94 62 0.078594
94 63 0.078594
94 64 0.078593
94 65 0.078593
94 66 0.078592
94 67 0.078592
94 68 0.078591
94 69 0.078591
94 70 0.078591
94 71 0.078590
94 72 0.078589
94 73 0.078589
94 74 0.078588
94 75 0.078588
94 76 0.078587
94 77 0.078587
94 78 0.078586
94 79 0.078585
94 80 0.078585
94 81 0.078584
94 82 0.078584
94 83 0.078583
94 84 0.078583
94 85 0.078582
94 86 0.078582
94 87 0.078581
94 88 0.078581
94 89 0.078580
94 90 0.078580
94 91 0.078580
94 92 0.078579
94 93 0.078579
94 94 0.078579
94 95 0.078579
94 96 0.078578
94 97 0.078578
94 98 0.078578
94 99 0.078578

95 0 0.078578
95 1 0.078578
95 2 0.078578
95 3 0.078578
95 4 0.078578
95 5 0.078579
95 6 0.078579
95 7 0.078579
95 8 0.078579
95 9 0.078579
95 10 0.078580
95 11 0.078580
95 12 0.078580
95 13 0.078581
95 14 0.078581
95 15 0.078582
95 16 0.078582
95 17 0.078583
95 18 0.078583
95 19 0.078584
95 20 0.078584
95 21 0.078585
95 22 0.078585
95 23 0.078586
95 24 0.078586
95 25 0.078587
95 26 0.078588
95 27 0.078588
95 28 0.078589
95 29 0.078589
95 30 0.078590
95 31 0.078590
95 32 0.078591
95 33 0.078591
95 34 0.078592
95 35 0.078592
95 36 0.078593
95 37 0.078593
95 38 0.078593
95 39 0.078594
95 40 0.078594
95 41 0.078594
95 42 0.078595
95 43 0.078595
95 44 0.078595
95 45 0.078596
95 46 0.078596
95 47 0.078596
95 48 0.078596
95 49 0.078596
95 50 0.078596
95 51 0.078596
95 52 0.078596
95 53 0.078596
95 54 0.078596
95 55 0.078596
95 56 0.078596
95 57 0.078595
95 58 0.078595
95 59 0.078595
95 60 0.078595
95 61 0.078594
95 62 0.078594
95 63 0.078593
95 64 0.078593
95 65 0.078593
95 66 0.078592
95 67 0.078592
95 68 0.078591
95 69 0.078591
95 70 0.078590
95 71 0.078590
95 72 0.078589
95 73 0.078589
95 74 0.078588
95 75 0.078587
95 76 0.078587
95 77 0.078586
95 78 0.078586
95 79 0.078585
95 80 0.078584
95 81 0.078584
95 82 0.078583
95 83 0.078583
95 84 0.078582
95 85 0.078582
95 86 0.078581
95 87 0.078581
95 88 0.078580
95 89 0.078580
95 90 0.078580
95 91 0.078579
95 92 0.078579
95 93 0.078579
95 94 0.078579
95 95 0.078578
95 96 0.078578
95 97 0.078578
95 98 0.078578
95 99 0.078578

96 0 0.078577
96 1 0.078577
96 2 0.078577
96 3 0.078577
96 4 0.078577
96 5 0.078577
96 6 0.078578
96 7 0.078578
96 8 0.078578
96 9 0.078578
96 10 0.078579
96 11 0.078579
96 12 0.078579
96 13 0.078580
96 14 0.078580
96 15 0.078581
96 16 0.078582
96 17 0.078582
96 18 0.078583
96 19 0.078583
96 20 0.078584
96 21 0.078585
96 22 0.078585
96 23 0.078586
96 24 0.078586
96 25 0.078587
96 26 0.078588
96 27 0.078588
96 28 0.078589
96 29 0.078589
96 30 0.078590
96 31 0.078591
96 32 0.078591
96 33 0.078592
96 34 0.078592
96 35 0.078592
96 36 0.078593
96 37 0.078593
96 38 0.078594
96 39 0.078594
96 40 0.078594
96 41 0.078595
96 42 0.078595
96 43 0.078595
96 44 0.078596
96 45 0.078596
96 46 0.078596
96 47 0.078596
96 48 0.078596
96 49 0.078596
96 50 0.078596
96 51 0.078597
96 52 0.078596
96 53 0.078596
96 54 0.078596
96 55 0.078596
96 56 0.078596
96 57 0.078596
96 58 0.078595
96 59 0.078595
96 60 0.078595
96 61 0.078594
96 62 0.078594
96 63 0.078593
96 64 0.078593
96 65 0.078593
96 66 0.078592
96 67 0.078592
96 68 0.078591
96 69 0.078591
96 70 0.078590
96 71 0.078590
96 72 0.078589
96 73 0.078588
96 74 0.078588
96 75 0.078587
96 76 0.078587
96 77 0.078586
96 78 0.078585
96 79 0.078585
96 80 0.078584
96 81 0.078584
96 82 0.078583
96 83 0.078582
96 84 0.078582
96 85 0.078581
96 86 0.078581
96 87 0.078580
96 88 0.078580
96 89 0.078580
96 90 0.078579
96 91 0.078579
96 92 0.078579
96 93 0.078578
96 94 0.078578
96 95 0.078578
96 96 0.078578
96 97 0.078578
96 98 0.078577
96 99 0.078577

97 0 0.078576
97 1 0.078576
97 2 0.078577
97 3 0.078577
97 4 0.078577
97 5 0.078577
97 6 0.078577
97 7 0.078577
97 8 0.078578
97 9 0.078578
97 10 0.078578
97 11 0.078579
97 12 0.078579
97 13 0.078580
97 14 0.078580
97 15 0.078581
97 16 0.078582
97 17 0.078582
97 18 0.078583
97 19 0.078583
97 20 0.078584
97 21 0.078585
97 22 0.078585
97 23 0.078586
97 24 0.078587
97 25 0.078587
97 26 0.078588
97 27 0.078589
97 28 0.078589
97 29 0.078590
97 30 0.078590
97 31 0.078591
97 32 0.078591
97 33 0.078592
97 34 0.078592
97 35 0.078593
97 36 0.078593
97 37 0.078594
97 38 0.078594
97 39 0.078594
97 40 0.078595
97 41 0.078595
97 42 0.078595
97 43 0.078596
97 44 0.078596
97 45 0.078596
97 46 0.078596
97 47 0.078597
97 48 0.078597
97 49 0.078597
97 50 0.078597
97 51 0.078597
97 52 0.078597
97 53 0.078597
97 54 0.078597
97 55 0.078596
97 56 0.078606
97 57 0.078606
97 58 0.078605
97 59 0.078605
97 60 0.078604
97 61 0.078604
97 62 0.078603
97 63 0.078603
97 64 0.078602
97 65 0.078602
97 66 0.078601
97 67 0.078601
97 68 0.078600
97 69 0.078600
97 70 0.078599
97 71 0.078598
97 72 0.078598
97 73 0.078597
97 74 0.078597
97 75 0.078596
97 76 0.078595
97 77 0.078595
97 78 0.078594
97 79 0.078593
97 80 0.078592
97 81 0.078592
97 82 0.078591
97 83 0.078590
97 84 0.078590
97 85 0.078589
97 86 0.078589
97 87 0.078588
97 88 0.078588
97 89 0.078587
97 90 0.078587
97 91 0.078586
97 92 0.078586
97 93 0.078586
97 94 0.078585
97 95 0.078585
97 96 0.078585
97 97 0.078585
97 98 0.078585
97 99 0.078585

98 0 0.078581
98 1 0.078581
98 2 0.078581
98 3 0.078581
98 4 0.078582
98 5 0.078582
98 6 0.078583
98 7 0.078583
98 8 0.078584
98 9 0.078584
98 10 0.078585
98 11 0.078586
98 12 0.078587
98 13 0.078588
98 14 0.078589
98 15 0.078590
98 16 0.078591
98 17 0.078592
98 18 0.078593
98 19 0.078594
98 20 0.078595
98 21 0.078596
98 22 0.078597
98 23 0.078598
98 24 0.078599
98 25 0.078600
98 26 0.078601
98 27 0.078602
98 28 0.078603
98 29 0.078604
98 30 0.078605
98 31 0.078605
98 32 0.078606
98 33 0.078606
98 34 0.078607
98 35 0.078607
98 36 0.078608
98 37 0.078608
98 38 0.078608
98 39 0.078608
98 40 0.078609
98 41 0.078609
98 42 0.078609
98 43 0.078609
98 44 0.078609
98 45 0.078609
98 46 0.078609
98 47 0.078609
98 48 0.078609
98 49 0.078609
98 50 0.078608
98 51 0.078608
98 52 0.078608
98 53 0.078607
98 54 0.078607
98 55 0.078607
98 56 0.078606
98 57 0.078606
98 58 0.078605
98 59 0.078605
98 60 0.078604
98 61 0.078604
98 62 0.078603
98 63 0.078603
98 64 0.078602
98 65 0.078602
98 66 0.078601
98 67 0.078601
98 68 0.078600
98 69 0.078600
98 70 0.078599
98 71 0.078598
98 72 0.078598
98 73 0.078597
98 74 0.078597
98 75 0.078596
98 76 0.078595
98 77 0.078595
98 78 0.078594
98 79 0.078593
98 80 0.078592
98 81 0.078592
98 82 0.078591
98 83 0.078590
98 84 0.078590
98 85 0.078589
98 86 0.078589
98 87 0.078588
98 88 0.078588
98 89 0.078587
98 90 0.078587
98 91 0.078586
98 92 0.078586
98 93 0.078586
98 94 0.078585
98 95 0.078585
98 96 0.078585
98 97 0.078585
98 98 0.078585
98 99 0.078585

99 0 0.078581
99 1 0.078581
99 2 0.078581
99 3 0.078581
99 4 0.078582
99 5 0.078582
99 6 0.078583
99 7 0.078583
99 8 0.078584
99 9 0.078584
99 10 0.078585
99 11 0.078586
99 12 0.078587
99 13 0.078588
99 14 0.078589
99 15 0.078590
99 16 0.078591
99 17 0.078592
99 18 0.078593
99 19 0.078594
99 20 0.078595
99 21 0.078596
99 22 0.078597
99 23 0.078598
99 24 0.078599
99 25 0.078600
99 26 0.078601
99 27 0.078602
99 28 0.078603
99 29 0.078604
99 30 0.078605
99 31 0.078605
99 32 0.078606
99 33 0.078606
99 34 0.078607
99 35 0.078607
99 36 0.078608
99 37 0.078608
99 38 0.078608
99 39 0.078608
99 40 0.078609
99 41 0.078609
99 42 0.078609
99 43 0.078609
99 44 0.078609
99 45 0.078609
99 46 0.078609
99 47 0.078609
99 48 0.078609
99 49 0.078609
99 50 0.078608
99 51 0.078608
99 52 0.078608
99 53 0.078607
99 54 0.078607
99 55 0.078607
99 56 0.078606
99 57 0.078606
99 58 0.078605
99 59 0.078605
99 60 0.078604
99 61 0.078604
99 62 0.078603
99 63 0.078603
99 64 0.078602
99 65 0.078602
99 66 0.078601
99 67 0.078601
99 68 0.078600
99 69 0.078600
99 70 0.078599
99 71 0.078598
99 72 0.078598
99 73 0.078597
99 74 0.078597
99 75 0.078596
99 76 0.078595
99 77 0.078595
99 78 0.078594
99 79 0.078593
99 80 0.078592
99 81 0.078592
99 82 0.078591
99 83 0.078590
99 84 0.078590
99 85 0.078589
99 86 0.078589
99 87 0.078588
99 88 0.078588
99 89 0.078587
99 90 0.078587
99 91 0.078586
99 92 0.078586
99 93 0.078586
99 94 0.078585
99 95 0.078586
99 96 0.078586
99 97 0.078586
99 98 0.078586
99 99 0.078586

