0 0 0.078607
0 1 0.078607
0 2 0.078608
0 3 0.078609
0 4 0.078610
0 5 0.078610
0 6 0.078610
0 7 0.078610
0 8 0.078609
0 9 0.078608
0 10 0.078607
0 11 0.078606
0 12 0.078605
0 13 0.078604
0 14 0.078604
0 15 0.078604
0 16 0.078605
0 17 0.078605
0 18 0.078606
0 19 0.078606
0 20 0.078607
0 21 0.078607
0 22 0.078607
0 23 0.078606
0 24 0.078606
0 25 0.078605
0 26 0.078604
0 27 0.078604
0 28 0.078603
0 29 0.078603
0 30 0.078602
0 31 0.078602
0 32 0.078601
0 33 0.078601
0 34 0.078600
0 35 0.078600
0 36 0.078599
0 37 0.078599
0 38 0.078599
0 39 0.078599
0 40 0.078599
0 41 0.078600
0 42 0.078601
0 43 0.078602
0 44 0.078603
0 45 0.078603
0 46 0.078603
0 47 0.078603
0 48 0.078603
0 49 0.078602
0 50 0.078601
0 51 0.078600
0 52 0.078599
0 53 0.078598
0 54 0.078598
0 55 0.078597
0 56 0.078597
0 57 0.078598
0 58 0.078598
0 59 0.078599
0 60 0.078599
0 61 0.078600
0 62 0.078601
0 63 0.078601
0 64 0.078602
0 65 0.078602
0 66 0.078602
0 67 0.078602
0 68 0.078603
0 69 0.078603
0 70 0.078603
0 71 0.078603
0 72 0.078603
0 73 0.078604
0 74 0.078604
0 75 0.078604
0 76 0.078604
0 77 0.078604
0 78 0.078605
0 79 0.078605
0 80 0.078605
0 81 0.078605
0 82 0.078605
0 83 0.078606
0 84 0.078606
0 85 0.078606
0 86 0.078606
0 87 0.078607
0 88 0.078607
0 89 0.078607
0 90 0.078607
0 91 0.078607
0 92 0.078607
0 93 0.078606
0 94 0.078606
0 95 0.078606
0 96 0.078606
0 97 0.078606
0 98 0.078606
0 99 0.078606

1 0 0.078607
1 1 0.078607
1 2 0.078608
1 3 0.078609
1 4 0.078610
1 5 0.078610
1 6 0.078610
1 7 0.078610
1 8 0.078609
1 9 0.078608
1 10 0.078607
1 11 0.078606
1 12 0.078605
1 13 0.078604
1 14 0.078604
1 15 0.078604
1 16 0.078605
1 17 0.078605
1 18 0.078606
1 19 0.078606
1 20 0.078607
1 21 0.078607
1 22 0.078607
1 23 0.078606
1 24 0.078606
1 25 0.078605
1 26 0.078604
1 27 0.078604
1 28 0.078603
1 29 0.078603
1 30 0.078602
1 31 0.078602
1 32 0.078601
1 33 0.078601
1 34 0.078600
1 35 0.078599
1 36 0.078599
1 37 0.078599
1 38 0.078599
1 39 0.078599
1 40 0.078600
1 41 0.078600
1 42 0.078601
1 43 0.078602
1 44 0.078603
1 45 0.078603
1 46 0.078604
1 47 0.078603
1 48 0.078603
1 49 0.078602
1 50 0.078601
1 51 0.078600
1 52 0.078599
1 53 0.078598
1 54 0.078598
1 55 0.078597
1 56 0.078597
1 57 0.078598
1 58 0.078598
1 59 0.078599
1 60 0.078599
1 61 0.078600
1 62 0.078601
1 63 0.078601
1 64 0.078602
1 65 0.078602
1 66 0.078602
1 67 0.078602
1 68 0.078603
1 69 0.078603
1 70 0.078603
1 71 0.078603
1 72 0.078603
1 73 0.078604
1 74 0.078604
1 75 0.078604
1 76 0.078604
1 77 0.078604
1 78 0.078605
1 79 0.078605
1 80 0.078605
1 81 0.078605
1 82 0.078605
1 83 0.078606
1 84 0.078606
1 85 0.078606
1 86 0.078606
1 87 0.078606
1 88 0.078607
1 89 0.078607
1 90 0.078607
1 91 0.078607
1 92 0.078606
1 93 0.078606
1 94 0.078606
1 95 0.078606
1 96 0.078606
1 97 0.078606
1 98 0.078605
1 99 0.078605

2 0 0.078608
2 1 0.078608
2 2 0.078609
2 3 0.078610
2 4 0.078610
2 5 0.078610
2 6 0.078610
2 7 0.078609
2 8 0.078608
2 9 0.078607
2 10 0.078606
2 11 0.078605
2 12 0.078604
2 13 0.078604
2 14 0.078604
2 15 0.078605
2 16 0.078605
2 17 0.078606
2 18 0.078606
2 19 0.078607
2 20 0.078607
2 21 0.078607
2 22 0.078607
2 23 0.078606
2 24 0.078605
2 25 0.078605
2 26 0.078604
2 27 0.078603
2 28 0.078603
2 29 0.078602
2 30 0.078602
2 31 0.078601
2 32 0.078601
2 33 0.078601
2 34 0.078600
2 35 0.078600
2 36 0.078600
2 37 0.078599
2 38 0.078600
2 39 0.078600
2 40 0.078600
2 41 0.078601
2 42 0.078602
2 43 0.078602
2 44 0.078603
2 45 0.078603
2 46 0.078603
2 47 0.078603
2 48 0.078602
2 49 0.078601
2 50 0.078600
2 51 0.078599
2 52 0.078599
2 53 0.078598
2 54 0.078598
2 55 0.078598
2 56 0.078598
2 57 0.078598
2 58 0.078599
2 59 0.078599
2 60 0.078600
2 61 0.078601
2 62 0.078601
2 63 0.078602
2 64 0.078602
2 65 0.078602
2 66 0.078602
2 67 0.078603
2 68 0.078603
2 69 0.078603
2 70 0.078603
2 71 0.078603
2 72 0.078603
2 73 0.078604
2 74 0.078604
2 75 0.078604
2 76 0.078604
2 77 0.078604
2 78 0.078605
2 79 0.078605
2 80 0.078605
2 81 0.078605
2 82 0.078605
2 83 0.078606
2 84 0.078606
2 85 0.078606
2 86 0.078606
2 87 0.078606
2 88 0.078607
2 89 0.078607
2 90 0.078607
2 91 0.078606
2 92 0.078606
2 93 0.078606
2 94 0.078606
2 95 0.078606
2 96 0.078606
2 97 0.078606
2 98 0.078606
2 99 0.078606

3 0 0.078610
3 1 0.078610
3 2 0.078610
3 3 0.078610
3 4 0.078610
3 5 0.078610
3 6 0.078609
3 7 0.078608
3 8 0.078607
3 9 0.078606
3 10 0.078605
3 11 0.078604
3 12 0.078604
3 13 0.078604
3 14 0.078605
3 15 0.078605
3 16 0.078606
3 17 0.078607
3 18 0.078607
3 19 0.078608
3 20 0.078607
3 21 0.078607
3 22 0.078606
3 23 0.078605
3 24 0.078605
3 25 0.078604
3 26 0.078603
3 27 0.078603
3 28 0.078602
3 29 0.078602
3 30 0.078602
3 31 0.078601
3 32 0.078601
3 33 0.078601
3 34 0.078601
3 35 0.078600
3 36 0.078600
3 37 0.078600
3 38 0.078601
3 39 0.078601
3 40 0.078601
3 41 0.078602
3 42 0.078602
3 43 0.078603
3 44 0.078603
3 45 0.078603
3 46 0.078602
3 47 0.078601
3 48 0.078601
3 49 0.078600
3 50 0.078599
3 51 0.078598
3 52 0.078598
3 53 0.078598
3 54 0.078598
3 55 0.078598
3 56 0.078599
3 57 0.078599
3 58 0.078600
3 59 0.078600
3 60 0.078601
3 61 0.078601
3 62 0.078602
3 63 0.078602
3 64 0.078602
3 65 0.078602
3 66 0.078602
3 67 0.078603
3 68 0.078603
3 69 0.078603
3 70 0.078603
3 71 0.078603
3 72 0.078603
3 73 0.078603
3 74 0.078604
3 75 0.078604
3 76 0.078604
3 77 0.078604
3 78 0.078604
3 79 0.078605
3 80 0.078605
3 81 0.078605
3 82 0.078605
3 83 0.078605
3 84 0.078606
3 85 0.078606
3 86 0.078606
3 87 0.078606
3 88 0.078606
3 89 0.078606
3 90 0.078606
3 91 0.078606
3 92 0.078606
3 93 0.078606
3 94 0.078606
3 95 0.078606
3 96 0.078606
3 97 0.078606
3 98 0.078606
3 99 0.078606

4 0 0.078611
4 1 0.078611
4 2 0.078611
4 3 0.078611
4 4 0.078610
4 5 0.078609
4 6 0.078608
4 7 0.078606
4 8 0.078605
4 9 0.078604
4 10 0.078604
4 11 0.078603
4 12 0.078604
4 13 0.078605
4 14 0.078605
4 15 0.078606
4 16 0.078607
4 17 0.078608
4 18 0.078608
4 19 0.078608
4 20 0.078608
4 21 0.078607
4 22 0.078606
4 23 0.078605
4 24 0.078604
4 25 0.078603
4 26 0.078602
4 27 0.078602
4 28 0.078601
4 29 0.078601
4 30 0.078601
4 31 0.078601
4 32 0.078601
4 33 0.078601
4 34 0.078601
4 35 0.078601
4 36 0.078601
4 37 0.078601
4 38 0.078602
4 39 0.078602
4 40 0.078602
4 41 0.078603
4 42 0.078603
4 43 0.078602
4 44 0.078602
4 45 0.078601
4 46 0.078601
4 47 0.078600
4 48 0.078599
4 49 0.078598
4 50 0.078598
4 51 0.078597
4 52 0.078597
4 53 0.078598
4 54 0.078598
4 55 0.078599
4 56 0.078600
4 57 0.078600
4 58 0.078601
4 59 0.078602
4 60 0.078602
4 61 0.078602
4 62 0.078602
4 63 0.078602
4 64 0.078602
4 65 0.078602
4 66 0.078602
4 67 0.078602
4 68 0.078603
4 69 0.078603
4 70 0.078603
4 71 0.078603
4 72 0.078603
4 73 0.078603
4 74 0.078603
4 75 0.078604
4 76 0.078604
4 77 0.078604
4 78 0.078604
4 79 0.078604
4 80 0.078604
4 81 0.078605
4 82 0.078605
4 83 0.078605
4 84 0.078605
4 85 0.078606
4 86 0.078606
4 87 0.078606
4 88 0.078606
4 89 0.078606
4 90 0.078606
4 91 0.078606
4 92 0.078606
4 93 0.078606
4 94 0.078605
4 95 0.078606
4 96 0.078606
4 97 0.078606
4 98 0.078606
4 99 0.078606

5 0 0.078612
5 1 0.078612
5 2 0.078612
5 3 0.078611
5 4 0.078609
5 5 0.078608
5 6 0.078606
5 7 0.078604
5 8 0.078603
5 9 0.078603
5 10 0.078603
5 11 0.078603
5 12 0.078604
5 13 0.078605
5 14 0.078607
5 15 0.078608
5 16 0.078609
5 17 0.078609
5 18 0.078609
5 19 0.078608
5 20 0.078607
5 21 0.078606
5 22 0.078605
5 23 0.078603
5 24 0.078602
5 25 0.078602
5 26 0.078601
5 27 0.078601
5 28 0.078601
5 29 0.078601
5 30 0.078601
5 31 0.078602
5 32 0.078602
5 33 0.078602
5 34 0.078602
5 35 0.078602
5 36 0.078602
5 37 0.078603
5 38 0.078603
5 39 0.078603
5 40 0.078603
5 41 0.078603
5 42 0.078602
5 43 0.078602
5 44 0.078601
5 45 0.078600
5 46 0.078599
5 47 0.078598
5 48 0.078597
5 49 0.078597
5 50 0.078597
5 51 0.078597
5 52 0.078597
5 53 0.078598
5 54 0.078599
5 55 0.078600
5 56 0.078601
5 57 0.078602
5 58 0.078602
5 59 0.078603
5 60 0.078603
5 61 0.078603
5 62 0.078603
5 63 0.078602
5 64 0.078602
5 65 0.078602
5 66 0.078602
5 67 0.078602
5 68 0.078602
5 69 0.078602
5 70 0.078602
5 71 0.078603
5 72 0.078603
5 73 0.078603
5 74 0.078603
5 75 0.078603
5 76 0.078603
5 77 0.078604
5 78 0.078604
5 79 0.078604
5 80 0.078604
5 81 0.078605
5 82 0.078605
5 83 0.078605
5 84 0.078605
5 85 0.078606
5 86 0.078606
5 87 0.078606
5 88 0.078606
5 89 0.078606
5 90 0.078604
5 91 0.078604
5 92 0.078604
5 93 0.078604
5 94 0.078604
5 95 0.078604
5 96 0.078604
5 97 0.078605
5 98 0.078605
5 99 0.078605

6 0 0.078606
6 1 0.078606
6 2 0.078605
6 3 0.078604
6 4 0.078603
6 5 0.078603
6 6 0.078603
6 7 0.078603
6 8 0.078603
6 9 0.078604
6 10 0.078605
6 11 0.078606
6 12 0.078606
6 13 0.078607
6 14 0.078607
6 15 0.078606
6 16 0.078605
6 17 0.078605
6 18 0.078604
6 19 0.078603
6 20 0.078602
6 21 0.078602
6 22 0.078601
6 23 0.078601
6 24 0.078601
6 25 0.078602
6 26 0.078602
6 27 0.078603
6 28 0.078603
6 29 0.078603
6 30 0.078603
6 31 0.078603
6 32 0.078603
6 33 0.078603
6 34 0.078603
6 35 0.078602
6 36 0.078602
6 37 0.078602
6 38 0.078601
6 39 0.078601
6 40 0.078600
6 41 0.078600
6 42 0.078599
6 43 0.078599
6 44 0.078599
6 45 0.078598
6 46 0.078599
6 47 0.078599
6 48 0.078599
6 49 0.078600
6 50 0.078600
6 51 0.078601
6 52 0.078601
6 53 0.078602
6 54 0.078602
6 55 0.078602
6 56 0.078602
6 57 0.078602
6 58 0.078602
6 59 0.078601
6 60 0.078601
6 61 0.078601
6 62 0.078601
6 63 0.078601
6 64 0.078601
6 65 0.078601
6 66 0.078601
6 67 0.078601
6 68 0.078601
6 69 0.078601
6 70 0.078601
6 71 0.078602
6 72 0.078602
6 73 0.078602
6 74 0.078602
6 75 0.078602
6 76 0.078603
6 77 0.078603
6 78 0.078603
6 79 0.078603
6 80 0.078603
6 81 0.078603
6 82 0.078603
6 83 0.078603
6 84 0.078603
6 85 0.078603
6 86 0.078603
6 87 0.078603
6 88 0.078603
6 89 0.078603
6 90 0.078603
6 91 0.078603
6 92 0.078604
6 93 0.078604
6 94 0.078604
6 95 0.078604
6 96 0.078604
6 97 0.078605
6 98 0.078605
6 99 0.078605

7 0 0.078604
7 1 0.078604
7 2 0.078603
7 3 0.078603
7 4 0.078602
7 5 0.078603
7 6 0.078603
7 7 0.078604
7 8 0.078604
7 9 0.078605
7 10 0.078606
7 11 0.078607
7 12 0.078607
7 13 0.078607
7 14 0.078606
7 15 0.078605
7 16 0.078604
7 17 0.078603
7 18 0.078602
7 19 0.078602
7 20 0.078601
7 21 0.078601
7 22 0.078601
7 23 0.078601
7 24 0.078602
7 25 0.078602
7 26 0.078603
7 27 0.078603
7 28 0.078604
7 29 0.078604
7 30 0.078604
7 31 0.078603
7 32 0.078603
7 33 0.078603
7 34 0.078602
7 35 0.078602
7 36 0.078602
7 37 0.078601
7 38 0.078601
7 39 0.078600
7 40 0.078600
7 41 0.078599
7 42 0.078599
7 43 0.078598
7 44 0.078598
7 45 0.078598
7 46 0.078599
7 47 0.078599
7 48 0.078600
7 49 0.078600
7 50 0.078601
7 51 0.078601
7 52 0.078602
7 53 0.078602
7 54 0.078602
7 55 0.078602
7 56 0.078602
7 57 0.078602
7 58 0.078601
7 59 0.078601
7 60 0.078601
7 61 0.078600
7 62 0.078600
7 63 0.078600
7 64 0.078600
7 65 0.078600
7 66 0.078601
7 67 0.078601
7 68 0.078601
7 69 0.078601
7 70 0.078601
7 71 0.078602
7 72 0.078602
7 73 0.078602
7 74 0.078602
7 75 0.078602
7 76 0.078603
7 77 0.078603
7 78 0.078603
7 79 0.078603
7 80 0.078603
7 81 0.078603
7 82 0.078603
7 83 0.078603
7 84 0.078603
7 85 0.078603
7 86 0.078603
7 87 0.078603
7 88 0.078603
7 89 0.078603
7 90 0.078603
7 91 0.078603
7 92 0.078604
7 93 0.078604
7 94 0.078604
7 95 0.078604
7 96 0.078605
7 97 0.078605
7 98 0.078605
7 99 0.078605

8 0 0.078603
8 1 0.078602
8 2 0.078602
8 3 0.078602
8 4 0.078602
8 5 0.078603
8 6 0.078604
8 7 0.078605
8 8 0.078606
8 9 0.078607
8 10 0.078607
8 11 0.078608
8 12 0.078607
8 13 0.078607
8 14 0.078606
8 15 0.078605
8 16 0.078603
8 17 0.078602
8 18 0.078601
8 19 0.078601
8 20 0.078600
8 21 0.078601
8 22 0.078601
8 23 0.078602
8 24 0.078602
8 25 0.078603
8 26 0.078604
8 27 0.078604
8 28 0.078604
8 29 0.078604
8 30 0.078604
8 31 0.078603
8 32 0.078603
8 33 0.078602
8 34 0.078602
8 35 0.078601
8 36 0.078601
8 37 0.078600
8 38 0.078600
8 39 0.078599
8 40 0.078599
8 41 0.078599
8 42 0.078598
8 43 0.078598
8 44 0.078599
8 45 0.078599
8 46 0.078599
8 47 0.078600
8 48 0.078601
8 49 0.078601
8 50 0.078602
8 51 0.078602
8 52 0.078602
8 53 0.078602
8 54 0.078602
8 55 0.078602
8 56 0.078601
8 57 0.078601
8 58 0.078601
8 59 0.078600
8 60 0.078600
8 61 0.078600
8 62 0.078600
8 63 0.078600
8 64 0.078600
8 65 0.078600
8 66 0.078601
8 67 0.078601
8 68 0.078601
8 69 0.078601
8 70 0.078602
8 71 0.078602
8 72 0.078602
8 73 0.078602
8 74 0.078602
8 75 0.078603
8 76 0.078603
8 77 0.078603
8 78 0.078603
8 79 0.078603
8 80 0.078603
8 81 0.078603
8 82 0.078603
8 83 0.078603
8 84 0.078603
8 85 0.078603
8 86 0.078603
8 87 0.078603
8 88 0.078603
8 89 0.078603
8 90 0.078603
8 91 0.078604
8 92 0.078604
8 93 0.078604
8 94 0.078604
8 95 0.078605
8 96 0.078605
8 97 0.078605
8 98 0.078605
8 99 0.078605

9 0 0.078601
9 1 0.078601
9 2 0.078601
9 3 0.078601
9 4 0.078602
9 5 0.078603
9 6 0.078605
9 7 0.078606
9 8 0.078607
9 9 0.078608
9 10 0.078608
9 11 0.078608
9 12 0.078608
9 13 0.078606
9 14 0.078605
9 15 0.078603
9 16 0.078602
9 17 0.078601
9 18 0.078600
9 19 0.078600
9 20 0.078600
9 21 0.078601
9 22 0.078601
9 23 0.078602
9 24 0.078603
9 25 0.078604
9 26 0.078605
9 27 0.078605
9 28 0.078605
9 29 0.078604
9 30 0.078604
9 31 0.078603
9 32 0.078602
9 33 0.078602
9 34 0.078601
9 35 0.078601
9 36 0.078600
9 37 0.078600
9 38 0.078599
9 39 0.078599
9 40 0.078599
9 41 0.078599
9 42 0.078599
9 43 0.078599
9 44 0.078599
9 45 0.078600
9 46 0.078600
9 47 0.078601
9 48 0.078602
9 49 0.078602
9 50 0.078602
9 51 0.078603
9 52 0.078602
9 53 0.078602
9 54 0.078602
9 55 0.078601
9 56 0.078601
9 57 0.078600
9 58 0.078600
9 59 0.078600
9 60 0.078600
9 61 0.078600
9 62 0.078600
9 63 0.078600
9 64 0.078600
9 65 0.078601
9 66 0.078601
9 67 0.078601
9 68 0.078601
9 69 0.078602
9 70 0.078602
9 71 0.078602
9 72 0.078602
9 73 0.078602
9 74 0.078603
9 75 0.078603
9 76 0.078603
9 77 0.078603
9 78 0.078603
9 79 0.078603
9 80 0.078603
9 81 0.078603
9 82 0.078603
9 83 0.078603
9 84 0.078603
9 85 0.078603
9 86 0.078603
9 87 0.078603
9 88 0.078603
9 89 0.078603
9 90 0.078603
9 91 0.078604
9 92 0.078604
9 93 0.078604
9 94 0.078604
9 95 0.078605
9 96 0.078605
9 97 0.078605
9 98 0.078605
9 99 0.078605

10 0 0.078600
10 1 0.078600
10 2 0.078600
10 3 0.078601
10 4 0.078603
10 5 0.078604
10 6 0.078606
10 7 0.078608
10 8 0.078609
10 9 0.078609
10 10 0.078609
10 11 0.078608
10 12 0.078607
10 13 0.078605
10 14 0.078604
10 15 0.078602
10 16 0.078600
10 17 0.078600
10 18 0.078599
10 19 0.078599
10 20 0.078600
10 21 0.078601
10 22 0.078602
10 23 0.078603
10 24 0.078604
10 25 0.078605
10 26 0.078605
10 27 0.078605
10 28 0.078605
10 29 0.078604
10 30 0.078603
10 31 0.078602
10 32 0.078602
10 33 0.078601
10 34 0.078600
10 35 0.078600
10 36 0.078599
10 37 0.078599
10 38 0.078599
10 39 0.078599
10 40 0.078599
10 41 0.078599
10 42 0.078599
10 43 0.078600
10 44 0.078600
10 45 0.078601
10 46 0.078601
10 47 0.078602
10 48 0.078602
10 49 0.078603
10 50 0.078603
10 51 0.078603
10 52 0.078602
10 53 0.078602
10 54 0.078601
10 55 0.078600
10 56 0.078600
10 57 0.078599
10 58 0.078599
10 59 0.078599
10 60 0.078599
10 61 0.078599
10 62 0.078600
10 63 0.078600
10 64 0.078601
10 65 0.078601
10 66 0.078601
10 67 0.078601
10 68 0.078602
10 69 0.078602
10 70 0.078602
10 71 0.078602
10 72 0.078602
10 73 0.078603
10 74 0.078603
10 75 0.078603
10 76 0.078603
10 77 0.078603
10 78 0.078603
10 79 0.078603
10 80 0.078603
10 81 0.078603
10 82 0.078603
10 83 0.078603
10 84 0.078603
10 85 0.078603
10 86 0.078603
10 87 0.078603
10 88 0.078603
10 89 0.078603
10 90 0.078604
10 91 0.078604
10 92 0.078604
10 93 0.078604
10 94 0.078605
10 95 0.078605
10 96 0.078605
10 97 0.078604
10 98 0.078604
10 99 0.078604

11 0 0.078599
11 1 0.078599
11 2 0.078600
11 3 0.078601
11 4 0.078603
11 5 0.078606
11 6 0.078608
11 7 0.078609
11 8 0.078610
11 9 0.078610
11 10 0.078609
11 11 0.078608
11 12 0.078606
11 13 0.078604
11 14 0.078602
11 15 0.078600
11 16 0.078599
11 17 0.078599
11 18 0.078599
11 19 0.078600
11 20 0.078601
11 21 0.078602
11 22 0.078604
11 23 0.078605
11 24 0.078605
11 25 0.078606
11 26 0.078606
11 27 0.078605
11 28 0.078604
11 29 0.078603
11 30 0.078602
11 31 0.078601
11 32 0.078600
11 33 0.078600
11 34 0.078599
11 35 0.078599
11 36 0.078599
11 37 0.078599
11 38 0.078599
11 39 0.078599
11 40 0.078599
11 41 0.078600
11 42 0.078600
11 43 0.078601
11 44 0.078601
11 45 0.078602
11 46 0.078602
11 47 0.078603
11 48 0.078603
11 49 0.078603
11 50 0.078602
11 51 0.078602
11 52 0.078601
11 53 0.078601
11 54 0.078600
11 55 0.078599
11 56 0.078599
11 57 0.078599
11 58 0.078599
11 59 0.078599
11 60 0.078599
11 61 0.078600
11 62 0.078600
11 63 0.078601
11 64 0.078601
11 65 0.078601
11 66 0.078602
11 67 0.078602
11 68 0.078602
11 69 0.078602
11 70 0.078602
11 71 0.078602
11 72 0.078603
11 73 0.078603
11 74 0.078603
11 75 0.078603
11 76 0.078603
11 77 0.078603
11 78 0.078603
11 79 0.078603
11 80 0.078603
11 81 0.078603
11 82 0.078603
11 83 0.078603
11 84 0.078603
11 85 0.078603
11 86 0.078603
11 87 0.078603
11 88 0.078603
11 89 0.078603
11 90 0.078604
11 91 0.078604
11 92 0.078604
11 93 0.078604
11 94 0.078604
11 95 0.078604
11 96 0.078604
11 97 0.078604
11 98 0.078604
11 99 0.078604

12 0 0.078599
12 1 0.078599
12 2 0.078600
12 3 0.078602
12 4 0.078605
12 5 0.078607
12 6 0.078609
12 7 0.078610
12 8 0.078610
12 9 0.078610
12 10 0.078609
12 11 0.078607
12 12 0.078604
12 13 0.078602
12 14 0.078600
12 15 0.078599
12 16 0.078598
12 17 0.078598
12 18 0.078599
12 19 0.078601
12 20 0.078602
12 21 0.078604
12 22 0.078605
12 23 0.078606
12 24 0.078606
12 25 0.078606
12 26 0.078605
12 27 0.078604
12 28 0.078603
12 29 0.078602
12 30 0.078601
12 31 0.078600
12 32 0.078599
12 33 0.078599
12 34 0.078599
12 35 0.078599
12 36 0.078599
12 37 0.078599
12 38 0.078599
12 39 0.078600
12 40 0.078600
12 41 0.078601
12 42 0.078601
12 43 0.078602
12 44 0.078602
12 45 0.078603
12 46 0.078603
12 47 0.078603
12 48 0.078603
12 49 0.078602
12 50 0.078602
12 51 0.078601
12 52 0.078600
12 53 0.078600
12 54 0.078599
12 55 0.078598
12 56 0.078598
12 57 0.078598
12 58 0.078598
12 59 0.078599
12 60 0.078599
12 61 0.078600
12 62 0.078601
12 63 0.078601
12 64 0.078602
12 65 0.078602
12 66 0.078602
12 67 0.078602
12 68 0.078602
12 69 0.078602
12 70 0.078602
12 71 0.078602
12 72 0.078603
12 73 0.078603
12 74 0.078603
12 75 0.078603
12 76 0.078603
12 77 0.078603
12 78 0.078603
12 79 0.078603
12 80 0.078603
12 81 0.078603
12 82 0.078603
12 83 0.078603
12 84 0.078603
12 85 0.078603
12 86 0.078603
12 87 0.078603
12 88 0.078603
12 89 0.078603
12 90 0.078604
12 91 0.078604
12 92 0.078604
12 93 0.078604
12 94 0.078604
12 95 0.078604
12 96 0.078604
12 97 0.078603
12 98 0.078603
12 99 0.078603

13 0 0.078599
13 1 0.078599
13 2 0.078601
13 3 0.078603
13 4 0.078606
13 5 0.078608
13 6 0.078610
13 7 0.078611
13 8 0.078611
13 9 0.078609
13 10 0.078608
13 11 0.078605
13 12 0.078603
13 13 0.078601
13 14 0.078599
13 15 0.078598
13 16 0.078598
13 17 0.078599
13 18 0.078600
13 19 0.078602
13 20 0.078603
13 21 0.078605
13 22 0.078606
13 23 0.078607
13 24 0.078607
13 25 0.078606
13 26 0.078605
13 27 0.078604
13 28 0.078602
13 29 0.078601
13 30 0.078600
13 31 0.078599
13 32 0.078598
13 33 0.078598
13 34 0.078598
13 35 0.078599
13 36 0.078599
13 37 0.078600
13 38 0.078600
13 39 0.078601
13 40 0.078601
13 41 0.078602
13 42 0.078602
13 43 0.078603
13 44 0.078603
13 45 0.078603
13 46 0.078603
13 47 0.078603
13 48 0.078602
13 49 0.078602
13 50 0.078601
13 51 0.078600
13 52 0.078599
13 53 0.078599
13 54 0.078598
13 55 0.078598
13 56 0.078598
13 57 0.078598
13 58 0.078599
13 59 0.078599
13 60 0.078600
13 61 0.078601
13 62 0.078601
13 63 0.078602
13 64 0.078602
13 65 0.078602
13 66 0.078602
13 67 0.078602
13 68 0.078602
13 69 0.078602
13 70 0.078602
13 71 0.078602
13 72 0.078602
13 73 0.078603
13 74 0.078603
13 75 0.078603
13 76 0.078603
13 77 0.078603
13 78 0.078603
13 79 0.078603
13 80 0.078603
13 81 0.078603
13 82 0.078603
13 83 0.078603
13 84 0.078603
13 85 0.078603
13 86 0.078603
13 87 0.078603
13 88 0.078603
13 89 0.078604
13 90 0.078604
13 91 0.078604
13 92 0.078604
13 93 0.078604
13 94 0.078604
13 95 0.078604
13 96 0.078603
13 97 0.078603
13 98 0.078602
13 99 0.078603

14 0 0.078600
14 1 0.078600
14 2 0.078602
14 3 0.078605
14 4 0.078607
14 5 0.078609
14 6 0.078610
14 7 0.078611
14 8 0.078610
14 9 0.078608
14 10 0.078606
14 11 0.078603
14 12 0.078601
14 13 0.078599
14 14 0.078598
14 15 0.078598
14 16 0.078598
14 17 0.078600
14 18 0.078601
14 19 0.078603
14 20 0.078605
14 21 0.078606
14 22 0.078607
14 23 0.078607
14 24 0.078606
14 25 0.078605
14 26 0.078604
14 27 0.078602
14 28 0.078601
14 29 0.078599
14 30 0.078598
14 31 0.078598
14 32 0.078598
14 33 0.078598
14 34 0.078599
14 35 0.078599
14 36 0.078600
14 37 0.078601
14 38 0.078601
14 39 0.078602
14 40 0.078602
14 41 0.078603
14 42 0.078603
14 43 0.078603
14 44 0.078603
14 45 0.078603
14 46 0.078603
14 47 0.078602
14 48 0.078601
14 49 0.078601
14 50 0.078600
14 51 0.078599
14 52 0.078598
14 53 0.078598
14 54 0.078597
14 55 0.078598
14 56 0.078598
14 57 0.078599
14 58 0.078599
14 59 0.078600
14 60 0.078601
14 61 0.078602
14 62 0.078602
14 63 0.078602
14 64 0.078602
14 65 0.078603
14 66 0.078602
14 67 0.078602
14 68 0.078602
14 69 0.078602
14 70 0.078602
14 71 0.078602
14 72 0.078602
14 73 0.078602
14 74 0.078602
14 75 0.078603
14 76 0.078603
14 77 0.078603
14 78 0.078603
14 79 0.078603
14 80 0.078603
14 81 0.078602
14 82 0.078602
14 83 0.078602
14 84 0.078602
14 85 0.078603
14 86 0.078603
14 87 0.078603
14 88 0.078603
14 89 0.078604
14 90 0.078604
14 91 0.078604
14 92 0.078604
14 93 0.078604
14 94 0.078604
14 95 0.078603
14 96 0.078603
14 97 0.078602
14 98 0.078601
14 99 0.078602

15 0 0.078602
15 1 0.078602
15 2 0.078604
15 3 0.078606
15 4 0.078609
15 5 0.078610
15 6 0.078610
15 7 0.078610
15 8 0.078608
15 9 0.078606
15 10 0.078603
15 11 0.078601
15 12 0.078599
15 13 0.078598
15 14 0.078597
15 15 0.078598
15 16 0.078600
15 17 0.078601
15 18 0.078604
15 19 0.078606
15 20 0.078607
15 21 0.078608
15 22 0.078608
15 23 0.078607
15 24 0.078605
15 25 0.078604
15 26 0.078602
15 27 0.078600
15 28 0.078599
15 29 0.078598
15 30 0.078598
15 31 0.078598
15 32 0.078598
15 33 0.078599
15 34 0.078599
15 35 0.078600
15 36 0.078601
15 37 0.078602
15 38 0.078602
15 39 0.078603
15 40 0.078603
15 41 0.078603
15 42 0.078603
15 43 0.078603
15 44 0.078603
15 45 0.078602
15 46 0.078602
15 47 0.078601
15 48 0.078600
15 49 0.078599
15 50 0.078598
15 51 0.078598
15 52 0.078597
15 53 0.078597
15 54 0.078597
15 55 0.078598
15 56 0.078599
15 57 0.078600
15 58 0.078600
15 59 0.078601
15 60 0.078602
15 61 0.078602
15 62 0.078603
15 63 0.078603
15 64 0.078603
15 65 0.078602
15 66 0.078602
15 67 0.078602
15 68 0.078602
15 69 0.078602
15 70 0.078602
15 71 0.078602
15 72 0.078602
15 73 0.078602
15 74 0.078602
15 75 0.078602
15 76 0.078602
15 77 0.078602
15 78 0.078602
15 79 0.078602
15 80 0.078602
15 81 0.078602
15 82 0.078602
15 83 0.078602
15 84 0.078602
15 85 0.078603
15 86 0.078603
15 87 0.078603
15 88 0.078603
15 89 0.078604
15 90 0.078604
15 91 0.078604
15 92 0.078604
15 93 0.078603
15 94 0.078603
15 95 0.078603
15 96 0.078602
15 97 0.078602
15 98 0.078601
15 99 0.078601

16 0 0.078604
16 1 0.078604
16 2 0.078606
16 3 0.078608
16 4 0.078609
16 5 0.078610
16 6 0.078609
16 7 0.078608
16 8 0.078606
16 9 0.078603
16 10 0.078601
16 11 0.078599
16 12 0.078598
16 13 0.078597
16 14 0.078598
16 15 0.078600
16 16 0.078602
16 17 0.078604
16 18 0.078606
16 19 0.078607
16 20 0.078608
16 21 0.078608
16 22 0.078607
16 23 0.078606
16 24 0.078604
16 25 0.078602
16 26 0.078600
16 27 0.078599
16 28 0.078598
16 29 0.078597
16 30 0.078598
16 31 0.078598
16 32 0.078599
16 33 0.078600
16 34 0.078601
16 35 0.078602
16 36 0.078602
16 37 0.078603
16 38 0.078603
16 39 0.078603
16 40 0.078603
16 41 0.078603
16 42 0.078603
16 43 0.078602
16 44 0.078602
16 45 0.078601
16 46 0.078600
16 47 0.078599
16 48 0.078599
16 49 0.078598
16 50 0.078597
16 51 0.078597
16 52 0.078597
16 53 0.078598
16 54 0.078598
16 55 0.078599
16 56 0.078600
16 57 0.078601
16 58 0.078601
16 59 0.078602
16 60 0.078602
16 61 0.078603
16 62 0.078603
16 63 0.078602
16 64 0.078602
16 65 0.078602
16 66 0.078601
16 67 0.078601
16 68 0.078601
16 69 0.078601
16 70 0.078601
16 71 0.078601
16 72 0.078602
16 73 0.078602
16 74 0.078602
16 75 0.078602
16 76 0.078602
16 77 0.078602
16 78 0.078602
16 79 0.078602
16 80 0.078602
16 81 0.078602
16 82 0.078602
16 83 0.078602
16 84 0.078602
16 85 0.078603
16 86 0.078603
16 87 0.078603
16 88 0.078603
16 89 0.078604
16 90 0.078604
16 91 0.078604
16 92 0.078603
16 93 0.078603
16 94 0.078603
16 95 0.078602
16 96 0.078602
16 97 0.078601
16 98 0.078601
16 99 0.078601

17 0 0.078607
17 1 0.078607
17 2 0.078608
17 3 0.078609
17 4 0.078609
17 5 0.078609
17 6 0.078607
17 7 0.078605
17 8 0.078603
17 9 0.078601
17 10 0.078599
17 11 0.078598
17 12 0.078597
17 13 0.078598
17 14 0.078600
17 15 0.078602
17 16 0.078604
17 17 0.078606
17 18 0.078608
17 19 0.078609
17 20 0.078608
17 21 0.078607
17 22 0.078606
17 23 0.078604
17 24 0.078601
17 25 0.078600
17 26 0.078598
17 27 0.078597
17 28 0.078597
17 29 0.078598
17 30 0.078598
17 31 0.078599
17 32 0.078600
17 33 0.078602
17 34 0.078602
17 35 0.078603
17 36 0.078603
17 37 0.078604
17 38 0.078603
17 39 0.078603
17 40 0.078603
17 41 0.078602
17 42 0.078602
17 43 0.078601
17 44 0.078600
17 45 0.078600
17 46 0.078603
17 47 0.078605
17 48 0.078606
17 49 0.078607
17 50 0.078608
17 51 0.078607
17 52 0.078607
17 53 0.078605
17 54 0.078604
17 55 0.078602
17 56 0.078600
17 57 0.078598
17 58 0.078597
17 59 0.078596
17 60 0.078596
17 61 0.078597
17 62 0.078597
17 63 0.078598
17 64 0.078600
17 65 0.078601
17 66 0.078602
17 67 0.078602
17 68 0.078603
17 69 0.078603
17 70 0.078603
17 71 0.078603
17 72 0.078602
17 73 0.078602
17 74 0.078602
17 75 0.078602
17 76 0.078601
17 77 0.078602
17 78 0.078602
17 79 0.078602
17 80 0.078602
17 81 0.078602
17 82 0.078602
17 83 0.078602
17 84 0.078602
17 85 0.078602
17 86 0.078601
17 87 0.078601
17 88 0.078600
17 89 0.078600
17 90 0.078600
17 91 0.078600
17 92 0.078600
17 93 0.078601
17 94 0.078601
17 95 0.078602
17 96 0.078603
17 97 0.078604
17 98 0.078605
17 99 0.078605

18 0 0.078596
18 1 0.078596
18 2 0.078594
18 3 0.078593
18 4 0.078593
18 5 0.078595
18 6 0.078598
18 7 0.078602
18 8 0.078607
18 9 0.078611
18 10 0.078615
18 11 0.078616
18 12 0.078615
18 13 0.078612
18 14 0.078607
18 15 0.078602
18 16 0.078596
18 17 0.078592
18 18 0.078589
18 19 0.078588
18 20 0.078589
18 21 0.078592
18 22 0.078596
18 23 0.078601
18 24 0.078605
18 25 0.078608
18 26 0.078610
18 27 0.078611
18 28 0.078611
18 29 0.078609
18 30 0.078606
18 31 0.078603
18 32 0.078601
18 33 0.078598
18 34 0.078596
18 35 0.078595
18 36 0.078595
18 37 0.078595
18 38 0.078595
18 39 0.078596
18 40 0.078597
18 41 0.078598
18 42 0.078599
18 43 0.078601
18 44 0.078603
18 45 0.078604
18 46 0.078606
18 47 0.078607
18 48 0.078608
18 49 0.078608
18 50 0.078608
18 51 0.078606
18 52 0.078605
18 53 0.078603
18 54 0.078601
18 55 0.078599
18 56 0.078597
18 57 0.078596
18 58 0.078595
18 59 0.078596
18 60 0.078596
18 61 0.078597
18 62 0.078599
18 63 0.078600
18 64 0.078602
18 65 0.078603
18 66 0.078603
18 67 0.078604
18 68 0.078604
18 69 0.078604
18 70 0.078603
18 71 0.078603
18 72 0.078602
18 73 0.078602
18 74 0.078602
18 75 0.078602
18 76 0.078602
18 77 0.078602
18 78 0.078602
18 79 0.078602
18 80 0.078602
18 81 0.078602
18 82 0.078602
18 83 0.078602
18 84 0.078602
18 85 0.078601
18 86 0.078601
18 87 0.078600
18 88 0.078600
18 89 0.078600
18 90 0.078600
18 91 0.078600
18 92 0.078600
18 93 0.078601
18 94 0.078602
18 95 0.078603
18 96 0.078603
18 97 0.078604
18 98 0.078604
18 99 0.078604

19 0 0.078593
19 1 0.078592
19 2 0.078592
19 3 0.078593
19 4 0.078595
19 5 0.078598
19 6 0.078603
19 7 0.078608
19 8 0.078612
19 9 0.078616
19 10 0.078617
19 11 0.078616
19 12 0.078613
19 13 0.078608
19 14 0.078602
19 15 0.078596
19 16 0.078591
19 17 0.078588
19 18 0.078587
19 19 0.078588
19 20 0.078591
19 21 0.078596
19 22 0.078601
19 23 0.078606
19 24 0.078610
19 25 0.078612
19 26 0.078613
19 27 0.078612
19 28 0.078610
19 29 0.078606
19 30 0.078603
19 31 0.078600
19 32 0.078597
19 33 0.078595
19 34 0.078594
19 35 0.078594
19 36 0.078594
19 37 0.078595
19 38 0.078596
19 39 0.078598
19 40 0.078599
19 41 0.078601
19 42 0.078602
19 43 0.078604
19 44 0.078606
19 45 0.078607
19 46 0.078608
19 47 0.078608
19 48 0.078608
19 49 0.078607
19 50 0.078606
19 51 0.078604
19 52 0.078602
19 53 0.078600
19 54 0.078597
19 55 0.078596
19 56 0.078595
19 57 0.078595
19 58 0.078595
19 59 0.078596
19 60 0.078598
19 61 0.078600
19 62 0.078601
19 63 0.078603
19 64 0.078604
19 65 0.078605
19 66 0.078605
19 67 0.078605
19 68 0.078605
19 69 0.078604
19 70 0.078603
19 71 0.078603
19 72 0.078602
19 73 0.078602
19 74 0.078601
19 75 0.078601
19 76 0.078601
19 77 0.078602
19 78 0.078602
19 79 0.078602
19 80 0.078602
19 81 0.078602
19 82 0.078602
19 83 0.078602
19 84 0.078601
19 85 0.078601
19 86 0.078600
19 87 0.078600
19 88 0.078600
19 89 0.078600
19 90 0.078600
19 91 0.078600
19 92 0.078601
19 93 0.078602
19 94 0.078602
19 95 0.078603
19 96 0.078603
19 97 0.078603
19 98 0.078603
19 99 0.078603

20 0 0.078591
20 1 0.078590
20 2 0.078591
20 3 0.078594
20 4 0.078598
20 5 0.078603
20 6 0.078608
20 7 0.078613
20 8 0.078617
20 9 0.078618
20 10 0.078617
20 11 0.078614
20 12 0.078609
20 13 0.078603
20 14 0.078596
20 15 0.078591
20 16 0.078587
20 17 0.078585
20 18 0.078586
20 19 0.078590
20 20 0.078595
20 21 0.078601
20 22 0.078606
20 23 0.078611
20 24 0.078613
20 25 0.078614
20 26 0.078613
20 27 0.078611
20 28 0.078607
20 29 0.078603
20 30 0.078599
20 31 0.078596
20 32 0.078593
20 33 0.078592
20 34 0.078592
20 35 0.078593
20 36 0.078595
20 37 0.078597
20 38 0.078599
20 39 0.078601
20 40 0.078602
20 41 0.078604
20 42 0.078605
20 43 0.078607
20 44 0.078608
20 45 0.078608
20 46 0.078609
20 47 0.078608
20 48 0.078607
20 49 0.078605
20 50 0.078603
20 51 0.078601
20 52 0.078598
20 53 0.078596
20 54 0.078595
20 55 0.078594
20 56 0.078594
20 57 0.078595
20 58 0.078596
20 59 0.078598
20 60 0.078600
20 61 0.078602
20 62 0.078604
20 63 0.078605
20 64 0.078606
20 65 0.078606
20 66 0.078606
20 67 0.078605
20 68 0.078604
20 69 0.078604
20 70 0.078603
20 71 0.078602
20 72 0.078601
20 73 0.078601
20 74 0.078601
20 75 0.078601
20 76 0.078601
20 77 0.078602
20 78 0.078602
20 79 0.078602
20 80 0.078602
20 81 0.078602
20 82 0.078602
20 83 0.078602
20 84 0.078601
20 85 0.078601
20 86 0.078600
20 87 0.078600
20 88 0.078600
20 89 0.078600
20 90 0.078600
20 91 0.078601
20 92 0.078601
20 93 0.078602
20 94 0.078602
20 95 0.078602
20 96 0.078602
20 97 0.078602
20 98 0.078601
20 99 0.078601

21 0 0.078590
21 1 0.078590
21 2 0.078592
21 3 0.078596
21 4 0.078601
21 5 0.078607
21 6 0.078613
21 7 0.078617
21 8 0.078619
21 9 0.078619
21 10 0.078616
21 11 0.078611
21 12 0.078604
21 13 0.078597
21 14 0.078590
21 15 0.078586
21 16 0.078584
21 17 0.078585
21 18 0.078589
21 19 0.078594
21 20 0.078600
21 21 0.078607
21 22 0.078612
21 23 0.078615
21 24 0.078616
21 25 0.078615
21 26 0.078612
21 27 0.078608
21 28 0.078603
21 29 0.078598
21 30 0.078594
21 31 0.078592
21 32 0.078591
21 33 0.078591
21 34 0.078592
21 35 0.078595
21 36 0.078597
21 37 0.078600
21 38 0.078602
21 39 0.078604
21 40 0.078606
21 41 0.078607
21 42 0.078608
21 43 0.078608
21 44 0.078609
21 45 0.078609
21 46 0.078608
21 47 0.078606
21 48 0.078605
21 49 0.078602
21 50 0.078600
21 51 0.078597
21 52 0.078595
21 53 0.078594
21 54 0.078593
21 55 0.078594
21 56 0.078595
21 57 0.078597
21 58 0.078599
21 59 0.078601
21 60 0.078604
21 61 0.078605
21 62 0.078607
21 63 0.078607
21 64 0.078607
21 65 0.078607
21 66 0.078606
21 67 0.078605
21 68 0.078603
21 69 0.078602
21 70 0.078601
21 71 0.078601
21 72 0.078601
21 73 0.078600
21 74 0.078601
21 75 0.078601
21 76 0.078601
21 77 0.078601
21 78 0.078602
21 79 0.078602
21 80 0.078602
21 81 0.078602
21 82 0.078602
21 83 0.078601
21 84 0.078601
21 85 0.078600
21 86 0.078600
21 87 0.078600
21 88 0.078600
21 89 0.078600
21 90 0.078601
21 91 0.078601
21 92 0.078602
21 93 0.078602
21 94 0.078602
21 95 0.078602
21 96 0.078601
21 97 0.078600
21 98 0.078599
21 99 0.078599

22 0 0.078591
22 1 0.078591
22 2 0.078593
22 3 0.078599
22 4 0.078605
22 5 0.078611
22 6 0.078616
22 7 0.078619
22 8 0.078619
22 9 0.078617
22 10 0.078612
22 11 0.078605
22 12 0.078598
22 13 0.078591
22 14 0.078586
22 15 0.078583
22 16 0.078584
22 17 0.078587
22 18 0.078593
22 19 0.078600
22 20 0.078606
22 21 0.078612
22 22 0.078616
22 23 0.078617
22 24 0.078616
22 25 0.078613
22 26 0.078609
22 27 0.078603
22 28 0.078598
22 29 0.078594
22 30 0.078591
22 31 0.078590
22 32 0.078590
22 33 0.078592
22 34 0.078594
22 35 0.078597
22 36 0.078600
22 37 0.078603
22 38 0.078605
22 39 0.078607
22 40 0.078608
22 41 0.078609
22 42 0.078609
22 43 0.078609
22 44 0.078608
22 45 0.078607
22 46 0.078606
22 47 0.078604
22 48 0.078601
22 49 0.078599
22 50 0.078597
22 51 0.078595
22 52 0.078594
22 53 0.078593
22 54 0.078594
22 55 0.078595
22 56 0.078597
22 57 0.078600
22 58 0.078602
22 59 0.078605
22 60 0.078607
22 61 0.078608
22 62 0.078608
22 63 0.078608
22 64 0.078607
22 65 0.078606
22 66 0.078604
22 67 0.078603
22 68 0.078602
22 69 0.078601
22 70 0.078600
22 71 0.078600
22 72 0.078600
22 73 0.078600
22 74 0.078600
22 75 0.078601
22 76 0.078601
22 77 0.078602
22 78 0.078602
22 79 0.078602
22 80 0.078602
22 81 0.078602
22 82 0.078602
22 83 0.078601
22 84 0.078601
22 85 0.078600
22 86 0.078600
22 87 0.078600
22 88 0.078600
22 89 0.078601
22 90 0.078601
22 91 0.078602
22 92 0.078602
22 93 0.078603
22 94 0.078602
22 95 0.078602
22 96 0.078601
22 97 0.078599
22 98 0.078598
22 99 0.078598

23 0 0.078593
23 1 0.078593
23 2 0.078596
23 3 0.078602
23 4 0.078608
23 5 0.078614
23 6 0.078618
23 7 0.078619
23 8 0.078617
23 9 0.078613
23 10 0.078607
23 11 0.078599
23 12 0.078592
23 13 0.078586
23 14 0.078583
23 15 0.078583
23 16 0.078586
23 17 0.078592
23 18 0.078599
23 19 0.078606
23 20 0.078612
23 21 0.078617
23 22 0.078618
23 23 0.078618
23 24 0.078614
23 25 0.078609
23 26 0.078604
23 27 0.078598
23 28 0.078593
23 29 0.078590
23 30 0.078589
23 31 0.078590
23 32 0.078592
23 33 0.078595
23 34 0.078598
23 35 0.078601
23 36 0.078604
23 37 0.078607
23 38 0.078608
23 39 0.078609
23 40 0.078609
23 41 0.078609
23 42 0.078608
23 43 0.078607
23 44 0.078606
23 45 0.078604
23 46 0.078602
23 47 0.078600
23 48 0.078598
23 49 0.078596
23 50 0.078595
23 51 0.078594
23 52 0.078593
23 53 0.078594
23 54 0.078596
23 55 0.078598
23 56 0.078601
23 57 0.078603
23 58 0.078606
23 59 0.078608
23 60 0.078609
23 61 0.078609
23 62 0.078608
23 63 0.078607
23 64 0.078605
23 65 0.078604
23 66 0.078602
23 67 0.078601
23 68 0.078600
23 69 0.078599
23 70 0.078599
23 71 0.078599
23 72 0.078599
23 73 0.078600
23 74 0.078600
23 75 0.078601
23 76 0.078601
23 77 0.078602
23 78 0.078602
23 79 0.078602
23 80 0.078602
23 81 0.078602
23 82 0.078601
23 83 0.078601
23 84 0.078601
23 85 0.078600
23 86 0.078600
23 87 0.078601
23 88 0.078601
23 89 0.078601
23 90 0.078602
23 91 0.078603
23 92 0.078603
23 93 0.078603
23 94 0.078602
23 95 0.078601
23 96 0.078600
23 97 0.078598
23 98 0.078597
23 99 0.078597

24 0 0.078596
24 1 0.078596
24 2 0.078600
24 3 0.078605
24 4 0.078611
24 5 0.078616
24 6 0.078618
24 7 0.078617
24 8 0.078614
24 9 0.078608
24 10 0.078601
24 11 0.078593
24 12 0.078587
24 13 0.078583
24 14 0.078583
24 15 0.078586
24 16 0.078591
24 17 0.078598
24 18 0.078606
24 19 0.078612
24 20 0.078617
24 21 0.078619
24 22 0.078619
24 23 0.078615
24 24 0.078610
24 25 0.078604
24 26 0.078598
24 27 0.078593
24 28 0.078590
24 29 0.078588
24 30 0.078589
24 31 0.078591
24 32 0.078595
24 33 0.078599
24 34 0.078603
24 35 0.078606
24 36 0.078608
24 37 0.078610
24 38 0.078610
24 39 0.078610
24 40 0.078609
24 41 0.078608
24 42 0.078606
24 43 0.078605
24 44 0.078603
24 45 0.078601
24 46 0.078599
24 47 0.078597
24 48 0.078596
24 49 0.078594
24 50 0.078594
24 51 0.078594
24 52 0.078595
24 53 0.078597
24 54 0.078599
24 55 0.078602
24 56 0.078605
24 57 0.078607
24 58 0.078609
24 59 0.078609
24 60 0.078609
24 61 0.078608
24 62 0.078607
24 63 0.078605
24 64 0.078603
24 65 0.078601
24 66 0.078600
24 67 0.078599
24 68 0.078598
24 69 0.078598
24 70 0.078598
24 71 0.078599
24 72 0.078600
24 73 0.078600
24 74 0.078601
24 75 0.078601
24 76 0.078602
24 77 0.078602
24 78 0.078602
24 79 0.078602
24 80 0.078602
24 81 0.078602
24 82 0.078602
24 83 0.078601
24 84 0.078601
24 85 0.078601
24 86 0.078601
24 87 0.078601
24 88 0.078602
24 89 0.078602
24 90 0.078603
24 91 0.078603
24 92 0.078603
24 93 0.078603
24 94 0.078602
24 95 0.078601
24 96 0.078600
24 97 0.078598
24 98 0.078596
24 99 0.078596

25 0 0.078600
25 1 0.078600
25 2 0.078604
25 3 0.078609
25 4 0.078613
25 5 0.078616
25 6 0.078616
25 7 0.078613
25 8 0.078608
25 9 0.078601
25 10 0.078594
25 11 0.078588
25 12 0.078584
25 13 0.078583
25 14 0.078585
25 15 0.078590
25 16 0.078597
25 17 0.078605
25 18 0.078613
25 19 0.078618
25 20 0.078620
25 21 0.078620
25 22 0.078616
25 23 0.078611
25 24 0.078604
25 25 0.078598
25 26 0.078592
25 27 0.078588
25 28 0.078587
25 29 0.078588
25 30 0.078591
25 31 0.078595
25 32 0.078599
25 33 0.078604
25 34 0.078607
25 35 0.078610
25 36 0.078611
25 37 0.078611
25 38 0.078610
25 39 0.078609
25 40 0.078607
25 41 0.078605
25 42 0.078603
25 43 0.078601
25 44 0.078600
25 45 0.078598
25 46 0.078596
25 47 0.078595
25 48 0.078594
25 49 0.078594
25 50 0.078595
25 51 0.078596
25 52 0.078598
25 53 0.078600
25 54 0.078603
25 55 0.078606
25 56 0.078608
25 57 0.078610
25 58 0.078610
25 59 0.078610
25 60 0.078608
25 61 0.078606
25 62 0.078604
25 63 0.078602
25 64 0.078600
25 65 0.078598
25 66 0.078597
25 67 0.078597
25 68 0.078597
25 69 0.078598
25 70 0.078599
25 71 0.078600
25 72 0.078600
25 73 0.078601
25 74 0.078602
25 75 0.078602
25 76 0.078603
25 77 0.078603
25 78 0.078603
25 79 0.078603
25 80 0.078602
25 81 0.078602
25 82 0.078602
25 83 0.078601
25 84 0.078601
25 85 0.078601
25 86 0.078601
25 87 0.078602
25 88 0.078602
25 89 0.078603
25 90 0.078603
25 91 0.078604
25 92 0.078603
25 93 0.078603
25 94 0.078602
25 95 0.078601
25 96 0.078600
25 97 0.078598
25 98 0.078596
25 99 0.078597

26 0 0.078604
26 1 0.078604
26 2 0.078607
26 3 0.078611
26 4 0.078614
26 5 0.078614
26 6 0.078613
26 7 0.078608
26 8 0.078602
26 9 0.078595
26 10 0.078589
26 11 0.078584
26 12 0.078583
26 13 0.078585
26 14 0.078589
26 15 0.078597
26 16 0.078605
26 17 0.078612
26 18 0.078618
26 19 0.078621
26 20 0.078621
26 21 0.078618
26 22 0.078612
26 23 0.078605
26 24 0.078597
26 25 0.078591
26 26 0.078587
26 27 0.078586
26 28 0.078587
26 29 0.078590
26 30 0.078595
26 31 0.078600
26 32 0.078605
26 33 0.078609
26 34 0.078611
26 35 0.078612
26 36 0.078612
26 37 0.078611
26 38 0.078609
26 39 0.078607
26 40 0.078604
26 41 0.078602
26 42 0.078600
26 43 0.078598
26 44 0.078597
26 45 0.078595
26 46 0.078595
26 47 0.078594
26 48 0.078594
26 49 0.078595
26 50 0.078597
26 51 0.078599
26 52 0.078602
26 53 0.078605
26 54 0.078607
26 55 0.078609
26 56 0.078611
26 57 0.078611
26 58 0.078610
26 59 0.078608
26 60 0.078606
26 61 0.078603
26 62 0.078600
26 63 0.078598
26 64 0.078597
26 65 0.078596
26 66 0.078596
26 67 0.078597
26 68 0.078598
26 69 0.078599
26 70 0.078600
26 71 0.078601
26 72 0.078602
26 73 0.078603
26 74 0.078603
26 75 0.078603
26 76 0.078603
26 77 0.078603
26 78 0.078603
26 79 0.078603
26 80 0.078602
26 81 0.078602
26 82 0.078602
26 83 0.078601
26 84 0.078601
26 85 0.078601
26 86 0.078602
26 87 0.078602
26 88 0.078603
26 89 0.078603
26 90 0.078604
26 91 0.078604
26 92 0.078604
26 93 0.078603
26 94 0.078602
26 95 0.078601
26 96 0.078600
26 97 0.078598
26 98 0.078597
26 99 0.078597

27 0 0.078607
27 1 0.078608
27 2 0.078610
27 3 0.078612
27 4 0.078613
27 5 0.078612
27 6 0.078608
27 7 0.078602
27 8 0.078596
27 9 0.078589
27 10 0.078585
27 11 0.078583
27 12 0.078584
27 13 0.078589
27 14 0.078596
27 15 0.078604
27 16 0.078612
27 17 0.078619
27 18 0.078622
27 19 0.078622
27 20 0.078619
27 21 0.078613
27 22 0.078605
27 23 0.078597
27 24 0.078590
27 25 0.078586
27 26 0.078584
27 27 0.078586
27 28 0.078589
27 29 0.078594
27 30 0.078600
27 31 0.078606
27 32 0.078610
27 33 0.078613
27 34 0.078614
27 35 0.078613
27 36 0.078611
27 37 0.078609
27 38 0.078606
27 39 0.078603
27 40 0.078600
27 41 0.078598
27 42 0.078597
27 43 0.078596
27 44 0.078595
27 45 0.078594
27 46 0.078595
27 47 0.078595
27 48 0.078596
27 49 0.078598
27 50 0.078600
27 51 0.078603
27 52 0.078606
27 53 0.078608
27 54 0.078610
27 55 0.078611
27 56 0.078611
27 57 0.078610
27 58 0.078608
27 59 0.078605
27 60 0.078602
27 61 0.078599
27 62 0.078597
27 63 0.078596
27 64 0.078595
27 65 0.078596
27 66 0.078597
27 67 0.078598
27 68 0.078600
27 69 0.078601
27 70 0.078602
27 71 0.078603
27 72 0.078604
27 73 0.078604
27 74 0.078604
27 75 0.078604
27 76 0.078604
27 77 0.078603
27 78 0.078603
27 79 0.078603
27 80 0.078602
27 81 0.078602
27 82 0.078602
27 83 0.078602
27 84 0.078602
27 85 0.078602
27 86 0.078602
27 87 0.078603
27 88 0.078603
27 89 0.078604
27 90 0.078604
27 91 0.078604
27 92 0.078604
27 93 0.078603
27 94 0.078602
27 95 0.078601
27 96 0.078600
27 97 0.078599
27 98 0.078598
27 99 0.078598

28 0 0.078610
28 1 0.078611
28 2 0.078612
28 3 0.078613
28 4 0.078611
28 5 0.078608
28 6 0.078602
28 7 0.078596
28 8 0.078590
28 9 0.078585
28 10 0.078583
28 11 0.078584
28 12 0.078588
28 13 0.078595
28 14 0.078604
28 15 0.078612
28 16 0.078619
28 17 0.078623
28 18 0.078623
28 19 0.078620
28 20 0.078614
28 21 0.078606
28 22 0.078597
28 23 0.078590
28 24 0.078585
28 25 0.078583
28 26 0.078584
28 27 0.078588
28 28 0.078594
28 29 0.078600
28 30 0.078606
28 31 0.078611
28 32 0.078614
28 33 0.078615
28 34 0.078614
28 35 0.078612
28 36 0.078609
28 37 0.078605
28 38 0.078602
28 39 0.078599
28 40 0.078597
28 41 0.078596
28 42 0.078595
28 43 0.078595
28 44 0.078595
28 45 0.078595
28 46 0.078596
28 47 0.078598
28 48 0.078600
28 49 0.078602
28 50 0.078604
28 51 0.078607
28 52 0.078609
28 53 0.078611
28 54 0.078612
28 55 0.078611
28 56 0.078610
28 57 0.078607
28 58 0.078604
28 59 0.078601
28 60 0.078598
28 61 0.078596
28 62 0.078595
28 63 0.078595
28 64 0.078595
28 65 0.078597
28 66 0.078599
28 67 0.078601
28 68 0.078602
28 69 0.078604
28 70 0.078605
28 71 0.078605
28 72 0.078605
28 73 0.078605
28 74 0.078604
28 75 0.078604
28 76 0.078604
28 77 0.078603
28 78 0.078603
28 79 0.078603
28 80 0.078602
28 81 0.078602
28 82 0.078602
28 83 0.078602
28 84 0.078602
28 85 0.078602
28 86 0.078603
28 87 0.078603
28 88 0.078604
28 89 0.078604
28 90 0.078604
28 91 0.078604
28 92 0.078603
28 93 0.078603
28 94 0.078602
28 95 0.078601
28 96 0.078601
28 97 0.078600
28 98 0.078600
28 99 0.078600

29 0 0.078613
29 1 0.078613
29 2 0.078613
29 3 0.078612
29 4 0.078608
29 5 0.078603
29 6 0.078597
29 7 0.078591
29 8 0.078585
29 9 0.078583
29 10 0.078583
29 11 0.078587
29 12 0.078594
29 13 0.078602
29 14 0.078611
29 15 0.078619
29 16 0.078624
29 17 0.078625
29 18 0.078622
29 19 0.078615
29 20 0.078607
29 21 0.078598
29 22 0.078590
29 23 0.078584
29 24 0.078582
29 25 0.078583
29 26 0.078587
29 27 0.078593
29 28 0.078600
29 29 0.078607
29 30 0.078612
29 31 0.078615
29 32 0.078616
29 33 0.078615
29 34 0.078612
29 35 0.078608
29 36 0.078604
29 37 0.078601
29 38 0.078598
29 39 0.078596
29 40 0.078595
29 41 0.078594
29 42 0.078595
29 43 0.078595
29 44 0.078596
29 45 0.078598
29 46 0.078599
29 47 0.078601
29 48 0.078603
29 49 0.078606
29 50 0.078608
29 51 0.078610
29 52 0.078611
29 53 0.078611
29 54 0.078611
29 55 0.078609
29 56 0.078607
29 57 0.078603
29 58 0.078600
29 59 0.078597
29 60 0.078595
29 61 0.078594
29 62 0.078594
29 63 0.078595
29 64 0.078597
29 65 0.078600
29 66 0.078602
29 67 0.078604
29 68 0.078605
29 69 0.078606
29 70 0.078606
29 71 0.078606
29 72 0.078605
29 73 0.078605
29 74 0.078604
29 75 0.078604
29 76 0.078603
29 77 0.078603
29 78 0.078603
29 79 0.078603
29 80 0.078602
29 81 0.078602
29 82 0.078602
29 83 0.078602
29 84 0.078602
29 85 0.078602
29 86 0.078603
29 87 0.078603
29 88 0.078604
29 89 0.078604
29 90 0.078604
29 91 0.078604
29 92 0.078603
29 93 0.078602
29 94 0.078602
29 95 0.078601
29 96 0.078601
29 97 0.078601
29 98 0.078602
29 99 0.078602

30 0 0.078614
30 1 0.078614
30 2 0.078613
30 3 0.078610
30 4 0.078605
30 5 0.078599
30 6 0.078592
30 7 0.078586
30 8 0.078583
30 9 0.078583
30 10 0.078586
30 11 0.078592
30 12 0.078601
30 13 0.078610
30 14 0.078618
30 15 0.078624
30 16 0.078626
30 17 0.078623
30 18 0.078617
30 19 0.078609
30 20 0.078599
30 21 0.078590
30 22 0.078584
30 23 0.078581
30 24 0.078582
30 25 0.078586
30 26 0.078592
30 27 0.078600
30 28 0.078607
30 29 0.078613
30 30 0.078617
30 31 0.078618
30 32 0.078616
30 33 0.078613
30 34 0.078608
30 35 0.078604
30 36 0.078600
30 37 0.078597
30 38 0.078595
30 39 0.078594
30 40 0.078594
30 41 0.078595
30 42 0.078596
30 43 0.078598
30 44 0.078599
30 45 0.078601
30 46 0.078603
30 47 0.078605
30 48 0.078607
30 49 0.078608
30 50 0.078610
30 51 0.078611
30 52 0.078611
30 53 0.078610
30 54 0.078608
30 55 0.078606
30 56 0.078603
30 57 0.078600
30 58 0.078597
30 59 0.078595
30 60 0.078594
30 61 0.078595
30 62 0.078596
30 63 0.078598
30 64 0.078601
30 65 0.078603
30 66 0.078605
30 67 0.078607
30 68 0.078607
30 69 0.078607
30 70 0.078607
30 71 0.078606
30 72 0.078605
30 73 0.078604
30 74 0.078604
30 75 0.078603
30 76 0.078603
30 77 0.078603
30 78 0.078603
30 79 0.078602
30 80 0.078602
30 81 0.078602
30 82 0.078602
30 83 0.078602
30 84 0.078602
30 85 0.078603
30 86 0.078603
30 87 0.078604
30 88 0.078604
30 89 0.078604
30 90 0.078604
30 91 0.078603
30 92 0.078603
30 93 0.078602
30 94 0.078602
30 95 0.078602
30 96 0.078602
30 97 0.078603
30 98 0.078604
30 99 0.078604

31 0 0.078614
31 1 0.078615
31 2 0.078613
31 3 0.078608
31 4 0.078601
31 5 0.078594
31 6 0.078588
31 7 0.078584
31 8 0.078583
31 9 0.078585
31 10 0.078591
31 11 0.078599
31 12 0.078608
31 13 0.078617
31 14 0.078623
31 15 0.078626
31 16 0.078624
31 17 0.078619
31 18 0.078611
31 19 0.078601
31 20 0.078591
31 21 0.078584
31 22 0.078581
31 23 0.078581
31 24 0.078584
31 25 0.078591
31 26 0.078599
31 27 0.078607
31 28 0.078614
31 29 0.078618
31 30 0.078619
31 31 0.078617
31 32 0.078614
31 33 0.078609
31 34 0.078604
31 35 0.078599
31 36 0.078596
31 37 0.078594
31 38 0.078593
31 39 0.078594
31 40 0.078595
31 41 0.078597
31 42 0.078599
31 43 0.078601
31 44 0.078603
31 45 0.078604
31 46 0.078606
31 47 0.078607
31 48 0.078609
31 49 0.078610
31 50 0.078611
31 51 0.078610
31 52 0.078609
31 53 0.078608
31 54 0.078605
31 55 0.078602
31 56 0.078599
31 57 0.078597
31 58 0.078595
31 59 0.078594
31 60 0.078595
31 61 0.078597
31 62 0.078599
31 63 0.078602
31 64 0.078605
31 65 0.078607
31 66 0.078608
31 67 0.078608
31 68 0.078608
31 69 0.078607
31 70 0.078606
31 71 0.078605
31 72 0.078604
31 73 0.078603
31 74 0.078603
31 75 0.078603
31 76 0.078602
31 77 0.078602
31 78 0.078602
31 79 0.078602
31 80 0.078602
31 81 0.078602
31 82 0.078602
31 83 0.078602
31 84 0.078602
31 85 0.078603
31 86 0.078603
31 87 0.078604
31 88 0.078604
31 89 0.078604
31 90 0.078603
31 91 0.078603
31 92 0.078602
31 93 0.078602
31 94 0.078602
31 95 0.078602
31 96 0.078603
31 97 0.078604
31 98 0.078606
31 99 0.078606

32 0 0.078614
32 1 0.078614
32 2 0.078611
32 3 0.078605
32 4 0.078598
32 5 0.078592
32 6 0.078586
32 7 0.078584
32 8 0.078585
32 9 0.078589
32 10 0.078596
32 11 0.078605
32 12 0.078614
32 13 0.078622
32 14 0.078626
32 15 0.078625
32 16 0.078621
32 17 0.078613
32 18 0.078603
32 19 0.078594
32 20 0.078585
32 21 0.078581
32 22 0.078580
32 23 0.078583
32 24 0.078589
32 25 0.078598
32 26 0.078606
32 27 0.078614
32 28 0.078618
32 29 0.078620
32 30 0.078619
32 31 0.078615
32 32 0.078609
32 33 0.078604
32 34 0.078598
32 35 0.078595
32 36 0.078592
32 37 0.078592
32 38 0.078593
32 39 0.078595
32 40 0.078597
32 41 0.078600
32 42 0.078602
32 43 0.078604
32 44 0.078606
32 45 0.078607
32 46 0.078608
32 47 0.078609
32 48 0.078609
32 49 0.078610
32 50 0.078609
32 51 0.078608
32 52 0.078607
32 53 0.078604
32 54 0.078602
32 55 0.078599
32 56 0.078596
32 57 0.078595
32 58 0.078594
32 59 0.078595
32 60 0.078597
32 61 0.078600
32 62 0.078603
32 63 0.078606
32 64 0.078608
32 65 0.078609
32 66 0.078610
32 67 0.078609
32 68 0.078608
32 69 0.078606
32 70 0.078605
32 71 0.078603
32 72 0.078603
32 73 0.078602
32 74 0.078602
32 75 0.078602
32 76 0.078602
32 77 0.078602
32 78 0.078603
32 79 0.078603
32 80 0.078602
32 81 0.078602
32 82 0.078602
32 83 0.078602
32 84 0.078603
32 85 0.078603
32 86 0.078603
32 87 0.078604
32 88 0.078604
32 89 0.078604
32 90 0.078603
32 91 0.078603
32 92 0.078602
32 93 0.078602
32 94 0.078602
32 95 0.078603
32 96 0.078604
32 97 0.078605
32 98 0.078607
32 99 0.078607

33 0 0.078613
33 1 0.078613
33 2 0.078609
33 3 0.078603
33 4 0.078596
33 5 0.078589
33 6 0.078586
33 7 0.078585
33 8 0.078588
33 9 0.078594
33 10 0.078602
33 11 0.078612
33 12 0.078620
33 13 0.078625
33 14 0.078626
33 15 0.078623
33 16 0.078616
33 17 0.078606
33 18 0.078596
33 19 0.078587
33 20 0.078581
33 21 0.078579
33 22 0.078582
33 23 0.078588
33 24 0.078596
33 25 0.078605
33 26 0.078613
33 27 0.078619
33 28 0.078622
33 29 0.078621
33 30 0.078617
33 31 0.078611
33 32 0.078604
33 33 0.078598
33 34 0.078594
33 35 0.078591
33 36 0.078591
33 37 0.078592
33 38 0.078595
33 39 0.078598
33 40 0.078601
33 41 0.078604
33 42 0.078606
33 43 0.078607
33 44 0.078608
33 45 0.078608
33 46 0.078609
33 47 0.078609
33 48 0.078609
33 49 0.078608
33 50 0.078607
33 51 0.078606
33 52 0.078604
33 53 0.078601
33 54 0.078599
33 55 0.078597
33 56 0.078595
33 57 0.078595
33 58 0.078596
33 59 0.078598
33 60 0.078600
33 61 0.078603
33 62 0.078606
33 63 0.078609
33 64 0.078610
33 65 0.078610
33 66 0.078610
33 67 0.078608
33 68 0.078606
33 69 0.078604
33 70 0.078603
33 71 0.078602
33 72 0.078601
33 73 0.078601
33 74 0.078601
33 75 0.078602
33 76 0.078602
33 77 0.078603
33 78 0.078603
33 79 0.078603
33 80 0.078603
33 81 0.078603
33 82 0.078603
33 83 0.078603
33 84 0.078603
33 85 0.078603
33 86 0.078604
33 87 0.078604
33 88 0.078604
33 89 0.078603
33 90 0.078603
33 91 0.078602
33 92 0.078602
33 93 0.078602
33 94 0.078602
33 95 0.078603
33 96 0.078604
33 97 0.078606
33 98 0.078608
33 99 0.078608

34 0 0.078611
34 1 0.078611
34 2 0.078607
34 3 0.078601
34 4 0.078594
34 5 0.078589
34 6 0.078586
34 7 0.078587
34 8 0.078592
34 9 0.078600
34 10 0.078608
34 11 0.078617
34 12 0.078623
34 13 0.078625
34 14 0.078624
34 15 0.078618
34 16 0.078609
34 17 0.078599
34 18 0.078589
34 19 0.078582
34 20 0.078579
34 21 0.078580
34 22 0.078586
34 23 0.078594
34 24 0.078604
34 25 0.078613
34 26 0.078619
34 27 0.078623
34 28 0.078622
34 29 0.078619
34 30 0.078612
34 31 0.078605
34 32 0.078599
34 33 0.078593
34 34 0.078590
34 35 0.078590
34 36 0.078591
34 37 0.078594
34 38 0.078598
34 39 0.078602
34 40 0.078605
34 41 0.078607
34 42 0.078608
34 43 0.078609
34 44 0.078609
34 45 0.078609
34 46 0.078608
34 47 0.078608
34 48 0.078607
34 49 0.078606
34 50 0.078605
34 51 0.078603
34 52 0.078601
34 53 0.078599
34 54 0.078597
34 55 0.078596
34 56 0.078596
34 57 0.078596
34 58 0.078598
34 59 0.078601
34 60 0.078604
34 61 0.078607
34 62 0.078609
34 63 0.078610
34 64 0.078611
34 65 0.078610
34 66 0.078608
34 67 0.078606
34 68 0.078604
34 69 0.078602
34 70 0.078601
34 71 0.078600
34 72 0.078600
34 73 0.078601
34 74 0.078601
34 75 0.078602
34 76 0.078603
34 77 0.078603
34 78 0.078603
34 79 0.078603
34 80 0.078603
34 81 0.078603
34 82 0.078603
34 83 0.078603
34 84 0.078603
34 85 0.078604
34 86 0.078604
34 87 0.078604
34 88 0.078604
34 89 0.078603
34 90 0.078603
34 91 0.078602
34 92 0.078602
34 93 0.078602
34 94 0.078602
34 95 0.078603
34 96 0.078605
34 97 0.078607
34 98 0.078609
34 99 0.078609

35 0 0.078608
35 1 0.078608
35 2 0.078604
35 3 0.078599
35 4 0.078593
35 5 0.078589
35 6 0.078589
35 7 0.078591
35 8 0.078597
35 9 0.078605
35 10 0.078613
35 11 0.078620
35 12 0.078624
35 13 0.078623
35 14 0.078619
35 15 0.078611
35 16 0.078601
35 17 0.078592
35 18 0.078584
35 19 0.078580
35 20 0.078580
35 21 0.078585
35 22 0.078592
35 23 0.078602
35 24 0.078611
35 25 0.078619
35 26 0.078623
35 27 0.078623
35 28 0.078620
35 29 0.078614
35 30 0.078606
35 31 0.078599
35 32 0.078593
35 33 0.078590
35 34 0.078589
35 35 0.078590
35 36 0.078594
35 37 0.078598
35 38 0.078602
35 39 0.078606
35 40 0.078608
35 41 0.078610
35 42 0.078610
35 43 0.078609
35 44 0.078608
35 45 0.078607
35 46 0.078606
35 47 0.078605
35 48 0.078604
35 49 0.078603
35 50 0.078602
35 51 0.078601
35 52 0.078599
35 53 0.078598
35 54 0.078597
35 55 0.078597
35 56 0.078598
35 57 0.078599
35 58 0.078601
35 59 0.078604
35 60 0.078607
35 61 0.078609
35 62 0.078610
35 63 0.078610
35 64 0.078609
35 65 0.078608
35 66 0.078605
35 67 0.078603
35 68 0.078601
35 69 0.078600
35 70 0.078599
35 71 0.078599
35 72 0.078600
35 73 0.078601
35 74 0.078602
35 75 0.078603
35 76 0.078603
35 77 0.078604
35 78 0.078604
35 79 0.078603
35 80 0.078603
35 81 0.078603
35 82 0.078603
35 83 0.078603
35 84 0.078604
35 85 0.078604
35 86 0.078604
35 87 0.078604
35 88 0.078603
35 89 0.078603
35 90 0.078602
35 91 0.078602
35 92 0.078602
35 93 0.078602
35 94 0.078602
35 95 0.078604
35 96 0.078605
35 97 0.078607
35 98 0.078609
35 99 0.078609

36 0 0.078606
36 1 0.078606
36 2 0.078602
36 3 0.078597
36 4 0.078593
36 5 0.078591
36 6 0.078592
36 7 0.078596
36 8 0.078603
36 9 0.078610
36 10 0.078617
36 11 0.078621
36 12 0.078622
36 13 0.078619
36 14 0.078613
36 15 0.078604
36 16 0.078594
36 17 0.078586
36 18 0.078581
36 19 0.078580
36 20 0.078584
36 21 0.078591
36 22 0.078600
36 23 0.078609
36 24 0.078617
36 25 0.078622
36 26 0.078624
36 27 0.078621
36 28 0.078615
36 29 0.078608
36 30 0.078600
36 31 0.078593
36 32 0.078589
36 33 0.078588
36 34 0.078589
36 35 0.078593
36 36 0.078598
36 37 0.078603
36 38 0.078607
36 39 0.078609
36 40 0.078611
36 41 0.078611
36 42 0.078610
36 43 0.078608
36 44 0.078607
36 45 0.078605
36 46 0.078604
36 47 0.078603
36 48 0.078602
36 49 0.078601
36 50 0.078600
36 51 0.078599
36 52 0.078599
36 53 0.078598
36 54 0.078598
36 55 0.078599
36 56 0.078600
36 57 0.078602
36 58 0.078605
36 59 0.078607
36 60 0.078609
36 61 0.078610
36 62 0.078610
36 63 0.078609
36 64 0.078607
36 65 0.078604
36 66 0.078602
36 67 0.078600
36 68 0.078599
36 69 0.078598
36 70 0.078599
36 71 0.078599
36 72 0.078601
36 73 0.078602
36 74 0.078603
36 75 0.078604
36 76 0.078604
36 77 0.078604
36 78 0.078604
36 79 0.078604
36 80 0.078603
36 81 0.078603
36 82 0.078603
36 83 0.078604
36 84 0.078604
36 85 0.078604
36 86 0.078604
36 87 0.078604
36 88 0.078603
36 89 0.078603
36 90 0.078602
36 91 0.078602
36 92 0.078601
36 93 0.078602
36 94 0.078603
36 95 0.078604
36 96 0.078605
36 97 0.078607
36 98 0.078609
36 99 0.078609

37 0 0.078604
37 1 0.078604
37 2 0.078600
37 3 0.078596
37 4 0.078594
37 5 0.078593
37 6 0.078596
37 7 0.078601
37 8 0.078607
37 9 0.078613
37 10 0.078618
37 11 0.078620
37 12 0.078619
37 13 0.078614
37 14 0.078606
37 15 0.078597
37 16 0.078589
37 17 0.078584
37 18 0.078581
37 19 0.078584
37 20 0.078589
37 21 0.078598
37 22 0.078607
37 23 0.078616
37 24 0.078621
37 25 0.078624
37 26 0.078622
37 27 0.078617
37 28 0.078609
37 29 0.078601
37 30 0.078594
37 31 0.078589
37 32 0.078587
37 33 0.078589
37 34 0.078592
37 35 0.078597
37 36 0.078602
37 37 0.078607
37 38 0.078610
37 39 0.078612
37 40 0.078612
37 41 0.078610
37 42 0.078608
37 43 0.078606
37 44 0.078604
37 45 0.078602
37 46 0.078601
37 47 0.078600
37 48 0.078600
37 49 0.078600
37 50 0.078599
37 51 0.078599
37 52 0.078599
37 53 0.078599
37 54 0.078600
37 55 0.078601
37 56 0.078603
37 57 0.078605
37 58 0.078607
37 59 0.078609
37 60 0.078609
37 61 0.078609
37 62 0.078608
37 63 0.078606
37 64 0.078604
37 65 0.078601
37 66 0.078600
37 67 0.078598
37 68 0.078598
37 69 0.078598
37 70 0.078599
37 71 0.078601
37 72 0.078602
37 73 0.078603
37 74 0.078604
37 75 0.078605
37 76 0.078605
37 77 0.078604
37 78 0.078604
37 79 0.078604
37 80 0.078603
37 81 0.078603
37 82 0.078603
37 83 0.078604
37 84 0.078604
37 85 0.078604
37 86 0.078604
37 87 0.078604
37 88 0.078603
37 89 0.078602
37 90 0.078602
37 91 0.078602
37 92 0.078602
37 93 0.078602
37 94 0.078603
37 95 0.078604
37 96 0.078605
37 97 0.078607
37 98 0.078608
37 99 0.078608

38 0 0.078601
38 1 0.078601
38 2 0.078599
38 3 0.078596
38 4 0.078595
38 5 0.078596
38 6 0.078600
38 7 0.078605
38 8 0.078611
38 9 0.078616
38 10 0.078619
38 11 0.078618
38 12 0.078615
38 13 0.078608
38 14 0.078600
38 15 0.078592
38 16 0.078586
38 17 0.078583
38 18 0.078584
38 19 0.078588
38 20 0.078596
38 21 0.078605
38 22 0.078614
38 23 0.078620
38 24 0.078623
38 25 0.078622
38 26 0.078618
38 27 0.078611
38 28 0.078603
38 29 0.078595
38 30 0.078589
38 31 0.078587
38 32 0.078588
38 33 0.078591
38 34 0.078596
38 35 0.078602
38 36 0.078607
38 37 0.078611
38 38 0.078613
38 39 0.078613
38 40 0.078611
38 41 0.078609
38 42 0.078606
38 43 0.078603
38 44 0.078601
38 45 0.078600
38 46 0.078599
38 47 0.078599
38 48 0.078599
38 49 0.078600
38 50 0.078600
38 51 0.078600
38 52 0.078601
38 53 0.078601
38 54 0.078602
38 55 0.078604
38 56 0.078605
38 57 0.078607
38 58 0.078608
38 59 0.078609
38 60 0.078609
38 61 0.078608
38 62 0.078606
38 63 0.078603
38 64 0.078601
38 65 0.078599
38 66 0.078598
38 67 0.078598
38 68 0.078598
38 69 0.078599
38 70 0.078601
38 71 0.078603
38 72 0.078604
38 73 0.078605
38 74 0.078605
38 75 0.078605
38 76 0.078605
38 77 0.078604
38 78 0.078604
38 79 0.078603
38 80 0.078603
38 81 0.078603
38 82 0.078604
38 83 0.078604
38 84 0.078604
38 85 0.078604
38 86 0.078604
38 87 0.078603
38 88 0.078603
38 89 0.078602
38 90 0.078602
38 91 0.078602
38 92 0.078602
38 93 0.078602
38 94 0.078603
38 95 0.078604
38 96 0.078605
38 97 0.078606
38 98 0.078607
38 99 0.078607

39 0 0.078600
39 1 0.078600
39 2 0.078598
39 3 0.078597
39 4 0.078597
39 5 0.078599
39 6 0.078604
39 7 0.078609
39 8 0.078613
39 9 0.078617
39 10 0.078617
39 11 0.078615
39 12 0.078610
39 13 0.078603
39 14 0.078595
39 15 0.078589
39 16 0.078585
39 17 0.078584
39 18 0.078588
39 19 0.078594
39 20 0.078603
39 21 0.078612
39 22 0.078619
39 23 0.078623
39 24 0.078623
39 25 0.078619
39 26 0.078612
39 27 0.078604
39 28 0.078596
39 29 0.078590
39 30 0.078587
39 31 0.078587
39 32 0.078590
39 33 0.078595
39 34 0.078601
39 35 0.078607
39 36 0.078611
39 37 0.078614
39 38 0.078614
39 39 0.078612
39 40 0.078610
39 41 0.078606
39 42 0.078603
39 43 0.078601
39 44 0.078599
39 45 0.078599
39 46 0.078599
39 47 0.078599
39 48 0.078600
39 49 0.078600
39 50 0.078601
39 51 0.078602
39 52 0.078602
39 53 0.078603
39 54 0.078604
39 55 0.078605
39 56 0.078607
39 57 0.078608
39 58 0.078608
39 59 0.078608
39 60 0.078607
39 61 0.078605
39 62 0.078603
39 63 0.078601
39 64 0.078600
39 65 0.078598
39 66 0.078598
39 67 0.078599
39 68 0.078600
39 69 0.078601
39 70 0.078603
39 71 0.078604
39 72 0.078605
39 73 0.078606
39 74 0.078606
39 75 0.078605
39 76 0.078605
39 77 0.078604
39 78 0.078603
39 79 0.078603
39 80 0.078603
39 81 0.078603
39 82 0.078604
39 83 0.078604
39 84 0.078604
39 85 0.078604
39 86 0.078604
39 87 0.078603
39 88 0.078603
39 89 0.078602
39 90 0.078602
39 91 0.078602
39 92 0.078602
39 93 0.078602
39 94 0.078603
39 95 0.078604
39 96 0.078605
39 97 0.078605
39 98 0.078606
39 99 0.078606

40 0 0.078599
40 1 0.078599
40 2 0.078597
40 3 0.078597
40 4 0.078599
40 5 0.078602
40 6 0.078607
40 7 0.078611
40 8 0.078615
40 9 0.078617
40 10 0.078615
40 11 0.078612
40 12 0.078606
40 13 0.078598
40 14 0.078592
40 15 0.078587
40 16 0.078586
40 17 0.078588
40 18 0.078593
40 19 0.078601
40 20 0.078609
40 21 0.078616
40 22 0.078621
40 23 0.078622
40 24 0.078620
40 25 0.078614
40 26 0.078606
40 27 0.078598
40 28 0.078591
40 29 0.078587
40 30 0.078586
40 31 0.078589
40 32 0.078594
40 33 0.078600
40 34 0.078606
40 35 0.078611
40 36 0.078614
40 37 0.078615
40 38 0.078613
40 39 0.078610
40 40 0.078607
40 41 0.078603
40 42 0.078601
40 43 0.078599
40 44 0.078598
40 45 0.078598
40 46 0.078599
40 47 0.078600
40 48 0.078601
40 49 0.078602
40 50 0.078603
40 51 0.078603
40 52 0.078604
40 53 0.078605
40 54 0.078605
40 55 0.078606
40 56 0.078603
40 57 0.078603
40 58 0.078603
40 59 0.078603
40 60 0.078604
40 61 0.078606
40 62 0.078607
40 63 0.078608
40 64 0.078609
40 65 0.078609
40 66 0.078609
40 67 0.078608
40 68 0.078606
40 69 0.078605
40 70 0.078604
40 71 0.078603
40 72 0.078603
40 73 0.078603
40 74 0.078603
40 75 0.078604
40 76 0.078604
40 77 0.078605
40 78 0.078605
40 79 0.078606
40 80 0.078605
40 81 0.078605
40 82 0.078605
40 83 0.078604
40 84 0.078604
40 85 0.078604
40 86 0.078604
40 87 0.078604
40 88 0.078605
40 89 0.078605
40 90 0.078606
40 91 0.078606
40 92 0.078606
40 93 0.078606
40 94 0.078605
40 95 0.078605
40 96 0.078605
40 97 0.078604
40 98 0.078604
40 99 0.078604

41 0 0.078605
41 1 0.078606
41 2 0.078607
41 3 0.078608
41 4 0.078607
41 5 0.078605
41 6 0.078603
41 7 0.078600
41 8 0.078597
41 9 0.078597
41 10 0.078598
41 11 0.078601
41 12 0.078605
41 13 0.078609
41 14 0.078614
41 15 0.078616
41 16 0.078616
41 17 0.078614
41 18 0.078609
41 19 0.078604
41 20 0.078598
41 21 0.078594
41 22 0.078592
41 23 0.078592
41 24 0.078595
41 25 0.078600
41 26 0.078606
41 27 0.078612
41 28 0.078616
41 29 0.078618
41 30 0.078617
41 31 0.078614
41 32 0.078609
41 33 0.078604
41 34 0.078600
41 35 0.078597
41 36 0.078596
41 37 0.078597
41 38 0.078600
41 39 0.078603
41 40 0.078606
41 41 0.078608
41 42 0.078610
41 43 0.078611
41 44 0.078610
41 45 0.078609
41 46 0.078608
41 47 0.078607
41 48 0.078606
41 49 0.078605
41 50 0.078605
41 51 0.078605
41 52 0.078605
41 53 0.078604
41 54 0.078604
41 55 0.078604
41 56 0.078604
41 57 0.078604
41 58 0.078604
41 59 0.078605
41 60 0.078606
41 61 0.078607
41 62 0.078608
41 63 0.078609
41 64 0.078609
41 65 0.078608
41 66 0.078607
41 67 0.078606
41 68 0.078605
41 69 0.078604
41 70 0.078603
41 71 0.078603
41 72 0.078603
41 73 0.078603
41 74 0.078604
41 75 0.078605
41 76 0.078605
41 77 0.078606
41 78 0.078606
41 79 0.078606
41 80 0.078606
41 81 0.078605
41 82 0.078605
41 83 0.078604
41 84 0.078604
41 85 0.078604
41 86 0.078604
41 87 0.078605
41 88 0.078605
41 89 0.078605
41 90 0.078606
41 91 0.078606
41 92 0.078605
41 93 0.078605
41 94 0.078605
41 95 0.078605
41 96 0.078605
41 97 0.078604
41 98 0.078604
41 99 0.078604

42 0 0.078607
42 1 0.078607
42 2 0.078608
42 3 0.078608
42 4 0.078606
42 5 0.078604
42 6 0.078601
42 7 0.078599
42 8 0.078597
42 9 0.078598
42 10 0.078600
42 11 0.078603
42 12 0.078608
42 13 0.078612
42 14 0.078614
42 15 0.078615
42 16 0.078614
42 17 0.078610
42 18 0.078605
42 19 0.078600
42 20 0.078596
42 21 0.078593
42 22 0.078593
42 23 0.078595
42 24 0.078600
42 25 0.078605
42 26 0.078611
42 27 0.078615
42 28 0.078617
42 29 0.078617
42 30 0.078614
42 31 0.078610
42 32 0.078605
42 33 0.078601
42 34 0.078598
42 35 0.078596
42 36 0.078597
42 37 0.078599
42 38 0.078602
42 39 0.078606
42 40 0.078609
42 41 0.078611
42 42 0.078611
42 43 0.078611
42 44 0.078610
42 45 0.078608
42 46 0.078606
42 47 0.078605
42 48 0.078604
42 49 0.078604
42 50 0.078604
42 51 0.078604
42 52 0.078605
42 53 0.078605
42 54 0.078605
42 55 0.078605
42 56 0.078605
42 57 0.078605
42 58 0.078606
42 59 0.078606
42 60 0.078607
42 61 0.078608
42 62 0.078608
42 63 0.078608
42 64 0.078608
42 65 0.078607
42 66 0.078606
42 67 0.078605
42 68 0.078604
42 69 0.078603
42 70 0.078603
42 71 0.078603
42 72 0.078603
42 73 0.078604
42 74 0.078605
42 75 0.078605
42 76 0.078606
42 77 0.078606
42 78 0.078606
42 79 0.078606
42 80 0.078606
42 81 0.078605
42 82 0.078605
42 83 0.078604
42 84 0.078604
42 85 0.078604
42 86 0.078605
42 87 0.078605
42 88 0.078605
42 89 0.078605
42 90 0.078605
42 91 0.078605
42 92 0.078605
42 93 0.078605
42 94 0.078605
42 95 0.078604
42 96 0.078604
42 97 0.078605
42 98 0.078605
42 99 0.078605

43 0 0.078608
43 1 0.078608
43 2 0.078608
43 3 0.078607
43 4 0.078605
43 5 0.078603
43 6 0.078600
43 7 0.078598
43 8 0.078598
43 9 0.078599
43 10 0.078602
43 11 0.078606
43 12 0.078610
43 13 0.078613
43 14 0.078614
43 15 0.078614
43 16 0.078611
43 17 0.078607
43 18 0.078602
43 19 0.078598
43 20 0.078595
43 21 0.078594
43 22 0.078595
43 23 0.078599
43 24 0.078604
43 25 0.078609
43 26 0.078614
43 27 0.078616
43 28 0.078616
43 29 0.078614
43 30 0.078610
43 31 0.078606
43 32 0.078601
43 33 0.078598
43 34 0.078596
43 35 0.078597
43 36 0.078599
43 37 0.078602
43 38 0.078606
43 39 0.078609
43 40 0.078611
43 41 0.078612
43 42 0.078611
43 43 0.078610
43 44 0.078608
43 45 0.078606
43 46 0.078604
43 47 0.078603
43 48 0.078603
43 49 0.078603
43 50 0.078604
43 51 0.078604
43 52 0.078605
43 53 0.078605
43 54 0.078606
43 55 0.078606
43 56 0.078606
43 57 0.078606
43 58 0.078607
43 59 0.078607
43 60 0.078608
43 61 0.078608
43 62 0.078608
43 63 0.078607
43 64 0.078607
43 65 0.078606
43 66 0.078605
43 67 0.078604
43 68 0.078603
43 69 0.078603
43 70 0.078603
43 71 0.078604
43 72 0.078604
43 73 0.078605
43 74 0.078606
43 75 0.078606
43 76 0.078606
43 77 0.078606
43 78 0.078606
43 79 0.078606
43 80 0.078605
43 81 0.078605
43 82 0.078605
43 83 0.078605
43 84 0.078605
43 85 0.078605
43 86 0.078605
43 87 0.078605
43 88 0.078605
43 89 0.078605
43 90 0.078605
43 91 0.078605
43 92 0.078605
43 93 0.078605
43 94 0.078604
43 95 0.078604
43 96 0.078604
43 97 0.078605
43 98 0.078605
43 99 0.078605

44 0 0.078608
44 1 0.078608
44 2 0.078608
44 3 0.078606
44 4 0.078604
44 5 0.078602
44 6 0.078600
44 7 0.078599
44 8 0.078599
44 9 0.078601
44 10 0.078604
44 11 0.078608
44 12 0.078611
44 13 0.078613
44 14 0.078613
44 15 0.078611
44 16 0.078608
44 17 0.078604
44 18 0.078600
44 19 0.078597
44 20 0.078595
44 21 0.078596
44 22 0.078599
44 23 0.078603
44 24 0.078608
44 25 0.078612
44 26 0.078615
44 27 0.078616
44 28 0.078614
44 29 0.078611
44 30 0.078606
44 31 0.078602
44 32 0.078598
44 33 0.078596
44 34 0.078596
44 35 0.078598
44 36 0.078602
44 37 0.078605
44 38 0.078609
44 39 0.078611
44 40 0.078612
44 41 0.078612
44 42 0.078610
44 43 0.078608
44 44 0.078606
44 45 0.078604
44 46 0.078603
44 47 0.078602
44 48 0.078603
44 49 0.078603
44 50 0.078604
44 51 0.078605
44 52 0.078606
44 53 0.078606
44 54 0.078606
44 55 0.078607
44 56 0.078607
44 57 0.078607
44 58 0.078607
44 59 0.078607
44 60 0.078608
44 61 0.078607
44 62 0.078607
44 63 0.078606
44 64 0.078606
44 65 0.078605
44 66 0.078604
44 67 0.078604
44 68 0.078603
44 69 0.078604
44 70 0.078604
44 71 0.078605
44 72 0.078605
44 73 0.078606
44 74 0.078606
44 75 0.078607
44 76 0.078607
44 77 0.078606
44 78 0.078606
44 79 0.078606
44 80 0.078605
44 81 0.078605
44 82 0.078605
44 83 0.078605
44 84 0.078605
44 85 0.078605
44 86 0.078605
44 87 0.078605
44 88 0.078605
44 89 0.078605
44 90 0.078605
44 91 0.078605
44 92 0.078604
44 93 0.078604
44 94 0.078604
44 95 0.078604
44 96 0.078605
44 97 0.078605
44 98 0.078605
44 99 0.078605

45 0 0.078608
45 1 0.078608
45 2 0.078607
45 3 0.078606
45 4 0.078604
45 5 0.078601
45 6 0.078600
45 7 0.078600
45 8 0.078601
45 9 0.078603
45 10 0.078606
45 11 0.078609
45 12 0.078611
45 13 0.078612
45 14 0.078611
45 15 0.078609
45 16 0.078606
45 17 0.078602
45 18 0.078599
45 19 0.078597
45 20 0.078597
45 21 0.078599
45 22 0.078602
45 23 0.078607
45 24 0.078611
45 25 0.078614
45 26 0.078615
45 27 0.078614
45 28 0.078611
45 29 0.078607
45 30 0.078602
45 31 0.078599
45 32 0.078597
45 33 0.078596
45 34 0.078598
45 35 0.078601
45 36 0.078605
45 37 0.078609
45 38 0.078611
45 39 0.078612
45 40 0.078612
45 41 0.078611
45 42 0.078609
45 43 0.078606
45 44 0.078604
45 45 0.078603
45 46 0.078602
45 47 0.078602
45 48 0.078603
45 49 0.078604
45 50 0.078605
45 51 0.078606
45 52 0.078607
45 53 0.078607
45 54 0.078607
45 55 0.078607
45 56 0.078607
45 57 0.078607
45 58 0.078607
45 59 0.078607
45 60 0.078607
45 61 0.078607
45 62 0.078606
45 63 0.078605
45 64 0.078605
45 65 0.078604
45 66 0.078604
45 67 0.078604
45 68 0.078604
45 69 0.078604
45 70 0.078605
45 71 0.078606
45 72 0.078606
45 73 0.078607
45 74 0.078607
45 75 0.078607
45 76 0.078607
45 77 0.078606
45 78 0.078606
45 79 0.078605
45 80 0.078605
45 81 0.078605
45 82 0.078605
45 83 0.078605
45 84 0.078605
45 85 0.078605
45 86 0.078605
45 87 0.078605
45 88 0.078605
45 89 0.078605
45 90 0.078605
45 91 0.078605
45 92 0.078604
45 93 0.078604
45 94 0.078604
45 95 0.078604
45 96 0.078605
45 97 0.078605
45 98 0.078606
45 99 0.078606

46 0 0.078608
46 1 0.078608
46 2 0.078607
46 3 0.078605
46 4 0.078603
46 5 0.078601
46 6 0.078601
46 7 0.078601
46 8 0.078602
46 9 0.078604
46 10 0.078607
46 11 0.078610
46 12 0.078611
46 13 0.078611
46 14 0.078610
46 15 0.078607
46 16 0.078604
46 17 0.078601
46 18 0.078599
46 19 0.078598
46 20 0.078599
46 21 0.078602
46 22 0.078605
46 23 0.078609
46 24 0.078612
46 25 0.078614
46 26 0.078613
46 27 0.078611
46 28 0.078607
46 29 0.078603
46 30 0.078600
46 31 0.078597
46 32 0.078597
46 33 0.078598
46 34 0.078601
46 35 0.078605
46 36 0.078608
46 37 0.078611
46 38 0.078612
46 39 0.078612
46 40 0.078611
46 41 0.078609
46 42 0.078606
46 43 0.078604
46 44 0.078603
46 45 0.078602
46 46 0.078602
46 47 0.078603
46 48 0.078604
46 49 0.078605
46 50 0.078606
46 51 0.078607
46 52 0.078607
46 53 0.078607
46 54 0.078607
46 55 0.078607
46 56 0.078607
46 57 0.078607
46 58 0.078607
46 59 0.078607
46 60 0.078606
46 61 0.078606
46 62 0.078606
46 63 0.078605
46 64 0.078605
46 65 0.078604
46 66 0.078604
46 67 0.078604
46 68 0.078605
46 69 0.078606
46 70 0.078606
46 71 0.078607
46 72 0.078607
46 73 0.078607
46 74 0.078607
46 75 0.078607
46 76 0.078606
46 77 0.078606
46 78 0.078605
46 79 0.078605
46 80 0.078605
46 81 0.078605
46 82 0.078605
46 83 0.078605
46 84 0.078605
46 85 0.078605
46 86 0.078606
46 87 0.078606
46 88 0.078605
46 89 0.078605
46 90 0.078605
46 91 0.078604
46 92 0.078604
46 93 0.078604
46 94 0.078604
46 95 0.078604
46 96 0.078605
46 97 0.078605
46 98 0.078606
46 99 0.078606

47 0 0.078607
47 1 0.078607
47 2 0.078607
47 3 0.078605
47 4 0.078603
47 5 0.078602
47 6 0.078601
47 7 0.078602
47 8 0.078604
47 9 0.078606
47 10 0.078608
47 11 0.078610
47 12 0.078610
47 13 0.078610
47 14 0.078608
47 15 0.078605
47 16 0.078603
47 17 0.078600
47 18 0.078599
47 19 0.078600
47 20 0.078601
47 21 0.078604
47 22 0.078607
47 23 0.078610
47 24 0.078612
47 25 0.078612
47 26 0.078611
47 27 0.078608
47 28 0.078604
47 29 0.078601
47 30 0.078599
47 31 0.078598
47 32 0.078599
47 33 0.078601
47 34 0.078604
47 35 0.078608
47 36 0.078610
47 37 0.078612
47 38 0.078612
47 39 0.078611
47 40 0.078609
47 41 0.078606
47 42 0.078604
47 43 0.078603
47 44 0.078602
47 45 0.078603
47 46 0.078603
47 47 0.078605
47 48 0.078606
47 49 0.078607
47 50 0.078607
47 51 0.078608
47 52 0.078608
47 53 0.078607
47 54 0.078607
47 55 0.078607
47 56 0.078607
47 57 0.078606
47 58 0.078606
47 59 0.078606
47 60 0.078606
47 61 0.078606
47 62 0.078605
47 63 0.078605
47 64 0.078605
47 65 0.078605
47 66 0.078605
47 67 0.078605
47 68 0.078606
47 69 0.078606
47 70 0.078607
47 71 0.078607
47 72 0.078607
47 73 0.078607
47 74 0.078607
47 75 0.078606
47 76 0.078606
47 77 0.078605
47 78 0.078605
47 79 0.078605
47 80 0.078605
47 81 0.078605
47 82 0.078605
47 83 0.078605
47 84 0.078605
47 85 0.078606
47 86 0.078606
47 87 0.078606
47 88 0.078605
47 89 0.078605
47 90 0.078605
47 91 0.078604
47 92 0.078604
47 93 0.078604
47 94 0.078604
47 95 0.078604
47 96 0.078605
47 97 0.078606
47 98 0.078606
47 99 0.078606

48 0 0.078607
48 1 0.078607
48 2 0.078606
48 3 0.078605
48 4 0.078604
48 5 0.078603
48 6 0.078603
48 7 0.078603
48 8 0.078605
48 9 0.078606
48 10 0.078608
48 11 0.078609
48 12 0.078609
48 13 0.078608
48 14 0.078606
48 15 0.078604
48 16 0.078602
48 17 0.078601
48 18 0.078601
48 19 0.078602
48 20 0.078604
48 21 0.078606
48 22 0.078608
48 23 0.078610
48 24 0.078611
48 25 0.078610
48 26 0.078608
48 27 0.078605
48 28 0.078602
48 29 0.078600
48 30 0.078599
48 31 0.078600
48 32 0.078601
48 33 0.078604
48 34 0.078607
48 35 0.078610
48 36 0.078611
48 37 0.078611
48 38 0.078610
48 39 0.078608
48 40 0.078606
48 41 0.078604
48 42 0.078603
48 43 0.078602
48 44 0.078603
48 45 0.078604
48 46 0.078605
48 47 0.078606
48 48 0.078607
48 49 0.078608
48 50 0.078608
48 51 0.078608
48 52 0.078607
48 53 0.078607
48 54 0.078606
48 55 0.078606
48 56 0.078606
48 57 0.078606
48 58 0.078606
48 59 0.078606
48 60 0.078606
48 61 0.078606
48 62 0.078605
48 63 0.078605
48 64 0.078605
48 65 0.078605
48 66 0.078606
48 67 0.078606
48 68 0.078606
48 69 0.078607
48 70 0.078607
48 71 0.078607
48 72 0.078607
48 73 0.078607
48 74 0.078606
48 75 0.078606
48 76 0.078605
48 77 0.078605
48 78 0.078605
48 79 0.078605
48 80 0.078605
48 81 0.078605
48 82 0.078605
48 83 0.078605
48 84 0.078606
48 85 0.078606
48 86 0.078606
48 87 0.078606
48 88 0.078605
48 89 0.078605
48 90 0.078604
48 91 0.078604
48 92 0.078604
48 93 0.078604
48 94 0.078604
48 95 0.078604
48 96 0.078605
48 97 0.078606
48 98 0.078606
48 99 0.078606

49 0 0.078607
49 1 0.078607
49 2 0.078606
49 3 0.078605
49 4 0.078604
49 5 0.078604
49 6 0.078604
49 7 0.078604
49 8 0.078606
49 9 0.078607
49 10 0.078608
49 11 0.078608
49 12 0.078608
49 13 0.078607
49 14 0.078605
49 15 0.078604
49 16 0.078603
49 17 0.078602
49 18 0.078602
49 19 0.078603
49 20 0.078605
49 21 0.078607
49 22 0.078608
49 23 0.078609
49 24 0.078609
49 25 0.078607
49 26 0.078605
49 27 0.078603
49 28 0.078602
49 29 0.078601
49 30 0.078601
49 31 0.078602
49 32 0.078604
49 33 0.078607
49 34 0.078609
49 35 0.078610
49 36 0.078610
49 37 0.078609
49 38 0.078608
49 39 0.078606
49 40 0.078604
49 41 0.078603
49 42 0.078603
49 43 0.078603
49 44 0.078604
49 45 0.078606
49 46 0.078607
49 47 0.078608
49 48 0.078608
49 49 0.078608
49 50 0.078608
49 51 0.078607
49 52 0.078606
49 53 0.078606
49 54 0.078606
49 55 0.078605
49 56 0.078606
49 57 0.078606
49 58 0.078606
49 59 0.078606
49 60 0.078606
49 61 0.078606
49 62 0.078606
49 63 0.078606
49 64 0.078606
49 65 0.078606
49 66 0.078606
49 67 0.078606
49 68 0.078607
49 69 0.078607
49 70 0.078607
49 71 0.078607
49 72 0.078606
49 73 0.078606
49 74 0.078606
49 75 0.078605
49 76 0.078605
49 77 0.078605
49 78 0.078605
49 79 0.078605
49 80 0.078605
49 81 0.078605
49 82 0.078606
49 83 0.078606
49 84 0.078606
49 85 0.078606
49 86 0.078606
49 87 0.078606
49 88 0.078605
49 89 0.078605
49 90 0.078604
49 91 0.078604
49 92 0.078604
49 93 0.078604
49 94 0.078604
49 95 0.078604
49 96 0.078605
49 97 0.078606
49 98 0.078606
49 99 0.078606

50 0 0.078606
50 1 0.078606
50 2 0.078606
50 3 0.078605
50 4 0.078605
50 5 0.078604
50 6 0.078605
50 7 0.078605
50 8 0.078606
50 9 0.078607
50 10 0.078607
50 11 0.078607
50 12 0.078607
50 13 0.078606
50 14 0.078605
50 15 0.078604
50 16 0.078603
50 17 0.078603
50 18 0.078604
50 19 0.078605
50 20 0.078606
50 21 0.078607
50 22 0.078608
50 23 0.078607
50 24 0.078607
50 25 0.078605
50 26 0.078604
50 27 0.078603
50 28 0.078602
50 29 0.078602
50 30 0.078603
50 31 0.078605
50 32 0.078607
50 33 0.078609
50 34 0.078610
50 35 0.078610
50 36 0.078609
50 37 0.078607
50 38 0.078605
50 39 0.078604
50 40 0.078603
50 41 0.078602
50 42 0.078603
50 43 0.078604
50 44 0.078606
50 45 0.078607
50 46 0.078608
50 47 0.078609
50 48 0.078608
50 49 0.078608
50 50 0.078607
50 51 0.078606
50 52 0.078605
50 53 0.078605
50 54 0.078605
50 55 0.078605
50 56 0.078606
50 57 0.078606
50 58 0.078606
50 59 0.078606
50 60 0.078606
50 61 0.078606
50 62 0.078606
50 63 0.078606
50 64 0.078606
50 65 0.078606
50 66 0.078606
50 67 0.078606
50 68 0.078606
50 69 0.078607
50 70 0.078606
50 71 0.078606
50 72 0.078606
50 73 0.078606
50 74 0.078605
50 75 0.078605
50 76 0.078605
50 77 0.078605
50 78 0.078605
50 79 0.078605
50 80 0.078605
50 81 0.078606
50 82 0.078606
50 83 0.078606
50 84 0.078606
50 85 0.078606
50 86 0.078606
50 87 0.078606
50 88 0.078605
50 89 0.078605
50 90 0.078604
50 91 0.078604
50 92 0.078604
50 93 0.078604
50 94 0.078604
50 95 0.078604
50 96 0.078605
50 97 0.078605
50 98 0.078606
50 99 0.078606

51 0 0.078606
51 1 0.078606
51 2 0.078606
51 3 0.078605
51 4 0.078605
51 5 0.078605
51 6 0.078605
51 7 0.078605
51 8 0.078606
51 9 0.078606
51 10 0.078607
51 11 0.078606
51 12 0.078606
51 13 0.078605
51 14 0.078604
51 15 0.078604
51 16 0.078604
51 17 0.078604
51 18 0.078604
51 19 0.078605
51 20 0.078606
51 21 0.078607
51 22 0.078607
51 23 0.078606
51 24 0.078605
51 25 0.078604
51 26 0.078603
51 27 0.078603
51 28 0.078603
51 29 0.078603
51 30 0.078605
51 31 0.078606
51 32 0.078608
51 33 0.078609
51 34 0.078609
51 35 0.078608
51 36 0.078607
51 37 0.078605
51 38 0.078604
51 39 0.078603
51 40 0.078602
51 41 0.078603
51 42 0.078604
51 43 0.078606
51 44 0.078607
51 45 0.078608
51 46 0.078609
51 47 0.078609
51 48 0.078608
51 49 0.078607
51 50 0.078606
51 51 0.078605
51 52 0.078605
51 53 0.078605
51 54 0.078605
51 55 0.078605
51 56 0.078606
51 57 0.078606
51 58 0.078606
51 59 0.078606
51 60 0.078606
51 61 0.078606
51 62 0.078606
51 63 0.078606
51 64 0.078606
51 65 0.078606
51 66 0.078606
51 67 0.078606
51 68 0.078606
51 69 0.078606
51 70 0.078606
51 71 0.078606
51 72 0.078606
51 73 0.078605
51 74 0.078605
51 75 0.078605
51 76 0.078605
51 77 0.078605
51 78 0.078605
51 79 0.078605
51 80 0.078606
51 81 0.078606
51 82 0.078606
51 83 0.078606
51 84 0.078606
51 85 0.078606
51 86 0.078606
51 87 0.078606
51 88 0.078605
51 89 0.078605
51 90 0.078605
51 91 0.078604
51 92 0.078604
51 93 0.078604
51 94 0.078604
51 95 0.078604
51 96 0.078605
51 97 0.078605
51 98 0.078605
51 99 0.078605

52 0 0.078606
52 1 0.078606
52 2 0.078606
52 3 0.078605
52 4 0.078605
52 5 0.078605
52 6 0.078605
52 7 0.078606
52 8 0.078606
52 9 0.078606
52 10 0.078606
52 11 0.078606
52 12 0.078605
52 13 0.078605
52 14 0.078604
52 15 0.078604
52 16 0.078604
52 17 0.078604
52 18 0.078605
52 19 0.078605
52 20 0.078606
52 21 0.078606
52 22 0.078606
52 23 0.078605
52 24 0.078605
52 25 0.078604
52 26 0.078603
52 27 0.078603
52 28 0.078604
52 29 0.078605
52 30 0.078606
52 31 0.078607
52 32 0.078608
52 33 0.078608
52 34 0.078608
52 35 0.078607
52 36 0.078605
52 37 0.078604
52 38 0.078603
52 39 0.078603
52 40 0.078603
52 41 0.078604
52 42 0.078605
52 43 0.078607
52 44 0.078608
52 45 0.078608
52 46 0.078608
52 47 0.078608
52 48 0.078607
52 49 0.078606
52 50 0.078605
52 51 0.078605
52 52 0.078605
52 53 0.078605
52 54 0.078605
52 55 0.078605
52 56 0.078606
52 57 0.078606
52 58 0.078606
52 59 0.078607
52 60 0.078606
52 61 0.078606
52 62 0.078606
52 63 0.078606
52 64 0.078606
52 65 0.078606
52 66 0.078606
52 67 0.078606
52 68 0.078606
52 69 0.078606
52 70 0.078606
52 71 0.078606
52 72 0.078605
52 73 0.078605
52 74 0.078605
52 75 0.078605
52 76 0.078605
52 77 0.078605
52 78 0.078605
52 79 0.078606
52 80 0.078606
52 81 0.078606
52 82 0.078606
52 83 0.078606
52 84 0.078606
52 85 0.078606
52 86 0.078606
52 87 0.078606
52 88 0.078605
52 89 0.078605
52 90 0.078605
52 91 0.078604
52 92 0.078604
52 93 0.078604
52 94 0.078604
52 95 0.078604
52 96 0.078605
52 97 0.078605
52 98 0.078605
52 99 0.078605

53 0 0.078606
53 1 0.078606
53 2 0.078606
53 3 0.078605
53 4 0.078605
53 5 0.078605
53 6 0.078605
53 7 0.078605
53 8 0.078605
53 9 0.078606
53 10 0.078605
53 11 0.078605
53 12 0.078605
53 13 0.078605
53 14 0.078605
53 15 0.078604
53 16 0.078604
53 17 0.078605
53 18 0.078605
53 19 0.078605
53 20 0.078605
53 21 0.078605
53 22 0.078605
53 23 0.078605
53 24 0.078604
53 25 0.078604
53 26 0.078604
53 27 0.078604
53 28 0.078605
53 29 0.078606
53 30 0.078606
53 31 0.078607
53 32 0.078607
53 33 0.078607
53 34 0.078606
53 35 0.078605
53 36 0.078604
53 37 0.078603
53 38 0.078603
53 39 0.078603
53 40 0.078604
53 41 0.078605
53 42 0.078606
53 43 0.078607
53 44 0.078608
53 45 0.078608
53 46 0.078608
53 47 0.078607
53 48 0.078606
53 49 0.078605
53 50 0.078605
53 51 0.078605
53 52 0.078605
53 53 0.078605
53 54 0.078605
53 55 0.078606
53 56 0.078606
53 57 0.078606
53 58 0.078607
53 59 0.078606
53 60 0.078606
53 61 0.078606
53 62 0.078606
53 63 0.078606
53 64 0.078606
53 65 0.078606
53 66 0.078606
53 67 0.078606
53 68 0.078606
53 69 0.078606
53 70 0.078606
53 71 0.078605
53 72 0.078605
53 73 0.078605
53 74 0.078605
53 75 0.078605
53 76 0.078605
53 77 0.078605
53 78 0.078605
53 79 0.078606
53 80 0.078606
53 81 0.078606
53 82 0.078606
53 83 0.078606
53 84 0.078606
53 85 0.078606
53 86 0.078606
53 87 0.078605
53 88 0.078605
53 89 0.078605
53 90 0.078605
53 91 0.078604
53 92 0.078604
53 93 0.078604
53 94 0.078604
53 95 0.078604
53 96 0.078605
53 97 0.078605
53 98 0.078605
53 99 0.078605

54 0 0.078606
54 1 0.078606
54 2 0.078605
54 3 0.078605
54 4 0.078605
54 5 0.078605
54 6 0.078605
54 7 0.078605
54 8 0.078605
54 9 0.078605
54 10 0.078605
54 11 0.078605
54 12 0.078605
54 13 0.078605
54 14 0.078605
54 15 0.078605
54 16 0.078605
54 17 0.078605
54 18 0.078605
54 19 0.078605
54 20 0.078605
54 21 0.078605
54 22 0.078605
54 23 0.078604
54 24 0.078604
54 25 0.078604
54 26 0.078604
54 27 0.078605
54 28 0.078605
54 29 0.078606
54 30 0.078606
54 31 0.078607
54 32 0.078606
54 33 0.078606
54 34 0.078605
54 35 0.078604
54 36 0.078604
54 37 0.078604
54 38 0.078604
54 39 0.078604
54 40 0.078605
54 41 0.078606
54 42 0.078607
54 43 0.078607
54 44 0.078607
54 45 0.078607
54 46 0.078607
54 47 0.078606
54 48 0.078605
54 49 0.078605
54 50 0.078605
54 51 0.078605
54 52 0.078605
54 53 0.078605
54 54 0.078606
54 55 0.078606
54 56 0.078606
54 57 0.078606
54 58 0.078606
54 59 0.078606
54 60 0.078606
54 61 0.078606
54 62 0.078606
54 63 0.078606
54 64 0.078606
54 65 0.078606
54 66 0.078606
54 67 0.078606
54 68 0.078606
54 69 0.078605
54 70 0.078605
54 71 0.078605
54 72 0.078605
54 73 0.078605
54 74 0.078605
54 75 0.078605
54 76 0.078605
54 77 0.078605
54 78 0.078605
54 79 0.078605
54 80 0.078605
54 81 0.078605
54 82 0.078605
54 83 0.078605
54 84 0.078605
54 85 0.078605
54 86 0.078605
54 87 0.078605
54 88 0.078605
54 89 0.078605
54 90 0.078605
54 91 0.078605
54 92 0.078604
54 93 0.078604
54 94 0.078604
54 95 0.078604
54 96 0.078604
54 97 0.078604
54 98 0.078605
54 99 0.078605

55 0 0.078605
55 1 0.078605
55 2 0.078605
55 3 0.078605
55 4 0.078605
55 5 0.078605
55 6 0.078605
55 7 0.078605
55 8 0.078605
55 9 0.078605
55 10 0.078605
55 11 0.078605
55 12 0.078605
55 13 0.078605
55 14 0.078605
55 15 0.078605
55 16 0.078605
55 17 0.078605
55 18 0.078605
55 19 0.078604
55 20 0.078604
55 21 0.078604
55 22 0.078604
55 23 0.078604
55 24 0.078604
55 25 0.078605
55 26 0.078605
55 27 0.078605
55 28 0.078606
55 29 0.078606
55 30 0.078606
55 31 0.078606
55 32 0.078605
55 33 0.078605
55 34 0.078604
55 35 0.078604
55 36 0.078604
55 37 0.078604
55 38 0.078605
55 39 0.078605
55 40 0.078606
55 41 0.078607
55 42 0.078607
55 43 0.078607
55 44 0.078607
55 45 0.078606
55 46 0.078606
55 47 0.078605
55 48 0.078605
55 49 0.078605
55 50 0.078605
55 51 0.078605
55 52 0.078605
55 53 0.078606
55 54 0.078606
55 55 0.078606
55 56 0.078606
55 57 0.078606
55 58 0.078606
55 59 0.078606
55 60 0.078606
55 61 0.078606
55 62 0.078606
55 63 0.078606
55 64 0.078606
55 65 0.078606
55 66 0.078606
55 67 0.078606
55 68 0.078605
55 69 0.078605
55 70 0.078605
55 71 0.078605
55 72 0.078605
55 73 0.078605
55 74 0.078605
55 75 0.078605
55 76 0.078605
55 77 0.078605
55 78 0.078605
55 79 0.078605
55 80 0.078605
55 81 0.078605
55 82 0.078605
55 83 0.078605
55 84 0.078605
55 85 0.078605
55 86 0.078605
55 87 0.078605
55 88 0.078605
55 89 0.078605
55 90 0.078605
55 91 0.078605
55 92 0.078605
55 93 0.078604
55 94 0.078604
55 95 0.078604
55 96 0.078604
55 97 0.078604
55 98 0.078605
55 99 0.078605

56 0 0.078605
56 1 0.078605
56 2 0.078605
56 3 0.078605
56 4 0.078605
56 5 0.078604
56 6 0.078604
56 7 0.078604
56 8 0.078604
56 9 0.078604
56 10 0.078604
56 11 0.078604
56 12 0.078605
56 13 0.078605
56 14 0.078605
56 15 0.078605
56 16 0.078605
56 17 0.078604
56 18 0.078604
56 19 0.078604
56 20 0.078604
56 21 0.078604
56 22 0.078604
56 23 0.078604
56 24 0.078605
56 25 0.078605
56 26 0.078605
56 27 0.078605
56 28 0.078605
56 29 0.078605
56 30 0.078605
56 31 0.078605
56 32 0.078605
56 33 0.078604
56 34 0.078604
56 35 0.078604
56 36 0.078604
56 37 0.078605
56 38 0.078605
56 39 0.078606
56 40 0.078607
56 41 0.078607
56 42 0.078607
56 43 0.078607
56 44 0.078606
56 45 0.078606
56 46 0.078605
56 47 0.078605
56 48 0.078605
56 49 0.078605
56 50 0.078605
56 51 0.078605
56 52 0.078606
56 53 0.078606
56 54 0.078606
56 55 0.078606
56 56 0.078606
56 57 0.078606
56 58 0.078606
56 59 0.078606
56 60 0.078606
56 61 0.078606
56 62 0.078606
56 63 0.078606
56 64 0.078606
56 65 0.078606
56 66 0.078606
56 67 0.078605
56 68 0.078605
56 69 0.078605
56 70 0.078605
56 71 0.078605
56 72 0.078605
56 73 0.078605
56 74 0.078605
56 75 0.078605
56 76 0.078605
56 77 0.078605
56 78 0.078605
56 79 0.078605
56 80 0.078605
56 81 0.078605
56 82 0.078605
56 83 0.078605
56 84 0.078605
56 85 0.078605
56 86 0.078605
56 87 0.078605
56 88 0.078605
56 89 0.078605
56 90 0.078605
56 91 0.078605
56 92 0.078605
56 93 0.078604
56 94 0.078604
56 95 0.078604
56 96 0.078604
56 97 0.078604
56 98 0.078604
56 99 0.078604

57 0 0.078605
57 1 0.078605
57 2 0.078605
57 3 0.078605
57 4 0.078604
57 5 0.078604
57 6 0.078604
57 7 0.078604
57 8 0.078604
57 9 0.078604
57 10 0.078604
57 11 0.078604
57 12 0.078604
57 13 0.078605
57 14 0.078605
57 15 0.078605
57 16 0.078604
57 17 0.078604
57 18 0.078604
57 19 0.078604
57 20 0.078604
57 21 0.078604
57 22 0.078604
57 23 0.078604
57 24 0.078605
57 25 0.078605
57 26 0.078605
57 27 0.078605
57 28 0.078605
57 29 0.078605
57 30 0.078605
57 31 0.078604
57 32 0.078604
57 33 0.078604
57 34 0.078604
57 35 0.078604
57 36 0.078605
57 37 0.078605
57 38 0.078606
57 39 0.078606
57 40 0.078607
57 41 0.078607
57 42 0.078606
57 43 0.078606
57 44 0.078605
57 45 0.078605
57 46 0.078605
57 47 0.078605
57 48 0.078605
57 49 0.078605
57 50 0.078605
57 51 0.078606
57 52 0.078606
57 53 0.078606
57 54 0.078606
57 55 0.078606
57 56 0.078606
57 57 0.078606
57 58 0.078606
57 59 0.078606
57 60 0.078606
57 61 0.078606
57 62 0.078606
57 63 0.078606
57 64 0.078606
57 65 0.078606
57 66 0.078605
57 67 0.078605
57 68 0.078605
57 69 0.078605
57 70 0.078605
57 71 0.078605
57 72 0.078605
57 73 0.078605
57 74 0.078605
57 75 0.078605
57 76 0.078605
57 77 0.078605
57 78 0.078605
57 79 0.078605
57 80 0.078605
57 81 0.078605
57 82 0.078605
57 83 0.078605
57 84 0.078605
57 85 0.078605
57 86 0.078605
57 87 0.078605
57 88 0.078605
57 89 0.078605
57 90 0.078605
57 91 0.078605
57 92 0.078604
57 93 0.078604
57 94 0.078604
57 95 0.078604
57 96 0.078604
57 97 0.078604
57 98 0.078604
57 99 0.078604

58 0 0.078604
58 1 0.078604
58 2 0.078604
58 3 0.078604
58 4 0.078604
58 5 0.078604
58 6 0.078604
58 7 0.078604
58 8 0.078604
58 9 0.078604
58 10 0.078604
58 11 0.078604
58 12 0.078604
58 13 0.078604
58 14 0.078604
58 15 0.078604
58 16 0.078604
58 17 0.078604
58 18 0.078604
58 19 0.078604
58 20 0.078604
58 21 0.078604
58 22 0.078604
58 23 0.078604
58 24 0.078605
58 25 0.078605
58 26 0.078605
58 27 0.078605
58 28 0.078605
58 29 0.078604
58 30 0.078604
58 31 0.078604
58 32 0.078604
58 33 0.078604
58 34 0.078604
58 35 0.078605
58 36 0.078605
58 37 0.078606
58 38 0.078606
58 39 0.078606
58 40 0.078606
58 41 0.078606
58 42 0.078606
58 43 0.078605
58 44 0.078605
58 45 0.078605
58 46 0.078605
58 47 0.078605
58 48 0.078605
58 49 0.078605
58 50 0.078606
58 51 0.078606
58 52 0.078606
58 53 0.078606
58 54 0.078606
58 55 0.078606
58 56 0.078606
58 57 0.078606
58 58 0.078606
58 59 0.078605
58 60 0.078605
58 61 0.078605
58 62 0.078605
58 63 0.078605
58 64 0.078605
58 65 0.078605
58 66 0.078605
58 67 0.078605
58 68 0.078605
58 69 0.078605
58 70 0.078605
58 71 0.078605
58 72 0.078605
58 73 0.078605
58 74 0.078605
58 75 0.078605
58 76 0.078605
58 77 0.078605
58 78 0.078605
58 79 0.078605
58 80 0.078605
58 81 0.078605
58 82 0.078604
58 83 0.078604
58 84 0.078604
58 85 0.078604
58 86 0.078604
58 87 0.078605
58 88 0.078604
58 89 0.078604
58 90 0.078604
58 91 0.078604
58 92 0.078604
58 93 0.078604
58 94 0.078604
58 95 0.078604
58 96 0.078604
58 97 0.078604
58 98 0.078604
58 99 0.078604

59 0 0.078604
59 1 0.078604
59 2 0.078604
59 3 0.078604
59 4 0.078604
59 5 0.078604
59 6 0.078604
59 7 0.078603
59 8 0.078603
59 9 0.078604
59 10 0.078604
59 11 0.078604
59 12 0.078604
59 13 0.078604
59 14 0.078604
59 15 0.078604
59 16 0.078604
59 17 0.078604
59 18 0.078604
59 19 0.078604
59 20 0.078604
59 21 0.078604
59 22 0.078604
59 23 0.078604
59 24 0.078604
59 25 0.078604
59 26 0.078605
59 27 0.078604
59 28 0.078604
59 29 0.078604
59 30 0.078604
59 31 0.078604
59 32 0.078604
59 33 0.078604
59 34 0.078604
59 35 0.078605
59 36 0.078605
59 37 0.078606
59 38 0.078606
59 39 0.078606
59 40 0.078606
59 41 0.078605
59 42 0.078605
59 43 0.078605
59 44 0.078604
59 45 0.078604
59 46 0.078605
59 47 0.078605
59 48 0.078605
59 49 0.078606
59 50 0.078606
59 51 0.078606
59 52 0.078606
59 53 0.078606
59 54 0.078606
59 55 0.078606
59 56 0.078606
59 57 0.078605
59 58 0.078605
59 59 0.078605
59 60 0.078605
59 61 0.078605
59 62 0.078605
59 63 0.078605
59 64 0.078605
59 65 0.078605
59 66 0.078605
59 67 0.078605
59 68 0.078605
59 69 0.078606
59 70 0.078606
59 71 0.078606
59 72 0.078606
59 73 0.078605
59 74 0.078605
59 75 0.078605
59 76 0.078605
59 77 0.078605
59 78 0.078605
59 79 0.078605
59 80 0.078605
59 81 0.078605
59 82 0.078605
59 83 0.078605
59 84 0.078605
59 85 0.078605
59 86 0.078605
59 87 0.078604
59 88 0.078604
59 89 0.078604
59 90 0.078604
59 91 0.078604
59 92 0.078604
59 93 0.078604
59 94 0.078604
59 95 0.078604
59 96 0.078604
59 97 0.078604
59 98 0.078604
59 99 0.078604

60 0 0.078604
60 1 0.078604
60 2 0.078604
60 3 0.078604
60 4 0.078604
60 5 0.078604
60 6 0.078604
60 7 0.078604
60 8 0.078604
60 9 0.078604
60 10 0.078604
60 11 0.078604
60 12 0.078604
60 13 0.078604
60 14 0.078604
60 15 0.078604
60 16 0.078604
60 17 0.078604
60 18 0.078605
60 19 0.078605
60 20 0.078605
60 21 0.078605
60 22 0.078604
60 23 0.078604
60 24 0.078604
60 25 0.078604
60 26 0.078604
60 27 0.078605
60 28 0.078605
60 29 0.078606
60 30 0.078606
60 31 0.078606
60 32 0.078606
60 33 0.078606
60 34 0.078606
60 35 0.078605
60 36 0.078605
60 37 0.078604
60 38 0.078604
60 39 0.078605
60 40 0.078605
60 41 0.078606
60 42 0.078607
60 43 0.078607
60 44 0.078608
60 45 0.078608
60 46 0.078608
60 47 0.078607
60 48 0.078607
60 49 0.078606
60 50 0.078606
60 51 0.078606
60 52 0.078606
60 53 0.078606
60 54 0.078606
60 55 0.078606
60 56 0.078607
60 57 0.078607
60 58 0.078607
60 59 0.078607
60 60 0.078607
60 61 0.078607
60 62 0.078607
60 63 0.078607
60 64 0.078606
60 65 0.078606
60 66 0.078606
60 67 0.078606
60 68 0.078606
60 69 0.078606
60 70 0.078606
60 71 0.078605
60 72 0.078605
60 73 0.078605
60 74 0.078605
60 75 0.078605
60 76 0.078605
60 77 0.078605
60 78 0.078605
60 79 0.078605
60 80 0.078605
60 81 0.078605
60 82 0.078605
60 83 0.078605
60 84 0.078605
60 85 0.078605
60 86 0.078604
60 87 0.078604
60 88 0.078604
60 89 0.078604
60 90 0.078604
60 91 0.078604
60 92 0.078604
60 93 0.078604
60 94 0.078604
60 95 0.078603
60 96 0.078603
60 97 0.078603
60 98 0.078604
60 99 0.078603

61 0 0.078604
61 1 0.078604
61 2 0.078604
61 3 0.078604
61 4 0.078604
61 5 0.078604
61 6 0.078604
61 7 0.078604
61 8 0.078604
61 9 0.078604
61 10 0.078604
61 11 0.078604
61 12 0.078604
61 13 0.078604
61 14 0.078604
61 15 0.078604
61 16 0.078604
61 17 0.078604
61 18 0.078604
61 19 0.078604
61 20 0.078604
61 21 0.078604
61 22 0.078604
61 23 0.078604
61 24 0.078604
61 25 0.078604
61 26 0.078605
61 27 0.078605
61 28 0.078605
61 29 0.078606
61 30 0.078606
61 31 0.078606
61 32 0.078606
61 33 0.078605
61 34 0.078605
61 35 0.078604
61 36 0.078604
61 37 0.078604
61 38 0.078605
61 39 0.078605
61 40 0.078606
61 41 0.078607
61 42 0.078607
61 43 0.078607
61 44 0.078608
61 45 0.078607
61 46 0.078607
61 47 0.078606
61 48 0.078606
61 49 0.078606
61 50 0.078605
61 51 0.078605
61 52 0.078606
61 53 0.078606
61 54 0.078606
61 55 0.078607
61 56 0.078607
61 57 0.078607
61 58 0.078607
61 59 0.078607
61 60 0.078607
61 61 0.078606
61 62 0.078606
61 63 0.078606
61 64 0.078606
61 65 0.078606
61 66 0.078606
61 67 0.078606
61 68 0.078606
61 69 0.078606
61 70 0.078605
61 71 0.078605
61 72 0.078605
61 73 0.078605
61 74 0.078605
61 75 0.078605
61 76 0.078605
61 77 0.078605
61 78 0.078605
61 79 0.078605
61 80 0.078605
61 81 0.078605
61 82 0.078605
61 83 0.078605
61 84 0.078605
61 85 0.078604
61 86 0.078604
61 87 0.078604
61 88 0.078604
61 89 0.078604
61 90 0.078604
61 91 0.078604
61 92 0.078603
61 93 0.078603
61 94 0.078603
61 95 0.078603
61 96 0.078603
61 97 0.078603
61 98 0.078603
61 99 0.078603

62 0 0.078604
62 1 0.078604
62 2 0.078604
62 3 0.078604
62 4 0.078603
62 5 0.078603
62 6 0.078604
62 7 0.078604
62 8 0.078604
62 9 0.078604
62 10 0.078604
62 11 0.078604
62 12 0.078604
62 13 0.078604
62 14 0.078604
62 15 0.078604
62 16 0.078604
62 17 0.078604
62 18 0.078604
62 19 0.078604
62 20 0.078604
62 21 0.078604
62 22 0.078604
62 23 0.078604
62 24 0.078604
62 25 0.078605
62 26 0.078605
62 27 0.078605
62 28 0.078605
62 29 0.078606
62 30 0.078606
62 31 0.078605
62 32 0.078605
62 33 0.078605
62 34 0.078604
62 35 0.078604
62 36 0.078604
62 37 0.078604
62 38 0.078605
62 39 0.078606
62 40 0.078606
62 41 0.078607
62 42 0.078607
62 43 0.078608
62 44 0.078607
62 45 0.078607
62 46 0.078606
62 47 0.078606
62 48 0.078606
62 49 0.078605
62 50 0.078605
62 51 0.078605
62 52 0.078606
62 53 0.078606
62 54 0.078606
62 55 0.078607
62 56 0.078607
62 57 0.078607
62 58 0.078607
62 59 0.078607
62 60 0.078606
62 61 0.078606
62 62 0.078606
62 63 0.078606
62 64 0.078606
62 65 0.078606
62 66 0.078606
62 67 0.078606
62 68 0.078606
62 69 0.078605
62 70 0.078605
62 71 0.078605
62 72 0.078604
62 73 0.078604
62 74 0.078605
62 75 0.078605
62 76 0.078605
62 77 0.078605
62 78 0.078605
62 79 0.078605
62 80 0.078605
62 81 0.078605
62 82 0.078605
62 83 0.078605
62 84 0.078604
62 85 0.078604
62 86 0.078604
62 87 0.078604
62 88 0.078604
62 89 0.078604
62 90 0.078604
62 91 0.078603
62 92 0.078603
62 93 0.078603
62 94 0.078603
62 95 0.078603
62 96 0.078603
62 97 0.078603
62 98 0.078603
62 99 0.078603

63 0 0.078603
63 1 0.078603
63 2 0.078603
63 3 0.078603
63 4 0.078603
63 5 0.078603
63 6 0.078603
63 7 0.078603
63 8 0.078603
63 9 0.078603
63 10 0.078603
63 11 0.078603
63 12 0.078603
63 13 0.078604
63 14 0.078604
63 15 0.078604
63 16 0.078604
63 17 0.078604
63 18 0.078604
63 19 0.078604
63 20 0.078604
63 21 0.078604
63 22 0.078604
63 23 0.078604
63 24 0.078604
63 25 0.078604
63 26 0.078605
63 27 0.078605
63 28 0.078605
63 29 0.078605
63 30 0.078605
63 31 0.078605
63 32 0.078604
63 33 0.078604
63 34 0.078604
63 35 0.078604
63 36 0.078604
63 37 0.078605
63 38 0.078605
63 39 0.078606
63 40 0.078607
63 41 0.078607
63 42 0.078608
63 43 0.078607
63 44 0.078607
63 45 0.078606
63 46 0.078606
63 47 0.078605
63 48 0.078605
63 49 0.078605
63 50 0.078605
63 51 0.078605
63 52 0.078606
63 53 0.078606
63 54 0.078607
63 55 0.078607
63 56 0.078607
63 57 0.078607
63 58 0.078607
63 59 0.078606
63 60 0.078606
63 61 0.078606
63 62 0.078606
63 63 0.078606
63 64 0.078606
63 65 0.078606
63 66 0.078606
63 67 0.078606
63 68 0.078605
63 69 0.078605
63 70 0.078605
63 71 0.078604
63 72 0.078604
63 73 0.078604
63 74 0.078605
63 75 0.078605
63 76 0.078605
63 77 0.078605
63 78 0.078605
63 79 0.078605
63 80 0.078605
63 81 0.078605
63 82 0.078605
63 83 0.078604
63 84 0.078604
63 85 0.078604
63 86 0.078604
63 87 0.078604
63 88 0.078603
63 89 0.078603
63 90 0.078603
63 91 0.078603
63 92 0.078603
63 93 0.078603
63 94 0.078603
63 95 0.078603
63 96 0.078603
63 97 0.078603
63 98 0.078603
63 99 0.078603

64 0 0.078603
64 1 0.078603
64 2 0.078603
64 3 0.078603
64 4 0.078603
64 5 0.078603
64 6 0.078603
64 7 0.078603
64 8 0.078603
64 9 0.078603
64 10 0.078603
64 11 0.078603
64 12 0.078603
64 13 0.078603
64 14 0.078604
64 15 0.078604
64 16 0.078604
64 17 0.078604
64 18 0.078604
64 19 0.078604
64 20 0.078604
64 21 0.078604
64 22 0.078604
64 23 0.078604
64 24 0.078604
64 25 0.078604
64 26 0.078605
64 27 0.078605
64 28 0.078605
64 29 0.078605
64 30 0.078605
64 31 0.078604
64 32 0.078604
64 33 0.078604
64 34 0.078604
64 35 0.078604
64 36 0.078604
64 37 0.078605
64 38 0.078606
64 39 0.078607
64 40 0.078607
64 41 0.078607
64 42 0.078607
64 43 0.078607
64 44 0.078607
64 45 0.078606
64 46 0.078605
64 47 0.078605
64 48 0.078605
64 49 0.078605
64 50 0.078605
64 51 0.078606
64 52 0.078606
64 53 0.078607
64 54 0.078607
64 55 0.078607
64 56 0.078607
64 57 0.078607
64 58 0.078606
64 59 0.078606
64 60 0.078606
64 61 0.078606
64 62 0.078606
64 63 0.078606
64 64 0.078606
64 65 0.078606
64 66 0.078606
64 67 0.078605
64 68 0.078605
64 69 0.078604
64 70 0.078604
64 71 0.078604
64 72 0.078604
64 73 0.078604
64 74 0.078605
64 75 0.078605
64 76 0.078605
64 77 0.078605
64 78 0.078605
64 79 0.078605
64 80 0.078605
64 81 0.078605
64 82 0.078604
64 83 0.078604
64 84 0.078603
64 85 0.078603
64 86 0.078603
64 87 0.078603
64 88 0.078603
64 89 0.078603
64 90 0.078603
64 91 0.078603
64 92 0.078603
64 93 0.078603
64 94 0.078603
64 95 0.078603
64 96 0.078603
64 97 0.078603
64 98 0.078603
64 99 0.078603

65 0 0.078603
65 1 0.078603
65 2 0.078602
65 3 0.078602
65 4 0.078602
65 5 0.078602
65 6 0.078602
65 7 0.078602
65 8 0.078602
65 9 0.078603
65 10 0.078603
65 11 0.078603
65 12 0.078603
65 13 0.078603
65 14 0.078603
65 15 0.078603
65 16 0.078603
65 17 0.078603
65 18 0.078603
65 19 0.078603
65 20 0.078603
65 21 0.078603
65 22 0.078603
65 23 0.078603
65 24 0.078604
65 25 0.078604
65 26 0.078605
65 27 0.078605
65 28 0.078605
65 29 0.078605
65 30 0.078604
65 31 0.078604
65 32 0.078604
65 33 0.078603
65 34 0.078603
65 35 0.078604
65 36 0.078604
65 37 0.078605
65 38 0.078606
65 39 0.078607
65 40 0.078607
65 41 0.078607
65 42 0.078607
65 43 0.078607
65 44 0.078606
65 45 0.078605
65 46 0.078605
65 47 0.078604
65 48 0.078604
65 49 0.078605
65 50 0.078605
65 51 0.078606
65 52 0.078607
65 53 0.078607
65 54 0.078607
65 55 0.078607
65 56 0.078607
65 57 0.078606
65 58 0.078606
65 59 0.078606
65 60 0.078605
65 61 0.078605
65 62 0.078606
65 63 0.078606
65 64 0.078606
65 65 0.078606
65 66 0.078605
65 67 0.078605
65 68 0.078605
65 69 0.078604
65 70 0.078604
65 71 0.078604
65 72 0.078604
65 73 0.078605
65 74 0.078605
65 75 0.078605
65 76 0.078605
65 77 0.078605
65 78 0.078605
65 79 0.078605
65 80 0.078604
65 81 0.078604
65 82 0.078603
65 83 0.078603
65 84 0.078603
65 85 0.078603
65 86 0.078603
65 87 0.078603
65 88 0.078603
65 89 0.078603
65 90 0.078603
65 91 0.078603
65 92 0.078603
65 93 0.078603
65 94 0.078603
65 95 0.078603
65 96 0.078603
65 97 0.078603
65 98 0.078603
65 99 0.078603

66 0 0.078602
66 1 0.078602
66 2 0.078602
66 3 0.078602
66 4 0.078602
66 5 0.078602
66 6 0.078602
66 7 0.078602
66 8 0.078602
66 9 0.078602
66 10 0.078602
66 11 0.078602
66 12 0.078602
66 13 0.078603
66 14 0.078603
66 15 0.078603
66 16 0.078603
66 17 0.078603
66 18 0.078603
66 19 0.078603
66 20 0.078603
66 21 0.078603
66 22 0.078603
66 23 0.078603
66 24 0.078603
66 25 0.078604
66 26 0.078604
66 27 0.078604
66 28 0.078605
66 29 0.078604
66 30 0.078604
66 31 0.078604
66 32 0.078604
66 33 0.078603
66 34 0.078604
66 35 0.078604
66 36 0.078605
66 37 0.078606
66 38 0.078606
66 39 0.078607
66 40 0.078607
66 41 0.078607
66 42 0.078607
66 43 0.078606
66 44 0.078605
66 45 0.078605
66 46 0.078604
66 47 0.078604
66 48 0.078605
66 49 0.078605
66 50 0.078606
66 51 0.078606
66 52 0.078607
66 53 0.078607
66 54 0.078607
66 55 0.078607
66 56 0.078606
66 57 0.078606
66 58 0.078605
66 59 0.078605
66 60 0.078605
66 61 0.078605
66 62 0.078605
66 63 0.078605
66 64 0.078605
66 65 0.078605
66 66 0.078605
66 67 0.078605
66 68 0.078604
66 69 0.078604
66 70 0.078604
66 71 0.078604
66 72 0.078604
66 73 0.078605
66 74 0.078605
66 75 0.078605
66 76 0.078605
66 77 0.078605
66 78 0.078604
66 79 0.078604
66 80 0.078603
66 81 0.078603
66 82 0.078602
66 83 0.078602
66 84 0.078602
66 85 0.078602
66 86 0.078602
66 87 0.078602
66 88 0.078602
66 89 0.078602
66 90 0.078602
66 91 0.078602
66 92 0.078602
66 93 0.078602
66 94 0.078602
66 95 0.078602
66 96 0.078602
66 97 0.078602
66 98 0.078602
66 99 0.078602

67 0 0.078601
67 1 0.078601
67 2 0.078601
67 3 0.078601
67 4 0.078601
67 5 0.078601
67 6 0.078601
67 7 0.078601
67 8 0.078601
67 9 0.078601
67 10 0.078602
67 11 0.078602
67 12 0.078602
67 13 0.078602
67 14 0.078602
67 15 0.078602
67 16 0.078602
67 17 0.078602
67 18 0.078602
67 19 0.078602
67 20 0.078602
67 21 0.078602
67 22 0.078602
67 23 0.078603
67 24 0.078603
67 25 0.078603
67 26 0.078604
67 27 0.078604
67 28 0.078604
67 29 0.078604
67 30 0.078604
67 31 0.078604
67 32 0.078604
67 33 0.078604
67 34 0.078604
67 35 0.078604
67 36 0.078605
67 37 0.078606
67 38 0.078606
67 39 0.078607
67 40 0.078607
67 41 0.078606
67 42 0.078606
67 43 0.078605
67 44 0.078604
67 45 0.078604
67 46 0.078604
67 47 0.078604
67 48 0.078605
67 49 0.078605
67 50 0.078606
67 51 0.078607
67 52 0.078607
67 53 0.078607
67 54 0.078607
67 55 0.078606
67 56 0.078606
67 57 0.078605
67 58 0.078605
67 59 0.078605
67 60 0.078605
67 61 0.078605
67 62 0.078605
67 63 0.078605
67 64 0.078605
67 65 0.078605
67 66 0.078605
67 67 0.078604
67 68 0.078604
67 69 0.078604
67 70 0.078604
67 71 0.078604
67 72 0.078604
67 73 0.078605
67 74 0.078605
67 75 0.078605
67 76 0.078605
67 77 0.078604
67 78 0.078604
67 79 0.078603
67 80 0.078602
67 81 0.078602
67 82 0.078601
67 83 0.078601
67 84 0.078601
67 85 0.078601
67 86 0.078602
67 87 0.078602
67 88 0.078602
67 89 0.078602
67 90 0.078602
67 91 0.078602
67 92 0.078602
67 93 0.078602
67 94 0.078602
67 95 0.078602
67 96 0.078602
67 97 0.078602
67 98 0.078602
67 99 0.078602

68 0 0.078601
68 1 0.078601
68 2 0.078601
68 3 0.078601
68 4 0.078601
68 5 0.078601
68 6 0.078601
68 7 0.078601
68 8 0.078601
68 9 0.078601
68 10 0.078601
68 11 0.078601
68 12 0.078601
68 13 0.078602
68 14 0.078602
68 15 0.078602
68 16 0.078602
68 17 0.078602
68 18 0.078602
68 19 0.078602
68 20 0.078602
68 21 0.078602
68 22 0.078602
68 23 0.078602
68 24 0.078603
68 25 0.078603
68 26 0.078603
68 27 0.078604
68 28 0.078604
68 29 0.078604
68 30 0.078604
68 31 0.078604
68 32 0.078604
68 33 0.078604
68 34 0.078604
68 35 0.078605
68 36 0.078605
68 37 0.078606
68 38 0.078606
68 39 0.078606
68 40 0.078606
68 41 0.078606
68 42 0.078605
68 43 0.078604
68 44 0.078604
68 45 0.078604
68 46 0.078604
68 47 0.078604
68 48 0.078605
68 49 0.078606
68 50 0.078606
68 51 0.078607
68 52 0.078607
68 53 0.078607
68 54 0.078606
68 55 0.078606
68 56 0.078605
68 57 0.078604
68 58 0.078604
68 59 0.078604
68 60 0.078605
68 61 0.078605
68 62 0.078605
68 63 0.078605
68 64 0.078605
68 65 0.078605
68 66 0.078605
68 67 0.078604
68 68 0.078604
68 69 0.078604
68 70 0.078604
68 71 0.078604
68 72 0.078604
68 73 0.078605
68 74 0.078605
68 75 0.078604
68 76 0.078604
68 77 0.078603
68 78 0.078603
68 79 0.078602
68 80 0.078601
68 81 0.078601
68 82 0.078601
68 83 0.078601
68 84 0.078601
68 85 0.078601
68 86 0.078601
68 87 0.078602
68 88 0.078602
68 89 0.078601
68 90 0.078601
68 91 0.078601
68 92 0.078601
68 93 0.078601
68 94 0.078601
68 95 0.078601
68 96 0.078601
68 97 0.078601
68 98 0.078601
68 99 0.078601

69 0 0.078600
69 1 0.078600
69 2 0.078600
69 3 0.078600
69 4 0.078600
69 5 0.078600
69 6 0.078600
69 7 0.078601
69 8 0.078601
69 9 0.078601
69 10 0.078601
69 11 0.078601
69 12 0.078601
69 13 0.078601
69 14 0.078601
69 15 0.078601
69 16 0.078601
69 17 0.078601
69 18 0.078601
69 19 0.078601
69 20 0.078601
69 21 0.078602
69 22 0.078602
69 23 0.078602
69 24 0.078602
69 25 0.078603
69 26 0.078603
69 27 0.078603
69 28 0.078604
69 29 0.078604
69 30 0.078604
69 31 0.078604
69 32 0.078604
69 33 0.078604
69 34 0.078605
69 35 0.078605
69 36 0.078605
69 37 0.078606
69 38 0.078606
69 39 0.078606
69 40 0.078605
69 41 0.078605
69 42 0.078604
69 43 0.078604
69 44 0.078604
69 45 0.078604
69 46 0.078604
69 47 0.078605
69 48 0.078605
69 49 0.078606
69 50 0.078607
69 51 0.078607
69 52 0.078607
69 53 0.078606
69 54 0.078606
69 55 0.078605
69 56 0.078604
69 57 0.078604
69 58 0.078604
69 59 0.078604
69 60 0.078604
69 61 0.078605
69 62 0.078605
69 63 0.078605
69 64 0.078605
69 65 0.078605
69 66 0.078604
69 67 0.078604
69 68 0.078604
69 69 0.078604
69 70 0.078604
69 71 0.078604
69 72 0.078604
69 73 0.078604
69 74 0.078604
69 75 0.078604
69 76 0.078603
69 77 0.078603
69 78 0.078602
69 79 0.078601
69 80 0.078601
69 81 0.078600
69 82 0.078600
69 83 0.078601
69 84 0.078601
69 85 0.078601
69 86 0.078601
69 87 0.078601
69 88 0.078601
69 89 0.078601
69 90 0.078601
69 91 0.078601
69 92 0.078601
69 93 0.078600
69 94 0.078600
69 95 0.078600
69 96 0.078600
69 97 0.078600
69 98 0.078600
69 99 0.078600

70 0 0.078600
70 1 0.078600
70 2 0.078600
70 3 0.078600
70 4 0.078600
70 5 0.078600
70 6 0.078600
70 7 0.078600
70 8 0.078600
70 9 0.078600
70 10 0.078601
70 11 0.078601
70 12 0.078601
70 13 0.078601
70 14 0.078601
70 15 0.078601
70 16 0.078601
70 17 0.078601
70 18 0.078601
70 19 0.078601
70 20 0.078601
70 21 0.078601
70 22 0.078602
70 23 0.078602
70 24 0.078602
70 25 0.078602
70 26 0.078603
70 27 0.078603
70 28 0.078603
70 29 0.078603
70 30 0.078604
70 31 0.078604
70 32 0.078604
70 33 0.078604
70 34 0.078605
70 35 0.078605
70 36 0.078605
70 37 0.078605
70 38 0.078605
70 39 0.078605
70 40 0.078605
70 41 0.078604
70 42 0.078604
70 43 0.078604
70 44 0.078604
70 45 0.078604
70 46 0.078604
70 47 0.078605
70 48 0.078606
70 49 0.078606
70 50 0.078606
70 51 0.078606
70 52 0.078606
70 53 0.078606
70 54 0.078605
70 55 0.078604
70 56 0.078604
70 57 0.078604
70 58 0.078604
70 59 0.078604
70 60 0.078605
70 61 0.078605
70 62 0.078605
70 63 0.078605
70 64 0.078605
70 65 0.078605
70 66 0.078604
70 67 0.078604
70 68 0.078604
70 69 0.078604
70 70 0.078604
70 71 0.078604
70 72 0.078604
70 73 0.078604
70 74 0.078604
70 75 0.078603
70 76 0.078602
70 77 0.078602
70 78 0.078601
70 79 0.078600
70 80 0.078600
70 81 0.078600
70 82 0.078600
70 83 0.078601
70 84 0.078601
70 85 0.078601
70 86 0.078601
70 87 0.078601
70 88 0.078601
70 89 0.078601
70 90 0.078600
70 91 0.078600
70 92 0.078600
70 93 0.078600
70 94 0.078600
70 95 0.078600
70 96 0.078600
70 97 0.078600
70 98 0.078600
70 99 0.078600

71 0 0.078599
71 1 0.078599
71 2 0.078599
71 3 0.078600
71 4 0.078600
71 5 0.078600
71 6 0.078600
71 7 0.078600
71 8 0.078600
71 9 0.078600
71 10 0.078600
71 11 0.078600
71 12 0.078600
71 13 0.078600
71 14 0.078600
71 15 0.078601
71 16 0.078601
71 17 0.078601
71 18 0.078601
71 19 0.078601
71 20 0.078601
71 21 0.078601
71 22 0.078602
71 23 0.078602
71 24 0.078602
71 25 0.078602
71 26 0.078602
71 27 0.078602
71 28 0.078603
71 29 0.078603
71 30 0.078603
71 31 0.078604
71 32 0.078604
71 33 0.078604
71 34 0.078604
71 35 0.078605
71 36 0.078605
71 37 0.078605
71 38 0.078605
71 39 0.078604
71 40 0.078604
71 41 0.078604
71 42 0.078604
71 43 0.078604
71 44 0.078604
71 45 0.078604
71 46 0.078605
71 47 0.078605
71 48 0.078606
71 49 0.078606
71 50 0.078606
71 51 0.078606
71 52 0.078605
71 53 0.078605
71 54 0.078604
71 55 0.078604
71 56 0.078604
71 57 0.078604
71 58 0.078604
71 59 0.078604
71 60 0.078605
71 61 0.078605
71 62 0.078605
71 63 0.078605
71 64 0.078605
71 65 0.078604
71 66 0.078604
71 67 0.078604
71 68 0.078603
71 69 0.078604
71 70 0.078604
71 71 0.078604
71 72 0.078604
71 73 0.078604
71 74 0.078603
71 75 0.078603
71 76 0.078602
71 77 0.078601
71 78 0.078600
71 79 0.078600
71 80 0.078600
71 81 0.078600
71 82 0.078601
71 83 0.078601
71 84 0.078601
71 85 0.078601
71 86 0.078601
71 87 0.078601
71 88 0.078601
71 89 0.078600
71 90 0.078600
71 91 0.078600
71 92 0.078600
71 93 0.078599
71 94 0.078599
71 95 0.078600
71 96 0.078600
71 97 0.078599
71 98 0.078599
71 99 0.078599

72 0 0.078599
72 1 0.078599
72 2 0.078599
72 3 0.078599
72 4 0.078599
72 5 0.078599
72 6 0.078600
72 7 0.078600
72 8 0.078600
72 9 0.078600
72 10 0.078600
72 11 0.078600
72 12 0.078600
72 13 0.078600
72 14 0.078600
72 15 0.078600
72 16 0.078600
72 17 0.078601
72 18 0.078601
72 19 0.078601
72 20 0.078601
72 21 0.078601
72 22 0.078601
72 23 0.078602
72 24 0.078602
72 25 0.078602
72 26 0.078602
72 27 0.078602
72 28 0.078602
72 29 0.078603
72 30 0.078603
72 31 0.078603
72 32 0.078604
72 33 0.078604
72 34 0.078604
72 35 0.078604
72 36 0.078604
72 37 0.078604
72 38 0.078604
72 39 0.078604
72 40 0.078604
72 41 0.078603
72 42 0.078603
72 43 0.078604
72 44 0.078604
72 45 0.078604
72 46 0.078605
72 47 0.078605
72 48 0.078605
72 49 0.078606
72 50 0.078606
72 51 0.078605
72 52 0.078605
72 53 0.078604
72 54 0.078604
72 55 0.078604
72 56 0.078604
72 57 0.078604
72 58 0.078604
72 59 0.078604
72 60 0.078605
72 61 0.078605
72 62 0.078605
72 63 0.078605
72 64 0.078604
72 65 0.078604
72 66 0.078603
72 67 0.078603
72 68 0.078603
72 69 0.078603
72 70 0.078603
72 71 0.078603
72 72 0.078603
72 73 0.078603
72 74 0.078602
72 75 0.078602
72 76 0.078601
72 77 0.078601
72 78 0.078600
72 79 0.078600
72 80 0.078600
72 81 0.078600
72 82 0.078601
72 83 0.078601
72 84 0.078601
72 85 0.078601
72 86 0.078601
72 87 0.078601
72 88 0.078601
72 89 0.078600
72 90 0.078600
72 91 0.078599
72 92 0.078599
72 93 0.078599
72 94 0.078599
72 95 0.078599
72 96 0.078599
72 97 0.078599
72 98 0.078599
72 99 0.078599

73 0 0.078599
73 1 0.078599
73 2 0.078599
73 3 0.078599
73 4 0.078599
73 5 0.078599
73 6 0.078599
73 7 0.078599
73 8 0.078599
73 9 0.078599
73 10 0.078599
73 11 0.078599
73 12 0.078600
73 13 0.078600
73 14 0.078600
73 15 0.078600
73 16 0.078600
73 17 0.078600
73 18 0.078601
73 19 0.078601
73 20 0.078601
73 21 0.078601
73 22 0.078601
73 23 0.078601
73 24 0.078601
73 25 0.078602
73 26 0.078602
73 27 0.078602
73 28 0.078602
73 29 0.078602
73 30 0.078603
73 31 0.078603
73 32 0.078603
73 33 0.078603
73 34 0.078604
73 35 0.078604
73 36 0.078604
73 37 0.078604
73 38 0.078603
73 39 0.078603
73 40 0.078603
73 41 0.078603
73 42 0.078603
73 43 0.078604
73 44 0.078604
73 45 0.078604
73 46 0.078604
73 47 0.078605
73 48 0.078605
73 49 0.078605
73 50 0.078605
73 51 0.078604
73 52 0.078604
73 53 0.078604
73 54 0.078603
73 55 0.078603
73 56 0.078604
73 57 0.078604
73 58 0.078604
73 59 0.078604
73 60 0.078605
73 61 0.078605
73 62 0.078604
73 63 0.078604
73 64 0.078604
73 65 0.078603
73 66 0.078603
73 67 0.078603
73 68 0.078603
73 69 0.078603
73 70 0.078603
73 71 0.078603
73 72 0.078603
73 73 0.078602
73 74 0.078602
73 75 0.078601
73 76 0.078601
73 77 0.078600
73 78 0.078600
73 79 0.078600
73 80 0.078600
73 81 0.078601
73 82 0.078601
73 83 0.078601
73 84 0.078601
73 85 0.078601
73 86 0.078601
73 87 0.078601
73 88 0.078600
73 89 0.078600
73 90 0.078599
73 91 0.078599
73 92 0.078599
73 93 0.078599
73 94 0.078599
73 95 0.078599
73 96 0.078599
73 97 0.078599
73 98 0.078599
73 99 0.078599

74 0 0.078598
74 1 0.078598
74 2 0.078598
74 3 0.078598
74 4 0.078599
74 5 0.078599
74 6 0.078599
74 7 0.078599
74 8 0.078599
74 9 0.078599
74 10 0.078599
74 11 0.078599
74 12 0.078599
74 13 0.078599
74 14 0.078599
74 15 0.078600
74 16 0.078600
74 17 0.078600
74 18 0.078600
74 19 0.078601
74 20 0.078601
74 21 0.078601
74 22 0.078601
74 23 0.078601
74 24 0.078601
74 25 0.078601
74 26 0.078601
74 27 0.078602
74 28 0.078602
74 29 0.078602
74 30 0.078602
74 31 0.078603
74 32 0.078603
74 33 0.078603
74 34 0.078603
74 35 0.078603
74 36 0.078603
74 37 0.078603
74 38 0.078603
74 39 0.078603
74 40 0.078603
74 41 0.078603
74 42 0.078603
74 43 0.078603
74 44 0.078604
74 45 0.078604
74 46 0.078604
74 47 0.078604
74 48 0.078605
74 49 0.078604
74 50 0.078604
74 51 0.078604
74 52 0.078604
74 53 0.078603
74 54 0.078603
74 55 0.078603
74 56 0.078604
74 57 0.078604
74 58 0.078604
74 59 0.078604
74 60 0.078604
74 61 0.078604
74 62 0.078604
74 63 0.078603
74 64 0.078603
74 65 0.078603
74 66 0.078602
74 67 0.078602
74 68 0.078602
74 69 0.078603
74 70 0.078603
74 71 0.078602
74 72 0.078602
74 73 0.078602
74 74 0.078601
74 75 0.078601
74 76 0.078600
74 77 0.078600
74 78 0.078600
74 79 0.078600
74 80 0.078601
74 81 0.078601
74 82 0.078601
74 83 0.078601
74 84 0.078601
74 85 0.078601
74 86 0.078600
74 87 0.078600
74 88 0.078600
74 89 0.078599
74 90 0.078599
74 91 0.078599
74 92 0.078599
74 93 0.078599
74 94 0.078599
74 95 0.078599
74 96 0.078599
74 97 0.078599
74 98 0.078599
74 99 0.078599

75 0 0.078598
75 1 0.078598
75 2 0.078598
75 3 0.078598
75 4 0.078598
75 5 0.078598
75 6 0.078598
75 7 0.078598
75 8 0.078598
75 9 0.078598
75 10 0.078598
75 11 0.078598
75 12 0.078599
75 13 0.078599
75 14 0.078599
75 15 0.078599
75 16 0.078599
75 17 0.078600
75 18 0.078600
75 19 0.078600
75 20 0.078601
75 21 0.078601
75 22 0.078601
75 23 0.078601
75 24 0.078601
75 25 0.078601
75 26 0.078601
75 27 0.078601
75 28 0.078601
75 29 0.078602
75 30 0.078602
75 31 0.078602
75 32 0.078602
75 33 0.078603
75 34 0.078603
75 35 0.078603
75 36 0.078603
75 37 0.078603
75 38 0.078603
75 39 0.078603
75 40 0.078603
75 41 0.078603
75 42 0.078603
75 43 0.078603
75 44 0.078604
75 45 0.078604
75 46 0.078604
75 47 0.078604
75 48 0.078604
75 49 0.078604
75 50 0.078604
75 51 0.078604
75 52 0.078603
75 53 0.078603
75 54 0.078603
75 55 0.078603
75 56 0.078604
75 57 0.078604
75 58 0.078604
75 59 0.078604
75 60 0.078604
75 61 0.078604
75 62 0.078603
75 63 0.078603
75 64 0.078602
75 65 0.078602
75 66 0.078602
75 67 0.078602
75 68 0.078602
75 69 0.078602
75 70 0.078602
75 71 0.078602
75 72 0.078602
75 73 0.078601
75 74 0.078601
75 75 0.078600
75 76 0.078600
75 77 0.078600
75 78 0.078600
75 79 0.078600
75 80 0.078601
75 81 0.078601
75 82 0.078601
75 83 0.078601
75 84 0.078600
75 85 0.078600
75 86 0.078599
75 87 0.078599
75 88 0.078599
75 89 0.078599
75 90 0.078599
75 91 0.078598
75 92 0.078598
75 93 0.078598
75 94 0.078598
75 95 0.078599
75 96 0.078599
75 97 0.078599
75 98 0.078598
75 99 0.078598

76 0 0.078597
76 1 0.078597
76 2 0.078597
76 3 0.078597
76 4 0.078597
76 5 0.078597
76 6 0.078598
76 7 0.078598
76 8 0.078598
76 9 0.078598
76 10 0.078598
76 11 0.078598
76 12 0.078598
76 13 0.078598
76 14 0.078599
76 15 0.078599
76 16 0.078599
76 17 0.078599
76 18 0.078600
76 19 0.078600
76 20 0.078600
76 21 0.078600
76 22 0.078601
76 23 0.078601
76 24 0.078601
76 25 0.078601
76 26 0.078601
76 27 0.078601
76 28 0.078601
76 29 0.078601
76 30 0.078602
76 31 0.078602
76 32 0.078602
76 33 0.078602
76 34 0.078602
76 35 0.078602
76 36 0.078602
76 37 0.078602
76 38 0.078602
76 39 0.078602
76 40 0.078603
76 41 0.078603
76 42 0.078603
76 43 0.078603
76 44 0.078604
76 45 0.078604
76 46 0.078604
76 47 0.078604
76 48 0.078604
76 49 0.078604
76 50 0.078604
76 51 0.078603
76 52 0.078603
76 53 0.078603
76 54 0.078603
76 55 0.078604
76 56 0.078604
76 57 0.078604
76 58 0.078604
76 59 0.078604
76 60 0.078604
76 61 0.078603
76 62 0.078603
76 63 0.078602
76 64 0.078602
76 65 0.078602
76 66 0.078602
76 67 0.078602
76 68 0.078602
76 69 0.078602
76 70 0.078602
76 71 0.078602
76 72 0.078601
76 73 0.078601
76 74 0.078600
76 75 0.078600
76 76 0.078600
76 77 0.078600
76 78 0.078600
76 79 0.078600
76 80 0.078600
76 81 0.078600
76 82 0.078600
76 83 0.078600
76 84 0.078599
76 85 0.078599
76 86 0.078599
76 87 0.078598
76 88 0.078598
76 89 0.078598
76 90 0.078598
76 91 0.078598
76 92 0.078598
76 93 0.078598
76 94 0.078598
76 95 0.078598
76 96 0.078598
76 97 0.078598
76 98 0.078598
76 99 0.078598

77 0 0.078597
77 1 0.078597
77 2 0.078597
77 3 0.078597
77 4 0.078597
77 5 0.078597
77 6 0.078597
77 7 0.078597
77 8 0.078597
77 9 0.078597
77 10 0.078597
77 11 0.078598
77 12 0.078598
77 13 0.078598
77 14 0.078598
77 15 0.078598
77 16 0.078599
77 17 0.078599
77 18 0.078599
77 19 0.078600
77 20 0.078600
77 21 0.078600
77 22 0.078600
77 23 0.078600
77 24 0.078601
77 25 0.078601
77 26 0.078601
77 27 0.078601
77 28 0.078601
77 29 0.078601
77 30 0.078601
77 31 0.078602
77 32 0.078602
77 33 0.078602
77 34 0.078602
77 35 0.078602
77 36 0.078602
77 37 0.078602
77 38 0.078602
77 39 0.078602
77 40 0.078603
77 41 0.078603
77 42 0.078603
77 43 0.078603
77 44 0.078604
77 45 0.078604
77 46 0.078604
77 47 0.078604
77 48 0.078604
77 49 0.078604
77 50 0.078604
77 51 0.078603
77 52 0.078603
77 53 0.078603
77 54 0.078604
77 55 0.078604
77 56 0.078604
77 57 0.078604
77 58 0.078604
77 59 0.078604
77 60 0.078603
77 61 0.078603
77 62 0.078602
77 63 0.078602
77 64 0.078602
77 65 0.078601
77 66 0.078601
77 67 0.078601
77 68 0.078601
77 69 0.078602
77 70 0.078601
77 71 0.078601
77 72 0.078601
77 73 0.078600
77 74 0.078600
77 75 0.078600
77 76 0.078600
77 77 0.078600
77 78 0.078600
77 79 0.078600
77 80 0.078600
77 81 0.078600
77 82 0.078600
77 83 0.078599
77 84 0.078599
77 85 0.078598
77 86 0.078598
77 87 0.078598
77 88 0.078597
77 89 0.078597
77 90 0.078597
77 91 0.078598
77 92 0.078598
77 93 0.078598
77 94 0.078598
77 95 0.078598
77 96 0.078598
77 97 0.078597
77 98 0.078597
77 99 0.078597

78 0 0.078596
78 1 0.078596
78 2 0.078596
78 3 0.078597
78 4 0.078597
78 5 0.078597
78 6 0.078597
78 7 0.078597
78 8 0.078597
78 9 0.078597
78 10 0.078597
78 11 0.078597
78 12 0.078597
78 13 0.078598
78 14 0.078598
78 15 0.078598
78 16 0.078598
78 17 0.078599
78 18 0.078599
78 19 0.078599
78 20 0.078600
78 21 0.078600
78 22 0.078600
78 23 0.078600
78 24 0.078600
78 25 0.078600
78 26 0.078601
78 27 0.078601
78 28 0.078601
78 29 0.078601
78 30 0.078601
78 31 0.078601
78 32 0.078602
78 33 0.078602
78 34 0.078602
78 35 0.078602
78 36 0.078602
78 37 0.078602
78 38 0.078602
78 39 0.078603
78 40 0.078603
78 41 0.078603
78 42 0.078603
78 43 0.078604
78 44 0.078604
78 45 0.078604
78 46 0.078604
78 47 0.078604
78 48 0.078604
78 49 0.078604
78 50 0.078603
78 51 0.078603
78 52 0.078603
78 53 0.078603
78 54 0.078604
78 55 0.078604
78 56 0.078604
78 57 0.078604
78 58 0.078604
78 59 0.078603
78 60 0.078603
78 61 0.078602
78 62 0.078602
78 63 0.078602
78 64 0.078601
78 65 0.078601
78 66 0.078601
78 67 0.078601
78 68 0.078601
78 69 0.078601
78 70 0.078601
78 71 0.078601
78 72 0.078600
78 73 0.078600
78 74 0.078600
78 75 0.078599
78 76 0.078599
78 77 0.078600
78 78 0.078600
78 79 0.078600
78 80 0.078600
78 81 0.078599
78 82 0.078599
78 83 0.078599
78 84 0.078598
78 85 0.078598
78 86 0.078597
78 87 0.078597
78 88 0.078597
78 89 0.078597
78 90 0.078597
78 91 0.078597
78 92 0.078597
78 93 0.078597
78 94 0.078597
78 95 0.078597
78 96 0.078597
78 97 0.078597
78 98 0.078597
78 99 0.078597

79 0 0.078596
79 1 0.078596
79 2 0.078596
79 3 0.078596
79 4 0.078596
79 5 0.078597
79 6 0.078597
79 7 0.078597
79 8 0.078597
79 9 0.078597
79 10 0.078597
79 11 0.078597
79 12 0.078597
79 13 0.078598
79 14 0.078598
79 15 0.078598
79 16 0.078598
79 17 0.078599
79 18 0.078599
79 19 0.078599
79 20 0.078599
79 21 0.078600
79 22 0.078600
79 23 0.078600
79 24 0.078600
79 25 0.078600
79 26 0.078600
79 27 0.078601
79 28 0.078601
79 29 0.078601
79 30 0.078601
79 31 0.078601
79 32 0.078601
79 33 0.078602
79 34 0.078602
79 35 0.078602
79 36 0.078602
79 37 0.078602
79 38 0.078602
79 39 0.078603
79 40 0.078603
79 41 0.078603
79 42 0.078604
79 43 0.078604
79 44 0.078604
79 45 0.078604
79 46 0.078604
79 47 0.078604
79 48 0.078604
79 49 0.078603
79 50 0.078603
79 51 0.078603
79 52 0.078603
79 53 0.078603
79 54 0.078603
79 55 0.078604
79 56 0.078604
79 57 0.078603
79 58 0.078603
79 59 0.078603
79 60 0.078602
79 61 0.078602
79 62 0.078602
79 63 0.078601
79 64 0.078601
79 65 0.078601
79 66 0.078601
79 67 0.078601
79 68 0.078601
79 69 0.078601
79 70 0.078601
79 71 0.078601
79 72 0.078600
79 73 0.078600
79 74 0.078600
79 75 0.078599
79 76 0.078599
79 77 0.078599
79 78 0.078600
79 79 0.078600
79 80 0.078599
79 81 0.078599
79 82 0.078599
79 83 0.078598
79 84 0.078598
79 85 0.078597
79 86 0.078597
79 87 0.078597
79 88 0.078597
79 89 0.078597
79 90 0.078597
79 91 0.078597
79 92 0.078597
79 93 0.078597
79 94 0.078597
79 95 0.078597
79 96 0.078597
79 97 0.078596
79 98 0.078596
79 99 0.078596

80 0 0.078596
80 1 0.078596
80 2 0.078596
80 3 0.078596
80 4 0.078596
80 5 0.078596
80 6 0.078597
80 7 0.078597
80 8 0.078597
80 9 0.078597
80 10 0.078597
80 11 0.078597
80 12 0.078597
80 13 0.078597
80 14 0.078598
80 15 0.078598
80 16 0.078598
80 17 0.078598
80 18 0.078599
80 19 0.078599
80 20 0.078599
80 21 0.078599
80 22 0.078600
80 23 0.078600
80 24 0.078600
80 25 0.078600
80 26 0.078600
80 27 0.078600
80 28 0.078601
80 29 0.078601
80 30 0.078601
80 31 0.078601
80 32 0.078601
80 33 0.078601
80 34 0.078602
80 35 0.078602
80 36 0.078602
80 37 0.078602
80 38 0.078603
80 39 0.078603
80 40 0.078603
80 41 0.078603
80 42 0.078604
80 43 0.078604
80 44 0.078604
80 45 0.078604
80 46 0.078604
80 47 0.078604
80 48 0.078603
80 49 0.078603
80 50 0.078603
80 51 0.078603
80 52 0.078603
80 53 0.078603
80 54 0.078603
80 55 0.078603
80 56 0.078603
80 57 0.078603
80 58 0.078603
80 59 0.078602
80 60 0.078602
80 61 0.078602
80 62 0.078601
80 63 0.078601
80 64 0.078601
80 65 0.078601
80 66 0.078601
80 67 0.078602
80 68 0.078602
80 69 0.078601
80 70 0.078601
80 71 0.078600
80 72 0.078600
80 73 0.078600
80 74 0.078599
80 75 0.078599
80 76 0.078599
80 77 0.078599
80 78 0.078599
80 79 0.078599
80 80 0.078599
80 81 0.078599
80 82 0.078598
80 83 0.078598
80 84 0.078598
80 85 0.078597
80 86 0.078597
80 87 0.078597
80 88 0.078597
80 89 0.078597
80 90 0.078597
80 91 0.078596
80 92 0.078596
80 93 0.078596
80 94 0.078596
80 95 0.078596
80 96 0.078596
80 97 0.078596
80 98 0.078596
80 99 0.078596

81 0 0.078595
81 1 0.078595
81 2 0.078596
81 3 0.078596
81 4 0.078596
81 5 0.078596
81 6 0.078596
81 7 0.078596
81 8 0.078597
81 9 0.078597
81 10 0.078597
81 11 0.078597
81 12 0.078597
81 13 0.078597
81 14 0.078598
81 15 0.078598
81 16 0.078598
81 17 0.078598
81 18 0.078599
81 19 0.078599
81 20 0.078599
81 21 0.078599
81 22 0.078599
81 23 0.078600
81 24 0.078600
81 25 0.078600
81 26 0.078600
81 27 0.078600
81 28 0.078600
81 29 0.078600
81 30 0.078601
81 31 0.078601
81 32 0.078601
81 33 0.078601
81 34 0.078602
81 35 0.078602
81 36 0.078602
81 37 0.078602
81 38 0.078603
81 39 0.078603
81 40 0.078603
81 41 0.078603
81 42 0.078604
81 43 0.078604
81 44 0.078604
81 45 0.078604
81 46 0.078603
81 47 0.078603
81 48 0.078603
81 49 0.078603
81 50 0.078603
81 51 0.078603
81 52 0.078603
81 53 0.078603
81 54 0.078603
81 55 0.078603
81 56 0.078603
81 57 0.078603
81 58 0.078602
81 59 0.078602
81 60 0.078602
81 61 0.078601
81 62 0.078601
81 63 0.078601
81 64 0.078601
81 65 0.078602
81 66 0.078602
81 67 0.078602
81 68 0.078602
81 69 0.078601
81 70 0.078601
81 71 0.078600
81 72 0.078600
81 73 0.078599
81 74 0.078601
81 75 0.078601
81 76 0.078600
81 77 0.078599
81 78 0.078598
81 79 0.078598
81 80 0.078598
81 81 0.078598
81 82 0.078598
81 83 0.078598
81 84 0.078598
81 85 0.078598
81 86 0.078598
81 87 0.078598
81 88 0.078598
81 89 0.078598
81 90 0.078598
81 91 0.078598
81 92 0.078598
81 93 0.078597
81 94 0.078597
81 95 0.078597
81 96 0.078597
81 97 0.078597
81 98 0.078598
81 99 0.078598

82 0 0.078596
82 1 0.078596
82 2 0.078596
82 3 0.078595
82 4 0.078595
82 5 0.078595
82 6 0.078595
82 7 0.078596
82 8 0.078596
82 9 0.078596
82 10 0.078596
82 11 0.078596
82 12 0.078596
82 13 0.078596
82 14 0.078597
82 15 0.078597
82 16 0.078597
82 17 0.078597
82 18 0.078597
82 19 0.078598
82 20 0.078598
82 21 0.078598
82 22 0.078599
82 23 0.078599
82 24 0.078599
82 25 0.078600
82 26 0.078600
82 27 0.078601
82 28 0.078601
82 29 0.078601
82 30 0.078602
82 31 0.078602
82 32 0.078602
82 33 0.078602
82 34 0.078602
82 35 0.078602
82 36 0.078601
82 37 0.078601
82 38 0.078601
82 39 0.078601
82 40 0.078601
82 41 0.078601
82 42 0.078601
82 43 0.078601
82 44 0.078601
82 45 0.078602
82 46 0.078603
82 47 0.078603
82 48 0.078604
82 49 0.078604
82 50 0.078604
82 51 0.078604
82 52 0.078604
82 53 0.078603
82 54 0.078603
82 55 0.078602
82 56 0.078602
82 57 0.078603
82 58 0.078603
82 59 0.078603
82 60 0.078604
82 61 0.078604
82 62 0.078604
82 63 0.078603
82 64 0.078602
82 65 0.078601
82 66 0.078600
82 67 0.078600
82 68 0.078599
82 69 0.078600
82 70 0.078600
82 71 0.078600
82 72 0.078601
82 73 0.078601
82 74 0.078600
82 75 0.078600
82 76 0.078599
82 77 0.078598
82 78 0.078598
82 79 0.078598
82 80 0.078597
82 81 0.078597
82 82 0.078598
82 83 0.078598
82 84 0.078598
82 85 0.078597
82 86 0.078597
82 87 0.078597
82 88 0.078597
82 89 0.078597
82 90 0.078597
82 91 0.078597
82 92 0.078597
82 93 0.078597
82 94 0.078596
82 95 0.078596
82 96 0.078596
82 97 0.078597
82 98 0.078597
82 99 0.078597

83 0 0.078596
83 1 0.078596
83 2 0.078596
83 3 0.078596
83 4 0.078595
83 5 0.078595
83 6 0.078595
83 7 0.078595
83 8 0.078595
83 9 0.078596
83 10 0.078596
83 11 0.078596
83 12 0.078596
83 13 0.078596
83 14 0.078596
83 15 0.078596
83 16 0.078596
83 17 0.078597
83 18 0.078597
83 19 0.078597
83 20 0.078598
83 21 0.078598
83 22 0.078599
83 23 0.078599
83 24 0.078599
83 25 0.078600
83 26 0.078600
83 27 0.078601
83 28 0.078601
83 29 0.078601
83 30 0.078601
83 31 0.078601
83 32 0.078601
83 33 0.078601
83 34 0.078601
83 35 0.078601
83 36 0.078601
83 37 0.078600
83 38 0.078600
83 39 0.078600
83 40 0.078600
83 41 0.078601
83 42 0.078601
83 43 0.078602
83 44 0.078602
83 45 0.078603
83 46 0.078604
83 47 0.078604
83 48 0.078605
83 49 0.078605
83 50 0.078605
83 51 0.078604
83 52 0.078604
83 53 0.078603
83 54 0.078602
83 55 0.078602
83 56 0.078602
83 57 0.078602
83 58 0.078603
83 59 0.078603
83 60 0.078603
83 61 0.078603
83 62 0.078603
83 63 0.078602
83 64 0.078601
83 65 0.078600
83 66 0.078599
83 67 0.078599
83 68 0.078599
83 69 0.078599
83 70 0.078600
83 71 0.078600
83 72 0.078601
83 73 0.078600
83 74 0.078600
83 75 0.078599
83 76 0.078599
83 77 0.078598
83 78 0.078597
83 79 0.078597
83 80 0.078597
83 81 0.078597
83 82 0.078597
83 83 0.078597
83 84 0.078597
83 85 0.078597
83 86 0.078597
83 87 0.078596
83 88 0.078596
83 89 0.078597
83 90 0.078597
83 91 0.078597
83 92 0.078596
83 93 0.078596
83 94 0.078596
83 95 0.078596
83 96 0.078596
83 97 0.078596
83 98 0.078596
83 99 0.078596

84 0 0.078596
84 1 0.078596
84 2 0.078596
84 3 0.078596
84 4 0.078595
84 5 0.078595
84 6 0.078595
84 7 0.078595
84 8 0.078595
84 9 0.078595
84 10 0.078595
84 11 0.078595
84 12 0.078596
84 13 0.078596
84 14 0.078596
84 15 0.078596
84 16 0.078596
84 17 0.078596
84 18 0.078597
84 19 0.078597
84 20 0.078598
84 21 0.078598
84 22 0.078599
84 23 0.078599
84 24 0.078600
84 25 0.078600
84 26 0.078600
84 27 0.078601
84 28 0.078601
84 29 0.078601
84 30 0.078601
84 31 0.078601
84 32 0.078601
84 33 0.078601
84 34 0.078600
84 35 0.078600
84 36 0.078600
84 37 0.078600
84 38 0.078600
84 39 0.078600
84 40 0.078600
84 41 0.078601
84 42 0.078602
84 43 0.078602
84 44 0.078603
84 45 0.078604
84 46 0.078604
84 47 0.078605
84 48 0.078605
84 49 0.078605
84 50 0.078605
84 51 0.078604
84 52 0.078603
84 53 0.078603
84 54 0.078602
84 55 0.078602
84 56 0.078602
84 57 0.078602
84 58 0.078602
84 59 0.078603
84 60 0.078603
84 61 0.078602
84 62 0.078602
84 63 0.078601
84 64 0.078600
84 65 0.078599
84 66 0.078599
84 67 0.078599
84 68 0.078599
84 69 0.078599
84 70 0.078600
84 71 0.078600
84 72 0.078600
84 73 0.078600
84 74 0.078599
84 75 0.078599
84 76 0.078598
84 77 0.078597
84 78 0.078597
84 79 0.078597
84 80 0.078597
84 81 0.078597
84 82 0.078597
84 83 0.078597
84 84 0.078597
84 85 0.078596
84 86 0.078596
84 87 0.078596
84 88 0.078596
84 89 0.078596
84 90 0.078596
84 91 0.078596
84 92 0.078596
84 93 0.078596
84 94 0.078595
84 95 0.078595
84 96 0.078595
84 97 0.078595
84 98 0.078595
84 99 0.078595

85 0 0.078596
85 1 0.078596
85 2 0.078596
85 3 0.078596
85 4 0.078595
85 5 0.078595
85 6 0.078595
85 7 0.078595
85 8 0.078595
85 9 0.078595
85 10 0.078595
85 11 0.078595
85 12 0.078595
85 13 0.078596
85 14 0.078596
85 15 0.078596
85 16 0.078596
85 17 0.078597
85 18 0.078597
85 19 0.078597
85 20 0.078598
85 21 0.078598
85 22 0.078599
85 23 0.078599
85 24 0.078600
85 25 0.078600
85 26 0.078600
85 27 0.078600
85 28 0.078601
85 29 0.078601
85 30 0.078600
85 31 0.078600
85 32 0.078600
85 33 0.078600
85 34 0.078600
85 35 0.078600
85 36 0.078600
85 37 0.078600
85 38 0.078600
85 39 0.078600
85 40 0.078601
85 41 0.078602
85 42 0.078602
85 43 0.078603
85 44 0.078604
85 45 0.078604
85 46 0.078605
85 47 0.078605
85 48 0.078605
85 49 0.078604
85 50 0.078604
85 51 0.078603
85 52 0.078603
85 53 0.078602
85 54 0.078601
85 55 0.078601
85 56 0.078601
85 57 0.078602
85 58 0.078602
85 59 0.078602
85 60 0.078602
85 61 0.078602
85 62 0.078601
85 63 0.078600
85 64 0.078600
85 65 0.078599
85 66 0.078599
85 67 0.078599
85 68 0.078599
85 69 0.078600
85 70 0.078600
85 71 0.078600
85 72 0.078600
85 73 0.078600
85 74 0.078599
85 75 0.078598
85 76 0.078598
85 77 0.078597
85 78 0.078597
85 79 0.078597
85 80 0.078597
85 81 0.078597
85 82 0.078597
85 83 0.078597
85 84 0.078597
85 85 0.078596
85 86 0.078596
85 87 0.078596
85 88 0.078596
85 89 0.078596
85 90 0.078596
85 91 0.078595
85 92 0.078595
85 93 0.078595
85 94 0.078595
85 95 0.078594
85 96 0.078594
85 97 0.078594
85 98 0.078594
85 99 0.078594

86 0 0.078596
86 1 0.078596
86 2 0.078596
86 3 0.078596
86 4 0.078595
86 5 0.078595
86 6 0.078595
86 7 0.078595
86 8 0.078595
86 9 0.078595
86 10 0.078595
86 11 0.078595
86 12 0.078595
86 13 0.078596
86 14 0.078596
86 15 0.078596
86 16 0.078596
86 17 0.078597
86 18 0.078597
86 19 0.078597
86 20 0.078598
86 21 0.078598
86 22 0.078599
86 23 0.078599
86 24 0.078599
86 25 0.078600
86 26 0.078600
86 27 0.078600
86 28 0.078600
86 29 0.078600
86 30 0.078600
86 31 0.078599
86 32 0.078599
86 33 0.078599
86 34 0.078599
86 35 0.078599
86 36 0.078599
86 37 0.078600
86 38 0.078600
86 39 0.078601
86 40 0.078601
86 41 0.078602
86 42 0.078603
86 43 0.078604
86 44 0.078604
86 45 0.078605
86 46 0.078605
86 47 0.078605
86 48 0.078604
86 49 0.078604
86 50 0.078603
86 51 0.078602
86 52 0.078602
86 53 0.078601
86 54 0.078601
86 55 0.078601
86 56 0.078601
86 57 0.078601
86 58 0.078601
86 59 0.078601
86 60 0.078601
86 61 0.078601
86 62 0.078600
86 63 0.078600
86 64 0.078599
86 65 0.078599
86 66 0.078599
86 67 0.078599
86 68 0.078599
86 69 0.078600
86 70 0.078600
86 71 0.078600
86 72 0.078600
86 73 0.078599
86 74 0.078599
86 75 0.078598
86 76 0.078597
86 77 0.078597
86 78 0.078597
86 79 0.078597
86 80 0.078597
86 81 0.078598
86 82 0.078598
86 83 0.078597
86 84 0.078597
86 85 0.078597
86 86 0.078596
86 87 0.078596
86 88 0.078595
86 89 0.078595
86 90 0.078595
86 91 0.078595
86 92 0.078595
86 93 0.078594
86 94 0.078594
86 95 0.078594
86 96 0.078594
86 97 0.078594
86 98 0.078594
86 99 0.078593

87 0 0.078596
87 1 0.078596
87 2 0.078596
87 3 0.078595
87 4 0.078595
87 5 0.078595
87 6 0.078594
87 7 0.078594
87 8 0.078594
87 9 0.078594
87 10 0.078595
87 11 0.078595
87 12 0.078595
87 13 0.078596
87 14 0.078596
87 15 0.078596
87 16 0.078597
87 17 0.078597
87 18 0.078597
87 19 0.078598
87 20 0.078598
87 21 0.078598
87 22 0.078599
87 23 0.078599
87 24 0.078599
87 25 0.078599
87 26 0.078600
87 27 0.078600
87 28 0.078599
87 29 0.078599
87 30 0.078599
87 31 0.078599
87 32 0.078599
87 33 0.078599
87 34 0.078599
87 35 0.078599
87 36 0.078599
87 37 0.078600
87 38 0.078601
87 39 0.078601
87 40 0.078602
87 41 0.078603
87 42 0.078603
87 43 0.078604
87 44 0.078604
87 45 0.078604
87 46 0.078604
87 47 0.078604
87 48 0.078604
87 49 0.078603
87 50 0.078602
87 51 0.078602
87 52 0.078601
87 53 0.078601
87 54 0.078600
87 55 0.078600
87 56 0.078601
87 57 0.078601
87 58 0.078601
87 59 0.078601
87 60 0.078601
87 61 0.078601
87 62 0.078600
87 63 0.078600
87 64 0.078599
87 65 0.078599
87 66 0.078599
87 67 0.078599
87 68 0.078600
87 69 0.078600
87 70 0.078600
87 71 0.078600
87 72 0.078600
87 73 0.078599
87 74 0.078599
87 75 0.078598
87 76 0.078597
87 77 0.078597
87 78 0.078597
87 79 0.078597
87 80 0.078597
87 81 0.078598
87 82 0.078598
87 83 0.078598
87 84 0.078597
87 85 0.078597
87 86 0.078596
87 87 0.078595
87 88 0.078595
87 89 0.078595
87 90 0.078595
87 91 0.078595
87 92 0.078594
87 93 0.078594
87 94 0.078594
87 95 0.078594
87 96 0.078594
87 97 0.078594
87 98 0.078593
87 99 0.078593

88 0 0.078595
88 1 0.078595
88 2 0.078596
88 3 0.078595
88 4 0.078595
88 5 0.078594
88 6 0.078594
88 7 0.078594
88 8 0.078594
88 9 0.078594
88 10 0.078594
88 11 0.078595
88 12 0.078595
88 13 0.078596
88 14 0.078596
88 15 0.078596
88 16 0.078597
88 17 0.078597
88 18 0.078597
88 19 0.078598
88 20 0.078598
88 21 0.078598
88 22 0.078598
88 23 0.078599
88 24 0.078599
88 25 0.078599
88 26 0.078599
88 27 0.078599
88 28 0.078599
88 29 0.078598
88 30 0.078598
88 31 0.078598
88 32 0.078598
88 33 0.078598
88 34 0.078599
88 35 0.078599
88 36 0.078600
88 37 0.078600
88 38 0.078601
88 39 0.078602
88 40 0.078603
88 41 0.078603
88 42 0.078603
88 43 0.078604
88 44 0.078604
88 45 0.078604
88 46 0.078603
88 47 0.078603
88 48 0.078602
88 49 0.078602
88 50 0.078601
88 51 0.078601
88 52 0.078600
88 53 0.078600
88 54 0.078600
88 55 0.078600
88 56 0.078601
88 57 0.078601
88 58 0.078601
88 59 0.078601
88 60 0.078601
88 61 0.078601
88 62 0.078600
88 63 0.078600
88 64 0.078599
88 65 0.078599
88 66 0.078599
88 67 0.078599
88 68 0.078600
88 69 0.078600
88 70 0.078600
88 71 0.078600
88 72 0.078600
88 73 0.078599
88 74 0.078598
88 75 0.078598
88 76 0.078597
88 77 0.078597
88 78 0.078597
88 79 0.078597
88 80 0.078597
88 81 0.078598
88 82 0.078598
88 83 0.078598
88 84 0.078597
88 85 0.078597
88 86 0.078596
88 87 0.078595
88 88 0.078595
88 89 0.078594
88 90 0.078594
88 91 0.078594
88 92 0.078594
88 93 0.078594
88 94 0.078594
88 95 0.078594
88 96 0.078594
88 97 0.078594
88 98 0.078594
88 99 0.078594

89 0 0.078595
89 1 0.078595
89 2 0.078595
89 3 0.078595
89 4 0.078594
89 5 0.078593
89 6 0.078593
89 7 0.078593
89 8 0.078593
89 9 0.078593
89 10 0.078594
89 11 0.078594
89 12 0.078595
89 13 0.078596
89 14 0.078596
89 15 0.078597
89 16 0.078597
89 17 0.078597
89 18 0.078597
89 19 0.078598
89 20 0.078598
89 21 0.078598
89 22 0.078598
89 23 0.078598
89 24 0.078598
89 25 0.078598
89 26 0.078598
89 27 0.078598
89 28 0.078598
89 29 0.078598
89 30 0.078598
89 31 0.078598
89 32 0.078598
89 33 0.078598
89 34 0.078599
89 35 0.078600
89 36 0.078600
89 37 0.078601
89 38 0.078602
89 39 0.078603
89 40 0.078603
89 41 0.078603
89 42 0.078603
89 43 0.078603
89 44 0.078603
89 45 0.078603
89 46 0.078602
89 47 0.078602
89 48 0.078601
89 49 0.078601
89 50 0.078600
89 51 0.078600
89 52 0.078600
89 53 0.078600
89 54 0.078600
89 55 0.078600
89 56 0.078601
89 57 0.078601
89 58 0.078602
89 59 0.078602
89 60 0.078601
89 61 0.078601
89 62 0.078600
89 63 0.078600
89 64 0.078599
89 65 0.078599
89 66 0.078599
89 67 0.078599
89 68 0.078600
89 69 0.078600
89 70 0.078600
89 71 0.078600
89 72 0.078600
89 73 0.078599
89 74 0.078598
89 75 0.078598
89 76 0.078597
89 77 0.078597
89 78 0.078597
89 79 0.078597
89 80 0.078597
89 81 0.078597
89 82 0.078598
89 83 0.078597
89 84 0.078597
89 85 0.078596
89 86 0.078596
89 87 0.078595
89 88 0.078595
89 89 0.078594
89 90 0.078594
89 91 0.078594
89 92 0.078594
89 93 0.078594
89 94 0.078594
89 95 0.078594
89 96 0.078594
89 97 0.078594
89 98 0.078594
89 99 0.078594

90 0 0.078595
90 1 0.078595
90 2 0.078595
90 3 0.078594
90 4 0.078593
90 5 0.078593
90 6 0.078592
90 7 0.078592
90 8 0.078593
90 9 0.078593
90 10 0.078594
90 11 0.078594
90 12 0.078595
90 13 0.078596
90 14 0.078596
90 15 0.078597
90 16 0.078597
90 17 0.078597
90 18 0.078597
90 19 0.078597
90 20 0.078597
90 21 0.078597
90 22 0.078597
90 23 0.078597
90 24 0.078597
90 25 0.078597
90 26 0.078597
90 27 0.078597
90 28 0.078597
90 29 0.078597
90 30 0.078597
90 31 0.078598
90 32 0.078598
90 33 0.078599
90 34 0.078600
90 35 0.078601
90 36 0.078601
90 37 0.078602
90 38 0.078603
90 39 0.078603
90 40 0.078603
90 41 0.078603
90 42 0.078603
90 43 0.078602
90 44 0.078602
90 45 0.078601
90 46 0.078601
90 47 0.078600
90 48 0.078600
90 49 0.078600
90 50 0.078600
90 51 0.078600
90 52 0.078600
90 53 0.078600
90 54 0.078601
90 55 0.078601
90 56 0.078602
90 57 0.078602
90 58 0.078602
90 59 0.078602
90 60 0.078602
90 61 0.078601
90 62 0.078601
90 63 0.078600
90 64 0.078599
90 65 0.078599
90 66 0.078599
90 67 0.078599
90 68 0.078599
90 69 0.078600
90 70 0.078600
90 71 0.078600
90 72 0.078599
90 73 0.078599
90 74 0.078598
90 75 0.078597
90 76 0.078597
90 77 0.078596
90 78 0.078596
90 79 0.078596
90 80 0.078597
90 81 0.078597
90 82 0.078597
90 83 0.078597
90 84 0.078597
90 85 0.078596
90 86 0.078595
90 87 0.078595
90 88 0.078594
90 89 0.078594
90 90 0.078594
90 91 0.078593
90 92 0.078593
90 93 0.078593
90 94 0.078594
90 95 0.078594
90 96 0.078594
90 97 0.078594
90 98 0.078594
90 99 0.078594

91 0 0.078594
91 1 0.078594
91 2 0.078594
91 3 0.078593
91 4 0.078592
91 5 0.078592
91 6 0.078592
91 7 0.078592
91 8 0.078592
91 9 0.078593
91 10 0.078593
91 11 0.078594
91 12 0.078595
91 13 0.078596
91 14 0.078596
91 15 0.078597
91 16 0.078597
91 17 0.078597
91 18 0.078597
91 19 0.078597
91 20 0.078597
91 21 0.078596
91 22 0.078596
91 23 0.078596
91 24 0.078596
91 25 0.078596
91 26 0.078596
91 27 0.078596
91 28 0.078597
91 29 0.078597
91 30 0.078597
91 31 0.078598
91 32 0.078599
91 33 0.078600
91 34 0.078601
91 35 0.078602
91 36 0.078602
91 37 0.078603
91 38 0.078603
91 39 0.078603
91 40 0.078603
91 41 0.078602
91 42 0.078602
91 43 0.078601
91 44 0.078600
91 45 0.078600
91 46 0.078599
91 47 0.078599
91 48 0.078599
91 49 0.078599
91 50 0.078599
91 51 0.078600
91 52 0.078600
91 53 0.078601
91 54 0.078601
91 55 0.078602
91 56 0.078602
91 57 0.078603
91 58 0.078603
91 59 0.078602
91 60 0.078602
91 61 0.078601
91 62 0.078601
91 63 0.078600
91 64 0.078599
91 65 0.078599
91 66 0.078599
91 67 0.078599
91 68 0.078599
91 69 0.078599
91 70 0.078599
91 71 0.078599
91 72 0.078599
91 73 0.078598
91 74 0.078598
91 75 0.078597
91 76 0.078597
91 77 0.078596
91 78 0.078596
91 79 0.078596
91 80 0.078596
91 81 0.078596
91 82 0.078596
91 83 0.078596
91 84 0.078596
91 85 0.078595
91 86 0.078595
91 87 0.078594
91 88 0.078594
91 89 0.078593
91 90 0.078593
91 91 0.078593
91 92 0.078593
91 93 0.078593
91 94 0.078593
91 95 0.078594
91 96 0.078594
91 97 0.078595
91 98 0.078595
91 99 0.078595

92 0 0.078594
92 1 0.078593
92 2 0.078593
92 3 0.078592
92 4 0.078592
92 5 0.078591
92 6 0.078591
92 7 0.078592
92 8 0.078592
92 9 0.078593
92 10 0.078594
92 11 0.078594
92 12 0.078595
92 13 0.078596
92 14 0.078596
92 15 0.078596
92 16 0.078596
92 17 0.078596
92 18 0.078596
92 19 0.078596
92 20 0.078596
92 21 0.078596
92 22 0.078596
92 23 0.078596
92 24 0.078596
92 25 0.078596
92 26 0.078596
92 27 0.078596
92 28 0.078596
92 29 0.078597
92 30 0.078598
92 31 0.078599
92 32 0.078600
92 33 0.078601
92 34 0.078602
92 35 0.078602
92 36 0.078603
92 37 0.078603
92 38 0.078603
92 39 0.078603
92 40 0.078602
92 41 0.078601
92 42 0.078601
92 43 0.078600
92 44 0.078599
92 45 0.078598
92 46 0.078598
92 47 0.078598
92 48 0.078598
92 49 0.078599
92 50 0.078599
92 51 0.078600
92 52 0.078601
92 53 0.078601
92 54 0.078602
92 55 0.078602
92 56 0.078603
92 57 0.078603
92 58 0.078603
92 59 0.078603
92 60 0.078602
92 61 0.078601
92 62 0.078601
92 63 0.078600
92 64 0.078599
92 65 0.078599
92 66 0.078599
92 67 0.078598
92 68 0.078598
92 69 0.078599
92 70 0.078599
92 71 0.078599
92 72 0.078598
92 73 0.078598
92 74 0.078598
92 75 0.078597
92 76 0.078597
92 77 0.078596
92 78 0.078596
92 79 0.078596
92 80 0.078596
92 81 0.078596
92 82 0.078596
92 83 0.078596
92 84 0.078595
92 85 0.078595
92 86 0.078594
92 87 0.078594
92 88 0.078593
92 89 0.078593
92 90 0.078593
92 91 0.078593
92 92 0.078593
92 93 0.078593
92 94 0.078593
92 95 0.078594
92 96 0.078594
92 97 0.078595
92 98 0.078595
92 99 0.078595

93 0 0.078593
93 1 0.078593
93 2 0.078592
93 3 0.078592
93 4 0.078591
93 5 0.078591
93 6 0.078591
93 7 0.078592
93 8 0.078592
93 9 0.078593
93 10 0.078594
93 11 0.078595
93 12 0.078595
93 13 0.078596
93 14 0.078596
93 15 0.078596
93 16 0.078596
93 17 0.078596
93 18 0.078595
93 19 0.078595
93 20 0.078595
93 21 0.078595
93 22 0.078595
93 23 0.078595
93 24 0.078595
93 25 0.078596
93 26 0.078596
93 27 0.078596
93 28 0.078597
93 29 0.078597
93 30 0.078598
93 31 0.078599
93 32 0.078600
93 33 0.078601
93 34 0.078602
93 35 0.078603
93 36 0.078603
93 37 0.078603
93 38 0.078603
93 39 0.078602
93 40 0.078602
93 41 0.078601
93 42 0.078600
93 43 0.078599
93 44 0.078598
93 45 0.078598
93 46 0.078598
93 47 0.078598
93 48 0.078598
93 49 0.078599
93 50 0.078600
93 51 0.078601
93 52 0.078601
93 53 0.078602
93 54 0.078602
93 55 0.078603
93 56 0.078603
93 57 0.078603
93 58 0.078603
93 59 0.078602
93 60 0.078602
93 61 0.078601
93 62 0.078601
93 63 0.078600
93 64 0.078599
93 65 0.078599
93 66 0.078598
93 67 0.078598
93 68 0.078598
93 69 0.078598
93 70 0.078598
93 71 0.078598
93 72 0.078598
93 73 0.078598
93 74 0.078597
93 75 0.078597
93 76 0.078597
93 77 0.078596
93 78 0.078596
93 79 0.078595
93 80 0.078595
93 81 0.078595
93 82 0.078595
93 83 0.078595
93 84 0.078595
93 85 0.078594
93 86 0.078594
93 87 0.078594
93 88 0.078593
93 89 0.078593
93 90 0.078593
93 91 0.078593
93 92 0.078593
93 93 0.078593
93 94 0.078593
93 95 0.078594
93 96 0.078594
93 97 0.078595
93 98 0.078594
93 99 0.078595

94 0 0.078592
94 1 0.078592
94 2 0.078592
94 3 0.078591
94 4 0.078591
94 5 0.078591
94 6 0.078592
94 7 0.078592
94 8 0.078593
94 9 0.078594
94 10 0.078595
94 11 0.078595
94 12 0.078596
94 13 0.078596
94 14 0.078596
94 15 0.078596
94 16 0.078595
94 17 0.078595
94 18 0.078595
94 19 0.078595
94 20 0.078595
94 21 0.078595
94 22 0.078595
94 23 0.078595
94 24 0.078596
94 25 0.078596
94 26 0.078596
94 27 0.078597
94 28 0.078597
94 29 0.078598
94 30 0.078599
94 31 0.078600
94 32 0.078601
94 33 0.078602
94 34 0.078602
94 35 0.078603
94 36 0.078603
94 37 0.078603
94 38 0.078602
94 39 0.078601
94 40 0.078601
94 41 0.078600
94 42 0.078599
94 43 0.078598
94 44 0.078598
94 45 0.078598
94 46 0.078598
94 47 0.078598
94 48 0.078599
94 49 0.078600
94 50 0.078601
94 51 0.078601
94 52 0.078602
94 53 0.078602
94 54 0.078602
94 55 0.078603
94 56 0.078603
94 57 0.078602
94 58 0.078602
94 59 0.078602
94 60 0.078602
94 61 0.078601
94 62 0.078600
94 63 0.078600
94 64 0.078599
94 65 0.078599
94 66 0.078598
94 67 0.078598
94 68 0.078598
94 69 0.078598
94 70 0.078598
94 71 0.078598
94 72 0.078598
94 73 0.078598
94 74 0.078597
94 75 0.078597
94 76 0.078597
94 77 0.078596
94 78 0.078596
94 79 0.078595
94 80 0.078595
94 81 0.078595
94 82 0.078595
94 83 0.078595
94 84 0.078594
94 85 0.078594
94 86 0.078594
94 87 0.078594
94 88 0.078594
94 89 0.078593
94 90 0.078593
94 91 0.078593
94 92 0.078593
94 93 0.078593
94 94 0.078593
94 95 0.078594
94 96 0.078594
94 97 0.078594
94 98 0.078594
94 99 0.078594

95 0 0.078591
95 1 0.078591
95 2 0.078591
95 3 0.078591
95 4 0.078592
95 5 0.078592
95 6 0.078593
95 7 0.078594
95 8 0.078595
95 9 0.078595
95 10 0.078596
95 11 0.078596
95 12 0.078596
95 13 0.078595
95 14 0.078595
95 15 0.078595
95 16 0.078595
95 17 0.078594
95 18 0.078595
95 19 0.078595
95 20 0.078595
95 21 0.078596
95 22 0.078596
95 23 0.078596
95 24 0.078597
95 25 0.078597
95 26 0.078597
95 27 0.078598
95 28 0.078598
95 29 0.078599
95 30 0.078599
95 31 0.078600
95 32 0.078601
95 33 0.078601
95 34 0.078602
95 35 0.078602
95 36 0.078602
95 37 0.078601
95 38 0.078601
95 39 0.078600
95 40 0.078600
95 41 0.078599
95 42 0.078599
95 43 0.078599
95 44 0.078599
95 45 0.078599
95 46 0.078600
95 47 0.078600
95 48 0.078601
95 49 0.078602
95 50 0.078602
95 51 0.078602
95 52 0.078602
95 53 0.078602
95 54 0.078602
95 55 0.078602
95 56 0.078602
95 57 0.078601
95 58 0.078601
95 59 0.078601
95 60 0.078601
95 61 0.078601
95 62 0.078600
95 63 0.078600
95 64 0.078599
95 65 0.078599
95 66 0.078598
95 67 0.078598
95 68 0.078598
95 69 0.078598
95 70 0.078598
95 71 0.078598
95 72 0.078598
95 73 0.078598
95 74 0.078597
95 75 0.078597
95 76 0.078597
95 77 0.078596
95 78 0.078596
95 79 0.078596
95 80 0.078595
95 81 0.078595
95 82 0.078595
95 83 0.078595
95 84 0.078594
95 85 0.078594
95 86 0.078594
95 87 0.078594
95 88 0.078594
95 89 0.078594
95 90 0.078594
95 91 0.078594
95 92 0.078594
95 93 0.078594
95 94 0.078594
95 95 0.078594
95 96 0.078593
95 97 0.078593
95 98 0.078593
95 99 0.078593

96 0 0.078590
96 1 0.078590
96 2 0.078591
96 3 0.078591
96 4 0.078592
96 5 0.078593
96 6 0.078594
96 7 0.078595
96 8 0.078596
96 9 0.078596
96 10 0.078596
96 11 0.078596
96 12 0.078595
96 13 0.078595
96 14 0.078594
96 15 0.078594
96 16 0.078594
96 17 0.078594
96 18 0.078594
96 19 0.078595
96 20 0.078596
96 21 0.078596
96 22 0.078597
96 23 0.078597
96 24 0.078598
96 25 0.078598
96 26 0.078598
96 27 0.078598
96 28 0.078599
96 29 0.078599
96 30 0.078599
96 31 0.078600
96 32 0.078600
96 33 0.078600
96 34 0.078600
96 35 0.078600
96 36 0.078600
96 37 0.078600
96 38 0.078599
96 39 0.078599
96 40 0.078599
96 41 0.078599
96 42 0.078599
96 43 0.078599
96 44 0.078600
96 45 0.078601
96 46 0.078602
96 47 0.078602
96 48 0.078603
96 49 0.078603
96 50 0.078603
96 51 0.078603
96 52 0.078602
96 53 0.078602
96 54 0.078601
96 55 0.078601
96 56 0.078601
96 57 0.078600
96 58 0.078600
96 59 0.078600
96 60 0.078600
96 61 0.078600
96 62 0.078600
96 63 0.078600
96 64 0.078599
96 65 0.078599
96 66 0.078598
96 67 0.078598
96 68 0.078598
96 69 0.078598
96 70 0.078598
96 71 0.078598
96 72 0.078598
96 73 0.078598
96 74 0.078598
96 75 0.078597
96 76 0.078597
96 77 0.078597
96 78 0.078596
96 79 0.078596
96 80 0.078595
96 81 0.078595
96 82 0.078595
96 83 0.078595
96 84 0.078594
96 85 0.078594
96 86 0.078594
96 87 0.078594
96 88 0.078594
96 89 0.078594
96 90 0.078594
96 91 0.078594
96 92 0.078594
96 93 0.078594
96 94 0.078593
96 95 0.078593
96 96 0.078593
96 97 0.078593
96 98 0.078592
96 99 0.078592

97 0 0.078589
97 1 0.078589
97 2 0.078590
97 3 0.078591
97 4 0.078593
97 5 0.078594
97 6 0.078595
97 7 0.078596
97 8 0.078597
97 9 0.078597
97 10 0.078597
97 11 0.078596
97 12 0.078595
97 13 0.078594
97 14 0.078594
97 15 0.078593
97 16 0.078593
97 17 0.078593
97 18 0.078594
97 19 0.078595
97 20 0.078596
97 21 0.078597
97 22 0.078598
97 23 0.078598
97 24 0.078598
97 25 0.078599
97 26 0.078599
97 27 0.078599
97 28 0.078599
97 29 0.078599
97 30 0.078600
97 31 0.078600
97 32 0.078600
97 33 0.078600
97 34 0.078600
97 35 0.078599
97 36 0.078599
97 37 0.078599
97 38 0.078598
97 39 0.078598
97 40 0.078598
97 41 0.078599
97 42 0.078599
97 43 0.078600
97 44 0.078601
97 45 0.078602
97 46 0.078603
97 47 0.078604
97 48 0.078604
97 49 0.078604
97 50 0.078604
97 51 0.078603
97 52 0.078602
97 53 0.078602
97 54 0.078601
97 55 0.078600
97 56 0.078600
97 57 0.078599
97 58 0.078599
97 59 0.078599
97 60 0.078599
97 61 0.078599
97 62 0.078599
97 63 0.078599
97 64 0.078599
97 65 0.078599
97 66 0.078599
97 67 0.078598
97 68 0.078598
97 69 0.078598
97 70 0.078598
97 71 0.078598
97 72 0.078598
97 73 0.078598
97 74 0.078598
97 75 0.078598
97 76 0.078597
97 77 0.078597
97 78 0.078596
97 79 0.078596
97 80 0.078595
97 81 0.078595
97 82 0.078595
97 83 0.078595
97 84 0.078594
97 85 0.078594
97 86 0.078594
97 87 0.078594
97 88 0.078594
97 89 0.078594
97 90 0.078594
97 91 0.078594
97 92 0.078594
97 93 0.078594
97 94 0.078594
97 95 0.078593
97 96 0.078593
97 97 0.078593
97 98 0.078592
97 99 0.078592

98 0 0.078588
98 1 0.078588
98 2 0.078589
98 3 0.078591
98 4 0.078592
98 5 0.078594
98 6 0.078596
98 7 0.078597
98 8 0.078597
98 9 0.078597
98 10 0.078597
98 11 0.078596
98 12 0.078595
98 13 0.078594
98 14 0.078593
98 15 0.078592
98 16 0.078592
98 17 0.078593
98 18 0.078594
98 19 0.078595
98 20 0.078596
98 21 0.078597
98 22 0.078598
98 23 0.078598
98 24 0.078599
98 25 0.078599
98 26 0.078599
98 27 0.078599
98 28 0.078599
98 29 0.078599
98 30 0.078599
98 31 0.078600
98 32 0.078599
98 33 0.078599
98 34 0.078599
98 35 0.078599
98 36 0.078598
98 37 0.078598
98 38 0.078598
98 39 0.078598
98 40 0.078598
98 41 0.078599
98 42 0.078599
98 43 0.078601
98 44 0.078602
98 45 0.078603
98 46 0.078604
98 47 0.078605
98 48 0.078605
98 49 0.078605
98 50 0.078604
98 51 0.078603
98 52 0.078602
98 53 0.078601
98 54 0.078600
98 55 0.078599
98 56 0.078599
98 57 0.078599
98 58 0.078599
98 59 0.078599
98 60 0.078599
98 61 0.078599
98 62 0.078599
98 63 0.078599
98 64 0.078599
98 65 0.078599
98 66 0.078599
98 67 0.078598
98 68 0.078598
98 69 0.078598
98 70 0.078598
98 71 0.078598
98 72 0.078598
98 73 0.078598
98 74 0.078598
98 75 0.078598
98 76 0.078597
98 77 0.078597
98 78 0.078596
98 79 0.078596
98 80 0.078595
98 81 0.078595
98 82 0.078595
98 83 0.078594
98 84 0.078594
98 85 0.078594
98 86 0.078594
98 87 0.078594
98 88 0.078594
98 89 0.078594
98 90 0.078594
98 91 0.078594
98 92 0.078594
98 93 0.078594
98 94 0.078593
98 95 0.078593
98 96 0.078592
98 97 0.078592
98 98 0.078592
98 99 0.078591

99 0 0.078588
99 1 0.078588
99 2 0.078589
99 3 0.078590
99 4 0.078592
99 5 0.078594
99 6 0.078596
99 7 0.078598
99 8 0.078598
99 9 0.078598
99 10 0.078597
99 11 0.078596
99 12 0.078595
99 13 0.078594
99 14 0.078592
99 15 0.078592
99 16 0.078592
99 17 0.078592
99 18 0.078593
99 19 0.078594
99 20 0.078596
99 21 0.078597
99 22 0.078598
99 23 0.078599
99 24 0.078599
99 25 0.078599
99 26 0.078600
99 27 0.078600
99 28 0.078600
99 29 0.078600
99 30 0.078600
99 31 0.078600
99 32 0.078599
99 33 0.078599
99 34 0.078599
99 35 0.078598
99 36 0.078598
99 37 0.078597
99 38 0.078597
99 39 0.078597
99 40 0.078597
99 41 0.078598
99 42 0.078599
99 43 0.078601
99 44 0.078602
99 45 0.078604
99 46 0.078605
99 47 0.078605
99 48 0.078606
99 49 0.078606
99 50 0.078605
99 51 0.078604
99 52 0.078603
99 53 0.078601
99 54 0.078600
99 55 0.078599
99 56 0.078598
99 57 0.078598
99 58 0.078598
99 59 0.078598
99 60 0.078599
99 61 0.078599
99 62 0.078599
99 63 0.078599
99 64 0.078599
99 65 0.078599
99 66 0.078599
99 67 0.078598
99 68 0.078598
99 69 0.078598
99 70 0.078598
99 71 0.078598
99 72 0.078598
99 73 0.078598
99 74 0.078598
99 75 0.078598
99 76 0.078598
99 77 0.078597
99 78 0.078597
99 79 0.078596
99 80 0.078595
99 81 0.078595
99 82 0.078595
99 83 0.078594
99 84 0.078594
99 85 0.078594
99 86 0.078594
99 87 0.078594
99 88 0.078594
99 89 0.078594
99 90 0.078595
99 91 0.078594
99 92 0.078594
99 93 0.078594
99 94 0.078593
99 95 0.078593
99 96 0.078592
99 97 0.078592
99 98 0.078591
99 99 0.078591

