0 0 0.078818
0 1 0.078818
0 2 0.078816
0 3 0.078814
0 4 0.078812
0 5 0.078808
0 6 0.078805
0 7 0.078801
0 8 0.078796
0 9 0.078791
0 10 0.078785
0 11 0.078779
0 12 0.078773
0 13 0.078766
0 14 0.078759
0 15 0.078752
0 16 0.078744
0 17 0.078736
0 18 0.078728
0 19 0.078719
0 20 0.078711
0 21 0.078702
0 22 0.078693
0 23 0.078683
0 24 0.078674
0 25 0.078664
0 26 0.078654
0 27 0.078643
0 28 0.078633
0 29 0.078622
0 30 0.078610
0 31 0.078599
0 32 0.078587
0 33 0.078581
0 34 0.078582
0 35 0.078582
0 36 0.078582
0 37 0.078582
0 38 0.078582
0 39 0.078582
0 40 0.078582
0 41 0.078582
0 42 0.078582
0 43 0.078581
0 44 0.078581
0 45 0.078580
0 46 0.078580
0 47 0.078579
0 48 0.078579
0 49 0.078579
0 50 0.078578
0 51 0.078578
0 52 0.078578
0 53 0.078578
0 54 0.078578
0 55 0.078578
0 56 0.078579
0 57 0.078579
0 58 0.078580
0 59 0.078581
0 60 0.078582
0 61 0.078583
0 62 0.078585
0 63 0.078588
0 64 0.078591
0 65 0.078596
0 66 0.078602
0 67 0.078609
0 68 0.078616
0 69 0.078624
0 70 0.078632
0 71 0.078640
0 72 0.078647
0 73 0.078655
0 74 0.078662
0 75 0.078670
0 76 0.078677
0 77 0.078683
0 78 0.078689
0 79 0.078693
0 80 0.078694
0 81 0.078699
0 82 0.078705
0 83 0.078710
0 84 0.078714
0 85 0.078717
0 86 0.078719
0 87 0.078722
0 88 0.078724
0 89 0.078726
0 90 0.078728
0 91 0.078730
0 92 0.078731
0 93 0.078733
0 94 0.078734
0 95 0.078735
0 96 0.078736
0 97 0.078737
0 98 0.078737
0 99 0.078737

1 0 0.078817
1 1 0.078817
1 2 0.078815
1 3 0.078813
1 4 0.078810
1 5 0.078807
1 6 0.078804
1 7 0.078799
1 8 0.078795
1 9 0.078790
1 10 0.078784
1 11 0.078778
1 12 0.078772
1 13 0.078765
1 14 0.078758
1 15 0.078750
1 16 0.078743
1 17 0.078735
1 18 0.078727
1 19 0.078718
1 20 0.078710
1 21 0.078701
1 22 0.078692
1 23 0.078682
1 24 0.078673
1 25 0.078663
1 26 0.078653
1 27 0.078643
1 28 0.078632
1 29 0.078621
1 30 0.078610
1 31 0.078599
1 32 0.078587
1 33 0.078581
1 34 0.078581
1 35 0.078582
1 36 0.078582
1 37 0.078582
1 38 0.078582
1 39 0.078582
1 40 0.078582
1 41 0.078582
1 42 0.078581
1 43 0.078581
1 44 0.078581
1 45 0.078580
1 46 0.078580
1 47 0.078580
1 48 0.078579
1 49 0.078579
1 50 0.078578
1 51 0.078578
1 52 0.078578
1 53 0.078578
1 54 0.078578
1 55 0.078578
1 56 0.078579
1 57 0.078579
1 58 0.078580
1 59 0.078580
1 60 0.078581
1 61 0.078583
1 62 0.078585
1 63 0.078587
1 64 0.078591
1 65 0.078596
1 66 0.078602
1 67 0.078609
1 68 0.078616
1 69 0.078623
1 70 0.078631
1 71 0.078639
1 72 0.078646
1 73 0.078654
1 74 0.078661
1 75 0.078669
1 76 0.078675
1 77 0.078682
1 78 0.078687
1 79 0.078691
1 80 0.078693
1 81 0.078697
1 82 0.078704
1 83 0.078709
1 84 0.078712
1 85 0.078715
1 86 0.078718
1 87 0.078720
1 88 0.078722
1 89 0.078724
1 90 0.078726
1 91 0.078728
1 92 0.078730
1 93 0.078731
1 94 0.078732
1 95 0.078733
1 96 0.078735
1 97 0.078735
1 98 0.078735
1 99 0.078735

2 0 0.078815
2 1 0.078815
2 2 0.078813
2 3 0.078811
2 4 0.078808
2 5 0.078805
2 6 0.078802
2 7 0.078797
2 8 0.078793
2 9 0.078788
2 10 0.078782
2 11 0.078776
2 12 0.078770
2 13 0.078763
2 14 0.078756
2 15 0.078749
2 16 0.078741
2 17 0.078733
2 18 0.078725
2 19 0.078717
2 20 0.078708
2 21 0.078700
2 22 0.078690
2 23 0.078681
2 24 0.078672
2 25 0.078662
2 26 0.078652
2 27 0.078642
2 28 0.078631
2 29 0.078621
2 30 0.078610
2 31 0.078598
2 32 0.078586
2 33 0.078581
2 34 0.078581
2 35 0.078582
2 36 0.078582
2 37 0.078582
2 38 0.078582
2 39 0.078582
2 40 0.078582
2 41 0.078582
2 42 0.078581
2 43 0.078581
2 44 0.078581
2 45 0.078580
2 46 0.078580
2 47 0.078580
2 48 0.078579
2 49 0.078579
2 50 0.078578
2 51 0.078578
2 52 0.078578
2 53 0.078578
2 54 0.078578
2 55 0.078578
2 56 0.078579
2 57 0.078579
2 58 0.078579
2 59 0.078580
2 60 0.078581
2 61 0.078582
2 62 0.078584
2 63 0.078586
2 64 0.078589
2 65 0.078594
2 66 0.078601
2 67 0.078608
2 68 0.078615
2 69 0.078623
2 70 0.078631
2 71 0.078638
2 72 0.078646
2 73 0.078654
2 74 0.078661
2 75 0.078668
2 76 0.078675
2 77 0.078682
2 78 0.078688
2 79 0.078693
2 80 0.078697
2 81 0.078701
2 82 0.078705
2 83 0.078708
2 84 0.078711
2 85 0.078714
2 86 0.078717
2 87 0.078719
2 88 0.078721
2 89 0.078723
2 90 0.078725
2 91 0.078727
2 92 0.078728
2 93 0.078729
2 94 0.078731
2 95 0.078732
2 96 0.078733
2 97 0.078733
2 98 0.078735
2 99 0.078735

3 0 0.078813
3 1 0.078813
3 2 0.078811
3 3 0.078809
3 4 0.078807
3 5 0.078803
3 6 0.078800
3 7 0.078795
3 8 0.078791
3 9 0.078786
3 10 0.078780
3 11 0.078774
3 12 0.078768
3 13 0.078761
3 14 0.078754
3 15 0.078747
3 16 0.078739
3 17 0.078732
3 18 0.078724
3 19 0.078715
3 20 0.078707
3 21 0.078698
3 22 0.078689
3 23 0.078680
3 24 0.078670
3 25 0.078661
3 26 0.078651
3 27 0.078641
3 28 0.078631
3 29 0.078620
3 30 0.078609
3 31 0.078598
3 32 0.078586
3 33 0.078581
3 34 0.078581
3 35 0.078582
3 36 0.078582
3 37 0.078582
3 38 0.078582
3 39 0.078582
3 40 0.078582
3 41 0.078582
3 42 0.078581
3 43 0.078581
3 44 0.078581
3 45 0.078580
3 46 0.078580
3 47 0.078579
3 48 0.078579
3 49 0.078579
3 50 0.078578
3 51 0.078578
3 52 0.078578
3 53 0.078578
3 54 0.078578
3 55 0.078578
3 56 0.078578
3 57 0.078578
3 58 0.078579
3 59 0.078579
3 60 0.078580
3 61 0.078581
3 62 0.078582
3 63 0.078584
3 64 0.078586
3 65 0.078591
3 66 0.078599
3 67 0.078606
3 68 0.078614
3 69 0.078622
3 70 0.078630
3 71 0.078638
3 72 0.078646
3 73 0.078653
3 74 0.078661
3 75 0.078668
3 76 0.078676
3 77 0.078683
3 78 0.078690
3 79 0.078696
3 80 0.078702
3 81 0.078705
3 82 0.078707
3 83 0.078709
3 84 0.078712
3 85 0.078714
3 86 0.078716
3 87 0.078719
3 88 0.078721
3 89 0.078723
3 90 0.078725
3 91 0.078726
3 92 0.078728
3 93 0.078729
3 94 0.078730
3 95 0.078731
3 96 0.078732
3 97 0.078733
3 98 0.078735
3 99 0.078735

4 0 0.078811
4 1 0.078811
4 2 0.078809
4 3 0.078807
4 4 0.078804
4 5 0.078801
4 6 0.078797
4 7 0.078793
4 8 0.078788
4 9 0.078783
4 10 0.078778
4 11 0.078772
4 12 0.078765
4 13 0.078759
4 14 0.078752
4 15 0.078745
4 16 0.078737
4 17 0.078729
4 18 0.078721
4 19 0.078713
4 20 0.078704
4 21 0.078696
4 22 0.078687
4 23 0.078678
4 24 0.078668
4 25 0.078659
4 26 0.078649
4 27 0.078639
4 28 0.078629
4 29 0.078619
4 30 0.078609
4 31 0.078598
4 32 0.078587
4 33 0.078581
4 34 0.078582
4 35 0.078582
4 36 0.078582
4 37 0.078582
4 38 0.078582
4 39 0.078582
4 40 0.078582
4 41 0.078582
4 42 0.078581
4 43 0.078581
4 44 0.078581
4 45 0.078580
4 46 0.078580
4 47 0.078579
4 48 0.078579
4 49 0.078578
4 50 0.078578
4 51 0.078577
4 52 0.078577
4 53 0.078577
4 54 0.078577
4 55 0.078577
4 56 0.078578
4 57 0.078578
4 58 0.078578
4 59 0.078578
4 60 0.078579
4 61 0.078579
4 62 0.078580
4 63 0.078580
4 64 0.078580
4 65 0.078585
4 66 0.078595
4 67 0.078603
4 68 0.078612
4 69 0.078620
4 70 0.078628
4 71 0.078636
4 72 0.078644
4 73 0.078652
4 74 0.078659
4 75 0.078667
4 76 0.078675
4 77 0.078682
4 78 0.078690
4 79 0.078698
4 80 0.078706
4 81 0.078709
4 82 0.078709
4 83 0.078710
4 84 0.078711
4 85 0.078713
4 86 0.078716
4 87 0.078718
4 88 0.078720
4 89 0.078722
4 90 0.078724
4 91 0.078726
4 92 0.078727
4 93 0.078728
4 94 0.078730
4 95 0.078731
4 96 0.078731
4 97 0.078732
4 98 0.078734
4 99 0.078734

5 0 0.078808
5 1 0.078808
5 2 0.078806
5 3 0.078804
5 4 0.078801
5 5 0.078798
5 6 0.078794
5 7 0.078790
5 8 0.078785
5 9 0.078780
5 10 0.078775
5 11 0.078769
5 12 0.078762
5 13 0.078756
5 14 0.078749
5 15 0.078741
5 16 0.078734
5 17 0.078726
5 18 0.078718
5 19 0.078710
5 20 0.078701
5 21 0.078693
5 22 0.078684
5 23 0.078675
5 24 0.078666
5 25 0.078656
5 26 0.078647
5 27 0.078638
5 28 0.078628
5 29 0.078618
5 30 0.078608
5 31 0.078598
5 32 0.078587
5 33 0.078582
5 34 0.078583
5 35 0.078583
5 36 0.078583
5 37 0.078582
5 38 0.078582
5 39 0.078582
5 40 0.078582
5 41 0.078582
5 42 0.078581
5 43 0.078581
5 44 0.078581
5 45 0.078580
5 46 0.078580
5 47 0.078579
5 48 0.078578
5 49 0.078578
5 50 0.078577
5 51 0.078577
5 52 0.078577
5 53 0.078577
5 54 0.078577
5 55 0.078577
5 56 0.078577
5 57 0.078577
5 58 0.078577
5 59 0.078577
5 60 0.078577
5 61 0.078577
5 62 0.078577
5 63 0.078577
5 64 0.078575
5 65 0.078580
5 66 0.078589
5 67 0.078598
5 68 0.078607
5 69 0.078616
5 70 0.078624
5 71 0.078632
5 72 0.078640
5 73 0.078647
5 74 0.078655
5 75 0.078663
5 76 0.078671
5 77 0.078679
5 78 0.078687
5 79 0.078696
5 80 0.078706
5 81 0.078710
5 82 0.078709
5 83 0.078709
5 84 0.078711
5 85 0.078713
5 86 0.078715
5 87 0.078717
5 88 0.078719
5 89 0.078722
5 90 0.078724
5 91 0.078725
5 92 0.078727
5 93 0.078728
5 94 0.078729
5 95 0.078730
5 96 0.078731
5 97 0.078731
5 98 0.078732
5 99 0.078732

6 0 0.078805
6 1 0.078805
6 2 0.078802
6 3 0.078800
6 4 0.078798
6 5 0.078794
6 6 0.078791
6 7 0.078786
6 8 0.078782
6 9 0.078777
6 10 0.078771
6 11 0.078765
6 12 0.078759
6 13 0.078752
6 14 0.078745
6 15 0.078738
6 16 0.078730
6 17 0.078722
6 18 0.078714
6 19 0.078706
6 20 0.078698
6 21 0.078689
6 22 0.078680
6 23 0.078672
6 24 0.078663
6 25 0.078654
6 26 0.078644
6 27 0.078635
6 28 0.078626
6 29 0.078617
6 30 0.078607
6 31 0.078598
6 32 0.078588
6 33 0.078584
6 34 0.078584
6 35 0.078584
6 36 0.078583
6 37 0.078582
6 38 0.078582
6 39 0.078582
6 40 0.078582
6 41 0.078582
6 42 0.078581
6 43 0.078581
6 44 0.078581
6 45 0.078580
6 46 0.078580
6 47 0.078579
6 48 0.078578
6 49 0.078577
6 50 0.078576
6 51 0.078576
6 52 0.078576
6 53 0.078576
6 54 0.078576
6 55 0.078576
6 56 0.078576
6 57 0.078576
6 58 0.078576
6 59 0.078576
6 60 0.078576
6 61 0.078576
6 62 0.078575
6 63 0.078574
6 64 0.078571
6 65 0.078575
6 66 0.078584
6 67 0.078593
6 68 0.078602
6 69 0.078611
6 70 0.078619
6 71 0.078627
6 72 0.078635
6 73 0.078642
6 74 0.078650
6 75 0.078658
6 76 0.078666
6 77 0.078674
6 78 0.078683
6 79 0.078693
6 80 0.078703
6 81 0.078708
6 82 0.078707
6 83 0.078708
6 84 0.078709
6 85 0.078711
6 86 0.078714
6 87 0.078717
6 88 0.078719
6 89 0.078721
6 90 0.078723
6 91 0.078725
6 92 0.078726
6 93 0.078728
6 94 0.078729
6 95 0.078730
6 96 0.078730
6 97 0.078730
6 98 0.078732
6 99 0.078732

7 0 0.078801
7 1 0.078801
7 2 0.078798
7 3 0.078796
7 4 0.078794
7 5 0.078790
7 6 0.078786
7 7 0.078782
7 8 0.078777
7 9 0.078772
7 10 0.078767
7 11 0.078761
7 12 0.078754
7 13 0.078748
7 14 0.078741
7 15 0.078733
7 16 0.078726
7 17 0.078718
7 18 0.078710
7 19 0.078702
7 20 0.078693
7 21 0.078685
7 22 0.078676
7 23 0.078668
7 24 0.078659
7 25 0.078650
7 26 0.078641
7 27 0.078632
7 28 0.078623
7 29 0.078615
7 30 0.078606
7 31 0.078597
7 32 0.078590
7 33 0.078586
7 34 0.078584
7 35 0.078582
7 36 0.078581
7 37 0.078579
7 38 0.078579
7 39 0.078579
7 40 0.078579
7 41 0.078579
7 42 0.078578
7 43 0.078578
7 44 0.078578
7 45 0.078577
7 46 0.078577
7 47 0.078576
7 48 0.078576
7 49 0.078575
7 50 0.078575
7 51 0.078575
7 52 0.078575
7 53 0.078575
7 54 0.078575
7 55 0.078575
7 56 0.078575
7 57 0.078575
7 58 0.078575
7 59 0.078575
7 60 0.078575
7 61 0.078574
7 62 0.078573
7 63 0.078571
7 64 0.078569
7 65 0.078573
7 66 0.078582
7 67 0.078591
7 68 0.078599
7 69 0.078606
7 70 0.078614
7 71 0.078621
7 72 0.078629
7 73 0.078636
7 74 0.078644
7 75 0.078651
7 76 0.078659
7 77 0.078668
7 78 0.078677
7 79 0.078687
7 80 0.078698
7 81 0.078704
7 82 0.078704
7 83 0.078705
7 84 0.078707
7 85 0.078710
7 86 0.078713
7 87 0.078715
7 88 0.078718
7 89 0.078720
7 90 0.078723
7 91 0.078725
7 92 0.078726
7 93 0.078728
7 94 0.078729
7 95 0.078730
7 96 0.078731
7 97 0.078730
7 98 0.078732
7 99 0.078732

8 0 0.078796
8 1 0.078796
8 2 0.078794
8 3 0.078792
8 4 0.078789
8 5 0.078786
8 6 0.078782
8 7 0.078778
8 8 0.078773
8 9 0.078768
8 10 0.078762
8 11 0.078756
8 12 0.078750
8 13 0.078743
8 14 0.078736
8 15 0.078728
8 16 0.078721
8 17 0.078713
8 18 0.078705
8 19 0.078697
8 20 0.078688
8 21 0.078680
8 22 0.078672
8 23 0.078663
8 24 0.078655
8 25 0.078646
8 26 0.078638
8 27 0.078629
8 28 0.078620
8 29 0.078612
8 30 0.078604
8 31 0.078596
8 32 0.078588
8 33 0.078582
8 34 0.078580
8 35 0.078578
8 36 0.078575
8 37 0.078575
8 38 0.078576
8 39 0.078577
8 40 0.078577
8 41 0.078577
8 42 0.078576
8 43 0.078576
8 44 0.078575
8 45 0.078575
8 46 0.078575
8 47 0.078574
8 48 0.078574
8 49 0.078574
8 50 0.078574
8 51 0.078574
8 52 0.078573
8 53 0.078573
8 54 0.078573
8 55 0.078574
8 56 0.078574
8 57 0.078574
8 58 0.078574
8 59 0.078574
8 60 0.078574
8 61 0.078573
8 62 0.078571
8 63 0.078570
8 64 0.078568
8 65 0.078568
8 66 0.078569
8 67 0.078568
8 68 0.078568
8 69 0.078567
8 70 0.078566
8 71 0.078566
8 72 0.078566
8 73 0.078566
8 74 0.078566
8 75 0.078566
8 76 0.078566
8 77 0.078566
8 78 0.078566
8 79 0.078565
8 80 0.078567
8 81 0.078567
8 82 0.078566
8 83 0.078566
8 84 0.078566
8 85 0.078566
8 86 0.078566
8 87 0.078566
8 88 0.078566
8 89 0.078566
8 90 0.078566
8 91 0.078566
8 92 0.078566
8 93 0.078566
8 94 0.078565
8 95 0.078565
8 96 0.078565
8 97 0.078564
8 98 0.078565
8 99 0.078565

9 0 0.078658
9 1 0.078658
9 2 0.078657
9 3 0.078656
9 4 0.078654
9 5 0.078652
9 6 0.078650
9 7 0.078648
9 8 0.078646
9 9 0.078643
9 10 0.078640
9 11 0.078637
9 12 0.078634
9 13 0.078631
9 14 0.078627
9 15 0.078624
9 16 0.078620
9 17 0.078617
9 18 0.078614
9 19 0.078610
9 20 0.078607
9 21 0.078603
9 22 0.078600
9 23 0.078597
9 24 0.078594
9 25 0.078592
9 26 0.078589
9 27 0.078587
9 28 0.078585
9 29 0.078583
9 30 0.078581
9 31 0.078580
9 32 0.078577
9 33 0.078576
9 34 0.078576
9 35 0.078576
9 36 0.078576
9 37 0.078576
9 38 0.078576
9 39 0.078576
9 40 0.078577
9 41 0.078577
9 42 0.078577
9 43 0.078578
9 44 0.078578
9 45 0.078578
9 46 0.078579
9 47 0.078579
9 48 0.078579
9 49 0.078579
9 50 0.078579
9 51 0.078579
9 52 0.078579
9 53 0.078578
9 54 0.078578
9 55 0.078577
9 56 0.078576
9 57 0.078576
9 58 0.078575
9 59 0.078574
9 60 0.078573
9 61 0.078572
9 62 0.078572
9 63 0.078571
9 64 0.078569
9 65 0.078568
9 66 0.078569
9 67 0.078568
9 68 0.078568
9 69 0.078567
9 70 0.078567
9 71 0.078566
9 72 0.078566
9 73 0.078566
9 74 0.078566
9 75 0.078565
9 76 0.078565
9 77 0.078565
9 78 0.078565
9 79 0.078565
9 80 0.078566
9 81 0.078567
9 82 0.078566
9 83 0.078566
9 84 0.078566
9 85 0.078566
9 86 0.078566
9 87 0.078566
9 88 0.078566
9 89 0.078566
9 90 0.078566
9 91 0.078566
9 92 0.078565
9 93 0.078565
9 94 0.078565
9 95 0.078565
9 96 0.078565
9 97 0.078563
9 98 0.078563
9 99 0.078563

10 0 0.078655
10 1 0.078655
10 2 0.078653
10 3 0.078652
10 4 0.078651
10 5 0.078649
10 6 0.078647
10 7 0.078645
10 8 0.078643
10 9 0.078640
10 10 0.078637
10 11 0.078634
10 12 0.078631
10 13 0.078628
10 14 0.078625
10 15 0.078621
10 16 0.078618
10 17 0.078615
10 18 0.078611
10 19 0.078608
10 20 0.078605
10 21 0.078602
10 22 0.078599
10 23 0.078596
10 24 0.078593
10 25 0.078590
10 26 0.078588
10 27 0.078586
10 28 0.078584
10 29 0.078582
10 30 0.078580
10 31 0.078579
10 32 0.078577
10 33 0.078577
10 34 0.078578
10 35 0.078577
10 36 0.078577
10 37 0.078577
10 38 0.078577
10 39 0.078577
10 40 0.078578
10 41 0.078578
10 42 0.078579
10 43 0.078579
10 44 0.078579
10 45 0.078580
10 46 0.078580
10 47 0.078580
10 48 0.078580
10 49 0.078580
10 50 0.078580
10 51 0.078580
10 52 0.078579
10 53 0.078579
10 54 0.078579
10 55 0.078578
10 56 0.078577
10 57 0.078577
10 58 0.078576
10 59 0.078575
10 60 0.078574
10 61 0.078573
10 62 0.078572
10 63 0.078572
10 64 0.078569
10 65 0.078568
10 66 0.078568
10 67 0.078568
10 68 0.078567
10 69 0.078566
10 70 0.078566
10 71 0.078565
10 72 0.078565
10 73 0.078565
10 74 0.078564
10 75 0.078564
10 76 0.078564
10 77 0.078564
10 78 0.078564
10 79 0.078563
10 80 0.078563
10 81 0.078565
10 82 0.078565
10 83 0.078565
10 84 0.078565
10 85 0.078565
10 86 0.078565
10 87 0.078565
10 88 0.078565
10 89 0.078565
10 90 0.078565
10 91 0.078564
10 92 0.078564
10 93 0.078564
10 94 0.078564
10 95 0.078564
10 96 0.078564
10 97 0.078562
10 98 0.078562
10 99 0.078562

11 0 0.078651
11 1 0.078651
11 2 0.078650
11 3 0.078649
11 4 0.078647
11 5 0.078646
11 6 0.078644
11 7 0.078642
11 8 0.078639
11 9 0.078637
11 10 0.078634
11 11 0.078631
11 12 0.078628
11 13 0.078625
11 14 0.078622
11 15 0.078619
11 16 0.078615
11 17 0.078612
11 18 0.078609
11 19 0.078606
11 20 0.078603
11 21 0.078600
11 22 0.078597
11 23 0.078594
11 24 0.078591
11 25 0.078589
11 26 0.078587
11 27 0.078585
11 28 0.078583
11 29 0.078581
11 30 0.078580
11 31 0.078579
11 32 0.078578
11 33 0.078577
11 34 0.078577
11 35 0.078577
11 36 0.078577
11 37 0.078577
11 38 0.078577
11 39 0.078577
11 40 0.078578
11 41 0.078578
11 42 0.078579
11 43 0.078579
11 44 0.078580
11 45 0.078580
11 46 0.078580
11 47 0.078581
11 48 0.078581
11 49 0.078580
11 50 0.078581
11 51 0.078580
11 52 0.078580
11 53 0.078580
11 54 0.078580
11 55 0.078579
11 56 0.078578
11 57 0.078578
11 58 0.078577
11 59 0.078576
11 60 0.078575
11 61 0.078574
11 62 0.078574
11 63 0.078573
11 64 0.078572
11 65 0.078570
11 66 0.078569
11 67 0.078569
11 68 0.078568
11 69 0.078567
11 70 0.078566
11 71 0.078566
11 72 0.078565
11 73 0.078565
11 74 0.078564
11 75 0.078564
11 76 0.078563
11 77 0.078563
11 78 0.078563
11 79 0.078562
11 80 0.078561
11 81 0.078562
11 82 0.078563
11 83 0.078563
11 84 0.078563
11 85 0.078563
11 86 0.078562
11 87 0.078562
11 88 0.078562
11 89 0.078562
11 90 0.078562
11 91 0.078562
11 92 0.078562
11 93 0.078562
11 94 0.078561
11 95 0.078561
11 96 0.078561
11 97 0.078560
11 98 0.078560
11 99 0.078560

12 0 0.078647
12 1 0.078647
12 2 0.078645
12 3 0.078645
12 4 0.078643
12 5 0.078642
12 6 0.078640
12 7 0.078638
12 8 0.078635
12 9 0.078633
12 10 0.078630
12 11 0.078628
12 12 0.078625
12 13 0.078622
12 14 0.078619
12 15 0.078616
12 16 0.078613
12 17 0.078609
12 18 0.078606
12 19 0.078603
12 20 0.078600
12 21 0.078597
12 22 0.078595
12 23 0.078592
12 24 0.078590
12 25 0.078587
12 26 0.078585
12 27 0.078583
12 28 0.078582
12 29 0.078580
12 30 0.078579
12 31 0.078578
12 32 0.078577
12 33 0.078576
12 34 0.078576
12 35 0.078576
12 36 0.078576
12 37 0.078576
12 38 0.078576
12 39 0.078576
12 40 0.078577
12 41 0.078577
12 42 0.078578
12 43 0.078578
12 44 0.078579
12 45 0.078579
12 46 0.078580
12 47 0.078580
12 48 0.078581
12 49 0.078581
12 50 0.078581
12 51 0.078581
12 52 0.078581
12 53 0.078581
12 54 0.078581
12 55 0.078580
12 56 0.078580
12 57 0.078579
12 58 0.078578
12 59 0.078578
12 60 0.078577
12 61 0.078576
12 62 0.078575
12 63 0.078574
12 64 0.078573
12 65 0.078572
12 66 0.078571
12 67 0.078570
12 68 0.078569
12 69 0.078569
12 70 0.078568
12 71 0.078567
12 72 0.078566
12 73 0.078566
12 74 0.078565
12 75 0.078565
12 76 0.078564
12 77 0.078564
12 78 0.078563
12 79 0.078563
12 80 0.078561
12 81 0.078561
12 82 0.078562
12 83 0.078562
12 84 0.078562
12 85 0.078561
12 86 0.078561
12 87 0.078561
12 88 0.078561
12 89 0.078561
12 90 0.078561
12 91 0.078560
12 92 0.078560
12 93 0.078560
12 94 0.078560
12 95 0.078560
12 96 0.078560
12 97 0.078559
12 98 0.078559
12 99 0.078559

13 0 0.078642
13 1 0.078642
13 2 0.078641
13 3 0.078640
13 4 0.078639
13 5 0.078638
13 6 0.078636
13 7 0.078634
13 8 0.078632
13 9 0.078629
13 10 0.078627
13 11 0.078624
13 12 0.078621
13 13 0.078619
13 14 0.078616
13 15 0.078613
13 16 0.078610
13 17 0.078607
13 18 0.078604
13 19 0.078601
13 20 0.078598
13 21 0.078595
13 22 0.078593
13 23 0.078590
13 24 0.078588
13 25 0.078586
13 26 0.078584
13 27 0.078582
13 28 0.078581
13 29 0.078579
13 30 0.078578
13 31 0.078577
13 32 0.078576
13 33 0.078576
13 34 0.078575
13 35 0.078575
13 36 0.078575
13 37 0.078576
13 38 0.078576
13 39 0.078576
13 40 0.078577
13 41 0.078577
13 42 0.078578
13 43 0.078579
13 44 0.078579
13 45 0.078580
13 46 0.078581
13 47 0.078581
13 48 0.078582
13 49 0.078582
13 50 0.078582
13 51 0.078582
13 52 0.078582
13 53 0.078582
13 54 0.078582
13 55 0.078582
13 56 0.078581
13 57 0.078580
13 58 0.078580
13 59 0.078579
13 60 0.078578
13 61 0.078577
13 62 0.078576
13 63 0.078575
13 64 0.078574
13 65 0.078573
13 66 0.078572
13 67 0.078571
13 68 0.078570
13 69 0.078569
13 70 0.078569
13 71 0.078568
13 72 0.078567
13 73 0.078566
13 74 0.078565
13 75 0.078565
13 76 0.078564
13 77 0.078563
13 78 0.078563
13 79 0.078563
13 80 0.078561
13 81 0.078560
13 82 0.078562
13 83 0.078561
13 84 0.078561
13 85 0.078560
13 86 0.078560
13 87 0.078560
13 88 0.078560
13 89 0.078560
13 90 0.078559
13 91 0.078559
13 92 0.078559
13 93 0.078559
13 94 0.078558
13 95 0.078558
13 96 0.078558
13 97 0.078558
13 98 0.078558
13 99 0.078558

14 0 0.078638
14 1 0.078638
14 2 0.078637
14 3 0.078636
14 4 0.078635
14 5 0.078633
14 6 0.078632
14 7 0.078630
14 8 0.078628
14 9 0.078625
14 10 0.078623
14 11 0.078620
14 12 0.078618
14 13 0.078615
14 14 0.078612
14 15 0.078610
14 16 0.078607
14 17 0.078604
14 18 0.078601
14 19 0.078598
14 20 0.078596
14 21 0.078593
14 22 0.078591
14 23 0.078589
14 24 0.078586
14 25 0.078584
14 26 0.078583
14 27 0.078581
14 28 0.078579
14 29 0.078578
14 30 0.078577
14 31 0.078576
14 32 0.078576
14 33 0.078575
14 34 0.078575
14 35 0.078575
14 36 0.078575
14 37 0.078576
14 38 0.078576
14 39 0.078576
14 40 0.078577
14 41 0.078578
14 42 0.078579
14 43 0.078579
14 44 0.078580
14 45 0.078581
14 46 0.078582
14 47 0.078582
14 48 0.078583
14 49 0.078583
14 50 0.078583
14 51 0.078583
14 52 0.078584
14 53 0.078584
14 54 0.078583
14 55 0.078583
14 56 0.078583
14 57 0.078582
14 58 0.078581
14 59 0.078581
14 60 0.078580
14 61 0.078579
14 62 0.078578
14 63 0.078577
14 64 0.078576
14 65 0.078575
14 66 0.078574
14 67 0.078573
14 68 0.078572
14 69 0.078571
14 70 0.078569
14 71 0.078568
14 72 0.078568
14 73 0.078567
14 74 0.078566
14 75 0.078565
14 76 0.078564
14 77 0.078563
14 78 0.078563
14 79 0.078562
14 80 0.078560
14 81 0.078560
14 82 0.078561
14 83 0.078561
14 84 0.078560
14 85 0.078560
14 86 0.078559
14 87 0.078559
14 88 0.078559
14 89 0.078559
14 90 0.078558
14 91 0.078558
14 92 0.078558
14 93 0.078557
14 94 0.078557
14 95 0.078557
14 96 0.078557
14 97 0.078557
14 98 0.078558
14 99 0.078558

15 0 0.078633
15 1 0.078633
15 2 0.078632
15 3 0.078631
15 4 0.078630
15 5 0.078629
15 6 0.078627
15 7 0.078625
15 8 0.078624
15 9 0.078621
15 10 0.078619
15 11 0.078617
15 12 0.078614
15 13 0.078612
15 14 0.078609
15 15 0.078606
15 16 0.078604
15 17 0.078601
15 18 0.078598
15 19 0.078596
15 20 0.078594
15 21 0.078591
15 22 0.078589
15 23 0.078587
15 24 0.078585
15 25 0.078583
15 26 0.078581
15 27 0.078580
15 28 0.078578
15 29 0.078577
15 30 0.078576
15 31 0.078576
15 32 0.078575
15 33 0.078575
15 34 0.078575
15 35 0.078575
15 36 0.078575
15 37 0.078576
15 38 0.078576
15 39 0.078577
15 40 0.078577
15 41 0.078578
15 42 0.078579
15 43 0.078580
15 44 0.078581
15 45 0.078582
15 46 0.078583
15 47 0.078583
15 48 0.078584
15 49 0.078585
15 50 0.078586
15 51 0.078586
15 52 0.078586
15 53 0.078587
15 54 0.078586
15 55 0.078586
15 56 0.078586
15 57 0.078584
15 58 0.078585
15 59 0.078584
15 60 0.078583
15 61 0.078582
15 62 0.078581
15 63 0.078580
15 64 0.078579
15 65 0.078577
15 66 0.078575
15 67 0.078574
15 68 0.078573
15 69 0.078572
15 70 0.078571
15 71 0.078570
15 72 0.078568
15 73 0.078567
15 74 0.078566
15 75 0.078565
15 76 0.078564
15 77 0.078564
15 78 0.078563
15 79 0.078562
15 80 0.078560
15 81 0.078560
15 82 0.078561
15 83 0.078560
15 84 0.078560
15 85 0.078559
15 86 0.078559
15 87 0.078558
15 88 0.078558
15 89 0.078558
15 90 0.078557
15 91 0.078557
15 92 0.078557
15 93 0.078556
15 94 0.078556
15 95 0.078556
15 96 0.078556
15 97 0.078555
15 98 0.078555
15 99 0.078555

16 0 0.078628
16 1 0.078628
16 2 0.078627
16 3 0.078627
16 4 0.078626
16 5 0.078624
16 6 0.078623
16 7 0.078621
16 8 0.078619
16 9 0.078617
16 10 0.078615
16 11 0.078613
16 12 0.078611
16 13 0.078608
16 14 0.078606
16 15 0.078603
16 16 0.078601
16 17 0.078598
16 18 0.078596
16 19 0.078594
16 20 0.078591
16 21 0.078589
16 22 0.078587
16 23 0.078585
16 24 0.078583
16 25 0.078582
16 26 0.078580
16 27 0.078579
16 28 0.078577
16 29 0.078576
16 30 0.078576
16 31 0.078575
16 32 0.078575
16 33 0.078573
16 34 0.078573
16 35 0.078573
16 36 0.078574
16 37 0.078574
16 38 0.078575
16 39 0.078576
16 40 0.078576
16 41 0.078577
16 42 0.078578
16 43 0.078579
16 44 0.078580
16 45 0.078581
16 46 0.078582
16 47 0.078583
16 48 0.078584
16 49 0.078585
16 50 0.078586
16 51 0.078586
16 52 0.078586
16 53 0.078587
16 54 0.078587
16 55 0.078586
16 56 0.078586
16 57 0.078586
16 58 0.078585
16 59 0.078584
16 60 0.078584
16 61 0.078583
16 62 0.078582
16 63 0.078581
16 64 0.078581
16 65 0.078579
16 66 0.078577
16 67 0.078576
16 68 0.078575
16 69 0.078573
16 70 0.078572
16 71 0.078571
16 72 0.078570
16 73 0.078568
16 74 0.078567
16 75 0.078566
16 76 0.078565
16 77 0.078564
16 78 0.078563
16 79 0.078562
16 80 0.078560
16 81 0.078558
16 82 0.078559
16 83 0.078558
16 84 0.078558
16 85 0.078557
16 86 0.078557
16 87 0.078556
16 88 0.078556
16 89 0.078555
16 90 0.078555
16 91 0.078555
16 92 0.078554
16 93 0.078554
16 94 0.078554
16 95 0.078553
16 96 0.078553
16 97 0.078553
16 98 0.078553
16 99 0.078553

17 0 0.078624
17 1 0.078624
17 2 0.078623
17 3 0.078622
17 4 0.078621
17 5 0.078620
17 6 0.078618
17 7 0.078617
17 8 0.078615
17 9 0.078613
17 10 0.078611
17 11 0.078609
17 12 0.078607
17 13 0.078605
17 14 0.078602
17 15 0.078600
17 16 0.078597
17 17 0.078594
17 18 0.078592
17 19 0.078590
17 20 0.078587
17 21 0.078585
17 22 0.078583
17 23 0.078582
17 24 0.078580
17 25 0.078579
17 26 0.078577
17 27 0.078576
17 28 0.078575
17 29 0.078574
17 30 0.078573
17 31 0.078573
17 32 0.078572
17 33 0.078572
17 34 0.078573
17 35 0.078573
17 36 0.078574
17 37 0.078574
17 38 0.078575
17 39 0.078576
17 40 0.078577
17 41 0.078578
17 42 0.078579
17 43 0.078580
17 44 0.078581
17 45 0.078582
17 46 0.078583
17 47 0.078584
17 48 0.078585
17 49 0.078586
17 50 0.078586
17 51 0.078587
17 52 0.078587
17 53 0.078587
17 54 0.078587
17 55 0.078587
17 56 0.078587
17 57 0.078587
17 58 0.078586
17 59 0.078585
17 60 0.078585
17 61 0.078584
17 62 0.078583
17 63 0.078581
17 64 0.078580
17 65 0.078580
17 66 0.078579
17 67 0.078578
17 68 0.078576
17 69 0.078575
17 70 0.078574
17 71 0.078572
17 72 0.078571
17 73 0.078570
17 74 0.078568
17 75 0.078567
17 76 0.078566
17 77 0.078565
17 78 0.078564
17 79 0.078563
17 80 0.078562
17 81 0.078560
17 82 0.078559
17 83 0.078558
17 84 0.078558
17 85 0.078557
17 86 0.078556
17 87 0.078556
17 88 0.078555
17 89 0.078555
17 90 0.078554
17 91 0.078554
17 92 0.078553
17 93 0.078553
17 94 0.078553
17 95 0.078552
17 96 0.078552
17 97 0.078552
17 98 0.078552
17 99 0.078552

18 0 0.078619
18 1 0.078619
18 2 0.078618
18 3 0.078617
18 4 0.078617
18 5 0.078615
18 6 0.078614
18 7 0.078613
18 8 0.078611
18 9 0.078609
18 10 0.078607
18 11 0.078605
18 12 0.078603
18 13 0.078601
18 14 0.078599
18 15 0.078597
18 16 0.078593
18 17 0.078590
18 18 0.078589
18 19 0.078587
18 20 0.078585
18 21 0.078583
18 22 0.078582
18 23 0.078580
18 24 0.078579
18 25 0.078577
18 26 0.078576
18 27 0.078575
18 28 0.078574
18 29 0.078574
18 30 0.078573
18 31 0.078573
18 32 0.078573
18 33 0.078574
18 34 0.078574
18 35 0.078575
18 36 0.078575
18 37 0.078576
18 38 0.078577
18 39 0.078578
18 40 0.078579
18 41 0.078580
18 42 0.078582
18 43 0.078583
18 44 0.078584
18 45 0.078585
18 46 0.078586
18 47 0.078587
18 48 0.078588
18 49 0.078589
18 50 0.078590
18 51 0.078590
18 52 0.078591
18 53 0.078591
18 54 0.078591
18 55 0.078591
18 56 0.078591
18 57 0.078590
18 58 0.078590
18 59 0.078589
18 60 0.078588
18 61 0.078587
18 62 0.078586
18 63 0.078585
18 64 0.078584
18 65 0.078583
18 66 0.078581
18 67 0.078580
18 68 0.078578
18 69 0.078577
18 70 0.078575
18 71 0.078574
18 72 0.078573
18 73 0.078571
18 74 0.078570
18 75 0.078568
18 76 0.078567
18 77 0.078566
18 78 0.078565
18 79 0.078564
18 80 0.078563
18 81 0.078561
18 82 0.078561
18 83 0.078560
18 84 0.078559
18 85 0.078559
18 86 0.078558
18 87 0.078557
18 88 0.078557
18 89 0.078556
18 90 0.078556
18 91 0.078555
18 92 0.078555
18 93 0.078554
18 94 0.078554
18 95 0.078554
18 96 0.078553
18 97 0.078553
18 98 0.078553
18 99 0.078553

19 0 0.078614
19 1 0.078614
19 2 0.078613
19 3 0.078613
19 4 0.078612
19 5 0.078611
19 6 0.078610
19 7 0.078608
19 8 0.078607
19 9 0.078605
19 10 0.078603
19 11 0.078602
19 12 0.078600
19 13 0.078598
19 14 0.078596
19 15 0.078594
19 16 0.078591
19 17 0.078589
19 18 0.078588
19 19 0.078586
19 20 0.078585
19 21 0.078583
19 22 0.078581
19 23 0.078580
19 24 0.078579
19 25 0.078578
19 26 0.078577
19 27 0.078576
19 28 0.078575
19 29 0.078575
19 30 0.078574
19 31 0.078574
19 32 0.078574
19 33 0.078576
19 34 0.078576
19 35 0.078577
19 36 0.078578
19 37 0.078579
19 38 0.078580
19 39 0.078581
19 40 0.078582
19 41 0.078583
19 42 0.078584
19 43 0.078586
19 44 0.078587
19 45 0.078588
19 46 0.078589
19 47 0.078590
19 48 0.078591
19 49 0.078591
19 50 0.078592
19 51 0.078592
19 52 0.078593
19 53 0.078593
19 54 0.078593
19 55 0.078593
19 56 0.078593
19 57 0.078593
19 58 0.078592
19 59 0.078592
19 60 0.078591
19 61 0.078590
19 62 0.078589
19 63 0.078588
19 64 0.078586
19 65 0.078585
19 66 0.078584
19 67 0.078582
19 68 0.078581
19 69 0.078579
19 70 0.078577
19 71 0.078576
19 72 0.078574
19 73 0.078573
19 74 0.078571
19 75 0.078570
19 76 0.078568
19 77 0.078567
19 78 0.078566
19 79 0.078565
19 80 0.078563
19 81 0.078562
19 82 0.078561
19 83 0.078561
19 84 0.078560
19 85 0.078559
19 86 0.078558
19 87 0.078558
19 88 0.078557
19 89 0.078556
19 90 0.078556
19 91 0.078555
19 92 0.078555
19 93 0.078554
19 94 0.078554
19 95 0.078554
19 96 0.078553
19 97 0.078553
19 98 0.078553
19 99 0.078553

20 0 0.078610
20 1 0.078610
20 2 0.078609
20 3 0.078608
20 4 0.078607
20 5 0.078606
20 6 0.078605
20 7 0.078604
20 8 0.078603
20 9 0.078601
20 10 0.078600
20 11 0.078598
20 12 0.078596
20 13 0.078594
20 14 0.078593
20 15 0.078591
20 16 0.078588
20 17 0.078586
20 18 0.078586
20 19 0.078584
20 20 0.078583
20 21 0.078581
20 22 0.078580
20 23 0.078579
20 24 0.078577
20 25 0.078577
20 26 0.078576
20 27 0.078575
20 28 0.078575
20 29 0.078574
20 30 0.078574
20 31 0.078574
20 32 0.078576
20 33 0.078577
20 34 0.078576
20 35 0.078577
20 36 0.078578
20 37 0.078579
20 38 0.078580
20 39 0.078582
20 40 0.078583
20 41 0.078584
20 42 0.078586
20 43 0.078587
20 44 0.078588
20 45 0.078590
20 46 0.078591
20 47 0.078592
20 48 0.078593
20 49 0.078593
20 50 0.078594
20 51 0.078595
20 52 0.078595
20 53 0.078596
20 54 0.078596
20 55 0.078596
20 56 0.078596
20 57 0.078595
20 58 0.078595
20 59 0.078594
20 60 0.078594
20 61 0.078593
20 62 0.078592
20 63 0.078590
20 64 0.078589
20 65 0.078588
20 66 0.078586
20 67 0.078585
20 68 0.078583
20 69 0.078581
20 70 0.078580
20 71 0.078578
20 72 0.078576
20 73 0.078575
20 74 0.078573
20 75 0.078572
20 76 0.078570
20 77 0.078569
20 78 0.078567
20 79 0.078566
20 80 0.078565
20 81 0.078563
20 82 0.078562
20 83 0.078561
20 84 0.078561
20 85 0.078560
20 86 0.078559
20 87 0.078558
20 88 0.078557
20 89 0.078557
20 90 0.078556
20 91 0.078555
20 92 0.078555
20 93 0.078554
20 94 0.078554
20 95 0.078554
20 96 0.078553
20 97 0.078553
20 98 0.078553
20 99 0.078553

21 0 0.078605
21 1 0.078605
21 2 0.078604
21 3 0.078603
21 4 0.078603
21 5 0.078602
21 6 0.078601
21 7 0.078600
21 8 0.078599
21 9 0.078597
21 10 0.078596
21 11 0.078594
21 12 0.078593
21 13 0.078591
21 14 0.078590
21 15 0.078588
21 16 0.078585
21 17 0.078583
21 18 0.078584
21 19 0.078582
21 20 0.078581
21 21 0.078579
21 22 0.078578
21 23 0.078577
21 24 0.078576
21 25 0.078575
21 26 0.078575
21 27 0.078574
21 28 0.078574
21 29 0.078574
21 30 0.078574
21 31 0.078574
21 32 0.078576
21 33 0.078576
21 34 0.078575
21 35 0.078577
21 36 0.078578
21 37 0.078579
21 38 0.078580
21 39 0.078581
21 40 0.078583
21 41 0.078584
21 42 0.078586
21 43 0.078587
21 44 0.078588
21 45 0.078590
21 46 0.078591
21 47 0.078593
21 48 0.078594
21 49 0.078595
21 50 0.078596
21 51 0.078597
21 52 0.078598
21 53 0.078598
21 54 0.078598
21 55 0.078599
21 56 0.078599
21 57 0.078598
21 58 0.078598
21 59 0.078597
21 60 0.078597
21 61 0.078596
21 62 0.078595
21 63 0.078593
21 64 0.078592
21 65 0.078591
21 66 0.078589
21 67 0.078587
21 68 0.078586
21 69 0.078584
21 70 0.078582
21 71 0.078580
21 72 0.078579
21 73 0.078577
21 74 0.078575
21 75 0.078574
21 76 0.078572
21 77 0.078570
21 78 0.078569
21 79 0.078567
21 80 0.078566
21 81 0.078565
21 82 0.078564
21 83 0.078562
21 84 0.078561
21 85 0.078560
21 86 0.078560
21 87 0.078559
21 88 0.078558
21 89 0.078557
21 90 0.078557
21 91 0.078556
21 92 0.078555
21 93 0.078555
21 94 0.078554
21 95 0.078554
21 96 0.078554
21 97 0.078553
21 98 0.078554
21 99 0.078554

22 0 0.078600
22 1 0.078600
22 2 0.078599
22 3 0.078599
22 4 0.078598
22 5 0.078598
22 6 0.078597
22 7 0.078596
22 8 0.078595
22 9 0.078593
22 10 0.078592
22 11 0.078591
22 12 0.078590
22 13 0.078588
22 14 0.078587
22 15 0.078585
22 16 0.078582
22 17 0.078581
22 18 0.078581
22 19 0.078580
22 20 0.078579
22 21 0.078578
22 22 0.078577
22 23 0.078576
22 24 0.078575
22 25 0.078575
22 26 0.078574
22 27 0.078574
22 28 0.078574
22 29 0.078574
22 30 0.078574
22 31 0.078574
22 32 0.078576
22 33 0.078577
22 34 0.078576
22 35 0.078578
22 36 0.078579
22 37 0.078580
22 38 0.078581
22 39 0.078583
22 40 0.078584
22 41 0.078586
22 42 0.078587
22 43 0.078589
22 44 0.078591
22 45 0.078592
22 46 0.078594
22 47 0.078595
22 48 0.078596
22 49 0.078598
22 50 0.078599
22 51 0.078600
22 52 0.078600
22 53 0.078601
22 54 0.078601
22 55 0.078601
22 56 0.078601
22 57 0.078601
22 58 0.078601
22 59 0.078600
22 60 0.078600
22 61 0.078599
22 62 0.078598
22 63 0.078596
22 64 0.078595
22 65 0.078594
22 66 0.078592
22 67 0.078590
22 68 0.078589
22 69 0.078587
22 70 0.078585
22 71 0.078583
22 72 0.078581
22 73 0.078579
22 74 0.078578
22 75 0.078576
22 76 0.078574
22 77 0.078572
22 78 0.078571
22 79 0.078569
22 80 0.078568
22 81 0.078566
22 82 0.078565
22 83 0.078564
22 84 0.078563
22 85 0.078562
22 86 0.078561
22 87 0.078560
22 88 0.078559
22 89 0.078558
22 90 0.078557
22 91 0.078557
22 92 0.078556
22 93 0.078556
22 94 0.078555
22 95 0.078555
22 96 0.078554
22 97 0.078554
22 98 0.078554
22 99 0.078554

23 0 0.078595
23 1 0.078595
23 2 0.078595
23 3 0.078594
23 4 0.078594
23 5 0.078593
23 6 0.078593
23 7 0.078592
23 8 0.078591
23 9 0.078590
23 10 0.078589
23 11 0.078588
23 12 0.078586
23 13 0.078585
23 14 0.078584
23 15 0.078583
23 16 0.078580
23 17 0.078579
23 18 0.078579
23 19 0.078578
23 20 0.078577
23 21 0.078576
23 22 0.078576
23 23 0.078576
23 24 0.078576
23 25 0.078576
23 26 0.078576
23 27 0.078575
23 28 0.078575
23 29 0.078576
23 30 0.078576
23 31 0.078576
23 32 0.078578
23 33 0.078578
23 34 0.078578
23 35 0.078579
23 36 0.078580
23 37 0.078581
23 38 0.078583
23 39 0.078584
23 40 0.078586
23 41 0.078587
23 42 0.078589
23 43 0.078591
23 44 0.078593
23 45 0.078594
23 46 0.078596
23 47 0.078597
23 48 0.078599
23 49 0.078600
23 50 0.078601
23 51 0.078602
23 52 0.078603
23 53 0.078604
23 54 0.078604
23 55 0.078604
23 56 0.078604
23 57 0.078604
23 58 0.078604
23 59 0.078604
23 60 0.078603
23 61 0.078602
23 62 0.078601
23 63 0.078600
23 64 0.078598
23 65 0.078597
23 66 0.078595
23 67 0.078593
23 68 0.078592
23 69 0.078590
23 70 0.078588
23 71 0.078586
23 72 0.078584
23 73 0.078582
23 74 0.078580
23 75 0.078578
23 76 0.078576
23 77 0.078574
23 78 0.078573
23 79 0.078571
23 80 0.078570
23 81 0.078568
23 82 0.078567
23 83 0.078565
23 84 0.078564
23 85 0.078563
23 86 0.078562
23 87 0.078561
23 88 0.078560
23 89 0.078559
23 90 0.078558
23 91 0.078558
23 92 0.078557
23 93 0.078556
23 94 0.078556
23 95 0.078556
23 96 0.078555
23 97 0.078554
23 98 0.078554
23 99 0.078556

24 0 0.078591
24 1 0.078590
24 2 0.078590
24 3 0.078590
24 4 0.078590
24 5 0.078589
24 6 0.078589
24 7 0.078588
24 8 0.078587
24 9 0.078586
24 10 0.078585
24 11 0.078584
24 12 0.078583
24 13 0.078582
24 14 0.078582
24 15 0.078581
24 16 0.078578
24 17 0.078579
24 18 0.078580
24 19 0.078579
24 20 0.078577
24 21 0.078577
24 22 0.078578
24 23 0.078576
24 24 0.078576
24 25 0.078575
24 26 0.078575
24 27 0.078575
24 28 0.078575
24 29 0.078576
24 30 0.078576
24 31 0.078577
24 32 0.078578
24 33 0.078576
24 34 0.078577
24 35 0.078579
24 36 0.078580
24 37 0.078581
24 38 0.078583
24 39 0.078584
24 40 0.078586
24 41 0.078588
24 42 0.078590
24 43 0.078592
24 44 0.078593
24 45 0.078595
24 46 0.078597
24 47 0.078598
24 48 0.078600
24 49 0.078601
24 50 0.078603
24 51 0.078604
24 52 0.078604
24 53 0.078605
24 54 0.078606
24 55 0.078606
24 56 0.078606
24 57 0.078606
24 58 0.078606
24 59 0.078605
24 60 0.078604
24 61 0.078604
24 62 0.078603
24 63 0.078601
24 64 0.078600
24 65 0.078600
24 66 0.078598
24 67 0.078596
24 68 0.078595
24 69 0.078593
24 70 0.078591
24 71 0.078589
24 72 0.078587
24 73 0.078585
24 74 0.078583
24 75 0.078581
24 76 0.078579
24 77 0.078577
24 78 0.078575
24 79 0.078573
24 80 0.078572
24 81 0.078570
24 82 0.078568
24 83 0.078567
24 84 0.078566
24 85 0.078565
24 86 0.078563
24 87 0.078562
24 88 0.078561
24 89 0.078561
24 90 0.078560
24 91 0.078559
24 92 0.078558
24 93 0.078558
24 94 0.078557
24 95 0.078557
24 96 0.078556
24 97 0.078556
24 98 0.078556
24 99 0.078557

25 0 0.078587
25 1 0.078586
25 2 0.078586
25 3 0.078586
25 4 0.078586
25 5 0.078585
25 6 0.078585
25 7 0.078584
25 8 0.078584
25 9 0.078583
25 10 0.078582
25 11 0.078582
25 12 0.078581
25 13 0.078580
25 14 0.078579
25 15 0.078578
25 16 0.078577
25 17 0.078578
25 18 0.078578
25 19 0.078577
25 20 0.078576
25 21 0.078576
25 22 0.078575
25 23 0.078574
25 24 0.078574
25 25 0.078573
25 26 0.078574
25 27 0.078574
25 28 0.078574
25 29 0.078575
25 30 0.078575
25 31 0.078576
25 32 0.078576
25 33 0.078576
25 34 0.078579
25 35 0.078580
25 36 0.078582
25 37 0.078583
25 38 0.078585
25 39 0.078587
25 40 0.078589
25 41 0.078590
25 42 0.078592
25 43 0.078594
25 44 0.078596
25 45 0.078598
25 46 0.078600
25 47 0.078602
25 48 0.078603
25 49 0.078606
25 50 0.078607
25 51 0.078608
25 52 0.078609
25 53 0.078610
25 54 0.078611
25 55 0.078611
25 56 0.078611
25 57 0.078611
25 58 0.078611
25 59 0.078610
25 60 0.078610
25 61 0.078609
25 62 0.078608
25 63 0.078606
25 64 0.078604
25 65 0.078602
25 66 0.078601
25 67 0.078600
25 68 0.078598
25 69 0.078596
25 70 0.078594
25 71 0.078592
25 72 0.078590
25 73 0.078588
25 74 0.078585
25 75 0.078583
25 76 0.078581
25 77 0.078579
25 78 0.078577
25 79 0.078576
25 80 0.078574
25 81 0.078572
25 82 0.078571
25 83 0.078569
25 84 0.078568
25 85 0.078566
25 86 0.078565
25 87 0.078564
25 88 0.078563
25 89 0.078562
25 90 0.078561
25 91 0.078560
25 92 0.078560
25 93 0.078559
25 94 0.078558
25 95 0.078558
25 96 0.078558
25 97 0.078557
25 98 0.078557
25 99 0.078559

26 0 0.078584
26 1 0.078583
26 2 0.078582
26 3 0.078582
26 4 0.078582
26 5 0.078582
26 6 0.078581
26 7 0.078581
26 8 0.078581
26 9 0.078580
26 10 0.078579
26 11 0.078579
26 12 0.078578
26 13 0.078578
26 14 0.078577
26 15 0.078576
26 16 0.078575
26 17 0.078575
26 18 0.078575
26 19 0.078574
26 20 0.078573
26 21 0.078573
26 22 0.078573
26 23 0.078573
26 24 0.078573
26 25 0.078573
26 26 0.078573
26 27 0.078574
26 28 0.078574
26 29 0.078575
26 30 0.078576
26 31 0.078577
26 32 0.078577
26 33 0.078578
26 34 0.078581
26 35 0.078582
26 36 0.078584
26 37 0.078586
26 38 0.078587
26 39 0.078589
26 40 0.078591
26 41 0.078593
26 42 0.078595
26 43 0.078597
26 44 0.078599
26 45 0.078601
26 46 0.078603
26 47 0.078605
26 48 0.078606
26 49 0.078609
26 50 0.078611
26 51 0.078612
26 52 0.078613
26 53 0.078614
26 54 0.078614
26 55 0.078615
26 56 0.078615
26 57 0.078615
26 58 0.078615
26 59 0.078614
26 60 0.078614
26 61 0.078613
26 62 0.078612
26 63 0.078611
26 64 0.078609
26 65 0.078606
26 66 0.078605
26 67 0.078603
26 68 0.078601
26 69 0.078599
26 70 0.078597
26 71 0.078595
26 72 0.078593
26 73 0.078590
26 74 0.078588
26 75 0.078586
26 76 0.078584
26 77 0.078582
26 78 0.078580
26 79 0.078578
26 80 0.078577
26 81 0.078575
26 82 0.078573
26 83 0.078572
26 84 0.078570
26 85 0.078569
26 86 0.078568
26 87 0.078567
26 88 0.078566
26 89 0.078565
26 90 0.078564
26 91 0.078563
26 92 0.078562
26 93 0.078562
26 94 0.078561
26 95 0.078561
26 96 0.078560
26 97 0.078560
26 98 0.078560
26 99 0.078560

27 0 0.078580
27 1 0.078580
27 2 0.078580
27 3 0.078580
27 4 0.078580
27 5 0.078579
27 6 0.078579
27 7 0.078579
27 8 0.078578
27 9 0.078578
27 10 0.078577
27 11 0.078577
27 12 0.078576
27 13 0.078576
27 14 0.078575
27 15 0.078575
27 16 0.078574
27 17 0.078574
27 18 0.078573
27 19 0.078573
27 20 0.078573
27 21 0.078573
27 22 0.078573
27 23 0.078573
27 24 0.078573
27 25 0.078573
27 26 0.078574
27 27 0.078574
27 28 0.078575
27 29 0.078576
27 30 0.078577
27 31 0.078578
27 32 0.078578
27 33 0.078580
27 34 0.078583
27 35 0.078584
27 36 0.078586
27 37 0.078588
27 38 0.078590
27 39 0.078592
27 40 0.078594
27 41 0.078596
27 42 0.078598
27 43 0.078600
27 44 0.078602
27 45 0.078604
27 46 0.078606
27 47 0.078608
27 48 0.078609
27 49 0.078611
27 50 0.078613
27 51 0.078614
27 52 0.078615
27 53 0.078616
27 54 0.078617
27 55 0.078617
27 56 0.078617
27 57 0.078617
27 58 0.078617
27 59 0.078617
27 60 0.078616
27 61 0.078615
27 62 0.078614
27 63 0.078613
27 64 0.078611
27 65 0.078610
27 66 0.078608
27 67 0.078606
27 68 0.078604
27 69 0.078602
27 70 0.078600
27 71 0.078598
27 72 0.078596
27 73 0.078594
27 74 0.078591
27 75 0.078589
27 76 0.078587
27 77 0.078585
27 78 0.078583
27 79 0.078581
27 80 0.078579
27 81 0.078577
27 82 0.078575
27 83 0.078574
27 84 0.078572
27 85 0.078571
27 86 0.078570
27 87 0.078568
27 88 0.078567
27 89 0.078566
27 90 0.078565
27 91 0.078565
27 92 0.078564
27 93 0.078563
27 94 0.078562
27 95 0.078562
27 96 0.078562
27 97 0.078561
27 98 0.078561
27 99 0.078562

28 0 0.078577
28 1 0.078576
28 2 0.078576
28 3 0.078576
28 4 0.078576
28 5 0.078576
28 6 0.078559
28 7 0.078560
28 8 0.078561
28 9 0.078563
28 10 0.078564
28 11 0.078566
28 12 0.078567
28 13 0.078569
28 14 0.078571
28 15 0.078573
28 16 0.078576
28 17 0.078578
28 18 0.078580
28 19 0.078583
28 20 0.078586
28 21 0.078588
28 22 0.078591
28 23 0.078594
28 24 0.078598
28 25 0.078601
28 26 0.078604
28 27 0.078607
28 28 0.078611
28 29 0.078614
28 30 0.078618
28 31 0.078621
28 32 0.078624
28 33 0.078628
28 34 0.078632
28 35 0.078635
28 36 0.078638
28 37 0.078641
28 38 0.078644
28 39 0.078647
28 40 0.078650
28 41 0.078652
28 42 0.078654
28 43 0.078656
28 44 0.078658
28 45 0.078660
28 46 0.078661
28 47 0.078663
28 48 0.078663
28 49 0.078664
28 50 0.078664
28 51 0.078665
28 52 0.078664
28 53 0.078664
28 54 0.078663
28 55 0.078662
28 56 0.078661
28 57 0.078659
28 58 0.078657
28 59 0.078655
28 60 0.078653
28 61 0.078650
28 62 0.078647
28 63 0.078644
28 64 0.078641
28 65 0.078638
28 66 0.078634
28 67 0.078630
28 68 0.078626
28 69 0.078622
28 70 0.078618
28 71 0.078614
28 72 0.078610
28 73 0.078606
28 74 0.078601
28 75 0.078597
28 76 0.078593
28 77 0.078588
28 78 0.078584
28 79 0.078580
28 80 0.078575
28 81 0.078571
28 82 0.078568
28 83 0.078564
28 84 0.078560
28 85 0.078556
28 86 0.078553
28 87 0.078550
28 88 0.078547
28 89 0.078544
28 90 0.078542
28 91 0.078539
28 92 0.078537
28 93 0.078535
28 94 0.078534
28 95 0.078532
28 96 0.078531
28 97 0.078531
28 98 0.078531
28 99 0.078531

29 0 0.078557
29 1 0.078557
29 2 0.078557
29 3 0.078558
29 4 0.078558
29 5 0.078559
29 6 0.078560
29 7 0.078561
29 8 0.078563
29 9 0.078564
29 10 0.078566
29 11 0.078567
29 12 0.078569
29 13 0.078571
29 14 0.078573
29 15 0.078575
29 16 0.078578
29 17 0.078580
29 18 0.078583
29 19 0.078585
29 20 0.078588
29 21 0.078591
29 22 0.078594
29 23 0.078597
29 24 0.078600
29 25 0.078604
29 26 0.078607
29 27 0.078611
29 28 0.078614
29 29 0.078618
29 30 0.078621
29 31 0.078625
29 32 0.078628
29 33 0.078631
29 34 0.078635
29 35 0.078638
29 36 0.078642
29 37 0.078645
29 38 0.078648
29 39 0.078651
29 40 0.078654
29 41 0.078656
29 42 0.078659
29 43 0.078661
29 44 0.078663
29 45 0.078664
29 46 0.078666
29 47 0.078667
29 48 0.078668
29 49 0.078669
29 50 0.078669
29 51 0.078669
29 52 0.078669
29 53 0.078669
29 54 0.078668
29 55 0.078667
29 56 0.078665
29 57 0.078664
29 58 0.078662
29 59 0.078660
29 60 0.078658
29 61 0.078655
29 62 0.078652
29 63 0.078649
29 64 0.078646
29 65 0.078643
29 66 0.078639
29 67 0.078635
29 68 0.078631
29 69 0.078627
29 70 0.078623
29 71 0.078619
29 72 0.078615
29 73 0.078610
29 74 0.078606
29 75 0.078602
29 76 0.078597
29 77 0.078593
29 78 0.078589
29 79 0.078585
29 80 0.078580
29 81 0.078576
29 82 0.078572
29 83 0.078568
29 84 0.078564
29 85 0.078561
29 86 0.078557
29 87 0.078554
29 88 0.078551
29 89 0.078548
29 90 0.078546
29 91 0.078544
29 92 0.078541
29 93 0.078540
29 94 0.078538
29 95 0.078537
29 96 0.078536
29 97 0.078535
29 98 0.078535
29 99 0.078535

30 0 0.078558
30 1 0.078558
30 2 0.078558
30 3 0.078559
30 4 0.078560
30 5 0.078560
30 6 0.078562
30 7 0.078563
30 8 0.078564
30 9 0.078566
30 10 0.078567
30 11 0.078569
30 12 0.078571
30 13 0.078573
30 14 0.078575
30 15 0.078577
30 16 0.078580
30 17 0.078582
30 18 0.078585
30 19 0.078588
30 20 0.078591
30 21 0.078594
30 22 0.078597
30 23 0.078600
30 24 0.078603
30 25 0.078607
30 26 0.078610
30 27 0.078614
30 28 0.078617
30 29 0.078621
30 30 0.078625
30 31 0.078629
30 32 0.078631
30 33 0.078635
30 34 0.078639
30 35 0.078642
30 36 0.078646
30 37 0.078649
30 38 0.078652
30 39 0.078655
30 40 0.078658
30 41 0.078660
30 42 0.078663
30 43 0.078665
30 44 0.078667
30 45 0.078669
30 46 0.078670
30 47 0.078671
30 48 0.078672
30 49 0.078673
30 50 0.078673
30 51 0.078674
30 52 0.078674
30 53 0.078673
30 54 0.078672
30 55 0.078671
30 56 0.078670
30 57 0.078669
30 58 0.078667
30 59 0.078665
30 60 0.078662
30 61 0.078660
30 62 0.078657
30 63 0.078653
30 64 0.078650
30 65 0.078646
30 66 0.078643
30 67 0.078639
30 68 0.078635
30 69 0.078631
30 70 0.078627
30 71 0.078623
30 72 0.078619
30 73 0.078614
30 74 0.078610
30 75 0.078606
30 76 0.078601
30 77 0.078597
30 78 0.078593
30 79 0.078589
30 80 0.078584
30 81 0.078581
30 82 0.078576
30 83 0.078572
30 84 0.078569
30 85 0.078565
30 86 0.078562
30 87 0.078559
30 88 0.078556
30 89 0.078553
30 90 0.078550
30 91 0.078548
30 92 0.078546
30 93 0.078544
30 94 0.078542
30 95 0.078541
30 96 0.078540
30 97 0.078540
30 98 0.078540
30 99 0.078540

31 0 0.078559
31 1 0.078559
31 2 0.078560
31 3 0.078560
31 4 0.078561
31 5 0.078562
31 6 0.078563
31 7 0.078565
31 8 0.078566
31 9 0.078567
31 10 0.078569
31 11 0.078571
31 12 0.078573
31 13 0.078575
31 14 0.078577
31 15 0.078580
31 16 0.078582
31 17 0.078585
31 18 0.078588
31 19 0.078591
31 20 0.078594
31 21 0.078597
31 22 0.078600
31 23 0.078603
31 24 0.078607
31 25 0.078610
31 26 0.078614
31 27 0.078618
31 28 0.078621
31 29 0.078625
31 30 0.078629
31 31 0.078633
31 32 0.078635
31 33 0.078639
31 34 0.078643
31 35 0.078646
31 36 0.078650
31 37 0.078653
31 38 0.078656
31 39 0.078659
31 40 0.078662
31 41 0.078665
31 42 0.078667
31 43 0.078669
31 44 0.078671
31 45 0.078673
31 46 0.078675
31 47 0.078676
31 48 0.078677
31 49 0.078678
31 50 0.078678
31 51 0.078678
31 52 0.078678
31 53 0.078678
31 54 0.078677
31 55 0.078676
31 56 0.078675
31 57 0.078673
31 58 0.078672
31 59 0.078669
31 60 0.078667
31 61 0.078665
31 62 0.078662
31 63 0.078658
31 64 0.078656
31 65 0.078652
31 66 0.078647
31 67 0.078644
31 68 0.078640
31 69 0.078636
31 70 0.078632
31 71 0.078627
31 72 0.078623
31 73 0.078619
31 74 0.078614
31 75 0.078610
31 76 0.078605
31 77 0.078601
31 78 0.078596
31 79 0.078593
31 80 0.078588
31 81 0.078584
31 82 0.078581
31 83 0.078577
31 84 0.078573
31 85 0.078569
31 86 0.078566
31 87 0.078563
31 88 0.078560
31 89 0.078557
31 90 0.078554
31 91 0.078552
31 92 0.078550
31 93 0.078548
31 94 0.078546
31 95 0.078545
31 96 0.078544
31 97 0.078544
31 98 0.078544
31 99 0.078544

32 0 0.078560
32 1 0.078560
32 2 0.078560
32 3 0.078561
32 4 0.078562
32 5 0.078563
32 6 0.078564
32 7 0.078565
32 8 0.078567
32 9 0.078568
32 10 0.078570
32 11 0.078572
32 12 0.078574
32 13 0.078576
32 14 0.078579
32 15 0.078581
32 16 0.078584
32 17 0.078587
32 18 0.078590
32 19 0.078593
32 20 0.078596
32 21 0.078599
32 22 0.078602
32 23 0.078606
32 24 0.078609
32 25 0.078613
32 26 0.078617
32 27 0.078620
32 28 0.078624
32 29 0.078628
32 30 0.078632
32 31 0.078636
32 32 0.078639
32 33 0.078643
32 34 0.078647
32 35 0.078651
32 36 0.078654
32 37 0.078658
32 38 0.078661
32 39 0.078664
32 40 0.078667
32 41 0.078669
32 42 0.078672
32 43 0.078674
32 44 0.078676
32 45 0.078678
32 46 0.078680
32 47 0.078681
32 48 0.078682
32 49 0.078683
32 50 0.078683
32 51 0.078684
32 52 0.078684
32 53 0.078683
32 54 0.078682
32 55 0.078681
32 56 0.078680
32 57 0.078679
32 58 0.078677
32 59 0.078675
32 60 0.078672
32 61 0.078670
32 62 0.078667
32 63 0.078664
32 64 0.078661
32 65 0.078658
32 66 0.078654
32 67 0.078650
32 68 0.078646
32 69 0.078642
32 70 0.078638
32 71 0.078634
32 72 0.078629
32 73 0.078625
32 74 0.078620
32 75 0.078616
32 76 0.078611
32 77 0.078607
32 78 0.078602
32 79 0.078598
32 80 0.078593
32 81 0.078589
32 82 0.078585
32 83 0.078581
32 84 0.078577
32 85 0.078574
32 86 0.078570
32 87 0.078567
32 88 0.078564
32 89 0.078561
32 90 0.078558
32 91 0.078556
32 92 0.078554
32 93 0.078552
32 94 0.078551
32 95 0.078549
32 96 0.078548
32 97 0.078548
32 98 0.078548
32 99 0.078548

33 0 0.078561
33 1 0.078561
33 2 0.078562
33 3 0.078562
33 4 0.078563
33 5 0.078564
33 6 0.078565
33 7 0.078567
33 8 0.078568
33 9 0.078570
33 10 0.078572
33 11 0.078574
33 12 0.078576
33 13 0.078578
33 14 0.078581
33 15 0.078583
33 16 0.078586
33 17 0.078589
33 18 0.078592
33 19 0.078595
33 20 0.078599
33 21 0.078602
33 22 0.078605
33 23 0.078609
33 24 0.078613
33 25 0.078616
33 26 0.078620
33 27 0.078624
33 28 0.078628
33 29 0.078632
33 30 0.078636
33 31 0.078640
33 32 0.078643
33 33 0.078648
33 34 0.078651
33 35 0.078655
33 36 0.078658
33 37 0.078662
33 38 0.078665
33 39 0.078668
33 40 0.078671
33 41 0.078674
33 42 0.078676
33 43 0.078679
33 44 0.078681
33 45 0.078683
33 46 0.078684
33 47 0.078686
33 48 0.078687
33 49 0.078688
33 50 0.078688
33 51 0.078688
33 52 0.078688
33 53 0.078688
33 54 0.078687
33 55 0.078686
33 56 0.078685
33 57 0.078683
33 58 0.078682
33 59 0.078679
33 60 0.078677
33 61 0.078674
33 62 0.078671
33 63 0.078668
33 64 0.078665
33 65 0.078662
33 66 0.078658
33 67 0.078654
33 68 0.078650
33 69 0.078646
33 70 0.078642
33 71 0.078638
33 72 0.078633
33 73 0.078629
33 74 0.078624
33 75 0.078620
33 76 0.078615
33 77 0.078611
33 78 0.078606
33 79 0.078602
33 80 0.078598
33 81 0.078593
33 82 0.078590
33 83 0.078585
33 84 0.078582
33 85 0.078578
33 86 0.078574
33 87 0.078571
33 88 0.078568
33 89 0.078565
33 90 0.078563
33 91 0.078560
33 92 0.078558
33 93 0.078557
33 94 0.078555
33 95 0.078554
33 96 0.078553
33 97 0.078552
33 98 0.078552
33 99 0.078552

34 0 0.078564
34 1 0.078564
34 2 0.078564
34 3 0.078565
34 4 0.078566
34 5 0.078567
34 6 0.078568
34 7 0.078570
34 8 0.078571
34 9 0.078573
34 10 0.078575
34 11 0.078577
34 12 0.078579
34 13 0.078581
34 14 0.078584
34 15 0.078587
34 16 0.078590
34 17 0.078593
34 18 0.078596
34 19 0.078599
34 20 0.078602
34 21 0.078606
34 22 0.078609
34 23 0.078613
34 24 0.078617
34 25 0.078620
34 26 0.078624
34 27 0.078628
34 28 0.078632
34 29 0.078636
34 30 0.078640
34 31 0.078644
34 32 0.078648
34 33 0.078651
34 34 0.078655
34 35 0.078659
34 36 0.078662
34 37 0.078666
34 38 0.078669
34 39 0.078672
34 40 0.078675
34 41 0.078678
34 42 0.078681
34 43 0.078683
34 44 0.078685
34 45 0.078687
34 46 0.078689
34 47 0.078690
34 48 0.078691
34 49 0.078692
34 50 0.078693
34 51 0.078693
34 52 0.078693
34 53 0.078692
34 54 0.078692
34 55 0.078691
34 56 0.078689
34 57 0.078688
34 58 0.078686
34 59 0.078684
34 60 0.078681
34 61 0.078679
34 62 0.078676
34 63 0.078673
34 64 0.078669
34 65 0.078666
34 66 0.078662
34 67 0.078658
34 68 0.078654
34 69 0.078650
34 70 0.078645
34 71 0.078641
34 72 0.078637
34 73 0.078632
34 74 0.078628
34 75 0.078623
34 76 0.078619
34 77 0.078614
34 78 0.078610
34 79 0.078606
34 80 0.078601
34 81 0.078597
34 82 0.078593
34 83 0.078590
34 84 0.078586
34 85 0.078582
34 86 0.078579
34 87 0.078575
34 88 0.078572
34 89 0.078570
34 90 0.078567
34 91 0.078565
34 92 0.078563
34 93 0.078561
34 94 0.078559
34 95 0.078558
34 96 0.078557
34 97 0.078557
34 98 0.078557
34 99 0.078557

35 0 0.078565
35 1 0.078565
35 2 0.078565
35 3 0.078566
35 4 0.078567
35 5 0.078568
35 6 0.078570
35 7 0.078571
35 8 0.078573
35 9 0.078574
35 10 0.078576
35 11 0.078579
35 12 0.078581
35 13 0.078583
35 14 0.078586
35 15 0.078589
35 16 0.078592
35 17 0.078595
35 18 0.078598
35 19 0.078601
35 20 0.078605
35 21 0.078608
35 22 0.078612
35 23 0.078616
35 24 0.078619
35 25 0.078623
35 26 0.078627
35 27 0.078631
35 28 0.078635
35 29 0.078639
35 30 0.078643
35 31 0.078647
35 32 0.078651
35 33 0.078655
35 34 0.078659
35 35 0.078663
35 36 0.078666
35 37 0.078670
35 38 0.078673
35 39 0.078676
35 40 0.078679
35 41 0.078682
35 42 0.078685
35 43 0.078687
35 44 0.078689
35 45 0.078691
35 46 0.078693
35 47 0.078694
35 48 0.078695
35 49 0.078696
35 50 0.078697
35 51 0.078697
35 52 0.078697
35 53 0.078697
35 54 0.078696
35 55 0.078695
35 56 0.078694
35 57 0.078692
35 58 0.078690
35 59 0.078688
35 60 0.078686
35 61 0.078683
35 62 0.078680
35 63 0.078677
35 64 0.078674
35 65 0.078670
35 66 0.078666
35 67 0.078663
35 68 0.078659
35 69 0.078654
35 70 0.078650
35 71 0.078646
35 72 0.078641
35 73 0.078637
35 74 0.078632
35 75 0.078628
35 76 0.078623
35 77 0.078619
35 78 0.078614
35 79 0.078610
35 80 0.078606
35 81 0.078602
35 82 0.078598
35 83 0.078594
35 84 0.078590
35 85 0.078586
35 86 0.078583
35 87 0.078580
35 88 0.078577
35 89 0.078574
35 90 0.078571
35 91 0.078569
35 92 0.078567
35 93 0.078565
35 94 0.078563
35 95 0.078562
35 96 0.078561
35 97 0.078561
35 98 0.078561
35 99 0.078561

36 0 0.078567
36 1 0.078567
36 2 0.078567
36 3 0.078568
36 4 0.078569
36 5 0.078570
36 6 0.078571
36 7 0.078573
36 8 0.078575
36 9 0.078576
36 10 0.078579
36 11 0.078581
36 12 0.078583
36 13 0.078586
36 14 0.078588
36 15 0.078591
36 16 0.078594
36 17 0.078597
36 18 0.078601
36 19 0.078604
36 20 0.078607
36 21 0.078611
36 22 0.078615
36 23 0.078619
36 24 0.078623
36 25 0.078627
36 26 0.078631
36 27 0.078635
36 28 0.078639
36 29 0.078643
36 30 0.078647
36 31 0.078651
36 32 0.078655
36 33 0.078659
36 34 0.078663
36 35 0.078666
36 36 0.078670
36 37 0.078674
36 38 0.078677
36 39 0.078680
36 40 0.078683
36 41 0.078686
36 42 0.078689
36 43 0.078691
36 44 0.078693
36 45 0.078695
36 46 0.078697
36 47 0.078698
36 48 0.078699
36 49 0.078700
36 50 0.078701
36 51 0.078701
36 52 0.078701
36 53 0.078701
36 54 0.078700
36 55 0.078699
36 56 0.078698
36 57 0.078696
36 58 0.078694
36 59 0.078692
36 60 0.078690
36 61 0.078687
36 62 0.078684
36 63 0.078681
36 64 0.078678
36 65 0.078674
36 66 0.078671
36 67 0.078667
36 68 0.078663
36 69 0.078658
36 70 0.078654
36 71 0.078650
36 72 0.078645
36 73 0.078641
36 74 0.078636
36 75 0.078632
36 76 0.078627
36 77 0.078623
36 78 0.078618
36 79 0.078614
36 80 0.078610
36 81 0.078606
36 82 0.078602
36 83 0.078598
36 84 0.078594
36 85 0.078590
36 86 0.078587
36 87 0.078584
36 88 0.078581
36 89 0.078578
36 90 0.078575
36 91 0.078573
36 92 0.078571
36 93 0.078569
36 94 0.078568
36 95 0.078566
36 96 0.078566
36 97 0.078565
36 98 0.078565
36 99 0.078565

37 0 0.078568
37 1 0.078568
37 2 0.078569
37 3 0.078570
37 4 0.078571
37 5 0.078572
37 6 0.078573
37 7 0.078575
37 8 0.078577
37 9 0.078579
37 10 0.078581
37 11 0.078583
37 12 0.078585
37 13 0.078588
37 14 0.078591
37 15 0.078594
37 16 0.078597
37 17 0.078600
37 18 0.078603
37 19 0.078607
37 20 0.078610
37 21 0.078614
37 22 0.078618
37 23 0.078622
37 24 0.078626
37 25 0.078630
37 26 0.078634
37 27 0.078638
37 28 0.078642
37 29 0.078646
37 30 0.078650
37 31 0.078654
37 32 0.078658
37 33 0.078662
37 34 0.078666
37 35 0.078670
37 36 0.078674
37 37 0.078677
37 38 0.078681
37 39 0.078684
37 40 0.078687
37 41 0.078690
37 42 0.078693
37 43 0.078695
37 44 0.078697
37 45 0.078699
37 46 0.078701
37 47 0.078702
37 48 0.078703
37 49 0.078704
37 50 0.078705
37 51 0.078705
37 52 0.078705
37 53 0.078705
37 54 0.078704
37 55 0.078703
37 56 0.078702
37 57 0.078700
37 58 0.078698
37 59 0.078696
37 60 0.078694
37 61 0.078691
37 62 0.078688
37 63 0.078685
37 64 0.078682
37 65 0.078678
37 66 0.078675
37 67 0.078671
37 68 0.078667
37 69 0.078662
37 70 0.078658
37 71 0.078654
37 72 0.078649
37 73 0.078645
37 74 0.078640
37 75 0.078636
37 76 0.078631
37 77 0.078627
37 78 0.078622
37 79 0.078618
37 80 0.078614
37 81 0.078610
37 82 0.078605
37 83 0.078602
37 84 0.078598
37 85 0.078594
37 86 0.078591
37 87 0.078588
37 88 0.078585
37 89 0.078582
37 90 0.078579
37 91 0.078577
37 92 0.078575
37 93 0.078573
37 94 0.078572
37 95 0.078570
37 96 0.078570
37 97 0.078569
37 98 0.078569
37 99 0.078569

38 0 0.078570
38 1 0.078570
38 2 0.078571
38 3 0.078572
38 4 0.078573
38 5 0.078574
38 6 0.078575
38 7 0.078577
38 8 0.078579
38 9 0.078581
38 10 0.078583
38 11 0.078585
38 12 0.078588
38 13 0.078590
38 14 0.078593
38 15 0.078596
38 16 0.078599
38 17 0.078603
38 18 0.078606
38 19 0.078609
38 20 0.078613
38 21 0.078617
38 22 0.078621
38 23 0.078625
38 24 0.078629
38 25 0.078633
38 26 0.078637
38 27 0.078641
38 28 0.078645
38 29 0.078650
38 30 0.078654
38 31 0.078658
38 32 0.078662
38 33 0.078666
38 34 0.078670
38 35 0.078674
38 36 0.078677
38 37 0.078681
38 38 0.078684
38 39 0.078688
38 40 0.078691
38 41 0.078694
38 42 0.078696
38 43 0.078699
38 44 0.078701
38 45 0.078703
38 46 0.078705
38 47 0.078706
38 48 0.078707
38 49 0.078708
38 50 0.078709
38 51 0.078709
38 52 0.078709
38 53 0.078708
38 54 0.078708
38 55 0.078707
38 56 0.078706
38 57 0.078704
38 58 0.078702
38 59 0.078700
38 60 0.078698
38 61 0.078695
38 62 0.078692
38 63 0.078689
38 64 0.078686
38 65 0.078682
38 66 0.078678
38 67 0.078674
38 68 0.078670
38 69 0.078666
38 70 0.078662
38 71 0.078657
38 72 0.078653
38 73 0.078649
38 74 0.078644
38 75 0.078640
38 76 0.078635
38 77 0.078631
38 78 0.078626
38 79 0.078622
38 80 0.078617
38 81 0.078613
38 82 0.078609
38 83 0.078605
38 84 0.078602
38 85 0.078598
38 86 0.078594
38 87 0.078591
38 88 0.078588
38 89 0.078586
38 90 0.078583
38 91 0.078581
38 92 0.078579
38 93 0.078577
38 94 0.078575
38 95 0.078574
38 96 0.078573
38 97 0.078573
38 98 0.078573
38 99 0.078573

39 0 0.078572
39 1 0.078572
39 2 0.078573
39 3 0.078574
39 4 0.078575
39 5 0.078576
39 6 0.078577
39 7 0.078579
39 8 0.078581
39 9 0.078583
39 10 0.078585
39 11 0.078587
39 12 0.078590
39 13 0.078593
39 14 0.078596
39 15 0.078599
39 16 0.078602
39 17 0.078605
39 18 0.078609
39 19 0.078612
39 20 0.078616
39 21 0.078620
39 22 0.078624
39 23 0.078628
39 24 0.078632
39 25 0.078636
39 26 0.078640
39 27 0.078644
39 28 0.078649
39 29 0.078653
39 30 0.078657
39 31 0.078661
39 32 0.078665
39 33 0.078669
39 34 0.078673
39 35 0.078677
39 36 0.078681
39 37 0.078685
39 38 0.078688
39 39 0.078691
39 40 0.078694
39 41 0.078697
39 42 0.078700
39 43 0.078702
39 44 0.078705
39 45 0.078707
39 46 0.078708
39 47 0.078710
39 48 0.078711
39 49 0.078712
39 50 0.078712
39 51 0.078713
39 52 0.078712
39 53 0.078712
39 54 0.078711
39 55 0.078710
39 56 0.078709
39 57 0.078708
39 58 0.078706
39 59 0.078704
39 60 0.078701
39 61 0.078699
39 62 0.078696
39 63 0.078693
39 64 0.078689
39 65 0.078686
39 66 0.078682
39 67 0.078678
39 68 0.078674
39 69 0.078670
39 70 0.078665
39 71 0.078661
39 72 0.078657
39 73 0.078652
39 74 0.078648
39 75 0.078643
39 76 0.078639
39 77 0.078634
39 78 0.078630
39 79 0.078625
39 80 0.078621
39 81 0.078617
39 82 0.078613
39 83 0.078609
39 84 0.078605
39 85 0.078601
39 86 0.078598
39 87 0.078595
39 88 0.078592
39 89 0.078589
39 90 0.078587
39 91 0.078584
39 92 0.078582
39 93 0.078581
39 94 0.078579
39 95 0.078578
39 96 0.078577
39 97 0.078577
39 98 0.078577
39 99 0.078577

40 0 0.078574
40 1 0.078574
40 2 0.078575
40 3 0.078576
40 4 0.078577
40 5 0.078578
40 6 0.078579
40 7 0.078581
40 8 0.078583
40 9 0.078585
40 10 0.078587
40 11 0.078590
40 12 0.078592
40 13 0.078595
40 14 0.078598
40 15 0.078601
40 16 0.078604
40 17 0.078608
40 18 0.078611
40 19 0.078615
40 20 0.078619
40 21 0.078623
40 22 0.078627
40 23 0.078631
40 24 0.078635
40 25 0.078639
40 26 0.078643
40 27 0.078648
40 28 0.078652
40 29 0.078656
40 30 0.078660
40 31 0.078665
40 32 0.078669
40 33 0.078673
40 34 0.078677
40 35 0.078681
40 36 0.078684
40 37 0.078688
40 38 0.078691
40 39 0.078695
40 40 0.078698
40 41 0.078701
40 42 0.078703
40 43 0.078706
40 44 0.078708
40 45 0.078710
40 46 0.078712
40 47 0.078713
40 48 0.078714
40 49 0.078715
40 50 0.078716
40 51 0.078716
40 52 0.078716
40 53 0.078716
40 54 0.078715
40 55 0.078714
40 56 0.078713
40 57 0.078711
40 58 0.078709
40 59 0.078707
40 60 0.078705
40 61 0.078702
40 62 0.078699
40 63 0.078696
40 64 0.078692
40 65 0.078689
40 66 0.078685
40 67 0.078681
40 68 0.078677
40 69 0.078673
40 70 0.078669
40 71 0.078664
40 72 0.078660
40 73 0.078655
40 74 0.078651
40 75 0.078646
40 76 0.078642
40 77 0.078637
40 78 0.078633
40 79 0.078629
40 80 0.078624
40 81 0.078620
40 82 0.078616
40 83 0.078612
40 84 0.078608
40 85 0.078605
40 86 0.078601
40 87 0.078598
40 88 0.078595
40 89 0.078593
40 90 0.078590
40 91 0.078588
40 92 0.078586
40 93 0.078584
40 94 0.078583
40 95 0.078581
40 96 0.078581
40 97 0.078580
40 98 0.078580
40 99 0.078580

41 0 0.078576
41 1 0.078576
41 2 0.078577
41 3 0.078578
41 4 0.078579
41 5 0.078580
41 6 0.078582
41 7 0.078583
41 8 0.078585
41 9 0.078587
41 10 0.078589
41 11 0.078592
41 12 0.078594
41 13 0.078597
41 14 0.078600
41 15 0.078603
41 16 0.078607
41 17 0.078610
41 18 0.078614
41 19 0.078617
41 20 0.078621
41 21 0.078625
41 22 0.078629
41 23 0.078633
41 24 0.078638
41 25 0.078642
41 26 0.078646
41 27 0.078651
41 28 0.078655
41 29 0.078659
41 30 0.078663
41 31 0.078668
41 32 0.078672
41 33 0.078676
41 34 0.078680
41 35 0.078684
41 36 0.078688
41 37 0.078691
41 38 0.078695
41 39 0.078698
41 40 0.078701
41 41 0.078704
41 42 0.078707
41 43 0.078709
41 44 0.078711
41 45 0.078713
41 46 0.078715
41 47 0.078716
41 48 0.078718
41 49 0.078718
41 50 0.078719
41 51 0.078719
41 52 0.078719
41 53 0.078719
41 54 0.078718
41 55 0.078717
41 56 0.078716
41 57 0.078714
41 58 0.078712
41 59 0.078710
41 60 0.078708
41 61 0.078705
41 62 0.078702
41 63 0.078699
41 64 0.078696
41 65 0.078692
41 66 0.078688
41 67 0.078684
41 68 0.078680
41 69 0.078676
41 70 0.078672
41 71 0.078667
41 72 0.078663
41 73 0.078659
41 74 0.078654
41 75 0.078649
41 76 0.078645
41 77 0.078640
41 78 0.078636
41 79 0.078632
41 80 0.078627
41 81 0.078623
41 82 0.078619
41 83 0.078615
41 84 0.078612
41 85 0.078608
41 86 0.078605
41 87 0.078601
41 88 0.078598
41 89 0.078596
41 90 0.078593
41 91 0.078591
41 92 0.078589
41 93 0.078587
41 94 0.078586
41 95 0.078585
41 96 0.078584
41 97 0.078583
41 98 0.078583
41 99 0.078583

42 0 0.078578
42 1 0.078578
42 2 0.078579
42 3 0.078580
42 4 0.078581
42 5 0.078582
42 6 0.078584
42 7 0.078585
42 8 0.078587
42 9 0.078589
42 10 0.078591
42 11 0.078594
42 12 0.078597
42 13 0.078599
42 14 0.078603
42 15 0.078606
42 16 0.078609
42 17 0.078613
42 18 0.078616
42 19 0.078620
42 20 0.078624
42 21 0.078628
42 22 0.078632
42 23 0.078636
42 24 0.078640
42 25 0.078645
42 26 0.078649
42 27 0.078653
42 28 0.078658
42 29 0.078662
42 30 0.078666
42 31 0.078671
42 32 0.078675
42 33 0.078679
42 34 0.078683
42 35 0.078687
42 36 0.078691
42 37 0.078694
42 38 0.078698
42 39 0.078701
42 40 0.078704
42 41 0.078707
42 42 0.078710
42 43 0.078712
42 44 0.078714
42 45 0.078716
42 46 0.078718
42 47 0.078720
42 48 0.078721
42 49 0.078721
42 50 0.078722
42 51 0.078722
42 52 0.078722
42 53 0.078722
42 54 0.078721
42 55 0.078720
42 56 0.078719
42 57 0.078717
42 58 0.078715
42 59 0.078713
42 60 0.078711
42 61 0.078708
42 62 0.078705
42 63 0.078702
42 64 0.078699
42 65 0.078695
42 66 0.078691
42 67 0.078687
42 68 0.078683
42 69 0.078679
42 70 0.078675
42 71 0.078670
42 72 0.078666
42 73 0.078661
42 74 0.078657
42 75 0.078652
42 76 0.078648
42 77 0.078643
42 78 0.078639
42 79 0.078635
42 80 0.078630
42 81 0.078626
42 82 0.078622
42 83 0.078618
42 84 0.078614
42 85 0.078611
42 86 0.078608
42 87 0.078604
42 88 0.078601
42 89 0.078599
42 90 0.078596
42 91 0.078594
42 92 0.078592
42 93 0.078590
42 94 0.078589
42 95 0.078588
42 96 0.078587
42 97 0.078586
42 98 0.078586
42 99 0.078586

43 0 0.078580
43 1 0.078580
43 2 0.078581
43 3 0.078582
43 4 0.078583
43 5 0.078584
43 6 0.078585
43 7 0.078587
43 8 0.078589
43 9 0.078591
43 10 0.078594
43 11 0.078596
43 12 0.078599
43 13 0.078602
43 14 0.078605
43 15 0.078608
43 16 0.078611
43 17 0.078615
43 18 0.078619
43 19 0.078622
43 20 0.078626
43 21 0.078630
43 22 0.078635
43 23 0.078639
43 24 0.078643
43 25 0.078647
43 26 0.078652
43 27 0.078656
43 28 0.078661
43 29 0.078665
43 30 0.078669
43 31 0.078674
43 32 0.078678
43 33 0.078682
43 34 0.078686
43 35 0.078690
43 36 0.078694
43 37 0.078697
43 38 0.078701
43 39 0.078704
43 40 0.078707
43 41 0.078710
43 42 0.078713
43 43 0.078715
43 44 0.078717
43 45 0.078719
43 46 0.078721
43 47 0.078722
43 48 0.078723
43 49 0.078724
43 50 0.078725
43 51 0.078725
43 52 0.078725
43 53 0.078724
43 54 0.078724
43 55 0.078723
43 56 0.078721
43 57 0.078720
43 58 0.078718
43 59 0.078716
43 60 0.078713
43 61 0.078711
43 62 0.078708
43 63 0.078705
43 64 0.078701
43 65 0.078698
43 66 0.078694
43 67 0.078690
43 68 0.078686
43 69 0.078682
43 70 0.078677
43 71 0.078673
43 72 0.078668
43 73 0.078664
43 74 0.078659
43 75 0.078655
43 76 0.078650
43 77 0.078646
43 78 0.078642
43 79 0.078637
43 80 0.078633
43 81 0.078629
43 82 0.078625
43 83 0.078621
43 84 0.078617
43 85 0.078614
43 86 0.078610
43 87 0.078607
43 88 0.078604
43 89 0.078601
43 90 0.078599
43 91 0.078597
43 92 0.078595
43 93 0.078593
43 94 0.078592
43 95 0.078590
43 96 0.078590
43 97 0.078589
43 98 0.078589
43 99 0.078589

44 0 0.078582
44 1 0.078582
44 2 0.078583
44 3 0.078584
44 4 0.078585
44 5 0.078586
44 6 0.078587
44 7 0.078589
44 8 0.078591
44 9 0.078593
44 10 0.078596
44 11 0.078598
44 12 0.078601
44 13 0.078604
44 14 0.078607
44 15 0.078610
44 16 0.078614
44 17 0.078617
44 18 0.078621
44 19 0.078625
44 20 0.078629
44 21 0.078633
44 22 0.078637
44 23 0.078641
44 24 0.078646
44 25 0.078650
44 26 0.078654
44 27 0.078659
44 28 0.078663
44 29 0.078668
44 30 0.078672
44 31 0.078676
44 32 0.078680
44 33 0.078685
44 34 0.078689
44 35 0.078693
44 36 0.078696
44 37 0.078700
44 38 0.078703
44 39 0.078707
44 40 0.078710
44 41 0.078713
44 42 0.078715
44 43 0.078718
44 44 0.078720
44 45 0.078722
44 46 0.078724
44 47 0.078725
44 48 0.078726
44 49 0.078727
44 50 0.078727
44 51 0.078728
44 52 0.078727
44 53 0.078727
44 54 0.078726
44 55 0.078725
44 56 0.078724
44 57 0.078722
44 58 0.078720
44 59 0.078718
44 60 0.078716
44 61 0.078713
44 62 0.078710
44 63 0.078707
44 64 0.078704
44 65 0.078700
44 66 0.078696
44 67 0.078692
44 68 0.078688
44 69 0.078684
44 70 0.078680
44 71 0.078675
44 72 0.078671
44 73 0.078666
44 74 0.078662
44 75 0.078657
44 76 0.078653
44 77 0.078648
44 78 0.078644
44 79 0.078640
44 80 0.078635
44 81 0.078631
44 82 0.078627
44 83 0.078623
44 84 0.078620
44 85 0.078616
44 86 0.078613
44 87 0.078610
44 88 0.078607
44 89 0.078604
44 90 0.078601
44 91 0.078599
44 92 0.078597
44 93 0.078596
44 94 0.078594
44 95 0.078593
44 96 0.078592
44 97 0.078592
44 98 0.078592
44 99 0.078592

45 0 0.078584
45 1 0.078584
45 2 0.078585
45 3 0.078585
45 4 0.078586
45 5 0.078588
45 6 0.078589
45 7 0.078591
45 8 0.078593
45 9 0.078595
45 10 0.078597
45 11 0.078600
45 12 0.078603
45 13 0.078606
45 14 0.078609
45 15 0.078612
45 16 0.078616
45 17 0.078619
45 18 0.078623
45 19 0.078627
45 20 0.078631
45 21 0.078635
45 22 0.078639
45 23 0.078644
45 24 0.078648
45 25 0.078652
45 26 0.078657
45 27 0.078661
45 28 0.078666
45 29 0.078670
45 30 0.078674
45 31 0.078679
45 32 0.078683
45 33 0.078687
45 34 0.078691
45 35 0.078695
45 36 0.078699
45 37 0.078702
45 38 0.078706
45 39 0.078709
45 40 0.078712
45 41 0.078715
45 42 0.078718
45 43 0.078720
45 44 0.078722
45 45 0.078724
45 46 0.078726
45 47 0.078727
45 48 0.078728
45 49 0.078729
45 50 0.078730
45 51 0.078730
45 52 0.078730
45 53 0.078729
45 54 0.078728
45 55 0.078727
45 56 0.078726
45 57 0.078724
45 58 0.078722
45 59 0.078720
45 60 0.078718
45 61 0.078715
45 62 0.078712
45 63 0.078709
45 64 0.078706
45 65 0.078702
45 66 0.078698
45 67 0.078694
45 68 0.078690
45 69 0.078686
45 70 0.078682
45 71 0.078677
45 72 0.078673
45 73 0.078668
45 74 0.078664
45 75 0.078659
45 76 0.078655
45 77 0.078650
45 78 0.078646
45 79 0.078642
45 80 0.078637
45 81 0.078633
45 82 0.078629
45 83 0.078625
45 84 0.078622
45 85 0.078618
45 86 0.078615
45 87 0.078612
45 88 0.078609
45 89 0.078606
45 90 0.078604
45 91 0.078601
45 92 0.078600
45 93 0.078598
45 94 0.078596
45 95 0.078595
45 96 0.078595
45 97 0.078594
45 98 0.078594
45 99 0.078594

46 0 0.078586
46 1 0.078586
46 2 0.078586
46 3 0.078587
46 4 0.078588
46 5 0.078589
46 6 0.078591
46 7 0.078593
46 8 0.078595
46 9 0.078597
46 10 0.078599
46 11 0.078602
46 12 0.078605
46 13 0.078608
46 14 0.078611
46 15 0.078614
46 16 0.078618
46 17 0.078621
46 18 0.078625
46 19 0.078629
46 20 0.078633
46 21 0.078637
46 22 0.078641
46 23 0.078646
46 24 0.078650
46 25 0.078654
46 26 0.078659
46 27 0.078663
46 28 0.078668
46 29 0.078672
46 30 0.078677
46 31 0.078681
46 32 0.078685
46 33 0.078689
46 34 0.078693
46 35 0.078697
46 36 0.078701
46 37 0.078705
46 38 0.078708
46 39 0.078711
46 40 0.078714
46 41 0.078717
46 42 0.078720
46 43 0.078722
46 44 0.078725
46 45 0.078726
46 46 0.078728
46 47 0.078729
46 48 0.078730
46 49 0.078731
46 50 0.078731
46 51 0.078732
46 52 0.078731
46 53 0.078731
46 54 0.078730
46 55 0.078729
46 56 0.078728
46 57 0.078726
46 58 0.078724
46 59 0.078722
46 60 0.078719
46 61 0.078717
46 62 0.078714
46 63 0.078711
46 64 0.078707
46 65 0.078704
46 66 0.078700
46 67 0.078696
46 68 0.078692
46 69 0.078688
46 70 0.078683
46 71 0.078679
46 72 0.078675
46 73 0.078670
46 74 0.078666
46 75 0.078661
46 76 0.078657
46 77 0.078652
46 78 0.078648
46 79 0.078643
46 80 0.078639
46 81 0.078635
46 82 0.078631
46 83 0.078627
46 84 0.078624
46 85 0.078620
46 86 0.078617
46 87 0.078614
46 88 0.078611
46 89 0.078608
46 90 0.078606
46 91 0.078603
46 92 0.078601
46 93 0.078600
46 94 0.078598
46 95 0.078597
46 96 0.078597
46 97 0.078596
46 98 0.078596
46 99 0.078596

47 0 0.078587
47 1 0.078587
47 2 0.078588
47 3 0.078589
47 4 0.078590
47 5 0.078591
47 6 0.078593
47 7 0.078594
47 8 0.078596
47 9 0.078598
47 10 0.078601
47 11 0.078603
47 12 0.078606
47 13 0.078609
47 14 0.078612
47 15 0.078616
47 16 0.078619
47 17 0.078623
47 18 0.078627
47 19 0.078631
47 20 0.078635
47 21 0.078639
47 22 0.078643
47 23 0.078648
47 24 0.078652
47 25 0.078656
47 26 0.078661
47 27 0.078665
47 28 0.078670
47 29 0.078674
47 30 0.078679
47 31 0.078683
47 32 0.078687
47 33 0.078691
47 34 0.078695
47 35 0.078699
47 36 0.078703
47 37 0.078707
47 38 0.078710
47 39 0.078713
47 40 0.078716
47 41 0.078719
47 42 0.078722
47 43 0.078724
47 44 0.078726
47 45 0.078728
47 46 0.078730
47 47 0.078731
47 48 0.078732
47 49 0.078733
47 50 0.078733
47 51 0.078733
47 52 0.078733
47 53 0.078733
47 54 0.078732
47 55 0.078731
47 56 0.078729
47 57 0.078728
47 58 0.078726
47 59 0.078723
47 60 0.078721
47 61 0.078718
47 62 0.078715
47 63 0.078712
47 64 0.078709
47 65 0.078705
47 66 0.078701
47 67 0.078697
47 68 0.078693
47 69 0.078689
47 70 0.078685
47 71 0.078680
47 72 0.078676
47 73 0.078672
47 74 0.078667
47 75 0.078663
47 76 0.078658
47 77 0.078654
47 78 0.078649
47 79 0.078645
47 80 0.078641
47 81 0.078637
47 82 0.078633
47 83 0.078629
47 84 0.078625
47 85 0.078622
47 86 0.078618
47 87 0.078615
47 88 0.078612
47 89 0.078610
47 90 0.078607
47 91 0.078605
47 92 0.078603
47 93 0.078601
47 94 0.078600
47 95 0.078599
47 96 0.078598
47 97 0.078598
47 98 0.078598
47 99 0.078598

48 0 0.078589
48 1 0.078589
48 2 0.078590
48 3 0.078590
48 4 0.078591
48 5 0.078593
48 6 0.078594
48 7 0.078596
48 8 0.078598
48 9 0.078600
48 10 0.078602
48 11 0.078605
48 12 0.078608
48 13 0.078611
48 14 0.078614
48 15 0.078617
48 16 0.078621
48 17 0.078625
48 18 0.078628
48 19 0.078632
48 20 0.078637
48 21 0.078641
48 22 0.078645
48 23 0.078649
48 24 0.078654
48 25 0.078658
48 26 0.078663
48 27 0.078667
48 28 0.078671
48 29 0.078676
48 30 0.078680
48 31 0.078685
48 32 0.078689
48 33 0.078693
48 34 0.078697
48 35 0.078701
48 36 0.078705
48 37 0.078708
48 38 0.078712
48 39 0.078715
48 40 0.078718
48 41 0.078721
48 42 0.078723
48 43 0.078726
48 44 0.078728
48 45 0.078730
48 46 0.078731
48 47 0.078732
48 48 0.078733
48 49 0.078734
48 50 0.078734
48 51 0.078735
48 52 0.078734
48 53 0.078734
48 54 0.078733
48 55 0.078732
48 56 0.078730
48 57 0.078729
48 58 0.078727
48 59 0.078724
48 60 0.078722
48 61 0.078719
48 62 0.078716
48 63 0.078713
48 64 0.078710
48 65 0.078706
48 66 0.078702
48 67 0.078698
48 68 0.078694
48 69 0.078690
48 70 0.078686
48 71 0.078682
48 72 0.078677
48 73 0.078673
48 74 0.078668
48 75 0.078664
48 76 0.078659
48 77 0.078655
48 78 0.078651
48 79 0.078646
48 80 0.078642
48 81 0.078638
48 82 0.078634
48 83 0.078630
48 84 0.078626
48 85 0.078623
48 86 0.078620
48 87 0.078617
48 88 0.078614
48 89 0.078611
48 90 0.078609
48 91 0.078606
48 92 0.078605
48 93 0.078603
48 94 0.078602
48 95 0.078600
48 96 0.078600
48 97 0.078599
48 98 0.078599
48 99 0.078599

49 0 0.078590
49 1 0.078590
49 2 0.078591
49 3 0.078592
49 4 0.078593
49 5 0.078594
49 6 0.078595
49 7 0.078597
49 8 0.078599
49 9 0.078601
49 10 0.078604
49 11 0.078606
49 12 0.078609
49 13 0.078612
49 14 0.078615
49 15 0.078619
49 16 0.078622
49 17 0.078626
49 18 0.078630
49 19 0.078634
49 20 0.078638
49 21 0.078642
49 22 0.078646
49 23 0.078651
49 24 0.078655
49 25 0.078660
49 26 0.078664
49 27 0.078669
49 28 0.078673
49 29 0.078677
49 30 0.078682
49 31 0.078686
49 32 0.078690
49 33 0.078694
49 34 0.078698
49 35 0.078702
49 36 0.078706
49 37 0.078710
49 38 0.078713
49 39 0.078716
49 40 0.078719
49 41 0.078722
49 42 0.078725
49 43 0.078727
49 44 0.078729
49 45 0.078731
49 46 0.078732
49 47 0.078734
49 48 0.078735
49 49 0.078735
49 50 0.078735
49 51 0.078736
49 52 0.078735
49 53 0.078735
49 54 0.078734
49 55 0.078733
49 56 0.078731
49 57 0.078729
49 58 0.078728
49 59 0.078725
49 60 0.078723
49 61 0.078720
49 62 0.078717
49 63 0.078714
49 64 0.078711
49 65 0.078707
49 66 0.078703
49 67 0.078699
49 68 0.078695
49 69 0.078691
49 70 0.078687
49 71 0.078682
49 72 0.078678
49 73 0.078674
49 74 0.078669
49 75 0.078665
49 76 0.078660
49 77 0.078656
49 78 0.078651
49 79 0.078647
49 80 0.078643
49 81 0.078639
49 82 0.078635
49 83 0.078631
49 84 0.078627
49 85 0.078624
49 86 0.078621
49 87 0.078618
49 88 0.078615
49 89 0.078612
49 90 0.078610
49 91 0.078608
49 92 0.078606
49 93 0.078604
49 94 0.078603
49 95 0.078602
49 96 0.078601
49 97 0.078600
49 98 0.078600
49 99 0.078600

50 0 0.078592
50 1 0.078592
50 2 0.078592
50 3 0.078593
50 4 0.078594
50 5 0.078595
50 6 0.078596
50 7 0.078598
50 8 0.078600
50 9 0.078602
50 10 0.078605
50 11 0.078607
50 12 0.078610
50 13 0.078613
50 14 0.078616
50 15 0.078620
50 16 0.078623
50 17 0.078627
50 18 0.078631
50 19 0.078635
50 20 0.078639
50 21 0.078643
50 22 0.078648
50 23 0.078652
50 24 0.078656
50 25 0.078661
50 26 0.078665
50 27 0.078670
50 28 0.078674
50 29 0.078679
50 30 0.078683
50 31 0.078687
50 32 0.078692
50 33 0.078696
50 34 0.078700
50 35 0.078703
50 36 0.078707
50 37 0.078711
50 38 0.078714
50 39 0.078717
50 40 0.078720
50 41 0.078723
50 42 0.078726
50 43 0.078728
50 44 0.078730
50 45 0.078732
50 46 0.078733
50 47 0.078734
50 48 0.078735
50 49 0.078736
50 50 0.078736
50 51 0.078736
50 52 0.078736
50 53 0.078735
50 54 0.078734
50 55 0.078733
50 56 0.078732
50 57 0.078730
50 58 0.078728
50 59 0.078726
50 60 0.078723
50 61 0.078720
50 62 0.078718
50 63 0.078714
50 64 0.078711
50 65 0.078707
50 66 0.078704
50 67 0.078700
50 68 0.078696
50 69 0.078692
50 70 0.078687
50 71 0.078683
50 72 0.078679
50 73 0.078674
50 74 0.078670
50 75 0.078665
50 76 0.078661
50 77 0.078656
50 78 0.078652
50 79 0.078648
50 80 0.078644
50 81 0.078639
50 82 0.078636
50 83 0.078632
50 84 0.078628
50 85 0.078625
50 86 0.078621
50 87 0.078618
50 88 0.078615
50 89 0.078613
50 90 0.078610
50 91 0.078608
50 92 0.078606
50 93 0.078605
50 94 0.078603
50 95 0.078602
50 96 0.078602
50 97 0.078601
50 98 0.078601
50 99 0.078601

51 0 0.078592
51 1 0.078592
51 2 0.078593
51 3 0.078594
51 4 0.078595
51 5 0.078596
51 6 0.078597
51 7 0.078599
51 8 0.078601
51 9 0.078603
51 10 0.078606
51 11 0.078608
51 12 0.078611
51 13 0.078614
51 14 0.078617
51 15 0.078621
51 16 0.078624
51 17 0.078628
51 18 0.078632
51 19 0.078636
51 20 0.078640
51 21 0.078644
51 22 0.078649
51 23 0.078653
51 24 0.078657
51 25 0.078662
51 26 0.078666
51 27 0.078671
51 28 0.078675
51 29 0.078680
51 30 0.078684
51 31 0.078688
51 32 0.078692
51 33 0.078696
51 34 0.078700
51 35 0.078704
51 36 0.078708
51 37 0.078712
51 38 0.078715
51 39 0.078718
51 40 0.078721
51 41 0.078724
51 42 0.078726
51 43 0.078728
51 44 0.078730
51 45 0.078732
51 46 0.078734
51 47 0.078735
51 48 0.078736
51 49 0.078736
51 50 0.078736
51 51 0.078736
51 52 0.078796
51 53 0.078795
51 54 0.078793
51 55 0.078791
51 56 0.078788
51 57 0.078785
51 58 0.078782
51 59 0.078779
51 60 0.078775
51 61 0.078770
51 62 0.078766
51 63 0.078761
51 64 0.078756
51 65 0.078750
51 66 0.078745
51 67 0.078739
51 68 0.078733
51 69 0.078727
51 70 0.078720
51 71 0.078714
51 72 0.078708
51 73 0.078701
51 74 0.078694
51 75 0.078688
51 76 0.078681
51 77 0.078675
51 78 0.078669
51 79 0.078662
51 80 0.078656
51 81 0.078650
51 82 0.078644
51 83 0.078639
51 84 0.078633
51 85 0.078628
51 86 0.078623
51 87 0.078619
51 88 0.078614
51 89 0.078610
51 90 0.078607
51 91 0.078604
51 92 0.078601
51 93 0.078599
51 94 0.078597
51 95 0.078595
51 96 0.078594
51 97 0.078593
51 98 0.078593
51 99 0.078593

52 0 0.078598
52 1 0.078598
52 2 0.078599
52 3 0.078600
52 4 0.078601
52 5 0.078603
52 6 0.078605
52 7 0.078608
52 8 0.078611
52 9 0.078614
52 10 0.078617
52 11 0.078621
52 12 0.078625
52 13 0.078630
52 14 0.078635
52 15 0.078640
52 16 0.078645
52 17 0.078650
52 18 0.078656
52 19 0.078662
52 20 0.078668
52 21 0.078674
52 22 0.078680
52 23 0.078686
52 24 0.078693
52 25 0.078699
52 26 0.078705
52 27 0.078712
52 28 0.078718
52 29 0.078724
52 30 0.078730
52 31 0.078736
52 32 0.078742
52 33 0.078747
52 34 0.078753
52 35 0.078758
52 36 0.078763
52 37 0.078768
52 38 0.078772
52 39 0.078776
52 40 0.078780
52 41 0.078783
52 42 0.078787
52 43 0.078789
52 44 0.078792
52 45 0.078794
52 46 0.078795
52 47 0.078796
52 48 0.078797
52 49 0.078798
52 50 0.078798
52 51 0.078797
52 52 0.078796
52 53 0.078795
52 54 0.078793
52 55 0.078791
52 56 0.078789
52 57 0.078786
52 58 0.078782
52 59 0.078779
52 60 0.078775
52 61 0.078770
52 62 0.078766
52 63 0.078761
52 64 0.078756
52 65 0.078750
52 66 0.078745
52 67 0.078739
52 68 0.078733
52 69 0.078727
52 70 0.078720
52 71 0.078714
52 72 0.078707
52 73 0.078701
52 74 0.078694
52 75 0.078688
52 76 0.078681
52 77 0.078675
52 78 0.078668
52 79 0.078662
52 80 0.078656
52 81 0.078650
52 82 0.078644
52 83 0.078638
52 84 0.078633
52 85 0.078628
52 86 0.078623
52 87 0.078618
52 88 0.078614
52 89 0.078610
52 90 0.078607
52 91 0.078603
52 92 0.078601
52 93 0.078598
52 94 0.078596
52 95 0.078595
52 96 0.078593
52 97 0.078593
52 98 0.078592
52 99 0.078592

53 0 0.078597
53 1 0.078597
53 2 0.078598
53 3 0.078599
53 4 0.078600
53 5 0.078602
53 6 0.078604
53 7 0.078607
53 8 0.078610
53 9 0.078613
53 10 0.078616
53 11 0.078620
53 12 0.078625
53 13 0.078629
53 14 0.078634
53 15 0.078639
53 16 0.078644
53 17 0.078650
53 18 0.078655
53 19 0.078661
53 20 0.078667
53 21 0.078673
53 22 0.078679
53 23 0.078686
53 24 0.078692
53 25 0.078698
53 26 0.078705
53 27 0.078711
53 28 0.078717
53 29 0.078724
53 30 0.078730
53 31 0.078736
53 32 0.078741
53 33 0.078747
53 34 0.078753
53 35 0.078758
53 36 0.078763
53 37 0.078767
53 38 0.078772
53 39 0.078776
53 40 0.078780
53 41 0.078783
53 42 0.078786
53 43 0.078789
53 44 0.078791
53 45 0.078793
53 46 0.078795
53 47 0.078796
53 48 0.078797
53 49 0.078797
53 50 0.078797
53 51 0.078797
53 52 0.078796
53 53 0.078795
53 54 0.078793
53 55 0.078791
53 56 0.078788
53 57 0.078785
53 58 0.078782
53 59 0.078778
53 60 0.078774
53 61 0.078770
53 62 0.078765
53 63 0.078761
53 64 0.078755
53 65 0.078750
53 66 0.078744
53 67 0.078738
53 68 0.078732
53 69 0.078726
53 70 0.078720
53 71 0.078713
53 72 0.078707
53 73 0.078700
53 74 0.078694
53 75 0.078687
53 76 0.078681
53 77 0.078674
53 78 0.078668
53 79 0.078661
53 80 0.078655
53 81 0.078649
53 82 0.078643
53 83 0.078638
53 84 0.078632
53 85 0.078627
53 86 0.078622
53 87 0.078618
53 88 0.078613
53 89 0.078609
53 90 0.078606
53 91 0.078603
53 92 0.078600
53 93 0.078597
53 94 0.078595
53 95 0.078594
53 96 0.078593
53 97 0.078592
53 98 0.078591
53 99 0.078591

54 0 0.078596
54 1 0.078596
54 2 0.078597
54 3 0.078598
54 4 0.078599
54 5 0.078601
54 6 0.078603
54 7 0.078605
54 8 0.078608
54 9 0.078612
54 10 0.078615
54 11 0.078619
54 12 0.078623
54 13 0.078628
54 14 0.078633
54 15 0.078638
54 16 0.078643
54 17 0.078648
54 18 0.078654
54 19 0.078660
54 20 0.078666
54 21 0.078672
54 22 0.078678
54 23 0.078685
54 24 0.078691
54 25 0.078697
54 26 0.078704
54 27 0.078710
54 28 0.078717
54 29 0.078723
54 30 0.078729
54 31 0.078735
54 32 0.078741
54 33 0.078746
54 34 0.078752
54 35 0.078757
54 36 0.078762
54 37 0.078767
54 38 0.078771
54 39 0.078775
54 40 0.078779
54 41 0.078782
54 42 0.078786
54 43 0.078788
54 44 0.078791
54 45 0.078793
54 46 0.078794
54 47 0.078795
54 48 0.078796
54 49 0.078797
54 50 0.078797
54 51 0.078796
54 52 0.078795
54 53 0.078794
54 54 0.078792
54 55 0.078790
54 56 0.078787
54 57 0.078784
54 58 0.078781
54 59 0.078778
54 60 0.078774
54 61 0.078769
54 62 0.078765
54 63 0.078760
54 64 0.078754
54 65 0.078749
54 66 0.078743
54 67 0.078737
54 68 0.078731
54 69 0.078725
54 70 0.078719
54 71 0.078712
54 72 0.078706
54 73 0.078699
54 74 0.078693
54 75 0.078686
54 76 0.078680
54 77 0.078673
54 78 0.078667
54 79 0.078660
54 80 0.078654
54 81 0.078648
54 82 0.078642
54 83 0.078636
54 84 0.078631
54 85 0.078626
54 86 0.078621
54 87 0.078616
54 88 0.078612
54 89 0.078608
54 90 0.078605
54 91 0.078601
54 92 0.078599
54 93 0.078596
54 94 0.078594
54 95 0.078593
54 96 0.078591
54 97 0.078590
54 98 0.078590
54 99 0.078590

55 0 0.078595
55 1 0.078595
55 2 0.078595
55 3 0.078596
55 4 0.078597
55 5 0.078599
55 6 0.078601
55 7 0.078604
55 8 0.078607
55 9 0.078610
55 10 0.078614
55 11 0.078618
55 12 0.078622
55 13 0.078626
55 14 0.078631
55 15 0.078636
55 16 0.078641
55 17 0.078647
55 18 0.078653
55 19 0.078659
55 20 0.078665
55 21 0.078671
55 22 0.078677
55 23 0.078683
55 24 0.078690
55 25 0.078696
55 26 0.078703
55 27 0.078709
55 28 0.078715
55 29 0.078721
55 30 0.078728
55 31 0.078734
55 32 0.078739
55 33 0.078745
55 34 0.078750
55 35 0.078756
55 36 0.078761
55 37 0.078765
55 38 0.078770
55 39 0.078774
55 40 0.078778
55 41 0.078781
55 42 0.078784
55 43 0.078787
55 44 0.078789
55 45 0.078791
55 46 0.078793
55 47 0.078794
55 48 0.078795
55 49 0.078795
55 50 0.078795
55 51 0.078795
55 52 0.078794
55 53 0.078792
55 54 0.078791
55 55 0.078789
55 56 0.078786
55 57 0.078783
55 58 0.078780
55 59 0.078776
55 60 0.078772
55 61 0.078768
55 62 0.078763
55 63 0.078758
55 64 0.078753
55 65 0.078748
55 66 0.078742
55 67 0.078736
55 68 0.078730
55 69 0.078724
55 70 0.078717
55 71 0.078711
55 72 0.078704
55 73 0.078698
55 74 0.078691
55 75 0.078685
55 76 0.078678
55 77 0.078671
55 78 0.078665
55 79 0.078659
55 80 0.078652
55 81 0.078646
55 82 0.078640
55 83 0.078635
55 84 0.078629
55 85 0.078624
55 86 0.078619
55 87 0.078615
55 88 0.078610
55 89 0.078606
55 90 0.078603
55 91 0.078600
55 92 0.078597
55 93 0.078594
55 94 0.078592
55 95 0.078591
55 96 0.078590
55 97 0.078589
55 98 0.078588
55 99 0.078588

56 0 0.078593
56 1 0.078593
56 2 0.078593
56 3 0.078594
56 4 0.078596
56 5 0.078597
56 6 0.078599
56 7 0.078602
56 8 0.078605
56 9 0.078608
56 10 0.078612
56 11 0.078616
56 12 0.078620
56 13 0.078624
56 14 0.078629
56 15 0.078634
56 16 0.078640
56 17 0.078645
56 18 0.078651
56 19 0.078657
56 20 0.078663
56 21 0.078669
56 22 0.078675
56 23 0.078682
56 24 0.078688
56 25 0.078695
56 26 0.078701
56 27 0.078707
56 28 0.078714
56 29 0.078720
56 30 0.078726
56 31 0.078732
56 32 0.078738
56 33 0.078744
56 34 0.078749
56 35 0.078754
56 36 0.078759
56 37 0.078764
56 38 0.078769
56 39 0.078773
56 40 0.078776
56 41 0.078780
56 42 0.078783
56 43 0.078786
56 44 0.078788
56 45 0.078790
56 46 0.078792
56 47 0.078793
56 48 0.078794
56 49 0.078794
56 50 0.078794
56 51 0.078793
56 52 0.078792
56 53 0.078791
56 54 0.078789
56 55 0.078787
56 56 0.078785
56 57 0.078782
56 58 0.078778
56 59 0.078775
56 60 0.078771
56 61 0.078766
56 62 0.078762
56 63 0.078757
56 64 0.078751
56 65 0.078746
56 66 0.078740
56 67 0.078734
56 68 0.078728
56 69 0.078722
56 70 0.078716
56 71 0.078709
56 72 0.078703
56 73 0.078696
56 74 0.078689
56 75 0.078683
56 76 0.078676
56 77 0.078670
56 78 0.078663
56 79 0.078657
56 80 0.078650
56 81 0.078644
56 82 0.078638
56 83 0.078633
56 84 0.078627
56 85 0.078622
56 86 0.078617
56 87 0.078613
56 88 0.078608
56 89 0.078604
56 90 0.078601
56 91 0.078598
56 92 0.078595
56 93 0.078592
56 94 0.078590
56 95 0.078589
56 96 0.078588
56 97 0.078587
56 98 0.078586
56 99 0.078586

57 0 0.078590
57 1 0.078590
57 2 0.078591
57 3 0.078592
57 4 0.078593
57 5 0.078595
57 6 0.078597
57 7 0.078600
57 8 0.078603
57 9 0.078606
57 10 0.078609
57 11 0.078613
57 12 0.078618
57 13 0.078622
57 14 0.078627
57 15 0.078632
57 16 0.078638
57 17 0.078643
57 18 0.078649
57 19 0.078655
57 20 0.078661
57 21 0.078667
57 22 0.078673
57 23 0.078680
57 24 0.078686
57 25 0.078692
57 26 0.078699
57 27 0.078705
57 28 0.078712
57 29 0.078718
57 30 0.078724
57 31 0.078730
57 32 0.078736
57 33 0.078742
57 34 0.078747
57 35 0.078752
57 36 0.078757
57 37 0.078762
57 38 0.078767
57 39 0.078771
57 40 0.078774
57 41 0.078778
57 42 0.078781
57 43 0.078784
57 44 0.078786
57 45 0.078788
57 46 0.078790
57 47 0.078791
57 48 0.078792
57 49 0.078792
57 50 0.078792
57 51 0.078791
57 52 0.078790
57 53 0.078789
57 54 0.078787
57 55 0.078785
57 56 0.078782
57 57 0.078780
57 58 0.078776
57 59 0.078772
57 60 0.078768
57 61 0.078764
57 62 0.078759
57 63 0.078754
57 64 0.078749
57 65 0.078744
57 66 0.078738
57 67 0.078732
57 68 0.078726
57 69 0.078720
57 70 0.078713
57 71 0.078707
57 72 0.078700
57 73 0.078694
57 74 0.078687
57 75 0.078680
57 76 0.078674
57 77 0.078667
57 78 0.078661
57 79 0.078654
57 80 0.078648
57 81 0.078642
57 82 0.078636
57 83 0.078630
57 84 0.078625
57 85 0.078620
57 86 0.078615
57 87 0.078610
57 88 0.078606
57 89 0.078602
57 90 0.078598
57 91 0.078595
57 92 0.078592
57 93 0.078590
57 94 0.078588
57 95 0.078586
57 96 0.078582
57 97 0.078581
57 98 0.078581
57 99 0.078581

58 0 0.078588
58 1 0.078588
58 2 0.078588
58 3 0.078589
58 4 0.078591
58 5 0.078592
58 6 0.078595
58 7 0.078597
58 8 0.078600
58 9 0.078604
58 10 0.078608
58 11 0.078612
58 12 0.078616
58 13 0.078621
58 14 0.078626
58 15 0.078631
58 16 0.078637
58 17 0.078642
58 18 0.078648
58 19 0.078655
58 20 0.078661
58 21 0.078667
58 22 0.078674
58 23 0.078680
58 24 0.078687
58 25 0.078694
58 26 0.078700
58 27 0.078707
58 28 0.078713
58 29 0.078720
58 30 0.078726
58 31 0.078733
58 32 0.078739
58 33 0.078744
58 34 0.078750
58 35 0.078755
58 36 0.078761
58 37 0.078765
58 38 0.078770
58 39 0.078774
58 40 0.078778
58 41 0.078782
58 42 0.078785
58 43 0.078788
58 44 0.078790
58 45 0.078792
58 46 0.078793
58 47 0.078795
58 48 0.078795
58 49 0.078796
58 50 0.078795
58 51 0.078795
58 52 0.078794
58 53 0.078792
58 54 0.078790
58 55 0.078788
58 56 0.078785
58 57 0.078782
58 58 0.078779
58 59 0.078775
58 60 0.078771
58 61 0.078766
58 62 0.078761
58 63 0.078756
58 64 0.078750
58 65 0.078745
58 66 0.078739
58 67 0.078733
58 68 0.078726
58 69 0.078720
58 70 0.078713
58 71 0.078706
58 72 0.078699
58 73 0.078692
58 74 0.078686
58 75 0.078679
58 76 0.078672
58 77 0.078665
58 78 0.078658
58 79 0.078651
58 80 0.078645
58 81 0.078639
58 82 0.078632
58 83 0.078627
58 84 0.078621
58 85 0.078615
58 86 0.078610
58 87 0.078606
58 88 0.078601
58 89 0.078597
58 90 0.078593
58 91 0.078590
58 92 0.078587
58 93 0.078584
58 94 0.078582
58 95 0.078580
58 96 0.078579
58 97 0.078578
58 98 0.078578
58 99 0.078578

59 0 0.078584
59 1 0.078584
59 2 0.078585
59 3 0.078586
59 4 0.078587
59 5 0.078589
59 6 0.078591
59 7 0.078594
59 8 0.078597
59 9 0.078600
59 10 0.078604
59 11 0.078608
59 12 0.078613
59 13 0.078618
59 14 0.078623
59 15 0.078628
59 16 0.078634
59 17 0.078639
59 18 0.078645
59 19 0.078651
59 20 0.078658
59 21 0.078664
59 22 0.078671
59 23 0.078677
59 24 0.078684
59 25 0.078691
59 26 0.078697
59 27 0.078704
59 28 0.078711
59 29 0.078717
59 30 0.078724
59 31 0.078730
59 32 0.078736
59 33 0.078742
59 34 0.078747
59 35 0.078753
59 36 0.078758
59 37 0.078763
59 38 0.078767
59 39 0.078772
59 40 0.078775
59 41 0.078779
59 42 0.078782
59 43 0.078785
59 44 0.078787
59 45 0.078789
59 46 0.078791
59 47 0.078792
59 48 0.078793
59 49 0.078793
59 50 0.078793
59 51 0.078792
59 52 0.078791
59 53 0.078790
59 54 0.078788
59 55 0.078785
59 56 0.078783
59 57 0.078779
59 58 0.078776
59 59 0.078772
59 60 0.078768
59 61 0.078763
59 62 0.078758
59 63 0.078753
59 64 0.078748
59 65 0.078742
59 66 0.078736
59 67 0.078730
59 68 0.078723
59 69 0.078717
59 70 0.078710
59 71 0.078703
59 72 0.078696
59 73 0.078689
59 74 0.078682
59 75 0.078675
59 76 0.078668
59 77 0.078662
59 78 0.078655
59 79 0.078648
59 80 0.078642
59 81 0.078635
59 82 0.078629
59 83 0.078623
59 84 0.078618
59 85 0.078612
59 86 0.078607
59 87 0.078602
59 88 0.078598
59 89 0.078594
59 90 0.078590
59 91 0.078586
59 92 0.078583
59 93 0.078581
59 94 0.078579
59 95 0.078577
59 96 0.078576
59 97 0.078575
59 98 0.078574
59 99 0.078574

60 0 0.078580
60 1 0.078580
60 2 0.078581
60 3 0.078582
60 4 0.078583
60 5 0.078585
60 6 0.078587
60 7 0.078590
60 8 0.078593
60 9 0.078597
60 10 0.078601
60 11 0.078605
60 12 0.078609
60 13 0.078614
60 14 0.078619
60 15 0.078625
60 16 0.078631
60 17 0.078636
60 18 0.078643
60 19 0.078649
60 20 0.078655
60 21 0.078662
60 22 0.078668
60 23 0.078675
60 24 0.078682
60 25 0.078689
60 26 0.078696
60 27 0.078702
60 28 0.078709
60 29 0.078716
60 30 0.078722
60 31 0.078728
60 32 0.078735
60 33 0.078741
60 34 0.078746
60 35 0.078752
60 36 0.078757
60 37 0.078762
60 38 0.078767
60 39 0.078771
60 40 0.078775
60 41 0.078778
60 42 0.078782
60 43 0.078784
60 44 0.078787
60 45 0.078789
60 46 0.078790
60 47 0.078791
60 48 0.078792
60 49 0.078792
60 50 0.078792
60 51 0.078791
60 52 0.078790
60 53 0.078789
60 54 0.078787
60 55 0.078784
60 56 0.078782
60 57 0.078778
60 58 0.078775
60 59 0.078771
60 60 0.078766
60 61 0.078762
60 62 0.078757
60 63 0.078751
60 64 0.078746
60 65 0.078740
60 66 0.078734
60 67 0.078727
60 68 0.078721
60 69 0.078714
60 70 0.078707
60 71 0.078700
60 72 0.078693
60 73 0.078686
60 74 0.078679
60 75 0.078672
60 76 0.078665
60 77 0.078658
60 78 0.078651
60 79 0.078644
60 80 0.078638
60 81 0.078631
60 82 0.078625
60 83 0.078619
60 84 0.078613
60 85 0.078608
60 86 0.078602
60 87 0.078597
60 88 0.078593
60 89 0.078589
60 90 0.078585
60 91 0.078581
60 92 0.078578
60 93 0.078575
60 94 0.078573
60 95 0.078571
60 96 0.078570
60 97 0.078569
60 98 0.078568
60 99 0.078568

61 0 0.078576
61 1 0.078576
61 2 0.078576
61 3 0.078578
61 4 0.078579
61 5 0.078581
61 6 0.078583
61 7 0.078586
61 8 0.078589
61 9 0.078593
61 10 0.078597
61 11 0.078601
61 12 0.078605
61 13 0.078610
61 14 0.078615
61 15 0.078621
61 16 0.078627
61 17 0.078633
61 18 0.078639
61 19 0.078645
61 20 0.078651
61 21 0.078658
61 22 0.078665
61 23 0.078671
61 24 0.078678
61 25 0.078685
61 26 0.078692
61 27 0.078699
61 28 0.078705
61 29 0.078712
61 30 0.078718
61 31 0.078725
61 32 0.078731
61 33 0.078737
61 34 0.078743
61 35 0.078748
61 36 0.078753
61 37 0.078758
61 38 0.078763
61 39 0.078767
61 40 0.078771
61 41 0.078775
61 42 0.078778
61 43 0.078781
61 44 0.078783
61 45 0.078785
61 46 0.078787
61 47 0.078788
61 48 0.078788
61 49 0.078789
61 50 0.078788
61 51 0.078788
61 52 0.078787
61 53 0.078785
61 54 0.078783
61 55 0.078781
61 56 0.078778
61 57 0.078775
61 58 0.078771
61 59 0.078767
61 60 0.078763
61 61 0.078758
61 62 0.078753
61 63 0.078747
61 64 0.078742
61 65 0.078736
61 66 0.078730
61 67 0.078723
61 68 0.078717
61 69 0.078710
61 70 0.078703
61 71 0.078696
61 72 0.078689
61 73 0.078682
61 74 0.078675
61 75 0.078668
61 76 0.078661
61 77 0.078654
61 78 0.078647
61 79 0.078640
61 80 0.078634
61 81 0.078627
61 82 0.078621
61 83 0.078615
61 84 0.078609
61 85 0.078603
61 86 0.078598
61 87 0.078593
61 88 0.078589
61 89 0.078584
61 90 0.078580
61 91 0.078577
61 92 0.078574
61 93 0.078571
61 94 0.078569
61 95 0.078567
61 96 0.078566
61 97 0.078564
61 98 0.078564
61 99 0.078564

62 0 0.078571
62 1 0.078571
62 2 0.078572
62 3 0.078573
62 4 0.078575
62 5 0.078576
62 6 0.078579
62 7 0.078582
62 8 0.078585
62 9 0.078588
62 10 0.078592
62 11 0.078596
62 12 0.078601
62 13 0.078606
62 14 0.078611
62 15 0.078617
62 16 0.078622
62 17 0.078628
62 18 0.078634
62 19 0.078641
62 20 0.078647
62 21 0.078654
62 22 0.078660
62 23 0.078667
62 24 0.078674
62 25 0.078681
62 26 0.078688
62 27 0.078695
62 28 0.078701
62 29 0.078708
62 30 0.078714
62 31 0.078721
62 32 0.078727
62 33 0.078733
62 34 0.078739
62 35 0.078744
62 36 0.078749
62 37 0.078754
62 38 0.078759
62 39 0.078763
62 40 0.078767
62 41 0.078771
62 42 0.078774
62 43 0.078777
62 44 0.078779
62 45 0.078781
62 46 0.078783
62 47 0.078784
62 48 0.078784
62 49 0.078785
62 50 0.078784
62 51 0.078784
62 52 0.078783
62 53 0.078781
62 54 0.078779
62 55 0.078777
62 56 0.078774
62 57 0.078771
62 58 0.078767
62 59 0.078763
62 60 0.078758
62 61 0.078754
62 62 0.078749
62 63 0.078743
62 64 0.078738
62 65 0.078732
62 66 0.078726
62 67 0.078719
62 68 0.078713
62 69 0.078706
62 70 0.078699
62 71 0.078692
62 72 0.078685
62 73 0.078678
62 74 0.078671
62 75 0.078664
62 76 0.078657
62 77 0.078649
62 78 0.078643
62 79 0.078636
62 80 0.078629
62 81 0.078622
62 82 0.078616
62 83 0.078610
62 84 0.078604
62 85 0.078599
62 86 0.078593
62 87 0.078588
62 88 0.078584
62 89 0.078580
62 90 0.078576
62 91 0.078572
62 92 0.078569
62 93 0.078566
62 94 0.078564
62 95 0.078562
62 96 0.078561
62 97 0.078560
62 98 0.078559
62 99 0.078559

63 0 0.078566
63 1 0.078566
63 2 0.078567
63 3 0.078568
63 4 0.078570
63 5 0.078572
63 6 0.078574
63 7 0.078577
63 8 0.078580
63 9 0.078584
63 10 0.078588
63 11 0.078592
63 12 0.078596
63 13 0.078601
63 14 0.078607
63 15 0.078612
63 16 0.078618
63 17 0.078624
63 18 0.078630
63 19 0.078636
63 20 0.078643
63 21 0.078649
63 22 0.078656
63 23 0.078663
63 24 0.078670
63 25 0.078677
63 26 0.078683
63 27 0.078689
63 28 0.078696
63 29 0.078703
63 30 0.078709
63 31 0.078715
63 32 0.078721
63 33 0.078727
63 34 0.078733
63 35 0.078739
63 36 0.078744
63 37 0.078749
63 38 0.078753
63 39 0.078757
63 40 0.078761
63 41 0.078765
63 42 0.078768
63 43 0.078771
63 44 0.078773
63 45 0.078775
63 46 0.078776
63 47 0.078778
63 48 0.078778
63 49 0.078778
63 50 0.078778
63 51 0.078777
63 52 0.078776
63 53 0.078775
63 54 0.078773
63 55 0.078770
63 56 0.078767
63 57 0.078764
63 58 0.078760
63 59 0.078756
63 60 0.078752
63 61 0.078747
63 62 0.078742
63 63 0.078737
63 64 0.078731
63 65 0.078725
63 66 0.078719
63 67 0.078713
63 68 0.078706
63 69 0.078699
63 70 0.078693
63 71 0.078686
63 72 0.078678
63 73 0.078671
63 74 0.078664
63 75 0.078657
63 76 0.078650
63 77 0.078643
63 78 0.078636
63 79 0.078629
63 80 0.078622
63 81 0.078616
63 82 0.078610
63 83 0.078604
63 84 0.078598
63 85 0.078592
63 86 0.078587
63 87 0.078582
63 88 0.078577
63 89 0.078573
63 90 0.078569
63 91 0.078566
63 92 0.078563
63 93 0.078560
63 94 0.078557
63 95 0.078556
63 96 0.078554
63 97 0.078553
63 98 0.078553
63 99 0.078553

64 0 0.078561
64 1 0.078561
64 2 0.078562
64 3 0.078563
64 4 0.078565
64 5 0.078566
64 6 0.078569
64 7 0.078572
64 8 0.078575
64 9 0.078578
64 10 0.078582
64 11 0.078587
64 12 0.078591
64 13 0.078596
64 14 0.078601
64 15 0.078607
64 16 0.078613
64 17 0.078618
64 18 0.078625
64 19 0.078631
64 20 0.078637
64 21 0.078644
64 22 0.078651
64 23 0.078657
64 24 0.078664
64 25 0.078671
64 26 0.078678
64 27 0.078684
64 28 0.078691
64 29 0.078698
64 30 0.078704
64 31 0.078711
64 32 0.078717
64 33 0.078723
64 34 0.078728
64 35 0.078734
64 36 0.078739
64 37 0.078744
64 38 0.078748
64 39 0.078753
64 40 0.078756
64 41 0.078760
64 42 0.078763
64 43 0.078766
64 44 0.078768
64 45 0.078770
64 46 0.078772
64 47 0.078773
64 48 0.078773
64 49 0.078773
64 50 0.078773
64 51 0.078772
64 52 0.078771
64 53 0.078770
64 54 0.078768
64 55 0.078765
64 56 0.078762
64 57 0.078759
64 58 0.078755
64 59 0.078751
64 60 0.078747
64 61 0.078742
64 62 0.078737
64 63 0.078732
64 64 0.078726
64 65 0.078720
64 66 0.078714
64 67 0.078707
64 68 0.078701
64 69 0.078694
64 70 0.078687
64 71 0.078680
64 72 0.078673
64 73 0.078666
64 74 0.078659
64 75 0.078652
64 76 0.078645
64 77 0.078638
64 78 0.078631
64 79 0.078624
64 80 0.078617
64 81 0.078611
64 82 0.078605
64 83 0.078598
64 84 0.078593
64 85 0.078587
64 86 0.078582
64 87 0.078577
64 88 0.078572
64 89 0.078568
64 90 0.078564
64 91 0.078560
64 92 0.078557
64 93 0.078554
64 94 0.078552
64 95 0.078550
64 96 0.078549
64 97 0.078548
64 98 0.078547
64 99 0.078548

65 0 0.078556
65 1 0.078556
65 2 0.078556
65 3 0.078558
65 4 0.078559
65 5 0.078561
65 6 0.078563
65 7 0.078566
65 8 0.078569
65 9 0.078573
65 10 0.078577
65 11 0.078581
65 12 0.078586
65 13 0.078591
65 14 0.078596
65 15 0.078602
65 16 0.078607
65 17 0.078613
65 18 0.078619
65 19 0.078626
65 20 0.078632
65 21 0.078639
65 22 0.078646
65 23 0.078652
65 24 0.078659
65 25 0.078666
65 26 0.078673
65 27 0.078680
65 28 0.078686
65 29 0.078693
65 30 0.078699
65 31 0.078706
65 32 0.078712
65 33 0.078718
65 34 0.078723
65 35 0.078729
65 36 0.078734
65 37 0.078739
65 38 0.078744
65 39 0.078747
65 40 0.078751
65 41 0.078755
65 42 0.078758
65 43 0.078760
65 44 0.078763
65 45 0.078765
65 46 0.078766
65 47 0.078767
65 48 0.078768
65 49 0.078768
65 50 0.078768
65 51 0.078767
65 52 0.078766
65 53 0.078764
65 54 0.078762
65 55 0.078759
65 56 0.078757
65 57 0.078753
65 58 0.078750
65 59 0.078746
65 60 0.078741
65 61 0.078736
65 62 0.078731
65 63 0.078726
65 64 0.078720
65 65 0.078714
65 66 0.078708
65 67 0.078702
65 68 0.078695
65 69 0.078688
65 70 0.078682
65 71 0.078675
65 72 0.078668
65 73 0.078660
65 74 0.078653
65 75 0.078646
65 76 0.078639
65 77 0.078632
65 78 0.078625
65 79 0.078618
65 80 0.078612
65 81 0.078605
65 82 0.078599
65 83 0.078593
65 84 0.078587
65 85 0.078581
65 86 0.078576
65 87 0.078571
65 88 0.078566
65 89 0.078562
65 90 0.078558
65 91 0.078555
65 92 0.078551
65 93 0.078549
65 94 0.078546
65 95 0.078544
65 96 0.078543
65 97 0.078542
65 98 0.078542
65 99 0.078542

66 0 0.078550
66 1 0.078550
66 2 0.078551
66 3 0.078552
66 4 0.078554
66 5 0.078556
66 6 0.078558
66 7 0.078561
66 8 0.078564
66 9 0.078568
66 10 0.078572
66 11 0.078576
66 12 0.078580
66 13 0.078585
66 14 0.078591
66 15 0.078596
66 16 0.078602
66 17 0.078608
66 18 0.078614
66 19 0.078620
66 20 0.078627
66 21 0.078633
66 22 0.078640
66 23 0.078647
66 24 0.078654
66 25 0.078660
66 26 0.078667
66 27 0.078674
66 28 0.078681
66 29 0.078687
66 30 0.078694
66 31 0.078700
66 32 0.078706
66 33 0.078712
66 34 0.078718
66 35 0.078723
66 36 0.078728
66 37 0.078733
66 38 0.078738
66 39 0.078742
66 40 0.078746
66 41 0.078749
66 42 0.078753
66 43 0.078755
66 44 0.078758
66 45 0.078760
66 46 0.078761
66 47 0.078762
66 48 0.078763
66 49 0.078763
66 50 0.078762
66 51 0.078762
66 52 0.078761
66 53 0.078759
66 54 0.078757
66 55 0.078754
66 56 0.078751
66 57 0.078748
66 58 0.078744
66 59 0.078740
66 60 0.078736
66 61 0.078731
66 62 0.078726
66 63 0.078721
66 64 0.078715
66 65 0.078709
66 66 0.078703
66 67 0.078696
66 68 0.078690
66 69 0.078683
66 70 0.078676
66 71 0.078669
66 72 0.078662
66 73 0.078655
66 74 0.078648
66 75 0.078641
66 76 0.078634
66 77 0.078627
66 78 0.078620
66 79 0.078613
66 80 0.078606
66 81 0.078600
66 82 0.078593
66 83 0.078587
66 84 0.078581
66 85 0.078576
66 86 0.078570
66 87 0.078565
66 88 0.078561
66 89 0.078556
66 90 0.078552
66 91 0.078549
66 92 0.078545
66 93 0.078543
66 94 0.078540
66 95 0.078539
66 96 0.078537
66 97 0.078536
66 98 0.078536
66 99 0.078536

67 0 0.078544
67 1 0.078544
67 2 0.078545
67 3 0.078546
67 4 0.078548
67 5 0.078550
67 6 0.078552
67 7 0.078555
67 8 0.078558
67 9 0.078562
67 10 0.078566
67 11 0.078570
67 12 0.078575
67 13 0.078580
67 14 0.078585
67 15 0.078590
67 16 0.078596
67 17 0.078602
67 18 0.078608
67 19 0.078615
67 20 0.078621
67 21 0.078628
67 22 0.078635
67 23 0.078641
67 24 0.078648
67 25 0.078655
67 26 0.078662
67 27 0.078669
67 28 0.078675
67 29 0.078682
67 30 0.078688
67 31 0.078695
67 32 0.078701
67 33 0.078707
67 34 0.078712
67 35 0.078718
67 36 0.078723
67 37 0.078728
67 38 0.078733
67 39 0.078737
67 40 0.078741
67 41 0.078744
67 42 0.078747
67 43 0.078750
67 44 0.078752
67 45 0.078754
67 46 0.078756
67 47 0.078757
67 48 0.078757
67 49 0.078757
67 50 0.078757
67 51 0.078756
67 52 0.078755
67 53 0.078753
67 54 0.078751
67 55 0.078749
67 56 0.078746
67 57 0.078743
67 58 0.078739
67 59 0.078735
67 60 0.078730
67 61 0.078726
67 62 0.078720
67 63 0.078715
67 64 0.078709
67 65 0.078703
67 66 0.078697
67 67 0.078691
67 68 0.078684
67 69 0.078677
67 70 0.078670
67 71 0.078663
67 72 0.078656
67 73 0.078649
67 74 0.078642
67 75 0.078635
67 76 0.078628
67 77 0.078621
67 78 0.078614
67 79 0.078607
67 80 0.078600
67 81 0.078594
67 82 0.078587
67 83 0.078581
67 84 0.078575
67 85 0.078570
67 86 0.078564
67 87 0.078559
67 88 0.078555
67 89 0.078550
67 90 0.078546
67 91 0.078543
67 92 0.078539
67 93 0.078537
67 94 0.078534
67 95 0.078532
67 96 0.078531
67 97 0.078530
67 98 0.078529
67 99 0.078530

68 0 0.078538
68 1 0.078538
68 2 0.078539
68 3 0.078540
68 4 0.078542
68 5 0.078544
68 6 0.078546
68 7 0.078549
68 8 0.078552
68 9 0.078556
68 10 0.078560
68 11 0.078564
68 12 0.078569
68 13 0.078574
68 14 0.078579
68 15 0.078585
68 16 0.078590
68 17 0.078596
68 18 0.078603
68 19 0.078609
68 20 0.078615
68 21 0.078622
68 22 0.078629
68 23 0.078636
68 24 0.078642
68 25 0.078649
68 26 0.078656
68 27 0.078663
68 28 0.078670
68 29 0.078676
68 30 0.078683
68 31 0.078689
68 32 0.078695
68 33 0.078701
68 34 0.078707
68 35 0.078712
68 36 0.078718
68 37 0.078722
68 38 0.078727
68 39 0.078731
68 40 0.078735
68 41 0.078739
68 42 0.078742
68 43 0.078744
68 44 0.078747
68 45 0.078749
68 46 0.078750
68 47 0.078751
68 48 0.078752
68 49 0.078752
68 50 0.078751
68 51 0.078751
68 52 0.078749
68 53 0.078748
68 54 0.078746
68 55 0.078743
68 56 0.078740
68 57 0.078737
68 58 0.078733
68 59 0.078729
68 60 0.078725
68 61 0.078720
68 62 0.078715
68 63 0.078709
68 64 0.078704
68 65 0.078698
68 66 0.078691
68 67 0.078685
68 68 0.078678
68 69 0.078671
68 70 0.078665
68 71 0.078658
68 72 0.078650
68 73 0.078643
68 74 0.078636
68 75 0.078629
68 76 0.078622
68 77 0.078615
68 78 0.078608
68 79 0.078601
68 80 0.078594
68 81 0.078587
68 82 0.078581
68 83 0.078575
68 84 0.078569
68 85 0.078563
68 86 0.078558
68 87 0.078553
68 88 0.078548
68 89 0.078544
68 90 0.078540
68 91 0.078536
68 92 0.078533
68 93 0.078530
68 94 0.078528
68 95 0.078526
68 96 0.078524
68 97 0.078523
68 98 0.078523
68 99 0.078523

69 0 0.078531
69 1 0.078532
69 2 0.078532
69 3 0.078534
69 4 0.078535
69 5 0.078537
69 6 0.078540
69 7 0.078543
69 8 0.078546
69 9 0.078550
69 10 0.078554
69 11 0.078558
69 12 0.078563
69 13 0.078568
69 14 0.078573
69 15 0.078579
69 16 0.078584
69 17 0.078590
69 18 0.078597
69 19 0.078603
69 20 0.078610
69 21 0.078616
69 22 0.078623
69 23 0.078630
69 24 0.078637
69 25 0.078643
69 26 0.078650
69 27 0.078657
69 28 0.078664
69 29 0.078671
69 30 0.078677
69 31 0.078683
69 32 0.078690
69 33 0.078695
69 34 0.078701
69 35 0.078707
69 36 0.078712
69 37 0.078717
69 38 0.078721
69 39 0.078726
69 40 0.078729
69 41 0.078733
69 42 0.078736
69 43 0.078739
69 44 0.078741
69 45 0.078743
69 46 0.078744
69 47 0.078745
69 48 0.078746
69 49 0.078746
69 50 0.078746
69 51 0.078745
69 52 0.078744
69 53 0.078742
69 54 0.078740
69 55 0.078737
69 56 0.078735
69 57 0.078731
69 58 0.078727
69 59 0.078723
69 60 0.078719
69 61 0.078714
69 62 0.078709
69 63 0.078703
69 64 0.078698
69 65 0.078692
69 66 0.078685
69 67 0.078679
69 68 0.078672
69 69 0.078665
69 70 0.078658
69 71 0.078651
69 72 0.078644
69 73 0.078637
69 74 0.078630
69 75 0.078623
69 76 0.078615
69 77 0.078608
69 78 0.078601
69 79 0.078594
69 80 0.078588
69 81 0.078581
69 82 0.078575
69 83 0.078568
69 84 0.078562
69 85 0.078557
69 86 0.078551
69 87 0.078546
69 88 0.078542
69 89 0.078537
69 90 0.078533
69 91 0.078529
69 92 0.078526
69 93 0.078523
69 94 0.078521
69 95 0.078519
69 96 0.078518
69 97 0.078517
69 98 0.078516
69 99 0.078516

70 0 0.078525
70 1 0.078525
70 2 0.078526
70 3 0.078527
70 4 0.078529
70 5 0.078531
70 6 0.078533
70 7 0.078536
70 8 0.078539
70 9 0.078543
70 10 0.078547
70 11 0.078552
70 12 0.078556
70 13 0.078561
70 14 0.078567
70 15 0.078572
70 16 0.078578
70 17 0.078584
70 18 0.078590
70 19 0.078597
70 20 0.078603
70 21 0.078610
70 22 0.078617
70 23 0.078624
70 24 0.078631
70 25 0.078638
70 26 0.078644
70 27 0.078651
70 28 0.078658
70 29 0.078665
70 30 0.078671
70 31 0.078678
70 32 0.078684
70 33 0.078690
70 34 0.078695
70 35 0.078701
70 36 0.078706
70 37 0.078711
70 38 0.078716
70 39 0.078720
70 40 0.078724
70 41 0.078727
70 42 0.078730
70 43 0.078733
70 44 0.078735
70 45 0.078737
70 46 0.078739
70 47 0.078740
70 48 0.078740
70 49 0.078740
70 50 0.078740
70 51 0.078739
70 52 0.078738
70 53 0.078736
70 54 0.078734
70 55 0.078732
70 56 0.078729
70 57 0.078725
70 58 0.078722
70 59 0.078717
70 60 0.078713
70 61 0.078708
70 62 0.078703
70 63 0.078697
70 64 0.078692
70 65 0.078686
70 66 0.078679
70 67 0.078673
70 68 0.078666
70 69 0.078659
70 70 0.078652
70 71 0.078645
70 72 0.078638
70 73 0.078631
70 74 0.078624
70 75 0.078616
70 76 0.078609
70 77 0.078602
70 78 0.078595
70 79 0.078588
70 80 0.078581
70 81 0.078574
70 82 0.078568
70 83 0.078562
70 84 0.078556
70 85 0.078550
70 86 0.078545
70 87 0.078540
70 88 0.078535
70 89 0.078530
70 90 0.078526
70 91 0.078523
70 92 0.078519
70 93 0.078517
70 94 0.078514
70 95 0.078512
70 96 0.078511
70 97 0.078510
70 98 0.078509
70 99 0.078509

71 0 0.078518
71 1 0.078518
71 2 0.078519
71 3 0.078520
71 4 0.078522
71 5 0.078524
71 6 0.078527
71 7 0.078529
71 8 0.078533
71 9 0.078537
71 10 0.078541
71 11 0.078545
71 12 0.078550
71 13 0.078555
71 14 0.078560
71 15 0.078566
71 16 0.078572
71 17 0.078578
71 18 0.078584
71 19 0.078591
71 20 0.078597
71 21 0.078604
71 22 0.078611
71 23 0.078618
71 24 0.078624
71 25 0.078631
71 26 0.078638
71 27 0.078645
71 28 0.078652
71 29 0.078659
71 30 0.078665
71 31 0.078672
71 32 0.078678
71 33 0.078684
71 34 0.078689
71 35 0.078695
71 36 0.078700
71 37 0.078705
71 38 0.078710
71 39 0.078714
71 40 0.078718
71 41 0.078721
71 42 0.078724
71 43 0.078727
71 44 0.078729
71 45 0.078731
71 46 0.078733
71 47 0.078734
71 48 0.078734
71 49 0.078734
71 50 0.078734
71 51 0.078733
71 52 0.078732
71 53 0.078730
71 54 0.078728
71 55 0.078726
71 56 0.078723
71 57 0.078719
71 58 0.078715
71 59 0.078711
71 60 0.078707
71 61 0.078702
71 62 0.078697
71 63 0.078691
71 64 0.078685
71 65 0.078679
71 66 0.078673
71 67 0.078666
71 68 0.078660
71 69 0.078653
71 70 0.078646
71 71 0.078639
71 72 0.078632
71 73 0.078624
71 74 0.078617
71 75 0.078610
71 76 0.078603
71 77 0.078595
71 78 0.078588
71 79 0.078581
71 80 0.078574
71 81 0.078568
71 82 0.078561
71 83 0.078555
71 84 0.078549
71 85 0.078543
71 86 0.078538
71 87 0.078533
71 88 0.078528
71 89 0.078524
71 90 0.078519
71 91 0.078516
71 92 0.078512
71 93 0.078510
71 94 0.078507
71 95 0.078505
71 96 0.078504
71 97 0.078503
71 98 0.078502
71 99 0.078502

72 0 0.078511
72 1 0.078511
72 2 0.078512
72 3 0.078514
72 4 0.078515
72 5 0.078517
72 6 0.078520
72 7 0.078523
72 8 0.078526
72 9 0.078530
72 10 0.078534
72 11 0.078538
72 12 0.078543
72 13 0.078548
72 14 0.078554
72 15 0.078559
72 16 0.078565
72 17 0.078571
72 18 0.078578
72 19 0.078584
72 20 0.078591
72 21 0.078598
72 22 0.078604
72 23 0.078611
72 24 0.078618
72 25 0.078625
72 26 0.078632
72 27 0.078639
72 28 0.078646
72 29 0.078652
72 30 0.078659
72 31 0.078665
72 32 0.078672
72 33 0.078678
72 34 0.078683
72 35 0.078689
72 36 0.078694
72 37 0.078699
72 38 0.078704
72 39 0.078708
72 40 0.078712
72 41 0.078715
72 42 0.078718
72 43 0.078721
72 44 0.078723
72 45 0.078725
72 46 0.078727
72 47 0.078728
72 48 0.078728
72 49 0.078728
72 50 0.078728
72 51 0.078727
72 52 0.078726
72 53 0.078724
72 54 0.078722
72 55 0.078719
72 56 0.078716
72 57 0.078713
72 58 0.078709
72 59 0.078705
72 60 0.078700
72 61 0.078696
72 62 0.078690
72 63 0.078685
72 64 0.078679
72 65 0.078673
72 66 0.078667
72 67 0.078660
72 68 0.078653
72 69 0.078646
72 70 0.078639
72 71 0.078632
72 72 0.078625
72 73 0.078618
72 74 0.078610
72 75 0.078603
72 76 0.078596
72 77 0.078589
72 78 0.078582
72 79 0.078575
72 80 0.078568
72 81 0.078561
72 82 0.078555
72 83 0.078548
72 84 0.078542
72 85 0.078537
72 86 0.078531
72 87 0.078526
72 88 0.078521
72 89 0.078517
72 90 0.078512
72 91 0.078509
72 92 0.078505
72 93 0.078503
72 94 0.078500
72 95 0.078498
72 96 0.078497
72 97 0.078496
72 98 0.078495
72 99 0.078495

73 0 0.078504
73 1 0.078504
73 2 0.078505
73 3 0.078507
73 4 0.078508
73 5 0.078510
73 6 0.078513
73 7 0.078516
73 8 0.078519
73 9 0.078523
73 10 0.078527
73 11 0.078532
73 12 0.078537
73 13 0.078542
73 14 0.078547
73 15 0.078553
73 16 0.078559
73 17 0.078565
73 18 0.078571
73 19 0.078578
73 20 0.078584
73 21 0.078591
73 22 0.078598
73 23 0.078605
73 24 0.078612
73 25 0.078619
73 26 0.078626
73 27 0.078633
73 28 0.078639
73 29 0.078646
73 30 0.078653
73 31 0.078659
73 32 0.078665
73 33 0.078671
73 34 0.078669
73 35 0.078674
73 36 0.078679
73 37 0.078683
73 38 0.078688
73 39 0.078691
73 40 0.078695
73 41 0.078698
73 42 0.078701
73 43 0.078703
73 44 0.078705
73 45 0.078707
73 46 0.078708
73 47 0.078709
73 48 0.078710
73 49 0.078710
73 50 0.078709
73 51 0.078708
73 52 0.078707
73 53 0.078705
73 54 0.078703
73 55 0.078701
73 56 0.078698
73 57 0.078695
73 58 0.078691
73 59 0.078688
73 60 0.078683
73 61 0.078679
73 62 0.078674
73 63 0.078669
73 64 0.078663
73 65 0.078658
73 66 0.078652
73 67 0.078646
73 68 0.078640
73 69 0.078633
73 70 0.078627
73 71 0.078620
73 72 0.078614
73 73 0.078607
73 74 0.078600
73 75 0.078593
73 76 0.078587
73 77 0.078580
73 78 0.078573
73 79 0.078567
73 80 0.078561
73 81 0.078554
73 82 0.078548
73 83 0.078543
73 84 0.078537
73 85 0.078532
73 86 0.078527
73 87 0.078522
73 88 0.078518
73 89 0.078513
73 90 0.078510
73 91 0.078506
73 92 0.078503
73 93 0.078501
73 94 0.078499
73 95 0.078497
73 96 0.078496
73 97 0.078495
73 98 0.078494
73 99 0.078494

74 0 0.078505
74 1 0.078505
74 2 0.078506
74 3 0.078507
74 4 0.078508
74 5 0.078510
74 6 0.078513
74 7 0.078516
74 8 0.078519
74 9 0.078522
74 10 0.078526
74 11 0.078530
74 12 0.078535
74 13 0.078539
74 14 0.078544
74 15 0.078550
74 16 0.078555
74 17 0.078561
74 18 0.078567
74 19 0.078573
74 20 0.078579
74 21 0.078585
74 22 0.078591
74 23 0.078598
74 24 0.078604
74 25 0.078610
74 26 0.078617
74 27 0.078623
74 28 0.078629
74 29 0.078635
74 30 0.078641
74 31 0.078647
74 32 0.078653
74 33 0.078658
74 34 0.078664
74 35 0.078669
74 36 0.078673
74 37 0.078678
74 38 0.078682
74 39 0.078686
74 40 0.078689
74 41 0.078692
74 42 0.078695
74 43 0.078698
74 44 0.078700
74 45 0.078701
74 46 0.078703
74 47 0.078703
74 48 0.078704
74 49 0.078704
74 50 0.078703
74 51 0.078703
74 52 0.078701
74 53 0.078700
74 54 0.078698
74 55 0.078695
74 56 0.078692
74 57 0.078689
74 58 0.078686
74 59 0.078682
74 60 0.078678
74 61 0.078673
74 62 0.078668
74 63 0.078663
74 64 0.078658
74 65 0.078652
74 66 0.078646
74 67 0.078640
74 68 0.078634
74 69 0.078627
74 70 0.078621
74 71 0.078614
74 72 0.078607
74 73 0.078601
74 74 0.078594
74 75 0.078587
74 76 0.078581
74 77 0.078574
74 78 0.078567
74 79 0.078561
74 80 0.078554
74 81 0.078548
74 82 0.078542
74 83 0.078536
74 84 0.078531
74 85 0.078526
74 86 0.078520
74 87 0.078516
74 88 0.078511
74 89 0.078507
74 90 0.078503
74 91 0.078500
74 92 0.078497
74 93 0.078494
74 94 0.078492
74 95 0.078490
74 96 0.078489
74 97 0.078488
74 98 0.078488
74 99 0.078488

75 0 0.078499
75 1 0.078499
75 2 0.078499
75 3 0.078500
75 4 0.078502
75 5 0.078504
75 6 0.078507
75 7 0.078509
75 8 0.078513
75 9 0.078516
75 10 0.078520
75 11 0.078524
75 12 0.078529
75 13 0.078533
75 14 0.078538
75 15 0.078544
75 16 0.078549
75 17 0.078555
75 18 0.078561
75 19 0.078567
75 20 0.078573
75 21 0.078579
75 22 0.078585
75 23 0.078592
75 24 0.078598
75 25 0.078605
75 26 0.078611
75 27 0.078617
75 28 0.078624
75 29 0.078630
75 30 0.078636
75 31 0.078642
75 32 0.078647
75 33 0.078653
75 34 0.078658
75 35 0.078663
75 36 0.078668
75 37 0.078672
75 38 0.078676
75 39 0.078680
75 40 0.078684
75 41 0.078687
75 42 0.078690
75 43 0.078692
75 44 0.078694
75 45 0.078696
75 46 0.078697
75 47 0.078698
75 48 0.078698
75 49 0.078698
75 50 0.078698
75 51 0.078697
75 52 0.078696
75 53 0.078694
75 54 0.078692
75 55 0.078689
75 56 0.078687
75 57 0.078683
75 58 0.078680
75 59 0.078676
75 60 0.078672
75 61 0.078667
75 62 0.078662
75 63 0.078657
75 64 0.078652
75 65 0.078646
75 66 0.078640
75 67 0.078634
75 68 0.078628
75 69 0.078621
75 70 0.078615
75 71 0.078608
75 72 0.078601
75 73 0.078595
75 74 0.078588
75 75 0.078581
75 76 0.078574
75 77 0.078568
75 78 0.078561
75 79 0.078555
75 80 0.078548
75 81 0.078542
75 82 0.078536
75 83 0.078530
75 84 0.078525
75 85 0.078519
75 86 0.078514
75 87 0.078509
75 88 0.078505
75 89 0.078501
75 90 0.078497
75 91 0.078494
75 92 0.078491
75 93 0.078488
75 94 0.078486
75 95 0.078484
75 96 0.078483
75 97 0.078482
75 98 0.078481
75 99 0.078481

76 0 0.078492
76 1 0.078492
76 2 0.078493
76 3 0.078494
76 4 0.078496
76 5 0.078498
76 6 0.078500
76 7 0.078503
76 8 0.078506
76 9 0.078510
76 10 0.078514
76 11 0.078518
76 12 0.078523
76 13 0.078527
76 14 0.078532
76 15 0.078538
76 16 0.078543
76 17 0.078549
76 18 0.078555
76 19 0.078561
76 20 0.078567
76 21 0.078573
76 22 0.078580
76 23 0.078586
76 24 0.078592
76 25 0.078599
76 26 0.078605
76 27 0.078612
76 28 0.078618
76 29 0.078624
76 30 0.078630
76 31 0.078636
76 32 0.078642
76 33 0.078647
76 34 0.078652
76 35 0.078657
76 36 0.078662
76 37 0.078666
76 38 0.078671
76 39 0.078674
76 40 0.078678
76 41 0.078681
76 42 0.078684
76 43 0.078686
76 44 0.078688
76 45 0.078690
76 46 0.078691
76 47 0.078692
76 48 0.078692
76 49 0.078692
76 50 0.078692
76 51 0.078691
76 52 0.078690
76 53 0.078688
76 54 0.078686
76 55 0.078684
76 56 0.078681
76 57 0.078678
76 58 0.078674
76 59 0.078670
76 60 0.078666
76 61 0.078661
76 62 0.078656
76 63 0.078651
76 64 0.078646
76 65 0.078640
76 66 0.078634
76 67 0.078628
76 68 0.078622
76 69 0.078615
76 70 0.078609
76 71 0.078602
76 72 0.078595
76 73 0.078589
76 74 0.078582
76 75 0.078575
76 76 0.078568
76 77 0.078562
76 78 0.078555
76 79 0.078549
76 80 0.078542
76 81 0.078536
76 82 0.078530
76 83 0.078524
76 84 0.078519
76 85 0.078513
76 86 0.078508
76 87 0.078503
76 88 0.078499
76 89 0.078494
76 90 0.078491
76 91 0.078487
76 92 0.078484
76 93 0.078482
76 94 0.078480
76 95 0.078478
76 96 0.078476
76 97 0.078476
76 98 0.078475
76 99 0.078475

77 0 0.078486
77 1 0.078486
77 2 0.078487
77 3 0.078488
77 4 0.078490
77 5 0.078492
77 6 0.078494
77 7 0.078497
77 8 0.078500
77 9 0.078504
77 10 0.078508
77 11 0.078512
77 12 0.078517
77 13 0.078521
77 14 0.078527
77 15 0.078532
77 16 0.078537
77 17 0.078543
77 18 0.078549
77 19 0.078555
77 20 0.078561
77 21 0.078568
77 22 0.078574
77 23 0.078580
77 24 0.078587
77 25 0.078593
77 26 0.078600
77 27 0.078606
77 28 0.078612
77 29 0.078618
77 30 0.078624
77 31 0.078630
77 32 0.078636
77 33 0.078641
77 34 0.078647
77 35 0.078652
77 36 0.078656
77 37 0.078661
77 38 0.078665
77 39 0.078669
77 40 0.078672
77 41 0.078675
77 42 0.078678
77 43 0.078681
77 44 0.078683
77 45 0.078684
77 46 0.078685
77 47 0.078686
77 48 0.078687
77 49 0.078687
77 50 0.078686
77 51 0.078685
77 52 0.078684
77 53 0.078682
77 54 0.078680
77 55 0.078678
77 56 0.078675
77 57 0.078672
77 58 0.078668
77 59 0.078664
77 60 0.078660
77 61 0.078655
77 62 0.078651
77 63 0.078645
77 64 0.078640
77 65 0.078634
77 66 0.078628
77 67 0.078622
77 68 0.078616
77 69 0.078609
77 70 0.078603
77 71 0.078596
77 72 0.078590
77 73 0.078583
77 74 0.078576
77 75 0.078569
77 76 0.078562
77 77 0.078556
77 78 0.078549
77 79 0.078543
77 80 0.078536
77 81 0.078530
77 82 0.078524
77 83 0.078518
77 84 0.078512
77 85 0.078507
77 86 0.078502
77 87 0.078497
77 88 0.078493
77 89 0.078488
77 90 0.078485
77 91 0.078481
77 92 0.078478
77 93 0.078475
77 94 0.078473
77 95 0.078471
77 96 0.078470
77 97 0.078470
77 98 0.078469
77 99 0.078469

78 0 0.078480
78 1 0.078480
78 2 0.078481
78 3 0.078482
78 4 0.078484
78 5 0.078486
78 6 0.078488
78 7 0.078491
78 8 0.078495
78 9 0.078498
78 10 0.078502
78 11 0.078506
78 12 0.078511
78 13 0.078516
78 14 0.078521
78 15 0.078526
78 16 0.078532
78 17 0.078537
78 18 0.078543
78 19 0.078549
78 20 0.078556
78 21 0.078562
78 22 0.078568
78 23 0.078575
78 24 0.078581
78 25 0.078588
78 26 0.078594
78 27 0.078600
78 28 0.078607
78 29 0.078613
78 30 0.078619
78 31 0.078625
78 32 0.078630
78 33 0.078636
78 34 0.078641
78 35 0.078646
78 36 0.078651
78 37 0.078655
78 38 0.078659
78 39 0.078663
78 40 0.078667
78 41 0.078670
78 42 0.078673
78 43 0.078675
78 44 0.078677
78 45 0.078679
78 46 0.078680
78 47 0.078681
78 48 0.078681
78 49 0.078681
78 50 0.078681
78 51 0.078680
78 52 0.078678
78 53 0.078677
78 54 0.078675
78 55 0.078672
78 56 0.078669
78 57 0.078666
78 58 0.078663
78 59 0.078659
78 60 0.078654
78 61 0.078650
78 62 0.078645
78 63 0.078640
78 64 0.078634
78 65 0.078628
78 66 0.078623
78 67 0.078616
78 68 0.078610
78 69 0.078604
78 70 0.078597
78 71 0.078590
78 72 0.078584
78 73 0.078577
78 74 0.078570
78 75 0.078563
78 76 0.078557
78 77 0.078550
78 78 0.078543
78 79 0.078537
78 80 0.078530
78 81 0.078524
78 82 0.078518
78 83 0.078512
78 84 0.078506
78 85 0.078501
78 86 0.078496
78 87 0.078491
78 88 0.078486
78 89 0.078482
78 90 0.078478
78 91 0.078475
78 92 0.078472
78 93 0.078469
78 94 0.078467
78 95 0.078465
78 96 0.078464
78 97 0.078464
78 98 0.078463
78 99 0.078463

79 0 0.078474
79 1 0.078474
79 2 0.078475
79 3 0.078476
79 4 0.078478
79 5 0.078480
79 6 0.078483
79 7 0.078485
79 8 0.078489
79 9 0.078492
79 10 0.078496
79 11 0.078501
79 12 0.078505
79 13 0.078510
79 14 0.078515
79 15 0.078520
79 16 0.078526
79 17 0.078532
79 18 0.078538
79 19 0.078544
79 20 0.078550
79 21 0.078556
79 22 0.078563
79 23 0.078569
79 24 0.078576
79 25 0.078582
79 26 0.078588
79 27 0.078595
79 28 0.078601
79 29 0.078607
79 30 0.078613
79 31 0.078619
79 32 0.078625
79 33 0.078630
79 34 0.078636
79 35 0.078641
79 36 0.078645
79 37 0.078650
79 38 0.078654
79 39 0.078658
79 40 0.078661
79 41 0.078664
79 42 0.078667
79 43 0.078670
79 44 0.078672
79 45 0.078673
79 46 0.078674
79 47 0.078675
79 48 0.078676
79 49 0.078676
79 50 0.078675
79 51 0.078674
79 52 0.078673
79 53 0.078671
79 54 0.078669
79 55 0.078667
79 56 0.078664
79 57 0.078661
79 58 0.078657
79 59 0.078653
79 60 0.078649
79 61 0.078644
79 62 0.078639
79 63 0.078634
79 64 0.078628
79 65 0.078623
79 66 0.078617
79 67 0.078611
79 68 0.078604
79 69 0.078598
79 70 0.078591
79 71 0.078585
79 72 0.078578
79 73 0.078571
79 74 0.078564
79 75 0.078558
79 76 0.078551
79 77 0.078544
79 78 0.078537
79 79 0.078531
79 80 0.078525
79 81 0.078518
79 82 0.078512
79 83 0.078506
79 84 0.078501
79 85 0.078495
79 86 0.078490
79 87 0.078485
79 88 0.078480
79 89 0.078476
79 90 0.078472
79 91 0.078469
79 92 0.078466
79 93 0.078463
79 94 0.078461
79 95 0.078459
79 96 0.078458
79 97 0.078458
79 98 0.078457
79 99 0.078457

80 0 0.078469
80 1 0.078469
80 2 0.078470
80 3 0.078471
80 4 0.078472
80 5 0.078474
80 6 0.078477
80 7 0.078480
80 8 0.078483
80 9 0.078487
80 10 0.078491
80 11 0.078495
80 12 0.078499
80 13 0.078504
80 14 0.078509
80 15 0.078515
80 16 0.078520
80 17 0.078526
80 18 0.078532
80 19 0.078538
80 20 0.078544
80 21 0.078551
80 22 0.078557
80 23 0.078564
80 24 0.078570
80 25 0.078577
80 26 0.078583
80 27 0.078589
80 28 0.078596
80 29 0.078602
80 30 0.078608
80 31 0.078614
80 32 0.078619
80 33 0.078625
80 34 0.078630
80 35 0.078635
80 36 0.078640
80 37 0.078644
80 38 0.078649
80 39 0.078652
80 40 0.078656
80 41 0.078659
80 42 0.078662
80 43 0.078664
80 44 0.078666
80 45 0.078668
80 46 0.078669
80 47 0.078670
80 48 0.078670
80 49 0.078670
80 50 0.078670
80 51 0.078669
80 52 0.078667
80 53 0.078666
80 54 0.078664
80 55 0.078661
80 56 0.078658
80 57 0.078655
80 58 0.078651
80 59 0.078647
80 60 0.078643
80 61 0.078639
80 62 0.078634
80 63 0.078628
80 64 0.078623
80 65 0.078617
80 66 0.078611
80 67 0.078605
80 68 0.078599
80 69 0.078592
80 70 0.078586
80 71 0.078579
80 72 0.078572
80 73 0.078565
80 74 0.078559
80 75 0.078552
80 76 0.078545
80 77 0.078538
80 78 0.078532
80 79 0.078525
80 80 0.078519
80 81 0.078512
80 82 0.078506
80 83 0.078500
80 84 0.078495
80 85 0.078489
80 86 0.078484
80 87 0.078479
80 88 0.078475
80 89 0.078470
80 90 0.078466
80 91 0.078463
80 92 0.078460
80 93 0.078457
80 94 0.078455
80 95 0.078453
80 96 0.078452
80 97 0.078452
80 98 0.078451
80 99 0.078451

81 0 0.078463
81 1 0.078463
81 2 0.078464
81 3 0.078465
81 4 0.078466
81 5 0.078469
81 6 0.078471
81 7 0.078474
81 8 0.078477
81 9 0.078481
81 10 0.078485
81 11 0.078489
81 12 0.078494
81 13 0.078499
81 14 0.078504
81 15 0.078509
81 16 0.078515
81 17 0.078521
81 18 0.078527
81 19 0.078533
81 20 0.078539
81 21 0.078545
81 22 0.078552
81 23 0.078558
81 24 0.078565
81 25 0.078571
81 26 0.078578
81 27 0.078584
81 28 0.078590
81 29 0.078596
81 30 0.078602
81 31 0.078608
81 32 0.078614
81 33 0.078620
81 34 0.078625
81 35 0.078630
81 36 0.078635
81 37 0.078639
81 38 0.078643
81 39 0.078647
81 40 0.078651
81 41 0.078654
81 42 0.078656
81 43 0.078659
81 44 0.078661
81 45 0.078662
81 46 0.078664
81 47 0.078664
81 48 0.078665
81 49 0.078665
81 50 0.078664
81 51 0.078663
81 52 0.078662
81 53 0.078660
81 54 0.078658
81 55 0.078656
81 56 0.078653
81 57 0.078650
81 58 0.078646
81 59 0.078642
81 60 0.078638
81 61 0.078633
81 62 0.078628
81 63 0.078623
81 64 0.078617
81 65 0.078612
81 66 0.078606
81 67 0.078600
81 68 0.078593
81 69 0.078587
81 70 0.078580
81 71 0.078574
81 72 0.078567
81 73 0.078560
81 74 0.078553
81 75 0.078546
81 76 0.078539
81 77 0.078533
81 78 0.078526
81 79 0.078520
81 80 0.078513
81 81 0.078507
81 82 0.078501
81 83 0.078495
81 84 0.078489
81 85 0.078483
81 86 0.078478
81 87 0.078473
81 88 0.078469
81 89 0.078464
81 90 0.078461
81 91 0.078457
81 92 0.078454
81 93 0.078451
81 94 0.078449
81 95 0.078448
81 96 0.078446
81 97 0.078446
81 98 0.078445
81 99 0.078445

82 0 0.078458
82 1 0.078458
82 2 0.078458
82 3 0.078459
82 4 0.078461
82 5 0.078463
82 6 0.078466
82 7 0.078468
82 8 0.078472
82 9 0.078475
82 10 0.078479
82 11 0.078484
82 12 0.078488
82 13 0.078493
82 14 0.078498
82 15 0.078504
82 16 0.078509
82 17 0.078515
82 18 0.078521
82 19 0.078527
82 20 0.078534
82 21 0.078540
82 22 0.078546
82 23 0.078553
82 24 0.078559
82 25 0.078566
82 26 0.078572
82 27 0.078579
82 28 0.078585
82 29 0.078591
82 30 0.078597
82 31 0.078603
82 32 0.078609
82 33 0.078614
82 34 0.078620
82 35 0.078625
82 36 0.078630
82 37 0.078634
82 38 0.078638
82 39 0.078642
82 40 0.078646
82 41 0.078649
82 42 0.078651
82 43 0.078654
82 44 0.078656
82 45 0.078657
82 46 0.078659
82 47 0.078659
82 48 0.078660
82 49 0.078660
82 50 0.078659
82 51 0.078658
82 52 0.078657
82 53 0.078655
82 54 0.078653
82 55 0.078651
82 56 0.078648
82 57 0.078644
82 58 0.078641
82 59 0.078637
82 60 0.078633
82 61 0.078628
82 62 0.078623
82 63 0.078618
82 64 0.078612
82 65 0.078606
82 66 0.078600
82 67 0.078594
82 68 0.078588
82 69 0.078581
82 70 0.078575
82 71 0.078568
82 72 0.078561
82 73 0.078554
82 74 0.078548
82 75 0.078541
82 76 0.078534
82 77 0.078527
82 78 0.078521
82 79 0.078514
82 80 0.078508
82 81 0.078501
82 82 0.078495
82 83 0.078489
82 84 0.078483
82 85 0.078478
82 86 0.078473
82 87 0.078468
82 88 0.078463
82 89 0.078459
82 90 0.078455
82 91 0.078451
82 92 0.078448
82 93 0.078446
82 94 0.078444
82 95 0.078442
82 96 0.078441
82 97 0.078440
82 98 0.078440
82 99 0.078440

83 0 0.078452
83 1 0.078452
83 2 0.078453
83 3 0.078454
83 4 0.078455
83 5 0.078458
83 6 0.078460
83 7 0.078463
83 8 0.078466
83 9 0.078470
83 10 0.078474
83 11 0.078478
83 12 0.078483
83 13 0.078488
83 14 0.078493
83 15 0.078499
83 16 0.078504
83 17 0.078510
83 18 0.078516
83 19 0.078522
83 20 0.078529
83 21 0.078535
83 22 0.078541
83 23 0.078548
83 24 0.078554
83 25 0.078561
83 26 0.078567
83 27 0.078574
83 28 0.078580
83 29 0.078586
83 30 0.078592
83 31 0.078598
83 32 0.078604
83 33 0.078610
83 34 0.078615
83 35 0.078620
83 36 0.078625
83 37 0.078629
83 38 0.078633
83 39 0.078637
83 40 0.078641
83 41 0.078644
83 42 0.078647
83 43 0.078649
83 44 0.078651
83 45 0.078652
83 46 0.078654
83 47 0.078654
83 48 0.078655
83 49 0.078655
83 50 0.078654
83 51 0.078653
83 52 0.078652
83 53 0.078650
83 54 0.078648
83 55 0.078646
83 56 0.078643
83 57 0.078639
83 58 0.078636
83 59 0.078632
83 60 0.078627
83 61 0.078623
83 62 0.078618
83 63 0.078613
83 64 0.078607
83 65 0.078601
83 66 0.078595
83 67 0.078589
83 68 0.078583
83 69 0.078576
83 70 0.078570
83 71 0.078563
83 72 0.078556
83 73 0.078549
83 74 0.078542
83 75 0.078535
83 76 0.078529
83 77 0.078522
83 78 0.078515
83 79 0.078509
83 80 0.078502
83 81 0.078496
83 82 0.078490
83 83 0.078484
83 84 0.078478
83 85 0.078472
83 86 0.078467
83 87 0.078462
83 88 0.078458
83 89 0.078453
83 90 0.078449
83 91 0.078446
83 92 0.078443
83 93 0.078440
83 94 0.078438
83 95 0.078436
83 96 0.078435
83 97 0.078434
83 98 0.078434
83 99 0.078434

84 0 0.078447
84 1 0.078447
84 2 0.078447
84 3 0.078448
84 4 0.078450
84 5 0.078452
84 6 0.078455
84 7 0.078458
84 8 0.078461
84 9 0.078465
84 10 0.078469
84 11 0.078473
84 12 0.078478
84 13 0.078483
84 14 0.078488
84 15 0.078494
84 16 0.078499
84 17 0.078505
84 18 0.078511
84 19 0.078517
84 20 0.078524
84 21 0.078530
84 22 0.078536
84 23 0.078543
84 24 0.078549
84 25 0.078556
84 26 0.078562
84 27 0.078569
84 28 0.078575
84 29 0.078581
84 30 0.078588
84 31 0.078593
84 32 0.078599
84 33 0.078605
84 34 0.078610
84 35 0.078615
84 36 0.078620
84 37 0.078624
84 38 0.078629
84 39 0.078632
84 40 0.078636
84 41 0.078639
84 42 0.078642
84 43 0.078644
84 44 0.078646
84 45 0.078648
84 46 0.078649
84 47 0.078650
84 48 0.078650
84 49 0.078650
84 50 0.078649
84 51 0.078649
84 52 0.078647
84 53 0.078646
84 54 0.078643
84 55 0.078641
84 56 0.078638
84 57 0.078635
84 58 0.078631
84 59 0.078627
84 60 0.078623
84 61 0.078618
84 62 0.078613
84 63 0.078608
84 64 0.078602
84 65 0.078596
84 66 0.078590
84 67 0.078584
84 68 0.078578
84 69 0.078571
84 70 0.078565
84 71 0.078558
84 72 0.078551
84 73 0.078544
84 74 0.078537
84 75 0.078530
84 76 0.078524
84 77 0.078517
84 78 0.078510
84 79 0.078503
84 80 0.078497
84 81 0.078491
84 82 0.078484
84 83 0.078479
84 84 0.078473
84 85 0.078467
84 86 0.078462
84 87 0.078457
84 88 0.078452
84 89 0.078448
84 90 0.078444
84 91 0.078441
84 92 0.078438
84 93 0.078435
84 94 0.078433
84 95 0.078431
84 96 0.078430
84 97 0.078429
84 98 0.078429
84 99 0.078429

85 0 0.078441
85 1 0.078441
85 2 0.078442
85 3 0.078443
85 4 0.078445
85 5 0.078447
85 6 0.078450
85 7 0.078453
85 8 0.078456
85 9 0.078460
85 10 0.078464
85 11 0.078468
85 12 0.078473
85 13 0.078478
85 14 0.078483
85 15 0.078489
85 16 0.078494
85 17 0.078500
85 18 0.078506
85 19 0.078513
85 20 0.078519
85 21 0.078525
85 22 0.078532
85 23 0.078538
85 24 0.078545
85 25 0.078551
85 26 0.078558
85 27 0.078564
85 28 0.078571
85 29 0.078577
85 30 0.078583
85 31 0.078589
85 32 0.078595
85 33 0.078600
85 34 0.078606
85 35 0.078611
85 36 0.078615
85 37 0.078620
85 38 0.078624
85 39 0.078628
85 40 0.078631
85 41 0.078634
85 42 0.078637
85 43 0.078640
85 44 0.078642
85 45 0.078643
85 46 0.078644
85 47 0.078645
85 48 0.078646
85 49 0.078645
85 50 0.078645
85 51 0.078644
85 52 0.078643
85 53 0.078641
85 54 0.078639
85 55 0.078636
85 56 0.078633
85 57 0.078630
85 58 0.078626
85 59 0.078622
85 60 0.078618
85 61 0.078613
85 62 0.078608
85 63 0.078603
85 64 0.078598
85 65 0.078592
85 66 0.078586
85 67 0.078580
85 68 0.078573
85 69 0.078567
85 70 0.078560
85 71 0.078553
85 72 0.078546
85 73 0.078539
85 74 0.078533
85 75 0.078526
85 76 0.078519
85 77 0.078512
85 78 0.078505
85 79 0.078499
85 80 0.078492
85 81 0.078486
85 82 0.078480
85 83 0.078474
85 84 0.078468
85 85 0.078463
85 86 0.078457
85 87 0.078452
85 88 0.078448
85 89 0.078443
85 90 0.078439
85 91 0.078436
85 92 0.078433
85 93 0.078430
85 94 0.078428
85 95 0.078426
85 96 0.078425
85 97 0.078425
85 98 0.078424
85 99 0.078424

86 0 0.078436
86 1 0.078436
86 2 0.078437
86 3 0.078439
86 4 0.078440
86 5 0.078443
86 6 0.078445
86 7 0.078448
86 8 0.078452
86 9 0.078455
86 10 0.078459
86 11 0.078464
86 12 0.078469
86 13 0.078474
86 14 0.078479
86 15 0.078484
86 16 0.078490
86 17 0.078496
86 18 0.078502
86 19 0.078508
86 20 0.078514
86 21 0.078521
86 22 0.078527
86 23 0.078534
86 24 0.078541
86 25 0.078547
86 26 0.078554
86 27 0.078560
86 28 0.078566
86 29 0.078573
86 30 0.078579
86 31 0.078585
86 32 0.078590
86 33 0.078596
86 34 0.078601
86 35 0.078606
86 36 0.078611
86 37 0.078616
86 38 0.078620
86 39 0.078623
86 40 0.078627
86 41 0.078630
86 42 0.078633
86 43 0.078635
86 44 0.078637
86 45 0.078639
86 46 0.078640
86 47 0.078641
86 48 0.078641
86 49 0.078641
86 50 0.078641
86 51 0.078640
86 52 0.078638
86 53 0.078637
86 54 0.078635
86 55 0.078632
86 56 0.078629
86 57 0.078626
86 58 0.078622
86 59 0.078618
86 60 0.078614
86 61 0.078609
86 62 0.078604
86 63 0.078599
86 64 0.078593
86 65 0.078587
86 66 0.078581
86 67 0.078575
86 68 0.078569
86 69 0.078562
86 70 0.078555
86 71 0.078549
86 72 0.078542
86 73 0.078535
86 74 0.078528
86 75 0.078521
86 76 0.078514
86 77 0.078507
86 78 0.078501
86 79 0.078494
86 80 0.078487
86 81 0.078481
86 82 0.078475
86 83 0.078469
86 84 0.078463
86 85 0.078458
86 86 0.078452
86 87 0.078447
86 88 0.078443
86 89 0.078438
86 90 0.078435
86 91 0.078431
86 92 0.078428
86 93 0.078425
86 94 0.078423
86 95 0.078421
86 96 0.078420
86 97 0.078420
86 98 0.078419
86 99 0.078419

87 0 0.078431
87 1 0.078431
87 2 0.078433
87 3 0.078434
87 4 0.078436
87 5 0.078438
87 6 0.078441
87 7 0.078444
87 8 0.078447
87 9 0.078451
87 10 0.078455
87 11 0.078459
87 12 0.078464
87 13 0.078469
87 14 0.078474
87 15 0.078480
87 16 0.078486
87 17 0.078491
87 18 0.078498
87 19 0.078504
87 20 0.078510
87 21 0.078517
87 22 0.078523
87 23 0.078530
87 24 0.078536
87 25 0.078543
87 26 0.078549
87 27 0.078556
87 28 0.078562
87 29 0.078569
87 30 0.078575
87 31 0.078581
87 32 0.078586
87 33 0.078592
87 34 0.078597
87 35 0.078602
87 36 0.078607
87 37 0.078612
87 38 0.078616
87 39 0.078620
87 40 0.078623
87 41 0.078626
87 42 0.078629
87 43 0.078631
87 44 0.078633
87 45 0.078635
87 46 0.078636
87 47 0.078637
87 48 0.078637
87 49 0.078637
87 50 0.078637
87 51 0.078636
87 52 0.078634
87 53 0.078633
87 54 0.078631
87 55 0.078628
87 56 0.078625
87 57 0.078622
87 58 0.078618
87 59 0.078614
87 60 0.078610
87 61 0.078605
87 62 0.078600
87 63 0.078595
87 64 0.078589
87 65 0.078583
87 66 0.078577
87 67 0.078571
87 68 0.078564
87 69 0.078558
87 70 0.078551
87 71 0.078544
87 72 0.078538
87 73 0.078531
87 74 0.078524
87 75 0.078517
87 76 0.078510
87 77 0.078503
87 78 0.078496
87 79 0.078490
87 80 0.078483
87 81 0.078477
87 82 0.078470
87 83 0.078464
87 84 0.078459
87 85 0.078453
87 86 0.078448
87 87 0.078443
87 88 0.078438
87 89 0.078434
87 90 0.078430
87 91 0.078426
87 92 0.078423
87 93 0.078421
87 94 0.078418
87 95 0.078416
87 96 0.078415
87 97 0.078415
87 98 0.078414
87 99 0.078414

88 0 0.078427
88 1 0.078427
88 2 0.078428
88 3 0.078429
88 4 0.078431
88 5 0.078433
88 6 0.078436
88 7 0.078439
88 8 0.078443
88 9 0.078446
88 10 0.078450
88 11 0.078455
88 12 0.078460
88 13 0.078465
88 14 0.078470
88 15 0.078476
88 16 0.078481
88 17 0.078487
88 18 0.078493
88 19 0.078500
88 20 0.078506
88 21 0.078513
88 22 0.078519
88 23 0.078526
88 24 0.078532
88 25 0.078539
88 26 0.078545
88 27 0.078552
88 28 0.078558
88 29 0.078565
88 30 0.078571
88 31 0.078577
88 32 0.078583
88 33 0.078588
88 34 0.078593
88 35 0.078599
88 36 0.078603
88 37 0.078608
88 38 0.078612
88 39 0.078616
88 40 0.078619
88 41 0.078623
88 42 0.078625
88 43 0.078628
88 44 0.078630
88 45 0.078631
88 46 0.078633
88 47 0.078633
88 48 0.078634
88 49 0.078634
88 50 0.078633
88 51 0.078632
88 52 0.078631
88 53 0.078629
88 54 0.078627
88 55 0.078624
88 56 0.078621
88 57 0.078618
88 58 0.078614
88 59 0.078610
88 60 0.078606
88 61 0.078601
88 62 0.078596
88 63 0.078591
88 64 0.078585
88 65 0.078579
88 66 0.078573
88 67 0.078567
88 68 0.078561
88 69 0.078554
88 70 0.078547
88 71 0.078540
88 72 0.078534
88 73 0.078527
88 74 0.078520
88 75 0.078513
88 76 0.078506
88 77 0.078499
88 78 0.078492
88 79 0.078485
88 80 0.078479
88 81 0.078472
88 82 0.078466
88 83 0.078460
88 84 0.078454
88 85 0.078449
88 86 0.078443
88 87 0.078438
88 88 0.078434
88 89 0.078429
88 90 0.078425
88 91 0.078422
88 92 0.078419
88 93 0.078416
88 94 0.078414
88 95 0.078412
88 96 0.078411
88 97 0.078410
88 98 0.078409
88 99 0.078409

89 0 0.078422
89 1 0.078422
89 2 0.078423
89 3 0.078425
89 4 0.078427
89 5 0.078429
89 6 0.078432
89 7 0.078435
89 8 0.078438
89 9 0.078442
89 10 0.078446
89 11 0.078451
89 12 0.078456
89 13 0.078461
89 14 0.078466
89 15 0.078472
89 16 0.078477
89 17 0.078483
89 18 0.078489
89 19 0.078496
89 20 0.078502
89 21 0.078509
89 22 0.078515
89 23 0.078522
89 24 0.078529
89 25 0.078535
89 26 0.078542
89 27 0.078548
89 28 0.078555
89 29 0.078561
89 30 0.078567
89 31 0.078573
89 32 0.078579
89 33 0.078585
89 34 0.078590
89 35 0.078595
89 36 0.078600
89 37 0.078604
89 38 0.078609
89 39 0.078613
89 40 0.078616
89 41 0.078619
89 42 0.078622
89 43 0.078624
89 44 0.078626
89 45 0.078628
89 46 0.078629
89 47 0.078630
89 48 0.078630
89 49 0.078630
89 50 0.078630
89 51 0.078629
89 52 0.078627
89 53 0.078626
89 54 0.078623
89 55 0.078621
89 56 0.078618
89 57 0.078614
89 58 0.078611
89 59 0.078607
89 60 0.078602
89 61 0.078598
89 62 0.078592
89 63 0.078587
89 64 0.078582
89 65 0.078576
89 66 0.078570
89 67 0.078563
89 68 0.078557
89 69 0.078550
89 70 0.078544
89 71 0.078537
89 72 0.078530
89 73 0.078523
89 74 0.078516
89 75 0.078509
89 76 0.078502
89 77 0.078495
89 78 0.078488
89 79 0.078482
89 80 0.078475
89 81 0.078469
89 82 0.078462
89 83 0.078456
89 84 0.078450
89 85 0.078445
89 86 0.078439
89 87 0.078434
89 88 0.078430
89 89 0.078425
89 90 0.078422
89 91 0.078418
89 92 0.078415
89 93 0.078412
89 94 0.078410
89 95 0.078408
89 96 0.078407
89 97 0.078406
89 98 0.078405
89 99 0.078405

90 0 0.078418
90 1 0.078418
90 2 0.078420
90 3 0.078421
90 4 0.078423
90 5 0.078425
90 6 0.078428
90 7 0.078431
90 8 0.078435
90 9 0.078439
90 10 0.078443
90 11 0.078447
90 12 0.078452
90 13 0.078457
90 14 0.078463
90 15 0.078468
90 16 0.078474
90 17 0.078480
90 18 0.078486
90 19 0.078492
90 20 0.078499
90 21 0.078505
90 22 0.078512
90 23 0.078519
90 24 0.078525
90 25 0.078532
90 26 0.078539
90 27 0.078545
90 28 0.078552
90 29 0.078558
90 30 0.078564
90 31 0.078570
90 32 0.078576
90 33 0.078582
90 34 0.078587
90 35 0.078592
90 36 0.078597
90 37 0.078601
90 38 0.078606
90 39 0.078609
90 40 0.078613
90 41 0.078616
90 42 0.078619
90 43 0.078621
90 44 0.078623
90 45 0.078625
90 46 0.078626
90 47 0.078627
90 48 0.078627
90 49 0.078627
90 50 0.078626
90 51 0.078625
90 52 0.078624
90 53 0.078622
90 54 0.078620
90 55 0.078618
90 56 0.078615
90 57 0.078611
90 58 0.078607
90 59 0.078603
90 60 0.078599
90 61 0.078594
90 62 0.078589
90 63 0.078584
90 64 0.078578
90 65 0.078572
90 66 0.078566
90 67 0.078560
90 68 0.078554
90 69 0.078547
90 70 0.078540
90 71 0.078533
90 72 0.078527
90 73 0.078520
90 74 0.078513
90 75 0.078506
90 76 0.078499
90 77 0.078492
90 78 0.078485
90 79 0.078478
90 80 0.078472
90 81 0.078465
90 82 0.078459
90 83 0.078453
90 84 0.078447
90 85 0.078442
90 86 0.078436
90 87 0.078431
90 88 0.078427
90 89 0.078422
90 90 0.078418
90 91 0.078415
90 92 0.078412
90 93 0.078409
90 94 0.078407
90 95 0.078405
90 96 0.078403
90 97 0.078403
90 98 0.078402
90 99 0.078402

91 0 0.078415
91 1 0.078415
91 2 0.078417
91 3 0.078418
91 4 0.078420
91 5 0.078423
91 6 0.078425
91 7 0.078429
91 8 0.078432
91 9 0.078436
91 10 0.078440
91 11 0.078445
91 12 0.078449
91 13 0.078455
91 14 0.078460
91 15 0.078465
91 16 0.078471
91 17 0.078477
91 18 0.078483
91 19 0.078490
91 20 0.078496
91 21 0.078503
91 22 0.078509
91 23 0.078516
91 24 0.078523
91 25 0.078529
91 26 0.078536
91 27 0.078542
91 28 0.078549
91 29 0.078555
91 30 0.078561
91 31 0.078567
91 32 0.078573
91 33 0.078579
91 34 0.078584
91 35 0.078589
91 36 0.078594
91 37 0.078599
91 38 0.078603
91 39 0.078607
91 40 0.078610
91 41 0.078613
91 42 0.078616
91 43 0.078619
91 44 0.078620
91 45 0.078622
91 46 0.078623
91 47 0.078624
91 48 0.078624
91 49 0.078624
91 50 0.078624
91 51 0.078623
91 52 0.078621
91 53 0.078619
91 54 0.078617
91 55 0.078615
91 56 0.078612
91 57 0.078608
91 58 0.078605
91 59 0.078600
91 60 0.078596
91 61 0.078591
91 62 0.078586
91 63 0.078581
91 64 0.078575
91 65 0.078569
91 66 0.078563
91 67 0.078557
91 68 0.078551
91 69 0.078544
91 70 0.078537
91 71 0.078530
91 72 0.078524
91 73 0.078517
91 74 0.078510
91 75 0.078503
91 76 0.078496
91 77 0.078489
91 78 0.078482
91 79 0.078475
91 80 0.078469
91 81 0.078462
91 82 0.078456
91 83 0.078450
91 84 0.078444
91 85 0.078439
91 86 0.078433
91 87 0.078428
91 88 0.078424
91 89 0.078419
91 90 0.078415
91 91 0.078412
91 92 0.078409
91 93 0.078406
91 94 0.078404
91 95 0.078402
91 96 0.078400
91 97 0.078400
91 98 0.078399
91 99 0.078399

92 0 0.078412
92 1 0.078412
92 2 0.078414
92 3 0.078415
92 4 0.078417
92 5 0.078420
92 6 0.078423
92 7 0.078426
92 8 0.078430
92 9 0.078433
92 10 0.078438
92 11 0.078442
92 12 0.078447
92 13 0.078452
92 14 0.078457
92 15 0.078463
92 16 0.078469
92 17 0.078475
92 18 0.078481
92 19 0.078487
92 20 0.078494
92 21 0.078500
92 22 0.078507
92 23 0.078513
92 24 0.078520
92 25 0.078527
92 26 0.078533
92 27 0.078540
92 28 0.078546
92 29 0.078553
92 30 0.078559
92 31 0.078565
92 32 0.078571
92 33 0.078576
92 34 0.078582
92 35 0.078587
92 36 0.078592
92 37 0.078596
92 38 0.078600
92 39 0.078604
92 40 0.078608
92 41 0.078611
92 42 0.078614
92 43 0.078616
92 44 0.078618
92 45 0.078620
92 46 0.078621
92 47 0.078622
92 48 0.078622
92 49 0.078622
92 50 0.078621
92 51 0.078620
92 52 0.078619
92 53 0.078617
92 54 0.078615
92 55 0.078612
92 56 0.078609
92 57 0.078606
92 58 0.078602
92 59 0.078598
92 60 0.078594
92 61 0.078589
92 62 0.078584
92 63 0.078578
92 64 0.078573
92 65 0.078567
92 66 0.078561
92 67 0.078555
92 68 0.078548
92 69 0.078541
92 70 0.078535
92 71 0.078528
92 72 0.078521
92 73 0.078514
92 74 0.078507
92 75 0.078500
92 76 0.078493
92 77 0.078486
92 78 0.078480
92 79 0.078473
92 80 0.078466
92 81 0.078460
92 82 0.078454
92 83 0.078448
92 84 0.078442
92 85 0.078436
92 86 0.078431
92 87 0.078426
92 88 0.078421
92 89 0.078417
92 90 0.078413
92 91 0.078409
92 92 0.078406
92 93 0.078403
92 94 0.078401
92 95 0.078399
92 96 0.078397
92 97 0.078397
92 98 0.078396
92 99 0.078396

93 0 0.078410
93 1 0.078410
93 2 0.078411
93 3 0.078413
93 4 0.078415
93 5 0.078417
93 6 0.078420
93 7 0.078423
93 8 0.078427
93 9 0.078431
93 10 0.078435
93 11 0.078439
93 12 0.078444
93 13 0.078449
93 14 0.078454
93 15 0.078460
93 16 0.078466
93 17 0.078472
93 18 0.078478
93 19 0.078485
93 20 0.078491
93 21 0.078498
93 22 0.078504
93 23 0.078511
93 24 0.078518
93 25 0.078525
93 26 0.078531
93 27 0.078538
93 28 0.078544
93 29 0.078551
93 30 0.078557
93 31 0.078563
93 32 0.078569
93 33 0.078574
93 34 0.078580
93 35 0.078585
93 36 0.078590
93 37 0.078594
93 38 0.078598
93 39 0.078602
93 40 0.078606
93 41 0.078609
93 42 0.078612
93 43 0.078614
93 44 0.078616
93 45 0.078618
93 46 0.078619
93 47 0.078620
93 48 0.078620
93 49 0.078620
93 50 0.078619
93 51 0.078618
93 52 0.078617
93 53 0.078615
93 54 0.078613
93 55 0.078610
93 56 0.078607
93 57 0.078604
93 58 0.078600
93 59 0.078596
93 60 0.078591
93 61 0.078587
93 62 0.078582
93 63 0.078576
93 64 0.078571
93 65 0.078565
93 66 0.078559
93 67 0.078552
93 68 0.078546
93 69 0.078539
93 70 0.078533
93 71 0.078526
93 72 0.078519
93 73 0.078512
93 74 0.078505
93 75 0.078498
93 76 0.078491
93 77 0.078484
93 78 0.078477
93 79 0.078471
93 80 0.078464
93 81 0.078458
93 82 0.078451
93 83 0.078445
93 84 0.078440
93 85 0.078434
93 86 0.078429
93 87 0.078423
93 88 0.078419
93 89 0.078414
93 90 0.078410
93 91 0.078407
93 92 0.078404
93 93 0.078401
93 94 0.078398
93 95 0.078396
93 96 0.078395
93 97 0.078394
93 98 0.078394
93 99 0.078394

94 0 0.078407
94 1 0.078407
94 2 0.078409
94 3 0.078410
94 4 0.078412
94 5 0.078415
94 6 0.078418
94 7 0.078421
94 8 0.078425
94 9 0.078429
94 10 0.078433
94 11 0.078437
94 12 0.078442
94 13 0.078447
94 14 0.078452
94 15 0.078458
94 16 0.078464
94 17 0.078470
94 18 0.078476
94 19 0.078482
94 20 0.078489
94 21 0.078496
94 22 0.078502
94 23 0.078509
94 24 0.078516
94 25 0.078523
94 26 0.078529
94 27 0.078536
94 28 0.078542
94 29 0.078549
94 30 0.078555
94 31 0.078561
94 32 0.078567
94 33 0.078572
94 34 0.078578
94 35 0.078583
94 36 0.078588
94 37 0.078592
94 38 0.078597
94 39 0.078601
94 40 0.078604
94 41 0.078607
94 42 0.078610
94 43 0.078612
94 44 0.078614
94 45 0.078616
94 46 0.078617
94 47 0.078618
94 48 0.078618
94 49 0.078618
94 50 0.078618
94 51 0.078617
94 52 0.078615
94 53 0.078613
94 54 0.078611
94 55 0.078609
94 56 0.078606
94 57 0.078602
94 58 0.078598
94 59 0.078594
94 60 0.078590
94 61 0.078585
94 62 0.078580
94 63 0.078575
94 64 0.078569
94 65 0.078563
94 66 0.078557
94 67 0.078551
94 68 0.078544
94 69 0.078538
94 70 0.078531
94 71 0.078524
94 72 0.078517
94 73 0.078510
94 74 0.078503
94 75 0.078496
94 76 0.078489
94 77 0.078482
94 78 0.078476
94 79 0.078469
94 80 0.078462
94 81 0.078456
94 82 0.078450
94 83 0.078443
94 84 0.078438
94 85 0.078432
94 86 0.078427
94 87 0.078421
94 88 0.078417
94 89 0.078412
94 90 0.078408
94 91 0.078405
94 92 0.078402
94 93 0.078399
94 94 0.078396
94 95 0.078394
94 96 0.078393
94 97 0.078392
94 98 0.078392
94 99 0.078392

95 0 0.078406
95 1 0.078406
95 2 0.078407
95 3 0.078408
95 4 0.078410
95 5 0.078412
95 6 0.078415
95 7 0.078418
95 8 0.078422
95 9 0.078426
95 10 0.078430
95 11 0.078435
95 12 0.078440
95 13 0.078445
95 14 0.078450
95 15 0.078456
95 16 0.078462
95 17 0.078468
95 18 0.078474
95 19 0.078481
95 20 0.078487
95 21 0.078494
95 22 0.078501
95 23 0.078507
95 24 0.078514
95 25 0.078521
95 26 0.078527
95 27 0.078534
95 28 0.078541
95 29 0.078547
95 30 0.078553
95 31 0.078559
95 32 0.078565
95 33 0.078571
95 34 0.078576
95 35 0.078582
95 36 0.078586
95 37 0.078591
95 38 0.078595
95 39 0.078599
95 40 0.078603
95 41 0.078606
95 42 0.078609
95 43 0.078611
95 44 0.078613
95 45 0.078615
95 46 0.078616
95 47 0.078617
95 48 0.078617
95 49 0.078617
95 50 0.078616
95 51 0.078615
95 52 0.078614
95 53 0.078612
95 54 0.078610
95 55 0.078607
95 56 0.078604
95 57 0.078601
95 58 0.078597
95 59 0.078593
95 60 0.078588
95 61 0.078584
95 62 0.078579
95 63 0.078573
95 64 0.078567
95 65 0.078562
95 66 0.078555
95 67 0.078549
95 68 0.078543
95 69 0.078536
95 70 0.078529
95 71 0.078522
95 72 0.078516
95 73 0.078509
95 74 0.078502
95 75 0.078495
95 76 0.078488
95 77 0.078481
95 78 0.078474
95 79 0.078467
95 80 0.078461
95 81 0.078454
95 82 0.078448
95 83 0.078442
95 84 0.078436
95 85 0.078430
95 86 0.078425
95 87 0.078420
95 88 0.078415
95 89 0.078411
95 90 0.078407
95 91 0.078403
95 92 0.078400
95 93 0.078397
95 94 0.078395
95 95 0.078393
95 96 0.078391
95 97 0.078391
95 98 0.078391
95 99 0.078391

96 0 0.078404
96 1 0.078404
96 2 0.078405
96 3 0.078406
96 4 0.078408
96 5 0.078411
96 6 0.078413
96 7 0.078417
96 8 0.078420
96 9 0.078424
96 10 0.078429
96 11 0.078433
96 12 0.078438
96 13 0.078443
96 14 0.078448
96 15 0.078454
96 16 0.078460
96 17 0.078466
96 18 0.078473
96 19 0.078479
96 20 0.078486
96 21 0.078492
96 22 0.078499
96 23 0.078506
96 24 0.078513
96 25 0.078519
96 26 0.078526
96 27 0.078533
96 28 0.078539
96 29 0.078546
96 30 0.078552
96 31 0.078558
96 32 0.078564
96 33 0.078570
96 34 0.078575
96 35 0.078580
96 36 0.078585
96 37 0.078590
96 38 0.078594
96 39 0.078598
96 40 0.078602
96 41 0.078605
96 42 0.078608
96 43 0.078610
96 44 0.078612
96 45 0.078614
96 46 0.078615
96 47 0.078616
96 48 0.078616
96 49 0.078616
96 50 0.078615
96 51 0.078614
96 52 0.078613
96 53 0.078611
96 54 0.078609
96 55 0.078606
96 56 0.078603
96 57 0.078600
96 58 0.078596
96 59 0.078592
96 60 0.078587
96 61 0.078583
96 62 0.078577
96 63 0.078572
96 64 0.078566
96 65 0.078560
96 66 0.078554
96 67 0.078548
96 68 0.078542
96 69 0.078535
96 70 0.078528
96 71 0.078521
96 72 0.078514
96 73 0.078507
96 74 0.078500
96 75 0.078493
96 76 0.078487
96 77 0.078480
96 78 0.078473
96 79 0.078466
96 80 0.078459
96 81 0.078453
96 82 0.078447
96 83 0.078440
96 84 0.078434
96 85 0.078429
96 86 0.078423
96 87 0.078418
96 88 0.078414
96 89 0.078409
96 90 0.078405
96 91 0.078402
96 92 0.078398
96 93 0.078395
96 94 0.078393
96 95 0.078391
96 96 0.078390
96 97 0.078389
96 98 0.078390
96 99 0.078390

97 0 0.078403
97 1 0.078403
97 2 0.078404
97 3 0.078405
97 4 0.078407
97 5 0.078410
97 6 0.078413
97 7 0.078416
97 8 0.078419
97 9 0.078423
97 10 0.078428
97 11 0.078432
97 12 0.078437
97 13 0.078442
97 14 0.078448
97 15 0.078454
97 16 0.078460
97 17 0.078466
97 18 0.078472
97 19 0.078478
97 20 0.078485
97 21 0.078492
97 22 0.078498
97 23 0.078505
97 24 0.078512
97 25 0.078519
97 26 0.078525
97 27 0.078532
97 28 0.078539
97 29 0.078545
97 30 0.078551
97 31 0.078558
97 32 0.078563
97 33 0.078569
97 34 0.078575
97 35 0.078580
97 36 0.078585
97 37 0.078589
97 38 0.078594
97 39 0.078598
97 40 0.078601
97 41 0.078604
97 42 0.078607
97 43 0.078610
97 44 0.078612
97 45 0.078613
97 46 0.078614
97 47 0.078615
97 48 0.078615
97 49 0.078615
97 50 0.078615
97 51 0.078614
97 52 0.078612
97 53 0.078611
97 54 0.078608
97 55 0.078606
97 56 0.078603
97 57 0.078599
97 58 0.078595
97 59 0.078591
97 60 0.078587
97 61 0.078582
97 62 0.078577
97 63 0.078571
97 64 0.078566
97 65 0.078560
97 66 0.078554
97 67 0.078547
97 68 0.078541
97 69 0.078534
97 70 0.078528
97 71 0.078521
97 72 0.078514
97 73 0.078507
97 74 0.078500
97 75 0.078493
97 76 0.078486
97 77 0.078479
97 78 0.078472
97 79 0.078465
97 80 0.078459
97 81 0.078452
97 82 0.078446
97 83 0.078440
97 84 0.078434
97 85 0.078428
97 86 0.078423
97 87 0.078418
97 88 0.078413
97 89 0.078409
97 90 0.078405
97 91 0.078401
97 92 0.078398
97 93 0.078395
97 94 0.078393
97 95 0.078391
97 96 0.078389
97 97 0.078389
97 98 0.078389
97 99 0.078389

98 0 0.078403
98 1 0.078403
98 2 0.078404
98 3 0.078405
98 4 0.078407
98 5 0.078409
98 6 0.078412
98 7 0.078415
98 8 0.078419
98 9 0.078423
98 10 0.078427
98 11 0.078432
98 12 0.078437
98 13 0.078442
98 14 0.078447
98 15 0.078453
98 16 0.078459
98 17 0.078465
98 18 0.078472
98 19 0.078478
98 20 0.078485
98 21 0.078491
98 22 0.078498
98 23 0.078505
98 24 0.078512
98 25 0.078519
98 26 0.078525
98 27 0.078532
98 28 0.078538
98 29 0.078545
98 30 0.078551
98 31 0.078557
98 32 0.078563
98 33 0.078569
98 34 0.078574
98 35 0.078580
98 36 0.078585
98 37 0.078589
98 38 0.078593
98 39 0.078597
98 40 0.078601
98 41 0.078604
98 42 0.078607
98 43 0.078609
98 44 0.078611
98 45 0.078613
98 46 0.078614
98 47 0.078615
98 48 0.078615
98 49 0.078615
98 50 0.078614
98 51 0.078613
98 52 0.078612
98 53 0.078610
98 54 0.078608
98 55 0.078605
98 56 0.078602
98 57 0.078599
98 58 0.078595
98 59 0.078591
98 60 0.078586
98 61 0.078581
98 62 0.078576
98 63 0.078571
98 64 0.078565
98 65 0.078559
98 66 0.078553
98 67 0.078547
98 68 0.078541
98 69 0.078534
98 70 0.078527
98 71 0.078520
98 72 0.078514
98 73 0.078507
98 74 0.078500
98 75 0.078493
98 76 0.078486
98 77 0.078479
98 78 0.078472
98 79 0.078465
98 80 0.078459
98 81 0.078452
98 82 0.078446
98 83 0.078440
98 84 0.078434
98 85 0.078428
98 86 0.078423
98 87 0.078418
98 88 0.078413
98 89 0.078409
98 90 0.078405
98 91 0.078401
98 92 0.078398
98 93 0.078395
98 94 0.078393
98 95 0.078391
98 96 0.078389
98 97 0.078389
98 98 0.078389
98 99 0.078389

99 0 0.078403
99 1 0.078403
99 2 0.078404
99 3 0.078405
99 4 0.078407
99 5 0.078409
99 6 0.078412
99 7 0.078415
99 8 0.078419
99 9 0.078423
99 10 0.078427
99 11 0.078432
99 12 0.078437
99 13 0.078442
99 14 0.078447
99 15 0.078453
99 16 0.078459
99 17 0.078465
99 18 0.078472
99 19 0.078478
99 20 0.078485
99 21 0.078491
99 22 0.078498
99 23 0.078505
99 24 0.078512
99 25 0.078519
99 26 0.078525
99 27 0.078532
99 28 0.078538
99 29 0.078545
99 30 0.078551
99 31 0.078557
99 32 0.078563
99 33 0.078569
99 34 0.078574
99 35 0.078580
99 36 0.078585
99 37 0.078589
99 38 0.078593
99 39 0.078597
99 40 0.078601
99 41 0.078604
99 42 0.078607
99 43 0.078609
99 44 0.078611
99 45 0.078613
99 46 0.078614
99 47 0.078615
99 48 0.078615
99 49 0.078615
99 50 0.078614
99 51 0.078613
99 52 0.078612
99 53 0.078610
99 54 0.078608
99 55 0.078605
99 56 0.078602
99 57 0.078599
99 58 0.078595
99 59 0.078591
99 60 0.078586
99 61 0.078581
99 62 0.078576
99 63 0.078571
99 64 0.078565
99 65 0.078559
99 66 0.078553
99 67 0.078547
99 68 0.078541
99 69 0.078534
99 70 0.078527
99 71 0.078520
99 72 0.078514
99 73 0.078507
99 74 0.078500
99 75 0.078493
99 76 0.078486
99 77 0.078479
99 78 0.078472
99 79 0.078465
99 80 0.078459
99 81 0.078452
99 82 0.078446
99 83 0.078440
99 84 0.078434
99 85 0.078428
99 86 0.078423
99 87 0.078418
99 88 0.078413
99 89 0.078409
99 90 0.078405
99 91 0.078401
99 92 0.078398
99 93 0.078395
99 94 0.078393
99 95 0.078391
99 96 0.078389
99 97 0.078389
99 98 0.078389
99 99 0.078389

